category,year,quarter,submissions,matched_openalex,cited_by_sum
acc-phys,1994,4,4,4,9
acc-phys,1995,1,6,6,47
acc-phys,1995,2,6,6,4
acc-phys,1995,3,2,2,0
acc-phys,1995,4,7,6,47
acc-phys,1996,1,7,7,69
acc-phys,1996,2,8,8,78
acc-phys,1996,3,9,9,75
adap-org,1993,1,6,6,410
adap-org,1993,2,13,12,431
adap-org,1993,3,9,9,1189
adap-org,1993,4,11,11,259
adap-org,1994,1,12,12,392
adap-org,1994,2,11,10,188
adap-org,1994,3,11,11,393
adap-org,1994,4,17,17,1117
adap-org,1995,1,18,17,828
adap-org,1995,2,20,20,1078
adap-org,1995,3,21,21,981
adap-org,1995,4,18,18,1690
adap-org,1996,1,20,20,1455
adap-org,1996,2,19,19,723
adap-org,1996,3,17,17,756
adap-org,1996,4,23,23,1229
adap-org,1997,1,22,22,836
adap-org,1997,2,30,29,1110
adap-org,1997,3,30,30,1968
adap-org,1997,4,25,25,2004
adap-org,1998,1,21,21,660
adap-org,1998,2,21,21,268
adap-org,1998,3,25,25,910
adap-org,1998,4,31,30,1049
adap-org,1999,1,40,40,3374
adap-org,1999,2,33,33,2454
adap-org,1999,3,34,34,8320
adap-org,1999,4,26,26,37423
alg-geom,1992,1,33,33,204
alg-geom,1992,2,17,17,67
alg-geom,1992,3,12,12,110
alg-geom,1992,4,15,15,307
alg-geom,1993,1,24,23,743
alg-geom,1993,2,38,37,525
alg-geom,1993,3,31,31,1913
alg-geom,1993,4,42,42,1918
alg-geom,1994,1,54,54,1659
alg-geom,1994,2,47,47,790
alg-geom,1994,3,37,37,211
alg-geom,1994,4,84,82,1100
alg-geom,1995,1,76,76,1065
alg-geom,1995,2,89,89,1215
alg-geom,1995,3,46,45,561
alg-geom,1995,4,71,70,2503
alg-geom,1996,1,86,85,2510
alg-geom,1996,2,62,61,1721
alg-geom,1996,3,94,93,2053
alg-geom,1996,4,92,89,1027
alg-geom,1997,1,90,88,1704
alg-geom,1997,2,72,72,683
alg-geom,1997,3,92,91,3307
alg-geom,1997,4,118,117,2080
alg-geom,1998,1,1,1,18
ao-sci,1995,1,4,4,388
ao-sci,1995,2,2,2,29
ao-sci,1995,3,2,2,0
ao-sci,1995,4,2,2,10
ao-sci,1996,2,5,5,28
ao-sci,1996,3,2,2,31
astro-ph,1992,2,24,24,2600
astro-ph,1992,3,44,43,4096
astro-ph,1992,4,53,53,3361
astro-ph,1993,1,82,81,7909
astro-ph,1993,2,137,137,8551
astro-ph,1993,3,179,178,10298
astro-ph,1993,4,219,216,12942
astro-ph,1994,1,226,225,22436
astro-ph,1994,2,282,281,16860
astro-ph,1994,3,349,349,19577
astro-ph,1994,4,365,364,18922
astro-ph,1995,1,404,402,18417
astro-ph,1995,2,465,463,37667
astro-ph,1995,3,481,475,38465
astro-ph,1995,4,561,555,37579
astro-ph,1996,1,581,576,40685
astro-ph,1996,2,653,650,42584
astro-ph,1996,3,645,638,45575
astro-ph,1996,4,807,799,52744
astro-ph,1997,1,750,747,38850
astro-ph,1997,2,935,927,57257
astro-ph,1997,3,1042,1038,69926
astro-ph,1997,4,1188,1178,87714
astro-ph,1998,1,1176,1170,63869
astro-ph,1998,2,1260,1253,100282
astro-ph,1998,3,1267,1265,94815
astro-ph,1998,4,1610,1591,97805
astro-ph,1999,1,1431,1415,87302
astro-ph,1999,2,1480,1477,92841
astro-ph,1999,3,1482,1466,93007
astro-ph,1999,4,1847,1817,100357
astro-ph,2000,1,1743,1723,110511
astro-ph,2000,2,1627,1616,126969
astro-ph,2000,3,1678,1663,101975
astro-ph,2000,4,1980,1944,115474
astro-ph,2001,1,1791,1774,109882
astro-ph,2001,2,1850,1827,126274
astro-ph,2001,3,1881,1865,120478
astro-ph,2001,4,2077,2062,119921
astro-ph,2002,1,1778,1760,119166
astro-ph,2002,2,1814,1798,138411
astro-ph,2002,3,2086,2062,126175
astro-ph,2002,4,2167,2153,128273
astro-ph,2003,1,2164,2143,181435
astro-ph,2003,2,2030,2019,156323
astro-ph,2003,3,2205,2180,161311
astro-ph,2003,4,2434,2377,152333
astro-ph,2004,1,2284,2262,151850
astro-ph,2004,2,2197,2179,170216
astro-ph,2004,3,2240,2224,145147
astro-ph,2004,4,2531,2514,150182
astro-ph,2005,1,2238,2230,152513
astro-ph,2005,2,2339,2329,175463
astro-ph,2005,3,2572,2564,169590
astro-ph,2005,4,2643,2630,167728
astro-ph,2006,1,2438,2425,195569
astro-ph,2006,2,2404,2396,172662
astro-ph,2006,3,2513,2486,172043
astro-ph,2006,4,3021,2981,162839
astro-ph,2007,1,2759,2741,172213
astro-ph,2007,2,2723,2702,178580
astro-ph,2007,3,2796,2775,175870
astro-ph,2007,4,3058,3036,158018
astro-ph,2008,1,2803,2790,176829
astro-ph,2008,2,2683,2666,171322
astro-ph,2008,3,2850,2841,179597
astro-ph,2008,4,2957,2925,181787
astro-ph,2019,4,1,1,0
astro-ph.CO,1996,2,3,3,33
astro-ph.CO,1996,4,1,1,2
astro-ph.CO,1997,3,1,1,30
astro-ph.CO,1998,2,1,1,27
astro-ph.CO,1998,3,1,1,1
astro-ph.CO,1998,4,1,1,1
astro-ph.CO,1999,1,2,2,44
astro-ph.CO,1999,2,2,2,7
astro-ph.CO,2003,1,1,1,0
astro-ph.CO,2003,2,1,1,8
astro-ph.CO,2003,3,1,1,11
astro-ph.CO,2004,1,1,1,10
astro-ph.CO,2004,2,1,1,61
astro-ph.CO,2004,4,1,1,0
astro-ph.CO,2005,3,1,1,11
astro-ph.CO,2005,4,3,3,2500
astro-ph.CO,2006,3,1,1,15
astro-ph.CO,2006,4,3,3,119
astro-ph.CO,2007,1,3,3,170
astro-ph.CO,2007,2,4,4,399
astro-ph.CO,2007,3,2,2,47
astro-ph.CO,2007,4,5,5,89
astro-ph.CO,2008,1,4,4,110
astro-ph.CO,2008,2,13,13,598
astro-ph.CO,2008,3,8,8,901
astro-ph.CO,2008,4,23,23,1834
astro-ph.CO,2009,1,1208,1192,81911
astro-ph.CO,2009,2,1313,1298,86807
astro-ph.CO,2009,3,1413,1405,86849
astro-ph.CO,2009,4,1536,1521,98977
astro-ph.CO,2010,1,1382,1367,108871
astro-ph.CO,2010,2,1434,1425,95211
astro-ph.CO,2010,3,1317,1310,80804
astro-ph.CO,2010,4,1426,1411,85345
astro-ph.CO,2011,1,1340,1326,83521
astro-ph.CO,2011,2,1342,1333,111452
astro-ph.CO,2011,3,1442,1432,94943
astro-ph.CO,2011,4,1387,1374,84159
astro-ph.CO,2012,1,1421,1416,87603
astro-ph.CO,2012,2,1453,1447,105897
astro-ph.CO,2012,3,1346,1335,93536
astro-ph.CO,2012,4,1467,1449,85323
astro-ph.CO,2013,1,1422,1376,85172
astro-ph.CO,2013,2,1391,1385,86501
astro-ph.CO,2013,3,1376,1363,84297
astro-ph.CO,2013,4,1345,1332,83364
astro-ph.CO,2014,1,1296,1289,92276
astro-ph.CO,2014,2,1079,1068,69491
astro-ph.CO,2014,3,969,947,56585
astro-ph.CO,2014,4,941,911,44990
astro-ph.CO,2015,1,944,906,63253
astro-ph.CO,2015,2,967,942,48016
astro-ph.CO,2015,3,882,864,40702
astro-ph.CO,2015,4,997,975,48589
astro-ph.CO,2016,1,880,859,47863
astro-ph.CO,2016,2,947,929,54185
astro-ph.CO,2016,3,862,848,44773
astro-ph.CO,2016,4,891,876,41667
astro-ph.CO,2017,1,770,765,42635
astro-ph.CO,2017,2,796,778,40952
astro-ph.CO,2017,3,814,784,47312
astro-ph.CO,2017,4,918,900,50896
astro-ph.CO,2018,1,758,749,38251
astro-ph.CO,2018,2,827,819,42159
astro-ph.CO,2018,3,778,758,36407
astro-ph.CO,2018,4,908,884,39718
astro-ph.CO,2019,1,783,768,37640
astro-ph.CO,2019,2,864,860,37342
astro-ph.CO,2019,3,878,860,40744
astro-ph.CO,2019,4,950,931,34227
astro-ph.CO,2020,1,742,729,28053
astro-ph.CO,2020,2,974,960,36064
astro-ph.CO,2020,3,952,936,41409
astro-ph.CO,2020,4,1036,1009,32844
astro-ph.CO,2021,1,835,823,23846
astro-ph.CO,2021,2,915,901,20834
astro-ph.CO,2021,3,973,955,16508
astro-ph.CO,2021,4,1092,1068,19322
astro-ph.CO,2022,1,953,934,11278
astro-ph.CO,2022,2,964,949,9782
astro-ph.CO,2022,3,990,970,4110
astro-ph.CO,2022,4,1093,1075,2870
astro-ph.CO,2023,1,901,882,2874
astro-ph.CO,2023,2,1076,1054,7525
astro-ph.CO,2023,3,1065,1033,2920
astro-ph.CO,2023,4,1147,1119,1744
astro-ph.CO,2024,1,980,948,3188
astro-ph.CO,2024,2,1263,1198,3026
astro-ph.CO,2024,3,1161,1109,2617
astro-ph.CO,2024,4,1182,1138,1452
astro-ph.CO,2025,1,1151,1002,1934
astro-ph.CO,2025,2,1276,1117,2398
astro-ph.CO,2025,3,1314,1000,991
astro-ph.CO,2025,4,1439,1293,328
astro-ph.CO,2026,1,1225,1225,116
astro-ph.CO,2026,2,1397,1264,8
astro-ph.CO,2026,3,269,0,0
astro-ph.EP,2003,4,1,1,0
astro-ph.EP,2005,2,1,1,3
astro-ph.EP,2005,4,1,1,3
astro-ph.EP,2006,1,1,1,4
astro-ph.EP,2006,2,2,2,7
astro-ph.EP,2006,3,1,1,288
astro-ph.EP,2006,4,2,2,202
astro-ph.EP,2007,2,1,1,2
astro-ph.EP,2007,4,3,3,32
astro-ph.EP,2008,1,1,1,47
astro-ph.EP,2008,2,1,1,26
astro-ph.EP,2008,3,6,6,222
astro-ph.EP,2008,4,1,1,20
astro-ph.EP,2009,1,258,257,15239
astro-ph.EP,2009,2,225,222,14018
astro-ph.EP,2009,3,242,239,28164
astro-ph.EP,2009,4,273,271,18111
astro-ph.EP,2010,1,254,254,20201
astro-ph.EP,2010,2,268,268,21813
astro-ph.EP,2010,3,281,279,20844
astro-ph.EP,2010,4,321,320,19847
astro-ph.EP,2011,1,316,314,25671
astro-ph.EP,2011,2,268,268,18695
astro-ph.EP,2011,3,299,296,20240
astro-ph.EP,2011,4,273,272,18166
astro-ph.EP,2012,1,300,300,26790
astro-ph.EP,2012,2,306,304,24648
astro-ph.EP,2012,3,296,295,20746
astro-ph.EP,2012,4,356,351,20621
astro-ph.EP,2013,1,357,355,24081
astro-ph.EP,2013,2,349,346,22723
astro-ph.EP,2013,3,357,355,20509
astro-ph.EP,2013,4,364,364,25306
astro-ph.EP,2014,1,400,399,25618
astro-ph.EP,2014,2,382,379,28264
astro-ph.EP,2014,3,425,424,27875
astro-ph.EP,2014,4,376,370,21431
astro-ph.EP,2015,1,382,379,21910
astro-ph.EP,2015,2,373,367,20804
astro-ph.EP,2015,3,383,377,19680
astro-ph.EP,2015,4,491,480,27013
astro-ph.EP,2016,1,459,457,25617
astro-ph.EP,2016,2,461,457,23846
astro-ph.EP,2016,3,480,471,23369
astro-ph.EP,2016,4,397,392,19520
astro-ph.EP,2017,1,440,436,27491
astro-ph.EP,2017,2,474,471,23620
astro-ph.EP,2017,3,463,459,18268
astro-ph.EP,2017,4,513,501,21433
astro-ph.EP,2018,1,543,534,22333
astro-ph.EP,2018,2,530,522,21836
astro-ph.EP,2018,3,502,494,19506
astro-ph.EP,2018,4,508,503,21353
astro-ph.EP,2019,1,638,636,20307
astro-ph.EP,2019,2,554,552,20307
astro-ph.EP,2019,3,556,548,18408
astro-ph.EP,2019,4,635,627,18318
astro-ph.EP,2020,1,595,591,17742
astro-ph.EP,2020,2,671,662,18583
astro-ph.EP,2020,3,710,681,16177
astro-ph.EP,2020,4,650,630,16204
astro-ph.EP,2021,1,635,624,14020
astro-ph.EP,2021,2,601,590,12238
astro-ph.EP,2021,3,608,586,9562
astro-ph.EP,2021,4,650,639,9865
astro-ph.EP,2022,1,624,622,10326
astro-ph.EP,2022,2,629,618,7228
astro-ph.EP,2022,3,679,676,4432
astro-ph.EP,2022,4,628,623,3039
astro-ph.EP,2023,1,713,707,4360
astro-ph.EP,2023,2,610,606,2861
astro-ph.EP,2023,3,691,675,2800
astro-ph.EP,2023,4,676,656,1508
astro-ph.EP,2024,1,696,679,2642
astro-ph.EP,2024,2,687,683,2419
astro-ph.EP,2024,3,738,717,2448
astro-ph.EP,2024,4,715,712,1221
astro-ph.EP,2025,1,679,595,1200
astro-ph.EP,2025,2,728,660,1458
astro-ph.EP,2025,3,885,701,1054
astro-ph.EP,2025,4,800,718,420
astro-ph.EP,2026,1,796,795,221
astro-ph.EP,2026,2,852,773,30
astro-ph.EP,2026,3,157,0,0
astro-ph.GA,2000,1,1,1,0
astro-ph.GA,2002,2,1,1,11
astro-ph.GA,2004,1,1,1,14
astro-ph.GA,2004,4,1,1,0
astro-ph.GA,2005,4,1,1,9
astro-ph.GA,2006,1,1,1,21
astro-ph.GA,2006,2,1,1,254
astro-ph.GA,2007,2,1,1,1
astro-ph.GA,2007,3,1,1,19
astro-ph.GA,2007,4,1,1,10
astro-ph.GA,2008,1,1,1,4
astro-ph.GA,2008,2,2,2,5
astro-ph.GA,2008,3,3,3,12
astro-ph.GA,2008,4,8,8,131
astro-ph.GA,2009,1,789,780,48965
astro-ph.GA,2009,2,587,580,38493
astro-ph.GA,2009,3,608,606,42519
astro-ph.GA,2009,4,629,626,42976
astro-ph.GA,2010,1,603,600,37479
astro-ph.GA,2010,2,484,483,35007
astro-ph.GA,2010,3,537,535,34142
astro-ph.GA,2010,4,524,522,34774
astro-ph.GA,2011,1,505,500,34573
astro-ph.GA,2011,2,491,487,32336
astro-ph.GA,2011,3,550,546,27819
astro-ph.GA,2011,4,520,519,34134
astro-ph.GA,2012,1,583,580,34207
astro-ph.GA,2012,2,579,577,39699
astro-ph.GA,2012,3,635,627,32256
astro-ph.GA,2012,4,647,640,33006
astro-ph.GA,2013,1,528,524,29307
astro-ph.GA,2013,2,539,535,28744
astro-ph.GA,2013,3,579,574,37203
astro-ph.GA,2013,4,644,637,31042
astro-ph.GA,2014,1,921,915,58248
astro-ph.GA,2014,2,1003,996,61168
astro-ph.GA,2014,3,1034,1025,66884
astro-ph.GA,2014,4,975,961,52104
astro-ph.GA,2015,1,971,953,65172
astro-ph.GA,2015,2,982,953,46099
astro-ph.GA,2015,3,1063,1044,55461
astro-ph.GA,2015,4,1147,1127,51796
astro-ph.GA,2016,1,1161,1147,61412
astro-ph.GA,2016,2,1225,1220,65855
astro-ph.GA,2016,3,1170,1153,59756
astro-ph.GA,2016,4,1193,1184,60219
astro-ph.GA,2017,1,1114,1107,57011
astro-ph.GA,2017,2,1186,1175,54344
astro-ph.GA,2017,3,1077,1063,49466
astro-ph.GA,2017,4,1224,1213,54727
astro-ph.GA,2018,1,1214,1198,53990
astro-ph.GA,2018,2,1261,1247,63673
astro-ph.GA,2018,3,1207,1199,47519
astro-ph.GA,2018,4,1351,1334,52240
astro-ph.GA,2019,1,1315,1302,52262
astro-ph.GA,2019,2,1214,1207,53526
astro-ph.GA,2019,3,1365,1348,46729
astro-ph.GA,2019,4,1298,1286,43108
astro-ph.GA,2020,1,1296,1289,43952
astro-ph.GA,2020,2,1432,1420,44756
astro-ph.GA,2020,3,1473,1448,44827
astro-ph.GA,2020,4,1393,1380,39055
astro-ph.GA,2021,1,1267,1260,33868
astro-ph.GA,2021,2,1226,1218,26562
astro-ph.GA,2021,3,1246,1234,21688
astro-ph.GA,2021,4,1414,1398,21457
astro-ph.GA,2022,1,1299,1295,22200
astro-ph.GA,2022,2,1355,1343,15809
astro-ph.GA,2022,3,1446,1439,7931
astro-ph.GA,2022,4,1436,1429,6691
astro-ph.GA,2023,1,1378,1370,5669
astro-ph.GA,2023,2,1449,1435,8907
astro-ph.GA,2023,3,1423,1400,4079
astro-ph.GA,2023,4,1532,1507,4880
astro-ph.GA,2024,1,1437,1415,4652
astro-ph.GA,2024,2,1576,1551,4126
astro-ph.GA,2024,3,1487,1459,3317
astro-ph.GA,2024,4,1648,1625,1627
astro-ph.GA,2025,1,1717,1525,2616
astro-ph.GA,2025,2,1670,1503,2576
astro-ph.GA,2025,3,1797,1398,1427
astro-ph.GA,2025,4,1914,1745,589
astro-ph.GA,2026,1,1775,1772,276
astro-ph.GA,2026,2,1868,1674,39
astro-ph.GA,2026,3,331,0,0
astro-ph.HE,1996,2,4,4,22
astro-ph.HE,1997,2,1,0,0
astro-ph.HE,1997,3,1,1,30
astro-ph.HE,1998,4,1,1,0
astro-ph.HE,1999,1,1,1,32
astro-ph.HE,1999,2,1,1,0
astro-ph.HE,2000,2,1,1,0
astro-ph.HE,2002,3,1,1,1
astro-ph.HE,2003,2,1,1,0
astro-ph.HE,2004,1,1,1,0
astro-ph.HE,2004,3,1,1,5
astro-ph.HE,2005,1,3,3,77
astro-ph.HE,2006,2,1,1,1
astro-ph.HE,2006,3,1,1,33
astro-ph.HE,2006,4,1,1,105
astro-ph.HE,2007,1,2,2,28
astro-ph.HE,2007,2,2,2,10
astro-ph.HE,2007,4,4,4,228
astro-ph.HE,2008,1,2,2,59
astro-ph.HE,2008,2,1,1,28
astro-ph.HE,2008,3,5,4,244
astro-ph.HE,2008,4,12,12,448
astro-ph.HE,2009,1,620,612,35906
astro-ph.HE,2009,2,649,644,39248
astro-ph.HE,2009,3,705,700,32330
astro-ph.HE,2009,4,771,764,38479
astro-ph.HE,2010,1,597,590,34824
astro-ph.HE,2010,2,587,579,38405
astro-ph.HE,2010,3,590,586,30127
astro-ph.HE,2010,4,695,684,35098
astro-ph.HE,2011,1,628,616,34838
astro-ph.HE,2011,2,657,642,34610
astro-ph.HE,2011,3,669,659,34542
astro-ph.HE,2011,4,815,803,34251
astro-ph.HE,2012,1,648,640,31198
astro-ph.HE,2012,2,725,717,38861
astro-ph.HE,2012,3,693,683,31845
astro-ph.HE,2012,4,807,798,32978
astro-ph.HE,2013,1,808,791,41400
astro-ph.HE,2013,2,782,777,45753
astro-ph.HE,2013,3,886,879,40109
astro-ph.HE,2013,4,788,777,44541
astro-ph.HE,2014,1,708,702,43042
astro-ph.HE,2014,2,728,718,38548
astro-ph.HE,2014,3,757,742,35798
astro-ph.HE,2014,4,830,809,36661
astro-ph.HE,2015,1,882,850,39813
astro-ph.HE,2015,2,838,810,32997
astro-ph.HE,2015,3,930,883,35476
astro-ph.HE,2015,4,890,861,36818
astro-ph.HE,2016,1,963,933,52593
astro-ph.HE,2016,2,837,822,40370
astro-ph.HE,2016,3,872,850,36690
astro-ph.HE,2016,4,945,922,35237
astro-ph.HE,2017,1,934,921,40318
astro-ph.HE,2017,2,860,851,38254
astro-ph.HE,2017,3,984,934,34460
astro-ph.HE,2017,4,1092,1055,73964
astro-ph.HE,2018,1,899,880,37383
astro-ph.HE,2018,2,871,859,35888
astro-ph.HE,2018,3,921,907,36319
astro-ph.HE,2018,4,1001,975,35368
astro-ph.HE,2019,1,1059,1019,37651
astro-ph.HE,2019,2,1108,1096,50422
astro-ph.HE,2019,3,1281,1220,35391
astro-ph.HE,2019,4,975,949,33723
astro-ph.HE,2020,1,988,977,34378
astro-ph.HE,2020,2,1172,1155,39141
astro-ph.HE,2020,3,1212,1191,37511
astro-ph.HE,2020,4,1130,1100,30054
astro-ph.HE,2021,1,990,981,25290
astro-ph.HE,2021,2,1090,1079,30107
astro-ph.HE,2021,3,1331,1285,19239
astro-ph.HE,2021,4,1194,1168,18230
astro-ph.HE,2022,1,1080,1070,15087
astro-ph.HE,2022,2,1168,1152,11003
astro-ph.HE,2022,3,1140,1118,4863
astro-ph.HE,2022,4,1216,1190,5661
astro-ph.HE,2023,1,1180,1152,3875
astro-ph.HE,2023,2,1212,1179,10361
astro-ph.HE,2023,3,1456,1417,3472
astro-ph.HE,2023,4,1341,1301,6451
astro-ph.HE,2024,1,1192,1152,4067
astro-ph.HE,2024,2,1321,1289,2498
astro-ph.HE,2024,3,1264,1205,2146
astro-ph.HE,2024,4,1432,1390,1598
astro-ph.HE,2025,1,1368,1202,2325
astro-ph.HE,2025,2,1368,1187,1688
astro-ph.HE,2025,3,1743,1335,910
astro-ph.HE,2025,4,1609,1433,385
astro-ph.HE,2026,1,1495,1492,175
astro-ph.HE,2026,2,1660,1496,19
astro-ph.HE,2026,3,310,0,0
astro-ph.IM,1996,2,1,1,17
astro-ph.IM,2004,3,1,1,247
astro-ph.IM,2004,4,2,2,29
astro-ph.IM,2005,2,1,1,3
astro-ph.IM,2005,4,4,4,44
astro-ph.IM,2006,2,2,2,7
astro-ph.IM,2006,3,2,2,299
astro-ph.IM,2007,1,1,1,177
astro-ph.IM,2007,2,1,1,10
astro-ph.IM,2007,4,1,1,9
astro-ph.IM,2008,1,3,3,12
astro-ph.IM,2008,2,1,1,101
astro-ph.IM,2008,3,4,4,75
astro-ph.IM,2008,4,5,4,48
astro-ph.IM,2009,1,233,231,13722
astro-ph.IM,2009,2,253,251,11370
astro-ph.IM,2009,3,272,269,11033
astro-ph.IM,2009,4,325,323,12147
astro-ph.IM,2010,1,281,277,11797
astro-ph.IM,2010,2,218,214,16238
astro-ph.IM,2010,3,322,313,22865
astro-ph.IM,2010,4,280,278,9693
astro-ph.IM,2011,1,283,279,15004
astro-ph.IM,2011,2,259,254,13418
astro-ph.IM,2011,3,280,275,11246
astro-ph.IM,2011,4,398,392,14468
astro-ph.IM,2012,1,314,312,28491
astro-ph.IM,2012,2,307,305,17017
astro-ph.IM,2012,3,370,365,16237
astro-ph.IM,2012,4,421,416,16048
astro-ph.IM,2013,1,310,301,17814
astro-ph.IM,2013,2,290,287,15970
astro-ph.IM,2013,3,364,361,26945
astro-ph.IM,2013,4,319,312,12030
astro-ph.IM,2014,1,350,346,13382
astro-ph.IM,2014,2,314,308,11956
astro-ph.IM,2014,3,501,490,19120
astro-ph.IM,2014,4,392,377,15935
astro-ph.IM,2015,1,382,362,18475
astro-ph.IM,2015,2,351,341,14582
astro-ph.IM,2015,3,488,463,16384
astro-ph.IM,2015,4,390,367,13278
astro-ph.IM,2016,1,387,367,18108
astro-ph.IM,2016,2,367,354,14313
astro-ph.IM,2016,3,522,510,16910
astro-ph.IM,2016,4,421,413,13825
astro-ph.IM,2017,1,423,414,18223
astro-ph.IM,2017,2,360,354,16756
astro-ph.IM,2017,3,444,403,10983
astro-ph.IM,2017,4,477,462,14039
astro-ph.IM,2018,1,418,406,20131
astro-ph.IM,2018,2,468,441,16156
astro-ph.IM,2018,3,599,577,11435
astro-ph.IM,2018,4,493,481,17032
astro-ph.IM,2019,1,528,514,21155
astro-ph.IM,2019,2,420,410,17071
astro-ph.IM,2019,3,753,701,16452
astro-ph.IM,2019,4,541,525,11062
astro-ph.IM,2020,1,507,500,13577
astro-ph.IM,2020,2,594,580,15450
astro-ph.IM,2020,3,601,565,14389
astro-ph.IM,2020,4,799,761,16304
astro-ph.IM,2021,1,672,662,11489
astro-ph.IM,2021,2,538,531,9770
astro-ph.IM,2021,3,716,693,8057
astro-ph.IM,2021,4,735,720,7932
astro-ph.IM,2022,1,634,623,7889
astro-ph.IM,2022,2,587,574,5600
astro-ph.IM,2022,3,847,831,2991
astro-ph.IM,2022,4,707,695,4566
astro-ph.IM,2023,1,649,639,2085
astro-ph.IM,2023,2,660,640,3247
astro-ph.IM,2023,3,711,694,1524
astro-ph.IM,2023,4,814,784,1406
astro-ph.IM,2024,1,621,605,1590
astro-ph.IM,2024,2,747,734,1447
astro-ph.IM,2024,3,838,788,1128
astro-ph.IM,2024,4,830,806,1097
astro-ph.IM,2025,1,740,647,954
astro-ph.IM,2025,2,748,659,848
astro-ph.IM,2025,3,1041,772,529
astro-ph.IM,2025,4,1047,925,156
astro-ph.IM,2026,1,890,890,115
astro-ph.IM,2026,2,1074,926,66
astro-ph.IM,2026,3,247,0,0
astro-ph.SR,2002,3,1,1,17
astro-ph.SR,2003,4,1,1,0
astro-ph.SR,2004,1,1,1,0
astro-ph.SR,2004,3,1,1,6
astro-ph.SR,2005,4,2,2,92
astro-ph.SR,2006,3,1,1,34
astro-ph.SR,2006,4,1,1,0
astro-ph.SR,2007,2,1,1,0
astro-ph.SR,2007,4,4,4,147
astro-ph.SR,2008,3,3,3,345
astro-ph.SR,2008,4,8,8,481
astro-ph.SR,2009,1,799,793,38930
astro-ph.SR,2009,2,704,702,41706
astro-ph.SR,2009,3,812,811,54521
astro-ph.SR,2009,4,808,805,41755
astro-ph.SR,2010,1,738,736,40510
astro-ph.SR,2010,2,779,777,44915
astro-ph.SR,2010,3,886,882,51837
astro-ph.SR,2010,4,941,932,37028
astro-ph.SR,2011,1,881,876,50687
astro-ph.SR,2011,2,763,763,38504
astro-ph.SR,2011,3,949,943,47592
astro-ph.SR,2011,4,959,950,41928
astro-ph.SR,2012,1,872,867,47638
astro-ph.SR,2012,2,814,812,47034
astro-ph.SR,2012,3,890,883,49306
astro-ph.SR,2012,4,1062,1053,47176
astro-ph.SR,2013,1,928,922,50497
astro-ph.SR,2013,2,868,866,48322
astro-ph.SR,2013,3,1008,1005,46735
astro-ph.SR,2013,4,922,920,40651
astro-ph.SR,2014,1,908,905,45858
astro-ph.SR,2014,2,958,954,48973
astro-ph.SR,2014,3,1101,1095,46391
astro-ph.SR,2014,4,990,976,42965
astro-ph.SR,2015,1,937,925,49668
astro-ph.SR,2015,2,996,977,43544
astro-ph.SR,2015,3,1009,986,39721
astro-ph.SR,2015,4,1051,1034,43811
astro-ph.SR,2016,1,1003,989,45131
astro-ph.SR,2016,2,979,967,43407
astro-ph.SR,2016,3,991,979,38042
astro-ph.SR,2016,4,1069,1065,39250
astro-ph.SR,2017,1,918,909,34486
astro-ph.SR,2017,2,895,888,37764
astro-ph.SR,2017,3,866,860,26501
astro-ph.SR,2017,4,983,964,36927
astro-ph.SR,2018,1,941,930,33412
astro-ph.SR,2018,2,1053,1035,45340
astro-ph.SR,2018,3,949,938,33019
astro-ph.SR,2018,4,994,985,31282
astro-ph.SR,2019,1,984,975,30001
astro-ph.SR,2019,2,975,968,31303
astro-ph.SR,2019,3,984,969,27565
astro-ph.SR,2019,4,1074,1065,34272
astro-ph.SR,2020,1,1079,1074,31787
astro-ph.SR,2020,2,1181,1169,31932
astro-ph.SR,2020,3,1171,1144,29528
astro-ph.SR,2020,4,1132,1119,28375
astro-ph.SR,2021,1,1035,1030,24122
astro-ph.SR,2021,2,952,945,21625
astro-ph.SR,2021,3,1061,1049,16262
astro-ph.SR,2021,4,1017,1009,14010
astro-ph.SR,2022,1,1012,1011,16092
astro-ph.SR,2022,2,1070,1055,12821
astro-ph.SR,2022,3,1030,1027,4966
astro-ph.SR,2022,4,1070,1058,4752
astro-ph.SR,2023,1,1113,1106,3651
astro-ph.SR,2023,2,1049,1041,4384
astro-ph.SR,2023,3,1060,1040,2500
astro-ph.SR,2023,4,1031,1018,1464
astro-ph.SR,2024,1,1095,1083,2908
astro-ph.SR,2024,2,1106,1090,2349
astro-ph.SR,2024,3,1092,1050,2524
astro-ph.SR,2024,4,1167,1149,1608
astro-ph.SR,2025,1,1112,999,1414
astro-ph.SR,2025,2,1184,1074,1836
astro-ph.SR,2025,3,1284,1012,944
astro-ph.SR,2025,4,1353,1227,537
astro-ph.SR,2026,1,1196,1196,224
astro-ph.SR,2026,2,1249,1132,30
astro-ph.SR,2026,3,227,0,0
atom-ph,1995,3,7,7,445
atom-ph,1995,4,23,23,1100
atom-ph,1996,1,24,24,2915
atom-ph,1996,2,46,46,2471
atom-ph,1996,3,23,23,1034
bayes-an,1995,2,5,5,42
bayes-an,1995,3,1,1,27
bayes-an,1995,4,4,3,2
bayes-an,1996,1,3,3,38
bayes-an,1996,2,1,1,0
bayes-an,1996,3,1,1,0
bayes-an,1996,4,1,1,3
chao-dyn,1992,4,1,1,7
chao-dyn,1993,1,31,30,711
chao-dyn,1993,2,39,39,1179
chao-dyn,1993,3,34,34,1707
chao-dyn,1993,4,33,33,862
chao-dyn,1994,1,29,29,4568
chao-dyn,1994,2,35,35,1058
chao-dyn,1994,3,47,46,1420
chao-dyn,1994,4,65,64,3442
chao-dyn,1995,1,80,80,2646
chao-dyn,1995,2,55,55,2968
chao-dyn,1995,3,60,59,1961
chao-dyn,1995,4,60,60,2067
chao-dyn,1996,1,69,69,1988
chao-dyn,1996,2,71,71,2968
chao-dyn,1996,3,91,91,3401
chao-dyn,1996,4,89,89,4183
chao-dyn,1997,1,80,80,3134
chao-dyn,1997,2,101,101,3750
chao-dyn,1997,3,123,123,7521
chao-dyn,1997,4,112,111,3631
chao-dyn,1998,1,137,137,5084
chao-dyn,1998,2,139,139,6392
chao-dyn,1998,3,115,114,6158
chao-dyn,1998,4,119,119,4637
chao-dyn,1999,1,119,119,3458
chao-dyn,1999,2,184,183,5863
chao-dyn,1999,3,137,135,9649
chao-dyn,1999,4,143,142,3712
chem-ph,1994,1,10,10,469
chem-ph,1994,2,12,12,2057
chem-ph,1994,3,9,9,529
chem-ph,1994,4,22,22,3057
chem-ph,1995,1,23,23,1119
chem-ph,1995,2,25,25,2030
chem-ph,1995,3,31,31,1050
chem-ph,1995,4,30,30,490
chem-ph,1996,1,23,23,818
chem-ph,1996,2,29,29,765
chem-ph,1996,3,37,37,1634
cmp-lg,1994,2,86,85,2224
cmp-lg,1994,3,63,63,1064
cmp-lg,1994,4,74,74,847
cmp-lg,1995,1,68,66,315
cmp-lg,1995,2,105,104,2292
cmp-lg,1995,3,33,33,786
cmp-lg,1995,4,19,19,2481
cmp-lg,1996,1,21,20,2383
cmp-lg,1996,2,96,94,2670
cmp-lg,1996,3,68,66,1227
cmp-lg,1996,4,17,16,601
cmp-lg,1997,1,25,25,327
cmp-lg,1997,2,59,58,2125
cmp-lg,1997,3,48,48,3321
cmp-lg,1997,4,32,31,979
cmp-lg,1998,1,10,10,120
cmp-lg,1998,2,37,36,707
cmp-lg,1998,3,33,30,352
comp-gas,1993,1,6,6,612
comp-gas,1993,2,20,20,2666
comp-gas,1993,3,11,11,3720
comp-gas,1993,4,5,5,96
comp-gas,1994,1,14,14,2151
comp-gas,1994,2,12,12,1241
comp-gas,1994,3,8,8,156
comp-gas,1994,4,7,7,314
comp-gas,1995,1,19,19,2140
comp-gas,1995,2,7,7,63
comp-gas,1995,3,13,13,583
comp-gas,1995,4,7,7,583
comp-gas,1996,1,8,8,614
comp-gas,1996,2,10,10,989
comp-gas,1996,3,8,8,410
comp-gas,1996,4,6,6,2964
comp-gas,1997,1,9,9,481
comp-gas,1997,2,7,7,2810
comp-gas,1997,3,5,5,41
comp-gas,1997,4,1,1,434
comp-gas,1998,1,4,4,20
comp-gas,1998,2,5,5,339
comp-gas,1998,3,4,4,200
comp-gas,1998,4,12,12,542
comp-gas,1999,1,4,4,120
comp-gas,1999,2,2,2,0
comp-gas,1999,3,3,3,186
comp-gas,1999,4,4,4,294
cond-mat,1992,1,1,1,0
cond-mat,1992,2,54,54,5185
cond-mat,1992,3,109,109,5981
cond-mat,1992,4,120,120,10841
cond-mat,1993,1,158,158,10117
cond-mat,1993,2,189,187,9672
cond-mat,1993,3,193,193,8504
cond-mat,1993,4,276,276,15686
cond-mat,1994,1,326,326,17800
cond-mat,1994,2,367,367,16524
cond-mat,1994,3,388,388,16489
cond-mat,1994,4,426,425,16893
cond-mat,1995,1,500,498,36129
cond-mat,1995,2,497,496,21230
cond-mat,1995,3,521,519,28827
cond-mat,1995,4,551,550,28098
cond-mat,1996,1,576,574,32078
cond-mat,1996,2,681,681,31860
cond-mat,1996,3,723,723,35558
cond-mat,1996,4,188,188,6893
cond-mat,1997,1,198,196,6533
cond-mat,1997,2,230,230,11256
cond-mat,1997,3,264,264,13862
cond-mat,1997,4,270,268,19055
cond-mat,1998,1,267,266,18991
cond-mat,1998,2,259,259,19933
cond-mat,1998,3,284,284,12346
cond-mat,1998,4,273,273,12990
cond-mat,1999,1,250,250,9032
cond-mat,1999,2,266,266,11759
cond-mat,1999,3,254,252,13091
cond-mat,1999,4,274,271,10752
cond-mat,2000,1,264,263,11866
cond-mat,2000,2,252,252,16517
cond-mat,2000,3,233,232,9575
cond-mat,2000,4,256,254,13204
cond-mat,2001,1,265,263,17855
cond-mat,2001,2,242,242,11100
cond-mat,2001,3,239,238,12798
cond-mat,2001,4,251,250,11549
cond-mat,2002,1,261,259,15696
cond-mat,2002,2,261,258,19112
cond-mat,2002,3,279,279,13767
cond-mat,2002,4,292,289,13750
cond-mat,2003,1,268,266,11340
cond-mat,2003,2,286,283,14322
cond-mat,2003,3,337,337,20072
cond-mat,2003,4,266,264,11753
cond-mat,2004,1,30,30,2031
cond-mat.dis-nn,1993,3,1,1,0
cond-mat.dis-nn,1993,4,1,1,40
cond-mat.dis-nn,1994,1,1,1,35
cond-mat.dis-nn,1995,3,1,1,0
cond-mat.dis-nn,1996,1,1,1,10
cond-mat.dis-nn,1996,2,5,5,250
cond-mat.dis-nn,1996,3,3,3,44
cond-mat.dis-nn,1996,4,53,53,2653
cond-mat.dis-nn,1997,1,77,76,2372
cond-mat.dis-nn,1997,2,110,109,5743
cond-mat.dis-nn,1997,3,94,94,3614
cond-mat.dis-nn,1997,4,89,88,3635
cond-mat.dis-nn,1998,1,132,132,6385
cond-mat.dis-nn,1998,2,125,125,7077
cond-mat.dis-nn,1998,3,169,169,6502
cond-mat.dis-nn,1998,4,139,139,5532
cond-mat.dis-nn,1999,1,152,152,9127
cond-mat.dis-nn,1999,2,166,166,9029
cond-mat.dis-nn,1999,3,183,183,14051
cond-mat.dis-nn,1999,4,174,174,42690
cond-mat.dis-nn,2000,1,185,185,10500
cond-mat.dis-nn,2000,2,204,201,11389
cond-mat.dis-nn,2000,3,186,186,24154
cond-mat.dis-nn,2000,4,172,171,14425
cond-mat.dis-nn,2001,1,171,169,9439
cond-mat.dis-nn,2001,2,216,216,40887
cond-mat.dis-nn,2001,3,209,209,11007
cond-mat.dis-nn,2001,4,206,205,23472
cond-mat.dis-nn,2002,1,198,196,15005
cond-mat.dis-nn,2002,2,246,245,23122
cond-mat.dis-nn,2002,3,233,231,12474
cond-mat.dis-nn,2002,4,211,209,9660
cond-mat.dis-nn,2003,1,204,204,29168
cond-mat.dis-nn,2003,2,214,214,13874
cond-mat.dis-nn,2003,3,202,200,33075
cond-mat.dis-nn,2003,4,207,204,10469
cond-mat.dis-nn,2004,1,271,271,18273
cond-mat.dis-nn,2004,2,234,234,9689
cond-mat.dis-nn,2004,3,232,231,20482
cond-mat.dis-nn,2004,4,245,245,11050
cond-mat.dis-nn,2005,1,223,222,17999
cond-mat.dis-nn,2005,2,247,247,18917
cond-mat.dis-nn,2005,3,238,236,7467
cond-mat.dis-nn,2005,4,257,255,11215
cond-mat.dis-nn,2006,1,231,231,14639
cond-mat.dis-nn,2006,2,188,187,6712
cond-mat.dis-nn,2006,3,240,239,13213
cond-mat.dis-nn,2006,4,231,230,9961
cond-mat.dis-nn,2007,1,190,188,7588
cond-mat.dis-nn,2007,2,192,192,16369
cond-mat.dis-nn,2007,3,214,214,13318
cond-mat.dis-nn,2007,4,213,211,8418
cond-mat.dis-nn,2008,1,197,195,8292
cond-mat.dis-nn,2008,2,176,175,11445
cond-mat.dis-nn,2008,3,191,190,6618
cond-mat.dis-nn,2008,4,195,194,7200
cond-mat.dis-nn,2009,1,187,186,11682
cond-mat.dis-nn,2009,2,160,158,7790
cond-mat.dis-nn,2009,3,188,188,14255
cond-mat.dis-nn,2009,4,201,201,8767
cond-mat.dis-nn,2010,1,184,184,8568
cond-mat.dis-nn,2010,2,194,193,9602
cond-mat.dis-nn,2010,3,168,164,6910
cond-mat.dis-nn,2010,4,179,177,16381
cond-mat.dis-nn,2011,1,160,160,6139
cond-mat.dis-nn,2011,2,160,158,5667
cond-mat.dis-nn,2011,3,167,166,9814
cond-mat.dis-nn,2011,4,163,163,6739
cond-mat.dis-nn,2012,1,197,195,8402
cond-mat.dis-nn,2012,2,205,202,6385
cond-mat.dis-nn,2012,3,164,163,6242
cond-mat.dis-nn,2012,4,224,222,8485
cond-mat.dis-nn,2013,1,177,175,7541
cond-mat.dis-nn,2013,2,183,181,11074
cond-mat.dis-nn,2013,3,175,173,7218
cond-mat.dis-nn,2013,4,178,174,7225
cond-mat.dis-nn,2014,1,178,176,8080
cond-mat.dis-nn,2014,2,187,183,10135
cond-mat.dis-nn,2014,3,167,166,8886
cond-mat.dis-nn,2014,4,180,176,7938
cond-mat.dis-nn,2015,1,167,163,10715
cond-mat.dis-nn,2015,2,178,176,5962
cond-mat.dis-nn,2015,3,183,178,8773
cond-mat.dis-nn,2015,4,167,164,6130
cond-mat.dis-nn,2016,1,176,175,8170
cond-mat.dis-nn,2016,2,216,208,11466
cond-mat.dis-nn,2016,3,197,193,11931
cond-mat.dis-nn,2016,4,220,219,10482
cond-mat.dis-nn,2017,1,226,226,10981
cond-mat.dis-nn,2017,2,222,220,8283
cond-mat.dis-nn,2017,3,208,204,7238
cond-mat.dis-nn,2017,4,224,222,7182
cond-mat.dis-nn,2018,1,225,222,7535
cond-mat.dis-nn,2018,2,233,230,11011
cond-mat.dis-nn,2018,3,220,217,10155
cond-mat.dis-nn,2018,4,225,219,7677
cond-mat.dis-nn,2019,1,225,222,10918
cond-mat.dis-nn,2019,2,268,264,8529
cond-mat.dis-nn,2019,3,260,251,7408
cond-mat.dis-nn,2019,4,292,289,8632
cond-mat.dis-nn,2020,1,280,275,8663
cond-mat.dis-nn,2020,2,306,298,9047
cond-mat.dis-nn,2020,3,331,326,7655
cond-mat.dis-nn,2020,4,325,319,5954
cond-mat.dis-nn,2021,1,299,297,6031
cond-mat.dis-nn,2021,2,303,297,4154
cond-mat.dis-nn,2021,3,302,296,5059
cond-mat.dis-nn,2021,4,319,317,3651
cond-mat.dis-nn,2022,1,322,320,2306
cond-mat.dis-nn,2022,2,293,289,983
cond-mat.dis-nn,2022,3,317,317,719
cond-mat.dis-nn,2022,4,290,288,526
cond-mat.dis-nn,2023,1,303,301,559
cond-mat.dis-nn,2023,2,333,329,482
cond-mat.dis-nn,2023,3,323,322,499
cond-mat.dis-nn,2023,4,356,354,247
cond-mat.dis-nn,2024,1,294,292,527
cond-mat.dis-nn,2024,2,343,336,898
cond-mat.dis-nn,2024,3,324,313,316
cond-mat.dis-nn,2024,4,401,390,400
cond-mat.dis-nn,2025,1,332,302,4053
cond-mat.dis-nn,2025,2,379,330,176
cond-mat.dis-nn,2025,3,358,272,134
cond-mat.dis-nn,2025,4,374,336,42
cond-mat.dis-nn,2026,1,400,400,28
cond-mat.dis-nn,2026,2,456,429,0
cond-mat.dis-nn,2026,3,76,0,0
cond-mat.mes-hall,1993,4,1,1,13
cond-mat.mes-hall,1994,2,1,1,0
cond-mat.mes-hall,1995,4,1,1,7
cond-mat.mes-hall,1996,1,2,2,1
cond-mat.mes-hall,1996,2,8,8,281
cond-mat.mes-hall,1996,3,10,10,404
cond-mat.mes-hall,1996,4,115,115,5226
cond-mat.mes-hall,1997,1,128,128,12028
cond-mat.mes-hall,1997,2,120,120,7161
cond-mat.mes-hall,1997,3,127,127,13630
cond-mat.mes-hall,1997,4,166,166,5122
cond-mat.mes-hall,1998,1,142,142,5207
cond-mat.mes-hall,1998,2,148,148,9929
cond-mat.mes-hall,1998,3,184,184,13471
cond-mat.mes-hall,1998,4,216,216,12154
cond-mat.mes-hall,1999,1,191,190,9018
cond-mat.mes-hall,1999,2,193,192,15885
cond-mat.mes-hall,1999,3,267,267,13849
cond-mat.mes-hall,1999,4,252,252,15670
cond-mat.mes-hall,2000,1,211,211,15773
cond-mat.mes-hall,2000,2,224,223,11225
cond-mat.mes-hall,2000,3,234,234,11531
cond-mat.mes-hall,2000,4,260,257,24696
cond-mat.mes-hall,2001,1,238,238,10263
cond-mat.mes-hall,2001,2,328,327,16414
cond-mat.mes-hall,2001,3,264,262,13296
cond-mat.mes-hall,2001,4,284,283,15750
cond-mat.mes-hall,2002,1,291,291,13248
cond-mat.mes-hall,2002,2,304,303,17586
cond-mat.mes-hall,2002,3,331,329,17108
cond-mat.mes-hall,2002,4,331,331,13700
cond-mat.mes-hall,2003,1,309,308,15621
cond-mat.mes-hall,2003,2,357,357,15313
cond-mat.mes-hall,2003,3,360,360,21124
cond-mat.mes-hall,2003,4,389,388,19699
cond-mat.mes-hall,2004,1,431,430,22106
cond-mat.mes-hall,2004,2,459,458,24429
cond-mat.mes-hall,2004,3,443,443,27237
cond-mat.mes-hall,2004,4,467,466,102615
cond-mat.mes-hall,2005,1,418,418,33639
cond-mat.mes-hall,2005,2,444,444,41184
cond-mat.mes-hall,2005,3,452,449,58125
cond-mat.mes-hall,2005,4,492,492,26055
cond-mat.mes-hall,2006,1,458,456,32328
cond-mat.mes-hall,2006,2,468,467,54700
cond-mat.mes-hall,2006,3,497,497,41727
cond-mat.mes-hall,2006,4,539,539,64898
cond-mat.mes-hall,2007,1,519,519,51463
cond-mat.mes-hall,2007,2,519,517,41390
cond-mat.mes-hall,2007,3,559,559,56925
cond-mat.mes-hall,2007,4,557,557,49078
cond-mat.mes-hall,2008,1,548,545,68605
cond-mat.mes-hall,2008,2,538,537,43164
cond-mat.mes-hall,2008,3,556,554,33471
cond-mat.mes-hall,2008,4,541,541,45714
cond-mat.mes-hall,2009,1,542,542,54512
cond-mat.mes-hall,2009,2,740,740,56300
cond-mat.mes-hall,2009,3,739,736,59157
cond-mat.mes-hall,2009,4,782,778,59642
cond-mat.mes-hall,2010,1,823,820,92525
cond-mat.mes-hall,2010,2,793,788,84200
cond-mat.mes-hall,2010,3,845,843,73206
cond-mat.mes-hall,2010,4,868,862,52722
cond-mat.mes-hall,2011,1,845,844,58947
cond-mat.mes-hall,2011,2,912,908,75958
cond-mat.mes-hall,2011,3,871,861,58743
cond-mat.mes-hall,2011,4,978,972,71514
cond-mat.mes-hall,2012,1,944,935,74512
cond-mat.mes-hall,2012,2,1018,1016,80315
cond-mat.mes-hall,2012,3,998,996,67387
cond-mat.mes-hall,2012,4,1083,1072,71252
cond-mat.mes-hall,2013,1,1141,1137,88029
cond-mat.mes-hall,2013,2,1092,1085,70405
cond-mat.mes-hall,2013,3,1083,1073,73192
cond-mat.mes-hall,2013,4,1132,1125,72238
cond-mat.mes-hall,2014,1,1076,1071,114305
cond-mat.mes-hall,2014,2,1070,1065,75082
cond-mat.mes-hall,2014,3,1211,1202,72555
cond-mat.mes-hall,2014,4,1175,1164,71179
cond-mat.mes-hall,2015,1,1185,1172,78351
cond-mat.mes-hall,2015,2,1250,1232,75214
cond-mat.mes-hall,2015,3,1235,1219,73597
cond-mat.mes-hall,2015,4,1310,1291,70282
cond-mat.mes-hall,2016,1,1327,1317,70297
cond-mat.mes-hall,2016,2,1303,1290,68503
cond-mat.mes-hall,2016,3,1274,1264,72378
cond-mat.mes-hall,2016,4,1325,1316,62886
cond-mat.mes-hall,2017,1,1283,1280,71539
cond-mat.mes-hall,2017,2,1229,1222,61541
cond-mat.mes-hall,2017,3,1175,1168,60690
cond-mat.mes-hall,2017,4,1304,1287,57392
cond-mat.mes-hall,2018,1,1287,1267,77901
cond-mat.mes-hall,2018,2,1299,1286,65616
cond-mat.mes-hall,2018,3,1303,1294,62029
cond-mat.mes-hall,2018,4,1371,1360,55329
cond-mat.mes-hall,2019,1,1334,1320,66054
cond-mat.mes-hall,2019,2,1446,1426,65598
cond-mat.mes-hall,2019,3,1438,1413,46656
cond-mat.mes-hall,2019,4,1467,1442,57488
cond-mat.mes-hall,2020,1,1386,1365,39468
cond-mat.mes-hall,2020,2,1544,1524,46057
cond-mat.mes-hall,2020,3,1453,1434,41419
cond-mat.mes-hall,2020,4,1463,1444,35932
cond-mat.mes-hall,2021,1,1305,1288,28875
cond-mat.mes-hall,2021,2,1369,1352,28990
cond-mat.mes-hall,2021,3,1265,1241,21649
cond-mat.mes-hall,2021,4,1436,1427,19344
cond-mat.mes-hall,2022,1,1314,1306,12320
cond-mat.mes-hall,2022,2,1196,1182,7915
cond-mat.mes-hall,2022,3,1286,1273,3548
cond-mat.mes-hall,2022,4,1264,1248,2688
cond-mat.mes-hall,2023,1,1271,1252,3811
cond-mat.mes-hall,2023,2,1349,1328,3256
cond-mat.mes-hall,2023,3,1333,1312,2529
cond-mat.mes-hall,2023,4,1508,1497,2060
cond-mat.mes-hall,2024,1,1334,1318,4504
cond-mat.mes-hall,2024,2,1350,1345,2627
cond-mat.mes-hall,2024,3,1493,1463,1918
cond-mat.mes-hall,2024,4,1517,1498,1800
cond-mat.mes-hall,2025,1,1478,1307,2367
cond-mat.mes-hall,2025,2,1386,1253,1102
cond-mat.mes-hall,2025,3,1490,1154,846
cond-mat.mes-hall,2025,4,1405,1280,444
cond-mat.mes-hall,2026,1,1427,1424,452
cond-mat.mes-hall,2026,2,1543,1417,185
cond-mat.mes-hall,2026,3,267,0,0
cond-mat.mtrl-sci,1993,3,1,1,68
cond-mat.mtrl-sci,1993,4,2,2,49
cond-mat.mtrl-sci,1994,1,3,3,87
cond-mat.mtrl-sci,1994,4,17,17,1501
cond-mat.mtrl-sci,1995,1,21,21,2100
cond-mat.mtrl-sci,1995,2,22,22,2389
cond-mat.mtrl-sci,1995,3,21,21,2108
cond-mat.mtrl-sci,1995,4,20,20,8259
cond-mat.mtrl-sci,1996,1,17,17,1536
cond-mat.mtrl-sci,1996,2,16,16,842
cond-mat.mtrl-sci,1996,3,38,38,2515
cond-mat.mtrl-sci,1996,4,64,64,3003
cond-mat.mtrl-sci,1997,1,49,49,3402
cond-mat.mtrl-sci,1997,2,61,61,8824
cond-mat.mtrl-sci,1997,3,83,83,10114
cond-mat.mtrl-sci,1997,4,89,88,7945
cond-mat.mtrl-sci,1998,1,91,91,4843
cond-mat.mtrl-sci,1998,2,123,123,7327
cond-mat.mtrl-sci,1998,3,139,139,10628
cond-mat.mtrl-sci,1998,4,134,134,9262
cond-mat.mtrl-sci,1999,1,125,125,9631
cond-mat.mtrl-sci,1999,2,156,156,10801
cond-mat.mtrl-sci,1999,3,181,181,10092
cond-mat.mtrl-sci,1999,4,158,158,7414
cond-mat.mtrl-sci,2000,1,169,168,13752
cond-mat.mtrl-sci,2000,2,208,206,9890
cond-mat.mtrl-sci,2000,3,214,214,14148
cond-mat.mtrl-sci,2000,4,193,193,21120
cond-mat.mtrl-sci,2001,1,235,235,16944
cond-mat.mtrl-sci,2001,2,275,274,31155
cond-mat.mtrl-sci,2001,3,227,227,17112
cond-mat.mtrl-sci,2001,4,284,284,34499
cond-mat.mtrl-sci,2002,1,307,307,21289
cond-mat.mtrl-sci,2002,2,295,295,17332
cond-mat.mtrl-sci,2002,3,386,385,20812
cond-mat.mtrl-sci,2002,4,367,366,19881
cond-mat.mtrl-sci,2003,1,327,326,16684
cond-mat.mtrl-sci,2003,2,372,372,32100
cond-mat.mtrl-sci,2003,3,362,362,24569
cond-mat.mtrl-sci,2003,4,369,369,17903
cond-mat.mtrl-sci,2004,1,410,409,30525
cond-mat.mtrl-sci,2004,2,489,486,33886
cond-mat.mtrl-sci,2004,3,536,535,28394
cond-mat.mtrl-sci,2004,4,509,508,97017
cond-mat.mtrl-sci,2005,1,470,470,43822
cond-mat.mtrl-sci,2005,2,579,577,38922
cond-mat.mtrl-sci,2005,3,521,520,32259
cond-mat.mtrl-sci,2005,4,546,544,33910
cond-mat.mtrl-sci,2006,1,558,556,41409
cond-mat.mtrl-sci,2006,2,511,509,46525
cond-mat.mtrl-sci,2006,3,567,566,34686
cond-mat.mtrl-sci,2006,4,569,569,57190
cond-mat.mtrl-sci,2007,1,605,603,45776
cond-mat.mtrl-sci,2007,2,561,558,42938
cond-mat.mtrl-sci,2007,3,700,700,63765
cond-mat.mtrl-sci,2007,4,615,612,54024
cond-mat.mtrl-sci,2008,1,619,619,56392
cond-mat.mtrl-sci,2008,2,693,690,49441
cond-mat.mtrl-sci,2008,3,712,710,46245
cond-mat.mtrl-sci,2008,4,718,715,54349
cond-mat.mtrl-sci,2009,1,671,669,47367
cond-mat.mtrl-sci,2009,2,637,637,88975
cond-mat.mtrl-sci,2009,3,646,644,53942
cond-mat.mtrl-sci,2009,4,692,688,59101
cond-mat.mtrl-sci,2010,1,700,695,61145
cond-mat.mtrl-sci,2010,2,630,626,78390
cond-mat.mtrl-sci,2010,3,754,750,62268
cond-mat.mtrl-sci,2010,4,748,743,47303
cond-mat.mtrl-sci,2011,1,720,718,58435
cond-mat.mtrl-sci,2011,2,792,790,65519
cond-mat.mtrl-sci,2011,3,809,806,66349
cond-mat.mtrl-sci,2011,4,767,762,60667
cond-mat.mtrl-sci,2012,1,815,810,67988
cond-mat.mtrl-sci,2012,2,842,838,59435
cond-mat.mtrl-sci,2012,3,921,917,59358
cond-mat.mtrl-sci,2012,4,932,927,64652
cond-mat.mtrl-sci,2013,1,1001,992,67395
cond-mat.mtrl-sci,2013,2,852,847,64804
cond-mat.mtrl-sci,2013,3,1005,998,75632
cond-mat.mtrl-sci,2013,4,964,958,63987
cond-mat.mtrl-sci,2014,1,984,979,106680
cond-mat.mtrl-sci,2014,2,919,911,59765
cond-mat.mtrl-sci,2014,3,1017,1011,60986
cond-mat.mtrl-sci,2014,4,976,962,57076
cond-mat.mtrl-sci,2015,1,1128,1113,79320
cond-mat.mtrl-sci,2015,2,1093,1076,71890
cond-mat.mtrl-sci,2015,3,1146,1124,67603
cond-mat.mtrl-sci,2015,4,1063,1049,59069
cond-mat.mtrl-sci,2016,1,1120,1111,68851
cond-mat.mtrl-sci,2016,2,1141,1127,70739
cond-mat.mtrl-sci,2016,3,1020,1009,60121
cond-mat.mtrl-sci,2016,4,1152,1145,54405
cond-mat.mtrl-sci,2017,1,1180,1176,64377
cond-mat.mtrl-sci,2017,2,1223,1208,62706
cond-mat.mtrl-sci,2017,3,1047,1029,55360
cond-mat.mtrl-sci,2017,4,1228,1208,62072
cond-mat.mtrl-sci,2018,1,1202,1178,56740
cond-mat.mtrl-sci,2018,2,1304,1290,58195
cond-mat.mtrl-sci,2018,3,1177,1166,47517
cond-mat.mtrl-sci,2018,4,1250,1236,48588
cond-mat.mtrl-sci,2019,1,1268,1253,50518
cond-mat.mtrl-sci,2019,2,1346,1314,55632
cond-mat.mtrl-sci,2019,3,1453,1421,52710
cond-mat.mtrl-sci,2019,4,1616,1591,51595
cond-mat.mtrl-sci,2020,1,1482,1454,49457
cond-mat.mtrl-sci,2020,2,1697,1659,49663
cond-mat.mtrl-sci,2020,3,1833,1791,47673
cond-mat.mtrl-sci,2020,4,1800,1748,43634
cond-mat.mtrl-sci,2021,1,1690,1656,37202
cond-mat.mtrl-sci,2021,2,1695,1658,33369
cond-mat.mtrl-sci,2021,3,1596,1566,24003
cond-mat.mtrl-sci,2021,4,1761,1735,24805
cond-mat.mtrl-sci,2022,1,1733,1713,17557
cond-mat.mtrl-sci,2022,2,1511,1496,12195
cond-mat.mtrl-sci,2022,3,1590,1576,5922
cond-mat.mtrl-sci,2022,4,1671,1648,5311
cond-mat.mtrl-sci,2023,1,1768,1740,5512
cond-mat.mtrl-sci,2023,2,1711,1680,4642
cond-mat.mtrl-sci,2023,3,1752,1734,5261
cond-mat.mtrl-sci,2023,4,1866,1847,3517
cond-mat.mtrl-sci,2024,1,1788,1762,8231
cond-mat.mtrl-sci,2024,2,1887,1880,4646
cond-mat.mtrl-sci,2024,3,1877,1830,3004
cond-mat.mtrl-sci,2024,4,2058,2027,2632
cond-mat.mtrl-sci,2025,1,2224,1905,4657
cond-mat.mtrl-sci,2025,2,2097,1853,2393
cond-mat.mtrl-sci,2025,3,2169,1603,1534
cond-mat.mtrl-sci,2025,4,2347,2066,1253
cond-mat.mtrl-sci,2026,1,2433,2431,2139
cond-mat.mtrl-sci,2026,2,2431,2264,1044
cond-mat.mtrl-sci,2026,3,411,0,0
cond-mat.other,1995,3,1,1,12
cond-mat.other,1998,2,2,2,0
cond-mat.other,1998,3,1,1,24
cond-mat.other,1999,2,2,2,108
cond-mat.other,1999,3,1,1,5
cond-mat.other,1999,4,1,1,0
cond-mat.other,2000,2,1,1,15
cond-mat.other,2000,3,3,3,152
cond-mat.other,2000,4,2,2,556
cond-mat.other,2001,2,1,1,1
cond-mat.other,2002,1,1,1,1
cond-mat.other,2002,2,1,1,9
cond-mat.other,2002,3,2,2,1075
cond-mat.other,2002,4,7,7,307
cond-mat.other,2003,1,6,5,254
cond-mat.other,2003,2,12,12,1125
cond-mat.other,2003,3,18,18,1915
cond-mat.other,2003,4,21,21,604
cond-mat.other,2004,1,185,183,12054
cond-mat.other,2004,2,238,236,26511
cond-mat.other,2004,3,307,306,13917
cond-mat.other,2004,4,356,353,20911
cond-mat.other,2005,1,304,302,18119
cond-mat.other,2005,2,358,357,20353
cond-mat.other,2005,3,310,309,17797
cond-mat.other,2005,4,306,304,15715
cond-mat.other,2006,1,321,320,16511
cond-mat.other,2006,2,332,332,23866
cond-mat.other,2006,3,320,320,17436
cond-mat.other,2006,4,328,324,14843
cond-mat.other,2007,1,333,332,15688
cond-mat.other,2007,2,368,365,33254
cond-mat.other,2007,3,399,397,60516
cond-mat.other,2007,4,367,365,23761
cond-mat.other,2008,1,374,372,21056
cond-mat.other,2008,2,392,390,23267
cond-mat.other,2008,3,389,387,24614
cond-mat.other,2008,4,370,370,24091
cond-mat.other,2009,1,395,393,21201
cond-mat.other,2009,2,285,284,11816
cond-mat.other,2009,3,272,271,13840
cond-mat.other,2009,4,244,242,9762
cond-mat.other,2010,1,226,225,8256
cond-mat.other,2010,2,181,178,8309
cond-mat.other,2010,3,176,175,6773
cond-mat.other,2010,4,188,188,10157
cond-mat.other,2011,1,175,173,6987
cond-mat.other,2011,2,151,150,5461
cond-mat.other,2011,3,203,201,9595
cond-mat.other,2011,4,181,179,6564
cond-mat.other,2012,1,179,178,9987
cond-mat.other,2012,2,181,177,9234
cond-mat.other,2012,3,188,186,6334
cond-mat.other,2012,4,157,156,10500
cond-mat.other,2013,1,91,91,3958
cond-mat.other,2013,2,90,88,3845
cond-mat.other,2013,3,96,94,5253
cond-mat.other,2013,4,81,81,4711
cond-mat.other,2014,1,91,90,3708
cond-mat.other,2014,2,95,93,3131
cond-mat.other,2014,3,90,88,4920
cond-mat.other,2014,4,133,129,3991
cond-mat.other,2015,1,77,74,2987
cond-mat.other,2015,2,110,107,4200
cond-mat.other,2015,3,107,104,6328
cond-mat.other,2015,4,126,125,5510
cond-mat.other,2016,1,91,90,3868
cond-mat.other,2016,2,120,119,4688
cond-mat.other,2016,3,112,112,3698
cond-mat.other,2016,4,127,127,5674
cond-mat.other,2017,1,118,118,4438
cond-mat.other,2017,2,141,139,4821
cond-mat.other,2017,3,110,107,4288
cond-mat.other,2017,4,119,116,5084
cond-mat.other,2018,1,87,86,3909
cond-mat.other,2018,2,110,108,4434
cond-mat.other,2018,3,92,89,3076
cond-mat.other,2018,4,108,106,3189
cond-mat.other,2019,1,96,94,5325
cond-mat.other,2019,2,94,90,2172
cond-mat.other,2019,3,102,101,1857
cond-mat.other,2019,4,118,116,3321
cond-mat.other,2020,1,118,114,3106
cond-mat.other,2020,2,159,157,3791
cond-mat.other,2020,3,152,150,2992
cond-mat.other,2020,4,155,154,4798
cond-mat.other,2021,1,129,128,1721
cond-mat.other,2021,2,166,162,2904
cond-mat.other,2021,3,179,178,2392
cond-mat.other,2021,4,174,173,1625
cond-mat.other,2022,1,159,157,1348
cond-mat.other,2022,2,162,158,901
cond-mat.other,2022,3,143,142,432
cond-mat.other,2022,4,146,143,272
cond-mat.other,2023,1,143,143,291
cond-mat.other,2023,2,144,143,279
cond-mat.other,2023,3,123,123,87
cond-mat.other,2023,4,152,152,319
cond-mat.other,2024,1,149,148,233
cond-mat.other,2024,2,150,147,332
cond-mat.other,2024,3,126,123,98
cond-mat.other,2024,4,178,173,276
cond-mat.other,2025,1,171,148,147
cond-mat.other,2025,2,189,162,80
cond-mat.other,2025,3,238,179,72
cond-mat.other,2025,4,189,170,20
cond-mat.other,2026,1,198,198,353
cond-mat.other,2026,2,201,187,3
cond-mat.other,2026,3,33,0,0
cond-mat.quant-gas,2000,3,1,1,84
cond-mat.quant-gas,2001,4,1,1,79
cond-mat.quant-gas,2002,2,3,3,19
cond-mat.quant-gas,2002,3,2,2,132
cond-mat.quant-gas,2002,4,1,1,38
cond-mat.quant-gas,2003,3,1,1,102
cond-mat.quant-gas,2004,1,1,1,7
cond-mat.quant-gas,2004,2,2,2,854
cond-mat.quant-gas,2004,3,1,1,43
cond-mat.quant-gas,2004,4,1,1,67
cond-mat.quant-gas,2005,1,3,3,490
cond-mat.quant-gas,2005,2,3,3,114
cond-mat.quant-gas,2005,3,5,5,127
cond-mat.quant-gas,2005,4,3,3,71
cond-mat.quant-gas,2006,1,1,1,83
cond-mat.quant-gas,2006,2,7,7,1773
cond-mat.quant-gas,2006,3,5,5,111
cond-mat.quant-gas,2006,4,7,7,484
cond-mat.quant-gas,2007,1,6,6,65
cond-mat.quant-gas,2007,2,3,3,52
cond-mat.quant-gas,2007,3,4,4,218
cond-mat.quant-gas,2007,4,5,5,72
cond-mat.quant-gas,2008,1,1,1,11
cond-mat.quant-gas,2008,2,5,5,160
cond-mat.quant-gas,2008,3,10,10,340
cond-mat.quant-gas,2008,4,16,16,1075
cond-mat.quant-gas,2009,1,33,33,2207
cond-mat.quant-gas,2009,2,218,218,13979
cond-mat.quant-gas,2009,3,259,258,11587
cond-mat.quant-gas,2009,4,303,300,17875
cond-mat.quant-gas,2010,1,251,250,15947
cond-mat.quant-gas,2010,2,298,298,18518
cond-mat.quant-gas,2010,3,304,303,22366
cond-mat.quant-gas,2010,4,303,302,13949
cond-mat.quant-gas,2011,1,338,335,21613
cond-mat.quant-gas,2011,2,325,325,17905
cond-mat.quant-gas,2011,3,317,316,16353
cond-mat.quant-gas,2011,4,360,360,17992
cond-mat.quant-gas,2012,1,336,334,15114
cond-mat.quant-gas,2012,2,335,334,20150
cond-mat.quant-gas,2012,3,344,341,13955
cond-mat.quant-gas,2012,4,355,351,17096
cond-mat.quant-gas,2013,1,350,349,14445
cond-mat.quant-gas,2013,2,344,343,21874
cond-mat.quant-gas,2013,3,373,371,17834
cond-mat.quant-gas,2013,4,309,307,12571
cond-mat.quant-gas,2014,1,325,322,15276
cond-mat.quant-gas,2014,2,310,309,17062
cond-mat.quant-gas,2014,3,360,360,20294
cond-mat.quant-gas,2014,4,378,376,16810
cond-mat.quant-gas,2015,1,326,321,14387
cond-mat.quant-gas,2015,2,381,377,16688
cond-mat.quant-gas,2015,3,362,360,17875
cond-mat.quant-gas,2015,4,400,397,14866
cond-mat.quant-gas,2016,1,313,311,16586
cond-mat.quant-gas,2016,2,344,342,19118
cond-mat.quant-gas,2016,3,389,388,21047
cond-mat.quant-gas,2016,4,379,378,15996
cond-mat.quant-gas,2017,1,294,294,10553
cond-mat.quant-gas,2017,2,391,389,16628
cond-mat.quant-gas,2017,3,354,352,15553
cond-mat.quant-gas,2017,4,380,378,14528
cond-mat.quant-gas,2018,1,351,347,19464
cond-mat.quant-gas,2018,2,357,352,17607
cond-mat.quant-gas,2018,3,345,344,12902
cond-mat.quant-gas,2018,4,343,340,14966
cond-mat.quant-gas,2019,1,316,316,10104
cond-mat.quant-gas,2019,2,333,331,11916
cond-mat.quant-gas,2019,3,364,362,12834
cond-mat.quant-gas,2019,4,366,362,13106
cond-mat.quant-gas,2020,1,358,352,11813
cond-mat.quant-gas,2020,2,385,384,12373
cond-mat.quant-gas,2020,3,372,371,8102
cond-mat.quant-gas,2020,4,398,395,10842
cond-mat.quant-gas,2021,1,346,344,7698
cond-mat.quant-gas,2021,2,377,371,6514
cond-mat.quant-gas,2021,3,360,356,5155
cond-mat.quant-gas,2021,4,366,365,3899
cond-mat.quant-gas,2022,1,349,347,2886
cond-mat.quant-gas,2022,2,347,344,1779
cond-mat.quant-gas,2022,3,350,348,564
cond-mat.quant-gas,2022,4,380,372,589
cond-mat.quant-gas,2023,1,312,309,619
cond-mat.quant-gas,2023,2,384,377,517
cond-mat.quant-gas,2023,3,351,348,342
cond-mat.quant-gas,2023,4,394,393,1557
cond-mat.quant-gas,2024,1,362,359,546
cond-mat.quant-gas,2024,2,377,375,455
cond-mat.quant-gas,2024,3,379,369,282
cond-mat.quant-gas,2024,4,413,407,241
cond-mat.quant-gas,2025,1,344,311,232
cond-mat.quant-gas,2025,2,389,358,6100
cond-mat.quant-gas,2025,3,391,307,79
cond-mat.quant-gas,2025,4,392,364,29
cond-mat.quant-gas,2026,1,381,381,31
cond-mat.quant-gas,2026,2,439,409,2
cond-mat.quant-gas,2026,3,68,0,0
cond-mat.soft,1995,4,1,1,15
cond-mat.soft,1996,2,4,4,7
cond-mat.soft,1996,3,2,2,122
cond-mat.soft,1996,4,36,36,2414
cond-mat.soft,1997,1,39,38,1210
cond-mat.soft,1997,2,73,73,4405
cond-mat.soft,1997,3,91,91,5794
cond-mat.soft,1997,4,73,71,3737
cond-mat.soft,1998,1,88,88,8964
cond-mat.soft,1998,2,103,103,8310
cond-mat.soft,1998,3,97,97,6856
cond-mat.soft,1998,4,127,126,6325
cond-mat.soft,1999,1,110,110,6176
cond-mat.soft,1999,2,131,131,7851
cond-mat.soft,1999,3,122,122,6821
cond-mat.soft,1999,4,138,138,7696
cond-mat.soft,2000,1,136,135,7997
cond-mat.soft,2000,2,194,192,10692
cond-mat.soft,2000,3,163,162,13551
cond-mat.soft,2000,4,170,170,6605
cond-mat.soft,2001,1,227,225,13034
cond-mat.soft,2001,2,221,221,18418
cond-mat.soft,2001,3,216,216,14877
cond-mat.soft,2001,4,232,231,13186
cond-mat.soft,2002,1,227,227,13967
cond-mat.soft,2002,2,263,262,23389
cond-mat.soft,2002,3,273,272,24705
cond-mat.soft,2002,4,292,292,15199
cond-mat.soft,2003,1,255,252,13828
cond-mat.soft,2003,2,316,316,20376
cond-mat.soft,2003,3,312,311,16929
cond-mat.soft,2003,4,294,293,17190
cond-mat.soft,2004,1,303,302,18919
cond-mat.soft,2004,2,311,310,22694
cond-mat.soft,2004,3,246,246,11138
cond-mat.soft,2004,4,269,268,12599
cond-mat.soft,2005,1,277,275,17696
cond-mat.soft,2005,2,297,297,12349
cond-mat.soft,2005,3,273,271,15822
cond-mat.soft,2005,4,315,314,16145
cond-mat.soft,2006,1,295,294,15533
cond-mat.soft,2006,2,286,286,14271
cond-mat.soft,2006,3,283,283,13272
cond-mat.soft,2006,4,258,257,13332
cond-mat.soft,2007,1,276,273,15004
cond-mat.soft,2007,2,313,311,16829
cond-mat.soft,2007,3,310,307,14704
cond-mat.soft,2007,4,284,283,16263
cond-mat.soft,2008,1,249,248,11618
cond-mat.soft,2008,2,277,275,11201
cond-mat.soft,2008,3,300,300,10292
cond-mat.soft,2008,4,267,267,12893
cond-mat.soft,2009,1,261,260,12094
cond-mat.soft,2009,2,238,237,9629
cond-mat.soft,2009,3,270,267,14036
cond-mat.soft,2009,4,308,306,14450
cond-mat.soft,2010,1,270,269,9465
cond-mat.soft,2010,2,329,325,16406
cond-mat.soft,2010,3,294,292,13757
cond-mat.soft,2010,4,344,342,15957
cond-mat.soft,2011,1,306,303,10498
cond-mat.soft,2011,2,305,303,12115
cond-mat.soft,2011,3,301,295,15419
cond-mat.soft,2011,4,279,278,11906
cond-mat.soft,2012,1,368,364,17147
cond-mat.soft,2012,2,316,308,13594
cond-mat.soft,2012,3,349,347,13249
cond-mat.soft,2012,4,357,348,12341
cond-mat.soft,2013,1,387,384,20860
cond-mat.soft,2013,2,421,417,17428
cond-mat.soft,2013,3,432,426,20192
cond-mat.soft,2013,4,435,432,16961
cond-mat.soft,2014,1,442,433,18899
cond-mat.soft,2014,2,372,368,18542
cond-mat.soft,2014,3,416,412,18480
cond-mat.soft,2014,4,450,441,16298
cond-mat.soft,2015,1,432,425,15784
cond-mat.soft,2015,2,471,460,15233
cond-mat.soft,2015,3,500,480,15902
cond-mat.soft,2015,4,480,463,17204
cond-mat.soft,2016,1,505,492,18795
cond-mat.soft,2016,2,482,471,14087
cond-mat.soft,2016,3,505,491,13236
cond-mat.soft,2016,4,514,508,17635
cond-mat.soft,2017,1,460,456,12821
cond-mat.soft,2017,2,425,418,10668
cond-mat.soft,2017,3,474,456,12454
cond-mat.soft,2017,4,538,517,11785
cond-mat.soft,2018,1,527,502,14768
cond-mat.soft,2018,2,477,462,12083
cond-mat.soft,2018,3,505,499,11460
cond-mat.soft,2018,4,526,515,12752
cond-mat.soft,2019,1,527,512,13087
cond-mat.soft,2019,2,553,532,11411
cond-mat.soft,2019,3,580,560,10219
cond-mat.soft,2019,4,610,574,13231
cond-mat.soft,2020,1,576,554,12924
cond-mat.soft,2020,2,644,614,11746
cond-mat.soft,2020,3,630,598,12752
cond-mat.soft,2020,4,650,626,9484
cond-mat.soft,2021,1,667,638,8671
cond-mat.soft,2021,2,572,559,9615
cond-mat.soft,2021,3,566,550,5033
cond-mat.soft,2021,4,573,552,4601
cond-mat.soft,2022,1,603,590,4070
cond-mat.soft,2022,2,564,557,2346
cond-mat.soft,2022,3,549,543,1364
cond-mat.soft,2022,4,550,543,925
cond-mat.soft,2023,1,551,545,980
cond-mat.soft,2023,2,593,585,886
cond-mat.soft,2023,3,567,557,812
cond-mat.soft,2023,4,665,651,719
cond-mat.soft,2024,1,683,668,2119
cond-mat.soft,2024,2,585,578,717
cond-mat.soft,2024,3,680,665,769
cond-mat.soft,2024,4,655,640,401
cond-mat.soft,2025,1,696,607,920
cond-mat.soft,2025,2,679,595,585
cond-mat.soft,2025,3,738,526,244
cond-mat.soft,2025,4,700,622,239
cond-mat.soft,2026,1,695,695,224
cond-mat.soft,2026,2,750,702,401
cond-mat.soft,2026,3,127,0,0
cond-mat.stat-mech,1993,1,1,1,18
cond-mat.stat-mech,1993,2,1,1,11
cond-mat.stat-mech,1993,4,2,2,157
cond-mat.stat-mech,1994,1,1,1,149
cond-mat.stat-mech,1994,2,1,1,21
cond-mat.stat-mech,1994,3,2,2,36
cond-mat.stat-mech,1994,4,2,2,33
cond-mat.stat-mech,1995,1,1,1,16
cond-mat.stat-mech,1995,2,1,1,7
cond-mat.stat-mech,1995,3,3,3,200
cond-mat.stat-mech,1995,4,2,2,247
cond-mat.stat-mech,1996,1,4,4,117
cond-mat.stat-mech,1996,2,8,8,353
cond-mat.stat-mech,1996,3,12,12,739
cond-mat.stat-mech,1996,4,206,206,12916
cond-mat.stat-mech,1997,1,183,183,7235
cond-mat.stat-mech,1997,2,250,249,11016
cond-mat.stat-mech,1997,3,260,260,15844
cond-mat.stat-mech,1997,4,287,286,16013
cond-mat.stat-mech,1998,1,333,332,17918
cond-mat.stat-mech,1998,2,378,377,33549
cond-mat.stat-mech,1998,3,360,359,14300
cond-mat.stat-mech,1998,4,374,373,14733
cond-mat.stat-mech,1999,1,362,361,22090
cond-mat.stat-mech,1999,2,432,432,23129
cond-mat.stat-mech,1999,3,410,408,23372
cond-mat.stat-mech,1999,4,486,482,59811
cond-mat.stat-mech,2000,1,484,481,29833
cond-mat.stat-mech,2000,2,502,499,22881
cond-mat.stat-mech,2000,3,482,479,44545
cond-mat.stat-mech,2000,4,493,491,44908
cond-mat.stat-mech,2001,1,505,501,33204
cond-mat.stat-mech,2001,2,563,560,66476
cond-mat.stat-mech,2001,3,533,533,26419
cond-mat.stat-mech,2001,4,571,570,43709
cond-mat.stat-mech,2002,1,532,531,34447
cond-mat.stat-mech,2002,2,536,534,36182
cond-mat.stat-mech,2002,3,568,564,33587
cond-mat.stat-mech,2002,4,619,615,26533
cond-mat.stat-mech,2003,1,606,603,44515
cond-mat.stat-mech,2003,2,611,609,30353
cond-mat.stat-mech,2003,3,590,588,44741
cond-mat.stat-mech,2003,4,657,654,34489
cond-mat.stat-mech,2004,1,666,663,34262
cond-mat.stat-mech,2004,2,653,651,33157
cond-mat.stat-mech,2004,3,617,617,41728
cond-mat.stat-mech,2004,4,690,689,29168
cond-mat.stat-mech,2005,1,671,669,31704
cond-mat.stat-mech,2005,2,657,656,37684
cond-mat.stat-mech,2005,3,681,679,41826
cond-mat.stat-mech,2005,4,676,672,28049
cond-mat.stat-mech,2006,1,633,630,51386
cond-mat.stat-mech,2006,2,621,617,34984
cond-mat.stat-mech,2006,3,616,615,30029
cond-mat.stat-mech,2006,4,633,632,32345
cond-mat.stat-mech,2007,1,648,645,38085
cond-mat.stat-mech,2007,2,594,591,29559
cond-mat.stat-mech,2007,3,593,590,34584
cond-mat.stat-mech,2007,4,673,668,28706
cond-mat.stat-mech,2008,1,617,615,73036
cond-mat.stat-mech,2008,2,634,630,32612
cond-mat.stat-mech,2008,3,664,660,25572
cond-mat.stat-mech,2008,4,657,651,23098
cond-mat.stat-mech,2009,1,588,585,25822
cond-mat.stat-mech,2009,2,548,546,34143
cond-mat.stat-mech,2009,3,617,614,29026
cond-mat.stat-mech,2009,4,665,658,26328
cond-mat.stat-mech,2010,1,606,600,22736
cond-mat.stat-mech,2010,2,612,605,23147
cond-mat.stat-mech,2010,3,624,622,28971
cond-mat.stat-mech,2010,4,687,681,32771
cond-mat.stat-mech,2011,1,620,616,24788
cond-mat.stat-mech,2011,2,728,721,29083
cond-mat.stat-mech,2011,3,646,636,24978
cond-mat.stat-mech,2011,4,724,712,28255
cond-mat.stat-mech,2012,1,699,685,27765
cond-mat.stat-mech,2012,2,720,708,28027
cond-mat.stat-mech,2012,3,705,701,23290
cond-mat.stat-mech,2012,4,744,736,23913
cond-mat.stat-mech,2013,1,665,662,28436
cond-mat.stat-mech,2013,2,704,695,27714
cond-mat.stat-mech,2013,3,704,695,27600
cond-mat.stat-mech,2013,4,634,624,24117
cond-mat.stat-mech,2014,1,692,685,24720
cond-mat.stat-mech,2014,2,683,678,30282
cond-mat.stat-mech,2014,3,715,707,36422
cond-mat.stat-mech,2014,4,726,708,25430
cond-mat.stat-mech,2015,1,712,688,24880
cond-mat.stat-mech,2015,2,656,635,19377
cond-mat.stat-mech,2015,3,692,677,23356
cond-mat.stat-mech,2015,4,718,700,23667
cond-mat.stat-mech,2016,1,728,712,25520
cond-mat.stat-mech,2016,2,684,668,23445
cond-mat.stat-mech,2016,3,721,714,26747
cond-mat.stat-mech,2016,4,738,725,23377
cond-mat.stat-mech,2017,1,690,683,20741
cond-mat.stat-mech,2017,2,758,750,25444
cond-mat.stat-mech,2017,3,720,702,23118
cond-mat.stat-mech,2017,4,771,756,21325
cond-mat.stat-mech,2018,1,727,715,23905
cond-mat.stat-mech,2018,2,772,756,26859
cond-mat.stat-mech,2018,3,763,746,21802
cond-mat.stat-mech,2018,4,733,724,20914
cond-mat.stat-mech,2019,1,732,721,19039
cond-mat.stat-mech,2019,2,903,884,23224
cond-mat.stat-mech,2019,3,831,809,18062
cond-mat.stat-mech,2019,4,922,897,24284
cond-mat.stat-mech,2020,1,784,767,19457
cond-mat.stat-mech,2020,2,907,880,21774
cond-mat.stat-mech,2020,3,945,926,18873
cond-mat.stat-mech,2020,4,913,887,16624
cond-mat.stat-mech,2021,1,837,823,14382
cond-mat.stat-mech,2021,2,924,909,12717
cond-mat.stat-mech,2021,3,858,844,10222
cond-mat.stat-mech,2021,4,939,932,8568
cond-mat.stat-mech,2022,1,882,875,6083
cond-mat.stat-mech,2022,2,933,924,3626
cond-mat.stat-mech,2022,3,858,851,1685
cond-mat.stat-mech,2022,4,897,887,1694
cond-mat.stat-mech,2023,1,860,856,1379
cond-mat.stat-mech,2023,2,937,924,1413
cond-mat.stat-mech,2023,3,965,958,910
cond-mat.stat-mech,2023,4,1016,1008,676
cond-mat.stat-mech,2024,1,938,932,1693
cond-mat.stat-mech,2024,2,978,961,1060
cond-mat.stat-mech,2024,3,954,931,785
cond-mat.stat-mech,2024,4,1070,1048,503
cond-mat.stat-mech,2025,1,909,811,812
cond-mat.stat-mech,2025,2,983,884,608
cond-mat.stat-mech,2025,3,1069,817,883
cond-mat.stat-mech,2025,4,1087,969,111
cond-mat.stat-mech,2026,1,1161,1160,49
cond-mat.stat-mech,2026,2,1341,1257,5
cond-mat.stat-mech,2026,3,203,0,0
cond-mat.str-el,1993,4,1,1,11
cond-mat.str-el,1994,4,1,1,9
cond-mat.str-el,1995,2,1,1,7
cond-mat.str-el,1995,3,2,2,18
cond-mat.str-el,1995,4,1,1,7
cond-mat.str-el,1996,1,1,1,12
cond-mat.str-el,1996,2,2,2,20
cond-mat.str-el,1996,3,5,5,639
cond-mat.str-el,1996,4,110,110,6102
cond-mat.str-el,1997,1,152,151,6540
cond-mat.str-el,1997,2,190,190,9080
cond-mat.str-el,1997,3,163,163,10600
cond-mat.str-el,1997,4,172,172,8550
cond-mat.str-el,1998,1,203,202,8799
cond-mat.str-el,1998,2,241,241,10162
cond-mat.str-el,1998,3,263,262,12027
cond-mat.str-el,1998,4,290,290,11191
cond-mat.str-el,1999,1,269,269,12493
cond-mat.str-el,1999,2,300,300,15756
cond-mat.str-el,1999,3,340,339,13385
cond-mat.str-el,1999,4,369,369,18005
cond-mat.str-el,2000,1,318,316,13994
cond-mat.str-el,2000,2,362,361,15367
cond-mat.str-el,2000,3,343,342,16328
cond-mat.str-el,2000,4,357,356,20366
cond-mat.str-el,2001,1,350,349,20305
cond-mat.str-el,2001,2,412,411,14639
cond-mat.str-el,2001,3,416,413,18792
cond-mat.str-el,2001,4,371,371,13789
cond-mat.str-el,2002,1,381,380,21408
cond-mat.str-el,2002,2,422,421,19673
cond-mat.str-el,2002,3,419,419,15622
cond-mat.str-el,2002,4,463,462,19664
cond-mat.str-el,2003,1,390,388,14684
cond-mat.str-el,2003,2,504,502,22090
cond-mat.str-el,2003,3,430,428,22357
cond-mat.str-el,2003,4,485,485,24272
cond-mat.str-el,2004,1,487,487,29909
cond-mat.str-el,2004,2,517,517,30395
cond-mat.str-el,2004,3,528,528,29780
cond-mat.str-el,2004,4,476,474,19438
cond-mat.str-el,2005,1,547,545,25556
cond-mat.str-el,2005,2,543,543,21859
cond-mat.str-el,2005,3,558,556,60943
cond-mat.str-el,2005,4,561,560,37578
cond-mat.str-el,2006,1,540,539,32913
cond-mat.str-el,2006,2,554,552,27610
cond-mat.str-el,2006,3,550,550,24803
cond-mat.str-el,2006,4,569,567,33299
cond-mat.str-el,2007,1,535,535,25051
cond-mat.str-el,2007,2,567,566,31188
cond-mat.str-el,2007,3,586,586,38577
cond-mat.str-el,2007,4,569,569,30532
cond-mat.str-el,2008,1,573,572,42249
cond-mat.str-el,2008,2,709,707,43059
cond-mat.str-el,2008,3,716,715,43477
cond-mat.str-el,2008,4,684,681,29695
cond-mat.str-el,2009,1,622,619,41444
cond-mat.str-el,2009,2,664,663,38841
cond-mat.str-el,2009,3,656,653,37234
cond-mat.str-el,2009,4,640,636,35660
cond-mat.str-el,2010,1,644,643,36055
cond-mat.str-el,2010,2,688,684,44996
cond-mat.str-el,2010,3,658,657,34567
cond-mat.str-el,2010,4,598,597,36016
cond-mat.str-el,2011,1,653,651,37041
cond-mat.str-el,2011,2,712,710,42361
cond-mat.str-el,2011,3,677,674,33668
cond-mat.str-el,2011,4,760,758,35156
cond-mat.str-el,2012,1,666,665,35286
cond-mat.str-el,2012,2,759,758,40947
cond-mat.str-el,2012,3,759,757,38539
cond-mat.str-el,2012,4,757,757,33846
cond-mat.str-el,2013,1,724,719,31839
cond-mat.str-el,2013,2,700,697,36062
cond-mat.str-el,2013,3,769,765,39661
cond-mat.str-el,2013,4,759,756,32281
cond-mat.str-el,2014,1,717,714,35309
cond-mat.str-el,2014,2,759,755,37966
cond-mat.str-el,2014,3,823,816,34524
cond-mat.str-el,2014,4,804,794,34060
cond-mat.str-el,2015,1,743,738,34258
cond-mat.str-el,2015,2,783,775,37762
cond-mat.str-el,2015,3,823,820,38837
cond-mat.str-el,2015,4,761,757,30792
cond-mat.str-el,2016,1,814,813,39733
cond-mat.str-el,2016,2,802,797,36469
cond-mat.str-el,2016,3,856,855,36457
cond-mat.str-el,2016,4,834,828,43046
cond-mat.str-el,2017,1,729,728,34058
cond-mat.str-el,2017,2,833,830,39402
cond-mat.str-el,2017,3,767,764,31188
cond-mat.str-el,2017,4,857,854,33618
cond-mat.str-el,2018,1,824,819,53392
cond-mat.str-el,2018,2,918,913,38529
cond-mat.str-el,2018,3,893,890,35324
cond-mat.str-el,2018,4,897,889,31507
cond-mat.str-el,2019,1,907,902,37345
cond-mat.str-el,2019,2,994,990,36160
cond-mat.str-el,2019,3,1043,1034,35756
cond-mat.str-el,2019,4,1114,1101,36701
cond-mat.str-el,2020,1,963,955,29153
cond-mat.str-el,2020,2,1012,1010,28919
cond-mat.str-el,2020,3,1073,1064,31073
cond-mat.str-el,2020,4,1077,1073,28504
cond-mat.str-el,2021,1,997,988,22848
cond-mat.str-el,2021,2,1011,1007,21456
cond-mat.str-el,2021,3,1035,1026,15639
cond-mat.str-el,2021,4,1127,1121,15412
cond-mat.str-el,2022,1,1002,996,9229
cond-mat.str-el,2022,2,963,956,6777
cond-mat.str-el,2022,3,1030,1015,2528
cond-mat.str-el,2022,4,1077,1071,2645
cond-mat.str-el,2023,1,1026,1014,2171
cond-mat.str-el,2023,2,1010,995,2742
cond-mat.str-el,2023,3,1099,1091,2192
cond-mat.str-el,2023,4,1218,1205,1587
cond-mat.str-el,2024,1,1042,1028,3234
cond-mat.str-el,2024,2,1106,1100,1848
cond-mat.str-el,2024,3,1075,1055,1594
cond-mat.str-el,2024,4,1136,1114,860
cond-mat.str-el,2025,1,1133,1021,1306
cond-mat.str-el,2025,2,1089,997,1029
cond-mat.str-el,2025,3,1280,1001,535
cond-mat.str-el,2025,4,1263,1159,218
cond-mat.str-el,2026,1,1199,1198,74
cond-mat.str-el,2026,2,1331,1251,17
cond-mat.str-el,2026,3,244,0,0
cond-mat.supr-con,1993,3,2,2,68
cond-mat.supr-con,1993,4,1,1,13
cond-mat.supr-con,1994,1,2,2,20
cond-mat.supr-con,1994,4,6,6,142
cond-mat.supr-con,1995,1,5,5,604
cond-mat.supr-con,1995,2,8,8,1445
cond-mat.supr-con,1995,3,19,19,768
cond-mat.supr-con,1995,4,7,7,237
cond-mat.supr-con,1996,1,5,5,360
cond-mat.supr-con,1996,2,8,8,481
cond-mat.supr-con,1996,3,24,24,650
cond-mat.supr-con,1996,4,99,99,6766
cond-mat.supr-con,1997,1,117,116,6367
cond-mat.supr-con,1997,2,136,136,5286
cond-mat.supr-con,1997,3,118,118,4026
cond-mat.supr-con,1997,4,156,156,5733
cond-mat.supr-con,1998,1,147,147,5295
cond-mat.supr-con,1998,2,156,156,5629
cond-mat.supr-con,1998,3,172,172,7223
cond-mat.supr-con,1998,4,224,224,8276
cond-mat.supr-con,1999,1,203,203,8140
cond-mat.supr-con,1999,2,234,232,16439
cond-mat.supr-con,1999,3,269,269,9268
cond-mat.supr-con,1999,4,290,290,11123
cond-mat.supr-con,2000,1,277,275,9631
cond-mat.supr-con,2000,2,260,260,12216
cond-mat.supr-con,2000,3,240,238,10865
cond-mat.supr-con,2000,4,279,278,13213
cond-mat.supr-con,2001,1,347,346,29557
cond-mat.supr-con,2001,2,422,422,20436
cond-mat.supr-con,2001,3,368,367,13120
cond-mat.supr-con,2001,4,343,342,14050
cond-mat.supr-con,2002,1,351,351,15515
cond-mat.supr-con,2002,2,342,341,13647
cond-mat.supr-con,2002,3,384,383,19643
cond-mat.supr-con,2002,4,344,344,14247
cond-mat.supr-con,2003,1,340,340,11169
cond-mat.supr-con,2003,2,419,419,14390
cond-mat.supr-con,2003,3,352,352,15570
cond-mat.supr-con,2003,4,351,351,14567
cond-mat.supr-con,2004,1,326,326,17307
cond-mat.supr-con,2004,2,420,418,18986
cond-mat.supr-con,2004,3,408,408,21269
cond-mat.supr-con,2004,4,400,398,13943
cond-mat.supr-con,2005,1,335,334,13228
cond-mat.supr-con,2005,2,358,357,15350
cond-mat.supr-con,2005,3,367,365,14031
cond-mat.supr-con,2005,4,353,353,15159
cond-mat.supr-con,2006,1,355,354,14749
cond-mat.supr-con,2006,2,374,374,12949
cond-mat.supr-con,2006,3,377,376,15357
cond-mat.supr-con,2006,4,376,376,14569
cond-mat.supr-con,2007,1,311,311,11791
cond-mat.supr-con,2007,2,334,334,12139
cond-mat.supr-con,2007,3,323,323,15367
cond-mat.supr-con,2007,4,303,303,14357
cond-mat.supr-con,2008,1,354,354,29353
cond-mat.supr-con,2008,2,553,552,45313
cond-mat.supr-con,2008,3,518,518,37207
cond-mat.supr-con,2008,4,524,524,28256
cond-mat.supr-con,2009,1,506,503,36329
cond-mat.supr-con,2009,2,420,420,21823
cond-mat.supr-con,2009,3,423,423,20541
cond-mat.supr-con,2009,4,451,451,27111
cond-mat.supr-con,2010,1,431,431,30642
cond-mat.supr-con,2010,2,449,448,27056
cond-mat.supr-con,2010,3,471,470,34473
cond-mat.supr-con,2010,4,408,406,18879
cond-mat.supr-con,2011,1,462,461,23616
cond-mat.supr-con,2011,2,431,430,23235
cond-mat.supr-con,2011,3,455,454,22473
cond-mat.supr-con,2011,4,485,484,19725
cond-mat.supr-con,2012,1,423,420,22035
cond-mat.supr-con,2012,2,487,486,30792
cond-mat.supr-con,2012,3,499,499,26181
cond-mat.supr-con,2012,4,447,447,18736
cond-mat.supr-con,2013,1,455,452,18041
cond-mat.supr-con,2013,2,436,435,20256
cond-mat.supr-con,2013,3,457,456,17865
cond-mat.supr-con,2013,4,438,436,16528
cond-mat.supr-con,2014,1,427,421,21874
cond-mat.supr-con,2014,2,415,414,18947
cond-mat.supr-con,2014,3,430,430,15702
cond-mat.supr-con,2014,4,440,435,17471
cond-mat.supr-con,2015,1,402,400,19484
cond-mat.supr-con,2015,2,424,423,24568
cond-mat.supr-con,2015,3,425,422,21452
cond-mat.supr-con,2015,4,414,413,17546
cond-mat.supr-con,2016,1,442,442,18101
cond-mat.supr-con,2016,2,436,430,13982
cond-mat.supr-con,2016,3,433,432,17165
cond-mat.supr-con,2016,4,379,375,12980
cond-mat.supr-con,2017,1,395,394,12383
cond-mat.supr-con,2017,2,403,401,15746
cond-mat.supr-con,2017,3,380,380,11130
cond-mat.supr-con,2017,4,448,443,13185
cond-mat.supr-con,2018,1,404,403,20286
cond-mat.supr-con,2018,2,402,400,14294
cond-mat.supr-con,2018,3,422,419,15850
cond-mat.supr-con,2018,4,401,398,13502
cond-mat.supr-con,2019,1,437,435,15300
cond-mat.supr-con,2019,2,445,442,13327
cond-mat.supr-con,2019,3,464,458,14825
cond-mat.supr-con,2019,4,426,423,11481
cond-mat.supr-con,2020,1,384,383,10651
cond-mat.supr-con,2020,2,405,400,10491
cond-mat.supr-con,2020,3,434,430,8755
cond-mat.supr-con,2020,4,477,476,13408
cond-mat.supr-con,2021,1,495,494,13835
cond-mat.supr-con,2021,2,481,475,11772
cond-mat.supr-con,2021,3,502,498,6484
cond-mat.supr-con,2021,4,495,494,6503
cond-mat.supr-con,2022,1,474,472,4963
cond-mat.supr-con,2022,2,438,436,3240
cond-mat.supr-con,2022,3,444,443,1415
cond-mat.supr-con,2022,4,492,487,1467
cond-mat.supr-con,2023,1,471,466,1156
cond-mat.supr-con,2023,2,488,477,1591
cond-mat.supr-con,2023,3,586,582,1663
cond-mat.supr-con,2023,4,550,544,963
cond-mat.supr-con,2024,1,486,481,1805
cond-mat.supr-con,2024,2,465,463,861
cond-mat.supr-con,2024,3,492,483,974
cond-mat.supr-con,2024,4,541,533,567
cond-mat.supr-con,2025,1,539,489,829
cond-mat.supr-con,2025,2,497,452,385
cond-mat.supr-con,2025,3,559,438,337
cond-mat.supr-con,2025,4,574,524,158
cond-mat.supr-con,2026,1,515,515,34
cond-mat.supr-con,2026,2,598,554,15
cond-mat.supr-con,2026,3,109,0,0
cs.AI,1993,3,3,3,0
cs.AI,1993,4,3,3,4
cs.AI,1994,1,5,5,104
cs.AI,1994,2,2,2,3
cs.AI,1994,3,4,4,0
cs.AI,1994,4,3,3,6
cs.AI,1995,1,5,5,12
cs.AI,1995,2,8,7,2
cs.AI,1995,3,3,3,0
cs.AI,1995,4,11,11,3
cs.AI,1996,1,7,7,179
cs.AI,1996,2,11,11,117
cs.AI,1996,3,4,4,0
cs.AI,1996,4,6,6,0
cs.AI,1997,1,4,4,68
cs.AI,1997,2,5,5,16
cs.AI,1997,3,5,5,9
cs.AI,1997,4,6,6,1
cs.AI,1998,1,5,4,0
cs.AI,1998,2,3,3,44
cs.AI,1998,3,11,11,287
cs.AI,1998,4,11,10,519
cs.AI,1999,1,11,10,56
cs.AI,1999,2,8,8,2636
cs.AI,1999,3,10,10,109
cs.AI,1999,4,4,4,0
cs.AI,2000,1,63,62,725
cs.AI,2000,2,24,23,1017
cs.AI,2000,3,24,23,166
cs.AI,2000,4,14,13,119
cs.AI,2001,1,9,9,2114
cs.AI,2001,2,24,24,703
cs.AI,2001,3,17,17,30
cs.AI,2001,4,17,17,308
cs.AI,2002,1,34,34,357
cs.AI,2002,2,25,24,478
cs.AI,2002,3,39,39,317
cs.AI,2002,4,22,22,1851
cs.AI,2003,1,18,18,124
cs.AI,2003,2,40,39,170
cs.AI,2003,3,31,30,352
cs.AI,2003,4,44,42,241
cs.AI,2004,1,23,22,88
cs.AI,2004,2,53,52,592
cs.AI,2004,3,36,36,361
cs.AI,2004,4,53,52,1150
cs.AI,2005,1,41,41,328
cs.AI,2005,2,46,45,741
cs.AI,2005,3,34,34,647
cs.AI,2005,4,35,34,287
cs.AI,2006,1,34,34,452
cs.AI,2006,2,43,43,656
cs.AI,2006,3,41,38,131
cs.AI,2006,4,51,51,692
cs.AI,2007,1,32,32,499
cs.AI,2007,2,63,60,837
cs.AI,2007,3,45,45,686
cs.AI,2007,4,53,52,390
cs.AI,2008,1,53,49,962
cs.AI,2008,2,83,78,1123
cs.AI,2008,3,59,54,887
cs.AI,2008,4,82,80,1000
cs.AI,2009,1,99,96,1653
cs.AI,2009,2,108,106,1036
cs.AI,2009,3,84,81,1170
cs.AI,2009,4,91,86,1356
cs.AI,2010,1,113,103,5657
cs.AI,2010,2,140,127,1144
cs.AI,2010,3,108,107,1198
cs.AI,2010,4,116,109,2598
cs.AI,2011,1,113,110,2000
cs.AI,2011,2,283,277,65311
cs.AI,2011,3,229,224,6268
cs.AI,2011,4,161,158,5096
cs.AI,2012,1,229,220,4749
cs.AI,2012,2,336,319,7515
cs.AI,2012,3,268,260,4751
cs.AI,2012,4,302,300,8642
cs.AI,2013,1,1107,1094,32977
cs.AI,2013,2,217,213,4564
cs.AI,2013,3,214,198,5921
cs.AI,2013,4,192,185,3797
cs.AI,2014,1,336,329,13288
cs.AI,2014,2,266,258,7870
cs.AI,2014,3,191,174,3145
cs.AI,2014,4,234,225,13067
cs.AI,2015,1,235,230,6745
cs.AI,2015,2,278,263,11020
cs.AI,2015,3,278,262,6110
cs.AI,2015,4,326,312,10543
cs.AI,2016,1,344,313,15720
cs.AI,2016,2,567,513,29273
cs.AI,2016,3,456,411,17797
cs.AI,2016,4,578,559,37232
cs.AI,2017,1,522,493,33472
cs.AI,2017,2,725,651,32435
cs.AI,2017,3,795,714,34133
cs.AI,2017,4,775,709,29350
cs.AI,2018,1,873,788,41264
cs.AI,2018,2,1172,1059,33476
cs.AI,2018,3,1030,956,26575
cs.AI,2018,4,1205,1109,38789
cs.AI,2019,1,945,861,23880
cs.AI,2019,2,1429,1252,43090
cs.AI,2019,3,1233,1111,24587
cs.AI,2019,4,1152,1047,17759
cs.AI,2020,1,1201,1090,23532
cs.AI,2020,2,1501,1313,22497
cs.AI,2020,3,1793,1641,21345
cs.AI,2020,4,2923,2667,54539
cs.AI,2021,1,2735,2535,39062
cs.AI,2021,2,3303,3056,47122
cs.AI,2021,3,3043,2862,31962
cs.AI,2021,4,3442,3348,23606
cs.AI,2022,1,3280,3209,35761
cs.AI,2022,2,3888,3855,31863
cs.AI,2022,3,3331,3296,19154
cs.AI,2022,4,4308,4282,22827
cs.AI,2023,1,4152,4127,28185
cs.AI,2023,2,5641,5600,35251
cs.AI,2023,3,5317,5283,25038
cs.AI,2023,4,6747,6702,20731
cs.AI,2024,1,7290,7195,23908
cs.AI,2024,2,8480,8355,17006
cs.AI,2024,3,7727,7464,10362
cs.AI,2024,4,9542,9355,9300
cs.AI,2025,1,9653,7738,7185
cs.AI,2025,2,11788,9769,4152
cs.AI,2025,3,11564,7286,1996
cs.AI,2025,4,12141,10312,2481
cs.AI,2026,1,13689,13669,1196
cs.AI,2026,2,17099,15850,669
cs.AI,2026,3,2112,1,2
cs.AR,1998,3,2,2,12
cs.AR,1998,4,2,2,9
cs.AR,1999,1,1,1,0
cs.AR,1999,4,2,2,12
cs.AR,2000,2,1,1,84
cs.AR,2000,3,1,1,22
cs.AR,2000,4,1,1,1
cs.AR,2001,1,1,1,0
cs.AR,2001,3,1,1,8
cs.AR,2001,4,4,4,15
cs.AR,2002,2,1,1,2
cs.AR,2002,3,2,2,1
cs.AR,2003,1,2,2,1
cs.AR,2003,2,1,1,0
cs.AR,2003,3,3,3,1
cs.AR,2003,4,3,3,53
cs.AR,2004,1,2,2,3
cs.AR,2004,2,2,2,2
cs.AR,2004,3,4,4,2
cs.AR,2004,4,6,6,8
cs.AR,2005,1,3,3,0
cs.AR,2005,2,3,3,24
cs.AR,2005,3,4,4,15
cs.AR,2005,4,3,3,1
cs.AR,2006,1,6,6,76
cs.AR,2006,2,10,10,20
cs.AR,2006,3,8,8,94
cs.AR,2006,4,3,3,22
cs.AR,2007,1,5,5,209
cs.AR,2007,2,8,7,138
cs.AR,2007,3,5,5,136
cs.AR,2007,4,116,103,325
cs.AR,2008,1,2,2,1
cs.AR,2008,2,1,1,9
cs.AR,2008,3,5,5,28
cs.AR,2008,4,3,3,2
cs.AR,2009,1,5,5,31
cs.AR,2009,2,5,5,769
cs.AR,2009,3,5,5,91
cs.AR,2009,4,6,6,89
cs.AR,2010,1,10,10,15
cs.AR,2010,2,1,1,17
cs.AR,2010,3,24,24,326
cs.AR,2010,4,6,6,5
cs.AR,2011,1,6,6,14
cs.AR,2011,2,14,14,49
cs.AR,2011,3,9,9,32
cs.AR,2011,4,20,20,577
cs.AR,2012,1,13,13,75
cs.AR,2012,2,17,16,68
cs.AR,2012,3,12,10,27
cs.AR,2012,4,9,8,16
cs.AR,2013,1,16,15,72
cs.AR,2013,2,17,17,171
cs.AR,2013,3,26,24,568
cs.AR,2013,4,20,20,141
cs.AR,2014,1,42,40,463
cs.AR,2014,2,21,21,128
cs.AR,2014,3,14,14,208
cs.AR,2014,4,20,19,239
cs.AR,2015,1,24,23,297
cs.AR,2015,2,19,19,318
cs.AR,2015,3,26,25,339
cs.AR,2015,4,14,14,130
cs.AR,2016,1,30,28,428
cs.AR,2016,2,37,37,420
cs.AR,2016,3,26,26,120
cs.AR,2016,4,43,43,1437
cs.AR,2017,1,32,32,313
cs.AR,2017,2,50,48,651
cs.AR,2017,3,36,35,1357
cs.AR,2017,4,65,59,864
cs.AR,2018,1,71,64,1225
cs.AR,2018,2,75,72,664
cs.AR,2018,3,53,51,771
cs.AR,2018,4,51,47,1101
cs.AR,2019,1,47,45,1131
cs.AR,2019,2,60,58,829
cs.AR,2019,3,72,64,337
cs.AR,2019,4,66,61,571
cs.AR,2020,1,59,52,542
cs.AR,2020,2,111,100,952
cs.AR,2020,3,191,175,1626
cs.AR,2020,4,170,154,1132
cs.AR,2021,1,175,166,1824
cs.AR,2021,2,202,194,968
cs.AR,2021,3,173,160,1296
cs.AR,2021,4,176,173,1320
cs.AR,2022,1,191,186,807
cs.AR,2022,2,221,216,838
cs.AR,2022,3,193,188,732
cs.AR,2022,4,184,178,590
cs.AR,2023,1,209,208,432
cs.AR,2023,2,249,244,784
cs.AR,2023,3,240,237,1016
cs.AR,2023,4,245,244,341
cs.AR,2024,1,276,273,819
cs.AR,2024,2,305,295,392
cs.AR,2024,3,333,328,343
cs.AR,2024,4,344,342,378
cs.AR,2025,1,397,326,243
cs.AR,2025,2,447,391,219
cs.AR,2025,3,431,286,66
cs.AR,2025,4,439,388,67
cs.AR,2026,1,448,446,135
cs.AR,2026,2,635,586,14
cs.AR,2026,3,102,0,0
cs.CC,1990,1,1,1,0
cs.CC,1991,3,1,1,0
cs.CC,1994,3,7,7,16
cs.CC,1994,4,4,4,14
cs.CC,1995,2,1,1,0
cs.CC,1995,3,1,1,9
cs.CC,1996,2,1,1,24
cs.CC,1997,1,2,2,88
cs.CC,1998,1,2,2,219
cs.CC,1998,2,4,4,54
cs.CC,1998,3,18,16,27
cs.CC,1998,4,7,6,17
cs.CC,1999,1,12,12,31
cs.CC,1999,2,17,16,168
cs.CC,1999,3,15,15,146
cs.CC,1999,4,20,20,72
cs.CC,2000,1,6,6,244
cs.CC,2000,2,13,13,641
cs.CC,2000,3,11,11,204
cs.CC,2000,4,14,13,265
cs.CC,2001,1,14,14,263
cs.CC,2001,2,13,13,77
cs.CC,2001,3,13,13,567
cs.CC,2001,4,28,28,355
cs.CC,2002,1,11,10,53
cs.CC,2002,2,27,26,697
cs.CC,2002,3,27,27,508
cs.CC,2002,4,26,24,610
cs.CC,2003,1,21,21,276
cs.CC,2003,2,30,30,411
cs.CC,2003,3,23,21,252
cs.CC,2003,4,15,14,293
cs.CC,2004,1,10,9,235
cs.CC,2004,2,19,16,1676
cs.CC,2004,3,21,16,1434
cs.CC,2004,4,29,28,264
cs.CC,2005,1,37,35,434
cs.CC,2005,2,38,36,461
cs.CC,2005,3,29,27,417
cs.CC,2005,4,27,24,161
cs.CC,2006,1,34,29,869
cs.CC,2006,2,45,44,454
cs.CC,2006,3,54,53,851
cs.CC,2006,4,33,33,1391
cs.CC,2007,1,55,52,689
cs.CC,2007,2,45,43,794
cs.CC,2007,3,49,46,572
cs.CC,2007,4,50,49,337
cs.CC,2008,1,92,86,752
cs.CC,2008,2,56,54,503
cs.CC,2008,3,55,53,370
cs.CC,2008,4,66,60,626
cs.CC,2009,1,83,78,719
cs.CC,2009,2,87,83,1005
cs.CC,2009,3,89,84,544
cs.CC,2009,4,99,91,1221
cs.CC,2010,1,88,81,704
cs.CC,2010,2,122,114,866
cs.CC,2010,3,97,96,722
cs.CC,2010,4,114,109,1334
cs.CC,2011,1,102,96,668
cs.CC,2011,2,100,92,671
cs.CC,2011,3,96,91,1458
cs.CC,2011,4,122,111,706
cs.CC,2012,1,116,103,450
cs.CC,2012,2,135,126,912
cs.CC,2012,3,113,108,825
cs.CC,2012,4,119,109,613
cs.CC,2013,1,94,84,2909
cs.CC,2013,2,137,123,1158
cs.CC,2013,3,132,115,518
cs.CC,2013,4,160,140,850
cs.CC,2014,1,119,102,863
cs.CC,2014,2,135,117,616
cs.CC,2014,3,130,114,908
cs.CC,2014,4,155,127,494
cs.CC,2015,1,123,105,353
cs.CC,2015,2,154,126,613
cs.CC,2015,3,150,118,845
cs.CC,2015,4,148,109,988
cs.CC,2016,1,144,116,577
cs.CC,2016,2,142,106,607
cs.CC,2016,3,152,124,780
cs.CC,2016,4,146,130,614
cs.CC,2017,1,149,127,650
cs.CC,2017,2,183,146,1300
cs.CC,2017,3,139,98,559
cs.CC,2017,4,164,122,673
cs.CC,2018,1,163,123,698
cs.CC,2018,2,149,111,1020
cs.CC,2018,3,145,112,385
cs.CC,2018,4,156,121,527
cs.CC,2019,1,168,118,543
cs.CC,2019,2,174,126,812
cs.CC,2019,3,196,153,761
cs.CC,2019,4,197,155,890
cs.CC,2020,1,184,128,391
cs.CC,2020,2,205,153,662
cs.CC,2020,3,204,157,591
cs.CC,2020,4,212,155,455
cs.CC,2021,1,177,139,736
cs.CC,2021,2,191,152,255
cs.CC,2021,3,196,147,404
cs.CC,2021,4,213,186,318
cs.CC,2022,1,208,169,118
cs.CC,2022,2,187,148,187
cs.CC,2022,3,177,151,252
cs.CC,2022,4,204,173,99
cs.CC,2023,1,196,174,128
cs.CC,2023,2,240,210,151
cs.CC,2023,3,191,162,66
cs.CC,2023,4,211,180,88
cs.CC,2024,1,232,197,75
cs.CC,2024,2,238,190,56
cs.CC,2024,3,204,166,78
cs.CC,2024,4,301,251,111
cs.CC,2025,1,217,161,13
cs.CC,2025,2,266,185,35
cs.CC,2025,3,238,140,24
cs.CC,2025,4,313,254,7
cs.CC,2026,1,309,308,14
cs.CC,2026,2,366,339,0
cs.CC,2026,3,66,0,0
cs.CE,1997,1,1,1,40
cs.CE,1999,1,3,2,1
cs.CE,1999,2,7,7,7
cs.CE,1999,3,2,2,1
cs.CE,1999,4,1,1,0
cs.CE,2000,1,5,5,178
cs.CE,2000,3,1,0,0
cs.CE,2000,4,8,8,15
cs.CE,2001,1,7,7,0
cs.CE,2001,2,9,9,40
cs.CE,2001,3,1,1,0
cs.CE,2001,4,8,8,24
cs.CE,2002,1,7,7,31
cs.CE,2002,2,12,12,33
cs.CE,2002,3,20,20,73
cs.CE,2002,4,10,10,136
cs.CE,2003,1,6,6,203
cs.CE,2003,2,8,7,27
cs.CE,2003,3,8,8,355
cs.CE,2003,4,6,6,806
cs.CE,2004,1,1,1,0
cs.CE,2004,2,9,9,143
cs.CE,2004,3,6,6,89
cs.CE,2004,4,11,11,57
cs.CE,2005,1,11,10,93
cs.CE,2005,2,12,12,130
cs.CE,2005,3,13,13,147
cs.CE,2005,4,6,6,171
cs.CE,2006,1,3,3,35
cs.CE,2006,2,13,13,76
cs.CE,2006,3,12,11,58
cs.CE,2006,4,15,15,16
cs.CE,2007,1,21,21,162
cs.CE,2007,2,17,17,73
cs.CE,2007,3,22,22,60
cs.CE,2007,4,20,19,553
cs.CE,2008,1,24,23,659
cs.CE,2008,2,11,11,58
cs.CE,2008,3,10,10,45
cs.CE,2008,4,3,3,12
cs.CE,2009,1,12,12,541
cs.CE,2009,2,8,8,31
cs.CE,2009,3,17,17,258
cs.CE,2009,4,42,42,204
cs.CE,2010,1,41,38,290
cs.CE,2010,2,21,19,185
cs.CE,2010,3,29,29,922
cs.CE,2010,4,45,39,5467
cs.CE,2011,1,34,32,403
cs.CE,2011,2,23,23,745
cs.CE,2011,3,47,46,682
cs.CE,2011,4,47,43,689
cs.CE,2012,1,32,30,593
cs.CE,2012,2,51,50,969
cs.CE,2012,3,65,61,712
cs.CE,2012,4,88,83,1856
cs.CE,2013,1,53,50,1374
cs.CE,2013,2,82,77,1910
cs.CE,2013,3,122,111,1805
cs.CE,2013,4,69,66,1081
cs.CE,2014,1,114,111,1952
cs.CE,2014,2,85,83,2406
cs.CE,2014,3,85,81,1684
cs.CE,2014,4,90,87,1607
cs.CE,2015,1,83,79,1706
cs.CE,2015,2,88,81,1894
cs.CE,2015,3,66,65,1714
cs.CE,2015,4,48,47,874
cs.CE,2016,1,51,50,777
cs.CE,2016,2,63,59,1079
cs.CE,2016,3,49,47,1006
cs.CE,2016,4,71,67,1450
cs.CE,2017,1,80,79,2559
cs.CE,2017,2,84,82,1365
cs.CE,2017,3,91,88,3429
cs.CE,2017,4,89,85,1472
cs.CE,2018,1,86,80,2496
cs.CE,2018,2,103,100,3130
cs.CE,2018,3,103,101,3048
cs.CE,2018,4,86,74,1076
cs.CE,2019,1,109,105,2910
cs.CE,2019,2,109,107,3080
cs.CE,2019,3,113,108,2123
cs.CE,2019,4,109,106,1577
cs.CE,2020,1,138,128,3236
cs.CE,2020,2,177,163,2452
cs.CE,2020,3,168,161,2345
cs.CE,2020,4,195,186,4905
cs.CE,2021,1,173,167,2171
cs.CE,2021,2,204,195,1739
cs.CE,2021,3,172,159,2279
cs.CE,2021,4,178,178,1969
cs.CE,2022,1,184,180,1930
cs.CE,2022,2,197,195,1657
cs.CE,2022,3,171,169,649
cs.CE,2022,4,155,154,384
cs.CE,2023,1,174,171,602
cs.CE,2023,2,223,217,964
cs.CE,2023,3,284,281,1072
cs.CE,2023,4,337,334,506
cs.CE,2024,1,359,350,1014
cs.CE,2024,2,356,351,689
cs.CE,2024,3,352,333,502
cs.CE,2024,4,446,436,468
cs.CE,2025,1,397,325,696
cs.CE,2025,2,437,355,170
cs.CE,2025,3,461,312,274
cs.CE,2025,4,436,375,56
cs.CE,2026,1,423,423,106
cs.CE,2026,2,614,581,35
cs.CE,2026,3,97,0,0
cs.CG,1998,3,7,7,161
cs.CG,1998,4,5,3,36
cs.CG,1999,1,3,3,60
cs.CG,1999,2,2,1,0
cs.CG,1999,3,21,17,160
cs.CG,1999,4,5,4,17
cs.CG,2000,1,3,2,6
cs.CG,2000,2,2,2,55
cs.CG,2000,3,7,6,84
cs.CG,2000,4,3,2,2
cs.CG,2001,1,4,3,2
cs.CG,2001,2,4,4,18
cs.CG,2001,3,5,5,29
cs.CG,2001,4,3,3,44
cs.CG,2002,1,8,5,0
cs.CG,2002,2,14,14,74
cs.CG,2002,3,18,18,63
cs.CG,2002,4,11,10,125
cs.CG,2003,1,4,4,181
cs.CG,2003,2,7,6,13
cs.CG,2003,3,9,9,38
cs.CG,2003,4,9,9,44
cs.CG,2004,1,3,3,37
cs.CG,2004,2,10,9,195
cs.CG,2004,3,6,6,318
cs.CG,2004,4,6,6,86
cs.CG,2005,1,5,5,1
cs.CG,2005,2,5,4,19
cs.CG,2005,3,11,11,59
cs.CG,2005,4,15,13,115
cs.CG,2006,1,10,9,230
cs.CG,2006,2,17,17,96
cs.CG,2006,3,14,13,51
cs.CG,2006,4,7,7,10
cs.CG,2007,1,23,23,65
cs.CG,2007,2,18,16,200
cs.CG,2007,3,22,21,241
cs.CG,2007,4,16,15,68
cs.CG,2008,1,26,23,264
cs.CG,2008,2,39,39,153
cs.CG,2008,3,27,26,560
cs.CG,2008,4,24,23,97
cs.CG,2009,1,18,16,101
cs.CG,2009,2,37,37,313
cs.CG,2009,3,42,40,224
cs.CG,2009,4,42,39,176
cs.CG,2010,1,45,43,196
cs.CG,2010,2,39,38,305
cs.CG,2010,3,46,40,181
cs.CG,2010,4,64,61,488
cs.CG,2011,1,52,48,329
cs.CG,2011,2,63,61,473
cs.CG,2011,3,61,60,413
cs.CG,2011,4,49,46,195
cs.CG,2012,1,61,57,540
cs.CG,2012,2,76,70,495
cs.CG,2012,3,73,63,1177
cs.CG,2012,4,88,85,328
cs.CG,2013,1,74,69,563
cs.CG,2013,2,88,84,760
cs.CG,2013,3,85,73,335
cs.CG,2013,4,103,89,521
cs.CG,2014,1,70,62,850
cs.CG,2014,2,78,65,209
cs.CG,2014,3,72,60,496
cs.CG,2014,4,102,86,550
cs.CG,2015,1,88,77,500
cs.CG,2015,2,72,64,1211
cs.CG,2015,3,101,79,877
cs.CG,2015,4,97,76,3036
cs.CG,2016,1,96,67,408
cs.CG,2016,2,86,74,404
cs.CG,2016,3,122,94,376
cs.CG,2016,4,91,82,528
cs.CG,2017,1,93,82,798
cs.CG,2017,2,100,82,454
cs.CG,2017,3,136,104,711
cs.CG,2017,4,119,83,733
cs.CG,2018,1,131,94,8152
cs.CG,2018,2,95,69,619
cs.CG,2018,3,139,102,318
cs.CG,2018,4,128,88,917
cs.CG,2019,1,139,100,506
cs.CG,2019,2,126,98,1655
cs.CG,2019,3,155,111,966
cs.CG,2019,4,131,102,367
cs.CG,2020,1,169,111,450
cs.CG,2020,2,155,128,605
cs.CG,2020,3,164,131,579
cs.CG,2020,4,159,128,583
cs.CG,2021,1,152,116,289
cs.CG,2021,2,148,128,903
cs.CG,2021,3,147,120,179
cs.CG,2021,4,162,137,232
cs.CG,2022,1,139,101,103
cs.CG,2022,2,125,110,187
cs.CG,2022,3,141,128,165
cs.CG,2022,4,113,94,102
cs.CG,2023,1,148,112,100
cs.CG,2023,2,132,110,58
cs.CG,2023,3,129,107,30
cs.CG,2023,4,139,123,79
cs.CG,2024,1,174,120,66
cs.CG,2024,2,133,109,60
cs.CG,2024,3,129,91,39
cs.CG,2024,4,156,130,15
cs.CG,2025,1,131,82,26
cs.CG,2025,2,165,116,15
cs.CG,2025,3,166,87,23
cs.CG,2025,4,165,141,45
cs.CG,2026,1,182,180,3
cs.CG,2026,2,188,172,31
cs.CG,2026,3,49,0,0
cs.CL,1994,2,86,85,2224
cs.CL,1994,3,63,63,1064
cs.CL,1994,4,74,74,847
cs.CL,1995,1,68,66,315
cs.CL,1995,2,105,104,2292
cs.CL,1995,3,33,33,786
cs.CL,1995,4,19,19,2481
cs.CL,1996,1,21,20,2383
cs.CL,1996,2,96,94,2670
cs.CL,1996,3,68,66,1227
cs.CL,1996,4,17,16,601
cs.CL,1997,1,25,25,327
cs.CL,1997,2,59,58,2125
cs.CL,1997,3,48,48,3321
cs.CL,1997,4,32,31,979
cs.CL,1998,1,10,10,120
cs.CL,1998,2,37,36,707
cs.CL,1998,3,48,44,552
cs.CL,1998,4,18,18,625
cs.CL,1999,1,9,9,89
cs.CL,1999,2,23,23,531
cs.CL,1999,3,13,13,173
cs.CL,1999,4,13,13,162
cs.CL,2000,1,19,19,1120
cs.CL,2000,2,29,28,3207
cs.CL,2000,3,55,51,721
cs.CL,2000,4,19,18,1037
cs.CL,2001,1,12,12,27
cs.CL,2001,2,28,28,770
cs.CL,2001,3,24,24,591
cs.CL,2001,4,15,15,252
cs.CL,2002,1,5,5,352
cs.CL,2002,2,38,35,4490
cs.CL,2002,3,15,15,1632
cs.CL,2002,4,8,8,1865
cs.CL,2003,1,5,5,19
cs.CL,2003,2,18,18,373
cs.CL,2003,3,20,20,760
cs.CL,2003,4,12,10,135
cs.CL,2004,1,3,3,10
cs.CL,2004,2,15,14,414
cs.CL,2004,3,19,19,710
cs.CL,2004,4,17,15,144
cs.CL,2005,1,8,7,186
cs.CL,2005,2,6,5,905
cs.CL,2005,3,6,6,205
cs.CL,2005,4,5,5,1
cs.CL,2006,1,6,6,40
cs.CL,2006,2,12,11,101
cs.CL,2006,3,21,19,589
cs.CL,2006,4,13,13,56
cs.CL,2007,1,9,9,127
cs.CL,2007,2,9,9,91
cs.CL,2007,3,12,12,195
cs.CL,2007,4,36,36,225
cs.CL,2008,1,15,15,110
cs.CL,2008,2,20,19,142
cs.CL,2008,3,19,18,237
cs.CL,2008,4,16,16,156
cs.CL,2009,1,17,17,345
cs.CL,2009,2,16,15,196
cs.CL,2009,3,30,28,1790
cs.CL,2009,4,28,27,318
cs.CL,2010,1,31,30,3549
cs.CL,2010,2,19,18,65
cs.CL,2010,3,17,16,216
cs.CL,2010,4,19,19,5370
cs.CL,2011,1,23,23,6222
cs.CL,2011,2,24,23,1014
cs.CL,2011,3,43,43,3945
cs.CL,2011,4,35,33,819
cs.CL,2012,1,57,54,613
cs.CL,2012,2,62,59,1865
cs.CL,2012,3,40,38,602
cs.CL,2012,4,66,66,1766
cs.CL,2013,1,86,83,19475
cs.CL,2013,2,66,66,1144
cs.CL,2013,3,98,91,4249
cs.CL,2013,4,84,80,19020
cs.CL,2014,1,140,134,5620
cs.CL,2014,2,146,135,11887
cs.CL,2014,3,101,92,31550
cs.CL,2014,4,170,162,6817
cs.CL,2015,1,124,116,6719
cs.CL,2015,2,224,207,17572
cs.CL,2015,3,219,195,12462
cs.CL,2015,4,265,240,11745
cs.CL,2016,1,291,261,11645
cs.CL,2016,2,470,389,13425
cs.CL,2016,3,415,372,20287
cs.CL,2016,4,516,500,18361
cs.CL,2017,1,438,417,14279
cs.CL,2017,2,615,526,27477
cs.CL,2017,3,743,617,20167
cs.CL,2017,4,604,537,15014
cs.CL,2018,1,565,489,20297
cs.CL,2018,2,1099,939,20962
cs.CL,2018,3,1084,987,13211
cs.CL,2018,4,981,901,16688
cs.CL,2019,1,703,643,26112
cs.CL,2019,2,1507,1285,40119
cs.CL,2019,3,1612,1445,31356
cs.CL,2019,4,1571,1404,34816
cs.CL,2020,1,1013,930,21113
cs.CL,2020,2,2233,1894,33797
cs.CL,2020,3,1364,1223,15652
cs.CL,2020,4,2515,2203,18818
cs.CL,2021,1,1457,1293,13325
cs.CL,2021,2,2531,2266,18439
cs.CL,2021,3,2111,1945,13517
cs.CL,2021,4,1984,1912,14173
cs.CL,2022,1,1825,1711,24086
cs.CL,2022,2,2464,2380,19679
cs.CL,2022,3,1513,1487,10797
cs.CL,2022,4,3169,3141,17907
cs.CL,2023,1,1982,1964,24712
cs.CL,2023,2,4331,4294,27178
cs.CL,2023,3,2875,2859,19153
cs.CL,2023,4,4413,4393,13413
cs.CL,2024,1,5014,4960,14235
cs.CL,2024,2,5655,5600,9446
cs.CL,2024,3,4417,4258,5529
cs.CL,2024,4,5603,5523,4152
cs.CL,2025,1,5666,4641,2719
cs.CL,2025,2,6884,5775,1677
cs.CL,2025,3,5704,3630,979
cs.CL,2025,4,5503,4581,315
cs.CL,2026,1,6340,6333,190
cs.CL,2026,2,7910,7390,140
cs.CL,2026,3,848,0,0
cs.CR,1996,1,1,1,621
cs.CR,1996,4,1,1,494
cs.CR,1998,3,3,3,76
cs.CR,1998,4,3,2,240
cs.CR,1999,1,2,2,8
cs.CR,1999,2,3,3,59
cs.CR,1999,3,7,7,15
cs.CR,1999,4,4,4,127
cs.CR,2000,1,3,3,39
cs.CR,2000,2,2,2,27
cs.CR,2000,3,1,1,0
cs.CR,2000,4,4,4,15
cs.CR,2001,1,4,4,14
cs.CR,2001,2,3,3,46
cs.CR,2001,3,6,6,262
cs.CR,2001,4,9,9,105
cs.CR,2002,1,2,2,89
cs.CR,2002,2,8,8,366
cs.CR,2002,3,9,9,21
cs.CR,2002,4,6,6,16
cs.CR,2003,1,6,6,18
cs.CR,2003,2,14,13,234
cs.CR,2003,3,12,12,138
cs.CR,2003,4,11,11,69
cs.CR,2004,1,15,15,284
cs.CR,2004,2,18,18,1168
cs.CR,2004,3,17,17,229
cs.CR,2004,4,24,24,218
cs.CR,2005,1,28,28,540
cs.CR,2005,2,30,30,119
cs.CR,2005,3,29,29,297
cs.CR,2005,4,20,19,44
cs.CR,2006,1,33,33,2249
cs.CR,2006,2,40,39,589
cs.CR,2006,3,30,29,216
cs.CR,2006,4,31,31,689
cs.CR,2007,1,27,26,640
cs.CR,2007,2,39,39,878
cs.CR,2007,3,24,24,619
cs.CR,2007,4,53,52,1134
cs.CR,2008,1,60,53,517
cs.CR,2008,2,55,54,690
cs.CR,2008,3,56,55,2100
cs.CR,2008,4,29,29,609
cs.CR,2009,1,44,44,2537
cs.CR,2009,2,69,68,1007
cs.CR,2009,3,103,101,1809
cs.CR,2009,4,108,107,2949
cs.CR,2010,1,140,134,1599
cs.CR,2010,2,163,156,2532
cs.CR,2010,3,84,83,1691
cs.CR,2010,4,115,109,787
cs.CR,2011,1,121,117,2491
cs.CR,2011,2,80,75,721
cs.CR,2011,3,122,115,1322
cs.CR,2011,4,159,154,1494
cs.CR,2012,1,147,140,1623
cs.CR,2012,2,144,137,3925
cs.CR,2012,3,193,187,3238
cs.CR,2012,4,164,158,2522
cs.CR,2013,1,153,146,2431
cs.CR,2013,2,209,196,2226
cs.CR,2013,3,159,149,1708
cs.CR,2013,4,171,161,1707
cs.CR,2014,1,201,191,2764
cs.CR,2014,2,203,192,2617
cs.CR,2014,3,183,175,3317
cs.CR,2014,4,197,191,2808
cs.CR,2015,1,193,183,3844
cs.CR,2015,2,240,224,5089
cs.CR,2015,3,185,170,2721
cs.CR,2015,4,235,215,2971
cs.CR,2016,1,234,219,4514
cs.CR,2016,2,262,234,4784
cs.CR,2016,3,268,243,11667
cs.CR,2016,4,278,260,7052
cs.CR,2017,1,307,292,8696
cs.CR,2017,2,340,310,12265
cs.CR,2017,3,421,377,14228
cs.CR,2017,4,416,374,10741
cs.CR,2018,1,474,416,17432
cs.CR,2018,2,565,509,16157
cs.CR,2018,3,568,527,17707
cs.CR,2018,4,662,597,12594
cs.CR,2019,1,664,597,11712
cs.CR,2019,2,838,752,14697
cs.CR,2019,3,742,653,12385
cs.CR,2019,4,771,675,11090
cs.CR,2020,1,828,736,13345
cs.CR,2020,2,1005,884,14721
cs.CR,2020,3,917,835,10257
cs.CR,2020,4,952,857,7658
cs.CR,2021,1,985,905,9508
cs.CR,2021,2,1051,974,14025
cs.CR,2021,3,931,872,7089
cs.CR,2021,4,1026,986,7062
cs.CR,2022,1,1086,1066,8688
cs.CR,2022,2,1099,1088,6796
cs.CR,2022,3,1128,1108,4541
cs.CR,2022,4,1199,1183,3802
cs.CR,2023,1,1093,1081,4508
cs.CR,2023,2,1374,1356,4647
cs.CR,2023,3,1333,1319,3696
cs.CR,2023,4,1385,1366,2822
cs.CR,2024,1,1566,1534,5018
cs.CR,2024,2,1689,1661,2221
cs.CR,2024,3,1583,1512,1706
cs.CR,2024,4,1707,1665,1192
cs.CR,2025,1,1743,1455,1100
cs.CR,2025,2,2112,1760,768
cs.CR,2025,3,1978,1289,387
cs.CR,2025,4,2079,1767,358
cs.CR,2026,1,2146,2143,378
cs.CR,2026,2,2873,2693,19
cs.CR,2026,3,433,0,0
cs.CV,1998,1,1,1,2
cs.CV,1998,4,2,2,2
cs.CV,1999,1,1,1,10
cs.CV,1999,2,2,2,3
cs.CV,1999,3,1,1,0
cs.CV,2000,1,4,3,9
cs.CV,2000,2,8,8,36
cs.CV,2000,3,1,1,12
cs.CV,2000,4,2,2,6
cs.CV,2001,1,2,2,12
cs.CV,2001,2,1,1,3
cs.CV,2001,3,1,1,438
cs.CV,2001,4,1,1,7
cs.CV,2002,1,3,3,14
cs.CV,2002,3,1,1,0
cs.CV,2002,4,12,12,521
cs.CV,2003,1,5,5,51
cs.CV,2003,2,3,3,21
cs.CV,2003,3,14,14,85
cs.CV,2003,4,3,3,72
cs.CV,2004,1,5,5,131
cs.CV,2004,2,9,9,26
cs.CV,2004,3,6,6,7
cs.CV,2004,4,15,15,181
cs.CV,2005,1,6,6,196
cs.CV,2005,2,8,8,146
cs.CV,2005,3,11,11,1557
cs.CV,2005,4,6,6,11
cs.CV,2006,1,11,11,34
cs.CV,2006,2,11,11,79
cs.CV,2006,3,12,12,489
cs.CV,2006,4,4,4,237
cs.CV,2007,1,9,9,61
cs.CV,2007,2,18,18,459
cs.CV,2007,3,11,11,389
cs.CV,2007,4,23,23,198
cs.CV,2008,1,15,15,236
cs.CV,2008,2,28,26,312
cs.CV,2008,3,15,15,789
cs.CV,2008,4,27,27,2329
cs.CV,2009,1,24,23,599
cs.CV,2009,2,33,32,3117
cs.CV,2009,3,37,37,413
cs.CV,2009,4,53,53,1249
cs.CV,2010,1,83,82,1542
cs.CV,2010,2,79,77,1380
cs.CV,2010,3,67,67,1440
cs.CV,2010,4,64,64,6223
cs.CV,2011,1,71,68,1093
cs.CV,2011,2,93,93,1328
cs.CV,2011,3,105,102,1922
cs.CV,2011,4,111,107,6445
cs.CV,2012,1,118,115,2725
cs.CV,2012,2,132,125,3142
cs.CV,2012,3,151,147,11019
cs.CV,2012,4,178,173,11421
cs.CV,2013,1,201,198,6901
cs.CV,2013,2,204,194,6664
cs.CV,2013,3,186,181,4362
cs.CV,2013,4,271,259,25463
cs.CV,2014,1,263,257,6253
cs.CV,2014,2,292,285,37833
cs.CV,2014,3,306,297,94206
cs.CV,2014,4,481,460,45730
cs.CV,2015,1,486,473,54806
cs.CV,2015,2,606,573,54479
cs.CV,2015,3,441,402,12878
cs.CV,2015,4,731,674,75486
cs.CV,2016,1,668,631,41792
cs.CV,2016,2,898,787,58643
cs.CV,2016,3,910,822,53652
cs.CV,2016,4,1155,1095,73250
cs.CV,2017,1,1100,1049,80208
cs.CV,2017,2,1390,1280,95300
cs.CV,2017,3,1619,1407,86306
cs.CV,2017,4,1615,1425,84581
cs.CV,2018,1,1722,1517,91304
cs.CV,2018,2,2219,1997,94918
cs.CV,2018,3,2142,2025,69857
cs.CV,2018,4,2508,2269,70013
cs.CV,2019,1,2171,1952,67844
cs.CV,2019,2,3194,2793,100344
cs.CV,2019,3,3054,2686,73152
cs.CV,2019,4,3182,2854,66758
cs.CV,2020,1,3135,2804,80633
cs.CV,2020,2,3759,3379,101424
cs.CV,2020,3,4141,3735,71560
cs.CV,2020,4,4305,3894,82027
cs.CV,2021,1,3834,3496,64737
cs.CV,2021,2,4593,4211,66343
cs.CV,2021,3,4122,3840,46130
cs.CV,2021,4,4654,4474,42059
cs.CV,2022,1,4578,4505,39680
cs.CV,2022,2,4670,4637,41125
cs.CV,2022,3,4965,4927,29825
cs.CV,2022,4,5479,5453,28074
cs.CV,2023,1,5220,5193,20531
cs.CV,2023,2,6062,6012,29015
cs.CV,2023,3,6300,6253,15315
cs.CV,2023,4,6941,6915,16692
cs.CV,2024,1,6802,6729,15506
cs.CV,2024,2,7547,7446,12003
cs.CV,2024,3,7665,7371,7903
cs.CV,2024,4,8570,8220,7388
cs.CV,2025,1,8193,5929,4945
cs.CV,2025,2,8902,7131,2171
cs.CV,2025,3,8836,5076,1700
cs.CV,2025,4,9049,7742,978
cs.CV,2026,1,9175,9167,370
cs.CV,2026,2,10570,9747,594
cs.CV,2026,3,1583,0,0
cs.CY,1998,3,1,1,0
cs.CY,1998,4,1,1,1
cs.CY,1999,1,2,2,4
cs.CY,1999,2,3,3,346
cs.CY,1999,3,1,1,1
cs.CY,2000,1,2,2,22
cs.CY,2000,2,3,3,41
cs.CY,2001,1,2,2,34
cs.CY,2001,2,3,3,19
cs.CY,2001,3,85,83,320
cs.CY,2001,4,7,7,10
cs.CY,2002,2,1,1,2
cs.CY,2002,3,1,1,1
cs.CY,2003,1,1,1,1
cs.CY,2003,2,6,6,12
cs.CY,2003,3,6,6,10
cs.CY,2003,4,6,6,74
cs.CY,2004,1,1,1,0
cs.CY,2004,2,5,5,114
cs.CY,2004,3,7,7,39
cs.CY,2004,4,4,4,20
cs.CY,2005,1,2,2,15
cs.CY,2005,2,4,4,187
cs.CY,2005,3,6,6,875
cs.CY,2005,4,4,4,143
cs.CY,2006,1,3,3,470
cs.CY,2006,2,8,8,430
cs.CY,2006,3,5,5,50
cs.CY,2006,4,6,6,324
cs.CY,2007,1,11,11,497
cs.CY,2007,2,18,18,785
cs.CY,2007,3,15,15,171
cs.CY,2007,4,15,15,319
cs.CY,2008,1,30,30,21576
cs.CY,2008,2,24,24,6225
cs.CY,2008,3,14,14,37
cs.CY,2008,4,10,10,1607
cs.CY,2009,1,25,25,1538
cs.CY,2009,2,24,22,504
cs.CY,2009,3,26,24,244
cs.CY,2009,4,36,36,749
cs.CY,2010,1,42,41,3253
cs.CY,2010,2,29,29,721
cs.CY,2010,3,24,22,541
cs.CY,2010,4,21,21,790
cs.CY,2011,1,16,16,362
cs.CY,2011,2,21,19,650
cs.CY,2011,3,27,27,930
cs.CY,2011,4,39,37,333
cs.CY,2012,1,42,38,661
cs.CY,2012,2,49,48,1919
cs.CY,2012,3,54,52,1192
cs.CY,2012,4,60,59,823
cs.CY,2013,1,79,75,1304
cs.CY,2013,2,110,106,4211
cs.CY,2013,3,126,122,1530
cs.CY,2013,4,129,123,3267
cs.CY,2014,1,139,136,1951
cs.CY,2014,2,126,120,1604
cs.CY,2014,3,138,132,5027
cs.CY,2014,4,137,131,1404
cs.CY,2015,1,164,155,5972
cs.CY,2015,2,157,153,4589
cs.CY,2015,3,216,206,3026
cs.CY,2015,4,167,159,4551
cs.CY,2016,1,149,141,2249
cs.CY,2016,2,313,299,5463
cs.CY,2016,3,185,181,5811
cs.CY,2016,4,166,159,1949
cs.CY,2017,1,197,189,4455
cs.CY,2017,2,228,220,4513
cs.CY,2017,3,204,190,7632
cs.CY,2017,4,312,290,6407
cs.CY,2018,1,327,298,15378
cs.CY,2018,2,327,307,6853
cs.CY,2018,3,317,303,4650
cs.CY,2018,4,335,320,5118
cs.CY,2019,1,327,304,7127
cs.CY,2019,2,340,302,16606
cs.CY,2019,3,375,347,7090
cs.CY,2019,4,379,349,8438
cs.CY,2020,1,399,360,11369
cs.CY,2020,2,737,679,14181
cs.CY,2020,3,723,663,10166
cs.CY,2020,4,582,549,7212
cs.CY,2021,1,581,547,7110
cs.CY,2021,2,588,558,7519
cs.CY,2021,3,586,554,6809
cs.CY,2021,4,506,493,5380
cs.CY,2022,1,509,499,4160
cs.CY,2022,2,575,563,5535
cs.CY,2022,3,545,534,2618
cs.CY,2022,4,594,585,2606
cs.CY,2023,1,639,634,5727
cs.CY,2023,2,858,850,6472
cs.CY,2023,3,758,748,7211
cs.CY,2023,4,835,826,2683
cs.CY,2024,1,1068,1052,6310
cs.CY,2024,2,995,957,2996
cs.CY,2024,3,950,906,2018
cs.CY,2024,4,1109,1093,1664
cs.CY,2025,1,1222,953,1748
cs.CY,2025,2,1281,1043,938
cs.CY,2025,3,1261,868,832
cs.CY,2025,4,1319,1178,3372
cs.CY,2026,1,1438,1432,525
cs.CY,2026,2,1570,1401,190
cs.CY,2026,3,177,1,2
cs.DB,1998,3,5,4,118
cs.DB,1998,4,3,3,390
cs.DB,1999,1,4,4,3
cs.DB,1999,2,1,1,6
cs.DB,1999,3,4,4,34
cs.DB,1999,4,3,3,0
cs.DB,2000,1,5,5,24
cs.DB,2000,2,2,2,2
cs.DB,2000,3,5,4,25
cs.DB,2000,4,6,5,198
cs.DB,2001,1,3,3,0
cs.DB,2001,2,14,14,23
cs.DB,2001,3,2,2,2
cs.DB,2001,4,11,11,125
cs.DB,2002,1,8,7,147
cs.DB,2002,2,7,7,52
cs.DB,2002,3,8,8,51
cs.DB,2002,4,10,10,110
cs.DB,2003,1,4,4,10
cs.DB,2003,2,22,22,42
cs.DB,2003,3,9,9,11
cs.DB,2003,4,14,14,78
cs.DB,2004,1,16,16,70
cs.DB,2004,2,15,15,134
cs.DB,2004,3,9,9,88
cs.DB,2004,4,11,11,47
cs.DB,2005,1,19,19,162
cs.DB,2005,2,12,12,94
cs.DB,2005,3,7,7,2093
cs.DB,2005,4,6,6,6
cs.DB,2006,1,9,9,30
cs.DB,2006,2,13,13,249
cs.DB,2006,3,5,5,7
cs.DB,2006,4,28,28,817
cs.DB,2007,1,34,32,522
cs.DB,2007,2,19,16,78
cs.DB,2007,3,22,22,70
cs.DB,2007,4,18,18,101
cs.DB,2008,1,19,19,263
cs.DB,2008,2,23,22,56
cs.DB,2008,3,24,23,198
cs.DB,2008,4,26,26,367
cs.DB,2009,1,29,29,142
cs.DB,2009,2,41,41,115
cs.DB,2009,3,59,59,1341
cs.DB,2009,4,35,34,840
cs.DB,2010,1,53,53,265
cs.DB,2010,2,68,67,506
cs.DB,2010,3,40,39,358
cs.DB,2010,4,40,32,353
cs.DB,2011,1,57,53,433
cs.DB,2011,2,56,54,659
cs.DB,2011,3,55,55,447
cs.DB,2011,4,86,80,653
cs.DB,2012,1,81,80,788
cs.DB,2012,2,99,95,1093
cs.DB,2012,3,148,142,1094
cs.DB,2012,4,80,77,1039
cs.DB,2013,1,61,55,441
cs.DB,2013,2,72,68,745
cs.DB,2013,3,78,72,993
cs.DB,2013,4,102,99,750
cs.DB,2014,1,101,98,2019
cs.DB,2014,2,79,78,647
cs.DB,2014,3,80,76,596
cs.DB,2014,4,84,78,1325
cs.DB,2015,1,105,103,854
cs.DB,2015,2,81,76,1163
cs.DB,2015,3,88,80,1094
cs.DB,2015,4,96,94,1346
cs.DB,2016,1,110,104,936
cs.DB,2016,2,103,96,1210
cs.DB,2016,3,98,91,481
cs.DB,2016,4,109,106,1692
cs.DB,2017,1,163,157,1349
cs.DB,2017,2,85,75,1932
cs.DB,2017,3,136,122,1892
cs.DB,2017,4,123,105,1670
cs.DB,2018,1,142,124,1815
cs.DB,2018,2,148,135,3026
cs.DB,2018,3,126,114,1092
cs.DB,2018,4,124,110,1405
cs.DB,2019,1,154,138,1587
cs.DB,2019,2,223,208,4861
cs.DB,2019,3,177,150,1511
cs.DB,2019,4,186,171,1874
cs.DB,2020,1,229,199,1684
cs.DB,2020,2,236,212,2107
cs.DB,2020,3,210,190,1909
cs.DB,2020,4,209,185,2331
cs.DB,2021,1,218,205,1318
cs.DB,2021,2,194,178,1143
cs.DB,2021,3,191,177,879
cs.DB,2021,4,203,196,499
cs.DB,2022,1,226,212,1322
cs.DB,2022,2,205,200,753
cs.DB,2022,3,215,208,735
cs.DB,2022,4,197,188,572
cs.DB,2023,1,202,197,376
cs.DB,2023,2,247,245,672
cs.DB,2023,3,252,247,343
cs.DB,2023,4,278,272,310
cs.DB,2024,1,258,249,754
cs.DB,2024,2,298,292,412
cs.DB,2024,3,279,265,261
cs.DB,2024,4,341,331,343
cs.DB,2025,1,336,267,186
cs.DB,2025,2,387,318,83
cs.DB,2025,3,399,263,56
cs.DB,2025,4,376,329,14
cs.DB,2026,1,525,525,58
cs.DB,2026,2,492,462,40
cs.DB,2026,3,73,0,0
cs.DC,1998,3,5,5,8
cs.DC,1998,4,6,6,203
cs.DC,1999,1,3,3,0
cs.DC,1999,2,5,4,94
cs.DC,1999,3,10,10,371
cs.DC,1999,4,4,4,17
cs.DC,2000,1,5,5,134
cs.DC,2000,2,10,10,110
cs.DC,2000,3,3,3,897
cs.DC,2000,4,5,5,7
cs.DC,2001,1,9,9,37
cs.DC,2001,2,8,8,76
cs.DC,2001,3,10,10,35
cs.DC,2001,4,13,12,77
cs.DC,2002,1,9,9,249
cs.DC,2002,2,8,8,243
cs.DC,2002,3,17,17,429
cs.DC,2002,4,6,6,32
cs.DC,2003,1,21,21,219
cs.DC,2003,2,66,66,719
cs.DC,2003,3,22,22,126
cs.DC,2003,4,18,17,47
cs.DC,2004,1,11,11,137
cs.DC,2004,2,22,22,563
cs.DC,2004,3,23,23,341
cs.DC,2004,4,30,29,448
cs.DC,2005,1,18,18,404
cs.DC,2005,2,11,11,203
cs.DC,2005,3,12,12,352
cs.DC,2005,4,14,14,44
cs.DC,2006,1,19,19,115
cs.DC,2006,2,17,16,164
cs.DC,2006,3,40,39,242
cs.DC,2006,4,33,33,290
cs.DC,2007,1,28,27,83
cs.DC,2007,2,28,28,130
cs.DC,2007,3,40,39,367
cs.DC,2007,4,33,32,144
cs.DC,2008,1,31,31,91
cs.DC,2008,2,40,39,168
cs.DC,2008,3,34,33,1492
cs.DC,2008,4,39,38,3161
cs.DC,2009,1,52,51,1071
cs.DC,2009,2,52,52,497
cs.DC,2009,3,50,49,1210
cs.DC,2009,4,72,71,2063
cs.DC,2010,1,82,81,2060
cs.DC,2010,2,122,122,2726
cs.DC,2010,3,81,80,1122
cs.DC,2010,4,107,102,1648
cs.DC,2011,1,94,88,740
cs.DC,2011,2,128,122,2368
cs.DC,2011,3,110,108,1316
cs.DC,2011,4,116,108,1761
cs.DC,2012,1,127,124,1280
cs.DC,2012,2,139,133,1661
cs.DC,2012,3,143,134,1416
cs.DC,2012,4,140,131,1126
cs.DC,2013,1,148,146,1684
cs.DC,2013,2,156,148,1756
cs.DC,2013,3,162,161,2231
cs.DC,2013,4,216,206,2730
cs.DC,2014,1,178,169,1635
cs.DC,2014,2,174,166,2068
cs.DC,2014,3,174,170,1951
cs.DC,2014,4,196,190,1381
cs.DC,2015,1,200,193,1797
cs.DC,2015,2,223,207,3398
cs.DC,2015,3,248,222,3100
cs.DC,2015,4,239,219,5167
cs.DC,2016,1,247,226,12804
cs.DC,2016,2,277,250,11091
cs.DC,2016,3,251,228,2905
cs.DC,2016,4,256,238,3065
cs.DC,2017,1,296,284,4020
cs.DC,2017,2,312,274,7490
cs.DC,2017,3,350,317,3504
cs.DC,2017,4,334,282,5586
cs.DC,2018,1,372,324,7290
cs.DC,2018,2,463,404,4617
cs.DC,2018,3,342,308,6025
cs.DC,2018,4,411,369,4902
cs.DC,2019,1,463,405,8960
cs.DC,2019,2,518,451,7696
cs.DC,2019,3,529,448,12348
cs.DC,2019,4,532,479,11415
cs.DC,2020,1,576,510,8062
cs.DC,2020,2,596,515,6168
cs.DC,2020,3,583,496,7728
cs.DC,2020,4,630,554,4811
cs.DC,2021,1,558,500,4954
cs.DC,2021,2,654,606,4574
cs.DC,2021,3,596,553,3596
cs.DC,2021,4,544,526,3174
cs.DC,2022,1,517,497,3235
cs.DC,2022,2,604,584,2175
cs.DC,2022,3,545,520,1351
cs.DC,2022,4,553,540,1809
cs.DC,2023,1,557,535,1121
cs.DC,2023,2,668,644,1667
cs.DC,2023,3,637,610,1203
cs.DC,2023,4,704,689,1179
cs.DC,2024,1,704,688,1733
cs.DC,2024,2,891,863,972
cs.DC,2024,3,698,643,793
cs.DC,2024,4,817,793,644
cs.DC,2025,1,849,683,679
cs.DC,2025,2,903,753,367
cs.DC,2025,3,915,643,178
cs.DC,2025,4,990,868,215
cs.DC,2026,1,941,939,260
cs.DC,2026,2,1258,1168,78
cs.DC,2026,3,172,0,0
cs.DL,1998,3,2,1,6
cs.DL,1998,4,5,5,17
cs.DL,1999,1,18,18,109
cs.DL,1999,2,1,1,0
cs.DL,1999,3,5,5,32
cs.DL,1999,4,1,1,0
cs.DL,2000,2,3,3,132
cs.DL,2000,3,4,4,25
cs.DL,2000,4,1,1,12
cs.DL,2001,1,1,1,2
cs.DL,2001,2,2,2,0
cs.DL,2001,3,2,2,30
cs.DL,2001,4,4,4,53
cs.DL,2002,1,5,4,71
cs.DL,2002,2,3,3,3
cs.DL,2002,3,4,4,91
cs.DL,2002,4,3,3,12
cs.DL,2003,1,3,3,3
cs.DL,2003,2,3,3,0
cs.DL,2003,3,6,6,292
cs.DL,2003,4,7,7,6
cs.DL,2004,1,6,6,11
cs.DL,2004,2,1,1,9
cs.DL,2004,3,2,2,42
cs.DL,2004,4,9,7,22
cs.DL,2005,1,10,9,248
cs.DL,2005,2,6,6,113
cs.DL,2005,3,13,13,1007
cs.DL,2005,4,5,5,111
cs.DL,2006,1,10,10,687
cs.DL,2006,2,12,12,1002
cs.DL,2006,3,7,7,106
cs.DL,2006,4,19,19,659
cs.DL,2007,1,14,14,334
cs.DL,2007,2,12,12,116
cs.DL,2007,3,7,6,154
cs.DL,2007,4,5,5,158
cs.DL,2008,1,6,6,95
cs.DL,2008,2,13,13,1081
cs.DL,2008,3,15,15,516
cs.DL,2008,4,14,14,46
cs.DL,2009,1,14,14,1678
cs.DL,2009,2,19,19,297
cs.DL,2009,3,19,19,655
cs.DL,2009,4,63,62,754
cs.DL,2010,1,35,34,768
cs.DL,2010,2,36,31,390
cs.DL,2010,3,14,14,189
cs.DL,2010,4,39,37,506
cs.DL,2011,1,45,45,656
cs.DL,2011,2,35,35,384
cs.DL,2011,3,35,35,1468
cs.DL,2011,4,42,41,587
cs.DL,2012,1,53,49,1633
cs.DL,2012,2,63,63,1158
cs.DL,2012,3,40,39,834
cs.DL,2012,4,55,52,3517
cs.DL,2013,1,84,83,2122
cs.DL,2013,2,98,94,4414
cs.DL,2013,3,74,70,816
cs.DL,2013,4,62,62,1661
cs.DL,2014,1,57,53,2343
cs.DL,2014,2,63,60,413
cs.DL,2014,3,66,63,1531
cs.DL,2014,4,58,58,1267
cs.DL,2015,1,62,61,2176
cs.DL,2015,2,52,51,1104
cs.DL,2015,3,54,54,965
cs.DL,2015,4,75,70,5936
cs.DL,2016,1,68,67,1272
cs.DL,2016,2,65,64,977
cs.DL,2016,3,58,56,1281
cs.DL,2016,4,67,65,1889
cs.DL,2017,1,65,64,848
cs.DL,2017,2,70,69,1283
cs.DL,2017,3,90,83,2059
cs.DL,2017,4,67,64,846
cs.DL,2018,1,98,90,1947
cs.DL,2018,2,101,91,1301
cs.DL,2018,3,71,67,2723
cs.DL,2018,4,164,162,6272
cs.DL,2019,1,65,62,835
cs.DL,2019,2,100,91,3035
cs.DL,2019,3,80,77,1384
cs.DL,2019,4,77,75,716
cs.DL,2020,1,84,79,1483
cs.DL,2020,2,150,138,3715
cs.DL,2020,3,95,90,1111
cs.DL,2020,4,75,74,2251
cs.DL,2021,1,123,118,1064
cs.DL,2021,2,137,130,753
cs.DL,2021,3,122,108,899
cs.DL,2021,4,97,93,693
cs.DL,2022,1,85,82,438
cs.DL,2022,2,90,88,525
cs.DL,2022,3,78,77,287
cs.DL,2022,4,104,102,226
cs.DL,2023,1,93,93,319
cs.DL,2023,2,110,108,260
cs.DL,2023,3,120,120,265
cs.DL,2023,4,100,100,351
cs.DL,2024,1,120,118,370
cs.DL,2024,2,110,110,365
cs.DL,2024,3,127,120,203
cs.DL,2024,4,139,137,138
cs.DL,2025,1,151,125,286
cs.DL,2025,2,144,118,71
cs.DL,2025,3,141,97,56
cs.DL,2025,4,168,145,51
cs.DL,2026,1,161,160,55
cs.DL,2026,2,230,180,20
cs.DL,2026,3,37,0,0
cs.DM,1998,3,3,3,0
cs.DM,1999,1,2,2,0
cs.DM,1999,2,1,1,0
cs.DM,1999,3,5,5,18
cs.DM,1999,4,6,5,9
cs.DM,2000,1,3,3,6
cs.DM,2000,2,2,2,0
cs.DM,2000,3,10,9,85
cs.DM,2000,4,6,6,16
cs.DM,2001,1,11,10,46
cs.DM,2001,2,8,8,93
cs.DM,2001,3,9,9,69
cs.DM,2001,4,8,8,44
cs.DM,2002,1,5,3,37
cs.DM,2002,2,16,16,597
cs.DM,2002,3,16,16,234
cs.DM,2002,4,8,7,198
cs.DM,2003,1,13,13,67
cs.DM,2003,2,13,13,29
cs.DM,2003,3,9,9,237
cs.DM,2003,4,9,9,807
cs.DM,2004,1,13,13,29
cs.DM,2004,2,23,20,214
cs.DM,2004,3,18,17,52
cs.DM,2004,4,27,25,254
cs.DM,2005,1,15,15,71
cs.DM,2005,2,18,17,159
cs.DM,2005,3,30,30,232
cs.DM,2005,4,24,24,128
cs.DM,2006,1,25,25,215
cs.DM,2006,2,38,37,114
cs.DM,2006,3,43,42,181
cs.DM,2006,4,30,30,287
cs.DM,2007,1,38,36,1066
cs.DM,2007,2,47,45,617
cs.DM,2007,3,66,64,301
cs.DM,2007,4,81,76,965
cs.DM,2008,1,102,97,676
cs.DM,2008,2,64,61,549
cs.DM,2008,3,82,82,953
cs.DM,2008,4,74,70,404
cs.DM,2009,1,94,92,1105
cs.DM,2009,2,93,89,573
cs.DM,2009,3,88,83,342
cs.DM,2009,4,113,108,630
cs.DM,2010,1,95,93,525
cs.DM,2010,2,130,122,1127
cs.DM,2010,3,120,113,635
cs.DM,2010,4,132,119,842
cs.DM,2011,1,142,128,752
cs.DM,2011,2,152,139,1123
cs.DM,2011,3,131,124,677
cs.DM,2011,4,141,131,525
cs.DM,2012,1,190,169,1138
cs.DM,2012,2,174,163,1592
cs.DM,2012,3,197,178,844
cs.DM,2012,4,209,187,5413
cs.DM,2013,1,153,133,735
cs.DM,2013,2,158,143,882
cs.DM,2013,3,170,154,970
cs.DM,2013,4,173,142,1087
cs.DM,2014,1,170,141,940
cs.DM,2014,2,138,123,778
cs.DM,2014,3,154,132,870
cs.DM,2014,4,160,133,829
cs.DM,2015,1,181,144,1145
cs.DM,2015,2,183,138,707
cs.DM,2015,3,194,159,1368
cs.DM,2015,4,201,144,744
cs.DM,2016,1,186,147,650
cs.DM,2016,2,181,159,744
cs.DM,2016,3,192,143,518
cs.DM,2016,4,181,164,1911
cs.DM,2017,1,194,170,909
cs.DM,2017,2,216,175,890
cs.DM,2017,3,201,143,607
cs.DM,2017,4,190,139,914
cs.DM,2018,1,211,155,818
cs.DM,2018,2,210,156,1314
cs.DM,2018,3,218,170,1101
cs.DM,2018,4,230,172,725
cs.DM,2019,1,221,168,839
cs.DM,2019,2,245,186,741
cs.DM,2019,3,269,195,486
cs.DM,2019,4,265,202,435
cs.DM,2020,1,247,195,496
cs.DM,2020,2,281,213,711
cs.DM,2020,3,278,198,450
cs.DM,2020,4,228,180,397
cs.DM,2021,1,262,220,502
cs.DM,2021,2,263,226,299
cs.DM,2021,3,253,219,236
cs.DM,2021,4,248,222,178
cs.DM,2022,1,272,237,318
cs.DM,2022,2,258,228,307
cs.DM,2022,3,249,227,118
cs.DM,2022,4,246,228,203
cs.DM,2023,1,259,231,150
cs.DM,2023,2,271,238,139
cs.DM,2023,3,283,257,157
cs.DM,2023,4,263,239,97
cs.DM,2024,1,281,249,105
cs.DM,2024,2,300,264,44
cs.DM,2024,3,260,215,45
cs.DM,2024,4,286,257,47
cs.DM,2025,1,277,199,39
cs.DM,2025,2,319,243,12
cs.DM,2025,3,296,194,13
cs.DM,2025,4,291,243,4
cs.DM,2026,1,274,273,1
cs.DM,2026,2,323,289,5
cs.DM,2026,3,98,0,0
cs.DS,1991,4,1,1,0
cs.DS,1992,3,1,1,1
cs.DS,1996,3,2,1,0
cs.DS,1996,4,1,1,0
cs.DS,1997,1,4,4,93
cs.DS,1997,2,1,1,4
cs.DS,1998,1,1,1,0
cs.DS,1998,3,4,3,2
cs.DS,1998,4,5,5,63
cs.DS,1999,1,10,10,24
cs.DS,1999,2,5,5,11
cs.DS,1999,3,3,3,36
cs.DS,1999,4,5,5,83
cs.DS,2000,1,3,3,2
cs.DS,2000,2,11,11,241
cs.DS,2000,3,9,9,15
cs.DS,2000,4,17,17,18
cs.DS,2001,1,25,25,65
cs.DS,2001,2,7,7,88
cs.DS,2001,3,6,6,78
cs.DS,2001,4,13,13,81
cs.DS,2002,1,7,7,89
cs.DS,2002,2,40,40,1902
cs.DS,2002,3,18,18,112
cs.DS,2002,4,17,17,1339
cs.DS,2003,1,16,16,1433
cs.DS,2003,2,15,15,107
cs.DS,2003,3,18,18,615
cs.DS,2003,4,21,21,1201
cs.DS,2004,1,16,16,112
cs.DS,2004,2,29,29,336
cs.DS,2004,3,14,14,356
cs.DS,2004,4,26,25,297
cs.DS,2005,1,18,18,404
cs.DS,2005,2,24,24,242
cs.DS,2005,3,27,26,2325
cs.DS,2005,4,25,24,174
cs.DS,2006,1,33,32,487
cs.DS,2006,2,37,36,487
cs.DS,2006,3,37,36,710
cs.DS,2006,4,37,36,300
cs.DS,2007,1,51,50,756
cs.DS,2007,2,48,48,535
cs.DS,2007,3,41,38,339
cs.DS,2007,4,51,48,739
cs.DS,2008,1,87,74,21805
cs.DS,2008,2,76,74,821
cs.DS,2008,3,74,71,610
cs.DS,2008,4,106,102,1341
cs.DS,2009,1,102,97,2157
cs.DS,2009,2,135,134,1072
cs.DS,2009,3,130,126,959
cs.DS,2009,4,141,136,800
cs.DS,2010,1,129,125,1598
cs.DS,2010,2,186,179,1818
cs.DS,2010,3,156,147,1201
cs.DS,2010,4,181,168,1928
cs.DS,2011,1,173,161,1620
cs.DS,2011,2,190,178,1615
cs.DS,2011,3,211,196,1757
cs.DS,2011,4,219,203,3838
cs.DS,2012,1,210,198,1481
cs.DS,2012,2,236,222,3286
cs.DS,2012,3,249,236,2427
cs.DS,2012,4,238,217,2247
cs.DS,2013,1,242,220,4161
cs.DS,2013,2,311,292,1644
cs.DS,2013,3,270,245,1200
cs.DS,2013,4,250,220,1527
cs.DS,2014,1,286,259,2496
cs.DS,2014,2,282,250,1966
cs.DS,2014,3,300,261,1926
cs.DS,2014,4,314,282,3194
cs.DS,2015,1,306,271,2504
cs.DS,2015,2,352,300,3001
cs.DS,2015,3,346,287,2675
cs.DS,2015,4,336,263,2580
cs.DS,2016,1,333,283,2805
cs.DS,2016,2,370,292,3094
cs.DS,2016,3,365,295,1958
cs.DS,2016,4,421,368,2802
cs.DS,2017,1,350,308,2871
cs.DS,2017,2,427,344,2891
cs.DS,2017,3,407,299,1624
cs.DS,2017,4,420,297,2888
cs.DS,2018,1,399,289,2292
cs.DS,2018,2,478,338,2533
cs.DS,2018,3,407,312,2219
cs.DS,2018,4,481,354,2863
cs.DS,2019,1,420,322,2188
cs.DS,2019,2,528,391,2875
cs.DS,2019,3,561,395,1966
cs.DS,2019,4,531,415,3181
cs.DS,2020,1,504,375,1311
cs.DS,2020,2,590,437,3048
cs.DS,2020,3,569,414,1184
cs.DS,2020,4,573,427,1165
cs.DS,2021,1,424,326,1080
cs.DS,2021,2,539,427,1090
cs.DS,2021,3,457,357,753
cs.DS,2021,4,570,482,699
cs.DS,2022,1,453,379,557
cs.DS,2022,2,502,408,534
cs.DS,2022,3,532,454,423
cs.DS,2022,4,545,475,357
cs.DS,2023,1,491,431,359
cs.DS,2023,2,584,478,395
cs.DS,2023,3,590,482,290
cs.DS,2023,4,560,492,188
cs.DS,2024,1,531,442,165
cs.DS,2024,2,608,486,185
cs.DS,2024,3,529,406,255
cs.DS,2024,4,637,558,162
cs.DS,2025,1,504,358,50
cs.DS,2025,2,629,448,36
cs.DS,2025,3,604,343,21
cs.DS,2025,4,644,516,36
cs.DS,2026,1,629,627,9
cs.DS,2026,2,780,727,0
cs.DS,2026,3,217,0,0
cs.ET,1996,2,1,1,0
cs.ET,1997,4,1,1,177
cs.ET,1998,3,1,1,1
cs.ET,1998,4,1,1,11
cs.ET,2000,4,2,2,2
cs.ET,2001,3,2,2,49
cs.ET,2001,4,2,2,54
cs.ET,2002,3,1,1,15
cs.ET,2002,4,1,1,106
cs.ET,2003,1,2,2,18
cs.ET,2003,3,3,3,91
cs.ET,2003,4,2,2,296
cs.ET,2004,3,3,3,53
cs.ET,2005,1,5,5,108
cs.ET,2005,4,1,1,5
cs.ET,2007,2,1,0,0
cs.ET,2008,1,1,1,8
cs.ET,2009,3,2,2,37
cs.ET,2009,4,2,2,0
cs.ET,2010,2,4,4,187
cs.ET,2010,4,2,2,37
cs.ET,2011,1,8,8,526
cs.ET,2011,2,21,20,435
cs.ET,2011,3,20,19,298
cs.ET,2011,4,24,23,1848
cs.ET,2012,1,19,19,226
cs.ET,2012,2,16,16,1250
cs.ET,2012,3,16,16,583
cs.ET,2012,4,37,37,1365
cs.ET,2013,1,23,22,1232
cs.ET,2013,2,40,39,1409
cs.ET,2013,3,26,24,774
cs.ET,2013,4,27,25,313
cs.ET,2014,1,30,28,1361
cs.ET,2014,2,33,32,958
cs.ET,2014,3,32,32,699
cs.ET,2014,4,52,50,4899
cs.ET,2015,1,29,29,457
cs.ET,2015,2,38,35,758
cs.ET,2015,3,43,40,535
cs.ET,2015,4,65,59,928
cs.ET,2016,1,37,32,568
cs.ET,2016,2,55,52,1174
cs.ET,2016,3,53,50,1390
cs.ET,2016,4,59,58,1357
cs.ET,2017,1,53,53,1757
cs.ET,2017,2,51,46,1333
cs.ET,2017,3,74,64,1374
cs.ET,2017,4,50,46,2136
cs.ET,2018,1,73,63,1470
cs.ET,2018,2,93,84,3272
cs.ET,2018,3,95,88,5049
cs.ET,2018,4,81,77,4729
cs.ET,2019,1,95,88,1600
cs.ET,2019,2,113,99,2010
cs.ET,2019,3,101,97,2528
cs.ET,2019,4,91,84,2688
cs.ET,2020,1,96,87,3800
cs.ET,2020,2,109,95,1188
cs.ET,2020,3,110,100,1663
cs.ET,2020,4,102,91,1804
cs.ET,2021,1,98,90,1152
cs.ET,2021,2,127,118,1509
cs.ET,2021,3,129,121,1536
cs.ET,2021,4,144,139,1659
cs.ET,2022,1,111,111,382
cs.ET,2022,2,135,134,579
cs.ET,2022,3,105,102,696
cs.ET,2022,4,125,121,234
cs.ET,2023,1,119,117,201
cs.ET,2023,2,151,145,282
cs.ET,2023,3,219,216,1170
cs.ET,2023,4,172,170,302
cs.ET,2024,1,235,234,534
cs.ET,2024,2,348,342,727
cs.ET,2024,3,346,331,398
cs.ET,2024,4,350,343,369
cs.ET,2025,1,347,295,381
cs.ET,2025,2,426,356,156
cs.ET,2025,3,432,291,222
cs.ET,2025,4,281,250,82
cs.ET,2026,1,402,401,86
cs.ET,2026,2,464,440,26
cs.ET,2026,3,73,0,0
cs.FL,1998,3,1,1,8
cs.FL,1999,2,1,1,0
cs.FL,2001,1,1,1,0
cs.FL,2002,3,1,1,3
cs.FL,2004,4,1,1,0
cs.FL,2006,4,1,1,0
cs.FL,2007,2,1,1,129
cs.FL,2007,3,1,1,0
cs.FL,2007,4,1,1,2
cs.FL,2008,1,2,2,2
cs.FL,2008,2,2,2,3
cs.FL,2008,3,5,5,26
cs.FL,2008,4,5,5,16
cs.FL,2009,1,17,16,120
cs.FL,2009,2,36,36,167
cs.FL,2009,3,46,46,154
cs.FL,2009,4,30,30,115
cs.FL,2010,1,23,23,137
cs.FL,2010,2,45,43,216
cs.FL,2010,3,50,49,304
cs.FL,2010,4,61,58,344
cs.FL,2011,1,48,46,270
cs.FL,2011,2,43,42,236
cs.FL,2011,3,61,58,194
cs.FL,2011,4,41,38,347
cs.FL,2012,1,54,50,365
cs.FL,2012,2,44,41,104
cs.FL,2012,3,87,83,624
cs.FL,2012,4,57,54,293
cs.FL,2013,1,61,57,334
cs.FL,2013,2,56,55,355
cs.FL,2013,3,65,58,344
cs.FL,2013,4,73,62,280
cs.FL,2014,1,78,72,325
cs.FL,2014,2,106,96,353
cs.FL,2014,3,62,55,171
cs.FL,2014,4,74,66,190
cs.FL,2015,1,72,64,167
cs.FL,2015,2,77,63,213
cs.FL,2015,3,62,52,185
cs.FL,2015,4,76,58,259
cs.FL,2016,1,71,56,257
cs.FL,2016,2,79,68,236
cs.FL,2016,3,58,49,206
cs.FL,2016,4,63,56,145
cs.FL,2017,1,109,91,338
cs.FL,2017,2,68,56,142
cs.FL,2017,3,83,69,162
cs.FL,2017,4,70,52,276
cs.FL,2018,1,70,46,99
cs.FL,2018,2,75,59,382
cs.FL,2018,3,76,60,156
cs.FL,2018,4,83,68,227
cs.FL,2019,1,94,74,321
cs.FL,2019,2,116,81,369
cs.FL,2019,3,103,80,172
cs.FL,2019,4,99,73,256
cs.FL,2020,1,98,71,130
cs.FL,2020,2,117,87,186
cs.FL,2020,3,122,88,108
cs.FL,2020,4,110,91,250
cs.FL,2021,1,118,99,353
cs.FL,2021,2,140,114,228
cs.FL,2021,3,92,78,119
cs.FL,2021,4,105,94,171
cs.FL,2022,1,90,81,39
cs.FL,2022,2,113,101,110
cs.FL,2022,3,120,107,181
cs.FL,2022,4,98,87,90
cs.FL,2023,1,107,97,80
cs.FL,2023,2,122,105,95
cs.FL,2023,3,135,118,84
cs.FL,2023,4,107,99,44
cs.FL,2024,1,91,85,119
cs.FL,2024,2,135,115,49
cs.FL,2024,3,119,104,33
cs.FL,2024,4,119,107,113
cs.FL,2025,1,123,87,9
cs.FL,2025,2,143,112,33
cs.FL,2025,3,132,90,12
cs.FL,2025,4,134,116,36
cs.FL,2026,1,155,155,7
cs.FL,2026,2,177,147,9
cs.FL,2026,3,29,0,0
cs.GL,1991,4,1,1,2
cs.GL,1998,3,2,2,14
cs.GL,1998,4,1,1,0
cs.GL,1999,2,2,2,95
cs.GL,1999,3,1,1,0
cs.GL,1999,4,1,1,9
cs.GL,2000,1,1,1,0
cs.GL,2000,4,1,1,0
cs.GL,2001,1,1,1,0
cs.GL,2001,2,1,1,10
cs.GL,2001,4,1,1,0
cs.GL,2002,4,1,1,0
cs.GL,2003,2,2,2,109
cs.GL,2004,1,2,2,0
cs.GL,2004,2,3,3,11
cs.GL,2004,3,1,1,0
cs.GL,2004,4,4,4,102
cs.GL,2005,2,1,1,14
cs.GL,2005,3,1,1,1
cs.GL,2006,1,5,5,136
cs.GL,2006,3,3,3,11
cs.GL,2006,4,1,1,0
cs.GL,2007,1,2,2,5
cs.GL,2007,2,2,2,3
cs.GL,2007,4,1,1,0
cs.GL,2008,1,2,2,24
cs.GL,2008,2,4,3,0
cs.GL,2008,3,5,5,63
cs.GL,2008,4,2,2,4
cs.GL,2009,2,2,2,2
cs.GL,2009,3,4,4,11
cs.GL,2009,4,2,2,8
cs.GL,2010,1,1,1,4
cs.GL,2010,3,1,1,1
cs.GL,2010,4,1,1,7
cs.GL,2011,1,2,2,7
cs.GL,2011,3,1,1,3
cs.GL,2011,4,2,2,17
cs.GL,2012,2,4,4,29
cs.GL,2012,3,3,3,0
cs.GL,2012,4,3,3,1
cs.GL,2013,1,1,1,13
cs.GL,2013,2,5,3,7
cs.GL,2013,3,1,1,1
cs.GL,2013,4,2,2,3
cs.GL,2014,1,1,1,0
cs.GL,2014,4,1,0,0
cs.GL,2015,1,1,1,1
cs.GL,2015,2,2,2,0
cs.GL,2016,1,3,3,2
cs.GL,2016,2,2,2,0
cs.GL,2016,3,1,1,0
cs.GL,2017,1,4,4,21
cs.GL,2017,2,1,1,0
cs.GL,2017,3,5,5,380
cs.GL,2018,1,2,2,26
cs.GL,2018,2,4,4,9
cs.GL,2018,3,3,3,92
cs.GL,2018,4,3,3,109
cs.GL,2019,1,4,4,3
cs.GL,2019,2,2,2,0
cs.GL,2019,3,7,5,5
cs.GL,2020,1,2,2,4
cs.GL,2020,2,5,4,41
cs.GL,2020,3,3,3,3
cs.GL,2020,4,4,3,201
cs.GL,2021,1,2,2,10
cs.GL,2021,2,4,4,0
cs.GL,2021,3,7,7,15
cs.GL,2021,4,2,2,0
cs.GL,2022,1,5,4,21
cs.GL,2022,2,12,12,39
cs.GL,2022,3,12,12,43
cs.GL,2022,4,6,6,71
cs.GL,2023,1,5,5,49
cs.GL,2023,3,3,3,6
cs.GL,2023,4,2,2,1
cs.GL,2024,1,4,4,38
cs.GL,2024,2,1,1,0
cs.GL,2024,3,1,1,0
cs.GL,2025,1,2,1,0
cs.GL,2025,2,1,1,0
cs.GL,2025,3,3,1,0
cs.GL,2025,4,4,3,1
cs.GL,2026,1,7,7,0
cs.GL,2026,2,8,8,0
cs.GL,2026,3,3,0,0
cs.GR,1990,2,1,1,0
cs.GR,1998,3,2,2,40
cs.GR,1998,4,3,1,1
cs.GR,1999,3,1,1,0
cs.GR,1999,4,1,1,1
cs.GR,2000,1,1,1,2
cs.GR,2000,2,1,1,55
cs.GR,2001,1,2,2,0
cs.GR,2001,3,1,1,438
cs.GR,2002,1,1,1,0
cs.GR,2002,2,1,1,0
cs.GR,2002,3,1,1,0
cs.GR,2002,4,3,3,22
cs.GR,2003,1,2,2,110
cs.GR,2003,2,8,8,20
cs.GR,2003,3,1,1,0
cs.GR,2003,4,5,5,64
cs.GR,2004,1,1,1,7
cs.GR,2004,2,3,3,12
cs.GR,2004,4,1,1,0
cs.GR,2005,1,1,1,43
cs.GR,2005,2,3,3,194
cs.GR,2005,3,2,2,4
cs.GR,2005,4,5,4,3
cs.GR,2006,1,3,3,77
cs.GR,2006,2,5,5,15
cs.GR,2006,3,5,5,28
cs.GR,2006,4,1,1,3
cs.GR,2007,1,2,2,2
cs.GR,2007,2,1,1,1
cs.GR,2007,3,5,5,52
cs.GR,2007,4,2,2,12
cs.GR,2008,1,6,6,30
cs.GR,2008,2,5,5,7
cs.GR,2008,3,3,3,28
cs.GR,2008,4,10,9,43
cs.GR,2009,1,5,5,15
cs.GR,2009,2,6,6,6
cs.GR,2009,3,5,5,38
cs.GR,2009,4,10,10,19
cs.GR,2010,1,10,9,51
cs.GR,2010,2,17,17,140
cs.GR,2010,3,13,13,246
cs.GR,2010,4,14,14,157
cs.GR,2011,1,13,13,273
cs.GR,2011,2,5,5,71
cs.GR,2011,3,12,11,165
cs.GR,2011,4,10,9,249
cs.GR,2012,1,11,10,75
cs.GR,2012,2,13,12,529
cs.GR,2012,3,19,16,236
cs.GR,2012,4,24,24,440
cs.GR,2013,1,18,17,174
cs.GR,2013,2,32,32,173
cs.GR,2013,3,26,25,208
cs.GR,2013,4,23,23,322
cs.GR,2014,1,16,16,186
cs.GR,2014,2,18,18,152
cs.GR,2014,3,24,24,204
cs.GR,2014,4,21,21,66
cs.GR,2015,1,21,19,865
cs.GR,2015,2,47,47,791
cs.GR,2015,3,28,25,462
cs.GR,2015,4,18,18,2568
cs.GR,2016,1,46,41,758
cs.GR,2016,2,31,29,528
cs.GR,2016,3,48,46,2472
cs.GR,2016,4,44,43,1175
cs.GR,2017,1,49,49,921
cs.GR,2017,2,68,64,2548
cs.GR,2017,3,73,65,1805
cs.GR,2017,4,68,60,2624
cs.GR,2018,1,62,52,3511
cs.GR,2018,2,97,85,3952
cs.GR,2018,3,98,89,2686
cs.GR,2018,4,112,95,1898
cs.GR,2019,1,78,73,1487
cs.GR,2019,2,157,137,4290
cs.GR,2019,3,159,137,2673
cs.GR,2019,4,135,122,1551
cs.GR,2020,1,107,92,1902
cs.GR,2020,2,175,151,4078
cs.GR,2020,3,227,198,3700
cs.GR,2020,4,176,152,1597
cs.GR,2021,1,156,140,2008
cs.GR,2021,2,197,174,3258
cs.GR,2021,3,188,170,1137
cs.GR,2021,4,232,221,2862
cs.GR,2022,1,212,206,6276
cs.GR,2022,2,229,225,2307
cs.GR,2022,3,231,228,2373
cs.GR,2022,4,246,241,1515
cs.GR,2023,1,266,259,3177
cs.GR,2023,2,291,289,1564
cs.GR,2023,3,295,290,879
cs.GR,2023,4,380,379,946
cs.GR,2024,1,312,305,1158
cs.GR,2024,2,400,399,611
cs.GR,2024,3,347,333,397
cs.GR,2024,4,383,362,215
cs.GR,2025,1,385,293,184
cs.GR,2025,2,455,352,237
cs.GR,2025,3,404,242,529
cs.GR,2025,4,352,299,32
cs.GR,2026,1,350,350,12
cs.GR,2026,2,528,484,52
cs.GR,2026,3,60,0,0
cs.GT,2000,2,1,1,1
cs.GT,2000,3,2,2,8
cs.GT,2001,1,1,1,6
cs.GT,2002,1,13,12,121
cs.GT,2002,2,8,7,255
cs.GT,2002,3,3,3,13
cs.GT,2002,4,4,4,28
cs.GT,2003,2,4,4,13
cs.GT,2003,3,9,8,64
cs.GT,2003,4,2,2,5
cs.GT,2004,1,4,4,24
cs.GT,2004,2,6,5,40
cs.GT,2004,3,4,4,100
cs.GT,2004,4,6,6,135
cs.GT,2005,1,4,4,20
cs.GT,2005,2,6,6,64
cs.GT,2005,3,7,6,444
cs.GT,2005,4,10,10,170
cs.GT,2006,1,5,2,0
cs.GT,2006,2,6,6,122
cs.GT,2006,3,10,10,61
cs.GT,2006,4,14,13,198
cs.GT,2007,1,15,15,120
cs.GT,2007,2,28,27,884
cs.GT,2007,3,19,19,692
cs.GT,2007,4,26,25,184
cs.GT,2008,1,25,23,415
cs.GT,2008,2,45,43,858
cs.GT,2008,3,35,33,634
cs.GT,2008,4,47,45,782
cs.GT,2009,1,34,33,367
cs.GT,2009,2,49,47,1895
cs.GT,2009,3,53,53,528
cs.GT,2009,4,53,52,1010
cs.GT,2010,1,66,63,602
cs.GT,2010,2,60,59,612
cs.GT,2010,3,71,67,964
cs.GT,2010,4,71,65,533
cs.GT,2011,1,77,70,348
cs.GT,2011,2,82,76,820
cs.GT,2011,3,87,81,712
cs.GT,2011,4,81,77,836
cs.GT,2012,1,115,105,747
cs.GT,2012,2,102,92,1047
cs.GT,2012,3,124,119,1345
cs.GT,2012,4,117,111,1478
cs.GT,2013,1,108,98,1139
cs.GT,2013,2,119,110,1065
cs.GT,2013,3,112,99,1688
cs.GT,2013,4,118,103,2667
cs.GT,2014,1,158,147,2504
cs.GT,2014,2,147,134,1182
cs.GT,2014,3,159,148,1521
cs.GT,2014,4,119,104,1035
cs.GT,2015,1,133,123,1667
cs.GT,2015,2,131,115,1627
cs.GT,2015,3,143,126,1127
cs.GT,2015,4,125,109,1065
cs.GT,2016,1,141,118,1209
cs.GT,2016,2,173,152,1376
cs.GT,2016,3,156,135,1447
cs.GT,2016,4,147,130,1093
cs.GT,2017,1,175,161,1790
cs.GT,2017,2,150,115,1289
cs.GT,2017,3,152,127,924
cs.GT,2017,4,181,139,2443
cs.GT,2018,1,166,132,2814
cs.GT,2018,2,196,155,1881
cs.GT,2018,3,178,146,1285
cs.GT,2018,4,175,142,1243
cs.GT,2019,1,171,138,1797
cs.GT,2019,2,243,198,2152
cs.GT,2019,3,215,164,1236
cs.GT,2019,4,250,192,1381
cs.GT,2020,1,254,200,1703
cs.GT,2020,2,251,201,950
cs.GT,2020,3,294,234,1363
cs.GT,2020,4,251,206,821
cs.GT,2021,1,277,245,1362
cs.GT,2021,2,286,247,1008
cs.GT,2021,3,262,219,455
cs.GT,2021,4,277,249,617
cs.GT,2022,1,319,298,777
cs.GT,2022,2,311,293,626
cs.GT,2022,3,294,285,395
cs.GT,2022,4,270,264,395
cs.GT,2023,1,346,337,280
cs.GT,2023,2,339,323,318
cs.GT,2023,3,272,266,199
cs.GT,2023,4,374,360,207
cs.GT,2024,1,455,427,622
cs.GT,2024,2,376,354,164
cs.GT,2024,3,327,305,73
cs.GT,2024,4,392,375,130
cs.GT,2025,1,427,360,212
cs.GT,2025,2,377,309,83
cs.GT,2025,3,361,219,26
cs.GT,2025,4,424,352,4
cs.GT,2026,1,539,538,251
cs.GT,2026,2,599,542,1
cs.GT,2026,3,88,0,0
cs.HC,1998,3,1,1,3
cs.HC,1998,4,7,7,63
cs.HC,1999,1,4,4,8
cs.HC,1999,2,2,2,356
cs.HC,1999,3,1,1,1
cs.HC,2000,2,5,5,224
cs.HC,2000,3,1,1,3
cs.HC,2000,4,2,2,7
cs.HC,2001,1,5,5,50
cs.HC,2001,2,3,3,4
cs.HC,2001,4,6,6,36
cs.HC,2002,2,6,6,510
cs.HC,2002,3,1,1,4
cs.HC,2002,4,4,4,7
cs.HC,2003,1,1,1,2
cs.HC,2003,2,4,4,93
cs.HC,2003,3,6,6,64
cs.HC,2003,4,7,7,72
cs.HC,2004,1,5,5,247
cs.HC,2004,2,4,4,26
cs.HC,2004,3,5,5,5
cs.HC,2004,4,10,10,88
cs.HC,2005,1,2,2,140
cs.HC,2005,2,4,4,98
cs.HC,2005,3,4,3,161
cs.HC,2005,4,1,1,1
cs.HC,2006,1,5,5,3
cs.HC,2006,2,13,13,21
cs.HC,2006,3,3,3,51
cs.HC,2006,4,27,27,273
cs.HC,2007,1,13,12,212
cs.HC,2007,2,23,23,642
cs.HC,2007,3,22,21,261
cs.HC,2007,4,23,23,43
cs.HC,2008,1,45,45,614
cs.HC,2008,2,23,23,175
cs.HC,2008,3,29,29,183
cs.HC,2008,4,10,10,888
cs.HC,2009,1,14,14,139
cs.HC,2009,2,15,15,185
cs.HC,2009,3,45,45,1165
cs.HC,2009,4,26,26,121
cs.HC,2010,1,26,24,293
cs.HC,2010,2,28,28,1038
cs.HC,2010,3,17,17,1304
cs.HC,2010,4,25,25,357
cs.HC,2011,1,20,19,307
cs.HC,2011,2,22,22,1150
cs.HC,2011,3,11,11,7
cs.HC,2011,4,24,24,110
cs.HC,2012,1,31,31,342
cs.HC,2012,2,45,45,674
cs.HC,2012,3,34,33,765
cs.HC,2012,4,40,40,1143
cs.HC,2013,1,37,36,1691
cs.HC,2013,2,47,45,3600
cs.HC,2013,3,61,58,533
cs.HC,2013,4,64,62,1164
cs.HC,2014,1,62,60,790
cs.HC,2014,2,71,68,507
cs.HC,2014,3,71,66,1314
cs.HC,2014,4,64,62,879
cs.HC,2015,1,76,71,562
cs.HC,2015,2,70,68,1070
cs.HC,2015,3,83,77,1289
cs.HC,2015,4,77,72,1904
cs.HC,2016,1,116,110,1650
cs.HC,2016,2,134,124,1827
cs.HC,2016,3,130,127,1809
cs.HC,2016,4,126,123,2019
cs.HC,2017,1,163,158,2705
cs.HC,2017,2,133,126,4071
cs.HC,2017,3,192,175,2739
cs.HC,2017,4,170,156,2522
cs.HC,2018,1,215,191,7096
cs.HC,2018,2,223,208,4683
cs.HC,2018,3,231,224,3394
cs.HC,2018,4,251,236,3615
cs.HC,2019,1,233,224,5153
cs.HC,2019,2,371,346,5078
cs.HC,2019,3,483,435,7918
cs.HC,2019,4,327,300,3902
cs.HC,2020,1,440,411,8479
cs.HC,2020,2,449,410,7551
cs.HC,2020,3,578,520,7125
cs.HC,2020,4,463,437,3859
cs.HC,2021,1,560,532,10991
cs.HC,2021,2,546,509,5898
cs.HC,2021,3,572,524,4588
cs.HC,2021,4,495,471,3478
cs.HC,2022,1,594,584,6670
cs.HC,2022,2,635,629,5666
cs.HC,2022,3,687,677,3932
cs.HC,2022,4,592,588,2533
cs.HC,2023,1,841,835,8201
cs.HC,2023,2,924,919,5742
cs.HC,2023,3,1006,992,3512
cs.HC,2023,4,945,942,2366
cs.HC,2024,1,1311,1294,10055
cs.HC,2024,2,1340,1328,4179
cs.HC,2024,3,1381,1342,2784
cs.HC,2024,4,1363,1345,2954
cs.HC,2025,1,1656,1389,3245
cs.HC,2025,2,1727,1434,1709
cs.HC,2025,3,1792,1214,1590
cs.HC,2025,4,1395,1218,548
cs.HC,2026,1,2112,2110,680
cs.HC,2026,2,1815,1720,227
cs.HC,2026,3,234,0,0
cs.IR,1998,3,1,1,0
cs.IR,1999,1,4,4,9
cs.IR,1999,2,2,2,6
cs.IR,1999,3,2,2,1
cs.IR,1999,4,2,2,0
cs.IR,2000,1,3,3,25
cs.IR,2000,2,4,3,125
cs.IR,2000,3,6,6,325
cs.IR,2000,4,4,4,46
cs.IR,2001,1,2,2,77
cs.IR,2001,2,5,5,37
cs.IR,2001,3,6,6,70
cs.IR,2001,4,5,5,7923
cs.IR,2002,1,2,2,1
cs.IR,2002,2,7,7,16
cs.IR,2002,3,2,2,0
cs.IR,2002,4,10,10,2458
cs.IR,2003,1,3,3,5
cs.IR,2003,2,8,8,53
cs.IR,2003,3,13,13,559
cs.IR,2003,4,12,11,53
cs.IR,2004,1,7,7,275
cs.IR,2004,2,5,5,75
cs.IR,2004,3,10,10,82
cs.IR,2004,4,12,10,211
cs.IR,2005,1,11,10,98
cs.IR,2005,2,16,15,258
cs.IR,2005,3,14,14,278
cs.IR,2005,4,13,13,386
cs.IR,2006,1,12,12,430
cs.IR,2006,2,14,14,320
cs.IR,2006,3,27,26,755
cs.IR,2006,4,21,21,806
cs.IR,2007,1,20,20,612
cs.IR,2007,2,14,14,818
cs.IR,2007,3,10,10,151
cs.IR,2007,4,19,18,297
cs.IR,2008,1,20,20,163
cs.IR,2008,2,17,17,236
cs.IR,2008,3,21,21,1220
cs.IR,2008,4,27,27,129
cs.IR,2009,1,25,25,1044
cs.IR,2009,2,37,37,12258
cs.IR,2009,3,48,48,627
cs.IR,2009,4,51,48,506
cs.IR,2010,1,52,52,5949
cs.IR,2010,2,52,52,1368
cs.IR,2010,3,37,37,406
cs.IR,2010,4,39,35,1431
cs.IR,2011,1,50,50,2466
cs.IR,2011,2,47,47,1491
cs.IR,2011,3,55,55,603
cs.IR,2011,4,49,46,501
cs.IR,2012,1,77,74,3512
cs.IR,2012,2,120,116,6676
cs.IR,2012,3,99,94,2472
cs.IR,2012,4,109,104,1371
cs.IR,2013,1,102,95,9207
cs.IR,2013,2,100,97,1393
cs.IR,2013,3,87,86,1475
cs.IR,2013,4,97,94,802
cs.IR,2014,1,114,112,1395
cs.IR,2014,2,113,108,1447
cs.IR,2014,3,109,102,1106
cs.IR,2014,4,85,83,1481
cs.IR,2015,1,121,118,2770
cs.IR,2015,2,129,123,1534
cs.IR,2015,3,112,105,1517
cs.IR,2015,4,133,128,3523
cs.IR,2016,1,121,114,2110
cs.IR,2016,2,162,151,2927
cs.IR,2016,3,143,138,4544
cs.IR,2016,4,149,148,3542
cs.IR,2017,1,167,162,4014
cs.IR,2017,2,203,192,10932
cs.IR,2017,3,222,206,5638
cs.IR,2017,4,201,184,3857
cs.IR,2018,1,202,183,7920
cs.IR,2018,2,288,267,9052
cs.IR,2018,3,319,311,5480
cs.IR,2018,4,318,306,6816
cs.IR,2019,1,234,223,6944
cs.IR,2019,2,470,429,15145
cs.IR,2019,3,498,466,7232
cs.IR,2019,4,429,395,6589
cs.IR,2020,1,360,326,4438
cs.IR,2020,2,590,545,12938
cs.IR,2020,3,541,513,8155
cs.IR,2020,4,507,458,7128
cs.IR,2021,1,446,413,5044
cs.IR,2021,2,562,532,7488
cs.IR,2021,3,511,488,4676
cs.IR,2021,4,511,500,3715
cs.IR,2022,1,468,458,4953
cs.IR,2022,2,601,592,6269
cs.IR,2022,3,525,523,2971
cs.IR,2022,4,531,529,2496
cs.IR,2023,1,463,462,3499
cs.IR,2023,2,798,795,3939
cs.IR,2023,3,699,697,2962
cs.IR,2023,4,665,662,1361
cs.IR,2024,1,881,874,3246
cs.IR,2024,2,903,898,2182
cs.IR,2024,3,898,882,1290
cs.IR,2024,4,952,938,1202
cs.IR,2025,1,910,762,612
cs.IR,2025,2,1121,953,421
cs.IR,2025,3,1153,780,340
cs.IR,2025,4,945,790,68
cs.IR,2026,1,1269,1266,73
cs.IR,2026,2,1385,1248,37
cs.IR,2026,3,167,0,0
cs.IT,1993,4,1,1,1
cs.IT,1995,3,1,1,0
cs.IT,1996,3,1,1,10
cs.IT,1998,3,1,1,280
cs.IT,1999,1,1,1,2
cs.IT,1999,2,2,2,1
cs.IT,1999,3,1,1,65
cs.IT,1999,4,6,6,8
cs.IT,2000,2,4,4,65
cs.IT,2000,3,1,1,0
cs.IT,2000,4,3,3,416
cs.IT,2001,1,5,5,156
cs.IT,2001,2,4,4,22
cs.IT,2001,3,4,4,85
cs.IT,2001,4,5,5,28
cs.IT,2002,1,3,3,333
cs.IT,2002,2,4,4,27
cs.IT,2002,3,14,13,152
cs.IT,2002,4,6,6,13
cs.IT,2003,1,7,7,13
cs.IT,2003,2,7,7,65
cs.IT,2003,3,11,11,455
cs.IT,2003,4,10,10,1110
cs.IT,2004,1,6,6,88
cs.IT,2004,2,13,12,601
cs.IT,2004,3,20,18,703
cs.IT,2004,4,28,28,439
cs.IT,2005,1,77,77,1847
cs.IT,2005,2,81,80,2318
cs.IT,2005,3,125,124,1934
cs.IT,2005,4,101,100,4835
cs.IT,2006,1,116,114,4084
cs.IT,2006,2,100,100,1632
cs.IT,2006,3,94,93,1460
cs.IT,2006,4,132,130,2039
cs.IT,2007,1,176,173,3906
cs.IT,2007,2,182,178,5564
cs.IT,2007,3,157,154,3837
cs.IT,2007,4,214,212,6358
cs.IT,2008,1,225,219,6563
cs.IT,2008,2,260,258,4986
cs.IT,2008,3,239,239,13973
cs.IT,2008,4,233,230,3668
cs.IT,2009,1,333,329,7969
cs.IT,2009,2,287,286,9851
cs.IT,2009,3,281,275,8754
cs.IT,2009,4,271,266,7059
cs.IT,2010,1,374,363,8305
cs.IT,2010,2,404,384,8203
cs.IT,2010,3,354,345,11096
cs.IT,2010,4,379,363,13465
cs.IT,2011,1,495,474,9123
cs.IT,2011,2,407,385,8385
cs.IT,2011,3,392,378,10367
cs.IT,2011,4,395,373,9244
cs.IT,2012,1,536,515,13744
cs.IT,2012,2,469,440,10436
cs.IT,2012,3,488,467,7784
cs.IT,2012,4,522,493,10458
cs.IT,2013,1,775,745,17182
cs.IT,2013,2,590,560,27322
cs.IT,2013,3,541,515,14229
cs.IT,2013,4,602,566,15717
cs.IT,2014,1,705,657,13601
cs.IT,2014,2,626,580,14082
cs.IT,2014,3,577,542,16033
cs.IT,2014,4,647,598,12118
cs.IT,2015,1,744,687,16396
cs.IT,2015,2,826,747,17568
cs.IT,2015,3,734,662,15886
cs.IT,2015,4,711,628,19143
cs.IT,2016,1,865,764,23085
cs.IT,2016,2,879,780,19416
cs.IT,2016,3,773,674,13219
cs.IT,2016,4,763,699,11253
cs.IT,2017,1,1024,961,11629
cs.IT,2017,2,891,787,16447
cs.IT,2017,3,790,690,12792
cs.IT,2017,4,808,696,9106
cs.IT,2018,1,983,820,16127
cs.IT,2018,2,872,746,9777
cs.IT,2018,3,715,650,9424
cs.IT,2018,4,661,578,6774
cs.IT,2019,1,898,775,9357
cs.IT,2019,2,797,682,9096
cs.IT,2019,3,726,610,9776
cs.IT,2019,4,861,751,11197
cs.IT,2020,1,1009,872,9375
cs.IT,2020,2,893,763,6931
cs.IT,2020,3,815,721,6804
cs.IT,2020,4,887,778,6148
cs.IT,2021,1,992,874,9064
cs.IT,2021,2,965,885,6333
cs.IT,2021,3,862,793,4645
cs.IT,2021,4,868,821,4793
cs.IT,2022,1,936,914,3807
cs.IT,2022,2,911,900,2796
cs.IT,2022,3,840,831,1552
cs.IT,2022,4,892,878,1044
cs.IT,2023,1,831,824,1848
cs.IT,2023,2,998,983,1221
cs.IT,2023,3,855,843,822
cs.IT,2023,4,908,895,803
cs.IT,2024,1,1075,1054,1463
cs.IT,2024,2,1010,1000,674
cs.IT,2024,3,813,773,493
cs.IT,2024,4,862,835,363
cs.IT,2025,1,932,789,279
cs.IT,2025,2,938,769,217
cs.IT,2025,3,944,603,140
cs.IT,2025,4,998,833,92
cs.IT,2026,1,1213,1213,22
cs.IT,2026,2,1308,1222,8
cs.IT,2026,3,192,0,0
cs.LG,1997,1,1,1,10
cs.LG,1997,4,1,1,40
cs.LG,1998,3,3,3,79
cs.LG,1998,4,4,4,374
cs.LG,1999,1,5,5,42
cs.LG,1999,2,14,14,753
cs.LG,1999,3,3,3,284
cs.LG,1999,4,3,3,9
cs.LG,2000,1,5,5,12
cs.LG,2000,2,6,6,1980
cs.LG,2000,3,15,15,633
cs.LG,2000,4,10,10,675
cs.LG,2001,1,5,5,110
cs.LG,2001,2,11,11,65
cs.LG,2001,3,4,4,15
cs.LG,2001,4,3,3,8200
cs.LG,2002,1,8,8,81
cs.LG,2002,2,9,8,2443
cs.LG,2002,3,1,1,10
cs.LG,2002,4,26,26,3737
cs.LG,2003,1,5,5,41
cs.LG,2003,2,7,7,20
cs.LG,2003,3,10,10,556
cs.LG,2003,4,8,6,21
cs.LG,2004,1,8,8,86
cs.LG,2004,2,8,8,271
cs.LG,2004,3,11,11,172
cs.LG,2004,4,12,12,222
cs.LG,2005,1,15,15,637
cs.LG,2005,2,21,20,1000
cs.LG,2005,3,14,14,301
cs.LG,2005,4,17,16,364
cs.LG,2006,1,14,14,194
cs.LG,2006,2,20,20,411
cs.LG,2006,3,21,21,711
cs.LG,2006,4,22,22,728
cs.LG,2007,1,11,10,63
cs.LG,2007,2,19,19,2038
cs.LG,2007,3,28,27,1577
cs.LG,2007,4,26,25,1150
cs.LG,2008,1,21,21,742
cs.LG,2008,2,31,31,683
cs.LG,2008,3,32,32,1361
cs.LG,2008,4,47,46,2795
cs.LG,2009,1,48,46,1220
cs.LG,2009,2,55,55,603
cs.LG,2009,3,53,52,2645
cs.LG,2009,4,74,72,5629
cs.LG,2010,1,84,82,8539
cs.LG,2010,2,94,92,4438
cs.LG,2010,3,81,78,1773
cs.LG,2010,4,76,70,9462
cs.LG,2011,1,83,81,8631
cs.LG,2011,2,117,112,5676
cs.LG,2011,3,125,120,3842
cs.LG,2011,4,144,134,9112
cs.LG,2012,1,214,207,70307
cs.LG,2012,2,508,494,27511
cs.LG,2012,3,250,242,18922
cs.LG,2012,4,367,354,28769
cs.LG,2013,1,408,392,30669
cs.LG,2013,2,263,250,10314
cs.LG,2013,3,302,275,12229
cs.LG,2013,4,434,409,61516
cs.LG,2014,1,382,365,24508
cs.LG,2014,2,417,399,56709
cs.LG,2014,3,388,372,43403
cs.LG,2014,4,552,520,151124
cs.LG,2015,1,504,481,89854
cs.LG,2015,2,627,595,42701
cs.LG,2015,3,530,489,27998
cs.LG,2015,4,829,769,55188
cs.LG,2016,1,748,682,107660
cs.LG,2016,2,933,857,64911
cs.LG,2016,3,755,678,69102
cs.LG,2016,4,1140,1093,93258
cs.LG,2017,1,1056,1013,74944
cs.LG,2017,2,1335,1219,114219
cs.LG,2017,3,1215,1091,70915
cs.LG,2017,4,1646,1516,99713
cs.LG,2018,1,1847,1687,121093
cs.LG,2018,2,2486,2295,100575
cs.LG,2018,3,2506,2333,98180
cs.LG,2018,4,3660,3378,117631
cs.LG,2019,1,3443,3152,114569
cs.LG,2019,2,5268,4764,150751
cs.LG,2019,3,4629,4206,108871
cs.LG,2019,4,5953,5462,144192
cs.LG,2020,1,5482,5053,139099
cs.LG,2020,2,7164,6530,160975
cs.LG,2020,3,6000,5542,102713
cs.LG,2020,4,7244,6718,123652
cs.LG,2021,1,6143,5755,84262
cs.LG,2021,2,7119,6693,86172
cs.LG,2021,3,5861,5559,56038
cs.LG,2021,4,7409,7215,57163
cs.LG,2022,1,6870,6759,59521
cs.LG,2022,2,7600,7531,53299
cs.LG,2022,3,6258,6203,29277
cs.LG,2022,4,7994,7932,34651
cs.LG,2023,1,7348,7282,29156
cs.LG,2023,2,8824,8747,34079
cs.LG,2023,3,7428,7361,20839
cs.LG,2023,4,9422,9346,19803
cs.LG,2024,1,9589,9454,22175
cs.LG,2024,2,10354,10197,13464
cs.LG,2024,3,8427,8090,8528
cs.LG,2024,4,11417,11165,8202
cs.LG,2025,1,11019,9090,5706
cs.LG,2025,2,12078,10134,3080
cs.LG,2025,3,10957,7004,1580
cs.LG,2025,4,11956,10205,1623
cs.LG,2026,1,12749,12738,665
cs.LG,2026,2,15580,14609,1585
cs.LG,2026,3,1953,0,0
cs.LO,1994,4,2,2,1
cs.LO,1997,2,1,1,3
cs.LO,1998,3,12,12,91
cs.LO,1998,4,6,6,5
cs.LO,1999,1,7,7,3
cs.LO,1999,2,3,3,2
cs.LO,1999,3,7,7,6
cs.LO,1999,4,5,5,219
cs.LO,2000,1,36,36,343
cs.LO,2000,2,13,13,331
cs.LO,2000,3,13,12,44
cs.LO,2000,4,20,17,36
cs.LO,2001,1,14,11,95
cs.LO,2001,2,26,26,422
cs.LO,2001,3,10,10,9
cs.LO,2001,4,23,21,252
cs.LO,2002,1,11,11,117
cs.LO,2002,2,10,9,3
cs.LO,2002,3,30,30,125
cs.LO,2002,4,18,17,1191
cs.LO,2003,1,5,5,20
cs.LO,2003,2,19,19,49
cs.LO,2003,3,18,16,250
cs.LO,2003,4,31,30,117
cs.LO,2004,1,21,20,58
cs.LO,2004,2,21,20,227
cs.LO,2004,3,26,25,111
cs.LO,2004,4,23,23,169
cs.LO,2005,1,28,28,334
cs.LO,2005,2,36,36,910
cs.LO,2005,3,28,28,261
cs.LO,2005,4,33,33,329
cs.LO,2006,1,36,35,357
cs.LO,2006,2,25,25,510
cs.LO,2006,3,48,48,430
cs.LO,2006,4,49,48,778
cs.LO,2007,1,45,44,468
cs.LO,2007,2,41,40,696
cs.LO,2007,3,41,39,347
cs.LO,2007,4,55,48,250
cs.LO,2008,1,61,59,289
cs.LO,2008,2,86,80,499
cs.LO,2008,3,50,47,423
cs.LO,2008,4,63,61,633
cs.LO,2009,1,80,76,1094
cs.LO,2009,2,103,98,755
cs.LO,2009,3,58,56,432
cs.LO,2009,4,121,117,758
cs.LO,2010,1,123,122,930
cs.LO,2010,2,154,148,1096
cs.LO,2010,3,124,122,992
cs.LO,2010,4,144,142,1217
cs.LO,2011,1,138,133,1805
cs.LO,2011,2,133,125,1089
cs.LO,2011,3,181,176,1012
cs.LO,2011,4,113,105,1253
cs.LO,2012,1,155,147,1299
cs.LO,2012,2,138,130,1261
cs.LO,2012,3,164,157,1213
cs.LO,2012,4,187,177,1343
cs.LO,2013,1,186,177,1194
cs.LO,2013,2,171,166,1069
cs.LO,2013,3,196,193,1519
cs.LO,2013,4,201,184,1366
cs.LO,2014,1,252,235,2642
cs.LO,2014,2,285,272,1548
cs.LO,2014,3,206,196,1043
cs.LO,2014,4,198,183,948
cs.LO,2015,1,217,198,1591
cs.LO,2015,2,221,199,1182
cs.LO,2015,3,236,226,1028
cs.LO,2015,4,182,163,1185
cs.LO,2016,1,211,188,963
cs.LO,2016,2,259,230,1566
cs.LO,2016,3,252,225,920
cs.LO,2016,4,220,208,1127
cs.LO,2017,1,294,280,1249
cs.LO,2017,2,257,229,1234
cs.LO,2017,3,270,230,1460
cs.LO,2017,4,221,188,1057
cs.LO,2018,1,274,230,1142
cs.LO,2018,2,303,245,1302
cs.LO,2018,3,241,214,1442
cs.LO,2018,4,260,231,776
cs.LO,2019,1,234,191,996
cs.LO,2019,2,343,268,1308
cs.LO,2019,3,349,306,1532
cs.LO,2019,4,298,240,1218
cs.LO,2020,1,301,256,1063
cs.LO,2020,2,324,250,983
cs.LO,2020,3,364,312,786
cs.LO,2020,4,268,242,874
cs.LO,2021,1,295,255,783
cs.LO,2021,2,383,312,1254
cs.LO,2021,3,360,306,742
cs.LO,2021,4,289,265,806
cs.LO,2022,1,282,258,407
cs.LO,2022,2,370,335,523
cs.LO,2022,3,325,305,359
cs.LO,2022,4,245,223,251
cs.LO,2023,1,354,318,434
cs.LO,2023,2,395,367,286
cs.LO,2023,3,396,369,297
cs.LO,2023,4,328,306,256
cs.LO,2024,1,387,357,361
cs.LO,2024,2,426,381,143
cs.LO,2024,3,271,233,157
cs.LO,2024,4,358,333,155
cs.LO,2025,1,367,290,140
cs.LO,2025,2,436,364,56
cs.LO,2025,3,430,293,53
cs.LO,2025,4,423,368,27
cs.LO,2026,1,488,488,31
cs.LO,2026,2,692,604,47
cs.LO,2026,3,91,0,0
cs.MA,1998,3,4,4,137
cs.MA,1998,4,2,2,70
cs.MA,1999,1,3,2,1
cs.MA,1999,2,2,2,3
cs.MA,1999,3,2,2,283
cs.MA,1999,4,2,2,7
cs.MA,2000,1,2,2,4
cs.MA,2000,2,1,1,10
cs.MA,2000,3,1,0,0
cs.MA,2000,4,1,1,4
cs.MA,2001,1,1,1,12
cs.MA,2001,2,3,3,6
cs.MA,2001,3,2,2,46
cs.MA,2001,4,1,1,5
cs.MA,2002,1,5,5,59
cs.MA,2002,2,6,5,359
cs.MA,2002,3,1,1,5
cs.MA,2002,4,8,7,38
cs.MA,2003,1,2,2,23
cs.MA,2003,2,1,1,9
cs.MA,2003,3,10,9,72
cs.MA,2003,4,2,2,10
cs.MA,2004,1,6,6,35
cs.MA,2004,2,3,3,128
cs.MA,2004,3,4,4,134
cs.MA,2004,4,8,8,188
cs.MA,2005,1,6,6,5
cs.MA,2005,2,5,5,14
cs.MA,2005,3,10,7,430
cs.MA,2005,4,9,9,891
cs.MA,2006,1,12,10,118
cs.MA,2006,2,12,12,180
cs.MA,2006,3,8,8,73
cs.MA,2006,4,10,10,307
cs.MA,2007,1,10,10,447
cs.MA,2007,2,6,6,35
cs.MA,2007,3,8,8,130
cs.MA,2007,4,11,11,195
cs.MA,2008,1,16,15,180
cs.MA,2008,2,26,26,293
cs.MA,2008,3,15,14,143
cs.MA,2008,4,14,14,75
cs.MA,2009,1,21,20,329
cs.MA,2009,2,13,13,39
cs.MA,2009,3,22,21,357
cs.MA,2009,4,28,26,304
cs.MA,2010,1,26,23,151
cs.MA,2010,2,27,25,463
cs.MA,2010,3,23,22,392
cs.MA,2010,4,18,16,9
cs.MA,2011,1,21,21,191
cs.MA,2011,2,24,23,536
cs.MA,2011,3,31,31,820
cs.MA,2011,4,33,32,1119
cs.MA,2012,1,34,30,231
cs.MA,2012,2,31,27,362
cs.MA,2012,3,32,30,448
cs.MA,2012,4,38,36,219
cs.MA,2013,1,43,40,496
cs.MA,2013,2,30,29,370
cs.MA,2013,3,31,30,669
cs.MA,2013,4,38,37,269
cs.MA,2014,1,72,67,1630
cs.MA,2014,2,44,42,463
cs.MA,2014,3,44,39,438
cs.MA,2014,4,52,46,694
cs.MA,2015,1,49,47,594
cs.MA,2015,2,43,40,274
cs.MA,2015,3,40,37,437
cs.MA,2015,4,35,31,491
cs.MA,2016,1,57,52,723
cs.MA,2016,2,53,48,1816
cs.MA,2016,3,64,56,719
cs.MA,2016,4,61,59,994
cs.MA,2017,1,69,60,2186
cs.MA,2017,2,62,56,1187
cs.MA,2017,3,102,93,2208
cs.MA,2017,4,90,77,799
cs.MA,2018,1,105,88,2408
cs.MA,2018,2,106,97,1009
cs.MA,2018,3,105,95,1343
cs.MA,2018,4,147,131,3667
cs.MA,2019,1,134,112,1187
cs.MA,2019,2,183,155,2287
cs.MA,2019,3,203,181,2122
cs.MA,2019,4,210,179,2377
cs.MA,2020,1,226,196,3590
cs.MA,2020,2,236,208,1732
cs.MA,2020,3,228,205,1938
cs.MA,2020,4,241,215,2137
cs.MA,2021,1,258,232,1850
cs.MA,2021,2,258,243,2069
cs.MA,2021,3,202,186,1292
cs.MA,2021,4,241,232,1196
cs.MA,2022,1,265,258,543
cs.MA,2022,2,255,253,863
cs.MA,2022,3,240,236,415
cs.MA,2022,4,278,276,448
cs.MA,2023,1,303,298,806
cs.MA,2023,2,303,302,471
cs.MA,2023,3,262,255,530
cs.MA,2023,4,334,325,505
cs.MA,2024,1,369,357,653
cs.MA,2024,2,348,339,312
cs.MA,2024,3,295,284,162
cs.MA,2024,4,389,381,306
cs.MA,2025,1,512,428,383
cs.MA,2025,2,560,468,199
cs.MA,2025,3,634,420,112
cs.MA,2025,4,726,617,35
cs.MA,2026,1,794,793,134
cs.MA,2026,2,1127,1028,9
cs.MA,2026,3,147,0,0
cs.MM,1998,3,2,2,39
cs.MM,2000,1,1,1,0
cs.MM,2000,3,1,1,3
cs.MM,2000,4,1,1,32
cs.MM,2001,3,1,1,3
cs.MM,2001,4,1,1,8
cs.MM,2002,4,1,1,10
cs.MM,2003,2,1,1,13
cs.MM,2003,4,1,1,0
cs.MM,2004,3,2,2,8
cs.MM,2004,4,5,5,179
cs.MM,2005,1,7,7,199
cs.MM,2005,2,4,4,1
cs.MM,2005,3,3,3,22
cs.MM,2005,4,1,1,233
cs.MM,2006,1,2,2,27
cs.MM,2006,2,2,2,24
cs.MM,2006,3,6,6,72
cs.MM,2006,4,4,4,53
cs.MM,2007,1,1,1,0
cs.MM,2007,2,5,5,14
cs.MM,2007,3,6,6,587
cs.MM,2007,4,10,8,244
cs.MM,2008,1,6,6,6
cs.MM,2008,2,6,6,52
cs.MM,2008,3,5,5,53
cs.MM,2008,4,19,17,117
cs.MM,2009,1,15,15,68
cs.MM,2009,2,17,16,301
cs.MM,2009,3,8,8,44
cs.MM,2009,4,15,14,62
cs.MM,2010,1,36,36,1134
cs.MM,2010,2,32,32,286
cs.MM,2010,3,15,15,157
cs.MM,2010,4,17,16,1370
cs.MM,2011,1,22,20,153
cs.MM,2011,2,26,25,201
cs.MM,2011,3,25,25,298
cs.MM,2011,4,30,30,339
cs.MM,2012,1,24,23,118
cs.MM,2012,2,31,31,445
cs.MM,2012,3,27,27,476
cs.MM,2012,4,40,38,473
cs.MM,2013,1,26,23,272
cs.MM,2013,2,38,37,841
cs.MM,2013,3,40,40,458
cs.MM,2013,4,32,30,329
cs.MM,2014,1,32,32,432
cs.MM,2014,2,45,44,593
cs.MM,2014,3,36,35,437
cs.MM,2014,4,37,36,866
cs.MM,2015,1,74,73,4372
cs.MM,2015,2,47,45,572
cs.MM,2015,3,38,37,385
cs.MM,2015,4,40,39,1844
cs.MM,2016,1,53,50,838
cs.MM,2016,2,89,79,1652
cs.MM,2016,3,73,63,1893
cs.MM,2016,4,46,42,957
cs.MM,2017,1,70,64,1718
cs.MM,2017,2,95,90,1436
cs.MM,2017,3,90,80,1790
cs.MM,2017,4,75,70,1487
cs.MM,2018,1,77,71,1780
cs.MM,2018,2,102,97,2276
cs.MM,2018,3,99,95,1365
cs.MM,2018,4,100,95,1160
cs.MM,2019,1,90,83,1533
cs.MM,2019,2,128,120,2377
cs.MM,2019,3,160,143,4733
cs.MM,2019,4,137,126,3387
cs.MM,2020,1,120,107,1343
cs.MM,2020,2,164,149,2858
cs.MM,2020,3,182,172,2317
cs.MM,2020,4,174,165,2098
cs.MM,2021,1,161,155,1947
cs.MM,2021,2,193,182,2056
cs.MM,2021,3,192,184,2536
cs.MM,2021,4,176,171,1344
cs.MM,2022,1,201,200,1201
cs.MM,2022,2,202,201,2335
cs.MM,2022,3,266,265,2348
cs.MM,2022,4,257,257,1845
cs.MM,2023,1,232,231,1513
cs.MM,2023,2,310,308,1160
cs.MM,2023,3,335,333,1115
cs.MM,2023,4,308,306,899
cs.MM,2024,1,290,288,479
cs.MM,2024,2,346,344,422
cs.MM,2024,3,418,401,454
cs.MM,2024,4,400,383,461
cs.MM,2025,1,295,234,291
cs.MM,2025,2,438,366,134
cs.MM,2025,3,469,283,102
cs.MM,2025,4,360,308,61
cs.MM,2026,1,354,353,32
cs.MM,2026,2,425,396,9
cs.MM,2026,3,51,0,0
cs.MS,1998,3,2,1,0
cs.MS,1999,1,2,1,1
cs.MS,1999,2,1,1,0
cs.MS,1999,4,1,1,0
cs.MS,2000,1,1,1,165
cs.MS,2000,2,2,2,9
cs.MS,2001,1,3,3,13
cs.MS,2001,2,2,2,1
cs.MS,2001,3,2,2,12
cs.MS,2002,1,1,1,2
cs.MS,2002,3,1,1,8
cs.MS,2003,1,3,3,10
cs.MS,2003,2,2,2,0
cs.MS,2003,3,2,2,15
cs.MS,2003,4,3,2,0
cs.MS,2004,1,2,2,0
cs.MS,2004,2,2,2,0
cs.MS,2004,3,4,4,39
cs.MS,2004,4,2,2,39
cs.MS,2005,1,1,1,23
cs.MS,2005,2,2,2,2
cs.MS,2005,3,1,1,27
cs.MS,2005,4,5,5,37
cs.MS,2006,1,5,5,9
cs.MS,2006,2,11,11,38
cs.MS,2006,3,5,4,3
cs.MS,2006,4,8,8,43
cs.MS,2007,1,6,6,77
cs.MS,2007,2,5,5,82
cs.MS,2007,3,9,9,46
cs.MS,2007,4,2,2,15
cs.MS,2008,1,7,6,50
cs.MS,2008,2,3,3,93
cs.MS,2008,3,5,5,203
cs.MS,2008,4,4,4,71
cs.MS,2009,1,12,12,480
cs.MS,2009,2,8,7,44
cs.MS,2009,3,12,12,746
cs.MS,2009,4,8,8,375
cs.MS,2010,1,19,18,74
cs.MS,2010,2,23,22,119
cs.MS,2010,3,8,8,123
cs.MS,2010,4,6,6,56
cs.MS,2011,1,19,19,12086
cs.MS,2011,2,19,19,380
cs.MS,2011,3,10,10,291
cs.MS,2011,4,19,18,403
cs.MS,2012,1,41,39,64313
cs.MS,2012,2,22,20,882
cs.MS,2012,3,25,24,301
cs.MS,2012,4,24,22,1063
cs.MS,2013,1,34,33,395
cs.MS,2013,2,34,33,519
cs.MS,2013,3,41,41,2313
cs.MS,2013,4,21,19,503
cs.MS,2014,1,34,34,319
cs.MS,2014,2,40,37,367
cs.MS,2014,3,35,33,7876
cs.MS,2014,4,36,33,2168
cs.MS,2015,1,28,28,722
cs.MS,2015,2,51,47,1602
cs.MS,2015,3,27,25,1827
cs.MS,2015,4,27,25,2311
cs.MS,2016,1,30,27,815
cs.MS,2016,2,30,27,424
cs.MS,2016,3,43,39,735
cs.MS,2016,4,35,34,306
cs.MS,2017,1,23,23,598
cs.MS,2017,2,31,30,548
cs.MS,2017,3,35,30,223
cs.MS,2017,4,44,42,612
cs.MS,2018,1,37,32,206
cs.MS,2018,2,44,38,447
cs.MS,2018,3,27,26,151
cs.MS,2018,4,37,35,2433
cs.MS,2019,1,23,22,288
cs.MS,2019,2,42,36,662
cs.MS,2019,3,42,40,856
cs.MS,2019,4,47,44,17902
cs.MS,2020,1,43,40,2416
cs.MS,2020,2,37,35,23111
cs.MS,2020,3,55,51,1514
cs.MS,2020,4,57,54,724
cs.MS,2021,1,58,54,419
cs.MS,2021,2,55,51,311
cs.MS,2021,3,57,53,465
cs.MS,2021,4,62,62,181
cs.MS,2022,1,50,49,94
cs.MS,2022,2,43,43,120
cs.MS,2022,3,43,43,111
cs.MS,2022,4,31,31,86
cs.MS,2023,1,46,45,91
cs.MS,2023,2,43,42,147
cs.MS,2023,3,47,47,47
cs.MS,2023,4,38,38,21
cs.MS,2024,1,44,43,47
cs.MS,2024,2,56,56,20
cs.MS,2024,3,42,40,21
cs.MS,2024,4,45,44,17
cs.MS,2025,1,34,30,4
cs.MS,2025,2,58,47,8
cs.MS,2025,3,55,36,3
cs.MS,2025,4,61,54,0
cs.MS,2026,1,66,66,2
cs.MS,2026,2,84,76,0
cs.MS,2026,3,16,0,0
cs.NA,1991,1,1,1,21
cs.NA,1992,1,2,2,0
cs.NA,1993,2,2,2,1
cs.NA,1993,3,5,5,33
cs.NA,1993,4,1,1,0
cs.NA,1994,2,1,1,8
cs.NA,1994,3,1,1,3
cs.NA,1996,1,1,1,0
cs.NA,1996,2,1,1,1
cs.NA,1996,4,1,1,1
cs.NA,1997,1,1,1,1
cs.NA,1997,2,2,2,0
cs.NA,1997,3,1,1,11
cs.NA,1998,1,8,8,12
cs.NA,1998,2,11,11,273
cs.NA,1998,3,10,10,666
cs.NA,1998,4,9,9,141
cs.NA,1999,1,10,10,26
cs.NA,1999,2,24,24,201
cs.NA,1999,3,25,25,359
cs.NA,1999,4,25,25,136
cs.NA,2000,1,16,15,112
cs.NA,2000,2,19,19,426
cs.NA,2000,3,14,13,112
cs.NA,2000,4,30,30,396
cs.NA,2001,1,24,24,169
cs.NA,2001,2,33,33,114
cs.NA,2001,3,12,12,35
cs.NA,2001,4,20,20,56
cs.NA,2002,1,17,17,176
cs.NA,2002,2,13,13,245
cs.NA,2002,3,22,22,247
cs.NA,2002,4,26,26,344
cs.NA,2003,1,23,23,198
cs.NA,2003,2,31,31,356
cs.NA,2003,3,18,18,370
cs.NA,2003,4,22,22,909
cs.NA,2004,1,24,24,214
cs.NA,2004,2,24,24,112
cs.NA,2004,3,29,29,482
cs.NA,2004,4,32,31,1184
cs.NA,2005,1,39,39,434
cs.NA,2005,2,35,35,903
cs.NA,2005,3,40,40,604
cs.NA,2005,4,32,32,154
cs.NA,2006,1,50,50,731
cs.NA,2006,2,38,38,424
cs.NA,2006,3,61,61,1162
cs.NA,2006,4,66,66,890
cs.NA,2007,1,62,62,1278
cs.NA,2007,2,62,59,781
cs.NA,2007,3,61,60,1433
cs.NA,2007,4,78,76,1583
cs.NA,2008,1,73,69,1749
cs.NA,2008,2,95,93,1412
cs.NA,2008,3,97,95,1232
cs.NA,2008,4,116,114,2437
cs.NA,2009,1,94,92,1855
cs.NA,2009,2,114,108,2978
cs.NA,2009,3,95,91,1889
cs.NA,2009,4,132,130,4583
cs.NA,2010,1,161,158,2239
cs.NA,2010,2,210,198,4407
cs.NA,2010,3,197,186,5521
cs.NA,2010,4,188,179,3635
cs.NA,2011,1,199,189,3990
cs.NA,2011,2,201,197,4469
cs.NA,2011,3,231,225,4140
cs.NA,2011,4,256,245,4346
cs.NA,2012,1,277,268,5055
cs.NA,2012,2,279,266,4709
cs.NA,2012,3,290,277,5682
cs.NA,2012,4,351,337,4966
cs.NA,2013,1,345,326,4621
cs.NA,2013,2,373,366,8473
cs.NA,2013,3,358,341,4800
cs.NA,2013,4,438,424,8436
cs.NA,2014,1,444,428,8049
cs.NA,2014,2,417,391,6199
cs.NA,2014,3,437,417,8815
cs.NA,2014,4,487,464,5009
cs.NA,2015,1,457,432,6020
cs.NA,2015,2,518,472,7429
cs.NA,2015,3,510,474,6798
cs.NA,2015,4,546,492,8286
cs.NA,2016,1,557,498,6447
cs.NA,2016,2,591,530,7488
cs.NA,2016,3,537,491,7456
cs.NA,2016,4,651,616,6276
cs.NA,2017,1,592,571,6370
cs.NA,2017,2,614,569,8176
cs.NA,2017,3,619,565,10420
cs.NA,2017,4,738,665,9105
cs.NA,2018,1,705,619,6939
cs.NA,2018,2,776,704,6568
cs.NA,2018,3,700,642,7800
cs.NA,2018,4,788,713,7176
cs.NA,2019,1,754,685,5915
cs.NA,2019,2,784,707,6979
cs.NA,2019,3,798,726,6468
cs.NA,2019,4,880,799,7883
cs.NA,2020,1,883,809,8327
cs.NA,2020,2,915,840,5468
cs.NA,2020,3,868,797,5829
cs.NA,2020,4,1017,957,8256
cs.NA,2021,1,1062,1000,6933
cs.NA,2021,2,1062,1019,5445
cs.NA,2021,3,915,885,5063
cs.NA,2021,4,1060,1045,4148
cs.NA,2022,1,998,976,2302
cs.NA,2022,2,907,894,1944
cs.NA,2022,3,947,936,1219
cs.NA,2022,4,1059,1036,989
cs.NA,2023,1,1038,1019,1038
cs.NA,2023,2,1121,1104,1049
cs.NA,2023,3,1034,1022,1776
cs.NA,2023,4,1149,1134,721
cs.NA,2024,1,1238,1182,1046
cs.NA,2024,2,1191,1149,528
cs.NA,2024,3,1148,1086,557
cs.NA,2024,4,1212,1142,501
cs.NA,2025,1,1175,927,565
cs.NA,2025,2,1238,985,224
cs.NA,2025,3,1266,828,170
cs.NA,2025,4,1337,1093,382
cs.NA,2026,1,1371,1371,9
cs.NA,2026,2,1614,1477,22
cs.NA,2026,3,330,0,0
cs.NE,1998,1,1,1,0
cs.NE,1998,3,7,7,30
cs.NE,1998,4,7,7,71
cs.NE,1999,1,4,4,3
cs.NE,1999,2,4,4,145
cs.NE,1999,3,1,1,760
cs.NE,1999,4,1,1,2
cs.NE,2000,1,3,3,10
cs.NE,2000,2,4,4,82
cs.NE,2000,3,1,1,2
cs.NE,2000,4,2,2,346
cs.NE,2001,1,5,5,2042
cs.NE,2001,2,3,3,144
cs.NE,2001,3,2,2,7
cs.NE,2001,4,2,2,33
cs.NE,2002,1,7,7,1
cs.NE,2002,2,7,7,54
cs.NE,2002,3,2,2,8
cs.NE,2002,4,10,10,78
cs.NE,2003,1,4,4,77
cs.NE,2003,2,23,23,63
cs.NE,2003,3,12,12,204
cs.NE,2003,4,6,6,18
cs.NE,2004,1,12,12,61
cs.NE,2004,2,13,13,131
cs.NE,2004,3,6,6,48
cs.NE,2004,4,15,15,383
cs.NE,2005,1,17,17,382
cs.NE,2005,2,32,32,182
cs.NE,2005,3,2,2,5
cs.NE,2005,4,11,11,129
cs.NE,2006,1,12,12,105
cs.NE,2006,2,7,7,242
cs.NE,2006,3,12,11,36
cs.NE,2006,4,17,17,157
cs.NE,2007,1,15,15,123
cs.NE,2007,2,27,26,51
cs.NE,2007,3,23,23,767
cs.NE,2007,4,25,25,207
cs.NE,2008,1,65,55,1318
cs.NE,2008,2,30,29,524
cs.NE,2008,3,11,11,385
cs.NE,2008,4,16,16,265
cs.NE,2009,1,17,17,252
cs.NE,2009,2,21,19,117
cs.NE,2009,3,37,36,221
cs.NE,2009,4,44,42,559
cs.NE,2010,1,51,44,1808
cs.NE,2010,2,57,48,870
cs.NE,2010,3,32,32,178
cs.NE,2010,4,30,29,176
cs.NE,2011,1,26,26,644
cs.NE,2011,2,43,39,860
cs.NE,2011,3,42,42,1232
cs.NE,2011,4,40,38,1051
cs.NE,2012,1,37,37,879
cs.NE,2012,2,53,51,1560
cs.NE,2012,3,75,74,8375
cs.NE,2012,4,69,68,2361
cs.NE,2013,1,71,69,1948
cs.NE,2013,2,72,68,1223
cs.NE,2013,3,87,81,1730
cs.NE,2013,4,85,81,16811
cs.NE,2014,1,104,96,2732
cs.NE,2014,2,101,95,31688
cs.NE,2014,3,119,115,28216
cs.NE,2014,4,199,191,35341
cs.NE,2015,1,121,119,32289
cs.NE,2015,2,168,161,18887
cs.NE,2015,3,165,153,9661
cs.NE,2015,4,199,178,18091
cs.NE,2016,1,181,169,13116
cs.NE,2016,2,270,249,23888
cs.NE,2016,3,172,151,10425
cs.NE,2016,4,247,241,18023
cs.NE,2017,1,223,217,29318
cs.NE,2017,2,279,259,18910
cs.NE,2017,3,233,206,12878
cs.NE,2017,4,288,264,27341
cs.NE,2018,1,280,249,15048
cs.NE,2018,2,377,340,16702
cs.NE,2018,3,235,223,8648
cs.NE,2018,4,316,287,7069
cs.NE,2019,1,313,292,9808
cs.NE,2019,2,415,382,8838
cs.NE,2019,3,361,322,7985
cs.NE,2019,4,390,370,7574
cs.NE,2020,1,419,386,12786
cs.NE,2020,2,551,497,8172
cs.NE,2020,3,366,332,5277
cs.NE,2020,4,415,385,7866
cs.NE,2021,1,372,343,3492
cs.NE,2021,2,405,378,5019
cs.NE,2021,3,321,306,2813
cs.NE,2021,4,329,320,1701
cs.NE,2022,1,368,360,2095
cs.NE,2022,2,453,452,2143
cs.NE,2022,3,328,323,1486
cs.NE,2022,4,365,360,982
cs.NE,2023,1,383,379,1333
cs.NE,2023,2,463,463,1318
cs.NE,2023,3,327,326,942
cs.NE,2023,4,397,395,930
cs.NE,2024,1,473,466,1498
cs.NE,2024,2,521,514,614
cs.NE,2024,3,407,393,291
cs.NE,2024,4,454,441,682
cs.NE,2025,1,380,316,918
cs.NE,2025,2,483,413,412
cs.NE,2025,3,358,242,68
cs.NE,2025,4,392,324,108
cs.NE,2026,1,419,419,52
cs.NE,2026,2,555,508,18
cs.NE,2026,3,67,0,0
cs.NI,1997,1,1,1,0
cs.NI,1998,3,59,59,4863
cs.NI,1998,4,3,3,155
cs.NI,1999,1,3,3,120
cs.NI,1999,2,9,9,113
cs.NI,1999,3,4,4,4397
cs.NI,1999,4,3,3,17
cs.NI,2000,1,4,4,39
cs.NI,2000,2,5,5,96
cs.NI,2000,3,2,2,41
cs.NI,2000,4,3,3,11
cs.NI,2001,1,2,2,1230
cs.NI,2001,2,4,4,20610
cs.NI,2001,3,11,11,28
cs.NI,2001,4,8,8,40
cs.NI,2002,1,6,6,472
cs.NI,2002,2,17,17,1621
cs.NI,2002,3,17,17,547
cs.NI,2002,4,4,4,58
cs.NI,2003,1,12,12,28
cs.NI,2003,2,11,11,96
cs.NI,2003,3,8,8,1383
cs.NI,2003,4,6,6,21
cs.NI,2004,1,15,15,497
cs.NI,2004,2,18,18,207
cs.NI,2004,3,11,11,153
cs.NI,2004,4,41,41,819
cs.NI,2005,1,13,13,567
cs.NI,2005,2,23,23,1038
cs.NI,2005,3,23,23,1118
cs.NI,2005,4,31,31,1410
cs.NI,2006,1,23,22,997
cs.NI,2006,2,30,28,967
cs.NI,2006,3,45,45,1525
cs.NI,2006,4,45,45,369
cs.NI,2007,1,31,30,706
cs.NI,2007,2,48,47,2442
cs.NI,2007,3,39,39,1579
cs.NI,2007,4,70,69,1949
cs.NI,2008,1,59,59,3742
cs.NI,2008,2,66,64,699
cs.NI,2008,3,77,73,2233
cs.NI,2008,4,70,69,1148
cs.NI,2009,1,79,78,1120
cs.NI,2009,2,71,69,2386
cs.NI,2009,3,133,130,1888
cs.NI,2009,4,137,135,2144
cs.NI,2010,1,191,190,3286
cs.NI,2010,2,220,219,5083
cs.NI,2010,3,206,202,5373
cs.NI,2010,4,169,160,2252
cs.NI,2011,1,133,129,2015
cs.NI,2011,2,143,139,1948
cs.NI,2011,3,198,195,2144
cs.NI,2011,4,210,204,3868
cs.NI,2012,1,246,237,4077
cs.NI,2012,2,225,212,2129
cs.NI,2012,3,263,256,2022
cs.NI,2012,4,194,187,2850
cs.NI,2013,1,240,232,5578
cs.NI,2013,2,240,234,4205
cs.NI,2013,3,291,278,5249
cs.NI,2013,4,253,244,4062
cs.NI,2014,1,282,273,6111
cs.NI,2014,2,297,290,7437
cs.NI,2014,3,257,249,5078
cs.NI,2014,4,272,262,6481
cs.NI,2015,1,257,248,6637
cs.NI,2015,2,255,245,4640
cs.NI,2015,3,281,261,8688
cs.NI,2015,4,270,249,3250
cs.NI,2016,1,302,278,14176
cs.NI,2016,2,378,347,9265
cs.NI,2016,3,280,255,6536
cs.NI,2016,4,335,326,4698
cs.NI,2017,1,337,321,8013
cs.NI,2017,2,308,281,4379
cs.NI,2017,3,333,297,5380
cs.NI,2017,4,329,293,4539
cs.NI,2018,1,374,324,5821
cs.NI,2018,2,425,380,8836
cs.NI,2018,3,381,362,8450
cs.NI,2018,4,434,400,8849
cs.NI,2019,1,471,419,7989
cs.NI,2019,2,528,465,8664
cs.NI,2019,3,418,360,9361
cs.NI,2019,4,424,377,8608
cs.NI,2020,1,501,441,6550
cs.NI,2020,2,552,485,7565
cs.NI,2020,3,485,443,5969
cs.NI,2020,4,491,451,3879
cs.NI,2021,1,504,468,5475
cs.NI,2021,2,539,501,4762
cs.NI,2021,3,459,435,3472
cs.NI,2021,4,481,469,3121
cs.NI,2022,1,538,533,3214
cs.NI,2022,2,448,441,2590
cs.NI,2022,3,465,463,2100
cs.NI,2022,4,485,482,1910
cs.NI,2023,1,456,454,1839
cs.NI,2023,2,484,479,1620
cs.NI,2023,3,533,527,2068
cs.NI,2023,4,575,574,1526
cs.NI,2024,1,627,621,3096
cs.NI,2024,2,630,624,989
cs.NI,2024,3,574,557,451
cs.NI,2024,4,599,591,474
cs.NI,2025,1,668,554,1242
cs.NI,2025,2,611,517,317
cs.NI,2025,3,787,517,212
cs.NI,2025,4,658,564,190
cs.NI,2026,1,709,709,321
cs.NI,2026,2,817,762,70
cs.NI,2026,3,85,0,0
cs.OH,1999,1,2,2,50
cs.OH,1999,2,1,1,27
cs.OH,1999,4,2,2,24
cs.OH,2000,1,4,4,34
cs.OH,2000,2,1,1,4
cs.OH,2000,3,1,1,1
cs.OH,2000,4,1,1,3
cs.OH,2001,1,1,1,13
cs.OH,2001,3,1,1,0
cs.OH,2001,4,10,10,27
cs.OH,2002,2,1,1,4
cs.OH,2002,3,5,5,80
cs.OH,2003,2,7,7,19
cs.OH,2003,3,1,1,3
cs.OH,2004,1,7,7,27
cs.OH,2004,2,3,3,6
cs.OH,2004,3,2,2,5
cs.OH,2004,4,4,4,11
cs.OH,2005,1,5,5,61
cs.OH,2005,2,2,2,1
cs.OH,2005,3,2,2,14
cs.OH,2005,4,3,3,1
cs.OH,2006,1,7,7,370
cs.OH,2006,2,5,4,5
cs.OH,2006,3,5,5,9
cs.OH,2006,4,7,7,52
cs.OH,2007,1,10,10,9
cs.OH,2007,2,10,10,27
cs.OH,2007,3,9,9,118
cs.OH,2007,4,85,77,298
cs.OH,2008,1,87,78,250
cs.OH,2008,2,90,74,206
cs.OH,2008,3,10,10,32
cs.OH,2008,4,13,13,163
cs.OH,2009,1,21,21,84
cs.OH,2009,2,31,30,29
cs.OH,2009,3,12,12,92
cs.OH,2009,4,23,23,118
cs.OH,2010,1,65,64,632
cs.OH,2010,2,66,66,581
cs.OH,2010,3,22,22,176
cs.OH,2010,4,34,32,309
cs.OH,2011,1,14,13,93
cs.OH,2011,2,19,19,343
cs.OH,2011,3,23,22,117
cs.OH,2011,4,29,28,115
cs.OH,2012,1,52,49,372
cs.OH,2012,2,58,55,318
cs.OH,2012,3,36,33,203
cs.OH,2012,4,55,53,224
cs.OH,2013,1,35,33,567
cs.OH,2013,2,29,29,250
cs.OH,2013,3,37,34,174
cs.OH,2013,4,56,53,551
cs.OH,2014,1,43,43,204
cs.OH,2014,2,53,51,1285
cs.OH,2014,3,48,47,286
cs.OH,2014,4,24,23,101
cs.OH,2015,1,44,40,1388
cs.OH,2015,2,39,39,239
cs.OH,2015,3,18,17,83
cs.OH,2015,4,35,34,280
cs.OH,2016,1,35,35,588
cs.OH,2016,2,31,29,253
cs.OH,2016,3,26,25,165
cs.OH,2016,4,27,26,318
cs.OH,2017,1,28,28,239
cs.OH,2017,2,25,24,295
cs.OH,2017,3,24,24,224
cs.OH,2017,4,34,32,208
cs.OH,2018,1,21,18,331
cs.OH,2018,2,38,36,91
cs.OH,2018,3,22,22,124
cs.OH,2018,4,25,22,115
cs.OH,2019,1,29,28,391
cs.OH,2019,2,39,38,314
cs.OH,2019,3,22,20,37
cs.OH,2019,4,32,30,72
cs.OH,2020,1,22,22,181
cs.OH,2020,2,36,36,566
cs.OH,2020,3,28,26,174
cs.OH,2020,4,19,18,90
cs.OH,2021,1,10,10,215
cs.OH,2021,2,28,27,208
cs.OH,2021,3,22,19,53
cs.OH,2021,4,14,13,20
cs.OH,2022,1,15,15,43
cs.OH,2022,2,17,15,61
cs.OH,2022,3,12,12,65
cs.OH,2022,4,15,15,24
cs.OH,2023,1,19,18,26
cs.OH,2023,2,13,13,19
cs.OH,2023,3,16,16,30
cs.OH,2023,4,12,12,10
cs.OH,2024,1,19,18,56
cs.OH,2024,2,9,9,1
cs.OH,2024,3,10,9,5
cs.OH,2024,4,15,15,11
cs.OH,2025,1,9,8,0
cs.OH,2025,2,18,13,14
cs.OH,2025,3,19,13,3
cs.OH,2025,4,17,15,4
cs.OH,2026,1,13,13,0
cs.OH,2026,2,8,7,0
cs.OS,1998,3,1,1,0
cs.OS,1998,4,1,1,0
cs.OS,1999,1,2,2,3
cs.OS,1999,2,2,1,1
cs.OS,1999,3,1,1,0
cs.OS,2000,1,1,1,8
cs.OS,2000,2,2,2,0
cs.OS,2001,2,1,1,0
cs.OS,2001,4,1,1,0
cs.OS,2002,4,1,1,0
cs.OS,2003,1,1,1,0
cs.OS,2003,3,1,1,14
cs.OS,2004,1,2,2,8
cs.OS,2004,2,1,1,369
cs.OS,2004,3,1,1,14
cs.OS,2004,4,4,4,26
cs.OS,2005,1,4,4,1
cs.OS,2005,2,1,1,0
cs.OS,2005,3,3,3,9
cs.OS,2005,4,1,1,10
cs.OS,2006,1,4,4,31
cs.OS,2006,3,1,1,6
cs.OS,2006,4,4,4,3
cs.OS,2007,1,2,2,3
cs.OS,2007,2,3,3,26
cs.OS,2007,3,1,1,0
cs.OS,2007,4,3,2,9
cs.OS,2008,1,6,6,7
cs.OS,2008,2,6,6,17
cs.OS,2008,3,5,5,12
cs.OS,2008,4,2,2,1
cs.OS,2009,1,2,2,555
cs.OS,2009,2,1,1,2
cs.OS,2009,3,4,4,159
cs.OS,2009,4,7,7,59
cs.OS,2010,1,9,9,102
cs.OS,2010,2,10,10,154
cs.OS,2010,3,2,2,48
cs.OS,2010,4,10,10,42
cs.OS,2011,1,7,7,40
cs.OS,2011,2,10,10,66
cs.OS,2011,3,5,5,22
cs.OS,2011,4,8,8,227
cs.OS,2012,1,2,2,157
cs.OS,2012,2,6,6,26
cs.OS,2012,3,7,7,5
cs.OS,2012,4,13,13,244
cs.OS,2013,1,8,8,29
cs.OS,2013,2,11,10,58
cs.OS,2013,3,7,7,80
cs.OS,2013,4,17,16,83
cs.OS,2014,1,9,8,11
cs.OS,2014,2,12,12,77
cs.OS,2014,3,6,6,22
cs.OS,2014,4,5,4,84
cs.OS,2015,1,4,4,12
cs.OS,2015,2,15,14,80
cs.OS,2015,3,6,6,3
cs.OS,2015,4,12,11,71
cs.OS,2016,1,4,4,4
cs.OS,2016,2,11,10,74
cs.OS,2016,3,13,12,51
cs.OS,2016,4,5,5,19
cs.OS,2017,1,7,7,37
cs.OS,2017,2,14,12,147
cs.OS,2017,3,12,12,106
cs.OS,2017,4,16,14,45
cs.OS,2018,1,14,14,83
cs.OS,2018,2,8,7,125
cs.OS,2018,3,16,16,55
cs.OS,2018,4,15,14,42
cs.OS,2019,1,19,16,270
cs.OS,2019,2,20,20,69
cs.OS,2019,3,28,24,295
cs.OS,2019,4,23,23,70
cs.OS,2020,1,24,22,312
cs.OS,2020,2,27,26,203
cs.OS,2020,3,21,20,27
cs.OS,2020,4,19,19,46
cs.OS,2021,1,22,22,81
cs.OS,2021,2,19,19,135
cs.OS,2021,3,7,6,4
cs.OS,2021,4,20,20,269
cs.OS,2022,1,24,24,92
cs.OS,2022,2,19,19,38
cs.OS,2022,3,9,9,4
cs.OS,2022,4,19,19,77
cs.OS,2023,1,25,25,41
cs.OS,2023,2,23,23,28
cs.OS,2023,3,26,26,40
cs.OS,2023,4,42,42,37
cs.OS,2024,1,32,32,49
cs.OS,2024,2,29,29,66
cs.OS,2024,3,38,36,30
cs.OS,2024,4,46,45,26
cs.OS,2025,1,55,45,25
cs.OS,2025,2,57,49,13
cs.OS,2025,3,55,34,3
cs.OS,2025,4,57,53,1
cs.OS,2026,1,70,70,1
cs.OS,2026,2,99,95,0
cs.OS,2026,3,13,0,0
cs.PF,1998,3,2,2,2
cs.PF,1998,4,1,1,63
cs.PF,1999,1,1,1,0
cs.PF,1999,2,1,1,5
cs.PF,2000,1,1,1,0
cs.PF,2000,2,4,4,7
cs.PF,2000,3,1,1,7
cs.PF,2000,4,2,2,0
cs.PF,2001,1,2,2,1223
cs.PF,2001,3,1,1,1
cs.PF,2001,4,2,2,0
cs.PF,2002,1,1,1,1
cs.PF,2002,2,2,2,4
cs.PF,2002,3,1,1,3
cs.PF,2002,4,2,2,62
cs.PF,2003,1,1,1,1
cs.PF,2003,2,5,5,22
cs.PF,2003,3,2,2,17
cs.PF,2003,4,5,5,12
cs.PF,2004,1,4,4,27
cs.PF,2004,2,5,5,34
cs.PF,2004,3,4,4,28
cs.PF,2004,4,5,5,34
cs.PF,2005,1,5,5,146
cs.PF,2005,2,1,1,0
cs.PF,2005,3,3,3,16
cs.PF,2005,4,2,2,6
cs.PF,2006,1,3,3,0
cs.PF,2006,2,4,4,2
cs.PF,2006,3,6,6,26
cs.PF,2006,4,17,17,99
cs.PF,2007,1,13,13,491
cs.PF,2007,2,14,14,81
cs.PF,2007,3,3,3,5
cs.PF,2007,4,18,18,474
cs.PF,2008,1,11,11,31
cs.PF,2008,2,7,6,12
cs.PF,2008,3,14,13,72
cs.PF,2008,4,12,12,62
cs.PF,2009,1,21,21,87
cs.PF,2009,2,16,15,132
cs.PF,2009,3,26,26,383
cs.PF,2009,4,26,25,212
cs.PF,2010,1,29,29,213
cs.PF,2010,2,31,31,442
cs.PF,2010,3,27,25,962
cs.PF,2010,4,16,15,318
cs.PF,2011,1,19,18,105
cs.PF,2011,2,31,31,1008
cs.PF,2011,3,18,18,550
cs.PF,2011,4,27,26,390
cs.PF,2012,1,29,27,693
cs.PF,2012,2,26,24,247
cs.PF,2012,3,36,35,447
cs.PF,2012,4,31,30,293
cs.PF,2013,1,24,23,388
cs.PF,2013,2,28,26,204
cs.PF,2013,3,40,38,322
cs.PF,2013,4,29,29,165
cs.PF,2014,1,30,29,203
cs.PF,2014,2,29,27,194
cs.PF,2014,3,39,39,433
cs.PF,2014,4,45,43,490
cs.PF,2015,1,35,35,202
cs.PF,2015,2,37,35,162
cs.PF,2015,3,50,46,611
cs.PF,2015,4,35,33,1070
cs.PF,2016,1,34,34,460
cs.PF,2016,2,52,50,465
cs.PF,2016,3,59,54,487
cs.PF,2016,4,41,39,234
cs.PF,2017,1,29,29,320
cs.PF,2017,2,55,51,227
cs.PF,2017,3,71,66,469
cs.PF,2017,4,67,62,769
cs.PF,2018,1,60,57,980
cs.PF,2018,2,65,55,1283
cs.PF,2018,3,59,58,726
cs.PF,2018,4,71,67,931
cs.PF,2019,1,72,67,1402
cs.PF,2019,2,125,114,982
cs.PF,2019,3,94,84,1578
cs.PF,2019,4,123,111,1209
cs.PF,2020,1,124,111,1706
cs.PF,2020,2,99,84,1558
cs.PF,2020,3,107,97,965
cs.PF,2020,4,116,105,523
cs.PF,2021,1,101,94,962
cs.PF,2021,2,112,107,711
cs.PF,2021,3,112,107,552
cs.PF,2021,4,85,82,375
cs.PF,2022,1,82,81,228
cs.PF,2022,2,96,96,292
cs.PF,2022,3,87,86,201
cs.PF,2022,4,85,85,152
cs.PF,2023,1,84,82,320
cs.PF,2023,2,112,112,211
cs.PF,2023,3,115,115,115
cs.PF,2023,4,134,134,219
cs.PF,2024,1,106,99,297
cs.PF,2024,2,111,109,75
cs.PF,2024,3,113,110,121
cs.PF,2024,4,141,137,167
cs.PF,2025,1,160,136,90
cs.PF,2025,2,180,156,36
cs.PF,2025,3,198,135,40
cs.PF,2025,4,180,158,12
cs.PF,2026,1,162,162,8
cs.PF,2026,2,256,238,1
cs.PF,2026,3,37,0,0
cs.PL,1994,1,1,1,0
cs.PL,1998,3,2,2,5
cs.PL,1998,4,10,10,198
cs.PL,1999,1,3,3,4
cs.PL,1999,2,4,3,3
cs.PL,1999,3,4,4,8
cs.PL,1999,4,1,1,6
cs.PL,2000,1,8,8,1
cs.PL,2000,2,10,10,49
cs.PL,2000,3,6,6,27
cs.PL,2000,4,24,23,131
cs.PL,2001,1,12,12,186
cs.PL,2001,2,20,20,152
cs.PL,2001,3,14,14,48
cs.PL,2001,4,14,13,103
cs.PL,2002,1,10,10,26
cs.PL,2002,2,8,8,60
cs.PL,2002,3,8,8,106
cs.PL,2002,4,6,6,1174
cs.PL,2003,1,6,6,11
cs.PL,2003,2,4,4,14
cs.PL,2003,3,6,5,36
cs.PL,2003,4,14,13,25
cs.PL,2004,1,13,12,10
cs.PL,2004,2,26,26,58
cs.PL,2004,3,17,16,61
cs.PL,2004,4,7,7,22
cs.PL,2005,1,9,9,101
cs.PL,2005,2,9,9,33
cs.PL,2005,3,16,16,135
cs.PL,2005,4,12,11,17
cs.PL,2006,1,23,23,120
cs.PL,2006,2,12,12,22
cs.PL,2006,3,17,16,191
cs.PL,2006,4,14,14,71
cs.PL,2007,1,29,29,620
cs.PL,2007,2,13,13,33
cs.PL,2007,3,9,9,51
cs.PL,2007,4,32,31,98
cs.PL,2008,1,20,20,235
cs.PL,2008,2,15,15,75
cs.PL,2008,3,11,11,61
cs.PL,2008,4,24,23,56
cs.PL,2009,1,26,26,742
cs.PL,2009,2,36,36,301
cs.PL,2009,3,22,22,324
cs.PL,2009,4,44,43,241
cs.PL,2010,1,53,53,245
cs.PL,2010,2,44,44,313
cs.PL,2010,3,72,71,604
cs.PL,2010,4,47,47,414
cs.PL,2011,1,52,52,308
cs.PL,2011,2,44,41,309
cs.PL,2011,3,87,85,463
cs.PL,2011,4,63,60,525
cs.PL,2012,1,71,71,718
cs.PL,2012,2,48,47,869
cs.PL,2012,3,49,45,283
cs.PL,2012,4,59,58,232
cs.PL,2013,1,70,70,380
cs.PL,2013,2,62,56,412
cs.PL,2013,3,97,95,422
cs.PL,2013,4,86,84,771
cs.PL,2014,1,51,49,507
cs.PL,2014,2,113,107,840
cs.PL,2014,3,69,67,412
cs.PL,2014,4,70,64,288
cs.PL,2015,1,85,80,444
cs.PL,2015,2,56,53,429
cs.PL,2015,3,106,103,881
cs.PL,2015,4,86,83,396
cs.PL,2016,1,85,81,692
cs.PL,2016,2,103,90,751
cs.PL,2016,3,120,107,578
cs.PL,2016,4,110,99,1172
cs.PL,2017,1,138,133,882
cs.PL,2017,2,102,95,720
cs.PL,2017,3,124,106,728
cs.PL,2017,4,130,116,1837
cs.PL,2018,1,141,122,1728
cs.PL,2018,2,142,123,1396
cs.PL,2018,3,158,148,1608
cs.PL,2018,4,139,127,1810
cs.PL,2019,1,123,105,893
cs.PL,2019,2,189,156,1328
cs.PL,2019,3,215,181,978
cs.PL,2019,4,148,125,1267
cs.PL,2020,1,149,133,1105
cs.PL,2020,2,176,148,1371
cs.PL,2020,3,170,152,797
cs.PL,2020,4,183,158,667
cs.PL,2021,1,179,159,780
cs.PL,2021,2,182,151,657
cs.PL,2021,3,212,187,1057
cs.PL,2021,4,175,164,843
cs.PL,2022,1,170,159,807
cs.PL,2022,2,165,156,569
cs.PL,2022,3,200,192,621
cs.PL,2022,4,180,174,377
cs.PL,2023,1,174,168,443
cs.PL,2023,2,190,182,610
cs.PL,2023,3,216,211,395
cs.PL,2023,4,235,232,344
cs.PL,2024,1,209,202,378
cs.PL,2024,2,233,219,353
cs.PL,2024,3,184,172,162
cs.PL,2024,4,223,215,133
cs.PL,2025,1,238,200,70
cs.PL,2025,2,244,208,109
cs.PL,2025,3,300,219,41
cs.PL,2025,4,282,243,38
cs.PL,2026,1,270,270,29
cs.PL,2026,2,371,341,9
cs.PL,2026,3,79,0,0
cs.RO,1998,4,2,2,39
cs.RO,2000,1,1,1,1
cs.RO,2000,2,4,4,92
cs.RO,2000,3,3,3,65
cs.RO,2001,3,1,1,153
cs.RO,2002,2,3,3,92
cs.RO,2002,4,4,4,30
cs.RO,2003,1,1,1,7
cs.RO,2003,3,2,2,2
cs.RO,2003,4,1,1,0
cs.RO,2004,2,2,2,19
cs.RO,2004,3,1,1,0
cs.RO,2004,4,18,18,137
cs.RO,2005,1,3,3,140
cs.RO,2005,2,6,6,171
cs.RO,2005,3,1,1,1
cs.RO,2005,4,5,5,14
cs.RO,2006,1,20,19,51
cs.RO,2006,2,5,5,27
cs.RO,2006,3,5,4,24
cs.RO,2006,4,5,5,18
cs.RO,2007,1,3,3,0
cs.RO,2007,2,35,34,155
cs.RO,2007,3,53,48,237
cs.RO,2007,4,6,4,76
cs.RO,2008,1,9,8,120
cs.RO,2008,2,27,26,125
cs.RO,2008,3,19,17,188
cs.RO,2008,4,12,10,137
cs.RO,2009,1,13,12,410
cs.RO,2009,2,16,16,369
cs.RO,2009,3,18,14,86
cs.RO,2009,4,18,16,207
cs.RO,2010,1,13,13,807
cs.RO,2010,2,18,17,105
cs.RO,2010,3,12,10,46
cs.RO,2010,4,28,24,445
cs.RO,2011,1,22,19,594
cs.RO,2011,2,38,32,1309
cs.RO,2011,3,35,33,989
cs.RO,2011,4,23,22,260
cs.RO,2012,1,35,32,573
cs.RO,2012,2,46,44,561
cs.RO,2012,3,35,31,515
cs.RO,2012,4,44,42,528
cs.RO,2013,1,40,39,1219
cs.RO,2013,2,38,38,1052
cs.RO,2013,3,63,61,1954
cs.RO,2013,4,61,58,1216
cs.RO,2014,1,73,68,1482
cs.RO,2014,2,66,62,2488
cs.RO,2014,3,55,49,1466
cs.RO,2014,4,80,76,1948
cs.RO,2015,1,79,73,8329
cs.RO,2015,2,94,89,3488
cs.RO,2015,3,100,93,2123
cs.RO,2015,4,97,93,5215
cs.RO,2016,1,155,140,3358
cs.RO,2016,2,177,162,8357
cs.RO,2016,3,227,200,4137
cs.RO,2016,4,223,210,12491
cs.RO,2017,1,259,249,7470
cs.RO,2017,2,267,227,6319
cs.RO,2017,3,403,343,12953
cs.RO,2017,4,331,292,7654
cs.RO,2018,1,387,328,8999
cs.RO,2018,2,408,364,10005
cs.RO,2018,3,568,519,11048
cs.RO,2018,4,479,431,8843
cs.RO,2019,1,595,523,11293
cs.RO,2019,2,695,614,16303
cs.RO,2019,3,805,705,9884
cs.RO,2019,4,766,688,12847
cs.RO,2020,1,900,797,10788
cs.RO,2020,2,833,723,10598
cs.RO,2020,3,875,783,13662
cs.RO,2020,4,1364,1229,11656
cs.RO,2021,1,1230,1117,11292
cs.RO,2021,2,1057,979,8791
cs.RO,2021,3,1357,1284,8392
cs.RO,2021,4,1057,1034,5919
cs.RO,2022,1,1246,1220,7969
cs.RO,2022,2,1130,1115,5675
cs.RO,2022,3,1419,1400,4138
cs.RO,2022,4,1421,1407,5391
cs.RO,2023,1,1536,1521,4952
cs.RO,2023,2,1519,1498,3739
cs.RO,2023,3,1888,1867,3843
cs.RO,2023,4,1810,1799,4515
cs.RO,2024,1,2036,2010,4871
cs.RO,2024,2,1973,1943,2380
cs.RO,2024,3,2287,2206,2520
cs.RO,2024,4,2354,2305,1572
cs.RO,2025,1,2393,1858,1413
cs.RO,2025,2,2694,2274,1030
cs.RO,2025,3,2766,1841,520
cs.RO,2025,4,2710,2317,469
cs.RO,2026,1,3263,3260,290
cs.RO,2026,2,3726,3408,218
cs.RO,2026,3,646,1,0
cs.SC,1998,3,1,1,0
cs.SC,1998,4,2,2,0
cs.SC,1999,1,1,1,1
cs.SC,1999,2,1,1,0
cs.SC,2000,2,1,1,43
cs.SC,2000,4,2,2,4
cs.SC,2001,2,3,3,2
cs.SC,2001,3,1,1,5
cs.SC,2001,4,1,1,0
cs.SC,2002,1,1,1,103
cs.SC,2002,2,2,2,2
cs.SC,2002,3,5,5,12
cs.SC,2002,4,2,2,19
cs.SC,2003,1,6,6,4
cs.SC,2003,2,10,9,14
cs.SC,2003,3,4,4,5
cs.SC,2003,4,5,4,8
cs.SC,2004,1,2,2,30
cs.SC,2004,2,6,6,41
cs.SC,2004,3,5,5,12
cs.SC,2004,4,5,5,15
cs.SC,2005,1,8,8,20
cs.SC,2005,2,3,3,2
cs.SC,2005,3,5,5,29
cs.SC,2005,4,10,10,38
cs.SC,2006,1,12,11,36
cs.SC,2006,2,13,13,141
cs.SC,2006,3,11,11,316
cs.SC,2006,4,12,12,95
cs.SC,2007,1,11,11,336
cs.SC,2007,2,6,6,310
cs.SC,2007,3,6,6,54
cs.SC,2007,4,9,9,103
cs.SC,2008,1,19,18,408
cs.SC,2008,2,26,25,68
cs.SC,2008,3,13,12,239
cs.SC,2008,4,18,18,97
cs.SC,2009,1,25,24,147
cs.SC,2009,2,24,23,207
cs.SC,2009,3,11,11,62
cs.SC,2009,4,19,18,50
cs.SC,2010,1,25,24,112
cs.SC,2010,2,32,31,249
cs.SC,2010,3,21,21,169
cs.SC,2010,4,27,23,131
cs.SC,2011,1,19,18,58
cs.SC,2011,2,32,28,456
cs.SC,2011,3,25,23,152
cs.SC,2011,4,22,21,132
cs.SC,2012,1,41,39,771
cs.SC,2012,2,26,21,291
cs.SC,2012,3,16,15,108
cs.SC,2012,4,19,19,1282
cs.SC,2013,1,38,37,354
cs.SC,2013,2,38,36,355
cs.SC,2013,3,28,28,498
cs.SC,2013,4,29,26,241
cs.SC,2014,1,43,42,521
cs.SC,2014,2,39,37,578
cs.SC,2014,3,24,23,91
cs.SC,2014,4,27,26,126
cs.SC,2015,1,31,27,150
cs.SC,2015,2,17,17,66
cs.SC,2015,3,22,17,195
cs.SC,2015,4,21,16,32
cs.SC,2016,1,43,42,183
cs.SC,2016,2,39,34,264
cs.SC,2016,3,25,21,188
cs.SC,2016,4,26,25,60
cs.SC,2017,1,37,33,163
cs.SC,2017,2,40,34,321
cs.SC,2017,3,25,19,97
cs.SC,2017,4,36,33,101
cs.SC,2018,1,48,34,146
cs.SC,2018,2,39,35,168
cs.SC,2018,3,28,23,70
cs.SC,2018,4,37,32,208
cs.SC,2019,1,37,31,256
cs.SC,2019,2,49,43,390
cs.SC,2019,3,41,35,82
cs.SC,2019,4,47,43,319
cs.SC,2020,1,53,44,153
cs.SC,2020,2,58,46,338
cs.SC,2020,3,45,38,148
cs.SC,2020,4,58,51,233
cs.SC,2021,1,55,46,62
cs.SC,2021,2,46,35,242
cs.SC,2021,3,36,32,65
cs.SC,2021,4,49,44,32
cs.SC,2022,1,71,67,75
cs.SC,2022,2,43,43,79
cs.SC,2022,3,46,43,55
cs.SC,2022,4,49,47,31
cs.SC,2023,1,72,71,58
cs.SC,2023,2,60,58,253
cs.SC,2023,3,50,48,98
cs.SC,2023,4,47,47,40
cs.SC,2024,1,73,67,41
cs.SC,2024,2,82,77,36
cs.SC,2024,3,45,43,12
cs.SC,2024,4,64,61,42
cs.SC,2025,1,70,50,18
cs.SC,2025,2,85,73,23
cs.SC,2025,3,71,42,10
cs.SC,2025,4,64,58,8
cs.SC,2026,1,94,94,0
cs.SC,2026,2,82,79,1
cs.SC,2026,3,19,0,0
cs.SD,2000,2,3,3,22
cs.SD,2000,3,3,3,5
cs.SD,2000,4,1,1,15
cs.SD,2001,1,3,3,2
cs.SD,2002,1,1,1,0
cs.SD,2002,2,4,2,235
cs.SD,2003,1,1,1,0
cs.SD,2003,2,1,1,85
cs.SD,2003,3,1,1,0
cs.SD,2004,4,1,1,30
cs.SD,2006,4,4,4,11
cs.SD,2007,1,2,2,0
cs.SD,2007,2,2,2,15
cs.SD,2007,3,2,2,1
cs.SD,2008,1,2,2,0
cs.SD,2008,2,2,2,0
cs.SD,2008,3,2,2,6
cs.SD,2008,4,1,1,0
cs.SD,2009,1,6,6,30
cs.SD,2009,2,4,3,71
cs.SD,2009,3,4,4,17
cs.SD,2009,4,5,5,24
cs.SD,2010,1,8,7,72
cs.SD,2010,2,10,10,52
cs.SD,2010,3,5,5,32
cs.SD,2010,4,3,3,17
cs.SD,2011,1,5,5,24
cs.SD,2011,2,10,10,109
cs.SD,2011,3,9,8,31
cs.SD,2011,4,6,6,130
cs.SD,2012,1,6,6,5
cs.SD,2012,2,7,7,243
cs.SD,2012,3,10,9,40
cs.SD,2012,4,10,10,61
cs.SD,2013,1,21,20,230
cs.SD,2013,2,19,19,1026
cs.SD,2013,3,7,6,78
cs.SD,2013,4,13,13,179
cs.SD,2014,1,16,15,141
cs.SD,2014,2,21,20,403
cs.SD,2014,3,15,14,224
cs.SD,2014,4,22,22,653
cs.SD,2015,1,27,27,1020
cs.SD,2015,2,17,14,85
cs.SD,2015,3,35,31,230
cs.SD,2015,4,53,49,840
cs.SD,2016,1,73,68,2240
cs.SD,2016,2,69,63,1702
cs.SD,2016,3,65,54,5723
cs.SD,2016,4,94,93,2772
cs.SD,2017,1,62,59,2164
cs.SD,2017,2,109,101,4103
cs.SD,2017,3,116,111,2380
cs.SD,2017,4,159,144,4145
cs.SD,2018,1,137,118,3451
cs.SD,2018,2,204,179,6325
cs.SD,2018,3,181,171,5515
cs.SD,2018,4,316,281,3858
cs.SD,2019,1,173,157,2331
cs.SD,2019,2,393,335,10426
cs.SD,2019,3,294,260,4460
cs.SD,2019,4,392,348,5530
cs.SD,2020,1,331,298,3455
cs.SD,2020,2,505,452,8827
cs.SD,2020,3,451,412,5609
cs.SD,2020,4,610,556,6137
cs.SD,2021,1,424,385,2795
cs.SD,2021,2,626,562,4075
cs.SD,2021,3,517,488,3190
cs.SD,2021,4,643,623,5317
cs.SD,2022,1,691,667,2771
cs.SD,2022,2,664,662,2625
cs.SD,2022,3,480,477,1507
cs.SD,2022,4,846,845,2927
cs.SD,2023,1,520,516,1621
cs.SD,2023,2,767,764,1881
cs.SD,2023,3,863,861,1193
cs.SD,2023,4,604,603,754
cs.SD,2024,1,627,615,1274
cs.SD,2024,2,788,779,554
cs.SD,2024,3,1026,996,580
cs.SD,2024,4,719,703,469
cs.SD,2025,1,651,550,291
cs.SD,2025,2,1023,882,150
cs.SD,2025,3,1098,679,190
cs.SD,2025,4,705,559,24
cs.SD,2026,1,901,901,23
cs.SD,2026,2,948,882,2
cs.SD,2026,3,153,0,0
cs.SE,1998,3,1,1,2
cs.SE,1998,4,10,10,65
cs.SE,1999,1,3,2,8
cs.SE,1999,2,5,5,15
cs.SE,1999,3,1,1,2
cs.SE,1999,4,1,1,0
cs.SE,2000,3,3,3,18
cs.SE,2000,4,17,15,105
cs.SE,2001,1,5,5,29
cs.SE,2001,2,9,9,122
cs.SE,2001,3,1,1,8
cs.SE,2001,4,15,15,58
cs.SE,2002,1,6,6,7
cs.SE,2002,2,6,6,18
cs.SE,2002,3,10,10,50
cs.SE,2002,4,1,1,1
cs.SE,2003,1,5,5,1
cs.SE,2003,2,21,21,717
cs.SE,2003,3,12,12,146
cs.SE,2003,4,13,13,305
cs.SE,2004,1,8,8,65
cs.SE,2004,2,7,7,45
cs.SE,2004,3,8,8,80
cs.SE,2004,4,5,5,89
cs.SE,2005,1,12,12,87
cs.SE,2005,2,7,6,56
cs.SE,2005,3,11,11,45
cs.SE,2005,4,4,4,62
cs.SE,2006,1,10,10,20
cs.SE,2006,2,16,16,130
cs.SE,2006,3,25,23,176
cs.SE,2006,4,13,12,71
cs.SE,2007,1,12,12,171
cs.SE,2007,2,8,8,124
cs.SE,2007,3,7,7,30
cs.SE,2007,4,30,30,93
cs.SE,2008,1,36,36,376
cs.SE,2008,2,25,25,249
cs.SE,2008,3,31,30,152
cs.SE,2008,4,21,21,244
cs.SE,2009,1,32,32,940
cs.SE,2009,2,45,45,254
cs.SE,2009,3,43,42,561
cs.SE,2009,4,36,36,719
cs.SE,2010,1,72,70,363
cs.SE,2010,2,65,65,575
cs.SE,2010,3,67,67,454
cs.SE,2010,4,48,48,912
cs.SE,2011,1,45,42,505
cs.SE,2011,2,47,47,447
cs.SE,2011,3,72,69,343
cs.SE,2011,4,107,107,557
cs.SE,2012,1,106,105,513
cs.SE,2012,2,72,71,946
cs.SE,2012,3,109,103,798
cs.SE,2012,4,120,115,1489
cs.SE,2013,1,94,92,735
cs.SE,2013,2,101,96,3505
cs.SE,2013,3,109,108,644
cs.SE,2013,4,141,135,1491
cs.SE,2014,1,165,160,1974
cs.SE,2014,2,153,149,1280
cs.SE,2014,3,258,249,4747
cs.SE,2014,4,117,115,2267
cs.SE,2015,1,121,118,769
cs.SE,2015,2,118,114,1943
cs.SE,2015,3,151,147,1123
cs.SE,2015,4,99,97,1268
cs.SE,2016,1,111,103,931
cs.SE,2016,2,128,123,1444
cs.SE,2016,3,133,125,2283
cs.SE,2016,4,165,158,2603
cs.SE,2017,1,226,220,3629
cs.SE,2017,2,204,191,3886
cs.SE,2017,3,174,159,5796
cs.SE,2017,4,169,159,2523
cs.SE,2018,1,255,231,3866
cs.SE,2018,2,232,218,2997
cs.SE,2018,3,280,268,5282
cs.SE,2018,4,247,235,4887
cs.SE,2019,1,267,234,2612
cs.SE,2019,2,331,297,4387
cs.SE,2019,3,313,265,4814
cs.SE,2019,4,276,251,3898
cs.SE,2020,1,297,262,5477
cs.SE,2020,2,418,375,7170
cs.SE,2020,3,421,374,5784
cs.SE,2020,4,384,351,2796
cs.SE,2021,1,738,618,6313
cs.SE,2021,2,478,423,4679
cs.SE,2021,3,528,479,3031
cs.SE,2021,4,421,405,2350
cs.SE,2022,1,513,506,3973
cs.SE,2022,2,538,534,3302
cs.SE,2022,3,523,520,2853
cs.SE,2022,4,416,413,1503
cs.SE,2023,1,570,568,3060
cs.SE,2023,2,678,671,3294
cs.SE,2023,3,783,781,4420
cs.SE,2023,4,685,682,1452
cs.SE,2024,1,904,889,3104
cs.SE,2024,2,931,926,1775
cs.SE,2024,3,945,908,1323
cs.SE,2024,4,910,900,646
cs.SE,2025,1,1161,964,665
cs.SE,2025,2,1279,1081,423
cs.SE,2025,3,1299,854,290
cs.SE,2025,4,1445,1245,231
cs.SE,2026,1,1674,1672,63
cs.SE,2026,2,2019,1877,36
cs.SE,2026,3,449,0,0
cs.SI,2000,3,1,1,1
cs.SI,2002,1,1,1,34
cs.SI,2006,3,1,1,166
cs.SI,2006,4,1,1,1
cs.SI,2007,1,1,1,4
cs.SI,2007,4,1,1,12
cs.SI,2008,1,1,1,13
cs.SI,2008,2,1,1,7
cs.SI,2008,3,3,3,204
cs.SI,2009,1,3,3,12
cs.SI,2009,2,5,5,181
cs.SI,2009,3,1,1,0
cs.SI,2009,4,3,3,845
cs.SI,2010,1,3,3,200
cs.SI,2010,2,10,10,2233
cs.SI,2010,3,46,45,4121
cs.SI,2010,4,159,154,22328
cs.SI,2011,1,157,151,10302
cs.SI,2011,2,164,162,10175
cs.SI,2011,3,150,147,8983
cs.SI,2011,4,201,190,10491
cs.SI,2012,1,197,183,10177
cs.SI,2012,2,239,236,11764
cs.SI,2012,3,204,202,7107
cs.SI,2012,4,224,210,12706
cs.SI,2013,1,236,226,10174
cs.SI,2013,2,246,234,12657
cs.SI,2013,3,264,256,16090
cs.SI,2013,4,249,235,9658
cs.SI,2014,1,273,257,18503
cs.SI,2014,2,284,269,9713
cs.SI,2014,3,288,275,16912
cs.SI,2014,4,269,248,6144
cs.SI,2015,1,289,274,8730
cs.SI,2015,2,321,296,14934
cs.SI,2015,3,334,309,8813
cs.SI,2015,4,294,271,5599
cs.SI,2016,1,313,288,7333
cs.SI,2016,2,343,305,8640
cs.SI,2016,3,315,292,9908
cs.SI,2016,4,341,325,8851
cs.SI,2017,1,368,353,9596
cs.SI,2017,2,360,343,24506
cs.SI,2017,3,306,279,7391
cs.SI,2017,4,348,317,5728
cs.SI,2018,1,407,361,12394
cs.SI,2018,2,375,349,7290
cs.SI,2018,3,351,330,5372
cs.SI,2018,4,363,340,10536
cs.SI,2019,1,372,336,5131
cs.SI,2019,2,471,428,11251
cs.SI,2019,3,454,401,6974
cs.SI,2019,4,434,374,5944
cs.SI,2020,1,460,422,10996
cs.SI,2020,2,720,664,17115
cs.SI,2020,3,603,555,9010
cs.SI,2020,4,512,475,4247
cs.SI,2021,1,490,458,4947
cs.SI,2021,2,538,512,6252
cs.SI,2021,3,404,389,2942
cs.SI,2021,4,449,433,3554
cs.SI,2022,1,455,447,4078
cs.SI,2022,2,407,401,2658
cs.SI,2022,3,396,393,1420
cs.SI,2022,4,467,459,1175
cs.SI,2023,1,434,431,1193
cs.SI,2023,2,478,474,1805
cs.SI,2023,3,476,473,790
cs.SI,2023,4,490,487,740
cs.SI,2024,1,586,572,1423
cs.SI,2024,2,475,465,672
cs.SI,2024,3,467,451,396
cs.SI,2024,4,508,498,512
cs.SI,2025,1,528,444,573
cs.SI,2025,2,475,391,221
cs.SI,2025,3,416,268,159
cs.SI,2025,4,424,359,53
cs.SI,2026,1,442,441,22
cs.SI,2026,2,451,409,119
cs.SI,2026,3,61,0,0
cs.SY,2004,1,1,1,0
cs.SY,2006,4,1,1,10
cs.SY,2007,3,1,1,0
cs.SY,2008,3,3,3,38
cs.SY,2008,4,1,1,0
cs.SY,2009,1,7,6,441
cs.SY,2009,2,4,2,45
cs.SY,2009,3,5,5,60
cs.SY,2009,4,11,11,836
cs.SY,2010,1,8,8,209
cs.SY,2010,2,18,17,996
cs.SY,2010,3,30,25,3325
cs.SY,2010,4,54,49,668
cs.SY,2011,1,124,114,1733
cs.SY,2011,2,129,117,1561
cs.SY,2011,3,173,167,3616
cs.SY,2011,4,76,71,1947
cs.SY,2012,1,131,128,3468
cs.SY,2012,2,112,108,4616
cs.SY,2012,3,124,117,1859
cs.SY,2012,4,139,135,1993
cs.SY,2013,1,140,130,2833
cs.SY,2013,2,140,134,3657
cs.SY,2013,3,192,181,2503
cs.SY,2013,4,185,178,4644
cs.SY,2014,1,201,188,3734
cs.SY,2014,2,156,146,4707
cs.SY,2014,3,190,179,3598
cs.SY,2014,4,195,180,2773
cs.SY,2015,1,249,231,4646
cs.SY,2015,2,223,211,3551
cs.SY,2015,3,269,251,5464
cs.SY,2015,4,224,202,3498
cs.SY,2016,1,277,246,5812
cs.SY,2016,2,262,237,3991
cs.SY,2016,3,281,257,5378
cs.SY,2016,4,275,263,4726
cs.SY,2017,1,395,378,5209
cs.SY,2017,2,322,291,5640
cs.SY,2017,3,358,309,3457
cs.SY,2017,4,349,295,4586
cs.SY,2018,1,400,350,4108
cs.SY,2018,2,421,373,4484
cs.SY,2018,3,391,353,4883
cs.SY,2018,4,401,361,4493
cs.SY,2019,1,520,460,6217
cs.SY,2019,2,555,518,8799
cs.SY,2019,3,742,669,7454
cs.SY,2019,4,912,818,12135
cs.SY,2020,1,954,868,12640
cs.SY,2020,2,1121,1009,11517
cs.SY,2020,3,1035,936,9956
cs.SY,2020,4,1150,1068,7943
cs.SY,2021,1,1262,1173,10359
cs.SY,2021,2,1128,1058,8273
cs.SY,2021,3,1058,1003,7021
cs.SY,2021,4,1157,1142,6831
cs.SY,2022,1,1131,1111,4723
cs.SY,2022,2,1101,1075,3853
cs.SY,2022,3,1222,1205,3032
cs.SY,2022,4,1252,1224,3555
cs.SY,2023,1,1201,1184,2393
cs.SY,2023,2,1334,1316,2074
cs.SY,2023,3,1289,1275,1978
cs.SY,2023,4,1473,1458,2175
cs.SY,2024,1,1539,1510,4610
cs.SY,2024,2,1455,1431,1797
cs.SY,2024,3,1426,1379,1047
cs.SY,2024,4,1553,1520,1570
cs.SY,2025,1,1687,1370,1432
cs.SY,2025,2,1786,1522,513
cs.SY,2025,3,1811,1225,498
cs.SY,2025,4,2049,1772,687
cs.SY,2026,1,1760,1757,343
cs.SY,2026,2,2239,2116,136
cs.SY,2026,3,331,0,0
dg-ga,1994,2,10,10,229
dg-ga,1994,3,31,31,369
dg-ga,1994,4,34,34,447
dg-ga,1995,1,42,42,609
dg-ga,1995,2,25,25,392
dg-ga,1995,3,33,33,463
dg-ga,1995,4,47,46,416
dg-ga,1996,1,53,52,556
dg-ga,1996,2,42,40,730
dg-ga,1996,3,48,48,264
dg-ga,1996,4,75,74,804
dg-ga,1997,1,73,71,732
dg-ga,1997,2,55,54,653
dg-ga,1997,3,74,73,988
dg-ga,1997,4,90,90,1087
econ.EM,2005,2,1,1,214
econ.EM,2007,2,2,2,27
econ.EM,2007,3,1,1,36
econ.EM,2008,2,1,1,209
econ.EM,2009,2,4,4,209
econ.EM,2009,4,1,1,84
econ.EM,2010,4,2,2,34
econ.EM,2011,2,3,2,17
econ.EM,2011,4,2,2,58
econ.EM,2012,2,1,1,0
econ.EM,2012,4,4,4,320
econ.EM,2013,1,1,1,67
econ.EM,2013,2,3,3,181
econ.EM,2013,3,1,1,339
econ.EM,2013,4,6,6,12
econ.EM,2014,1,1,1,119
econ.EM,2014,3,1,1,59
econ.EM,2014,4,5,4,1
econ.EM,2015,1,6,4,201
econ.EM,2015,2,3,3,1562
econ.EM,2015,3,4,4,80
econ.EM,2015,4,5,5,17
econ.EM,2016,1,10,10,306
econ.EM,2016,2,5,3,185
econ.EM,2016,3,16,14,322
econ.EM,2016,4,12,10,408
econ.EM,2017,1,5,4,22
econ.EM,2017,2,11,8,417
econ.EM,2017,3,24,18,235
econ.EM,2017,4,71,58,754
econ.EM,2018,1,102,90,5389
econ.EM,2018,2,98,92,1203
econ.EM,2018,3,84,71,704
econ.EM,2018,4,79,62,1400
econ.EM,2019,1,71,56,751
econ.EM,2019,2,110,99,760
econ.EM,2019,3,125,99,326
econ.EM,2019,4,115,101,1125
econ.EM,2020,1,99,80,446
econ.EM,2020,2,175,146,1311
econ.EM,2020,3,132,117,348
econ.EM,2020,4,153,136,613
econ.EM,2021,1,162,145,740
econ.EM,2021,2,111,91,504
econ.EM,2021,3,128,120,587
econ.EM,2021,4,156,150,335
econ.EM,2022,1,139,135,559
econ.EM,2022,2,154,152,259
econ.EM,2022,3,128,124,504
econ.EM,2022,4,149,146,221
econ.EM,2023,1,147,145,928
econ.EM,2023,2,130,123,110
econ.EM,2023,3,163,160,151
econ.EM,2023,4,170,167,237
econ.EM,2024,1,180,169,385
econ.EM,2024,2,201,197,129
econ.EM,2024,3,170,161,91
econ.EM,2024,4,210,202,142
econ.EM,2025,1,195,158,88
econ.EM,2025,2,208,165,7
econ.EM,2025,3,203,140,8
econ.EM,2025,4,282,241,4
econ.EM,2026,1,276,275,513
econ.EM,2026,2,336,312,544
econ.EM,2026,3,67,0,0
econ.GN,2010,2,1,1,0
econ.GN,2013,4,1,1,11
econ.GN,2014,2,18,15,154
econ.GN,2014,3,23,21,321
econ.GN,2014,4,22,20,240
econ.GN,2015,1,23,21,432
econ.GN,2015,2,43,42,1570
econ.GN,2015,3,42,35,597
econ.GN,2015,4,42,31,366
econ.GN,2016,1,47,41,521
econ.GN,2016,2,34,29,308
econ.GN,2016,3,34,32,495
econ.GN,2016,4,47,42,347
econ.GN,2017,1,40,37,455
econ.GN,2017,2,42,37,308
econ.GN,2017,3,52,46,530
econ.GN,2017,4,32,31,440
econ.GN,2018,1,29,21,158
econ.GN,2018,2,27,26,39
econ.GN,2018,3,56,50,524
econ.GN,2018,4,83,73,703
econ.GN,2019,1,86,76,1421
econ.GN,2019,2,89,73,1320
econ.GN,2019,3,93,85,1066
econ.GN,2019,4,92,78,400
econ.GN,2020,1,125,114,1903
econ.GN,2020,2,160,145,2845
econ.GN,2020,3,140,125,1690
econ.GN,2020,4,241,208,1376
econ.GN,2021,1,262,237,1998
econ.GN,2021,2,258,238,1479
econ.GN,2021,3,207,184,601
econ.GN,2021,4,184,173,1142
econ.GN,2022,1,181,177,1195
econ.GN,2022,2,192,192,1124
econ.GN,2022,3,163,160,696
econ.GN,2022,4,182,180,453
econ.GN,2023,1,195,195,1141
econ.GN,2023,2,214,209,451
econ.GN,2023,3,187,184,644
econ.GN,2023,4,260,255,727
econ.GN,2024,1,241,228,1001
econ.GN,2024,2,241,237,452
econ.GN,2024,3,231,220,166
econ.GN,2024,4,270,269,299
econ.GN,2025,1,310,236,282
econ.GN,2025,2,325,277,151
econ.GN,2025,3,338,243,191
econ.GN,2025,4,398,360,85
econ.GN,2026,1,315,315,110
econ.GN,2026,2,330,299,1
econ.GN,2026,3,70,0,0
econ.TH,2003,3,1,1,15
econ.TH,2007,1,1,1,15
econ.TH,2008,1,2,2,45
econ.TH,2009,2,1,0,0
econ.TH,2009,4,1,1,8
econ.TH,2011,3,1,1,2
econ.TH,2012,2,1,1,229
econ.TH,2012,3,2,2,115
econ.TH,2013,2,2,2,89
econ.TH,2013,3,1,1,3
econ.TH,2014,2,1,1,26
econ.TH,2014,4,1,0,0
econ.TH,2015,4,4,2,0
econ.TH,2016,2,1,1,4
econ.TH,2016,3,1,1,1
econ.TH,2017,1,2,2,47
econ.TH,2017,2,1,0,0
econ.TH,2017,3,4,4,51
econ.TH,2017,4,4,3,7
econ.TH,2018,1,11,9,51
econ.TH,2018,2,11,10,27
econ.TH,2018,3,36,31,66
econ.TH,2018,4,50,36,112
econ.TH,2019,1,34,30,142
econ.TH,2019,2,60,52,456
econ.TH,2019,3,77,52,206
econ.TH,2019,4,72,48,122
econ.TH,2020,1,60,47,149
econ.TH,2020,2,119,91,338
econ.TH,2020,3,95,72,263
econ.TH,2020,4,97,78,151
econ.TH,2021,1,123,108,229
econ.TH,2021,2,119,100,198
econ.TH,2021,3,118,91,399
econ.TH,2021,4,100,92,102
econ.TH,2022,1,118,115,130
econ.TH,2022,2,133,126,147
econ.TH,2022,3,132,130,142
econ.TH,2022,4,102,101,110
econ.TH,2023,1,138,133,105
econ.TH,2023,2,130,124,75
econ.TH,2023,3,105,99,68
econ.TH,2023,4,123,122,57
econ.TH,2024,1,162,155,166
econ.TH,2024,2,138,133,61
econ.TH,2024,3,115,108,21
econ.TH,2024,4,149,146,36
econ.TH,2025,1,189,151,22
econ.TH,2025,2,197,160,8
econ.TH,2025,3,217,148,136
econ.TH,2025,4,250,211,3
econ.TH,2026,1,224,224,24
econ.TH,2026,2,267,246,0
econ.TH,2026,3,56,0,0
eess.AS,2010,2,1,1,0
eess.AS,2011,4,2,2,6
eess.AS,2012,3,1,1,5
eess.AS,2013,1,1,1,84
eess.AS,2015,1,2,2,4
eess.AS,2015,4,2,2,29
eess.AS,2016,1,1,1,15
eess.AS,2016,2,1,1,18
eess.AS,2016,3,2,2,360
eess.AS,2016,4,1,1,479
eess.AS,2017,1,5,5,48
eess.AS,2017,2,4,3,8
eess.AS,2017,3,24,23,642
eess.AS,2017,4,174,157,4235
eess.AS,2018,1,146,127,3830
eess.AS,2018,2,209,183,6337
eess.AS,2018,3,189,178,5432
eess.AS,2018,4,331,291,4150
eess.AS,2019,1,179,162,2549
eess.AS,2019,2,401,340,10525
eess.AS,2019,3,340,302,5321
eess.AS,2019,4,490,434,6733
eess.AS,2020,1,383,345,4026
eess.AS,2020,2,581,523,9870
eess.AS,2020,3,532,484,6511
eess.AS,2020,4,684,622,6595
eess.AS,2021,1,458,412,2903
eess.AS,2021,2,704,632,4702
eess.AS,2021,3,549,517,3411
eess.AS,2021,4,715,694,5519
eess.AS,2022,1,766,744,2915
eess.AS,2022,2,766,764,2913
eess.AS,2022,3,550,546,1642
eess.AS,2022,4,905,904,2994
eess.AS,2023,1,576,572,1686
eess.AS,2023,2,952,949,2288
eess.AS,2023,3,945,943,1351
eess.AS,2023,4,741,739,917
eess.AS,2024,1,729,717,1537
eess.AS,2024,2,938,928,603
eess.AS,2024,3,1182,1143,668
eess.AS,2024,4,854,838,552
eess.AS,2025,1,701,595,304
eess.AS,2025,2,1141,995,169
eess.AS,2025,3,1160,720,198
eess.AS,2025,4,514,375,102
eess.AS,2026,1,683,682,21
eess.AS,2026,2,696,642,5
eess.AS,2026,3,111,0,0
eess.IV,2010,4,1,1,4
eess.IV,2011,4,2,2,4
eess.IV,2012,3,1,1,3
eess.IV,2013,2,2,1,30
eess.IV,2014,4,1,1,4
eess.IV,2015,1,1,1,266
eess.IV,2015,2,1,1,11
eess.IV,2015,3,1,1,11
eess.IV,2015,4,2,2,332
eess.IV,2016,1,1,1,0
eess.IV,2016,4,4,3,32
eess.IV,2017,2,5,5,200
eess.IV,2017,3,21,20,849
eess.IV,2017,4,70,59,4554
eess.IV,2018,1,140,124,4664
eess.IV,2018,2,125,116,3906
eess.IV,2018,3,142,136,5597
eess.IV,2018,4,193,177,4195
eess.IV,2019,1,232,214,6823
eess.IV,2019,2,653,597,17389
eess.IV,2019,3,1118,1012,23562
eess.IV,2019,4,1136,1051,26890
eess.IV,2020,1,1137,1046,30561
eess.IV,2020,2,1416,1303,48313
eess.IV,2020,3,1278,1177,24801
eess.IV,2020,4,1058,982,14431
eess.IV,2021,1,978,911,12896
eess.IV,2021,2,947,890,10994
eess.IV,2021,3,945,904,10116
eess.IV,2021,4,957,936,8390
eess.IV,2022,1,1140,1133,7985
eess.IV,2022,2,1036,1027,6111
eess.IV,2022,3,1046,1042,5457
eess.IV,2022,4,971,964,2889
eess.IV,2023,1,962,954,2457
eess.IV,2023,2,1107,1097,2996
eess.IV,2023,3,1179,1172,2280
eess.IV,2023,4,1094,1087,2302
eess.IV,2024,1,1116,1089,3617
eess.IV,2024,2,1119,1099,2078
eess.IV,2024,3,1222,1179,1274
eess.IV,2024,4,1214,1180,1322
eess.IV,2025,1,1187,911,659
eess.IV,2025,2,1139,937,455
eess.IV,2025,3,1041,652,206
eess.IV,2025,4,650,525,84
eess.IV,2026,1,661,660,50
eess.IV,2026,2,648,594,41
eess.IV,2026,3,113,0,0
eess.SP,2012,3,1,1,10
eess.SP,2013,3,2,2,28
eess.SP,2013,4,1,0,0
eess.SP,2014,4,1,1,42
eess.SP,2015,1,5,5,26
eess.SP,2015,2,1,1,32
eess.SP,2015,3,3,3,34
eess.SP,2015,4,1,1,0
eess.SP,2016,1,4,3,246
eess.SP,2016,2,5,5,57
eess.SP,2016,3,3,2,128
eess.SP,2016,4,10,8,194
eess.SP,2017,1,4,4,100
eess.SP,2017,2,11,8,1110
eess.SP,2017,3,72,68,2051
eess.SP,2017,4,344,313,5245
eess.SP,2018,1,508,453,7818
eess.SP,2018,2,536,493,7230
eess.SP,2018,3,561,537,11829
eess.SP,2018,4,669,618,9055
eess.SP,2019,1,620,581,11897
eess.SP,2019,2,942,834,14497
eess.SP,2019,3,964,884,18770
eess.SP,2019,4,1211,1090,23987
eess.SP,2020,1,1377,1240,21572
eess.SP,2020,2,1418,1293,25074
eess.SP,2020,3,1258,1167,18063
eess.SP,2020,4,1052,943,8400
eess.SP,2021,1,919,863,13136
eess.SP,2021,2,1058,986,11402
eess.SP,2021,3,1016,977,13197
eess.SP,2021,4,1131,1108,10010
eess.SP,2022,1,1112,1099,7265
eess.SP,2022,2,1151,1141,6308
eess.SP,2022,3,1079,1072,2920
eess.SP,2022,4,1247,1236,2770
eess.SP,2023,1,1133,1125,3030
eess.SP,2023,2,1232,1221,2585
eess.SP,2023,3,1354,1342,2557
eess.SP,2023,4,1292,1280,1748
eess.SP,2024,1,1538,1514,4631
eess.SP,2024,2,1396,1385,1951
eess.SP,2024,3,1414,1364,1302
eess.SP,2024,4,1510,1472,3603
eess.SP,2025,1,1511,1227,808
eess.SP,2025,2,1649,1428,528
eess.SP,2025,3,1630,1029,430
eess.SP,2025,4,1520,1253,367
eess.SP,2026,1,1477,1475,229
eess.SP,2026,2,1738,1620,299
eess.SP,2026,3,273,0,0
eess.SY,2004,1,1,1,0
eess.SY,2006,4,1,1,10
eess.SY,2007,3,1,1,0
eess.SY,2008,3,3,3,38
eess.SY,2008,4,1,1,0
eess.SY,2009,1,7,6,441
eess.SY,2009,2,4,2,45
eess.SY,2009,3,5,5,60
eess.SY,2009,4,11,11,836
eess.SY,2010,1,8,8,209
eess.SY,2010,2,18,17,996
eess.SY,2010,3,30,25,3325
eess.SY,2010,4,54,49,668
eess.SY,2011,1,124,114,1733
eess.SY,2011,2,129,117,1561
eess.SY,2011,3,173,167,3616
eess.SY,2011,4,76,71,1947
eess.SY,2012,1,131,128,3468
eess.SY,2012,2,112,108,4616
eess.SY,2012,3,124,117,1859
eess.SY,2012,4,139,135,1993
eess.SY,2013,1,140,130,2833
eess.SY,2013,2,140,134,3657
eess.SY,2013,3,192,181,2503
eess.SY,2013,4,185,178,4644
eess.SY,2014,1,201,188,3734
eess.SY,2014,2,156,146,4707
eess.SY,2014,3,190,179,3598
eess.SY,2014,4,195,180,2773
eess.SY,2015,1,249,231,4646
eess.SY,2015,2,223,211,3551
eess.SY,2015,3,269,251,5464
eess.SY,2015,4,224,202,3498
eess.SY,2016,1,277,246,5812
eess.SY,2016,2,262,237,3991
eess.SY,2016,3,281,257,5378
eess.SY,2016,4,275,263,4726
eess.SY,2017,1,395,378,5209
eess.SY,2017,2,322,291,5640
eess.SY,2017,3,357,308,3452
eess.SY,2017,4,349,295,4586
eess.SY,2018,1,400,350,4108
eess.SY,2018,2,421,373,4484
eess.SY,2018,3,391,353,4883
eess.SY,2018,4,400,360,4490
eess.SY,2019,1,520,460,6217
eess.SY,2019,2,555,518,8799
eess.SY,2019,3,742,669,7454
eess.SY,2019,4,912,818,12135
eess.SY,2020,1,954,868,12640
eess.SY,2020,2,1121,1009,11517
eess.SY,2020,3,1035,936,9956
eess.SY,2020,4,1150,1068,7943
eess.SY,2021,1,1262,1173,10359
eess.SY,2021,2,1128,1058,8273
eess.SY,2021,3,1058,1003,7021
eess.SY,2021,4,1157,1142,6831
eess.SY,2022,1,1131,1111,4723
eess.SY,2022,2,1101,1075,3853
eess.SY,2022,3,1222,1205,3032
eess.SY,2022,4,1252,1224,3555
eess.SY,2023,1,1201,1184,2393
eess.SY,2023,2,1334,1316,2074
eess.SY,2023,3,1289,1275,1978
eess.SY,2023,4,1473,1458,2175
eess.SY,2024,1,1539,1510,4610
eess.SY,2024,2,1455,1431,1797
eess.SY,2024,3,1426,1379,1047
eess.SY,2024,4,1553,1520,1570
eess.SY,2025,1,1687,1370,1432
eess.SY,2025,2,1786,1522,513
eess.SY,2025,3,1811,1225,498
eess.SY,2025,4,2049,1772,687
eess.SY,2026,1,1760,1757,343
eess.SY,2026,2,2239,2116,136
eess.SY,2026,3,331,0,0
funct-an,1992,2,4,4,17
funct-an,1992,3,6,6,51
funct-an,1992,4,21,21,62
funct-an,1993,1,18,18,275
funct-an,1993,2,8,8,157
funct-an,1993,3,4,4,446
funct-an,1993,4,12,12,250
funct-an,1994,1,17,17,140
funct-an,1994,2,12,11,81
funct-an,1994,3,9,9,41
funct-an,1994,4,27,27,135
funct-an,1995,1,23,23,369
funct-an,1995,2,17,17,527
funct-an,1995,3,9,9,135
funct-an,1995,4,15,15,132
funct-an,1996,1,16,16,76
funct-an,1996,2,28,28,574
funct-an,1996,3,24,24,286
funct-an,1996,4,26,26,359
funct-an,1997,1,50,48,378
funct-an,1997,2,30,30,281
funct-an,1997,3,26,26,297
funct-an,1997,4,25,24,423
gr-qc,1992,2,3,3,66
gr-qc,1992,3,70,70,6412
gr-qc,1992,4,94,94,5418
gr-qc,1993,1,136,136,14896
gr-qc,1993,2,159,159,12064
gr-qc,1993,3,145,144,12369
gr-qc,1993,4,161,158,9627
gr-qc,1994,1,195,193,24019
gr-qc,1994,2,269,265,13993
gr-qc,1994,3,215,213,10272
gr-qc,1994,4,300,297,13890
gr-qc,1995,1,232,230,11638
gr-qc,1995,2,269,268,18555
gr-qc,1995,3,293,286,10326
gr-qc,1995,4,302,302,13255
gr-qc,1996,1,268,265,17843
gr-qc,1996,2,321,321,17604
gr-qc,1996,3,318,317,15375
gr-qc,1996,4,310,308,12705
gr-qc,1997,1,294,292,11207
gr-qc,1997,2,381,377,17446
gr-qc,1997,3,305,299,16434
gr-qc,1997,4,432,427,20711
gr-qc,1998,1,415,413,16813
gr-qc,1998,2,448,447,21065
gr-qc,1998,3,405,402,18079
gr-qc,1998,4,439,438,22373
gr-qc,1999,1,409,405,17776
gr-qc,1999,2,482,479,33949
gr-qc,1999,3,432,430,24732
gr-qc,1999,4,566,562,26087
gr-qc,2000,1,497,491,26860
gr-qc,2000,2,511,509,28149
gr-qc,2000,3,421,416,20834
gr-qc,2000,4,548,541,20064
gr-qc,2001,1,513,511,22340
gr-qc,2001,2,523,517,25699
gr-qc,2001,3,481,480,23652
gr-qc,2001,4,531,530,25894
gr-qc,2002,1,519,517,31901
gr-qc,2002,2,539,534,30487
gr-qc,2002,3,538,533,27658
gr-qc,2002,4,607,597,29482
gr-qc,2003,1,597,589,32158
gr-qc,2003,2,579,574,27472
gr-qc,2003,3,570,563,32602
gr-qc,2003,4,619,611,30152
gr-qc,2004,1,632,626,27001
gr-qc,2004,2,651,643,34873
gr-qc,2004,3,600,594,26972
gr-qc,2004,4,699,694,29277
gr-qc,2005,1,604,597,29370
gr-qc,2005,2,725,720,44592
gr-qc,2005,3,628,617,52889
gr-qc,2005,4,732,720,34814
gr-qc,2006,1,669,660,43486
gr-qc,2006,2,698,690,33133
gr-qc,2006,3,656,647,25842
gr-qc,2006,4,835,826,37097
gr-qc,2007,1,743,731,30416
gr-qc,2007,2,728,718,37372
gr-qc,2007,3,754,742,34161
gr-qc,2007,4,848,835,42724
gr-qc,2008,1,691,683,34268
gr-qc,2008,2,769,760,37784
gr-qc,2008,3,782,776,35514
gr-qc,2008,4,797,786,35502
gr-qc,2009,1,819,807,36144
gr-qc,2009,2,886,875,44564
gr-qc,2009,3,797,780,35333
gr-qc,2009,4,889,877,35618
gr-qc,2010,1,898,869,36909
gr-qc,2010,2,1066,1045,43397
gr-qc,2010,3,895,877,38358
gr-qc,2010,4,1050,1039,48168
gr-qc,2011,1,926,916,42696
gr-qc,2011,2,1041,1028,51079
gr-qc,2011,3,1099,1085,44500
gr-qc,2011,4,1048,1035,35681
gr-qc,2012,1,979,969,36756
gr-qc,2012,2,1063,1046,47283
gr-qc,2012,3,954,943,33693
gr-qc,2012,4,1072,1045,33475
gr-qc,2013,1,1046,1021,33457
gr-qc,2013,2,1007,995,45002
gr-qc,2013,3,1006,991,38492
gr-qc,2013,4,1123,1109,39553
gr-qc,2014,1,1010,998,39686
gr-qc,2014,2,1136,1121,40813
gr-qc,2014,3,1070,1053,37449
gr-qc,2014,4,1151,1118,37052
gr-qc,2015,1,1116,1080,36791
gr-qc,2015,2,1151,1132,33925
gr-qc,2015,3,1100,1065,35698
gr-qc,2015,4,1291,1245,41504
gr-qc,2016,1,1132,1084,38236
gr-qc,2016,2,1152,1124,40033
gr-qc,2016,3,1071,1044,36708
gr-qc,2016,4,1183,1161,37623
gr-qc,2017,1,1059,1048,33200
gr-qc,2017,2,1121,1106,39666
gr-qc,2017,3,1137,1111,36821
gr-qc,2017,4,1280,1248,64676
gr-qc,2018,1,1073,1056,35887
gr-qc,2018,2,1261,1242,41671
gr-qc,2018,3,1157,1134,36699
gr-qc,2018,4,1313,1281,40360
gr-qc,2019,1,1170,1132,31367
gr-qc,2019,2,1415,1378,54944
gr-qc,2019,3,1281,1245,40703
gr-qc,2019,4,1422,1383,36214
gr-qc,2020,1,1212,1180,34054
gr-qc,2020,2,1569,1524,48604
gr-qc,2020,3,1490,1458,39654
gr-qc,2020,4,1535,1499,33860
gr-qc,2021,1,1346,1322,29792
gr-qc,2021,2,1519,1494,29959
gr-qc,2021,3,1466,1443,21209
gr-qc,2021,4,1683,1653,22253
gr-qc,2022,1,1433,1416,13062
gr-qc,2022,2,1562,1547,10434
gr-qc,2022,3,1466,1453,5088
gr-qc,2022,4,1642,1628,3161
gr-qc,2023,1,1470,1454,3421
gr-qc,2023,2,1682,1664,8807
gr-qc,2023,3,1679,1651,3545
gr-qc,2023,4,1712,1686,2403
gr-qc,2024,1,1552,1526,4841
gr-qc,2024,2,1757,1722,3740
gr-qc,2024,3,1667,1616,2716
gr-qc,2024,4,1867,1823,1489
gr-qc,2025,1,1570,1397,2245
gr-qc,2025,2,1869,1654,2695
gr-qc,2025,3,1985,1511,1285
gr-qc,2025,4,2143,1891,502
gr-qc,2026,1,1829,1827,451
gr-qc,2026,2,2222,2023,61
gr-qc,2026,3,405,0,0
hep-ex,1994,1,9,9,349
hep-ex,1994,2,31,31,1745
hep-ex,1994,3,18,18,601
hep-ex,1994,4,38,38,680
hep-ex,1995,1,41,40,4351
hep-ex,1995,2,49,47,2279
hep-ex,1995,3,59,57,1896
hep-ex,1995,4,53,50,1391
hep-ex,1996,1,45,43,1665
hep-ex,1996,2,61,61,2577
hep-ex,1996,3,89,88,2171
hep-ex,1996,4,81,81,2434
hep-ex,1997,1,82,82,4235
hep-ex,1997,2,107,107,3532
hep-ex,1997,3,160,160,7744
hep-ex,1997,4,141,139,7642
hep-ex,1998,1,150,147,4839
hep-ex,1998,2,147,147,6821
hep-ex,1998,3,152,148,11539
hep-ex,1998,4,190,188,24385
hep-ex,1999,1,207,206,7040
hep-ex,1999,2,216,214,7391
hep-ex,1999,3,248,244,10151
hep-ex,1999,4,265,256,7139
hep-ex,2000,1,257,256,8109
hep-ex,2000,2,191,191,7397
hep-ex,2000,3,290,290,8002
hep-ex,2000,4,341,338,13338
hep-ex,2001,1,244,238,9912
hep-ex,2001,2,350,346,15025
hep-ex,2001,3,261,257,10615
hep-ex,2001,4,348,339,9771
hep-ex,2002,1,228,226,14293
hep-ex,2002,2,328,326,14266
hep-ex,2002,3,312,309,8759
hep-ex,2002,4,343,338,14531
hep-ex,2003,1,208,205,11023
hep-ex,2003,2,300,298,10033
hep-ex,2003,3,361,354,18318
hep-ex,2003,4,305,288,10922
hep-ex,2004,1,230,227,9821
hep-ex,2004,2,308,296,13095
hep-ex,2004,3,390,383,13209
hep-ex,2004,4,405,377,9744
hep-ex,2005,1,274,271,11505
hep-ex,2005,2,360,354,11976
hep-ex,2005,3,331,316,10166
hep-ex,2005,4,304,282,6142
hep-ex,2006,1,217,208,12252
hep-ex,2006,2,337,331,10245
hep-ex,2006,3,353,339,13199
hep-ex,2006,4,329,308,9264
hep-ex,2007,1,246,240,9492
hep-ex,2007,2,315,308,11164
hep-ex,2007,3,335,309,10680
hep-ex,2007,4,381,349,8305
hep-ex,2008,1,218,215,14092
hep-ex,2008,2,332,326,9890
hep-ex,2008,3,421,398,10524
hep-ex,2008,4,489,469,13130
hep-ex,2009,1,337,334,11312
hep-ex,2009,2,361,351,12555
hep-ex,2009,3,389,363,9466
hep-ex,2009,4,428,394,11039
hep-ex,2010,1,303,295,15898
hep-ex,2010,2,456,444,17349
hep-ex,2010,3,452,435,19026
hep-ex,2010,4,600,534,19177
hep-ex,2011,1,520,490,20982
hep-ex,2011,2,575,551,29013
hep-ex,2011,3,751,696,19878
hep-ex,2011,4,797,703,22864
hep-ex,2012,1,681,634,25116
hep-ex,2012,2,624,574,29694
hep-ex,2012,3,720,663,26683
hep-ex,2012,4,700,603,22380
hep-ex,2013,1,589,560,27593
hep-ex,2013,2,555,529,22019
hep-ex,2013,3,670,628,27033
hep-ex,2013,4,706,639,24470
hep-ex,2014,1,508,472,19878
hep-ex,2014,2,541,485,20884
hep-ex,2014,3,666,586,19674
hep-ex,2014,4,735,646,21681
hep-ex,2015,1,548,463,17439
hep-ex,2015,2,607,538,20900
hep-ex,2015,3,698,595,22964
hep-ex,2015,4,812,718,21379
hep-ex,2016,1,629,551,20815
hep-ex,2016,2,662,571,18848
hep-ex,2016,3,603,521,18845
hep-ex,2016,4,678,565,19113
hep-ex,2017,1,575,493,17573
hep-ex,2017,2,559,481,23220
hep-ex,2017,3,635,513,20081
hep-ex,2017,4,749,622,14115
hep-ex,2018,1,562,483,16349
hep-ex,2018,2,649,527,17570
hep-ex,2018,3,612,510,17936
hep-ex,2018,4,724,601,16284
hep-ex,2019,1,631,546,18575
hep-ex,2019,2,626,554,15287
hep-ex,2019,3,674,578,17186
hep-ex,2019,4,725,619,15043
hep-ex,2020,1,624,562,14552
hep-ex,2020,2,692,613,16565
hep-ex,2020,3,710,627,17509
hep-ex,2020,4,722,617,12294
hep-ex,2021,1,618,566,12475
hep-ex,2021,2,684,617,9315
hep-ex,2021,3,740,649,7478
hep-ex,2021,4,844,754,8317
hep-ex,2022,1,902,839,6083
hep-ex,2022,2,720,607,4388
hep-ex,2022,3,788,699,1914
hep-ex,2022,4,879,756,2443
hep-ex,2023,1,640,539,969
hep-ex,2023,2,658,558,839
hep-ex,2023,3,759,657,798
hep-ex,2023,4,836,712,707
hep-ex,2024,1,745,635,1221
hep-ex,2024,2,708,586,783
hep-ex,2024,3,740,612,466
hep-ex,2024,4,860,738,447
hep-ex,2025,1,846,677,635
hep-ex,2025,2,789,629,587
hep-ex,2025,3,874,585,211
hep-ex,2025,4,896,750,145
hep-ex,2026,1,892,892,32
hep-ex,2026,2,898,845,33
hep-ex,2026,3,167,0,0
hep-lat,1992,1,1,1,15
hep-lat,1992,2,102,102,8846
hep-lat,1992,3,110,110,5075
hep-lat,1992,4,174,174,5221
hep-lat,1993,1,81,81,5358
hep-lat,1993,2,93,92,4074
hep-lat,1993,3,82,81,3888
hep-lat,1993,4,224,224,4728
hep-lat,1994,1,111,109,2588
hep-lat,1994,2,97,96,3838
hep-lat,1994,3,112,111,4560
hep-lat,1994,4,271,269,4752
hep-lat,1995,1,127,127,3739
hep-lat,1995,2,122,121,2895
hep-lat,1995,3,190,188,3908
hep-lat,1995,4,150,149,3992
hep-lat,1996,1,123,122,4549
hep-lat,1996,2,131,130,5498
hep-lat,1996,3,324,324,5075
hep-lat,1996,4,153,152,6441
hep-lat,1997,1,92,92,2937
hep-lat,1997,2,127,127,4174
hep-lat,1997,3,270,269,6649
hep-lat,1997,4,226,226,4321
hep-lat,1998,1,165,165,8069
hep-lat,1998,2,168,168,9098
hep-lat,1998,3,343,341,6112
hep-lat,1998,4,192,191,5234
hep-lat,1999,1,141,141,6665
hep-lat,1999,2,142,142,10733
hep-lat,1999,3,313,313,3738
hep-lat,1999,4,205,204,4631
hep-lat,2000,1,160,157,6687
hep-lat,2000,2,153,153,6733
hep-lat,2000,3,176,175,5257
hep-lat,2000,4,290,290,8351
hep-lat,2001,1,126,125,5123
hep-lat,2001,2,130,129,7914
hep-lat,2001,3,143,142,7880
hep-lat,2001,4,393,391,7577
hep-lat,2002,1,140,140,6699
hep-lat,2002,2,147,146,6467
hep-lat,2002,3,325,324,7213
hep-lat,2002,4,197,197,4887
hep-lat,2003,1,146,146,6557
hep-lat,2003,2,139,138,6294
hep-lat,2003,3,317,316,7235
hep-lat,2003,4,218,217,7401
hep-lat,2004,1,143,143,6107
hep-lat,2004,2,137,135,6971
hep-lat,2004,3,312,312,8406
hep-lat,2004,4,194,192,5544
hep-lat,2005,1,132,132,7196
hep-lat,2005,2,135,134,6752
hep-lat,2005,3,317,303,5375
hep-lat,2005,4,280,269,5186
hep-lat,2006,1,132,131,5002
hep-lat,2006,2,117,113,5117
hep-lat,2006,3,210,204,7175
hep-lat,2006,4,267,258,8051
hep-lat,2007,1,123,123,4518
hep-lat,2007,2,141,140,6769
hep-lat,2007,3,182,167,6326
hep-lat,2007,4,375,345,7632
hep-lat,2008,1,130,128,6365
hep-lat,2008,2,147,145,7854
hep-lat,2008,3,190,180,5387
hep-lat,2008,4,288,264,6007
hep-lat,2009,1,144,142,8700
hep-lat,2009,2,133,131,6894
hep-lat,2009,3,164,157,6234
hep-lat,2009,4,351,315,8311
hep-lat,2010,1,156,152,5638
hep-lat,2010,2,184,178,10202
hep-lat,2010,3,192,185,7640
hep-lat,2010,4,422,384,9850
hep-lat,2011,1,217,206,7162
hep-lat,2011,2,194,186,7120
hep-lat,2011,3,185,183,7046
hep-lat,2011,4,392,355,9125
hep-lat,2012,1,203,196,7895
hep-lat,2012,2,215,208,10851
hep-lat,2012,3,212,208,8071
hep-lat,2012,4,371,357,8414
hep-lat,2013,1,233,222,7917
hep-lat,2013,2,185,181,10266
hep-lat,2013,3,205,197,11221
hep-lat,2013,4,468,439,6790
hep-lat,2014,1,219,207,8250
hep-lat,2014,2,165,160,8553
hep-lat,2014,3,165,162,6961
hep-lat,2014,4,415,375,6934
hep-lat,2015,1,233,216,7022
hep-lat,2015,2,195,189,6811
hep-lat,2015,3,245,228,8266
hep-lat,2015,4,389,370,8015
hep-lat,2016,1,196,184,8720
hep-lat,2016,2,197,192,7779
hep-lat,2016,3,199,189,6470
hep-lat,2016,4,380,342,6069
hep-lat,2017,1,230,218,7118
hep-lat,2017,2,207,200,10174
hep-lat,2017,3,191,186,6674
hep-lat,2017,4,417,410,7658
hep-lat,2018,1,170,169,5839
hep-lat,2018,2,169,168,6467
hep-lat,2018,3,219,214,7567
hep-lat,2018,4,376,324,8018
hep-lat,2019,1,206,196,6999
hep-lat,2019,2,205,199,7369
hep-lat,2019,3,198,191,7086
hep-lat,2019,4,330,303,7610
hep-lat,2020,1,248,233,5841
hep-lat,2020,2,216,209,5220
hep-lat,2020,3,235,234,6746
hep-lat,2020,4,226,220,5088
hep-lat,2021,1,223,217,5071
hep-lat,2021,2,198,194,3078
hep-lat,2021,3,254,251,3533
hep-lat,2021,4,556,529,2881
hep-lat,2022,1,255,243,1573
hep-lat,2022,2,223,217,1590
hep-lat,2022,3,220,210,590
hep-lat,2022,4,447,419,350
hep-lat,2023,1,225,211,341
hep-lat,2023,2,237,228,308
hep-lat,2023,3,228,213,271
hep-lat,2023,4,379,361,311
hep-lat,2024,1,288,277,420
hep-lat,2024,2,266,254,264
hep-lat,2024,3,238,223,196
hep-lat,2024,4,376,361,153
hep-lat,2025,1,406,357,193
hep-lat,2025,2,254,207,210
hep-lat,2025,3,264,185,74
hep-lat,2025,4,287,240,27
hep-lat,2026,1,386,385,5
hep-lat,2026,2,315,285,0
hep-lat,2026,3,56,0,0
hep-ph,1992,1,27,27,2076
hep-ph,1992,2,169,167,11588
hep-ph,1992,3,269,265,17521
hep-ph,1992,4,390,386,13313
hep-ph,1993,1,384,382,25055
hep-ph,1993,2,464,462,22058
hep-ph,1993,3,557,552,25063
hep-ph,1993,4,590,580,24711
hep-ph,1994,1,620,615,36506
hep-ph,1994,2,725,720,27988
hep-ph,1994,3,768,765,32108
hep-ph,1994,4,781,774,29398
hep-ph,1995,1,821,814,36497
hep-ph,1995,2,873,863,37523
hep-ph,1995,3,822,808,34816
hep-ph,1995,4,929,915,32423
hep-ph,1996,1,820,810,36394
hep-ph,1996,2,969,960,42639
hep-ph,1996,3,1070,1064,31990
hep-ph,1996,4,1083,1071,33424
hep-ph,1997,1,869,862,36701
hep-ph,1997,2,1059,1050,41216
hep-ph,1997,3,1115,1105,36332
hep-ph,1997,4,1210,1200,40705
hep-ph,1998,1,1033,1029,52443
hep-ph,1998,2,1130,1122,51555
hep-ph,1998,3,1294,1282,50305
hep-ph,1998,4,1264,1254,70652
hep-ph,1999,1,1122,1115,45896
hep-ph,1999,2,1280,1268,67765
hep-ph,1999,3,1319,1299,55057
hep-ph,1999,4,1321,1294,53754
hep-ph,2000,1,1206,1184,51585
hep-ph,2000,2,1238,1232,62689
hep-ph,2000,3,1324,1314,48086
hep-ph,2000,4,1456,1443,60816
hep-ph,2001,1,1283,1267,53042
hep-ph,2001,2,1319,1305,66789
hep-ph,2001,3,1178,1166,52710
hep-ph,2001,4,1559,1545,50966
hep-ph,2002,1,1130,1119,58412
hep-ph,2002,2,1330,1317,72605
hep-ph,2002,3,1351,1344,56300
hep-ph,2002,4,1631,1611,56554
hep-ph,2003,1,1107,1098,60823
hep-ph,2003,2,1257,1249,59331
hep-ph,2003,3,1363,1349,64684
hep-ph,2003,4,1453,1443,65322
hep-ph,2004,1,1104,1097,48361
hep-ph,2004,2,1245,1225,78127
hep-ph,2004,3,1421,1408,54621
hep-ph,2004,4,1582,1564,57863
hep-ph,2005,1,1131,1121,54001
hep-ph,2005,2,1158,1138,60607
hep-ph,2005,3,1353,1327,51578
hep-ph,2005,4,1530,1508,53810
hep-ph,2006,1,1098,1080,73164
hep-ph,2006,2,1250,1236,59242
hep-ph,2006,3,1321,1302,56150
hep-ph,2006,4,1575,1544,60644
hep-ph,2007,1,1193,1182,50822
hep-ph,2007,2,1220,1196,55401
hep-ph,2007,3,1363,1344,62635
hep-ph,2007,4,1604,1585,68882
hep-ph,2008,1,1146,1129,68474
hep-ph,2008,2,1332,1318,53192
hep-ph,2008,3,1397,1383,57691
hep-ph,2008,4,1585,1557,67418
hep-ph,2009,1,1327,1316,66466
hep-ph,2009,2,1263,1243,58695
hep-ph,2009,3,1433,1402,52731
hep-ph,2009,4,1586,1544,56338
hep-ph,2010,1,1294,1272,61072
hep-ph,2010,2,1472,1440,62853
hep-ph,2010,3,1513,1490,65005
hep-ph,2010,4,1882,1826,66490
hep-ph,2011,1,1515,1491,57306
hep-ph,2011,2,1582,1562,67391
hep-ph,2011,3,1662,1649,59645
hep-ph,2011,4,1945,1905,74577
hep-ph,2012,1,1494,1474,61636
hep-ph,2012,2,1653,1623,74537
hep-ph,2012,3,1671,1640,65185
hep-ph,2012,4,1735,1711,59277
hep-ph,2013,1,1543,1508,64542
hep-ph,2013,2,1641,1613,68438
hep-ph,2013,3,1752,1720,69774
hep-ph,2013,4,1878,1828,65594
hep-ph,2014,1,1587,1563,58364
hep-ph,2014,2,1626,1605,71848
hep-ph,2014,3,1666,1643,55976
hep-ph,2014,4,1862,1794,63546
hep-ph,2015,1,1485,1441,51125
hep-ph,2015,2,1652,1620,55875
hep-ph,2015,3,1764,1727,53430
hep-ph,2015,4,2064,2000,68959
hep-ph,2016,1,1573,1537,55154
hep-ph,2016,2,1689,1650,55010
hep-ph,2016,3,1675,1624,49714
hep-ph,2016,4,1893,1824,57672
hep-ph,2017,1,1456,1431,50882
hep-ph,2017,2,1604,1571,60685
hep-ph,2017,3,1492,1441,57228
hep-ph,2017,4,1993,1922,58595
hep-ph,2018,1,1429,1395,50730
hep-ph,2018,2,1593,1568,53533
hep-ph,2018,3,1665,1615,51130
hep-ph,2018,4,1993,1905,56238
hep-ph,2019,1,1573,1521,48647
hep-ph,2019,2,1674,1627,47672
hep-ph,2019,3,1722,1665,52855
hep-ph,2019,4,1902,1827,48468
hep-ph,2020,1,1559,1500,37415
hep-ph,2020,2,1756,1702,45775
hep-ph,2020,3,1771,1730,47765
hep-ph,2020,4,1850,1773,39290
hep-ph,2021,1,1572,1546,34077
hep-ph,2021,2,1796,1741,26420
hep-ph,2021,3,1839,1793,21538
hep-ph,2021,4,2102,2024,20747
hep-ph,2022,1,1813,1771,12679
hep-ph,2022,2,1857,1818,11904
hep-ph,2022,3,1876,1830,3774
hep-ph,2022,4,2117,2048,3128
hep-ph,2023,1,1551,1497,1800
hep-ph,2023,2,1809,1759,3105
hep-ph,2023,3,1911,1835,2321
hep-ph,2023,4,2119,2038,1765
hep-ph,2024,1,1732,1666,3414
hep-ph,2024,2,1956,1871,2658
hep-ph,2024,3,1969,1879,1694
hep-ph,2024,4,2194,2103,922
hep-ph,2025,1,1947,1661,1491
hep-ph,2025,2,2017,1736,1871
hep-ph,2025,3,2092,1535,725
hep-ph,2025,4,2299,2008,270
hep-ph,2026,1,2006,2006,66
hep-ph,2026,2,2334,2141,14
hep-ph,2026,3,426,0,0
hep-th,1986,2,1,1,29
hep-th,1988,4,1,1,487
hep-th,1991,3,86,84,3692
hep-th,1991,4,216,216,10885
hep-th,1992,1,259,258,12576
hep-th,1992,2,345,344,20365
hep-th,1992,3,385,385,15845
hep-th,1992,4,531,530,22833
hep-th,1993,1,515,513,25034
hep-th,1993,2,602,602,26893
hep-th,1993,3,591,589,25962
hep-th,1993,4,710,705,21008
hep-th,1994,1,640,639,38270
hep-th,1994,2,739,737,29862
hep-th,1994,3,698,693,31619
hep-th,1994,4,897,890,32446
hep-th,1995,1,708,704,32565
hep-th,1995,2,773,770,38276
hep-th,1995,3,699,693,24120
hep-th,1995,4,914,906,39560
hep-th,1996,1,769,765,46101
hep-th,1996,2,823,818,43151
hep-th,1996,3,880,879,30962
hep-th,1996,4,958,953,33720
hep-th,1997,1,842,837,31134
hep-th,1997,2,910,908,32306
hep-th,1997,3,895,891,39117
hep-th,1997,4,1002,996,49634
hep-th,1998,1,947,943,58414
hep-th,1998,2,980,979,46518
hep-th,1998,3,915,912,41353
hep-th,1998,4,1048,1047,43545
hep-th,1999,1,861,858,38589
hep-th,1999,2,982,980,73711
hep-th,1999,3,935,932,49569
hep-th,1999,4,1122,1115,51010
hep-th,2000,1,1026,1016,50350
hep-th,2000,2,1020,1016,50792
hep-th,2000,3,1046,1040,40912
hep-th,2000,4,1186,1173,47083
hep-th,2001,1,991,989,38296
hep-th,2001,2,1199,1194,60064
hep-th,2001,3,1035,1033,46598
hep-th,2001,4,1183,1178,51541
hep-th,2002,1,1070,1065,49173
hep-th,2002,2,1197,1190,62664
hep-th,2002,3,1085,1082,48917
hep-th,2002,4,1334,1321,56564
hep-th,2003,1,1084,1078,49333
hep-th,2003,2,1177,1172,54430
hep-th,2003,3,1118,1110,52243
hep-th,2003,4,1266,1253,56748
hep-th,2004,1,1095,1087,45845
hep-th,2004,2,1168,1155,67278
hep-th,2004,3,1160,1152,47047
hep-th,2004,4,1313,1305,56081
hep-th,2005,1,1080,1072,55836
hep-th,2005,2,1154,1144,60420
hep-th,2005,3,1142,1133,70680
hep-th,2005,4,1333,1315,50038
hep-th,2006,1,1123,1111,64238
hep-th,2006,2,1213,1199,60532
hep-th,2006,3,1060,1049,43933
hep-th,2006,4,1427,1408,57884
hep-th,2007,1,1147,1133,48547
hep-th,2007,2,1305,1288,60484
hep-th,2007,3,1216,1202,54046
hep-th,2007,4,1437,1428,59045
hep-th,2008,1,1092,1082,57821
hep-th,2008,2,1332,1327,64808
hep-th,2008,3,1304,1288,66989
hep-th,2008,4,1301,1289,53863
hep-th,2009,1,1262,1254,59540
hep-th,2009,2,1330,1315,72245
hep-th,2009,3,1245,1236,57068
hep-th,2009,4,1430,1413,51075
hep-th,2010,1,1294,1268,53719
hep-th,2010,2,1452,1424,57825
hep-th,2010,3,1395,1374,58882
hep-th,2010,4,1701,1675,64736
hep-th,2011,1,1291,1266,51796
hep-th,2011,2,1471,1451,64824
hep-th,2011,3,1466,1446,58179
hep-th,2011,4,1493,1465,47562
hep-th,2012,1,1320,1303,50233
hep-th,2012,2,1507,1494,58222
hep-th,2012,3,1418,1403,47647
hep-th,2012,4,1509,1475,47239
hep-th,2013,1,1352,1312,41840
hep-th,2013,2,1450,1424,60830
hep-th,2013,3,1446,1415,58977
hep-th,2013,4,1597,1568,52271
hep-th,2014,1,1407,1379,53692
hep-th,2014,2,1629,1608,61658
hep-th,2014,3,1475,1446,49430
hep-th,2014,4,1683,1646,48706
hep-th,2015,1,1409,1367,46219
hep-th,2015,2,1564,1527,43239
hep-th,2015,3,1558,1510,43468
hep-th,2015,4,1795,1724,52874
hep-th,2016,1,1474,1431,44703
hep-th,2016,2,1592,1558,48436
hep-th,2016,3,1470,1433,48331
hep-th,2016,4,1720,1682,52125
hep-th,2017,1,1366,1347,46459
hep-th,2017,2,1584,1552,50075
hep-th,2017,3,1477,1432,42445
hep-th,2017,4,1806,1740,57372
hep-th,2018,1,1422,1385,42168
hep-th,2018,2,1636,1607,45443
hep-th,2018,3,1548,1497,42665
hep-th,2018,4,1850,1776,48288
hep-th,2019,1,1406,1376,36411
hep-th,2019,2,1786,1730,46843
hep-th,2019,3,1620,1584,40547
hep-th,2019,4,2036,1952,44747
hep-th,2020,1,1448,1394,30111
hep-th,2020,2,1935,1855,44921
hep-th,2020,3,1839,1799,39402
hep-th,2020,4,1991,1936,36592
hep-th,2021,1,1585,1555,25302
hep-th,2021,2,1730,1690,23803
hep-th,2021,3,1670,1637,16640
hep-th,2021,4,2142,2101,22165
hep-th,2022,1,1652,1628,10947
hep-th,2022,2,1688,1665,9581
hep-th,2022,3,1741,1727,4553
hep-th,2022,4,2086,2060,3153
hep-th,2023,1,1562,1539,1984
hep-th,2023,2,1790,1760,2376
hep-th,2023,3,1809,1778,2236
hep-th,2023,4,2148,2096,1892
hep-th,2024,1,1666,1621,3545
hep-th,2024,2,2022,1964,2409
hep-th,2024,3,1883,1796,1996
hep-th,2024,4,2219,2150,928
hep-th,2025,1,1789,1534,1401
hep-th,2025,2,1961,1704,1527
hep-th,2025,3,2065,1507,801
hep-th,2025,4,2352,2004,262
hep-th,2026,1,1997,1996,331
hep-th,2026,2,2460,2239,47
hep-th,2026,3,434,0,0
math-ph,1990,3,1,1,44
math-ph,1992,2,1,1,44
math-ph,1992,4,4,4,2268
math-ph,1993,1,2,2,134
math-ph,1993,2,5,5,691
math-ph,1993,3,1,1,24
math-ph,1994,1,2,2,11
math-ph,1994,2,2,2,12
math-ph,1994,3,2,2,9
math-ph,1994,4,1,1,2
math-ph,1995,3,6,6,891
math-ph,1995,4,3,3,109
math-ph,1996,1,9,9,246
math-ph,1996,2,4,4,53
math-ph,1996,3,4,4,220
math-ph,1996,4,27,27,851
math-ph,1997,1,52,51,801
math-ph,1997,2,37,37,530
math-ph,1997,3,53,53,1294
math-ph,1997,4,73,73,7824
math-ph,1998,1,84,84,2063
math-ph,1998,2,150,150,6081
math-ph,1998,3,196,196,7673
math-ph,1998,4,189,189,3550
math-ph,1999,1,207,207,3953
math-ph,1999,2,230,228,4560
math-ph,1999,3,224,224,11550
math-ph,1999,4,290,286,5485
math-ph,2000,1,285,284,5016
math-ph,2000,2,253,251,5835
math-ph,2000,3,270,268,3796
math-ph,2000,4,352,349,6904
math-ph,2001,1,270,269,6346
math-ph,2001,2,315,315,26204
math-ph,2001,3,266,264,7993
math-ph,2001,4,341,336,8023
math-ph,2002,1,378,372,8794
math-ph,2002,2,327,325,7922
math-ph,2002,3,339,338,6505
math-ph,2002,4,421,416,7098
math-ph,2003,1,381,378,9155
math-ph,2003,2,386,381,11509
math-ph,2003,3,369,364,7598
math-ph,2003,4,410,406,6986
math-ph,2004,1,402,398,8706
math-ph,2004,2,417,414,10764
math-ph,2004,3,410,406,8280
math-ph,2004,4,509,504,10537
math-ph,2005,1,420,416,7752
math-ph,2005,2,500,495,12068
math-ph,2005,3,428,422,10220
math-ph,2005,4,567,558,12113
math-ph,2006,1,526,522,10413
math-ph,2006,2,469,458,9670
math-ph,2006,3,511,505,11034
math-ph,2006,4,577,572,9840
math-ph,2007,1,585,576,13722
math-ph,2007,2,567,552,14703
math-ph,2007,3,586,580,10023
math-ph,2007,4,707,687,11783
math-ph,2008,1,603,587,9870
math-ph,2008,2,647,634,12720
math-ph,2008,3,588,563,14365
math-ph,2008,4,705,692,14041
math-ph,2009,1,707,684,16472
math-ph,2009,2,668,650,11885
math-ph,2009,3,644,628,13244
math-ph,2009,4,776,755,14289
math-ph,2010,1,804,770,13307
math-ph,2010,2,899,875,15902
math-ph,2010,3,949,919,17700
math-ph,2010,4,1018,977,19471
math-ph,2011,1,931,903,19662
math-ph,2011,2,1031,995,19817
math-ph,2011,3,1007,973,18998
math-ph,2011,4,1109,1075,19263
math-ph,2012,1,1018,986,19508
math-ph,2012,2,1068,1031,19021
math-ph,2012,3,1049,1018,17518
math-ph,2012,4,1238,1180,21471
math-ph,2013,1,1057,1012,15509
math-ph,2013,2,954,918,17359
math-ph,2013,3,933,888,19168
math-ph,2013,4,1005,957,15408
math-ph,2014,1,974,925,18944
math-ph,2014,2,879,828,14368
math-ph,2014,3,891,842,12638
math-ph,2014,4,989,931,15084
math-ph,2015,1,935,865,13887
math-ph,2015,2,975,892,12222
math-ph,2015,3,972,889,12945
math-ph,2015,4,1053,967,13966
math-ph,2016,1,990,914,12741
math-ph,2016,2,963,887,13566
math-ph,2016,3,957,889,14560
math-ph,2016,4,1006,941,12545
math-ph,2017,1,953,902,11244
math-ph,2017,2,921,862,12289
math-ph,2017,3,872,798,11040
math-ph,2017,4,1032,938,10439
math-ph,2018,1,807,741,9465
math-ph,2018,2,925,867,9621
math-ph,2018,3,869,793,10189
math-ph,2018,4,1028,951,11345
math-ph,2019,1,897,841,10519
math-ph,2019,2,1038,953,11474
math-ph,2019,3,1067,982,8907
math-ph,2019,4,1166,1072,13758
math-ph,2020,1,980,923,7451
math-ph,2020,2,1089,1015,7543
math-ph,2020,3,1087,1016,8163
math-ph,2020,4,1142,1083,8056
math-ph,2021,1,1010,974,5776
math-ph,2021,2,1041,1000,6024
math-ph,2021,3,1086,1045,4818
math-ph,2021,4,1078,1060,4651
math-ph,2022,1,1031,1010,2466
math-ph,2022,2,1004,988,2293
math-ph,2022,3,1021,999,1080
math-ph,2022,4,1198,1182,1065
math-ph,2023,1,1042,1018,899
math-ph,2023,2,1142,1118,845
math-ph,2023,3,1164,1142,688
math-ph,2023,4,1276,1251,689
math-ph,2024,1,1171,1129,973
math-ph,2024,2,1172,1132,648
math-ph,2024,3,1274,1208,529
math-ph,2024,4,1420,1366,332
math-ph,2025,1,1147,948,975
math-ph,2025,2,1264,1098,281
math-ph,2025,3,1333,923,181
math-ph,2025,4,1559,1351,118
math-ph,2026,1,1377,1374,368
math-ph,2026,2,1633,1507,42
math-ph,2026,3,315,0,0
math.AC,1992,2,1,1,0
math.AC,1993,2,1,1,0
math.AC,1993,3,1,1,0
math.AC,1993,4,1,1,2
math.AC,1994,1,2,2,0
math.AC,1994,2,2,2,0
math.AC,1994,3,1,1,0
math.AC,1994,4,3,3,1
math.AC,1995,1,2,2,1
math.AC,1995,2,4,4,8
math.AC,1995,3,1,1,0
math.AC,1995,4,3,3,0
math.AC,1996,1,2,2,4
math.AC,1996,2,3,3,2
math.AC,1996,3,2,2,4
math.AC,1996,4,4,4,6
math.AC,1997,1,2,2,0
math.AC,1997,3,9,9,41
math.AC,1997,4,1,1,0
math.AC,1998,1,6,6,62
math.AC,1998,2,8,8,47
math.AC,1998,3,6,6,37
math.AC,1998,4,13,13,91
math.AC,1999,1,10,10,72
math.AC,1999,2,13,13,17
math.AC,1999,3,10,10,7
math.AC,1999,4,17,17,49
math.AC,2000,1,16,16,26
math.AC,2000,2,12,12,239
math.AC,2000,3,11,11,14
math.AC,2000,4,28,28,84
math.AC,2001,1,25,25,276
math.AC,2001,2,20,20,194
math.AC,2001,3,14,13,55
math.AC,2001,4,24,24,89
math.AC,2002,1,19,19,284
math.AC,2002,2,27,27,29
math.AC,2002,3,87,87,191
math.AC,2002,4,102,102,860
math.AC,2003,1,65,65,198
math.AC,2003,2,45,45,166
math.AC,2003,3,57,57,130
math.AC,2003,4,65,65,97
math.AC,2004,1,51,51,257
math.AC,2004,2,70,69,491
math.AC,2004,3,71,70,83
math.AC,2004,4,78,76,654
math.AC,2005,1,73,71,438
math.AC,2005,2,73,72,493
math.AC,2005,3,79,79,339
math.AC,2005,4,79,78,182
math.AC,2006,1,98,95,380
math.AC,2006,2,93,93,487
math.AC,2006,3,86,84,501
math.AC,2006,4,90,88,484
math.AC,2007,1,112,111,886
math.AC,2007,2,90,86,227
math.AC,2007,3,106,106,463
math.AC,2007,4,109,106,833
math.AC,2008,1,102,95,595
math.AC,2008,2,96,93,426
math.AC,2008,3,110,107,474
math.AC,2008,4,110,101,423
math.AC,2009,1,126,122,535
math.AC,2009,2,113,108,1216
math.AC,2009,3,99,94,653
math.AC,2009,4,122,114,614
math.AC,2010,1,135,118,564
math.AC,2010,2,119,103,556
math.AC,2010,3,124,92,597
math.AC,2010,4,119,105,540
math.AC,2011,1,105,82,616
math.AC,2011,2,130,113,577
math.AC,2011,3,145,132,502
math.AC,2011,4,145,123,707
math.AC,2012,1,143,117,571
math.AC,2012,2,126,115,651
math.AC,2012,3,129,112,904
math.AC,2012,4,168,150,608
math.AC,2013,1,169,149,608
math.AC,2013,2,159,139,501
math.AC,2013,3,162,136,447
math.AC,2013,4,143,120,437
math.AC,2014,1,146,125,553
math.AC,2014,2,150,129,440
math.AC,2014,3,161,130,617
math.AC,2014,4,127,99,298
math.AC,2015,1,147,122,569
math.AC,2015,2,148,119,757
math.AC,2015,3,157,117,553
math.AC,2015,4,171,125,769
math.AC,2016,1,182,139,396
math.AC,2016,2,156,112,618
math.AC,2016,3,170,122,452
math.AC,2016,4,178,148,468
math.AC,2017,1,185,162,599
math.AC,2017,2,178,134,483
math.AC,2017,3,192,144,319
math.AC,2017,4,202,143,554
math.AC,2018,1,199,145,558
math.AC,2018,2,183,142,464
math.AC,2018,3,168,133,405
math.AC,2018,4,167,132,359
math.AC,2019,1,166,131,251
math.AC,2019,2,177,130,321
math.AC,2019,3,193,148,258
math.AC,2019,4,186,149,340
math.AC,2020,1,174,125,213
math.AC,2020,2,187,145,205
math.AC,2020,3,184,149,267
math.AC,2020,4,182,156,154
math.AC,2021,1,191,167,152
math.AC,2021,2,203,177,148
math.AC,2021,3,199,185,110
math.AC,2021,4,195,184,96
math.AC,2022,1,185,177,67
math.AC,2022,2,174,173,45
math.AC,2022,3,231,227,67
math.AC,2022,4,199,198,58
math.AC,2023,1,193,191,43
math.AC,2023,2,212,209,45
math.AC,2023,3,235,231,28
math.AC,2023,4,231,230,43
math.AC,2024,1,198,191,28
math.AC,2024,2,262,255,20
math.AC,2024,3,205,188,14
math.AC,2024,4,205,190,14
math.AC,2025,1,241,186,6
math.AC,2025,2,247,194,29
math.AC,2025,3,250,160,2
math.AC,2025,4,277,231,1
math.AC,2026,1,254,254,0
math.AC,2026,2,301,278,0
math.AC,2026,3,58,0,0
math.AG,1991,4,1,1,104
math.AG,1992,1,35,34,204
math.AG,1992,2,20,19,68
math.AG,1992,3,11,11,110
math.AG,1992,4,15,15,307
math.AG,1993,1,23,22,738
math.AG,1993,2,38,37,566
math.AG,1993,3,31,31,1901
math.AG,1993,4,42,42,2018
math.AG,1994,1,59,59,1887
math.AG,1994,2,46,46,788
math.AG,1994,3,37,37,384
math.AG,1994,4,87,85,1102
math.AG,1995,1,79,79,1068
math.AG,1995,2,89,89,1215
math.AG,1995,3,47,46,561
math.AG,1995,4,71,70,2503
math.AG,1996,1,87,86,2713
math.AG,1996,2,66,65,1986
math.AG,1996,3,106,105,2958
math.AG,1996,4,95,92,1166
math.AG,1997,1,94,92,1710
math.AG,1997,2,78,78,714
math.AG,1997,3,92,91,3307
math.AG,1997,4,123,122,2111
math.AG,1998,1,133,131,2160
math.AG,1998,2,120,119,1510
math.AG,1998,3,108,108,1147
math.AG,1998,4,134,132,1151
math.AG,1999,1,136,134,1312
math.AG,1999,2,149,144,1377
math.AG,1999,3,128,128,1070
math.AG,1999,4,178,178,1447
math.AG,2000,1,183,182,1668
math.AG,2000,2,200,199,2829
math.AG,2000,3,151,150,947
math.AG,2000,4,244,243,2408
math.AG,2001,1,177,176,1792
math.AG,2001,2,182,180,2104
math.AG,2001,3,149,144,1552
math.AG,2001,4,226,222,1368
math.AG,2002,1,197,193,2117
math.AG,2002,2,251,251,2897
math.AG,2002,3,220,217,1994
math.AG,2002,4,281,278,1947
math.AG,2003,1,236,234,1464
math.AG,2003,2,269,267,2335
math.AG,2003,3,229,224,2042
math.AG,2003,4,288,283,2129
math.AG,2004,1,249,246,1496
math.AG,2004,2,266,262,2002
math.AG,2004,3,283,278,1771
math.AG,2004,4,294,289,2364
math.AG,2005,1,271,264,1668
math.AG,2005,2,321,315,2396
math.AG,2005,3,299,296,1906
math.AG,2005,4,308,304,2988
math.AG,2006,1,352,342,2747
math.AG,2006,2,333,330,2056
math.AG,2006,3,313,310,2413
math.AG,2006,4,370,365,3773
math.AG,2007,1,337,331,2418
math.AG,2007,2,407,381,3438
math.AG,2007,3,378,354,3316
math.AG,2007,4,447,433,3503
math.AG,2008,1,409,394,3347
math.AG,2008,2,432,413,2658
math.AG,2008,3,422,393,3301
math.AG,2008,4,432,410,3951
math.AG,2009,1,425,398,3789
math.AG,2009,2,457,426,4052
math.AG,2009,3,414,382,3988
math.AG,2009,4,461,411,3441
math.AG,2010,1,482,416,3551
math.AG,2010,2,482,416,4340
math.AG,2010,3,425,367,3029
math.AG,2010,4,559,492,4041
math.AG,2011,1,490,433,3726
math.AG,2011,2,483,419,3700
math.AG,2011,3,484,431,2903
math.AG,2011,4,584,508,3861
math.AG,2012,1,563,484,3129
math.AG,2012,2,497,451,3582
math.AG,2012,3,501,447,4130
math.AG,2012,4,597,514,5035
math.AG,2013,1,608,541,3499
math.AG,2013,2,521,448,4005
math.AG,2013,3,543,467,4220
math.AG,2013,4,596,512,4253
math.AG,2014,1,534,462,3111
math.AG,2014,2,528,445,3772
math.AG,2014,3,590,498,3335
math.AG,2014,4,627,513,2908
math.AG,2015,1,580,485,2927
math.AG,2015,2,580,476,3764
math.AG,2015,3,603,481,3114
math.AG,2015,4,675,522,3251
math.AG,2016,1,631,511,3263
math.AG,2016,2,661,536,3885
math.AG,2016,3,634,524,2535
math.AG,2016,4,670,565,2524
math.AG,2017,1,674,583,3187
math.AG,2017,2,657,554,2989
math.AG,2017,3,650,503,2360
math.AG,2017,4,705,571,2954
math.AG,2018,1,683,551,2564
math.AG,2018,2,664,542,2710
math.AG,2018,3,688,553,2194
math.AG,2018,4,709,574,2498
math.AG,2019,1,654,537,1689
math.AG,2019,2,714,579,2145
math.AG,2019,3,729,603,2147
math.AG,2019,4,801,671,1939
math.AG,2020,1,731,611,2039
math.AG,2020,2,760,657,1919
math.AG,2020,3,734,650,1851
math.AG,2020,4,807,727,1560
math.AG,2021,1,734,661,1018
math.AG,2021,2,693,645,1070
math.AG,2021,3,744,705,869
math.AG,2021,4,798,748,658
math.AG,2022,1,699,675,313
math.AG,2022,2,659,642,290
math.AG,2022,3,764,750,297
math.AG,2022,4,783,765,301
math.AG,2023,1,776,765,207
math.AG,2023,2,754,736,190
math.AG,2023,3,785,755,158
math.AG,2023,4,887,857,163
math.AG,2024,1,811,773,126
math.AG,2024,2,818,772,97
math.AG,2024,3,779,728,78
math.AG,2024,4,943,898,67
math.AG,2025,1,823,631,30
math.AG,2025,2,861,693,27
math.AG,2025,3,931,623,17
math.AG,2025,4,1057,907,4
math.AG,2026,1,974,973,32
math.AG,2026,2,1093,1010,0
math.AG,2026,3,208,0,0
math.AP,1992,1,3,3,2
math.AP,1992,2,1,1,0
math.AP,1992,3,1,1,0
math.AP,1992,4,3,3,89
math.AP,1993,1,2,2,1
math.AP,1994,1,1,1,40
math.AP,1994,2,1,1,7
math.AP,1995,1,1,1,6
math.AP,1995,2,2,2,0
math.AP,1995,4,3,3,9
math.AP,1996,1,1,1,0
math.AP,1997,1,2,2,11
math.AP,1997,3,3,3,12
math.AP,1997,4,4,4,41
math.AP,1998,1,11,11,160
math.AP,1998,2,26,26,383
math.AP,1998,3,21,21,297
math.AP,1998,4,32,32,142
math.AP,1999,1,27,27,198
math.AP,1999,2,25,25,350
math.AP,1999,3,27,27,362
math.AP,1999,4,49,49,579
math.AP,2000,1,33,32,318
math.AP,2000,2,41,40,392
math.AP,2000,3,29,28,238
math.AP,2000,4,53,52,1030
math.AP,2001,1,38,37,853
math.AP,2001,2,53,53,526
math.AP,2001,3,45,45,553
math.AP,2001,4,52,52,632
math.AP,2002,1,60,60,574
math.AP,2002,2,52,52,234
math.AP,2002,3,51,50,471
math.AP,2002,4,81,81,793
math.AP,2003,1,107,106,1025
math.AP,2003,2,91,88,1231
math.AP,2003,3,86,84,1828
math.AP,2003,4,95,95,955
math.AP,2004,1,83,82,798
math.AP,2004,2,98,97,760
math.AP,2004,3,105,104,1457
math.AP,2004,4,130,128,1256
math.AP,2005,1,120,116,1240
math.AP,2005,2,126,124,983
math.AP,2005,3,126,123,926
math.AP,2005,4,149,146,1592
math.AP,2006,1,162,158,1781
math.AP,2006,2,153,151,2000
math.AP,2006,3,259,258,6024
math.AP,2006,4,257,256,2519
math.AP,2007,1,265,260,5403
math.AP,2007,2,257,245,2647
math.AP,2007,3,227,219,3937
math.AP,2007,4,316,304,3440
math.AP,2008,1,279,261,4166
math.AP,2008,2,316,300,3926
math.AP,2008,3,265,250,3401
math.AP,2008,4,373,351,3864
math.AP,2009,1,359,339,4079
math.AP,2009,2,394,379,6227
math.AP,2009,3,349,331,4158
math.AP,2009,4,431,404,4301
math.AP,2010,1,390,366,4624
math.AP,2010,2,390,365,4932
math.AP,2010,3,491,455,5331
math.AP,2010,4,540,493,5868
math.AP,2011,1,475,445,4803
math.AP,2011,2,512,484,5864
math.AP,2011,3,503,455,5139
math.AP,2011,4,568,538,6168
math.AP,2012,1,587,554,6496
math.AP,2012,2,608,558,6417
math.AP,2012,3,567,525,6759
math.AP,2012,4,738,684,6677
math.AP,2013,1,691,646,7574
math.AP,2013,2,650,584,5865
math.AP,2013,3,669,608,5264
math.AP,2013,4,807,735,6627
math.AP,2014,1,762,702,6882
math.AP,2014,2,700,632,6092
math.AP,2014,3,773,705,6158
math.AP,2014,4,848,760,5502
math.AP,2015,1,839,746,6587
math.AP,2015,2,864,766,7059
math.AP,2015,3,880,771,6236
math.AP,2015,4,904,794,5241
math.AP,2016,1,857,765,6589
math.AP,2016,2,884,749,5893
math.AP,2016,3,833,738,6485
math.AP,2016,4,932,847,5158
math.AP,2017,1,972,920,5945
math.AP,2017,2,972,869,6552
math.AP,2017,3,989,850,7474
math.AP,2017,4,1079,956,7039
math.AP,2018,1,1050,913,6092
math.AP,2018,2,1052,913,5378
math.AP,2018,3,1009,884,5770
math.AP,2018,4,1194,1045,5862
math.AP,2019,1,1157,1016,5604
math.AP,2019,2,1161,1028,5522
math.AP,2019,3,1080,961,6487
math.AP,2019,4,1240,1097,4659
math.AP,2020,1,1182,1034,4618
math.AP,2020,2,1365,1201,5433
math.AP,2020,3,1217,1111,3743
math.AP,2020,4,1279,1168,3340
math.AP,2021,1,1193,1108,2834
math.AP,2021,2,1252,1156,3276
math.AP,2021,3,1277,1221,2417
math.AP,2021,4,1281,1249,1848
math.AP,2022,1,1293,1257,1146
math.AP,2022,2,1224,1203,958
math.AP,2022,3,1185,1167,561
math.AP,2022,4,1303,1282,675
math.AP,2023,1,1209,1171,514
math.AP,2023,2,1351,1320,517
math.AP,2023,3,1286,1269,481
math.AP,2023,4,1409,1378,392
math.AP,2024,1,1412,1338,510
math.AP,2024,2,1401,1313,271
math.AP,2024,3,1441,1334,305
math.AP,2024,4,1515,1423,145
math.AP,2025,1,1442,1113,121
math.AP,2025,2,1465,1196,321
math.AP,2025,3,1537,1023,231
math.AP,2025,4,1672,1440,57
math.AP,2026,1,1751,1746,16
math.AP,2026,2,1882,1736,19
math.AP,2026,3,373,0,0
math.AT,1992,2,1,1,4
math.AT,1992,3,1,1,2
math.AT,1993,1,2,2,17
math.AT,1993,4,1,0,0
math.AT,1994,1,1,1,0
math.AT,1994,3,2,2,238
math.AT,1995,1,4,4,6
math.AT,1995,3,2,2,0
math.AT,1995,4,4,4,0
math.AT,1997,1,2,1,0
math.AT,1997,2,2,2,2
math.AT,1997,3,3,3,2
math.AT,1997,4,3,3,6
math.AT,1998,1,15,15,609
math.AT,1998,2,14,14,173
math.AT,1998,3,15,15,171
math.AT,1998,4,33,33,186
math.AT,1999,1,17,17,203
math.AT,1999,2,24,24,116
math.AT,1999,3,24,24,80
math.AT,1999,4,46,46,378
math.AT,2000,1,26,25,317
math.AT,2000,2,26,26,119
math.AT,2000,3,35,34,103
math.AT,2000,4,49,48,453
math.AT,2001,1,38,37,597
math.AT,2001,2,52,51,229
math.AT,2001,3,40,40,494
math.AT,2001,4,64,64,232
math.AT,2002,1,56,55,398
math.AT,2002,2,47,47,266
math.AT,2002,3,51,51,487
math.AT,2002,4,64,62,465
math.AT,2003,1,67,67,450
math.AT,2003,2,79,76,407
math.AT,2003,3,61,59,464
math.AT,2003,4,56,55,734
math.AT,2004,1,69,69,611
math.AT,2004,2,70,70,862
math.AT,2004,3,62,62,411
math.AT,2004,4,70,70,671
math.AT,2005,1,76,76,1077
math.AT,2005,2,79,78,440
math.AT,2005,3,88,85,335
math.AT,2005,4,76,75,752
math.AT,2006,1,73,71,614
math.AT,2006,2,108,106,738
math.AT,2006,3,105,105,1806
math.AT,2006,4,103,103,807
math.AT,2007,1,81,80,890
math.AT,2007,2,94,89,768
math.AT,2007,3,113,111,1245
math.AT,2007,4,144,139,1480
math.AT,2008,1,84,83,653
math.AT,2008,2,93,90,389
math.AT,2008,3,120,113,877
math.AT,2008,4,123,116,850
math.AT,2009,1,165,162,1418
math.AT,2009,2,129,123,1000
math.AT,2009,3,131,123,964
math.AT,2009,4,131,117,939
math.AT,2010,1,134,115,919
math.AT,2010,2,128,113,710
math.AT,2010,3,115,98,809
math.AT,2010,4,149,134,687
math.AT,2011,1,141,116,697
math.AT,2011,2,129,119,851
math.AT,2011,3,149,138,1234
math.AT,2011,4,176,152,1380
math.AT,2012,1,142,123,1066
math.AT,2012,2,145,138,1442
math.AT,2012,3,174,158,1824
math.AT,2012,4,164,143,1504
math.AT,2013,1,156,132,1039
math.AT,2013,2,170,150,916
math.AT,2013,3,170,140,917
math.AT,2013,4,186,154,1231
math.AT,2014,1,169,154,1162
math.AT,2014,2,164,142,1009
math.AT,2014,3,173,144,1046
math.AT,2014,4,195,170,1855
math.AT,2015,1,199,173,1239
math.AT,2015,2,182,155,1879
math.AT,2015,3,189,161,1689
math.AT,2015,4,206,167,1204
math.AT,2016,1,196,167,1033
math.AT,2016,2,167,132,1084
math.AT,2016,3,204,164,851
math.AT,2016,4,205,176,910
math.AT,2017,1,199,169,746
math.AT,2017,2,205,182,1028
math.AT,2017,3,212,165,1144
math.AT,2017,4,253,207,1502
math.AT,2018,1,217,178,1427
math.AT,2018,2,179,151,795
math.AT,2018,3,240,203,939
math.AT,2018,4,279,232,1370
math.AT,2019,1,198,159,562
math.AT,2019,2,258,220,1558
math.AT,2019,3,255,214,1414
math.AT,2019,4,283,240,954
math.AT,2020,1,258,226,502
math.AT,2020,2,259,229,670
math.AT,2020,3,254,233,562
math.AT,2020,4,277,256,630
math.AT,2021,1,231,211,303
math.AT,2021,2,261,242,401
math.AT,2021,3,254,241,315
math.AT,2021,4,263,255,466
math.AT,2022,1,262,250,148
math.AT,2022,2,238,229,158
math.AT,2022,3,272,266,172
math.AT,2022,4,277,267,111
math.AT,2023,1,274,261,109
math.AT,2023,2,266,260,121
math.AT,2023,3,268,264,149
math.AT,2023,4,326,317,70
math.AT,2024,1,249,238,46
math.AT,2024,2,289,279,59
math.AT,2024,3,257,239,33
math.AT,2024,4,316,290,22
math.AT,2025,1,237,184,12
math.AT,2025,2,287,231,57
math.AT,2025,3,301,207,1
math.AT,2025,4,340,280,9
math.AT,2026,1,327,325,0
math.AT,2026,2,346,320,0
math.AT,2026,3,63,0,0
math.CA,1992,1,1,1,0
math.CA,1992,2,1,1,0
math.CA,1992,3,3,3,162
math.CA,1992,4,2,2,0
math.CA,1993,1,3,3,14
math.CA,1993,2,2,2,1
math.CA,1993,3,26,26,161
math.CA,1993,4,14,14,79
math.CA,1994,1,9,9,39
math.CA,1994,2,19,19,53
math.CA,1994,3,12,12,402
math.CA,1994,4,15,14,45
math.CA,1995,1,12,12,83
math.CA,1995,2,9,9,154
math.CA,1995,3,4,4,378
math.CA,1995,4,10,10,10
math.CA,1996,1,8,8,1299
math.CA,1996,2,2,2,87
math.CA,1996,3,3,3,65
math.CA,1996,4,7,7,22
math.CA,1997,1,5,4,2
math.CA,1997,2,3,3,12
math.CA,1997,3,4,4,42
math.CA,1997,4,4,4,75
math.CA,1998,1,10,10,172
math.CA,1998,2,17,17,274
math.CA,1998,3,13,13,134
math.CA,1998,4,16,16,106
math.CA,1999,1,13,13,280
math.CA,1999,2,16,15,61
math.CA,1999,3,31,31,358
math.CA,1999,4,26,26,102
math.CA,2000,1,16,16,135
math.CA,2000,2,25,25,70
math.CA,2000,3,33,32,339
math.CA,2000,4,33,33,365
math.CA,2001,1,48,48,506
math.CA,2001,2,28,27,124
math.CA,2001,3,34,34,237
math.CA,2001,4,29,29,1135
math.CA,2002,1,41,40,342
math.CA,2002,2,59,56,516
math.CA,2002,3,29,29,243
math.CA,2002,4,59,59,218
math.CA,2003,1,58,57,608
math.CA,2003,2,71,70,519
math.CA,2003,3,74,68,477
math.CA,2003,4,96,96,495
math.CA,2004,1,72,63,281
math.CA,2004,2,71,69,998
math.CA,2004,3,68,68,854
math.CA,2004,4,75,74,557
math.CA,2005,1,75,75,541
math.CA,2005,2,86,81,605
math.CA,2005,3,75,75,726
math.CA,2005,4,102,102,629
math.CA,2006,1,96,93,666
math.CA,2006,2,87,87,1132
math.CA,2006,3,96,96,529
math.CA,2006,4,117,117,1103
math.CA,2007,1,145,141,1127
math.CA,2007,2,154,144,1212
math.CA,2007,3,152,147,1030
math.CA,2007,4,160,154,1493
math.CA,2008,1,127,123,1302
math.CA,2008,2,155,150,1188
math.CA,2008,3,157,152,1829
math.CA,2008,4,141,136,1469
math.CA,2009,1,191,182,1672
math.CA,2009,2,167,163,1879
math.CA,2009,3,128,125,1077
math.CA,2009,4,157,147,1671
math.CA,2010,1,199,185,1695
math.CA,2010,2,185,172,1492
math.CA,2010,3,187,177,1356
math.CA,2010,4,230,207,4477
math.CA,2011,1,189,175,2022
math.CA,2011,2,231,215,3219
math.CA,2011,3,218,205,1498
math.CA,2011,4,243,221,1401
math.CA,2012,1,269,259,2096
math.CA,2012,2,255,236,1537
math.CA,2012,3,257,243,1736
math.CA,2012,4,300,275,2020
math.CA,2013,1,288,272,2118
math.CA,2013,2,262,240,1656
math.CA,2013,3,289,258,1673
math.CA,2013,4,321,296,1726
math.CA,2014,1,277,257,1832
math.CA,2014,2,283,263,1909
math.CA,2014,3,301,267,1717
math.CA,2014,4,315,278,1697
math.CA,2015,1,319,284,2014
math.CA,2015,2,359,328,1977
math.CA,2015,3,386,339,2010
math.CA,2015,4,340,295,2142
math.CA,2016,1,378,326,1924
math.CA,2016,2,348,280,1314
math.CA,2016,3,377,337,3016
math.CA,2016,4,361,327,1611
math.CA,2017,1,371,349,2054
math.CA,2017,2,368,322,1546
math.CA,2017,3,328,271,1356
math.CA,2017,4,394,340,2086
math.CA,2018,1,360,320,2114
math.CA,2018,2,342,295,1954
math.CA,2018,3,322,275,1256
math.CA,2018,4,379,325,1442
math.CA,2019,1,339,273,1030
math.CA,2019,2,335,277,880
math.CA,2019,3,358,295,897
math.CA,2019,4,351,282,787
math.CA,2020,1,339,288,1016
math.CA,2020,2,391,337,1067
math.CA,2020,3,360,312,768
math.CA,2020,4,369,309,766
math.CA,2021,1,308,286,934
math.CA,2021,2,308,288,511
math.CA,2021,3,351,331,567
math.CA,2021,4,328,312,277
math.CA,2022,1,356,348,298
math.CA,2022,2,313,306,205
math.CA,2022,3,308,307,106
math.CA,2022,4,343,338,80
math.CA,2023,1,297,297,89
math.CA,2023,2,335,331,62
math.CA,2023,3,351,344,67
math.CA,2023,4,347,341,51
math.CA,2024,1,340,331,113
math.CA,2024,2,330,316,41
math.CA,2024,3,345,317,28
math.CA,2024,4,405,387,42
math.CA,2025,1,387,318,105
math.CA,2025,2,327,279,33
math.CA,2025,3,388,243,9
math.CA,2025,4,341,285,5
math.CA,2026,1,341,341,1
math.CA,2026,2,444,393,4
math.CA,2026,3,88,0,0
math.CO,1990,1,1,1,0
math.CO,1991,2,1,1,285
math.CO,1992,2,2,2,1
math.CO,1992,3,2,2,2
math.CO,1992,4,3,3,5
math.CO,1993,1,2,2,6
math.CO,1993,2,4,4,49
math.CO,1993,3,5,5,1
math.CO,1993,4,4,4,11
math.CO,1994,1,2,2,2
math.CO,1994,2,5,5,5
math.CO,1994,3,17,16,101
math.CO,1994,4,18,18,88
math.CO,1995,1,28,28,47
math.CO,1995,2,9,9,35
math.CO,1995,3,8,8,164
math.CO,1995,4,3,3,3
math.CO,1996,1,1,1,1
math.CO,1996,2,4,4,86
math.CO,1996,3,2,2,3
math.CO,1996,4,6,5,102
math.CO,1997,1,10,10,79
math.CO,1997,2,14,13,51
math.CO,1997,3,10,9,173
math.CO,1997,4,37,37,891
math.CO,1998,1,41,40,582
math.CO,1998,2,44,43,236
math.CO,1998,3,54,54,345
math.CO,1998,4,54,54,493
math.CO,1999,1,42,42,1341
math.CO,1999,2,49,49,484
math.CO,1999,3,55,54,987
math.CO,1999,4,67,64,1137
math.CO,2000,1,64,62,464
math.CO,2000,2,65,64,739
math.CO,2000,3,69,69,1000
math.CO,2000,4,102,101,980
math.CO,2001,1,59,58,951
math.CO,2001,2,74,74,669
math.CO,2001,3,66,63,350
math.CO,2001,4,109,108,543
math.CO,2002,1,89,89,1011
math.CO,2002,2,82,80,660
math.CO,2002,3,125,123,2056
math.CO,2002,4,145,144,988
math.CO,2003,1,116,115,779
math.CO,2003,2,153,150,1008
math.CO,2003,3,140,139,1357
math.CO,2003,4,181,178,1686
math.CO,2004,1,185,184,1692
math.CO,2004,2,202,200,1536
math.CO,2004,3,199,196,1668
math.CO,2004,4,201,196,1557
math.CO,2005,1,200,200,2330
math.CO,2005,2,208,205,2217
math.CO,2005,3,258,256,2818
math.CO,2005,4,253,252,1926
math.CO,2006,1,257,249,1860
math.CO,2006,2,264,260,2101
math.CO,2006,3,329,326,2978
math.CO,2006,4,287,284,1853
math.CO,2007,1,290,284,1903
math.CO,2007,2,292,279,2186
math.CO,2007,3,312,305,1636
math.CO,2007,4,405,383,3102
math.CO,2008,1,333,314,2746
math.CO,2008,2,405,392,2669
math.CO,2008,3,311,297,2375
math.CO,2008,4,370,353,2826
math.CO,2009,1,387,371,2146
math.CO,2009,2,436,410,2429
math.CO,2009,3,446,433,3037
math.CO,2009,4,461,435,3332
math.CO,2010,1,450,416,2525
math.CO,2010,2,467,420,2445
math.CO,2010,3,515,474,2788
math.CO,2010,4,542,495,3076
math.CO,2011,1,562,505,4255
math.CO,2011,2,572,533,3584
math.CO,2011,3,585,531,3049
math.CO,2011,4,642,585,3427
math.CO,2012,1,721,653,3090
math.CO,2012,2,641,585,4236
math.CO,2012,3,644,571,3223
math.CO,2012,4,800,721,4513
math.CO,2013,1,746,682,3874
math.CO,2013,2,750,676,3283
math.CO,2013,3,806,703,3815
math.CO,2013,4,829,738,3553
math.CO,2014,1,844,738,3787
math.CO,2014,2,806,704,3704
math.CO,2014,3,840,724,3904
math.CO,2014,4,814,688,2903
math.CO,2015,1,825,665,3483
math.CO,2015,2,828,677,3520
math.CO,2015,3,915,713,3053
math.CO,2015,4,906,685,3300
math.CO,2016,1,937,732,3688
math.CO,2016,2,906,684,3251
math.CO,2016,3,933,695,2722
math.CO,2016,4,956,806,2966
math.CO,2017,1,965,841,2905
math.CO,2017,2,962,763,3045
math.CO,2017,3,1020,773,2920
math.CO,2017,4,1031,776,3151
math.CO,2018,1,979,734,2677
math.CO,2018,2,1070,823,2810
math.CO,2018,3,1135,886,2596
math.CO,2018,4,1057,801,1943
math.CO,2019,1,1006,764,2508
math.CO,2019,2,1125,833,2179
math.CO,2019,3,1279,1005,2429
math.CO,2019,4,1267,985,2631
math.CO,2020,1,1140,913,1886
math.CO,2020,2,1265,1013,1886
math.CO,2020,3,1291,1074,1880
math.CO,2020,4,1210,1004,1702
math.CO,2021,1,1131,980,1340
math.CO,2021,2,1234,1116,1660
math.CO,2021,3,1191,1096,951
math.CO,2021,4,1329,1248,796
math.CO,2022,1,1191,1137,579
math.CO,2022,2,1210,1156,491
math.CO,2022,3,1279,1249,587
math.CO,2022,4,1365,1329,576
math.CO,2023,1,1219,1187,409
math.CO,2023,2,1269,1222,392
math.CO,2023,3,1352,1318,303
math.CO,2023,4,1434,1387,277
math.CO,2024,1,1406,1328,305
math.CO,2024,2,1391,1318,179
math.CO,2024,3,1485,1365,152
math.CO,2024,4,1574,1482,98
math.CO,2025,1,1418,1089,63
math.CO,2025,2,1394,1104,37
math.CO,2025,3,1735,1119,16
math.CO,2025,4,1719,1480,9
math.CO,2026,1,1714,1712,22
math.CO,2026,2,2281,2088,14
math.CO,2026,3,530,0,0
math.CT,1995,1,2,2,316
math.CT,1997,3,1,0,0
math.CT,1998,1,3,3,12
math.CT,1998,2,5,5,23
math.CT,1998,3,5,5,85
math.CT,1998,4,13,13,129
math.CT,1999,1,11,10,114
math.CT,1999,2,14,14,52
math.CT,1999,3,4,4,25
math.CT,1999,4,12,12,80
math.CT,2000,1,9,9,153
math.CT,2000,2,13,13,50
math.CT,2000,3,21,20,336
math.CT,2000,4,8,8,35
math.CT,2001,1,6,6,262
math.CT,2001,2,20,20,92
math.CT,2001,3,7,7,102
math.CT,2001,4,17,17,254
math.CT,2002,1,9,9,165
math.CT,2002,2,12,12,642
math.CT,2002,3,12,12,21
math.CT,2002,4,24,24,267
math.CT,2003,1,17,17,531
math.CT,2003,2,33,32,357
math.CT,2003,3,20,20,477
math.CT,2003,4,18,18,125
math.CT,2004,1,33,33,414
math.CT,2004,2,26,26,134
math.CT,2004,3,29,29,360
math.CT,2004,4,29,28,641
math.CT,2005,1,32,32,631
math.CT,2005,2,35,35,308
math.CT,2005,3,28,28,120
math.CT,2005,4,33,32,625
math.CT,2006,1,30,29,185
math.CT,2006,2,40,39,323
math.CT,2006,3,43,43,1752
math.CT,2006,4,52,50,1037
math.CT,2007,1,43,43,822
math.CT,2007,2,30,30,367
math.CT,2007,3,50,49,679
math.CT,2007,4,58,56,645
math.CT,2008,1,56,53,362
math.CT,2008,2,42,41,455
math.CT,2008,3,67,59,729
math.CT,2008,4,58,54,1443
math.CT,2009,1,66,62,1145
math.CT,2009,2,65,61,1342
math.CT,2009,3,68,64,1280
math.CT,2009,4,71,65,694
math.CT,2010,1,63,52,1133
math.CT,2010,2,67,58,673
math.CT,2010,3,58,53,564
math.CT,2010,4,69,64,572
math.CT,2011,1,75,68,1423
math.CT,2011,2,60,57,1018
math.CT,2011,3,72,69,656
math.CT,2011,4,100,90,923
math.CT,2012,1,91,79,1076
math.CT,2012,2,78,72,829
math.CT,2012,3,92,81,748
math.CT,2012,4,82,67,813
math.CT,2013,1,79,69,845
math.CT,2013,2,100,89,562
math.CT,2013,3,84,74,420
math.CT,2013,4,80,70,791
math.CT,2014,1,90,81,817
math.CT,2014,2,103,91,843
math.CT,2014,3,112,102,929
math.CT,2014,4,100,85,988
math.CT,2015,1,115,95,816
math.CT,2015,2,104,87,776
math.CT,2015,3,97,87,1002
math.CT,2015,4,133,111,825
math.CT,2016,1,118,99,759
math.CT,2016,2,103,82,488
math.CT,2016,3,97,78,339
math.CT,2016,4,110,98,647
math.CT,2017,1,116,104,611
math.CT,2017,2,101,91,1037
math.CT,2017,3,113,91,610
math.CT,2017,4,116,93,411
math.CT,2018,1,113,95,478
math.CT,2018,2,115,99,524
math.CT,2018,3,127,107,499
math.CT,2018,4,125,111,298
math.CT,2019,1,129,96,351
math.CT,2019,2,147,132,527
math.CT,2019,3,138,126,515
math.CT,2019,4,163,141,468
math.CT,2020,1,147,123,632
math.CT,2020,2,193,175,544
math.CT,2020,3,134,122,303
math.CT,2020,4,164,147,310
math.CT,2021,1,167,151,299
math.CT,2021,2,175,162,357
math.CT,2021,3,160,146,212
math.CT,2021,4,155,151,292
math.CT,2022,1,157,153,100
math.CT,2022,2,184,183,139
math.CT,2022,3,181,177,139
math.CT,2022,4,174,167,187
math.CT,2023,1,197,188,73
math.CT,2023,2,193,189,172
math.CT,2023,3,169,168,108
math.CT,2023,4,181,179,75
math.CT,2024,1,189,180,36
math.CT,2024,2,225,212,25
math.CT,2024,3,183,165,24
math.CT,2024,4,211,202,26
math.CT,2025,1,211,157,4
math.CT,2025,2,196,170,2
math.CT,2025,3,189,137,3
math.CT,2025,4,225,185,1
math.CT,2026,1,228,226,0
math.CT,2026,2,268,246,1
math.CT,2026,3,51,0,0
math.CV,1990,2,1,1,494
math.CV,1992,1,5,5,3
math.CV,1992,2,6,6,11
math.CV,1992,3,4,4,3
math.CV,1992,4,3,3,0
math.CV,1993,3,3,3,0
math.CV,1993,4,4,4,428
math.CV,1994,1,4,4,2
math.CV,1994,2,3,3,0
math.CV,1994,3,1,1,0
math.CV,1994,4,6,6,1
math.CV,1995,1,4,4,19
math.CV,1995,2,11,10,58
math.CV,1995,3,3,3,12
math.CV,1995,4,14,14,22
math.CV,1996,1,11,10,14
math.CV,1996,2,14,14,36
math.CV,1996,3,7,7,1
math.CV,1996,4,11,11,25
math.CV,1997,1,6,6,43
math.CV,1997,2,11,11,63
math.CV,1997,3,3,3,1
math.CV,1997,4,8,8,56
math.CV,1998,1,17,17,339
math.CV,1998,2,28,28,55
math.CV,1998,3,13,13,46
math.CV,1998,4,18,18,106
math.CV,1999,1,28,28,167
math.CV,1999,2,26,26,352
math.CV,1999,3,17,17,25
math.CV,1999,4,28,28,140
math.CV,2000,1,34,33,126
math.CV,2000,2,21,21,350
math.CV,2000,3,34,34,70
math.CV,2000,4,29,29,274
math.CV,2001,1,37,37,199
math.CV,2001,2,25,25,151
math.CV,2001,3,45,45,392
math.CV,2001,4,35,35,325
math.CV,2002,1,40,39,246
math.CV,2002,2,41,40,199
math.CV,2002,3,41,40,344
math.CV,2002,4,49,49,529
math.CV,2003,1,41,41,218
math.CV,2003,2,47,47,212
math.CV,2003,3,35,35,194
math.CV,2003,4,68,66,521
math.CV,2004,1,79,77,374
math.CV,2004,2,67,65,236
math.CV,2004,3,63,62,168
math.CV,2004,4,82,81,394
math.CV,2005,1,72,72,677
math.CV,2005,2,90,86,1043
math.CV,2005,3,88,87,361
math.CV,2005,4,97,96,455
math.CV,2006,1,90,89,297
math.CV,2006,2,71,69,295
math.CV,2006,3,102,102,371
math.CV,2006,4,107,105,520
math.CV,2007,1,136,135,725
math.CV,2007,2,110,104,420
math.CV,2007,3,126,123,748
math.CV,2007,4,158,155,657
math.CV,2008,1,129,120,597
math.CV,2008,2,133,126,1795
math.CV,2008,3,111,103,556
math.CV,2008,4,145,138,759
math.CV,2009,1,132,127,609
math.CV,2009,2,128,119,1248
math.CV,2009,3,122,118,967
math.CV,2009,4,171,166,981
math.CV,2010,1,165,150,907
math.CV,2010,2,148,134,664
math.CV,2010,3,154,135,1198
math.CV,2010,4,186,166,760
math.CV,2011,1,166,149,511
math.CV,2011,2,178,170,1140
math.CV,2011,3,165,148,1013
math.CV,2011,4,165,146,813
math.CV,2012,1,196,179,784
math.CV,2012,2,140,129,549
math.CV,2012,3,178,167,949
math.CV,2012,4,182,166,825
math.CV,2013,1,211,195,998
math.CV,2013,2,184,167,876
math.CV,2013,3,195,166,540
math.CV,2013,4,202,183,971
math.CV,2014,1,230,199,1332
math.CV,2014,2,208,190,628
math.CV,2014,3,174,152,535
math.CV,2014,4,248,216,1039
math.CV,2015,1,264,234,1000
math.CV,2015,2,222,194,796
math.CV,2015,3,207,180,962
math.CV,2015,4,200,164,593
math.CV,2016,1,256,213,875
math.CV,2016,2,233,189,739
math.CV,2016,3,214,177,550
math.CV,2016,4,265,239,1188
math.CV,2017,1,258,223,774
math.CV,2017,2,233,201,559
math.CV,2017,3,232,193,528
math.CV,2017,4,265,212,620
math.CV,2018,1,213,178,594
math.CV,2018,2,257,208,666
math.CV,2018,3,248,216,867
math.CV,2018,4,266,211,496
math.CV,2019,1,245,202,495
math.CV,2019,2,255,209,397
math.CV,2019,3,276,228,587
math.CV,2019,4,269,221,507
math.CV,2020,1,254,227,663
math.CV,2020,2,318,259,500
math.CV,2020,3,316,281,566
math.CV,2020,4,292,244,334
math.CV,2021,1,260,221,349
math.CV,2021,2,278,258,233
math.CV,2021,3,265,255,282
math.CV,2021,4,278,266,202
math.CV,2022,1,240,237,76
math.CV,2022,2,237,232,96
math.CV,2022,3,279,278,87
math.CV,2022,4,290,285,68
math.CV,2023,1,221,217,35
math.CV,2023,2,255,248,55
math.CV,2023,3,281,274,42
math.CV,2023,4,285,279,46
math.CV,2024,1,261,250,99
math.CV,2024,2,300,279,20
math.CV,2024,3,308,293,34
math.CV,2024,4,282,274,15
math.CV,2025,1,279,211,7
math.CV,2025,2,295,235,15
math.CV,2025,3,299,175,14
math.CV,2025,4,359,313,0
math.CV,2026,1,323,322,4
math.CV,2026,2,394,370,1
math.CV,2026,3,66,0,0
math.DG,1990,4,1,1,1
math.DG,1991,4,2,2,39
math.DG,1992,1,9,9,2
math.DG,1992,2,4,4,1
math.DG,1992,3,4,4,3
math.DG,1992,4,7,7,179
math.DG,1993,1,5,5,10
math.DG,1993,2,5,5,66
math.DG,1993,3,4,4,2
math.DG,1993,4,8,8,227
math.DG,1994,1,4,4,210
math.DG,1994,2,15,15,261
math.DG,1994,3,36,36,573
math.DG,1994,4,37,37,447
math.DG,1995,1,48,48,618
math.DG,1995,2,30,30,394
math.DG,1995,3,38,37,464
math.DG,1995,4,48,47,416
math.DG,1996,1,56,55,557
math.DG,1996,2,46,44,734
math.DG,1996,3,49,49,263
math.DG,1996,4,79,78,824
math.DG,1997,1,76,74,802
math.DG,1997,2,58,57,655
math.DG,1997,3,80,79,1024
math.DG,1997,4,103,103,1125
math.DG,1998,1,76,76,1305
math.DG,1998,2,79,79,935
math.DG,1998,3,97,97,1915
math.DG,1998,4,91,90,658
math.DG,1999,1,110,110,913
math.DG,1999,2,92,91,900
math.DG,1999,3,100,99,1453
math.DG,1999,4,118,116,1730
math.DG,2000,1,130,128,3253
math.DG,2000,2,118,117,2118
math.DG,2000,3,115,114,924
math.DG,2000,4,131,131,1279
math.DG,2001,1,108,106,1167
math.DG,2001,2,146,145,1385
math.DG,2001,3,105,104,1588
math.DG,2001,4,174,172,2232
math.DG,2002,1,167,166,3252
math.DG,2002,2,154,154,1834
math.DG,2002,3,132,131,964
math.DG,2002,4,197,196,2695
math.DG,2003,1,171,170,3005
math.DG,2003,2,196,194,2721
math.DG,2003,3,146,144,2265
math.DG,2003,4,212,211,2447
math.DG,2004,1,204,201,2768
math.DG,2004,2,242,237,4360
math.DG,2004,3,205,202,2645
math.DG,2004,4,218,218,2584
math.DG,2005,1,204,203,1941
math.DG,2005,2,261,255,3119
math.DG,2005,3,195,189,2060
math.DG,2005,4,229,226,2980
math.DG,2006,1,236,236,2346
math.DG,2006,2,288,284,3080
math.DG,2006,3,263,260,1970
math.DG,2006,4,326,319,2298
math.DG,2007,1,314,308,3579
math.DG,2007,2,277,264,2484
math.DG,2007,3,315,303,2768
math.DG,2007,4,352,345,2370
math.DG,2008,1,296,289,3187
math.DG,2008,2,354,346,3339
math.DG,2008,3,324,316,2984
math.DG,2008,4,357,342,2708
math.DG,2009,1,331,325,2586
math.DG,2009,2,356,345,2745
math.DG,2009,3,366,355,3862
math.DG,2009,4,406,382,2990
math.DG,2010,1,388,366,3180
math.DG,2010,2,346,314,2530
math.DG,2010,3,358,320,2341
math.DG,2010,4,451,416,2484
math.DG,2011,1,369,345,2722
math.DG,2011,2,409,376,3048
math.DG,2011,3,432,382,3458
math.DG,2011,4,474,418,3403
math.DG,2012,1,423,394,2997
math.DG,2012,2,482,428,3304
math.DG,2012,3,444,393,3648
math.DG,2012,4,526,486,4637
math.DG,2013,1,497,455,2818
math.DG,2013,2,468,422,3683
math.DG,2013,3,446,404,2381
math.DG,2013,4,555,502,3094
math.DG,2014,1,466,416,2723
math.DG,2014,2,466,413,2869
math.DG,2014,3,490,440,2892
math.DG,2014,4,593,514,3687
math.DG,2015,1,563,482,2748
math.DG,2015,2,544,463,3141
math.DG,2015,3,488,399,2919
math.DG,2015,4,546,466,2725
math.DG,2016,1,494,410,2762
math.DG,2016,2,544,456,2504
math.DG,2016,3,487,403,2026
math.DG,2016,4,551,495,2600
math.DG,2017,1,535,496,2076
math.DG,2017,2,521,448,2261
math.DG,2017,3,549,459,1876
math.DG,2017,4,598,529,2707
math.DG,2018,1,545,472,2164
math.DG,2018,2,548,464,1990
math.DG,2018,3,548,486,2166
math.DG,2018,4,591,499,1797
math.DG,2019,1,566,492,1764
math.DG,2019,2,556,487,1657
math.DG,2019,3,586,516,1922
math.DG,2019,4,639,546,1625
math.DG,2020,1,584,517,1678
math.DG,2020,2,596,517,1598
math.DG,2020,3,669,603,1576
math.DG,2020,4,624,573,1213
math.DG,2021,1,573,526,1080
math.DG,2021,2,573,526,1088
math.DG,2021,3,610,577,830
math.DG,2021,4,613,592,685
math.DG,2022,1,575,563,352
math.DG,2022,2,619,605,287
math.DG,2022,3,574,566,275
math.DG,2022,4,631,623,249
math.DG,2023,1,571,562,221
math.DG,2023,2,638,626,230
math.DG,2023,3,648,630,114
math.DG,2023,4,672,657,107
math.DG,2024,1,653,643,251
math.DG,2024,2,699,668,105
math.DG,2024,3,636,602,69
math.DG,2024,4,732,689,43
math.DG,2025,1,670,532,41
math.DG,2025,2,702,570,10
math.DG,2025,3,767,521,39
math.DG,2025,4,848,729,10
math.DG,2026,1,773,771,14
math.DG,2026,2,984,910,7
math.DG,2026,3,157,0,0
math.DS,1990,1,1,1,12
math.DS,1990,2,2,2,620
math.DS,1990,3,2,2,48
math.DS,1990,4,1,1,1
math.DS,1991,1,5,5,46
math.DS,1991,2,7,7,85
math.DS,1991,3,5,5,40
math.DS,1991,4,5,5,4
math.DS,1992,1,5,5,27
math.DS,1992,2,5,5,235
math.DS,1992,3,5,4,28
math.DS,1992,4,6,6,11
math.DS,1993,1,2,2,37
math.DS,1993,2,3,3,13
math.DS,1993,3,4,4,48
math.DS,1993,4,6,6,418
math.DS,1994,1,8,8,147
math.DS,1994,2,6,6,21
math.DS,1994,3,5,5,40
math.DS,1994,4,8,8,41
math.DS,1995,1,10,10,60
math.DS,1995,2,8,8,12
math.DS,1995,3,6,6,19
math.DS,1995,4,6,6,11
math.DS,1996,1,4,3,5
math.DS,1996,2,22,22,227
math.DS,1996,3,6,6,26
math.DS,1996,4,7,7,34
math.DS,1997,1,5,5,47
math.DS,1997,2,2,2,31
math.DS,1997,3,9,9,62
math.DS,1997,4,11,11,143
math.DS,1998,1,9,9,583
math.DS,1998,2,25,25,1021
math.DS,1998,3,14,14,712
math.DS,1998,4,26,26,767
math.DS,1999,1,43,43,210
math.DS,1999,2,46,45,304
math.DS,1999,3,45,45,223
math.DS,1999,4,37,36,215
math.DS,2000,1,28,28,372
math.DS,2000,2,46,46,590
math.DS,2000,3,51,51,500
math.DS,2000,4,47,47,398
math.DS,2001,1,47,47,235
math.DS,2001,2,60,60,734
math.DS,2001,3,42,42,290
math.DS,2001,4,61,61,728
math.DS,2002,1,62,59,701
math.DS,2002,2,77,77,485
math.DS,2002,3,53,53,795
math.DS,2002,4,76,75,462
math.DS,2003,1,92,91,909
math.DS,2003,2,93,93,760
math.DS,2003,3,82,80,954
math.DS,2003,4,88,87,577
math.DS,2004,1,74,71,409
math.DS,2004,2,115,115,521
math.DS,2004,3,128,126,923
math.DS,2004,4,111,110,647
math.DS,2005,1,137,137,1550
math.DS,2005,2,124,124,1162
math.DS,2005,3,113,110,824
math.DS,2005,4,128,125,1338
math.DS,2006,1,157,156,1426
math.DS,2006,2,132,129,1351
math.DS,2006,3,167,166,1271
math.DS,2006,4,148,146,1314
math.DS,2007,1,157,155,1425
math.DS,2007,2,172,157,1876
math.DS,2007,3,193,187,2064
math.DS,2007,4,205,196,1446
math.DS,2008,1,197,184,1947
math.DS,2008,2,195,190,2111
math.DS,2008,3,206,191,1898
math.DS,2008,4,255,234,2421
math.DS,2009,1,262,245,3586
math.DS,2009,2,214,207,2516
math.DS,2009,3,221,212,1760
math.DS,2009,4,273,255,2294
math.DS,2010,1,242,218,1607
math.DS,2010,2,270,245,2489
math.DS,2010,3,248,214,2306
math.DS,2010,4,331,297,3463
math.DS,2011,1,322,290,3806
math.DS,2011,2,341,314,3170
math.DS,2011,3,332,301,3754
math.DS,2011,4,423,383,4123
math.DS,2012,1,409,375,3316
math.DS,2012,2,425,390,4897
math.DS,2012,3,399,363,3946
math.DS,2012,4,399,366,3818
math.DS,2013,1,397,353,3013
math.DS,2013,2,388,335,3925
math.DS,2013,3,411,366,4267
math.DS,2013,4,438,403,3147
math.DS,2014,1,383,351,3353
math.DS,2014,2,454,418,3183
math.DS,2014,3,437,372,4981
math.DS,2014,4,479,418,3397
math.DS,2015,1,506,436,3642
math.DS,2015,2,458,406,3976
math.DS,2015,3,504,415,7451
math.DS,2015,4,519,438,4076
math.DS,2016,1,511,432,3544
math.DS,2016,2,507,435,4029
math.DS,2016,3,476,408,3558
math.DS,2016,4,531,475,3718
math.DS,2017,1,543,488,4018
math.DS,2017,2,526,465,3663
math.DS,2017,3,497,409,2787
math.DS,2017,4,569,475,6094
math.DS,2018,1,564,481,2875
math.DS,2018,2,529,442,2937
math.DS,2018,3,515,435,2993
math.DS,2018,4,572,498,3094
math.DS,2019,1,619,531,3288
math.DS,2019,2,621,536,3101
math.DS,2019,3,644,548,3077
math.DS,2019,4,666,569,3154
math.DS,2020,1,683,605,6663
math.DS,2020,2,770,688,3466
math.DS,2020,3,675,599,3024
math.DS,2020,4,730,658,2422
math.DS,2021,1,715,661,2340
math.DS,2021,2,708,667,2761
math.DS,2021,3,636,610,2020
math.DS,2021,4,732,708,1705
math.DS,2022,1,671,657,1061
math.DS,2022,2,621,612,717
math.DS,2022,3,715,707,659
math.DS,2022,4,648,633,335
math.DS,2023,1,733,719,367
math.DS,2023,2,703,689,295
math.DS,2023,3,721,707,425
math.DS,2023,4,773,751,233
math.DS,2024,1,787,761,617
math.DS,2024,2,735,698,256
math.DS,2024,3,755,706,211
math.DS,2024,4,859,823,223
math.DS,2025,1,694,556,206
math.DS,2025,2,735,594,63
math.DS,2025,3,792,508,188
math.DS,2025,4,930,805,51
math.DS,2026,1,921,917,128
math.DS,2026,2,1022,937,85
math.DS,2026,3,196,0,0
math.FA,1989,4,5,5,20
math.FA,1990,1,4,4,0
math.FA,1990,2,2,2,0
math.FA,1990,3,5,5,88
math.FA,1990,4,2,2,4
math.FA,1991,1,4,4,1
math.FA,1991,2,5,5,33
math.FA,1991,3,3,3,0
math.FA,1991,4,4,4,7
math.FA,1992,1,10,10,164
math.FA,1992,2,18,18,100
math.FA,1992,3,19,19,72
math.FA,1992,4,23,22,58
math.FA,1993,1,25,25,98
math.FA,1993,2,15,14,372
math.FA,1993,3,10,9,397
math.FA,1993,4,22,22,297
math.FA,1994,1,31,31,104
math.FA,1994,2,26,25,80
math.FA,1994,3,10,10,40
math.FA,1994,4,30,30,183
math.FA,1995,1,31,31,344
math.FA,1995,2,10,10,442
math.FA,1995,3,9,9,31
math.FA,1995,4,25,25,254
math.FA,1996,1,28,28,242
math.FA,1996,2,35,35,153
math.FA,1996,3,26,26,276
math.FA,1996,4,23,23,334
math.FA,1997,1,41,40,233
math.FA,1997,2,32,31,568
math.FA,1997,3,33,33,241
math.FA,1997,4,23,20,261
math.FA,1998,1,23,23,261
math.FA,1998,2,27,27,141
math.FA,1998,3,27,26,88
math.FA,1998,4,32,32,134
math.FA,1999,1,21,20,135
math.FA,1999,2,25,24,54
math.FA,1999,3,50,50,314
math.FA,1999,4,45,45,287
math.FA,2000,1,34,33,328
math.FA,2000,2,48,48,251
math.FA,2000,3,46,45,215
math.FA,2000,4,52,52,501
math.FA,2001,1,41,41,148
math.FA,2001,2,57,57,307
math.FA,2001,3,49,49,410
math.FA,2001,4,51,51,261
math.FA,2002,1,65,65,382
math.FA,2002,2,56,56,268
math.FA,2002,3,31,31,128
math.FA,2002,4,67,66,791
math.FA,2003,1,36,36,364
math.FA,2003,2,50,50,128
math.FA,2003,3,69,68,594
math.FA,2003,4,98,96,1423
math.FA,2004,1,75,75,388
math.FA,2004,2,91,91,360
math.FA,2004,3,61,60,1060
math.FA,2004,4,91,91,806
math.FA,2005,1,96,96,686
math.FA,2005,2,98,96,1230
math.FA,2005,3,121,121,681
math.FA,2005,4,135,132,1138
math.FA,2006,1,99,97,423
math.FA,2006,2,100,99,459
math.FA,2006,3,113,111,582
math.FA,2006,4,150,146,982
math.FA,2007,1,142,142,752
math.FA,2007,2,154,148,915
math.FA,2007,3,160,159,1666
math.FA,2007,4,154,150,1046
math.FA,2008,1,173,159,1191
math.FA,2008,2,213,206,2113
math.FA,2008,3,191,184,900
math.FA,2008,4,193,189,1208
math.FA,2009,1,228,223,1380
math.FA,2009,2,218,211,1296
math.FA,2009,3,189,181,1413
math.FA,2009,4,219,209,1393
math.FA,2010,1,255,214,1680
math.FA,2010,2,268,237,1849
math.FA,2010,3,289,251,2172
math.FA,2010,4,260,225,1780
math.FA,2011,1,298,273,1590
math.FA,2011,2,304,277,1661
math.FA,2011,3,301,262,1743
math.FA,2011,4,313,290,2077
math.FA,2012,1,316,288,1640
math.FA,2012,2,317,291,1389
math.FA,2012,3,381,339,2724
math.FA,2012,4,398,362,1778
math.FA,2013,1,384,338,2030
math.FA,2013,2,341,296,1981
math.FA,2013,3,386,336,2235
math.FA,2013,4,358,308,2515
math.FA,2014,1,424,382,1849
math.FA,2014,2,367,318,1821
math.FA,2014,3,371,340,2597
math.FA,2014,4,398,330,1731
math.FA,2015,1,379,304,1351
math.FA,2015,2,422,349,1882
math.FA,2015,3,397,331,1559
math.FA,2015,4,369,297,1451
math.FA,2016,1,427,363,1891
math.FA,2016,2,441,338,1531
math.FA,2016,3,406,330,1744
math.FA,2016,4,459,397,1923
math.FA,2017,1,414,371,1810
math.FA,2017,2,494,412,2160
math.FA,2017,3,424,340,2327
math.FA,2017,4,497,398,1533
math.FA,2018,1,489,380,1502
math.FA,2018,2,502,388,1265
math.FA,2018,3,437,354,1348
math.FA,2018,4,520,421,1204
math.FA,2019,1,538,455,1250
math.FA,2019,2,532,427,1183
math.FA,2019,3,533,427,1221
math.FA,2019,4,584,471,1456
math.FA,2020,1,522,428,930
math.FA,2020,2,622,521,1760
math.FA,2020,3,573,485,1198
math.FA,2020,4,577,494,693
math.FA,2021,1,502,432,697
math.FA,2021,2,530,477,604
math.FA,2021,3,554,516,710
math.FA,2021,4,527,497,566
math.FA,2022,1,549,535,225
math.FA,2022,2,543,532,281
math.FA,2022,3,571,564,394
math.FA,2022,4,538,530,146
math.FA,2023,1,524,519,193
math.FA,2023,2,571,559,135
math.FA,2023,3,520,505,91
math.FA,2023,4,510,498,104
math.FA,2024,1,601,590,274
math.FA,2024,2,608,582,97
math.FA,2024,3,599,567,82
math.FA,2024,4,608,582,2559
math.FA,2025,1,604,469,34
math.FA,2025,2,608,488,27
math.FA,2025,3,679,438,44
math.FA,2025,4,678,575,397
math.FA,2026,1,673,672,12
math.FA,2026,2,815,746,34
math.FA,2026,3,161,0,0
math.GM,1998,3,1,1,0
math.GM,1998,4,1,1,1
math.GM,1999,1,2,2,7
math.GM,1999,3,2,2,0
math.GM,1999,4,3,3,3
math.GM,2000,1,13,13,70
math.GM,2000,2,13,13,13
math.GM,2000,3,6,6,12
math.GM,2000,4,18,18,85
math.GM,2001,1,10,10,106
math.GM,2001,2,13,13,23
math.GM,2001,3,9,8,27
math.GM,2001,4,8,8,6
math.GM,2002,1,14,14,7
math.GM,2002,2,13,13,112
math.GM,2002,3,10,10,12
math.GM,2002,4,28,28,245
math.GM,2003,1,10,10,304
math.GM,2003,2,24,24,102
math.GM,2003,3,27,27,95
math.GM,2003,4,21,21,307
math.GM,2004,1,23,23,92
math.GM,2004,2,25,25,114
math.GM,2004,3,20,19,32
math.GM,2004,4,16,16,136
math.GM,2005,1,61,61,213
math.GM,2005,2,27,27,111
math.GM,2005,3,33,33,194
math.GM,2005,4,32,32,136
math.GM,2006,1,29,29,211
math.GM,2006,2,32,32,182
math.GM,2006,3,54,53,84
math.GM,2006,4,56,54,483
math.GM,2007,1,46,46,291
math.GM,2007,2,52,52,91
math.GM,2007,3,50,50,221
math.GM,2007,4,46,46,175
math.GM,2008,1,65,65,212
math.GM,2008,2,91,90,294
math.GM,2008,3,39,39,64
math.GM,2008,4,30,29,61
math.GM,2009,1,29,29,144
math.GM,2009,2,34,34,57
math.GM,2009,3,30,30,42
math.GM,2009,4,32,31,34
math.GM,2010,1,53,48,50
math.GM,2010,2,32,32,59
math.GM,2010,3,29,29,204
math.GM,2010,4,32,31,59
math.GM,2011,1,36,35,23
math.GM,2011,2,26,26,58
math.GM,2011,3,18,18,31
math.GM,2011,4,26,26,41
math.GM,2012,1,31,31,181
math.GM,2012,2,33,33,85
math.GM,2012,3,24,24,20
math.GM,2012,4,24,22,34
math.GM,2013,1,18,18,11
math.GM,2013,2,19,19,20
math.GM,2013,3,26,26,43
math.GM,2013,4,20,19,46
math.GM,2014,1,31,31,147
math.GM,2014,2,39,38,220
math.GM,2014,3,22,20,169
math.GM,2014,4,34,34,175
math.GM,2015,1,36,35,92
math.GM,2015,2,42,41,90
math.GM,2015,3,35,34,109
math.GM,2015,4,45,43,539
math.GM,2016,1,41,37,109
math.GM,2016,2,42,37,76
math.GM,2016,3,50,48,55
math.GM,2016,4,37,33,38
math.GM,2017,1,45,42,27
math.GM,2017,2,40,40,31
math.GM,2017,3,39,37,34
math.GM,2017,4,38,37,15
math.GM,2018,1,43,41,108
math.GM,2018,2,40,36,43
math.GM,2018,3,38,35,32
math.GM,2018,4,36,34,70
math.GM,2019,1,82,77,113
math.GM,2019,2,70,59,184
math.GM,2019,3,63,59,81
math.GM,2019,4,74,71,162
math.GM,2020,1,81,78,95
math.GM,2020,2,75,72,87
math.GM,2020,3,60,57,117
math.GM,2020,4,67,64,69
math.GM,2021,1,90,87,76
math.GM,2021,2,76,73,30
math.GM,2021,3,63,60,23
math.GM,2021,4,72,71,87
math.GM,2022,1,57,56,15
math.GM,2022,2,78,77,24
math.GM,2022,3,67,67,37
math.GM,2022,4,58,58,45
math.GM,2023,1,72,72,19
math.GM,2023,2,89,89,58
math.GM,2023,3,64,64,14
math.GM,2023,4,95,95,21
math.GM,2024,1,79,79,13
math.GM,2024,2,89,89,15
math.GM,2024,3,63,61,74
math.GM,2024,4,76,72,6
math.GM,2025,1,82,63,5
math.GM,2025,2,107,84,1
math.GM,2025,3,93,65,19
math.GM,2025,4,102,93,4
math.GM,2026,1,150,150,21
math.GM,2026,2,134,115,1
math.GM,2026,3,21,0,0
math.GN,1992,1,2,2,4
math.GN,1992,4,1,1,0
math.GN,1993,1,1,1,0
math.GN,1993,2,1,1,7
math.GN,1993,3,2,2,3
math.GN,1993,4,1,1,3
math.GN,1994,1,2,2,1
math.GN,1994,2,1,1,0
math.GN,1995,3,1,1,0
math.GN,1996,1,1,1,1
math.GN,1996,2,2,2,0
math.GN,1996,3,2,2,1
math.GN,1996,4,1,1,4
math.GN,1997,1,2,2,10
math.GN,1997,2,1,1,0
math.GN,1997,3,1,1,0
math.GN,1997,4,4,4,7
math.GN,1998,1,2,2,0
math.GN,1998,2,4,4,34
math.GN,1998,3,3,3,11
math.GN,1998,4,22,22,65
math.GN,1999,1,7,7,43
math.GN,1999,2,8,8,62
math.GN,1999,3,12,12,140
math.GN,1999,4,6,6,51
math.GN,2000,1,5,5,17
math.GN,2000,2,14,14,140
math.GN,2000,3,6,6,4
math.GN,2000,4,12,12,53
math.GN,2001,1,5,5,6
math.GN,2001,2,9,8,51
math.GN,2001,3,3,2,1
math.GN,2001,4,7,7,30
math.GN,2002,1,14,14,33
math.GN,2002,2,34,34,116
math.GN,2002,3,13,12,93
math.GN,2002,4,18,18,118
math.GN,2003,1,17,17,160
math.GN,2003,2,6,6,29
math.GN,2003,3,8,8,50
math.GN,2003,4,15,15,104
math.GN,2004,1,12,12,47
math.GN,2004,2,16,16,8
math.GN,2004,3,25,25,134
math.GN,2004,4,20,19,131
math.GN,2005,1,32,32,708
math.GN,2005,2,10,10,17
math.GN,2005,3,20,20,116
math.GN,2005,4,24,23,74
math.GN,2006,1,14,14,73
math.GN,2006,2,25,25,100
math.GN,2006,3,32,32,106
math.GN,2006,4,23,23,124
math.GN,2007,1,20,19,84
math.GN,2007,2,22,22,76
math.GN,2007,3,37,34,56
math.GN,2007,4,27,27,72
math.GN,2008,1,43,41,221
math.GN,2008,2,36,36,116
math.GN,2008,3,23,21,128
math.GN,2008,4,45,42,165
math.GN,2009,1,42,41,85
math.GN,2009,2,32,30,136
math.GN,2009,3,35,32,162
math.GN,2009,4,43,41,157
math.GN,2010,1,56,51,139
math.GN,2010,2,49,42,210
math.GN,2010,3,34,30,121
math.GN,2010,4,59,49,250
math.GN,2011,1,56,48,190
math.GN,2011,2,63,60,295
math.GN,2011,3,51,50,160
math.GN,2011,4,61,57,283
math.GN,2012,1,60,55,285
math.GN,2012,2,67,64,272
math.GN,2012,3,61,50,131
math.GN,2012,4,66,60,298
math.GN,2013,1,66,58,305
math.GN,2013,2,59,54,131
math.GN,2013,3,34,31,120
math.GN,2013,4,65,57,124
math.GN,2014,1,42,36,203
math.GN,2014,2,46,41,88
math.GN,2014,3,48,43,137
math.GN,2014,4,63,56,133
math.GN,2015,1,69,54,115
math.GN,2015,2,53,44,115
math.GN,2015,3,72,58,124
math.GN,2015,4,72,54,93
math.GN,2016,1,75,65,155
math.GN,2016,2,67,44,129
math.GN,2016,3,73,56,192
math.GN,2016,4,60,51,79
math.GN,2017,1,80,74,182
math.GN,2017,2,62,45,131
math.GN,2017,3,67,52,188
math.GN,2017,4,79,68,136
math.GN,2018,1,71,54,99
math.GN,2018,2,93,70,216
math.GN,2018,3,80,67,99
math.GN,2018,4,82,67,126
math.GN,2019,1,91,68,119
math.GN,2019,2,88,71,74
math.GN,2019,3,95,75,219
math.GN,2019,4,101,74,110
math.GN,2020,1,84,70,116
math.GN,2020,2,87,73,133
math.GN,2020,3,74,65,165
math.GN,2020,4,72,59,48
math.GN,2021,1,78,65,64
math.GN,2021,2,81,75,43
math.GN,2021,3,93,89,34
math.GN,2021,4,99,90,97
math.GN,2022,1,72,70,13
math.GN,2022,2,94,92,26
math.GN,2022,3,90,90,32
math.GN,2022,4,116,112,29
math.GN,2023,1,90,90,9
math.GN,2023,2,64,63,19
math.GN,2023,3,113,113,110
math.GN,2023,4,87,86,7
math.GN,2024,1,88,87,113
math.GN,2024,2,99,99,6
math.GN,2024,3,93,84,3
math.GN,2024,4,91,88,44
math.GN,2025,1,95,71,24
math.GN,2025,2,82,66,1
math.GN,2025,3,90,54,2
math.GN,2025,4,116,87,1
math.GN,2026,1,106,106,0
math.GN,2026,2,111,100,5
math.GN,2026,3,26,0,0
math.GR,1991,1,1,1,0
math.GR,1992,1,3,3,0
math.GR,1992,2,1,1,30
math.GR,1992,3,2,2,2
math.GR,1992,4,3,3,0
math.GR,1993,2,6,6,1
math.GR,1993,4,9,9,15
math.GR,1994,1,1,1,76
math.GR,1994,2,8,8,17
math.GR,1994,4,5,5,0
math.GR,1995,1,4,4,21
math.GR,1995,2,4,4,3
math.GR,1995,3,9,8,103
math.GR,1995,4,2,2,1
math.GR,1996,1,4,3,19
math.GR,1996,2,8,8,3
math.GR,1996,3,1,1,3
math.GR,1996,4,10,10,19
math.GR,1997,1,7,7,62
math.GR,1997,2,11,10,45
math.GR,1997,3,3,3,67
math.GR,1997,4,13,13,71
math.GR,1998,1,21,21,87
math.GR,1998,2,10,10,37
math.GR,1998,3,23,22,282
math.GR,1998,4,31,30,234
math.GR,1999,1,24,23,138
math.GR,1999,2,19,18,232
math.GR,1999,3,22,22,115
math.GR,1999,4,24,24,339
math.GR,2000,1,24,24,109
math.GR,2000,2,23,23,336
math.GR,2000,3,32,32,117
math.GR,2000,4,43,43,661
math.GR,2001,1,36,36,199
math.GR,2001,2,23,23,462
math.GR,2001,3,32,32,701
math.GR,2001,4,64,62,335
math.GR,2002,1,40,40,341
math.GR,2002,2,37,37,311
math.GR,2002,3,37,37,241
math.GR,2002,4,72,71,605
math.GR,2003,1,67,67,389
math.GR,2003,2,67,67,677
math.GR,2003,3,57,57,622
math.GR,2003,4,77,75,215
math.GR,2004,1,93,93,682
math.GR,2004,2,97,97,949
math.GR,2004,3,88,87,568
math.GR,2004,4,106,103,795
math.GR,2005,1,97,97,932
math.GR,2005,2,104,104,753
math.GR,2005,3,118,116,756
math.GR,2005,4,131,130,1239
math.GR,2006,1,128,127,741
math.GR,2006,2,122,118,644
math.GR,2006,3,139,139,990
math.GR,2006,4,150,147,1006
math.GR,2007,1,174,168,801
math.GR,2007,2,122,117,560
math.GR,2007,3,151,145,1013
math.GR,2007,4,162,155,888
math.GR,2008,1,139,131,849
math.GR,2008,2,149,142,658
math.GR,2008,3,159,151,813
math.GR,2008,4,191,178,1048
math.GR,2009,1,180,164,938
math.GR,2009,2,192,182,1201
math.GR,2009,3,166,157,965
math.GR,2009,4,221,208,962
math.GR,2010,1,198,171,999
math.GR,2010,2,230,191,1919
math.GR,2010,3,223,201,1351
math.GR,2010,4,239,207,1119
math.GR,2011,1,221,195,752
math.GR,2011,2,229,201,856
math.GR,2011,3,226,197,870
math.GR,2011,4,258,235,1541
math.GR,2012,1,235,205,1355
math.GR,2012,2,228,200,1109
math.GR,2012,3,208,179,1039
math.GR,2012,4,248,222,1417
math.GR,2013,1,257,210,1124
math.GR,2013,2,252,206,970
math.GR,2013,3,256,222,1022
math.GR,2013,4,345,292,1773
math.GR,2014,1,292,256,1304
math.GR,2014,2,257,213,992
math.GR,2014,3,259,208,1141
math.GR,2014,4,289,232,1468
math.GR,2015,1,300,238,979
math.GR,2015,2,301,240,785
math.GR,2015,3,341,261,1213
math.GR,2015,4,295,230,1040
math.GR,2016,1,307,246,1154
math.GR,2016,2,302,237,1134
math.GR,2016,3,279,228,813
math.GR,2016,4,327,282,965
math.GR,2017,1,300,258,799
math.GR,2017,2,276,211,793
math.GR,2017,3,297,228,744
math.GR,2017,4,320,233,726
math.GR,2018,1,319,237,643
math.GR,2018,2,327,250,816
math.GR,2018,3,292,224,576
math.GR,2018,4,337,256,624
math.GR,2019,1,332,254,614
math.GR,2019,2,315,253,661
math.GR,2019,3,344,272,613
math.GR,2019,4,348,280,668
math.GR,2020,1,355,287,524
math.GR,2020,2,395,301,522
math.GR,2020,3,361,315,508
math.GR,2020,4,365,317,427
math.GR,2021,1,339,285,311
math.GR,2021,2,321,298,283
math.GR,2021,3,308,283,231
math.GR,2021,4,340,324,224
math.GR,2022,1,357,350,142
math.GR,2022,2,374,367,107
math.GR,2022,3,375,369,99
math.GR,2022,4,371,367,76
math.GR,2023,1,369,360,84
math.GR,2023,2,383,376,167
math.GR,2023,3,387,378,115
math.GR,2023,4,387,378,50
math.GR,2024,1,417,402,62
math.GR,2024,2,385,376,27
math.GR,2024,3,401,369,21
math.GR,2024,4,455,436,35
math.GR,2025,1,369,289,28
math.GR,2025,2,458,368,30
math.GR,2025,3,459,305,27
math.GR,2025,4,485,412,2
math.GR,2026,1,440,439,6
math.GR,2026,2,521,471,5
math.GR,2026,3,100,0,0
math.GT,1990,2,1,1,4
math.GT,1991,4,2,2,0
math.GT,1992,1,4,4,0
math.GT,1992,2,2,2,4
math.GT,1992,3,1,1,0
math.GT,1992,4,2,2,0
math.GT,1993,1,2,2,1
math.GT,1993,2,2,2,0
math.GT,1993,3,3,3,9
math.GT,1993,4,1,1,5
math.GT,1994,1,1,1,0
math.GT,1994,2,3,3,41
math.GT,1994,3,5,5,12
math.GT,1994,4,6,6,42
math.GT,1995,1,4,4,3
math.GT,1995,2,2,2,5
math.GT,1995,3,2,2,3
math.GT,1996,2,4,3,4
math.GT,1996,3,5,4,14
math.GT,1996,4,6,6,11
math.GT,1997,1,7,5,16
math.GT,1997,2,12,12,91
math.GT,1997,3,6,5,19
math.GT,1997,4,32,32,313
math.GT,1998,1,47,47,1082
math.GT,1998,2,39,38,962
math.GT,1998,3,56,55,428
math.GT,1998,4,81,80,311
math.GT,1999,1,53,53,264
math.GT,1999,2,72,71,728
math.GT,1999,3,55,55,508
math.GT,1999,4,68,68,1022
math.GT,2000,1,62,61,996
math.GT,2000,2,70,70,1001
math.GT,2000,3,77,74,622
math.GT,2000,4,78,78,917
math.GT,2001,1,73,72,783
math.GT,2001,2,68,68,1017
math.GT,2001,3,75,75,863
math.GT,2001,4,81,80,564
math.GT,2002,1,108,108,1452
math.GT,2002,2,97,97,822
math.GT,2002,3,86,85,1408
math.GT,2002,4,126,125,648
math.GT,2003,1,87,85,1088
math.GT,2003,2,112,111,2352
math.GT,2003,3,108,107,1043
math.GT,2003,4,122,119,1449
math.GT,2004,1,135,135,1053
math.GT,2004,2,151,148,1390
math.GT,2004,3,136,135,1187
math.GT,2004,4,181,179,2408
math.GT,2005,1,136,134,1333
math.GT,2005,2,168,165,1524
math.GT,2005,3,151,151,1155
math.GT,2005,4,146,145,1200
math.GT,2006,1,159,155,1388
math.GT,2006,2,166,165,1782
math.GT,2006,3,178,176,1965
math.GT,2006,4,188,185,1848
math.GT,2007,1,166,165,1396
math.GT,2007,2,167,162,1263
math.GT,2007,3,183,173,1472
math.GT,2007,4,165,161,1567
math.GT,2008,1,199,192,1267
math.GT,2008,2,164,155,1296
math.GT,2008,3,190,178,1615
math.GT,2008,4,188,177,1234
math.GT,2009,1,197,187,1328
math.GT,2009,2,217,209,2033
math.GT,2009,3,189,176,1413
math.GT,2009,4,193,182,1171
math.GT,2010,1,235,210,1579
math.GT,2010,2,224,193,1572
math.GT,2010,3,183,160,1349
math.GT,2010,4,232,208,1770
math.GT,2011,1,229,199,1233
math.GT,2011,2,211,195,1720
math.GT,2011,3,247,219,1512
math.GT,2011,4,235,218,2301
math.GT,2012,1,211,184,1688
math.GT,2012,2,238,214,1935
math.GT,2012,3,240,215,1498
math.GT,2012,4,309,273,2220
math.GT,2013,1,253,220,1691
math.GT,2013,2,244,214,1392
math.GT,2013,3,216,185,1284
math.GT,2013,4,306,259,1705
math.GT,2014,1,227,203,1466
math.GT,2014,2,242,194,1033
math.GT,2014,3,273,220,1810
math.GT,2014,4,320,258,1788
math.GT,2015,1,257,205,1105
math.GT,2015,2,311,263,1673
math.GT,2015,3,304,245,1776
math.GT,2015,4,304,233,1353
math.GT,2016,1,281,234,1217
math.GT,2016,2,274,213,1202
math.GT,2016,3,270,217,914
math.GT,2016,4,302,257,1228
math.GT,2017,1,265,234,766
math.GT,2017,2,255,210,870
math.GT,2017,3,303,242,1096
math.GT,2017,4,335,267,1118
math.GT,2018,1,264,213,871
math.GT,2018,2,286,241,846
math.GT,2018,3,257,214,611
math.GT,2018,4,300,248,924
math.GT,2019,1,306,246,718
math.GT,2019,2,280,220,669
math.GT,2019,3,331,272,846
math.GT,2019,4,347,298,936
math.GT,2020,1,310,268,648
math.GT,2020,2,349,292,710
math.GT,2020,3,362,325,1000
math.GT,2020,4,379,344,605
math.GT,2021,1,294,270,436
math.GT,2021,2,309,284,359
math.GT,2021,3,316,297,332
math.GT,2021,4,316,307,264
math.GT,2022,1,285,274,109
math.GT,2022,2,311,305,107
math.GT,2022,3,340,333,123
math.GT,2022,4,344,338,91
math.GT,2023,1,303,297,58
math.GT,2023,2,321,318,70
math.GT,2023,3,389,377,61
math.GT,2023,4,383,374,50
math.GT,2024,1,358,340,74
math.GT,2024,2,323,312,39
math.GT,2024,3,335,308,25
math.GT,2024,4,394,374,12
math.GT,2025,1,320,260,9
math.GT,2025,2,384,316,13
math.GT,2025,3,402,260,3
math.GT,2025,4,447,386,1
math.GT,2026,1,358,357,0
math.GT,2026,2,425,396,0
math.GT,2026,3,93,0,0
math.HO,1992,1,1,1,0
math.HO,1992,2,1,1,2
math.HO,1993,3,1,1,0
math.HO,1994,2,4,4,5
math.HO,1997,3,1,1,3
math.HO,1998,1,3,3,0
math.HO,1998,3,1,1,0
math.HO,1998,4,1,1,0
math.HO,1999,1,6,6,1
math.HO,1999,2,5,5,160
math.HO,1999,3,3,3,1
math.HO,1999,4,6,6,6
math.HO,2000,1,1,1,0
math.HO,2000,2,6,6,26
math.HO,2000,3,2,2,1
math.HO,2000,4,2,2,4
math.HO,2001,1,2,2,0
math.HO,2001,2,1,1,0
math.HO,2001,3,3,3,4
math.HO,2001,4,10,10,57
math.HO,2002,1,5,5,6
math.HO,2002,2,5,5,30
math.HO,2002,3,1,1,0
math.HO,2002,4,8,8,37
math.HO,2003,1,9,9,24
math.HO,2003,2,13,13,83
math.HO,2003,3,5,5,6
math.HO,2003,4,17,17,54
math.HO,2004,1,6,6,397
math.HO,2004,2,7,7,47
math.HO,2004,3,10,9,6
math.HO,2004,4,12,12,190
math.HO,2005,1,11,11,87
math.HO,2005,2,14,14,131
math.HO,2005,3,21,21,82
math.HO,2005,4,9,9,32
math.HO,2006,1,8,8,230
math.HO,2006,2,15,15,81
math.HO,2006,3,20,20,61
math.HO,2006,4,10,10,5
math.HO,2007,1,24,23,48
math.HO,2007,2,27,26,49
math.HO,2007,3,25,23,84
math.HO,2007,4,33,33,86
math.HO,2008,1,16,14,77
math.HO,2008,2,24,23,1234
math.HO,2008,3,20,20,102
math.HO,2008,4,20,18,36
math.HO,2009,1,27,25,37
math.HO,2009,2,23,23,124
math.HO,2009,3,23,22,99
math.HO,2009,4,40,37,525
math.HO,2010,1,39,37,105
math.HO,2010,2,26,25,54
math.HO,2010,3,20,19,205
math.HO,2010,4,26,25,44
math.HO,2011,1,23,22,28
math.HO,2011,2,24,23,172
math.HO,2011,3,32,32,154
math.HO,2011,4,45,42,88
math.HO,2012,1,45,44,218
math.HO,2012,2,42,37,252
math.HO,2012,3,33,31,116
math.HO,2012,4,46,46,167
math.HO,2013,1,37,33,157
math.HO,2013,2,54,50,116
math.HO,2013,3,35,34,146
math.HO,2013,4,44,37,35
math.HO,2014,1,35,33,140
math.HO,2014,2,55,53,199
math.HO,2014,3,56,52,355
math.HO,2014,4,41,38,33
math.HO,2015,1,53,48,45
math.HO,2015,2,42,39,56
math.HO,2015,3,48,41,203
math.HO,2015,4,36,32,413
math.HO,2016,1,60,52,1085
math.HO,2016,2,53,47,221
math.HO,2016,3,52,49,209
math.HO,2016,4,66,60,350
math.HO,2017,1,55,48,77
math.HO,2017,2,42,37,78
math.HO,2017,3,53,46,101
math.HO,2017,4,64,57,111
math.HO,2018,1,63,56,202
math.HO,2018,2,56,50,110
math.HO,2018,3,55,48,46
math.HO,2018,4,60,55,88
math.HO,2019,1,51,46,108
math.HO,2019,2,58,53,133
math.HO,2019,3,73,68,48
math.HO,2019,4,82,76,132
math.HO,2020,1,72,59,92
math.HO,2020,2,66,61,115
math.HO,2020,3,64,56,38
math.HO,2020,4,69,62,121
math.HO,2021,1,59,57,58
math.HO,2021,2,71,64,96
math.HO,2021,3,58,53,21
math.HO,2021,4,58,56,224
math.HO,2022,1,56,54,220
math.HO,2022,2,62,62,51
math.HO,2022,3,70,70,27
math.HO,2022,4,71,70,77
math.HO,2023,1,64,63,72
math.HO,2023,2,59,56,31
math.HO,2023,3,95,94,48
math.HO,2023,4,73,73,38
math.HO,2024,1,68,64,16
math.HO,2024,2,76,75,40
math.HO,2024,3,41,38,19
math.HO,2024,4,64,63,5
math.HO,2025,1,90,70,7
math.HO,2025,2,60,49,3
math.HO,2025,3,85,54,15
math.HO,2025,4,82,74,0
math.HO,2026,1,88,88,1
math.HO,2026,2,83,72,20
math.HO,2026,3,11,0,0
math.IT,1993,4,1,1,1
math.IT,1995,3,1,1,0
math.IT,1996,3,1,1,10
math.IT,1998,3,1,1,280
math.IT,1999,1,1,1,2
math.IT,1999,2,2,2,1
math.IT,1999,3,1,1,65
math.IT,1999,4,6,6,8
math.IT,2000,2,4,4,65
math.IT,2000,3,1,1,0
math.IT,2000,4,3,3,416
math.IT,2001,1,5,5,156
math.IT,2001,2,4,4,22
math.IT,2001,3,4,4,85
math.IT,2001,4,5,5,28
math.IT,2002,1,3,3,333
math.IT,2002,2,4,4,27
math.IT,2002,3,14,13,152
math.IT,2002,4,6,6,13
math.IT,2003,1,7,7,13
math.IT,2003,2,7,7,65
math.IT,2003,3,11,11,455
math.IT,2003,4,10,10,1110
math.IT,2004,1,6,6,88
math.IT,2004,2,13,12,601
math.IT,2004,3,20,18,703
math.IT,2004,4,28,28,439
math.IT,2005,1,77,77,1847
math.IT,2005,2,81,80,2318
math.IT,2005,3,125,124,1934
math.IT,2005,4,101,100,4835
math.IT,2006,1,116,114,4084
math.IT,2006,2,100,100,1632
math.IT,2006,3,94,93,1460
math.IT,2006,4,132,130,2039
math.IT,2007,1,176,173,3906
math.IT,2007,2,182,178,5564
math.IT,2007,3,157,154,3837
math.IT,2007,4,214,212,6358
math.IT,2008,1,225,219,6563
math.IT,2008,2,260,258,4986
math.IT,2008,3,239,239,13973
math.IT,2008,4,233,230,3668
math.IT,2009,1,333,329,7969
math.IT,2009,2,287,286,9851
math.IT,2009,3,281,275,8754
math.IT,2009,4,271,266,7059
math.IT,2010,1,374,363,8305
math.IT,2010,2,404,384,8203
math.IT,2010,3,354,345,11096
math.IT,2010,4,379,363,13465
math.IT,2011,1,495,474,9123
math.IT,2011,2,407,385,8385
math.IT,2011,3,392,378,10367
math.IT,2011,4,395,373,9244
math.IT,2012,1,536,515,13744
math.IT,2012,2,469,440,10436
math.IT,2012,3,488,467,7784
math.IT,2012,4,522,493,10458
math.IT,2013,1,775,745,17182
math.IT,2013,2,590,560,27322
math.IT,2013,3,541,515,14229
math.IT,2013,4,602,566,15717
math.IT,2014,1,705,657,13601
math.IT,2014,2,626,580,14082
math.IT,2014,3,577,542,16033
math.IT,2014,4,647,598,12118
math.IT,2015,1,744,687,16396
math.IT,2015,2,826,747,17568
math.IT,2015,3,734,662,15886
math.IT,2015,4,711,628,19143
math.IT,2016,1,865,764,23085
math.IT,2016,2,879,780,19416
math.IT,2016,3,773,674,13219
math.IT,2016,4,763,699,11253
math.IT,2017,1,1024,961,11629
math.IT,2017,2,891,787,16447
math.IT,2017,3,790,690,12792
math.IT,2017,4,808,696,9106
math.IT,2018,1,983,820,16127
math.IT,2018,2,872,746,9777
math.IT,2018,3,715,650,9424
math.IT,2018,4,661,578,6774
math.IT,2019,1,898,775,9357
math.IT,2019,2,797,682,9096
math.IT,2019,3,726,610,9776
math.IT,2019,4,861,751,11197
math.IT,2020,1,1009,872,9375
math.IT,2020,2,893,763,6931
math.IT,2020,3,815,721,6804
math.IT,2020,4,887,778,6148
math.IT,2021,1,992,874,9064
math.IT,2021,2,965,885,6333
math.IT,2021,3,862,793,4645
math.IT,2021,4,868,821,4793
math.IT,2022,1,936,914,3807
math.IT,2022,2,911,900,2796
math.IT,2022,3,840,831,1552
math.IT,2022,4,892,878,1044
math.IT,2023,1,831,824,1848
math.IT,2023,2,998,983,1221
math.IT,2023,3,855,843,822
math.IT,2023,4,908,895,803
math.IT,2024,1,1075,1054,1463
math.IT,2024,2,1010,1000,674
math.IT,2024,3,813,773,493
math.IT,2024,4,862,835,363
math.IT,2025,1,932,789,279
math.IT,2025,2,938,769,217
math.IT,2025,3,944,603,140
math.IT,2025,4,998,833,92
math.IT,2026,1,1213,1213,22
math.IT,2026,2,1308,1222,8
math.IT,2026,3,192,0,0
math.KT,1993,1,2,2,18
math.KT,1994,3,1,1,0
math.KT,1995,1,1,1,0
math.KT,1997,4,1,1,1
math.KT,1998,1,11,10,152
math.KT,1998,2,6,6,36
math.KT,1998,3,10,10,88
math.KT,1998,4,6,6,27
math.KT,1999,1,6,6,22
math.KT,1999,2,16,16,116
math.KT,1999,3,12,12,114
math.KT,1999,4,17,17,340
math.KT,2000,1,15,13,551
math.KT,2000,2,19,19,21
math.KT,2000,3,11,11,78
math.KT,2000,4,17,17,192
math.KT,2001,1,12,12,280
math.KT,2001,2,20,20,296
math.KT,2001,3,22,22,107
math.KT,2001,4,15,15,76
math.KT,2002,1,19,17,40
math.KT,2002,2,19,19,86
math.KT,2002,3,35,34,163
math.KT,2002,4,28,28,203
math.KT,2003,1,19,19,46
math.KT,2003,2,30,30,591
math.KT,2003,3,20,19,182
math.KT,2003,4,34,33,457
math.KT,2004,1,31,31,371
math.KT,2004,2,30,29,295
math.KT,2004,3,33,29,268
math.KT,2004,4,39,39,207
math.KT,2005,1,31,30,692
math.KT,2005,2,20,20,218
math.KT,2005,3,45,45,176
math.KT,2005,4,33,33,115
math.KT,2006,1,37,34,210
math.KT,2006,2,41,40,203
math.KT,2006,3,49,48,282
math.KT,2006,4,40,39,221
math.KT,2007,1,46,44,498
math.KT,2007,2,54,52,566
math.KT,2007,3,63,62,524
math.KT,2007,4,60,57,437
math.KT,2008,1,60,59,360
math.KT,2008,2,52,47,231
math.KT,2008,3,41,38,208
math.KT,2008,4,50,48,302
math.KT,2009,1,53,48,364
math.KT,2009,2,67,66,645
math.KT,2009,3,49,49,369
math.KT,2009,4,56,50,567
math.KT,2010,1,63,56,529
math.KT,2010,2,63,52,317
math.KT,2010,3,64,58,283
math.KT,2010,4,75,64,390
math.KT,2011,1,65,57,249
math.KT,2011,2,49,40,198
math.KT,2011,3,67,58,466
math.KT,2011,4,81,75,310
math.KT,2012,1,73,60,355
math.KT,2012,2,64,59,573
math.KT,2012,3,80,67,641
math.KT,2012,4,78,64,514
math.KT,2013,1,66,58,232
math.KT,2013,2,86,73,536
math.KT,2013,3,78,70,415
math.KT,2013,4,74,66,379
math.KT,2014,1,81,68,405
math.KT,2014,2,70,59,410
math.KT,2014,3,68,58,260
math.KT,2014,4,86,68,302
math.KT,2015,1,58,51,304
math.KT,2015,2,79,62,413
math.KT,2015,3,70,50,563
math.KT,2015,4,92,77,474
math.KT,2016,1,59,52,305
math.KT,2016,2,78,61,348
math.KT,2016,3,77,66,366
math.KT,2016,4,94,78,497
math.KT,2017,1,55,48,161
math.KT,2017,2,83,70,353
math.KT,2017,3,58,47,250
math.KT,2017,4,87,68,260
math.KT,2018,1,77,65,254
math.KT,2018,2,69,58,270
math.KT,2018,3,76,63,260
math.KT,2018,4,88,73,289
math.KT,2019,1,72,57,195
math.KT,2019,2,89,73,263
math.KT,2019,3,90,79,353
math.KT,2019,4,87,69,183
math.KT,2020,1,80,68,146
math.KT,2020,2,74,67,155
math.KT,2020,3,95,87,182
math.KT,2020,4,77,69,139
math.KT,2021,1,65,62,86
math.KT,2021,2,62,59,74
math.KT,2021,3,67,63,57
math.KT,2021,4,90,83,65
math.KT,2022,1,76,73,31
math.KT,2022,2,79,78,29
math.KT,2022,3,74,74,27
math.KT,2022,4,87,86,18
math.KT,2023,1,72,71,23
math.KT,2023,2,92,91,17
math.KT,2023,3,79,77,13
math.KT,2023,4,79,76,19
math.KT,2024,1,77,75,12
math.KT,2024,2,88,84,3
math.KT,2024,3,98,93,7
math.KT,2024,4,101,92,24
math.KT,2025,1,80,58,17
math.KT,2025,2,99,79,0
math.KT,2025,3,103,77,0
math.KT,2025,4,82,73,0
math.KT,2026,1,78,78,0
math.KT,2026,2,85,78,0
math.KT,2026,3,18,0,0
math.LO,1989,2,1,1,0
math.LO,1990,1,3,3,10
math.LO,1991,1,6,6,19
math.LO,1992,1,7,7,6
math.LO,1992,2,14,14,45
math.LO,1992,3,14,14,26
math.LO,1992,4,13,13,3
math.LO,1993,1,13,13,1
math.LO,1993,2,13,13,17
math.LO,1993,3,23,22,48
math.LO,1993,4,16,15,8
math.LO,1994,1,19,19,30
math.LO,1994,2,19,18,16
math.LO,1994,3,20,17,37
math.LO,1994,4,14,14,24
math.LO,1995,1,27,26,13
math.LO,1995,2,11,10,19
math.LO,1995,3,24,23,50
math.LO,1995,4,9,9,14
math.LO,1996,1,10,10,21
math.LO,1996,2,25,24,47
math.LO,1996,3,18,17,8
math.LO,1996,4,17,16,7
math.LO,1997,1,16,15,17
math.LO,1997,2,16,14,26
math.LO,1997,3,18,16,34
math.LO,1997,4,25,24,28
math.LO,1998,1,12,10,8
math.LO,1998,2,20,20,53
math.LO,1998,3,32,31,47
math.LO,1998,4,12,11,5
math.LO,1999,1,15,15,14
math.LO,1999,2,27,27,77
math.LO,1999,3,19,19,9
math.LO,1999,4,23,23,75
math.LO,2000,1,18,18,17
math.LO,2000,2,17,17,61
math.LO,2000,3,23,22,17
math.LO,2000,4,34,34,150
math.LO,2001,1,17,17,81
math.LO,2001,2,26,26,49
math.LO,2001,3,20,20,42
math.LO,2001,4,21,21,60
math.LO,2002,1,15,15,58
math.LO,2002,2,9,9,35
math.LO,2002,3,11,11,161
math.LO,2002,4,45,45,110
math.LO,2003,1,23,23,101
math.LO,2003,2,28,28,255
math.LO,2003,3,16,16,162
math.LO,2003,4,29,29,110
math.LO,2004,1,23,23,26
math.LO,2004,2,70,69,307
math.LO,2004,3,36,36,189
math.LO,2004,4,26,26,191
math.LO,2005,1,21,21,349
math.LO,2005,2,38,38,194
math.LO,2005,3,40,40,243
math.LO,2005,4,38,37,167
math.LO,2006,1,40,38,188
math.LO,2006,2,48,48,77
math.LO,2006,3,56,54,127
math.LO,2006,4,54,53,261
math.LO,2007,1,48,48,163
math.LO,2007,2,60,59,261
math.LO,2007,3,59,53,405
math.LO,2007,4,76,73,286
math.LO,2008,1,63,61,446
math.LO,2008,2,68,63,86
math.LO,2008,3,75,70,393
math.LO,2008,4,68,66,686
math.LO,2009,1,87,83,518
math.LO,2009,2,119,106,454
math.LO,2009,3,64,57,295
math.LO,2009,4,63,59,282
math.LO,2010,1,92,79,455
math.LO,2010,2,85,81,415
math.LO,2010,3,74,68,435
math.LO,2010,4,100,90,405
math.LO,2011,1,89,78,646
math.LO,2011,2,128,120,573
math.LO,2011,3,112,105,734
math.LO,2011,4,142,129,621
math.LO,2012,1,143,129,513
math.LO,2012,2,136,123,569
math.LO,2012,3,119,106,485
math.LO,2012,4,143,122,629
math.LO,2013,1,128,112,790
math.LO,2013,2,174,159,614
math.LO,2013,3,119,108,454
math.LO,2013,4,151,129,431
math.LO,2014,1,139,117,420
math.LO,2014,2,188,158,686
math.LO,2014,3,188,162,796
math.LO,2014,4,162,132,572
math.LO,2015,1,174,143,496
math.LO,2015,2,143,107,397
math.LO,2015,3,173,133,552
math.LO,2015,4,203,155,409
math.LO,2016,1,215,163,711
math.LO,2016,2,169,129,501
math.LO,2016,3,206,167,454
math.LO,2016,4,195,165,368
math.LO,2017,1,191,164,469
math.LO,2017,2,194,163,625
math.LO,2017,3,214,166,421
math.LO,2017,4,196,148,430
math.LO,2018,1,208,166,483
math.LO,2018,2,214,174,586
math.LO,2018,3,206,162,950
math.LO,2018,4,255,212,428
math.LO,2019,1,230,167,326
math.LO,2019,2,216,176,440
math.LO,2019,3,224,185,352
math.LO,2019,4,224,173,457
math.LO,2020,1,209,167,300
math.LO,2020,2,264,221,328
math.LO,2020,3,247,216,326
math.LO,2020,4,219,184,204
math.LO,2021,1,227,197,226
math.LO,2021,2,247,213,273
math.LO,2021,3,234,213,184
math.LO,2021,4,230,210,145
math.LO,2022,1,188,175,89
math.LO,2022,2,214,205,71
math.LO,2022,3,250,244,85
math.LO,2022,4,221,216,72
math.LO,2023,1,280,273,113
math.LO,2023,2,257,245,384
math.LO,2023,3,236,229,75
math.LO,2023,4,268,260,45
math.LO,2024,1,283,276,35
math.LO,2024,2,292,276,27
math.LO,2024,3,246,232,45
math.LO,2024,4,281,268,35
math.LO,2025,1,267,215,34
math.LO,2025,2,255,205,64
math.LO,2025,3,301,207,23
math.LO,2025,4,339,294,3
math.LO,2026,1,348,348,4
math.LO,2026,2,372,339,1
math.LO,2026,3,53,0,0
math.MG,1989,4,4,4,20
math.MG,1990,3,2,2,86
math.MG,1992,2,1,1,0
math.MG,1992,4,5,5,1
math.MG,1993,1,1,1,0
math.MG,1993,3,1,1,0
math.MG,1993,4,1,1,0
math.MG,1994,1,1,1,0
math.MG,1994,2,2,2,0
math.MG,1994,4,4,4,5
math.MG,1995,1,3,3,0
math.MG,1995,2,2,1,1
math.MG,1995,3,3,2,2
math.MG,1995,4,2,2,0
math.MG,1996,1,2,2,2
math.MG,1996,2,5,5,3
math.MG,1996,3,2,2,13
math.MG,1997,1,5,5,26
math.MG,1997,2,1,1,0
math.MG,1997,3,2,2,0
math.MG,1997,4,4,4,6
math.MG,1998,1,1,1,0
math.MG,1998,2,7,6,118
math.MG,1998,3,8,8,39
math.MG,1998,4,15,15,180
math.MG,1999,1,8,8,113
math.MG,1999,2,17,16,172
math.MG,1999,3,11,10,66
math.MG,1999,4,7,7,201
math.MG,2000,1,12,12,21
math.MG,2000,2,11,11,53
math.MG,2000,3,15,15,29
math.MG,2000,4,21,21,80
math.MG,2001,1,8,8,6
math.MG,2001,2,12,12,42
math.MG,2001,3,14,14,348
math.MG,2001,4,18,18,436
math.MG,2002,1,22,21,49
math.MG,2002,2,23,23,160
math.MG,2002,3,13,13,202
math.MG,2002,4,31,31,237
math.MG,2003,1,31,31,284
math.MG,2003,2,21,21,85
math.MG,2003,3,35,34,452
math.MG,2003,4,30,29,99
math.MG,2004,1,33,33,608
math.MG,2004,2,46,46,383
math.MG,2004,3,41,41,297
math.MG,2004,4,45,45,362
math.MG,2005,1,34,34,238
math.MG,2005,2,44,43,339
math.MG,2005,3,33,33,242
math.MG,2005,4,44,43,397
math.MG,2006,1,34,34,276
math.MG,2006,2,44,43,839
math.MG,2006,3,62,60,663
math.MG,2006,4,59,59,428
math.MG,2007,1,61,61,328
math.MG,2007,2,67,65,387
math.MG,2007,3,65,64,656
math.MG,2007,4,61,59,458
math.MG,2008,1,45,44,497
math.MG,2008,2,59,57,338
math.MG,2008,3,55,54,450
math.MG,2008,4,67,64,528
math.MG,2009,1,83,81,578
math.MG,2009,2,63,62,375
math.MG,2009,3,69,67,723
math.MG,2009,4,95,91,1272
math.MG,2010,1,96,85,724
math.MG,2010,2,84,71,348
math.MG,2010,3,109,93,845
math.MG,2010,4,97,87,1075
math.MG,2011,1,95,83,574
math.MG,2011,2,80,71,919
math.MG,2011,3,89,77,1229
math.MG,2011,4,131,118,939
math.MG,2012,1,107,100,626
math.MG,2012,2,129,115,1066
math.MG,2012,3,120,107,1778
math.MG,2012,4,137,122,959
math.MG,2013,1,126,109,686
math.MG,2013,2,134,122,1046
math.MG,2013,3,140,118,692
math.MG,2013,4,145,117,646
math.MG,2014,1,152,127,907
math.MG,2014,2,144,120,532
math.MG,2014,3,145,117,871
math.MG,2014,4,187,150,807
math.MG,2015,1,145,117,861
math.MG,2015,2,144,108,636
math.MG,2015,3,188,151,891
math.MG,2015,4,139,114,571
math.MG,2016,1,176,133,1141
math.MG,2016,2,165,123,606
math.MG,2016,3,166,125,515
math.MG,2016,4,175,146,625
math.MG,2017,1,159,130,791
math.MG,2017,2,166,123,743
math.MG,2017,3,168,127,559
math.MG,2017,4,168,122,502
math.MG,2018,1,147,109,471
math.MG,2018,2,165,124,438
math.MG,2018,3,172,136,447
math.MG,2018,4,188,149,342
math.MG,2019,1,151,118,420
math.MG,2019,2,194,159,613
math.MG,2019,3,223,169,491
math.MG,2019,4,197,154,337
math.MG,2020,1,183,150,257
math.MG,2020,2,221,176,418
math.MG,2020,3,239,202,516
math.MG,2020,4,195,169,388
math.MG,2021,1,161,140,199
math.MG,2021,2,184,169,259
math.MG,2021,3,192,176,265
math.MG,2021,4,205,187,204
math.MG,2022,1,207,198,119
math.MG,2022,2,190,187,140
math.MG,2022,3,193,191,90
math.MG,2022,4,207,202,80
math.MG,2023,1,186,179,95
math.MG,2023,2,205,203,66
math.MG,2023,3,204,200,45
math.MG,2023,4,192,189,44
math.MG,2024,1,192,186,60
math.MG,2024,2,207,200,27
math.MG,2024,3,225,213,23
math.MG,2024,4,236,229,16
math.MG,2025,1,220,168,676
math.MG,2025,2,239,200,4
math.MG,2025,3,205,139,1
math.MG,2025,4,266,228,2
math.MG,2026,1,248,247,1
math.MG,2026,2,316,291,0
math.MG,2026,3,73,0,0
math.MP,1990,3,1,1,44
math.MP,1992,2,1,1,44
math.MP,1992,4,4,4,2268
math.MP,1993,1,2,2,134
math.MP,1993,2,5,5,691
math.MP,1993,3,1,1,24
math.MP,1994,1,2,2,11
math.MP,1994,2,2,2,12
math.MP,1994,3,2,2,9
math.MP,1994,4,1,1,2
math.MP,1995,3,6,6,891
math.MP,1995,4,3,3,109
math.MP,1996,1,9,9,246
math.MP,1996,2,4,4,53
math.MP,1996,3,4,4,220
math.MP,1996,4,27,27,851
math.MP,1997,1,52,51,801
math.MP,1997,2,37,37,530
math.MP,1997,3,53,53,1294
math.MP,1997,4,73,73,7824
math.MP,1998,1,84,84,2063
math.MP,1998,2,150,150,6081
math.MP,1998,3,196,196,7673
math.MP,1998,4,189,189,3550
math.MP,1999,1,207,207,3953
math.MP,1999,2,230,228,4560
math.MP,1999,3,224,224,11550
math.MP,1999,4,290,286,5485
math.MP,2000,1,285,284,5016
math.MP,2000,2,253,251,5835
math.MP,2000,3,270,268,3796
math.MP,2000,4,352,349,6904
math.MP,2001,1,270,269,6346
math.MP,2001,2,315,315,26204
math.MP,2001,3,266,264,7993
math.MP,2001,4,341,336,8023
math.MP,2002,1,378,372,8794
math.MP,2002,2,327,325,7922
math.MP,2002,3,339,338,6505
math.MP,2002,4,421,416,7098
math.MP,2003,1,381,378,9155
math.MP,2003,2,386,381,11509
math.MP,2003,3,369,364,7598
math.MP,2003,4,410,406,6986
math.MP,2004,1,402,398,8706
math.MP,2004,2,417,414,10764
math.MP,2004,3,410,406,8280
math.MP,2004,4,509,504,10537
math.MP,2005,1,420,416,7752
math.MP,2005,2,500,495,12068
math.MP,2005,3,428,422,10220
math.MP,2005,4,567,558,12113
math.MP,2006,1,526,522,10413
math.MP,2006,2,469,458,9670
math.MP,2006,3,511,505,11034
math.MP,2006,4,577,572,9840
math.MP,2007,1,585,576,13722
math.MP,2007,2,567,552,14703
math.MP,2007,3,586,580,10023
math.MP,2007,4,707,687,11783
math.MP,2008,1,603,587,9870
math.MP,2008,2,647,634,12720
math.MP,2008,3,588,563,14365
math.MP,2008,4,705,692,14041
math.MP,2009,1,707,684,16472
math.MP,2009,2,668,650,11885
math.MP,2009,3,644,628,13244
math.MP,2009,4,776,755,14289
math.MP,2010,1,804,770,13307
math.MP,2010,2,899,875,15902
math.MP,2010,3,949,919,17700
math.MP,2010,4,1018,977,19471
math.MP,2011,1,931,903,19662
math.MP,2011,2,1031,995,19817
math.MP,2011,3,1007,973,18998
math.MP,2011,4,1109,1075,19263
math.MP,2012,1,1018,986,19508
math.MP,2012,2,1068,1031,19021
math.MP,2012,3,1049,1018,17518
math.MP,2012,4,1238,1180,21471
math.MP,2013,1,1057,1012,15509
math.MP,2013,2,954,918,17359
math.MP,2013,3,933,888,19168
math.MP,2013,4,1005,957,15408
math.MP,2014,1,974,925,18944
math.MP,2014,2,879,828,14368
math.MP,2014,3,891,842,12638
math.MP,2014,4,989,931,15084
math.MP,2015,1,935,865,13887
math.MP,2015,2,975,892,12222
math.MP,2015,3,972,889,12945
math.MP,2015,4,1053,967,13966
math.MP,2016,1,990,914,12741
math.MP,2016,2,963,887,13566
math.MP,2016,3,957,889,14560
math.MP,2016,4,1006,941,12545
math.MP,2017,1,953,902,11244
math.MP,2017,2,921,862,12289
math.MP,2017,3,872,798,11040
math.MP,2017,4,1032,938,10439
math.MP,2018,1,807,741,9465
math.MP,2018,2,925,867,9621
math.MP,2018,3,869,793,10189
math.MP,2018,4,1028,951,11345
math.MP,2019,1,897,841,10519
math.MP,2019,2,1038,953,11474
math.MP,2019,3,1067,982,8907
math.MP,2019,4,1166,1072,13758
math.MP,2020,1,980,923,7451
math.MP,2020,2,1089,1015,7543
math.MP,2020,3,1087,1016,8163
math.MP,2020,4,1142,1083,8056
math.MP,2021,1,1010,974,5776
math.MP,2021,2,1041,1000,6024
math.MP,2021,3,1086,1045,4818
math.MP,2021,4,1078,1060,4651
math.MP,2022,1,1031,1010,2466
math.MP,2022,2,1004,988,2293
math.MP,2022,3,1021,999,1080
math.MP,2022,4,1198,1182,1065
math.MP,2023,1,1042,1018,899
math.MP,2023,2,1142,1118,845
math.MP,2023,3,1164,1142,688
math.MP,2023,4,1276,1251,689
math.MP,2024,1,1171,1129,973
math.MP,2024,2,1172,1132,648
math.MP,2024,3,1274,1208,529
math.MP,2024,4,1420,1366,332
math.MP,2025,1,1147,948,975
math.MP,2025,2,1264,1098,281
math.MP,2025,3,1333,923,181
math.MP,2025,4,1559,1351,118
math.MP,2026,1,1377,1374,368
math.MP,2026,2,1633,1507,42
math.MP,2026,3,315,0,0
math.NA,1991,1,1,1,21
math.NA,1992,1,2,2,0
math.NA,1993,2,2,2,1
math.NA,1993,3,5,5,33
math.NA,1993,4,1,1,0
math.NA,1994,2,1,1,8
math.NA,1994,3,1,1,3
math.NA,1996,1,1,1,0
math.NA,1996,2,1,1,1
math.NA,1996,4,1,1,1
math.NA,1997,1,1,1,1
math.NA,1997,2,2,2,0
math.NA,1997,3,1,1,11
math.NA,1998,1,8,8,12
math.NA,1998,2,12,12,374
math.NA,1998,3,11,11,666
math.NA,1998,4,9,9,141
math.NA,1999,1,11,11,26
math.NA,1999,2,24,24,201
math.NA,1999,3,25,25,359
math.NA,1999,4,33,33,169
math.NA,2000,1,18,17,161
math.NA,2000,2,19,19,426
math.NA,2000,3,14,13,112
math.NA,2000,4,38,38,419
math.NA,2001,1,28,28,171
math.NA,2001,2,36,36,140
math.NA,2001,3,12,12,35
math.NA,2001,4,23,23,58
math.NA,2002,1,19,19,204
math.NA,2002,2,14,14,245
math.NA,2002,3,24,24,257
math.NA,2002,4,30,30,347
math.NA,2003,1,27,27,270
math.NA,2003,2,32,32,532
math.NA,2003,3,19,19,371
math.NA,2003,4,24,24,1099
math.NA,2004,1,24,24,214
math.NA,2004,2,24,24,112
math.NA,2004,3,30,30,482
math.NA,2004,4,32,31,1184
math.NA,2005,1,41,41,453
math.NA,2005,2,36,36,904
math.NA,2005,3,41,41,606
math.NA,2005,4,33,33,154
math.NA,2006,1,51,51,731
math.NA,2006,2,38,38,424
math.NA,2006,3,61,61,1330
math.NA,2006,4,69,69,892
math.NA,2007,1,65,65,1288
math.NA,2007,2,62,59,781
math.NA,2007,3,61,60,1433
math.NA,2007,4,78,76,1583
math.NA,2008,1,73,69,1749
math.NA,2008,2,95,93,1412
math.NA,2008,3,97,95,1232
math.NA,2008,4,116,114,2437
math.NA,2009,1,94,92,1855
math.NA,2009,2,114,108,2978
math.NA,2009,3,95,91,1889
math.NA,2009,4,132,130,4583
math.NA,2010,1,161,158,2239
math.NA,2010,2,210,198,4407
math.NA,2010,3,197,186,5521
math.NA,2010,4,188,179,3635
math.NA,2011,1,199,189,3990
math.NA,2011,2,201,197,4469
math.NA,2011,3,231,225,4140
math.NA,2011,4,256,245,4346
math.NA,2012,1,277,268,5055
math.NA,2012,2,279,266,4709
math.NA,2012,3,290,277,5682
math.NA,2012,4,351,337,4966
math.NA,2013,1,345,326,4621
math.NA,2013,2,373,366,8473
math.NA,2013,3,358,341,4800
math.NA,2013,4,438,424,8436
math.NA,2014,1,444,428,8049
math.NA,2014,2,417,391,6199
math.NA,2014,3,437,417,8815
math.NA,2014,4,487,464,5009
math.NA,2015,1,457,432,6020
math.NA,2015,2,518,472,7429
math.NA,2015,3,510,474,6798
math.NA,2015,4,546,492,8286
math.NA,2016,1,557,498,6447
math.NA,2016,2,591,530,7488
math.NA,2016,3,537,491,7456
math.NA,2016,4,651,616,6276
math.NA,2017,1,592,571,6370
math.NA,2017,2,614,569,8176
math.NA,2017,3,619,565,10420
math.NA,2017,4,738,665,9105
math.NA,2018,1,705,619,6939
math.NA,2018,2,776,704,6568
math.NA,2018,3,700,642,7800
math.NA,2018,4,788,713,7176
math.NA,2019,1,754,685,5915
math.NA,2019,2,784,707,6979
math.NA,2019,3,798,726,6468
math.NA,2019,4,880,799,7883
math.NA,2020,1,883,809,8327
math.NA,2020,2,915,840,5468
math.NA,2020,3,868,797,5829
math.NA,2020,4,1017,957,8256
math.NA,2021,1,1062,1000,6933
math.NA,2021,2,1062,1019,5445
math.NA,2021,3,915,885,5063
math.NA,2021,4,1060,1045,4148
math.NA,2022,1,998,976,2302
math.NA,2022,2,907,894,1944
math.NA,2022,3,947,936,1219
math.NA,2022,4,1059,1036,989
math.NA,2023,1,1038,1019,1038
math.NA,2023,2,1121,1104,1049
math.NA,2023,3,1034,1022,1776
math.NA,2023,4,1149,1134,721
math.NA,2024,1,1238,1182,1046
math.NA,2024,2,1191,1149,528
math.NA,2024,3,1148,1086,557
math.NA,2024,4,1212,1142,501
math.NA,2025,1,1175,927,565
math.NA,2025,2,1238,985,224
math.NA,2025,3,1266,828,170
math.NA,2025,4,1337,1093,382
math.NA,2026,1,1371,1371,9
math.NA,2026,2,1614,1477,22
math.NA,2026,3,330,0,0
math.NT,1992,2,3,3,121
math.NT,1992,3,1,1,0
math.NT,1992,4,1,1,0
math.NT,1993,2,1,1,0
math.NT,1993,3,1,1,0
math.NT,1994,3,4,4,5
math.NT,1994,4,11,11,16
math.NT,1995,1,5,5,15
math.NT,1995,2,5,4,0
math.NT,1995,3,7,6,9
math.NT,1995,4,3,3,7
math.NT,1996,1,3,3,1
math.NT,1996,2,4,4,25
math.NT,1996,3,2,2,21
math.NT,1996,4,6,6,15
math.NT,1997,1,4,4,13
math.NT,1997,2,3,3,4
math.NT,1997,3,10,10,5
math.NT,1997,4,8,8,2
math.NT,1998,1,15,14,42
math.NT,1998,2,23,23,126
math.NT,1998,3,42,42,158
math.NT,1998,4,40,40,267
math.NT,1999,1,38,38,329
math.NT,1999,2,31,31,164
math.NT,1999,3,51,50,165
math.NT,1999,4,49,49,353
math.NT,2000,1,46,45,370
math.NT,2000,2,50,50,139
math.NT,2000,3,43,42,242
math.NT,2000,4,83,82,106
math.NT,2001,1,47,47,828
math.NT,2001,2,70,70,689
math.NT,2001,3,42,40,191
math.NT,2001,4,69,69,399
math.NT,2002,1,77,75,753
math.NT,2002,2,75,74,817
math.NT,2002,3,90,88,779
math.NT,2002,4,129,128,583
math.NT,2003,1,91,90,454
math.NT,2003,2,142,141,985
math.NT,2003,3,92,90,528
math.NT,2003,4,150,150,946
math.NT,2004,1,132,131,850
math.NT,2004,2,174,171,1031
math.NT,2004,3,172,171,826
math.NT,2004,4,159,158,790
math.NT,2005,1,173,169,1092
math.NT,2005,2,145,143,910
math.NT,2005,3,177,176,1149
math.NT,2005,4,193,190,960
math.NT,2006,1,185,181,1084
math.NT,2006,2,193,190,874
math.NT,2006,3,214,212,1408
math.NT,2006,4,222,221,1670
math.NT,2007,1,207,202,955
math.NT,2007,2,196,187,1281
math.NT,2007,3,267,254,1323
math.NT,2007,4,296,285,1534
math.NT,2008,1,281,267,2036
math.NT,2008,2,235,227,1517
math.NT,2008,3,249,242,1848
math.NT,2008,4,292,278,1341
math.NT,2009,1,252,244,1701
math.NT,2009,2,264,246,1303
math.NT,2009,3,306,282,2012
math.NT,2009,4,353,324,2137
math.NT,2010,1,337,305,2028
math.NT,2010,2,355,312,1623
math.NT,2010,3,314,282,1539
math.NT,2010,4,360,310,2437
math.NT,2011,1,365,320,1597
math.NT,2011,2,384,340,1474
math.NT,2011,3,390,347,1489
math.NT,2011,4,417,355,1806
math.NT,2012,1,443,397,2298
math.NT,2012,2,417,381,2339
math.NT,2012,3,432,373,2620
math.NT,2012,4,485,440,2058
math.NT,2013,1,449,400,2305
math.NT,2013,2,455,395,2221
math.NT,2013,3,510,440,2169
math.NT,2013,4,551,481,2006
math.NT,2014,1,513,453,2336
math.NT,2014,2,475,407,2021
math.NT,2014,3,575,476,2094
math.NT,2014,4,530,449,2512
math.NT,2015,1,501,434,1782
math.NT,2015,2,539,468,2163
math.NT,2015,3,531,421,1720
math.NT,2015,4,628,514,2003
math.NT,2016,1,633,530,2731
math.NT,2016,2,609,498,2315
math.NT,2016,3,607,499,1723
math.NT,2016,4,610,536,1715
math.NT,2017,1,608,545,2013
math.NT,2017,2,594,506,1698
math.NT,2017,3,613,472,1602
math.NT,2017,4,642,540,1448
math.NT,2018,1,605,487,1659
math.NT,2018,2,629,517,1525
math.NT,2018,3,628,533,1359
math.NT,2018,4,703,564,1498
math.NT,2019,1,620,525,1728
math.NT,2019,2,605,495,1449
math.NT,2019,3,681,564,1315
math.NT,2019,4,751,633,1512
math.NT,2020,1,742,647,1330
math.NT,2020,2,840,719,1421
math.NT,2020,3,707,609,1078
math.NT,2020,4,779,686,1024
math.NT,2021,1,742,665,787
math.NT,2021,2,712,659,690
math.NT,2021,3,704,659,422
math.NT,2021,4,788,760,388
math.NT,2022,1,724,700,311
math.NT,2022,2,729,724,229
math.NT,2022,3,766,751,284
math.NT,2022,4,779,771,243
math.NT,2023,1,779,765,171
math.NT,2023,2,697,683,148
math.NT,2023,3,809,792,162
math.NT,2023,4,797,778,108
math.NT,2024,1,854,819,111
math.NT,2024,2,828,802,86
math.NT,2024,3,826,776,65
math.NT,2024,4,874,833,44
math.NT,2025,1,821,654,48
math.NT,2025,2,878,705,18
math.NT,2025,3,1007,643,5
math.NT,2025,4,1011,876,9
math.NT,2026,1,1051,1051,56
math.NT,2026,2,1108,1007,0
math.NT,2026,3,255,0,0
math.OA,1991,2,1,1,0
math.OA,1992,2,2,2,7
math.OA,1992,3,1,1,1
math.OA,1992,4,21,21,61
math.OA,1993,1,15,15,274
math.OA,1993,2,6,6,106
math.OA,1993,3,3,3,70
math.OA,1993,4,4,4,148
math.OA,1994,1,9,9,469
math.OA,1994,2,10,9,76
math.OA,1994,3,6,6,17
math.OA,1994,4,11,11,19
math.OA,1995,1,6,6,28
math.OA,1995,2,9,9,85
math.OA,1995,3,7,7,121
math.OA,1995,4,12,12,10
math.OA,1996,1,9,9,18
math.OA,1996,2,18,18,464
math.OA,1996,3,9,9,76
math.OA,1996,4,15,15,67
math.OA,1997,1,22,21,164
math.OA,1997,2,17,17,160
math.OA,1997,3,13,13,94
math.OA,1997,4,16,16,193
math.OA,1998,1,18,18,378
math.OA,1998,2,35,35,524
math.OA,1998,3,35,35,1693
math.OA,1998,4,21,21,166
math.OA,1999,1,14,14,431
math.OA,1999,2,44,43,421
math.OA,1999,3,32,32,271
math.OA,1999,4,40,40,331
math.OA,2000,1,38,37,397
math.OA,2000,2,45,44,423
math.OA,2000,3,42,42,427
math.OA,2000,4,54,54,1125
math.OA,2001,1,35,35,317
math.OA,2001,2,40,39,432
math.OA,2001,3,49,48,471
math.OA,2001,4,54,54,340
math.OA,2002,1,51,51,418
math.OA,2002,2,49,49,421
math.OA,2002,3,58,57,280
math.OA,2002,4,75,75,614
math.OA,2003,1,44,43,445
math.OA,2003,2,54,54,561
math.OA,2003,3,78,78,1020
math.OA,2003,4,87,87,392
math.OA,2004,1,56,56,624
math.OA,2004,2,79,77,706
math.OA,2004,3,61,60,583
math.OA,2004,4,80,80,867
math.OA,2005,1,72,72,423
math.OA,2005,2,76,76,383
math.OA,2005,3,95,93,516
math.OA,2005,4,95,92,765
math.OA,2006,1,92,92,568
math.OA,2006,2,95,93,598
math.OA,2006,3,80,78,965
math.OA,2006,4,101,99,772
math.OA,2007,1,92,92,447
math.OA,2007,2,112,105,709
math.OA,2007,3,96,95,707
math.OA,2007,4,91,89,689
math.OA,2008,1,95,89,382
math.OA,2008,2,103,100,816
math.OA,2008,3,92,88,625
math.OA,2008,4,125,116,725
math.OA,2009,1,107,105,824
math.OA,2009,2,121,117,1076
math.OA,2009,3,103,96,1117
math.OA,2009,4,93,88,662
math.OA,2010,1,113,91,746
math.OA,2010,2,117,102,1355
math.OA,2010,3,126,97,1092
math.OA,2010,4,132,115,878
math.OA,2011,1,112,95,639
math.OA,2011,2,121,109,516
math.OA,2011,3,127,109,888
math.OA,2011,4,158,139,959
math.OA,2012,1,153,133,1008
math.OA,2012,2,135,124,771
math.OA,2012,3,151,125,957
math.OA,2012,4,182,165,1238
math.OA,2013,1,157,137,875
math.OA,2013,2,146,121,1054
math.OA,2013,3,161,141,939
math.OA,2013,4,127,114,543
math.OA,2014,1,152,127,892
math.OA,2014,2,144,116,835
math.OA,2014,3,158,131,917
math.OA,2014,4,179,149,909
math.OA,2015,1,159,128,966
math.OA,2015,2,166,133,624
math.OA,2015,3,151,127,768
math.OA,2015,4,178,136,1139
math.OA,2016,1,161,129,649
math.OA,2016,2,182,142,832
math.OA,2016,3,149,122,654
math.OA,2016,4,186,163,1133
math.OA,2017,1,125,114,616
math.OA,2017,2,177,153,846
math.OA,2017,3,139,113,494
math.OA,2017,4,170,128,599
math.OA,2018,1,151,119,486
math.OA,2018,2,175,140,605
math.OA,2018,3,143,116,516
math.OA,2018,4,182,149,510
math.OA,2019,1,159,138,597
math.OA,2019,2,186,153,517
math.OA,2019,3,156,144,512
math.OA,2019,4,152,126,421
math.OA,2020,1,153,128,357
math.OA,2020,2,172,148,546
math.OA,2020,3,166,150,306
math.OA,2020,4,161,142,257
math.OA,2021,1,148,132,323
math.OA,2021,2,146,132,217
math.OA,2021,3,197,185,295
math.OA,2021,4,158,156,203
math.OA,2022,1,164,159,117
math.OA,2022,2,128,124,62
math.OA,2022,3,155,152,84
math.OA,2022,4,167,166,47
math.OA,2023,1,172,169,58
math.OA,2023,2,169,166,44
math.OA,2023,3,166,162,27
math.OA,2023,4,180,178,22
math.OA,2024,1,175,171,104
math.OA,2024,2,187,181,26
math.OA,2024,3,174,163,7
math.OA,2024,4,208,192,29
math.OA,2025,1,171,136,16
math.OA,2025,2,195,154,2
math.OA,2025,3,218,148,2
math.OA,2025,4,226,185,2
math.OA,2026,1,218,218,325
math.OA,2026,2,276,258,2
math.OA,2026,3,43,0,0
math.OC,1993,4,1,0,0
math.OC,1995,1,1,1,0
math.OC,1995,2,1,1,0
math.OC,1997,1,1,1,1
math.OC,1997,2,1,1,0
math.OC,1998,3,3,3,1
math.OC,1998,4,4,4,0
math.OC,1999,1,12,12,412
math.OC,1999,2,9,8,157
math.OC,1999,3,9,8,13
math.OC,1999,4,10,10,136
math.OC,2000,1,8,8,17
math.OC,2000,2,11,11,392
math.OC,2000,3,9,9,18
math.OC,2000,4,12,12,374
math.OC,2001,1,9,8,95
math.OC,2001,2,13,13,182
math.OC,2001,3,7,7,154
math.OC,2001,4,12,12,15
math.OC,2002,1,15,15,228
math.OC,2002,2,28,26,327
math.OC,2002,3,22,22,124
math.OC,2002,4,28,28,771
math.OC,2003,1,22,21,133
math.OC,2003,2,21,21,522
math.OC,2003,3,22,22,64
math.OC,2003,4,23,23,101
math.OC,2004,1,24,24,487
math.OC,2004,2,36,36,792
math.OC,2004,3,19,19,412
math.OC,2004,4,31,31,330
math.OC,2005,1,37,36,620
math.OC,2005,2,30,30,482
math.OC,2005,3,32,32,311
math.OC,2005,4,30,30,252
math.OC,2006,1,47,44,1014
math.OC,2006,2,44,44,1192
math.OC,2006,3,66,64,445
math.OC,2006,4,53,52,639
math.OC,2007,1,80,74,1313
math.OC,2007,2,68,66,4129
math.OC,2007,3,85,83,3235
math.OC,2007,4,68,66,1505
math.OC,2008,1,90,85,3603
math.OC,2008,2,110,105,885
math.OC,2008,3,79,76,1438
math.OC,2008,4,83,79,1563
math.OC,2009,1,114,110,4633
math.OC,2009,2,101,96,4154
math.OC,2009,3,103,98,1523
math.OC,2009,4,139,133,5958
math.OC,2010,1,157,146,2497
math.OC,2010,2,183,170,4650
math.OC,2010,3,163,152,6720
math.OC,2010,4,170,158,3825
math.OC,2011,1,226,212,3432
math.OC,2011,2,236,221,4856
math.OC,2011,3,257,248,5625
math.OC,2011,4,263,240,4825
math.OC,2012,1,274,265,4870
math.OC,2012,2,286,272,6755
math.OC,2012,3,325,315,6335
math.OC,2012,4,360,337,6718
math.OC,2013,1,392,369,6832
math.OC,2013,2,383,361,9379
math.OC,2013,3,414,379,12470
math.OC,2013,4,409,380,9673
math.OC,2014,1,486,444,6601
math.OC,2014,2,418,384,8251
math.OC,2014,3,463,432,8770
math.OC,2014,4,486,436,6337
math.OC,2015,1,502,446,7678
math.OC,2015,2,530,484,10442
math.OC,2015,3,649,582,10896
math.OC,2015,4,556,489,10195
math.OC,2016,1,601,525,8691
math.OC,2016,2,655,560,8278
math.OC,2016,3,632,548,11606
math.OC,2016,4,696,647,9005
math.OC,2017,1,717,668,9784
math.OC,2017,2,735,639,9411
math.OC,2017,3,716,614,9842
math.OC,2017,4,791,695,19310
math.OC,2018,1,934,797,9710
math.OC,2018,2,829,743,8387
math.OC,2018,3,840,738,10343
math.OC,2018,4,931,814,10294
math.OC,2019,1,1051,935,9030
math.OC,2019,2,1075,967,12382
math.OC,2019,3,1021,876,8783
math.OC,2019,4,1265,1106,9276
math.OC,2020,1,1302,1153,10887
math.OC,2020,2,1428,1269,8689
math.OC,2020,3,1242,1111,7025
math.OC,2020,4,1364,1248,5967
math.OC,2021,1,1368,1258,5995
math.OC,2021,2,1373,1280,4844
math.OC,2021,3,1198,1144,3573
math.OC,2021,4,1326,1292,3848
math.OC,2022,1,1309,1275,2513
math.OC,2022,2,1346,1318,2227
math.OC,2022,3,1261,1241,1603
math.OC,2022,4,1378,1354,1195
math.OC,2023,1,1437,1415,1246
math.OC,2023,2,1396,1363,1580
math.OC,2023,3,1295,1280,922
math.OC,2023,4,1559,1529,888
math.OC,2024,1,1698,1611,1665
math.OC,2024,2,1487,1423,671
math.OC,2024,3,1401,1307,524
math.OC,2024,4,1602,1506,545
math.OC,2025,1,1647,1301,552
math.OC,2025,2,1698,1403,313
math.OC,2025,3,1566,999,198
math.OC,2025,4,1815,1556,425
math.OC,2026,1,1830,1826,152
math.OC,2026,2,2163,2017,17
math.OC,2026,3,352,0,0
math.PR,1990,1,2,2,0
math.PR,1992,2,1,1,0
math.PR,1993,1,1,1,11
math.PR,1993,3,1,1,1
math.PR,1993,4,2,2,10
math.PR,1994,2,2,2,5
math.PR,1994,4,1,1,0
math.PR,1995,2,2,2,68
math.PR,1995,3,1,1,2
math.PR,1995,4,1,1,24
math.PR,1996,1,2,2,0
math.PR,1996,3,4,4,192
math.PR,1997,1,10,10,17
math.PR,1997,2,3,3,30
math.PR,1997,3,1,1,0
math.PR,1997,4,5,5,19
math.PR,1998,1,19,19,418
math.PR,1998,2,26,25,258
math.PR,1998,3,26,26,175
math.PR,1998,4,24,22,263
math.PR,1999,1,21,21,1276
math.PR,1999,2,36,36,720
math.PR,1999,3,30,30,3135
math.PR,1999,4,30,30,682
math.PR,2000,1,42,41,1200
math.PR,2000,2,47,47,903
math.PR,2000,3,43,43,960
math.PR,2000,4,49,48,525
math.PR,2001,1,44,44,533
math.PR,2001,2,52,52,715
math.PR,2001,3,50,49,719
math.PR,2001,4,62,62,901
math.PR,2002,1,56,56,559
math.PR,2002,2,73,70,1778
math.PR,2002,3,53,53,830
math.PR,2002,4,94,92,1248
math.PR,2003,1,68,67,1622
math.PR,2003,2,120,119,1869
math.PR,2003,3,86,83,1452
math.PR,2003,4,103,103,1418
math.PR,2004,1,118,118,3250
math.PR,2004,2,205,203,3443
math.PR,2004,3,149,147,2564
math.PR,2004,4,222,219,4972
math.PR,2005,1,267,265,7111
math.PR,2005,2,206,202,5039
math.PR,2005,3,231,229,4512
math.PR,2005,4,252,249,4241
math.PR,2006,1,288,282,5198
math.PR,2006,2,272,269,3607
math.PR,2006,3,295,291,4366
math.PR,2006,4,370,365,8196
math.PR,2007,1,368,358,8009
math.PR,2007,2,302,285,3443
math.PR,2007,3,352,344,4759
math.PR,2007,4,408,384,6016
math.PR,2008,1,348,330,4840
math.PR,2008,2,379,364,5251
math.PR,2008,3,331,321,5441
math.PR,2008,4,390,366,4456
math.PR,2009,1,393,373,4274
math.PR,2009,2,374,350,4619
math.PR,2009,3,442,420,5160
math.PR,2009,4,504,479,7156
math.PR,2010,1,441,405,6590
math.PR,2010,2,507,476,5733
math.PR,2010,3,526,486,7992
math.PR,2010,4,546,494,6694
math.PR,2011,1,566,539,7684
math.PR,2011,2,564,538,6681
math.PR,2011,3,554,525,5356
math.PR,2011,4,651,600,7496
math.PR,2012,1,659,613,7264
math.PR,2012,2,595,561,5997
math.PR,2012,3,603,563,6067
math.PR,2012,4,717,670,8052
math.PR,2013,1,630,589,5793
math.PR,2013,2,682,622,6299
math.PR,2013,3,712,648,6901
math.PR,2013,4,792,724,6414
math.PR,2014,1,685,623,6410
math.PR,2014,2,722,651,4674
math.PR,2014,3,709,632,5833
math.PR,2014,4,768,664,4520
math.PR,2015,1,736,635,5021
math.PR,2015,2,803,673,4252
math.PR,2015,3,818,654,5059
math.PR,2015,4,820,649,4388
math.PR,2016,1,807,673,4792
math.PR,2016,2,811,666,5176
math.PR,2016,3,768,622,4079
math.PR,2016,4,829,703,3537
math.PR,2017,1,788,697,3971
math.PR,2017,2,764,648,5220
math.PR,2017,3,832,652,5659
math.PR,2017,4,857,689,4266
math.PR,2018,1,844,674,3813
math.PR,2018,2,867,691,5275
math.PR,2018,3,880,751,3940
math.PR,2018,4,904,748,4147
math.PR,2019,1,835,704,3678
math.PR,2019,2,920,752,3344
math.PR,2019,3,919,768,3587
math.PR,2019,4,968,820,3460
math.PR,2020,1,896,775,2929
math.PR,2020,2,1034,891,3267
math.PR,2020,3,994,874,2624
math.PR,2020,4,1043,944,2170
math.PR,2021,1,995,904,2613
math.PR,2021,2,1032,940,1866
math.PR,2021,3,927,864,1749
math.PR,2021,4,1012,970,1323
math.PR,2022,1,932,901,996
math.PR,2022,2,940,916,816
math.PR,2022,3,1029,1008,700
math.PR,2022,4,1044,1021,571
math.PR,2023,1,932,900,437
math.PR,2023,2,952,919,648
math.PR,2023,3,1029,999,308
math.PR,2023,4,1114,1078,298
math.PR,2024,1,1104,1031,391
math.PR,2024,2,1043,976,196
math.PR,2024,3,1068,969,221
math.PR,2024,4,1258,1165,151
math.PR,2025,1,1252,971,158
math.PR,2025,2,1150,926,40
math.PR,2025,3,1211,805,21
math.PR,2025,4,1350,1167,11
math.PR,2026,1,1345,1338,15
math.PR,2026,2,1591,1451,2
math.PR,2026,3,288,0,0
math.QA,1990,2,1,1,4
math.QA,1991,4,13,13,546
math.QA,1992,1,9,9,288
math.QA,1992,2,4,4,257
math.QA,1992,3,13,13,652
math.QA,1992,4,16,16,316
math.QA,1993,1,40,40,593
math.QA,1993,2,36,36,678
math.QA,1993,3,43,43,913
math.QA,1993,4,59,59,1445
math.QA,1994,1,65,65,2113
math.QA,1994,2,60,60,2437
math.QA,1994,3,57,57,1571
math.QA,1994,4,92,91,1466
math.QA,1995,1,92,91,1590
math.QA,1995,2,104,104,2234
math.QA,1995,3,107,107,2632
math.QA,1995,4,122,119,2046
math.QA,1996,1,120,120,3274
math.QA,1996,2,132,129,2778
math.QA,1996,3,115,115,1796
math.QA,1996,4,153,153,2807
math.QA,1997,1,163,161,3206
math.QA,1997,2,122,120,1280
math.QA,1997,3,136,134,4778
math.QA,1997,4,164,163,1752
math.QA,1998,1,121,120,1952
math.QA,1998,2,133,133,1465
math.QA,1998,3,141,141,2810
math.QA,1998,4,126,124,1699
math.QA,1999,1,110,109,1406
math.QA,1999,2,123,122,1853
math.QA,1999,3,116,116,1776
math.QA,1999,4,148,146,2884
math.QA,2000,1,130,129,2504
math.QA,2000,2,138,138,1863
math.QA,2000,3,117,115,1287
math.QA,2000,4,146,146,2259
math.QA,2001,1,136,136,2119
math.QA,2001,2,144,142,1818
math.QA,2001,3,104,103,2867
math.QA,2001,4,163,160,1952
math.QA,2002,1,141,140,1985
math.QA,2002,2,132,132,2132
math.QA,2002,3,136,136,2292
math.QA,2002,4,162,161,1307
math.QA,2003,1,136,135,1293
math.QA,2003,2,155,155,2785
math.QA,2003,3,138,138,1518
math.QA,2003,4,142,140,1585
math.QA,2004,1,130,127,2007
math.QA,2004,2,126,125,1371
math.QA,2004,3,129,128,2204
math.QA,2004,4,161,160,2807
math.QA,2005,1,130,130,1330
math.QA,2005,2,125,124,2443
math.QA,2005,3,127,125,1703
math.QA,2005,4,177,177,2008
math.QA,2006,1,149,146,2298
math.QA,2006,2,147,147,2179
math.QA,2006,3,132,128,1223
math.QA,2006,4,150,146,2041
math.QA,2007,1,125,122,1860
math.QA,2007,2,143,139,1507
math.QA,2007,3,127,121,1676
math.QA,2007,4,184,180,2235
math.QA,2008,1,133,132,2215
math.QA,2008,2,131,127,953
math.QA,2008,3,140,129,1964
math.QA,2008,4,156,149,1494
math.QA,2009,1,139,136,1556
math.QA,2009,2,136,130,2476
math.QA,2009,3,170,162,1748
math.QA,2009,4,157,144,1376
math.QA,2010,1,165,152,1954
math.QA,2010,2,140,123,2055
math.QA,2010,3,153,134,1270
math.QA,2010,4,168,147,1481
math.QA,2011,1,134,120,1164
math.QA,2011,2,134,127,2067
math.QA,2011,3,161,141,1434
math.QA,2011,4,180,166,2073
math.QA,2012,1,151,132,1758
math.QA,2012,2,151,137,1610
math.QA,2012,3,156,138,1829
math.QA,2012,4,172,148,1476
math.QA,2013,1,147,134,1478
math.QA,2013,2,162,141,1892
math.QA,2013,3,178,155,1809
math.QA,2013,4,167,149,1555
math.QA,2014,1,154,139,861
math.QA,2014,2,166,144,1706
math.QA,2014,3,155,136,1736
math.QA,2014,4,190,162,1329
math.QA,2015,1,171,133,1566
math.QA,2015,2,176,146,1404
math.QA,2015,3,162,143,1352
math.QA,2015,4,174,130,1376
math.QA,2016,1,170,145,1473
math.QA,2016,2,194,163,1582
math.QA,2016,3,159,136,988
math.QA,2016,4,210,183,1484
math.QA,2017,1,166,150,1160
math.QA,2017,2,184,165,1627
math.QA,2017,3,171,135,1132
math.QA,2017,4,179,149,941
math.QA,2018,1,166,142,1199
math.QA,2018,2,177,151,1116
math.QA,2018,3,179,152,927
math.QA,2018,4,204,171,1411
math.QA,2019,1,172,153,926
math.QA,2019,2,176,147,944
math.QA,2019,3,155,134,794
math.QA,2019,4,251,216,1122
math.QA,2020,1,182,161,1021
math.QA,2020,2,188,170,1088
math.QA,2020,3,201,187,999
math.QA,2020,4,190,172,691
math.QA,2021,1,158,151,545
math.QA,2021,2,174,165,611
math.QA,2021,3,189,182,576
math.QA,2021,4,191,184,507
math.QA,2022,1,176,175,166
math.QA,2022,2,170,168,210
math.QA,2022,3,195,193,206
math.QA,2022,4,221,220,134
math.QA,2023,1,199,195,77
math.QA,2023,2,220,218,227
math.QA,2023,3,214,211,121
math.QA,2023,4,221,214,73
math.QA,2024,1,217,208,59
math.QA,2024,2,216,209,58
math.QA,2024,3,212,202,65
math.QA,2024,4,258,241,44
math.QA,2025,1,211,167,22
math.QA,2025,2,230,188,13
math.QA,2025,3,253,175,4
math.QA,2025,4,277,238,0
math.QA,2026,1,252,251,0
math.QA,2026,2,249,230,0
math.QA,2026,3,61,0,0
math.RA,1992,2,2,2,30
math.RA,1993,1,3,3,1
math.RA,1993,2,2,2,1
math.RA,1993,3,2,2,0
math.RA,1993,4,2,2,0
math.RA,1994,1,1,1,1
math.RA,1994,2,1,1,0
math.RA,1994,3,1,1,0
math.RA,1994,4,3,3,8
math.RA,1995,1,3,3,0
math.RA,1995,2,1,1,1
math.RA,1995,4,1,1,0
math.RA,1996,1,2,2,17
math.RA,1996,2,4,4,21
math.RA,1996,3,6,6,4
math.RA,1996,4,2,2,6
math.RA,1997,1,5,5,0
math.RA,1997,2,2,2,6
math.RA,1997,3,6,6,5
math.RA,1997,4,6,6,11
math.RA,1998,1,9,9,21
math.RA,1998,2,16,16,512
math.RA,1998,3,34,34,157
math.RA,1998,4,15,15,19
math.RA,1999,1,24,23,240
math.RA,1999,2,25,25,175
math.RA,1999,3,24,23,80
math.RA,1999,4,40,40,505
math.RA,2000,1,30,30,313
math.RA,2000,2,35,33,108
math.RA,2000,3,39,39,247
math.RA,2000,4,39,39,132
math.RA,2001,1,30,30,72
math.RA,2001,2,45,45,425
math.RA,2001,3,42,40,299
math.RA,2001,4,40,40,150
math.RA,2002,1,46,44,178
math.RA,2002,2,47,47,430
math.RA,2002,3,47,47,693
math.RA,2002,4,50,49,361
math.RA,2003,1,40,40,153
math.RA,2003,2,45,45,202
math.RA,2003,3,44,44,137
math.RA,2003,4,55,55,486
math.RA,2004,1,60,60,556
math.RA,2004,2,62,62,198
math.RA,2004,3,81,80,1035
math.RA,2004,4,82,82,503
math.RA,2005,1,73,73,639
math.RA,2005,2,97,97,776
math.RA,2005,3,79,79,530
math.RA,2005,4,129,128,709
math.RA,2006,1,69,68,320
math.RA,2006,2,96,95,767
math.RA,2006,3,86,85,452
math.RA,2006,4,117,115,1018
math.RA,2007,1,121,120,865
math.RA,2007,2,117,113,444
math.RA,2007,3,116,109,731
math.RA,2007,4,156,154,1072
math.RA,2008,1,128,126,717
math.RA,2008,2,134,132,700
math.RA,2008,3,118,109,717
math.RA,2008,4,139,134,980
math.RA,2009,1,161,155,1135
math.RA,2009,2,147,137,1036
math.RA,2009,3,128,125,951
math.RA,2009,4,148,139,842
math.RA,2010,1,154,134,1086
math.RA,2010,2,164,138,1553
math.RA,2010,3,137,119,866
math.RA,2010,4,176,158,1016
math.RA,2011,1,165,147,789
math.RA,2011,2,156,141,1085
math.RA,2011,3,184,163,873
math.RA,2011,4,167,154,932
math.RA,2012,1,168,151,586
math.RA,2012,2,180,160,915
math.RA,2012,3,187,168,986
math.RA,2012,4,231,199,1027
math.RA,2013,1,234,213,1372
math.RA,2013,2,243,222,1579
math.RA,2013,3,215,185,760
math.RA,2013,4,205,184,755
math.RA,2014,1,214,197,945
math.RA,2014,2,211,183,982
math.RA,2014,3,217,190,883
math.RA,2014,4,210,182,741
math.RA,2015,1,209,183,864
math.RA,2015,2,222,172,817
math.RA,2015,3,232,190,992
math.RA,2015,4,265,196,648
math.RA,2016,1,250,198,723
math.RA,2016,2,236,183,1035
math.RA,2016,3,215,180,749
math.RA,2016,4,235,206,783
math.RA,2017,1,230,212,891
math.RA,2017,2,238,195,732
math.RA,2017,3,264,211,682
math.RA,2017,4,250,197,633
math.RA,2018,1,228,177,538
math.RA,2018,2,261,210,941
math.RA,2018,3,246,218,766
math.RA,2018,4,273,223,733
math.RA,2019,1,273,213,619
math.RA,2019,2,273,223,662
math.RA,2019,3,252,200,704
math.RA,2019,4,293,232,475
math.RA,2020,1,271,223,604
math.RA,2020,2,305,249,515
math.RA,2020,3,311,266,494
math.RA,2020,4,252,219,339
math.RA,2021,1,230,198,253
math.RA,2021,2,247,218,141
math.RA,2021,3,263,238,228
math.RA,2021,4,233,220,217
math.RA,2022,1,258,250,113
math.RA,2022,2,281,279,195
math.RA,2022,3,324,321,71
math.RA,2022,4,288,287,71
math.RA,2023,1,277,272,76
math.RA,2023,2,301,295,117
math.RA,2023,3,292,288,57
math.RA,2023,4,272,267,51
math.RA,2024,1,344,339,191
math.RA,2024,2,334,321,35
math.RA,2024,3,290,272,31
math.RA,2024,4,316,299,14
math.RA,2025,1,308,228,28
math.RA,2025,2,331,265,76
math.RA,2025,3,376,245,11
math.RA,2025,4,403,347,1
math.RA,2026,1,346,345,29
math.RA,2026,2,387,346,0
math.RA,2026,3,57,0,0
math.RT,1992,1,2,2,19
math.RT,1992,2,4,4,2
math.RT,1992,3,1,1,0
math.RT,1993,1,1,1,0
math.RT,1993,2,1,1,0
math.RT,1993,3,1,1,0
math.RT,1994,1,2,2,6
math.RT,1994,3,4,4,5
math.RT,1994,4,4,4,1
math.RT,1995,1,2,2,1
math.RT,1995,2,8,7,2
math.RT,1995,3,3,3,1
math.RT,1995,4,5,5,5
math.RT,1996,1,5,5,256
math.RT,1996,2,3,3,23
math.RT,1996,3,6,6,2
math.RT,1996,4,4,4,2
math.RT,1997,1,5,5,122
math.RT,1997,2,1,1,0
math.RT,1997,3,4,4,76
math.RT,1997,4,4,4,4
math.RT,1998,1,22,22,126
math.RT,1998,2,22,22,300
math.RT,1998,3,35,35,292
math.RT,1998,4,43,43,310
math.RT,1999,1,36,36,274
math.RT,1999,2,40,38,470
math.RT,1999,3,54,53,562
math.RT,1999,4,51,50,341
math.RT,2000,1,48,47,182
math.RT,2000,2,47,46,321
math.RT,2000,3,41,41,554
math.RT,2000,4,55,55,475
math.RT,2001,1,40,40,111
math.RT,2001,2,51,49,431
math.RT,2001,3,53,52,482
math.RT,2001,4,60,60,524
math.RT,2002,1,76,75,420
math.RT,2002,2,77,77,1133
math.RT,2002,3,64,64,490
math.RT,2002,4,78,78,649
math.RT,2003,1,74,74,552
math.RT,2003,2,94,94,451
math.RT,2003,3,88,87,342
math.RT,2003,4,118,118,835
math.RT,2004,1,121,121,945
math.RT,2004,2,97,96,488
math.RT,2004,3,105,104,680
math.RT,2004,4,108,108,598
math.RT,2005,1,122,121,1202
math.RT,2005,2,127,124,1047
math.RT,2005,3,120,117,709
math.RT,2005,4,134,133,662
math.RT,2006,1,144,141,637
math.RT,2006,2,160,156,1288
math.RT,2006,3,159,155,1796
math.RT,2006,4,175,174,1454
math.RT,2007,1,144,143,1423
math.RT,2007,2,176,166,1297
math.RT,2007,3,192,187,1704
math.RT,2007,4,238,230,1687
math.RT,2008,1,196,191,2266
math.RT,2008,2,187,178,1264
math.RT,2008,3,188,180,1497
math.RT,2008,4,246,233,2075
math.RT,2009,1,215,197,1719
math.RT,2009,2,225,215,1849
math.RT,2009,3,188,182,2202
math.RT,2009,4,233,215,1260
math.RT,2010,1,222,193,1658
math.RT,2010,2,249,218,2458
math.RT,2010,3,241,211,1783
math.RT,2010,4,298,265,1843
math.RT,2011,1,259,230,1583
math.RT,2011,2,243,225,1780
math.RT,2011,3,256,224,1539
math.RT,2011,4,305,273,2341
math.RT,2012,1,264,227,1651
math.RT,2012,2,268,233,1874
math.RT,2012,3,300,273,2840
math.RT,2012,4,336,294,2278
math.RT,2013,1,291,261,2009
math.RT,2013,2,268,240,1359
math.RT,2013,3,334,294,2765
math.RT,2013,4,317,286,1905
math.RT,2014,1,288,252,1449
math.RT,2014,2,318,282,2047
math.RT,2014,3,373,325,2352
math.RT,2014,4,335,278,1673
math.RT,2015,1,305,244,1754
math.RT,2015,2,366,295,2019
math.RT,2015,3,334,266,1441
math.RT,2015,4,385,301,1748
math.RT,2016,1,385,316,2433
math.RT,2016,2,347,280,1741
math.RT,2016,3,325,272,1192
math.RT,2016,4,412,358,2067
math.RT,2017,1,376,330,1712
math.RT,2017,2,394,327,1860
math.RT,2017,3,366,299,1290
math.RT,2017,4,400,330,1587
math.RT,2018,1,384,320,1207
math.RT,2018,2,363,303,1256
math.RT,2018,3,359,301,1215
math.RT,2018,4,407,337,1301
math.RT,2019,1,351,288,894
math.RT,2019,2,389,311,1222
math.RT,2019,3,366,316,952
math.RT,2019,4,426,360,1182
math.RT,2020,1,390,333,1015
math.RT,2020,2,423,368,969
math.RT,2020,3,417,374,942
math.RT,2020,4,413,380,690
math.RT,2021,1,354,321,554
math.RT,2021,2,376,348,605
math.RT,2021,3,434,411,563
math.RT,2021,4,425,411,432
math.RT,2022,1,356,350,201
math.RT,2022,2,375,368,176
math.RT,2022,3,432,430,215
math.RT,2022,4,434,432,166
math.RT,2023,1,435,431,172
math.RT,2023,2,402,393,100
math.RT,2023,3,449,445,91
math.RT,2023,4,487,479,122
math.RT,2024,1,446,432,82
math.RT,2024,2,448,425,38
math.RT,2024,3,478,440,54
math.RT,2024,4,522,504,22
math.RT,2025,1,474,368,32
math.RT,2025,2,483,374,59
math.RT,2025,3,559,383,3
math.RT,2025,4,554,456,1
math.RT,2026,1,510,510,0
math.RT,2026,2,571,529,0
math.RT,2026,3,96,0,0
math.SG,1992,4,2,2,13
math.SG,1993,1,2,2,869
math.SG,1993,2,1,1,2
math.SG,1993,3,1,1,26
math.SG,1993,4,4,4,52
math.SG,1994,2,2,2,25
math.SG,1994,3,1,1,8
math.SG,1995,3,1,1,9
math.SG,1995,4,1,1,3
math.SG,1997,1,1,1,2
math.SG,1997,2,1,1,0
math.SG,1997,4,1,1,1
math.SG,1998,1,6,6,33
math.SG,1998,2,9,9,50
math.SG,1998,3,27,27,935
math.SG,1998,4,39,39,86
math.SG,1999,1,27,27,206
math.SG,1999,2,36,36,406
math.SG,1999,3,24,24,460
math.SG,1999,4,33,32,448
math.SG,2000,1,39,39,321
math.SG,2000,2,34,34,1052
math.SG,2000,3,49,49,385
math.SG,2000,4,58,58,457
math.SG,2001,1,45,44,537
math.SG,2001,2,47,47,940
math.SG,2001,3,37,37,445
math.SG,2001,4,46,46,551
math.SG,2002,1,57,57,681
math.SG,2002,2,51,51,397
math.SG,2002,3,58,57,554
math.SG,2002,4,60,60,692
math.SG,2003,1,50,50,882
math.SG,2003,2,50,48,803
math.SG,2003,3,69,69,976
math.SG,2003,4,72,70,1211
math.SG,2004,1,72,72,475
math.SG,2004,2,74,73,728
math.SG,2004,3,59,59,464
math.SG,2004,4,81,81,1254
math.SG,2005,1,63,62,421
math.SG,2005,2,71,71,916
math.SG,2005,3,53,53,849
math.SG,2005,4,43,42,426
math.SG,2006,1,53,52,319
math.SG,2006,2,67,66,1009
math.SG,2006,3,59,57,543
math.SG,2006,4,82,81,893
math.SG,2007,1,83,81,1169
math.SG,2007,2,70,67,1253
math.SG,2007,3,79,75,1371
math.SG,2007,4,92,88,1353
math.SG,2008,1,68,65,638
math.SG,2008,2,69,62,648
math.SG,2008,3,83,80,810
math.SG,2008,4,92,88,871
math.SG,2009,1,73,68,818
math.SG,2009,2,71,64,738
math.SG,2009,3,75,70,694
math.SG,2009,4,111,101,633
math.SG,2010,1,79,66,693
math.SG,2010,2,97,86,856
math.SG,2010,3,61,51,655
math.SG,2010,4,100,84,955
math.SG,2011,1,99,87,1116
math.SG,2011,2,80,71,620
math.SG,2011,3,101,93,785
math.SG,2011,4,102,91,1018
math.SG,2012,1,88,76,866
math.SG,2012,2,85,74,925
math.SG,2012,3,90,82,717
math.SG,2012,4,123,108,906
math.SG,2013,1,93,83,583
math.SG,2013,2,100,87,883
math.SG,2013,3,106,97,790
math.SG,2013,4,107,94,865
math.SG,2014,1,71,62,475
math.SG,2014,2,115,95,800
math.SG,2014,3,113,98,836
math.SG,2014,4,118,99,678
math.SG,2015,1,90,76,600
math.SG,2015,2,87,73,463
math.SG,2015,3,122,102,701
math.SG,2015,4,135,105,794
math.SG,2016,1,102,86,442
math.SG,2016,2,87,75,772
math.SG,2016,3,103,86,474
math.SG,2016,4,100,88,548
math.SG,2017,1,95,85,428
math.SG,2017,2,94,77,626
math.SG,2017,3,95,67,539
math.SG,2017,4,120,101,597
math.SG,2018,1,114,101,570
math.SG,2018,2,105,88,701
math.SG,2018,3,119,108,436
math.SG,2018,4,127,109,544
math.SG,2019,1,116,97,295
math.SG,2019,2,100,84,348
math.SG,2019,3,96,80,336
math.SG,2019,4,144,131,625
math.SG,2020,1,124,106,413
math.SG,2020,2,125,113,369
math.SG,2020,3,101,93,251
math.SG,2020,4,134,122,239
math.SG,2021,1,112,104,198
math.SG,2021,2,113,103,193
math.SG,2021,3,113,109,121
math.SG,2021,4,126,125,140
math.SG,2022,1,101,97,41
math.SG,2022,2,127,125,53
math.SG,2022,3,109,107,90
math.SG,2022,4,146,143,56
math.SG,2023,1,115,114,25
math.SG,2023,2,109,105,32
math.SG,2023,3,149,145,35
math.SG,2023,4,140,137,29
math.SG,2024,1,116,114,17
math.SG,2024,2,149,145,20
math.SG,2024,3,119,107,14
math.SG,2024,4,173,166,5
math.SG,2025,1,125,100,8
math.SG,2025,2,128,106,0
math.SG,2025,3,143,90,0
math.SG,2025,4,158,139,0
math.SG,2026,1,137,137,0
math.SG,2026,2,157,141,0
math.SG,2026,3,39,0,0
math.SP,1992,2,1,1,0
math.SP,1992,4,1,1,0
math.SP,1993,1,1,1,0
math.SP,1993,3,1,1,0
math.SP,1993,4,1,1,0
math.SP,1994,4,1,1,0
math.SP,1995,4,1,1,0
math.SP,1996,1,1,1,11
math.SP,1996,2,1,1,0
math.SP,1996,4,1,1,10
math.SP,1997,1,5,5,3
math.SP,1997,2,2,2,45
math.SP,1997,3,1,1,6
math.SP,1997,4,1,1,0
math.SP,1998,1,16,16,155
math.SP,1998,2,24,24,548
math.SP,1998,3,11,11,112
math.SP,1998,4,15,15,104
math.SP,1999,1,20,20,157
math.SP,1999,2,20,20,209
math.SP,1999,3,9,9,95
math.SP,1999,4,13,13,180
math.SP,2000,1,21,21,69
math.SP,2000,2,19,19,160
math.SP,2000,3,22,21,103
math.SP,2000,4,23,23,341
math.SP,2001,1,19,19,274
math.SP,2001,2,18,18,274
math.SP,2001,3,23,23,426
math.SP,2001,4,38,38,276
math.SP,2002,1,34,33,430
math.SP,2002,2,16,16,243
math.SP,2002,3,26,26,151
math.SP,2002,4,32,32,352
math.SP,2003,1,38,37,297
math.SP,2003,2,30,30,263
math.SP,2003,3,27,27,570
math.SP,2003,4,55,55,446
math.SP,2004,1,34,32,197
math.SP,2004,2,38,38,222
math.SP,2004,3,36,36,303
math.SP,2004,4,47,47,370
math.SP,2005,1,46,45,564
math.SP,2005,2,47,47,464
math.SP,2005,3,50,49,407
math.SP,2005,4,55,54,523
math.SP,2006,1,47,46,369
math.SP,2006,2,47,45,400
math.SP,2006,3,43,41,233
math.SP,2006,4,63,63,835
math.SP,2007,1,70,68,687
math.SP,2007,2,57,55,860
math.SP,2007,3,75,73,938
math.SP,2007,4,83,81,887
math.SP,2008,1,74,68,422
math.SP,2008,2,63,60,533
math.SP,2008,3,58,54,389
math.SP,2008,4,66,63,636
math.SP,2009,1,79,72,527
math.SP,2009,2,78,74,876
math.SP,2009,3,62,60,539
math.SP,2009,4,67,65,498
math.SP,2010,1,86,80,573
math.SP,2010,2,110,106,1235
math.SP,2010,3,101,91,526
math.SP,2010,4,88,80,687
math.SP,2011,1,98,88,545
math.SP,2011,2,87,74,393
math.SP,2011,3,97,84,833
math.SP,2011,4,112,107,614
math.SP,2012,1,86,81,843
math.SP,2012,2,113,100,1532
math.SP,2012,3,106,97,1059
math.SP,2012,4,122,114,816
math.SP,2013,1,119,108,1032
math.SP,2013,2,105,95,868
math.SP,2013,3,107,95,475
math.SP,2013,4,115,109,662
math.SP,2014,1,130,120,903
math.SP,2014,2,117,107,792
math.SP,2014,3,120,99,626
math.SP,2014,4,137,120,799
math.SP,2015,1,128,114,616
math.SP,2015,2,143,119,753
math.SP,2015,3,124,106,1020
math.SP,2015,4,166,137,796
math.SP,2016,1,143,123,875
math.SP,2016,2,134,100,1044
math.SP,2016,3,148,122,770
math.SP,2016,4,127,102,530
math.SP,2017,1,141,133,1059
math.SP,2017,2,149,122,633
math.SP,2017,3,106,82,472
math.SP,2017,4,164,124,701
math.SP,2018,1,142,114,490
math.SP,2018,2,130,112,608
math.SP,2018,3,123,104,497
math.SP,2018,4,133,110,425
math.SP,2019,1,150,127,431
math.SP,2019,2,121,103,626
math.SP,2019,3,187,154,649
math.SP,2019,4,156,126,567
math.SP,2020,1,153,134,404
math.SP,2020,2,173,147,519
math.SP,2020,3,167,146,364
math.SP,2020,4,170,157,452
math.SP,2021,1,146,134,402
math.SP,2021,2,150,139,287
math.SP,2021,3,162,159,292
math.SP,2021,4,141,134,247
math.SP,2022,1,163,162,87
math.SP,2022,2,147,144,243
math.SP,2022,3,135,132,64
math.SP,2022,4,122,122,45
math.SP,2023,1,118,116,42
math.SP,2023,2,165,159,50
math.SP,2023,3,150,149,28
math.SP,2023,4,170,167,30
math.SP,2024,1,171,159,36
math.SP,2024,2,142,135,30
math.SP,2024,3,162,147,42
math.SP,2024,4,189,171,31
math.SP,2025,1,166,121,13
math.SP,2025,2,215,173,248
math.SP,2025,3,187,117,1
math.SP,2025,4,183,147,1
math.SP,2026,1,230,230,0
math.SP,2026,2,264,240,8
math.SP,2026,3,34,0,0
math.ST,1994,2,1,1,2
math.ST,1997,1,1,1,9
math.ST,1998,3,1,1,213
math.ST,1999,1,1,1,3
math.ST,1999,4,1,1,3
math.ST,2000,1,2,2,16
math.ST,2000,2,1,1,0
math.ST,2000,3,4,4,118
math.ST,2000,4,2,1,2
math.ST,2001,1,1,1,11
math.ST,2001,2,3,3,6
math.ST,2001,3,3,3,31
math.ST,2001,4,10,9,142
math.ST,2002,1,4,4,11
math.ST,2002,2,5,5,24
math.ST,2002,3,3,3,8
math.ST,2002,4,12,12,67
math.ST,2003,1,4,4,39
math.ST,2003,2,17,17,125
math.ST,2003,3,7,6,236
math.ST,2003,4,9,9,157
math.ST,2004,1,7,7,411
math.ST,2004,2,69,69,99652
math.ST,2004,3,23,22,547
math.ST,2004,4,60,60,3091
math.ST,2005,1,58,58,1810
math.ST,2005,2,80,80,5798
math.ST,2005,3,113,112,7605
math.ST,2005,4,52,52,1222
math.ST,2006,1,99,97,3984
math.ST,2006,2,107,106,4339
math.ST,2006,3,119,119,7265
math.ST,2006,4,182,181,7989
math.ST,2007,1,171,168,7486
math.ST,2007,2,93,85,6925
math.ST,2007,3,170,169,6861
math.ST,2007,4,145,140,4752
math.ST,2008,1,185,178,11745
math.ST,2008,2,200,199,8767
math.ST,2008,3,130,123,4521
math.ST,2008,4,152,146,2704
math.ST,2009,1,154,149,8499
math.ST,2009,2,145,139,4461
math.ST,2009,3,185,179,11540
math.ST,2009,4,145,136,4634
math.ST,2010,1,192,184,10589
math.ST,2010,2,124,114,3150
math.ST,2010,3,133,122,4488
math.ST,2010,4,212,202,11429
math.ST,2011,1,207,196,5153
math.ST,2011,2,212,194,5274
math.ST,2011,3,204,189,3429
math.ST,2011,4,227,204,5106
math.ST,2012,1,238,228,5521
math.ST,2012,2,271,251,7259
math.ST,2012,3,212,199,7201
math.ST,2012,4,250,239,8345
math.ST,2013,1,260,239,6225
math.ST,2013,2,235,221,5548
math.ST,2013,3,236,215,4660
math.ST,2013,4,291,270,6101
math.ST,2014,1,264,236,3589
math.ST,2014,2,288,266,4998
math.ST,2014,3,243,218,3481
math.ST,2014,4,307,275,4071
math.ST,2015,1,278,249,3098
math.ST,2015,2,306,263,3305
math.ST,2015,3,311,258,2696
math.ST,2015,4,298,249,6429
math.ST,2016,1,301,251,4226
math.ST,2016,2,283,231,2382
math.ST,2016,3,279,236,2052
math.ST,2016,4,343,295,2434
math.ST,2017,1,268,243,1820
math.ST,2017,2,337,292,3605
math.ST,2017,3,309,256,2347
math.ST,2017,4,355,300,2954
math.ST,2018,1,323,266,2344
math.ST,2018,2,321,276,2158
math.ST,2018,3,301,255,1959
math.ST,2018,4,375,325,2045
math.ST,2019,1,378,325,2012
math.ST,2019,2,466,406,2319
math.ST,2019,3,407,356,2289
math.ST,2019,4,468,414,1974
math.ST,2020,1,456,412,1864
math.ST,2020,2,501,449,2073
math.ST,2020,3,457,411,1576
math.ST,2020,4,516,485,1726
math.ST,2021,1,461,430,1303
math.ST,2021,2,481,454,2070
math.ST,2021,3,454,428,1378
math.ST,2021,4,514,493,799
math.ST,2022,1,410,399,507
math.ST,2022,2,496,488,774
math.ST,2022,3,501,492,468
math.ST,2022,4,544,537,428
math.ST,2023,1,472,464,378
math.ST,2023,2,505,496,299
math.ST,2023,3,437,428,415
math.ST,2023,4,528,523,196
math.ST,2024,1,570,544,369
math.ST,2024,2,577,556,251
math.ST,2024,3,486,453,118
math.ST,2024,4,540,508,133
math.ST,2025,1,578,459,65
math.ST,2025,2,618,510,36
math.ST,2025,3,549,378,26
math.ST,2025,4,721,624,13
math.ST,2026,1,745,741,28
math.ST,2026,2,858,793,59
math.ST,2026,3,142,0,0
mtrl-th,1994,4,24,24,2392
mtrl-th,1995,1,33,33,2719
mtrl-th,1995,2,33,33,2985
mtrl-th,1995,3,41,41,2712
mtrl-th,1995,4,32,32,8681
mtrl-th,1996,1,23,23,4207
mtrl-th,1996,2,32,32,1336
mtrl-th,1996,3,44,44,3972
nlin.AO,1993,1,6,6,410
nlin.AO,1993,2,13,12,431
nlin.AO,1993,3,9,9,1189
nlin.AO,1993,4,11,11,259
nlin.AO,1994,1,12,12,392
nlin.AO,1994,2,11,10,188
nlin.AO,1994,3,11,11,393
nlin.AO,1994,4,17,17,1117
nlin.AO,1995,1,18,17,828
nlin.AO,1995,2,20,20,1078
nlin.AO,1995,3,21,21,981
nlin.AO,1995,4,18,18,1690
nlin.AO,1996,1,20,20,1455
nlin.AO,1996,2,19,19,723
nlin.AO,1996,3,17,17,756
nlin.AO,1996,4,23,23,1229
nlin.AO,1997,1,22,22,836
nlin.AO,1997,2,30,29,1110
nlin.AO,1997,3,30,30,1968
nlin.AO,1997,4,25,25,2004
nlin.AO,1998,1,22,22,676
nlin.AO,1998,2,22,22,273
nlin.AO,1998,3,25,25,910
nlin.AO,1998,4,31,30,1049
nlin.AO,1999,1,41,41,3390
nlin.AO,1999,2,33,33,2454
nlin.AO,1999,3,34,34,8604
nlin.AO,1999,4,28,28,37427
nlin.AO,2000,1,43,43,1188
nlin.AO,2000,2,35,34,4599
nlin.AO,2000,3,34,34,1002
nlin.AO,2000,4,21,21,3129
nlin.AO,2001,1,20,20,661
nlin.AO,2001,2,29,29,21503
nlin.AO,2001,3,26,25,843
nlin.AO,2001,4,16,16,1470
nlin.AO,2002,1,19,19,206
nlin.AO,2002,2,30,30,1135
nlin.AO,2002,3,20,19,455
nlin.AO,2002,4,33,32,449
nlin.AO,2003,1,25,25,2763
nlin.AO,2003,2,24,24,593
nlin.AO,2003,3,35,35,771
nlin.AO,2003,4,29,29,1828
nlin.AO,2004,1,49,49,2604
nlin.AO,2004,2,44,44,2362
nlin.AO,2004,3,36,36,1297
nlin.AO,2004,4,21,21,959
nlin.AO,2005,1,19,19,1846
nlin.AO,2005,2,42,42,1401
nlin.AO,2005,3,24,24,751
nlin.AO,2005,4,42,42,2734
nlin.AO,2006,1,27,26,295
nlin.AO,2006,2,34,33,2079
nlin.AO,2006,3,35,34,3720
nlin.AO,2006,4,46,46,2070
nlin.AO,2007,1,30,30,562
nlin.AO,2007,2,28,27,832
nlin.AO,2007,3,45,45,1475
nlin.AO,2007,4,28,28,505
nlin.AO,2008,1,30,29,1055
nlin.AO,2008,2,36,36,829
nlin.AO,2008,3,40,40,3589
nlin.AO,2008,4,48,46,1162
nlin.AO,2009,1,34,33,563
nlin.AO,2009,2,46,46,1322
nlin.AO,2009,3,37,37,1448
nlin.AO,2009,4,62,62,4816
nlin.AO,2010,1,57,56,1589
nlin.AO,2010,2,56,55,4936
nlin.AO,2010,3,45,42,766
nlin.AO,2010,4,69,68,8701
nlin.AO,2011,1,72,70,3810
nlin.AO,2011,2,59,56,1822
nlin.AO,2011,3,64,61,2381
nlin.AO,2011,4,64,64,1897
nlin.AO,2012,1,61,58,1015
nlin.AO,2012,2,62,59,2201
nlin.AO,2012,3,91,90,2549
nlin.AO,2012,4,78,74,3001
nlin.AO,2013,1,93,92,5469
nlin.AO,2013,2,85,79,3232
nlin.AO,2013,3,81,80,2058
nlin.AO,2013,4,63,63,3882
nlin.AO,2014,1,80,79,3779
nlin.AO,2014,2,78,73,1934
nlin.AO,2014,3,88,83,8148
nlin.AO,2014,4,72,66,2449
nlin.AO,2015,1,79,73,2065
nlin.AO,2015,2,85,84,3484
nlin.AO,2015,3,80,77,2013
nlin.AO,2015,4,107,99,4302
nlin.AO,2016,1,70,67,1640
nlin.AO,2016,2,83,77,3066
nlin.AO,2016,3,77,74,1663
nlin.AO,2016,4,82,81,1484
nlin.AO,2017,1,93,93,2876
nlin.AO,2017,2,95,90,4330
nlin.AO,2017,3,98,94,2497
nlin.AO,2017,4,82,78,1862
nlin.AO,2018,1,82,79,1992
nlin.AO,2018,2,82,75,1972
nlin.AO,2018,3,81,81,1828
nlin.AO,2018,4,110,107,1790
nlin.AO,2019,1,81,78,1792
nlin.AO,2019,2,108,104,1792
nlin.AO,2019,3,121,112,2083
nlin.AO,2019,4,124,116,1931
nlin.AO,2020,1,126,116,4609
nlin.AO,2020,2,138,124,3771
nlin.AO,2020,3,158,149,1994
nlin.AO,2020,4,110,106,1323
nlin.AO,2021,1,118,110,1360
nlin.AO,2021,2,114,112,2013
nlin.AO,2021,3,93,89,641
nlin.AO,2021,4,105,102,2033
nlin.AO,2022,1,108,107,1066
nlin.AO,2022,2,120,117,271
nlin.AO,2022,3,86,86,248
nlin.AO,2022,4,93,90,117
nlin.AO,2023,1,99,98,121
nlin.AO,2023,2,116,116,165
nlin.AO,2023,3,116,115,99
nlin.AO,2023,4,120,119,90
nlin.AO,2024,1,103,103,305
nlin.AO,2024,2,108,107,218
nlin.AO,2024,3,111,107,73
nlin.AO,2024,4,104,101,56
nlin.AO,2025,1,96,79,67
nlin.AO,2025,2,144,125,68
nlin.AO,2025,3,132,95,12
nlin.AO,2025,4,147,130,31
nlin.AO,2026,1,132,132,6
nlin.AO,2026,2,169,155,0
nlin.AO,2026,3,29,0,0
nlin.CD,1992,4,1,1,7
nlin.CD,1993,1,31,30,711
nlin.CD,1993,2,39,39,1179
nlin.CD,1993,3,34,34,1707
nlin.CD,1993,4,33,33,862
nlin.CD,1994,1,29,29,4568
nlin.CD,1994,2,35,35,1058
nlin.CD,1994,3,47,46,1420
nlin.CD,1994,4,65,64,3442
nlin.CD,1995,1,80,80,2646
nlin.CD,1995,2,55,55,2968
nlin.CD,1995,3,60,59,1961
nlin.CD,1995,4,60,60,2067
nlin.CD,1996,1,69,69,1988
nlin.CD,1996,2,71,71,2968
nlin.CD,1996,3,91,91,3401
nlin.CD,1996,4,89,89,4183
nlin.CD,1997,1,80,80,3134
nlin.CD,1997,2,102,102,3764
nlin.CD,1997,3,124,124,7530
nlin.CD,1997,4,113,112,3634
nlin.CD,1998,1,139,139,5097
nlin.CD,1998,2,141,141,6417
nlin.CD,1998,3,117,116,6245
nlin.CD,1998,4,121,121,4707
nlin.CD,1999,1,120,120,3459
nlin.CD,1999,2,186,185,5883
nlin.CD,1999,3,140,138,9744
nlin.CD,1999,4,150,149,4004
nlin.CD,2000,1,147,147,8409
nlin.CD,2000,2,115,115,3043
nlin.CD,2000,3,102,102,2848
nlin.CD,2000,4,133,132,5517
nlin.CD,2001,1,125,125,4188
nlin.CD,2001,2,152,150,8404
nlin.CD,2001,3,119,119,4845
nlin.CD,2001,4,121,121,4925
nlin.CD,2002,1,148,148,5951
nlin.CD,2002,2,130,130,4706
nlin.CD,2002,3,122,122,4873
nlin.CD,2002,4,132,132,4414
nlin.CD,2003,1,127,127,3201
nlin.CD,2003,2,129,129,5441
nlin.CD,2003,3,128,128,3198
nlin.CD,2003,4,113,113,5104
nlin.CD,2004,1,106,106,4063
nlin.CD,2004,2,116,116,4261
nlin.CD,2004,3,120,120,3433
nlin.CD,2004,4,114,114,3536
nlin.CD,2005,1,131,130,5279
nlin.CD,2005,2,126,126,3227
nlin.CD,2005,3,98,98,2427
nlin.CD,2005,4,140,140,5629
nlin.CD,2006,1,124,123,3908
nlin.CD,2006,2,104,103,4492
nlin.CD,2006,3,135,134,3471
nlin.CD,2006,4,117,116,4054
nlin.CD,2007,1,102,102,3913
nlin.CD,2007,2,112,112,3559
nlin.CD,2007,3,94,94,3595
nlin.CD,2007,4,111,111,2766
nlin.CD,2008,1,115,114,3688
nlin.CD,2008,2,133,132,5663
nlin.CD,2008,3,104,103,3008
nlin.CD,2008,4,112,112,2481
nlin.CD,2009,1,101,100,4118
nlin.CD,2009,2,121,121,3610
nlin.CD,2009,3,93,92,4112
nlin.CD,2009,4,105,105,2546
nlin.CD,2010,1,88,85,1747
nlin.CD,2010,2,140,140,3426
nlin.CD,2010,3,140,137,3536
nlin.CD,2010,4,131,129,3007
nlin.CD,2011,1,161,161,5365
nlin.CD,2011,2,139,137,3297
nlin.CD,2011,3,162,160,4415
nlin.CD,2011,4,155,153,4051
nlin.CD,2012,1,172,171,3816
nlin.CD,2012,2,168,166,3454
nlin.CD,2012,3,139,136,3038
nlin.CD,2012,4,157,153,3596
nlin.CD,2013,1,148,147,4820
nlin.CD,2013,2,140,139,3991
nlin.CD,2013,3,145,137,4461
nlin.CD,2013,4,148,146,3500
nlin.CD,2014,1,159,157,5492
nlin.CD,2014,2,127,126,3158
nlin.CD,2014,3,156,154,3567
nlin.CD,2014,4,143,137,4186
nlin.CD,2015,1,141,136,5393
nlin.CD,2015,2,117,108,4774
nlin.CD,2015,3,135,130,3614
nlin.CD,2015,4,148,145,3802
nlin.CD,2016,1,135,130,3475
nlin.CD,2016,2,132,125,3409
nlin.CD,2016,3,112,111,2998
nlin.CD,2016,4,140,137,3314
nlin.CD,2017,1,134,129,3144
nlin.CD,2017,2,122,120,2839
nlin.CD,2017,3,140,136,2191
nlin.CD,2017,4,146,142,3456
nlin.CD,2018,1,143,137,4351
nlin.CD,2018,2,137,133,3654
nlin.CD,2018,3,134,133,2984
nlin.CD,2018,4,134,133,2760
nlin.CD,2019,1,118,114,1985
nlin.CD,2019,2,159,156,3109
nlin.CD,2019,3,176,172,2781
nlin.CD,2019,4,165,159,2980
nlin.CD,2020,1,149,138,2035
nlin.CD,2020,2,167,159,2149
nlin.CD,2020,3,156,150,2034
nlin.CD,2020,4,140,132,2341
nlin.CD,2021,1,151,151,2026
nlin.CD,2021,2,174,172,2055
nlin.CD,2021,3,163,159,1448
nlin.CD,2021,4,168,167,1007
nlin.CD,2022,1,149,149,987
nlin.CD,2022,2,145,143,513
nlin.CD,2022,3,142,140,473
nlin.CD,2022,4,158,158,187
nlin.CD,2023,1,149,147,154
nlin.CD,2023,2,154,153,245
nlin.CD,2023,3,150,150,200
nlin.CD,2023,4,176,173,133
nlin.CD,2024,1,149,149,367
nlin.CD,2024,2,162,159,202
nlin.CD,2024,3,188,179,228
nlin.CD,2024,4,199,197,155
nlin.CD,2025,1,182,158,4615
nlin.CD,2025,2,202,182,159
nlin.CD,2025,3,212,155,200
nlin.CD,2025,4,173,161,51
nlin.CD,2026,1,208,207,76
nlin.CD,2026,2,231,213,14
nlin.CD,2026,3,37,0,0
nlin.CG,1993,1,6,6,612
nlin.CG,1993,2,20,20,2666
nlin.CG,1993,3,11,11,3720
nlin.CG,1993,4,5,5,96
nlin.CG,1994,1,14,14,2151
nlin.CG,1994,2,12,12,1241
nlin.CG,1994,3,8,8,156
nlin.CG,1994,4,7,7,314
nlin.CG,1995,1,19,19,2140
nlin.CG,1995,2,7,7,63
nlin.CG,1995,3,13,13,583
nlin.CG,1995,4,7,7,583
nlin.CG,1996,1,8,8,614
nlin.CG,1996,2,10,10,989
nlin.CG,1996,3,8,8,410
nlin.CG,1996,4,6,6,2964
nlin.CG,1997,1,9,9,481
nlin.CG,1997,2,7,7,2810
nlin.CG,1997,3,5,5,41
nlin.CG,1997,4,1,1,434
nlin.CG,1998,1,4,4,20
nlin.CG,1998,2,5,5,339
nlin.CG,1998,3,4,4,200
nlin.CG,1998,4,12,12,542
nlin.CG,1999,1,4,4,120
nlin.CG,1999,2,2,2,0
nlin.CG,1999,3,3,3,186
nlin.CG,1999,4,5,5,496
nlin.CG,2000,1,1,1,0
nlin.CG,2000,2,10,9,397
nlin.CG,2000,3,9,9,625
nlin.CG,2000,4,4,4,96
nlin.CG,2001,1,6,6,85
nlin.CG,2001,2,6,5,17
nlin.CG,2001,3,3,3,25
nlin.CG,2001,4,5,5,205
nlin.CG,2002,1,4,4,84
nlin.CG,2002,2,11,11,456
nlin.CG,2002,3,11,11,354
nlin.CG,2002,4,9,9,96
nlin.CG,2003,1,7,7,79
nlin.CG,2003,2,10,10,247
nlin.CG,2003,3,9,9,210
nlin.CG,2003,4,6,6,101
nlin.CG,2004,1,7,7,172
nlin.CG,2004,2,11,11,387
nlin.CG,2004,3,7,7,317
nlin.CG,2004,4,11,11,375
nlin.CG,2005,1,8,8,163
nlin.CG,2005,2,9,9,80
nlin.CG,2005,3,10,10,381
nlin.CG,2005,4,10,10,91
nlin.CG,2006,1,8,8,997
nlin.CG,2006,2,9,9,118
nlin.CG,2006,3,6,6,31
nlin.CG,2006,4,17,17,897
nlin.CG,2007,1,6,6,126
nlin.CG,2007,2,4,4,36
nlin.CG,2007,3,15,15,667
nlin.CG,2007,4,10,10,167
nlin.CG,2008,1,13,13,394
nlin.CG,2008,2,9,9,225
nlin.CG,2008,3,10,9,394
nlin.CG,2008,4,12,12,379
nlin.CG,2009,1,9,9,136
nlin.CG,2009,2,6,5,92
nlin.CG,2009,3,11,11,270
nlin.CG,2009,4,6,6,83
nlin.CG,2010,1,14,14,93
nlin.CG,2010,2,9,9,112
nlin.CG,2010,3,17,17,179
nlin.CG,2010,4,29,27,272
nlin.CG,2011,1,19,19,112
nlin.CG,2011,2,16,15,193
nlin.CG,2011,3,15,15,212
nlin.CG,2011,4,19,17,424
nlin.CG,2012,1,14,14,345
nlin.CG,2012,2,22,22,472
nlin.CG,2012,3,28,27,124
nlin.CG,2012,4,16,16,169
nlin.CG,2013,1,10,10,128
nlin.CG,2013,2,23,22,414
nlin.CG,2013,3,15,13,311
nlin.CG,2013,4,15,14,211
nlin.CG,2014,1,13,11,203
nlin.CG,2014,2,9,8,58
nlin.CG,2014,3,14,14,125
nlin.CG,2014,4,13,13,150
nlin.CG,2015,1,16,14,97
nlin.CG,2015,2,17,16,69
nlin.CG,2015,3,21,20,202
nlin.CG,2015,4,15,15,235
nlin.CG,2016,1,11,11,150
nlin.CG,2016,2,16,16,162
nlin.CG,2016,3,17,17,72
nlin.CG,2016,4,14,13,94
nlin.CG,2017,1,15,15,43
nlin.CG,2017,2,12,11,266
nlin.CG,2017,3,13,13,44
nlin.CG,2017,4,24,21,305
nlin.CG,2018,1,21,20,145
nlin.CG,2018,2,18,16,61
nlin.CG,2018,3,16,16,204
nlin.CG,2018,4,10,10,133
nlin.CG,2019,1,14,14,173
nlin.CG,2019,2,18,18,97
nlin.CG,2019,3,12,11,46
nlin.CG,2019,4,14,12,114
nlin.CG,2020,1,25,21,73
nlin.CG,2020,2,24,23,333
nlin.CG,2020,3,23,21,118
nlin.CG,2020,4,12,12,154
nlin.CG,2021,1,14,14,86
nlin.CG,2021,2,16,15,228
nlin.CG,2021,3,18,16,43
nlin.CG,2021,4,20,20,104
nlin.CG,2022,1,15,15,28
nlin.CG,2022,2,13,12,19
nlin.CG,2022,3,12,12,32
nlin.CG,2022,4,17,17,29
nlin.CG,2023,1,12,12,8
nlin.CG,2023,2,18,18,44
nlin.CG,2023,3,14,14,11
nlin.CG,2023,4,24,24,10
nlin.CG,2024,1,17,17,15
nlin.CG,2024,2,19,19,1
nlin.CG,2024,3,20,19,5
nlin.CG,2024,4,16,16,13
nlin.CG,2025,1,19,16,5
nlin.CG,2025,2,18,16,12
nlin.CG,2025,3,24,14,11
nlin.CG,2025,4,19,16,1
nlin.CG,2026,1,20,20,4
nlin.CG,2026,2,29,28,0
nlin.CG,2026,3,7,0,0
nlin.PS,1993,1,9,9,272
nlin.PS,1993,2,18,17,5514
nlin.PS,1993,3,7,7,408
nlin.PS,1993,4,20,20,894
nlin.PS,1994,1,21,21,569
nlin.PS,1994,2,10,10,281
nlin.PS,1994,3,11,11,655
nlin.PS,1994,4,9,9,148
nlin.PS,1995,1,18,18,863
nlin.PS,1995,2,17,17,1890
nlin.PS,1995,3,16,16,1003
nlin.PS,1995,4,15,15,501
nlin.PS,1996,1,17,17,961
nlin.PS,1996,2,23,23,599
nlin.PS,1996,3,28,28,1144
nlin.PS,1996,4,21,21,1650
nlin.PS,1997,1,33,33,1535
nlin.PS,1997,2,30,30,2017
nlin.PS,1997,3,28,28,936
nlin.PS,1997,4,23,23,931
nlin.PS,1998,1,27,27,788
nlin.PS,1998,2,37,37,8897
nlin.PS,1998,3,40,40,1455
nlin.PS,1998,4,40,40,1725
nlin.PS,1999,1,30,30,1588
nlin.PS,1999,2,38,38,1134
nlin.PS,1999,3,35,35,1138
nlin.PS,1999,4,36,35,1372
nlin.PS,2000,1,70,70,2425
nlin.PS,2000,2,41,41,1429
nlin.PS,2000,3,47,47,1455
nlin.PS,2000,4,51,51,1941
nlin.PS,2001,1,40,40,1812
nlin.PS,2001,2,62,62,1938
nlin.PS,2001,3,47,47,1495
nlin.PS,2001,4,47,47,1573
nlin.PS,2002,1,57,57,2939
nlin.PS,2002,2,55,55,2888
nlin.PS,2002,3,54,54,1523
nlin.PS,2002,4,42,42,1301
nlin.PS,2003,1,57,57,2777
nlin.PS,2003,2,60,60,2279
nlin.PS,2003,3,77,77,4231
nlin.PS,2003,4,60,60,2518
nlin.PS,2004,1,54,54,2634
nlin.PS,2004,2,57,57,1490
nlin.PS,2004,3,61,61,2731
nlin.PS,2004,4,86,86,2752
nlin.PS,2005,1,69,69,2168
nlin.PS,2005,2,78,78,3547
nlin.PS,2005,3,57,57,2207
nlin.PS,2005,4,71,71,1915
nlin.PS,2006,1,78,78,3458
nlin.PS,2006,2,65,65,2569
nlin.PS,2006,3,73,73,1666
nlin.PS,2006,4,60,59,1535
nlin.PS,2007,1,78,78,1860
nlin.PS,2007,2,70,70,3087
nlin.PS,2007,3,64,63,1496
nlin.PS,2007,4,71,71,1622
nlin.PS,2008,1,61,61,1875
nlin.PS,2008,2,69,69,2799
nlin.PS,2008,3,66,65,2676
nlin.PS,2008,4,79,79,2470
nlin.PS,2009,1,81,81,2776
nlin.PS,2009,2,62,62,2265
nlin.PS,2009,3,88,88,3261
nlin.PS,2009,4,54,54,2144
nlin.PS,2010,1,75,74,2305
nlin.PS,2010,2,82,80,3291
nlin.PS,2010,3,70,68,1804
nlin.PS,2010,4,78,77,2966
nlin.PS,2011,1,80,79,2834
nlin.PS,2011,2,85,83,2316
nlin.PS,2011,3,77,75,2847
nlin.PS,2011,4,86,81,2316
nlin.PS,2012,1,97,97,2822
nlin.PS,2012,2,76,74,2811
nlin.PS,2012,3,72,70,2456
nlin.PS,2012,4,86,83,2419
nlin.PS,2013,1,107,107,3451
nlin.PS,2013,2,111,111,3285
nlin.PS,2013,3,110,108,3323
nlin.PS,2013,4,95,93,3130
nlin.PS,2014,1,91,90,4194
nlin.PS,2014,2,95,93,2171
nlin.PS,2014,3,109,108,3150
nlin.PS,2014,4,98,96,2554
nlin.PS,2015,1,110,107,3217
nlin.PS,2015,2,87,85,1641
nlin.PS,2015,3,101,98,3427
nlin.PS,2015,4,92,90,1992
nlin.PS,2016,1,118,115,3904
nlin.PS,2016,2,101,100,2112
nlin.PS,2016,3,114,109,1967
nlin.PS,2016,4,116,115,3793
nlin.PS,2017,1,119,116,2909
nlin.PS,2017,2,126,123,3877
nlin.PS,2017,3,122,120,2511
nlin.PS,2017,4,125,118,2566
nlin.PS,2018,1,81,79,1985
nlin.PS,2018,2,114,113,1735
nlin.PS,2018,3,111,108,2018
nlin.PS,2018,4,113,108,1478
nlin.PS,2019,1,103,98,1789
nlin.PS,2019,2,130,124,3261
nlin.PS,2019,3,131,129,2393
nlin.PS,2019,4,168,164,3417
nlin.PS,2020,1,123,114,1618
nlin.PS,2020,2,152,145,2316
nlin.PS,2020,3,170,167,2699
nlin.PS,2020,4,171,168,2449
nlin.PS,2021,1,151,148,1706
nlin.PS,2021,2,151,145,1751
nlin.PS,2021,3,119,117,1186
nlin.PS,2021,4,129,126,1100
nlin.PS,2022,1,126,123,807
nlin.PS,2022,2,121,121,675
nlin.PS,2022,3,134,134,381
nlin.PS,2022,4,156,156,300
nlin.PS,2023,1,121,120,206
nlin.PS,2023,2,137,136,122
nlin.PS,2023,3,133,132,115
nlin.PS,2023,4,118,117,87
nlin.PS,2024,1,135,134,258
nlin.PS,2024,2,142,138,201
nlin.PS,2024,3,139,137,262
nlin.PS,2024,4,141,140,59
nlin.PS,2025,1,123,103,73
nlin.PS,2025,2,125,109,113
nlin.PS,2025,3,136,102,27
nlin.PS,2025,4,151,139,22
nlin.PS,2026,1,125,125,7
nlin.PS,2026,2,147,134,1
nlin.PS,2026,3,21,0,0
nlin.SI,1991,4,3,3,207
nlin.SI,1992,1,1,1,5
nlin.SI,1992,2,3,3,381
nlin.SI,1992,3,5,5,388
nlin.SI,1992,4,9,9,2687
nlin.SI,1993,1,5,5,71
nlin.SI,1993,2,26,26,1421
nlin.SI,1993,3,18,18,309
nlin.SI,1993,4,18,18,482
nlin.SI,1994,1,25,25,602
nlin.SI,1994,2,16,16,759
nlin.SI,1994,3,23,23,700
nlin.SI,1994,4,28,28,583
nlin.SI,1995,1,24,24,595
nlin.SI,1995,2,23,23,1375
nlin.SI,1995,3,37,37,1561
nlin.SI,1995,4,38,38,1283
nlin.SI,1996,1,28,28,964
nlin.SI,1996,2,48,48,1306
nlin.SI,1996,3,45,45,1286
nlin.SI,1996,4,51,51,1708
nlin.SI,1997,1,57,57,1454
nlin.SI,1997,2,66,66,1250
nlin.SI,1997,3,67,65,3535
nlin.SI,1997,4,93,93,1822
nlin.SI,1998,1,89,89,1714
nlin.SI,1998,2,80,80,2524
nlin.SI,1998,3,75,74,1671
nlin.SI,1998,4,105,105,2077
nlin.SI,1999,1,84,83,2232
nlin.SI,1999,2,82,82,2066
nlin.SI,1999,3,90,89,1852
nlin.SI,1999,4,76,75,2065
nlin.SI,2000,1,77,77,1308
nlin.SI,2000,2,70,69,1640
nlin.SI,2000,3,68,68,951
nlin.SI,2000,4,83,83,1420
nlin.SI,2001,1,73,73,2814
nlin.SI,2001,2,90,90,2006
nlin.SI,2001,3,83,83,1922
nlin.SI,2001,4,94,93,2040
nlin.SI,2002,1,96,96,2480
nlin.SI,2002,2,86,86,1330
nlin.SI,2002,3,80,78,1231
nlin.SI,2002,4,93,92,2057
nlin.SI,2003,1,76,76,2440
nlin.SI,2003,2,84,83,2283
nlin.SI,2003,3,76,76,1586
nlin.SI,2003,4,85,85,1923
nlin.SI,2004,1,71,70,1113
nlin.SI,2004,2,95,95,3027
nlin.SI,2004,3,74,74,2158
nlin.SI,2004,4,105,103,2757
nlin.SI,2005,1,93,93,2956
nlin.SI,2005,2,93,93,2012
nlin.SI,2005,3,73,73,1807
nlin.SI,2005,4,130,129,2402
nlin.SI,2006,1,102,102,2960
nlin.SI,2006,2,130,130,2590
nlin.SI,2006,3,88,88,1483
nlin.SI,2006,4,125,125,2659
nlin.SI,2007,1,98,98,1810
nlin.SI,2007,2,87,87,1552
nlin.SI,2007,3,71,70,1621
nlin.SI,2007,4,98,98,2248
nlin.SI,2008,1,95,95,2722
nlin.SI,2008,2,80,80,2288
nlin.SI,2008,3,79,77,1881
nlin.SI,2008,4,122,122,2068
nlin.SI,2009,1,95,94,5409
nlin.SI,2009,2,95,94,2159
nlin.SI,2009,3,81,81,1295
nlin.SI,2009,4,100,99,1937
nlin.SI,2010,1,85,83,1540
nlin.SI,2010,2,92,89,1566
nlin.SI,2010,3,87,87,1355
nlin.SI,2010,4,144,141,3067
nlin.SI,2011,1,85,85,1545
nlin.SI,2011,2,102,101,1691
nlin.SI,2011,3,91,89,4130
nlin.SI,2011,4,111,109,2129
nlin.SI,2012,1,85,84,959
nlin.SI,2012,2,140,132,3108
nlin.SI,2012,3,95,87,1679
nlin.SI,2012,4,142,134,1945
nlin.SI,2013,1,119,116,1353
nlin.SI,2013,2,119,117,2403
nlin.SI,2013,3,119,116,2415
nlin.SI,2013,4,149,144,1796
nlin.SI,2014,1,117,114,2249
nlin.SI,2014,2,118,114,2179
nlin.SI,2014,3,139,136,2136
nlin.SI,2014,4,141,136,1554
nlin.SI,2015,1,102,96,1607
nlin.SI,2015,2,100,97,1544
nlin.SI,2015,3,101,94,1157
nlin.SI,2015,4,161,158,1972
nlin.SI,2016,1,117,110,2131
nlin.SI,2016,2,101,96,1750
nlin.SI,2016,3,108,106,1577
nlin.SI,2016,4,131,127,1903
nlin.SI,2017,1,123,122,1622
nlin.SI,2017,2,148,143,2552
nlin.SI,2017,3,95,93,1237
nlin.SI,2017,4,154,147,2091
nlin.SI,2018,1,88,86,707
nlin.SI,2018,2,112,109,1146
nlin.SI,2018,3,108,105,1239
nlin.SI,2018,4,135,128,1205
nlin.SI,2019,1,130,126,987
nlin.SI,2019,2,132,122,1112
nlin.SI,2019,3,134,128,1295
nlin.SI,2019,4,158,150,1776
nlin.SI,2020,1,116,106,939
nlin.SI,2020,2,100,94,750
nlin.SI,2020,3,122,117,957
nlin.SI,2020,4,131,126,1122
nlin.SI,2021,1,120,117,916
nlin.SI,2021,2,123,121,965
nlin.SI,2021,3,113,110,960
nlin.SI,2021,4,114,111,616
nlin.SI,2022,1,123,121,405
nlin.SI,2022,2,100,100,252
nlin.SI,2022,3,113,113,91
nlin.SI,2022,4,128,128,113
nlin.SI,2023,1,110,110,106
nlin.SI,2023,2,120,119,102
nlin.SI,2023,3,125,124,54
nlin.SI,2023,4,122,122,36
nlin.SI,2024,1,120,119,92
nlin.SI,2024,2,121,117,56
nlin.SI,2024,3,121,119,28
nlin.SI,2024,4,159,154,60
nlin.SI,2025,1,122,104,41
nlin.SI,2025,2,128,111,22
nlin.SI,2025,3,123,85,13
nlin.SI,2025,4,139,121,8
nlin.SI,2026,1,128,128,1
nlin.SI,2026,2,134,122,3
nlin.SI,2026,3,24,0,0
nucl-ex,1994,4,7,7,368
nucl-ex,1995,1,6,6,312
nucl-ex,1995,2,12,12,896
nucl-ex,1995,3,9,9,472
nucl-ex,1995,4,19,19,434
nucl-ex,1996,1,8,8,336
nucl-ex,1996,2,12,12,1676
nucl-ex,1996,3,29,29,490
nucl-ex,1996,4,38,37,1327
nucl-ex,1997,1,25,25,3694
nucl-ex,1997,2,37,36,1286
nucl-ex,1997,3,33,32,2003
nucl-ex,1997,4,31,31,2794
nucl-ex,1998,1,49,48,2072
nucl-ex,1998,2,35,35,2814
nucl-ex,1998,3,40,39,1171
nucl-ex,1998,4,60,60,3118
nucl-ex,1999,1,60,58,3803
nucl-ex,1999,2,68,68,2974
nucl-ex,1999,3,101,101,4364
nucl-ex,1999,4,71,71,4908
nucl-ex,2000,1,65,63,2767
nucl-ex,2000,2,68,68,4715
nucl-ex,2000,3,99,98,4989
nucl-ex,2000,4,97,97,7140
nucl-ex,2001,1,86,86,3258
nucl-ex,2001,2,126,126,8547
nucl-ex,2001,3,112,109,6658
nucl-ex,2001,4,92,92,4062
nucl-ex,2002,1,118,117,4934
nucl-ex,2002,2,107,106,10691
nucl-ex,2002,3,115,115,3032
nucl-ex,2002,4,163,162,9413
nucl-ex,2003,1,115,115,6704
nucl-ex,2003,2,155,155,11211
nucl-ex,2003,3,143,142,9962
nucl-ex,2003,4,148,146,6707
nucl-ex,2004,1,172,170,6071
nucl-ex,2004,2,167,166,8788
nucl-ex,2004,3,136,135,7221
nucl-ex,2004,4,225,224,14790
nucl-ex,2005,1,136,134,8395
nucl-ex,2005,2,160,159,8840
nucl-ex,2005,3,173,172,6311
nucl-ex,2005,4,257,256,8034
nucl-ex,2006,1,150,149,4968
nucl-ex,2006,2,149,149,6268
nucl-ex,2006,3,195,189,7813
nucl-ex,2006,4,178,175,6746
nucl-ex,2007,1,251,249,9790
nucl-ex,2007,2,177,175,7605
nucl-ex,2007,3,183,178,7824
nucl-ex,2007,4,200,197,8190
nucl-ex,2008,1,142,139,6198
nucl-ex,2008,2,247,246,11236
nucl-ex,2008,3,201,199,8234
nucl-ex,2008,4,204,201,9034
nucl-ex,2009,1,204,203,6724
nucl-ex,2009,2,177,176,4288
nucl-ex,2009,3,304,298,9583
nucl-ex,2009,4,190,188,6994
nucl-ex,2010,1,188,187,7311
nucl-ex,2010,2,225,222,10439
nucl-ex,2010,3,220,217,9225
nucl-ex,2010,4,305,292,14442
nucl-ex,2011,1,291,286,13495
nucl-ex,2011,2,284,280,16778
nucl-ex,2011,3,342,336,9786
nucl-ex,2011,4,337,332,10316
nucl-ex,2012,1,313,304,12778
nucl-ex,2012,2,256,245,14305
nucl-ex,2012,3,368,355,11271
nucl-ex,2012,4,434,426,13612
nucl-ex,2013,1,297,291,15100
nucl-ex,2013,2,326,322,13563
nucl-ex,2013,3,319,310,10463
nucl-ex,2013,4,365,355,12578
nucl-ex,2014,1,323,318,12128
nucl-ex,2014,2,299,286,10068
nucl-ex,2014,3,362,355,9080
nucl-ex,2014,4,310,296,11523
nucl-ex,2015,1,296,278,7035
nucl-ex,2015,2,290,273,10690
nucl-ex,2015,3,341,314,10386
nucl-ex,2015,4,411,396,9788
nucl-ex,2016,1,333,318,9621
nucl-ex,2016,2,299,283,10295
nucl-ex,2016,3,298,285,8436
nucl-ex,2016,4,357,334,9004
nucl-ex,2017,1,283,268,10205
nucl-ex,2017,2,288,274,7755
nucl-ex,2017,3,301,269,9922
nucl-ex,2017,4,347,323,8573
nucl-ex,2018,1,311,292,8630
nucl-ex,2018,2,327,291,8371
nucl-ex,2018,3,323,305,6288
nucl-ex,2018,4,371,347,6951
nucl-ex,2019,1,306,289,8286
nucl-ex,2019,2,334,314,8887
nucl-ex,2019,3,324,305,6501
nucl-ex,2019,4,357,323,6434
nucl-ex,2020,1,355,345,9257
nucl-ex,2020,2,370,351,7539
nucl-ex,2020,3,358,339,7027
nucl-ex,2020,4,341,322,6643
nucl-ex,2021,1,306,299,8032
nucl-ex,2021,2,308,286,5005
nucl-ex,2021,3,348,330,4461
nucl-ex,2021,4,340,326,3164
nucl-ex,2022,1,341,326,3185
nucl-ex,2022,2,302,259,1795
nucl-ex,2022,3,355,343,1194
nucl-ex,2022,4,371,337,854
nucl-ex,2023,1,310,290,513
nucl-ex,2023,2,291,278,496
nucl-ex,2023,3,350,318,424
nucl-ex,2023,4,357,340,395
nucl-ex,2024,1,303,287,580
nucl-ex,2024,2,288,265,372
nucl-ex,2024,3,313,274,326
nucl-ex,2024,4,343,318,201
nucl-ex,2025,1,330,278,348
nucl-ex,2025,2,374,315,302
nucl-ex,2025,3,362,243,113
nucl-ex,2025,4,390,333,132
nucl-ex,2026,1,370,370,16
nucl-ex,2026,2,347,328,13
nucl-ex,2026,3,64,0,0
nucl-th,1992,3,1,1,434
nucl-th,1992,4,63,63,1702
nucl-th,1993,1,86,86,3271
nucl-th,1993,2,92,92,3597
nucl-th,1993,3,106,103,10815
nucl-th,1993,4,123,122,5029
nucl-th,1994,1,109,107,6926
nucl-th,1994,2,143,143,5711
nucl-th,1994,3,144,143,7231
nucl-th,1994,4,168,168,4836
nucl-th,1995,1,167,166,8036
nucl-th,1995,2,173,172,15154
nucl-th,1995,3,197,196,7941
nucl-th,1995,4,248,248,7475
nucl-th,1996,1,198,198,8200
nucl-th,1996,2,216,214,9462
nucl-th,1996,3,258,256,9933
nucl-th,1996,4,258,256,11787
nucl-th,1997,1,248,246,8276
nucl-th,1997,2,277,274,11668
nucl-th,1997,3,268,266,14210
nucl-th,1997,4,308,308,10402
nucl-th,1998,1,297,295,12711
nucl-th,1998,2,322,319,18759
nucl-th,1998,3,378,376,12122
nucl-th,1998,4,361,356,10247
nucl-th,1999,1,341,340,14166
nucl-th,1999,2,353,351,12438
nucl-th,1999,3,431,429,14924
nucl-th,1999,4,347,347,12780
nucl-th,2000,1,344,341,17591
nucl-th,2000,2,352,350,18651
nucl-th,2000,3,377,377,13389
nucl-th,2000,4,453,451,19990
nucl-th,2001,1,341,339,17079
nucl-th,2001,2,375,372,17068
nucl-th,2001,3,356,351,13243
nucl-th,2001,4,387,384,12769
nucl-th,2002,1,377,376,14429
nucl-th,2002,2,360,359,16182
nucl-th,2002,3,378,378,14140
nucl-th,2002,4,438,436,11736
nucl-th,2003,1,398,396,19773
nucl-th,2003,2,383,382,17745
nucl-th,2003,3,438,432,17633
nucl-th,2003,4,463,458,15957
nucl-th,2004,1,365,365,18089
nucl-th,2004,2,374,369,17147
nucl-th,2004,3,399,396,14293
nucl-th,2004,4,505,497,19569
nucl-th,2005,1,393,390,14899
nucl-th,2005,2,387,385,17132
nucl-th,2005,3,394,386,14414
nucl-th,2005,4,435,429,14922
nucl-th,2006,1,350,343,14559
nucl-th,2006,2,344,339,14909
nucl-th,2006,3,388,383,15660
nucl-th,2006,4,469,461,13767
nucl-th,2007,1,426,421,15138
nucl-th,2007,2,374,367,17410
nucl-th,2007,3,360,357,16637
nucl-th,2007,4,501,495,23405
nucl-th,2008,1,352,351,11623
nucl-th,2008,2,412,408,18771
nucl-th,2008,3,379,372,15801
nucl-th,2008,4,434,424,15746
nucl-th,2009,1,382,377,13492
nucl-th,2009,2,376,373,15562
nucl-th,2009,3,430,419,16624
nucl-th,2009,4,484,478,17216
nucl-th,2010,1,458,457,17630
nucl-th,2010,2,482,479,23028
nucl-th,2010,3,562,559,21689
nucl-th,2010,4,680,661,20982
nucl-th,2011,1,544,542,21299
nucl-th,2011,2,535,529,24742
nucl-th,2011,3,630,627,20526
nucl-th,2011,4,612,605,20448
nucl-th,2012,1,553,548,24417
nucl-th,2012,2,528,520,24431
nucl-th,2012,3,629,616,19344
nucl-th,2012,4,701,696,23123
nucl-th,2013,1,555,543,25576
nucl-th,2013,2,564,555,21943
nucl-th,2013,3,592,582,21125
nucl-th,2013,4,653,646,22166
nucl-th,2014,1,582,576,19459
nucl-th,2014,2,511,508,19257
nucl-th,2014,3,631,624,18690
nucl-th,2014,4,626,609,20828
nucl-th,2015,1,535,520,15726
nucl-th,2015,2,517,508,18552
nucl-th,2015,3,637,629,21028
nucl-th,2015,4,700,688,19228
nucl-th,2016,1,595,585,20095
nucl-th,2016,2,539,531,17751
nucl-th,2016,3,568,561,15285
nucl-th,2016,4,714,691,19134
nucl-th,2017,1,507,499,15115
nucl-th,2017,2,572,567,17852
nucl-th,2017,3,531,523,17626
nucl-th,2017,4,691,680,22677
nucl-th,2018,1,507,502,17389
nucl-th,2018,2,560,555,16031
nucl-th,2018,3,597,593,15656
nucl-th,2018,4,658,632,14193
nucl-th,2019,1,613,599,18866
nucl-th,2019,2,571,557,14975
nucl-th,2019,3,606,594,14927
nucl-th,2019,4,638,616,18229
nucl-th,2020,1,631,619,12998
nucl-th,2020,2,691,678,15042
nucl-th,2020,3,695,682,15328
nucl-th,2020,4,580,565,11643
nucl-th,2021,1,583,577,12978
nucl-th,2021,2,571,562,10896
nucl-th,2021,3,591,586,8077
nucl-th,2021,4,662,655,6251
nucl-th,2022,1,581,573,5963
nucl-th,2022,2,535,530,3573
nucl-th,2022,3,596,590,1799
nucl-th,2022,4,623,617,928
nucl-th,2023,1,525,520,824
nucl-th,2023,2,590,581,864
nucl-th,2023,3,673,660,815
nucl-th,2023,4,698,693,592
nucl-th,2024,1,646,625,1455
nucl-th,2024,2,606,589,944
nucl-th,2024,3,678,651,747
nucl-th,2024,4,713,699,311
nucl-th,2025,1,656,577,576
nucl-th,2025,2,677,601,660
nucl-th,2025,3,761,558,286
nucl-th,2025,4,705,622,140
nucl-th,2026,1,696,695,30
nucl-th,2026,2,779,717,10
nucl-th,2026,3,147,0,0
patt-sol,1993,1,9,9,272
patt-sol,1993,2,18,17,5514
patt-sol,1993,3,7,7,408
patt-sol,1993,4,20,20,894
patt-sol,1994,1,21,21,569
patt-sol,1994,2,10,10,281
patt-sol,1994,3,11,11,655
patt-sol,1994,4,9,9,148
patt-sol,1995,1,18,18,863
patt-sol,1995,2,17,17,1890
patt-sol,1995,3,16,16,1003
patt-sol,1995,4,15,15,501
patt-sol,1996,1,17,17,961
patt-sol,1996,2,23,23,599
patt-sol,1996,3,28,28,1144
patt-sol,1996,4,21,21,1650
patt-sol,1997,1,33,33,1535
patt-sol,1997,2,30,30,2017
patt-sol,1997,3,28,28,936
patt-sol,1997,4,23,23,931
patt-sol,1998,1,27,27,788
patt-sol,1998,2,37,37,8897
patt-sol,1998,3,40,40,1455
patt-sol,1998,4,40,40,1725
patt-sol,1999,1,30,30,1588
patt-sol,1999,2,38,38,1134
patt-sol,1999,3,34,34,1121
patt-sol,1999,4,30,30,1277
physics.acc-ph,1994,4,4,4,9
physics.acc-ph,1995,1,6,6,47
physics.acc-ph,1995,2,6,6,4
physics.acc-ph,1995,3,2,2,0
physics.acc-ph,1995,4,7,6,47
physics.acc-ph,1996,1,7,7,69
physics.acc-ph,1996,2,7,7,97
physics.acc-ph,1996,3,8,8,19
physics.acc-ph,1996,4,6,6,78
physics.acc-ph,1997,1,7,6,77
physics.acc-ph,1997,2,6,6,31
physics.acc-ph,1997,3,6,6,64
physics.acc-ph,1997,4,8,8,196
physics.acc-ph,1998,1,15,15,307
physics.acc-ph,1998,2,13,13,222
physics.acc-ph,1998,3,15,15,163
physics.acc-ph,1998,4,9,9,49
physics.acc-ph,1999,1,21,21,448
physics.acc-ph,1999,2,20,20,47
physics.acc-ph,1999,3,18,18,251
physics.acc-ph,1999,4,5,5,213
physics.acc-ph,2000,1,31,31,625
physics.acc-ph,2000,2,23,23,588
physics.acc-ph,2000,3,217,217,677
physics.acc-ph,2000,4,27,27,353
physics.acc-ph,2001,1,15,15,74
physics.acc-ph,2001,2,33,33,38
physics.acc-ph,2001,3,30,30,801
physics.acc-ph,2001,4,113,113,300
physics.acc-ph,2002,1,10,10,25
physics.acc-ph,2002,2,29,28,236
physics.acc-ph,2002,3,23,23,399
physics.acc-ph,2002,4,22,22,119
physics.acc-ph,2003,1,15,14,79
physics.acc-ph,2003,2,36,36,277
physics.acc-ph,2003,3,18,18,126
physics.acc-ph,2003,4,22,22,181
physics.acc-ph,2004,1,30,30,597
physics.acc-ph,2004,2,34,33,1243
physics.acc-ph,2004,3,29,29,524
physics.acc-ph,2004,4,36,36,792
physics.acc-ph,2005,1,26,26,578
physics.acc-ph,2005,2,14,14,178
physics.acc-ph,2005,3,25,23,66
physics.acc-ph,2005,4,22,22,538
physics.acc-ph,2006,1,23,23,511
physics.acc-ph,2006,2,24,24,490
physics.acc-ph,2006,3,42,40,307
physics.acc-ph,2006,4,32,32,1414
physics.acc-ph,2007,1,19,19,576
physics.acc-ph,2007,2,19,18,504
physics.acc-ph,2007,3,28,28,311
physics.acc-ph,2007,4,28,28,578
physics.acc-ph,2008,1,23,22,526
physics.acc-ph,2008,2,23,23,270
physics.acc-ph,2008,3,32,32,731
physics.acc-ph,2008,4,34,34,485
physics.acc-ph,2009,1,37,37,676
physics.acc-ph,2009,2,34,34,552
physics.acc-ph,2009,3,37,37,406
physics.acc-ph,2009,4,40,37,475
physics.acc-ph,2010,1,44,44,793
physics.acc-ph,2010,2,50,48,592
physics.acc-ph,2010,3,33,33,1016
physics.acc-ph,2010,4,43,42,659
physics.acc-ph,2011,1,62,62,828
physics.acc-ph,2011,2,49,49,703
physics.acc-ph,2011,3,87,87,994
physics.acc-ph,2011,4,79,77,774
physics.acc-ph,2012,1,143,139,1269
physics.acc-ph,2012,2,90,89,1738
physics.acc-ph,2012,3,137,134,770
physics.acc-ph,2012,4,59,57,815
physics.acc-ph,2013,1,110,110,2351
physics.acc-ph,2013,2,137,136,1554
physics.acc-ph,2013,3,148,145,2479
physics.acc-ph,2013,4,111,110,1354
physics.acc-ph,2014,1,94,94,1223
physics.acc-ph,2014,2,111,110,1330
physics.acc-ph,2014,3,124,123,1142
physics.acc-ph,2014,4,119,118,1660
physics.acc-ph,2015,1,133,130,1345
physics.acc-ph,2015,2,110,108,970
physics.acc-ph,2015,3,94,94,2270
physics.acc-ph,2015,4,116,109,806
physics.acc-ph,2016,1,80,77,1005
physics.acc-ph,2016,2,94,88,1013
physics.acc-ph,2016,3,118,114,1047
physics.acc-ph,2016,4,122,120,1718
physics.acc-ph,2017,1,83,82,712
physics.acc-ph,2017,2,139,130,1111
physics.acc-ph,2017,3,88,86,1489
physics.acc-ph,2017,4,109,104,1186
physics.acc-ph,2018,1,172,166,1880
physics.acc-ph,2018,2,129,123,1264
physics.acc-ph,2018,3,96,92,1866
physics.acc-ph,2018,4,97,95,1579
physics.acc-ph,2019,1,81,71,826
physics.acc-ph,2019,2,89,88,1628
physics.acc-ph,2019,3,85,84,1273
physics.acc-ph,2019,4,110,107,951
physics.acc-ph,2020,1,105,101,1157
physics.acc-ph,2020,2,154,146,1107
physics.acc-ph,2020,3,115,113,1432
physics.acc-ph,2020,4,111,108,871
physics.acc-ph,2021,1,99,95,477
physics.acc-ph,2021,2,148,135,565
physics.acc-ph,2021,3,109,108,471
physics.acc-ph,2021,4,99,97,789
physics.acc-ph,2022,1,201,188,751
physics.acc-ph,2022,2,118,115,329
physics.acc-ph,2022,3,141,127,151
physics.acc-ph,2022,4,115,112,161
physics.acc-ph,2023,1,101,97,140
physics.acc-ph,2023,2,113,108,120
physics.acc-ph,2023,3,135,125,49
physics.acc-ph,2023,4,143,135,42
physics.acc-ph,2024,1,103,96,176
physics.acc-ph,2024,2,128,120,73
physics.acc-ph,2024,3,113,102,64
physics.acc-ph,2024,4,131,124,44
physics.acc-ph,2025,1,133,108,61
physics.acc-ph,2025,2,128,107,51
physics.acc-ph,2025,3,150,103,25
physics.acc-ph,2025,4,164,140,6
physics.acc-ph,2026,1,145,145,1
physics.acc-ph,2026,2,155,146,25
physics.acc-ph,2026,3,23,0,0
physics.ao-ph,1995,1,3,3,388
physics.ao-ph,1995,2,2,2,29
physics.ao-ph,1995,3,2,2,0
physics.ao-ph,1995,4,1,1,1
physics.ao-ph,1996,2,3,3,0
physics.ao-ph,1996,3,2,2,31
physics.ao-ph,1996,4,3,3,1
physics.ao-ph,1997,1,3,3,254
physics.ao-ph,1997,2,1,1,1
physics.ao-ph,1997,3,2,2,2
physics.ao-ph,1997,4,1,1,0
physics.ao-ph,1998,1,2,2,21
physics.ao-ph,1998,2,3,3,77
physics.ao-ph,1998,3,2,2,5
physics.ao-ph,1998,4,4,4,49
physics.ao-ph,1999,1,2,2,294
physics.ao-ph,1999,2,5,5,44
physics.ao-ph,1999,3,6,6,10
physics.ao-ph,1999,4,3,3,66
physics.ao-ph,2000,1,8,8,142
physics.ao-ph,2000,2,8,8,995
physics.ao-ph,2000,3,4,4,28
physics.ao-ph,2000,4,7,7,31
physics.ao-ph,2001,1,8,8,253
physics.ao-ph,2001,2,14,13,936
physics.ao-ph,2001,3,12,12,109
physics.ao-ph,2001,4,13,13,183
physics.ao-ph,2002,1,19,19,686
physics.ao-ph,2002,2,9,9,366
physics.ao-ph,2002,3,21,21,548
physics.ao-ph,2002,4,15,15,373
physics.ao-ph,2003,1,3,2,152
physics.ao-ph,2003,2,19,19,399
physics.ao-ph,2003,3,18,18,383
physics.ao-ph,2003,4,28,28,370
physics.ao-ph,2004,1,23,23,303
physics.ao-ph,2004,2,11,11,753
physics.ao-ph,2004,3,24,24,577
physics.ao-ph,2004,4,17,17,206
physics.ao-ph,2005,1,25,25,566
physics.ao-ph,2005,2,17,17,550
physics.ao-ph,2005,3,19,19,532
physics.ao-ph,2005,4,20,20,106
physics.ao-ph,2006,1,19,18,490
physics.ao-ph,2006,2,30,30,793
physics.ao-ph,2006,3,21,21,809
physics.ao-ph,2006,4,39,39,1368
physics.ao-ph,2007,1,49,49,1458
physics.ao-ph,2007,2,36,36,2238
physics.ao-ph,2007,3,16,16,1475
physics.ao-ph,2007,4,27,27,585
physics.ao-ph,2008,1,35,35,437
physics.ao-ph,2008,2,28,28,2885
physics.ao-ph,2008,3,17,17,1246
physics.ao-ph,2008,4,46,46,1197
physics.ao-ph,2009,1,37,37,1797
physics.ao-ph,2009,2,43,43,1920
physics.ao-ph,2009,3,47,47,3273
physics.ao-ph,2009,4,40,40,635
physics.ao-ph,2010,1,50,49,1674
physics.ao-ph,2010,2,42,42,1307
physics.ao-ph,2010,3,34,34,863
physics.ao-ph,2010,4,57,57,1977
physics.ao-ph,2011,1,48,47,1719
physics.ao-ph,2011,2,46,45,1797
physics.ao-ph,2011,3,61,61,1258
physics.ao-ph,2011,4,63,60,2090
physics.ao-ph,2012,1,52,52,3212
physics.ao-ph,2012,2,40,40,3060
physics.ao-ph,2012,3,66,66,1756
physics.ao-ph,2012,4,71,69,2604
physics.ao-ph,2013,1,44,42,1432
physics.ao-ph,2013,2,54,53,1686
physics.ao-ph,2013,3,66,66,1878
physics.ao-ph,2013,4,61,60,1878
physics.ao-ph,2014,1,69,68,1851
physics.ao-ph,2014,2,45,45,1180
physics.ao-ph,2014,3,79,79,2522
physics.ao-ph,2014,4,70,69,2647
physics.ao-ph,2015,1,71,68,2589
physics.ao-ph,2015,2,63,62,1362
physics.ao-ph,2015,3,59,57,1581
physics.ao-ph,2015,4,83,78,1914
physics.ao-ph,2016,1,61,61,1928
physics.ao-ph,2016,2,71,71,2503
physics.ao-ph,2016,3,84,82,7764
physics.ao-ph,2016,4,66,64,1866
physics.ao-ph,2017,1,61,59,2513
physics.ao-ph,2017,2,79,76,2063
physics.ao-ph,2017,3,68,61,1869
physics.ao-ph,2017,4,69,68,2194
physics.ao-ph,2018,1,59,57,1180
physics.ao-ph,2018,2,88,81,2196
physics.ao-ph,2018,3,83,79,1926
physics.ao-ph,2018,4,95,89,1367
physics.ao-ph,2019,1,93,90,1846
physics.ao-ph,2019,2,107,107,2540
physics.ao-ph,2019,3,111,111,3194
physics.ao-ph,2019,4,142,137,3199
physics.ao-ph,2020,1,136,131,3927
physics.ao-ph,2020,2,148,144,2477
physics.ao-ph,2020,3,148,144,3013
physics.ao-ph,2020,4,177,170,3015
physics.ao-ph,2021,1,147,142,2114
physics.ao-ph,2021,2,132,128,2014
physics.ao-ph,2021,3,133,129,973
physics.ao-ph,2021,4,145,145,1221
physics.ao-ph,2022,1,122,120,1689
physics.ao-ph,2022,2,138,137,994
physics.ao-ph,2022,3,142,140,467
physics.ao-ph,2022,4,174,172,852
physics.ao-ph,2023,1,125,121,254
physics.ao-ph,2023,2,158,155,674
physics.ao-ph,2023,3,175,175,604
physics.ao-ph,2023,4,238,233,895
physics.ao-ph,2024,1,181,180,764
physics.ao-ph,2024,2,234,232,440
physics.ao-ph,2024,3,247,237,261
physics.ao-ph,2024,4,221,218,197
physics.ao-ph,2025,1,186,150,143
physics.ao-ph,2025,2,223,182,169
physics.ao-ph,2025,3,218,149,122
physics.ao-ph,2025,4,267,228,35
physics.ao-ph,2026,1,241,241,3
physics.ao-ph,2026,2,297,269,24
physics.ao-ph,2026,3,40,1,0
physics.app-ph,2004,2,1,1,4
physics.app-ph,2008,4,1,1,0
physics.app-ph,2009,4,1,1,66
physics.app-ph,2010,2,1,1,1
physics.app-ph,2010,3,1,1,0
physics.app-ph,2011,2,1,1,3
physics.app-ph,2011,3,1,1,127
physics.app-ph,2012,1,2,2,3
physics.app-ph,2013,3,1,1,0
physics.app-ph,2014,3,2,2,246
physics.app-ph,2014,4,1,1,5
physics.app-ph,2015,1,1,1,43
physics.app-ph,2015,2,1,1,5
physics.app-ph,2016,1,3,3,313
physics.app-ph,2016,2,3,3,95
physics.app-ph,2016,3,3,3,81
physics.app-ph,2016,4,1,1,89
physics.app-ph,2017,1,3,3,68
physics.app-ph,2017,2,309,304,13486
physics.app-ph,2017,3,348,344,14303
physics.app-ph,2017,4,435,424,13964
physics.app-ph,2018,1,487,473,17400
physics.app-ph,2018,2,456,443,15384
physics.app-ph,2018,3,464,455,18554
physics.app-ph,2018,4,582,570,21323
physics.app-ph,2019,1,558,542,23944
physics.app-ph,2019,2,721,694,26899
physics.app-ph,2019,3,778,748,23775
physics.app-ph,2019,4,837,812,26484
physics.app-ph,2020,1,755,723,22851
physics.app-ph,2020,2,912,884,24386
physics.app-ph,2020,3,923,889,24425
physics.app-ph,2020,4,661,641,17349
physics.app-ph,2021,1,634,617,13477
physics.app-ph,2021,2,696,680,15296
physics.app-ph,2021,3,677,667,10365
physics.app-ph,2021,4,696,682,10900
physics.app-ph,2022,1,576,571,5981
physics.app-ph,2022,2,547,545,5409
physics.app-ph,2022,3,573,569,1996
physics.app-ph,2022,4,578,574,2733
physics.app-ph,2023,1,625,616,3401
physics.app-ph,2023,2,657,643,1571
physics.app-ph,2023,3,655,641,1150
physics.app-ph,2023,4,704,696,1177
physics.app-ph,2024,1,767,757,3679
physics.app-ph,2024,2,658,657,1328
physics.app-ph,2024,3,727,705,935
physics.app-ph,2024,4,736,726,951
physics.app-ph,2025,1,717,631,1565
physics.app-ph,2025,2,699,611,628
physics.app-ph,2025,3,649,471,379
physics.app-ph,2025,4,679,589,583
physics.app-ph,2026,1,621,621,504
physics.app-ph,2026,2,617,576,340
physics.app-ph,2026,3,100,0,0
physics.atm-clus,1996,2,1,1,0
physics.atm-clus,1996,4,1,1,48
physics.atm-clus,1997,2,5,5,97
physics.atm-clus,1997,3,6,6,774
physics.atm-clus,1997,4,9,9,584
physics.atm-clus,1998,1,10,10,3224
physics.atm-clus,1998,2,9,9,470
physics.atm-clus,1998,3,13,13,1004
physics.atm-clus,1998,4,17,17,453
physics.atm-clus,1999,1,12,12,932
physics.atm-clus,1999,2,11,11,214
physics.atm-clus,1999,3,8,8,513
physics.atm-clus,1999,4,12,12,358
physics.atm-clus,2000,1,14,14,647
physics.atm-clus,2000,2,5,5,77
physics.atm-clus,2000,3,5,5,117
physics.atm-clus,2000,4,26,26,1002
physics.atm-clus,2001,1,13,13,445
physics.atm-clus,2001,2,17,17,344
physics.atm-clus,2001,3,18,18,682
physics.atm-clus,2001,4,19,19,1046
physics.atm-clus,2002,1,16,16,1636
physics.atm-clus,2002,2,12,12,725
physics.atm-clus,2002,3,19,19,488
physics.atm-clus,2002,4,13,13,563
physics.atm-clus,2003,1,18,18,837
physics.atm-clus,2003,2,16,16,631
physics.atm-clus,2003,3,18,18,604
physics.atm-clus,2003,4,23,23,766
physics.atm-clus,2004,1,18,18,356
physics.atm-clus,2004,2,15,15,451
physics.atm-clus,2004,3,14,14,532
physics.atm-clus,2004,4,21,21,546
physics.atm-clus,2005,1,18,18,374
physics.atm-clus,2005,2,19,19,549
physics.atm-clus,2005,3,14,14,396
physics.atm-clus,2005,4,32,32,845
physics.atm-clus,2006,1,11,11,238
physics.atm-clus,2006,2,14,14,754
physics.atm-clus,2006,3,16,16,691
physics.atm-clus,2006,4,20,20,757
physics.atm-clus,2007,1,11,11,619
physics.atm-clus,2007,2,19,19,302
physics.atm-clus,2007,3,20,20,2959
physics.atm-clus,2007,4,20,20,358
physics.atm-clus,2008,1,26,26,893
physics.atm-clus,2008,2,26,26,770
physics.atm-clus,2008,3,20,20,434
physics.atm-clus,2008,4,19,19,805
physics.atm-clus,2009,1,28,27,653
physics.atm-clus,2009,2,18,18,1022
physics.atm-clus,2009,3,23,23,648
physics.atm-clus,2009,4,27,27,909
physics.atm-clus,2010,1,25,25,454
physics.atm-clus,2010,2,30,29,1512
physics.atm-clus,2010,3,29,29,1096
physics.atm-clus,2010,4,28,28,1231
physics.atm-clus,2011,1,25,25,608
physics.atm-clus,2011,2,34,34,887
physics.atm-clus,2011,3,32,32,994
physics.atm-clus,2011,4,37,37,876
physics.atm-clus,2012,1,36,36,1269
physics.atm-clus,2012,2,26,26,1014
physics.atm-clus,2012,3,22,22,935
physics.atm-clus,2012,4,34,33,594
physics.atm-clus,2013,1,30,30,1209
physics.atm-clus,2013,2,27,26,994
physics.atm-clus,2013,3,27,26,903
physics.atm-clus,2013,4,33,33,876
physics.atm-clus,2014,1,34,34,2202
physics.atm-clus,2014,2,28,28,1230
physics.atm-clus,2014,3,34,33,487
physics.atm-clus,2014,4,31,31,620
physics.atm-clus,2015,1,34,34,771
physics.atm-clus,2015,2,27,26,1013
physics.atm-clus,2015,3,30,30,621
physics.atm-clus,2015,4,38,38,1402
physics.atm-clus,2016,1,24,24,1260
physics.atm-clus,2016,2,27,26,324
physics.atm-clus,2016,3,34,33,688
physics.atm-clus,2016,4,26,26,815
physics.atm-clus,2017,1,32,32,555
physics.atm-clus,2017,2,29,29,1358
physics.atm-clus,2017,3,33,33,739
physics.atm-clus,2017,4,24,24,962
physics.atm-clus,2018,1,46,45,954
physics.atm-clus,2018,2,47,46,956
physics.atm-clus,2018,3,32,32,474
physics.atm-clus,2018,4,32,31,890
physics.atm-clus,2019,1,30,30,432
physics.atm-clus,2019,2,33,32,710
physics.atm-clus,2019,3,39,38,977
physics.atm-clus,2019,4,63,60,1080
physics.atm-clus,2020,1,41,40,547
physics.atm-clus,2020,2,33,33,723
physics.atm-clus,2020,3,26,25,432
physics.atm-clus,2020,4,32,31,282
physics.atm-clus,2021,1,34,33,200
physics.atm-clus,2021,2,45,44,290
physics.atm-clus,2021,3,27,26,131
physics.atm-clus,2021,4,35,35,461
physics.atm-clus,2022,1,38,37,332
physics.atm-clus,2022,2,37,37,57
physics.atm-clus,2022,3,36,35,101
physics.atm-clus,2022,4,45,44,149
physics.atm-clus,2023,1,28,27,25
physics.atm-clus,2023,2,31,31,39
physics.atm-clus,2023,3,43,43,74
physics.atm-clus,2023,4,28,27,22
physics.atm-clus,2024,1,44,43,29
physics.atm-clus,2024,2,22,22,14
physics.atm-clus,2024,3,40,38,47
physics.atm-clus,2024,4,29,28,5
physics.atm-clus,2025,1,32,26,18
physics.atm-clus,2025,2,45,39,44
physics.atm-clus,2025,3,36,24,8
physics.atm-clus,2025,4,33,30,4
physics.atm-clus,2026,1,28,28,11
physics.atm-clus,2026,2,28,25,2
physics.atm-clus,2026,3,4,0,0
physics.atom-ph,1995,3,6,6,77
physics.atom-ph,1995,4,9,9,122
physics.atom-ph,1996,1,16,16,727
physics.atom-ph,1996,2,27,27,2015
physics.atom-ph,1996,3,10,10,491
physics.atom-ph,1996,4,22,22,1350
physics.atom-ph,1997,1,18,18,882
physics.atom-ph,1997,2,24,24,919
physics.atom-ph,1997,3,31,31,3525
physics.atom-ph,1997,4,27,27,835
physics.atom-ph,1998,1,30,30,2078
physics.atom-ph,1998,2,35,35,3601
physics.atom-ph,1998,3,41,41,2011
physics.atom-ph,1998,4,49,48,1274
physics.atom-ph,1999,1,37,37,1487
physics.atom-ph,1999,2,47,47,2288
physics.atom-ph,1999,3,41,41,2189
physics.atom-ph,1999,4,47,47,1399
physics.atom-ph,2000,1,57,56,2924
physics.atom-ph,2000,2,59,59,1809
physics.atom-ph,2000,3,65,65,3038
physics.atom-ph,2000,4,55,55,2686
physics.atom-ph,2001,1,65,64,2518
physics.atom-ph,2001,2,56,56,3079
physics.atom-ph,2001,3,65,65,3530
physics.atom-ph,2001,4,69,69,2966
physics.atom-ph,2002,1,76,76,3337
physics.atom-ph,2002,2,64,63,2499
physics.atom-ph,2002,3,70,70,2346
physics.atom-ph,2002,4,63,63,2070
physics.atom-ph,2003,1,53,53,3234
physics.atom-ph,2003,2,72,72,2936
physics.atom-ph,2003,3,77,77,3944
physics.atom-ph,2003,4,91,91,4474
physics.atom-ph,2004,1,89,88,3973
physics.atom-ph,2004,2,114,113,3903
physics.atom-ph,2004,3,104,101,4406
physics.atom-ph,2004,4,116,116,5345
physics.atom-ph,2005,1,86,85,3457
physics.atom-ph,2005,2,92,92,3422
physics.atom-ph,2005,3,109,108,4918
physics.atom-ph,2005,4,127,126,4270
physics.atom-ph,2006,1,97,97,5079
physics.atom-ph,2006,2,117,117,4139
physics.atom-ph,2006,3,103,102,4222
physics.atom-ph,2006,4,133,133,7099
physics.atom-ph,2007,1,118,118,5087
physics.atom-ph,2007,2,134,133,4817
physics.atom-ph,2007,3,132,132,6311
physics.atom-ph,2007,4,132,132,5304
physics.atom-ph,2008,1,125,125,7639
physics.atom-ph,2008,2,133,133,6670
physics.atom-ph,2008,3,121,120,6271
physics.atom-ph,2008,4,158,158,5153
physics.atom-ph,2009,1,160,160,10346
physics.atom-ph,2009,2,151,151,6451
physics.atom-ph,2009,3,137,135,7249
physics.atom-ph,2009,4,183,183,11218
physics.atom-ph,2010,1,192,191,9085
physics.atom-ph,2010,2,165,165,9580
physics.atom-ph,2010,3,222,222,10794
physics.atom-ph,2010,4,190,190,8742
physics.atom-ph,2011,1,209,208,11358
physics.atom-ph,2011,2,224,223,10003
physics.atom-ph,2011,3,229,227,10046
physics.atom-ph,2011,4,233,231,12409
physics.atom-ph,2012,1,257,255,12239
physics.atom-ph,2012,2,252,252,12792
physics.atom-ph,2012,3,273,272,12714
physics.atom-ph,2012,4,271,267,10638
physics.atom-ph,2013,1,280,276,11494
physics.atom-ph,2013,2,280,279,12702
physics.atom-ph,2013,3,274,272,11319
physics.atom-ph,2013,4,300,299,14304
physics.atom-ph,2014,1,273,271,10873
physics.atom-ph,2014,2,268,265,14188
physics.atom-ph,2014,3,277,272,9974
physics.atom-ph,2014,4,260,258,10260
physics.atom-ph,2015,1,294,286,12103
physics.atom-ph,2015,2,285,281,9505
physics.atom-ph,2015,3,275,273,12805
physics.atom-ph,2015,4,296,294,10526
physics.atom-ph,2016,1,315,312,15749
physics.atom-ph,2016,2,297,294,11364
physics.atom-ph,2016,3,317,312,15101
physics.atom-ph,2016,4,269,266,9198
physics.atom-ph,2017,1,280,280,9133
physics.atom-ph,2017,2,269,267,8733
physics.atom-ph,2017,3,265,263,12348
physics.atom-ph,2017,4,288,286,11379
physics.atom-ph,2018,1,316,316,17629
physics.atom-ph,2018,2,278,275,10336
physics.atom-ph,2018,3,314,312,11198
physics.atom-ph,2018,4,323,320,9695
physics.atom-ph,2019,1,300,294,11820
physics.atom-ph,2019,2,311,306,9965
physics.atom-ph,2019,3,339,334,10546
physics.atom-ph,2019,4,324,322,9237
physics.atom-ph,2020,1,328,328,10567
physics.atom-ph,2020,2,307,303,6829
physics.atom-ph,2020,3,339,336,6184
physics.atom-ph,2020,4,299,292,8802
physics.atom-ph,2021,1,320,318,6539
physics.atom-ph,2021,2,320,314,5774
physics.atom-ph,2021,3,289,284,3411
physics.atom-ph,2021,4,296,294,3948
physics.atom-ph,2022,1,318,312,3211
physics.atom-ph,2022,2,276,272,1510
physics.atom-ph,2022,3,310,309,823
physics.atom-ph,2022,4,325,316,659
physics.atom-ph,2023,1,310,307,475
physics.atom-ph,2023,2,338,328,531
physics.atom-ph,2023,3,336,334,569
physics.atom-ph,2023,4,320,318,1250
physics.atom-ph,2024,1,325,321,5552
physics.atom-ph,2024,2,332,323,534
physics.atom-ph,2024,3,346,328,312
physics.atom-ph,2024,4,347,340,259
physics.atom-ph,2025,1,358,310,251
physics.atom-ph,2025,2,420,387,314
physics.atom-ph,2025,3,395,293,91
physics.atom-ph,2025,4,338,305,59
physics.atom-ph,2026,1,363,363,32
physics.atom-ph,2026,2,398,367,4
physics.atom-ph,2026,3,67,0,0
physics.bio-ph,1995,2,1,1,2
physics.bio-ph,1995,4,1,1,227
physics.bio-ph,1996,4,8,8,5741
physics.bio-ph,1997,1,5,5,24
physics.bio-ph,1997,2,7,7,141
physics.bio-ph,1997,3,7,7,472
physics.bio-ph,1997,4,12,12,1601
physics.bio-ph,1998,1,12,12,375
physics.bio-ph,1998,2,23,23,537
physics.bio-ph,1998,3,16,16,479
physics.bio-ph,1998,4,27,27,840
physics.bio-ph,1999,1,25,25,1271
physics.bio-ph,1999,2,22,22,643
physics.bio-ph,1999,3,24,24,1408
physics.bio-ph,1999,4,29,29,1173
physics.bio-ph,2000,1,39,38,2779
physics.bio-ph,2000,2,36,36,2774
physics.bio-ph,2000,3,30,30,1191
physics.bio-ph,2000,4,15,15,510
physics.bio-ph,2001,1,41,41,2268
physics.bio-ph,2001,2,30,30,987
physics.bio-ph,2001,3,41,40,2716
physics.bio-ph,2001,4,36,36,1699
physics.bio-ph,2002,1,40,40,625
physics.bio-ph,2002,2,45,45,1382
physics.bio-ph,2002,3,58,58,1922
physics.bio-ph,2002,4,62,62,2600
physics.bio-ph,2003,1,62,62,3439
physics.bio-ph,2003,2,57,56,1439
physics.bio-ph,2003,3,52,52,2295
physics.bio-ph,2003,4,38,38,1192
physics.bio-ph,2004,1,37,37,2091
physics.bio-ph,2004,2,38,37,2482
physics.bio-ph,2004,3,34,34,3094
physics.bio-ph,2004,4,52,52,1788
physics.bio-ph,2005,1,37,37,1767
physics.bio-ph,2005,2,53,53,3510
physics.bio-ph,2005,3,44,43,2960
physics.bio-ph,2005,4,56,56,3492
physics.bio-ph,2006,1,55,55,3610
physics.bio-ph,2006,2,36,36,1541
physics.bio-ph,2006,3,65,65,4037
physics.bio-ph,2006,4,62,62,3135
physics.bio-ph,2007,1,60,60,3405
physics.bio-ph,2007,2,75,75,2679
physics.bio-ph,2007,3,65,65,3866
physics.bio-ph,2007,4,89,89,2950
physics.bio-ph,2008,1,60,60,2523
physics.bio-ph,2008,2,58,57,10148
physics.bio-ph,2008,3,107,107,4599
physics.bio-ph,2008,4,72,71,5586
physics.bio-ph,2009,1,99,98,5933
physics.bio-ph,2009,2,98,98,16410
physics.bio-ph,2009,3,88,88,3703
physics.bio-ph,2009,4,99,97,4852
physics.bio-ph,2010,1,125,122,4943
physics.bio-ph,2010,2,148,147,10980
physics.bio-ph,2010,3,166,164,6426
physics.bio-ph,2010,4,172,171,11837
physics.bio-ph,2011,1,141,137,5094
physics.bio-ph,2011,2,165,163,7068
physics.bio-ph,2011,3,184,180,9949
physics.bio-ph,2011,4,179,177,4218
physics.bio-ph,2012,1,187,186,9562
physics.bio-ph,2012,2,194,187,6347
physics.bio-ph,2012,3,199,199,7921
physics.bio-ph,2012,4,220,217,10284
physics.bio-ph,2013,1,168,162,10831
physics.bio-ph,2013,2,207,204,9032
physics.bio-ph,2013,3,189,189,8794
physics.bio-ph,2013,4,192,187,10427
physics.bio-ph,2014,1,172,171,5241
physics.bio-ph,2014,2,162,155,7890
physics.bio-ph,2014,3,187,181,10912
physics.bio-ph,2014,4,208,204,7631
physics.bio-ph,2015,1,186,180,8018
physics.bio-ph,2015,2,197,191,5355
physics.bio-ph,2015,3,207,202,8607
physics.bio-ph,2015,4,203,192,6522
physics.bio-ph,2016,1,164,158,5695
physics.bio-ph,2016,2,181,177,4202
physics.bio-ph,2016,3,209,204,5774
physics.bio-ph,2016,4,238,236,8134
physics.bio-ph,2017,1,238,232,7470
physics.bio-ph,2017,2,222,213,6241
physics.bio-ph,2017,3,235,227,5544
physics.bio-ph,2017,4,229,220,7639
physics.bio-ph,2018,1,253,237,5652
physics.bio-ph,2018,2,211,198,4843
physics.bio-ph,2018,3,228,225,5239
physics.bio-ph,2018,4,223,211,3768
physics.bio-ph,2019,1,207,201,5355
physics.bio-ph,2019,2,273,261,6801
physics.bio-ph,2019,3,236,224,3885
physics.bio-ph,2019,4,290,270,7179
physics.bio-ph,2020,1,243,231,6352
physics.bio-ph,2020,2,278,262,4890
physics.bio-ph,2020,3,274,257,4339
physics.bio-ph,2020,4,282,268,4672
physics.bio-ph,2021,1,301,284,3874
physics.bio-ph,2021,2,265,254,5117
physics.bio-ph,2021,3,248,242,2419
physics.bio-ph,2021,4,311,299,2449
physics.bio-ph,2022,1,277,274,1589
physics.bio-ph,2022,2,259,257,1069
physics.bio-ph,2022,3,235,230,508
physics.bio-ph,2022,4,227,226,792
physics.bio-ph,2023,1,272,268,391
physics.bio-ph,2023,2,270,263,468
physics.bio-ph,2023,3,248,240,234
physics.bio-ph,2023,4,309,303,329
physics.bio-ph,2024,1,319,310,1344
physics.bio-ph,2024,2,265,251,316
physics.bio-ph,2024,3,315,297,266
physics.bio-ph,2024,4,306,290,219
physics.bio-ph,2025,1,300,246,221
physics.bio-ph,2025,2,303,262,523
physics.bio-ph,2025,3,320,216,57
physics.bio-ph,2025,4,351,303,195
physics.bio-ph,2026,1,303,303,392
physics.bio-ph,2026,2,297,269,40
physics.bio-ph,2026,3,64,0,0
physics.chem-ph,1994,1,9,9,469
physics.chem-ph,1994,2,8,8,1995
physics.chem-ph,1994,3,6,6,474
physics.chem-ph,1994,4,17,17,2887
physics.chem-ph,1995,1,13,13,288
physics.chem-ph,1995,2,14,14,664
physics.chem-ph,1995,3,10,10,523
physics.chem-ph,1995,4,14,14,196
physics.chem-ph,1996,1,16,16,182
physics.chem-ph,1996,2,14,14,314
physics.chem-ph,1996,3,9,9,104
physics.chem-ph,1996,4,18,18,6094
physics.chem-ph,1997,1,20,20,680
physics.chem-ph,1997,2,16,16,292
physics.chem-ph,1997,3,21,21,4344
physics.chem-ph,1997,4,22,22,2096
physics.chem-ph,1998,1,27,27,1700
physics.chem-ph,1998,2,31,31,1282
physics.chem-ph,1998,3,20,20,519
physics.chem-ph,1998,4,38,38,1313
physics.chem-ph,1999,1,32,32,1215
physics.chem-ph,1999,2,22,22,1800
physics.chem-ph,1999,3,26,26,692
physics.chem-ph,1999,4,34,34,1167
physics.chem-ph,2000,1,27,27,1401
physics.chem-ph,2000,2,35,35,934
physics.chem-ph,2000,3,30,30,856
physics.chem-ph,2000,4,42,41,2657
physics.chem-ph,2001,1,32,31,1432
physics.chem-ph,2001,2,37,37,535
physics.chem-ph,2001,3,45,45,2744
physics.chem-ph,2001,4,31,31,1110
physics.chem-ph,2002,1,33,33,1296
physics.chem-ph,2002,2,33,32,893
physics.chem-ph,2002,3,48,48,1351
physics.chem-ph,2002,4,50,49,1640
physics.chem-ph,2003,1,47,47,1906
physics.chem-ph,2003,2,52,52,3451
physics.chem-ph,2003,3,34,33,889
physics.chem-ph,2003,4,52,52,2333
physics.chem-ph,2004,1,52,52,1490
physics.chem-ph,2004,2,66,66,3461
physics.chem-ph,2004,3,52,52,1353
physics.chem-ph,2004,4,76,76,1971
physics.chem-ph,2005,1,61,61,2200
physics.chem-ph,2005,2,61,61,3038
physics.chem-ph,2005,3,60,60,3349
physics.chem-ph,2005,4,65,65,951
physics.chem-ph,2006,1,56,55,1876
physics.chem-ph,2006,2,60,59,1995
physics.chem-ph,2006,3,60,60,2716
physics.chem-ph,2006,4,75,75,2127
physics.chem-ph,2007,1,72,72,2383
physics.chem-ph,2007,2,79,76,2170
physics.chem-ph,2007,3,80,80,3089
physics.chem-ph,2007,4,80,80,2035
physics.chem-ph,2008,1,89,89,26075
physics.chem-ph,2008,2,81,81,3365
physics.chem-ph,2008,3,91,91,2706
physics.chem-ph,2008,4,80,80,2959
physics.chem-ph,2009,1,92,92,3138
physics.chem-ph,2009,2,128,126,4865
physics.chem-ph,2009,3,90,90,3130
physics.chem-ph,2009,4,107,104,4325
physics.chem-ph,2010,1,123,122,6023
physics.chem-ph,2010,2,123,121,5006
physics.chem-ph,2010,3,128,128,7678
physics.chem-ph,2010,4,154,154,8133
physics.chem-ph,2011,1,130,127,6312
physics.chem-ph,2011,2,170,169,7336
physics.chem-ph,2011,3,181,178,10261
physics.chem-ph,2011,4,178,176,7417
physics.chem-ph,2012,1,213,209,13717
physics.chem-ph,2012,2,200,199,9465
physics.chem-ph,2012,3,216,216,10231
physics.chem-ph,2012,4,233,232,10953
physics.chem-ph,2013,1,212,211,12440
physics.chem-ph,2013,2,211,211,14546
physics.chem-ph,2013,3,252,246,11893
physics.chem-ph,2013,4,207,204,12633
physics.chem-ph,2014,1,225,222,7714
physics.chem-ph,2014,2,226,222,10186
physics.chem-ph,2014,3,253,248,10508
physics.chem-ph,2014,4,234,230,8365
physics.chem-ph,2015,1,275,268,10125
physics.chem-ph,2015,2,263,259,10801
physics.chem-ph,2015,3,253,248,11933
physics.chem-ph,2015,4,262,255,11294
physics.chem-ph,2016,1,268,263,9832
physics.chem-ph,2016,2,296,289,10217
physics.chem-ph,2016,3,300,295,13753
physics.chem-ph,2016,4,320,319,19082
physics.chem-ph,2017,1,303,300,11353
physics.chem-ph,2017,2,319,316,10519
physics.chem-ph,2017,3,328,324,16933
physics.chem-ph,2017,4,307,300,14788
physics.chem-ph,2018,1,353,335,15992
physics.chem-ph,2018,2,351,337,12836
physics.chem-ph,2018,3,322,317,11436
physics.chem-ph,2018,4,360,353,13743
physics.chem-ph,2019,1,309,301,13709
physics.chem-ph,2019,2,404,391,11662
physics.chem-ph,2019,3,429,413,13552
physics.chem-ph,2019,4,411,395,12559
physics.chem-ph,2020,1,450,431,17269
physics.chem-ph,2020,2,457,441,12681
physics.chem-ph,2020,3,478,457,11202
physics.chem-ph,2020,4,493,470,11948
physics.chem-ph,2021,1,444,423,9642
physics.chem-ph,2021,2,452,435,7502
physics.chem-ph,2021,3,463,445,5923
physics.chem-ph,2021,4,484,472,6414
physics.chem-ph,2022,1,479,474,5039
physics.chem-ph,2022,2,484,479,3971
physics.chem-ph,2022,3,496,488,1545
physics.chem-ph,2022,4,532,526,1843
physics.chem-ph,2023,1,506,498,1637
physics.chem-ph,2023,2,540,532,1312
physics.chem-ph,2023,3,531,522,1140
physics.chem-ph,2023,4,521,505,1240
physics.chem-ph,2024,1,625,615,2923
physics.chem-ph,2024,2,599,585,1700
physics.chem-ph,2024,3,638,620,1380
physics.chem-ph,2024,4,615,607,620
physics.chem-ph,2025,1,564,470,864
physics.chem-ph,2025,2,666,567,873
physics.chem-ph,2025,3,653,475,311
physics.chem-ph,2025,4,678,597,413
physics.chem-ph,2026,1,709,708,671
physics.chem-ph,2026,2,724,663,213
physics.chem-ph,2026,3,118,0,0
physics.class-ph,1996,2,1,1,24
physics.class-ph,1996,3,1,1,21
physics.class-ph,1996,4,4,4,38
physics.class-ph,1997,1,4,4,4
physics.class-ph,1997,2,4,4,35
physics.class-ph,1997,3,6,6,13
physics.class-ph,1997,4,17,17,266
physics.class-ph,1998,1,15,15,188
physics.class-ph,1998,2,9,9,180
physics.class-ph,1998,3,21,21,238
physics.class-ph,1998,4,24,24,255
physics.class-ph,1999,1,27,26,196
physics.class-ph,1999,2,13,13,198
physics.class-ph,1999,3,20,20,114
physics.class-ph,1999,4,18,18,234
physics.class-ph,2000,1,28,27,393
physics.class-ph,2000,2,24,24,260
physics.class-ph,2000,3,18,18,336
physics.class-ph,2000,4,17,17,225
physics.class-ph,2001,1,28,28,260
physics.class-ph,2001,2,19,18,225
physics.class-ph,2001,3,16,16,348
physics.class-ph,2001,4,31,31,3630
physics.class-ph,2002,1,24,24,590
physics.class-ph,2002,2,27,26,746
physics.class-ph,2002,3,27,27,258
physics.class-ph,2002,4,36,36,748
physics.class-ph,2003,1,27,27,805
physics.class-ph,2003,2,41,41,1317
physics.class-ph,2003,3,30,29,482
physics.class-ph,2003,4,57,56,674
physics.class-ph,2004,1,44,44,714
physics.class-ph,2004,2,38,38,532
physics.class-ph,2004,3,42,42,935
physics.class-ph,2004,4,51,51,763
physics.class-ph,2005,1,52,52,550
physics.class-ph,2005,2,65,65,1673
physics.class-ph,2005,3,52,51,866
physics.class-ph,2005,4,79,79,1114
physics.class-ph,2006,1,45,45,1243
physics.class-ph,2006,2,55,55,649
physics.class-ph,2006,3,61,61,885
physics.class-ph,2006,4,78,77,2975
physics.class-ph,2007,1,77,76,1473
physics.class-ph,2007,2,78,76,4350
physics.class-ph,2007,3,67,65,1337
physics.class-ph,2007,4,87,84,3058
physics.class-ph,2008,1,83,80,1373
physics.class-ph,2008,2,77,74,1893
physics.class-ph,2008,3,91,90,2668
physics.class-ph,2008,4,109,102,2041
physics.class-ph,2009,1,110,102,2224
physics.class-ph,2009,2,112,111,3134
physics.class-ph,2009,3,100,95,1395
physics.class-ph,2009,4,91,89,1125
physics.class-ph,2010,1,92,91,2692
physics.class-ph,2010,2,93,92,2666
physics.class-ph,2010,3,88,88,1620
physics.class-ph,2010,4,77,76,4569
physics.class-ph,2011,1,79,78,1504
physics.class-ph,2011,2,65,65,844
physics.class-ph,2011,3,84,82,3213
physics.class-ph,2011,4,104,101,2364
physics.class-ph,2012,1,102,99,1520
physics.class-ph,2012,2,98,96,1727
physics.class-ph,2012,3,103,102,1917
physics.class-ph,2012,4,131,127,4467
physics.class-ph,2013,1,84,83,2494
physics.class-ph,2013,2,87,83,1645
physics.class-ph,2013,3,99,97,4216
physics.class-ph,2013,4,103,103,2303
physics.class-ph,2014,1,97,96,2151
physics.class-ph,2014,2,69,69,1116
physics.class-ph,2014,3,88,88,958
physics.class-ph,2014,4,88,83,1463
physics.class-ph,2015,1,87,86,2936
physics.class-ph,2015,2,68,66,998
physics.class-ph,2015,3,94,91,1469
physics.class-ph,2015,4,86,79,1264
physics.class-ph,2016,1,88,84,1259
physics.class-ph,2016,2,98,97,1963
physics.class-ph,2016,3,112,110,3153
physics.class-ph,2016,4,118,116,4754
physics.class-ph,2017,1,119,116,3120
physics.class-ph,2017,2,133,130,2342
physics.class-ph,2017,3,80,77,737
physics.class-ph,2017,4,94,91,1210
physics.class-ph,2018,1,77,72,999
physics.class-ph,2018,2,134,133,2857
physics.class-ph,2018,3,105,99,2004
physics.class-ph,2018,4,123,118,1826
physics.class-ph,2019,1,140,132,1706
physics.class-ph,2019,2,138,133,1521
physics.class-ph,2019,3,134,128,1372
physics.class-ph,2019,4,157,148,2219
physics.class-ph,2020,1,111,103,843
physics.class-ph,2020,2,122,116,1088
physics.class-ph,2020,3,136,133,1307
physics.class-ph,2020,4,112,109,2687
physics.class-ph,2021,1,125,123,932
physics.class-ph,2021,2,130,125,1196
physics.class-ph,2021,3,125,119,815
physics.class-ph,2021,4,143,142,819
physics.class-ph,2022,1,97,95,322
physics.class-ph,2022,2,116,114,368
physics.class-ph,2022,3,125,124,189
physics.class-ph,2022,4,121,121,147
physics.class-ph,2023,1,123,122,229
physics.class-ph,2023,2,105,105,238
physics.class-ph,2023,3,116,114,90
physics.class-ph,2023,4,97,95,50
physics.class-ph,2024,1,115,113,236
physics.class-ph,2024,2,102,96,58
physics.class-ph,2024,3,122,120,150
physics.class-ph,2024,4,120,116,92
physics.class-ph,2025,1,124,114,53
physics.class-ph,2025,2,110,95,107
physics.class-ph,2025,3,118,83,28
physics.class-ph,2025,4,122,109,30
physics.class-ph,2026,1,113,113,90
physics.class-ph,2026,2,126,121,10
physics.class-ph,2026,3,18,0,0
physics.comp-ph,1995,4,1,1,19
physics.comp-ph,1996,3,1,1,18
physics.comp-ph,1996,4,14,14,6478
physics.comp-ph,1997,1,14,14,1473
physics.comp-ph,1997,2,7,7,2418
physics.comp-ph,1997,3,12,12,449
physics.comp-ph,1997,4,15,15,1319
physics.comp-ph,1998,1,16,16,737
physics.comp-ph,1998,2,17,17,982
physics.comp-ph,1998,3,17,17,174
physics.comp-ph,1998,4,22,22,433
physics.comp-ph,1999,1,34,34,1219
physics.comp-ph,1999,2,23,23,394
physics.comp-ph,1999,3,24,24,5182
physics.comp-ph,1999,4,19,19,407
physics.comp-ph,2000,1,29,29,1194
physics.comp-ph,2000,2,27,27,1722
physics.comp-ph,2000,3,37,36,335
physics.comp-ph,2000,4,40,40,3097
physics.comp-ph,2001,1,32,32,1825
physics.comp-ph,2001,2,35,35,778
physics.comp-ph,2001,3,30,30,1725
physics.comp-ph,2001,4,24,24,593
physics.comp-ph,2002,1,25,25,1022
physics.comp-ph,2002,2,29,29,1337
physics.comp-ph,2002,3,39,38,561
physics.comp-ph,2002,4,33,33,1348
physics.comp-ph,2003,1,31,31,566
physics.comp-ph,2003,2,82,82,1618
physics.comp-ph,2003,3,49,49,1240
physics.comp-ph,2003,4,40,40,1950
physics.comp-ph,2004,1,34,34,1237
physics.comp-ph,2004,2,49,49,4172
physics.comp-ph,2004,3,44,44,1864
physics.comp-ph,2004,4,61,61,2451
physics.comp-ph,2005,1,51,51,2977
physics.comp-ph,2005,2,63,62,3856
physics.comp-ph,2005,3,57,57,3439
physics.comp-ph,2005,4,72,70,2455
physics.comp-ph,2006,1,70,70,2709
physics.comp-ph,2006,2,62,62,1778
physics.comp-ph,2006,3,66,66,2225
physics.comp-ph,2006,4,82,82,3564
physics.comp-ph,2007,1,81,78,3273
physics.comp-ph,2007,2,66,64,2102
physics.comp-ph,2007,3,74,74,2136
physics.comp-ph,2007,4,78,77,7036
physics.comp-ph,2008,1,85,84,30215
physics.comp-ph,2008,2,81,81,7760
physics.comp-ph,2008,3,71,71,2227
physics.comp-ph,2008,4,84,84,4308
physics.comp-ph,2009,1,89,87,5671
physics.comp-ph,2009,2,134,134,14951
physics.comp-ph,2009,3,86,84,5786
physics.comp-ph,2009,4,126,123,7723
physics.comp-ph,2010,1,144,144,4131
physics.comp-ph,2010,2,178,174,6608
physics.comp-ph,2010,3,151,149,6677
physics.comp-ph,2010,4,200,195,10660
physics.comp-ph,2011,1,136,134,7637
physics.comp-ph,2011,2,149,148,6269
physics.comp-ph,2011,3,171,169,7611
physics.comp-ph,2011,4,212,211,14973
physics.comp-ph,2012,1,199,196,20833
physics.comp-ph,2012,2,193,191,12959
physics.comp-ph,2012,3,211,207,10627
physics.comp-ph,2012,4,232,230,9261
physics.comp-ph,2013,1,202,201,5726
physics.comp-ph,2013,2,172,171,7028
physics.comp-ph,2013,3,166,160,6543
physics.comp-ph,2013,4,212,205,10943
physics.comp-ph,2014,1,178,176,4714
physics.comp-ph,2014,2,149,145,10643
physics.comp-ph,2014,3,190,187,9846
physics.comp-ph,2014,4,202,192,6909
physics.comp-ph,2015,1,181,178,7495
physics.comp-ph,2015,2,178,175,7197
physics.comp-ph,2015,3,231,221,8805
physics.comp-ph,2015,4,225,217,7737
physics.comp-ph,2016,1,242,234,10480
physics.comp-ph,2016,2,236,232,7824
physics.comp-ph,2016,3,230,227,7506
physics.comp-ph,2016,4,300,298,12694
physics.comp-ph,2017,1,249,245,10970
physics.comp-ph,2017,2,238,236,7883
physics.comp-ph,2017,3,270,268,9931
physics.comp-ph,2017,4,308,297,9004
physics.comp-ph,2018,1,434,411,17641
physics.comp-ph,2018,2,387,373,15806
physics.comp-ph,2018,3,420,414,16363
physics.comp-ph,2018,4,491,476,15299
physics.comp-ph,2019,1,429,421,17700
physics.comp-ph,2019,2,557,537,22579
physics.comp-ph,2019,3,606,587,19468
physics.comp-ph,2019,4,629,601,18944
physics.comp-ph,2020,1,581,559,22194
physics.comp-ph,2020,2,713,685,19848
physics.comp-ph,2020,3,666,637,16748
physics.comp-ph,2020,4,545,516,11209
physics.comp-ph,2021,1,458,448,9764
physics.comp-ph,2021,2,490,478,9610
physics.comp-ph,2021,3,516,511,7441
physics.comp-ph,2021,4,511,506,8182
physics.comp-ph,2022,1,528,524,3896
physics.comp-ph,2022,2,521,517,2950
physics.comp-ph,2022,3,490,485,1187
physics.comp-ph,2022,4,504,497,1246
physics.comp-ph,2023,1,507,492,1086
physics.comp-ph,2023,2,523,509,1270
physics.comp-ph,2023,3,566,554,869
physics.comp-ph,2023,4,509,499,564
physics.comp-ph,2024,1,530,521,1445
physics.comp-ph,2024,2,541,534,859
physics.comp-ph,2024,3,606,587,699
physics.comp-ph,2024,4,739,723,448
physics.comp-ph,2025,1,718,614,918
physics.comp-ph,2025,2,776,687,542
physics.comp-ph,2025,3,751,521,267
physics.comp-ph,2025,4,824,700,138
physics.comp-ph,2026,1,713,712,68
physics.comp-ph,2026,2,892,842,8
physics.comp-ph,2026,3,140,0,0
physics.data-an,1995,2,5,5,42
physics.data-an,1995,4,4,3,2
physics.data-an,1996,1,1,1,1
physics.data-an,1996,2,2,2,105
physics.data-an,1996,3,1,1,0
physics.data-an,1996,4,2,2,8
physics.data-an,1997,1,3,3,422
physics.data-an,1997,2,5,5,88
physics.data-an,1997,3,4,4,58
physics.data-an,1997,4,6,6,3132
physics.data-an,1998,1,2,2,130
physics.data-an,1998,2,5,5,22
physics.data-an,1998,3,12,12,91
physics.data-an,1998,4,14,14,238
physics.data-an,1999,1,14,14,2475
physics.data-an,1999,2,12,12,266
physics.data-an,1999,3,13,13,544
physics.data-an,1999,4,18,18,564
physics.data-an,2000,1,32,32,1529
physics.data-an,2000,2,23,23,3773
physics.data-an,2000,3,20,19,375
physics.data-an,2000,4,20,20,524
physics.data-an,2001,1,16,16,1868
physics.data-an,2001,2,15,14,21357
physics.data-an,2001,3,20,20,1794
physics.data-an,2001,4,38,38,1409
physics.data-an,2002,1,31,31,7070
physics.data-an,2002,2,23,23,306
physics.data-an,2002,3,26,26,483
physics.data-an,2002,4,35,34,1201
physics.data-an,2003,1,24,24,684
physics.data-an,2003,2,53,53,2401
physics.data-an,2003,3,30,30,735
physics.data-an,2003,4,37,36,747
physics.data-an,2004,1,44,44,3027
physics.data-an,2004,2,29,29,1000
physics.data-an,2004,3,31,31,1381
physics.data-an,2004,4,34,34,6584
physics.data-an,2005,1,33,32,1893
physics.data-an,2005,2,34,32,1248
physics.data-an,2005,3,50,50,1780
physics.data-an,2005,4,63,63,3639
physics.data-an,2006,1,64,63,15607
physics.data-an,2006,2,69,68,8200
physics.data-an,2006,3,107,106,3676
physics.data-an,2006,4,64,64,3326
physics.data-an,2007,1,72,72,4427
physics.data-an,2007,2,80,80,9821
physics.data-an,2007,3,84,81,13285
physics.data-an,2007,4,91,91,4328
physics.data-an,2008,1,72,71,3720
physics.data-an,2008,2,70,69,4203
physics.data-an,2008,3,79,75,2866
physics.data-an,2008,4,88,88,4593
physics.data-an,2009,1,109,105,9492
physics.data-an,2009,2,91,90,4423
physics.data-an,2009,3,114,113,9524
physics.data-an,2009,4,77,75,6115
physics.data-an,2010,1,98,95,4373
physics.data-an,2010,2,106,103,8331
physics.data-an,2010,3,91,91,8015
physics.data-an,2010,4,128,126,7080
physics.data-an,2011,1,107,103,5126
physics.data-an,2011,2,122,120,5143
physics.data-an,2011,3,145,142,4872
physics.data-an,2011,4,163,160,5637
physics.data-an,2012,1,138,135,7881
physics.data-an,2012,2,119,118,4763
physics.data-an,2012,3,134,133,4345
physics.data-an,2012,4,119,118,5766
physics.data-an,2013,1,113,108,3826
physics.data-an,2013,2,111,109,7196
physics.data-an,2013,3,113,111,5788
physics.data-an,2013,4,113,110,3568
physics.data-an,2014,1,93,91,2666
physics.data-an,2014,2,108,107,3539
physics.data-an,2014,3,126,122,7826
physics.data-an,2014,4,140,135,5943
physics.data-an,2015,1,122,114,3335
physics.data-an,2015,2,132,126,3704
physics.data-an,2015,3,120,116,5098
physics.data-an,2015,4,115,105,3474
physics.data-an,2016,1,129,126,3897
physics.data-an,2016,2,104,101,3411
physics.data-an,2016,3,107,104,2952
physics.data-an,2016,4,134,132,3814
physics.data-an,2017,1,135,133,4262
physics.data-an,2017,2,126,120,5234
physics.data-an,2017,3,132,127,2959
physics.data-an,2017,4,134,121,3266
physics.data-an,2018,1,144,138,4128
physics.data-an,2018,2,155,150,3754
physics.data-an,2018,3,113,108,3512
physics.data-an,2018,4,122,116,2178
physics.data-an,2019,1,131,125,2989
physics.data-an,2019,2,162,155,3309
physics.data-an,2019,3,156,145,2745
physics.data-an,2019,4,154,145,3551
physics.data-an,2020,1,177,170,3353
physics.data-an,2020,2,160,152,2835
physics.data-an,2020,3,153,146,3368
physics.data-an,2020,4,216,205,2713
physics.data-an,2021,1,173,167,2710
physics.data-an,2021,2,179,172,2332
physics.data-an,2021,3,187,180,1653
physics.data-an,2021,4,160,156,1145
physics.data-an,2022,1,196,191,1052
physics.data-an,2022,2,172,169,603
physics.data-an,2022,3,175,172,438
physics.data-an,2022,4,160,159,293
physics.data-an,2023,1,172,165,179
physics.data-an,2023,2,178,174,361
physics.data-an,2023,3,188,182,427
physics.data-an,2023,4,190,184,192
physics.data-an,2024,1,162,159,255
physics.data-an,2024,2,194,188,255
physics.data-an,2024,3,177,168,221
physics.data-an,2024,4,191,184,83
physics.data-an,2025,1,180,157,4626
physics.data-an,2025,2,199,165,138
physics.data-an,2025,3,207,154,79
physics.data-an,2025,4,203,178,12
physics.data-an,2026,1,171,171,71
physics.data-an,2026,2,231,213,3
physics.data-an,2026,3,35,0,0
physics.ed-ph,1996,3,1,1,2
physics.ed-ph,1996,4,3,3,4
physics.ed-ph,1997,1,1,1,5
physics.ed-ph,1997,2,4,4,41
physics.ed-ph,1997,3,2,2,20
physics.ed-ph,1997,4,6,6,38
physics.ed-ph,1998,1,1,1,3
physics.ed-ph,1998,2,10,10,386
physics.ed-ph,1998,3,12,12,83
physics.ed-ph,1998,4,8,8,40
physics.ed-ph,1999,1,4,4,8
physics.ed-ph,1999,2,12,12,31
physics.ed-ph,1999,3,17,17,232
physics.ed-ph,1999,4,11,11,80
physics.ed-ph,2000,1,12,12,55
physics.ed-ph,2000,2,14,14,68
physics.ed-ph,2000,3,7,7,52
physics.ed-ph,2000,4,6,6,449
physics.ed-ph,2001,1,9,9,44
physics.ed-ph,2001,2,13,13,73
physics.ed-ph,2001,3,6,6,25
physics.ed-ph,2001,4,5,5,22
physics.ed-ph,2002,1,7,7,46
physics.ed-ph,2002,2,9,8,86
physics.ed-ph,2002,3,26,26,721
physics.ed-ph,2002,4,25,25,204
physics.ed-ph,2003,1,18,18,497
physics.ed-ph,2003,2,19,19,415
physics.ed-ph,2003,3,23,23,170
physics.ed-ph,2003,4,17,17,204
physics.ed-ph,2004,1,20,20,513
physics.ed-ph,2004,2,16,16,101
physics.ed-ph,2004,3,23,23,174
physics.ed-ph,2004,4,25,25,409
physics.ed-ph,2005,1,30,30,238
physics.ed-ph,2005,2,29,29,214
physics.ed-ph,2005,3,37,37,764
physics.ed-ph,2005,4,27,27,237
physics.ed-ph,2006,1,23,22,201
physics.ed-ph,2006,2,25,25,390
physics.ed-ph,2006,3,30,30,420
physics.ed-ph,2006,4,26,26,102
physics.ed-ph,2007,1,30,29,183
physics.ed-ph,2007,2,20,20,474
physics.ed-ph,2007,3,29,28,362
physics.ed-ph,2007,4,21,20,251
physics.ed-ph,2008,1,21,21,457
physics.ed-ph,2008,2,15,15,455
physics.ed-ph,2008,3,22,22,326
physics.ed-ph,2008,4,9,9,28
physics.ed-ph,2009,1,17,17,129
physics.ed-ph,2009,2,11,11,84
physics.ed-ph,2009,3,18,18,347
physics.ed-ph,2009,4,10,10,66
physics.ed-ph,2010,1,20,20,232
physics.ed-ph,2010,2,18,18,137
physics.ed-ph,2010,3,38,38,293
physics.ed-ph,2010,4,20,20,39
physics.ed-ph,2011,1,25,25,362
physics.ed-ph,2011,2,19,18,152
physics.ed-ph,2011,3,43,43,401
physics.ed-ph,2011,4,35,35,293
physics.ed-ph,2012,1,25,23,162
physics.ed-ph,2012,2,19,19,248
physics.ed-ph,2012,3,42,42,562
physics.ed-ph,2012,4,39,39,375
physics.ed-ph,2013,1,26,25,229
physics.ed-ph,2013,2,30,30,233
physics.ed-ph,2013,3,59,57,980
physics.ed-ph,2013,4,43,41,256
physics.ed-ph,2014,1,39,37,607
physics.ed-ph,2014,2,27,27,262
physics.ed-ph,2014,3,55,53,602
physics.ed-ph,2014,4,40,39,640
physics.ed-ph,2015,1,39,38,438
physics.ed-ph,2015,2,35,34,574
physics.ed-ph,2015,3,64,58,797
physics.ed-ph,2015,4,44,42,690
physics.ed-ph,2016,1,124,121,3140
physics.ed-ph,2016,2,51,48,668
physics.ed-ph,2016,3,43,41,515
physics.ed-ph,2016,4,38,38,300
physics.ed-ph,2017,1,42,42,558
physics.ed-ph,2017,2,22,20,469
physics.ed-ph,2017,3,49,44,450
physics.ed-ph,2017,4,58,54,419
physics.ed-ph,2018,1,43,42,422
physics.ed-ph,2018,2,59,57,816
physics.ed-ph,2018,3,75,75,444
physics.ed-ph,2018,4,53,53,281
physics.ed-ph,2019,1,49,49,447
physics.ed-ph,2019,2,34,32,246
physics.ed-ph,2019,3,68,66,358
physics.ed-ph,2019,4,69,68,444
physics.ed-ph,2020,1,61,59,686
physics.ed-ph,2020,2,97,95,1128
physics.ed-ph,2020,3,99,97,504
physics.ed-ph,2020,4,77,75,880
physics.ed-ph,2021,1,54,53,345
physics.ed-ph,2021,2,62,59,186
physics.ed-ph,2021,3,82,82,177
physics.ed-ph,2021,4,60,60,208
physics.ed-ph,2022,1,75,73,112
physics.ed-ph,2022,2,58,58,233
physics.ed-ph,2022,3,49,49,89
physics.ed-ph,2022,4,64,64,174
physics.ed-ph,2023,1,74,74,147
physics.ed-ph,2023,2,78,76,302
physics.ed-ph,2023,3,77,77,67
physics.ed-ph,2023,4,74,73,147
physics.ed-ph,2024,1,82,82,183
physics.ed-ph,2024,2,65,65,53
physics.ed-ph,2024,3,87,83,45
physics.ed-ph,2024,4,91,91,49
physics.ed-ph,2025,1,81,69,34
physics.ed-ph,2025,2,92,86,117
physics.ed-ph,2025,3,125,89,32
physics.ed-ph,2025,4,101,92,48
physics.ed-ph,2026,1,88,88,7
physics.ed-ph,2026,2,102,93,31
physics.ed-ph,2026,3,15,0,0
physics.flu-dyn,1994,4,1,1,27
physics.flu-dyn,1995,2,1,1,78
physics.flu-dyn,1995,4,1,1,31
physics.flu-dyn,1996,1,1,1,1
physics.flu-dyn,1996,2,1,1,51
physics.flu-dyn,1996,3,1,1,0
physics.flu-dyn,1996,4,5,5,107
physics.flu-dyn,1997,1,4,4,311
physics.flu-dyn,1997,2,7,7,74
physics.flu-dyn,1997,3,14,14,560
physics.flu-dyn,1997,4,12,12,560
physics.flu-dyn,1998,1,11,11,560
physics.flu-dyn,1998,2,10,10,524
physics.flu-dyn,1998,3,8,8,42
physics.flu-dyn,1998,4,15,15,1274
physics.flu-dyn,1999,1,15,15,1374
physics.flu-dyn,1999,2,26,26,1043
physics.flu-dyn,1999,3,20,20,301
physics.flu-dyn,1999,4,20,20,824
physics.flu-dyn,2000,1,27,27,694
physics.flu-dyn,2000,2,33,33,1413
physics.flu-dyn,2000,3,25,25,966
physics.flu-dyn,2000,4,31,31,1302
physics.flu-dyn,2001,1,37,37,1259
physics.flu-dyn,2001,2,42,41,4229
physics.flu-dyn,2001,3,23,23,881
physics.flu-dyn,2001,4,40,40,2580
physics.flu-dyn,2002,1,30,30,913
physics.flu-dyn,2002,2,28,28,1139
physics.flu-dyn,2002,3,39,38,1094
physics.flu-dyn,2002,4,35,34,2025
physics.flu-dyn,2003,1,51,50,2069
physics.flu-dyn,2003,2,53,53,3031
physics.flu-dyn,2003,3,32,32,1821
physics.flu-dyn,2003,4,48,48,1530
physics.flu-dyn,2004,1,38,38,1004
physics.flu-dyn,2004,2,43,42,1394
physics.flu-dyn,2004,3,54,54,1707
physics.flu-dyn,2004,4,68,68,4297
physics.flu-dyn,2005,1,68,68,3543
physics.flu-dyn,2005,2,64,64,3067
physics.flu-dyn,2005,3,63,63,2887
physics.flu-dyn,2005,4,71,71,1742
physics.flu-dyn,2006,1,76,76,3191
physics.flu-dyn,2006,2,78,78,2987
physics.flu-dyn,2006,3,79,79,2479
physics.flu-dyn,2006,4,83,82,3641
physics.flu-dyn,2007,1,111,111,4863
physics.flu-dyn,2007,2,95,95,3886
physics.flu-dyn,2007,3,104,103,3310
physics.flu-dyn,2007,4,87,86,2968
physics.flu-dyn,2008,1,109,106,3896
physics.flu-dyn,2008,2,119,119,4757
physics.flu-dyn,2008,3,91,89,3898
physics.flu-dyn,2008,4,134,134,8011
physics.flu-dyn,2009,1,113,113,4031
physics.flu-dyn,2009,2,153,151,4854
physics.flu-dyn,2009,3,119,116,4653
physics.flu-dyn,2009,4,202,200,5985
physics.flu-dyn,2010,1,145,142,5489
physics.flu-dyn,2010,2,160,159,5662
physics.flu-dyn,2010,3,209,207,7615
physics.flu-dyn,2010,4,277,274,8743
physics.flu-dyn,2011,1,181,177,5453
physics.flu-dyn,2011,2,155,151,6552
physics.flu-dyn,2011,3,194,194,10187
physics.flu-dyn,2011,4,248,243,10388
physics.flu-dyn,2012,1,231,230,8265
physics.flu-dyn,2012,2,218,215,9040
physics.flu-dyn,2012,3,236,235,7686
physics.flu-dyn,2012,4,315,309,11103
physics.flu-dyn,2013,1,229,227,7946
physics.flu-dyn,2013,2,231,228,8478
physics.flu-dyn,2013,3,282,277,9102
physics.flu-dyn,2013,4,317,313,9301
physics.flu-dyn,2014,1,314,308,12149
physics.flu-dyn,2014,2,259,256,9304
physics.flu-dyn,2014,3,281,277,9635
physics.flu-dyn,2014,4,320,309,9583
physics.flu-dyn,2015,1,299,287,9658
physics.flu-dyn,2015,2,263,251,6661
physics.flu-dyn,2015,3,301,295,10606
physics.flu-dyn,2015,4,353,334,12185
physics.flu-dyn,2016,1,351,342,10173
physics.flu-dyn,2016,2,363,352,8691
physics.flu-dyn,2016,3,338,327,7390
physics.flu-dyn,2016,4,385,378,8752
physics.flu-dyn,2017,1,374,366,9127
physics.flu-dyn,2017,2,375,368,11624
physics.flu-dyn,2017,3,368,357,8888
physics.flu-dyn,2017,4,454,443,10009
physics.flu-dyn,2018,1,442,421,12538
physics.flu-dyn,2018,2,456,444,9490
physics.flu-dyn,2018,3,458,440,11282
physics.flu-dyn,2018,4,490,468,10824
physics.flu-dyn,2019,1,480,467,9712
physics.flu-dyn,2019,2,483,469,12607
physics.flu-dyn,2019,3,516,493,7933
physics.flu-dyn,2019,4,577,551,9753
physics.flu-dyn,2020,1,510,495,11644
physics.flu-dyn,2020,2,703,678,13659
physics.flu-dyn,2020,3,636,607,10714
physics.flu-dyn,2020,4,702,684,11524
physics.flu-dyn,2021,1,737,720,9976
physics.flu-dyn,2021,2,663,647,7872
physics.flu-dyn,2021,3,631,610,6528
physics.flu-dyn,2021,4,684,674,5931
physics.flu-dyn,2022,1,688,678,4160
physics.flu-dyn,2022,2,592,585,2565
physics.flu-dyn,2022,3,659,651,1631
physics.flu-dyn,2022,4,688,683,1460
physics.flu-dyn,2023,1,732,720,1354
physics.flu-dyn,2023,2,754,745,1394
physics.flu-dyn,2023,3,718,702,924
physics.flu-dyn,2023,4,852,839,960
physics.flu-dyn,2024,1,677,661,1179
physics.flu-dyn,2024,2,636,631,1159
physics.flu-dyn,2024,3,714,690,724
physics.flu-dyn,2024,4,722,705,513
physics.flu-dyn,2025,1,754,649,614
physics.flu-dyn,2025,2,715,622,532
physics.flu-dyn,2025,3,726,519,243
physics.flu-dyn,2025,4,908,780,684
physics.flu-dyn,2026,1,793,793,62
physics.flu-dyn,2026,2,953,889,97
physics.flu-dyn,2026,3,165,1,0
physics.gen-ph,1996,4,6,6,142
physics.gen-ph,1997,1,8,8,35
physics.gen-ph,1997,2,26,26,52
physics.gen-ph,1997,3,7,7,21
physics.gen-ph,1997,4,9,9,17
physics.gen-ph,1998,1,17,17,198
physics.gen-ph,1998,2,11,11,66
physics.gen-ph,1998,3,16,16,9
physics.gen-ph,1998,4,23,23,239
physics.gen-ph,1999,1,28,28,34
physics.gen-ph,1999,2,43,43,357
physics.gen-ph,1999,3,48,48,447
physics.gen-ph,1999,4,40,40,365
physics.gen-ph,2000,1,61,61,482
physics.gen-ph,2000,2,77,77,334
physics.gen-ph,2000,3,65,64,1015
physics.gen-ph,2000,4,65,64,694
physics.gen-ph,2001,1,97,96,363
physics.gen-ph,2001,2,91,91,717
physics.gen-ph,2001,3,59,59,499
physics.gen-ph,2001,4,74,74,1161
physics.gen-ph,2002,1,45,45,413
physics.gen-ph,2002,2,56,56,929
physics.gen-ph,2002,3,74,74,748
physics.gen-ph,2002,4,86,86,988
physics.gen-ph,2003,1,76,76,1642
physics.gen-ph,2003,2,79,77,1148
physics.gen-ph,2003,3,75,74,596
physics.gen-ph,2003,4,72,71,962
physics.gen-ph,2004,1,85,85,1017
physics.gen-ph,2004,2,84,84,620
physics.gen-ph,2004,3,71,70,997
physics.gen-ph,2004,4,91,91,1658
physics.gen-ph,2005,1,103,103,1196
physics.gen-ph,2005,2,123,123,1433
physics.gen-ph,2005,3,108,107,801
physics.gen-ph,2005,4,98,97,589
physics.gen-ph,2006,1,124,124,1093
physics.gen-ph,2006,2,112,111,2499
physics.gen-ph,2006,3,142,141,1099
physics.gen-ph,2006,4,133,132,1211
physics.gen-ph,2007,1,163,163,1425
physics.gen-ph,2007,2,180,179,1926
physics.gen-ph,2007,3,165,162,2075
physics.gen-ph,2007,4,146,145,1689
physics.gen-ph,2008,1,183,175,3832
physics.gen-ph,2008,2,161,161,1207
physics.gen-ph,2008,3,139,138,1193
physics.gen-ph,2008,4,118,118,579
physics.gen-ph,2009,1,131,130,640
physics.gen-ph,2009,2,138,136,694
physics.gen-ph,2009,3,123,123,682
physics.gen-ph,2009,4,186,184,1744
physics.gen-ph,2010,1,166,164,2319
physics.gen-ph,2010,2,154,151,1330
physics.gen-ph,2010,3,147,145,1391
physics.gen-ph,2010,4,154,150,1056
physics.gen-ph,2011,1,158,156,1096
physics.gen-ph,2011,2,137,137,1205
physics.gen-ph,2011,3,135,133,1186
physics.gen-ph,2011,4,184,180,1220
physics.gen-ph,2012,1,145,144,962
physics.gen-ph,2012,2,133,130,982
physics.gen-ph,2012,3,124,121,716
physics.gen-ph,2012,4,148,146,1647
physics.gen-ph,2013,1,135,131,905
physics.gen-ph,2013,2,124,123,444
physics.gen-ph,2013,3,98,95,295
physics.gen-ph,2013,4,78,78,350
physics.gen-ph,2014,1,84,83,402
physics.gen-ph,2014,2,84,83,484
physics.gen-ph,2014,3,82,80,617
physics.gen-ph,2014,4,70,69,601
physics.gen-ph,2015,1,67,66,721
physics.gen-ph,2015,2,64,64,389
physics.gen-ph,2015,3,74,70,1232
physics.gen-ph,2015,4,92,87,676
physics.gen-ph,2016,1,98,92,405
physics.gen-ph,2016,2,128,124,776
physics.gen-ph,2016,3,107,105,536
physics.gen-ph,2016,4,128,128,828
physics.gen-ph,2017,1,118,118,1199
physics.gen-ph,2017,2,127,123,972
physics.gen-ph,2017,3,93,90,826
physics.gen-ph,2017,4,124,121,1068
physics.gen-ph,2018,1,96,95,791
physics.gen-ph,2018,2,106,105,786
physics.gen-ph,2018,3,98,96,519
physics.gen-ph,2018,4,99,98,757
physics.gen-ph,2019,1,94,90,585
physics.gen-ph,2019,2,96,95,771
physics.gen-ph,2019,3,107,103,783
physics.gen-ph,2019,4,93,91,596
physics.gen-ph,2020,1,100,97,759
physics.gen-ph,2020,2,71,70,547
physics.gen-ph,2020,3,73,72,317
physics.gen-ph,2020,4,66,62,454
physics.gen-ph,2021,1,60,60,113
physics.gen-ph,2021,2,78,75,336
physics.gen-ph,2021,3,95,95,274
physics.gen-ph,2021,4,61,60,296
physics.gen-ph,2022,1,64,62,146
physics.gen-ph,2022,2,76,74,242
physics.gen-ph,2022,3,66,66,188
physics.gen-ph,2022,4,59,59,90
physics.gen-ph,2023,1,67,67,94
physics.gen-ph,2023,2,56,55,110
physics.gen-ph,2023,3,64,64,68
physics.gen-ph,2023,4,61,61,55
physics.gen-ph,2024,1,65,65,118
physics.gen-ph,2024,2,62,60,57
physics.gen-ph,2024,3,57,54,24
physics.gen-ph,2024,4,55,54,43
physics.gen-ph,2025,1,85,79,62
physics.gen-ph,2025,2,68,61,132
physics.gen-ph,2025,3,56,42,21
physics.gen-ph,2025,4,71,69,19
physics.gen-ph,2026,1,67,67,12
physics.gen-ph,2026,2,88,71,21
physics.gen-ph,2026,3,14,0,0
physics.geo-ph,1996,4,4,4,65
physics.geo-ph,1997,1,4,4,66
physics.geo-ph,1997,2,4,4,7
physics.geo-ph,1997,3,2,2,86
physics.geo-ph,1997,4,1,1,87
physics.geo-ph,1998,1,2,2,40
physics.geo-ph,1998,2,7,7,364
physics.geo-ph,1998,3,3,3,66
physics.geo-ph,1998,4,4,4,1047
physics.geo-ph,1999,1,3,3,304
physics.geo-ph,1999,2,1,1,0
physics.geo-ph,1999,3,7,7,54
physics.geo-ph,1999,4,10,10,673
physics.geo-ph,2000,1,3,3,22
physics.geo-ph,2000,2,7,7,332
physics.geo-ph,2000,3,14,14,593
physics.geo-ph,2000,4,10,10,392
physics.geo-ph,2001,1,8,7,260
physics.geo-ph,2001,2,11,11,52
physics.geo-ph,2001,3,7,7,75
physics.geo-ph,2001,4,13,13,181
physics.geo-ph,2002,1,16,16,1082
physics.geo-ph,2002,2,6,6,435
physics.geo-ph,2002,3,10,10,258
physics.geo-ph,2002,4,17,17,523
physics.geo-ph,2003,1,11,10,696
physics.geo-ph,2003,2,20,20,648
physics.geo-ph,2003,3,17,17,1060
physics.geo-ph,2003,4,22,22,1277
physics.geo-ph,2004,1,20,20,1417
physics.geo-ph,2004,2,16,16,477
physics.geo-ph,2004,3,38,38,1448
physics.geo-ph,2004,4,37,37,1115
physics.geo-ph,2005,1,26,25,717
physics.geo-ph,2005,2,22,22,534
physics.geo-ph,2005,3,32,32,1108
physics.geo-ph,2005,4,39,39,1553
physics.geo-ph,2006,1,29,29,742
physics.geo-ph,2006,2,28,28,915
physics.geo-ph,2006,3,20,20,476
physics.geo-ph,2006,4,32,32,1437
physics.geo-ph,2007,1,23,23,468
physics.geo-ph,2007,2,31,31,2496
physics.geo-ph,2007,3,45,45,1385
physics.geo-ph,2007,4,32,32,1923
physics.geo-ph,2008,1,60,58,2897
physics.geo-ph,2008,2,45,45,1364
physics.geo-ph,2008,3,41,40,1195
physics.geo-ph,2008,4,40,39,3813
physics.geo-ph,2009,1,47,46,1976
physics.geo-ph,2009,2,60,59,1762
physics.geo-ph,2009,3,51,51,1104
physics.geo-ph,2009,4,35,35,1744
physics.geo-ph,2010,1,59,59,977
physics.geo-ph,2010,2,41,41,1425
physics.geo-ph,2010,3,56,53,1642
physics.geo-ph,2010,4,73,73,1707
physics.geo-ph,2011,1,66,64,1598
physics.geo-ph,2011,2,73,73,1960
physics.geo-ph,2011,3,64,62,1881
physics.geo-ph,2011,4,52,50,1313
physics.geo-ph,2012,1,65,65,2543
physics.geo-ph,2012,2,68,67,2262
physics.geo-ph,2012,3,59,58,2326
physics.geo-ph,2012,4,96,95,2977
physics.geo-ph,2013,1,66,64,2052
physics.geo-ph,2013,2,76,74,1939
physics.geo-ph,2013,3,63,60,1952
physics.geo-ph,2013,4,53,53,1575
physics.geo-ph,2014,1,72,72,2064
physics.geo-ph,2014,2,71,68,1864
physics.geo-ph,2014,3,53,53,1450
physics.geo-ph,2014,4,70,67,2748
physics.geo-ph,2015,1,61,60,1300
physics.geo-ph,2015,2,52,51,843
physics.geo-ph,2015,3,53,52,1435
physics.geo-ph,2015,4,71,68,2216
physics.geo-ph,2016,1,62,58,1630
physics.geo-ph,2016,2,66,64,1368
physics.geo-ph,2016,3,94,92,2172
physics.geo-ph,2016,4,88,86,2589
physics.geo-ph,2017,1,100,99,3260
physics.geo-ph,2017,2,81,80,2100
physics.geo-ph,2017,3,72,69,2258
physics.geo-ph,2017,4,95,90,2089
physics.geo-ph,2018,1,89,89,2376
physics.geo-ph,2018,2,97,95,2865
physics.geo-ph,2018,3,77,74,2666
physics.geo-ph,2018,4,114,110,2832
physics.geo-ph,2019,1,131,126,3437
physics.geo-ph,2019,2,139,136,3508
physics.geo-ph,2019,3,127,122,1876
physics.geo-ph,2019,4,120,118,3120
physics.geo-ph,2020,1,119,115,2053
physics.geo-ph,2020,2,158,154,3150
physics.geo-ph,2020,3,150,144,2631
physics.geo-ph,2020,4,164,161,2608
physics.geo-ph,2021,1,153,151,2708
physics.geo-ph,2021,2,168,165,1856
physics.geo-ph,2021,3,156,147,1826
physics.geo-ph,2021,4,174,174,1387
physics.geo-ph,2022,1,152,149,1145
physics.geo-ph,2022,2,167,166,892
physics.geo-ph,2022,3,151,150,624
physics.geo-ph,2022,4,171,168,671
physics.geo-ph,2023,1,192,187,456
physics.geo-ph,2023,2,167,164,495
physics.geo-ph,2023,3,175,171,895
physics.geo-ph,2023,4,169,166,357
physics.geo-ph,2024,1,167,167,625
physics.geo-ph,2024,2,179,174,334
physics.geo-ph,2024,3,200,189,479
physics.geo-ph,2024,4,211,208,175
physics.geo-ph,2025,1,189,160,140
physics.geo-ph,2025,2,221,190,172
physics.geo-ph,2025,3,170,114,68
physics.geo-ph,2025,4,227,194,38
physics.geo-ph,2026,1,218,218,11
physics.geo-ph,2026,2,225,217,2
physics.geo-ph,2026,3,39,0,0
physics.hist-ph,1993,2,1,1,0
physics.hist-ph,1997,1,2,2,0
physics.hist-ph,1997,2,1,1,6
physics.hist-ph,1997,3,5,5,13
physics.hist-ph,1997,4,2,2,7
physics.hist-ph,1998,1,3,3,26
physics.hist-ph,1998,2,6,6,86
physics.hist-ph,1998,3,6,6,13
physics.hist-ph,1998,4,6,6,67
physics.hist-ph,1999,1,3,3,15
physics.hist-ph,1999,2,5,5,352
physics.hist-ph,1999,3,5,5,48
physics.hist-ph,1999,4,7,7,115
physics.hist-ph,2000,1,3,3,42
physics.hist-ph,2000,2,2,2,4
physics.hist-ph,2000,3,8,8,47
physics.hist-ph,2000,4,6,6,449
physics.hist-ph,2001,1,11,11,66
physics.hist-ph,2001,2,5,5,74
physics.hist-ph,2001,3,3,3,11
physics.hist-ph,2001,4,6,6,141
physics.hist-ph,2002,1,3,3,51
physics.hist-ph,2002,2,3,3,17
physics.hist-ph,2002,3,9,9,42
physics.hist-ph,2002,4,10,10,76
physics.hist-ph,2003,1,10,10,359
physics.hist-ph,2003,2,5,5,60
physics.hist-ph,2003,3,11,11,26
physics.hist-ph,2003,4,10,10,67
physics.hist-ph,2004,1,12,12,254
physics.hist-ph,2004,2,17,17,382
physics.hist-ph,2004,3,20,20,255
physics.hist-ph,2004,4,22,22,471
physics.hist-ph,2005,1,13,13,876
physics.hist-ph,2005,2,15,15,128
physics.hist-ph,2005,3,24,24,226
physics.hist-ph,2005,4,18,18,113
physics.hist-ph,2006,1,28,27,135
physics.hist-ph,2006,2,25,24,686
physics.hist-ph,2006,3,14,13,15
physics.hist-ph,2006,4,26,26,299
physics.hist-ph,2007,1,21,21,130
physics.hist-ph,2007,2,27,26,352
physics.hist-ph,2007,3,24,24,781
physics.hist-ph,2007,4,20,20,238
physics.hist-ph,2008,1,27,27,427
physics.hist-ph,2008,2,32,31,147
physics.hist-ph,2008,3,22,22,225
physics.hist-ph,2008,4,34,33,180
physics.hist-ph,2009,1,20,19,254
physics.hist-ph,2009,2,39,38,424
physics.hist-ph,2009,3,21,21,267
physics.hist-ph,2009,4,37,36,136
physics.hist-ph,2010,1,28,27,431
physics.hist-ph,2010,2,29,29,176
physics.hist-ph,2010,3,24,23,99
physics.hist-ph,2010,4,32,29,160
physics.hist-ph,2011,1,45,43,389
physics.hist-ph,2011,2,50,49,1039
physics.hist-ph,2011,3,48,47,632
physics.hist-ph,2011,4,73,70,599
physics.hist-ph,2012,1,57,56,229
physics.hist-ph,2012,2,74,73,1106
physics.hist-ph,2012,3,74,72,700
physics.hist-ph,2012,4,84,77,413
physics.hist-ph,2013,1,77,75,509
physics.hist-ph,2013,2,71,62,257
physics.hist-ph,2013,3,69,62,660
physics.hist-ph,2013,4,71,66,775
physics.hist-ph,2014,1,80,76,596
physics.hist-ph,2014,2,79,75,1048
physics.hist-ph,2014,3,72,69,744
physics.hist-ph,2014,4,81,77,744
physics.hist-ph,2015,1,92,90,835
physics.hist-ph,2015,2,76,73,642
physics.hist-ph,2015,3,56,56,577
physics.hist-ph,2015,4,72,67,307
physics.hist-ph,2016,1,73,69,439
physics.hist-ph,2016,2,70,65,302
physics.hist-ph,2016,3,76,74,738
physics.hist-ph,2016,4,67,66,476
physics.hist-ph,2017,1,59,56,672
physics.hist-ph,2017,2,47,44,304
physics.hist-ph,2017,3,71,67,753
physics.hist-ph,2017,4,86,77,723
physics.hist-ph,2018,1,82,79,1859
physics.hist-ph,2018,2,81,73,623
physics.hist-ph,2018,3,71,66,804
physics.hist-ph,2018,4,72,66,293
physics.hist-ph,2019,1,66,61,328
physics.hist-ph,2019,2,79,72,488
physics.hist-ph,2019,3,76,68,524
physics.hist-ph,2019,4,88,83,519
physics.hist-ph,2020,1,83,79,485
physics.hist-ph,2020,2,108,104,549
physics.hist-ph,2020,3,108,100,273
physics.hist-ph,2020,4,77,69,288
physics.hist-ph,2021,1,106,97,188
physics.hist-ph,2021,2,79,76,185
physics.hist-ph,2021,3,70,68,227
physics.hist-ph,2021,4,94,90,169
physics.hist-ph,2022,1,93,93,196
physics.hist-ph,2022,2,93,93,113
physics.hist-ph,2022,3,66,66,315
physics.hist-ph,2022,4,72,71,151
physics.hist-ph,2023,1,81,80,144
physics.hist-ph,2023,2,77,76,113
physics.hist-ph,2023,3,96,94,104
physics.hist-ph,2023,4,72,71,39
physics.hist-ph,2024,1,85,83,113
physics.hist-ph,2024,2,72,70,36
physics.hist-ph,2024,3,69,64,14
physics.hist-ph,2024,4,96,95,41
physics.hist-ph,2025,1,90,74,31
physics.hist-ph,2025,2,77,70,19
physics.hist-ph,2025,3,89,60,65
physics.hist-ph,2025,4,104,96,10
physics.hist-ph,2026,1,104,104,2
physics.hist-ph,2026,2,75,70,3
physics.hist-ph,2026,3,20,0,0
physics.ins-det,1996,4,1,1,1
physics.ins-det,1997,1,2,2,22
physics.ins-det,1997,2,3,3,15
physics.ins-det,1997,3,10,10,91
physics.ins-det,1997,4,9,9,45
physics.ins-det,1998,1,11,11,236
physics.ins-det,1998,2,7,7,64
physics.ins-det,1998,3,5,5,35
physics.ins-det,1998,4,15,15,142
physics.ins-det,1999,1,8,6,15
physics.ins-det,1999,2,12,12,407
physics.ins-det,1999,3,16,16,267
physics.ins-det,1999,4,12,12,576
physics.ins-det,2000,1,6,6,128
physics.ins-det,2000,2,11,11,134
physics.ins-det,2000,3,21,21,551
physics.ins-det,2000,4,11,11,348
physics.ins-det,2001,1,14,14,328
physics.ins-det,2001,2,17,17,357
physics.ins-det,2001,3,11,11,195
physics.ins-det,2001,4,57,57,220
physics.ins-det,2002,1,15,15,145
physics.ins-det,2002,2,23,23,340
physics.ins-det,2002,3,29,29,454
physics.ins-det,2002,4,37,37,536
physics.ins-det,2003,1,17,17,857
physics.ins-det,2003,2,45,44,421
physics.ins-det,2003,3,32,32,1263
physics.ins-det,2003,4,46,46,544
physics.ins-det,2004,1,38,38,954
physics.ins-det,2004,2,32,32,777
physics.ins-det,2004,3,41,41,843
physics.ins-det,2004,4,64,64,1056
physics.ins-det,2005,1,53,53,1879
physics.ins-det,2005,2,53,53,1661
physics.ins-det,2005,3,56,56,1312
physics.ins-det,2005,4,75,75,1573
physics.ins-det,2006,1,42,40,1130
physics.ins-det,2006,2,68,68,1101
physics.ins-det,2006,3,57,56,1137
physics.ins-det,2006,4,79,79,3246
physics.ins-det,2007,1,81,79,1735
physics.ins-det,2007,2,59,59,1326
physics.ins-det,2007,3,80,78,2229
physics.ins-det,2007,4,66,66,1024
physics.ins-det,2008,1,27,27,603
physics.ins-det,2008,2,71,71,2701
physics.ins-det,2008,3,94,93,2537
physics.ins-det,2008,4,126,124,2557
physics.ins-det,2009,1,113,113,1884
physics.ins-det,2009,2,80,80,2175
physics.ins-det,2009,3,103,101,3181
physics.ins-det,2009,4,150,125,4583
physics.ins-det,2010,1,111,109,4774
physics.ins-det,2010,2,132,129,2346
physics.ins-det,2010,3,131,128,3444
physics.ins-det,2010,4,127,124,2484
physics.ins-det,2011,1,109,108,3359
physics.ins-det,2011,2,142,141,4620
physics.ins-det,2011,3,160,155,4618
physics.ins-det,2011,4,182,175,4224
physics.ins-det,2012,1,210,207,4632
physics.ins-det,2012,2,154,153,5501
physics.ins-det,2012,3,173,172,5852
physics.ins-det,2012,4,204,203,4984
physics.ins-det,2013,1,205,205,6537
physics.ins-det,2013,2,266,260,7605
physics.ins-det,2013,3,317,315,5948
physics.ins-det,2013,4,282,279,6995
physics.ins-det,2014,1,256,248,6588
physics.ins-det,2014,2,284,276,5565
physics.ins-det,2014,3,287,281,6130
physics.ins-det,2014,4,326,313,6500
physics.ins-det,2015,1,278,266,5673
physics.ins-det,2015,2,314,308,5553
physics.ins-det,2015,3,330,325,7975
physics.ins-det,2015,4,409,391,7955
physics.ins-det,2016,1,340,333,9154
physics.ins-det,2016,2,371,369,9339
physics.ins-det,2016,3,340,325,8973
physics.ins-det,2016,4,445,427,11310
physics.ins-det,2017,1,369,359,8509
physics.ins-det,2017,2,329,321,9433
physics.ins-det,2017,3,340,328,8549
physics.ins-det,2017,4,419,406,7845
physics.ins-det,2018,1,330,311,7152
physics.ins-det,2018,2,458,453,9749
physics.ins-det,2018,3,371,362,7087
physics.ins-det,2018,4,385,367,6840
physics.ins-det,2019,1,355,336,11264
physics.ins-det,2019,2,326,317,5859
physics.ins-det,2019,3,402,381,6067
physics.ins-det,2019,4,471,454,7739
physics.ins-det,2020,1,434,423,8298
physics.ins-det,2020,2,523,498,7159
physics.ins-det,2020,3,377,364,6280
physics.ins-det,2020,4,406,382,4069
physics.ins-det,2021,1,360,348,4387
physics.ins-det,2021,2,366,357,3343
physics.ins-det,2021,3,359,350,3200
physics.ins-det,2021,4,516,496,3831
physics.ins-det,2022,1,499,483,3216
physics.ins-det,2022,2,394,379,1924
physics.ins-det,2022,3,398,386,888
physics.ins-det,2022,4,439,421,1086
physics.ins-det,2023,1,397,374,499
physics.ins-det,2023,2,348,326,402
physics.ins-det,2023,3,360,340,529
physics.ins-det,2023,4,451,432,446
physics.ins-det,2024,1,417,401,1265
physics.ins-det,2024,2,368,339,482
physics.ins-det,2024,3,360,333,432
physics.ins-det,2024,4,408,380,702
physics.ins-det,2025,1,504,421,518
physics.ins-det,2025,2,410,337,159
physics.ins-det,2025,3,421,311,96
physics.ins-det,2025,4,499,432,90
physics.ins-det,2026,1,437,436,30
physics.ins-det,2026,2,441,402,28
physics.ins-det,2026,3,67,0,0
physics.med-ph,1997,3,1,1,0
physics.med-ph,1997,4,2,2,243
physics.med-ph,1998,2,2,2,6
physics.med-ph,1998,3,3,3,24
physics.med-ph,1998,4,4,4,41
physics.med-ph,1999,1,3,3,49
physics.med-ph,1999,2,3,3,9
physics.med-ph,1999,3,3,3,99
physics.med-ph,1999,4,8,8,61
physics.med-ph,2000,1,4,4,735
physics.med-ph,2000,2,3,3,399
physics.med-ph,2000,3,2,2,76
physics.med-ph,2000,4,4,4,65
physics.med-ph,2001,1,7,6,274
physics.med-ph,2001,2,3,3,217
physics.med-ph,2001,3,6,6,884
physics.med-ph,2001,4,6,6,227
physics.med-ph,2002,1,2,2,989
physics.med-ph,2002,2,11,11,174
physics.med-ph,2002,3,3,3,147
physics.med-ph,2002,4,12,12,93
physics.med-ph,2003,1,7,7,209
physics.med-ph,2003,2,6,6,219
physics.med-ph,2003,3,9,9,90
physics.med-ph,2003,4,12,12,762
physics.med-ph,2004,1,12,11,230
physics.med-ph,2004,2,15,15,208
physics.med-ph,2004,3,4,4,2157
physics.med-ph,2004,4,12,12,231
physics.med-ph,2005,1,7,7,172
physics.med-ph,2005,2,9,9,153
physics.med-ph,2005,3,11,11,180
physics.med-ph,2005,4,15,15,261
physics.med-ph,2006,1,14,14,225
physics.med-ph,2006,2,24,21,191
physics.med-ph,2006,3,10,10,223
physics.med-ph,2006,4,43,40,732
physics.med-ph,2007,1,30,28,524
physics.med-ph,2007,2,23,23,691
physics.med-ph,2007,3,17,15,128
physics.med-ph,2007,4,26,24,747
physics.med-ph,2008,1,19,19,393
physics.med-ph,2008,2,9,9,181
physics.med-ph,2008,3,10,9,151
physics.med-ph,2008,4,31,30,1006
physics.med-ph,2009,1,17,17,658
physics.med-ph,2009,2,24,24,1651
physics.med-ph,2009,3,26,26,1831
physics.med-ph,2009,4,36,34,1134
physics.med-ph,2010,1,28,28,460
physics.med-ph,2010,2,38,37,1789
physics.med-ph,2010,3,37,37,2253
physics.med-ph,2010,4,23,23,1573
physics.med-ph,2011,1,41,37,1165
physics.med-ph,2011,2,48,45,1677
physics.med-ph,2011,3,32,30,1477
physics.med-ph,2011,4,39,37,1177
physics.med-ph,2012,1,35,35,1039
physics.med-ph,2012,2,35,34,1120
physics.med-ph,2012,3,40,40,1292
physics.med-ph,2012,4,43,42,2369
physics.med-ph,2013,1,48,47,2429
physics.med-ph,2013,2,53,52,1164
physics.med-ph,2013,3,50,50,2161
physics.med-ph,2013,4,56,55,1795
physics.med-ph,2014,1,45,45,857
physics.med-ph,2014,2,47,46,2031
physics.med-ph,2014,3,48,48,2353
physics.med-ph,2014,4,58,57,836
physics.med-ph,2015,1,89,86,1724
physics.med-ph,2015,2,42,42,760
physics.med-ph,2015,3,47,46,674
physics.med-ph,2015,4,53,53,1063
physics.med-ph,2016,1,62,62,1300
physics.med-ph,2016,2,52,50,2027
physics.med-ph,2016,3,88,85,1855
physics.med-ph,2016,4,74,74,953
physics.med-ph,2017,1,77,76,3822
physics.med-ph,2017,2,84,82,1801
physics.med-ph,2017,3,80,75,2287
physics.med-ph,2017,4,97,93,2531
physics.med-ph,2018,1,96,89,1939
physics.med-ph,2018,2,137,131,2536
physics.med-ph,2018,3,121,120,2544
physics.med-ph,2018,4,148,142,3530
physics.med-ph,2019,1,139,134,2507
physics.med-ph,2019,2,134,130,2016
physics.med-ph,2019,3,164,163,2969
physics.med-ph,2019,4,170,168,3753
physics.med-ph,2020,1,186,181,6647
physics.med-ph,2020,2,192,179,2187
physics.med-ph,2020,3,213,197,3112
physics.med-ph,2020,4,198,189,2820
physics.med-ph,2021,1,221,207,2457
physics.med-ph,2021,2,179,178,1198
physics.med-ph,2021,3,203,200,1802
physics.med-ph,2021,4,208,204,1293
physics.med-ph,2022,1,199,197,912
physics.med-ph,2022,2,183,182,1149
physics.med-ph,2022,3,167,164,411
physics.med-ph,2022,4,181,181,380
physics.med-ph,2023,1,165,162,279
physics.med-ph,2023,2,212,206,571
physics.med-ph,2023,3,201,194,388
physics.med-ph,2023,4,243,240,314
physics.med-ph,2024,1,227,219,753
physics.med-ph,2024,2,219,201,305
physics.med-ph,2024,3,219,198,135
physics.med-ph,2024,4,287,271,230
physics.med-ph,2025,1,270,211,239
physics.med-ph,2025,2,245,191,98
physics.med-ph,2025,3,289,173,127
physics.med-ph,2025,4,281,235,185
physics.med-ph,2026,1,232,232,270
physics.med-ph,2026,2,230,215,36
physics.med-ph,2026,3,40,0,0
physics.optics,1995,3,1,1,0
physics.optics,1995,4,1,1,11
physics.optics,1996,2,1,1,0
physics.optics,1996,4,3,3,152
physics.optics,1997,1,7,7,148
physics.optics,1997,2,8,8,119
physics.optics,1997,3,13,13,277
physics.optics,1997,4,19,18,299
physics.optics,1998,1,19,19,650
physics.optics,1998,2,24,24,2859
physics.optics,1998,3,23,23,917
physics.optics,1998,4,26,26,2273
physics.optics,1999,1,19,18,384
physics.optics,1999,2,26,26,597
physics.optics,1999,3,8,8,238
physics.optics,1999,4,27,27,349
physics.optics,2000,1,40,40,1026
physics.optics,2000,2,29,29,731
physics.optics,2000,3,44,44,1078
physics.optics,2000,4,33,32,1136
physics.optics,2001,1,34,33,2301
physics.optics,2001,2,44,43,1197
physics.optics,2001,3,38,38,1593
physics.optics,2001,4,36,36,970
physics.optics,2002,1,43,43,914
physics.optics,2002,2,44,44,2506
physics.optics,2002,3,50,50,1889
physics.optics,2002,4,47,47,2505
physics.optics,2003,1,53,53,1442
physics.optics,2003,2,62,62,3329
physics.optics,2003,3,100,100,6515
physics.optics,2003,4,88,88,3375
physics.optics,2004,1,72,72,5093
physics.optics,2004,2,88,88,4243
physics.optics,2004,3,87,87,3766
physics.optics,2004,4,104,104,4337
physics.optics,2005,1,77,77,2788
physics.optics,2005,2,121,121,9867
physics.optics,2005,3,110,109,5925
physics.optics,2005,4,125,125,5573
physics.optics,2006,1,121,121,4685
physics.optics,2006,2,141,140,7786
physics.optics,2006,3,159,159,11715
physics.optics,2006,4,187,183,14374
physics.optics,2007,1,148,146,6792
physics.optics,2007,2,174,173,12398
physics.optics,2007,3,175,174,12931
physics.optics,2007,4,170,169,12824
physics.optics,2008,1,158,157,8786
physics.optics,2008,2,181,179,10409
physics.optics,2008,3,207,206,10524
physics.optics,2008,4,213,212,13219
physics.optics,2009,1,211,211,13115
physics.optics,2009,2,230,229,12792
physics.optics,2009,3,231,231,12384
physics.optics,2009,4,237,236,13778
physics.optics,2010,1,294,293,17974
physics.optics,2010,2,292,292,20505
physics.optics,2010,3,313,313,16585
physics.optics,2010,4,329,328,18867
physics.optics,2011,1,325,323,17612
physics.optics,2011,2,329,329,23843
physics.optics,2011,3,384,384,29101
physics.optics,2011,4,395,391,26732
physics.optics,2012,1,413,411,24519
physics.optics,2012,2,433,430,29876
physics.optics,2012,3,491,487,27531
physics.optics,2012,4,537,533,38013
physics.optics,2013,1,541,539,33845
physics.optics,2013,2,519,515,27625
physics.optics,2013,3,500,496,28472
physics.optics,2013,4,554,546,28096
physics.optics,2014,1,588,586,35741
physics.optics,2014,2,606,602,37799
physics.optics,2014,3,567,560,31557
physics.optics,2014,4,638,631,37400
physics.optics,2015,1,618,604,28449
physics.optics,2015,2,659,639,29476
physics.optics,2015,3,658,648,28541
physics.optics,2015,4,669,649,29864
physics.optics,2016,1,693,675,36351
physics.optics,2016,2,732,720,36440
physics.optics,2016,3,683,672,35148
physics.optics,2016,4,694,683,34884
physics.optics,2017,1,594,593,24794
physics.optics,2017,2,619,610,33929
physics.optics,2017,3,668,655,30348
physics.optics,2017,4,772,750,28779
physics.optics,2018,1,639,618,34022
physics.optics,2018,2,709,694,34766
physics.optics,2018,3,674,660,28353
physics.optics,2018,4,856,834,33273
physics.optics,2019,1,738,727,32087
physics.optics,2019,2,920,894,37747
physics.optics,2019,3,859,834,31392
physics.optics,2019,4,937,910,37226
physics.optics,2020,1,909,881,29876
physics.optics,2020,2,1018,991,28605
physics.optics,2020,3,933,901,23975
physics.optics,2020,4,984,951,26952
physics.optics,2021,1,982,957,23245
physics.optics,2021,2,1070,1042,22016
physics.optics,2021,3,998,979,13057
physics.optics,2021,4,987,970,15986
physics.optics,2022,1,1007,996,8508
physics.optics,2022,2,956,939,7792
physics.optics,2022,3,1010,1006,3006
physics.optics,2022,4,1003,987,2816
physics.optics,2023,1,965,950,3495
physics.optics,2023,2,1086,1069,1764
physics.optics,2023,3,1014,1004,1497
physics.optics,2023,4,1137,1118,1686
physics.optics,2024,1,1130,1115,8046
physics.optics,2024,2,1083,1068,1608
physics.optics,2024,3,1106,1081,1568
physics.optics,2024,4,1315,1293,2508
physics.optics,2025,1,1191,1041,1432
physics.optics,2025,2,1242,1090,839
physics.optics,2025,3,1330,959,549
physics.optics,2025,4,1395,1210,292
physics.optics,2026,1,1338,1336,354
physics.optics,2026,2,1548,1441,1197
physics.optics,2026,3,256,0,0
physics.plasm-ph,1995,1,5,5,85
physics.plasm-ph,1995,2,5,5,391
physics.plasm-ph,1995,3,2,2,22
physics.plasm-ph,1995,4,4,4,14
physics.plasm-ph,1996,1,3,3,7
physics.plasm-ph,1996,2,3,3,155
physics.plasm-ph,1996,3,6,6,173
physics.plasm-ph,1996,4,10,10,214
physics.plasm-ph,1997,1,5,5,70
physics.plasm-ph,1997,2,8,8,156
physics.plasm-ph,1997,3,14,14,157
physics.plasm-ph,1997,4,5,5,168
physics.plasm-ph,1998,1,17,17,276
physics.plasm-ph,1998,2,13,13,290
physics.plasm-ph,1998,3,22,22,664
physics.plasm-ph,1998,4,19,19,1515
physics.plasm-ph,1999,1,14,14,511
physics.plasm-ph,1999,2,27,27,590
physics.plasm-ph,1999,3,16,16,731
physics.plasm-ph,1999,4,22,22,978
physics.plasm-ph,2000,1,27,27,1094
physics.plasm-ph,2000,2,22,22,547
physics.plasm-ph,2000,3,21,21,699
physics.plasm-ph,2000,4,23,23,980
physics.plasm-ph,2001,1,30,30,1758
physics.plasm-ph,2001,2,20,19,661
physics.plasm-ph,2001,3,17,17,338
physics.plasm-ph,2001,4,31,31,896
physics.plasm-ph,2002,1,13,13,463
physics.plasm-ph,2002,2,37,37,1228
physics.plasm-ph,2002,3,31,31,853
physics.plasm-ph,2002,4,30,30,1074
physics.plasm-ph,2003,1,25,25,1430
physics.plasm-ph,2003,2,30,30,692
physics.plasm-ph,2003,3,26,25,961
physics.plasm-ph,2003,4,35,35,929
physics.plasm-ph,2004,1,39,39,946
physics.plasm-ph,2004,2,43,43,2591
physics.plasm-ph,2004,3,56,56,1002
physics.plasm-ph,2004,4,205,201,2892
physics.plasm-ph,2005,1,52,52,3301
physics.plasm-ph,2005,2,40,40,1382
physics.plasm-ph,2005,3,40,40,1575
physics.plasm-ph,2005,4,65,65,1887
physics.plasm-ph,2006,1,57,56,1705
physics.plasm-ph,2006,2,57,57,2673
physics.plasm-ph,2006,3,58,58,1331
physics.plasm-ph,2006,4,53,53,3717
physics.plasm-ph,2007,1,76,76,3516
physics.plasm-ph,2007,2,60,60,2178
physics.plasm-ph,2007,3,61,61,2671
physics.plasm-ph,2007,4,80,80,2220
physics.plasm-ph,2008,1,78,78,1968
physics.plasm-ph,2008,2,93,93,3559
physics.plasm-ph,2008,3,71,71,2455
physics.plasm-ph,2008,4,96,96,2761
physics.plasm-ph,2009,1,115,114,2665
physics.plasm-ph,2009,2,105,105,4669
physics.plasm-ph,2009,3,70,70,2553
physics.plasm-ph,2009,4,104,103,2487
physics.plasm-ph,2010,1,112,112,5091
physics.plasm-ph,2010,2,120,119,3387
physics.plasm-ph,2010,3,148,148,5180
physics.plasm-ph,2010,4,131,131,4332
physics.plasm-ph,2011,1,143,143,3507
physics.plasm-ph,2011,2,176,176,5349
physics.plasm-ph,2011,3,164,162,5799
physics.plasm-ph,2011,4,133,132,5508
physics.plasm-ph,2012,1,143,142,4868
physics.plasm-ph,2012,2,163,163,5070
physics.plasm-ph,2012,3,157,155,3870
physics.plasm-ph,2012,4,198,197,5461
physics.plasm-ph,2013,1,184,183,8380
physics.plasm-ph,2013,2,208,206,6446
physics.plasm-ph,2013,3,177,177,4812
physics.plasm-ph,2013,4,214,213,6661
physics.plasm-ph,2014,1,194,192,5427
physics.plasm-ph,2014,2,189,188,6033
physics.plasm-ph,2014,3,212,211,5672
physics.plasm-ph,2014,4,198,197,5648
physics.plasm-ph,2015,1,213,209,4753
physics.plasm-ph,2015,2,183,181,4176
physics.plasm-ph,2015,3,192,191,3842
physics.plasm-ph,2015,4,229,227,5522
physics.plasm-ph,2016,1,210,210,4765
physics.plasm-ph,2016,2,247,244,5740
physics.plasm-ph,2016,3,214,214,4888
physics.plasm-ph,2016,4,253,251,5420
physics.plasm-ph,2017,1,236,235,5893
physics.plasm-ph,2017,2,229,228,5116
physics.plasm-ph,2017,3,258,257,6804
physics.plasm-ph,2017,4,265,262,3980
physics.plasm-ph,2018,1,280,276,5761
physics.plasm-ph,2018,2,237,236,4240
physics.plasm-ph,2018,3,245,243,4775
physics.plasm-ph,2018,4,255,253,4650
physics.plasm-ph,2019,1,256,254,5406
physics.plasm-ph,2019,2,245,242,4237
physics.plasm-ph,2019,3,279,274,4942
physics.plasm-ph,2019,4,287,283,5157
physics.plasm-ph,2020,1,282,281,4557
physics.plasm-ph,2020,2,314,309,5119
physics.plasm-ph,2020,3,337,327,5353
physics.plasm-ph,2020,4,345,339,4887
physics.plasm-ph,2021,1,339,335,4268
physics.plasm-ph,2021,2,363,357,3722
physics.plasm-ph,2021,3,334,329,3532
physics.plasm-ph,2021,4,320,317,2882
physics.plasm-ph,2022,1,325,322,2730
physics.plasm-ph,2022,2,295,291,1764
physics.plasm-ph,2022,3,295,292,568
physics.plasm-ph,2022,4,330,324,791
physics.plasm-ph,2023,1,343,339,440
physics.plasm-ph,2023,2,369,364,522
physics.plasm-ph,2023,3,322,317,380
physics.plasm-ph,2023,4,357,354,433
physics.plasm-ph,2024,1,354,348,567
physics.plasm-ph,2024,2,389,382,517
physics.plasm-ph,2024,3,394,380,530
physics.plasm-ph,2024,4,430,422,240
physics.plasm-ph,2025,1,372,332,251
physics.plasm-ph,2025,2,432,391,238
physics.plasm-ph,2025,3,433,317,102
physics.plasm-ph,2025,4,422,368,174
physics.plasm-ph,2026,1,471,471,288
physics.plasm-ph,2026,2,501,469,12
physics.plasm-ph,2026,3,101,0,0
physics.pop-ph,1986,2,1,1,29
physics.pop-ph,1996,4,2,2,48
physics.pop-ph,1997,1,3,3,7
physics.pop-ph,1997,2,5,5,4
physics.pop-ph,1997,3,2,2,1
physics.pop-ph,1997,4,2,2,0
physics.pop-ph,1998,1,2,2,25
physics.pop-ph,1998,2,4,4,51
physics.pop-ph,1998,3,1,1,2
physics.pop-ph,1998,4,4,4,4
physics.pop-ph,1999,1,5,5,219
physics.pop-ph,1999,2,5,5,16
physics.pop-ph,1999,3,2,2,27
physics.pop-ph,1999,4,4,4,0
physics.pop-ph,2000,1,6,6,43
physics.pop-ph,2000,2,4,4,14
physics.pop-ph,2000,3,5,5,25
physics.pop-ph,2000,4,1,1,4
physics.pop-ph,2001,1,5,5,89
physics.pop-ph,2001,2,3,3,36
physics.pop-ph,2001,4,5,5,80
physics.pop-ph,2002,1,7,7,35
physics.pop-ph,2002,2,6,5,173
physics.pop-ph,2002,3,9,9,12
physics.pop-ph,2002,4,7,7,41
physics.pop-ph,2003,1,6,6,150
physics.pop-ph,2003,2,1,1,0
physics.pop-ph,2003,3,2,2,4
physics.pop-ph,2003,4,5,5,77
physics.pop-ph,2004,1,11,11,162
physics.pop-ph,2004,2,5,5,56
physics.pop-ph,2004,3,3,3,2
physics.pop-ph,2004,4,5,5,110
physics.pop-ph,2005,1,9,9,166
physics.pop-ph,2005,2,11,11,139
physics.pop-ph,2005,3,11,11,29
physics.pop-ph,2005,4,19,19,109
physics.pop-ph,2006,1,11,11,28
physics.pop-ph,2006,2,18,18,237
physics.pop-ph,2006,3,15,14,91
physics.pop-ph,2006,4,8,8,64
physics.pop-ph,2007,1,19,18,72
physics.pop-ph,2007,2,16,16,42
physics.pop-ph,2007,3,18,18,97
physics.pop-ph,2007,4,13,12,98
physics.pop-ph,2008,1,22,22,1593
physics.pop-ph,2008,2,17,17,814
physics.pop-ph,2008,3,23,23,295
physics.pop-ph,2008,4,23,22,74
physics.pop-ph,2009,1,24,24,203
physics.pop-ph,2009,2,28,27,118
physics.pop-ph,2009,3,22,22,1008
physics.pop-ph,2009,4,32,32,274
physics.pop-ph,2010,1,37,37,342
physics.pop-ph,2010,2,26,25,490
physics.pop-ph,2010,3,29,28,250
physics.pop-ph,2010,4,25,24,49
physics.pop-ph,2011,1,39,39,487
physics.pop-ph,2011,2,29,26,343
physics.pop-ph,2011,3,33,33,892
physics.pop-ph,2011,4,39,39,425
physics.pop-ph,2012,1,44,44,129
physics.pop-ph,2012,2,30,29,267
physics.pop-ph,2012,3,28,28,180
physics.pop-ph,2012,4,28,28,183
physics.pop-ph,2013,1,27,27,91
physics.pop-ph,2013,2,37,36,132
physics.pop-ph,2013,3,27,26,336
physics.pop-ph,2013,4,29,24,82
physics.pop-ph,2014,1,24,22,627
physics.pop-ph,2014,2,24,24,293
physics.pop-ph,2014,3,25,25,291
physics.pop-ph,2014,4,32,31,70
physics.pop-ph,2015,1,35,35,354
physics.pop-ph,2015,2,25,23,81
physics.pop-ph,2015,3,19,19,903
physics.pop-ph,2015,4,31,31,233
physics.pop-ph,2016,1,27,26,393
physics.pop-ph,2016,2,39,36,385
physics.pop-ph,2016,3,26,24,215
physics.pop-ph,2016,4,22,22,149
physics.pop-ph,2017,1,35,34,319
physics.pop-ph,2017,2,33,30,223
physics.pop-ph,2017,3,32,29,366
physics.pop-ph,2017,4,39,35,109
physics.pop-ph,2018,1,43,39,152
physics.pop-ph,2018,2,49,47,370
physics.pop-ph,2018,3,30,29,102
physics.pop-ph,2018,4,29,29,619
physics.pop-ph,2019,1,38,37,338
physics.pop-ph,2019,2,28,26,126
physics.pop-ph,2019,3,48,46,547
physics.pop-ph,2019,4,29,26,96
physics.pop-ph,2020,1,40,38,197
physics.pop-ph,2020,2,46,44,200
physics.pop-ph,2020,3,43,40,107
physics.pop-ph,2020,4,29,29,145
physics.pop-ph,2021,1,51,49,246
physics.pop-ph,2021,2,42,41,106
physics.pop-ph,2021,3,33,32,124
physics.pop-ph,2021,4,35,33,278
physics.pop-ph,2022,1,45,44,251
physics.pop-ph,2022,2,32,30,63
physics.pop-ph,2022,3,30,30,41
physics.pop-ph,2022,4,27,27,46
physics.pop-ph,2023,1,34,34,32
physics.pop-ph,2023,2,30,30,127
physics.pop-ph,2023,3,43,42,29
physics.pop-ph,2023,4,34,33,25
physics.pop-ph,2024,1,33,33,39
physics.pop-ph,2024,2,28,28,13
physics.pop-ph,2024,3,23,23,4
physics.pop-ph,2024,4,40,39,16
physics.pop-ph,2025,1,38,36,21
physics.pop-ph,2025,2,19,18,18
physics.pop-ph,2025,3,19,14,5
physics.pop-ph,2025,4,31,29,3
physics.pop-ph,2026,1,38,38,1
physics.pop-ph,2026,2,38,35,2
physics.pop-ph,2026,3,2,0,0
physics.soc-ph,1997,4,2,2,6
physics.soc-ph,1998,1,1,1,0
physics.soc-ph,1998,2,4,4,12
physics.soc-ph,1998,3,1,1,2
physics.soc-ph,1998,4,2,2,5
physics.soc-ph,1999,1,2,2,36
physics.soc-ph,1999,2,2,2,2
physics.soc-ph,1999,3,3,3,14
physics.soc-ph,2000,1,5,5,39
physics.soc-ph,2000,2,3,3,19
physics.soc-ph,2000,3,6,6,23
physics.soc-ph,2000,4,2,2,2714
physics.soc-ph,2001,1,6,6,140
physics.soc-ph,2001,2,2,2,5
physics.soc-ph,2001,3,1,1,0
physics.soc-ph,2001,4,7,7,67
physics.soc-ph,2002,1,7,7,251
physics.soc-ph,2002,2,3,3,0
physics.soc-ph,2002,3,7,7,76
physics.soc-ph,2002,4,20,19,756
physics.soc-ph,2003,1,17,16,1646
physics.soc-ph,2003,2,14,13,451
physics.soc-ph,2003,3,17,17,318
physics.soc-ph,2003,4,14,13,472
physics.soc-ph,2004,1,12,12,1291
physics.soc-ph,2004,2,17,17,617
physics.soc-ph,2004,3,13,13,586
physics.soc-ph,2004,4,13,13,7246
physics.soc-ph,2005,1,82,81,6450
physics.soc-ph,2005,2,148,143,18809
physics.soc-ph,2005,3,134,133,19312
physics.soc-ph,2005,4,110,109,7146
physics.soc-ph,2006,1,121,120,20827
physics.soc-ph,2006,2,118,117,10471
physics.soc-ph,2006,3,175,173,9851
physics.soc-ph,2006,4,115,114,9650
physics.soc-ph,2007,1,128,127,7590
physics.soc-ph,2007,2,114,112,11175
physics.soc-ph,2007,3,164,161,22763
physics.soc-ph,2007,4,155,153,12175
physics.soc-ph,2008,1,174,169,33431
physics.soc-ph,2008,2,142,142,18881
physics.soc-ph,2008,3,150,147,7473
physics.soc-ph,2008,4,140,137,11737
physics.soc-ph,2009,1,130,130,11156
physics.soc-ph,2009,2,125,124,20045
physics.soc-ph,2009,3,161,158,13630
physics.soc-ph,2009,4,227,224,13455
physics.soc-ph,2010,1,179,175,13521
physics.soc-ph,2010,2,165,159,12338
physics.soc-ph,2010,3,129,121,8302
physics.soc-ph,2010,4,214,207,24731
physics.soc-ph,2011,1,216,209,13811
physics.soc-ph,2011,2,226,222,13419
physics.soc-ph,2011,3,211,204,11590
physics.soc-ph,2011,4,230,221,14540
physics.soc-ph,2012,1,232,217,11789
physics.soc-ph,2012,2,292,286,14688
physics.soc-ph,2012,3,288,285,11425
physics.soc-ph,2012,4,292,280,11893
physics.soc-ph,2013,1,314,301,14839
physics.soc-ph,2013,2,324,310,16571
physics.soc-ph,2013,3,339,328,20874
physics.soc-ph,2013,4,288,272,11559
physics.soc-ph,2014,1,337,320,12890
physics.soc-ph,2014,2,321,302,12328
physics.soc-ph,2014,3,343,331,19402
physics.soc-ph,2014,4,336,314,8856
physics.soc-ph,2015,1,346,327,11339
physics.soc-ph,2015,2,347,329,15893
physics.soc-ph,2015,3,357,339,10964
physics.soc-ph,2015,4,308,285,6228
physics.soc-ph,2016,1,318,295,8970
physics.soc-ph,2016,2,354,326,11385
physics.soc-ph,2016,3,363,339,12833
physics.soc-ph,2016,4,339,325,10892
physics.soc-ph,2017,1,306,296,13638
physics.soc-ph,2017,2,299,286,15597
physics.soc-ph,2017,3,313,292,9483
physics.soc-ph,2017,4,317,295,5627
physics.soc-ph,2018,1,362,321,10502
physics.soc-ph,2018,2,305,285,6066
physics.soc-ph,2018,3,324,306,5772
physics.soc-ph,2018,4,301,283,11606
physics.soc-ph,2019,1,295,282,4812
physics.soc-ph,2019,2,324,300,6385
physics.soc-ph,2019,3,335,304,5285
physics.soc-ph,2019,4,332,304,4749
physics.soc-ph,2020,1,407,386,10720
physics.soc-ph,2020,2,772,717,18126
physics.soc-ph,2020,3,594,546,9071
physics.soc-ph,2020,4,436,404,4463
physics.soc-ph,2021,1,411,394,4714
physics.soc-ph,2021,2,409,391,4477
physics.soc-ph,2021,3,358,345,3491
physics.soc-ph,2021,4,335,327,3393
physics.soc-ph,2022,1,340,337,2173
physics.soc-ph,2022,2,308,305,1817
physics.soc-ph,2022,3,328,323,1145
physics.soc-ph,2022,4,326,316,587
physics.soc-ph,2023,1,315,312,631
physics.soc-ph,2023,2,340,336,590
physics.soc-ph,2023,3,384,382,663
physics.soc-ph,2023,4,414,412,619
physics.soc-ph,2024,1,432,428,908
physics.soc-ph,2024,2,364,356,494
physics.soc-ph,2024,3,344,329,543
physics.soc-ph,2024,4,368,358,442
physics.soc-ph,2025,1,397,329,800
physics.soc-ph,2025,2,404,350,244
physics.soc-ph,2025,3,384,272,676
physics.soc-ph,2025,4,428,380,83
physics.soc-ph,2026,1,425,425,88
physics.soc-ph,2026,2,446,418,1
physics.soc-ph,2026,3,84,0,0
physics.space-ph,1996,3,1,1,21
physics.space-ph,1996,4,4,4,120
physics.space-ph,1997,1,2,2,52
physics.space-ph,1997,3,1,1,43
physics.space-ph,1997,4,3,3,5
physics.space-ph,1998,1,3,3,150
physics.space-ph,1998,2,3,3,49
physics.space-ph,1998,3,3,3,683
physics.space-ph,1998,4,6,6,1183
physics.space-ph,1999,1,3,3,25
physics.space-ph,1999,2,5,5,97
physics.space-ph,1999,3,5,5,100
physics.space-ph,1999,4,10,10,432
physics.space-ph,2000,1,12,12,211
physics.space-ph,2000,2,7,7,475
physics.space-ph,2000,3,10,10,273
physics.space-ph,2000,4,3,3,3
physics.space-ph,2001,1,6,5,11
physics.space-ph,2001,2,9,9,676
physics.space-ph,2001,3,7,7,257
physics.space-ph,2001,4,10,10,540
physics.space-ph,2002,1,8,8,164
physics.space-ph,2002,2,8,8,445
physics.space-ph,2002,3,12,12,254
physics.space-ph,2002,4,16,16,274
physics.space-ph,2003,1,13,13,442
physics.space-ph,2003,2,11,11,403
physics.space-ph,2003,3,12,12,111
physics.space-ph,2003,4,8,8,408
physics.space-ph,2004,1,15,15,427
physics.space-ph,2004,2,12,12,1264
physics.space-ph,2004,3,18,18,578
physics.space-ph,2004,4,28,28,823
physics.space-ph,2005,1,17,17,1511
physics.space-ph,2005,2,8,8,349
physics.space-ph,2005,3,21,21,888
physics.space-ph,2005,4,13,13,232
physics.space-ph,2006,1,17,17,378
physics.space-ph,2006,2,25,25,803
physics.space-ph,2006,3,25,25,575
physics.space-ph,2006,4,29,29,224
physics.space-ph,2007,1,39,39,2318
physics.space-ph,2007,2,23,23,974
physics.space-ph,2007,3,16,16,615
physics.space-ph,2007,4,37,37,637
physics.space-ph,2008,1,27,27,670
physics.space-ph,2008,2,30,30,1014
physics.space-ph,2008,3,40,40,1220
physics.space-ph,2008,4,29,28,869
physics.space-ph,2009,1,28,28,658
physics.space-ph,2009,2,37,37,2238
physics.space-ph,2009,3,29,29,997
physics.space-ph,2009,4,38,38,1081
physics.space-ph,2010,1,46,46,2195
physics.space-ph,2010,2,44,44,1507
physics.space-ph,2010,3,34,34,1493
physics.space-ph,2010,4,55,55,1865
physics.space-ph,2011,1,48,46,2160
physics.space-ph,2011,2,46,44,1584
physics.space-ph,2011,3,66,65,2864
physics.space-ph,2011,4,64,62,2460
physics.space-ph,2012,1,58,58,1664
physics.space-ph,2012,2,53,52,2261
physics.space-ph,2012,3,43,43,1583
physics.space-ph,2012,4,61,60,2119
physics.space-ph,2013,1,72,72,2484
physics.space-ph,2013,2,70,69,3121
physics.space-ph,2013,3,69,69,2182
physics.space-ph,2013,4,51,50,1879
physics.space-ph,2014,1,59,57,2102
physics.space-ph,2014,2,75,75,3311
physics.space-ph,2014,3,58,58,1640
physics.space-ph,2014,4,62,62,1967
physics.space-ph,2015,1,61,61,2078
physics.space-ph,2015,2,81,81,2660
physics.space-ph,2015,3,76,75,2252
physics.space-ph,2015,4,66,65,1799
physics.space-ph,2016,1,61,60,1527
physics.space-ph,2016,2,96,95,2837
physics.space-ph,2016,3,83,82,2249
physics.space-ph,2016,4,110,109,3888
physics.space-ph,2017,1,93,92,2842
physics.space-ph,2017,2,98,98,3511
physics.space-ph,2017,3,78,78,5445
physics.space-ph,2017,4,98,97,2588
physics.space-ph,2018,1,95,93,2647
physics.space-ph,2018,2,76,74,1692
physics.space-ph,2018,3,92,91,2812
physics.space-ph,2018,4,85,83,2047
physics.space-ph,2019,1,111,110,3820
physics.space-ph,2019,2,118,117,3571
physics.space-ph,2019,3,159,151,3093
physics.space-ph,2019,4,157,156,4635
physics.space-ph,2020,1,103,103,2778
physics.space-ph,2020,2,128,125,2443
physics.space-ph,2020,3,138,134,2797
physics.space-ph,2020,4,127,126,2418
physics.space-ph,2021,1,133,133,2652
physics.space-ph,2021,2,117,115,1877
physics.space-ph,2021,3,166,163,2377
physics.space-ph,2021,4,134,133,1479
physics.space-ph,2022,1,137,137,1887
physics.space-ph,2022,2,142,138,1330
physics.space-ph,2022,3,155,153,584
physics.space-ph,2022,4,180,178,725
physics.space-ph,2023,1,175,174,343
physics.space-ph,2023,2,155,154,371
physics.space-ph,2023,3,164,161,378
physics.space-ph,2023,4,136,134,122
physics.space-ph,2024,1,154,153,231
physics.space-ph,2024,2,151,147,261
physics.space-ph,2024,3,176,171,351
physics.space-ph,2024,4,166,163,174
physics.space-ph,2025,1,156,146,217
physics.space-ph,2025,2,138,123,144
physics.space-ph,2025,3,151,115,68
physics.space-ph,2025,4,121,111,30
physics.space-ph,2026,1,134,134,86
physics.space-ph,2026,2,137,127,9
physics.space-ph,2026,3,21,0,0
plasm-ph,1995,1,5,5,85
plasm-ph,1995,2,5,5,391
plasm-ph,1995,3,2,2,22
plasm-ph,1995,4,4,4,14
plasm-ph,1996,1,6,6,24
plasm-ph,1996,2,6,6,183
plasm-ph,1996,3,10,10,326
q-alg,1994,4,69,69,1024
q-alg,1995,1,89,88,1514
q-alg,1995,2,100,100,2098
q-alg,1995,3,105,105,2630
q-alg,1995,4,120,117,1970
q-alg,1996,1,119,119,3274
q-alg,1996,2,131,128,2754
q-alg,1996,3,115,115,1796
q-alg,1996,4,153,153,2807
q-alg,1997,1,162,160,3206
q-alg,1997,2,122,120,1280
q-alg,1997,3,136,134,4774
q-alg,1997,4,157,156,1725
q-bio,1993,1,1,1,0
q-bio,1993,2,2,2,7
q-bio,1993,3,1,1,8
q-bio,1993,4,4,4,293
q-bio,1994,1,5,5,186
q-bio,1994,2,4,4,1
q-bio,1994,3,4,4,54
q-bio,1994,4,5,4,8
q-bio,1995,1,8,8,342
q-bio,1995,2,4,4,21
q-bio,1995,3,13,13,1413
q-bio,1995,4,7,7,222
q-bio,1996,1,8,8,294
q-bio,1996,2,13,13,543
q-bio,1996,3,15,15,488
q-bio,1996,4,18,18,495
q-bio,1997,1,16,16,324
q-bio,1997,2,25,25,897
q-bio,1997,3,30,30,1123
q-bio,1997,4,28,28,2297
q-bio,1998,1,33,33,544
q-bio,1998,2,38,38,913
q-bio,1998,3,37,37,793
q-bio,1998,4,41,41,1024
q-bio,1999,1,39,38,1067
q-bio,1999,2,53,52,3055
q-bio,1999,3,31,31,2447
q-bio,1999,4,53,53,2567
q-bio,2000,1,54,53,2857
q-bio,2000,2,45,45,1308
q-bio,2000,3,55,54,2438
q-bio,2000,4,39,39,5407
q-bio,2001,1,61,61,4586
q-bio,2001,2,50,50,11700
q-bio,2001,3,65,65,4262
q-bio,2001,4,52,52,1307
q-bio,2002,1,49,49,2405
q-bio,2002,2,52,52,9151
q-bio,2002,3,65,64,6840
q-bio,2002,4,72,72,1311
q-bio,2003,1,65,65,3031
q-bio,2003,2,77,75,2007
q-bio,2003,3,19,19,213
q-bio.BM,1993,1,1,1,0
q-bio.BM,1994,1,1,1,57
q-bio.BM,1994,2,1,1,298
q-bio.BM,1995,4,1,1,227
q-bio.BM,1996,1,2,2,1151
q-bio.BM,1997,2,1,1,22
q-bio.BM,1997,3,3,3,455
q-bio.BM,1997,4,5,5,162
q-bio.BM,1998,2,3,3,63
q-bio.BM,1998,3,2,2,71
q-bio.BM,1998,4,2,2,194
q-bio.BM,1999,1,3,3,556
q-bio.BM,1999,2,3,3,298
q-bio.BM,1999,3,11,11,362
q-bio.BM,1999,4,5,5,219
q-bio.BM,2000,1,2,2,0
q-bio.BM,2000,2,6,6,368
q-bio.BM,2000,3,2,2,108
q-bio.BM,2000,4,8,8,203
q-bio.BM,2001,1,12,12,528
q-bio.BM,2001,2,8,8,138
q-bio.BM,2001,3,10,10,380
q-bio.BM,2001,4,8,8,363
q-bio.BM,2002,1,12,11,287
q-bio.BM,2002,2,10,10,430
q-bio.BM,2002,3,12,12,351
q-bio.BM,2002,4,9,9,159
q-bio.BM,2003,1,9,8,450
q-bio.BM,2003,2,19,19,718
q-bio.BM,2003,3,40,39,1025
q-bio.BM,2003,4,53,53,2135
q-bio.BM,2004,1,39,39,2083
q-bio.BM,2004,2,44,44,2682
q-bio.BM,2004,3,45,45,2125
q-bio.BM,2004,4,62,62,1889
q-bio.BM,2005,1,40,40,1913
q-bio.BM,2005,2,37,37,1111
q-bio.BM,2005,3,39,39,1711
q-bio.BM,2005,4,32,32,1953
q-bio.BM,2006,1,47,47,1386
q-bio.BM,2006,2,38,38,1457
q-bio.BM,2006,3,38,38,2155
q-bio.BM,2006,4,44,44,1074
q-bio.BM,2007,1,40,40,1148
q-bio.BM,2007,2,46,46,1220
q-bio.BM,2007,3,48,48,2031
q-bio.BM,2007,4,55,55,1123
q-bio.BM,2008,1,36,36,815
q-bio.BM,2008,2,36,36,670
q-bio.BM,2008,3,43,43,938
q-bio.BM,2008,4,50,50,2107
q-bio.BM,2009,1,41,41,2903
q-bio.BM,2009,2,57,54,1719
q-bio.BM,2009,3,40,40,1258
q-bio.BM,2009,4,47,47,1802
q-bio.BM,2010,1,43,41,896
q-bio.BM,2010,2,44,43,1840
q-bio.BM,2010,3,50,49,1822
q-bio.BM,2010,4,35,35,807
q-bio.BM,2011,1,49,49,1408
q-bio.BM,2011,2,39,39,1196
q-bio.BM,2011,3,68,66,2020
q-bio.BM,2011,4,49,49,2370
q-bio.BM,2012,1,50,50,1023
q-bio.BM,2012,2,58,57,4288
q-bio.BM,2012,3,61,61,1764
q-bio.BM,2012,4,67,67,2460
q-bio.BM,2013,1,64,62,4476
q-bio.BM,2013,2,83,83,1520
q-bio.BM,2013,3,79,79,2554
q-bio.BM,2013,4,64,62,1144
q-bio.BM,2014,1,60,59,1694
q-bio.BM,2014,2,72,70,2310
q-bio.BM,2014,3,72,68,2069
q-bio.BM,2014,4,75,75,1824
q-bio.BM,2015,1,62,61,2269
q-bio.BM,2015,2,72,71,1657
q-bio.BM,2015,3,54,53,2085
q-bio.BM,2015,4,80,76,2926
q-bio.BM,2016,1,54,53,1752
q-bio.BM,2016,2,71,69,1964
q-bio.BM,2016,3,63,62,2404
q-bio.BM,2016,4,75,74,2398
q-bio.BM,2017,1,58,57,1936
q-bio.BM,2017,2,51,49,3085
q-bio.BM,2017,3,50,47,1045
q-bio.BM,2017,4,67,61,1214
q-bio.BM,2018,1,64,58,2132
q-bio.BM,2018,2,46,42,1458
q-bio.BM,2018,3,63,62,1509
q-bio.BM,2018,4,57,55,1878
q-bio.BM,2019,1,52,47,1668
q-bio.BM,2019,2,71,65,1928
q-bio.BM,2019,3,65,62,911
q-bio.BM,2019,4,86,80,1340
q-bio.BM,2020,1,70,68,1933
q-bio.BM,2020,2,116,106,3130
q-bio.BM,2020,3,87,82,2430
q-bio.BM,2020,4,90,80,1489
q-bio.BM,2021,1,68,63,1108
q-bio.BM,2021,2,73,71,1039
q-bio.BM,2021,3,66,63,438
q-bio.BM,2021,4,79,77,540
q-bio.BM,2022,1,88,86,954
q-bio.BM,2022,2,91,91,742
q-bio.BM,2022,3,90,90,643
q-bio.BM,2022,4,105,105,772
q-bio.BM,2023,1,94,91,570
q-bio.BM,2023,2,115,113,524
q-bio.BM,2023,3,134,129,305
q-bio.BM,2023,4,152,149,433
q-bio.BM,2024,1,183,179,616
q-bio.BM,2024,2,146,140,279
q-bio.BM,2024,3,147,143,363
q-bio.BM,2024,4,197,187,195
q-bio.BM,2025,1,142,106,73
q-bio.BM,2025,2,171,140,88
q-bio.BM,2025,3,157,96,27
q-bio.BM,2025,4,142,123,13
q-bio.BM,2026,1,103,103,8
q-bio.BM,2026,2,125,115,1
q-bio.BM,2026,3,22,0,0
q-bio.CB,1995,1,2,2,93
q-bio.CB,1997,2,1,1,40
q-bio.CB,1998,4,1,1,151
q-bio.CB,1999,1,1,1,5
q-bio.CB,1999,4,2,2,236
q-bio.CB,2000,3,1,1,3
q-bio.CB,2000,4,2,2,14
q-bio.CB,2001,1,2,2,1
q-bio.CB,2001,2,2,2,21
q-bio.CB,2001,3,1,1,0
q-bio.CB,2002,1,4,4,124
q-bio.CB,2002,2,2,2,143
q-bio.CB,2002,3,2,2,0
q-bio.CB,2002,4,3,3,10
q-bio.CB,2003,1,2,2,270
q-bio.CB,2003,2,2,2,76
q-bio.CB,2003,3,13,13,1540
q-bio.CB,2003,4,12,12,1345
q-bio.CB,2004,1,11,11,1041
q-bio.CB,2004,2,9,9,395
q-bio.CB,2004,3,9,9,697
q-bio.CB,2004,4,12,12,189
q-bio.CB,2005,1,8,8,52
q-bio.CB,2005,2,16,16,674
q-bio.CB,2005,3,15,15,294
q-bio.CB,2005,4,10,10,315
q-bio.CB,2006,1,12,12,803
q-bio.CB,2006,2,7,7,171
q-bio.CB,2006,3,13,13,544
q-bio.CB,2006,4,16,16,1005
q-bio.CB,2007,1,12,12,283
q-bio.CB,2007,2,14,14,513
q-bio.CB,2007,3,21,21,576
q-bio.CB,2007,4,15,15,558
q-bio.CB,2008,1,9,9,813
q-bio.CB,2008,2,17,16,351
q-bio.CB,2008,3,21,21,819
q-bio.CB,2008,4,19,19,1559
q-bio.CB,2009,1,15,15,699
q-bio.CB,2009,2,25,25,1091
q-bio.CB,2009,3,19,18,497
q-bio.CB,2009,4,21,21,530
q-bio.CB,2010,1,20,20,447
q-bio.CB,2010,2,23,23,783
q-bio.CB,2010,3,22,22,629
q-bio.CB,2010,4,25,25,559
q-bio.CB,2011,1,12,12,259
q-bio.CB,2011,2,22,20,524
q-bio.CB,2011,3,30,30,1373
q-bio.CB,2011,4,23,22,1039
q-bio.CB,2012,1,27,27,1664
q-bio.CB,2012,2,28,28,1249
q-bio.CB,2012,3,21,21,623
q-bio.CB,2012,4,30,29,1324
q-bio.CB,2013,1,21,21,2251
q-bio.CB,2013,2,27,27,1583
q-bio.CB,2013,3,30,30,1785
q-bio.CB,2013,4,39,38,1456
q-bio.CB,2014,1,20,20,686
q-bio.CB,2014,2,19,19,2568
q-bio.CB,2014,3,32,32,2007
q-bio.CB,2014,4,25,25,1101
q-bio.CB,2015,1,32,30,775
q-bio.CB,2015,2,37,34,1143
q-bio.CB,2015,3,40,39,927
q-bio.CB,2015,4,45,43,1231
q-bio.CB,2016,1,27,27,431
q-bio.CB,2016,2,34,32,974
q-bio.CB,2016,3,33,32,934
q-bio.CB,2016,4,35,34,740
q-bio.CB,2017,1,36,36,1328
q-bio.CB,2017,2,32,32,828
q-bio.CB,2017,3,39,38,704
q-bio.CB,2017,4,39,39,985
q-bio.CB,2018,1,37,36,646
q-bio.CB,2018,2,38,35,522
q-bio.CB,2018,3,33,33,504
q-bio.CB,2018,4,36,33,857
q-bio.CB,2019,1,45,44,911
q-bio.CB,2019,2,40,37,444
q-bio.CB,2019,3,35,31,301
q-bio.CB,2019,4,34,30,344
q-bio.CB,2020,1,40,39,3929
q-bio.CB,2020,2,45,39,343
q-bio.CB,2020,3,32,28,419
q-bio.CB,2020,4,27,23,172
q-bio.CB,2021,1,24,22,225
q-bio.CB,2021,2,31,29,189
q-bio.CB,2021,3,27,26,163
q-bio.CB,2021,4,24,24,143
q-bio.CB,2022,1,29,29,54
q-bio.CB,2022,2,21,20,47
q-bio.CB,2022,3,24,24,11
q-bio.CB,2022,4,24,24,29
q-bio.CB,2023,1,34,33,29
q-bio.CB,2023,2,26,25,19
q-bio.CB,2023,3,31,31,40
q-bio.CB,2023,4,30,30,47
q-bio.CB,2024,1,30,27,75
q-bio.CB,2024,2,44,41,24
q-bio.CB,2024,3,32,31,19
q-bio.CB,2024,4,36,32,37
q-bio.CB,2025,1,46,39,25
q-bio.CB,2025,2,39,32,7
q-bio.CB,2025,3,39,26,4
q-bio.CB,2025,4,38,34,4
q-bio.CB,2026,1,28,28,0
q-bio.CB,2026,2,32,32,3
q-bio.CB,2026,3,5,0,0
q-bio.GN,1994,1,1,1,147
q-bio.GN,1995,3,1,1,1
q-bio.GN,1996,1,1,1,4
q-bio.GN,1996,2,1,1,105
q-bio.GN,1997,2,1,1,238
q-bio.GN,1997,4,1,1,47
q-bio.GN,1998,4,1,1,4
q-bio.GN,2000,1,1,1,37
q-bio.GN,2000,2,1,1,0
q-bio.GN,2000,3,1,1,0
q-bio.GN,2000,4,2,2,3
q-bio.GN,2001,1,2,2,0
q-bio.GN,2001,2,3,3,69
q-bio.GN,2001,3,2,2,11
q-bio.GN,2001,4,3,3,8
q-bio.GN,2002,1,1,1,0
q-bio.GN,2002,2,9,7,172
q-bio.GN,2002,3,3,3,123
q-bio.GN,2002,4,1,1,429
q-bio.GN,2003,1,4,4,502
q-bio.GN,2003,2,3,3,19
q-bio.GN,2003,3,9,9,128
q-bio.GN,2003,4,26,26,419
q-bio.GN,2004,1,21,21,221
q-bio.GN,2004,2,16,16,191
q-bio.GN,2004,3,14,14,604
q-bio.GN,2004,4,30,30,3994
q-bio.GN,2005,1,17,17,369
q-bio.GN,2005,2,19,19,1511
q-bio.GN,2005,3,21,21,174
q-bio.GN,2005,4,23,23,308
q-bio.GN,2006,1,9,9,975
q-bio.GN,2006,2,13,13,223
q-bio.GN,2006,3,13,13,441
q-bio.GN,2006,4,35,35,2044
q-bio.GN,2007,1,14,14,51
q-bio.GN,2007,2,16,16,614
q-bio.GN,2007,3,25,25,241
q-bio.GN,2007,4,23,23,107
q-bio.GN,2008,1,21,21,312
q-bio.GN,2008,2,20,20,123
q-bio.GN,2008,3,17,16,450
q-bio.GN,2008,4,22,22,622
q-bio.GN,2009,1,20,20,503
q-bio.GN,2009,2,19,19,881
q-bio.GN,2009,3,29,29,2781
q-bio.GN,2009,4,29,29,840
q-bio.GN,2010,1,27,27,304
q-bio.GN,2010,2,21,21,1109
q-bio.GN,2010,3,19,19,1531
q-bio.GN,2010,4,28,28,888
q-bio.GN,2011,1,19,19,3548
q-bio.GN,2011,2,14,13,236
q-bio.GN,2011,3,24,24,774
q-bio.GN,2011,4,21,20,964
q-bio.GN,2012,1,27,27,9744
q-bio.GN,2012,2,27,27,855
q-bio.GN,2012,3,54,52,7500
q-bio.GN,2012,4,71,71,3446
q-bio.GN,2013,1,76,75,9877
q-bio.GN,2013,2,71,70,36521
q-bio.GN,2013,3,83,79,5323
q-bio.GN,2013,4,64,63,5681
q-bio.GN,2014,1,48,47,3165
q-bio.GN,2014,2,51,50,3162
q-bio.GN,2014,3,51,50,3678
q-bio.GN,2014,4,42,41,15326
q-bio.GN,2015,1,43,40,2852
q-bio.GN,2015,2,53,49,2847
q-bio.GN,2015,3,43,39,1212
q-bio.GN,2015,4,50,47,2583
q-bio.GN,2016,1,41,38,1900
q-bio.GN,2016,2,51,45,4068
q-bio.GN,2016,3,29,29,133
q-bio.GN,2016,4,27,27,313
q-bio.GN,2017,1,35,34,692
q-bio.GN,2017,2,32,27,1609
q-bio.GN,2017,3,27,26,17029
q-bio.GN,2017,4,30,28,822
q-bio.GN,2018,1,33,31,744
q-bio.GN,2018,2,39,38,899
q-bio.GN,2018,3,31,28,1484
q-bio.GN,2018,4,38,36,366
q-bio.GN,2019,1,29,27,255
q-bio.GN,2019,2,33,29,441
q-bio.GN,2019,3,44,42,717
q-bio.GN,2019,4,67,61,615
q-bio.GN,2020,1,43,38,626
q-bio.GN,2020,2,58,57,855
q-bio.GN,2020,3,43,38,5876
q-bio.GN,2020,4,61,57,408
q-bio.GN,2021,1,53,51,389
q-bio.GN,2021,2,42,37,263
q-bio.GN,2021,3,45,42,362
q-bio.GN,2021,4,57,56,334
q-bio.GN,2022,1,36,35,184
q-bio.GN,2022,2,41,40,377
q-bio.GN,2022,3,47,46,71
q-bio.GN,2022,4,64,62,115
q-bio.GN,2023,1,57,57,99
q-bio.GN,2023,2,59,55,557
q-bio.GN,2023,3,52,52,80
q-bio.GN,2023,4,70,70,127
q-bio.GN,2024,1,65,60,151
q-bio.GN,2024,2,46,42,55
q-bio.GN,2024,3,78,71,65
q-bio.GN,2024,4,109,101,119
q-bio.GN,2025,1,74,56,51
q-bio.GN,2025,2,110,81,78
q-bio.GN,2025,3,87,50,12
q-bio.GN,2025,4,79,72,5
q-bio.GN,2026,1,110,110,5
q-bio.GN,2026,2,107,97,0
q-bio.GN,2026,3,9,0,0
q-bio.MN,1994,4,1,1,0
q-bio.MN,1997,2,1,1,40
q-bio.MN,1997,3,1,1,87
q-bio.MN,1999,1,3,3,83
q-bio.MN,1999,3,1,1,26
q-bio.MN,2000,1,2,2,275
q-bio.MN,2000,2,1,1,42
q-bio.MN,2000,3,2,2,22
q-bio.MN,2000,4,1,1,3
q-bio.MN,2001,1,1,1,10
q-bio.MN,2001,4,1,1,3
q-bio.MN,2002,1,3,3,186
q-bio.MN,2002,2,3,3,539
q-bio.MN,2002,3,3,3,641
q-bio.MN,2002,4,1,1,183
q-bio.MN,2003,1,7,7,740
q-bio.MN,2003,2,1,1,48
q-bio.MN,2003,3,10,10,406
q-bio.MN,2003,4,26,26,2145
q-bio.MN,2004,1,21,21,1775
q-bio.MN,2004,2,28,28,2061
q-bio.MN,2004,3,12,12,1042
q-bio.MN,2004,4,29,29,4353
q-bio.MN,2005,1,29,29,5235
q-bio.MN,2005,2,16,16,5955
q-bio.MN,2005,3,18,18,852
q-bio.MN,2005,4,23,23,621
q-bio.MN,2006,1,17,17,1960
q-bio.MN,2006,2,22,22,730
q-bio.MN,2006,3,25,25,504
q-bio.MN,2006,4,32,32,2562
q-bio.MN,2007,1,42,42,2544
q-bio.MN,2007,2,34,33,1647
q-bio.MN,2007,3,38,38,1336
q-bio.MN,2007,4,38,37,1110
q-bio.MN,2008,1,28,28,687
q-bio.MN,2008,2,25,25,332
q-bio.MN,2008,3,19,19,901
q-bio.MN,2008,4,36,35,4428
q-bio.MN,2009,1,32,32,1844
q-bio.MN,2009,2,39,37,733
q-bio.MN,2009,3,31,31,904
q-bio.MN,2009,4,44,43,2899
q-bio.MN,2010,1,29,29,701
q-bio.MN,2010,2,29,29,1552
q-bio.MN,2010,3,46,44,1782
q-bio.MN,2010,4,45,45,893
q-bio.MN,2011,1,42,42,1163
q-bio.MN,2011,2,43,43,936
q-bio.MN,2011,3,48,46,711
q-bio.MN,2011,4,41,40,929
q-bio.MN,2012,1,49,48,1751
q-bio.MN,2012,2,50,49,1134
q-bio.MN,2012,3,52,52,1752
q-bio.MN,2012,4,67,64,1956
q-bio.MN,2013,1,47,43,1351
q-bio.MN,2013,2,66,61,2002
q-bio.MN,2013,3,84,80,2348
q-bio.MN,2013,4,74,73,1497
q-bio.MN,2014,1,37,37,412
q-bio.MN,2014,2,61,59,1614
q-bio.MN,2014,3,68,67,2259
q-bio.MN,2014,4,67,64,1569
q-bio.MN,2015,1,45,42,677
q-bio.MN,2015,2,55,51,1189
q-bio.MN,2015,3,64,59,1602
q-bio.MN,2015,4,66,62,1567
q-bio.MN,2016,1,50,44,680
q-bio.MN,2016,2,57,53,1898
q-bio.MN,2016,3,52,51,1570
q-bio.MN,2016,4,57,54,791
q-bio.MN,2017,1,49,48,915
q-bio.MN,2017,2,49,48,711
q-bio.MN,2017,3,47,46,1281
q-bio.MN,2017,4,54,51,733
q-bio.MN,2018,1,62,58,3019
q-bio.MN,2018,2,50,45,699
q-bio.MN,2018,3,41,38,471
q-bio.MN,2018,4,61,55,598
q-bio.MN,2019,1,47,41,245
q-bio.MN,2019,2,48,38,502
q-bio.MN,2019,3,47,41,451
q-bio.MN,2019,4,63,59,519
q-bio.MN,2020,1,63,57,566
q-bio.MN,2020,2,59,56,905
q-bio.MN,2020,3,54,50,526
q-bio.MN,2020,4,51,40,297
q-bio.MN,2021,1,39,36,156
q-bio.MN,2021,2,60,54,754
q-bio.MN,2021,3,49,47,133
q-bio.MN,2021,4,34,34,127
q-bio.MN,2022,1,41,40,125
q-bio.MN,2022,2,42,42,104
q-bio.MN,2022,3,41,40,65
q-bio.MN,2022,4,38,36,26
q-bio.MN,2023,1,54,54,24
q-bio.MN,2023,2,44,42,78
q-bio.MN,2023,3,54,54,57
q-bio.MN,2023,4,45,43,52
q-bio.MN,2024,1,59,56,63
q-bio.MN,2024,2,46,43,30
q-bio.MN,2024,3,49,46,23
q-bio.MN,2024,4,45,41,10
q-bio.MN,2025,1,52,40,13
q-bio.MN,2025,2,63,57,19
q-bio.MN,2025,3,63,40,15
q-bio.MN,2025,4,63,59,3
q-bio.MN,2026,1,50,50,1
q-bio.MN,2026,2,63,60,0
q-bio.MN,2026,3,6,0,0
q-bio.NC,1993,2,1,1,18
q-bio.NC,1994,1,1,1,6
q-bio.NC,1994,4,1,1,5
q-bio.NC,1995,2,1,1,2
q-bio.NC,1996,1,1,1,6
q-bio.NC,1997,4,2,2,21
q-bio.NC,1998,1,2,2,16
q-bio.NC,1998,2,5,5,1087
q-bio.NC,1998,3,1,1,10
q-bio.NC,1998,4,5,5,13
q-bio.NC,1999,1,3,3,26
q-bio.NC,1999,2,5,5,122
q-bio.NC,1999,3,3,3,27
q-bio.NC,1999,4,1,1,1
q-bio.NC,2000,1,4,4,101
q-bio.NC,2000,2,5,5,24
q-bio.NC,2000,3,2,2,154
q-bio.NC,2000,4,4,4,22
q-bio.NC,2001,1,2,2,2
q-bio.NC,2001,2,2,2,1
q-bio.NC,2001,3,5,5,154
q-bio.NC,2001,4,5,5,102
q-bio.NC,2002,1,8,8,147
q-bio.NC,2002,2,9,9,140
q-bio.NC,2002,3,12,12,273
q-bio.NC,2002,4,9,9,372
q-bio.NC,2003,1,8,8,73
q-bio.NC,2003,2,6,6,1262
q-bio.NC,2003,3,22,22,2346
q-bio.NC,2003,4,28,28,456
q-bio.NC,2004,1,30,30,632
q-bio.NC,2004,2,17,17,316
q-bio.NC,2004,3,15,15,314
q-bio.NC,2004,4,18,18,56
q-bio.NC,2005,1,18,18,274
q-bio.NC,2005,2,19,19,372
q-bio.NC,2005,3,16,16,166
q-bio.NC,2005,4,25,25,3611
q-bio.NC,2006,1,19,19,1610
q-bio.NC,2006,2,25,25,832
q-bio.NC,2006,3,21,20,1465
q-bio.NC,2006,4,34,33,1218
q-bio.NC,2007,1,28,27,853
q-bio.NC,2007,2,27,27,906
q-bio.NC,2007,3,32,31,331
q-bio.NC,2007,4,38,38,1595
q-bio.NC,2008,1,38,35,1263
q-bio.NC,2008,2,36,36,487
q-bio.NC,2008,3,33,33,1746
q-bio.NC,2008,4,28,28,2297
q-bio.NC,2009,1,47,47,1676
q-bio.NC,2009,2,36,36,1586
q-bio.NC,2009,3,24,24,2128
q-bio.NC,2009,4,33,32,2038
q-bio.NC,2010,1,46,46,1609
q-bio.NC,2010,2,25,25,796
q-bio.NC,2010,3,55,52,2063
q-bio.NC,2010,4,61,60,6802
q-bio.NC,2011,1,52,51,2962
q-bio.NC,2011,2,52,51,2019
q-bio.NC,2011,3,37,36,858
q-bio.NC,2011,4,62,62,1569
q-bio.NC,2012,1,63,60,1826
q-bio.NC,2012,2,69,65,2351
q-bio.NC,2012,3,79,77,2676
q-bio.NC,2012,4,90,87,2689
q-bio.NC,2013,1,73,69,2061
q-bio.NC,2013,2,76,75,3219
q-bio.NC,2013,3,115,114,3264
q-bio.NC,2013,4,110,109,3432
q-bio.NC,2014,1,80,74,3741
q-bio.NC,2014,2,98,95,4896
q-bio.NC,2014,3,113,109,4773
q-bio.NC,2014,4,125,117,4765
q-bio.NC,2015,1,119,114,3898
q-bio.NC,2015,2,98,94,3342
q-bio.NC,2015,3,118,112,1906
q-bio.NC,2015,4,127,122,5235
q-bio.NC,2016,1,142,133,4605
q-bio.NC,2016,2,155,143,5732
q-bio.NC,2016,3,154,144,4253
q-bio.NC,2016,4,198,192,10260
q-bio.NC,2017,1,178,170,3356
q-bio.NC,2017,2,177,172,4953
q-bio.NC,2017,3,155,143,3977
q-bio.NC,2017,4,166,153,3576
q-bio.NC,2018,1,195,172,4494
q-bio.NC,2018,2,182,163,2928
q-bio.NC,2018,3,173,164,3495
q-bio.NC,2018,4,208,192,3411
q-bio.NC,2019,1,166,151,4372
q-bio.NC,2019,2,223,199,3275
q-bio.NC,2019,3,194,177,2627
q-bio.NC,2019,4,199,180,3021
q-bio.NC,2020,1,202,185,3211
q-bio.NC,2020,2,231,212,6013
q-bio.NC,2020,3,182,163,2593
q-bio.NC,2020,4,210,200,1653
q-bio.NC,2021,1,169,155,1943
q-bio.NC,2021,2,201,191,1272
q-bio.NC,2021,3,179,168,1155
q-bio.NC,2021,4,221,213,1805
q-bio.NC,2022,1,184,184,524
q-bio.NC,2022,2,233,232,1079
q-bio.NC,2022,3,194,192,614
q-bio.NC,2022,4,249,246,574
q-bio.NC,2023,1,200,199,365
q-bio.NC,2023,2,248,246,479
q-bio.NC,2023,3,215,212,419
q-bio.NC,2023,4,281,278,682
q-bio.NC,2024,1,234,227,789
q-bio.NC,2024,2,287,271,273
q-bio.NC,2024,3,278,250,150
q-bio.NC,2024,4,332,312,381
q-bio.NC,2025,1,291,223,662
q-bio.NC,2025,2,338,265,95
q-bio.NC,2025,3,367,234,48
q-bio.NC,2025,4,390,321,20
q-bio.NC,2026,1,318,316,39
q-bio.NC,2026,2,354,339,2
q-bio.NC,2026,3,42,0,0
q-bio.OT,1998,2,1,1,0
q-bio.OT,1999,1,1,1,27
q-bio.OT,1999,4,1,1,0
q-bio.OT,2000,3,2,2,2
q-bio.OT,2000,4,2,2,539
q-bio.OT,2001,1,2,2,97
q-bio.OT,2002,2,1,1,0
q-bio.OT,2002,3,1,1,1050
q-bio.OT,2002,4,3,3,297
q-bio.OT,2003,1,3,3,2
q-bio.OT,2003,2,1,1,3
q-bio.OT,2003,3,7,7,328
q-bio.OT,2003,4,8,8,154
q-bio.OT,2004,1,5,5,113
q-bio.OT,2004,2,8,8,278
q-bio.OT,2004,3,7,6,76
q-bio.OT,2004,4,11,11,471
q-bio.OT,2005,1,13,13,250
q-bio.OT,2005,2,17,17,229
q-bio.OT,2005,3,10,10,1527
q-bio.OT,2005,4,21,21,693
q-bio.OT,2006,1,10,10,229
q-bio.OT,2006,2,8,8,103
q-bio.OT,2006,3,9,9,678
q-bio.OT,2006,4,16,16,407
q-bio.OT,2007,1,10,9,1717
q-bio.OT,2007,2,20,20,950
q-bio.OT,2007,3,15,15,311
q-bio.OT,2007,4,11,11,158
q-bio.OT,2008,1,16,15,1294
q-bio.OT,2008,2,14,14,140
q-bio.OT,2008,3,5,5,14
q-bio.OT,2008,4,3,3,102
q-bio.OT,2009,1,7,7,100
q-bio.OT,2009,2,11,11,142
q-bio.OT,2009,3,13,13,247
q-bio.OT,2009,4,12,12,155
q-bio.OT,2010,1,19,19,883
q-bio.OT,2010,2,14,14,1508
q-bio.OT,2010,3,10,10,942
q-bio.OT,2010,4,18,18,1592
q-bio.OT,2011,1,10,9,882
q-bio.OT,2011,2,8,8,84
q-bio.OT,2011,3,5,4,22
q-bio.OT,2011,4,18,18,172
q-bio.OT,2012,1,9,9,265
q-bio.OT,2012,2,11,11,50
q-bio.OT,2012,3,20,19,739
q-bio.OT,2012,4,7,7,134
q-bio.OT,2013,1,9,9,368
q-bio.OT,2013,2,12,12,598
q-bio.OT,2013,3,16,16,172
q-bio.OT,2013,4,16,16,148
q-bio.OT,2014,1,12,10,49
q-bio.OT,2014,2,12,11,59
q-bio.OT,2014,3,11,10,219
q-bio.OT,2014,4,14,14,275
q-bio.OT,2015,1,16,16,169
q-bio.OT,2015,2,3,3,16
q-bio.OT,2015,3,8,8,254
q-bio.OT,2015,4,14,14,9
q-bio.OT,2016,1,10,10,76
q-bio.OT,2016,2,15,15,113
q-bio.OT,2016,3,18,18,131
q-bio.OT,2016,4,24,24,199
q-bio.OT,2017,1,12,12,161
q-bio.OT,2017,2,19,18,411
q-bio.OT,2017,3,15,15,508
q-bio.OT,2017,4,15,15,408
q-bio.OT,2018,1,38,35,74
q-bio.OT,2018,2,15,14,316
q-bio.OT,2018,3,15,15,134
q-bio.OT,2018,4,13,13,37
q-bio.OT,2019,1,14,12,702
q-bio.OT,2019,2,10,8,29
q-bio.OT,2019,3,13,12,296
q-bio.OT,2019,4,19,16,336
q-bio.OT,2020,1,21,19,224
q-bio.OT,2020,2,39,38,349
q-bio.OT,2020,3,28,27,208
q-bio.OT,2020,4,30,29,350
q-bio.OT,2021,1,16,14,198
q-bio.OT,2021,2,15,14,18
q-bio.OT,2021,3,19,18,140
q-bio.OT,2021,4,26,26,19
q-bio.OT,2022,1,17,17,98
q-bio.OT,2022,2,15,15,29
q-bio.OT,2022,3,18,18,35
q-bio.OT,2022,4,14,14,13
q-bio.OT,2023,1,18,18,163
q-bio.OT,2023,2,24,24,71
q-bio.OT,2023,3,33,32,79
q-bio.OT,2023,4,18,18,10
q-bio.OT,2024,1,30,28,101
q-bio.OT,2024,2,37,35,35
q-bio.OT,2024,3,35,32,31
q-bio.OT,2024,4,26,23,14
q-bio.OT,2025,1,36,24,50
q-bio.OT,2025,2,35,27,6
q-bio.OT,2025,3,45,25,10
q-bio.OT,2025,4,66,55,8
q-bio.OT,2026,1,30,30,10
q-bio.OT,2026,2,50,48,0
q-bio.OT,2026,3,7,0,0
q-bio.PE,1993,1,1,1,10
q-bio.PE,1993,2,1,1,273
q-bio.PE,1994,3,1,1,45
q-bio.PE,1995,1,1,1,5
q-bio.PE,1995,2,1,1,0
q-bio.PE,1996,2,2,2,144
q-bio.PE,1996,4,3,3,103
q-bio.PE,1997,3,2,2,3
q-bio.PE,1997,4,2,2,76
q-bio.PE,1998,2,3,3,8
q-bio.PE,1998,3,2,2,197
q-bio.PE,1998,4,5,5,245
q-bio.PE,1999,1,10,10,691
q-bio.PE,1999,2,4,4,205
q-bio.PE,1999,3,4,4,286
q-bio.PE,1999,4,3,3,119
q-bio.PE,2000,1,4,4,38
q-bio.PE,2000,2,4,4,668
q-bio.PE,2000,3,7,7,182
q-bio.PE,2000,4,3,3,71
q-bio.PE,2001,1,5,5,20
q-bio.PE,2001,2,5,5,126
q-bio.PE,2001,3,10,10,409
q-bio.PE,2001,4,4,4,96
q-bio.PE,2002,1,8,8,152
q-bio.PE,2002,2,5,5,148
q-bio.PE,2002,3,10,10,1281
q-bio.PE,2002,4,7,7,62
q-bio.PE,2003,1,12,12,183
q-bio.PE,2003,2,13,13,166
q-bio.PE,2003,3,29,29,580
q-bio.PE,2003,4,52,52,2072
q-bio.PE,2004,1,59,59,1486
q-bio.PE,2004,2,45,45,839
q-bio.PE,2004,3,37,37,993
q-bio.PE,2004,4,40,40,676
q-bio.PE,2005,1,36,36,1033
q-bio.PE,2005,2,48,48,2504
q-bio.PE,2005,3,53,53,1379
q-bio.PE,2005,4,56,56,1760
q-bio.PE,2006,1,33,33,1570
q-bio.PE,2006,2,46,46,1673
q-bio.PE,2006,3,59,59,6481
q-bio.PE,2006,4,58,58,1143
q-bio.PE,2007,1,68,66,3320
q-bio.PE,2007,2,57,54,1205
q-bio.PE,2007,3,55,55,5886
q-bio.PE,2007,4,62,61,989
q-bio.PE,2008,1,68,66,2749
q-bio.PE,2008,2,56,56,1824
q-bio.PE,2008,3,79,78,1317
q-bio.PE,2008,4,85,84,3741
q-bio.PE,2009,1,66,64,1235
q-bio.PE,2009,2,53,53,1932
q-bio.PE,2009,3,65,62,7305
q-bio.PE,2009,4,78,78,6569
q-bio.PE,2010,1,79,77,2844
q-bio.PE,2010,2,107,106,3111
q-bio.PE,2010,3,68,68,1763
q-bio.PE,2010,4,90,86,3124
q-bio.PE,2011,1,93,90,3270
q-bio.PE,2011,2,90,85,4302
q-bio.PE,2011,3,91,90,3138
q-bio.PE,2011,4,114,113,2873
q-bio.PE,2012,1,99,97,3196
q-bio.PE,2012,2,125,121,7592
q-bio.PE,2012,3,144,140,6710
q-bio.PE,2012,4,160,155,4416
q-bio.PE,2013,1,162,152,7132
q-bio.PE,2013,2,196,192,7419
q-bio.PE,2013,3,214,209,8526
q-bio.PE,2013,4,169,162,6280
q-bio.PE,2014,1,169,162,7115
q-bio.PE,2014,2,157,151,5501
q-bio.PE,2014,3,175,167,9109
q-bio.PE,2014,4,155,147,3628
q-bio.PE,2015,1,146,136,5645
q-bio.PE,2015,2,166,156,4386
q-bio.PE,2015,3,136,128,2631
q-bio.PE,2015,4,169,158,3772
q-bio.PE,2016,1,153,140,3501
q-bio.PE,2016,2,135,124,2767
q-bio.PE,2016,3,139,129,2951
q-bio.PE,2016,4,155,144,2209
q-bio.PE,2017,1,148,144,2058
q-bio.PE,2017,2,130,120,4162
q-bio.PE,2017,3,144,135,1844
q-bio.PE,2017,4,161,144,2737
q-bio.PE,2018,1,152,139,2101
q-bio.PE,2018,2,154,141,1975
q-bio.PE,2018,3,136,129,2095
q-bio.PE,2018,4,144,132,1540
q-bio.PE,2019,1,134,123,1901
q-bio.PE,2019,2,134,119,2401
q-bio.PE,2019,3,150,136,1880
q-bio.PE,2019,4,158,143,1372
q-bio.PE,2020,1,296,280,14514
q-bio.PE,2020,2,643,603,15192
q-bio.PE,2020,3,363,328,5197
q-bio.PE,2020,4,266,240,2325
q-bio.PE,2021,1,238,229,1984
q-bio.PE,2021,2,206,202,1740
q-bio.PE,2021,3,208,195,1003
q-bio.PE,2021,4,222,214,1739
q-bio.PE,2022,1,188,187,1112
q-bio.PE,2022,2,165,163,351
q-bio.PE,2022,3,160,156,240
q-bio.PE,2022,4,171,171,212
q-bio.PE,2023,1,186,186,277
q-bio.PE,2023,2,182,179,141
q-bio.PE,2023,3,166,164,103
q-bio.PE,2023,4,189,186,135
q-bio.PE,2024,1,162,154,281
q-bio.PE,2024,2,177,170,269
q-bio.PE,2024,3,182,173,91
q-bio.PE,2024,4,229,223,161
q-bio.PE,2025,1,198,152,165
q-bio.PE,2025,2,200,155,56
q-bio.PE,2025,3,216,155,39
q-bio.PE,2025,4,215,188,42
q-bio.PE,2026,1,226,225,8
q-bio.PE,2026,2,225,204,1
q-bio.PE,2026,3,37,0,0
q-bio.QM,1992,3,2,2,4
q-bio.QM,1995,4,1,1,77
q-bio.QM,1996,4,1,1,2
q-bio.QM,1997,4,1,1,0
q-bio.QM,1998,1,1,1,0
q-bio.QM,1998,2,2,2,1016
q-bio.QM,1998,3,3,3,1
q-bio.QM,1998,4,2,2,4
q-bio.QM,1999,1,1,1,5
q-bio.QM,1999,3,1,1,10
q-bio.QM,1999,4,3,3,54
q-bio.QM,2000,2,3,3,840
q-bio.QM,2000,3,1,1,34
q-bio.QM,2001,1,4,4,134
q-bio.QM,2001,2,6,6,268
q-bio.QM,2001,3,3,3,963
q-bio.QM,2001,4,4,4,31
q-bio.QM,2002,1,1,1,989
q-bio.QM,2002,2,8,8,69
q-bio.QM,2002,3,1,1,117
q-bio.QM,2002,4,7,7,294
q-bio.QM,2003,1,5,5,489
q-bio.QM,2003,2,11,11,455
q-bio.QM,2003,3,23,23,2888
q-bio.QM,2003,4,42,42,1679
q-bio.QM,2004,1,27,27,1146
q-bio.QM,2004,2,24,24,506
q-bio.QM,2004,3,22,22,794
q-bio.QM,2004,4,46,46,3552
q-bio.QM,2005,1,23,23,1489
q-bio.QM,2005,2,32,32,1269
q-bio.QM,2005,3,36,36,1326
q-bio.QM,2005,4,48,48,4097
q-bio.QM,2006,1,40,40,1560
q-bio.QM,2006,2,37,37,1349
q-bio.QM,2006,3,40,39,644
q-bio.QM,2006,4,52,52,1929
q-bio.QM,2007,1,57,57,3455
q-bio.QM,2007,2,64,61,1174
q-bio.QM,2007,3,51,50,1971
q-bio.QM,2007,4,61,60,1093
q-bio.QM,2008,1,61,61,1839
q-bio.QM,2008,2,71,68,1301
q-bio.QM,2008,3,61,60,1302
q-bio.QM,2008,4,71,70,2760
q-bio.QM,2009,1,73,72,7279
q-bio.QM,2009,2,76,76,14117
q-bio.QM,2009,3,80,79,2899
q-bio.QM,2009,4,78,78,3477
q-bio.QM,2010,1,65,64,1501
q-bio.QM,2010,2,51,49,2145
q-bio.QM,2010,3,53,53,1565
q-bio.QM,2010,4,74,73,4454
q-bio.QM,2011,1,74,74,4709
q-bio.QM,2011,2,87,85,2301
q-bio.QM,2011,3,64,63,2361
q-bio.QM,2011,4,72,70,3434
q-bio.QM,2012,1,67,65,1847
q-bio.QM,2012,2,77,75,1090
q-bio.QM,2012,3,90,88,6107
q-bio.QM,2012,4,112,108,4335
q-bio.QM,2013,1,93,90,5372
q-bio.QM,2013,2,105,103,33662
q-bio.QM,2013,3,132,127,3484
q-bio.QM,2013,4,99,97,8964
q-bio.QM,2014,1,107,104,4310
q-bio.QM,2014,2,109,105,3382
q-bio.QM,2014,3,117,114,4177
q-bio.QM,2014,4,106,102,2271
q-bio.QM,2015,1,95,90,2919
q-bio.QM,2015,2,102,98,2770
q-bio.QM,2015,3,96,92,1954
q-bio.QM,2015,4,98,95,3018
q-bio.QM,2016,1,126,118,3873
q-bio.QM,2016,2,109,101,2566
q-bio.QM,2016,3,112,108,4668
q-bio.QM,2016,4,133,129,2268
q-bio.QM,2017,1,130,129,3407
q-bio.QM,2017,2,130,124,2962
q-bio.QM,2017,3,136,129,2600
q-bio.QM,2017,4,156,145,2917
q-bio.QM,2018,1,140,129,4790
q-bio.QM,2018,2,110,102,2450
q-bio.QM,2018,3,130,127,2703
q-bio.QM,2018,4,182,173,3605
q-bio.QM,2019,1,163,155,6033
q-bio.QM,2019,2,161,144,2768
q-bio.QM,2019,3,193,180,3326
q-bio.QM,2019,4,237,224,6858
q-bio.QM,2020,1,214,204,7993
q-bio.QM,2020,2,343,314,9969
q-bio.QM,2020,3,243,228,9454
q-bio.QM,2020,4,247,236,3854
q-bio.QM,2021,1,236,224,2874
q-bio.QM,2021,2,188,172,1480
q-bio.QM,2021,3,218,209,2072
q-bio.QM,2021,4,271,260,2450
q-bio.QM,2022,1,229,227,1340
q-bio.QM,2022,2,247,245,1221
q-bio.QM,2022,3,228,226,609
q-bio.QM,2022,4,269,265,786
q-bio.QM,2023,1,250,244,563
q-bio.QM,2023,2,248,244,1234
q-bio.QM,2023,3,283,280,755
q-bio.QM,2023,4,304,298,781
q-bio.QM,2024,1,301,285,537
q-bio.QM,2024,2,302,284,331
q-bio.QM,2024,3,291,257,309
q-bio.QM,2024,4,348,331,262
q-bio.QM,2025,1,331,259,241
q-bio.QM,2025,2,363,289,111
q-bio.QM,2025,3,370,229,63
q-bio.QM,2025,4,415,349,81
q-bio.QM,2026,1,310,309,47
q-bio.QM,2026,2,396,368,1
q-bio.QM,2026,3,54,0,0
q-bio.SC,1995,1,1,1,8
q-bio.SC,1999,2,1,1,145
q-bio.SC,1999,3,1,1,36
q-bio.SC,1999,4,1,1,75
q-bio.SC,2000,3,2,2,112
q-bio.SC,2001,3,1,1,23
q-bio.SC,2001,4,1,1,204
q-bio.SC,2002,1,2,2,42
q-bio.SC,2002,4,2,2,164
q-bio.SC,2003,1,2,2,161
q-bio.SC,2003,2,1,1,46
q-bio.SC,2003,3,15,15,1028
q-bio.SC,2003,4,7,7,416
q-bio.SC,2004,1,8,8,789
q-bio.SC,2004,2,9,9,1932
q-bio.SC,2004,3,8,8,348
q-bio.SC,2004,4,11,11,258
q-bio.SC,2005,1,15,15,1017
q-bio.SC,2005,2,15,15,543
q-bio.SC,2005,3,10,10,625
q-bio.SC,2005,4,18,18,979
q-bio.SC,2006,1,11,11,395
q-bio.SC,2006,2,11,11,675
q-bio.SC,2006,3,12,12,632
q-bio.SC,2006,4,12,12,768
q-bio.SC,2007,1,12,12,394
q-bio.SC,2007,2,23,23,463
q-bio.SC,2007,3,16,16,585
q-bio.SC,2007,4,19,19,417
q-bio.SC,2008,1,17,17,449
q-bio.SC,2008,2,18,17,391
q-bio.SC,2008,3,29,29,1019
q-bio.SC,2008,4,27,27,861
q-bio.SC,2009,1,25,25,1283
q-bio.SC,2009,2,32,32,861
q-bio.SC,2009,3,18,18,539
q-bio.SC,2009,4,20,20,830
q-bio.SC,2010,1,18,18,392
q-bio.SC,2010,2,17,17,339
q-bio.SC,2010,3,16,16,635
q-bio.SC,2010,4,16,16,341
q-bio.SC,2011,1,19,19,498
q-bio.SC,2011,2,29,29,903
q-bio.SC,2011,3,18,17,232
q-bio.SC,2011,4,15,15,242
q-bio.SC,2012,1,14,14,459
q-bio.SC,2012,2,18,17,597
q-bio.SC,2012,3,19,19,404
q-bio.SC,2012,4,21,21,1099
q-bio.SC,2013,1,23,22,917
q-bio.SC,2013,2,17,17,337
q-bio.SC,2013,3,27,27,699
q-bio.SC,2013,4,18,18,371
q-bio.SC,2014,1,16,15,194
q-bio.SC,2014,2,25,25,759
q-bio.SC,2014,3,24,23,335
q-bio.SC,2014,4,25,25,537
q-bio.SC,2015,1,37,35,623
q-bio.SC,2015,2,28,28,596
q-bio.SC,2015,3,30,30,1064
q-bio.SC,2015,4,40,38,1548
q-bio.SC,2016,1,24,22,398
q-bio.SC,2016,2,43,40,586
q-bio.SC,2016,3,27,26,639
q-bio.SC,2016,4,42,41,642
q-bio.SC,2017,1,26,25,393
q-bio.SC,2017,2,25,24,316
q-bio.SC,2017,3,13,12,214
q-bio.SC,2017,4,23,22,274
q-bio.SC,2018,1,31,28,753
q-bio.SC,2018,2,23,23,409
q-bio.SC,2018,3,25,23,461
q-bio.SC,2018,4,34,32,636
q-bio.SC,2019,1,16,15,271
q-bio.SC,2019,2,32,30,394
q-bio.SC,2019,3,32,28,710
q-bio.SC,2019,4,24,21,365
q-bio.SC,2020,1,23,23,778
q-bio.SC,2020,2,25,21,265
q-bio.SC,2020,3,24,21,399
q-bio.SC,2020,4,19,17,279
q-bio.SC,2021,1,16,15,59
q-bio.SC,2021,2,15,15,80
q-bio.SC,2021,3,13,13,212
q-bio.SC,2021,4,11,9,21
q-bio.SC,2022,1,15,15,13
q-bio.SC,2022,2,7,7,18
q-bio.SC,2022,3,14,14,0
q-bio.SC,2022,4,11,11,21
q-bio.SC,2023,1,17,17,33
q-bio.SC,2023,2,16,16,10
q-bio.SC,2023,3,22,22,7
q-bio.SC,2023,4,12,12,41
q-bio.SC,2024,1,13,13,9
q-bio.SC,2024,2,16,16,16
q-bio.SC,2024,3,17,17,6
q-bio.SC,2024,4,10,9,4
q-bio.SC,2025,1,14,12,8
q-bio.SC,2025,2,14,13,5
q-bio.SC,2025,3,17,9,3
q-bio.SC,2025,4,22,19,0
q-bio.SC,2026,1,10,10,0
q-bio.SC,2026,2,17,16,0
q-bio.SC,2026,3,2,0,0
q-bio.TO,1999,2,1,1,4
q-bio.TO,2000,3,1,1,34
q-bio.TO,2000,4,1,1,3
q-bio.TO,2001,2,1,1,116
q-bio.TO,2001,3,2,2,245
q-bio.TO,2001,4,2,2,167
q-bio.TO,2002,3,1,1,22
q-bio.TO,2002,4,1,1,41
q-bio.TO,2003,3,4,4,28
q-bio.TO,2003,4,9,9,426
q-bio.TO,2004,1,7,7,77
q-bio.TO,2004,2,8,8,14
q-bio.TO,2004,3,9,9,525
q-bio.TO,2004,4,8,8,237
q-bio.TO,2005,1,7,7,104
q-bio.TO,2005,2,6,6,431
q-bio.TO,2005,3,4,4,386
q-bio.TO,2005,4,9,9,169
q-bio.TO,2006,1,7,7,148
q-bio.TO,2006,2,5,5,252
q-bio.TO,2006,3,9,9,140
q-bio.TO,2006,4,9,9,661
q-bio.TO,2007,1,6,6,43
q-bio.TO,2007,2,7,7,268
q-bio.TO,2007,3,14,14,85
q-bio.TO,2007,4,10,10,318
q-bio.TO,2008,1,3,3,150
q-bio.TO,2008,2,14,14,103
q-bio.TO,2008,3,12,12,80
q-bio.TO,2008,4,14,13,346
q-bio.TO,2009,1,11,10,384
q-bio.TO,2009,2,13,12,811
q-bio.TO,2009,3,10,10,56
q-bio.TO,2009,4,6,6,29
q-bio.TO,2010,1,12,11,347
q-bio.TO,2010,2,15,15,79
q-bio.TO,2010,3,7,7,275
q-bio.TO,2010,4,8,7,52
q-bio.TO,2011,1,10,7,114
q-bio.TO,2011,2,12,12,1187
q-bio.TO,2011,3,13,13,92
q-bio.TO,2011,4,26,24,780
q-bio.TO,2012,1,22,22,702
q-bio.TO,2012,2,10,9,193
q-bio.TO,2012,3,22,22,727
q-bio.TO,2012,4,18,18,288
q-bio.TO,2013,1,24,24,1503
q-bio.TO,2013,2,28,26,764
q-bio.TO,2013,3,31,30,956
q-bio.TO,2013,4,24,23,371
q-bio.TO,2014,1,26,24,288
q-bio.TO,2014,2,21,21,1341
q-bio.TO,2014,3,19,19,543
q-bio.TO,2014,4,27,27,420
q-bio.TO,2015,1,28,27,1498
q-bio.TO,2015,2,31,30,781
q-bio.TO,2015,3,34,34,614
q-bio.TO,2015,4,45,45,913
q-bio.TO,2016,1,34,33,221
q-bio.TO,2016,2,26,25,473
q-bio.TO,2016,3,43,41,396
q-bio.TO,2016,4,44,44,692
q-bio.TO,2017,1,31,29,528
q-bio.TO,2017,2,39,38,808
q-bio.TO,2017,3,43,41,1055
q-bio.TO,2017,4,39,36,430
q-bio.TO,2018,1,38,37,481
q-bio.TO,2018,2,58,53,860
q-bio.TO,2018,3,53,49,716
q-bio.TO,2018,4,48,46,720
q-bio.TO,2019,1,43,40,801
q-bio.TO,2019,2,49,47,1330
q-bio.TO,2019,3,42,39,759
q-bio.TO,2019,4,55,52,695
q-bio.TO,2020,1,54,52,1104
q-bio.TO,2020,2,62,60,1276
q-bio.TO,2020,3,53,49,396
q-bio.TO,2020,4,55,52,496
q-bio.TO,2021,1,61,56,1848
q-bio.TO,2021,2,44,41,1070
q-bio.TO,2021,3,33,32,372
q-bio.TO,2021,4,46,46,300
q-bio.TO,2022,1,29,27,136
q-bio.TO,2022,2,28,28,15
q-bio.TO,2022,3,35,35,126
q-bio.TO,2022,4,46,46,116
q-bio.TO,2023,1,47,45,70
q-bio.TO,2023,2,38,37,57
q-bio.TO,2023,3,56,55,169
q-bio.TO,2023,4,62,62,46
q-bio.TO,2024,1,56,53,295
q-bio.TO,2024,2,33,29,77
q-bio.TO,2024,3,45,44,52
q-bio.TO,2024,4,47,45,28
q-bio.TO,2025,1,58,44,52
q-bio.TO,2025,2,40,35,10
q-bio.TO,2025,3,59,38,4
q-bio.TO,2025,4,49,44,53
q-bio.TO,2026,1,34,34,0
q-bio.TO,2026,2,24,22,7
q-bio.TO,2026,3,4,0,0
q-fin.CP,1998,1,2,2,21
q-fin.CP,1998,2,1,1,1
q-fin.CP,1999,1,2,2,6
q-fin.CP,1999,2,1,1,24
q-fin.CP,2000,2,2,2,455
q-fin.CP,2001,1,1,1,0
q-fin.CP,2001,4,2,2,1
q-fin.CP,2002,3,1,1,7
q-fin.CP,2002,4,1,1,3
q-fin.CP,2003,1,1,1,0
q-fin.CP,2003,2,2,2,6
q-fin.CP,2003,3,2,2,27
q-fin.CP,2004,1,1,1,1
q-fin.CP,2004,2,2,2,47
q-fin.CP,2004,4,1,1,0
q-fin.CP,2005,1,4,4,140
q-fin.CP,2005,2,4,4,115
q-fin.CP,2005,3,4,4,580
q-fin.CP,2006,1,7,7,217
q-fin.CP,2006,2,1,1,4
q-fin.CP,2006,3,3,2,97
q-fin.CP,2006,4,5,5,67
q-fin.CP,2007,1,11,8,244
q-fin.CP,2007,2,3,3,2
q-fin.CP,2007,3,3,3,12
q-fin.CP,2007,4,5,5,134
q-fin.CP,2008,1,5,4,88
q-fin.CP,2008,2,8,6,30
q-fin.CP,2008,3,10,10,152
q-fin.CP,2008,4,17,15,96
q-fin.CP,2009,1,16,15,381
q-fin.CP,2009,2,22,18,114
q-fin.CP,2009,3,23,17,225
q-fin.CP,2009,4,43,39,735
q-fin.CP,2010,1,28,27,136
q-fin.CP,2010,2,38,31,160
q-fin.CP,2010,3,25,22,47
q-fin.CP,2010,4,27,25,261
q-fin.CP,2011,1,25,23,463
q-fin.CP,2011,2,26,22,117
q-fin.CP,2011,3,18,16,36
q-fin.CP,2011,4,32,29,328
q-fin.CP,2012,1,25,21,403
q-fin.CP,2012,2,32,28,59
q-fin.CP,2012,3,19,13,108
q-fin.CP,2012,4,23,21,153
q-fin.CP,2013,1,21,21,35
q-fin.CP,2013,2,24,24,33
q-fin.CP,2013,3,17,14,99
q-fin.CP,2013,4,25,20,167
q-fin.CP,2014,1,21,19,77
q-fin.CP,2014,2,25,21,1101
q-fin.CP,2014,3,15,14,51
q-fin.CP,2014,4,19,16,54
q-fin.CP,2015,1,19,18,75
q-fin.CP,2015,2,27,24,28
q-fin.CP,2015,3,32,31,404
q-fin.CP,2015,4,26,21,179
q-fin.CP,2016,1,25,20,78
q-fin.CP,2016,2,22,20,98
q-fin.CP,2016,3,17,12,35
q-fin.CP,2016,4,28,27,141
q-fin.CP,2017,1,24,23,95
q-fin.CP,2017,2,29,21,237
q-fin.CP,2017,3,25,22,2895
q-fin.CP,2017,4,38,29,286
q-fin.CP,2018,1,41,34,71
q-fin.CP,2018,2,24,21,140
q-fin.CP,2018,3,32,25,321
q-fin.CP,2018,4,41,31,598
q-fin.CP,2019,1,32,27,196
q-fin.CP,2019,2,36,30,424
q-fin.CP,2019,3,39,27,406
q-fin.CP,2019,4,47,40,249
q-fin.CP,2020,1,50,41,237
q-fin.CP,2020,2,74,61,345
q-fin.CP,2020,3,47,39,197
q-fin.CP,2020,4,31,29,340
q-fin.CP,2021,1,62,46,233
q-fin.CP,2021,2,66,52,345
q-fin.CP,2021,3,51,44,154
q-fin.CP,2021,4,51,49,145
q-fin.CP,2022,1,61,60,222
q-fin.CP,2022,2,50,50,121
q-fin.CP,2022,3,67,65,136
q-fin.CP,2022,4,79,79,82
q-fin.CP,2023,1,65,63,149
q-fin.CP,2023,2,60,60,190
q-fin.CP,2023,3,82,81,174
q-fin.CP,2023,4,64,63,48
q-fin.CP,2024,1,68,65,60
q-fin.CP,2024,2,81,80,76
q-fin.CP,2024,3,106,101,55
q-fin.CP,2024,4,111,110,119
q-fin.CP,2025,1,76,62,27
q-fin.CP,2025,2,82,69,16
q-fin.CP,2025,3,100,70,5
q-fin.CP,2025,4,144,134,3
q-fin.CP,2026,1,106,106,11
q-fin.CP,2026,2,113,106,0
q-fin.CP,2026,3,22,0,0
q-fin.EC,2009,2,1,1,3
q-fin.EC,2010,2,1,1,0
q-fin.EC,2013,4,1,1,11
q-fin.EC,2014,2,18,15,154
q-fin.EC,2014,3,23,21,321
q-fin.EC,2014,4,22,20,240
q-fin.EC,2015,1,23,21,432
q-fin.EC,2015,2,43,42,1570
q-fin.EC,2015,3,42,35,597
q-fin.EC,2015,4,42,31,366
q-fin.EC,2016,1,47,41,521
q-fin.EC,2016,2,34,29,308
q-fin.EC,2016,3,34,32,495
q-fin.EC,2016,4,47,42,347
q-fin.EC,2017,1,40,37,455
q-fin.EC,2017,2,42,37,308
q-fin.EC,2017,3,52,46,530
q-fin.EC,2017,4,32,31,440
q-fin.EC,2018,1,29,21,158
q-fin.EC,2018,2,27,26,39
q-fin.EC,2018,3,56,50,524
q-fin.EC,2018,4,83,73,703
q-fin.EC,2019,1,86,76,1421
q-fin.EC,2019,2,89,73,1320
q-fin.EC,2019,3,93,85,1066
q-fin.EC,2019,4,92,78,400
q-fin.EC,2020,1,125,114,1903
q-fin.EC,2020,2,160,145,2845
q-fin.EC,2020,3,140,125,1690
q-fin.EC,2020,4,241,208,1376
q-fin.EC,2021,1,262,237,1998
q-fin.EC,2021,2,258,238,1479
q-fin.EC,2021,3,207,184,601
q-fin.EC,2021,4,184,173,1142
q-fin.EC,2022,1,181,177,1195
q-fin.EC,2022,2,192,192,1124
q-fin.EC,2022,3,163,160,696
q-fin.EC,2022,4,182,180,453
q-fin.EC,2023,1,195,195,1141
q-fin.EC,2023,2,214,209,451
q-fin.EC,2023,3,187,184,644
q-fin.EC,2023,4,260,255,727
q-fin.EC,2024,1,241,228,1001
q-fin.EC,2024,2,241,237,452
q-fin.EC,2024,3,231,220,166
q-fin.EC,2024,4,270,269,299
q-fin.EC,2025,1,310,236,282
q-fin.EC,2025,2,325,277,151
q-fin.EC,2025,3,338,243,191
q-fin.EC,2025,4,398,360,85
q-fin.EC,2026,1,315,315,110
q-fin.EC,2026,2,330,299,1
q-fin.EC,2026,3,70,0,0
q-fin.GN,1997,1,2,2,118
q-fin.GN,1997,3,1,1,317
q-fin.GN,1998,1,1,1,3
q-fin.GN,1998,2,1,1,287
q-fin.GN,1998,3,1,1,56
q-fin.GN,1998,4,1,1,61
q-fin.GN,1999,2,2,2,47
q-fin.GN,1999,3,1,1,0
q-fin.GN,1999,4,1,1,2
q-fin.GN,2000,1,3,3,599
q-fin.GN,2000,2,5,4,448
q-fin.GN,2000,3,4,4,351
q-fin.GN,2000,4,4,4,178
q-fin.GN,2001,1,4,4,722
q-fin.GN,2001,2,2,2,39
q-fin.GN,2001,3,3,3,105
q-fin.GN,2001,4,4,4,87
q-fin.GN,2002,1,4,4,33
q-fin.GN,2002,2,3,3,48
q-fin.GN,2002,3,5,5,314
q-fin.GN,2002,4,4,4,120
q-fin.GN,2003,1,6,6,463
q-fin.GN,2003,2,4,4,194
q-fin.GN,2003,3,6,6,44
q-fin.GN,2003,4,11,11,789
q-fin.GN,2004,1,14,14,610
q-fin.GN,2004,2,3,3,179
q-fin.GN,2004,3,9,9,346
q-fin.GN,2004,4,6,6,324
q-fin.GN,2005,1,6,6,691
q-fin.GN,2005,2,10,10,379
q-fin.GN,2005,3,24,23,277
q-fin.GN,2005,4,7,7,260
q-fin.GN,2006,1,6,6,186
q-fin.GN,2006,2,5,5,131
q-fin.GN,2006,3,22,22,415
q-fin.GN,2006,4,8,8,239
q-fin.GN,2007,1,8,8,167
q-fin.GN,2007,2,13,13,329
q-fin.GN,2007,3,20,19,3780
q-fin.GN,2007,4,18,17,306
q-fin.GN,2008,1,19,17,185
q-fin.GN,2008,2,12,12,252
q-fin.GN,2008,3,15,14,153
q-fin.GN,2008,4,25,24,447
q-fin.GN,2009,1,23,20,252
q-fin.GN,2009,2,29,29,222
q-fin.GN,2009,3,14,14,3685
q-fin.GN,2009,4,17,17,163
q-fin.GN,2010,1,36,34,201
q-fin.GN,2010,2,30,25,175
q-fin.GN,2010,3,16,14,107
q-fin.GN,2010,4,28,27,420
q-fin.GN,2011,1,29,25,296
q-fin.GN,2011,2,30,30,159
q-fin.GN,2011,3,35,32,1261
q-fin.GN,2011,4,46,40,383
q-fin.GN,2012,1,40,36,641
q-fin.GN,2012,2,42,38,521
q-fin.GN,2012,3,41,38,1204
q-fin.GN,2012,4,51,48,370
q-fin.GN,2013,1,61,55,800
q-fin.GN,2013,2,52,47,823
q-fin.GN,2013,3,49,44,1071
q-fin.GN,2013,4,46,42,363
q-fin.GN,2014,1,52,47,538
q-fin.GN,2014,2,44,38,392
q-fin.GN,2014,3,43,40,1803
q-fin.GN,2014,4,37,35,289
q-fin.GN,2015,1,31,27,413
q-fin.GN,2015,2,34,33,220
q-fin.GN,2015,3,38,31,282
q-fin.GN,2015,4,37,34,316
q-fin.GN,2016,1,52,50,723
q-fin.GN,2016,2,34,31,273
q-fin.GN,2016,3,38,36,709
q-fin.GN,2016,4,42,39,297
q-fin.GN,2017,1,18,17,454
q-fin.GN,2017,2,34,29,351
q-fin.GN,2017,3,31,23,1258
q-fin.GN,2017,4,29,29,456
q-fin.GN,2018,1,43,37,368
q-fin.GN,2018,2,44,39,570
q-fin.GN,2018,3,27,26,551
q-fin.GN,2018,4,40,34,366
q-fin.GN,2019,1,40,34,349
q-fin.GN,2019,2,46,44,539
q-fin.GN,2019,3,30,24,202
q-fin.GN,2019,4,47,43,133
q-fin.GN,2020,1,45,42,375
q-fin.GN,2020,2,63,54,387
q-fin.GN,2020,3,54,44,740
q-fin.GN,2020,4,41,34,238
q-fin.GN,2021,1,35,27,80
q-fin.GN,2021,2,32,23,347
q-fin.GN,2021,3,37,32,47
q-fin.GN,2021,4,21,20,146
q-fin.GN,2022,1,34,34,107
q-fin.GN,2022,2,32,32,59
q-fin.GN,2022,3,42,41,90
q-fin.GN,2022,4,31,30,99
q-fin.GN,2023,1,34,34,578
q-fin.GN,2023,2,38,37,98
q-fin.GN,2023,3,50,48,156
q-fin.GN,2023,4,41,41,111
q-fin.GN,2024,1,46,44,73
q-fin.GN,2024,2,34,34,69
q-fin.GN,2024,3,24,23,24
q-fin.GN,2024,4,39,38,128
q-fin.GN,2025,1,38,30,88
q-fin.GN,2025,2,45,34,1
q-fin.GN,2025,3,39,27,13
q-fin.GN,2025,4,63,60,16
q-fin.GN,2026,1,42,42,4
q-fin.GN,2026,2,71,66,4
q-fin.GN,2026,3,10,0,0
q-fin.MF,2014,2,36,30,138
q-fin.MF,2014,3,41,34,78
q-fin.MF,2014,4,51,39,239
q-fin.MF,2015,1,49,42,548
q-fin.MF,2015,2,50,43,146
q-fin.MF,2015,3,37,27,123
q-fin.MF,2015,4,62,42,113
q-fin.MF,2016,1,61,48,182
q-fin.MF,2016,2,49,40,151
q-fin.MF,2016,3,52,40,146
q-fin.MF,2016,4,65,54,214
q-fin.MF,2017,1,51,47,463
q-fin.MF,2017,2,44,34,86
q-fin.MF,2017,3,59,45,2328
q-fin.MF,2017,4,46,39,73
q-fin.MF,2018,1,61,44,155
q-fin.MF,2018,2,58,41,113
q-fin.MF,2018,3,70,55,392
q-fin.MF,2018,4,49,36,100
q-fin.MF,2019,1,49,39,177
q-fin.MF,2019,2,63,48,222
q-fin.MF,2019,3,90,71,835
q-fin.MF,2019,4,86,73,433
q-fin.MF,2020,1,73,52,98
q-fin.MF,2020,2,90,72,205
q-fin.MF,2020,3,71,58,103
q-fin.MF,2020,4,70,57,69
q-fin.MF,2021,1,68,55,96
q-fin.MF,2021,2,72,57,154
q-fin.MF,2021,3,64,56,62
q-fin.MF,2021,4,73,63,55
q-fin.MF,2022,1,61,59,45
q-fin.MF,2022,2,48,48,42
q-fin.MF,2022,3,68,68,102
q-fin.MF,2022,4,79,79,52
q-fin.MF,2023,1,69,67,50
q-fin.MF,2023,2,64,63,53
q-fin.MF,2023,3,67,63,18
q-fin.MF,2023,4,76,75,23
q-fin.MF,2024,1,74,68,18
q-fin.MF,2024,2,80,79,21
q-fin.MF,2024,3,79,72,20
q-fin.MF,2024,4,82,78,7
q-fin.MF,2025,1,84,59,9
q-fin.MF,2025,2,69,56,1
q-fin.MF,2025,3,92,63,5
q-fin.MF,2025,4,95,82,0
q-fin.MF,2026,1,112,112,0
q-fin.MF,2026,2,127,113,0
q-fin.MF,2026,3,25,0,0
q-fin.PM,1997,3,1,1,19
q-fin.PM,1998,1,3,3,107
q-fin.PM,1998,2,1,1,0
q-fin.PM,1998,4,1,1,0
q-fin.PM,1999,2,1,1,9
q-fin.PM,1999,3,1,1,2
q-fin.PM,1999,4,1,1,0
q-fin.PM,2000,3,2,2,13
q-fin.PM,2000,4,1,1,0
q-fin.PM,2001,1,1,1,10
q-fin.PM,2001,2,1,1,5
q-fin.PM,2001,4,1,1,50
q-fin.PM,2002,1,3,3,31
q-fin.PM,2002,2,2,2,93
q-fin.PM,2002,3,4,4,10
q-fin.PM,2002,4,4,4,70
q-fin.PM,2003,1,3,3,6
q-fin.PM,2003,2,1,1,1
q-fin.PM,2003,3,1,1,0
q-fin.PM,2003,4,1,1,231
q-fin.PM,2004,2,2,2,85
q-fin.PM,2004,3,1,1,59
q-fin.PM,2005,1,1,1,4
q-fin.PM,2005,2,3,1,0
q-fin.PM,2005,3,1,1,2
q-fin.PM,2005,4,1,1,0
q-fin.PM,2006,1,1,1,11
q-fin.PM,2006,2,1,0,0
q-fin.PM,2006,3,5,5,33
q-fin.PM,2006,4,3,3,51
q-fin.PM,2007,1,4,4,15
q-fin.PM,2007,2,10,10,13
q-fin.PM,2007,3,10,10,778
q-fin.PM,2007,4,4,4,20
q-fin.PM,2008,1,5,4,22
q-fin.PM,2008,2,8,7,68
q-fin.PM,2008,3,3,3,118
q-fin.PM,2008,4,7,5,17
q-fin.PM,2009,1,9,9,55
q-fin.PM,2009,2,14,13,131
q-fin.PM,2009,3,15,15,288
q-fin.PM,2009,4,19,16,172
q-fin.PM,2010,1,18,17,129
q-fin.PM,2010,2,27,26,540
q-fin.PM,2010,3,9,9,24
q-fin.PM,2010,4,13,13,234
q-fin.PM,2011,1,21,19,92
q-fin.PM,2011,2,11,10,25
q-fin.PM,2011,3,27,23,158
q-fin.PM,2011,4,29,28,223
q-fin.PM,2012,1,10,8,139
q-fin.PM,2012,2,21,18,84
q-fin.PM,2012,3,20,18,202
q-fin.PM,2012,4,24,21,91
q-fin.PM,2013,1,29,26,42
q-fin.PM,2013,2,21,17,30
q-fin.PM,2013,3,27,23,152
q-fin.PM,2013,4,25,22,389
q-fin.PM,2014,1,31,21,120
q-fin.PM,2014,2,33,25,108
q-fin.PM,2014,3,26,21,40
q-fin.PM,2014,4,25,17,33
q-fin.PM,2015,1,24,17,65
q-fin.PM,2015,2,18,16,80
q-fin.PM,2015,3,16,12,216
q-fin.PM,2015,4,20,15,82
q-fin.PM,2016,1,35,28,69
q-fin.PM,2016,2,18,15,77
q-fin.PM,2016,3,17,11,141
q-fin.PM,2016,4,31,25,135
q-fin.PM,2017,1,9,7,38
q-fin.PM,2017,2,22,17,177
q-fin.PM,2017,3,23,22,169
q-fin.PM,2017,4,22,18,177
q-fin.PM,2018,1,22,18,76
q-fin.PM,2018,2,21,19,45
q-fin.PM,2018,3,34,27,124
q-fin.PM,2018,4,29,20,364
q-fin.PM,2019,1,30,22,116
q-fin.PM,2019,2,31,27,151
q-fin.PM,2019,3,35,27,64
q-fin.PM,2019,4,37,28,84
q-fin.PM,2020,1,27,20,95
q-fin.PM,2020,2,44,38,192
q-fin.PM,2020,3,40,33,119
q-fin.PM,2020,4,41,29,47
q-fin.PM,2021,1,39,33,89
q-fin.PM,2021,2,50,44,182
q-fin.PM,2021,3,32,27,72
q-fin.PM,2021,4,44,40,109
q-fin.PM,2022,1,44,44,145
q-fin.PM,2022,2,34,34,62
q-fin.PM,2022,3,32,32,74
q-fin.PM,2022,4,40,40,74
q-fin.PM,2023,1,41,41,25
q-fin.PM,2023,2,48,48,186
q-fin.PM,2023,3,51,51,41
q-fin.PM,2023,4,64,62,42
q-fin.PM,2024,1,40,39,36
q-fin.PM,2024,2,49,48,44
q-fin.PM,2024,3,49,47,24
q-fin.PM,2024,4,69,68,95
q-fin.PM,2025,1,52,38,35
q-fin.PM,2025,2,43,35,5
q-fin.PM,2025,3,74,47,2
q-fin.PM,2025,4,79,71,3
q-fin.PM,2026,1,82,82,0
q-fin.PM,2026,2,84,77,0
q-fin.PM,2026,3,15,0,0
q-fin.PR,1997,4,3,2,6
q-fin.PR,1998,1,2,1,0
q-fin.PR,1998,2,3,3,0
q-fin.PR,1998,3,5,5,1
q-fin.PR,1998,4,3,3,17
q-fin.PR,1999,1,4,4,92
q-fin.PR,1999,2,1,1,24
q-fin.PR,1999,4,1,1,37
q-fin.PR,2000,1,3,3,28
q-fin.PR,2000,2,2,2,2
q-fin.PR,2000,3,1,1,0
q-fin.PR,2000,4,1,1,2
q-fin.PR,2001,1,1,1,12
q-fin.PR,2001,2,1,1,17
q-fin.PR,2001,3,1,1,0
q-fin.PR,2001,4,1,1,22
q-fin.PR,2002,1,3,3,32
q-fin.PR,2002,2,5,4,275
q-fin.PR,2002,3,4,4,29
q-fin.PR,2002,4,6,6,63
q-fin.PR,2003,2,1,1,0
q-fin.PR,2003,3,2,2,4
q-fin.PR,2003,4,2,2,3
q-fin.PR,2004,1,5,5,19
q-fin.PR,2004,2,5,5,2
q-fin.PR,2004,3,4,4,6
q-fin.PR,2004,4,2,2,0
q-fin.PR,2005,1,9,9,83
q-fin.PR,2005,2,1,1,0
q-fin.PR,2005,3,4,4,192
q-fin.PR,2006,1,6,6,118
q-fin.PR,2006,2,11,11,39
q-fin.PR,2006,3,8,8,48
q-fin.PR,2006,4,9,9,27
q-fin.PR,2007,1,9,9,376
q-fin.PR,2007,2,10,9,82
q-fin.PR,2007,3,9,9,36
q-fin.PR,2007,4,13,9,124
q-fin.PR,2008,1,19,15,173
q-fin.PR,2008,2,15,13,196
q-fin.PR,2008,3,11,10,223
q-fin.PR,2008,4,22,19,43
q-fin.PR,2009,1,22,22,102
q-fin.PR,2009,2,26,23,231
q-fin.PR,2009,3,18,16,38
q-fin.PR,2009,4,43,40,555
q-fin.PR,2010,1,35,28,201
q-fin.PR,2010,2,32,30,169
q-fin.PR,2010,3,30,30,217
q-fin.PR,2010,4,39,36,82
q-fin.PR,2011,1,31,27,393
q-fin.PR,2011,2,28,26,156
q-fin.PR,2011,3,21,17,92
q-fin.PR,2011,4,29,27,123
q-fin.PR,2012,1,28,25,119
q-fin.PR,2012,2,44,39,241
q-fin.PR,2012,3,26,20,51
q-fin.PR,2012,4,33,31,183
q-fin.PR,2013,1,46,40,129
q-fin.PR,2013,2,39,35,107
q-fin.PR,2013,3,46,39,210
q-fin.PR,2013,4,45,39,252
q-fin.PR,2014,1,33,30,264
q-fin.PR,2014,2,46,44,66
q-fin.PR,2014,3,23,22,35
q-fin.PR,2014,4,26,19,77
q-fin.PR,2015,1,25,21,136
q-fin.PR,2015,2,24,18,49
q-fin.PR,2015,3,19,18,174
q-fin.PR,2015,4,21,16,31
q-fin.PR,2016,1,26,22,40
q-fin.PR,2016,2,16,12,51
q-fin.PR,2016,3,27,22,114
q-fin.PR,2016,4,27,26,129
q-fin.PR,2017,1,23,20,49
q-fin.PR,2017,2,18,13,49
q-fin.PR,2017,3,23,18,83
q-fin.PR,2017,4,27,19,68
q-fin.PR,2018,1,29,18,22
q-fin.PR,2018,2,21,18,36
q-fin.PR,2018,3,27,20,26
q-fin.PR,2018,4,18,10,82
q-fin.PR,2019,1,16,12,30
q-fin.PR,2019,2,28,22,61
q-fin.PR,2019,3,26,19,23
q-fin.PR,2019,4,27,22,235
q-fin.PR,2020,1,33,25,60
q-fin.PR,2020,2,35,25,58
q-fin.PR,2020,3,29,25,50
q-fin.PR,2020,4,14,12,77
q-fin.PR,2021,1,27,23,38
q-fin.PR,2021,2,33,27,80
q-fin.PR,2021,3,30,29,30
q-fin.PR,2021,4,30,29,21
q-fin.PR,2022,1,21,20,7
q-fin.PR,2022,2,22,22,36
q-fin.PR,2022,3,28,27,67
q-fin.PR,2022,4,26,26,51
q-fin.PR,2023,1,29,29,16
q-fin.PR,2023,2,26,25,75
q-fin.PR,2023,3,28,26,8
q-fin.PR,2023,4,21,20,9
q-fin.PR,2024,1,31,28,21
q-fin.PR,2024,2,23,21,6
q-fin.PR,2024,3,22,20,26
q-fin.PR,2024,4,22,22,1
q-fin.PR,2025,1,27,22,30
q-fin.PR,2025,2,29,22,0
q-fin.PR,2025,3,35,25,1
q-fin.PR,2025,4,41,37,0
q-fin.PR,2026,1,33,33,2
q-fin.PR,2026,2,50,48,106
q-fin.PR,2026,3,8,0,0
q-fin.RM,1998,2,1,1,0
q-fin.RM,1998,3,1,1,22
q-fin.RM,2000,4,1,1,0
q-fin.RM,2001,1,2,2,220
q-fin.RM,2001,2,2,2,15
q-fin.RM,2001,3,3,2,14
q-fin.RM,2001,4,1,1,1
q-fin.RM,2002,1,1,0,0
q-fin.RM,2002,2,1,1,0
q-fin.RM,2002,3,3,2,13
q-fin.RM,2003,1,2,1,35
q-fin.RM,2003,2,2,2,16
q-fin.RM,2003,3,3,2,5
q-fin.RM,2004,1,3,3,15
q-fin.RM,2004,3,2,1,73
q-fin.RM,2004,4,2,2,2
q-fin.RM,2005,1,1,1,1
q-fin.RM,2005,2,3,3,2
q-fin.RM,2005,3,2,2,0
q-fin.RM,2005,4,1,1,22
q-fin.RM,2006,1,2,2,2
q-fin.RM,2006,2,8,8,63
q-fin.RM,2006,3,5,5,60
q-fin.RM,2006,4,6,6,79
q-fin.RM,2007,1,4,4,3
q-fin.RM,2007,2,6,6,171
q-fin.RM,2007,3,7,7,43
q-fin.RM,2007,4,6,6,56
q-fin.RM,2008,1,4,4,138
q-fin.RM,2008,2,6,5,87
q-fin.RM,2008,3,5,4,7
q-fin.RM,2008,4,5,5,45
q-fin.RM,2009,1,8,8,102
q-fin.RM,2009,2,26,22,204
q-fin.RM,2009,3,15,13,262
q-fin.RM,2009,4,17,16,199
q-fin.RM,2010,1,25,24,69
q-fin.RM,2010,2,26,22,247
q-fin.RM,2010,3,22,21,260
q-fin.RM,2010,4,23,21,283
q-fin.RM,2011,1,43,30,162
q-fin.RM,2011,2,17,15,178
q-fin.RM,2011,3,15,11,75
q-fin.RM,2011,4,38,35,374
q-fin.RM,2012,1,24,21,127
q-fin.RM,2012,2,29,26,298
q-fin.RM,2012,3,26,23,146
q-fin.RM,2012,4,32,28,343
q-fin.RM,2013,1,28,25,206
q-fin.RM,2013,2,31,28,142
q-fin.RM,2013,3,28,22,158
q-fin.RM,2013,4,22,20,169
q-fin.RM,2014,1,31,24,167
q-fin.RM,2014,2,34,26,118
q-fin.RM,2014,3,20,18,44
q-fin.RM,2014,4,34,27,110
q-fin.RM,2015,1,26,19,676
q-fin.RM,2015,2,29,28,308
q-fin.RM,2015,3,26,18,149
q-fin.RM,2015,4,30,22,279
q-fin.RM,2016,1,33,24,409
q-fin.RM,2016,2,14,13,223
q-fin.RM,2016,3,32,25,129
q-fin.RM,2016,4,30,23,105
q-fin.RM,2017,1,28,24,79
q-fin.RM,2017,2,25,20,96
q-fin.RM,2017,3,39,29,854
q-fin.RM,2017,4,26,20,328
q-fin.RM,2018,1,40,32,179
q-fin.RM,2018,2,29,25,139
q-fin.RM,2018,3,30,24,157
q-fin.RM,2018,4,40,33,171
q-fin.RM,2019,1,29,24,58
q-fin.RM,2019,2,41,30,114
q-fin.RM,2019,3,43,36,88
q-fin.RM,2019,4,43,32,131
q-fin.RM,2020,1,43,31,210
q-fin.RM,2020,2,61,55,323
q-fin.RM,2020,3,66,58,268
q-fin.RM,2020,4,61,52,251
q-fin.RM,2021,1,50,43,502
q-fin.RM,2021,2,44,32,284
q-fin.RM,2021,3,54,50,98
q-fin.RM,2021,4,43,39,48
q-fin.RM,2022,1,64,62,137
q-fin.RM,2022,2,54,53,171
q-fin.RM,2022,3,41,40,40
q-fin.RM,2022,4,41,39,27
q-fin.RM,2023,1,43,42,46
q-fin.RM,2023,2,40,40,23
q-fin.RM,2023,3,44,44,86
q-fin.RM,2023,4,54,53,34
q-fin.RM,2024,1,62,59,40
q-fin.RM,2024,2,66,63,236
q-fin.RM,2024,3,78,74,21
q-fin.RM,2024,4,67,66,40
q-fin.RM,2025,1,62,50,52
q-fin.RM,2025,2,65,56,18
q-fin.RM,2025,3,77,55,26
q-fin.RM,2025,4,102,91,2
q-fin.RM,2026,1,109,109,4
q-fin.RM,2026,2,125,113,0
q-fin.RM,2026,3,15,0,0
q-fin.ST,1997,2,3,2,327
q-fin.ST,1997,3,3,3,595
q-fin.ST,1997,4,6,6,859
q-fin.ST,1998,1,5,5,2849
q-fin.ST,1998,2,2,2,111
q-fin.ST,1998,3,1,1,0
q-fin.ST,1998,4,3,3,21
q-fin.ST,1999,1,10,10,2094
q-fin.ST,1999,2,4,4,965
q-fin.ST,1999,3,5,5,552
q-fin.ST,1999,4,7,6,631
q-fin.ST,2000,1,8,8,1155
q-fin.ST,2000,2,7,7,253
q-fin.ST,2000,3,10,9,390
q-fin.ST,2000,4,10,10,249
q-fin.ST,2001,1,13,13,386
q-fin.ST,2001,2,11,10,282
q-fin.ST,2001,3,10,10,1124
q-fin.ST,2001,4,12,12,343
q-fin.ST,2002,1,11,11,499
q-fin.ST,2002,2,9,9,410
q-fin.ST,2002,3,11,11,103
q-fin.ST,2002,4,9,9,592
q-fin.ST,2003,1,16,13,842
q-fin.ST,2003,2,12,12,300
q-fin.ST,2003,3,8,8,495
q-fin.ST,2003,4,22,22,937
q-fin.ST,2004,1,28,27,1160
q-fin.ST,2004,2,12,12,176
q-fin.ST,2004,3,12,12,388
q-fin.ST,2004,4,14,14,529
q-fin.ST,2005,1,25,25,940
q-fin.ST,2005,2,21,20,463
q-fin.ST,2005,3,25,25,680
q-fin.ST,2005,4,22,21,561
q-fin.ST,2006,1,29,29,463
q-fin.ST,2006,2,21,21,429
q-fin.ST,2006,3,47,47,1289
q-fin.ST,2006,4,25,25,684
q-fin.ST,2007,1,32,32,428
q-fin.ST,2007,2,25,25,850
q-fin.ST,2007,3,40,38,2666
q-fin.ST,2007,4,20,19,271
q-fin.ST,2008,1,27,24,1548
q-fin.ST,2008,2,25,24,793
q-fin.ST,2008,3,36,31,709
q-fin.ST,2008,4,21,20,320
q-fin.ST,2009,1,31,29,690
q-fin.ST,2009,2,25,24,964
q-fin.ST,2009,3,18,17,1059
q-fin.ST,2009,4,34,32,718
q-fin.ST,2010,1,30,30,573
q-fin.ST,2010,2,38,36,857
q-fin.ST,2010,3,25,23,320
q-fin.ST,2010,4,34,33,1664
q-fin.ST,2011,1,52,39,1235
q-fin.ST,2011,2,19,17,520
q-fin.ST,2011,3,25,21,438
q-fin.ST,2011,4,37,36,722
q-fin.ST,2012,1,43,42,2226
q-fin.ST,2012,2,31,29,407
q-fin.ST,2012,3,29,28,768
q-fin.ST,2012,4,28,25,478
q-fin.ST,2013,1,31,29,570
q-fin.ST,2013,2,27,25,341
q-fin.ST,2013,3,47,47,763
q-fin.ST,2013,4,41,39,1260
q-fin.ST,2014,1,48,44,1271
q-fin.ST,2014,2,43,40,1295
q-fin.ST,2014,3,32,29,418
q-fin.ST,2014,4,29,27,286
q-fin.ST,2015,1,31,28,652
q-fin.ST,2015,2,35,32,803
q-fin.ST,2015,3,42,37,731
q-fin.ST,2015,4,35,33,303
q-fin.ST,2016,1,42,37,342
q-fin.ST,2016,2,30,28,141
q-fin.ST,2016,3,32,30,230
q-fin.ST,2016,4,45,39,687
q-fin.ST,2017,1,32,29,493
q-fin.ST,2017,2,34,31,385
q-fin.ST,2017,3,36,35,1721
q-fin.ST,2017,4,33,30,315
q-fin.ST,2018,1,41,38,654
q-fin.ST,2018,2,38,31,1148
q-fin.ST,2018,3,46,39,702
q-fin.ST,2018,4,38,31,426
q-fin.ST,2019,1,49,43,532
q-fin.ST,2019,2,59,53,955
q-fin.ST,2019,3,65,58,571
q-fin.ST,2019,4,66,57,319
q-fin.ST,2020,1,65,53,1729
q-fin.ST,2020,2,76,68,1131
q-fin.ST,2020,3,80,72,1246
q-fin.ST,2020,4,65,57,556
q-fin.ST,2021,1,66,57,753
q-fin.ST,2021,2,62,58,1168
q-fin.ST,2021,3,71,61,192
q-fin.ST,2021,4,61,58,286
q-fin.ST,2022,1,65,64,332
q-fin.ST,2022,2,61,61,379
q-fin.ST,2022,3,65,63,98
q-fin.ST,2022,4,48,47,76
q-fin.ST,2023,1,68,66,181
q-fin.ST,2023,2,86,86,447
q-fin.ST,2023,3,72,72,159
q-fin.ST,2023,4,69,68,151
q-fin.ST,2024,1,88,85,186
q-fin.ST,2024,2,63,63,79
q-fin.ST,2024,3,85,80,64
q-fin.ST,2024,4,91,91,160
q-fin.ST,2025,1,62,57,40
q-fin.ST,2025,2,81,62,22
q-fin.ST,2025,3,79,50,8
q-fin.ST,2025,4,77,74,23
q-fin.ST,2026,1,95,95,4
q-fin.ST,2026,2,100,95,0
q-fin.ST,2026,3,23,0,0
q-fin.TR,1997,3,1,1,134
q-fin.TR,1998,2,1,1,1
q-fin.TR,1998,3,1,1,3
q-fin.TR,1998,4,2,2,168
q-fin.TR,1999,1,4,4,210
q-fin.TR,1999,2,2,2,37
q-fin.TR,1999,3,3,3,209
q-fin.TR,1999,4,3,3,230
q-fin.TR,2000,1,1,1,1
q-fin.TR,2000,2,6,5,82
q-fin.TR,2000,3,2,2,10
q-fin.TR,2000,4,7,6,128
q-fin.TR,2001,1,8,6,547
q-fin.TR,2001,2,10,10,591
q-fin.TR,2001,3,5,5,63
q-fin.TR,2001,4,4,4,204
q-fin.TR,2002,1,6,5,592
q-fin.TR,2002,2,4,4,60
q-fin.TR,2002,3,6,6,174
q-fin.TR,2002,4,7,6,464
q-fin.TR,2003,1,2,2,29
q-fin.TR,2003,2,3,3,36
q-fin.TR,2003,3,5,4,72
q-fin.TR,2003,4,10,10,68
q-fin.TR,2004,1,7,7,48
q-fin.TR,2004,2,6,6,62
q-fin.TR,2004,3,3,3,14
q-fin.TR,2004,4,4,3,154
q-fin.TR,2005,1,6,5,108
q-fin.TR,2005,2,8,6,62
q-fin.TR,2005,3,4,4,23
q-fin.TR,2005,4,5,5,32
q-fin.TR,2006,1,8,8,75
q-fin.TR,2006,2,1,1,3
q-fin.TR,2006,3,8,8,142
q-fin.TR,2006,4,4,4,89
q-fin.TR,2007,1,8,8,332
q-fin.TR,2007,2,4,3,15
q-fin.TR,2007,3,8,8,552
q-fin.TR,2007,4,12,12,354
q-fin.TR,2008,1,10,9,114
q-fin.TR,2008,2,7,7,111
q-fin.TR,2008,3,15,14,164
q-fin.TR,2008,4,9,8,109
q-fin.TR,2009,1,12,10,70
q-fin.TR,2009,2,16,15,281
q-fin.TR,2009,3,10,9,294
q-fin.TR,2009,4,6,6,151
q-fin.TR,2010,1,16,16,266
q-fin.TR,2010,2,14,12,114
q-fin.TR,2010,3,16,14,23
q-fin.TR,2010,4,10,10,356
q-fin.TR,2011,1,15,11,115
q-fin.TR,2011,2,15,13,705
q-fin.TR,2011,3,11,8,213
q-fin.TR,2011,4,23,21,364
q-fin.TR,2012,1,13,12,111
q-fin.TR,2012,2,20,19,187
q-fin.TR,2012,3,11,10,56
q-fin.TR,2012,4,22,20,134
q-fin.TR,2013,1,16,13,89
q-fin.TR,2013,2,13,10,73
q-fin.TR,2013,3,15,13,169
q-fin.TR,2013,4,30,28,208
q-fin.TR,2014,1,26,23,480
q-fin.TR,2014,2,16,16,131
q-fin.TR,2014,3,15,12,36
q-fin.TR,2014,4,19,12,35
q-fin.TR,2015,1,17,14,175
q-fin.TR,2015,2,18,17,336
q-fin.TR,2015,3,16,15,171
q-fin.TR,2015,4,19,17,100
q-fin.TR,2016,1,31,25,362
q-fin.TR,2016,2,19,15,145
q-fin.TR,2016,3,21,19,111
q-fin.TR,2016,4,19,16,136
q-fin.TR,2017,1,16,12,141
q-fin.TR,2017,2,17,14,179
q-fin.TR,2017,3,24,20,236
q-fin.TR,2017,4,19,16,74
q-fin.TR,2018,1,17,12,81
q-fin.TR,2018,2,22,14,315
q-fin.TR,2018,3,25,20,198
q-fin.TR,2018,4,31,25,210
q-fin.TR,2019,1,23,19,136
q-fin.TR,2019,2,29,23,217
q-fin.TR,2019,3,34,23,205
q-fin.TR,2019,4,40,32,198
q-fin.TR,2020,1,39,31,139
q-fin.TR,2020,2,43,33,153
q-fin.TR,2020,3,27,22,111
q-fin.TR,2020,4,45,37,92
q-fin.TR,2021,1,43,36,376
q-fin.TR,2021,2,39,33,311
q-fin.TR,2021,3,29,22,27
q-fin.TR,2021,4,46,42,206
q-fin.TR,2022,1,26,25,73
q-fin.TR,2022,2,36,35,24
q-fin.TR,2022,3,31,31,133
q-fin.TR,2022,4,36,36,58
q-fin.TR,2023,1,35,35,42
q-fin.TR,2023,2,35,34,88
q-fin.TR,2023,3,58,57,60
q-fin.TR,2023,4,34,33,25
q-fin.TR,2024,1,41,39,91
q-fin.TR,2024,2,41,39,29
q-fin.TR,2024,3,52,46,42
q-fin.TR,2024,4,61,61,139
q-fin.TR,2025,1,66,55,76
q-fin.TR,2025,2,40,33,1
q-fin.TR,2025,3,62,45,8
q-fin.TR,2025,4,68,59,1
q-fin.TR,2026,1,64,64,0
q-fin.TR,2026,2,102,97,0
q-fin.TR,2026,3,24,0,0
quant-ph,1992,4,3,3,963
quant-ph,1993,1,1,1,3
quant-ph,1994,2,3,3,630
quant-ph,1994,3,5,5,1279
quant-ph,1994,4,32,31,2835
quant-ph,1995,1,100,100,9926
quant-ph,1995,2,105,101,4216
quant-ph,1995,3,90,88,3148
quant-ph,1995,4,142,141,16140
quant-ph,1996,1,119,119,6428
quant-ph,1996,2,158,158,27041
quant-ph,1996,3,137,136,7108
quant-ph,1996,4,190,187,13179
quant-ph,1997,1,185,185,25796
quant-ph,1997,2,206,206,21291
quant-ph,1997,3,222,221,29941
quant-ph,1997,4,243,240,16791
quant-ph,1998,1,286,285,19268
quant-ph,1998,2,299,298,26827
quant-ph,1998,3,325,322,23243
quant-ph,1998,4,345,343,21945
quant-ph,1999,1,349,345,14265
quant-ph,1999,2,407,406,20920
quant-ph,1999,3,371,367,29702
quant-ph,1999,4,456,454,25538
quant-ph,2000,1,446,444,29113
quant-ph,2000,2,454,453,33626
quant-ph,2000,3,458,455,23305
quant-ph,2000,4,496,493,35016
quant-ph,2001,1,547,547,46292
quant-ph,2001,2,540,537,47172
quant-ph,2001,3,545,545,32667
quant-ph,2001,4,632,630,31111
quant-ph,2002,1,579,575,34394
quant-ph,2002,2,654,650,32196
quant-ph,2002,3,648,643,30503
quant-ph,2002,4,668,664,31559
quant-ph,2003,1,691,690,34887
quant-ph,2003,2,710,706,34007
quant-ph,2003,3,754,748,39713
quant-ph,2003,4,750,744,35512
quant-ph,2004,1,755,748,37403
quant-ph,2004,2,759,756,48473
quant-ph,2004,3,805,797,38632
quant-ph,2004,4,810,808,47142
quant-ph,2005,1,725,721,36299
quant-ph,2005,2,886,885,41238
quant-ph,2005,3,867,863,40857
quant-ph,2005,4,924,918,48451
quant-ph,2006,1,869,868,44187
quant-ph,2006,2,856,853,44048
quant-ph,2006,3,832,830,43581
quant-ph,2006,4,946,943,48534
quant-ph,2007,1,951,945,52837
quant-ph,2007,2,897,893,45824
quant-ph,2007,3,873,869,46672
quant-ph,2007,4,903,898,37965
quant-ph,2008,1,888,884,48134
quant-ph,2008,2,943,939,53611
quant-ph,2008,3,929,919,53153
quant-ph,2008,4,932,923,49625
quant-ph,2009,1,977,972,42930
quant-ph,2009,2,1016,1009,48548
quant-ph,2009,3,1015,1012,56872
quant-ph,2009,4,1068,1060,58195
quant-ph,2010,1,1075,1063,52091
quant-ph,2010,2,1232,1219,66405
quant-ph,2010,3,1273,1260,75045
quant-ph,2010,4,1287,1277,55720
quant-ph,2011,1,1296,1283,69690
quant-ph,2011,2,1332,1320,67807
quant-ph,2011,3,1336,1330,63068
quant-ph,2011,4,1469,1457,69428
quant-ph,2012,1,1337,1319,58762
quant-ph,2012,2,1579,1566,78820
quant-ph,2012,3,1515,1501,66279
quant-ph,2012,4,1511,1495,69536
quant-ph,2013,1,1444,1431,69294
quant-ph,2013,2,1538,1521,84865
quant-ph,2013,3,1487,1469,70540
quant-ph,2013,4,1501,1483,63516
quant-ph,2014,1,1497,1476,67310
quant-ph,2014,2,1514,1490,65162
quant-ph,2014,3,1611,1587,65750
quant-ph,2014,4,1614,1588,62739
quant-ph,2015,1,1607,1570,60010
quant-ph,2015,2,1626,1581,60397
quant-ph,2015,3,1591,1558,65984
quant-ph,2015,4,1667,1622,73207
quant-ph,2016,1,1584,1553,67412
quant-ph,2016,2,1663,1626,64923
quant-ph,2016,3,1792,1756,75388
quant-ph,2016,4,1700,1674,77723
quant-ph,2017,1,1710,1685,52631
quant-ph,2017,2,1760,1731,61158
quant-ph,2017,3,1719,1673,72349
quant-ph,2017,4,1847,1798,64244
quant-ph,2018,1,1769,1719,80995
quant-ph,2018,2,1906,1867,77730
quant-ph,2018,3,1821,1797,67845
quant-ph,2018,4,1975,1928,75149
quant-ph,2019,1,1833,1801,72806
quant-ph,2019,2,2125,2065,73971
quant-ph,2019,3,2136,2067,68260
quant-ph,2019,4,2209,2143,77238
quant-ph,2020,1,2071,2015,66656
quant-ph,2020,2,2385,2318,64144
quant-ph,2020,3,2314,2256,52845
quant-ph,2020,4,2546,2483,60848
quant-ph,2021,1,2371,2314,47914
quant-ph,2021,2,2559,2490,39412
quant-ph,2021,3,2528,2464,34710
quant-ph,2021,4,2823,2787,34231
quant-ph,2022,1,2543,2507,16427
quant-ph,2022,2,2659,2628,13865
quant-ph,2022,3,2726,2692,6772
quant-ph,2022,4,2981,2928,5904
quant-ph,2023,1,2748,2704,6024
quant-ph,2023,2,2968,2918,4722
quant-ph,2023,3,3007,2966,4328
quant-ph,2023,4,3241,3199,4737
quant-ph,2024,1,3160,3098,9736
quant-ph,2024,2,3419,3373,4536
quant-ph,2024,3,3395,3292,3311
quant-ph,2024,4,3771,3683,3742
quant-ph,2025,1,3466,3022,2847
quant-ph,2025,2,3926,3498,2154
quant-ph,2025,3,4051,2990,1098
quant-ph,2025,4,4549,4057,437
quant-ph,2026,1,4289,4286,472
quant-ph,2026,2,5116,4740,200
quant-ph,2026,3,987,0,0
solv-int,1991,4,3,3,207
solv-int,1992,1,1,1,5
solv-int,1992,2,3,3,381
solv-int,1992,3,5,5,388
solv-int,1992,4,9,9,2687
solv-int,1993,1,5,5,71
solv-int,1993,2,26,26,1421
solv-int,1993,3,18,18,309
solv-int,1993,4,18,18,482
solv-int,1994,1,25,25,602
solv-int,1994,2,16,16,759
solv-int,1994,3,23,23,700
solv-int,1994,4,28,28,583
solv-int,1995,1,24,24,595
solv-int,1995,2,23,23,1375
solv-int,1995,3,37,37,1561
solv-int,1995,4,38,38,1283
solv-int,1996,1,28,28,964
solv-int,1996,2,48,48,1306
solv-int,1996,3,45,45,1286
solv-int,1996,4,51,51,1708
solv-int,1997,1,57,57,1454
solv-int,1997,2,66,66,1250
solv-int,1997,3,66,64,3533
solv-int,1997,4,91,91,1808
solv-int,1998,1,88,88,1504
solv-int,1998,2,78,78,2505
solv-int,1998,3,75,74,1671
solv-int,1998,4,103,103,2072
solv-int,1999,1,83,82,2231
solv-int,1999,2,78,78,2045
solv-int,1999,3,86,85,1841
solv-int,1999,4,68,67,1198
stat.AP,2002,1,1,1,289
stat.AP,2004,4,1,1,4
stat.AP,2005,3,1,1,0
stat.AP,2006,2,1,1,1
stat.AP,2006,3,1,1,8
stat.AP,2006,4,3,3,849
stat.AP,2007,1,3,3,45
stat.AP,2007,2,27,26,9771
stat.AP,2007,3,45,42,2912
stat.AP,2007,4,56,55,1651
stat.AP,2008,1,67,67,2287
stat.AP,2008,2,65,65,2131
stat.AP,2008,3,67,65,1232
stat.AP,2008,4,49,49,6080
stat.AP,2009,1,58,58,3266
stat.AP,2009,2,53,51,1976
stat.AP,2009,3,69,68,5267
stat.AP,2009,4,46,45,1462
stat.AP,2010,1,49,45,697
stat.AP,2010,2,65,63,2370
stat.AP,2010,3,75,74,1929
stat.AP,2010,4,146,145,6012
stat.AP,2011,1,97,95,3779
stat.AP,2011,2,115,113,9415
stat.AP,2011,3,112,109,4035
stat.AP,2011,4,117,113,8648
stat.AP,2012,1,140,133,6322
stat.AP,2012,2,150,148,3525
stat.AP,2012,3,159,153,3556
stat.AP,2012,4,165,160,4244
stat.AP,2013,1,179,167,3792
stat.AP,2013,2,163,159,5044
stat.AP,2013,3,135,126,2447
stat.AP,2013,4,198,187,5718
stat.AP,2014,1,205,194,2607
stat.AP,2014,2,159,154,3474
stat.AP,2014,3,162,161,4924
stat.AP,2014,4,191,178,4209
stat.AP,2015,1,212,200,4709
stat.AP,2015,2,176,163,4585
stat.AP,2015,3,226,214,4936
stat.AP,2015,4,192,174,9188
stat.AP,2016,1,260,244,5688
stat.AP,2016,2,211,198,6302
stat.AP,2016,3,231,208,6984
stat.AP,2016,4,250,236,3482
stat.AP,2017,1,245,232,6318
stat.AP,2017,2,280,252,4410
stat.AP,2017,3,292,264,4838
stat.AP,2017,4,310,290,3126
stat.AP,2018,1,330,302,4975
stat.AP,2018,2,335,303,3939
stat.AP,2018,3,314,288,2900
stat.AP,2018,4,343,311,3292
stat.AP,2019,1,337,308,5371
stat.AP,2019,2,454,422,3324
stat.AP,2019,3,438,400,4661
stat.AP,2019,4,494,453,3620
stat.AP,2020,1,462,425,6098
stat.AP,2020,2,600,559,6792
stat.AP,2020,3,568,534,5005
stat.AP,2020,4,565,532,3911
stat.AP,2021,1,533,498,3102
stat.AP,2021,2,519,495,3006
stat.AP,2021,3,442,421,1537
stat.AP,2021,4,521,509,1705
stat.AP,2022,1,507,504,1656
stat.AP,2022,2,447,439,1532
stat.AP,2022,3,472,467,1194
stat.AP,2022,4,514,503,776
stat.AP,2023,1,491,486,645
stat.AP,2023,2,512,505,715
stat.AP,2023,3,432,427,512
stat.AP,2023,4,565,561,365
stat.AP,2024,1,503,495,1045
stat.AP,2024,2,553,539,488
stat.AP,2024,3,525,495,389
stat.AP,2024,4,599,583,655
stat.AP,2025,1,613,486,213
stat.AP,2025,2,665,546,113
stat.AP,2025,3,624,415,140
stat.AP,2025,4,676,592,39
stat.AP,2026,1,655,654,28
stat.AP,2026,2,775,725,69
stat.AP,2026,3,95,0,0
stat.CO,2006,1,1,1,0
stat.CO,2006,4,1,1,3
stat.CO,2007,1,1,1,272
stat.CO,2007,2,12,12,110
stat.CO,2007,3,18,17,2881
stat.CO,2007,4,25,25,1018
stat.CO,2008,1,21,21,2321
stat.CO,2008,2,25,25,1397
stat.CO,2008,3,26,26,1574
stat.CO,2008,4,19,19,517
stat.CO,2009,1,27,27,2050
stat.CO,2009,2,27,27,1388
stat.CO,2009,3,38,37,3738
stat.CO,2009,4,30,29,590
stat.CO,2010,1,38,36,590
stat.CO,2010,2,47,45,1610
stat.CO,2010,3,37,37,677
stat.CO,2010,4,48,47,917
stat.CO,2011,1,37,36,658
stat.CO,2011,2,42,39,231
stat.CO,2011,3,48,45,1274
stat.CO,2011,4,66,63,2755
stat.CO,2012,1,68,66,12989
stat.CO,2012,2,77,76,5620
stat.CO,2012,3,65,63,1586
stat.CO,2012,4,82,80,1511
stat.CO,2013,1,75,72,963
stat.CO,2013,2,73,71,2030
stat.CO,2013,3,87,83,1638
stat.CO,2013,4,82,78,2113
stat.CO,2014,1,104,100,2627
stat.CO,2014,2,97,87,1105
stat.CO,2014,3,80,75,3061
stat.CO,2014,4,119,109,16831
stat.CO,2015,1,125,117,3772
stat.CO,2015,2,130,124,5497
stat.CO,2015,3,136,110,12369
stat.CO,2015,4,109,96,5513
stat.CO,2016,1,102,90,5228
stat.CO,2016,2,120,102,1817
stat.CO,2016,3,121,110,1731
stat.CO,2016,4,114,101,1585
stat.CO,2017,1,135,126,2107
stat.CO,2017,2,153,136,3931
stat.CO,2017,3,158,147,2385
stat.CO,2017,4,157,147,1982
stat.CO,2018,1,136,128,2839
stat.CO,2018,2,154,130,1030
stat.CO,2018,3,134,119,937
stat.CO,2018,4,154,138,1258
stat.CO,2019,1,147,137,3375
stat.CO,2019,2,208,189,3727
stat.CO,2019,3,176,154,1219
stat.CO,2019,4,200,182,2441
stat.CO,2020,1,198,186,1661
stat.CO,2020,2,238,222,24210
stat.CO,2020,3,201,187,1552
stat.CO,2020,4,224,212,997
stat.CO,2021,1,207,197,879
stat.CO,2021,2,246,234,1573
stat.CO,2021,3,180,175,603
stat.CO,2021,4,209,200,453
stat.CO,2022,1,207,203,326
stat.CO,2022,2,203,200,692
stat.CO,2022,3,210,208,211
stat.CO,2022,4,211,207,215
stat.CO,2023,1,192,192,952
stat.CO,2023,2,178,173,331
stat.CO,2023,3,178,176,112
stat.CO,2023,4,193,189,149
stat.CO,2024,1,214,206,373
stat.CO,2024,2,242,232,98
stat.CO,2024,3,219,210,150
stat.CO,2024,4,268,254,86
stat.CO,2025,1,246,196,44
stat.CO,2025,2,247,207,60
stat.CO,2025,3,222,162,11
stat.CO,2025,4,288,246,7
stat.CO,2026,1,269,268,7
stat.CO,2026,2,351,331,10
stat.CO,2026,3,38,0,0
stat.ME,2005,1,1,1,1
stat.ME,2005,2,1,1,464
stat.ME,2005,4,1,1,11
stat.ME,2006,3,1,1,67
stat.ME,2006,4,5,5,137
stat.ME,2007,1,6,6,446
stat.ME,2007,2,31,30,11087
stat.ME,2007,3,86,86,3543
stat.ME,2007,4,77,76,2597
stat.ME,2008,1,81,80,1907
stat.ME,2008,2,87,87,6394
stat.ME,2008,3,81,80,2585
stat.ME,2008,4,54,54,1622
stat.ME,2009,1,67,67,4018
stat.ME,2009,2,71,71,2533
stat.ME,2009,3,68,68,4700
stat.ME,2009,4,89,88,5112
stat.ME,2010,1,91,86,2150
stat.ME,2010,2,93,90,1647
stat.ME,2010,3,74,73,2537
stat.ME,2010,4,123,119,12680
stat.ME,2011,1,115,114,8140
stat.ME,2011,2,136,132,3461
stat.ME,2011,3,127,123,1909
stat.ME,2011,4,109,107,2381
stat.ME,2012,1,161,159,6111
stat.ME,2012,2,210,204,4551
stat.ME,2012,3,157,151,4555
stat.ME,2012,4,200,195,4314
stat.ME,2013,1,175,169,4647
stat.ME,2013,2,207,199,5450
stat.ME,2013,3,204,197,3735
stat.ME,2013,4,250,239,6217
stat.ME,2014,1,244,230,5815
stat.ME,2014,2,285,272,5174
stat.ME,2014,3,201,185,2273
stat.ME,2014,4,306,284,6124
stat.ME,2015,1,281,262,7143
stat.ME,2015,2,314,282,7046
stat.ME,2015,3,332,303,11512
stat.ME,2015,4,344,312,9469
stat.ME,2016,1,326,303,4970
stat.ME,2016,2,380,342,7205
stat.ME,2016,3,341,307,6265
stat.ME,2016,4,368,340,4757
stat.ME,2017,1,364,338,5685
stat.ME,2017,2,383,340,5268
stat.ME,2017,3,422,382,7452
stat.ME,2017,4,510,448,5621
stat.ME,2018,1,458,397,6264
stat.ME,2018,2,455,420,4834
stat.ME,2018,3,419,376,4651
stat.ME,2018,4,444,389,2762
stat.ME,2019,1,434,394,6286
stat.ME,2019,2,554,507,3241
stat.ME,2019,3,531,480,2984
stat.ME,2019,4,654,590,3174
stat.ME,2020,1,567,514,4191
stat.ME,2020,2,769,713,4531
stat.ME,2020,3,719,665,3505
stat.ME,2020,4,763,715,7309
stat.ME,2021,1,711,662,2564
stat.ME,2021,2,804,763,2825
stat.ME,2021,3,710,687,2266
stat.ME,2021,4,790,762,1704
stat.ME,2022,1,775,759,1491
stat.ME,2022,2,796,787,1762
stat.ME,2022,3,815,804,1509
stat.ME,2022,4,849,838,932
stat.ME,2023,1,821,810,1523
stat.ME,2023,2,916,905,892
stat.ME,2023,3,792,780,755
stat.ME,2023,4,959,947,559
stat.ME,2024,1,982,954,1262
stat.ME,2024,2,1000,969,375
stat.ME,2024,3,880,834,1565
stat.ME,2024,4,1032,979,209
stat.ME,2025,1,1001,778,165
stat.ME,2025,2,1106,895,94
stat.ME,2025,3,1124,762,178
stat.ME,2025,4,1270,1081,30
stat.ME,2026,1,1307,1303,56
stat.ME,2026,2,1670,1556,75
stat.ME,2026,3,240,0,0
stat.ML,2002,1,1,1,330
stat.ML,2004,1,1,1,11
stat.ML,2004,3,1,1,88
stat.ML,2005,3,1,1,34
stat.ML,2007,1,2,2,49
stat.ML,2007,2,11,10,2173
stat.ML,2007,3,12,12,1124
stat.ML,2007,4,18,18,1625
stat.ML,2008,1,22,21,462
stat.ML,2008,2,25,25,2411
stat.ML,2008,3,21,20,1583
stat.ML,2008,4,34,34,4611
stat.ML,2009,1,32,30,1343
stat.ML,2009,2,24,24,1111
stat.ML,2009,3,49,49,5263
stat.ML,2009,4,58,56,3118
stat.ML,2010,1,43,40,2972
stat.ML,2010,2,70,69,3667
stat.ML,2010,3,56,56,3238
stat.ML,2010,4,82,74,4518
stat.ML,2011,1,83,80,4157
stat.ML,2011,2,124,118,9880
stat.ML,2011,3,101,95,6556
stat.ML,2011,4,124,118,10068
stat.ML,2012,1,200,192,6836
stat.ML,2012,2,416,405,25497
stat.ML,2012,3,212,201,10029
stat.ML,2012,4,323,308,10276
stat.ML,2013,1,334,319,18557
stat.ML,2013,2,248,233,10796
stat.ML,2013,3,237,215,9672
stat.ML,2013,4,368,343,44758
stat.ML,2014,1,301,283,14771
stat.ML,2014,2,332,310,21381
stat.ML,2014,3,290,272,25836
stat.ML,2014,4,436,415,31366
stat.ML,2015,1,398,374,31879
stat.ML,2015,2,484,463,26528
stat.ML,2015,3,428,398,22507
stat.ML,2015,4,513,467,20608
stat.ML,2016,1,536,488,22916
stat.ML,2016,2,694,633,36449
stat.ML,2016,3,560,502,35534
stat.ML,2016,4,853,801,55662
stat.ML,2017,1,833,796,45516
stat.ML,2017,2,981,900,72192
stat.ML,2017,3,866,779,48126
stat.ML,2017,4,1372,1272,68109
stat.ML,2018,1,1465,1343,84939
stat.ML,2018,2,2239,2063,87275
stat.ML,2018,3,1966,1832,77325
stat.ML,2018,4,2726,2538,89185
stat.ML,2019,1,2570,2359,91884
stat.ML,2019,2,3674,3355,100971
stat.ML,2019,3,2833,2587,70464
stat.ML,2019,4,3674,3382,97303
stat.ML,2020,1,3547,3308,81001
stat.ML,2020,2,4181,3878,92094
stat.ML,2020,3,3180,2975,55686
stat.ML,2020,4,1860,1750,28696
stat.ML,2021,1,1376,1313,13422
stat.ML,2021,2,1515,1444,15679
stat.ML,2021,3,958,924,6466
stat.ML,2021,4,1379,1335,7336
stat.ML,2022,1,1305,1289,6759
stat.ML,2022,2,1409,1397,6363
stat.ML,2022,3,991,979,3618
stat.ML,2022,4,1284,1271,3449
stat.ML,2023,1,1327,1311,3067
stat.ML,2023,2,1497,1483,2956
stat.ML,2023,3,1021,1010,1088
stat.ML,2023,4,1487,1475,1813
stat.ML,2024,1,1406,1370,1447
stat.ML,2024,2,1575,1541,1473
stat.ML,2024,3,1148,1071,662
stat.ML,2024,4,1779,1720,693
stat.ML,2025,1,1598,1301,258
stat.ML,2025,2,1782,1494,169
stat.ML,2025,3,1305,837,80
stat.ML,2025,4,1706,1418,61
stat.ML,2026,1,1689,1688,23
stat.ML,2026,2,2054,1930,466
stat.ML,2026,3,268,0,0
stat.OT,2008,3,1,1,0
stat.OT,2010,2,4,4,31
stat.OT,2010,3,9,8,65
stat.OT,2010,4,7,7,7
stat.OT,2011,1,5,5,64
stat.OT,2011,2,10,10,304
stat.OT,2011,3,12,11,101
stat.OT,2011,4,13,13,153
stat.OT,2012,1,15,15,68
stat.OT,2012,2,19,19,122
stat.OT,2012,3,18,17,393
stat.OT,2012,4,8,8,500
stat.OT,2013,1,7,6,23
stat.OT,2013,2,7,7,42
stat.OT,2013,3,6,5,17
stat.OT,2013,4,12,12,150
stat.OT,2014,1,16,14,73
stat.OT,2014,2,15,15,177
stat.OT,2014,3,13,12,118
stat.OT,2014,4,23,23,521
stat.OT,2015,1,21,21,335
stat.OT,2015,2,14,14,175
stat.OT,2015,3,26,25,161
stat.OT,2015,4,14,13,140
stat.OT,2016,1,17,14,298
stat.OT,2016,2,21,18,237
stat.OT,2016,3,15,11,458
stat.OT,2016,4,17,15,54
stat.OT,2017,1,21,21,107
stat.OT,2017,2,27,27,237
stat.OT,2017,3,22,20,56
stat.OT,2017,4,25,24,152
stat.OT,2018,1,31,28,482
stat.OT,2018,2,24,22,361
stat.OT,2018,3,23,20,67
stat.OT,2018,4,30,28,190
stat.OT,2019,1,33,32,108
stat.OT,2019,2,38,36,737
stat.OT,2019,3,40,38,286
stat.OT,2019,4,37,37,248
stat.OT,2020,1,46,45,697
stat.OT,2020,2,41,39,1682
stat.OT,2020,3,43,39,407
stat.OT,2020,4,36,34,175
stat.OT,2021,1,45,41,80
stat.OT,2021,2,36,34,360
stat.OT,2021,3,31,30,389
stat.OT,2021,4,18,17,13
stat.OT,2022,1,28,28,44
stat.OT,2022,2,37,36,34
stat.OT,2022,3,24,22,16
stat.OT,2022,4,31,31,15
stat.OT,2023,1,26,26,89
stat.OT,2023,2,42,42,37
stat.OT,2023,3,37,37,17
stat.OT,2023,4,30,30,13
stat.OT,2024,1,30,30,29
stat.OT,2024,2,30,30,13
stat.OT,2024,3,38,37,56
stat.OT,2024,4,32,32,9
stat.OT,2025,1,44,34,17
stat.OT,2025,2,43,37,11
stat.OT,2025,3,42,30,3
stat.OT,2025,4,58,52,7
stat.OT,2026,1,59,59,0
stat.OT,2026,2,53,53,0
stat.OT,2026,3,5,0,0
stat.TH,1994,2,1,1,2
stat.TH,1997,1,1,1,9
stat.TH,1998,3,1,1,213
stat.TH,1999,1,1,1,3
stat.TH,1999,4,1,1,3
stat.TH,2000,1,2,2,16
stat.TH,2000,2,1,1,0
stat.TH,2000,3,4,4,118
stat.TH,2000,4,2,1,2
stat.TH,2001,1,1,1,11
stat.TH,2001,2,3,3,6
stat.TH,2001,3,3,3,31
stat.TH,2001,4,10,9,142
stat.TH,2002,1,4,4,11
stat.TH,2002,2,5,5,24
stat.TH,2002,3,3,3,8
stat.TH,2002,4,12,12,67
stat.TH,2003,1,4,4,39
stat.TH,2003,2,17,17,125
stat.TH,2003,3,7,6,236
stat.TH,2003,4,9,9,157
stat.TH,2004,1,7,7,411
stat.TH,2004,2,69,69,99652
stat.TH,2004,3,23,22,547
stat.TH,2004,4,60,60,3091
stat.TH,2005,1,58,58,1810
stat.TH,2005,2,80,80,5798
stat.TH,2005,3,113,112,7605
stat.TH,2005,4,52,52,1222
stat.TH,2006,1,99,97,3984
stat.TH,2006,2,107,106,4339
stat.TH,2006,3,119,119,7265
stat.TH,2006,4,182,181,7989
stat.TH,2007,1,171,168,7486
stat.TH,2007,2,93,85,6925
stat.TH,2007,3,170,169,6861
stat.TH,2007,4,145,140,4752
stat.TH,2008,1,185,178,11745
stat.TH,2008,2,200,199,8767
stat.TH,2008,3,130,123,4521
stat.TH,2008,4,152,146,2704
stat.TH,2009,1,154,149,8499
stat.TH,2009,2,145,139,4461
stat.TH,2009,3,185,179,11540
stat.TH,2009,4,145,136,4634
stat.TH,2010,1,192,184,10589
stat.TH,2010,2,124,114,3150
stat.TH,2010,3,133,122,4488
stat.TH,2010,4,212,202,11429
stat.TH,2011,1,207,196,5153
stat.TH,2011,2,212,194,5274
stat.TH,2011,3,204,189,3429
stat.TH,2011,4,227,204,5106
stat.TH,2012,1,238,228,5521
stat.TH,2012,2,271,251,7259
stat.TH,2012,3,212,199,7201
stat.TH,2012,4,250,239,8345
stat.TH,2013,1,260,239,6225
stat.TH,2013,2,235,221,5548
stat.TH,2013,3,236,215,4660
stat.TH,2013,4,291,270,6101
stat.TH,2014,1,264,236,3589
stat.TH,2014,2,288,266,4998
stat.TH,2014,3,243,218,3481
stat.TH,2014,4,307,275,4071
stat.TH,2015,1,278,249,3098
stat.TH,2015,2,306,263,3305
stat.TH,2015,3,311,258,2696
stat.TH,2015,4,298,249,6429
stat.TH,2016,1,301,251,4226
stat.TH,2016,2,283,231,2382
stat.TH,2016,3,279,236,2052
stat.TH,2016,4,343,295,2434
stat.TH,2017,1,268,243,1820
stat.TH,2017,2,337,292,3605
stat.TH,2017,3,309,256,2347
stat.TH,2017,4,355,300,2954
stat.TH,2018,1,323,266,2344
stat.TH,2018,2,321,276,2158
stat.TH,2018,3,301,255,1959
stat.TH,2018,4,375,325,2045
stat.TH,2019,1,378,325,2012
stat.TH,2019,2,466,406,2319
stat.TH,2019,3,407,356,2289
stat.TH,2019,4,468,414,1974
stat.TH,2020,1,456,412,1864
stat.TH,2020,2,501,449,2073
stat.TH,2020,3,457,411,1576
stat.TH,2020,4,516,485,1726
stat.TH,2021,1,461,430,1303
stat.TH,2021,2,481,454,2070
stat.TH,2021,3,454,428,1378
stat.TH,2021,4,514,493,799
stat.TH,2022,1,410,399,507
stat.TH,2022,2,496,488,774
stat.TH,2022,3,501,492,468
stat.TH,2022,4,544,537,428
stat.TH,2023,1,472,464,378
stat.TH,2023,2,505,496,299
stat.TH,2023,3,437,428,415
stat.TH,2023,4,528,523,196
stat.TH,2024,1,570,544,369
stat.TH,2024,2,577,556,251
stat.TH,2024,3,486,453,118
stat.TH,2024,4,540,508,133
stat.TH,2025,1,578,459,65
stat.TH,2025,2,618,510,36
stat.TH,2025,3,549,378,26
stat.TH,2025,4,721,624,13
stat.TH,2026,1,745,741,28
stat.TH,2026,2,858,793,59
stat.TH,2026,3,142,0,0
supr-con,1994,4,13,13,923
supr-con,1995,1,22,22,1619
supr-con,1995,2,20,20,1598
supr-con,1995,3,35,34,1575
supr-con,1995,4,18,18,610
supr-con,1996,1,13,13,697
supr-con,1996,2,22,22,1282
supr-con,1996,3,32,32,1064
