category,year,quarter,citations_received
acc-phys,1995,0,1
acc-phys,1995,3,1
acc-phys,1996,0,4
acc-phys,1996,2,1
acc-phys,1996,3,2
acc-phys,1996,4,3
acc-phys,1997,0,2
acc-phys,1997,1,2
acc-phys,1997,3,1
acc-phys,1997,4,1
acc-phys,1998,0,4
acc-phys,1998,1,2
acc-phys,1998,2,1
acc-phys,1998,3,1
acc-phys,1998,4,2
acc-phys,1999,1,1
acc-phys,1999,2,4
acc-phys,1999,3,3
acc-phys,1999,4,2
acc-phys,2000,0,4
acc-phys,2000,1,4
acc-phys,2000,2,2
acc-phys,2000,3,1
acc-phys,2000,4,3
acc-phys,2001,0,6
acc-phys,2001,2,1
acc-phys,2001,4,3
acc-phys,2002,0,5
acc-phys,2002,1,2
acc-phys,2002,2,1
acc-phys,2002,4,16
acc-phys,2003,0,4
acc-phys,2003,1,5
acc-phys,2003,2,4
acc-phys,2003,3,5
acc-phys,2003,4,3
acc-phys,2004,1,3
acc-phys,2004,2,4
acc-phys,2004,3,4
acc-phys,2004,4,5
acc-phys,2005,0,2
acc-phys,2005,1,1
acc-phys,2005,2,4
acc-phys,2005,3,4
acc-phys,2005,4,2
acc-phys,2006,0,5
acc-phys,2006,1,9
acc-phys,2006,2,3
acc-phys,2006,3,4
acc-phys,2006,4,4
acc-phys,2007,0,2
acc-phys,2007,1,3
acc-phys,2007,2,4
acc-phys,2007,3,5
acc-phys,2007,4,2
acc-phys,2008,0,1
acc-phys,2008,1,3
acc-phys,2008,3,2
acc-phys,2008,4,1
acc-phys,2009,2,2
acc-phys,2009,4,1
acc-phys,2010,3,1
acc-phys,2010,4,1
acc-phys,2011,0,1
acc-phys,2011,1,1
acc-phys,2011,2,2
acc-phys,2011,3,2
acc-phys,2012,0,1
acc-phys,2012,2,1
acc-phys,2012,3,2
acc-phys,2012,4,3
acc-phys,2013,1,2
acc-phys,2013,2,1
acc-phys,2013,3,1
acc-phys,2013,4,1
acc-phys,2014,0,2
acc-phys,2014,1,5
acc-phys,2014,2,2
acc-phys,2014,3,1
acc-phys,2014,4,2
acc-phys,2015,0,1
acc-phys,2015,1,3
acc-phys,2015,2,3
acc-phys,2015,3,1
acc-phys,2015,4,3
acc-phys,2016,0,3
acc-phys,2016,1,1
acc-phys,2016,2,2
acc-phys,2016,3,3
acc-phys,2016,4,3
acc-phys,2017,1,2
acc-phys,2017,3,1
acc-phys,2018,1,2
acc-phys,2018,2,3
acc-phys,2019,0,1
acc-phys,2019,1,1
acc-phys,2019,2,2
acc-phys,2020,1,1
acc-phys,2020,2,2
acc-phys,2020,3,1
acc-phys,2020,4,2
acc-phys,2021,0,2
acc-phys,2021,1,7
acc-phys,2021,2,4
acc-phys,2021,3,3
acc-phys,2021,4,3
acc-phys,2022,0,1
acc-phys,2022,1,6
acc-phys,2022,2,1
acc-phys,2022,3,1
acc-phys,2022,4,4
acc-phys,2023,0,1
acc-phys,2023,1,1
acc-phys,2023,3,4
acc-phys,2023,4,3
acc-phys,2024,0,2
acc-phys,2024,1,2
acc-phys,2024,2,4
acc-phys,2024,3,2
acc-phys,2024,4,2
acc-phys,2025,1,2
acc-phys,2025,2,1
acc-phys,2025,3,3
acc-phys,2025,4,5
acc-phys,2026,0,1
acc-phys,2026,1,2
acc-phys,2026,2,2
adap-org,1923,0,3
adap-org,1967,3,1
adap-org,1969,4,1
adap-org,1970,0,2
adap-org,1982,3,3
adap-org,1984,0,1
adap-org,1984,4,1
adap-org,1985,2,1
adap-org,1988,0,1
adap-org,1992,0,1
adap-org,1992,4,2
adap-org,1993,0,3
adap-org,1993,2,4
adap-org,1993,3,1
adap-org,1993,4,3
adap-org,1994,0,10
adap-org,1994,1,5
adap-org,1994,2,4
adap-org,1994,3,17
adap-org,1994,4,10
adap-org,1995,0,39
adap-org,1995,1,17
adap-org,1995,2,20
adap-org,1995,3,31
adap-org,1995,4,44
adap-org,1996,0,54
adap-org,1996,1,36
adap-org,1996,2,40
adap-org,1996,3,88
adap-org,1996,4,105
adap-org,1997,0,90
adap-org,1997,1,83
adap-org,1997,2,134
adap-org,1997,3,123
adap-org,1997,4,180
adap-org,1998,0,132
adap-org,1998,1,121
adap-org,1998,2,194
adap-org,1998,3,209
adap-org,1998,4,145
adap-org,1999,0,224
adap-org,1999,1,125
adap-org,1999,2,174
adap-org,1999,3,269
adap-org,1999,4,197
adap-org,2000,0,272
adap-org,2000,1,186
adap-org,2000,2,214
adap-org,2000,3,267
adap-org,2000,4,377
adap-org,2001,0,259
adap-org,2001,1,268
adap-org,2001,2,300
adap-org,2001,3,358
adap-org,2001,4,394
adap-org,2002,0,358
adap-org,2002,1,292
adap-org,2002,2,312
adap-org,2002,3,298
adap-org,2002,4,476
adap-org,2003,0,423
adap-org,2003,1,290
adap-org,2003,2,377
adap-org,2003,3,302
adap-org,2003,4,374
adap-org,2004,0,474
adap-org,2004,1,385
adap-org,2004,2,472
adap-org,2004,3,464
adap-org,2004,4,398
adap-org,2005,0,547
adap-org,2005,1,401
adap-org,2005,2,450
adap-org,2005,3,424
adap-org,2005,4,482
adap-org,2006,0,640
adap-org,2006,1,494
adap-org,2006,2,465
adap-org,2006,3,452
adap-org,2006,4,591
adap-org,2007,0,490
adap-org,2007,1,479
adap-org,2007,2,738
adap-org,2007,3,635
adap-org,2007,4,551
adap-org,2008,0,592
adap-org,2008,1,460
adap-org,2008,2,604
adap-org,2008,3,575
adap-org,2008,4,657
adap-org,2009,0,988
adap-org,2009,1,501
adap-org,2009,2,645
adap-org,2009,3,595
adap-org,2009,4,615
adap-org,2010,0,700
adap-org,2010,1,450
adap-org,2010,2,612
adap-org,2010,3,655
adap-org,2010,4,649
adap-org,2011,0,797
adap-org,2011,1,434
adap-org,2011,2,682
adap-org,2011,3,715
adap-org,2011,4,755
adap-org,2012,0,747
adap-org,2012,1,497
adap-org,2012,2,642
adap-org,2012,3,629
adap-org,2012,4,730
adap-org,2013,0,875
adap-org,2013,1,535
adap-org,2013,2,633
adap-org,2013,3,756
adap-org,2013,4,664
adap-org,2014,0,662
adap-org,2014,1,581
adap-org,2014,2,646
adap-org,2014,3,743
adap-org,2014,4,763
adap-org,2015,0,644
adap-org,2015,1,541
adap-org,2015,2,635
adap-org,2015,3,745
adap-org,2015,4,700
adap-org,2016,0,547
adap-org,2016,1,533
adap-org,2016,2,662
adap-org,2016,3,663
adap-org,2016,4,663
adap-org,2017,0,559
adap-org,2017,1,550
adap-org,2017,2,582
adap-org,2017,3,661
adap-org,2017,4,697
adap-org,2018,0,544
adap-org,2018,1,514
adap-org,2018,2,693
adap-org,2018,3,720
adap-org,2018,4,694
adap-org,2019,0,502
adap-org,2019,1,512
adap-org,2019,2,678
adap-org,2019,3,580
adap-org,2019,4,686
adap-org,2020,0,412
adap-org,2020,1,542
adap-org,2020,2,626
adap-org,2020,3,656
adap-org,2020,4,645
adap-org,2021,0,428
adap-org,2021,1,569
adap-org,2021,2,692
adap-org,2021,3,665
adap-org,2021,4,576
adap-org,2022,0,344
adap-org,2022,1,513
adap-org,2022,2,673
adap-org,2022,3,511
adap-org,2022,4,499
adap-org,2023,0,292
adap-org,2023,1,429
adap-org,2023,2,530
adap-org,2023,3,489
adap-org,2023,4,549
adap-org,2024,0,300
adap-org,2024,1,469
adap-org,2024,2,501
adap-org,2024,3,485
adap-org,2024,4,457
adap-org,2025,0,303
adap-org,2025,1,372
adap-org,2025,2,444
adap-org,2025,3,427
adap-org,2025,4,494
adap-org,2026,0,148
adap-org,2026,1,375
adap-org,2026,2,306
alg-geom,1947,0,1
alg-geom,1963,0,2
alg-geom,1990,3,1
alg-geom,1992,0,2
alg-geom,1992,1,2
alg-geom,1992,2,2
alg-geom,1992,3,2
alg-geom,1993,0,13
alg-geom,1993,1,6
alg-geom,1993,2,12
alg-geom,1993,3,14
alg-geom,1993,4,21
alg-geom,1994,0,54
alg-geom,1994,1,32
alg-geom,1994,2,56
alg-geom,1994,3,40
alg-geom,1994,4,63
alg-geom,1995,0,102
alg-geom,1995,1,58
alg-geom,1995,2,116
alg-geom,1995,3,76
alg-geom,1995,4,92
alg-geom,1996,0,162
alg-geom,1996,1,151
alg-geom,1996,2,94
alg-geom,1996,3,150
alg-geom,1996,4,191
alg-geom,1997,0,267
alg-geom,1997,1,106
alg-geom,1997,2,158
alg-geom,1997,3,173
alg-geom,1997,4,231
alg-geom,1998,0,336
alg-geom,1998,1,205
alg-geom,1998,2,206
alg-geom,1998,3,214
alg-geom,1998,4,179
alg-geom,1999,0,414
alg-geom,1999,1,197
alg-geom,1999,2,185
alg-geom,1999,3,175
alg-geom,1999,4,177
alg-geom,2000,0,338
alg-geom,2000,1,199
alg-geom,2000,2,199
alg-geom,2000,3,154
alg-geom,2000,4,196
alg-geom,2001,0,324
alg-geom,2001,1,178
alg-geom,2001,2,198
alg-geom,2001,3,187
alg-geom,2001,4,184
alg-geom,2002,0,243
alg-geom,2002,1,148
alg-geom,2002,2,223
alg-geom,2002,3,171
alg-geom,2002,4,204
alg-geom,2003,0,208
alg-geom,2003,1,162
alg-geom,2003,2,237
alg-geom,2003,3,190
alg-geom,2003,4,197
alg-geom,2004,0,190
alg-geom,2004,1,153
alg-geom,2004,2,241
alg-geom,2004,3,137
alg-geom,2004,4,227
alg-geom,2005,0,192
alg-geom,2005,1,173
alg-geom,2005,2,227
alg-geom,2005,3,222
alg-geom,2005,4,194
alg-geom,2006,0,217
alg-geom,2006,1,219
alg-geom,2006,2,223
alg-geom,2006,3,156
alg-geom,2006,4,176
alg-geom,2007,0,208
alg-geom,2007,1,183
alg-geom,2007,2,233
alg-geom,2007,3,212
alg-geom,2007,4,218
alg-geom,2008,0,285
alg-geom,2008,1,160
alg-geom,2008,2,185
alg-geom,2008,3,195
alg-geom,2008,4,179
alg-geom,2009,0,232
alg-geom,2009,1,173
alg-geom,2009,2,163
alg-geom,2009,3,151
alg-geom,2009,4,152
alg-geom,2010,0,239
alg-geom,2010,1,150
alg-geom,2010,2,179
alg-geom,2010,3,168
alg-geom,2010,4,175
alg-geom,2011,0,194
alg-geom,2011,1,190
alg-geom,2011,2,196
alg-geom,2011,3,168
alg-geom,2011,4,232
alg-geom,2012,0,211
alg-geom,2012,1,209
alg-geom,2012,2,216
alg-geom,2012,3,179
alg-geom,2012,4,257
alg-geom,2013,0,220
alg-geom,2013,1,191
alg-geom,2013,2,176
alg-geom,2013,3,190
alg-geom,2013,4,181
alg-geom,2014,0,252
alg-geom,2014,1,180
alg-geom,2014,2,181
alg-geom,2014,3,211
alg-geom,2014,4,255
alg-geom,2015,0,214
alg-geom,2015,1,179
alg-geom,2015,2,227
alg-geom,2015,3,203
alg-geom,2015,4,214
alg-geom,2016,0,142
alg-geom,2016,1,194
alg-geom,2016,2,198
alg-geom,2016,3,384
alg-geom,2016,4,202
alg-geom,2017,0,165
alg-geom,2017,1,164
alg-geom,2017,2,185
alg-geom,2017,3,182
alg-geom,2017,4,225
alg-geom,2018,0,215
alg-geom,2018,1,175
alg-geom,2018,2,204
alg-geom,2018,3,230
alg-geom,2018,4,248
alg-geom,2019,0,136
alg-geom,2019,1,256
alg-geom,2019,2,212
alg-geom,2019,3,175
alg-geom,2019,4,234
alg-geom,2020,0,138
alg-geom,2020,1,172
alg-geom,2020,2,203
alg-geom,2020,3,228
alg-geom,2020,4,251
alg-geom,2021,0,139
alg-geom,2021,1,225
alg-geom,2021,2,252
alg-geom,2021,3,198
alg-geom,2021,4,247
alg-geom,2022,0,142
alg-geom,2022,1,197
alg-geom,2022,2,176
alg-geom,2022,3,155
alg-geom,2022,4,155
alg-geom,2023,0,93
alg-geom,2023,1,160
alg-geom,2023,2,205
alg-geom,2023,3,166
alg-geom,2023,4,172
alg-geom,2024,0,87
alg-geom,2024,1,134
alg-geom,2024,2,162
alg-geom,2024,3,115
alg-geom,2024,4,162
alg-geom,2025,0,85
alg-geom,2025,1,108
alg-geom,2025,2,91
alg-geom,2025,3,161
alg-geom,2025,4,107
alg-geom,2026,0,33
alg-geom,2026,1,98
alg-geom,2026,2,51
ao-sci,1995,1,1
ao-sci,1995,4,2
ao-sci,1996,0,2
ao-sci,1996,3,1
ao-sci,1996,4,1
ao-sci,1997,1,2
ao-sci,1997,2,3
ao-sci,1997,3,4
ao-sci,1998,0,1
ao-sci,1998,1,2
ao-sci,1998,2,6
ao-sci,1998,3,2
ao-sci,1998,4,2
ao-sci,1999,0,6
ao-sci,1999,1,4
ao-sci,1999,2,3
ao-sci,1999,3,6
ao-sci,1999,4,2
ao-sci,2000,0,6
ao-sci,2000,1,7
ao-sci,2000,2,5
ao-sci,2000,3,2
ao-sci,2000,4,1
ao-sci,2001,0,3
ao-sci,2001,1,3
ao-sci,2001,2,3
ao-sci,2001,3,7
ao-sci,2001,4,2
ao-sci,2002,0,4
ao-sci,2002,1,2
ao-sci,2002,2,2
ao-sci,2002,3,5
ao-sci,2002,4,6
ao-sci,2003,0,7
ao-sci,2003,2,1
ao-sci,2003,3,7
ao-sci,2003,4,6
ao-sci,2004,0,3
ao-sci,2004,1,2
ao-sci,2004,2,5
ao-sci,2004,3,4
ao-sci,2004,4,4
ao-sci,2005,0,3
ao-sci,2005,1,5
ao-sci,2005,2,2
ao-sci,2005,3,10
ao-sci,2005,4,2
ao-sci,2006,0,5
ao-sci,2006,1,4
ao-sci,2006,2,5
ao-sci,2006,3,3
ao-sci,2006,4,2
ao-sci,2007,0,5
ao-sci,2007,1,3
ao-sci,2007,2,3
ao-sci,2007,3,3
ao-sci,2007,4,5
ao-sci,2008,0,9
ao-sci,2008,1,4
ao-sci,2008,2,4
ao-sci,2008,3,10
ao-sci,2008,4,3
ao-sci,2009,0,3
ao-sci,2009,1,2
ao-sci,2009,2,4
ao-sci,2009,3,2
ao-sci,2009,4,6
ao-sci,2010,0,2
ao-sci,2010,1,5
ao-sci,2010,3,1
ao-sci,2010,4,3
ao-sci,2011,0,2
ao-sci,2011,1,8
ao-sci,2011,2,5
ao-sci,2011,3,2
ao-sci,2011,4,4
ao-sci,2012,0,1
ao-sci,2012,1,5
ao-sci,2012,2,2
ao-sci,2012,3,3
ao-sci,2012,4,1
ao-sci,2013,0,5
ao-sci,2013,1,4
ao-sci,2013,2,5
ao-sci,2013,3,7
ao-sci,2013,4,6
ao-sci,2014,0,1
ao-sci,2014,1,2
ao-sci,2014,2,6
ao-sci,2014,3,1
ao-sci,2014,4,5
ao-sci,2015,0,1
ao-sci,2015,1,1
ao-sci,2015,2,2
ao-sci,2015,3,2
ao-sci,2015,4,5
ao-sci,2016,0,2
ao-sci,2016,1,4
ao-sci,2016,2,4
ao-sci,2016,3,1
ao-sci,2016,4,6
ao-sci,2017,1,1
ao-sci,2017,2,5
ao-sci,2017,3,3
ao-sci,2018,0,2
ao-sci,2018,1,3
ao-sci,2018,2,3
ao-sci,2018,3,2
ao-sci,2018,4,2
ao-sci,2019,0,1
ao-sci,2019,1,2
ao-sci,2019,2,3
ao-sci,2019,3,2
ao-sci,2019,4,5
ao-sci,2020,0,2
ao-sci,2020,1,4
ao-sci,2020,2,3
ao-sci,2020,3,3
ao-sci,2020,4,2
ao-sci,2021,1,5
ao-sci,2021,2,2
ao-sci,2021,3,6
ao-sci,2021,4,4
ao-sci,2022,1,5
ao-sci,2022,2,5
ao-sci,2022,3,3
ao-sci,2022,4,5
ao-sci,2023,1,1
ao-sci,2023,2,1
ao-sci,2023,3,4
ao-sci,2023,4,4
ao-sci,2024,0,1
ao-sci,2024,1,4
ao-sci,2024,2,4
ao-sci,2024,3,3
ao-sci,2024,4,2
ao-sci,2025,0,1
ao-sci,2025,1,1
ao-sci,2025,2,3
ao-sci,2025,3,1
ao-sci,2025,4,2
ao-sci,2026,0,2
ao-sci,2026,2,1
astro-ph,1848,3,8
astro-ph,1880,4,3
astro-ph,1891,3,1
astro-ph,1900,0,41
astro-ph,1909,1,1
astro-ph,1914,3,1
astro-ph,1928,0,1
astro-ph,1932,2,1
astro-ph,1943,0,2
astro-ph,1946,0,2
astro-ph,1947,0,3
astro-ph,1950,4,8
astro-ph,1962,1,158
astro-ph,1963,3,1
astro-ph,1964,0,2
astro-ph,1964,1,1
astro-ph,1966,0,6
astro-ph,1969,1,1
astro-ph,1969,3,9
astro-ph,1970,0,18
astro-ph,1971,0,1
astro-ph,1971,1,2
astro-ph,1971,3,1
astro-ph,1972,0,11
astro-ph,1972,2,1
astro-ph,1972,4,1
astro-ph,1973,0,3
astro-ph,1973,2,1
astro-ph,1973,4,1
astro-ph,1974,0,6
astro-ph,1975,0,4
astro-ph,1975,1,1
astro-ph,1975,3,3
astro-ph,1975,4,1
astro-ph,1976,0,2
astro-ph,1976,1,1
astro-ph,1976,2,1
astro-ph,1976,3,1
astro-ph,1977,0,1
astro-ph,1977,1,1
astro-ph,1977,2,2
astro-ph,1977,3,3
astro-ph,1978,0,12
astro-ph,1978,1,1
astro-ph,1978,2,9
astro-ph,1979,0,2
astro-ph,1979,1,1
astro-ph,1979,2,2
astro-ph,1979,3,3
astro-ph,1979,4,3
astro-ph,1980,0,3
astro-ph,1980,1,4
astro-ph,1980,2,8
astro-ph,1980,3,4
astro-ph,1980,4,1
astro-ph,1981,0,4
astro-ph,1981,1,3
astro-ph,1981,2,2
astro-ph,1981,3,2
astro-ph,1981,4,5
astro-ph,1982,0,12
astro-ph,1982,1,2
astro-ph,1982,2,8
astro-ph,1982,3,1
astro-ph,1982,4,1
astro-ph,1983,0,9
astro-ph,1983,2,3
astro-ph,1983,3,3
astro-ph,1984,0,17
astro-ph,1984,2,2
astro-ph,1984,3,1
astro-ph,1984,4,2
astro-ph,1985,0,5
astro-ph,1985,1,25
astro-ph,1985,2,10
astro-ph,1985,3,3
astro-ph,1985,4,1
astro-ph,1986,0,27
astro-ph,1986,1,2
astro-ph,1986,2,5
astro-ph,1986,3,5
astro-ph,1986,4,27
astro-ph,1987,0,4
astro-ph,1987,2,24
astro-ph,1987,3,6
astro-ph,1987,4,18
astro-ph,1988,0,23
astro-ph,1988,1,3
astro-ph,1988,2,4
astro-ph,1988,3,4
astro-ph,1988,4,8
astro-ph,1989,0,5
astro-ph,1989,1,5
astro-ph,1989,2,1
astro-ph,1989,3,2
astro-ph,1989,4,2
astro-ph,1990,0,61
astro-ph,1990,1,4
astro-ph,1990,2,1
astro-ph,1990,3,6
astro-ph,1990,4,5
astro-ph,1991,0,12
astro-ph,1991,1,3
astro-ph,1991,2,8
astro-ph,1991,3,9
astro-ph,1991,4,6
astro-ph,1992,0,23
astro-ph,1992,1,3
astro-ph,1992,2,10
astro-ph,1992,3,9
astro-ph,1992,4,30
astro-ph,1993,0,80
astro-ph,1993,1,144
astro-ph,1993,2,64
astro-ph,1993,3,124
astro-ph,1993,4,123
astro-ph,1994,0,226
astro-ph,1994,1,181
astro-ph,1994,2,289
astro-ph,1994,3,318
astro-ph,1994,4,353
astro-ph,1995,0,783
astro-ph,1995,1,365
astro-ph,1995,2,605
astro-ph,1995,3,979
astro-ph,1995,4,985
astro-ph,1996,0,2137
astro-ph,1996,1,743
astro-ph,1996,2,1310
astro-ph,1996,3,1371
astro-ph,1996,4,2016
astro-ph,1997,0,4368
astro-ph,1997,1,2094
astro-ph,1997,2,3323
astro-ph,1997,3,4052
astro-ph,1997,4,4013
astro-ph,1998,0,6232
astro-ph,1998,1,4500
astro-ph,1998,2,6187
astro-ph,1998,3,6735
astro-ph,1998,4,7471
astro-ph,1999,0,11976
astro-ph,1999,1,7198
astro-ph,1999,2,10058
astro-ph,1999,3,11303
astro-ph,1999,4,12715
astro-ph,2000,0,12301
astro-ph,2000,1,10483
astro-ph,2000,2,14104
astro-ph,2000,3,16129
astro-ph,2000,4,16577
astro-ph,2001,0,21176
astro-ph,2001,1,17170
astro-ph,2001,2,21573
astro-ph,2001,3,23784
astro-ph,2001,4,25021
astro-ph,2002,0,19231
astro-ph,2002,1,20405
astro-ph,2002,2,27782
astro-ph,2002,3,31651
astro-ph,2002,4,29694
astro-ph,2003,0,23277
astro-ph,2003,1,30543
astro-ph,2003,2,37142
astro-ph,2003,3,40861
astro-ph,2003,4,40474
astro-ph,2004,0,31201
astro-ph,2004,1,37483
astro-ph,2004,2,42245
astro-ph,2004,3,44821
astro-ph,2004,4,51297
astro-ph,2005,0,24863
astro-ph,2005,1,43269
astro-ph,2005,2,50932
astro-ph,2005,3,54782
astro-ph,2005,4,57820
astro-ph,2006,0,26483
astro-ph,2006,1,59350
astro-ph,2006,2,62956
astro-ph,2006,3,80223
astro-ph,2006,4,68958
astro-ph,2007,0,20401
astro-ph,2007,1,67009
astro-ph,2007,2,70940
astro-ph,2007,3,65106
astro-ph,2007,4,77225
astro-ph,2008,0,27710
astro-ph,2008,1,70852
astro-ph,2008,2,78877
astro-ph,2008,3,79987
astro-ph,2008,4,83408
astro-ph,2009,0,31626
astro-ph,2009,1,80390
astro-ph,2009,2,92140
astro-ph,2009,3,98237
astro-ph,2009,4,94813
astro-ph,2010,0,32284
astro-ph,2010,1,79782
astro-ph,2010,2,85978
astro-ph,2010,3,86208
astro-ph,2010,4,83982
astro-ph,2011,0,28587
astro-ph,2011,1,78768
astro-ph,2011,2,75396
astro-ph,2011,3,86439
astro-ph,2011,4,81055
astro-ph,2012,0,31182
astro-ph,2012,1,72455
astro-ph,2012,2,67805
astro-ph,2012,3,80365
astro-ph,2012,4,105136
astro-ph,2013,0,33756
astro-ph,2013,1,64126
astro-ph,2013,2,70068
astro-ph,2013,3,86438
astro-ph,2013,4,71879
astro-ph,2014,0,24830
astro-ph,2014,1,63285
astro-ph,2014,2,70527
astro-ph,2014,3,68453
astro-ph,2014,4,66384
astro-ph,2015,0,16770
astro-ph,2015,1,57090
astro-ph,2015,2,67414
astro-ph,2015,3,69559
astro-ph,2015,4,64623
astro-ph,2016,0,28702
astro-ph,2016,1,63376
astro-ph,2016,2,62316
astro-ph,2016,3,109221
astro-ph,2016,4,65886
astro-ph,2017,0,24149
astro-ph,2017,1,58495
astro-ph,2017,2,55388
astro-ph,2017,3,59374
astro-ph,2017,4,57147
astro-ph,2018,0,22092
astro-ph,2018,1,60191
astro-ph,2018,2,58249
astro-ph,2018,3,79224
astro-ph,2018,4,57634
astro-ph,2019,0,16890
astro-ph,2019,1,58362
astro-ph,2019,2,57244
astro-ph,2019,3,63387
astro-ph,2019,4,60994
astro-ph,2020,0,13794
astro-ph,2020,1,51962
astro-ph,2020,2,58013
astro-ph,2020,3,62892
astro-ph,2020,4,58448
astro-ph,2021,0,14823
astro-ph,2021,1,54913
astro-ph,2021,2,59727
astro-ph,2021,3,54752
astro-ph,2021,4,60424
astro-ph,2022,0,13144
astro-ph,2022,1,46585
astro-ph,2022,2,51280
astro-ph,2022,3,49866
astro-ph,2022,4,53016
astro-ph,2023,0,10724
astro-ph,2023,1,48015
astro-ph,2023,2,50585
astro-ph,2023,3,55150
astro-ph,2023,4,52190
astro-ph,2024,0,15541
astro-ph,2024,1,48284
astro-ph,2024,2,50476
astro-ph,2024,3,49145
astro-ph,2024,4,52418
astro-ph,2025,0,9360
astro-ph,2025,1,45501
astro-ph,2025,2,54902
astro-ph,2025,3,50715
astro-ph,2025,4,47832
astro-ph,2026,0,3667
astro-ph,2026,1,46088
astro-ph,2026,2,31461
astro-ph.CO,1900,0,189
astro-ph.CO,1962,1,11
astro-ph.CO,1964,1,1
astro-ph.CO,1966,1,1
astro-ph.CO,1969,3,21
astro-ph.CO,1970,0,4
astro-ph.CO,1974,0,1
astro-ph.CO,1978,0,1
astro-ph.CO,1978,4,1
astro-ph.CO,1979,4,2
astro-ph.CO,1980,1,1
astro-ph.CO,1980,2,12
astro-ph.CO,1980,4,1
astro-ph.CO,1982,0,1
astro-ph.CO,1982,4,1
astro-ph.CO,1983,0,1
astro-ph.CO,1983,1,1
astro-ph.CO,1984,0,2
astro-ph.CO,1984,1,1
astro-ph.CO,1984,2,1
astro-ph.CO,1985,0,1
astro-ph.CO,1985,1,7
astro-ph.CO,1986,0,2
astro-ph.CO,1986,4,2
astro-ph.CO,1987,1,1
astro-ph.CO,1987,2,10
astro-ph.CO,1987,3,1
astro-ph.CO,1988,0,18
astro-ph.CO,1988,1,2
astro-ph.CO,1988,2,2
astro-ph.CO,1988,3,1
astro-ph.CO,1988,4,6
astro-ph.CO,1989,0,4
astro-ph.CO,1989,1,3
astro-ph.CO,1989,2,1
astro-ph.CO,1990,0,5
astro-ph.CO,1990,1,1
astro-ph.CO,1990,2,3
astro-ph.CO,1990,3,1
astro-ph.CO,1990,4,1
astro-ph.CO,1991,0,2
astro-ph.CO,1991,2,8
astro-ph.CO,1991,3,2
astro-ph.CO,1992,0,1
astro-ph.CO,1992,1,1
astro-ph.CO,1992,2,1
astro-ph.CO,1992,4,7
astro-ph.CO,1993,0,1
astro-ph.CO,1993,1,49
astro-ph.CO,1993,2,1
astro-ph.CO,1993,3,2
astro-ph.CO,1994,0,1
astro-ph.CO,1994,1,2
astro-ph.CO,1994,4,1
astro-ph.CO,1995,2,7
astro-ph.CO,1995,3,1
astro-ph.CO,1995,4,1
astro-ph.CO,1996,0,21
astro-ph.CO,1996,1,1
astro-ph.CO,1996,3,2
astro-ph.CO,1996,4,2
astro-ph.CO,1997,0,3
astro-ph.CO,1997,1,1
astro-ph.CO,1997,2,1
astro-ph.CO,1997,3,7
astro-ph.CO,1997,4,1
astro-ph.CO,1998,0,1
astro-ph.CO,1998,2,1
astro-ph.CO,1998,3,1
astro-ph.CO,1998,4,1
astro-ph.CO,1999,0,13
astro-ph.CO,1999,2,4
astro-ph.CO,1999,3,15
astro-ph.CO,1999,4,3
astro-ph.CO,2000,0,4
astro-ph.CO,2000,1,2
astro-ph.CO,2000,2,8
astro-ph.CO,2000,3,4
astro-ph.CO,2000,4,11
astro-ph.CO,2001,0,63
astro-ph.CO,2001,1,10
astro-ph.CO,2001,2,19
astro-ph.CO,2001,3,6
astro-ph.CO,2001,4,8
astro-ph.CO,2002,0,7
astro-ph.CO,2002,1,4
astro-ph.CO,2002,2,6
astro-ph.CO,2002,3,12
astro-ph.CO,2002,4,7
astro-ph.CO,2003,0,6
astro-ph.CO,2003,1,6
astro-ph.CO,2003,2,18
astro-ph.CO,2003,3,8
astro-ph.CO,2003,4,40
astro-ph.CO,2004,0,59
astro-ph.CO,2004,1,9
astro-ph.CO,2004,2,13
astro-ph.CO,2004,3,11
astro-ph.CO,2004,4,18
astro-ph.CO,2005,0,41
astro-ph.CO,2005,1,9
astro-ph.CO,2005,2,8
astro-ph.CO,2005,3,14
astro-ph.CO,2005,4,27
astro-ph.CO,2006,0,29
astro-ph.CO,2006,1,71
astro-ph.CO,2006,2,39
astro-ph.CO,2006,3,113
astro-ph.CO,2006,4,82
astro-ph.CO,2007,0,41
astro-ph.CO,2007,1,89
astro-ph.CO,2007,2,91
astro-ph.CO,2007,3,111
astro-ph.CO,2007,4,118
astro-ph.CO,2008,0,69
astro-ph.CO,2008,1,97
astro-ph.CO,2008,2,151
astro-ph.CO,2008,3,166
astro-ph.CO,2008,4,181
astro-ph.CO,2009,0,467
astro-ph.CO,2009,1,310
astro-ph.CO,2009,2,768
astro-ph.CO,2009,3,2144
astro-ph.CO,2009,4,3600
astro-ph.CO,2010,0,2651
astro-ph.CO,2010,1,4839
astro-ph.CO,2010,2,7543
astro-ph.CO,2010,3,9349
astro-ph.CO,2010,4,11494
astro-ph.CO,2011,0,4516
astro-ph.CO,2011,1,12085
astro-ph.CO,2011,2,13787
astro-ph.CO,2011,3,18708
astro-ph.CO,2011,4,19298
astro-ph.CO,2012,0,7056
astro-ph.CO,2012,1,19953
astro-ph.CO,2012,2,19985
astro-ph.CO,2012,3,27807
astro-ph.CO,2012,4,30413
astro-ph.CO,2013,0,10048
astro-ph.CO,2013,1,24398
astro-ph.CO,2013,2,30087
astro-ph.CO,2013,3,32722
astro-ph.CO,2013,4,35556
astro-ph.CO,2014,0,9694
astro-ph.CO,2014,1,32992
astro-ph.CO,2014,2,40222
astro-ph.CO,2014,3,40749
astro-ph.CO,2014,4,40585
astro-ph.CO,2015,0,7806
astro-ph.CO,2015,1,37296
astro-ph.CO,2015,2,44469
astro-ph.CO,2015,3,46608
astro-ph.CO,2015,4,44030
astro-ph.CO,2016,0,14495
astro-ph.CO,2016,1,45925
astro-ph.CO,2016,2,45829
astro-ph.CO,2016,3,58149
astro-ph.CO,2016,4,49272
astro-ph.CO,2017,0,14278
astro-ph.CO,2017,1,46590
astro-ph.CO,2017,2,43204
astro-ph.CO,2017,3,47215
astro-ph.CO,2017,4,46312
astro-ph.CO,2018,0,12614
astro-ph.CO,2018,1,49474
astro-ph.CO,2018,2,51305
astro-ph.CO,2018,3,53666
astro-ph.CO,2018,4,53795
astro-ph.CO,2019,0,12791
astro-ph.CO,2019,1,52590
astro-ph.CO,2019,2,52817
astro-ph.CO,2019,3,58300
astro-ph.CO,2019,4,56361
astro-ph.CO,2020,0,11979
astro-ph.CO,2020,1,51067
astro-ph.CO,2020,2,58557
astro-ph.CO,2020,3,64818
astro-ph.CO,2020,4,65350
astro-ph.CO,2021,0,15671
astro-ph.CO,2021,1,62161
astro-ph.CO,2021,2,69261
astro-ph.CO,2021,3,61075
astro-ph.CO,2021,4,71992
astro-ph.CO,2022,0,15805
astro-ph.CO,2022,1,58812
astro-ph.CO,2022,2,62052
astro-ph.CO,2022,3,62481
astro-ph.CO,2022,4,62213
astro-ph.CO,2023,0,10383
astro-ph.CO,2023,1,58814
astro-ph.CO,2023,2,66669
astro-ph.CO,2023,3,69375
astro-ph.CO,2023,4,67356
astro-ph.CO,2024,0,13934
astro-ph.CO,2024,1,58756
astro-ph.CO,2024,2,63461
astro-ph.CO,2024,3,61251
astro-ph.CO,2024,4,63592
astro-ph.CO,2025,0,12009
astro-ph.CO,2025,1,54642
astro-ph.CO,2025,2,70211
astro-ph.CO,2025,3,59337
astro-ph.CO,2025,4,55356
astro-ph.CO,2026,0,3987
astro-ph.CO,2026,1,54446
astro-ph.CO,2026,2,33929
astro-ph.EP,1900,0,4
astro-ph.EP,1944,4,1
astro-ph.EP,1953,2,2
astro-ph.EP,1962,1,6
astro-ph.EP,1969,1,7
astro-ph.EP,1970,0,2
astro-ph.EP,1973,0,2
astro-ph.EP,1978,3,1
astro-ph.EP,1981,1,2
astro-ph.EP,1983,1,2
astro-ph.EP,1984,0,1
astro-ph.EP,1985,2,2
astro-ph.EP,1987,0,1
astro-ph.EP,1988,2,3
astro-ph.EP,1988,4,6
astro-ph.EP,1990,2,1
astro-ph.EP,1991,0,1
astro-ph.EP,1992,0,1
astro-ph.EP,1993,0,1
astro-ph.EP,1993,1,6
astro-ph.EP,1994,0,2
astro-ph.EP,1995,0,4
astro-ph.EP,1996,0,17
astro-ph.EP,1997,2,1
astro-ph.EP,1997,4,1
astro-ph.EP,1998,0,11
astro-ph.EP,1998,2,2
astro-ph.EP,1999,0,8
astro-ph.EP,1999,3,1
astro-ph.EP,2000,0,29
astro-ph.EP,2000,2,1
astro-ph.EP,2000,3,4
astro-ph.EP,2000,4,5
astro-ph.EP,2001,0,8
astro-ph.EP,2001,1,3
astro-ph.EP,2001,2,6
astro-ph.EP,2001,3,4
astro-ph.EP,2001,4,2
astro-ph.EP,2002,0,9
astro-ph.EP,2002,1,2
astro-ph.EP,2002,2,6
astro-ph.EP,2002,3,7
astro-ph.EP,2002,4,10
astro-ph.EP,2003,0,15
astro-ph.EP,2003,1,5
astro-ph.EP,2003,2,5
astro-ph.EP,2003,3,2
astro-ph.EP,2003,4,10
astro-ph.EP,2004,0,11
astro-ph.EP,2004,1,6
astro-ph.EP,2004,2,4
astro-ph.EP,2004,3,7
astro-ph.EP,2004,4,10
astro-ph.EP,2005,0,457
astro-ph.EP,2005,1,9
astro-ph.EP,2005,2,9
astro-ph.EP,2005,3,7
astro-ph.EP,2005,4,8
astro-ph.EP,2006,0,5
astro-ph.EP,2006,1,11
astro-ph.EP,2006,2,11
astro-ph.EP,2006,3,11
astro-ph.EP,2006,4,14
astro-ph.EP,2007,0,7
astro-ph.EP,2007,1,18
astro-ph.EP,2007,2,10
astro-ph.EP,2007,3,26
astro-ph.EP,2007,4,34
astro-ph.EP,2008,0,26
astro-ph.EP,2008,1,25
astro-ph.EP,2008,2,24
astro-ph.EP,2008,3,67
astro-ph.EP,2008,4,59
astro-ph.EP,2009,0,209
astro-ph.EP,2009,1,66
astro-ph.EP,2009,2,189
astro-ph.EP,2009,3,460
astro-ph.EP,2009,4,786
astro-ph.EP,2010,0,499
astro-ph.EP,2010,1,1105
astro-ph.EP,2010,2,1272
astro-ph.EP,2010,3,1943
astro-ph.EP,2010,4,2643
astro-ph.EP,2011,0,774
astro-ph.EP,2011,1,2462
astro-ph.EP,2011,2,6090
astro-ph.EP,2011,3,3610
astro-ph.EP,2011,4,4008
astro-ph.EP,2012,0,1399
astro-ph.EP,2012,1,3902
astro-ph.EP,2012,2,4229
astro-ph.EP,2012,3,5568
astro-ph.EP,2012,4,5716
astro-ph.EP,2013,0,2805
astro-ph.EP,2013,1,5245
astro-ph.EP,2013,2,6633
astro-ph.EP,2013,3,6901
astro-ph.EP,2013,4,7005
astro-ph.EP,2014,0,2655
astro-ph.EP,2014,1,7276
astro-ph.EP,2014,2,8168
astro-ph.EP,2014,3,10559
astro-ph.EP,2014,4,9055
astro-ph.EP,2015,0,3218
astro-ph.EP,2015,1,7607
astro-ph.EP,2015,2,9717
astro-ph.EP,2015,3,10189
astro-ph.EP,2015,4,10825
astro-ph.EP,2016,0,4354
astro-ph.EP,2016,1,11438
astro-ph.EP,2016,2,11870
astro-ph.EP,2016,3,15168
astro-ph.EP,2016,4,14549
astro-ph.EP,2017,0,5848
astro-ph.EP,2017,1,13168
astro-ph.EP,2017,2,12851
astro-ph.EP,2017,3,14267
astro-ph.EP,2017,4,15281
astro-ph.EP,2018,0,13333
astro-ph.EP,2018,1,14516
astro-ph.EP,2018,2,16027
astro-ph.EP,2018,3,50896
astro-ph.EP,2018,4,17262
astro-ph.EP,2019,0,5920
astro-ph.EP,2019,1,18424
astro-ph.EP,2019,2,17991
astro-ph.EP,2019,3,21230
astro-ph.EP,2019,4,20293
astro-ph.EP,2020,0,5637
astro-ph.EP,2020,1,21341
astro-ph.EP,2020,2,23081
astro-ph.EP,2020,3,27481
astro-ph.EP,2020,4,25495
astro-ph.EP,2021,0,4867
astro-ph.EP,2021,1,23501
astro-ph.EP,2021,2,24891
astro-ph.EP,2021,3,24685
astro-ph.EP,2021,4,27865
astro-ph.EP,2022,0,5157
astro-ph.EP,2022,1,21860
astro-ph.EP,2022,2,23230
astro-ph.EP,2022,3,24011
astro-ph.EP,2022,4,22058
astro-ph.EP,2023,0,5024
astro-ph.EP,2023,1,24995
astro-ph.EP,2023,2,22728
astro-ph.EP,2023,3,22959
astro-ph.EP,2023,4,24854
astro-ph.EP,2024,0,6988
astro-ph.EP,2024,1,21709
astro-ph.EP,2024,2,24488
astro-ph.EP,2024,3,26587
astro-ph.EP,2024,4,25794
astro-ph.EP,2025,0,6111
astro-ph.EP,2025,1,21646
astro-ph.EP,2025,2,24688
astro-ph.EP,2025,3,24582
astro-ph.EP,2025,4,24781
astro-ph.EP,2026,0,2147
astro-ph.EP,2026,1,22886
astro-ph.EP,2026,2,17251
astro-ph.GA,1900,0,41
astro-ph.GA,1962,1,22
astro-ph.GA,1969,3,6
astro-ph.GA,1969,4,1
astro-ph.GA,1970,0,4
astro-ph.GA,1970,4,1
astro-ph.GA,1974,0,1
astro-ph.GA,1975,3,4
astro-ph.GA,1977,0,1
astro-ph.GA,1982,0,1
astro-ph.GA,1984,0,10
astro-ph.GA,1985,1,4
astro-ph.GA,1985,2,2
astro-ph.GA,1986,3,1
astro-ph.GA,1986,4,1
astro-ph.GA,1987,0,1
astro-ph.GA,1987,2,20
astro-ph.GA,1988,0,12
astro-ph.GA,1988,2,5
astro-ph.GA,1988,4,8
astro-ph.GA,1989,0,1
astro-ph.GA,1991,2,7
astro-ph.GA,1992,4,1
astro-ph.GA,1993,0,4
astro-ph.GA,1993,1,19
astro-ph.GA,1994,0,2
astro-ph.GA,1995,0,2
astro-ph.GA,1995,2,1
astro-ph.GA,1996,0,21
astro-ph.GA,1999,2,1
astro-ph.GA,1999,4,2
astro-ph.GA,2000,0,4
astro-ph.GA,2000,2,2
astro-ph.GA,2000,4,8
astro-ph.GA,2001,0,7
astro-ph.GA,2001,2,5
astro-ph.GA,2001,4,1
astro-ph.GA,2002,0,1
astro-ph.GA,2002,3,2
astro-ph.GA,2002,4,1
astro-ph.GA,2003,0,2
astro-ph.GA,2003,1,2
astro-ph.GA,2003,2,3
astro-ph.GA,2003,4,2
astro-ph.GA,2004,0,26
astro-ph.GA,2004,1,2
astro-ph.GA,2004,2,5
astro-ph.GA,2004,3,2
astro-ph.GA,2004,4,3
astro-ph.GA,2005,0,48
astro-ph.GA,2005,1,2
astro-ph.GA,2005,2,7
astro-ph.GA,2005,3,3
astro-ph.GA,2005,4,9
astro-ph.GA,2006,0,4
astro-ph.GA,2006,1,8
astro-ph.GA,2006,2,11
astro-ph.GA,2006,3,20
astro-ph.GA,2006,4,13
astro-ph.GA,2007,0,10
astro-ph.GA,2007,1,20
astro-ph.GA,2007,2,17
astro-ph.GA,2007,3,23
astro-ph.GA,2007,4,28
astro-ph.GA,2008,0,22
astro-ph.GA,2008,1,23
astro-ph.GA,2008,2,42
astro-ph.GA,2008,3,34
astro-ph.GA,2008,4,59
astro-ph.GA,2009,0,227
astro-ph.GA,2009,1,108
astro-ph.GA,2009,2,360
astro-ph.GA,2009,3,1134
astro-ph.GA,2009,4,1761
astro-ph.GA,2010,0,1093
astro-ph.GA,2010,1,2280
astro-ph.GA,2010,2,3239
astro-ph.GA,2010,3,4320
astro-ph.GA,2010,4,4548
astro-ph.GA,2011,0,2102
astro-ph.GA,2011,1,4639
astro-ph.GA,2011,2,5653
astro-ph.GA,2011,3,7395
astro-ph.GA,2011,4,7344
astro-ph.GA,2012,0,3138
astro-ph.GA,2012,1,7419
astro-ph.GA,2012,2,7445
astro-ph.GA,2012,3,10697
astro-ph.GA,2012,4,11555
astro-ph.GA,2013,0,4264
astro-ph.GA,2013,1,9367
astro-ph.GA,2013,2,11369
astro-ph.GA,2013,3,12062
astro-ph.GA,2013,4,13689
astro-ph.GA,2014,0,4664
astro-ph.GA,2014,1,12147
astro-ph.GA,2014,2,15063
astro-ph.GA,2014,3,16322
astro-ph.GA,2014,4,16629
astro-ph.GA,2015,0,4384
astro-ph.GA,2015,1,15373
astro-ph.GA,2015,2,19937
astro-ph.GA,2015,3,24789
astro-ph.GA,2015,4,22554
astro-ph.GA,2016,0,7997
astro-ph.GA,2016,1,23432
astro-ph.GA,2016,2,23560
astro-ph.GA,2016,3,31844
astro-ph.GA,2016,4,30056
astro-ph.GA,2017,0,9653
astro-ph.GA,2017,1,30450
astro-ph.GA,2017,2,29090
astro-ph.GA,2017,3,33948
astro-ph.GA,2017,4,30350
astro-ph.GA,2018,0,9948
astro-ph.GA,2018,1,34649
astro-ph.GA,2018,2,37457
astro-ph.GA,2018,3,43665
astro-ph.GA,2018,4,38870
astro-ph.GA,2019,0,10011
astro-ph.GA,2019,1,41893
astro-ph.GA,2019,2,43983
astro-ph.GA,2019,3,47376
astro-ph.GA,2019,4,48055
astro-ph.GA,2020,0,8991
astro-ph.GA,2020,1,42397
astro-ph.GA,2020,2,51101
astro-ph.GA,2020,3,59351
astro-ph.GA,2020,4,56045
astro-ph.GA,2021,0,12124
astro-ph.GA,2021,1,54089
astro-ph.GA,2021,2,55930
astro-ph.GA,2021,3,54651
astro-ph.GA,2021,4,62010
astro-ph.GA,2022,0,11959
astro-ph.GA,2022,1,52832
astro-ph.GA,2022,2,55666
astro-ph.GA,2022,3,58614
astro-ph.GA,2022,4,58526
astro-ph.GA,2023,0,9631
astro-ph.GA,2023,1,54355
astro-ph.GA,2023,2,56206
astro-ph.GA,2023,3,60901
astro-ph.GA,2023,4,58478
astro-ph.GA,2024,0,11890
astro-ph.GA,2024,1,55436
astro-ph.GA,2024,2,61315
astro-ph.GA,2024,3,57329
astro-ph.GA,2024,4,61258
astro-ph.GA,2025,0,7170
astro-ph.GA,2025,1,55064
astro-ph.GA,2025,2,62678
astro-ph.GA,2025,3,58940
astro-ph.GA,2025,4,57735
astro-ph.GA,2026,0,2524
astro-ph.GA,2026,1,54508
astro-ph.GA,2026,2,36387
astro-ph.HE,1900,0,58
astro-ph.HE,1930,3,3
astro-ph.HE,1962,1,20
astro-ph.HE,1969,3,4
astro-ph.HE,1975,3,6
astro-ph.HE,1977,0,1
astro-ph.HE,1979,0,1
astro-ph.HE,1985,1,44
astro-ph.HE,1985,2,6
astro-ph.HE,1986,0,2
astro-ph.HE,1987,2,3
astro-ph.HE,1988,0,3
astro-ph.HE,1988,2,4
astro-ph.HE,1988,4,6
astro-ph.HE,1989,1,1
astro-ph.HE,1991,2,9
astro-ph.HE,1992,4,1
astro-ph.HE,1993,0,1
astro-ph.HE,1993,1,49
astro-ph.HE,1994,0,1
astro-ph.HE,1994,3,3
astro-ph.HE,1995,0,4
astro-ph.HE,1995,2,3
astro-ph.HE,1995,3,1
astro-ph.HE,1995,4,1
astro-ph.HE,1996,0,2
astro-ph.HE,1996,4,1
astro-ph.HE,1999,0,3
astro-ph.HE,1999,2,5
astro-ph.HE,1999,3,3
astro-ph.HE,1999,4,2
astro-ph.HE,2000,0,32
astro-ph.HE,2000,2,6
astro-ph.HE,2000,3,2
astro-ph.HE,2000,4,6
astro-ph.HE,2001,0,1
astro-ph.HE,2001,1,1
astro-ph.HE,2001,2,13
astro-ph.HE,2001,4,6
astro-ph.HE,2002,0,7
astro-ph.HE,2002,1,2
astro-ph.HE,2002,2,5
astro-ph.HE,2002,3,5
astro-ph.HE,2002,4,5
astro-ph.HE,2003,0,5
astro-ph.HE,2003,1,7
astro-ph.HE,2003,2,41
astro-ph.HE,2003,3,12
astro-ph.HE,2003,4,13
astro-ph.HE,2004,0,4
astro-ph.HE,2004,1,3
astro-ph.HE,2004,2,4
astro-ph.HE,2004,3,4
astro-ph.HE,2004,4,8
astro-ph.HE,2005,0,57
astro-ph.HE,2005,1,7
astro-ph.HE,2005,2,5
astro-ph.HE,2005,3,5
astro-ph.HE,2005,4,5
astro-ph.HE,2006,0,9
astro-ph.HE,2006,1,13
astro-ph.HE,2006,2,5
astro-ph.HE,2006,3,22
astro-ph.HE,2006,4,36
astro-ph.HE,2007,0,9
astro-ph.HE,2007,1,7
astro-ph.HE,2007,2,10
astro-ph.HE,2007,3,14
astro-ph.HE,2007,4,17
astro-ph.HE,2008,0,21
astro-ph.HE,2008,1,27
astro-ph.HE,2008,2,31
astro-ph.HE,2008,3,31
astro-ph.HE,2008,4,44
astro-ph.HE,2009,0,231
astro-ph.HE,2009,1,99
astro-ph.HE,2009,2,396
astro-ph.HE,2009,3,1054
astro-ph.HE,2009,4,1700
astro-ph.HE,2010,0,1021
astro-ph.HE,2010,1,2038
astro-ph.HE,2010,2,3321
astro-ph.HE,2010,3,3781
astro-ph.HE,2010,4,4981
astro-ph.HE,2011,0,1812
astro-ph.HE,2011,1,4668
astro-ph.HE,2011,2,6096
astro-ph.HE,2011,3,7047
astro-ph.HE,2011,4,7303
astro-ph.HE,2012,0,3630
astro-ph.HE,2012,1,7974
astro-ph.HE,2012,2,7201
astro-ph.HE,2012,3,10483
astro-ph.HE,2012,4,10594
astro-ph.HE,2013,0,6205
astro-ph.HE,2013,1,9629
astro-ph.HE,2013,2,11273
astro-ph.HE,2013,3,13697
astro-ph.HE,2013,4,13921
astro-ph.HE,2014,0,4161
astro-ph.HE,2014,1,12306
astro-ph.HE,2014,2,14707
astro-ph.HE,2014,3,14484
astro-ph.HE,2014,4,15437
astro-ph.HE,2015,0,4646
astro-ph.HE,2015,1,14047
astro-ph.HE,2015,2,18509
astro-ph.HE,2015,3,19638
astro-ph.HE,2015,4,19182
astro-ph.HE,2016,0,8197
astro-ph.HE,2016,1,20827
astro-ph.HE,2016,2,22405
astro-ph.HE,2016,3,28487
astro-ph.HE,2016,4,21749
astro-ph.HE,2017,0,11726
astro-ph.HE,2017,1,21887
astro-ph.HE,2017,2,22113
astro-ph.HE,2017,3,25676
astro-ph.HE,2017,4,27758
astro-ph.HE,2018,0,8491
astro-ph.HE,2018,1,28833
astro-ph.HE,2018,2,28096
astro-ph.HE,2018,3,30517
astro-ph.HE,2018,4,29821
astro-ph.HE,2019,0,10832
astro-ph.HE,2019,1,31957
astro-ph.HE,2019,2,33492
astro-ph.HE,2019,3,37992
astro-ph.HE,2019,4,37951
astro-ph.HE,2020,0,8759
astro-ph.HE,2020,1,32607
astro-ph.HE,2020,2,39672
astro-ph.HE,2020,3,44084
astro-ph.HE,2020,4,41847
astro-ph.HE,2021,0,12438
astro-ph.HE,2021,1,39492
astro-ph.HE,2021,2,46698
astro-ph.HE,2021,3,46953
astro-ph.HE,2021,4,51632
astro-ph.HE,2022,0,11972
astro-ph.HE,2022,1,39801
astro-ph.HE,2022,2,45950
astro-ph.HE,2022,3,43692
astro-ph.HE,2022,4,47829
astro-ph.HE,2023,0,10355
astro-ph.HE,2023,1,43834
astro-ph.HE,2023,2,46558
astro-ph.HE,2023,3,53945
astro-ph.HE,2023,4,49603
astro-ph.HE,2024,0,12631
astro-ph.HE,2024,1,44947
astro-ph.HE,2024,2,44954
astro-ph.HE,2024,3,43315
astro-ph.HE,2024,4,48383
astro-ph.HE,2025,0,7393
astro-ph.HE,2025,1,44909
astro-ph.HE,2025,2,50158
astro-ph.HE,2025,3,47819
astro-ph.HE,2025,4,44907
astro-ph.HE,2026,0,2367
astro-ph.HE,2026,1,43521
astro-ph.HE,2026,2,30220
astro-ph.IM,1900,0,39
astro-ph.IM,1962,1,3
astro-ph.IM,1970,0,5
astro-ph.IM,1975,3,1
astro-ph.IM,1980,3,2
astro-ph.IM,1984,0,5
astro-ph.IM,1985,0,1
astro-ph.IM,1985,1,11
astro-ph.IM,1985,2,2
astro-ph.IM,1985,4,1
astro-ph.IM,1986,4,1
astro-ph.IM,1991,0,1
astro-ph.IM,1992,4,1
astro-ph.IM,1993,0,3
astro-ph.IM,1993,1,10
astro-ph.IM,1994,0,2
astro-ph.IM,1995,0,1
astro-ph.IM,1996,0,10
astro-ph.IM,1998,2,1
astro-ph.IM,1998,3,1
astro-ph.IM,1999,2,2
astro-ph.IM,1999,3,1
astro-ph.IM,1999,4,1
astro-ph.IM,2000,0,4
astro-ph.IM,2000,1,1
astro-ph.IM,2000,2,2
astro-ph.IM,2000,3,1
astro-ph.IM,2000,4,1
astro-ph.IM,2001,0,5
astro-ph.IM,2001,1,2
astro-ph.IM,2001,2,5
astro-ph.IM,2002,0,1
astro-ph.IM,2002,1,1
astro-ph.IM,2002,3,1
astro-ph.IM,2002,4,4
astro-ph.IM,2003,0,3
astro-ph.IM,2003,1,3
astro-ph.IM,2003,2,3
astro-ph.IM,2003,3,4
astro-ph.IM,2003,4,2
astro-ph.IM,2004,0,7
astro-ph.IM,2004,1,3
astro-ph.IM,2004,2,2
astro-ph.IM,2004,3,3
astro-ph.IM,2004,4,5
astro-ph.IM,2005,0,21
astro-ph.IM,2005,1,3
astro-ph.IM,2005,2,4
astro-ph.IM,2005,3,5
astro-ph.IM,2005,4,14
astro-ph.IM,2006,0,13
astro-ph.IM,2006,1,14
astro-ph.IM,2006,2,11
astro-ph.IM,2006,3,16
astro-ph.IM,2006,4,7
astro-ph.IM,2007,0,9
astro-ph.IM,2007,1,12
astro-ph.IM,2007,2,10
astro-ph.IM,2007,3,22
astro-ph.IM,2007,4,19
astro-ph.IM,2008,0,14
astro-ph.IM,2008,1,24
astro-ph.IM,2008,2,23
astro-ph.IM,2008,3,32
astro-ph.IM,2008,4,40
astro-ph.IM,2009,0,79
astro-ph.IM,2009,1,58
astro-ph.IM,2009,2,97
astro-ph.IM,2009,3,257
astro-ph.IM,2009,4,530
astro-ph.IM,2010,0,414
astro-ph.IM,2010,1,553
astro-ph.IM,2010,2,788
astro-ph.IM,2010,3,1464
astro-ph.IM,2010,4,1233
astro-ph.IM,2011,0,628
astro-ph.IM,2011,1,1235
astro-ph.IM,2011,2,1942
astro-ph.IM,2011,3,2131
astro-ph.IM,2011,4,2135
astro-ph.IM,2012,0,1062
astro-ph.IM,2012,1,2154
astro-ph.IM,2012,2,2213
astro-ph.IM,2012,3,3424
astro-ph.IM,2012,4,3383
astro-ph.IM,2013,0,1900
astro-ph.IM,2013,1,2877
astro-ph.IM,2013,2,3575
astro-ph.IM,2013,3,3920
astro-ph.IM,2013,4,4532
astro-ph.IM,2014,0,1839
astro-ph.IM,2014,1,4105
astro-ph.IM,2014,2,4795
astro-ph.IM,2014,3,7277
astro-ph.IM,2014,4,5302
astro-ph.IM,2015,0,2308
astro-ph.IM,2015,1,5123
astro-ph.IM,2015,2,6501
astro-ph.IM,2015,3,7586
astro-ph.IM,2015,4,7041
astro-ph.IM,2016,0,2830
astro-ph.IM,2016,1,7548
astro-ph.IM,2016,2,7883
astro-ph.IM,2016,3,12058
astro-ph.IM,2016,4,9154
astro-ph.IM,2017,0,3926
astro-ph.IM,2017,1,8297
astro-ph.IM,2017,2,8097
astro-ph.IM,2017,3,9917
astro-ph.IM,2017,4,9936
astro-ph.IM,2018,0,3912
astro-ph.IM,2018,1,9502
astro-ph.IM,2018,2,11068
astro-ph.IM,2018,3,18276
astro-ph.IM,2018,4,11641
astro-ph.IM,2019,0,4575
astro-ph.IM,2019,1,11501
astro-ph.IM,2019,2,12045
astro-ph.IM,2019,3,16779
astro-ph.IM,2019,4,14098
astro-ph.IM,2020,0,4526
astro-ph.IM,2020,1,13256
astro-ph.IM,2020,2,15168
astro-ph.IM,2020,3,17523
astro-ph.IM,2020,4,19039
astro-ph.IM,2021,0,5086
astro-ph.IM,2021,1,17105
astro-ph.IM,2021,2,19361
astro-ph.IM,2021,3,19284
astro-ph.IM,2021,4,20786
astro-ph.IM,2022,0,5286
astro-ph.IM,2022,1,17958
astro-ph.IM,2022,2,18674
astro-ph.IM,2022,3,20254
astro-ph.IM,2022,4,19837
astro-ph.IM,2023,0,5232
astro-ph.IM,2023,1,19223
astro-ph.IM,2023,2,19913
astro-ph.IM,2023,3,22925
astro-ph.IM,2023,4,21953
astro-ph.IM,2024,0,6287
astro-ph.IM,2024,1,19119
astro-ph.IM,2024,2,21832
astro-ph.IM,2024,3,21067
astro-ph.IM,2024,4,21865
astro-ph.IM,2025,0,4740
astro-ph.IM,2025,1,19321
astro-ph.IM,2025,2,22121
astro-ph.IM,2025,3,20795
astro-ph.IM,2025,4,21039
astro-ph.IM,2026,0,1732
astro-ph.IM,2026,1,19159
astro-ph.IM,2026,2,13742
astro-ph.SR,1900,0,17
astro-ph.SR,1912,3,1
astro-ph.SR,1944,4,1
astro-ph.SR,1949,0,1
astro-ph.SR,1956,4,1
astro-ph.SR,1962,1,14
astro-ph.SR,1964,0,1
astro-ph.SR,1964,1,1
astro-ph.SR,1966,4,1
astro-ph.SR,1969,1,8
astro-ph.SR,1979,0,5
astro-ph.SR,1984,0,11
astro-ph.SR,1985,1,10
astro-ph.SR,1985,2,13
astro-ph.SR,1986,0,1
astro-ph.SR,1986,3,1
astro-ph.SR,1987,0,1
astro-ph.SR,1987,1,1
astro-ph.SR,1987,2,1
astro-ph.SR,1988,0,5
astro-ph.SR,1988,2,1
astro-ph.SR,1988,4,3
astro-ph.SR,1989,0,3
astro-ph.SR,1989,1,1
astro-ph.SR,1990,0,2
astro-ph.SR,1991,4,1
astro-ph.SR,1992,0,1
astro-ph.SR,1992,2,4
astro-ph.SR,1993,0,14
astro-ph.SR,1993,1,10
astro-ph.SR,1994,0,1
astro-ph.SR,1994,3,2
astro-ph.SR,1995,0,4
astro-ph.SR,1996,0,38
astro-ph.SR,1996,4,1
astro-ph.SR,1997,0,1
astro-ph.SR,1998,0,4
astro-ph.SR,1998,2,1
astro-ph.SR,1998,4,1
astro-ph.SR,1999,2,2
astro-ph.SR,1999,3,2
astro-ph.SR,2000,0,17
astro-ph.SR,2000,1,8
astro-ph.SR,2000,2,2
astro-ph.SR,2000,4,5
astro-ph.SR,2001,0,9
astro-ph.SR,2001,1,1
astro-ph.SR,2001,2,5
astro-ph.SR,2001,3,2
astro-ph.SR,2001,4,3
astro-ph.SR,2002,0,1
astro-ph.SR,2002,1,1
astro-ph.SR,2002,2,4
astro-ph.SR,2002,3,3
astro-ph.SR,2002,4,3
astro-ph.SR,2003,0,9
astro-ph.SR,2003,1,2
astro-ph.SR,2003,2,30
astro-ph.SR,2003,3,14
astro-ph.SR,2003,4,1
astro-ph.SR,2004,0,5
astro-ph.SR,2004,1,8
astro-ph.SR,2004,2,6
astro-ph.SR,2004,3,8
astro-ph.SR,2004,4,15
astro-ph.SR,2005,0,113
astro-ph.SR,2005,1,5
astro-ph.SR,2005,2,13
astro-ph.SR,2005,3,17
astro-ph.SR,2005,4,8
astro-ph.SR,2006,0,12
astro-ph.SR,2006,1,15
astro-ph.SR,2006,2,16
astro-ph.SR,2006,3,43
astro-ph.SR,2006,4,29
astro-ph.SR,2007,0,12
astro-ph.SR,2007,1,17
astro-ph.SR,2007,2,24
astro-ph.SR,2007,3,27
astro-ph.SR,2007,4,40
astro-ph.SR,2008,0,42
astro-ph.SR,2008,1,34
astro-ph.SR,2008,2,46
astro-ph.SR,2008,3,71
astro-ph.SR,2008,4,152
astro-ph.SR,2009,0,282
astro-ph.SR,2009,1,128
astro-ph.SR,2009,2,350
astro-ph.SR,2009,3,1010
astro-ph.SR,2009,4,1826
astro-ph.SR,2010,0,1097
astro-ph.SR,2010,1,2326
astro-ph.SR,2010,2,3307
astro-ph.SR,2010,3,4564
astro-ph.SR,2010,4,5172
astro-ph.SR,2011,0,2363
astro-ph.SR,2011,1,5250
astro-ph.SR,2011,2,7753
astro-ph.SR,2011,3,8561
astro-ph.SR,2011,4,9245
astro-ph.SR,2012,0,3766
astro-ph.SR,2012,1,8792
astro-ph.SR,2012,2,9354
astro-ph.SR,2012,3,11965
astro-ph.SR,2012,4,13262
astro-ph.SR,2013,0,6850
astro-ph.SR,2013,1,12056
astro-ph.SR,2013,2,14304
astro-ph.SR,2013,3,15973
astro-ph.SR,2013,4,15716
astro-ph.SR,2014,0,6430
astro-ph.SR,2014,1,14948
astro-ph.SR,2014,2,17652
astro-ph.SR,2014,3,19159
astro-ph.SR,2014,4,20185
astro-ph.SR,2015,0,6569
astro-ph.SR,2015,1,17546
astro-ph.SR,2015,2,21388
astro-ph.SR,2015,3,25184
astro-ph.SR,2015,4,23236
astro-ph.SR,2016,0,9913
astro-ph.SR,2016,1,24396
astro-ph.SR,2016,2,23313
astro-ph.SR,2016,3,32780
astro-ph.SR,2016,4,31083
astro-ph.SR,2017,0,13906
astro-ph.SR,2017,1,27710
astro-ph.SR,2017,2,25043
astro-ph.SR,2017,3,30625
astro-ph.SR,2017,4,28143
astro-ph.SR,2018,0,13607
astro-ph.SR,2018,1,31371
astro-ph.SR,2018,2,30925
astro-ph.SR,2018,3,49441
astro-ph.SR,2018,4,34281
astro-ph.SR,2019,0,10713
astro-ph.SR,2019,1,34264
astro-ph.SR,2019,2,35392
astro-ph.SR,2019,3,49144
astro-ph.SR,2019,4,39099
astro-ph.SR,2020,0,10182
astro-ph.SR,2020,1,36373
astro-ph.SR,2020,2,40909
astro-ph.SR,2020,3,46566
astro-ph.SR,2020,4,46029
astro-ph.SR,2021,0,9964
astro-ph.SR,2021,1,42567
astro-ph.SR,2021,2,46812
astro-ph.SR,2021,3,43564
astro-ph.SR,2021,4,50504
astro-ph.SR,2022,0,9146
astro-ph.SR,2022,1,40141
astro-ph.SR,2022,2,41928
astro-ph.SR,2022,3,43512
astro-ph.SR,2022,4,44717
astro-ph.SR,2023,0,8245
astro-ph.SR,2023,1,43062
astro-ph.SR,2023,2,43277
astro-ph.SR,2023,3,45660
astro-ph.SR,2023,4,44709
astro-ph.SR,2024,0,10535
astro-ph.SR,2024,1,40915
astro-ph.SR,2024,2,44851
astro-ph.SR,2024,3,43104
astro-ph.SR,2024,4,45961
astro-ph.SR,2025,0,6766
astro-ph.SR,2025,1,40892
astro-ph.SR,2025,2,46445
astro-ph.SR,2025,3,44900
astro-ph.SR,2025,4,46331
astro-ph.SR,2026,0,2577
astro-ph.SR,2026,1,42305
astro-ph.SR,2026,2,28682
atom-ph,1995,4,5
atom-ph,1996,0,9
atom-ph,1996,1,1
atom-ph,1996,2,9
atom-ph,1996,3,12
atom-ph,1996,4,33
atom-ph,1997,0,24
atom-ph,1997,1,41
atom-ph,1997,2,70
atom-ph,1997,3,63
atom-ph,1997,4,134
atom-ph,1998,0,44
atom-ph,1998,1,68
atom-ph,1998,2,74
atom-ph,1998,3,92
atom-ph,1998,4,64
atom-ph,1999,0,66
atom-ph,1999,1,67
atom-ph,1999,2,67
atom-ph,1999,3,73
atom-ph,1999,4,67
atom-ph,2000,0,35
atom-ph,2000,1,52
atom-ph,2000,2,73
atom-ph,2000,3,90
atom-ph,2000,4,57
atom-ph,2001,0,36
atom-ph,2001,1,51
atom-ph,2001,2,61
atom-ph,2001,3,64
atom-ph,2001,4,64
atom-ph,2002,0,27
atom-ph,2002,1,39
atom-ph,2002,2,47
atom-ph,2002,3,56
atom-ph,2002,4,78
atom-ph,2003,0,32
atom-ph,2003,1,53
atom-ph,2003,2,61
atom-ph,2003,3,72
atom-ph,2003,4,62
atom-ph,2004,0,31
atom-ph,2004,1,53
atom-ph,2004,2,73
atom-ph,2004,3,62
atom-ph,2004,4,46
atom-ph,2005,0,27
atom-ph,2005,1,41
atom-ph,2005,2,70
atom-ph,2005,3,45
atom-ph,2005,4,67
atom-ph,2006,0,22
atom-ph,2006,1,55
atom-ph,2006,2,58
atom-ph,2006,3,70
atom-ph,2006,4,69
atom-ph,2007,0,17
atom-ph,2007,1,54
atom-ph,2007,2,61
atom-ph,2007,3,62
atom-ph,2007,4,56
atom-ph,2008,0,18
atom-ph,2008,1,54
atom-ph,2008,2,47
atom-ph,2008,3,50
atom-ph,2008,4,58
atom-ph,2009,0,26
atom-ph,2009,1,45
atom-ph,2009,2,60
atom-ph,2009,3,60
atom-ph,2009,4,47
atom-ph,2010,0,13
atom-ph,2010,1,36
atom-ph,2010,2,58
atom-ph,2010,3,43
atom-ph,2010,4,56
atom-ph,2011,0,23
atom-ph,2011,1,60
atom-ph,2011,2,36
atom-ph,2011,3,59
atom-ph,2011,4,49
atom-ph,2012,0,23
atom-ph,2012,1,40
atom-ph,2012,2,42
atom-ph,2012,3,43
atom-ph,2012,4,67
atom-ph,2013,0,25
atom-ph,2013,1,60
atom-ph,2013,2,50
atom-ph,2013,3,64
atom-ph,2013,4,58
atom-ph,2014,0,17
atom-ph,2014,1,59
atom-ph,2014,2,48
atom-ph,2014,3,63
atom-ph,2014,4,70
atom-ph,2015,0,18
atom-ph,2015,1,57
atom-ph,2015,2,71
atom-ph,2015,3,60
atom-ph,2015,4,59
atom-ph,2016,0,20
atom-ph,2016,1,63
atom-ph,2016,2,68
atom-ph,2016,3,74
atom-ph,2016,4,55
atom-ph,2017,0,25
atom-ph,2017,1,70
atom-ph,2017,2,56
atom-ph,2017,3,57
atom-ph,2017,4,80
atom-ph,2018,0,15
atom-ph,2018,1,58
atom-ph,2018,2,59
atom-ph,2018,3,57
atom-ph,2018,4,70
atom-ph,2019,0,16
atom-ph,2019,1,65
atom-ph,2019,2,57
atom-ph,2019,3,73
atom-ph,2019,4,54
atom-ph,2020,0,17
atom-ph,2020,1,77
atom-ph,2020,2,64
atom-ph,2020,3,66
atom-ph,2020,4,69
atom-ph,2021,0,15
atom-ph,2021,1,54
atom-ph,2021,2,64
atom-ph,2021,3,78
atom-ph,2021,4,52
atom-ph,2022,0,13
atom-ph,2022,1,58
atom-ph,2022,2,53
atom-ph,2022,3,66
atom-ph,2022,4,46
atom-ph,2023,0,8
atom-ph,2023,1,66
atom-ph,2023,2,67
atom-ph,2023,3,109
atom-ph,2023,4,71
atom-ph,2024,0,14
atom-ph,2024,1,48
atom-ph,2024,2,61
atom-ph,2024,3,59
atom-ph,2024,4,73
atom-ph,2025,0,9
atom-ph,2025,1,50
atom-ph,2025,2,71
atom-ph,2025,3,74
atom-ph,2025,4,57
atom-ph,2026,0,5
atom-ph,2026,1,69
atom-ph,2026,2,43
bayes-an,1995,4,1
bayes-an,1996,0,3
bayes-an,1996,1,1
bayes-an,1996,3,1
bayes-an,1997,1,1
bayes-an,1997,4,1
bayes-an,1998,0,1
bayes-an,1998,2,2
bayes-an,1998,4,1
bayes-an,1999,0,1
bayes-an,1999,1,1
bayes-an,1999,4,3
bayes-an,2000,1,1
bayes-an,2000,2,1
bayes-an,2000,4,1
bayes-an,2001,2,1
bayes-an,2001,3,3
bayes-an,2002,0,2
bayes-an,2003,0,1
bayes-an,2003,1,1
bayes-an,2003,3,2
bayes-an,2003,4,1
bayes-an,2004,0,4
bayes-an,2004,2,1
bayes-an,2004,4,1
bayes-an,2005,0,3
bayes-an,2005,2,2
bayes-an,2006,0,3
bayes-an,2006,2,2
bayes-an,2006,3,1
bayes-an,2007,0,2
bayes-an,2008,1,2
bayes-an,2008,3,2
bayes-an,2008,4,1
bayes-an,2009,0,2
bayes-an,2009,4,2
bayes-an,2010,0,1
bayes-an,2010,1,3
bayes-an,2010,3,1
bayes-an,2010,4,1
bayes-an,2011,1,1
bayes-an,2011,2,2
bayes-an,2012,1,1
bayes-an,2012,4,2
bayes-an,2013,0,1
bayes-an,2013,1,1
bayes-an,2013,2,1
bayes-an,2013,3,1
bayes-an,2013,4,1
bayes-an,2014,0,2
bayes-an,2014,2,1
bayes-an,2014,4,1
bayes-an,2015,3,1
bayes-an,2015,4,2
bayes-an,2016,1,1
bayes-an,2016,3,2
bayes-an,2016,4,2
bayes-an,2017,0,1
bayes-an,2017,2,3
bayes-an,2017,3,2
bayes-an,2018,0,1
bayes-an,2018,4,1
bayes-an,2019,0,2
bayes-an,2019,4,3
bayes-an,2020,1,1
bayes-an,2020,2,2
bayes-an,2021,2,1
bayes-an,2022,2,3
bayes-an,2023,4,2
bayes-an,2024,0,1
bayes-an,2025,2,1
chao-dyn,1964,1,1
chao-dyn,1969,3,1
chao-dyn,1976,3,1
chao-dyn,1977,0,1
chao-dyn,1978,3,1
chao-dyn,1983,0,1
chao-dyn,1985,2,1
chao-dyn,1988,0,3
chao-dyn,1992,0,2
chao-dyn,1992,1,1
chao-dyn,1992,3,1
chao-dyn,1992,4,8
chao-dyn,1993,0,6
chao-dyn,1993,1,1
chao-dyn,1993,2,3
chao-dyn,1993,3,6
chao-dyn,1993,4,16
chao-dyn,1994,0,39
chao-dyn,1994,1,9
chao-dyn,1994,2,26
chao-dyn,1994,3,53
chao-dyn,1994,4,42
chao-dyn,1995,0,72
chao-dyn,1995,1,60
chao-dyn,1995,2,102
chao-dyn,1995,3,142
chao-dyn,1995,4,128
chao-dyn,1996,0,151
chao-dyn,1996,1,131
chao-dyn,1996,2,216
chao-dyn,1996,3,284
chao-dyn,1996,4,322
chao-dyn,1997,0,279
chao-dyn,1997,1,306
chao-dyn,1997,2,406
chao-dyn,1997,3,421
chao-dyn,1997,4,453
chao-dyn,1998,0,424
chao-dyn,1998,1,389
chao-dyn,1998,2,675
chao-dyn,1998,3,604
chao-dyn,1998,4,726
chao-dyn,1999,0,942
chao-dyn,1999,1,450
chao-dyn,1999,2,736
chao-dyn,1999,3,796
chao-dyn,1999,4,722
chao-dyn,2000,0,627
chao-dyn,2000,1,723
chao-dyn,2000,2,1007
chao-dyn,2000,3,861
chao-dyn,2000,4,1142
chao-dyn,2001,0,656
chao-dyn,2001,1,917
chao-dyn,2001,2,939
chao-dyn,2001,3,870
chao-dyn,2001,4,1026
chao-dyn,2002,0,688
chao-dyn,2002,1,801
chao-dyn,2002,2,998
chao-dyn,2002,3,892
chao-dyn,2002,4,987
chao-dyn,2003,0,579
chao-dyn,2003,1,829
chao-dyn,2003,2,972
chao-dyn,2003,3,762
chao-dyn,2003,4,952
chao-dyn,2004,0,464
chao-dyn,2004,1,682
chao-dyn,2004,2,842
chao-dyn,2004,3,843
chao-dyn,2004,4,730
chao-dyn,2005,0,517
chao-dyn,2005,1,880
chao-dyn,2005,2,876
chao-dyn,2005,3,789
chao-dyn,2005,4,876
chao-dyn,2006,0,564
chao-dyn,2006,1,820
chao-dyn,2006,2,898
chao-dyn,2006,3,810
chao-dyn,2006,4,687
chao-dyn,2007,0,436
chao-dyn,2007,1,687
chao-dyn,2007,2,833
chao-dyn,2007,3,940
chao-dyn,2007,4,977
chao-dyn,2008,0,449
chao-dyn,2008,1,780
chao-dyn,2008,2,835
chao-dyn,2008,3,855
chao-dyn,2008,4,727
chao-dyn,2009,0,578
chao-dyn,2009,1,641
chao-dyn,2009,2,693
chao-dyn,2009,3,712
chao-dyn,2009,4,705
chao-dyn,2010,0,492
chao-dyn,2010,1,669
chao-dyn,2010,2,684
chao-dyn,2010,3,716
chao-dyn,2010,4,718
chao-dyn,2011,0,447
chao-dyn,2011,1,594
chao-dyn,2011,2,694
chao-dyn,2011,3,704
chao-dyn,2011,4,690
chao-dyn,2012,0,457
chao-dyn,2012,1,600
chao-dyn,2012,2,685
chao-dyn,2012,3,633
chao-dyn,2012,4,767
chao-dyn,2013,0,436
chao-dyn,2013,1,659
chao-dyn,2013,2,700
chao-dyn,2013,3,748
chao-dyn,2013,4,706
chao-dyn,2014,0,442
chao-dyn,2014,1,620
chao-dyn,2014,2,600
chao-dyn,2014,3,654
chao-dyn,2014,4,696
chao-dyn,2015,0,317
chao-dyn,2015,1,610
chao-dyn,2015,2,688
chao-dyn,2015,3,704
chao-dyn,2015,4,692
chao-dyn,2016,0,379
chao-dyn,2016,1,606
chao-dyn,2016,2,682
chao-dyn,2016,3,796
chao-dyn,2016,4,726
chao-dyn,2017,0,320
chao-dyn,2017,1,672
chao-dyn,2017,2,635
chao-dyn,2017,3,637
chao-dyn,2017,4,716
chao-dyn,2018,0,334
chao-dyn,2018,1,566
chao-dyn,2018,2,731
chao-dyn,2018,3,675
chao-dyn,2018,4,665
chao-dyn,2019,0,282
chao-dyn,2019,1,616
chao-dyn,2019,2,870
chao-dyn,2019,3,700
chao-dyn,2019,4,799
chao-dyn,2020,0,273
chao-dyn,2020,1,662
chao-dyn,2020,2,718
chao-dyn,2020,3,786
chao-dyn,2020,4,721
chao-dyn,2021,0,298
chao-dyn,2021,1,764
chao-dyn,2021,2,829
chao-dyn,2021,3,837
chao-dyn,2021,4,726
chao-dyn,2022,0,244
chao-dyn,2022,1,664
chao-dyn,2022,2,750
chao-dyn,2022,3,653
chao-dyn,2022,4,721
chao-dyn,2023,0,232
chao-dyn,2023,1,678
chao-dyn,2023,2,660
chao-dyn,2023,3,648
chao-dyn,2023,4,697
chao-dyn,2024,0,159
chao-dyn,2024,1,588
chao-dyn,2024,2,573
chao-dyn,2024,3,543
chao-dyn,2024,4,654
chao-dyn,2025,0,216
chao-dyn,2025,1,607
chao-dyn,2025,2,720
chao-dyn,2025,3,555
chao-dyn,2025,4,572
chao-dyn,2026,0,124
chao-dyn,2026,1,469
chao-dyn,2026,2,412
chem-ph,1983,2,1
chem-ph,1984,0,1
chem-ph,1994,0,1
chem-ph,1994,1,1
chem-ph,1994,3,3
chem-ph,1994,4,3
chem-ph,1995,0,8
chem-ph,1995,1,12
chem-ph,1995,2,17
chem-ph,1995,3,22
chem-ph,1995,4,32
chem-ph,1996,0,79
chem-ph,1996,1,34
chem-ph,1996,2,65
chem-ph,1996,3,86
chem-ph,1996,4,92
chem-ph,1997,0,101
chem-ph,1997,1,118
chem-ph,1997,2,130
chem-ph,1997,3,96
chem-ph,1997,4,163
chem-ph,1998,0,81
chem-ph,1998,1,120
chem-ph,1998,2,148
chem-ph,1998,3,175
chem-ph,1998,4,141
chem-ph,1999,0,134
chem-ph,1999,1,93
chem-ph,1999,2,110
chem-ph,1999,3,124
chem-ph,1999,4,128
chem-ph,2000,0,90
chem-ph,2000,1,85
chem-ph,2000,2,142
chem-ph,2000,3,101
chem-ph,2000,4,127
chem-ph,2001,0,63
chem-ph,2001,1,112
chem-ph,2001,2,115
chem-ph,2001,3,124
chem-ph,2001,4,103
chem-ph,2002,0,50
chem-ph,2002,1,83
chem-ph,2002,2,97
chem-ph,2002,3,110
chem-ph,2002,4,110
chem-ph,2003,0,38
chem-ph,2003,1,82
chem-ph,2003,2,128
chem-ph,2003,3,81
chem-ph,2003,4,116
chem-ph,2004,0,36
chem-ph,2004,1,107
chem-ph,2004,2,102
chem-ph,2004,3,92
chem-ph,2004,4,109
chem-ph,2005,0,41
chem-ph,2005,1,96
chem-ph,2005,2,123
chem-ph,2005,3,112
chem-ph,2005,4,133
chem-ph,2006,0,35
chem-ph,2006,1,148
chem-ph,2006,2,107
chem-ph,2006,3,92
chem-ph,2006,4,97
chem-ph,2007,0,39
chem-ph,2007,1,88
chem-ph,2007,2,106
chem-ph,2007,3,97
chem-ph,2007,4,106
chem-ph,2008,0,55
chem-ph,2008,1,107
chem-ph,2008,2,120
chem-ph,2008,3,105
chem-ph,2008,4,107
chem-ph,2009,0,42
chem-ph,2009,1,110
chem-ph,2009,2,101
chem-ph,2009,3,84
chem-ph,2009,4,102
chem-ph,2010,0,49
chem-ph,2010,1,92
chem-ph,2010,2,90
chem-ph,2010,3,102
chem-ph,2010,4,95
chem-ph,2011,0,62
chem-ph,2011,1,92
chem-ph,2011,2,94
chem-ph,2011,3,90
chem-ph,2011,4,92
chem-ph,2012,0,58
chem-ph,2012,1,90
chem-ph,2012,2,108
chem-ph,2012,3,95
chem-ph,2012,4,111
chem-ph,2013,0,38
chem-ph,2013,1,82
chem-ph,2013,2,85
chem-ph,2013,3,100
chem-ph,2013,4,102
chem-ph,2014,0,42
chem-ph,2014,1,104
chem-ph,2014,2,99
chem-ph,2014,3,111
chem-ph,2014,4,111
chem-ph,2015,0,72
chem-ph,2015,1,91
chem-ph,2015,2,89
chem-ph,2015,3,97
chem-ph,2015,4,94
chem-ph,2016,0,58
chem-ph,2016,1,84
chem-ph,2016,2,100
chem-ph,2016,3,97
chem-ph,2016,4,98
chem-ph,2017,0,65
chem-ph,2017,1,86
chem-ph,2017,2,113
chem-ph,2017,3,117
chem-ph,2017,4,98
chem-ph,2018,0,46
chem-ph,2018,1,87
chem-ph,2018,2,88
chem-ph,2018,3,95
chem-ph,2018,4,101
chem-ph,2019,0,52
chem-ph,2019,1,80
chem-ph,2019,2,79
chem-ph,2019,3,79
chem-ph,2019,4,89
chem-ph,2020,0,62
chem-ph,2020,1,89
chem-ph,2020,2,100
chem-ph,2020,3,88
chem-ph,2020,4,114
chem-ph,2021,0,50
chem-ph,2021,1,90
chem-ph,2021,2,95
chem-ph,2021,3,96
chem-ph,2021,4,108
chem-ph,2022,0,61
chem-ph,2022,1,79
chem-ph,2022,2,85
chem-ph,2022,3,77
chem-ph,2022,4,79
chem-ph,2023,0,54
chem-ph,2023,1,83
chem-ph,2023,2,85
chem-ph,2023,3,90
chem-ph,2023,4,85
chem-ph,2024,0,51
chem-ph,2024,1,73
chem-ph,2024,2,95
chem-ph,2024,3,80
chem-ph,2024,4,84
chem-ph,2025,0,37
chem-ph,2025,1,79
chem-ph,2025,2,106
chem-ph,2025,3,80
chem-ph,2025,4,87
chem-ph,2026,0,19
chem-ph,2026,1,75
chem-ph,2026,2,53
cmp-lg,1968,4,1
cmp-lg,1970,0,1
cmp-lg,1987,0,1
cmp-lg,1990,0,1
cmp-lg,1992,0,8
cmp-lg,1993,0,10
cmp-lg,1993,1,2
cmp-lg,1993,2,1
cmp-lg,1993,4,1
cmp-lg,1994,0,63
cmp-lg,1994,2,10
cmp-lg,1994,3,14
cmp-lg,1994,4,26
cmp-lg,1995,0,109
cmp-lg,1995,1,20
cmp-lg,1995,2,39
cmp-lg,1995,3,25
cmp-lg,1995,4,13
cmp-lg,1996,0,235
cmp-lg,1996,1,13
cmp-lg,1996,2,60
cmp-lg,1996,3,60
cmp-lg,1996,4,35
cmp-lg,1997,0,390
cmp-lg,1997,1,48
cmp-lg,1997,2,74
cmp-lg,1997,3,79
cmp-lg,1997,4,89
cmp-lg,1998,0,552
cmp-lg,1998,1,42
cmp-lg,1998,2,87
cmp-lg,1998,3,81
cmp-lg,1998,4,56
cmp-lg,1999,0,385
cmp-lg,1999,1,59
cmp-lg,1999,2,78
cmp-lg,1999,3,112
cmp-lg,1999,4,56
cmp-lg,2000,0,534
cmp-lg,2000,1,48
cmp-lg,2000,2,184
cmp-lg,2000,3,108
cmp-lg,2000,4,77
cmp-lg,2001,0,466
cmp-lg,2001,1,41
cmp-lg,2001,2,70
cmp-lg,2001,3,90
cmp-lg,2001,4,39
cmp-lg,2002,0,459
cmp-lg,2002,1,45
cmp-lg,2002,2,118
cmp-lg,2002,3,68
cmp-lg,2002,4,189
cmp-lg,2003,0,503
cmp-lg,2003,1,78
cmp-lg,2003,2,80
cmp-lg,2003,3,103
cmp-lg,2003,4,89
cmp-lg,2004,0,534
cmp-lg,2004,1,68
cmp-lg,2004,2,135
cmp-lg,2004,3,171
cmp-lg,2004,4,95
cmp-lg,2005,0,624
cmp-lg,2005,1,70
cmp-lg,2005,2,98
cmp-lg,2005,3,148
cmp-lg,2005,4,109
cmp-lg,2006,0,639
cmp-lg,2006,1,93
cmp-lg,2006,2,146
cmp-lg,2006,3,153
cmp-lg,2006,4,144
cmp-lg,2007,0,497
cmp-lg,2007,1,102
cmp-lg,2007,2,179
cmp-lg,2007,3,188
cmp-lg,2007,4,240
cmp-lg,2008,0,528
cmp-lg,2008,1,121
cmp-lg,2008,2,193
cmp-lg,2008,3,185
cmp-lg,2008,4,204
cmp-lg,2009,0,585
cmp-lg,2009,1,84
cmp-lg,2009,2,134
cmp-lg,2009,3,160
cmp-lg,2009,4,185
cmp-lg,2010,0,400
cmp-lg,2010,1,110
cmp-lg,2010,2,173
cmp-lg,2010,3,269
cmp-lg,2010,4,197
cmp-lg,2011,0,348
cmp-lg,2011,1,87
cmp-lg,2011,2,178
cmp-lg,2011,3,183
cmp-lg,2011,4,217
cmp-lg,2012,0,332
cmp-lg,2012,1,108
cmp-lg,2012,2,235
cmp-lg,2012,3,187
cmp-lg,2012,4,242
cmp-lg,2013,0,337
cmp-lg,2013,1,128
cmp-lg,2013,2,176
cmp-lg,2013,3,281
cmp-lg,2013,4,221
cmp-lg,2014,0,451
cmp-lg,2014,1,132
cmp-lg,2014,2,160
cmp-lg,2014,3,194
cmp-lg,2014,4,227
cmp-lg,2015,0,366
cmp-lg,2015,1,161
cmp-lg,2015,2,196
cmp-lg,2015,3,193
cmp-lg,2015,4,222
cmp-lg,2016,0,284
cmp-lg,2016,1,119
cmp-lg,2016,2,144
cmp-lg,2016,3,139
cmp-lg,2016,4,174
cmp-lg,2017,0,195
cmp-lg,2017,1,84
cmp-lg,2017,2,93
cmp-lg,2017,3,147
cmp-lg,2017,4,127
cmp-lg,2018,0,208
cmp-lg,2018,1,72
cmp-lg,2018,2,146
cmp-lg,2018,3,136
cmp-lg,2018,4,113
cmp-lg,2019,0,195
cmp-lg,2019,1,88
cmp-lg,2019,2,149
cmp-lg,2019,3,126
cmp-lg,2019,4,148
cmp-lg,2020,0,174
cmp-lg,2020,1,50
cmp-lg,2020,2,127
cmp-lg,2020,3,137
cmp-lg,2020,4,127
cmp-lg,2021,0,172
cmp-lg,2021,1,91
cmp-lg,2021,2,108
cmp-lg,2021,3,109
cmp-lg,2021,4,93
cmp-lg,2022,0,88
cmp-lg,2022,1,139
cmp-lg,2022,2,51
cmp-lg,2022,3,56
cmp-lg,2022,4,66
cmp-lg,2023,0,99
cmp-lg,2023,1,37
cmp-lg,2023,2,47
cmp-lg,2023,3,35
cmp-lg,2023,4,77
cmp-lg,2024,0,14
cmp-lg,2024,1,23
cmp-lg,2024,2,34
cmp-lg,2024,3,23
cmp-lg,2024,4,25
cmp-lg,2025,0,13
cmp-lg,2025,1,20
cmp-lg,2025,2,23
cmp-lg,2025,3,13
cmp-lg,2025,4,5
cmp-lg,2026,0,2
cmp-lg,2026,1,6
cmp-lg,2026,2,6
comp-gas,1992,0,1
comp-gas,1992,4,2
comp-gas,1993,0,2
comp-gas,1993,2,1
comp-gas,1993,3,4
comp-gas,1993,4,6
comp-gas,1994,0,8
comp-gas,1994,1,4
comp-gas,1994,2,17
comp-gas,1994,3,15
comp-gas,1994,4,9
comp-gas,1995,0,18
comp-gas,1995,1,15
comp-gas,1995,2,36
comp-gas,1995,3,39
comp-gas,1995,4,74
comp-gas,1996,0,35
comp-gas,1996,1,20
comp-gas,1996,2,45
comp-gas,1996,3,63
comp-gas,1996,4,61
comp-gas,1997,0,45
comp-gas,1997,1,50
comp-gas,1997,2,92
comp-gas,1997,3,68
comp-gas,1997,4,92
comp-gas,1998,0,120
comp-gas,1998,1,46
comp-gas,1998,2,67
comp-gas,1998,3,79
comp-gas,1998,4,113
comp-gas,1999,0,75
comp-gas,1999,1,47
comp-gas,1999,2,75
comp-gas,1999,3,98
comp-gas,1999,4,81
comp-gas,2000,0,117
comp-gas,2000,1,68
comp-gas,2000,2,79
comp-gas,2000,3,97
comp-gas,2000,4,94
comp-gas,2001,0,114
comp-gas,2001,1,70
comp-gas,2001,2,96
comp-gas,2001,3,91
comp-gas,2001,4,100
comp-gas,2002,0,108
comp-gas,2002,1,109
comp-gas,2002,2,173
comp-gas,2002,3,122
comp-gas,2002,4,125
comp-gas,2003,0,110
comp-gas,2003,1,110
comp-gas,2003,2,170
comp-gas,2003,3,115
comp-gas,2003,4,128
comp-gas,2004,0,89
comp-gas,2004,1,107
comp-gas,2004,2,103
comp-gas,2004,3,112
comp-gas,2004,4,108
comp-gas,2005,0,106
comp-gas,2005,1,98
comp-gas,2005,2,130
comp-gas,2005,3,145
comp-gas,2005,4,168
comp-gas,2006,0,108
comp-gas,2006,1,150
comp-gas,2006,2,153
comp-gas,2006,3,178
comp-gas,2006,4,112
comp-gas,2007,0,96
comp-gas,2007,1,117
comp-gas,2007,2,137
comp-gas,2007,3,182
comp-gas,2007,4,169
comp-gas,2008,0,109
comp-gas,2008,1,143
comp-gas,2008,2,148
comp-gas,2008,3,127
comp-gas,2008,4,141
comp-gas,2009,0,133
comp-gas,2009,1,147
comp-gas,2009,2,193
comp-gas,2009,3,172
comp-gas,2009,4,172
comp-gas,2010,0,121
comp-gas,2010,1,124
comp-gas,2010,2,159
comp-gas,2010,3,213
comp-gas,2010,4,183
comp-gas,2011,0,226
comp-gas,2011,1,149
comp-gas,2011,2,206
comp-gas,2011,3,179
comp-gas,2011,4,173
comp-gas,2012,0,143
comp-gas,2012,1,134
comp-gas,2012,2,152
comp-gas,2012,3,173
comp-gas,2012,4,175
comp-gas,2013,0,142
comp-gas,2013,1,136
comp-gas,2013,2,162
comp-gas,2013,3,218
comp-gas,2013,4,189
comp-gas,2014,0,116
comp-gas,2014,1,178
comp-gas,2014,2,233
comp-gas,2014,3,165
comp-gas,2014,4,191
comp-gas,2015,0,142
comp-gas,2015,1,165
comp-gas,2015,2,185
comp-gas,2015,3,178
comp-gas,2015,4,240
comp-gas,2016,0,129
comp-gas,2016,1,189
comp-gas,2016,2,206
comp-gas,2016,3,216
comp-gas,2016,4,271
comp-gas,2017,0,114
comp-gas,2017,1,182
comp-gas,2017,2,345
comp-gas,2017,3,182
comp-gas,2017,4,212
comp-gas,2018,0,114
comp-gas,2018,1,213
comp-gas,2018,2,247
comp-gas,2018,3,219
comp-gas,2018,4,231
comp-gas,2019,0,93
comp-gas,2019,1,190
comp-gas,2019,2,288
comp-gas,2019,3,201
comp-gas,2019,4,265
comp-gas,2020,0,112
comp-gas,2020,1,229
comp-gas,2020,2,228
comp-gas,2020,3,240
comp-gas,2020,4,260
comp-gas,2021,0,126
comp-gas,2021,1,274
comp-gas,2021,2,286
comp-gas,2021,3,266
comp-gas,2021,4,243
comp-gas,2022,0,110
comp-gas,2022,1,249
comp-gas,2022,2,285
comp-gas,2022,3,268
comp-gas,2022,4,266
comp-gas,2023,0,127
comp-gas,2023,1,258
comp-gas,2023,2,257
comp-gas,2023,3,297
comp-gas,2023,4,248
comp-gas,2024,0,192
comp-gas,2024,1,278
comp-gas,2024,2,292
comp-gas,2024,3,229
comp-gas,2024,4,263
comp-gas,2025,0,165
comp-gas,2025,1,196
comp-gas,2025,2,245
comp-gas,2025,3,265
comp-gas,2025,4,263
comp-gas,2026,0,122
comp-gas,2026,1,241
comp-gas,2026,2,232
cond-mat,1900,0,3
cond-mat,1939,2,1
cond-mat,1942,3,1
cond-mat,1947,0,1
cond-mat,1961,2,1
cond-mat,1962,1,2
cond-mat,1964,4,1
cond-mat,1969,4,1
cond-mat,1970,0,2
cond-mat,1972,0,2
cond-mat,1972,2,3
cond-mat,1973,4,1
cond-mat,1975,1,1
cond-mat,1976,0,1
cond-mat,1976,3,1
cond-mat,1977,3,1
cond-mat,1977,4,1
cond-mat,1978,0,2
cond-mat,1978,2,2
cond-mat,1979,3,2
cond-mat,1980,1,1
cond-mat,1981,0,1
cond-mat,1981,2,1
cond-mat,1981,4,1
cond-mat,1982,0,1
cond-mat,1982,1,1
cond-mat,1983,2,1
cond-mat,1984,1,2
cond-mat,1984,4,2
cond-mat,1985,3,2
cond-mat,1986,0,1
cond-mat,1986,3,2
cond-mat,1987,1,1
cond-mat,1987,3,2
cond-mat,1988,0,4
cond-mat,1988,2,1
cond-mat,1989,0,3
cond-mat,1989,4,4
cond-mat,1990,0,1
cond-mat,1990,2,2
cond-mat,1990,3,2
cond-mat,1991,0,1
cond-mat,1991,3,1
cond-mat,1992,0,28
cond-mat,1992,2,1
cond-mat,1992,3,5
cond-mat,1992,4,13
cond-mat,1993,0,85
cond-mat,1993,1,34
cond-mat,1993,2,95
cond-mat,1993,3,144
cond-mat,1993,4,259
cond-mat,1994,0,346
cond-mat,1994,1,315
cond-mat,1994,2,557
cond-mat,1994,3,661
cond-mat,1994,4,934
cond-mat,1995,0,774
cond-mat,1995,1,1020
cond-mat,1995,2,1503
cond-mat,1995,3,1665
cond-mat,1995,4,1812
cond-mat,1996,0,1559
cond-mat,1996,1,1746
cond-mat,1996,2,2738
cond-mat,1996,3,3012
cond-mat,1996,4,3657
cond-mat,1997,0,2275
cond-mat,1997,1,2884
cond-mat,1997,2,3830
cond-mat,1997,3,4439
cond-mat,1997,4,4313
cond-mat,1998,0,2521
cond-mat,1998,1,3422
cond-mat,1998,2,5246
cond-mat,1998,3,4865
cond-mat,1998,4,5191
cond-mat,1999,0,4263
cond-mat,1999,1,3509
cond-mat,1999,2,4558
cond-mat,1999,3,4789
cond-mat,1999,4,4813
cond-mat,2000,0,2937
cond-mat,2000,1,3996
cond-mat,2000,2,5359
cond-mat,2000,3,5098
cond-mat,2000,4,5787
cond-mat,2001,0,3382
cond-mat,2001,1,4952
cond-mat,2001,2,6629
cond-mat,2001,3,5350
cond-mat,2001,4,5747
cond-mat,2002,0,3282
cond-mat,2002,1,5459
cond-mat,2002,2,5788
cond-mat,2002,3,5658
cond-mat,2002,4,6122
cond-mat,2003,0,3271
cond-mat,2003,1,5733
cond-mat,2003,2,7073
cond-mat,2003,3,5668
cond-mat,2003,4,6465
cond-mat,2004,0,3098
cond-mat,2004,1,6597
cond-mat,2004,2,7293
cond-mat,2004,3,6715
cond-mat,2004,4,7647
cond-mat,2005,0,3016
cond-mat,2005,1,6816
cond-mat,2005,2,7185
cond-mat,2005,3,7845
cond-mat,2005,4,7628
cond-mat,2006,0,3128
cond-mat,2006,1,7636
cond-mat,2006,2,7694
cond-mat,2006,3,6988
cond-mat,2006,4,7093
cond-mat,2007,0,2610
cond-mat,2007,1,6824
cond-mat,2007,2,7460
cond-mat,2007,3,6842
cond-mat,2007,4,7237
cond-mat,2008,0,2970
cond-mat,2008,1,6222
cond-mat,2008,2,7006
cond-mat,2008,3,6416
cond-mat,2008,4,6562
cond-mat,2009,0,2948
cond-mat,2009,1,7351
cond-mat,2009,2,6582
cond-mat,2009,3,5709
cond-mat,2009,4,5902
cond-mat,2010,0,2439
cond-mat,2010,1,5252
cond-mat,2010,2,5723
cond-mat,2010,3,5625
cond-mat,2010,4,5703
cond-mat,2011,0,3140
cond-mat,2011,1,4772
cond-mat,2011,2,5524
cond-mat,2011,3,5704
cond-mat,2011,4,5550
cond-mat,2012,0,2811
cond-mat,2012,1,4925
cond-mat,2012,2,5275
cond-mat,2012,3,5146
cond-mat,2012,4,6195
cond-mat,2013,0,2818
cond-mat,2013,1,5061
cond-mat,2013,2,5048
cond-mat,2013,3,5689
cond-mat,2013,4,5257
cond-mat,2014,0,2352
cond-mat,2014,1,4835
cond-mat,2014,2,4829
cond-mat,2014,3,5055
cond-mat,2014,4,5516
cond-mat,2015,0,2212
cond-mat,2015,1,4509
cond-mat,2015,2,5081
cond-mat,2015,3,4810
cond-mat,2015,4,5039
cond-mat,2016,0,2029
cond-mat,2016,1,4863
cond-mat,2016,2,4976
cond-mat,2016,3,6162
cond-mat,2016,4,5303
cond-mat,2017,0,1983
cond-mat,2017,1,4767
cond-mat,2017,2,5073
cond-mat,2017,3,5010
cond-mat,2017,4,5009
cond-mat,2018,0,2105
cond-mat,2018,1,4219
cond-mat,2018,2,4882
cond-mat,2018,3,4912
cond-mat,2018,4,4918
cond-mat,2019,0,1779
cond-mat,2019,1,4565
cond-mat,2019,2,5249
cond-mat,2019,3,5182
cond-mat,2019,4,5133
cond-mat,2020,0,1873
cond-mat,2020,1,5140
cond-mat,2020,2,5062
cond-mat,2020,3,6520
cond-mat,2020,4,5297
cond-mat,2021,0,1857
cond-mat,2021,1,5376
cond-mat,2021,2,5600
cond-mat,2021,3,5416
cond-mat,2021,4,5220
cond-mat,2022,0,1560
cond-mat,2022,1,4950
cond-mat,2022,2,5643
cond-mat,2022,3,4652
cond-mat,2022,4,5123
cond-mat,2023,0,1310
cond-mat,2023,1,4701
cond-mat,2023,2,5236
cond-mat,2023,3,5539
cond-mat,2023,4,5408
cond-mat,2024,0,1350
cond-mat,2024,1,4394
cond-mat,2024,2,4535
cond-mat,2024,3,4431
cond-mat,2024,4,4439
cond-mat,2025,0,1220
cond-mat,2025,1,4180
cond-mat,2025,2,4610
cond-mat,2025,3,4297
cond-mat,2025,4,4097
cond-mat,2026,0,677
cond-mat,2026,1,3795
cond-mat,2026,2,2581
cond-mat.dis-nn,1900,0,15
cond-mat.dis-nn,1913,0,1
cond-mat.dis-nn,1915,0,1
cond-mat.dis-nn,1923,0,1
cond-mat.dis-nn,1935,0,1
cond-mat.dis-nn,1954,1,5
cond-mat.dis-nn,1960,1,1
cond-mat.dis-nn,1961,4,1
cond-mat.dis-nn,1967,1,1
cond-mat.dis-nn,1969,4,4
cond-mat.dis-nn,1970,0,3
cond-mat.dis-nn,1970,3,3
cond-mat.dis-nn,1971,0,1
cond-mat.dis-nn,1971,4,2
cond-mat.dis-nn,1972,0,1
cond-mat.dis-nn,1976,0,4
cond-mat.dis-nn,1976,2,4
cond-mat.dis-nn,1976,3,13
cond-mat.dis-nn,1976,4,1
cond-mat.dis-nn,1977,0,1
cond-mat.dis-nn,1977,2,2
cond-mat.dis-nn,1977,3,1
cond-mat.dis-nn,1977,4,3
cond-mat.dis-nn,1978,2,1
cond-mat.dis-nn,1980,0,1
cond-mat.dis-nn,1980,1,1
cond-mat.dis-nn,1980,3,1
cond-mat.dis-nn,1981,2,1
cond-mat.dis-nn,1981,3,1
cond-mat.dis-nn,1982,0,1
cond-mat.dis-nn,1982,1,10
cond-mat.dis-nn,1982,3,8
cond-mat.dis-nn,1984,0,2
cond-mat.dis-nn,1984,4,4
cond-mat.dis-nn,1985,2,1
cond-mat.dis-nn,1986,1,1
cond-mat.dis-nn,1987,0,1
cond-mat.dis-nn,1987,4,1
cond-mat.dis-nn,1988,0,3
cond-mat.dis-nn,1988,3,1
cond-mat.dis-nn,1989,3,1
cond-mat.dis-nn,1990,0,3
cond-mat.dis-nn,1990,3,8
cond-mat.dis-nn,1991,1,3
cond-mat.dis-nn,1992,0,5
cond-mat.dis-nn,1992,2,1
cond-mat.dis-nn,1992,3,2
cond-mat.dis-nn,1992,4,3
cond-mat.dis-nn,1993,0,1
cond-mat.dis-nn,1993,1,1
cond-mat.dis-nn,1993,2,3
cond-mat.dis-nn,1993,3,8
cond-mat.dis-nn,1993,4,1
cond-mat.dis-nn,1994,0,2
cond-mat.dis-nn,1994,1,1
cond-mat.dis-nn,1994,3,3
cond-mat.dis-nn,1994,4,1
cond-mat.dis-nn,1995,0,9
cond-mat.dis-nn,1995,1,3
cond-mat.dis-nn,1995,2,22
cond-mat.dis-nn,1995,3,2
cond-mat.dis-nn,1995,4,4
cond-mat.dis-nn,1996,0,7
cond-mat.dis-nn,1996,1,2
cond-mat.dis-nn,1996,2,4
cond-mat.dis-nn,1996,3,5
cond-mat.dis-nn,1996,4,12
cond-mat.dis-nn,1997,0,23
cond-mat.dis-nn,1997,1,9
cond-mat.dis-nn,1997,2,24
cond-mat.dis-nn,1997,3,44
cond-mat.dis-nn,1997,4,66
cond-mat.dis-nn,1998,0,119
cond-mat.dis-nn,1998,1,112
cond-mat.dis-nn,1998,2,189
cond-mat.dis-nn,1998,3,244
cond-mat.dis-nn,1998,4,366
cond-mat.dis-nn,1999,0,405
cond-mat.dis-nn,1999,1,232
cond-mat.dis-nn,1999,2,445
cond-mat.dis-nn,1999,3,480
cond-mat.dis-nn,1999,4,611
cond-mat.dis-nn,2000,0,514
cond-mat.dis-nn,2000,1,523
cond-mat.dis-nn,2000,2,826
cond-mat.dis-nn,2000,3,910
cond-mat.dis-nn,2000,4,1124
cond-mat.dis-nn,2001,0,861
cond-mat.dis-nn,2001,1,1048
cond-mat.dis-nn,2001,2,1351
cond-mat.dis-nn,2001,3,1782
cond-mat.dis-nn,2001,4,1702
cond-mat.dis-nn,2002,0,1106
cond-mat.dis-nn,2002,1,1612
cond-mat.dis-nn,2002,2,1819
cond-mat.dis-nn,2002,3,2059
cond-mat.dis-nn,2002,4,2284
cond-mat.dis-nn,2003,0,1476
cond-mat.dis-nn,2003,1,2458
cond-mat.dis-nn,2003,2,2403
cond-mat.dis-nn,2003,3,2247
cond-mat.dis-nn,2003,4,2905
cond-mat.dis-nn,2004,0,1792
cond-mat.dis-nn,2004,1,2891
cond-mat.dis-nn,2004,2,2997
cond-mat.dis-nn,2004,3,3162
cond-mat.dis-nn,2004,4,3700
cond-mat.dis-nn,2005,0,2247
cond-mat.dis-nn,2005,1,3367
cond-mat.dis-nn,2005,2,4020
cond-mat.dis-nn,2005,3,4205
cond-mat.dis-nn,2005,4,4409
cond-mat.dis-nn,2006,0,3077
cond-mat.dis-nn,2006,1,4531
cond-mat.dis-nn,2006,2,4374
cond-mat.dis-nn,2006,3,4796
cond-mat.dis-nn,2006,4,5352
cond-mat.dis-nn,2007,0,3083
cond-mat.dis-nn,2007,1,4629
cond-mat.dis-nn,2007,2,7108
cond-mat.dis-nn,2007,3,6071
cond-mat.dis-nn,2007,4,5939
cond-mat.dis-nn,2008,0,3827
cond-mat.dis-nn,2008,1,5138
cond-mat.dis-nn,2008,2,6422
cond-mat.dis-nn,2008,3,6333
cond-mat.dis-nn,2008,4,6885
cond-mat.dis-nn,2009,0,6090
cond-mat.dis-nn,2009,1,6921
cond-mat.dis-nn,2009,2,6567
cond-mat.dis-nn,2009,3,6719
cond-mat.dis-nn,2009,4,6922
cond-mat.dis-nn,2010,0,4975
cond-mat.dis-nn,2010,1,5903
cond-mat.dis-nn,2010,2,7465
cond-mat.dis-nn,2010,3,7554
cond-mat.dis-nn,2010,4,7654
cond-mat.dis-nn,2011,0,5558
cond-mat.dis-nn,2011,1,6069
cond-mat.dis-nn,2011,2,8113
cond-mat.dis-nn,2011,3,8546
cond-mat.dis-nn,2011,4,8577
cond-mat.dis-nn,2012,0,6059
cond-mat.dis-nn,2012,1,7197
cond-mat.dis-nn,2012,2,8111
cond-mat.dis-nn,2012,3,8575
cond-mat.dis-nn,2012,4,9456
cond-mat.dis-nn,2013,0,7465
cond-mat.dis-nn,2013,1,8223
cond-mat.dis-nn,2013,2,8498
cond-mat.dis-nn,2013,3,9653
cond-mat.dis-nn,2013,4,9285
cond-mat.dis-nn,2014,0,6523
cond-mat.dis-nn,2014,1,8783
cond-mat.dis-nn,2014,2,9380
cond-mat.dis-nn,2014,3,10580
cond-mat.dis-nn,2014,4,10577
cond-mat.dis-nn,2015,0,5881
cond-mat.dis-nn,2015,1,8384
cond-mat.dis-nn,2015,2,9799
cond-mat.dis-nn,2015,3,10564
cond-mat.dis-nn,2015,4,11021
cond-mat.dis-nn,2016,0,5823
cond-mat.dis-nn,2016,1,9437
cond-mat.dis-nn,2016,2,10937
cond-mat.dis-nn,2016,3,12193
cond-mat.dis-nn,2016,4,11949
cond-mat.dis-nn,2017,0,5770
cond-mat.dis-nn,2017,1,11218
cond-mat.dis-nn,2017,2,11322
cond-mat.dis-nn,2017,3,12156
cond-mat.dis-nn,2017,4,13182
cond-mat.dis-nn,2018,0,6371
cond-mat.dis-nn,2018,1,10934
cond-mat.dis-nn,2018,2,14560
cond-mat.dis-nn,2018,3,13856
cond-mat.dis-nn,2018,4,13460
cond-mat.dis-nn,2019,0,5979
cond-mat.dis-nn,2019,1,12252
cond-mat.dis-nn,2019,2,14223
cond-mat.dis-nn,2019,3,13821
cond-mat.dis-nn,2019,4,16617
cond-mat.dis-nn,2020,0,6503
cond-mat.dis-nn,2020,1,14473
cond-mat.dis-nn,2020,2,14929
cond-mat.dis-nn,2020,3,16706
cond-mat.dis-nn,2020,4,16210
cond-mat.dis-nn,2021,0,6741
cond-mat.dis-nn,2021,1,17410
cond-mat.dis-nn,2021,2,18292
cond-mat.dis-nn,2021,3,17285
cond-mat.dis-nn,2021,4,18124
cond-mat.dis-nn,2022,0,5863
cond-mat.dis-nn,2022,1,15562
cond-mat.dis-nn,2022,2,21976
cond-mat.dis-nn,2022,3,15471
cond-mat.dis-nn,2022,4,17307
cond-mat.dis-nn,2023,0,5189
cond-mat.dis-nn,2023,1,15477
cond-mat.dis-nn,2023,2,17118
cond-mat.dis-nn,2023,3,17915
cond-mat.dis-nn,2023,4,17904
cond-mat.dis-nn,2024,0,5115
cond-mat.dis-nn,2024,1,14773
cond-mat.dis-nn,2024,2,16094
cond-mat.dis-nn,2024,3,14575
cond-mat.dis-nn,2024,4,14929
cond-mat.dis-nn,2025,0,4661
cond-mat.dis-nn,2025,1,13733
cond-mat.dis-nn,2025,2,15974
cond-mat.dis-nn,2025,3,14302
cond-mat.dis-nn,2025,4,14162
cond-mat.dis-nn,2026,0,2233
cond-mat.dis-nn,2026,1,11673
cond-mat.dis-nn,2026,2,9139
cond-mat.mes-hall,1884,0,1
cond-mat.mes-hall,1885,2,1
cond-mat.mes-hall,1891,3,4
cond-mat.mes-hall,1900,0,8
cond-mat.mes-hall,1904,0,1
cond-mat.mes-hall,1917,0,1
cond-mat.mes-hall,1917,3,2
cond-mat.mes-hall,1930,0,6
cond-mat.mes-hall,1932,0,1
cond-mat.mes-hall,1935,3,1
cond-mat.mes-hall,1939,2,17
cond-mat.mes-hall,1942,3,4
cond-mat.mes-hall,1947,0,1
cond-mat.mes-hall,1951,2,2
cond-mat.mes-hall,1955,1,12
cond-mat.mes-hall,1957,2,1
cond-mat.mes-hall,1960,1,7
cond-mat.mes-hall,1961,0,1
cond-mat.mes-hall,1962,3,3
cond-mat.mes-hall,1964,4,24
cond-mat.mes-hall,1965,0,2
cond-mat.mes-hall,1965,1,2
cond-mat.mes-hall,1966,0,1
cond-mat.mes-hall,1967,0,1
cond-mat.mes-hall,1967,4,1
cond-mat.mes-hall,1968,0,1
cond-mat.mes-hall,1968,3,5
cond-mat.mes-hall,1969,0,3
cond-mat.mes-hall,1969,4,12
cond-mat.mes-hall,1970,0,5
cond-mat.mes-hall,1970,3,3
cond-mat.mes-hall,1971,0,1
cond-mat.mes-hall,1971,3,8
cond-mat.mes-hall,1972,1,1
cond-mat.mes-hall,1972,2,5
cond-mat.mes-hall,1972,3,1
cond-mat.mes-hall,1972,4,4
cond-mat.mes-hall,1973,0,1
cond-mat.mes-hall,1973,1,1
cond-mat.mes-hall,1973,2,9
cond-mat.mes-hall,1973,3,1
cond-mat.mes-hall,1973,4,2
cond-mat.mes-hall,1974,1,3
cond-mat.mes-hall,1974,2,1
cond-mat.mes-hall,1974,3,2
cond-mat.mes-hall,1974,4,20
cond-mat.mes-hall,1975,1,2
cond-mat.mes-hall,1975,2,1
cond-mat.mes-hall,1975,3,1
cond-mat.mes-hall,1975,4,5
cond-mat.mes-hall,1976,0,9
cond-mat.mes-hall,1976,1,2
cond-mat.mes-hall,1976,2,21
cond-mat.mes-hall,1976,3,1
cond-mat.mes-hall,1976,4,2
cond-mat.mes-hall,1977,0,2
cond-mat.mes-hall,1977,1,1
cond-mat.mes-hall,1977,2,1
cond-mat.mes-hall,1977,3,2
cond-mat.mes-hall,1978,0,12
cond-mat.mes-hall,1978,2,20
cond-mat.mes-hall,1978,3,9
cond-mat.mes-hall,1978,4,2
cond-mat.mes-hall,1979,0,1
cond-mat.mes-hall,1979,2,11
cond-mat.mes-hall,1979,3,3
cond-mat.mes-hall,1979,4,2
cond-mat.mes-hall,1980,0,10
cond-mat.mes-hall,1980,1,1
cond-mat.mes-hall,1980,2,3
cond-mat.mes-hall,1980,4,14
cond-mat.mes-hall,1981,0,15
cond-mat.mes-hall,1981,1,2
cond-mat.mes-hall,1981,3,1
cond-mat.mes-hall,1981,4,2
cond-mat.mes-hall,1982,0,45
cond-mat.mes-hall,1982,1,5
cond-mat.mes-hall,1982,3,1
cond-mat.mes-hall,1982,4,1
cond-mat.mes-hall,1983,0,17
cond-mat.mes-hall,1983,2,1
cond-mat.mes-hall,1983,4,14
cond-mat.mes-hall,1984,0,7
cond-mat.mes-hall,1984,1,3
cond-mat.mes-hall,1984,3,2
cond-mat.mes-hall,1984,4,1
cond-mat.mes-hall,1985,1,1
cond-mat.mes-hall,1985,3,13
cond-mat.mes-hall,1986,0,10
cond-mat.mes-hall,1986,1,3
cond-mat.mes-hall,1986,2,4
cond-mat.mes-hall,1986,3,26
cond-mat.mes-hall,1986,4,1
cond-mat.mes-hall,1987,0,1
cond-mat.mes-hall,1987,2,1
cond-mat.mes-hall,1987,4,1
cond-mat.mes-hall,1988,0,6
cond-mat.mes-hall,1988,1,2
cond-mat.mes-hall,1988,3,1
cond-mat.mes-hall,1988,4,1
cond-mat.mes-hall,1989,0,3
cond-mat.mes-hall,1989,1,4
cond-mat.mes-hall,1989,4,8
cond-mat.mes-hall,1990,0,19
cond-mat.mes-hall,1990,1,5
cond-mat.mes-hall,1990,2,7
cond-mat.mes-hall,1990,3,21
cond-mat.mes-hall,1990,4,4
cond-mat.mes-hall,1991,0,16
cond-mat.mes-hall,1991,1,15
cond-mat.mes-hall,1991,2,8
cond-mat.mes-hall,1991,3,7
cond-mat.mes-hall,1991,4,13
cond-mat.mes-hall,1992,0,37
cond-mat.mes-hall,1992,1,11
cond-mat.mes-hall,1992,2,29
cond-mat.mes-hall,1992,3,10
cond-mat.mes-hall,1992,4,15
cond-mat.mes-hall,1993,0,7
cond-mat.mes-hall,1993,1,11
cond-mat.mes-hall,1993,2,28
cond-mat.mes-hall,1993,3,10
cond-mat.mes-hall,1993,4,16
cond-mat.mes-hall,1994,0,14
cond-mat.mes-hall,1994,1,11
cond-mat.mes-hall,1994,2,20
cond-mat.mes-hall,1994,3,10
cond-mat.mes-hall,1994,4,16
cond-mat.mes-hall,1995,0,11
cond-mat.mes-hall,1995,1,11
cond-mat.mes-hall,1995,2,28
cond-mat.mes-hall,1995,3,13
cond-mat.mes-hall,1995,4,11
cond-mat.mes-hall,1996,0,40
cond-mat.mes-hall,1996,1,30
cond-mat.mes-hall,1996,2,35
cond-mat.mes-hall,1996,3,33
cond-mat.mes-hall,1996,4,52
cond-mat.mes-hall,1997,0,84
cond-mat.mes-hall,1997,1,29
cond-mat.mes-hall,1997,2,63
cond-mat.mes-hall,1997,3,97
cond-mat.mes-hall,1997,4,168
cond-mat.mes-hall,1998,0,116
cond-mat.mes-hall,1998,1,220
cond-mat.mes-hall,1998,2,351
cond-mat.mes-hall,1998,3,453
cond-mat.mes-hall,1998,4,610
cond-mat.mes-hall,1999,0,534
cond-mat.mes-hall,1999,1,462
cond-mat.mes-hall,1999,2,809
cond-mat.mes-hall,1999,3,903
cond-mat.mes-hall,1999,4,972
cond-mat.mes-hall,2000,0,722
cond-mat.mes-hall,2000,1,1228
cond-mat.mes-hall,2000,2,1470
cond-mat.mes-hall,2000,3,1297
cond-mat.mes-hall,2000,4,1657
cond-mat.mes-hall,2001,0,1166
cond-mat.mes-hall,2001,1,1812
cond-mat.mes-hall,2001,2,2292
cond-mat.mes-hall,2001,3,2109
cond-mat.mes-hall,2001,4,2461
cond-mat.mes-hall,2002,0,1722
cond-mat.mes-hall,2002,1,2704
cond-mat.mes-hall,2002,2,2895
cond-mat.mes-hall,2002,3,2849
cond-mat.mes-hall,2002,4,3259
cond-mat.mes-hall,2003,0,1802
cond-mat.mes-hall,2003,1,3387
cond-mat.mes-hall,2003,2,3874
cond-mat.mes-hall,2003,3,3689
cond-mat.mes-hall,2003,4,4422
cond-mat.mes-hall,2004,0,1777
cond-mat.mes-hall,2004,1,4885
cond-mat.mes-hall,2004,2,5017
cond-mat.mes-hall,2004,3,4765
cond-mat.mes-hall,2004,4,5792
cond-mat.mes-hall,2005,0,2735
cond-mat.mes-hall,2005,1,6386
cond-mat.mes-hall,2005,2,6315
cond-mat.mes-hall,2005,3,8359
cond-mat.mes-hall,2005,4,7450
cond-mat.mes-hall,2006,0,2622
cond-mat.mes-hall,2006,1,7978
cond-mat.mes-hall,2006,2,9247
cond-mat.mes-hall,2006,3,8540
cond-mat.mes-hall,2006,4,9985
cond-mat.mes-hall,2007,0,2845
cond-mat.mes-hall,2007,1,9405
cond-mat.mes-hall,2007,2,12169
cond-mat.mes-hall,2007,3,12398
cond-mat.mes-hall,2007,4,12652
cond-mat.mes-hall,2008,0,4156
cond-mat.mes-hall,2008,1,13181
cond-mat.mes-hall,2008,2,12897
cond-mat.mes-hall,2008,3,13304
cond-mat.mes-hall,2008,4,13929
cond-mat.mes-hall,2009,0,5197
cond-mat.mes-hall,2009,1,14423
cond-mat.mes-hall,2009,2,16022
cond-mat.mes-hall,2009,3,15684
cond-mat.mes-hall,2009,4,17530
cond-mat.mes-hall,2010,0,6476
cond-mat.mes-hall,2010,1,17170
cond-mat.mes-hall,2010,2,19632
cond-mat.mes-hall,2010,3,20589
cond-mat.mes-hall,2010,4,22191
cond-mat.mes-hall,2011,0,9473
cond-mat.mes-hall,2011,1,18594
cond-mat.mes-hall,2011,2,23573
cond-mat.mes-hall,2011,3,26143
cond-mat.mes-hall,2011,4,27479
cond-mat.mes-hall,2012,0,12396
cond-mat.mes-hall,2012,1,25219
cond-mat.mes-hall,2012,2,31458
cond-mat.mes-hall,2012,3,30516
cond-mat.mes-hall,2012,4,34004
cond-mat.mes-hall,2013,0,14752
cond-mat.mes-hall,2013,1,31963
cond-mat.mes-hall,2013,2,36203
cond-mat.mes-hall,2013,3,37103
cond-mat.mes-hall,2013,4,37911
cond-mat.mes-hall,2014,0,16299
cond-mat.mes-hall,2014,1,38972
cond-mat.mes-hall,2014,2,38462
cond-mat.mes-hall,2014,3,43728
cond-mat.mes-hall,2014,4,45368
cond-mat.mes-hall,2015,0,20788
cond-mat.mes-hall,2015,1,40740
cond-mat.mes-hall,2015,2,44412
cond-mat.mes-hall,2015,3,49041
cond-mat.mes-hall,2015,4,51079
cond-mat.mes-hall,2016,0,21319
cond-mat.mes-hall,2016,1,50415
cond-mat.mes-hall,2016,2,52587
cond-mat.mes-hall,2016,3,57343
cond-mat.mes-hall,2016,4,58554
cond-mat.mes-hall,2017,0,22900
cond-mat.mes-hall,2017,1,57125
cond-mat.mes-hall,2017,2,62735
cond-mat.mes-hall,2017,3,63324
cond-mat.mes-hall,2017,4,62017
cond-mat.mes-hall,2018,0,29361
cond-mat.mes-hall,2018,1,59769
cond-mat.mes-hall,2018,2,66300
cond-mat.mes-hall,2018,3,67885
cond-mat.mes-hall,2018,4,68475
cond-mat.mes-hall,2019,0,25675
cond-mat.mes-hall,2019,1,67702
cond-mat.mes-hall,2019,2,71256
cond-mat.mes-hall,2019,3,73810
cond-mat.mes-hall,2019,4,76634
cond-mat.mes-hall,2020,0,32166
cond-mat.mes-hall,2020,1,88316
cond-mat.mes-hall,2020,2,79745
cond-mat.mes-hall,2020,3,91491
cond-mat.mes-hall,2020,4,86656
cond-mat.mes-hall,2021,0,32516
cond-mat.mes-hall,2021,1,87940
cond-mat.mes-hall,2021,2,95137
cond-mat.mes-hall,2021,3,93896
cond-mat.mes-hall,2021,4,92961
cond-mat.mes-hall,2022,0,28040
cond-mat.mes-hall,2022,1,84236
cond-mat.mes-hall,2022,2,85445
cond-mat.mes-hall,2022,3,85413
cond-mat.mes-hall,2022,4,90087
cond-mat.mes-hall,2023,0,26885
cond-mat.mes-hall,2023,1,87619
cond-mat.mes-hall,2023,2,92671
cond-mat.mes-hall,2023,3,92860
cond-mat.mes-hall,2023,4,89080
cond-mat.mes-hall,2024,0,23545
cond-mat.mes-hall,2024,1,83064
cond-mat.mes-hall,2024,2,82435
cond-mat.mes-hall,2024,3,80304
cond-mat.mes-hall,2024,4,78357
cond-mat.mes-hall,2025,0,21150
cond-mat.mes-hall,2025,1,76527
cond-mat.mes-hall,2025,2,82335
cond-mat.mes-hall,2025,3,75884
cond-mat.mes-hall,2025,4,76877
cond-mat.mes-hall,2026,0,11153
cond-mat.mes-hall,2026,1,70154
cond-mat.mes-hall,2026,2,48719
cond-mat.mtrl-sci,1891,3,9
cond-mat.mtrl-sci,1900,0,3
cond-mat.mtrl-sci,1903,2,3
cond-mat.mtrl-sci,1904,0,1
cond-mat.mtrl-sci,1905,0,1
cond-mat.mtrl-sci,1917,3,3
cond-mat.mtrl-sci,1919,3,9
cond-mat.mtrl-sci,1925,4,1
cond-mat.mtrl-sci,1930,0,8
cond-mat.mtrl-sci,1935,3,3
cond-mat.mtrl-sci,1936,1,2
cond-mat.mtrl-sci,1939,2,5
cond-mat.mtrl-sci,1942,3,4
cond-mat.mtrl-sci,1949,3,1
cond-mat.mtrl-sci,1950,0,2
cond-mat.mtrl-sci,1951,2,3
cond-mat.mtrl-sci,1952,4,11
cond-mat.mtrl-sci,1955,1,5
cond-mat.mtrl-sci,1956,2,2
cond-mat.mtrl-sci,1957,2,2
cond-mat.mtrl-sci,1960,1,3
cond-mat.mtrl-sci,1961,0,2
cond-mat.mtrl-sci,1962,1,2
cond-mat.mtrl-sci,1962,3,11
cond-mat.mtrl-sci,1963,4,4
cond-mat.mtrl-sci,1965,0,7
cond-mat.mtrl-sci,1965,1,1
cond-mat.mtrl-sci,1967,0,1
cond-mat.mtrl-sci,1968,3,1
cond-mat.mtrl-sci,1969,0,7
cond-mat.mtrl-sci,1969,4,4
cond-mat.mtrl-sci,1970,0,15
cond-mat.mtrl-sci,1971,0,1
cond-mat.mtrl-sci,1971,2,1
cond-mat.mtrl-sci,1971,3,8
cond-mat.mtrl-sci,1971,4,1
cond-mat.mtrl-sci,1972,0,5
cond-mat.mtrl-sci,1972,1,1
cond-mat.mtrl-sci,1972,2,8
cond-mat.mtrl-sci,1972,3,1
cond-mat.mtrl-sci,1973,0,6
cond-mat.mtrl-sci,1973,1,1
cond-mat.mtrl-sci,1973,2,2
cond-mat.mtrl-sci,1973,3,7
cond-mat.mtrl-sci,1974,1,1
cond-mat.mtrl-sci,1974,4,15
cond-mat.mtrl-sci,1975,0,1
cond-mat.mtrl-sci,1975,2,1
cond-mat.mtrl-sci,1976,0,25
cond-mat.mtrl-sci,1976,1,1
cond-mat.mtrl-sci,1976,2,18
cond-mat.mtrl-sci,1976,3,1
cond-mat.mtrl-sci,1977,0,4
cond-mat.mtrl-sci,1977,1,16
cond-mat.mtrl-sci,1977,2,9
cond-mat.mtrl-sci,1978,0,17
cond-mat.mtrl-sci,1978,2,3
cond-mat.mtrl-sci,1978,3,14
cond-mat.mtrl-sci,1978,4,4
cond-mat.mtrl-sci,1979,0,7
cond-mat.mtrl-sci,1979,2,3
cond-mat.mtrl-sci,1979,3,2
cond-mat.mtrl-sci,1979,4,1
cond-mat.mtrl-sci,1980,0,19
cond-mat.mtrl-sci,1980,2,5
cond-mat.mtrl-sci,1980,3,2
cond-mat.mtrl-sci,1980,4,7
cond-mat.mtrl-sci,1981,0,11
cond-mat.mtrl-sci,1981,1,3
cond-mat.mtrl-sci,1981,3,3
cond-mat.mtrl-sci,1982,0,23
cond-mat.mtrl-sci,1982,1,5
cond-mat.mtrl-sci,1982,2,2
cond-mat.mtrl-sci,1983,0,19
cond-mat.mtrl-sci,1983,2,2
cond-mat.mtrl-sci,1983,3,3
cond-mat.mtrl-sci,1983,4,10
cond-mat.mtrl-sci,1984,0,12
cond-mat.mtrl-sci,1984,1,8
cond-mat.mtrl-sci,1984,3,3
cond-mat.mtrl-sci,1984,4,2
cond-mat.mtrl-sci,1985,1,4
cond-mat.mtrl-sci,1985,2,1
cond-mat.mtrl-sci,1985,3,2
cond-mat.mtrl-sci,1985,4,2
cond-mat.mtrl-sci,1986,0,6
cond-mat.mtrl-sci,1986,1,2
cond-mat.mtrl-sci,1986,2,3
cond-mat.mtrl-sci,1986,3,28
cond-mat.mtrl-sci,1986,4,4
cond-mat.mtrl-sci,1987,0,3
cond-mat.mtrl-sci,1987,1,1
cond-mat.mtrl-sci,1987,3,2
cond-mat.mtrl-sci,1987,4,5
cond-mat.mtrl-sci,1988,0,9
cond-mat.mtrl-sci,1988,1,4
cond-mat.mtrl-sci,1988,2,1
cond-mat.mtrl-sci,1988,3,4
cond-mat.mtrl-sci,1988,4,4
cond-mat.mtrl-sci,1989,0,4
cond-mat.mtrl-sci,1989,1,1
cond-mat.mtrl-sci,1989,2,2
cond-mat.mtrl-sci,1989,3,2
cond-mat.mtrl-sci,1989,4,20
cond-mat.mtrl-sci,1990,0,14
cond-mat.mtrl-sci,1990,1,12
cond-mat.mtrl-sci,1990,2,12
cond-mat.mtrl-sci,1990,3,20
cond-mat.mtrl-sci,1990,4,11
cond-mat.mtrl-sci,1991,0,23
cond-mat.mtrl-sci,1991,1,18
cond-mat.mtrl-sci,1991,2,4
cond-mat.mtrl-sci,1991,3,16
cond-mat.mtrl-sci,1991,4,11
cond-mat.mtrl-sci,1992,0,19
cond-mat.mtrl-sci,1992,1,10
cond-mat.mtrl-sci,1992,2,14
cond-mat.mtrl-sci,1992,3,16
cond-mat.mtrl-sci,1992,4,9
cond-mat.mtrl-sci,1993,0,11
cond-mat.mtrl-sci,1993,1,5
cond-mat.mtrl-sci,1993,2,26
cond-mat.mtrl-sci,1993,3,20
cond-mat.mtrl-sci,1993,4,18
cond-mat.mtrl-sci,1994,0,17
cond-mat.mtrl-sci,1994,1,21
cond-mat.mtrl-sci,1994,2,10
cond-mat.mtrl-sci,1994,3,19
cond-mat.mtrl-sci,1994,4,21
cond-mat.mtrl-sci,1995,0,42
cond-mat.mtrl-sci,1995,1,13
cond-mat.mtrl-sci,1995,2,29
cond-mat.mtrl-sci,1995,3,33
cond-mat.mtrl-sci,1995,4,47
cond-mat.mtrl-sci,1996,0,83
cond-mat.mtrl-sci,1996,1,76
cond-mat.mtrl-sci,1996,2,85
cond-mat.mtrl-sci,1996,3,106
cond-mat.mtrl-sci,1996,4,155
cond-mat.mtrl-sci,1997,0,160
cond-mat.mtrl-sci,1997,1,110
cond-mat.mtrl-sci,1997,2,238
cond-mat.mtrl-sci,1997,3,158
cond-mat.mtrl-sci,1997,4,266
cond-mat.mtrl-sci,1998,0,237
cond-mat.mtrl-sci,1998,1,261
cond-mat.mtrl-sci,1998,2,311
cond-mat.mtrl-sci,1998,3,361
cond-mat.mtrl-sci,1998,4,418
cond-mat.mtrl-sci,1999,0,536
cond-mat.mtrl-sci,1999,1,350
cond-mat.mtrl-sci,1999,2,575
cond-mat.mtrl-sci,1999,3,687
cond-mat.mtrl-sci,1999,4,766
cond-mat.mtrl-sci,2000,0,805
cond-mat.mtrl-sci,2000,1,713
cond-mat.mtrl-sci,2000,2,1095
cond-mat.mtrl-sci,2000,3,975
cond-mat.mtrl-sci,2000,4,1202
cond-mat.mtrl-sci,2001,0,1143
cond-mat.mtrl-sci,2001,1,1071
cond-mat.mtrl-sci,2001,2,1629
cond-mat.mtrl-sci,2001,3,1545
cond-mat.mtrl-sci,2001,4,1869
cond-mat.mtrl-sci,2002,0,1200
cond-mat.mtrl-sci,2002,1,2016
cond-mat.mtrl-sci,2002,2,2464
cond-mat.mtrl-sci,2002,3,2589
cond-mat.mtrl-sci,2002,4,2798
cond-mat.mtrl-sci,2003,0,1636
cond-mat.mtrl-sci,2003,1,2948
cond-mat.mtrl-sci,2003,2,3663
cond-mat.mtrl-sci,2003,3,3355
cond-mat.mtrl-sci,2003,4,3898
cond-mat.mtrl-sci,2004,0,1995
cond-mat.mtrl-sci,2004,1,4237
cond-mat.mtrl-sci,2004,2,5258
cond-mat.mtrl-sci,2004,3,4747
cond-mat.mtrl-sci,2004,4,5678
cond-mat.mtrl-sci,2005,0,2521
cond-mat.mtrl-sci,2005,1,5322
cond-mat.mtrl-sci,2005,2,6425
cond-mat.mtrl-sci,2005,3,7365
cond-mat.mtrl-sci,2005,4,7629
cond-mat.mtrl-sci,2006,0,3505
cond-mat.mtrl-sci,2006,1,8212
cond-mat.mtrl-sci,2006,2,8605
cond-mat.mtrl-sci,2006,3,9083
cond-mat.mtrl-sci,2006,4,9971
cond-mat.mtrl-sci,2007,0,3942
cond-mat.mtrl-sci,2007,1,9800
cond-mat.mtrl-sci,2007,2,11903
cond-mat.mtrl-sci,2007,3,12186
cond-mat.mtrl-sci,2007,4,11391
cond-mat.mtrl-sci,2008,0,5131
cond-mat.mtrl-sci,2008,1,12319
cond-mat.mtrl-sci,2008,2,13323
cond-mat.mtrl-sci,2008,3,13534
cond-mat.mtrl-sci,2008,4,15516
cond-mat.mtrl-sci,2009,0,6209
cond-mat.mtrl-sci,2009,1,15188
cond-mat.mtrl-sci,2009,2,16062
cond-mat.mtrl-sci,2009,3,16236
cond-mat.mtrl-sci,2009,4,17688
cond-mat.mtrl-sci,2010,0,7735
cond-mat.mtrl-sci,2010,1,17540
cond-mat.mtrl-sci,2010,2,19940
cond-mat.mtrl-sci,2010,3,19983
cond-mat.mtrl-sci,2010,4,22160
cond-mat.mtrl-sci,2011,0,11017
cond-mat.mtrl-sci,2011,1,20315
cond-mat.mtrl-sci,2011,2,24090
cond-mat.mtrl-sci,2011,3,26157
cond-mat.mtrl-sci,2011,4,26025
cond-mat.mtrl-sci,2012,0,14102
cond-mat.mtrl-sci,2012,1,25302
cond-mat.mtrl-sci,2012,2,29356
cond-mat.mtrl-sci,2012,3,28813
cond-mat.mtrl-sci,2012,4,31924
cond-mat.mtrl-sci,2013,0,17279
cond-mat.mtrl-sci,2013,1,29451
cond-mat.mtrl-sci,2013,2,31937
cond-mat.mtrl-sci,2013,3,33890
cond-mat.mtrl-sci,2013,4,35289
cond-mat.mtrl-sci,2014,0,19053
cond-mat.mtrl-sci,2014,1,35857
cond-mat.mtrl-sci,2014,2,35494
cond-mat.mtrl-sci,2014,3,40721
cond-mat.mtrl-sci,2014,4,42669
cond-mat.mtrl-sci,2015,0,25324
cond-mat.mtrl-sci,2015,1,37169
cond-mat.mtrl-sci,2015,2,40867
cond-mat.mtrl-sci,2015,3,43712
cond-mat.mtrl-sci,2015,4,46057
cond-mat.mtrl-sci,2016,0,26923
cond-mat.mtrl-sci,2016,1,45518
cond-mat.mtrl-sci,2016,2,48304
cond-mat.mtrl-sci,2016,3,50963
cond-mat.mtrl-sci,2016,4,52803
cond-mat.mtrl-sci,2017,0,27668
cond-mat.mtrl-sci,2017,1,52622
cond-mat.mtrl-sci,2017,2,54294
cond-mat.mtrl-sci,2017,3,57649
cond-mat.mtrl-sci,2017,4,57476
cond-mat.mtrl-sci,2018,0,34405
cond-mat.mtrl-sci,2018,1,56702
cond-mat.mtrl-sci,2018,2,58848
cond-mat.mtrl-sci,2018,3,61253
cond-mat.mtrl-sci,2018,4,63730
cond-mat.mtrl-sci,2019,0,30397
cond-mat.mtrl-sci,2019,1,61329
cond-mat.mtrl-sci,2019,2,65797
cond-mat.mtrl-sci,2019,3,64797
cond-mat.mtrl-sci,2019,4,71406
cond-mat.mtrl-sci,2020,0,36579
cond-mat.mtrl-sci,2020,1,74901
cond-mat.mtrl-sci,2020,2,73267
cond-mat.mtrl-sci,2020,3,86186
cond-mat.mtrl-sci,2020,4,79925
cond-mat.mtrl-sci,2021,0,37417
cond-mat.mtrl-sci,2021,1,80596
cond-mat.mtrl-sci,2021,2,85809
cond-mat.mtrl-sci,2021,3,85401
cond-mat.mtrl-sci,2021,4,86540
cond-mat.mtrl-sci,2022,0,35465
cond-mat.mtrl-sci,2022,1,77532
cond-mat.mtrl-sci,2022,2,80523
cond-mat.mtrl-sci,2022,3,80757
cond-mat.mtrl-sci,2022,4,85486
cond-mat.mtrl-sci,2023,0,36200
cond-mat.mtrl-sci,2023,1,78722
cond-mat.mtrl-sci,2023,2,83115
cond-mat.mtrl-sci,2023,3,81799
cond-mat.mtrl-sci,2023,4,84616
cond-mat.mtrl-sci,2024,0,34178
cond-mat.mtrl-sci,2024,1,78826
cond-mat.mtrl-sci,2024,2,82386
cond-mat.mtrl-sci,2024,3,79365
cond-mat.mtrl-sci,2024,4,80983
cond-mat.mtrl-sci,2025,0,32613
cond-mat.mtrl-sci,2025,1,76736
cond-mat.mtrl-sci,2025,2,81843
cond-mat.mtrl-sci,2025,3,79077
cond-mat.mtrl-sci,2025,4,81788
cond-mat.mtrl-sci,2026,0,17415
cond-mat.mtrl-sci,2026,1,72384
cond-mat.mtrl-sci,2026,2,58108
cond-mat.other,1891,3,1
cond-mat.other,1900,0,4
cond-mat.other,1904,0,1
cond-mat.other,1925,4,1
cond-mat.other,1930,0,1
cond-mat.other,1939,2,3
cond-mat.other,1950,0,1
cond-mat.other,1955,0,1
cond-mat.other,1960,1,3
cond-mat.other,1961,2,1
cond-mat.other,1962,0,1
cond-mat.other,1967,4,1
cond-mat.other,1969,0,1
cond-mat.other,1969,1,1
cond-mat.other,1969,3,1
cond-mat.other,1969,4,1
cond-mat.other,1970,0,5
cond-mat.other,1970,3,1
cond-mat.other,1972,0,1
cond-mat.other,1974,4,1
cond-mat.other,1976,0,4
cond-mat.other,1976,2,1
cond-mat.other,1976,3,1
cond-mat.other,1977,2,1
cond-mat.other,1978,0,1
cond-mat.other,1978,2,5
cond-mat.other,1978,4,5
cond-mat.other,1979,0,1
cond-mat.other,1979,2,2
cond-mat.other,1979,3,1
cond-mat.other,1979,4,2
cond-mat.other,1981,0,1
cond-mat.other,1982,0,1
cond-mat.other,1983,0,1
cond-mat.other,1983,1,1
cond-mat.other,1984,0,1
cond-mat.other,1984,3,1
cond-mat.other,1986,3,6
cond-mat.other,1987,0,2
cond-mat.other,1987,2,1
cond-mat.other,1988,4,1
cond-mat.other,1989,0,3
cond-mat.other,1989,1,2
cond-mat.other,1990,0,2
cond-mat.other,1990,3,2
cond-mat.other,1991,4,1
cond-mat.other,1992,0,2
cond-mat.other,1992,2,3
cond-mat.other,1992,3,2
cond-mat.other,1992,4,1
cond-mat.other,1993,0,2
cond-mat.other,1993,1,1
cond-mat.other,1993,3,1
cond-mat.other,1993,4,1
cond-mat.other,1994,1,3
cond-mat.other,1994,2,1
cond-mat.other,1994,3,4
cond-mat.other,1995,0,3
cond-mat.other,1995,1,4
cond-mat.other,1995,2,9
cond-mat.other,1995,3,3
cond-mat.other,1995,4,3
cond-mat.other,1996,0,2
cond-mat.other,1996,1,14
cond-mat.other,1996,3,2
cond-mat.other,1997,0,2
cond-mat.other,1997,2,9
cond-mat.other,1997,3,1
cond-mat.other,1997,4,13
cond-mat.other,1998,0,2
cond-mat.other,1998,1,2
cond-mat.other,1998,2,2
cond-mat.other,1998,3,4
cond-mat.other,1998,4,16
cond-mat.other,1999,0,11
cond-mat.other,1999,1,3
cond-mat.other,1999,2,6
cond-mat.other,1999,3,2
cond-mat.other,1999,4,6
cond-mat.other,2000,0,13
cond-mat.other,2000,1,10
cond-mat.other,2000,2,11
cond-mat.other,2000,3,3
cond-mat.other,2000,4,6
cond-mat.other,2001,0,5
cond-mat.other,2001,1,9
cond-mat.other,2001,2,9
cond-mat.other,2001,3,8
cond-mat.other,2001,4,18
cond-mat.other,2002,0,21
cond-mat.other,2002,1,19
cond-mat.other,2002,2,16
cond-mat.other,2002,3,18
cond-mat.other,2002,4,22
cond-mat.other,2003,0,17
cond-mat.other,2003,1,41
cond-mat.other,2003,2,41
cond-mat.other,2003,3,48
cond-mat.other,2003,4,55
cond-mat.other,2004,0,78
cond-mat.other,2004,1,69
cond-mat.other,2004,2,123
cond-mat.other,2004,3,205
cond-mat.other,2004,4,367
cond-mat.other,2005,0,405
cond-mat.other,2005,1,462
cond-mat.other,2005,2,688
cond-mat.other,2005,3,1094
cond-mat.other,2005,4,1401
cond-mat.other,2006,0,861
cond-mat.other,2006,1,1747
cond-mat.other,2006,2,2102
cond-mat.other,2006,3,2356
cond-mat.other,2006,4,2800
cond-mat.other,2007,0,1249
cond-mat.other,2007,1,2871
cond-mat.other,2007,2,3471
cond-mat.other,2007,3,3423
cond-mat.other,2007,4,3859
cond-mat.other,2008,0,1660
cond-mat.other,2008,1,4255
cond-mat.other,2008,2,4826
cond-mat.other,2008,3,5190
cond-mat.other,2008,4,5915
cond-mat.other,2009,0,2475
cond-mat.other,2009,1,5794
cond-mat.other,2009,2,7403
cond-mat.other,2009,3,6622
cond-mat.other,2009,4,6694
cond-mat.other,2010,0,2652
cond-mat.other,2010,1,6831
cond-mat.other,2010,2,7867
cond-mat.other,2010,3,7643
cond-mat.other,2010,4,7986
cond-mat.other,2011,0,3607
cond-mat.other,2011,1,6714
cond-mat.other,2011,2,8396
cond-mat.other,2011,3,8204
cond-mat.other,2011,4,8430
cond-mat.other,2012,0,3756
cond-mat.other,2012,1,7865
cond-mat.other,2012,2,8383
cond-mat.other,2012,3,8830
cond-mat.other,2012,4,9454
cond-mat.other,2013,0,3884
cond-mat.other,2013,1,7999
cond-mat.other,2013,2,8755
cond-mat.other,2013,3,8771
cond-mat.other,2013,4,8586
cond-mat.other,2014,0,3436
cond-mat.other,2014,1,8414
cond-mat.other,2014,2,8033
cond-mat.other,2014,3,8568
cond-mat.other,2014,4,9193
cond-mat.other,2015,0,3552
cond-mat.other,2015,1,7996
cond-mat.other,2015,2,8560
cond-mat.other,2015,3,8338
cond-mat.other,2015,4,8864
cond-mat.other,2016,0,3139
cond-mat.other,2016,1,8324
cond-mat.other,2016,2,8709
cond-mat.other,2016,3,9661
cond-mat.other,2016,4,9241
cond-mat.other,2017,0,3214
cond-mat.other,2017,1,8757
cond-mat.other,2017,2,9545
cond-mat.other,2017,3,9093
cond-mat.other,2017,4,8978
cond-mat.other,2018,0,3922
cond-mat.other,2018,1,8223
cond-mat.other,2018,2,8757
cond-mat.other,2018,3,9010
cond-mat.other,2018,4,9406
cond-mat.other,2019,0,3199
cond-mat.other,2019,1,8809
cond-mat.other,2019,2,9289
cond-mat.other,2019,3,9375
cond-mat.other,2019,4,9702
cond-mat.other,2020,0,3818
cond-mat.other,2020,1,10039
cond-mat.other,2020,2,9846
cond-mat.other,2020,3,11212
cond-mat.other,2020,4,10472
cond-mat.other,2021,0,3477
cond-mat.other,2021,1,10433
cond-mat.other,2021,2,11021
cond-mat.other,2021,3,10954
cond-mat.other,2021,4,11132
cond-mat.other,2022,0,3287
cond-mat.other,2022,1,10369
cond-mat.other,2022,2,10426
cond-mat.other,2022,3,9802
cond-mat.other,2022,4,10589
cond-mat.other,2023,0,2852
cond-mat.other,2023,1,10112
cond-mat.other,2023,2,10578
cond-mat.other,2023,3,11366
cond-mat.other,2023,4,10506
cond-mat.other,2024,0,2848
cond-mat.other,2024,1,9892
cond-mat.other,2024,2,9771
cond-mat.other,2024,3,9161
cond-mat.other,2024,4,9002
cond-mat.other,2025,0,2439
cond-mat.other,2025,1,8790
cond-mat.other,2025,2,10005
cond-mat.other,2025,3,8951
cond-mat.other,2025,4,8975
cond-mat.other,2026,0,1436
cond-mat.other,2026,1,8149
cond-mat.other,2026,2,5813
cond-mat.quant-gas,1900,0,26
cond-mat.quant-gas,1960,1,11
cond-mat.quant-gas,1961,2,3
cond-mat.quant-gas,1968,3,1
cond-mat.quant-gas,1969,0,1
cond-mat.quant-gas,1969,3,2
cond-mat.quant-gas,1970,3,5
cond-mat.quant-gas,1976,3,21
cond-mat.quant-gas,1978,0,1
cond-mat.quant-gas,1979,0,3
cond-mat.quant-gas,1979,2,4
cond-mat.quant-gas,1982,4,1
cond-mat.quant-gas,1983,0,1
cond-mat.quant-gas,1985,1,1
cond-mat.quant-gas,1986,3,3
cond-mat.quant-gas,1989,4,1
cond-mat.quant-gas,1992,0,1
cond-mat.quant-gas,1992,3,1
cond-mat.quant-gas,1992,4,1
cond-mat.quant-gas,1993,0,4
cond-mat.quant-gas,1993,1,2
cond-mat.quant-gas,1993,2,3
cond-mat.quant-gas,1993,3,3
cond-mat.quant-gas,1993,4,1
cond-mat.quant-gas,1994,0,5
cond-mat.quant-gas,1994,1,1
cond-mat.quant-gas,1994,2,5
cond-mat.quant-gas,1994,3,9
cond-mat.quant-gas,1994,4,3
cond-mat.quant-gas,1995,0,8
cond-mat.quant-gas,1995,1,2
cond-mat.quant-gas,1995,2,12
cond-mat.quant-gas,1995,3,5
cond-mat.quant-gas,1995,4,5
cond-mat.quant-gas,1996,0,5
cond-mat.quant-gas,1996,1,22
cond-mat.quant-gas,1996,2,6
cond-mat.quant-gas,1996,3,4
cond-mat.quant-gas,1996,4,4
cond-mat.quant-gas,1997,0,3
cond-mat.quant-gas,1997,1,4
cond-mat.quant-gas,1997,2,5
cond-mat.quant-gas,1997,3,5
cond-mat.quant-gas,1997,4,20
cond-mat.quant-gas,1998,0,6
cond-mat.quant-gas,1998,1,4
cond-mat.quant-gas,1998,2,3
cond-mat.quant-gas,1998,3,4
cond-mat.quant-gas,1998,4,6
cond-mat.quant-gas,1999,0,6
cond-mat.quant-gas,1999,1,7
cond-mat.quant-gas,1999,2,1
cond-mat.quant-gas,1999,3,5
cond-mat.quant-gas,1999,4,6
cond-mat.quant-gas,2000,0,5
cond-mat.quant-gas,2000,1,10
cond-mat.quant-gas,2000,2,9
cond-mat.quant-gas,2000,3,2
cond-mat.quant-gas,2000,4,22
cond-mat.quant-gas,2001,0,5
cond-mat.quant-gas,2001,1,10
cond-mat.quant-gas,2001,2,14
cond-mat.quant-gas,2001,3,7
cond-mat.quant-gas,2001,4,6
cond-mat.quant-gas,2002,0,17
cond-mat.quant-gas,2002,1,17
cond-mat.quant-gas,2002,2,26
cond-mat.quant-gas,2002,3,32
cond-mat.quant-gas,2002,4,29
cond-mat.quant-gas,2003,0,25
cond-mat.quant-gas,2003,1,37
cond-mat.quant-gas,2003,2,80
cond-mat.quant-gas,2003,3,61
cond-mat.quant-gas,2003,4,63
cond-mat.quant-gas,2004,0,35
cond-mat.quant-gas,2004,1,54
cond-mat.quant-gas,2004,2,55
cond-mat.quant-gas,2004,3,109
cond-mat.quant-gas,2004,4,94
cond-mat.quant-gas,2005,0,39
cond-mat.quant-gas,2005,1,73
cond-mat.quant-gas,2005,2,84
cond-mat.quant-gas,2005,3,102
cond-mat.quant-gas,2005,4,144
cond-mat.quant-gas,2006,0,56
cond-mat.quant-gas,2006,1,107
cond-mat.quant-gas,2006,2,124
cond-mat.quant-gas,2006,3,168
cond-mat.quant-gas,2006,4,140
cond-mat.quant-gas,2007,0,38
cond-mat.quant-gas,2007,1,162
cond-mat.quant-gas,2007,2,155
cond-mat.quant-gas,2007,3,123
cond-mat.quant-gas,2007,4,163
cond-mat.quant-gas,2008,0,49
cond-mat.quant-gas,2008,1,168
cond-mat.quant-gas,2008,2,149
cond-mat.quant-gas,2008,3,141
cond-mat.quant-gas,2008,4,143
cond-mat.quant-gas,2009,0,83
cond-mat.quant-gas,2009,1,152
cond-mat.quant-gas,2009,2,194
cond-mat.quant-gas,2009,3,278
cond-mat.quant-gas,2009,4,423
cond-mat.quant-gas,2010,0,300
cond-mat.quant-gas,2010,1,559
cond-mat.quant-gas,2010,2,938
cond-mat.quant-gas,2010,3,1165
cond-mat.quant-gas,2010,4,1507
cond-mat.quant-gas,2011,0,862
cond-mat.quant-gas,2011,1,1682
cond-mat.quant-gas,2011,2,2604
cond-mat.quant-gas,2011,3,2699
cond-mat.quant-gas,2011,4,3325
cond-mat.quant-gas,2012,0,1268
cond-mat.quant-gas,2012,1,3520
cond-mat.quant-gas,2012,2,3795
cond-mat.quant-gas,2012,3,4414
cond-mat.quant-gas,2012,4,5082
cond-mat.quant-gas,2013,0,1673
cond-mat.quant-gas,2013,1,4787
cond-mat.quant-gas,2013,2,6184
cond-mat.quant-gas,2013,3,5667
cond-mat.quant-gas,2013,4,6201
cond-mat.quant-gas,2014,0,1585
cond-mat.quant-gas,2014,1,6143
cond-mat.quant-gas,2014,2,5962
cond-mat.quant-gas,2014,3,6904
cond-mat.quant-gas,2014,4,7946
cond-mat.quant-gas,2015,0,1635
cond-mat.quant-gas,2015,1,7811
cond-mat.quant-gas,2015,2,7651
cond-mat.quant-gas,2015,3,7918
cond-mat.quant-gas,2015,4,8908
cond-mat.quant-gas,2016,0,1916
cond-mat.quant-gas,2016,1,9302
cond-mat.quant-gas,2016,2,10501
cond-mat.quant-gas,2016,3,10485
cond-mat.quant-gas,2016,4,11204
cond-mat.quant-gas,2017,0,2122
cond-mat.quant-gas,2017,1,9991
cond-mat.quant-gas,2017,2,11362
cond-mat.quant-gas,2017,3,11984
cond-mat.quant-gas,2017,4,11667
cond-mat.quant-gas,2018,0,2761
cond-mat.quant-gas,2018,1,11351
cond-mat.quant-gas,2018,2,11749
cond-mat.quant-gas,2018,3,11954
cond-mat.quant-gas,2018,4,13304
cond-mat.quant-gas,2019,0,2564
cond-mat.quant-gas,2019,1,12454
cond-mat.quant-gas,2019,2,12989
cond-mat.quant-gas,2019,3,13654
cond-mat.quant-gas,2019,4,14285
cond-mat.quant-gas,2020,0,3932
cond-mat.quant-gas,2020,1,14278
cond-mat.quant-gas,2020,2,15540
cond-mat.quant-gas,2020,3,18612
cond-mat.quant-gas,2020,4,17743
cond-mat.quant-gas,2021,0,3377
cond-mat.quant-gas,2021,1,16828
cond-mat.quant-gas,2021,2,18415
cond-mat.quant-gas,2021,3,19023
cond-mat.quant-gas,2021,4,19111
cond-mat.quant-gas,2022,0,3379
cond-mat.quant-gas,2022,1,18648
cond-mat.quant-gas,2022,2,18478
cond-mat.quant-gas,2022,3,17020
cond-mat.quant-gas,2022,4,18486
cond-mat.quant-gas,2023,0,2577
cond-mat.quant-gas,2023,1,18275
cond-mat.quant-gas,2023,2,20285
cond-mat.quant-gas,2023,3,20800
cond-mat.quant-gas,2023,4,19264
cond-mat.quant-gas,2024,0,2172
cond-mat.quant-gas,2024,1,17719
cond-mat.quant-gas,2024,2,17145
cond-mat.quant-gas,2024,3,16337
cond-mat.quant-gas,2024,4,16024
cond-mat.quant-gas,2025,0,2293
cond-mat.quant-gas,2025,1,15989
cond-mat.quant-gas,2025,2,18528
cond-mat.quant-gas,2025,3,15777
cond-mat.quant-gas,2025,4,14931
cond-mat.quant-gas,2026,0,1610
cond-mat.quant-gas,2026,1,12713
cond-mat.quant-gas,2026,2,8842
cond-mat.soft,1900,0,3
cond-mat.soft,1903,2,5
cond-mat.soft,1904,1,1
cond-mat.soft,1905,0,1
cond-mat.soft,1925,4,1
cond-mat.soft,1928,0,1
cond-mat.soft,1930,0,1
cond-mat.soft,1940,0,1
cond-mat.soft,1942,3,8
cond-mat.soft,1951,0,1
cond-mat.soft,1951,4,1
cond-mat.soft,1960,3,5
cond-mat.soft,1961,0,13
cond-mat.soft,1965,0,1
cond-mat.soft,1967,3,1
cond-mat.soft,1968,4,1
cond-mat.soft,1969,1,1
cond-mat.soft,1970,0,4
cond-mat.soft,1971,0,2
cond-mat.soft,1971,1,1
cond-mat.soft,1971,3,1
cond-mat.soft,1972,0,1
cond-mat.soft,1972,1,1
cond-mat.soft,1972,3,5
cond-mat.soft,1973,0,1
cond-mat.soft,1973,4,4
cond-mat.soft,1975,1,1
cond-mat.soft,1975,4,2
cond-mat.soft,1976,0,114
cond-mat.soft,1976,2,2
cond-mat.soft,1976,4,1
cond-mat.soft,1977,0,4
cond-mat.soft,1977,2,22
cond-mat.soft,1977,3,1
cond-mat.soft,1978,0,1
cond-mat.soft,1978,1,1
cond-mat.soft,1978,3,1
cond-mat.soft,1980,0,3
cond-mat.soft,1980,2,13
cond-mat.soft,1980,3,1
cond-mat.soft,1981,4,2
cond-mat.soft,1983,0,3
cond-mat.soft,1983,2,9
cond-mat.soft,1984,0,11
cond-mat.soft,1984,1,5
cond-mat.soft,1984,2,1
cond-mat.soft,1984,3,4
cond-mat.soft,1985,3,1
cond-mat.soft,1986,0,1
cond-mat.soft,1986,3,1
cond-mat.soft,1987,0,2
cond-mat.soft,1987,2,3
cond-mat.soft,1987,4,2
cond-mat.soft,1988,0,1
cond-mat.soft,1988,4,3
cond-mat.soft,1989,0,2
cond-mat.soft,1989,1,1
cond-mat.soft,1989,2,4
cond-mat.soft,1989,3,1
cond-mat.soft,1990,0,3
cond-mat.soft,1990,2,1
cond-mat.soft,1990,3,3
cond-mat.soft,1990,4,1
cond-mat.soft,1991,0,4
cond-mat.soft,1991,2,2
cond-mat.soft,1991,3,1
cond-mat.soft,1992,0,3
cond-mat.soft,1992,2,1
cond-mat.soft,1992,3,2
cond-mat.soft,1992,4,3
cond-mat.soft,1993,0,2
cond-mat.soft,1993,1,1
cond-mat.soft,1993,2,3
cond-mat.soft,1993,3,3
cond-mat.soft,1993,4,2
cond-mat.soft,1994,0,8
cond-mat.soft,1994,1,1
cond-mat.soft,1994,2,1
cond-mat.soft,1994,3,2
cond-mat.soft,1994,4,1
cond-mat.soft,1995,0,1
cond-mat.soft,1995,1,3
cond-mat.soft,1995,3,1
cond-mat.soft,1995,4,3
cond-mat.soft,1996,0,6
cond-mat.soft,1996,1,4
cond-mat.soft,1996,2,9
cond-mat.soft,1996,3,2
cond-mat.soft,1996,4,6
cond-mat.soft,1997,0,15
cond-mat.soft,1997,1,11
cond-mat.soft,1997,2,26
cond-mat.soft,1997,3,27
cond-mat.soft,1997,4,69
cond-mat.soft,1998,0,64
cond-mat.soft,1998,1,68
cond-mat.soft,1998,2,118
cond-mat.soft,1998,3,188
cond-mat.soft,1998,4,252
cond-mat.soft,1999,0,254
cond-mat.soft,1999,1,193
cond-mat.soft,1999,2,303
cond-mat.soft,1999,3,313
cond-mat.soft,1999,4,483
cond-mat.soft,2000,0,347
cond-mat.soft,2000,1,469
cond-mat.soft,2000,2,580
cond-mat.soft,2000,3,786
cond-mat.soft,2000,4,955
cond-mat.soft,2001,0,638
cond-mat.soft,2001,1,862
cond-mat.soft,2001,2,1189
cond-mat.soft,2001,3,1187
cond-mat.soft,2001,4,1235
cond-mat.soft,2002,0,887
cond-mat.soft,2002,1,1388
cond-mat.soft,2002,2,1665
cond-mat.soft,2002,3,2145
cond-mat.soft,2002,4,2317
cond-mat.soft,2003,0,1151
cond-mat.soft,2003,1,2243
cond-mat.soft,2003,2,2841
cond-mat.soft,2003,3,2493
cond-mat.soft,2003,4,2888
cond-mat.soft,2004,0,1542
cond-mat.soft,2004,1,2893
cond-mat.soft,2004,2,3752
cond-mat.soft,2004,3,3793
cond-mat.soft,2004,4,4564
cond-mat.soft,2005,0,1881
cond-mat.soft,2005,1,4219
cond-mat.soft,2005,2,4722
cond-mat.soft,2005,3,5289
cond-mat.soft,2005,4,5491
cond-mat.soft,2006,0,2246
cond-mat.soft,2006,1,5442
cond-mat.soft,2006,2,5546
cond-mat.soft,2006,3,6187
cond-mat.soft,2006,4,5606
cond-mat.soft,2007,0,2431
cond-mat.soft,2007,1,5864
cond-mat.soft,2007,2,6457
cond-mat.soft,2007,3,6374
cond-mat.soft,2007,4,6637
cond-mat.soft,2008,0,3239
cond-mat.soft,2008,1,6370
cond-mat.soft,2008,2,6962
cond-mat.soft,2008,3,6848
cond-mat.soft,2008,4,9068
cond-mat.soft,2009,0,4369
cond-mat.soft,2009,1,7143
cond-mat.soft,2009,2,7493
cond-mat.soft,2009,3,7372
cond-mat.soft,2009,4,7917
cond-mat.soft,2010,0,4783
cond-mat.soft,2010,1,6889
cond-mat.soft,2010,2,7920
cond-mat.soft,2010,3,8069
cond-mat.soft,2010,4,8940
cond-mat.soft,2011,0,5978
cond-mat.soft,2011,1,7392
cond-mat.soft,2011,2,8719
cond-mat.soft,2011,3,8643
cond-mat.soft,2011,4,8780
cond-mat.soft,2012,0,6463
cond-mat.soft,2012,1,8209
cond-mat.soft,2012,2,8981
cond-mat.soft,2012,3,9194
cond-mat.soft,2012,4,9966
cond-mat.soft,2013,0,7501
cond-mat.soft,2013,1,9568
cond-mat.soft,2013,2,9523
cond-mat.soft,2013,3,10227
cond-mat.soft,2013,4,11117
cond-mat.soft,2014,0,6783
cond-mat.soft,2014,1,9654
cond-mat.soft,2014,2,11083
cond-mat.soft,2014,3,11993
cond-mat.soft,2014,4,13395
cond-mat.soft,2015,0,7933
cond-mat.soft,2015,1,10088
cond-mat.soft,2015,2,11724
cond-mat.soft,2015,3,12233
cond-mat.soft,2015,4,13058
cond-mat.soft,2016,0,8819
cond-mat.soft,2016,1,11997
cond-mat.soft,2016,2,13333
cond-mat.soft,2016,3,15122
cond-mat.soft,2016,4,15342
cond-mat.soft,2017,0,9810
cond-mat.soft,2017,1,12726
cond-mat.soft,2017,2,15894
cond-mat.soft,2017,3,14532
cond-mat.soft,2017,4,16902
cond-mat.soft,2018,0,9914
cond-mat.soft,2018,1,14990
cond-mat.soft,2018,2,15296
cond-mat.soft,2018,3,16416
cond-mat.soft,2018,4,16959
cond-mat.soft,2019,0,9876
cond-mat.soft,2019,1,15238
cond-mat.soft,2019,2,16941
cond-mat.soft,2019,3,16882
cond-mat.soft,2019,4,19365
cond-mat.soft,2020,0,11398
cond-mat.soft,2020,1,18151
cond-mat.soft,2020,2,18728
cond-mat.soft,2020,3,22258
cond-mat.soft,2020,4,20974
cond-mat.soft,2021,0,10992
cond-mat.soft,2021,1,20595
cond-mat.soft,2021,2,22535
cond-mat.soft,2021,3,22390
cond-mat.soft,2021,4,22029
cond-mat.soft,2022,0,9622
cond-mat.soft,2022,1,19580
cond-mat.soft,2022,2,22132
cond-mat.soft,2022,3,20731
cond-mat.soft,2022,4,21777
cond-mat.soft,2023,0,9896
cond-mat.soft,2023,1,19909
cond-mat.soft,2023,2,20228
cond-mat.soft,2023,3,19845
cond-mat.soft,2023,4,20670
cond-mat.soft,2024,0,10267
cond-mat.soft,2024,1,19017
cond-mat.soft,2024,2,19794
cond-mat.soft,2024,3,18983
cond-mat.soft,2024,4,20493
cond-mat.soft,2025,0,9555
cond-mat.soft,2025,1,18840
cond-mat.soft,2025,2,20579
cond-mat.soft,2025,3,20009
cond-mat.soft,2025,4,20421
cond-mat.soft,2026,0,4114
cond-mat.soft,2026,1,16875
cond-mat.soft,2026,2,14034
cond-mat.stat-mech,1900,0,37
cond-mat.stat-mech,1913,0,4
cond-mat.stat-mech,1914,0,1
cond-mat.stat-mech,1923,0,6
cond-mat.stat-mech,1928,0,2
cond-mat.stat-mech,1930,0,6
cond-mat.stat-mech,1935,0,1
cond-mat.stat-mech,1942,3,4
cond-mat.stat-mech,1944,4,3
cond-mat.stat-mech,1947,0,2
cond-mat.stat-mech,1954,1,6
cond-mat.stat-mech,1956,1,1
cond-mat.stat-mech,1958,0,1
cond-mat.stat-mech,1960,1,1
cond-mat.stat-mech,1960,3,1
cond-mat.stat-mech,1961,0,9
cond-mat.stat-mech,1961,4,1
cond-mat.stat-mech,1962,1,1
cond-mat.stat-mech,1964,1,2
cond-mat.stat-mech,1966,0,2
cond-mat.stat-mech,1967,0,3
cond-mat.stat-mech,1967,1,1
cond-mat.stat-mech,1968,2,1
cond-mat.stat-mech,1968,3,10
cond-mat.stat-mech,1969,1,4
cond-mat.stat-mech,1969,3,3
cond-mat.stat-mech,1969,4,2
cond-mat.stat-mech,1970,0,11
cond-mat.stat-mech,1970,3,3
cond-mat.stat-mech,1971,0,3
cond-mat.stat-mech,1971,4,8
cond-mat.stat-mech,1972,0,3
cond-mat.stat-mech,1972,1,2
cond-mat.stat-mech,1972,2,1
cond-mat.stat-mech,1972,3,3
cond-mat.stat-mech,1973,0,1
cond-mat.stat-mech,1973,4,9
cond-mat.stat-mech,1974,0,1
cond-mat.stat-mech,1974,4,1
cond-mat.stat-mech,1976,0,56
cond-mat.stat-mech,1976,2,3
cond-mat.stat-mech,1976,3,39
cond-mat.stat-mech,1976,4,2
cond-mat.stat-mech,1977,0,1
cond-mat.stat-mech,1977,1,1
cond-mat.stat-mech,1977,2,16
cond-mat.stat-mech,1977,3,4
cond-mat.stat-mech,1977,4,6
cond-mat.stat-mech,1978,1,1
cond-mat.stat-mech,1978,2,3
cond-mat.stat-mech,1978,3,1
cond-mat.stat-mech,1978,4,1
cond-mat.stat-mech,1979,3,9
cond-mat.stat-mech,1980,0,4
cond-mat.stat-mech,1980,1,4
cond-mat.stat-mech,1980,2,8
cond-mat.stat-mech,1980,4,1
cond-mat.stat-mech,1981,0,3
cond-mat.stat-mech,1981,2,2
cond-mat.stat-mech,1981,3,1
cond-mat.stat-mech,1981,4,1
cond-mat.stat-mech,1982,0,1
cond-mat.stat-mech,1982,1,23
cond-mat.stat-mech,1982,2,2
cond-mat.stat-mech,1982,3,12
cond-mat.stat-mech,1983,0,6
cond-mat.stat-mech,1983,2,7
cond-mat.stat-mech,1984,0,18
cond-mat.stat-mech,1984,1,1
cond-mat.stat-mech,1984,3,4
cond-mat.stat-mech,1984,4,4
cond-mat.stat-mech,1985,2,7
cond-mat.stat-mech,1985,4,1
cond-mat.stat-mech,1986,0,2
cond-mat.stat-mech,1986,1,5
cond-mat.stat-mech,1986,2,3
cond-mat.stat-mech,1986,3,1
cond-mat.stat-mech,1987,0,1
cond-mat.stat-mech,1987,1,4
cond-mat.stat-mech,1987,2,4
cond-mat.stat-mech,1987,3,3
cond-mat.stat-mech,1987,4,5
cond-mat.stat-mech,1988,0,7
cond-mat.stat-mech,1988,1,1
cond-mat.stat-mech,1988,2,1
cond-mat.stat-mech,1988,3,2
cond-mat.stat-mech,1988,4,2
cond-mat.stat-mech,1989,0,9
cond-mat.stat-mech,1989,1,2
cond-mat.stat-mech,1989,2,7
cond-mat.stat-mech,1989,3,6
cond-mat.stat-mech,1989,4,3
cond-mat.stat-mech,1990,0,6
cond-mat.stat-mech,1990,1,1
cond-mat.stat-mech,1990,2,5
cond-mat.stat-mech,1990,3,7
cond-mat.stat-mech,1990,4,2
cond-mat.stat-mech,1991,0,6
cond-mat.stat-mech,1991,1,5
cond-mat.stat-mech,1991,2,4
cond-mat.stat-mech,1991,3,6
cond-mat.stat-mech,1991,4,3
cond-mat.stat-mech,1992,0,10
cond-mat.stat-mech,1992,1,4
cond-mat.stat-mech,1992,2,8
cond-mat.stat-mech,1992,3,3
cond-mat.stat-mech,1992,4,6
cond-mat.stat-mech,1993,0,32
cond-mat.stat-mech,1993,1,6
cond-mat.stat-mech,1993,2,4
cond-mat.stat-mech,1993,3,23
cond-mat.stat-mech,1993,4,12
cond-mat.stat-mech,1994,0,12
cond-mat.stat-mech,1994,1,10
cond-mat.stat-mech,1994,2,8
cond-mat.stat-mech,1994,3,14
cond-mat.stat-mech,1994,4,22
cond-mat.stat-mech,1995,0,22
cond-mat.stat-mech,1995,1,26
cond-mat.stat-mech,1995,2,27
cond-mat.stat-mech,1995,3,20
cond-mat.stat-mech,1995,4,17
cond-mat.stat-mech,1996,0,21
cond-mat.stat-mech,1996,1,19
cond-mat.stat-mech,1996,2,36
cond-mat.stat-mech,1996,3,44
cond-mat.stat-mech,1996,4,54
cond-mat.stat-mech,1997,0,75
cond-mat.stat-mech,1997,1,74
cond-mat.stat-mech,1997,2,117
cond-mat.stat-mech,1997,3,173
cond-mat.stat-mech,1997,4,319
cond-mat.stat-mech,1998,0,336
cond-mat.stat-mech,1998,1,351
cond-mat.stat-mech,1998,2,587
cond-mat.stat-mech,1998,3,826
cond-mat.stat-mech,1998,4,950
cond-mat.stat-mech,1999,0,1163
cond-mat.stat-mech,1999,1,741
cond-mat.stat-mech,1999,2,1130
cond-mat.stat-mech,1999,3,1391
cond-mat.stat-mech,1999,4,1557
cond-mat.stat-mech,2000,0,1467
cond-mat.stat-mech,2000,1,1447
cond-mat.stat-mech,2000,2,2098
cond-mat.stat-mech,2000,3,2329
cond-mat.stat-mech,2000,4,2971
cond-mat.stat-mech,2001,0,2044
cond-mat.stat-mech,2001,1,2628
cond-mat.stat-mech,2001,2,3560
cond-mat.stat-mech,2001,3,3527
cond-mat.stat-mech,2001,4,3989
cond-mat.stat-mech,2002,0,2888
cond-mat.stat-mech,2002,1,3892
cond-mat.stat-mech,2002,2,4605
cond-mat.stat-mech,2002,3,5038
cond-mat.stat-mech,2002,4,5998
cond-mat.stat-mech,2003,0,3610
cond-mat.stat-mech,2003,1,5224
cond-mat.stat-mech,2003,2,6544
cond-mat.stat-mech,2003,3,5520
cond-mat.stat-mech,2003,4,6639
cond-mat.stat-mech,2004,0,4277
cond-mat.stat-mech,2004,1,7127
cond-mat.stat-mech,2004,2,7905
cond-mat.stat-mech,2004,3,8809
cond-mat.stat-mech,2004,4,8699
cond-mat.stat-mech,2005,0,5438
cond-mat.stat-mech,2005,1,8297
cond-mat.stat-mech,2005,2,9998
cond-mat.stat-mech,2005,3,10521
cond-mat.stat-mech,2005,4,10551
cond-mat.stat-mech,2006,0,6394
cond-mat.stat-mech,2006,1,10931
cond-mat.stat-mech,2006,2,11709
cond-mat.stat-mech,2006,3,11676
cond-mat.stat-mech,2006,4,12321
cond-mat.stat-mech,2007,0,6224
cond-mat.stat-mech,2007,1,11987
cond-mat.stat-mech,2007,2,15743
cond-mat.stat-mech,2007,3,14523
cond-mat.stat-mech,2007,4,13969
cond-mat.stat-mech,2008,0,7959
cond-mat.stat-mech,2008,1,12766
cond-mat.stat-mech,2008,2,15092
cond-mat.stat-mech,2008,3,14878
cond-mat.stat-mech,2008,4,17073
cond-mat.stat-mech,2009,0,12639
cond-mat.stat-mech,2009,1,15390
cond-mat.stat-mech,2009,2,18009
cond-mat.stat-mech,2009,3,16351
cond-mat.stat-mech,2009,4,17070
cond-mat.stat-mech,2010,0,10421
cond-mat.stat-mech,2010,1,15320
cond-mat.stat-mech,2010,2,17736
cond-mat.stat-mech,2010,3,18559
cond-mat.stat-mech,2010,4,18890
cond-mat.stat-mech,2011,0,14886
cond-mat.stat-mech,2011,1,16034
cond-mat.stat-mech,2011,2,19576
cond-mat.stat-mech,2011,3,21161
cond-mat.stat-mech,2011,4,21199
cond-mat.stat-mech,2012,0,13426
cond-mat.stat-mech,2012,1,19003
cond-mat.stat-mech,2012,2,19808
cond-mat.stat-mech,2012,3,21070
cond-mat.stat-mech,2012,4,23832
cond-mat.stat-mech,2013,0,16028
cond-mat.stat-mech,2013,1,21674
cond-mat.stat-mech,2013,2,22338
cond-mat.stat-mech,2013,3,24567
cond-mat.stat-mech,2013,4,24371
cond-mat.stat-mech,2014,0,15833
cond-mat.stat-mech,2014,1,22441
cond-mat.stat-mech,2014,2,24586
cond-mat.stat-mech,2014,3,28624
cond-mat.stat-mech,2014,4,28185
cond-mat.stat-mech,2015,0,13912
cond-mat.stat-mech,2015,1,22871
cond-mat.stat-mech,2015,2,28159
cond-mat.stat-mech,2015,3,28167
cond-mat.stat-mech,2015,4,28280
cond-mat.stat-mech,2016,0,14363
cond-mat.stat-mech,2016,1,25846
cond-mat.stat-mech,2016,2,29872
cond-mat.stat-mech,2016,3,33412
cond-mat.stat-mech,2016,4,32117
cond-mat.stat-mech,2017,0,14379
cond-mat.stat-mech,2017,1,28427
cond-mat.stat-mech,2017,2,32439
cond-mat.stat-mech,2017,3,32076
cond-mat.stat-mech,2017,4,34362
cond-mat.stat-mech,2018,0,16749
cond-mat.stat-mech,2018,1,29517
cond-mat.stat-mech,2018,2,35389
cond-mat.stat-mech,2018,3,34911
cond-mat.stat-mech,2018,4,34639
cond-mat.stat-mech,2019,0,15358
cond-mat.stat-mech,2019,1,31020
cond-mat.stat-mech,2019,2,37918
cond-mat.stat-mech,2019,3,37155
cond-mat.stat-mech,2019,4,41062
cond-mat.stat-mech,2020,0,16690
cond-mat.stat-mech,2020,1,36854
cond-mat.stat-mech,2020,2,40227
cond-mat.stat-mech,2020,3,45471
cond-mat.stat-mech,2020,4,44276
cond-mat.stat-mech,2021,0,17231
cond-mat.stat-mech,2021,1,43768
cond-mat.stat-mech,2021,2,47956
cond-mat.stat-mech,2021,3,47823
cond-mat.stat-mech,2021,4,47016
cond-mat.stat-mech,2022,0,14527
cond-mat.stat-mech,2022,1,44210
cond-mat.stat-mech,2022,2,54150
cond-mat.stat-mech,2022,3,41895
cond-mat.stat-mech,2022,4,45188
cond-mat.stat-mech,2023,0,12657
cond-mat.stat-mech,2023,1,42023
cond-mat.stat-mech,2023,2,46704
cond-mat.stat-mech,2023,3,47531
cond-mat.stat-mech,2023,4,47089
cond-mat.stat-mech,2024,0,12889
cond-mat.stat-mech,2024,1,40060
cond-mat.stat-mech,2024,2,42917
cond-mat.stat-mech,2024,3,40188
cond-mat.stat-mech,2024,4,39165
cond-mat.stat-mech,2025,0,11532
cond-mat.stat-mech,2025,1,38533
cond-mat.stat-mech,2025,2,43498
cond-mat.stat-mech,2025,3,38935
cond-mat.stat-mech,2025,4,39105
cond-mat.stat-mech,2026,0,5788
cond-mat.stat-mech,2026,1,33025
cond-mat.stat-mech,2026,2,24954
cond-mat.str-el,1891,3,1
cond-mat.str-el,1900,0,23
cond-mat.str-el,1916,0,1
cond-mat.str-el,1917,0,1
cond-mat.str-el,1919,3,2
cond-mat.str-el,1930,0,23
cond-mat.str-el,1930,3,21
cond-mat.str-el,1947,0,1
cond-mat.str-el,1960,1,7
cond-mat.str-el,1961,2,3
cond-mat.str-el,1962,3,5
cond-mat.str-el,1963,4,4
cond-mat.str-el,1965,0,1
cond-mat.str-el,1969,0,1
cond-mat.str-el,1969,4,28
cond-mat.str-el,1970,0,3
cond-mat.str-el,1970,3,23
cond-mat.str-el,1971,3,1
cond-mat.str-el,1972,0,2
cond-mat.str-el,1973,4,1
cond-mat.str-el,1974,4,2
cond-mat.str-el,1975,2,3
cond-mat.str-el,1975,4,1
cond-mat.str-el,1976,0,4
cond-mat.str-el,1976,1,1
cond-mat.str-el,1976,2,3
cond-mat.str-el,1976,3,37
cond-mat.str-el,1976,4,1
cond-mat.str-el,1977,0,1
cond-mat.str-el,1977,1,8
cond-mat.str-el,1977,2,3
cond-mat.str-el,1977,3,2
cond-mat.str-el,1978,0,3
cond-mat.str-el,1978,1,2
cond-mat.str-el,1978,2,4
cond-mat.str-el,1978,4,1
cond-mat.str-el,1979,0,14
cond-mat.str-el,1979,1,1
cond-mat.str-el,1979,2,3
cond-mat.str-el,1979,3,1
cond-mat.str-el,1979,4,1
cond-mat.str-el,1980,0,6
cond-mat.str-el,1980,1,1
cond-mat.str-el,1980,2,3
cond-mat.str-el,1980,3,2
cond-mat.str-el,1981,4,2
cond-mat.str-el,1982,0,16
cond-mat.str-el,1982,1,1
cond-mat.str-el,1982,2,1
cond-mat.str-el,1982,4,1
cond-mat.str-el,1984,3,1
cond-mat.str-el,1985,1,2
cond-mat.str-el,1985,2,26
cond-mat.str-el,1985,4,1
cond-mat.str-el,1986,1,1
cond-mat.str-el,1986,3,6
cond-mat.str-el,1987,1,1
cond-mat.str-el,1988,0,1
cond-mat.str-el,1988,4,2
cond-mat.str-el,1989,2,2
cond-mat.str-el,1989,4,60
cond-mat.str-el,1990,0,2
cond-mat.str-el,1990,3,1
cond-mat.str-el,1990,4,2
cond-mat.str-el,1991,0,6
cond-mat.str-el,1991,2,2
cond-mat.str-el,1991,3,1
cond-mat.str-el,1991,4,5
cond-mat.str-el,1992,0,21
cond-mat.str-el,1992,1,4
cond-mat.str-el,1992,2,9
cond-mat.str-el,1992,3,7
cond-mat.str-el,1992,4,5
cond-mat.str-el,1993,0,6
cond-mat.str-el,1993,1,1
cond-mat.str-el,1993,2,5
cond-mat.str-el,1993,3,3
cond-mat.str-el,1993,4,25
cond-mat.str-el,1994,0,6
cond-mat.str-el,1994,1,6
cond-mat.str-el,1994,2,7
cond-mat.str-el,1994,3,16
cond-mat.str-el,1994,4,9
cond-mat.str-el,1995,0,5
cond-mat.str-el,1995,1,5
cond-mat.str-el,1995,2,28
cond-mat.str-el,1995,3,16
cond-mat.str-el,1995,4,9
cond-mat.str-el,1996,0,21
cond-mat.str-el,1996,1,13
cond-mat.str-el,1996,2,17
cond-mat.str-el,1996,3,23
cond-mat.str-el,1996,4,33
cond-mat.str-el,1997,0,54
cond-mat.str-el,1997,1,25
cond-mat.str-el,1997,2,43
cond-mat.str-el,1997,3,100
cond-mat.str-el,1997,4,200
cond-mat.str-el,1998,0,166
cond-mat.str-el,1998,1,230
cond-mat.str-el,1998,2,405
cond-mat.str-el,1998,3,495
cond-mat.str-el,1998,4,733
cond-mat.str-el,1999,0,866
cond-mat.str-el,1999,1,676
cond-mat.str-el,1999,2,959
cond-mat.str-el,1999,3,1193
cond-mat.str-el,1999,4,1286
cond-mat.str-el,2000,0,618
cond-mat.str-el,2000,1,1238
cond-mat.str-el,2000,2,2239
cond-mat.str-el,2000,3,2117
cond-mat.str-el,2000,4,2541
cond-mat.str-el,2001,0,1604
cond-mat.str-el,2001,1,2327
cond-mat.str-el,2001,2,3205
cond-mat.str-el,2001,3,2931
cond-mat.str-el,2001,4,3457
cond-mat.str-el,2002,0,1587
cond-mat.str-el,2002,1,3687
cond-mat.str-el,2002,2,3695
cond-mat.str-el,2002,3,3842
cond-mat.str-el,2002,4,3960
cond-mat.str-el,2003,0,1919
cond-mat.str-el,2003,1,4556
cond-mat.str-el,2003,2,5294
cond-mat.str-el,2003,3,4413
cond-mat.str-el,2003,4,5080
cond-mat.str-el,2004,0,2194
cond-mat.str-el,2004,1,5744
cond-mat.str-el,2004,2,5774
cond-mat.str-el,2004,3,5588
cond-mat.str-el,2004,4,7036
cond-mat.str-el,2005,0,2784
cond-mat.str-el,2005,1,7349
cond-mat.str-el,2005,2,6751
cond-mat.str-el,2005,3,8981
cond-mat.str-el,2005,4,8130
cond-mat.str-el,2006,0,2728
cond-mat.str-el,2006,1,9672
cond-mat.str-el,2006,2,10131
cond-mat.str-el,2006,3,8814
cond-mat.str-el,2006,4,10678
cond-mat.str-el,2007,0,2172
cond-mat.str-el,2007,1,10641
cond-mat.str-el,2007,2,11539
cond-mat.str-el,2007,3,11494
cond-mat.str-el,2007,4,11797
cond-mat.str-el,2008,0,3837
cond-mat.str-el,2008,1,12360
cond-mat.str-el,2008,2,11963
cond-mat.str-el,2008,3,12341
cond-mat.str-el,2008,4,14215
cond-mat.str-el,2009,0,4156
cond-mat.str-el,2009,1,16211
cond-mat.str-el,2009,2,15328
cond-mat.str-el,2009,3,15417
cond-mat.str-el,2009,4,16288
cond-mat.str-el,2010,0,5406
cond-mat.str-el,2010,1,16246
cond-mat.str-el,2010,2,16623
cond-mat.str-el,2010,3,18488
cond-mat.str-el,2010,4,18075
cond-mat.str-el,2011,0,5830
cond-mat.str-el,2011,1,16618
cond-mat.str-el,2011,2,18909
cond-mat.str-el,2011,3,21301
cond-mat.str-el,2011,4,20436
cond-mat.str-el,2012,0,6552
cond-mat.str-el,2012,1,19182
cond-mat.str-el,2012,2,22462
cond-mat.str-el,2012,3,22528
cond-mat.str-el,2012,4,25252
cond-mat.str-el,2013,0,7133
cond-mat.str-el,2013,1,22727
cond-mat.str-el,2013,2,23325
cond-mat.str-el,2013,3,24219
cond-mat.str-el,2013,4,23271
cond-mat.str-el,2014,0,7087
cond-mat.str-el,2014,1,22517
cond-mat.str-el,2014,2,26218
cond-mat.str-el,2014,3,26623
cond-mat.str-el,2014,4,29487
cond-mat.str-el,2015,0,8696
cond-mat.str-el,2015,1,27174
cond-mat.str-el,2015,2,27920
cond-mat.str-el,2015,3,28812
cond-mat.str-el,2015,4,29722
cond-mat.str-el,2016,0,7981
cond-mat.str-el,2016,1,29028
cond-mat.str-el,2016,2,31853
cond-mat.str-el,2016,3,36279
cond-mat.str-el,2016,4,34070
cond-mat.str-el,2017,0,8609
cond-mat.str-el,2017,1,30935
cond-mat.str-el,2017,2,32491
cond-mat.str-el,2017,3,37337
cond-mat.str-el,2017,4,36927
cond-mat.str-el,2018,0,10907
cond-mat.str-el,2018,1,33681
cond-mat.str-el,2018,2,35112
cond-mat.str-el,2018,3,37130
cond-mat.str-el,2018,4,39703
cond-mat.str-el,2019,0,8674
cond-mat.str-el,2019,1,37338
cond-mat.str-el,2019,2,41866
cond-mat.str-el,2019,3,42171
cond-mat.str-el,2019,4,42133
cond-mat.str-el,2020,0,12379
cond-mat.str-el,2020,1,44747
cond-mat.str-el,2020,2,46733
cond-mat.str-el,2020,3,53742
cond-mat.str-el,2020,4,51221
cond-mat.str-el,2021,0,13420
cond-mat.str-el,2021,1,50500
cond-mat.str-el,2021,2,58481
cond-mat.str-el,2021,3,58911
cond-mat.str-el,2021,4,54821
cond-mat.str-el,2022,0,10475
cond-mat.str-el,2022,1,51743
cond-mat.str-el,2022,2,54577
cond-mat.str-el,2022,3,54135
cond-mat.str-el,2022,4,53169
cond-mat.str-el,2023,0,8785
cond-mat.str-el,2023,1,52795
cond-mat.str-el,2023,2,61507
cond-mat.str-el,2023,3,63331
cond-mat.str-el,2023,4,58327
cond-mat.str-el,2024,0,8696
cond-mat.str-el,2024,1,50513
cond-mat.str-el,2024,2,49878
cond-mat.str-el,2024,3,50696
cond-mat.str-el,2024,4,49124
cond-mat.str-el,2025,0,7298
cond-mat.str-el,2025,1,47080
cond-mat.str-el,2025,2,52778
cond-mat.str-el,2025,3,47662
cond-mat.str-el,2025,4,46117
cond-mat.str-el,2026,0,4870
cond-mat.str-el,2026,1,42047
cond-mat.str-el,2026,2,28434
cond-mat.supr-con,1900,0,3
cond-mat.supr-con,1911,0,1
cond-mat.supr-con,1916,0,1
cond-mat.supr-con,1930,0,9
cond-mat.supr-con,1930,3,15
cond-mat.supr-con,1939,2,1
cond-mat.supr-con,1963,4,3
cond-mat.supr-con,1964,4,23
cond-mat.supr-con,1969,0,3
cond-mat.supr-con,1969,4,27
cond-mat.supr-con,1970,0,3
cond-mat.supr-con,1970,3,1
cond-mat.supr-con,1972,1,1
cond-mat.supr-con,1973,0,1
cond-mat.supr-con,1973,2,1
cond-mat.supr-con,1973,3,7
cond-mat.supr-con,1975,0,1
cond-mat.supr-con,1975,2,2
cond-mat.supr-con,1976,1,1
cond-mat.supr-con,1976,3,1
cond-mat.supr-con,1977,1,1
cond-mat.supr-con,1977,2,1
cond-mat.supr-con,1978,2,2
cond-mat.supr-con,1979,0,46
cond-mat.supr-con,1979,2,1
cond-mat.supr-con,1979,3,1
cond-mat.supr-con,1980,0,1
cond-mat.supr-con,1981,0,1
cond-mat.supr-con,1982,0,21
cond-mat.supr-con,1985,1,1
cond-mat.supr-con,1985,2,3
cond-mat.supr-con,1985,3,1
cond-mat.supr-con,1986,0,3
cond-mat.supr-con,1986,2,3
cond-mat.supr-con,1986,3,1
cond-mat.supr-con,1987,1,1
cond-mat.supr-con,1988,4,2
cond-mat.supr-con,1989,0,1
cond-mat.supr-con,1989,1,1
cond-mat.supr-con,1989,2,1
cond-mat.supr-con,1989,4,63
cond-mat.supr-con,1990,0,2
cond-mat.supr-con,1990,1,1
cond-mat.supr-con,1990,2,2
cond-mat.supr-con,1990,3,1
cond-mat.supr-con,1991,0,7
cond-mat.supr-con,1991,1,2
cond-mat.supr-con,1991,2,1
cond-mat.supr-con,1991,3,2
cond-mat.supr-con,1991,4,5
cond-mat.supr-con,1992,0,17
cond-mat.supr-con,1992,1,2
cond-mat.supr-con,1992,2,11
cond-mat.supr-con,1992,3,2
cond-mat.supr-con,1992,4,6
cond-mat.supr-con,1993,0,3
cond-mat.supr-con,1993,1,1
cond-mat.supr-con,1993,2,16
cond-mat.supr-con,1993,3,7
cond-mat.supr-con,1993,4,10
cond-mat.supr-con,1994,0,2
cond-mat.supr-con,1994,1,8
cond-mat.supr-con,1994,2,2
cond-mat.supr-con,1994,3,13
cond-mat.supr-con,1994,4,9
cond-mat.supr-con,1995,0,9
cond-mat.supr-con,1995,1,9
cond-mat.supr-con,1995,2,33
cond-mat.supr-con,1995,3,14
cond-mat.supr-con,1995,4,37
cond-mat.supr-con,1996,0,57
cond-mat.supr-con,1996,1,63
cond-mat.supr-con,1996,2,63
cond-mat.supr-con,1996,3,65
cond-mat.supr-con,1996,4,107
cond-mat.supr-con,1997,0,54
cond-mat.supr-con,1997,1,80
cond-mat.supr-con,1997,2,105
cond-mat.supr-con,1997,3,234
cond-mat.supr-con,1997,4,247
cond-mat.supr-con,1998,0,149
cond-mat.supr-con,1998,1,260
cond-mat.supr-con,1998,2,464
cond-mat.supr-con,1998,3,414
cond-mat.supr-con,1998,4,787
cond-mat.supr-con,1999,0,721
cond-mat.supr-con,1999,1,524
cond-mat.supr-con,1999,2,1039
cond-mat.supr-con,1999,3,994
cond-mat.supr-con,1999,4,1067
cond-mat.supr-con,2000,0,826
cond-mat.supr-con,2000,1,898
cond-mat.supr-con,2000,2,1749
cond-mat.supr-con,2000,3,1687
cond-mat.supr-con,2000,4,2569
cond-mat.supr-con,2001,0,1219
cond-mat.supr-con,2001,1,1964
cond-mat.supr-con,2001,2,2805
cond-mat.supr-con,2001,3,3028
cond-mat.supr-con,2001,4,3468
cond-mat.supr-con,2002,0,1672
cond-mat.supr-con,2002,1,3745
cond-mat.supr-con,2002,2,3773
cond-mat.supr-con,2002,3,4139
cond-mat.supr-con,2002,4,4887
cond-mat.supr-con,2003,0,1888
cond-mat.supr-con,2003,1,4819
cond-mat.supr-con,2003,2,6577
cond-mat.supr-con,2003,3,4359
cond-mat.supr-con,2003,4,4465
cond-mat.supr-con,2004,0,1796
cond-mat.supr-con,2004,1,4933
cond-mat.supr-con,2004,2,6111
cond-mat.supr-con,2004,3,5352
cond-mat.supr-con,2004,4,5752
cond-mat.supr-con,2005,0,1733
cond-mat.supr-con,2005,1,6267
cond-mat.supr-con,2005,2,6180
cond-mat.supr-con,2005,3,7370
cond-mat.supr-con,2005,4,6960
cond-mat.supr-con,2006,0,2454
cond-mat.supr-con,2006,1,7193
cond-mat.supr-con,2006,2,8094
cond-mat.supr-con,2006,3,6784
cond-mat.supr-con,2006,4,7881
cond-mat.supr-con,2007,0,1533
cond-mat.supr-con,2007,1,8805
cond-mat.supr-con,2007,2,10044
cond-mat.supr-con,2007,3,8099
cond-mat.supr-con,2007,4,8196
cond-mat.supr-con,2008,0,3339
cond-mat.supr-con,2008,1,8963
cond-mat.supr-con,2008,2,9235
cond-mat.supr-con,2008,3,8945
cond-mat.supr-con,2008,4,10900
cond-mat.supr-con,2009,0,2522
cond-mat.supr-con,2009,1,14937
cond-mat.supr-con,2009,2,12944
cond-mat.supr-con,2009,3,11152
cond-mat.supr-con,2009,4,13068
cond-mat.supr-con,2010,0,3524
cond-mat.supr-con,2010,1,12282
cond-mat.supr-con,2010,2,12651
cond-mat.supr-con,2010,3,13359
cond-mat.supr-con,2010,4,14613
cond-mat.supr-con,2011,0,4350
cond-mat.supr-con,2011,1,11852
cond-mat.supr-con,2011,2,13224
cond-mat.supr-con,2011,3,14610
cond-mat.supr-con,2011,4,14882
cond-mat.supr-con,2012,0,4598
cond-mat.supr-con,2012,1,13620
cond-mat.supr-con,2012,2,15507
cond-mat.supr-con,2012,3,14718
cond-mat.supr-con,2012,4,18688
cond-mat.supr-con,2013,0,4161
cond-mat.supr-con,2013,1,14707
cond-mat.supr-con,2013,2,15334
cond-mat.supr-con,2013,3,17277
cond-mat.supr-con,2013,4,15606
cond-mat.supr-con,2014,0,4312
cond-mat.supr-con,2014,1,14329
cond-mat.supr-con,2014,2,18026
cond-mat.supr-con,2014,3,16517
cond-mat.supr-con,2014,4,19484
cond-mat.supr-con,2015,0,4670
cond-mat.supr-con,2015,1,18570
cond-mat.supr-con,2015,2,17203
cond-mat.supr-con,2015,3,17637
cond-mat.supr-con,2015,4,17567
cond-mat.supr-con,2016,0,4639
cond-mat.supr-con,2016,1,19062
cond-mat.supr-con,2016,2,18869
cond-mat.supr-con,2016,3,22101
cond-mat.supr-con,2016,4,20433
cond-mat.supr-con,2017,0,5505
cond-mat.supr-con,2017,1,17461
cond-mat.supr-con,2017,2,18244
cond-mat.supr-con,2017,3,20769
cond-mat.supr-con,2017,4,20952
cond-mat.supr-con,2018,0,5941
cond-mat.supr-con,2018,1,19048
cond-mat.supr-con,2018,2,19995
cond-mat.supr-con,2018,3,19479
cond-mat.supr-con,2018,4,20582
cond-mat.supr-con,2019,0,5272
cond-mat.supr-con,2019,1,20803
cond-mat.supr-con,2019,2,21311
cond-mat.supr-con,2019,3,22115
cond-mat.supr-con,2019,4,21707
cond-mat.supr-con,2020,0,5681
cond-mat.supr-con,2020,1,22257
cond-mat.supr-con,2020,2,24265
cond-mat.supr-con,2020,3,25922
cond-mat.supr-con,2020,4,24590
cond-mat.supr-con,2021,0,6462
cond-mat.supr-con,2021,1,24856
cond-mat.supr-con,2021,2,28100
cond-mat.supr-con,2021,3,28344
cond-mat.supr-con,2021,4,26326
cond-mat.supr-con,2022,0,5113
cond-mat.supr-con,2022,1,25057
cond-mat.supr-con,2022,2,25042
cond-mat.supr-con,2022,3,24438
cond-mat.supr-con,2022,4,25551
cond-mat.supr-con,2023,0,4400
cond-mat.supr-con,2023,1,25216
cond-mat.supr-con,2023,2,28189
cond-mat.supr-con,2023,3,29474
cond-mat.supr-con,2023,4,27711
cond-mat.supr-con,2024,0,4662
cond-mat.supr-con,2024,1,23627
cond-mat.supr-con,2024,2,24039
cond-mat.supr-con,2024,3,23931
cond-mat.supr-con,2024,4,23484
cond-mat.supr-con,2025,0,3833
cond-mat.supr-con,2025,1,21859
cond-mat.supr-con,2025,2,23734
cond-mat.supr-con,2025,3,20524
cond-mat.supr-con,2025,4,21428
cond-mat.supr-con,2026,0,2259
cond-mat.supr-con,2026,1,20371
cond-mat.supr-con,2026,2,13186
cs.AI,1827,4,1
cs.AI,1869,1,1
cs.AI,1920,4,1
cs.AI,1931,3,1
cs.AI,1949,2,1
cs.AI,1950,2,2
cs.AI,1951,4,1
cs.AI,1956,4,2
cs.AI,1957,0,1
cs.AI,1969,4,1
cs.AI,1970,0,1
cs.AI,1971,0,1
cs.AI,1972,0,1
cs.AI,1975,2,2
cs.AI,1975,4,1
cs.AI,1978,3,1
cs.AI,1978,4,1
cs.AI,1981,4,1
cs.AI,1982,3,2
cs.AI,1982,4,1
cs.AI,1985,0,1
cs.AI,1985,1,2
cs.AI,1985,3,1
cs.AI,1986,0,4
cs.AI,1986,3,1
cs.AI,1986,4,1
cs.AI,1987,0,4
cs.AI,1987,1,1
cs.AI,1987,3,1
cs.AI,1987,4,1
cs.AI,1988,0,8
cs.AI,1988,1,1
cs.AI,1988,3,12
cs.AI,1988,4,3
cs.AI,1989,0,18
cs.AI,1989,1,5
cs.AI,1989,2,1
cs.AI,1989,3,1
cs.AI,1990,0,39
cs.AI,1990,1,2
cs.AI,1990,2,6
cs.AI,1990,3,6
cs.AI,1990,4,40
cs.AI,1991,0,60
cs.AI,1991,1,8
cs.AI,1991,2,12
cs.AI,1991,3,17
cs.AI,1991,4,8
cs.AI,1992,0,43
cs.AI,1992,1,11
cs.AI,1992,2,15
cs.AI,1992,3,7
cs.AI,1992,4,8
cs.AI,1993,0,76
cs.AI,1993,1,17
cs.AI,1993,2,8
cs.AI,1993,3,47
cs.AI,1993,4,46
cs.AI,1994,0,78
cs.AI,1994,1,8
cs.AI,1994,2,13
cs.AI,1994,3,45
cs.AI,1994,4,45
cs.AI,1995,0,62
cs.AI,1995,1,8
cs.AI,1995,2,9
cs.AI,1995,3,32
cs.AI,1995,4,30
cs.AI,1996,0,85
cs.AI,1996,1,10
cs.AI,1996,2,81
cs.AI,1996,3,27
cs.AI,1996,4,33
cs.AI,1997,0,120
cs.AI,1997,1,12
cs.AI,1997,2,24
cs.AI,1997,3,88
cs.AI,1997,4,41
cs.AI,1998,0,216
cs.AI,1998,1,13
cs.AI,1998,2,32
cs.AI,1998,3,73
cs.AI,1998,4,59
cs.AI,1999,0,240
cs.AI,1999,1,38
cs.AI,1999,2,59
cs.AI,1999,3,117
cs.AI,1999,4,82
cs.AI,2000,0,532
cs.AI,2000,1,53
cs.AI,2000,2,135
cs.AI,2000,3,153
cs.AI,2000,4,67
cs.AI,2001,0,555
cs.AI,2001,1,147
cs.AI,2001,2,131
cs.AI,2001,3,224
cs.AI,2001,4,83
cs.AI,2002,0,897
cs.AI,2002,1,73
cs.AI,2002,2,217
cs.AI,2002,3,311
cs.AI,2002,4,374
cs.AI,2003,0,1033
cs.AI,2003,1,278
cs.AI,2003,2,409
cs.AI,2003,3,384
cs.AI,2003,4,318
cs.AI,2004,0,1396
cs.AI,2004,1,215
cs.AI,2004,2,462
cs.AI,2004,3,559
cs.AI,2004,4,345
cs.AI,2005,0,1859
cs.AI,2005,1,292
cs.AI,2005,2,405
cs.AI,2005,3,683
cs.AI,2005,4,486
cs.AI,2006,0,2045
cs.AI,2006,1,519
cs.AI,2006,2,677
cs.AI,2006,3,766
cs.AI,2006,4,701
cs.AI,2007,0,1585
cs.AI,2007,1,583
cs.AI,2007,2,822
cs.AI,2007,3,1252
cs.AI,2007,4,989
cs.AI,2008,0,1918
cs.AI,2008,1,597
cs.AI,2008,2,1047
cs.AI,2008,3,1213
cs.AI,2008,4,1097
cs.AI,2009,0,2299
cs.AI,2009,1,667
cs.AI,2009,2,931
cs.AI,2009,3,990
cs.AI,2009,4,1086
cs.AI,2010,0,2342
cs.AI,2010,1,664
cs.AI,2010,2,1162
cs.AI,2010,3,1427
cs.AI,2010,4,1324
cs.AI,2011,0,2405
cs.AI,2011,1,925
cs.AI,2011,2,1437
cs.AI,2011,3,1502
cs.AI,2011,4,1428
cs.AI,2012,0,2668
cs.AI,2012,1,1110
cs.AI,2012,2,1888
cs.AI,2012,3,1664
cs.AI,2012,4,1943
cs.AI,2013,0,2938
cs.AI,2013,1,1691
cs.AI,2013,2,2003
cs.AI,2013,3,2016
cs.AI,2013,4,2103
cs.AI,2014,0,3366
cs.AI,2014,1,1310
cs.AI,2014,2,2490
cs.AI,2014,3,2165
cs.AI,2014,4,2280
cs.AI,2015,0,3194
cs.AI,2015,1,1899
cs.AI,2015,2,2338
cs.AI,2015,3,2912
cs.AI,2015,4,2837
cs.AI,2016,0,3405
cs.AI,2016,1,2355
cs.AI,2016,2,3031
cs.AI,2016,3,3119
cs.AI,2016,4,3744
cs.AI,2017,0,4220
cs.AI,2017,1,3284
cs.AI,2017,2,4248
cs.AI,2017,3,5651
cs.AI,2017,4,6145
cs.AI,2018,0,7346
cs.AI,2018,1,5035
cs.AI,2018,2,9280
cs.AI,2018,3,9644
cs.AI,2018,4,10818
cs.AI,2019,0,12128
cs.AI,2019,1,8723
cs.AI,2019,2,15543
cs.AI,2019,3,16765
cs.AI,2019,4,18599
cs.AI,2020,0,18512
cs.AI,2020,1,14031
cs.AI,2020,2,24826
cs.AI,2020,3,21998
cs.AI,2020,4,27102
cs.AI,2021,0,23757
cs.AI,2021,1,21380
cs.AI,2021,2,36497
cs.AI,2021,3,30691
cs.AI,2021,4,30421
cs.AI,2022,0,24005
cs.AI,2022,1,15848
cs.AI,2022,2,28212
cs.AI,2022,3,24608
cs.AI,2022,4,29088
cs.AI,2023,0,43136
cs.AI,2023,1,22532
cs.AI,2023,2,44030
cs.AI,2023,3,39272
cs.AI,2023,4,48323
cs.AI,2024,0,33337
cs.AI,2024,1,44280
cs.AI,2024,2,54054
cs.AI,2024,3,39624
cs.AI,2024,4,49166
cs.AI,2025,0,32406
cs.AI,2025,1,37825
cs.AI,2025,2,55339
cs.AI,2025,3,44255
cs.AI,2025,4,34013
cs.AI,2026,0,11183
cs.AI,2026,1,21961
cs.AI,2026,2,23095
cs.AR,1954,1,1
cs.AR,1999,0,3
cs.AR,1999,3,1
cs.AR,1999,4,1
cs.AR,2000,0,19
cs.AR,2000,2,2
cs.AR,2001,0,1
cs.AR,2001,4,4
cs.AR,2002,0,8
cs.AR,2002,2,4
cs.AR,2002,3,2
cs.AR,2002,4,5
cs.AR,2003,0,8
cs.AR,2003,1,5
cs.AR,2003,2,6
cs.AR,2003,3,1
cs.AR,2003,4,4
cs.AR,2004,0,14
cs.AR,2004,1,3
cs.AR,2004,2,2
cs.AR,2004,3,4
cs.AR,2004,4,5
cs.AR,2005,0,15
cs.AR,2005,2,8
cs.AR,2005,3,1
cs.AR,2005,4,11
cs.AR,2006,0,25
cs.AR,2006,1,9
cs.AR,2006,2,11
cs.AR,2006,3,11
cs.AR,2006,4,20
cs.AR,2007,0,20
cs.AR,2007,1,8
cs.AR,2007,2,22
cs.AR,2007,3,21
cs.AR,2007,4,19
cs.AR,2008,0,22
cs.AR,2008,1,15
cs.AR,2008,2,27
cs.AR,2008,3,20
cs.AR,2008,4,15
cs.AR,2009,0,55
cs.AR,2009,1,15
cs.AR,2009,2,30
cs.AR,2009,3,31
cs.AR,2009,4,29
cs.AR,2010,0,35
cs.AR,2010,1,21
cs.AR,2010,2,43
cs.AR,2010,3,54
cs.AR,2010,4,49
cs.AR,2011,0,47
cs.AR,2011,1,36
cs.AR,2011,2,63
cs.AR,2011,3,52
cs.AR,2011,4,62
cs.AR,2012,0,49
cs.AR,2012,1,48
cs.AR,2012,2,91
cs.AR,2012,3,93
cs.AR,2012,4,95
cs.AR,2013,0,69
cs.AR,2013,1,58
cs.AR,2013,2,101
cs.AR,2013,3,126
cs.AR,2013,4,140
cs.AR,2014,0,99
cs.AR,2014,1,124
cs.AR,2014,2,126
cs.AR,2014,3,122
cs.AR,2014,4,153
cs.AR,2015,0,98
cs.AR,2015,1,128
cs.AR,2015,2,146
cs.AR,2015,3,156
cs.AR,2015,4,182
cs.AR,2016,0,138
cs.AR,2016,1,121
cs.AR,2016,2,174
cs.AR,2016,3,165
cs.AR,2016,4,217
cs.AR,2017,0,144
cs.AR,2017,1,141
cs.AR,2017,2,199
cs.AR,2017,3,214
cs.AR,2017,4,264
cs.AR,2018,0,168
cs.AR,2018,1,201
cs.AR,2018,2,342
cs.AR,2018,3,286
cs.AR,2018,4,379
cs.AR,2019,0,201
cs.AR,2019,1,330
cs.AR,2019,2,487
cs.AR,2019,3,397
cs.AR,2019,4,508
cs.AR,2020,0,374
cs.AR,2020,1,359
cs.AR,2020,2,473
cs.AR,2020,3,643
cs.AR,2020,4,666
cs.AR,2021,0,418
cs.AR,2021,1,564
cs.AR,2021,2,813
cs.AR,2021,3,689
cs.AR,2021,4,1005
cs.AR,2022,0,515
cs.AR,2022,1,651
cs.AR,2022,2,931
cs.AR,2022,3,827
cs.AR,2022,4,1091
cs.AR,2023,0,547
cs.AR,2023,1,762
cs.AR,2023,2,1277
cs.AR,2023,3,1120
cs.AR,2023,4,1468
cs.AR,2024,0,642
cs.AR,2024,1,979
cs.AR,2024,2,1595
cs.AR,2024,3,1062
cs.AR,2024,4,1325
cs.AR,2025,0,526
cs.AR,2025,1,1155
cs.AR,2025,2,1625
cs.AR,2025,3,1099
cs.AR,2025,4,1295
cs.AR,2026,0,231
cs.AR,2026,1,764
cs.AR,2026,2,723
cs.CC,1984,2,1
cs.CC,1985,2,1
cs.CC,1985,3,1
cs.CC,1990,0,1
cs.CC,1990,2,1
cs.CC,1991,0,1
cs.CC,1992,0,3
cs.CC,1993,0,2
cs.CC,1994,0,2
cs.CC,1994,4,1
cs.CC,1995,0,3
cs.CC,1995,2,1
cs.CC,1996,0,1
cs.CC,1996,2,1
cs.CC,1996,3,1
cs.CC,1996,4,1
cs.CC,1997,0,9
cs.CC,1997,1,4
cs.CC,1997,3,1
cs.CC,1997,4,1
cs.CC,1998,0,12
cs.CC,1998,1,1
cs.CC,1998,2,5
cs.CC,1998,3,5
cs.CC,1998,4,7
cs.CC,1999,0,6
cs.CC,1999,1,6
cs.CC,1999,2,3
cs.CC,1999,3,4
cs.CC,1999,4,19
cs.CC,2000,0,24
cs.CC,2000,1,12
cs.CC,2000,2,16
cs.CC,2000,3,15
cs.CC,2000,4,13
cs.CC,2001,0,49
cs.CC,2001,1,13
cs.CC,2001,2,26
cs.CC,2001,3,43
cs.CC,2001,4,27
cs.CC,2002,0,44
cs.CC,2002,1,27
cs.CC,2002,2,36
cs.CC,2002,3,37
cs.CC,2002,4,80
cs.CC,2003,0,70
cs.CC,2003,1,54
cs.CC,2003,2,78
cs.CC,2003,3,35
cs.CC,2003,4,83
cs.CC,2004,0,83
cs.CC,2004,1,49
cs.CC,2004,2,65
cs.CC,2004,3,69
cs.CC,2004,4,60
cs.CC,2005,0,147
cs.CC,2005,1,49
cs.CC,2005,2,102
cs.CC,2005,3,114
cs.CC,2005,4,98
cs.CC,2006,0,185
cs.CC,2006,1,83
cs.CC,2006,2,104
cs.CC,2006,3,106
cs.CC,2006,4,114
cs.CC,2007,0,157
cs.CC,2007,1,88
cs.CC,2007,2,156
cs.CC,2007,3,197
cs.CC,2007,4,144
cs.CC,2008,0,298
cs.CC,2008,1,141
cs.CC,2008,2,209
cs.CC,2008,3,185
cs.CC,2008,4,223
cs.CC,2009,0,363
cs.CC,2009,1,566
cs.CC,2009,2,221
cs.CC,2009,3,225
cs.CC,2009,4,228
cs.CC,2010,0,458
cs.CC,2010,1,204
cs.CC,2010,2,328
cs.CC,2010,3,235
cs.CC,2010,4,253
cs.CC,2011,0,577
cs.CC,2011,1,255
cs.CC,2011,2,312
cs.CC,2011,3,516
cs.CC,2011,4,314
cs.CC,2012,0,582
cs.CC,2012,1,322
cs.CC,2012,2,365
cs.CC,2012,3,314
cs.CC,2012,4,455
cs.CC,2013,0,662
cs.CC,2013,1,324
cs.CC,2013,2,462
cs.CC,2013,3,401
cs.CC,2013,4,527
cs.CC,2014,0,709
cs.CC,2014,1,359
cs.CC,2014,2,571
cs.CC,2014,3,487
cs.CC,2014,4,543
cs.CC,2015,0,631
cs.CC,2015,1,485
cs.CC,2015,2,499
cs.CC,2015,3,510
cs.CC,2015,4,561
cs.CC,2016,0,586
cs.CC,2016,1,524
cs.CC,2016,2,570
cs.CC,2016,3,596
cs.CC,2016,4,609
cs.CC,2017,0,582
cs.CC,2017,1,506
cs.CC,2017,2,726
cs.CC,2017,3,583
cs.CC,2017,4,653
cs.CC,2018,0,558
cs.CC,2018,1,539
cs.CC,2018,2,781
cs.CC,2018,3,613
cs.CC,2018,4,813
cs.CC,2019,0,659
cs.CC,2019,1,872
cs.CC,2019,2,868
cs.CC,2019,3,902
cs.CC,2019,4,919
cs.CC,2020,0,775
cs.CC,2020,1,732
cs.CC,2020,2,1000
cs.CC,2020,3,990
cs.CC,2020,4,1108
cs.CC,2021,0,868
cs.CC,2021,1,975
cs.CC,2021,2,1174
cs.CC,2021,3,1074
cs.CC,2021,4,1047
cs.CC,2022,0,604
cs.CC,2022,1,983
cs.CC,2022,2,1009
cs.CC,2022,3,920
cs.CC,2022,4,1036
cs.CC,2023,0,598
cs.CC,2023,1,951
cs.CC,2023,2,1032
cs.CC,2023,3,1336
cs.CC,2023,4,1104
cs.CC,2024,0,539
cs.CC,2024,1,817
cs.CC,2024,2,1015
cs.CC,2024,3,840
cs.CC,2024,4,847
cs.CC,2025,0,425
cs.CC,2025,1,753
cs.CC,2025,2,1039
cs.CC,2025,3,839
cs.CC,2025,4,821
cs.CC,2026,0,192
cs.CC,2026,1,594
cs.CC,2026,2,400
cs.CE,1973,0,1
cs.CE,1975,2,1
cs.CE,1978,0,1
cs.CE,1979,3,1
cs.CE,1986,4,1
cs.CE,1987,1,1
cs.CE,1987,2,1
cs.CE,1988,0,1
cs.CE,1993,2,1
cs.CE,1993,3,1
cs.CE,1993,4,1
cs.CE,1994,3,1
cs.CE,1996,0,1
cs.CE,1996,4,2
cs.CE,1997,0,9
cs.CE,1997,2,1
cs.CE,1998,0,3
cs.CE,1998,1,1
cs.CE,1998,3,7
cs.CE,1999,0,4
cs.CE,1999,1,1
cs.CE,1999,2,3
cs.CE,1999,3,3
cs.CE,1999,4,1
cs.CE,2000,0,12
cs.CE,2000,1,3
cs.CE,2000,2,2
cs.CE,2000,3,2
cs.CE,2001,0,13
cs.CE,2001,1,6
cs.CE,2001,2,4
cs.CE,2001,3,9
cs.CE,2001,4,4
cs.CE,2002,0,11
cs.CE,2002,1,3
cs.CE,2002,2,27
cs.CE,2002,3,18
cs.CE,2002,4,15
cs.CE,2003,0,22
cs.CE,2003,1,9
cs.CE,2003,2,18
cs.CE,2003,3,16
cs.CE,2003,4,12
cs.CE,2004,0,22
cs.CE,2004,1,16
cs.CE,2004,2,14
cs.CE,2004,3,28
cs.CE,2004,4,13
cs.CE,2005,0,26
cs.CE,2005,1,10
cs.CE,2005,2,27
cs.CE,2005,3,18
cs.CE,2005,4,19
cs.CE,2006,0,64
cs.CE,2006,1,29
cs.CE,2006,2,23
cs.CE,2006,3,30
cs.CE,2006,4,46
cs.CE,2007,0,56
cs.CE,2007,1,40
cs.CE,2007,2,40
cs.CE,2007,3,53
cs.CE,2007,4,56
cs.CE,2008,0,57
cs.CE,2008,1,47
cs.CE,2008,2,58
cs.CE,2008,3,60
cs.CE,2008,4,85
cs.CE,2009,0,130
cs.CE,2009,1,62
cs.CE,2009,2,75
cs.CE,2009,3,75
cs.CE,2009,4,77
cs.CE,2010,0,94
cs.CE,2010,1,57
cs.CE,2010,2,83
cs.CE,2010,3,101
cs.CE,2010,4,110
cs.CE,2011,0,169
cs.CE,2011,1,63
cs.CE,2011,2,160
cs.CE,2011,3,148
cs.CE,2011,4,169
cs.CE,2012,0,251
cs.CE,2012,1,153
cs.CE,2012,2,172
cs.CE,2012,3,190
cs.CE,2012,4,246
cs.CE,2013,0,343
cs.CE,2013,1,166
cs.CE,2013,2,270
cs.CE,2013,3,298
cs.CE,2013,4,349
cs.CE,2014,0,475
cs.CE,2014,1,290
cs.CE,2014,2,389
cs.CE,2014,3,423
cs.CE,2014,4,430
cs.CE,2015,0,580
cs.CE,2015,1,388
cs.CE,2015,2,547
cs.CE,2015,3,544
cs.CE,2015,4,606
cs.CE,2016,0,504
cs.CE,2016,1,513
cs.CE,2016,2,695
cs.CE,2016,3,670
cs.CE,2016,4,754
cs.CE,2017,0,555
cs.CE,2017,1,589
cs.CE,2017,2,765
cs.CE,2017,3,915
cs.CE,2017,4,908
cs.CE,2018,0,603
cs.CE,2018,1,758
cs.CE,2018,2,947
cs.CE,2018,3,1042
cs.CE,2018,4,1201
cs.CE,2019,0,733
cs.CE,2019,1,1070
cs.CE,2019,2,1311
cs.CE,2019,3,1372
cs.CE,2019,4,1482
cs.CE,2020,0,977
cs.CE,2020,1,1422
cs.CE,2020,2,1830
cs.CE,2020,3,1928
cs.CE,2020,4,2148
cs.CE,2021,0,1193
cs.CE,2021,1,1978
cs.CE,2021,2,2432
cs.CE,2021,3,2463
cs.CE,2021,4,2409
cs.CE,2022,0,1232
cs.CE,2022,1,2165
cs.CE,2022,2,2464
cs.CE,2022,3,2460
cs.CE,2022,4,2761
cs.CE,2023,0,1431
cs.CE,2023,1,2611
cs.CE,2023,2,2837
cs.CE,2023,3,2959
cs.CE,2023,4,3149
cs.CE,2024,0,1885
cs.CE,2024,1,2763
cs.CE,2024,2,3031
cs.CE,2024,3,2846
cs.CE,2024,4,3280
cs.CE,2025,0,1921
cs.CE,2025,1,2894
cs.CE,2025,2,3176
cs.CE,2025,3,3138
cs.CE,2025,4,3078
cs.CE,2026,0,902
cs.CE,2026,1,2644
cs.CE,2026,2,2385
cs.CG,1961,4,1
cs.CG,1979,4,2
cs.CG,1985,1,1
cs.CG,1985,2,2
cs.CG,1985,3,1
cs.CG,1992,0,2
cs.CG,1993,0,1
cs.CG,1994,0,1
cs.CG,1995,0,5
cs.CG,1995,2,1
cs.CG,1996,3,2
cs.CG,1996,4,1
cs.CG,1997,0,3
cs.CG,1998,0,1
cs.CG,1998,2,1
cs.CG,1999,0,7
cs.CG,1999,1,1
cs.CG,1999,2,1
cs.CG,1999,3,3
cs.CG,1999,4,1
cs.CG,2000,0,12
cs.CG,2000,1,1
cs.CG,2000,2,7
cs.CG,2000,3,3
cs.CG,2000,4,4
cs.CG,2001,0,21
cs.CG,2001,1,2
cs.CG,2001,2,8
cs.CG,2001,3,7
cs.CG,2001,4,7
cs.CG,2002,0,20
cs.CG,2002,1,6
cs.CG,2002,2,30
cs.CG,2002,3,20
cs.CG,2002,4,28
cs.CG,2003,0,37
cs.CG,2003,1,19
cs.CG,2003,2,25
cs.CG,2003,3,20
cs.CG,2003,4,8
cs.CG,2004,0,39
cs.CG,2004,1,8
cs.CG,2004,2,24
cs.CG,2004,3,12
cs.CG,2004,4,13
cs.CG,2005,0,60
cs.CG,2005,1,22
cs.CG,2005,2,22
cs.CG,2005,3,26
cs.CG,2005,4,12
cs.CG,2006,0,67
cs.CG,2006,1,19
cs.CG,2006,2,24
cs.CG,2006,3,24
cs.CG,2006,4,17
cs.CG,2007,0,70
cs.CG,2007,1,19
cs.CG,2007,2,43
cs.CG,2007,3,50
cs.CG,2007,4,43
cs.CG,2008,0,69
cs.CG,2008,1,47
cs.CG,2008,2,59
cs.CG,2008,3,46
cs.CG,2008,4,41
cs.CG,2009,0,119
cs.CG,2009,1,45
cs.CG,2009,2,64
cs.CG,2009,3,47
cs.CG,2009,4,59
cs.CG,2010,0,111
cs.CG,2010,1,56
cs.CG,2010,2,99
cs.CG,2010,3,78
cs.CG,2010,4,86
cs.CG,2011,0,130
cs.CG,2011,1,82
cs.CG,2011,2,121
cs.CG,2011,3,81
cs.CG,2011,4,113
cs.CG,2012,0,149
cs.CG,2012,1,108
cs.CG,2012,2,131
cs.CG,2012,3,99
cs.CG,2012,4,163
cs.CG,2013,0,227
cs.CG,2013,1,85
cs.CG,2013,2,183
cs.CG,2013,3,145
cs.CG,2013,4,181
cs.CG,2014,0,246
cs.CG,2014,1,129
cs.CG,2014,2,220
cs.CG,2014,3,165
cs.CG,2014,4,216
cs.CG,2015,0,294
cs.CG,2015,1,144
cs.CG,2015,2,206
cs.CG,2015,3,243
cs.CG,2015,4,222
cs.CG,2016,0,269
cs.CG,2016,1,180
cs.CG,2016,2,235
cs.CG,2016,3,240
cs.CG,2016,4,238
cs.CG,2017,0,272
cs.CG,2017,1,245
cs.CG,2017,2,301
cs.CG,2017,3,377
cs.CG,2017,4,338
cs.CG,2018,0,347
cs.CG,2018,1,265
cs.CG,2018,2,425
cs.CG,2018,3,515
cs.CG,2018,4,482
cs.CG,2019,0,467
cs.CG,2019,1,365
cs.CG,2019,2,619
cs.CG,2019,3,585
cs.CG,2019,4,764
cs.CG,2020,0,643
cs.CG,2020,1,580
cs.CG,2020,2,960
cs.CG,2020,3,925
cs.CG,2020,4,1021
cs.CG,2021,0,777
cs.CG,2021,1,919
cs.CG,2021,2,1429
cs.CG,2021,3,1243
cs.CG,2021,4,1225
cs.CG,2022,0,654
cs.CG,2022,1,694
cs.CG,2022,2,1166
cs.CG,2022,3,939
cs.CG,2022,4,1109
cs.CG,2023,0,729
cs.CG,2023,1,792
cs.CG,2023,2,1275
cs.CG,2023,3,1184
cs.CG,2023,4,1389
cs.CG,2024,0,663
cs.CG,2024,1,1073
cs.CG,2024,2,1151
cs.CG,2024,3,868
cs.CG,2024,4,925
cs.CG,2025,0,452
cs.CG,2025,1,758
cs.CG,2025,2,962
cs.CG,2025,3,858
cs.CG,2025,4,720
cs.CG,2026,0,204
cs.CG,2026,1,414
cs.CG,2026,2,408
cs.CL,1949,2,1
cs.CL,1950,2,2
cs.CL,1968,4,1
cs.CL,1970,0,10
cs.CL,1975,0,1
cs.CL,1978,0,1
cs.CL,1978,3,2
cs.CL,1985,2,1
cs.CL,1986,0,2
cs.CL,1986,2,1
cs.CL,1987,0,2
cs.CL,1989,0,1
cs.CL,1990,0,2
cs.CL,1992,0,8
cs.CL,1993,0,10
cs.CL,1993,1,2
cs.CL,1993,2,1
cs.CL,1993,4,1
cs.CL,1994,0,66
cs.CL,1994,2,11
cs.CL,1994,3,15
cs.CL,1994,4,26
cs.CL,1995,0,110
cs.CL,1995,1,20
cs.CL,1995,2,39
cs.CL,1995,3,25
cs.CL,1995,4,14
cs.CL,1996,0,237
cs.CL,1996,1,13
cs.CL,1996,2,60
cs.CL,1996,3,60
cs.CL,1996,4,35
cs.CL,1997,0,390
cs.CL,1997,1,48
cs.CL,1997,2,74
cs.CL,1997,3,80
cs.CL,1997,4,89
cs.CL,1998,0,569
cs.CL,1998,1,43
cs.CL,1998,2,89
cs.CL,1998,3,82
cs.CL,1998,4,64
cs.CL,1999,0,418
cs.CL,1999,1,61
cs.CL,1999,2,81
cs.CL,1999,3,131
cs.CL,1999,4,63
cs.CL,2000,0,719
cs.CL,2000,1,63
cs.CL,2000,2,229
cs.CL,2000,3,148
cs.CL,2000,4,104
cs.CL,2001,0,653
cs.CL,2001,1,54
cs.CL,2001,2,111
cs.CL,2001,3,146
cs.CL,2001,4,66
cs.CL,2002,0,694
cs.CL,2002,1,72
cs.CL,2002,2,194
cs.CL,2002,3,105
cs.CL,2002,4,231
cs.CL,2003,0,767
cs.CL,2003,1,109
cs.CL,2003,2,121
cs.CL,2003,3,167
cs.CL,2003,4,140
cs.CL,2004,0,880
cs.CL,2004,1,109
cs.CL,2004,2,213
cs.CL,2004,3,269
cs.CL,2004,4,186
cs.CL,2005,0,1093
cs.CL,2005,1,117
cs.CL,2005,2,160
cs.CL,2005,3,262
cs.CL,2005,4,179
cs.CL,2006,0,1189
cs.CL,2006,1,168
cs.CL,2006,2,255
cs.CL,2006,3,297
cs.CL,2006,4,255
cs.CL,2007,0,822
cs.CL,2007,1,168
cs.CL,2007,2,316
cs.CL,2007,3,398
cs.CL,2007,4,411
cs.CL,2008,0,965
cs.CL,2008,1,232
cs.CL,2008,2,348
cs.CL,2008,3,358
cs.CL,2008,4,410
cs.CL,2009,0,1227
cs.CL,2009,1,184
cs.CL,2009,2,285
cs.CL,2009,3,332
cs.CL,2009,4,412
cs.CL,2010,0,778
cs.CL,2010,1,225
cs.CL,2010,2,391
cs.CL,2010,3,600
cs.CL,2010,4,493
cs.CL,2011,0,869
cs.CL,2011,1,214
cs.CL,2011,2,485
cs.CL,2011,3,530
cs.CL,2011,4,522
cs.CL,2012,0,994
cs.CL,2012,1,354
cs.CL,2012,2,690
cs.CL,2012,3,690
cs.CL,2012,4,747
cs.CL,2013,0,1146
cs.CL,2013,1,399
cs.CL,2013,2,721
cs.CL,2013,3,987
cs.CL,2013,4,854
cs.CL,2014,0,2427
cs.CL,2014,1,530
cs.CL,2014,2,953
cs.CL,2014,3,978
cs.CL,2014,4,1222
cs.CL,2015,0,3331
cs.CL,2015,1,866
cs.CL,2015,2,1606
cs.CL,2015,3,1594
cs.CL,2015,4,2398
cs.CL,2016,0,5085
cs.CL,2016,1,1735
cs.CL,2016,2,2566
cs.CL,2016,3,2518
cs.CL,2016,4,4073
cs.CL,2017,0,7420
cs.CL,2017,1,2845
cs.CL,2017,2,3754
cs.CL,2017,3,5405
cs.CL,2017,4,6442
cs.CL,2018,0,13575
cs.CL,2018,1,3669
cs.CL,2018,2,8894
cs.CL,2018,3,9150
cs.CL,2018,4,9530
cs.CL,2019,0,19791
cs.CL,2019,1,5967
cs.CL,2019,2,11569
cs.CL,2019,3,15270
cs.CL,2019,4,15355
cs.CL,2020,0,26751
cs.CL,2020,1,9723
cs.CL,2020,2,20542
cs.CL,2020,3,15841
cs.CL,2020,4,23584
cs.CL,2021,0,35681
cs.CL,2021,1,15014
cs.CL,2021,2,27196
cs.CL,2021,3,23182
cs.CL,2021,4,20031
cs.CL,2022,0,31821
cs.CL,2022,1,9640
cs.CL,2022,2,16967
cs.CL,2022,3,14649
cs.CL,2022,4,15853
cs.CL,2023,0,56904
cs.CL,2023,1,12157
cs.CL,2023,2,25221
cs.CL,2023,3,20908
cs.CL,2023,4,29002
cs.CL,2024,0,20321
cs.CL,2024,1,26372
cs.CL,2024,2,30994
cs.CL,2024,3,21144
cs.CL,2024,4,28750
cs.CL,2025,0,17267
cs.CL,2025,1,21010
cs.CL,2025,2,30546
cs.CL,2025,3,22791
cs.CL,2025,4,14792
cs.CL,2026,0,4701
cs.CL,2026,1,9548
cs.CL,2026,2,10033
cs.CR,1957,3,1
cs.CR,1970,0,1
cs.CR,1990,0,1
cs.CR,1990,3,1
cs.CR,1991,0,1
cs.CR,1991,4,1
cs.CR,1992,0,1
cs.CR,1992,3,1
cs.CR,1992,4,1
cs.CR,1993,0,2
cs.CR,1993,2,1
cs.CR,1994,0,2
cs.CR,1995,2,1
cs.CR,1996,0,5
cs.CR,1996,1,1
cs.CR,1996,3,1
cs.CR,1997,0,3
cs.CR,1997,2,2
cs.CR,1997,3,2
cs.CR,1997,4,3
cs.CR,1998,0,12
cs.CR,1998,1,4
cs.CR,1998,2,1
cs.CR,1998,3,2
cs.CR,1998,4,3
cs.CR,1999,0,16
cs.CR,1999,1,3
cs.CR,1999,2,4
cs.CR,1999,3,4
cs.CR,1999,4,10
cs.CR,2000,0,54
cs.CR,2000,1,14
cs.CR,2000,2,8
cs.CR,2000,3,9
cs.CR,2000,4,13
cs.CR,2001,0,37
cs.CR,2001,1,4
cs.CR,2001,2,14
cs.CR,2001,3,13
cs.CR,2001,4,15
cs.CR,2002,0,57
cs.CR,2002,1,8
cs.CR,2002,2,21
cs.CR,2002,3,12
cs.CR,2002,4,39
cs.CR,2003,0,105
cs.CR,2003,1,21
cs.CR,2003,2,38
cs.CR,2003,3,23
cs.CR,2003,4,30
cs.CR,2004,0,132
cs.CR,2004,1,52
cs.CR,2004,2,52
cs.CR,2004,3,38
cs.CR,2004,4,58
cs.CR,2005,0,203
cs.CR,2005,1,54
cs.CR,2005,2,113
cs.CR,2005,3,79
cs.CR,2005,4,78
cs.CR,2006,0,261
cs.CR,2006,1,97
cs.CR,2006,2,101
cs.CR,2006,3,127
cs.CR,2006,4,131
cs.CR,2007,0,220
cs.CR,2007,1,70
cs.CR,2007,2,165
cs.CR,2007,3,178
cs.CR,2007,4,218
cs.CR,2008,0,290
cs.CR,2008,1,119
cs.CR,2008,2,267
cs.CR,2008,3,255
cs.CR,2008,4,265
cs.CR,2009,0,547
cs.CR,2009,1,142
cs.CR,2009,2,265
cs.CR,2009,3,247
cs.CR,2009,4,342
cs.CR,2010,0,555
cs.CR,2010,1,237
cs.CR,2010,2,376
cs.CR,2010,3,403
cs.CR,2010,4,452
cs.CR,2011,0,635
cs.CR,2011,1,307
cs.CR,2011,2,428
cs.CR,2011,3,476
cs.CR,2011,4,546
cs.CR,2012,0,828
cs.CR,2012,1,448
cs.CR,2012,2,555
cs.CR,2012,3,652
cs.CR,2012,4,707
cs.CR,2013,0,1128
cs.CR,2013,1,490
cs.CR,2013,2,830
cs.CR,2013,3,829
cs.CR,2013,4,926
cs.CR,2014,0,1246
cs.CR,2014,1,693
cs.CR,2014,2,1037
cs.CR,2014,3,983
cs.CR,2014,4,1132
cs.CR,2015,0,1353
cs.CR,2015,1,773
cs.CR,2015,2,1304
cs.CR,2015,3,1278
cs.CR,2015,4,1396
cs.CR,2016,0,1452
cs.CR,2016,1,1029
cs.CR,2016,2,1474
cs.CR,2016,3,1551
cs.CR,2016,4,1874
cs.CR,2017,0,1669
cs.CR,2017,1,1282
cs.CR,2017,2,2000
cs.CR,2017,3,2008
cs.CR,2017,4,2667
cs.CR,2018,0,2824
cs.CR,2018,1,2028
cs.CR,2018,2,3369
cs.CR,2018,3,3373
cs.CR,2018,4,4503
cs.CR,2019,0,4711
cs.CR,2019,1,3416
cs.CR,2019,2,5824
cs.CR,2019,3,5618
cs.CR,2019,4,7094
cs.CR,2020,0,7463
cs.CR,2020,1,5457
cs.CR,2020,2,8581
cs.CR,2020,3,8402
cs.CR,2020,4,11350
cs.CR,2021,0,9439
cs.CR,2021,1,8005
cs.CR,2021,2,11572
cs.CR,2021,3,10239
cs.CR,2021,4,12564
cs.CR,2022,0,8648
cs.CR,2022,1,6345
cs.CR,2022,2,10702
cs.CR,2022,3,9335
cs.CR,2022,4,11416
cs.CR,2023,0,10579
cs.CR,2023,1,7890
cs.CR,2023,2,13149
cs.CR,2023,3,11494
cs.CR,2023,4,15003
cs.CR,2024,0,11219
cs.CR,2024,1,10484
cs.CR,2024,2,13040
cs.CR,2024,3,10113
cs.CR,2024,4,12996
cs.CR,2025,0,8790
cs.CR,2025,1,8329
cs.CR,2025,2,12184
cs.CR,2025,3,9460
cs.CR,2025,4,10336
cs.CR,2026,0,3304
cs.CR,2026,1,4809
cs.CR,2026,2,4578
cs.CV,1905,0,5
cs.CV,1939,0,2
cs.CV,1946,3,1
cs.CV,1958,0,1
cs.CV,1961,0,1
cs.CV,1961,4,1
cs.CV,1963,0,2
cs.CV,1963,2,1
cs.CV,1964,2,2
cs.CV,1967,3,1
cs.CV,1969,4,1
cs.CV,1971,0,1
cs.CV,1975,3,1
cs.CV,1977,0,3
cs.CV,1979,0,1
cs.CV,1980,1,1
cs.CV,1982,3,10
cs.CV,1984,0,2
cs.CV,1984,2,1
cs.CV,1985,0,4
cs.CV,1985,1,1
cs.CV,1985,3,2
cs.CV,1986,0,1
cs.CV,1986,1,1
cs.CV,1987,0,2
cs.CV,1987,1,1
cs.CV,1988,3,1
cs.CV,1989,2,1
cs.CV,1990,0,8
cs.CV,1990,4,1
cs.CV,1991,0,2
cs.CV,1991,2,1
cs.CV,1993,1,1
cs.CV,1993,2,1
cs.CV,1994,0,1
cs.CV,1994,2,2
cs.CV,1995,0,3
cs.CV,1995,1,1
cs.CV,1995,3,5
cs.CV,1995,4,1
cs.CV,1996,0,8
cs.CV,1996,1,1
cs.CV,1996,2,5
cs.CV,1996,3,2
cs.CV,1997,0,22
cs.CV,1997,1,1
cs.CV,1997,2,2
cs.CV,1997,3,2
cs.CV,1997,4,6
cs.CV,1998,0,22
cs.CV,1998,1,6
cs.CV,1998,2,5
cs.CV,1998,3,1
cs.CV,1998,4,2
cs.CV,1999,0,24
cs.CV,1999,1,4
cs.CV,1999,2,8
cs.CV,1999,3,6
cs.CV,1999,4,10
cs.CV,2000,0,115
cs.CV,2000,1,6
cs.CV,2000,2,14
cs.CV,2000,3,11
cs.CV,2000,4,12
cs.CV,2001,0,37
cs.CV,2001,1,7
cs.CV,2001,2,5
cs.CV,2001,3,8
cs.CV,2001,4,11
cs.CV,2002,0,42
cs.CV,2002,1,6
cs.CV,2002,2,22
cs.CV,2002,3,16
cs.CV,2002,4,86
cs.CV,2003,0,68
cs.CV,2003,1,16
cs.CV,2003,2,29
cs.CV,2003,3,21
cs.CV,2003,4,26
cs.CV,2004,0,67
cs.CV,2004,1,30
cs.CV,2004,2,41
cs.CV,2004,3,27
cs.CV,2004,4,42
cs.CV,2005,0,153
cs.CV,2005,1,26
cs.CV,2005,2,68
cs.CV,2005,3,49
cs.CV,2005,4,52
cs.CV,2006,0,132
cs.CV,2006,1,49
cs.CV,2006,2,54
cs.CV,2006,3,64
cs.CV,2006,4,57
cs.CV,2007,0,124
cs.CV,2007,1,41
cs.CV,2007,2,67
cs.CV,2007,3,118
cs.CV,2007,4,100
cs.CV,2008,0,154
cs.CV,2008,1,56
cs.CV,2008,2,100
cs.CV,2008,3,133
cs.CV,2008,4,114
cs.CV,2009,0,223
cs.CV,2009,1,76
cs.CV,2009,2,131
cs.CV,2009,3,135
cs.CV,2009,4,191
cs.CV,2010,0,259
cs.CV,2010,1,126
cs.CV,2010,2,253
cs.CV,2010,3,300
cs.CV,2010,4,288
cs.CV,2011,0,373
cs.CV,2011,1,165
cs.CV,2011,2,293
cs.CV,2011,3,339
cs.CV,2011,4,436
cs.CV,2012,0,561
cs.CV,2012,1,470
cs.CV,2012,2,454
cs.CV,2012,3,543
cs.CV,2012,4,645
cs.CV,2013,0,870
cs.CV,2013,1,415
cs.CV,2013,2,839
cs.CV,2013,3,896
cs.CV,2013,4,1132
cs.CV,2014,0,1443
cs.CV,2014,1,823
cs.CV,2014,2,1426
cs.CV,2014,3,1454
cs.CV,2014,4,2251
cs.CV,2015,0,2127
cs.CV,2015,1,1529
cs.CV,2015,2,3591
cs.CV,2015,3,2953
cs.CV,2015,4,5174
cs.CV,2016,0,4495
cs.CV,2016,1,3851
cs.CV,2016,2,6858
cs.CV,2016,3,6120
cs.CV,2016,4,9214
cs.CV,2017,0,6296
cs.CV,2017,1,7981
cs.CV,2017,2,10134
cs.CV,2017,3,16742
cs.CV,2017,4,20602
cs.CV,2018,0,14018
cs.CV,2018,1,14030
cs.CV,2018,2,26611
cs.CV,2018,3,25184
cs.CV,2018,4,29916
cs.CV,2019,0,25468
cs.CV,2019,1,21689
cs.CV,2019,2,42281
cs.CV,2019,3,41049
cs.CV,2019,4,52511
cs.CV,2020,0,42378
cs.CV,2020,1,35381
cs.CV,2020,2,61885
cs.CV,2020,3,54196
cs.CV,2020,4,65977
cs.CV,2021,0,52626
cs.CV,2021,1,57837
cs.CV,2021,2,91352
cs.CV,2021,3,73476
cs.CV,2021,4,82138
cs.CV,2022,0,55247
cs.CV,2022,1,41445
cs.CV,2022,2,72602
cs.CV,2022,3,59721
cs.CV,2022,4,69136
cs.CV,2023,0,73640
cs.CV,2023,1,48930
cs.CV,2023,2,98690
cs.CV,2023,3,74258
cs.CV,2023,4,99387
cs.CV,2024,0,69685
cs.CV,2024,1,85806
cs.CV,2024,2,98808
cs.CV,2024,3,66380
cs.CV,2024,4,83517
cs.CV,2025,0,55882
cs.CV,2025,1,60278
cs.CV,2025,2,75833
cs.CV,2025,3,63773
cs.CV,2025,4,51725
cs.CV,2026,0,14527
cs.CV,2026,1,30715
cs.CV,2026,2,27622
cs.CY,1950,2,2
cs.CY,1966,0,1
cs.CY,1967,2,1
cs.CY,1969,0,1
cs.CY,1969,4,1
cs.CY,1970,0,5
cs.CY,1971,4,2
cs.CY,1977,4,1
cs.CY,1978,3,2
cs.CY,1983,0,1
cs.CY,1985,0,2
cs.CY,1985,2,2
cs.CY,1986,0,1
cs.CY,1989,0,2
cs.CY,1989,1,1
cs.CY,1990,0,1
cs.CY,1991,1,1
cs.CY,1992,4,2
cs.CY,1994,3,1
cs.CY,1995,0,1
cs.CY,1995,3,2
cs.CY,1996,0,3
cs.CY,1996,1,1
cs.CY,1996,2,3
cs.CY,1997,3,1
cs.CY,1998,0,3
cs.CY,1999,0,1
cs.CY,1999,1,1
cs.CY,1999,4,1
cs.CY,2000,0,68
cs.CY,2000,1,1
cs.CY,2000,2,6
cs.CY,2000,3,2
cs.CY,2000,4,2
cs.CY,2001,0,12
cs.CY,2001,3,5
cs.CY,2001,4,4
cs.CY,2002,0,18
cs.CY,2002,1,1
cs.CY,2002,2,8
cs.CY,2002,3,4
cs.CY,2002,4,8
cs.CY,2003,0,26
cs.CY,2003,1,6
cs.CY,2003,2,8
cs.CY,2003,3,11
cs.CY,2003,4,10
cs.CY,2004,0,22
cs.CY,2004,1,7
cs.CY,2004,2,12
cs.CY,2004,3,8
cs.CY,2004,4,8
cs.CY,2005,0,32
cs.CY,2005,1,9
cs.CY,2005,2,17
cs.CY,2005,3,15
cs.CY,2005,4,22
cs.CY,2006,0,70
cs.CY,2006,1,12
cs.CY,2006,2,39
cs.CY,2006,3,35
cs.CY,2006,4,42
cs.CY,2007,0,122
cs.CY,2007,1,32
cs.CY,2007,2,68
cs.CY,2007,3,76
cs.CY,2007,4,80
cs.CY,2008,0,147
cs.CY,2008,1,53
cs.CY,2008,2,115
cs.CY,2008,3,112
cs.CY,2008,4,109
cs.CY,2009,0,281
cs.CY,2009,1,97
cs.CY,2009,2,162
cs.CY,2009,3,150
cs.CY,2009,4,175
cs.CY,2010,0,329
cs.CY,2010,1,142
cs.CY,2010,2,230
cs.CY,2010,3,240
cs.CY,2010,4,286
cs.CY,2011,0,399
cs.CY,2011,1,191
cs.CY,2011,2,345
cs.CY,2011,3,290
cs.CY,2011,4,379
cs.CY,2012,0,504
cs.CY,2012,1,280
cs.CY,2012,2,435
cs.CY,2012,3,446
cs.CY,2012,4,477
cs.CY,2013,0,803
cs.CY,2013,1,357
cs.CY,2013,2,515
cs.CY,2013,3,655
cs.CY,2013,4,665
cs.CY,2014,0,975
cs.CY,2014,1,483
cs.CY,2014,2,659
cs.CY,2014,3,825
cs.CY,2014,4,865
cs.CY,2015,0,1091
cs.CY,2015,1,659
cs.CY,2015,2,933
cs.CY,2015,3,1105
cs.CY,2015,4,1196
cs.CY,2016,0,1262
cs.CY,2016,1,858
cs.CY,2016,2,1242
cs.CY,2016,3,1349
cs.CY,2016,4,1527
cs.CY,2017,0,1546
cs.CY,2017,1,1220
cs.CY,2017,2,1727
cs.CY,2017,3,1729
cs.CY,2017,4,2231
cs.CY,2018,0,2277
cs.CY,2018,1,1438
cs.CY,2018,2,2415
cs.CY,2018,3,2630
cs.CY,2018,4,3101
cs.CY,2019,0,3346
cs.CY,2019,1,2357
cs.CY,2019,2,3406
cs.CY,2019,3,3600
cs.CY,2019,4,4452
cs.CY,2020,0,4568
cs.CY,2020,1,3342
cs.CY,2020,2,5329
cs.CY,2020,3,5917
cs.CY,2020,4,7040
cs.CY,2021,0,6182
cs.CY,2021,1,6082
cs.CY,2021,2,8108
cs.CY,2021,3,7851
cs.CY,2021,4,7971
cs.CY,2022,0,6202
cs.CY,2022,1,5687
cs.CY,2022,2,7863
cs.CY,2022,3,7075
cs.CY,2022,4,8378
cs.CY,2023,0,8409
cs.CY,2023,1,6437
cs.CY,2023,2,9906
cs.CY,2023,3,10290
cs.CY,2023,4,11228
cs.CY,2024,0,7823
cs.CY,2024,1,8916
cs.CY,2024,2,11805
cs.CY,2024,3,8591
cs.CY,2024,4,10927
cs.CY,2025,0,7670
cs.CY,2025,1,8126
cs.CY,2025,2,13088
cs.CY,2025,3,10086
cs.CY,2025,4,9934
cs.CY,2026,0,3619
cs.CY,2026,1,7157
cs.CY,2026,2,8403
cs.DB,1970,0,1
cs.DB,1986,0,1
cs.DB,1994,0,1
cs.DB,1994,2,1
cs.DB,1996,0,1
cs.DB,1997,0,5
cs.DB,1997,2,1
cs.DB,1998,0,4
cs.DB,1998,3,3
cs.DB,1998,4,2
cs.DB,1999,0,10
cs.DB,1999,2,3
cs.DB,1999,3,3
cs.DB,1999,4,1
cs.DB,2000,0,24
cs.DB,2000,1,1
cs.DB,2000,2,3
cs.DB,2000,3,5
cs.DB,2000,4,4
cs.DB,2001,0,20
cs.DB,2001,1,1
cs.DB,2001,2,8
cs.DB,2001,3,6
cs.DB,2002,0,21
cs.DB,2002,1,1
cs.DB,2002,2,8
cs.DB,2002,3,6
cs.DB,2002,4,27
cs.DB,2003,0,44
cs.DB,2003,1,8
cs.DB,2003,2,31
cs.DB,2003,3,10
cs.DB,2003,4,8
cs.DB,2004,0,47
cs.DB,2004,1,16
cs.DB,2004,2,21
cs.DB,2004,3,15
cs.DB,2004,4,14
cs.DB,2005,0,64
cs.DB,2005,1,13
cs.DB,2005,2,21
cs.DB,2005,3,19
cs.DB,2005,4,20
cs.DB,2006,0,95
cs.DB,2006,1,12
cs.DB,2006,2,31
cs.DB,2006,3,30
cs.DB,2006,4,44
cs.DB,2007,0,77
cs.DB,2007,1,29
cs.DB,2007,2,57
cs.DB,2007,3,56
cs.DB,2007,4,53
cs.DB,2008,0,114
cs.DB,2008,1,32
cs.DB,2008,2,90
cs.DB,2008,3,77
cs.DB,2008,4,95
cs.DB,2009,0,228
cs.DB,2009,1,72
cs.DB,2009,2,85
cs.DB,2009,3,94
cs.DB,2009,4,91
cs.DB,2010,0,208
cs.DB,2010,1,63
cs.DB,2010,2,146
cs.DB,2010,3,146
cs.DB,2010,4,135
cs.DB,2011,0,278
cs.DB,2011,1,114
cs.DB,2011,2,183
cs.DB,2011,3,147
cs.DB,2011,4,171
cs.DB,2012,0,334
cs.DB,2012,1,168
cs.DB,2012,2,229
cs.DB,2012,3,210
cs.DB,2012,4,238
cs.DB,2013,0,469
cs.DB,2013,1,206
cs.DB,2013,2,326
cs.DB,2013,3,316
cs.DB,2013,4,377
cs.DB,2014,0,560
cs.DB,2014,1,222
cs.DB,2014,2,403
cs.DB,2014,3,340
cs.DB,2014,4,453
cs.DB,2015,0,575
cs.DB,2015,1,282
cs.DB,2015,2,463
cs.DB,2015,3,437
cs.DB,2015,4,535
cs.DB,2016,0,639
cs.DB,2016,1,398
cs.DB,2016,2,610
cs.DB,2016,3,589
cs.DB,2016,4,637
cs.DB,2017,0,676
cs.DB,2017,1,406
cs.DB,2017,2,697
cs.DB,2017,3,688
cs.DB,2017,4,738
cs.DB,2018,0,863
cs.DB,2018,1,502
cs.DB,2018,2,894
cs.DB,2018,3,925
cs.DB,2018,4,902
cs.DB,2019,0,1095
cs.DB,2019,1,646
cs.DB,2019,2,1179
cs.DB,2019,3,1069
cs.DB,2019,4,1257
cs.DB,2020,0,1327
cs.DB,2020,1,806
cs.DB,2020,2,1586
cs.DB,2020,3,1495
cs.DB,2020,4,1697
cs.DB,2021,0,1540
cs.DB,2021,1,1219
cs.DB,2021,2,2172
cs.DB,2021,3,1877
cs.DB,2021,4,1859
cs.DB,2022,0,1351
cs.DB,2022,1,1010
cs.DB,2022,2,1881
cs.DB,2022,3,1417
cs.DB,2022,4,1670
cs.DB,2023,0,1509
cs.DB,2023,1,1255
cs.DB,2023,2,2351
cs.DB,2023,3,1648
cs.DB,2023,4,2020
cs.DB,2024,0,1258
cs.DB,2024,1,1394
cs.DB,2024,2,2276
cs.DB,2024,3,1497
cs.DB,2024,4,1787
cs.DB,2025,0,1006
cs.DB,2025,1,1289
cs.DB,2025,2,2267
cs.DB,2025,3,1558
cs.DB,2025,4,1473
cs.DB,2026,0,648
cs.DB,2026,1,760
cs.DB,2026,2,954
cs.DC,1969,4,1
cs.DC,1970,0,3
cs.DC,1988,0,1
cs.DC,1989,0,1
cs.DC,1989,3,1
cs.DC,1990,0,2
cs.DC,1990,1,2
cs.DC,1990,2,1
cs.DC,1990,4,2
cs.DC,1991,0,2
cs.DC,1991,1,1
cs.DC,1991,3,2
cs.DC,1991,4,1
cs.DC,1992,0,2
cs.DC,1992,1,1
cs.DC,1992,3,2
cs.DC,1992,4,2
cs.DC,1993,0,3
cs.DC,1993,3,4
cs.DC,1994,1,1
cs.DC,1994,3,2
cs.DC,1994,4,2
cs.DC,1995,0,1
cs.DC,1995,3,3
cs.DC,1995,4,2
cs.DC,1996,0,1
cs.DC,1996,2,2
cs.DC,1996,3,2
cs.DC,1996,4,3
cs.DC,1997,0,4
cs.DC,1997,2,1
cs.DC,1997,3,2
cs.DC,1997,4,1
cs.DC,1998,0,4
cs.DC,1998,3,1
cs.DC,1999,0,7
cs.DC,1999,1,1
cs.DC,1999,2,3
cs.DC,1999,3,6
cs.DC,1999,4,3
cs.DC,2000,0,55
cs.DC,2000,1,6
cs.DC,2000,2,9
cs.DC,2000,3,11
cs.DC,2000,4,4
cs.DC,2001,0,20
cs.DC,2001,1,3
cs.DC,2001,2,13
cs.DC,2001,3,13
cs.DC,2001,4,12
cs.DC,2002,0,50
cs.DC,2002,1,15
cs.DC,2002,2,12
cs.DC,2002,3,28
cs.DC,2002,4,36
cs.DC,2003,0,91
cs.DC,2003,1,25
cs.DC,2003,2,77
cs.DC,2003,3,22
cs.DC,2003,4,22
cs.DC,2004,0,160
cs.DC,2004,1,52
cs.DC,2004,2,60
cs.DC,2004,3,63
cs.DC,2004,4,95
cs.DC,2005,0,274
cs.DC,2005,1,47
cs.DC,2005,2,85
cs.DC,2005,3,73
cs.DC,2005,4,77
cs.DC,2006,0,312
cs.DC,2006,1,86
cs.DC,2006,2,86
cs.DC,2006,3,118
cs.DC,2006,4,125
cs.DC,2007,0,186
cs.DC,2007,1,73
cs.DC,2007,2,137
cs.DC,2007,3,181
cs.DC,2007,4,178
cs.DC,2008,0,263
cs.DC,2008,1,93
cs.DC,2008,2,180
cs.DC,2008,3,153
cs.DC,2008,4,187
cs.DC,2009,0,436
cs.DC,2009,1,106
cs.DC,2009,2,199
cs.DC,2009,3,205
cs.DC,2009,4,242
cs.DC,2010,0,502
cs.DC,2010,1,183
cs.DC,2010,2,305
cs.DC,2010,3,348
cs.DC,2010,4,422
cs.DC,2011,0,554
cs.DC,2011,1,284
cs.DC,2011,2,472
cs.DC,2011,3,436
cs.DC,2011,4,612
cs.DC,2012,0,742
cs.DC,2012,1,396
cs.DC,2012,2,569
cs.DC,2012,3,631
cs.DC,2012,4,775
cs.DC,2013,0,953
cs.DC,2013,1,522
cs.DC,2013,2,784
cs.DC,2013,3,820
cs.DC,2013,4,932
cs.DC,2014,0,1064
cs.DC,2014,1,617
cs.DC,2014,2,1025
cs.DC,2014,3,887
cs.DC,2014,4,1157
cs.DC,2015,0,1116
cs.DC,2015,1,712
cs.DC,2015,2,1206
cs.DC,2015,3,1151
cs.DC,2015,4,1416
cs.DC,2016,0,1217
cs.DC,2016,1,877
cs.DC,2016,2,1370
cs.DC,2016,3,1475
cs.DC,2016,4,1713
cs.DC,2017,0,1321
cs.DC,2017,1,1188
cs.DC,2017,2,1956
cs.DC,2017,3,1997
cs.DC,2017,4,2398
cs.DC,2018,0,1959
cs.DC,2018,1,1712
cs.DC,2018,2,2796
cs.DC,2018,3,2950
cs.DC,2018,4,3372
cs.DC,2019,0,2551
cs.DC,2019,1,2326
cs.DC,2019,2,3787
cs.DC,2019,3,4183
cs.DC,2019,4,4586
cs.DC,2020,0,3926
cs.DC,2020,1,3202
cs.DC,2020,2,4997
cs.DC,2020,3,5126
cs.DC,2020,4,6656
cs.DC,2021,0,4635
cs.DC,2021,1,4936
cs.DC,2021,2,7295
cs.DC,2021,3,6981
cs.DC,2021,4,7418
cs.DC,2022,0,4041
cs.DC,2022,1,3967
cs.DC,2022,2,6059
cs.DC,2022,3,5433
cs.DC,2022,4,6537
cs.DC,2023,0,4421
cs.DC,2023,1,4499
cs.DC,2023,2,7390
cs.DC,2023,3,6313
cs.DC,2023,4,7695
cs.DC,2024,0,4332
cs.DC,2024,1,5249
cs.DC,2024,2,7039
cs.DC,2024,3,5291
cs.DC,2024,4,6324
cs.DC,2025,0,3421
cs.DC,2025,1,4449
cs.DC,2025,2,5960
cs.DC,2025,3,4955
cs.DC,2025,4,4785
cs.DC,2026,0,1383
cs.DC,2026,1,2451
cs.DC,2026,2,2054
cs.DL,1970,0,2
cs.DL,1974,4,1
cs.DL,1989,1,1
cs.DL,1991,0,1
cs.DL,1991,1,1
cs.DL,1998,3,1
cs.DL,1999,2,2
cs.DL,2000,0,15
cs.DL,2000,1,1
cs.DL,2000,2,3
cs.DL,2001,0,10
cs.DL,2001,1,2
cs.DL,2001,2,2
cs.DL,2001,3,5
cs.DL,2002,0,26
cs.DL,2002,1,1
cs.DL,2002,2,5
cs.DL,2002,3,4
cs.DL,2002,4,9
cs.DL,2003,0,23
cs.DL,2003,1,1
cs.DL,2003,2,6
cs.DL,2003,3,10
cs.DL,2003,4,7
cs.DL,2004,0,20
cs.DL,2004,1,6
cs.DL,2004,2,12
cs.DL,2004,3,6
cs.DL,2004,4,15
cs.DL,2005,0,23
cs.DL,2005,1,4
cs.DL,2005,2,18
cs.DL,2005,3,11
cs.DL,2005,4,13
cs.DL,2006,0,80
cs.DL,2006,1,12
cs.DL,2006,2,36
cs.DL,2006,3,35
cs.DL,2006,4,47
cs.DL,2007,0,126
cs.DL,2007,1,25
cs.DL,2007,2,74
cs.DL,2007,3,61
cs.DL,2007,4,73
cs.DL,2008,0,136
cs.DL,2008,1,44
cs.DL,2008,2,101
cs.DL,2008,3,123
cs.DL,2008,4,117
cs.DL,2009,0,207
cs.DL,2009,1,114
cs.DL,2009,2,133
cs.DL,2009,3,104
cs.DL,2009,4,147
cs.DL,2010,0,249
cs.DL,2010,1,125
cs.DL,2010,2,176
cs.DL,2010,3,142
cs.DL,2010,4,205
cs.DL,2011,0,246
cs.DL,2011,1,144
cs.DL,2011,2,207
cs.DL,2011,3,199
cs.DL,2011,4,202
cs.DL,2012,0,301
cs.DL,2012,1,237
cs.DL,2012,2,240
cs.DL,2012,3,256
cs.DL,2012,4,340
cs.DL,2013,0,428
cs.DL,2013,1,304
cs.DL,2013,2,364
cs.DL,2013,3,372
cs.DL,2013,4,465
cs.DL,2014,0,568
cs.DL,2014,1,350
cs.DL,2014,2,463
cs.DL,2014,3,501
cs.DL,2014,4,626
cs.DL,2015,0,612
cs.DL,2015,1,478
cs.DL,2015,2,655
cs.DL,2015,3,785
cs.DL,2015,4,704
cs.DL,2016,0,477
cs.DL,2016,1,742
cs.DL,2016,2,817
cs.DL,2016,3,886
cs.DL,2016,4,838
cs.DL,2017,0,648
cs.DL,2017,1,762
cs.DL,2017,2,907
cs.DL,2017,3,850
cs.DL,2017,4,1021
cs.DL,2018,0,788
cs.DL,2018,1,899
cs.DL,2018,2,1104
cs.DL,2018,3,1125
cs.DL,2018,4,1073
cs.DL,2019,0,1116
cs.DL,2019,1,1002
cs.DL,2019,2,1230
cs.DL,2019,3,1215
cs.DL,2019,4,1408
cs.DL,2020,0,1273
cs.DL,2020,1,1523
cs.DL,2020,2,1734
cs.DL,2020,3,1720
cs.DL,2020,4,1856
cs.DL,2021,0,1465
cs.DL,2021,1,1985
cs.DL,2021,2,2206
cs.DL,2021,3,2126
cs.DL,2021,4,1871
cs.DL,2022,0,1319
cs.DL,2022,1,1667
cs.DL,2022,2,1962
cs.DL,2022,3,2020
cs.DL,2022,4,2316
cs.DL,2023,0,1303
cs.DL,2023,1,1965
cs.DL,2023,2,2220
cs.DL,2023,3,2049
cs.DL,2023,4,2273
cs.DL,2024,0,1302
cs.DL,2024,1,1986
cs.DL,2024,2,2188
cs.DL,2024,3,2003
cs.DL,2024,4,2256
cs.DL,2025,0,1085
cs.DL,2025,1,1777
cs.DL,2025,2,2325
cs.DL,2025,3,2170
cs.DL,2025,4,1997
cs.DL,2026,0,487
cs.DL,2026,1,1834
cs.DL,2026,2,1853
cs.DM,1971,4,1
cs.DM,1974,4,1
cs.DM,1975,3,1
cs.DM,1976,0,1
cs.DM,1984,4,1
cs.DM,1988,0,1
cs.DM,1988,2,1
cs.DM,1991,0,1
cs.DM,1992,4,1
cs.DM,1993,1,1
cs.DM,1993,3,1
cs.DM,1994,0,1
cs.DM,1994,1,2
cs.DM,1994,3,2
cs.DM,1995,0,4
cs.DM,1995,4,1
cs.DM,1996,0,1
cs.DM,1996,1,3
cs.DM,1996,3,1
cs.DM,1997,0,5
cs.DM,1997,1,1
cs.DM,1997,2,1
cs.DM,1997,3,3
cs.DM,1998,0,3
cs.DM,1998,2,1
cs.DM,1998,3,2
cs.DM,1998,4,2
cs.DM,1999,0,6
cs.DM,1999,1,1
cs.DM,1999,2,3
cs.DM,1999,3,1
cs.DM,1999,4,1
cs.DM,2000,0,20
cs.DM,2000,1,4
cs.DM,2000,2,4
cs.DM,2000,3,6
cs.DM,2000,4,2
cs.DM,2001,0,17
cs.DM,2001,1,3
cs.DM,2001,2,4
cs.DM,2001,3,11
cs.DM,2001,4,8
cs.DM,2002,0,22
cs.DM,2002,1,4
cs.DM,2002,2,11
cs.DM,2002,3,9
cs.DM,2002,4,28
cs.DM,2003,0,27
cs.DM,2003,1,16
cs.DM,2003,2,32
cs.DM,2003,3,6
cs.DM,2003,4,21
cs.DM,2004,0,23
cs.DM,2004,1,12
cs.DM,2004,2,25
cs.DM,2004,3,9
cs.DM,2004,4,27
cs.DM,2005,0,53
cs.DM,2005,1,10
cs.DM,2005,2,19
cs.DM,2005,3,30
cs.DM,2005,4,27
cs.DM,2006,0,82
cs.DM,2006,1,28
cs.DM,2006,2,31
cs.DM,2006,3,53
cs.DM,2006,4,37
cs.DM,2007,0,92
cs.DM,2007,1,43
cs.DM,2007,2,57
cs.DM,2007,3,82
cs.DM,2007,4,71
cs.DM,2008,0,114
cs.DM,2008,1,148
cs.DM,2008,2,124
cs.DM,2008,3,143
cs.DM,2008,4,132
cs.DM,2009,0,249
cs.DM,2009,1,135
cs.DM,2009,2,165
cs.DM,2009,3,189
cs.DM,2009,4,149
cs.DM,2010,0,318
cs.DM,2010,1,136
cs.DM,2010,2,202
cs.DM,2010,3,201
cs.DM,2010,4,238
cs.DM,2011,0,325
cs.DM,2011,1,224
cs.DM,2011,2,299
cs.DM,2011,3,370
cs.DM,2011,4,308
cs.DM,2012,0,419
cs.DM,2012,1,313
cs.DM,2012,2,275
cs.DM,2012,3,292
cs.DM,2012,4,341
cs.DM,2013,0,540
cs.DM,2013,1,333
cs.DM,2013,2,403
cs.DM,2013,3,425
cs.DM,2013,4,480
cs.DM,2014,0,557
cs.DM,2014,1,377
cs.DM,2014,2,488
cs.DM,2014,3,449
cs.DM,2014,4,569
cs.DM,2015,0,600
cs.DM,2015,1,415
cs.DM,2015,2,585
cs.DM,2015,3,603
cs.DM,2015,4,655
cs.DM,2016,0,566
cs.DM,2016,1,485
cs.DM,2016,2,539
cs.DM,2016,3,647
cs.DM,2016,4,700
cs.DM,2017,0,609
cs.DM,2017,1,635
cs.DM,2017,2,692
cs.DM,2017,3,708
cs.DM,2017,4,741
cs.DM,2018,0,632
cs.DM,2018,1,617
cs.DM,2018,2,882
cs.DM,2018,3,766
cs.DM,2018,4,896
cs.DM,2019,0,732
cs.DM,2019,1,679
cs.DM,2019,2,939
cs.DM,2019,3,1021
cs.DM,2019,4,1044
cs.DM,2020,0,896
cs.DM,2020,1,808
cs.DM,2020,2,1069
cs.DM,2020,3,996
cs.DM,2020,4,1121
cs.DM,2021,0,1008
cs.DM,2021,1,1041
cs.DM,2021,2,1238
cs.DM,2021,3,1149
cs.DM,2021,4,1060
cs.DM,2022,0,762
cs.DM,2022,1,853
cs.DM,2022,2,1098
cs.DM,2022,3,878
cs.DM,2022,4,967
cs.DM,2023,0,876
cs.DM,2023,1,800
cs.DM,2023,2,1093
cs.DM,2023,3,1031
cs.DM,2023,4,1024
cs.DM,2024,0,667
cs.DM,2024,1,856
cs.DM,2024,2,910
cs.DM,2024,3,790
cs.DM,2024,4,925
cs.DM,2025,0,560
cs.DM,2025,1,710
cs.DM,2025,2,805
cs.DM,2025,3,745
cs.DM,2025,4,678
cs.DM,2026,0,266
cs.DM,2026,1,457
cs.DM,2026,2,432
cs.DS,1900,0,1
cs.DS,1966,0,1
cs.DS,1970,0,1
cs.DS,1971,4,1
cs.DS,1977,4,1
cs.DS,1979,4,2
cs.DS,1982,0,1
cs.DS,1985,2,3
cs.DS,1987,0,3
cs.DS,1988,0,1
cs.DS,1988,2,1
cs.DS,1989,0,4
cs.DS,1989,3,4
cs.DS,1989,4,1
cs.DS,1990,0,5
cs.DS,1990,2,1
cs.DS,1991,0,4
cs.DS,1991,1,1
cs.DS,1991,2,1
cs.DS,1991,3,1
cs.DS,1991,4,1
cs.DS,1992,0,5
cs.DS,1992,1,1
cs.DS,1992,4,5
cs.DS,1993,0,7
cs.DS,1993,1,2
cs.DS,1993,2,1
cs.DS,1993,3,7
cs.DS,1993,4,3
cs.DS,1994,0,11
cs.DS,1994,1,8
cs.DS,1994,2,6
cs.DS,1994,3,5
cs.DS,1994,4,4
cs.DS,1995,0,17
cs.DS,1995,1,2
cs.DS,1995,2,1
cs.DS,1995,3,2
cs.DS,1995,4,5
cs.DS,1996,0,8
cs.DS,1996,1,7
cs.DS,1996,2,5
cs.DS,1996,3,6
cs.DS,1996,4,3
cs.DS,1997,0,16
cs.DS,1997,1,4
cs.DS,1997,2,6
cs.DS,1997,3,11
cs.DS,1997,4,6
cs.DS,1998,0,29
cs.DS,1998,1,3
cs.DS,1998,2,5
cs.DS,1998,3,12
cs.DS,1998,4,5
cs.DS,1999,0,25
cs.DS,1999,1,4
cs.DS,1999,2,11
cs.DS,1999,3,3
cs.DS,1999,4,7
cs.DS,2000,0,45
cs.DS,2000,1,13
cs.DS,2000,2,15
cs.DS,2000,3,12
cs.DS,2000,4,9
cs.DS,2001,0,41
cs.DS,2001,1,10
cs.DS,2001,2,13
cs.DS,2001,3,16
cs.DS,2001,4,22
cs.DS,2002,0,80
cs.DS,2002,1,19
cs.DS,2002,2,17
cs.DS,2002,3,19
cs.DS,2002,4,76
cs.DS,2003,0,70
cs.DS,2003,1,37
cs.DS,2003,2,44
cs.DS,2003,3,28
cs.DS,2003,4,38
cs.DS,2004,0,83
cs.DS,2004,1,52
cs.DS,2004,2,54
cs.DS,2004,3,43
cs.DS,2004,4,48
cs.DS,2005,0,151
cs.DS,2005,1,58
cs.DS,2005,2,49
cs.DS,2005,3,68
cs.DS,2005,4,76
cs.DS,2006,0,182
cs.DS,2006,1,54
cs.DS,2006,2,83
cs.DS,2006,3,86
cs.DS,2006,4,89
cs.DS,2007,0,163
cs.DS,2007,1,89
cs.DS,2007,2,122
cs.DS,2007,3,170
cs.DS,2007,4,151
cs.DS,2008,0,256
cs.DS,2008,1,117
cs.DS,2008,2,184
cs.DS,2008,3,189
cs.DS,2008,4,201
cs.DS,2009,0,469
cs.DS,2009,1,258
cs.DS,2009,2,226
cs.DS,2009,3,201
cs.DS,2009,4,295
cs.DS,2010,0,564
cs.DS,2010,1,231
cs.DS,2010,2,346
cs.DS,2010,3,387
cs.DS,2010,4,428
cs.DS,2011,0,687
cs.DS,2011,1,329
cs.DS,2011,2,588
cs.DS,2011,3,488
cs.DS,2011,4,597
cs.DS,2012,0,890
cs.DS,2012,1,583
cs.DS,2012,2,645
cs.DS,2012,3,651
cs.DS,2012,4,784
cs.DS,2013,0,1249
cs.DS,2013,1,597
cs.DS,2013,2,1034
cs.DS,2013,3,898
cs.DS,2013,4,1127
cs.DS,2014,0,1450
cs.DS,2014,1,751
cs.DS,2014,2,1110
cs.DS,2014,3,1114
cs.DS,2014,4,1401
cs.DS,2015,0,1358
cs.DS,2015,1,994
cs.DS,2015,2,1488
cs.DS,2015,3,1329
cs.DS,2015,4,1612
cs.DS,2016,0,1440
cs.DS,2016,1,1186
cs.DS,2016,2,1605
cs.DS,2016,3,1682
cs.DS,2016,4,1688
cs.DS,2017,0,1507
cs.DS,2017,1,1398
cs.DS,2017,2,1947
cs.DS,2017,3,1940
cs.DS,2017,4,2100
cs.DS,2018,0,1763
cs.DS,2018,1,1547
cs.DS,2018,2,2443
cs.DS,2018,3,2202
cs.DS,2018,4,2714
cs.DS,2019,0,2134
cs.DS,2019,1,1925
cs.DS,2019,2,2945
cs.DS,2019,3,2875
cs.DS,2019,4,3174
cs.DS,2020,0,2512
cs.DS,2020,1,2289
cs.DS,2020,2,3549
cs.DS,2020,3,3381
cs.DS,2020,4,3898
cs.DS,2021,0,2682
cs.DS,2021,1,3022
cs.DS,2021,2,4407
cs.DS,2021,3,3560
cs.DS,2021,4,3277
cs.DS,2022,0,2094
cs.DS,2022,1,2263
cs.DS,2022,2,3166
cs.DS,2022,3,2610
cs.DS,2022,4,2741
cs.DS,2023,0,1989
cs.DS,2023,1,2089
cs.DS,2023,2,3011
cs.DS,2023,3,2889
cs.DS,2023,4,2926
cs.DS,2024,0,1640
cs.DS,2024,1,2394
cs.DS,2024,2,2807
cs.DS,2024,3,2277
cs.DS,2024,4,2494
cs.DS,2025,0,1331
cs.DS,2025,1,1955
cs.DS,2025,2,2518
cs.DS,2025,3,2195
cs.DS,2025,4,1990
cs.DS,2026,0,571
cs.DS,2026,1,1464
cs.DS,2026,2,1206
cs.ET,1983,0,1
cs.ET,1995,2,1
cs.ET,1996,4,1
cs.ET,1997,0,1
cs.ET,1997,3,2
cs.ET,1998,3,2
cs.ET,1999,0,6
cs.ET,1999,1,2
cs.ET,2000,0,27
cs.ET,2000,1,5
cs.ET,2000,2,3
cs.ET,2000,3,1
cs.ET,2000,4,3
cs.ET,2001,0,3
cs.ET,2001,1,4
cs.ET,2001,3,5
cs.ET,2001,4,1
cs.ET,2002,0,2
cs.ET,2002,1,7
cs.ET,2002,2,2
cs.ET,2002,3,5
cs.ET,2002,4,5
cs.ET,2003,0,2
cs.ET,2003,1,5
cs.ET,2003,2,8
cs.ET,2003,3,6
cs.ET,2003,4,5
cs.ET,2004,0,6
cs.ET,2004,1,2
cs.ET,2004,2,5
cs.ET,2004,3,13
cs.ET,2004,4,5
cs.ET,2005,0,13
cs.ET,2005,1,6
cs.ET,2005,2,20
cs.ET,2005,3,8
cs.ET,2005,4,18
cs.ET,2006,0,15
cs.ET,2006,1,6
cs.ET,2006,2,13
cs.ET,2006,3,22
cs.ET,2006,4,19
cs.ET,2007,0,8
cs.ET,2007,1,14
cs.ET,2007,2,14
cs.ET,2007,3,25
cs.ET,2007,4,18
cs.ET,2008,0,19
cs.ET,2008,1,13
cs.ET,2008,2,8
cs.ET,2008,3,10
cs.ET,2008,4,16
cs.ET,2009,0,23
cs.ET,2009,1,5
cs.ET,2009,2,19
cs.ET,2009,3,17
cs.ET,2009,4,22
cs.ET,2010,0,17
cs.ET,2010,1,16
cs.ET,2010,2,30
cs.ET,2010,3,35
cs.ET,2010,4,25
cs.ET,2011,0,22
cs.ET,2011,1,15
cs.ET,2011,2,53
cs.ET,2011,3,40
cs.ET,2011,4,50
cs.ET,2012,0,56
cs.ET,2012,1,60
cs.ET,2012,2,70
cs.ET,2012,3,91
cs.ET,2012,4,65
cs.ET,2013,0,89
cs.ET,2013,1,78
cs.ET,2013,2,119
cs.ET,2013,3,152
cs.ET,2013,4,142
cs.ET,2014,0,161
cs.ET,2014,1,159
cs.ET,2014,2,195
cs.ET,2014,3,224
cs.ET,2014,4,230
cs.ET,2015,0,138
cs.ET,2015,1,201
cs.ET,2015,2,336
cs.ET,2015,3,272
cs.ET,2015,4,311
cs.ET,2016,0,291
cs.ET,2016,1,289
cs.ET,2016,2,348
cs.ET,2016,3,458
cs.ET,2016,4,450
cs.ET,2017,0,285
cs.ET,2017,1,430
cs.ET,2017,2,562
cs.ET,2017,3,491
cs.ET,2017,4,583
cs.ET,2018,0,442
cs.ET,2018,1,461
cs.ET,2018,2,763
cs.ET,2018,3,760
cs.ET,2018,4,857
cs.ET,2019,0,565
cs.ET,2019,1,759
cs.ET,2019,2,1070
cs.ET,2019,3,1071
cs.ET,2019,4,1145
cs.ET,2020,0,857
cs.ET,2020,1,1125
cs.ET,2020,2,1278
cs.ET,2020,3,1551
cs.ET,2020,4,1685
cs.ET,2021,0,879
cs.ET,2021,1,1610
cs.ET,2021,2,1945
cs.ET,2021,3,2026
cs.ET,2021,4,2242
cs.ET,2022,0,934
cs.ET,2022,1,2116
cs.ET,2022,2,2237
cs.ET,2022,3,2092
cs.ET,2022,4,2330
cs.ET,2023,0,1115
cs.ET,2023,1,2177
cs.ET,2023,2,2451
cs.ET,2023,3,2696
cs.ET,2023,4,2656
cs.ET,2024,0,1132
cs.ET,2024,1,2100
cs.ET,2024,2,2595
cs.ET,2024,3,2402
cs.ET,2024,4,2310
cs.ET,2025,0,1147
cs.ET,2025,1,2174
cs.ET,2025,2,2644
cs.ET,2025,3,2475
cs.ET,2025,4,2364
cs.ET,2026,0,633
cs.ET,2026,1,1789
cs.ET,2026,2,1343
cs.FL,1978,2,1
cs.FL,1980,2,1
cs.FL,1981,2,1
cs.FL,1983,2,1
cs.FL,1985,0,1
cs.FL,1987,0,1
cs.FL,1987,1,1
cs.FL,1992,2,1
cs.FL,1994,4,1
cs.FL,1995,4,3
cs.FL,1996,0,1
cs.FL,1996,1,1
cs.FL,1997,2,1
cs.FL,1997,3,1
cs.FL,1998,0,2
cs.FL,1998,3,1
cs.FL,1998,4,1
cs.FL,1999,3,1
cs.FL,2000,0,2
cs.FL,2000,1,1
cs.FL,2001,0,5
cs.FL,2001,1,1
cs.FL,2001,2,1
cs.FL,2001,3,1
cs.FL,2002,0,4
cs.FL,2002,1,1
cs.FL,2002,2,1
cs.FL,2002,3,4
cs.FL,2003,0,3
cs.FL,2003,3,1
cs.FL,2003,4,1
cs.FL,2004,0,1
cs.FL,2004,3,3
cs.FL,2004,4,3
cs.FL,2005,0,4
cs.FL,2005,1,1
cs.FL,2005,4,4
cs.FL,2006,0,2
cs.FL,2006,1,1
cs.FL,2006,2,1
cs.FL,2006,3,2
cs.FL,2006,4,2
cs.FL,2007,0,5
cs.FL,2007,1,1
cs.FL,2007,2,1
cs.FL,2007,3,2
cs.FL,2007,4,4
cs.FL,2008,0,10
cs.FL,2008,1,2
cs.FL,2008,2,6
cs.FL,2008,3,2
cs.FL,2008,4,4
cs.FL,2009,0,41
cs.FL,2009,1,6
cs.FL,2009,2,15
cs.FL,2009,3,11
cs.FL,2009,4,6
cs.FL,2010,0,79
cs.FL,2010,1,16
cs.FL,2010,2,33
cs.FL,2010,3,30
cs.FL,2010,4,27
cs.FL,2011,0,131
cs.FL,2011,1,31
cs.FL,2011,2,26
cs.FL,2011,3,44
cs.FL,2011,4,38
cs.FL,2012,0,157
cs.FL,2012,1,43
cs.FL,2012,2,61
cs.FL,2012,3,47
cs.FL,2012,4,61
cs.FL,2013,0,258
cs.FL,2013,1,44
cs.FL,2013,2,75
cs.FL,2013,3,77
cs.FL,2013,4,90
cs.FL,2014,0,256
cs.FL,2014,1,70
cs.FL,2014,2,113
cs.FL,2014,3,134
cs.FL,2014,4,118
cs.FL,2015,0,289
cs.FL,2015,1,82
cs.FL,2015,2,132
cs.FL,2015,3,160
cs.FL,2015,4,111
cs.FL,2016,0,253
cs.FL,2016,1,144
cs.FL,2016,2,104
cs.FL,2016,3,147
cs.FL,2016,4,123
cs.FL,2017,0,273
cs.FL,2017,1,88
cs.FL,2017,2,151
cs.FL,2017,3,153
cs.FL,2017,4,125
cs.FL,2018,0,300
cs.FL,2018,1,84
cs.FL,2018,2,129
cs.FL,2018,3,118
cs.FL,2018,4,160
cs.FL,2019,0,333
cs.FL,2019,1,157
cs.FL,2019,2,175
cs.FL,2019,3,137
cs.FL,2019,4,200
cs.FL,2020,0,327
cs.FL,2020,1,135
cs.FL,2020,2,189
cs.FL,2020,3,203
cs.FL,2020,4,241
cs.FL,2021,0,380
cs.FL,2021,1,198
cs.FL,2021,2,286
cs.FL,2021,3,225
cs.FL,2021,4,223
cs.FL,2022,0,342
cs.FL,2022,1,168
cs.FL,2022,2,189
cs.FL,2022,3,189
cs.FL,2022,4,213
cs.FL,2023,0,422
cs.FL,2023,1,158
cs.FL,2023,2,215
cs.FL,2023,3,240
cs.FL,2023,4,250
cs.FL,2024,0,304
cs.FL,2024,1,179
cs.FL,2024,2,235
cs.FL,2024,3,191
cs.FL,2024,4,250
cs.FL,2025,0,231
cs.FL,2025,1,106
cs.FL,2025,2,248
cs.FL,2025,3,217
cs.FL,2025,4,223
cs.FL,2026,0,126
cs.FL,2026,1,106
cs.FL,2026,2,141
cs.GL,2000,2,2
cs.GL,2000,4,1
cs.GL,2001,0,1
cs.GL,2001,2,2
cs.GL,2001,3,2
cs.GL,2001,4,4
cs.GL,2002,0,2
cs.GL,2002,1,7
cs.GL,2002,2,2
cs.GL,2002,3,1
cs.GL,2002,4,2
cs.GL,2003,0,2
cs.GL,2003,1,2
cs.GL,2003,2,5
cs.GL,2003,3,2
cs.GL,2004,0,1
cs.GL,2004,1,4
cs.GL,2004,2,6
cs.GL,2004,3,5
cs.GL,2004,4,4
cs.GL,2005,0,3
cs.GL,2005,1,2
cs.GL,2005,2,2
cs.GL,2005,3,2
cs.GL,2005,4,2
cs.GL,2006,0,6
cs.GL,2006,1,8
cs.GL,2006,2,2
cs.GL,2006,3,3
cs.GL,2006,4,7
cs.GL,2007,0,6
cs.GL,2007,1,3
cs.GL,2007,2,9
cs.GL,2007,3,11
cs.GL,2007,4,5
cs.GL,2008,0,12
cs.GL,2008,1,7
cs.GL,2008,2,11
cs.GL,2008,3,6
cs.GL,2008,4,7
cs.GL,2009,0,14
cs.GL,2009,1,2
cs.GL,2009,2,9
cs.GL,2009,3,7
cs.GL,2009,4,7
cs.GL,2010,0,12
cs.GL,2010,1,7
cs.GL,2010,2,4
cs.GL,2010,3,9
cs.GL,2010,4,11
cs.GL,2011,0,6
cs.GL,2011,1,9
cs.GL,2011,2,10
cs.GL,2011,3,12
cs.GL,2011,4,10
cs.GL,2012,0,11
cs.GL,2012,1,8
cs.GL,2012,2,8
cs.GL,2012,3,13
cs.GL,2012,4,10
cs.GL,2013,0,8
cs.GL,2013,1,9
cs.GL,2013,2,6
cs.GL,2013,3,10
cs.GL,2013,4,6
cs.GL,2014,0,6
cs.GL,2014,1,5
cs.GL,2014,2,6
cs.GL,2014,3,11
cs.GL,2014,4,4
cs.GL,2015,0,14
cs.GL,2015,1,5
cs.GL,2015,2,6
cs.GL,2015,3,9
cs.GL,2015,4,29
cs.GL,2016,0,2
cs.GL,2016,1,7
cs.GL,2016,2,17
cs.GL,2016,3,3
cs.GL,2016,4,8
cs.GL,2017,0,6
cs.GL,2017,1,5
cs.GL,2017,2,6
cs.GL,2017,3,9
cs.GL,2017,4,6
cs.GL,2018,0,7
cs.GL,2018,1,8
cs.GL,2018,2,18
cs.GL,2018,3,17
cs.GL,2018,4,18
cs.GL,2019,0,20
cs.GL,2019,1,17
cs.GL,2019,2,25
cs.GL,2019,3,16
cs.GL,2019,4,18
cs.GL,2020,0,12
cs.GL,2020,1,16
cs.GL,2020,2,21
cs.GL,2020,3,27
cs.GL,2020,4,25
cs.GL,2021,0,22
cs.GL,2021,1,32
cs.GL,2021,2,36
cs.GL,2021,3,41
cs.GL,2021,4,38
cs.GL,2022,0,21
cs.GL,2022,1,42
cs.GL,2022,2,53
cs.GL,2022,3,44
cs.GL,2022,4,49
cs.GL,2023,0,33
cs.GL,2023,1,36
cs.GL,2023,2,68
cs.GL,2023,3,55
cs.GL,2023,4,34
cs.GL,2024,0,35
cs.GL,2024,1,36
cs.GL,2024,2,56
cs.GL,2024,3,36
cs.GL,2024,4,52
cs.GL,2025,0,19
cs.GL,2025,1,47
cs.GL,2025,2,63
cs.GL,2025,3,42
cs.GL,2025,4,41
cs.GL,2026,0,9
cs.GL,2026,1,34
cs.GL,2026,2,21
cs.GR,1972,4,1
cs.GR,1973,0,1
cs.GR,1982,3,1
cs.GR,1983,2,1
cs.GR,1984,3,1
cs.GR,1986,0,1
cs.GR,1987,0,1
cs.GR,1987,3,1
cs.GR,1989,0,1
cs.GR,1989,2,1
cs.GR,1990,0,1
cs.GR,1990,3,1
cs.GR,1990,4,1
cs.GR,1991,0,2
cs.GR,1993,0,2
cs.GR,1994,1,1
cs.GR,1995,0,3
cs.GR,1995,1,2
cs.GR,1995,2,1
cs.GR,1996,0,7
cs.GR,1996,1,1
cs.GR,1996,2,2
cs.GR,1996,3,4
cs.GR,1997,0,18
cs.GR,1997,1,5
cs.GR,1997,3,1
cs.GR,1997,4,5
cs.GR,1998,0,15
cs.GR,1998,1,7
cs.GR,1998,2,6
cs.GR,1998,3,6
cs.GR,1998,4,2
cs.GR,1999,0,27
cs.GR,1999,1,9
cs.GR,1999,2,6
cs.GR,1999,3,2
cs.GR,1999,4,7
cs.GR,2000,0,73
cs.GR,2000,1,3
cs.GR,2000,2,17
cs.GR,2000,3,5
cs.GR,2000,4,6
cs.GR,2001,0,47
cs.GR,2001,1,8
cs.GR,2001,2,6
cs.GR,2001,3,25
cs.GR,2001,4,8
cs.GR,2002,0,44
cs.GR,2002,1,7
cs.GR,2002,2,19
cs.GR,2002,3,59
cs.GR,2002,4,112
cs.GR,2003,0,48
cs.GR,2003,1,21
cs.GR,2003,2,39
cs.GR,2003,3,52
cs.GR,2003,4,25
cs.GR,2004,0,86
cs.GR,2004,1,25
cs.GR,2004,2,33
cs.GR,2004,3,60
cs.GR,2004,4,47
cs.GR,2005,0,105
cs.GR,2005,1,25
cs.GR,2005,2,30
cs.GR,2005,3,79
cs.GR,2005,4,22
cs.GR,2006,0,85
cs.GR,2006,1,26
cs.GR,2006,2,46
cs.GR,2006,3,46
cs.GR,2006,4,38
cs.GR,2007,0,69
cs.GR,2007,1,37
cs.GR,2007,2,33
cs.GR,2007,3,79
cs.GR,2007,4,54
cs.GR,2008,0,57
cs.GR,2008,1,25
cs.GR,2008,2,50
cs.GR,2008,3,70
cs.GR,2008,4,43
cs.GR,2009,0,68
cs.GR,2009,1,33
cs.GR,2009,2,56
cs.GR,2009,3,60
cs.GR,2009,4,52
cs.GR,2010,0,65
cs.GR,2010,1,19
cs.GR,2010,2,50
cs.GR,2010,3,66
cs.GR,2010,4,67
cs.GR,2011,0,80
cs.GR,2011,1,35
cs.GR,2011,2,55
cs.GR,2011,3,86
cs.GR,2011,4,61
cs.GR,2012,0,80
cs.GR,2012,1,53
cs.GR,2012,2,58
cs.GR,2012,3,72
cs.GR,2012,4,84
cs.GR,2013,0,118
cs.GR,2013,1,46
cs.GR,2013,2,91
cs.GR,2013,3,87
cs.GR,2013,4,102
cs.GR,2014,0,102
cs.GR,2014,1,51
cs.GR,2014,2,108
cs.GR,2014,3,115
cs.GR,2014,4,102
cs.GR,2015,0,102
cs.GR,2015,1,74
cs.GR,2015,2,131
cs.GR,2015,3,155
cs.GR,2015,4,157
cs.GR,2016,0,141
cs.GR,2016,1,80
cs.GR,2016,2,189
cs.GR,2016,3,144
cs.GR,2016,4,191
cs.GR,2017,0,130
cs.GR,2017,1,147
cs.GR,2017,2,245
cs.GR,2017,3,390
cs.GR,2017,4,474
cs.GR,2018,0,296
cs.GR,2018,1,290
cs.GR,2018,2,647
cs.GR,2018,3,615
cs.GR,2018,4,782
cs.GR,2019,0,530
cs.GR,2019,1,478
cs.GR,2019,2,1159
cs.GR,2019,3,1032
cs.GR,2019,4,1383
cs.GR,2020,0,1071
cs.GR,2020,1,900
cs.GR,2020,2,1846
cs.GR,2020,3,1326
cs.GR,2020,4,1759
cs.GR,2021,0,1142
cs.GR,2021,1,1241
cs.GR,2021,2,2889
cs.GR,2021,3,2160
cs.GR,2021,4,2654
cs.GR,2022,0,1493
cs.GR,2022,1,1030
cs.GR,2022,2,2705
cs.GR,2022,3,1802
cs.GR,2022,4,2116
cs.GR,2023,0,1698
cs.GR,2023,1,1292
cs.GR,2023,2,4169
cs.GR,2023,3,2598
cs.GR,2023,4,4404
cs.GR,2024,0,1765
cs.GR,2024,1,3427
cs.GR,2024,2,4882
cs.GR,2024,3,2694
cs.GR,2024,4,4143
cs.GR,2025,0,1700
cs.GR,2025,1,2291
cs.GR,2025,2,3315
cs.GR,2025,3,2922
cs.GR,2025,4,3089
cs.GR,2026,0,538
cs.GR,2026,1,1296
cs.GR,2026,2,1208
cs.GT,1935,0,1
cs.GT,1984,2,1
cs.GT,1988,3,1
cs.GT,1991,4,1
cs.GT,1992,0,1
cs.GT,1992,3,1
cs.GT,1993,0,1
cs.GT,1993,2,1
cs.GT,1994,0,1
cs.GT,1995,0,2
cs.GT,1996,0,2
cs.GT,1996,2,1
cs.GT,1997,0,1
cs.GT,1997,3,1
cs.GT,1997,4,1
cs.GT,1998,0,4
cs.GT,1998,1,1
cs.GT,1998,3,1
cs.GT,1999,0,4
cs.GT,1999,2,1
cs.GT,1999,3,2
cs.GT,2000,0,3
cs.GT,2000,1,2
cs.GT,2000,2,3
cs.GT,2000,3,2
cs.GT,2000,4,1
cs.GT,2001,0,8
cs.GT,2001,1,2
cs.GT,2001,2,5
cs.GT,2001,4,1
cs.GT,2002,0,14
cs.GT,2002,1,3
cs.GT,2002,2,4
cs.GT,2002,3,7
cs.GT,2002,4,1
cs.GT,2003,0,21
cs.GT,2003,1,1
cs.GT,2003,2,15
cs.GT,2003,3,16
cs.GT,2003,4,11
cs.GT,2004,0,35
cs.GT,2004,1,10
cs.GT,2004,2,17
cs.GT,2004,3,21
cs.GT,2004,4,18
cs.GT,2005,0,55
cs.GT,2005,1,6
cs.GT,2005,2,21
cs.GT,2005,3,33
cs.GT,2005,4,20
cs.GT,2006,0,88
cs.GT,2006,1,18
cs.GT,2006,2,56
cs.GT,2006,3,49
cs.GT,2006,4,27
cs.GT,2007,0,79
cs.GT,2007,1,66
cs.GT,2007,2,57
cs.GT,2007,3,54
cs.GT,2007,4,48
cs.GT,2008,0,129
cs.GT,2008,1,55
cs.GT,2008,2,106
cs.GT,2008,3,108
cs.GT,2008,4,78
cs.GT,2009,0,235
cs.GT,2009,1,69
cs.GT,2009,2,132
cs.GT,2009,3,150
cs.GT,2009,4,140
cs.GT,2010,0,304
cs.GT,2010,1,89
cs.GT,2010,2,231
cs.GT,2010,3,191
cs.GT,2010,4,226
cs.GT,2011,0,314
cs.GT,2011,1,173
cs.GT,2011,2,386
cs.GT,2011,3,289
cs.GT,2011,4,246
cs.GT,2012,0,412
cs.GT,2012,1,233
cs.GT,2012,2,345
cs.GT,2012,3,280
cs.GT,2012,4,343
cs.GT,2013,0,416
cs.GT,2013,1,250
cs.GT,2013,2,510
cs.GT,2013,3,385
cs.GT,2013,4,415
cs.GT,2014,0,525
cs.GT,2014,1,357
cs.GT,2014,2,646
cs.GT,2014,3,490
cs.GT,2014,4,557
cs.GT,2015,0,555
cs.GT,2015,1,560
cs.GT,2015,2,713
cs.GT,2015,3,646
cs.GT,2015,4,613
cs.GT,2016,0,560
cs.GT,2016,1,555
cs.GT,2016,2,707
cs.GT,2016,3,880
cs.GT,2016,4,792
cs.GT,2017,0,733
cs.GT,2017,1,695
cs.GT,2017,2,896
cs.GT,2017,3,891
cs.GT,2017,4,1068
cs.GT,2018,0,811
cs.GT,2018,1,676
cs.GT,2018,2,1201
cs.GT,2018,3,1136
cs.GT,2018,4,1205
cs.GT,2019,0,978
cs.GT,2019,1,876
cs.GT,2019,2,1464
cs.GT,2019,3,1464
cs.GT,2019,4,1414
cs.GT,2020,0,1175
cs.GT,2020,1,1107
cs.GT,2020,2,1769
cs.GT,2020,3,1480
cs.GT,2020,4,1762
cs.GT,2021,0,1245
cs.GT,2021,1,1369
cs.GT,2021,2,2209
cs.GT,2021,3,1805
cs.GT,2021,4,1701
cs.GT,2022,0,1128
cs.GT,2022,1,976
cs.GT,2022,2,1628
cs.GT,2022,3,1549
cs.GT,2022,4,1548
cs.GT,2023,0,1151
cs.GT,2023,1,1149
cs.GT,2023,2,1733
cs.GT,2023,3,1832
cs.GT,2023,4,1554
cs.GT,2024,0,1148
cs.GT,2024,1,1538
cs.GT,2024,2,1506
cs.GT,2024,3,1251
cs.GT,2024,4,1358
cs.GT,2025,0,974
cs.GT,2025,1,987
cs.GT,2025,2,1331
cs.GT,2025,3,1212
cs.GT,2025,4,952
cs.GT,2026,0,363
cs.GT,2026,1,708
cs.GT,2026,2,561
cs.HC,1956,1,1
cs.HC,1969,4,1
cs.HC,1970,0,3
cs.HC,1986,0,1
cs.HC,1986,3,3
cs.HC,1987,4,1
cs.HC,1989,0,2
cs.HC,1994,4,1
cs.HC,1995,0,3
cs.HC,1996,0,3
cs.HC,1996,2,2
cs.HC,1996,4,1
cs.HC,1997,0,1
cs.HC,1997,3,5
cs.HC,1997,4,1
cs.HC,1998,0,7
cs.HC,1998,3,4
cs.HC,1998,4,3
cs.HC,1999,0,18
cs.HC,1999,1,3
cs.HC,1999,3,6
cs.HC,1999,4,3
cs.HC,2000,0,418
cs.HC,2000,1,5
cs.HC,2000,2,10
cs.HC,2000,3,5
cs.HC,2000,4,9
cs.HC,2001,0,45
cs.HC,2001,1,13
cs.HC,2001,2,6
cs.HC,2001,3,13
cs.HC,2001,4,9
cs.HC,2002,0,59
cs.HC,2002,1,9
cs.HC,2002,2,27
cs.HC,2002,3,21
cs.HC,2002,4,43
cs.HC,2003,0,76
cs.HC,2003,1,17
cs.HC,2003,2,44
cs.HC,2003,3,34
cs.HC,2003,4,16
cs.HC,2004,0,101
cs.HC,2004,1,12
cs.HC,2004,2,50
cs.HC,2004,3,50
cs.HC,2004,4,39
cs.HC,2005,0,116
cs.HC,2005,1,28
cs.HC,2005,2,68
cs.HC,2005,3,36
cs.HC,2005,4,41
cs.HC,2006,0,119
cs.HC,2006,1,42
cs.HC,2006,2,57
cs.HC,2006,3,41
cs.HC,2006,4,55
cs.HC,2007,0,127
cs.HC,2007,1,39
cs.HC,2007,2,76
cs.HC,2007,3,94
cs.HC,2007,4,87
cs.HC,2008,0,122
cs.HC,2008,1,71
cs.HC,2008,2,84
cs.HC,2008,3,86
cs.HC,2008,4,60
cs.HC,2009,0,217
cs.HC,2009,1,46
cs.HC,2009,2,100
cs.HC,2009,3,95
cs.HC,2009,4,91
cs.HC,2010,0,166
cs.HC,2010,1,64
cs.HC,2010,2,130
cs.HC,2010,3,122
cs.HC,2010,4,107
cs.HC,2011,0,221
cs.HC,2011,1,68
cs.HC,2011,2,161
cs.HC,2011,3,135
cs.HC,2011,4,175
cs.HC,2012,0,289
cs.HC,2012,1,159
cs.HC,2012,2,185
cs.HC,2012,3,199
cs.HC,2012,4,215
cs.HC,2013,0,369
cs.HC,2013,1,169
cs.HC,2013,2,214
cs.HC,2013,3,267
cs.HC,2013,4,261
cs.HC,2014,0,435
cs.HC,2014,1,255
cs.HC,2014,2,329
cs.HC,2014,3,300
cs.HC,2014,4,370
cs.HC,2015,0,520
cs.HC,2015,1,271
cs.HC,2015,2,411
cs.HC,2015,3,471
cs.HC,2015,4,471
cs.HC,2016,0,566
cs.HC,2016,1,413
cs.HC,2016,2,579
cs.HC,2016,3,627
cs.HC,2016,4,610
cs.HC,2017,0,707
cs.HC,2017,1,516
cs.HC,2017,2,796
cs.HC,2017,3,772
cs.HC,2017,4,946
cs.HC,2018,0,981
cs.HC,2018,1,557
cs.HC,2018,2,1189
cs.HC,2018,3,1168
cs.HC,2018,4,1446
cs.HC,2019,0,1472
cs.HC,2019,1,962
cs.HC,2019,2,1706
cs.HC,2019,3,1698
cs.HC,2019,4,2065
cs.HC,2020,0,2029
cs.HC,2020,1,1537
cs.HC,2020,2,2591
cs.HC,2020,3,2669
cs.HC,2020,4,3474
cs.HC,2021,0,2847
cs.HC,2021,1,2506
cs.HC,2021,2,4516
cs.HC,2021,3,4093
cs.HC,2021,4,4198
cs.HC,2022,0,3044
cs.HC,2022,1,3090
cs.HC,2022,2,4864
cs.HC,2022,3,4021
cs.HC,2022,4,5194
cs.HC,2023,0,4379
cs.HC,2023,1,3836
cs.HC,2023,2,6831
cs.HC,2023,3,5924
cs.HC,2023,4,7519
cs.HC,2024,0,4415
cs.HC,2024,1,5649
cs.HC,2024,2,10021
cs.HC,2024,3,6317
cs.HC,2024,4,8238
cs.HC,2025,0,4994
cs.HC,2025,1,5929
cs.HC,2025,2,13327
cs.HC,2025,3,8600
cs.HC,2025,4,9474
cs.HC,2026,0,2502
cs.HC,2026,1,6134
cs.HC,2026,2,10782
cs.IR,1961,0,1
cs.IR,1970,0,5
cs.IR,1971,4,1
cs.IR,1977,4,1
cs.IR,1978,3,1
cs.IR,1982,1,2
cs.IR,1984,0,1
cs.IR,1986,0,1
cs.IR,1988,0,1
cs.IR,1994,3,1
cs.IR,1995,0,1
cs.IR,1996,0,1
cs.IR,1997,0,1
cs.IR,1997,3,1
cs.IR,1997,4,3
cs.IR,1998,0,1
cs.IR,1998,1,1
cs.IR,1998,3,1
cs.IR,1999,0,6
cs.IR,1999,1,2
cs.IR,1999,2,2
cs.IR,1999,3,8
cs.IR,1999,4,7
cs.IR,2000,0,42
cs.IR,2000,1,4
cs.IR,2000,2,10
cs.IR,2000,3,9
cs.IR,2000,4,5
cs.IR,2001,0,67
cs.IR,2001,1,11
cs.IR,2001,2,10
cs.IR,2001,3,14
cs.IR,2001,4,10
cs.IR,2002,0,111
cs.IR,2002,1,8
cs.IR,2002,2,22
cs.IR,2002,3,30
cs.IR,2002,4,42
cs.IR,2003,0,213
cs.IR,2003,1,34
cs.IR,2003,2,56
cs.IR,2003,3,60
cs.IR,2003,4,39
cs.IR,2004,0,350
cs.IR,2004,1,38
cs.IR,2004,2,99
cs.IR,2004,3,87
cs.IR,2004,4,84
cs.IR,2005,0,376
cs.IR,2005,1,55
cs.IR,2005,2,72
cs.IR,2005,3,116
cs.IR,2005,4,89
cs.IR,2006,0,481
cs.IR,2006,1,53
cs.IR,2006,2,137
cs.IR,2006,3,157
cs.IR,2006,4,144
cs.IR,2007,0,368
cs.IR,2007,1,110
cs.IR,2007,2,215
cs.IR,2007,3,281
cs.IR,2007,4,256
cs.IR,2008,0,421
cs.IR,2008,1,157
cs.IR,2008,2,218
cs.IR,2008,3,275
cs.IR,2008,4,314
cs.IR,2009,0,685
cs.IR,2009,1,158
cs.IR,2009,2,245
cs.IR,2009,3,296
cs.IR,2009,4,316
cs.IR,2010,0,598
cs.IR,2010,1,215
cs.IR,2010,2,338
cs.IR,2010,3,490
cs.IR,2010,4,511
cs.IR,2011,0,829
cs.IR,2011,1,318
cs.IR,2011,2,469
cs.IR,2011,3,617
cs.IR,2011,4,627
cs.IR,2012,0,976
cs.IR,2012,1,534
cs.IR,2012,2,637
cs.IR,2012,3,722
cs.IR,2012,4,769
cs.IR,2013,0,1180
cs.IR,2013,1,551
cs.IR,2013,2,794
cs.IR,2013,3,961
cs.IR,2013,4,1040
cs.IR,2014,0,1521
cs.IR,2014,1,689
cs.IR,2014,2,1051
cs.IR,2014,3,1197
cs.IR,2014,4,1235
cs.IR,2015,0,1492
cs.IR,2015,1,753
cs.IR,2015,2,1167
cs.IR,2015,3,1265
cs.IR,2015,4,1433
cs.IR,2016,0,1567
cs.IR,2016,1,945
cs.IR,2016,2,1448
cs.IR,2016,3,1544
cs.IR,2016,4,1706
cs.IR,2017,0,1763
cs.IR,2017,1,1182
cs.IR,2017,2,1591
cs.IR,2017,3,2090
cs.IR,2017,4,2176
cs.IR,2018,0,2469
cs.IR,2018,1,1413
cs.IR,2018,2,2435
cs.IR,2018,3,2541
cs.IR,2018,4,2892
cs.IR,2019,0,3451
cs.IR,2019,1,2131
cs.IR,2019,2,3254
cs.IR,2019,3,4217
cs.IR,2019,4,3943
cs.IR,2020,0,4909
cs.IR,2020,1,2754
cs.IR,2020,2,4417
cs.IR,2020,3,5343
cs.IR,2020,4,5812
cs.IR,2021,0,6101
cs.IR,2021,1,4303
cs.IR,2021,2,6656
cs.IR,2021,3,7727
cs.IR,2021,4,6755
cs.IR,2022,0,5898
cs.IR,2022,1,3915
cs.IR,2022,2,5897
cs.IR,2022,3,6545
cs.IR,2022,4,6914
cs.IR,2023,0,7620
cs.IR,2023,1,4422
cs.IR,2023,2,7343
cs.IR,2023,3,8421
cs.IR,2023,4,9136
cs.IR,2024,0,5565
cs.IR,2024,1,6635
cs.IR,2024,2,7866
cs.IR,2024,3,7132
cs.IR,2024,4,10543
cs.IR,2025,0,4852
cs.IR,2025,1,6208
cs.IR,2025,2,8535
cs.IR,2025,3,8897
cs.IR,2025,4,6769
cs.IR,2026,0,2537
cs.IR,2026,1,3753
cs.IR,2026,2,4070
cs.IT,1920,4,1
cs.IT,1961,0,2
cs.IT,1969,4,1
cs.IT,1970,0,1
cs.IT,1977,3,1
cs.IT,1978,3,1
cs.IT,1979,3,1
cs.IT,1980,0,2
cs.IT,1981,0,1
cs.IT,1981,3,1
cs.IT,1981,4,1
cs.IT,1985,2,1
cs.IT,1985,3,2
cs.IT,1985,4,1
cs.IT,1986,1,2
cs.IT,1986,2,1
cs.IT,1987,0,1
cs.IT,1989,0,2
cs.IT,1989,2,1
cs.IT,1990,0,1
cs.IT,1990,1,1
cs.IT,1991,1,1
cs.IT,1991,2,1
cs.IT,1992,0,2
cs.IT,1992,2,1
cs.IT,1992,4,1
cs.IT,1993,2,1
cs.IT,1993,3,3
cs.IT,1993,4,1
cs.IT,1994,0,1
cs.IT,1994,1,1
cs.IT,1994,2,1
cs.IT,1995,0,1
cs.IT,1995,4,3
cs.IT,1996,0,4
cs.IT,1996,4,1
cs.IT,1997,0,3
cs.IT,1997,1,1
cs.IT,1997,2,1
cs.IT,1998,0,10
cs.IT,1998,1,2
cs.IT,1998,2,1
cs.IT,1998,3,2
cs.IT,1998,4,1
cs.IT,1999,0,11
cs.IT,1999,1,3
cs.IT,1999,2,4
cs.IT,1999,3,6
cs.IT,1999,4,2
cs.IT,2000,0,16
cs.IT,2000,1,2
cs.IT,2000,2,8
cs.IT,2000,3,8
cs.IT,2000,4,12
cs.IT,2001,0,22
cs.IT,2001,1,12
cs.IT,2001,2,14
cs.IT,2001,3,9
cs.IT,2001,4,13
cs.IT,2002,0,31
cs.IT,2002,1,16
cs.IT,2002,2,22
cs.IT,2002,3,17
cs.IT,2002,4,25
cs.IT,2003,0,30
cs.IT,2003,1,11
cs.IT,2003,2,24
cs.IT,2003,3,21
cs.IT,2003,4,15
cs.IT,2004,0,41
cs.IT,2004,1,17
cs.IT,2004,2,29
cs.IT,2004,3,31
cs.IT,2004,4,63
cs.IT,2005,0,181
cs.IT,2005,1,27
cs.IT,2005,2,98
cs.IT,2005,3,74
cs.IT,2005,4,93
cs.IT,2006,0,224
cs.IT,2006,1,136
cs.IT,2006,2,133
cs.IT,2006,3,348
cs.IT,2006,4,226
cs.IT,2007,0,397
cs.IT,2007,1,189
cs.IT,2007,2,579
cs.IT,2007,3,385
cs.IT,2007,4,430
cs.IT,2008,0,703
cs.IT,2008,1,500
cs.IT,2008,2,682
cs.IT,2008,3,1220
cs.IT,2008,4,815
cs.IT,2009,0,1041
cs.IT,2009,1,778
cs.IT,2009,2,1790
cs.IT,2009,3,1212
cs.IT,2009,4,1287
cs.IT,2010,0,1552
cs.IT,2010,1,1061
cs.IT,2010,2,2183
cs.IT,2010,3,1898
cs.IT,2010,4,2175
cs.IT,2011,0,1293
cs.IT,2011,1,1627
cs.IT,2011,2,2729
cs.IT,2011,3,3145
cs.IT,2011,4,3044
cs.IT,2012,0,1775
cs.IT,2012,1,2385
cs.IT,2012,2,2824
cs.IT,2012,3,4099
cs.IT,2012,4,3858
cs.IT,2013,0,2318
cs.IT,2013,1,2820
cs.IT,2013,2,4849
cs.IT,2013,3,5302
cs.IT,2013,4,4548
cs.IT,2014,0,3001
cs.IT,2014,1,3788
cs.IT,2014,2,7203
cs.IT,2014,3,5124
cs.IT,2014,4,7233
cs.IT,2015,0,3469
cs.IT,2015,1,4676
cs.IT,2015,2,8577
cs.IT,2015,3,7167
cs.IT,2015,4,8064
cs.IT,2016,0,4685
cs.IT,2016,1,6357
cs.IT,2016,2,8347
cs.IT,2016,3,11017
cs.IT,2016,4,10366
cs.IT,2017,0,5771
cs.IT,2017,1,8409
cs.IT,2017,2,11411
cs.IT,2017,3,10331
cs.IT,2017,4,13348
cs.IT,2018,0,6659
cs.IT,2018,1,8243
cs.IT,2018,2,14242
cs.IT,2018,3,11609
cs.IT,2018,4,16118
cs.IT,2019,0,8015
cs.IT,2019,1,9712
cs.IT,2019,2,13690
cs.IT,2019,3,14156
cs.IT,2019,4,15023
cs.IT,2020,0,9577
cs.IT,2020,1,10326
cs.IT,2020,2,15663
cs.IT,2020,3,12803
cs.IT,2020,4,14686
cs.IT,2021,0,9155
cs.IT,2021,1,12006
cs.IT,2021,2,15141
cs.IT,2021,3,16215
cs.IT,2021,4,14950
cs.IT,2022,0,8100
cs.IT,2022,1,9995
cs.IT,2022,2,14660
cs.IT,2022,3,12016
cs.IT,2022,4,13986
cs.IT,2023,0,7805
cs.IT,2023,1,10570
cs.IT,2023,2,14470
cs.IT,2023,3,12437
cs.IT,2023,4,14608
cs.IT,2024,0,7193
cs.IT,2024,1,10507
cs.IT,2024,2,12103
cs.IT,2024,3,11798
cs.IT,2024,4,12325
cs.IT,2025,0,6009
cs.IT,2025,1,9794
cs.IT,2025,2,11314
cs.IT,2025,3,9638
cs.IT,2025,4,9528
cs.IT,2026,0,3318
cs.IT,2026,1,3971
cs.IT,2026,2,2952
cs.LG,1900,0,3
cs.LG,1905,0,3
cs.LG,1915,0,1
cs.LG,1920,4,1
cs.LG,1939,0,1
cs.LG,1951,4,1
cs.LG,1956,1,2
cs.LG,1957,0,1
cs.LG,1967,0,3
cs.LG,1970,0,8
cs.LG,1971,0,1
cs.LG,1973,3,1
cs.LG,1974,0,2
cs.LG,1976,1,1
cs.LG,1976,3,1
cs.LG,1977,0,2
cs.LG,1977,4,1
cs.LG,1978,3,1
cs.LG,1981,3,1
cs.LG,1981,4,1
cs.LG,1982,1,2
cs.LG,1982,3,4
cs.LG,1983,4,1
cs.LG,1984,0,1
cs.LG,1985,0,5
cs.LG,1985,2,1
cs.LG,1985,3,6
cs.LG,1986,0,1
cs.LG,1987,0,1
cs.LG,1987,2,1
cs.LG,1987,4,11
cs.LG,1988,0,8
cs.LG,1989,0,1
cs.LG,1989,3,1
cs.LG,1990,0,19
cs.LG,1990,1,1
cs.LG,1991,2,2
cs.LG,1992,0,2
cs.LG,1992,1,2
cs.LG,1992,4,1
cs.LG,1993,0,2
cs.LG,1993,1,3
cs.LG,1993,2,1
cs.LG,1993,4,2
cs.LG,1994,0,2
cs.LG,1994,3,2
cs.LG,1995,0,9
cs.LG,1995,2,3
cs.LG,1995,3,2
cs.LG,1995,4,1
cs.LG,1996,0,12
cs.LG,1996,2,6
cs.LG,1996,3,2
cs.LG,1996,4,1
cs.LG,1997,0,25
cs.LG,1997,1,2
cs.LG,1997,2,6
cs.LG,1997,3,15
cs.LG,1997,4,14
cs.LG,1998,0,63
cs.LG,1998,1,13
cs.LG,1998,2,6
cs.LG,1998,3,10
cs.LG,1998,4,8
cs.LG,1999,0,58
cs.LG,1999,1,10
cs.LG,1999,2,15
cs.LG,1999,3,28
cs.LG,1999,4,27
cs.LG,2000,0,287
cs.LG,2000,1,13
cs.LG,2000,2,44
cs.LG,2000,3,51
cs.LG,2000,4,24
cs.LG,2001,0,222
cs.LG,2001,1,50
cs.LG,2001,2,68
cs.LG,2001,3,80
cs.LG,2001,4,43
cs.LG,2002,0,400
cs.LG,2002,1,25
cs.LG,2002,2,109
cs.LG,2002,3,99
cs.LG,2002,4,146
cs.LG,2003,0,479
cs.LG,2003,1,88
cs.LG,2003,2,168
cs.LG,2003,3,184
cs.LG,2003,4,113
cs.LG,2004,0,751
cs.LG,2004,1,95
cs.LG,2004,2,185
cs.LG,2004,3,219
cs.LG,2004,4,187
cs.LG,2005,0,877
cs.LG,2005,1,148
cs.LG,2005,2,208
cs.LG,2005,3,248
cs.LG,2005,4,232
cs.LG,2006,0,1002
cs.LG,2006,1,193
cs.LG,2006,2,247
cs.LG,2006,3,361
cs.LG,2006,4,312
cs.LG,2007,0,766
cs.LG,2007,1,225
cs.LG,2007,2,428
cs.LG,2007,3,559
cs.LG,2007,4,510
cs.LG,2008,0,914
cs.LG,2008,1,295
cs.LG,2008,2,446
cs.LG,2008,3,546
cs.LG,2008,4,640
cs.LG,2009,0,1224
cs.LG,2009,1,320
cs.LG,2009,2,539
cs.LG,2009,3,575
cs.LG,2009,4,687
cs.LG,2010,0,1174
cs.LG,2010,1,484
cs.LG,2010,2,672
cs.LG,2010,3,947
cs.LG,2010,4,985
cs.LG,2011,0,1353
cs.LG,2011,1,570
cs.LG,2011,2,1057
cs.LG,2011,3,1055
cs.LG,2011,4,1213
cs.LG,2012,0,1853
cs.LG,2012,1,1202
cs.LG,2012,2,1488
cs.LG,2012,3,1355
cs.LG,2012,4,1788
cs.LG,2013,0,2530
cs.LG,2013,1,1237
cs.LG,2013,2,2261
cs.LG,2013,3,2238
cs.LG,2013,4,2915
cs.LG,2014,0,3993
cs.LG,2014,1,1802
cs.LG,2014,2,3612
cs.LG,2014,3,3146
cs.LG,2014,4,4303
cs.LG,2015,0,5290
cs.LG,2015,1,3300
cs.LG,2015,2,5369
cs.LG,2015,3,5533
cs.LG,2015,4,7608
cs.LG,2016,0,8247
cs.LG,2016,1,6134
cs.LG,2016,2,9122
cs.LG,2016,3,8588
cs.LG,2016,4,12025
cs.LG,2017,0,11736
cs.LG,2017,1,10796
cs.LG,2017,2,13613
cs.LG,2017,3,19222
cs.LG,2017,4,22752
cs.LG,2018,0,22189
cs.LG,2018,1,17379
cs.LG,2018,2,32119
cs.LG,2018,3,31472
cs.LG,2018,4,38169
cs.LG,2019,0,36071
cs.LG,2019,1,29736
cs.LG,2019,2,55392
cs.LG,2019,3,56866
cs.LG,2019,4,69209
cs.LG,2020,0,61176
cs.LG,2020,1,53129
cs.LG,2020,2,93186
cs.LG,2020,3,83795
cs.LG,2020,4,105998
cs.LG,2021,0,81884
cs.LG,2021,1,87439
cs.LG,2021,2,142210
cs.LG,2021,3,117192
cs.LG,2021,4,122736
cs.LG,2022,0,75099
cs.LG,2022,1,59673
cs.LG,2022,2,105229
cs.LG,2022,3,89336
cs.LG,2022,4,102129
cs.LG,2023,0,105976
cs.LG,2023,1,75678
cs.LG,2023,2,139844
cs.LG,2023,3,115417
cs.LG,2023,4,136260
cs.LG,2024,0,80912
cs.LG,2024,1,117951
cs.LG,2024,2,132041
cs.LG,2024,3,99801
cs.LG,2024,4,116623
cs.LG,2025,0,65263
cs.LG,2025,1,88567
cs.LG,2025,2,113529
cs.LG,2025,3,93948
cs.LG,2025,4,73364
cs.LG,2026,0,20697
cs.LG,2026,1,46423
cs.LG,2026,2,42246
cs.LO,1957,3,2
cs.LO,1970,0,1
cs.LO,1984,0,2
cs.LO,1985,1,1
cs.LO,1989,0,1
cs.LO,1990,0,4
cs.LO,1990,1,1
cs.LO,1990,3,1
cs.LO,1990,4,1
cs.LO,1991,0,3
cs.LO,1991,3,2
cs.LO,1991,4,1
cs.LO,1992,0,5
cs.LO,1992,1,1
cs.LO,1992,2,6
cs.LO,1992,3,2
cs.LO,1993,0,7
cs.LO,1993,2,2
cs.LO,1993,3,3
cs.LO,1993,4,1
cs.LO,1994,0,10
cs.LO,1994,1,3
cs.LO,1994,2,2
cs.LO,1994,4,1
cs.LO,1995,0,12
cs.LO,1995,1,1
cs.LO,1995,2,2
cs.LO,1995,3,1
cs.LO,1995,4,4
cs.LO,1996,0,9
cs.LO,1996,1,1
cs.LO,1996,2,5
cs.LO,1996,3,2
cs.LO,1996,4,2
cs.LO,1997,0,16
cs.LO,1997,2,1
cs.LO,1997,3,6
cs.LO,1997,4,3
cs.LO,1998,0,36
cs.LO,1998,1,5
cs.LO,1998,2,2
cs.LO,1998,3,8
cs.LO,1998,4,16
cs.LO,1999,0,40
cs.LO,1999,1,2
cs.LO,1999,2,4
cs.LO,1999,3,4
cs.LO,1999,4,5
cs.LO,2000,0,93
cs.LO,2000,1,8
cs.LO,2000,2,3
cs.LO,2000,3,12
cs.LO,2000,4,5
cs.LO,2001,0,85
cs.LO,2001,1,8
cs.LO,2001,2,15
cs.LO,2001,3,10
cs.LO,2001,4,17
cs.LO,2002,0,96
cs.LO,2002,1,9
cs.LO,2002,2,12
cs.LO,2002,3,12
cs.LO,2002,4,54
cs.LO,2003,0,157
cs.LO,2003,1,26
cs.LO,2003,2,29
cs.LO,2003,3,22
cs.LO,2003,4,29
cs.LO,2004,0,182
cs.LO,2004,1,33
cs.LO,2004,2,31
cs.LO,2004,3,43
cs.LO,2004,4,56
cs.LO,2005,0,259
cs.LO,2005,1,47
cs.LO,2005,2,59
cs.LO,2005,3,79
cs.LO,2005,4,68
cs.LO,2006,0,286
cs.LO,2006,1,79
cs.LO,2006,2,85
cs.LO,2006,3,107
cs.LO,2006,4,97
cs.LO,2007,0,274
cs.LO,2007,1,78
cs.LO,2007,2,139
cs.LO,2007,3,196
cs.LO,2007,4,117
cs.LO,2008,0,342
cs.LO,2008,1,111
cs.LO,2008,2,178
cs.LO,2008,3,199
cs.LO,2008,4,133
cs.LO,2009,0,576
cs.LO,2009,1,124
cs.LO,2009,2,129
cs.LO,2009,3,173
cs.LO,2009,4,192
cs.LO,2010,0,604
cs.LO,2010,1,132
cs.LO,2010,2,174
cs.LO,2010,3,245
cs.LO,2010,4,184
cs.LO,2011,0,768
cs.LO,2011,1,237
cs.LO,2011,2,296
cs.LO,2011,3,335
cs.LO,2011,4,252
cs.LO,2012,0,1013
cs.LO,2012,1,290
cs.LO,2012,2,364
cs.LO,2012,3,364
cs.LO,2012,4,342
cs.LO,2013,0,1230
cs.LO,2013,1,316
cs.LO,2013,2,333
cs.LO,2013,3,502
cs.LO,2013,4,462
cs.LO,2014,0,1349
cs.LO,2014,1,388
cs.LO,2014,2,569
cs.LO,2014,3,592
cs.LO,2014,4,605
cs.LO,2015,0,1342
cs.LO,2015,1,483
cs.LO,2015,2,593
cs.LO,2015,3,795
cs.LO,2015,4,687
cs.LO,2016,0,1217
cs.LO,2016,1,671
cs.LO,2016,2,661
cs.LO,2016,3,878
cs.LO,2016,4,703
cs.LO,2017,0,1340
cs.LO,2017,1,517
cs.LO,2017,2,806
cs.LO,2017,3,817
cs.LO,2017,4,767
cs.LO,2018,0,1444
cs.LO,2018,1,691
cs.LO,2018,2,934
cs.LO,2018,3,892
cs.LO,2018,4,851
cs.LO,2019,0,1636
cs.LO,2019,1,1117
cs.LO,2019,2,1161
cs.LO,2019,3,1068
cs.LO,2019,4,1151
cs.LO,2020,0,1648
cs.LO,2020,1,838
cs.LO,2020,2,1196
cs.LO,2020,3,1239
cs.LO,2020,4,1146
cs.LO,2021,0,1770
cs.LO,2021,1,1174
cs.LO,2021,2,1515
cs.LO,2021,3,1378
cs.LO,2021,4,1197
cs.LO,2022,0,1198
cs.LO,2022,1,792
cs.LO,2022,2,939
cs.LO,2022,3,1162
cs.LO,2022,4,839
cs.LO,2023,0,1486
cs.LO,2023,1,1128
cs.LO,2023,2,1231
cs.LO,2023,3,1263
cs.LO,2023,4,1134
cs.LO,2024,0,1250
cs.LO,2024,1,994
cs.LO,2024,2,1126
cs.LO,2024,3,907
cs.LO,2024,4,1098
cs.LO,2025,0,857
cs.LO,2025,1,695
cs.LO,2025,2,941
cs.LO,2025,3,960
cs.LO,2025,4,871
cs.LO,2026,0,487
cs.LO,2026,1,490
cs.LO,2026,2,384
cs.MA,1970,0,2
cs.MA,1971,3,1
cs.MA,1988,3,1
cs.MA,1995,0,2
cs.MA,1996,2,1
cs.MA,1997,0,1
cs.MA,1998,0,7
cs.MA,1998,3,2
cs.MA,1999,0,6
cs.MA,1999,1,4
cs.MA,1999,2,7
cs.MA,1999,3,4
cs.MA,1999,4,3
cs.MA,2000,0,21
cs.MA,2000,1,7
cs.MA,2000,2,5
cs.MA,2000,3,7
cs.MA,2001,0,18
cs.MA,2001,1,2
cs.MA,2001,2,6
cs.MA,2001,3,9
cs.MA,2001,4,1
cs.MA,2002,0,37
cs.MA,2002,1,1
cs.MA,2002,2,13
cs.MA,2002,3,11
cs.MA,2002,4,19
cs.MA,2003,0,50
cs.MA,2003,1,10
cs.MA,2003,2,18
cs.MA,2003,3,20
cs.MA,2003,4,15
cs.MA,2004,0,77
cs.MA,2004,1,14
cs.MA,2004,2,19
cs.MA,2004,3,24
cs.MA,2004,4,15
cs.MA,2005,0,75
cs.MA,2005,1,11
cs.MA,2005,2,17
cs.MA,2005,3,41
cs.MA,2005,4,29
cs.MA,2006,0,92
cs.MA,2006,1,30
cs.MA,2006,2,47
cs.MA,2006,3,37
cs.MA,2006,4,55
cs.MA,2007,0,85
cs.MA,2007,1,43
cs.MA,2007,2,77
cs.MA,2007,3,56
cs.MA,2007,4,61
cs.MA,2008,0,115
cs.MA,2008,1,56
cs.MA,2008,2,84
cs.MA,2008,3,77
cs.MA,2008,4,69
cs.MA,2009,0,160
cs.MA,2009,1,60
cs.MA,2009,2,95
cs.MA,2009,3,77
cs.MA,2009,4,98
cs.MA,2010,0,201
cs.MA,2010,1,51
cs.MA,2010,2,136
cs.MA,2010,3,120
cs.MA,2010,4,95
cs.MA,2011,0,224
cs.MA,2011,1,74
cs.MA,2011,2,164
cs.MA,2011,3,139
cs.MA,2011,4,188
cs.MA,2012,0,210
cs.MA,2012,1,140
cs.MA,2012,2,162
cs.MA,2012,3,186
cs.MA,2012,4,179
cs.MA,2013,0,264
cs.MA,2013,1,133
cs.MA,2013,2,242
cs.MA,2013,3,210
cs.MA,2013,4,239
cs.MA,2014,0,306
cs.MA,2014,1,151
cs.MA,2014,2,278
cs.MA,2014,3,233
cs.MA,2014,4,273
cs.MA,2015,0,298
cs.MA,2015,1,199
cs.MA,2015,2,239
cs.MA,2015,3,294
cs.MA,2015,4,288
cs.MA,2016,0,292
cs.MA,2016,1,246
cs.MA,2016,2,271
cs.MA,2016,3,352
cs.MA,2016,4,383
cs.MA,2017,0,299
cs.MA,2017,1,306
cs.MA,2017,2,362
cs.MA,2017,3,407
cs.MA,2017,4,503
cs.MA,2018,0,451
cs.MA,2018,1,346
cs.MA,2018,2,530
cs.MA,2018,3,538
cs.MA,2018,4,648
cs.MA,2019,0,586
cs.MA,2019,1,464
cs.MA,2019,2,844
cs.MA,2019,3,868
cs.MA,2019,4,1046
cs.MA,2020,0,938
cs.MA,2020,1,767
cs.MA,2020,2,1405
cs.MA,2020,3,1236
cs.MA,2020,4,1661
cs.MA,2021,0,1166
cs.MA,2021,1,1273
cs.MA,2021,2,2214
cs.MA,2021,3,1889
cs.MA,2021,4,1795
cs.MA,2022,0,1095
cs.MA,2022,1,1059
cs.MA,2022,2,1662
cs.MA,2022,3,1552
cs.MA,2022,4,1895
cs.MA,2023,0,1279
cs.MA,2023,1,1228
cs.MA,2023,2,2168
cs.MA,2023,3,2094
cs.MA,2023,4,2018
cs.MA,2024,0,1348
cs.MA,2024,1,1936
cs.MA,2024,2,2131
cs.MA,2024,3,1563
cs.MA,2024,4,1851
cs.MA,2025,0,1280
cs.MA,2025,1,1462
cs.MA,2025,2,2086
cs.MA,2025,3,1770
cs.MA,2025,4,1445
cs.MA,2026,0,542
cs.MA,2026,1,1083
cs.MA,2026,2,837
cs.MM,1961,0,1
cs.MM,1970,0,1
cs.MM,1994,3,1
cs.MM,1999,0,2
cs.MM,1999,2,1
cs.MM,2000,0,7
cs.MM,2000,1,1
cs.MM,2000,2,1
cs.MM,2000,4,1
cs.MM,2001,0,6
cs.MM,2001,2,1
cs.MM,2002,0,3
cs.MM,2002,1,1
cs.MM,2002,3,5
cs.MM,2002,4,9
cs.MM,2003,0,11
cs.MM,2003,1,2
cs.MM,2003,2,2
cs.MM,2003,3,2
cs.MM,2003,4,7
cs.MM,2004,0,9
cs.MM,2004,1,2
cs.MM,2004,2,4
cs.MM,2004,3,6
cs.MM,2004,4,1
cs.MM,2005,0,11
cs.MM,2005,1,2
cs.MM,2005,2,9
cs.MM,2005,3,4
cs.MM,2005,4,3
cs.MM,2006,0,19
cs.MM,2006,1,4
cs.MM,2006,2,15
cs.MM,2006,3,12
cs.MM,2006,4,9
cs.MM,2007,0,25
cs.MM,2007,1,4
cs.MM,2007,2,9
cs.MM,2007,3,22
cs.MM,2007,4,14
cs.MM,2008,0,42
cs.MM,2008,1,9
cs.MM,2008,2,30
cs.MM,2008,3,20
cs.MM,2008,4,26
cs.MM,2009,0,54
cs.MM,2009,1,16
cs.MM,2009,2,24
cs.MM,2009,3,27
cs.MM,2009,4,41
cs.MM,2010,0,69
cs.MM,2010,1,24
cs.MM,2010,2,53
cs.MM,2010,3,52
cs.MM,2010,4,68
cs.MM,2011,0,81
cs.MM,2011,1,35
cs.MM,2011,2,54
cs.MM,2011,3,58
cs.MM,2011,4,67
cs.MM,2012,0,107
cs.MM,2012,1,83
cs.MM,2012,2,87
cs.MM,2012,3,111
cs.MM,2012,4,130
cs.MM,2013,0,170
cs.MM,2013,1,95
cs.MM,2013,2,136
cs.MM,2013,3,150
cs.MM,2013,4,175
cs.MM,2014,0,178
cs.MM,2014,1,128
cs.MM,2014,2,208
cs.MM,2014,3,199
cs.MM,2014,4,254
cs.MM,2015,0,211
cs.MM,2015,1,192
cs.MM,2015,2,248
cs.MM,2015,3,257
cs.MM,2015,4,346
cs.MM,2016,0,254
cs.MM,2016,1,296
cs.MM,2016,2,367
cs.MM,2016,3,438
cs.MM,2016,4,484
cs.MM,2017,0,339
cs.MM,2017,1,343
cs.MM,2017,2,501
cs.MM,2017,3,604
cs.MM,2017,4,700
cs.MM,2018,0,485
cs.MM,2018,1,464
cs.MM,2018,2,814
cs.MM,2018,3,757
cs.MM,2018,4,938
cs.MM,2019,0,723
cs.MM,2019,1,614
cs.MM,2019,2,984
cs.MM,2019,3,975
cs.MM,2019,4,1289
cs.MM,2020,0,1155
cs.MM,2020,1,802
cs.MM,2020,2,1346
cs.MM,2020,3,1211
cs.MM,2020,4,1586
cs.MM,2021,0,1463
cs.MM,2021,1,1205
cs.MM,2021,2,1992
cs.MM,2021,3,1751
cs.MM,2021,4,2161
cs.MM,2022,0,1622
cs.MM,2022,1,1142
cs.MM,2022,2,2021
cs.MM,2022,3,1738
cs.MM,2022,4,2198
cs.MM,2023,0,2318
cs.MM,2023,1,1317
cs.MM,2023,2,2864
cs.MM,2023,3,2160
cs.MM,2023,4,3323
cs.MM,2024,0,2198
cs.MM,2024,1,2928
cs.MM,2024,2,3052
cs.MM,2024,3,2098
cs.MM,2024,4,3272
cs.MM,2025,0,2084
cs.MM,2025,1,2107
cs.MM,2025,2,2667
cs.MM,2025,3,2205
cs.MM,2025,4,2269
cs.MM,2026,0,659
cs.MM,2026,1,1068
cs.MM,2026,2,1200
cs.MS,1961,4,1
cs.MS,1967,0,1
cs.MS,1981,3,2
cs.MS,1984,0,1
cs.MS,1989,0,1
cs.MS,1991,2,1
cs.MS,1992,0,2
cs.MS,1993,0,1
cs.MS,1993,2,1
cs.MS,1994,3,1
cs.MS,1995,0,1
cs.MS,1995,2,1
cs.MS,1995,4,1
cs.MS,1996,0,2
cs.MS,1996,2,1
cs.MS,1996,4,1
cs.MS,1997,0,3
cs.MS,1997,1,1
cs.MS,1997,2,1
cs.MS,1998,0,4
cs.MS,1998,2,2
cs.MS,1998,3,2
cs.MS,1998,4,1
cs.MS,1999,0,3
cs.MS,1999,2,1
cs.MS,1999,3,1
cs.MS,1999,4,1
cs.MS,2000,0,7
cs.MS,2000,2,1
cs.MS,2000,3,1
cs.MS,2000,4,1
cs.MS,2001,0,6
cs.MS,2001,1,2
cs.MS,2001,3,1
cs.MS,2001,4,2
cs.MS,2002,0,9
cs.MS,2002,1,2
cs.MS,2002,2,5
cs.MS,2002,3,1
cs.MS,2002,4,8
cs.MS,2003,0,3
cs.MS,2003,1,5
cs.MS,2003,2,2
cs.MS,2003,3,8
cs.MS,2003,4,1
cs.MS,2004,0,7
cs.MS,2004,1,2
cs.MS,2004,2,4
cs.MS,2004,3,4
cs.MS,2004,4,1
cs.MS,2005,0,6
cs.MS,2005,1,4
cs.MS,2005,2,4
cs.MS,2005,3,5
cs.MS,2005,4,4
cs.MS,2006,0,15
cs.MS,2006,1,6
cs.MS,2006,2,9
cs.MS,2006,3,5
cs.MS,2006,4,5
cs.MS,2007,0,6
cs.MS,2007,1,9
cs.MS,2007,2,2
cs.MS,2007,3,11
cs.MS,2007,4,10
cs.MS,2008,0,17
cs.MS,2008,1,11
cs.MS,2008,2,20
cs.MS,2008,3,13
cs.MS,2008,4,12
cs.MS,2009,0,29
cs.MS,2009,1,14
cs.MS,2009,2,22
cs.MS,2009,3,17
cs.MS,2009,4,25
cs.MS,2010,0,41
cs.MS,2010,1,13
cs.MS,2010,2,27
cs.MS,2010,3,32
cs.MS,2010,4,36
cs.MS,2011,0,56
cs.MS,2011,1,41
cs.MS,2011,2,70
cs.MS,2011,3,65
cs.MS,2011,4,74
cs.MS,2012,0,127
cs.MS,2012,1,45
cs.MS,2012,2,81
cs.MS,2012,3,119
cs.MS,2012,4,117
cs.MS,2013,0,223
cs.MS,2013,1,90
cs.MS,2013,2,163
cs.MS,2013,3,182
cs.MS,2013,4,202
cs.MS,2014,0,403
cs.MS,2014,1,173
cs.MS,2014,2,276
cs.MS,2014,3,308
cs.MS,2014,4,369
cs.MS,2015,0,652
cs.MS,2015,1,275
cs.MS,2015,2,487
cs.MS,2015,3,504
cs.MS,2015,4,615
cs.MS,2016,0,776
cs.MS,2016,1,536
cs.MS,2016,2,787
cs.MS,2016,3,798
cs.MS,2016,4,1072
cs.MS,2017,0,884
cs.MS,2017,1,827
cs.MS,2017,2,1165
cs.MS,2017,3,1317
cs.MS,2017,4,1474
cs.MS,2018,0,1227
cs.MS,2018,1,1276
cs.MS,2018,2,1730
cs.MS,2018,3,1871
cs.MS,2018,4,2053
cs.MS,2019,0,1537
cs.MS,2019,1,1667
cs.MS,2019,2,2277
cs.MS,2019,3,2440
cs.MS,2019,4,2887
cs.MS,2020,0,2525
cs.MS,2020,1,2386
cs.MS,2020,2,3652
cs.MS,2020,3,3976
cs.MS,2020,4,5102
cs.MS,2021,0,3170
cs.MS,2021,1,4449
cs.MS,2021,2,5997
cs.MS,2021,3,5631
cs.MS,2021,4,5699
cs.MS,2022,0,2410
cs.MS,2022,1,3655
cs.MS,2022,2,4469
cs.MS,2022,3,4290
cs.MS,2022,4,4771
cs.MS,2023,0,2382
cs.MS,2023,1,4091
cs.MS,2023,2,4802
cs.MS,2023,3,4856
cs.MS,2023,4,5072
cs.MS,2024,0,1977
cs.MS,2024,1,4399
cs.MS,2024,2,4928
cs.MS,2024,3,4733
cs.MS,2024,4,5062
cs.MS,2025,0,1432
cs.MS,2025,1,4028
cs.MS,2025,2,4025
cs.MS,2025,3,3395
cs.MS,2025,4,3128
cs.MS,2026,0,523
cs.MS,2026,1,2583
cs.MS,2026,2,2084
cs.NA,1900,0,1
cs.NA,1956,2,1
cs.NA,1973,0,1
cs.NA,1977,0,1
cs.NA,1982,4,1
cs.NA,1984,3,1
cs.NA,1987,1,1
cs.NA,1987,2,1
cs.NA,1988,0,1
cs.NA,1988,3,1
cs.NA,1989,0,2
cs.NA,1989,2,1
cs.NA,1990,4,1
cs.NA,1991,0,2
cs.NA,1991,4,1
cs.NA,1992,0,4
cs.NA,1992,2,1
cs.NA,1992,4,2
cs.NA,1993,0,1
cs.NA,1993,2,1
cs.NA,1993,4,2
cs.NA,1994,0,2
cs.NA,1994,1,2
cs.NA,1994,2,1
cs.NA,1994,3,2
cs.NA,1994,4,2
cs.NA,1995,0,10
cs.NA,1995,1,2
cs.NA,1995,2,3
cs.NA,1995,3,3
cs.NA,1995,4,14
cs.NA,1996,0,4
cs.NA,1996,1,3
cs.NA,1996,2,9
cs.NA,1996,3,2
cs.NA,1996,4,8
cs.NA,1997,0,12
cs.NA,1997,1,8
cs.NA,1997,2,1
cs.NA,1997,3,2
cs.NA,1997,4,1
cs.NA,1998,0,13
cs.NA,1998,1,10
cs.NA,1998,2,5
cs.NA,1998,3,11
cs.NA,1998,4,6
cs.NA,1999,0,21
cs.NA,1999,1,2
cs.NA,1999,2,10
cs.NA,1999,3,16
cs.NA,1999,4,17
cs.NA,2000,0,64
cs.NA,2000,1,4
cs.NA,2000,2,21
cs.NA,2000,3,36
cs.NA,2000,4,20
cs.NA,2001,0,80
cs.NA,2001,1,19
cs.NA,2001,2,46
cs.NA,2001,3,29
cs.NA,2001,4,27
cs.NA,2002,0,33
cs.NA,2002,1,26
cs.NA,2002,2,32
cs.NA,2002,3,43
cs.NA,2002,4,54
cs.NA,2003,0,92
cs.NA,2003,1,40
cs.NA,2003,2,41
cs.NA,2003,3,43
cs.NA,2003,4,55
cs.NA,2004,0,92
cs.NA,2004,1,57
cs.NA,2004,2,66
cs.NA,2004,3,57
cs.NA,2004,4,68
cs.NA,2005,0,114
cs.NA,2005,1,66
cs.NA,2005,2,71
cs.NA,2005,3,90
cs.NA,2005,4,85
cs.NA,2006,0,149
cs.NA,2006,1,86
cs.NA,2006,2,105
cs.NA,2006,3,117
cs.NA,2006,4,124
cs.NA,2007,0,208
cs.NA,2007,1,154
cs.NA,2007,2,186
cs.NA,2007,3,172
cs.NA,2007,4,190
cs.NA,2008,0,241
cs.NA,2008,1,179
cs.NA,2008,2,206
cs.NA,2008,3,243
cs.NA,2008,4,243
cs.NA,2009,0,396
cs.NA,2009,1,213
cs.NA,2009,2,278
cs.NA,2009,3,304
cs.NA,2009,4,369
cs.NA,2010,0,463
cs.NA,2010,1,336
cs.NA,2010,2,393
cs.NA,2010,3,444
cs.NA,2010,4,595
cs.NA,2011,0,655
cs.NA,2011,1,423
cs.NA,2011,2,693
cs.NA,2011,3,747
cs.NA,2011,4,784
cs.NA,2012,0,913
cs.NA,2012,1,672
cs.NA,2012,2,762
cs.NA,2012,3,970
cs.NA,2012,4,1118
cs.NA,2013,0,1306
cs.NA,2013,1,862
cs.NA,2013,2,1249
cs.NA,2013,3,1408
cs.NA,2013,4,1480
cs.NA,2014,0,1742
cs.NA,2014,1,1307
cs.NA,2014,2,1737
cs.NA,2014,3,1746
cs.NA,2014,4,1962
cs.NA,2015,0,2175
cs.NA,2015,1,1838
cs.NA,2015,2,2217
cs.NA,2015,3,2330
cs.NA,2015,4,2413
cs.NA,2016,0,2506
cs.NA,2016,1,2375
cs.NA,2016,2,2817
cs.NA,2016,3,3031
cs.NA,2016,4,3229
cs.NA,2017,0,2857
cs.NA,2017,1,3015
cs.NA,2017,2,3349
cs.NA,2017,3,3676
cs.NA,2017,4,3588
cs.NA,2018,0,3153
cs.NA,2018,1,3642
cs.NA,2018,2,4274
cs.NA,2018,3,4311
cs.NA,2018,4,4596
cs.NA,2019,0,3558
cs.NA,2019,1,4954
cs.NA,2019,2,5384
cs.NA,2019,3,5674
cs.NA,2019,4,6316
cs.NA,2020,0,5015
cs.NA,2020,1,5838
cs.NA,2020,2,6995
cs.NA,2020,3,7495
cs.NA,2020,4,7437
cs.NA,2021,0,5752
cs.NA,2021,1,7643
cs.NA,2021,2,8890
cs.NA,2021,3,8770
cs.NA,2021,4,8361
cs.NA,2022,0,4462
cs.NA,2022,1,7032
cs.NA,2022,2,8217
cs.NA,2022,3,8144
cs.NA,2022,4,8650
cs.NA,2023,0,4514
cs.NA,2023,1,7711
cs.NA,2023,2,8660
cs.NA,2023,3,8928
cs.NA,2023,4,8768
cs.NA,2024,0,5311
cs.NA,2024,1,8247
cs.NA,2024,2,8436
cs.NA,2024,3,8260
cs.NA,2024,4,8499
cs.NA,2025,0,4984
cs.NA,2025,1,7605
cs.NA,2025,2,8179
cs.NA,2025,3,7974
cs.NA,2025,4,6975
cs.NA,2026,0,2147
cs.NA,2026,1,6519
cs.NA,2026,2,4803
cs.NE,1905,0,1
cs.NE,1939,0,1
cs.NE,1963,2,1
cs.NE,1969,4,3
cs.NE,1970,0,1
cs.NE,1971,0,1
cs.NE,1974,0,1
cs.NE,1976,1,1
cs.NE,1977,0,1
cs.NE,1982,3,2
cs.NE,1985,0,3
cs.NE,1985,3,1
cs.NE,1987,4,1
cs.NE,1988,0,2
cs.NE,1990,0,3
cs.NE,1993,1,1
cs.NE,1995,0,2
cs.NE,1995,4,1
cs.NE,1996,0,1
cs.NE,1996,2,3
cs.NE,1997,0,3
cs.NE,1997,2,2
cs.NE,1997,3,3
cs.NE,1997,4,2
cs.NE,1998,0,14
cs.NE,1998,1,1
cs.NE,1998,2,2
cs.NE,1998,4,3
cs.NE,1999,0,6
cs.NE,1999,1,2
cs.NE,1999,2,3
cs.NE,2000,0,45
cs.NE,2000,1,6
cs.NE,2000,2,6
cs.NE,2000,3,4
cs.NE,2000,4,3
cs.NE,2001,0,29
cs.NE,2001,1,5
cs.NE,2001,2,7
cs.NE,2001,3,7
cs.NE,2001,4,13
cs.NE,2002,0,47
cs.NE,2002,1,5
cs.NE,2002,2,28
cs.NE,2002,3,16
cs.NE,2002,4,30
cs.NE,2003,0,54
cs.NE,2003,1,10
cs.NE,2003,2,46
cs.NE,2003,3,21
cs.NE,2003,4,8
cs.NE,2004,0,59
cs.NE,2004,1,23
cs.NE,2004,2,34
cs.NE,2004,3,33
cs.NE,2004,4,31
cs.NE,2005,0,97
cs.NE,2005,1,22
cs.NE,2005,2,46
cs.NE,2005,3,37
cs.NE,2005,4,52
cs.NE,2006,0,142
cs.NE,2006,1,48
cs.NE,2006,2,58
cs.NE,2006,3,89
cs.NE,2006,4,64
cs.NE,2007,0,136
cs.NE,2007,1,42
cs.NE,2007,2,74
cs.NE,2007,3,151
cs.NE,2007,4,95
cs.NE,2008,0,164
cs.NE,2008,1,55
cs.NE,2008,2,121
cs.NE,2008,3,131
cs.NE,2008,4,102
cs.NE,2009,0,227
cs.NE,2009,1,120
cs.NE,2009,2,122
cs.NE,2009,3,143
cs.NE,2009,4,154
cs.NE,2010,0,205
cs.NE,2010,1,84
cs.NE,2010,2,133
cs.NE,2010,3,198
cs.NE,2010,4,174
cs.NE,2011,0,246
cs.NE,2011,1,127
cs.NE,2011,2,179
cs.NE,2011,3,200
cs.NE,2011,4,183
cs.NE,2012,0,287
cs.NE,2012,1,215
cs.NE,2012,2,244
cs.NE,2012,3,292
cs.NE,2012,4,270
cs.NE,2013,0,389
cs.NE,2013,1,180
cs.NE,2013,2,324
cs.NE,2013,3,385
cs.NE,2013,4,435
cs.NE,2014,0,678
cs.NE,2014,1,299
cs.NE,2014,2,494
cs.NE,2014,3,641
cs.NE,2014,4,821
cs.NE,2015,0,970
cs.NE,2015,1,595
cs.NE,2015,2,1151
cs.NE,2015,3,1300
cs.NE,2015,4,2015
cs.NE,2016,0,2314
cs.NE,2016,1,1702
cs.NE,2016,2,2543
cs.NE,2016,3,2572
cs.NE,2016,4,3657
cs.NE,2017,0,3345
cs.NE,2017,1,3105
cs.NE,2017,2,4093
cs.NE,2017,3,5910
cs.NE,2017,4,6766
cs.NE,2018,0,6380
cs.NE,2018,1,4683
cs.NE,2018,2,8697
cs.NE,2018,3,8638
cs.NE,2018,4,9806
cs.NE,2019,0,8759
cs.NE,2019,1,6794
cs.NE,2019,2,12450
cs.NE,2019,3,13030
cs.NE,2019,4,14558
cs.NE,2020,0,12050
cs.NE,2020,1,10284
cs.NE,2020,2,16551
cs.NE,2020,3,14980
cs.NE,2020,4,17309
cs.NE,2021,0,13003
cs.NE,2021,1,14344
cs.NE,2021,2,21162
cs.NE,2021,3,17399
cs.NE,2021,4,17302
cs.NE,2022,0,9751
cs.NE,2022,1,9217
cs.NE,2022,2,14000
cs.NE,2022,3,12634
cs.NE,2022,4,12960
cs.NE,2023,0,11553
cs.NE,2023,1,9638
cs.NE,2023,2,15850
cs.NE,2023,3,13381
cs.NE,2023,4,14344
cs.NE,2024,0,8393
cs.NE,2024,1,11629
cs.NE,2024,2,13050
cs.NE,2024,3,10596
cs.NE,2024,4,10010
cs.NE,2025,0,6056
cs.NE,2025,1,8364
cs.NE,2025,2,9282
cs.NE,2025,3,8661
cs.NE,2025,4,6456
cs.NE,2026,0,1827
cs.NE,2026,1,4482
cs.NE,2026,2,3607
cs.NI,1928,0,1
cs.NI,1969,4,1
cs.NI,1970,0,1
cs.NI,1982,3,1
cs.NI,1984,0,2
cs.NI,1987,0,1
cs.NI,1987,3,1
cs.NI,1988,0,2
cs.NI,1988,3,7
cs.NI,1988,4,2
cs.NI,1989,0,1
cs.NI,1989,2,3
cs.NI,1989,3,4
cs.NI,1989,4,3
cs.NI,1990,0,9
cs.NI,1990,2,7
cs.NI,1990,3,5
cs.NI,1990,4,1
cs.NI,1991,0,14
cs.NI,1991,1,5
cs.NI,1991,2,5
cs.NI,1991,3,9
cs.NI,1991,4,5
cs.NI,1992,0,14
cs.NI,1992,1,1
cs.NI,1992,2,7
cs.NI,1992,3,4
cs.NI,1992,4,8
cs.NI,1993,0,19
cs.NI,1993,1,2
cs.NI,1993,2,2
cs.NI,1993,3,4
cs.NI,1993,4,11
cs.NI,1994,0,30
cs.NI,1994,1,7
cs.NI,1994,2,8
cs.NI,1994,3,4
cs.NI,1994,4,10
cs.NI,1995,0,20
cs.NI,1995,1,5
cs.NI,1995,2,9
cs.NI,1995,3,2
cs.NI,1995,4,3
cs.NI,1996,0,9
cs.NI,1996,1,4
cs.NI,1996,2,9
cs.NI,1996,3,4
cs.NI,1996,4,6
cs.NI,1997,0,21
cs.NI,1997,1,2
cs.NI,1997,2,5
cs.NI,1997,3,5
cs.NI,1997,4,10
cs.NI,1998,0,24
cs.NI,1998,1,4
cs.NI,1998,2,7
cs.NI,1998,3,17
cs.NI,1998,4,8
cs.NI,1999,0,42
cs.NI,1999,1,6
cs.NI,1999,2,28
cs.NI,1999,3,30
cs.NI,1999,4,15
cs.NI,2000,0,96
cs.NI,2000,1,17
cs.NI,2000,2,25
cs.NI,2000,3,27
cs.NI,2000,4,26
cs.NI,2001,0,73
cs.NI,2001,1,8
cs.NI,2001,2,32
cs.NI,2001,3,44
cs.NI,2001,4,39
cs.NI,2002,0,125
cs.NI,2002,1,48
cs.NI,2002,2,77
cs.NI,2002,3,87
cs.NI,2002,4,364
cs.NI,2003,0,215
cs.NI,2003,1,165
cs.NI,2003,2,166
cs.NI,2003,3,142
cs.NI,2003,4,133
cs.NI,2004,0,336
cs.NI,2004,1,202
cs.NI,2004,2,209
cs.NI,2004,3,205
cs.NI,2004,4,223
cs.NI,2005,0,467
cs.NI,2005,1,220
cs.NI,2005,2,282
cs.NI,2005,3,284
cs.NI,2005,4,334
cs.NI,2006,0,603
cs.NI,2006,1,302
cs.NI,2006,2,308
cs.NI,2006,3,399
cs.NI,2006,4,418
cs.NI,2007,0,529
cs.NI,2007,1,310
cs.NI,2007,2,649
cs.NI,2007,3,546
cs.NI,2007,4,527
cs.NI,2008,0,709
cs.NI,2008,1,403
cs.NI,2008,2,639
cs.NI,2008,3,665
cs.NI,2008,4,665
cs.NI,2009,0,1033
cs.NI,2009,1,437
cs.NI,2009,2,811
cs.NI,2009,3,759
cs.NI,2009,4,883
cs.NI,2010,0,1035
cs.NI,2010,1,622
cs.NI,2010,2,925
cs.NI,2010,3,1102
cs.NI,2010,4,1158
cs.NI,2011,0,1049
cs.NI,2011,1,758
cs.NI,2011,2,1336
cs.NI,2011,3,1242
cs.NI,2011,4,1541
cs.NI,2012,0,1314
cs.NI,2012,1,1070
cs.NI,2012,2,1472
cs.NI,2012,3,1625
cs.NI,2012,4,1795
cs.NI,2013,0,1715
cs.NI,2013,1,1155
cs.NI,2013,2,2067
cs.NI,2013,3,2162
cs.NI,2013,4,2062
cs.NI,2014,0,1738
cs.NI,2014,1,1456
cs.NI,2014,2,2573
cs.NI,2014,3,2196
cs.NI,2014,4,2763
cs.NI,2015,0,1936
cs.NI,2015,1,1825
cs.NI,2015,2,2978
cs.NI,2015,3,2735
cs.NI,2015,4,3207
cs.NI,2016,0,2492
cs.NI,2016,1,2243
cs.NI,2016,2,3640
cs.NI,2016,3,3736
cs.NI,2016,4,4140
cs.NI,2017,0,2717
cs.NI,2017,1,2900
cs.NI,2017,2,4292
cs.NI,2017,3,4150
cs.NI,2017,4,5508
cs.NI,2018,0,3601
cs.NI,2018,1,3154
cs.NI,2018,2,5822
cs.NI,2018,3,4961
cs.NI,2018,4,6277
cs.NI,2019,0,4574
cs.NI,2019,1,3950
cs.NI,2019,2,6289
cs.NI,2019,3,5690
cs.NI,2019,4,7151
cs.NI,2020,0,5579
cs.NI,2020,1,4383
cs.NI,2020,2,6987
cs.NI,2020,3,6843
cs.NI,2020,4,8159
cs.NI,2021,0,6015
cs.NI,2021,1,6049
cs.NI,2021,2,7727
cs.NI,2021,3,7486
cs.NI,2021,4,8644
cs.NI,2022,0,5280
cs.NI,2022,1,5500
cs.NI,2022,2,8116
cs.NI,2022,3,6853
cs.NI,2022,4,8525
cs.NI,2023,0,5226
cs.NI,2023,1,5818
cs.NI,2023,2,7830
cs.NI,2023,3,7135
cs.NI,2023,4,9016
cs.NI,2024,0,5231
cs.NI,2024,1,5661
cs.NI,2024,2,7703
cs.NI,2024,3,6215
cs.NI,2024,4,7185
cs.NI,2025,0,4246
cs.NI,2025,1,4931
cs.NI,2025,2,6626
cs.NI,2025,3,5799
cs.NI,2025,4,6193
cs.NI,2026,0,2036
cs.NI,2026,1,2707
cs.NI,2026,2,2283
cs.OH,1980,4,1
cs.OH,1988,0,1
cs.OH,1991,0,1
cs.OH,1997,0,1
cs.OH,1999,1,2
cs.OH,1999,4,1
cs.OH,2000,0,9
cs.OH,2000,1,1
cs.OH,2000,3,1
cs.OH,2001,0,9
cs.OH,2001,1,3
cs.OH,2001,2,1
cs.OH,2001,4,4
cs.OH,2002,0,9
cs.OH,2002,1,7
cs.OH,2002,2,2
cs.OH,2002,3,7
cs.OH,2002,4,4
cs.OH,2003,0,20
cs.OH,2003,1,5
cs.OH,2003,2,9
cs.OH,2003,3,2
cs.OH,2003,4,10
cs.OH,2004,0,10
cs.OH,2004,1,5
cs.OH,2004,2,6
cs.OH,2004,3,7
cs.OH,2004,4,9
cs.OH,2005,0,26
cs.OH,2005,1,5
cs.OH,2005,2,11
cs.OH,2005,3,7
cs.OH,2005,4,11
cs.OH,2006,0,21
cs.OH,2006,1,14
cs.OH,2006,2,11
cs.OH,2006,3,8
cs.OH,2006,4,25
cs.OH,2007,0,28
cs.OH,2007,1,10
cs.OH,2007,2,31
cs.OH,2007,3,22
cs.OH,2007,4,19
cs.OH,2008,0,38
cs.OH,2008,1,22
cs.OH,2008,2,27
cs.OH,2008,3,26
cs.OH,2008,4,33
cs.OH,2009,0,51
cs.OH,2009,1,24
cs.OH,2009,2,39
cs.OH,2009,3,24
cs.OH,2009,4,45
cs.OH,2010,0,46
cs.OH,2010,1,34
cs.OH,2010,2,44
cs.OH,2010,3,47
cs.OH,2010,4,55
cs.OH,2011,0,84
cs.OH,2011,1,35
cs.OH,2011,2,71
cs.OH,2011,3,55
cs.OH,2011,4,78
cs.OH,2012,0,105
cs.OH,2012,1,74
cs.OH,2012,2,98
cs.OH,2012,3,77
cs.OH,2012,4,105
cs.OH,2013,0,135
cs.OH,2013,1,69
cs.OH,2013,2,99
cs.OH,2013,3,99
cs.OH,2013,4,127
cs.OH,2014,0,168
cs.OH,2014,1,80
cs.OH,2014,2,139
cs.OH,2014,3,121
cs.OH,2014,4,150
cs.OH,2015,0,152
cs.OH,2015,1,103
cs.OH,2015,2,165
cs.OH,2015,3,143
cs.OH,2015,4,186
cs.OH,2016,0,146
cs.OH,2016,1,134
cs.OH,2016,2,157
cs.OH,2016,3,193
cs.OH,2016,4,207
cs.OH,2017,0,156
cs.OH,2017,1,158
cs.OH,2017,2,221
cs.OH,2017,3,212
cs.OH,2017,4,249
cs.OH,2018,0,169
cs.OH,2018,1,177
cs.OH,2018,2,230
cs.OH,2018,3,268
cs.OH,2018,4,291
cs.OH,2019,0,214
cs.OH,2019,1,190
cs.OH,2019,2,288
cs.OH,2019,3,274
cs.OH,2019,4,323
cs.OH,2020,0,195
cs.OH,2020,1,206
cs.OH,2020,2,286
cs.OH,2020,3,321
cs.OH,2020,4,329
cs.OH,2021,0,267
cs.OH,2021,1,298
cs.OH,2021,2,354
cs.OH,2021,3,391
cs.OH,2021,4,328
cs.OH,2022,0,231
cs.OH,2022,1,253
cs.OH,2022,2,321
cs.OH,2022,3,282
cs.OH,2022,4,370
cs.OH,2023,0,234
cs.OH,2023,1,265
cs.OH,2023,2,351
cs.OH,2023,3,292
cs.OH,2023,4,372
cs.OH,2024,0,246
cs.OH,2024,1,260
cs.OH,2024,2,277
cs.OH,2024,3,284
cs.OH,2024,4,307
cs.OH,2025,0,217
cs.OH,2025,1,224
cs.OH,2025,2,269
cs.OH,2025,3,252
cs.OH,2025,4,225
cs.OH,2026,0,78
cs.OH,2026,1,152
cs.OH,2026,2,123
cs.OS,1988,2,1
cs.OS,1989,3,1
cs.OS,1990,0,1
cs.OS,1999,2,1
cs.OS,2000,0,1
cs.OS,2000,2,2
cs.OS,2001,1,1
cs.OS,2002,0,1
cs.OS,2003,1,1
cs.OS,2003,2,2
cs.OS,2003,3,1
cs.OS,2004,1,1
cs.OS,2004,3,3
cs.OS,2004,4,1
cs.OS,2005,0,13
cs.OS,2005,1,2
cs.OS,2005,2,13
cs.OS,2005,3,3
cs.OS,2005,4,7
cs.OS,2006,0,20
cs.OS,2006,1,1
cs.OS,2006,2,4
cs.OS,2006,3,12
cs.OS,2006,4,8
cs.OS,2007,0,18
cs.OS,2007,1,4
cs.OS,2007,2,21
cs.OS,2007,3,16
cs.OS,2007,4,7
cs.OS,2008,0,28
cs.OS,2008,1,9
cs.OS,2008,2,15
cs.OS,2008,3,11
cs.OS,2008,4,13
cs.OS,2009,0,38
cs.OS,2009,1,8
cs.OS,2009,2,14
cs.OS,2009,3,14
cs.OS,2009,4,11
cs.OS,2010,0,42
cs.OS,2010,1,7
cs.OS,2010,2,15
cs.OS,2010,3,30
cs.OS,2010,4,21
cs.OS,2011,0,25
cs.OS,2011,1,18
cs.OS,2011,2,37
cs.OS,2011,3,28
cs.OS,2011,4,41
cs.OS,2012,0,39
cs.OS,2012,1,19
cs.OS,2012,2,38
cs.OS,2012,3,40
cs.OS,2012,4,47
cs.OS,2013,0,62
cs.OS,2013,1,32
cs.OS,2013,2,58
cs.OS,2013,3,65
cs.OS,2013,4,83
cs.OS,2014,0,63
cs.OS,2014,1,39
cs.OS,2014,2,62
cs.OS,2014,3,78
cs.OS,2014,4,80
cs.OS,2015,0,73
cs.OS,2015,1,52
cs.OS,2015,2,59
cs.OS,2015,3,65
cs.OS,2015,4,99
cs.OS,2016,0,74
cs.OS,2016,1,42
cs.OS,2016,2,75
cs.OS,2016,3,68
cs.OS,2016,4,85
cs.OS,2017,0,53
cs.OS,2017,1,36
cs.OS,2017,2,88
cs.OS,2017,3,81
cs.OS,2017,4,81
cs.OS,2018,0,64
cs.OS,2018,1,34
cs.OS,2018,2,89
cs.OS,2018,3,80
cs.OS,2018,4,82
cs.OS,2019,0,73
cs.OS,2019,1,60
cs.OS,2019,2,87
cs.OS,2019,3,68
cs.OS,2019,4,125
cs.OS,2020,0,62
cs.OS,2020,1,48
cs.OS,2020,2,89
cs.OS,2020,3,89
cs.OS,2020,4,130
cs.OS,2021,0,106
cs.OS,2021,1,57
cs.OS,2021,2,164
cs.OS,2021,3,104
cs.OS,2021,4,135
cs.OS,2022,0,68
cs.OS,2022,1,70
cs.OS,2022,2,72
cs.OS,2022,3,92
cs.OS,2022,4,117
cs.OS,2023,0,53
cs.OS,2023,1,72
cs.OS,2023,2,137
cs.OS,2023,3,104
cs.OS,2023,4,110
cs.OS,2024,0,73
cs.OS,2024,1,76
cs.OS,2024,2,176
cs.OS,2024,3,85
cs.OS,2024,4,109
cs.OS,2025,0,52
cs.OS,2025,1,97
cs.OS,2025,2,104
cs.OS,2025,3,99
cs.OS,2025,4,141
cs.OS,2026,0,21
cs.OS,2026,1,53
cs.OS,2026,2,63
cs.PF,1988,0,1
cs.PF,1989,0,1
cs.PF,1990,0,1
cs.PF,1990,1,2
cs.PF,1990,2,1
cs.PF,1990,4,2
cs.PF,1991,1,1
cs.PF,1991,3,1
cs.PF,1991,4,1
cs.PF,1992,1,1
cs.PF,1992,3,1
cs.PF,1992,4,2
cs.PF,1993,0,2
cs.PF,1993,3,4
cs.PF,1994,3,2
cs.PF,1995,0,1
cs.PF,1995,3,2
cs.PF,1995,4,1
cs.PF,1998,3,3
cs.PF,1999,0,5
cs.PF,1999,3,3
cs.PF,2000,0,11
cs.PF,2000,1,2
cs.PF,2001,0,8
cs.PF,2001,1,2
cs.PF,2001,2,4
cs.PF,2001,3,1
cs.PF,2002,0,19
cs.PF,2002,1,6
cs.PF,2002,2,7
cs.PF,2002,3,3
cs.PF,2002,4,19
cs.PF,2003,0,24
cs.PF,2003,1,12
cs.PF,2003,2,9
cs.PF,2003,3,9
cs.PF,2003,4,11
cs.PF,2004,0,65
cs.PF,2004,1,12
cs.PF,2004,2,18
cs.PF,2004,3,17
cs.PF,2004,4,18
cs.PF,2005,0,78
cs.PF,2005,1,17
cs.PF,2005,2,22
cs.PF,2005,3,24
cs.PF,2005,4,28
cs.PF,2006,0,61
cs.PF,2006,1,24
cs.PF,2006,2,35
cs.PF,2006,3,29
cs.PF,2006,4,28
cs.PF,2007,0,44
cs.PF,2007,1,14
cs.PF,2007,2,36
cs.PF,2007,3,44
cs.PF,2007,4,37
cs.PF,2008,0,70
cs.PF,2008,1,26
cs.PF,2008,2,46
cs.PF,2008,3,44
cs.PF,2008,4,38
cs.PF,2009,0,125
cs.PF,2009,1,30
cs.PF,2009,2,56
cs.PF,2009,3,51
cs.PF,2009,4,76
cs.PF,2010,0,112
cs.PF,2010,1,60
cs.PF,2010,2,99
cs.PF,2010,3,92
cs.PF,2010,4,101
cs.PF,2011,0,129
cs.PF,2011,1,90
cs.PF,2011,2,145
cs.PF,2011,3,112
cs.PF,2011,4,126
cs.PF,2012,0,171
cs.PF,2012,1,89
cs.PF,2012,2,170
cs.PF,2012,3,148
cs.PF,2012,4,166
cs.PF,2013,0,155
cs.PF,2013,1,110
cs.PF,2013,2,195
cs.PF,2013,3,195
cs.PF,2013,4,233
cs.PF,2014,0,217
cs.PF,2014,1,158
cs.PF,2014,2,223
cs.PF,2014,3,206
cs.PF,2014,4,256
cs.PF,2015,0,215
cs.PF,2015,1,148
cs.PF,2015,2,252
cs.PF,2015,3,225
cs.PF,2015,4,263
cs.PF,2016,0,278
cs.PF,2016,1,162
cs.PF,2016,2,301
cs.PF,2016,3,291
cs.PF,2016,4,315
cs.PF,2017,0,205
cs.PF,2017,1,194
cs.PF,2017,2,318
cs.PF,2017,3,307
cs.PF,2017,4,340
cs.PF,2018,0,261
cs.PF,2018,1,261
cs.PF,2018,2,409
cs.PF,2018,3,349
cs.PF,2018,4,386
cs.PF,2019,0,284
cs.PF,2019,1,322
cs.PF,2019,2,482
cs.PF,2019,3,474
cs.PF,2019,4,587
cs.PF,2020,0,496
cs.PF,2020,1,415
cs.PF,2020,2,725
cs.PF,2020,3,660
cs.PF,2020,4,896
cs.PF,2021,0,544
cs.PF,2021,1,631
cs.PF,2021,2,945
cs.PF,2021,3,869
cs.PF,2021,4,969
cs.PF,2022,0,425
cs.PF,2022,1,576
cs.PF,2022,2,881
cs.PF,2022,3,756
cs.PF,2022,4,900
cs.PF,2023,0,546
cs.PF,2023,1,610
cs.PF,2023,2,973
cs.PF,2023,3,913
cs.PF,2023,4,1034
cs.PF,2024,0,491
cs.PF,2024,1,678
cs.PF,2024,2,1089
cs.PF,2024,3,729
cs.PF,2024,4,923
cs.PF,2025,0,409
cs.PF,2025,1,713
cs.PF,2025,2,914
cs.PF,2025,3,729
cs.PF,2025,4,796
cs.PF,2026,0,189
cs.PF,2026,1,470
cs.PF,2026,2,388
cs.PL,1985,1,1
cs.PL,1986,2,1
cs.PL,1990,4,1
cs.PL,1992,0,1
cs.PL,1992,1,1
cs.PL,1992,3,2
cs.PL,1992,4,1
cs.PL,1993,0,5
cs.PL,1993,2,1
cs.PL,1993,3,2
cs.PL,1994,0,5
cs.PL,1994,2,1
cs.PL,1994,3,1
cs.PL,1994,4,1
cs.PL,1995,0,6
cs.PL,1995,1,1
cs.PL,1995,2,1
cs.PL,1995,4,2
cs.PL,1996,0,3
cs.PL,1996,2,1
cs.PL,1996,3,1
cs.PL,1997,0,4
cs.PL,1997,3,2
cs.PL,1997,4,1
cs.PL,1998,0,4
cs.PL,1998,1,1
cs.PL,1998,4,3
cs.PL,1999,0,7
cs.PL,1999,1,1
cs.PL,1999,2,3
cs.PL,2000,0,22
cs.PL,2000,1,4
cs.PL,2000,2,4
cs.PL,2000,3,2
cs.PL,2000,4,2
cs.PL,2001,0,27
cs.PL,2001,1,3
cs.PL,2001,2,7
cs.PL,2001,3,4
cs.PL,2001,4,11
cs.PL,2002,0,39
cs.PL,2002,1,7
cs.PL,2002,2,4
cs.PL,2002,3,11
cs.PL,2002,4,17
cs.PL,2003,0,54
cs.PL,2003,1,8
cs.PL,2003,2,14
cs.PL,2003,3,13
cs.PL,2003,4,13
cs.PL,2004,0,94
cs.PL,2004,1,11
cs.PL,2004,2,23
cs.PL,2004,3,24
cs.PL,2004,4,18
cs.PL,2005,0,119
cs.PL,2005,1,11
cs.PL,2005,2,23
cs.PL,2005,3,39
cs.PL,2005,4,27
cs.PL,2006,0,96
cs.PL,2006,1,24
cs.PL,2006,2,33
cs.PL,2006,3,39
cs.PL,2006,4,40
cs.PL,2007,0,91
cs.PL,2007,1,23
cs.PL,2007,2,70
cs.PL,2007,3,62
cs.PL,2007,4,69
cs.PL,2008,0,138
cs.PL,2008,1,43
cs.PL,2008,2,60
cs.PL,2008,3,74
cs.PL,2008,4,43
cs.PL,2009,0,173
cs.PL,2009,1,36
cs.PL,2009,2,73
cs.PL,2009,3,62
cs.PL,2009,4,91
cs.PL,2010,0,224
cs.PL,2010,1,52
cs.PL,2010,2,69
cs.PL,2010,3,91
cs.PL,2010,4,88
cs.PL,2011,0,313
cs.PL,2011,1,86
cs.PL,2011,2,82
cs.PL,2011,3,148
cs.PL,2011,4,146
cs.PL,2012,0,418
cs.PL,2012,1,126
cs.PL,2012,2,159
cs.PL,2012,3,145
cs.PL,2012,4,143
cs.PL,2013,0,421
cs.PL,2013,1,109
cs.PL,2013,2,149
cs.PL,2013,3,234
cs.PL,2013,4,220
cs.PL,2014,0,441
cs.PL,2014,1,135
cs.PL,2014,2,208
cs.PL,2014,3,238
cs.PL,2014,4,234
cs.PL,2015,0,485
cs.PL,2015,1,181
cs.PL,2015,2,224
cs.PL,2015,3,260
cs.PL,2015,4,296
cs.PL,2016,0,460
cs.PL,2016,1,261
cs.PL,2016,2,312
cs.PL,2016,3,377
cs.PL,2016,4,376
cs.PL,2017,0,474
cs.PL,2017,1,217
cs.PL,2017,2,379
cs.PL,2017,3,343
cs.PL,2017,4,489
cs.PL,2018,0,540
cs.PL,2018,1,295
cs.PL,2018,2,497
cs.PL,2018,3,537
cs.PL,2018,4,490
cs.PL,2019,0,651
cs.PL,2019,1,511
cs.PL,2019,2,684
cs.PL,2019,3,649
cs.PL,2019,4,783
cs.PL,2020,0,860
cs.PL,2020,1,468
cs.PL,2020,2,764
cs.PL,2020,3,818
cs.PL,2020,4,1012
cs.PL,2021,0,926
cs.PL,2021,1,862
cs.PL,2021,2,1226
cs.PL,2021,3,1042
cs.PL,2021,4,1059
cs.PL,2022,0,760
cs.PL,2022,1,661
cs.PL,2022,2,907
cs.PL,2022,3,838
cs.PL,2022,4,975
cs.PL,2023,0,1097
cs.PL,2023,1,693
cs.PL,2023,2,1227
cs.PL,2023,3,1074
cs.PL,2023,4,1328
cs.PL,2024,0,847
cs.PL,2024,1,908
cs.PL,2024,2,1323
cs.PL,2024,3,976
cs.PL,2024,4,1176
cs.PL,2025,0,610
cs.PL,2025,1,949
cs.PL,2025,2,1473
cs.PL,2025,3,942
cs.PL,2025,4,1108
cs.PL,2026,0,314
cs.PL,2026,1,711
cs.PL,2026,2,495
cs.RO,1970,0,2
cs.RO,1979,3,1
cs.RO,1985,1,1
cs.RO,1988,4,1
cs.RO,1989,0,1
cs.RO,1991,0,1
cs.RO,1992,1,1
cs.RO,1993,0,1
cs.RO,1993,3,1
cs.RO,1994,0,1
cs.RO,1995,0,6
cs.RO,1995,2,1
cs.RO,1995,4,1
cs.RO,1996,0,4
cs.RO,1996,1,1
cs.RO,1996,2,2
cs.RO,1997,0,11
cs.RO,1997,1,1
cs.RO,1997,2,1
cs.RO,1997,3,1
cs.RO,1997,4,2
cs.RO,1998,0,7
cs.RO,1998,2,2
cs.RO,1998,4,1
cs.RO,1999,0,8
cs.RO,1999,1,1
cs.RO,1999,2,2
cs.RO,1999,3,4
cs.RO,1999,4,4
cs.RO,2000,0,32
cs.RO,2000,1,2
cs.RO,2000,2,6
cs.RO,2000,3,4
cs.RO,2000,4,5
cs.RO,2001,0,30
cs.RO,2001,1,4
cs.RO,2001,2,7
cs.RO,2001,3,7
cs.RO,2001,4,5
cs.RO,2002,0,31
cs.RO,2002,1,3
cs.RO,2002,2,12
cs.RO,2002,3,12
cs.RO,2002,4,59
cs.RO,2003,0,33
cs.RO,2003,1,14
cs.RO,2003,2,38
cs.RO,2003,3,15
cs.RO,2003,4,9
cs.RO,2004,0,31
cs.RO,2004,1,27
cs.RO,2004,2,20
cs.RO,2004,3,20
cs.RO,2004,4,12
cs.RO,2005,0,73
cs.RO,2005,1,17
cs.RO,2005,2,35
cs.RO,2005,3,34
cs.RO,2005,4,20
cs.RO,2006,0,80
cs.RO,2006,1,31
cs.RO,2006,2,34
cs.RO,2006,3,34
cs.RO,2006,4,51
cs.RO,2007,0,91
cs.RO,2007,1,21
cs.RO,2007,2,70
cs.RO,2007,3,69
cs.RO,2007,4,54
cs.RO,2008,0,88
cs.RO,2008,1,28
cs.RO,2008,2,85
cs.RO,2008,3,68
cs.RO,2008,4,44
cs.RO,2009,0,104
cs.RO,2009,1,45
cs.RO,2009,2,74
cs.RO,2009,3,64
cs.RO,2009,4,107
cs.RO,2010,0,120
cs.RO,2010,1,53
cs.RO,2010,2,84
cs.RO,2010,3,102
cs.RO,2010,4,147
cs.RO,2011,0,126
cs.RO,2011,1,54
cs.RO,2011,2,153
cs.RO,2011,3,127
cs.RO,2011,4,123
cs.RO,2012,0,159
cs.RO,2012,1,108
cs.RO,2012,2,161
cs.RO,2012,3,193
cs.RO,2012,4,230
cs.RO,2013,0,210
cs.RO,2013,1,116
cs.RO,2013,2,250
cs.RO,2013,3,225
cs.RO,2013,4,326
cs.RO,2014,0,276
cs.RO,2014,1,181
cs.RO,2014,2,340
cs.RO,2014,3,320
cs.RO,2014,4,369
cs.RO,2015,0,316
cs.RO,2015,1,230
cs.RO,2015,2,424
cs.RO,2015,3,569
cs.RO,2015,4,545
cs.RO,2016,0,442
cs.RO,2016,1,360
cs.RO,2016,2,671
cs.RO,2016,3,689
cs.RO,2016,4,973
cs.RO,2017,0,592
cs.RO,2017,1,660
cs.RO,2017,2,1118
cs.RO,2017,3,1650
cs.RO,2017,4,1589
cs.RO,2018,0,1036
cs.RO,2018,1,1217
cs.RO,2018,2,2508
cs.RO,2018,3,2288
cs.RO,2018,4,3064
cs.RO,2019,0,1976
cs.RO,2019,1,2103
cs.RO,2019,2,4253
cs.RO,2019,3,3681
cs.RO,2019,4,5680
cs.RO,2020,0,3556
cs.RO,2020,1,3535
cs.RO,2020,2,6811
cs.RO,2020,3,5845
cs.RO,2020,4,8329
cs.RO,2021,0,4389
cs.RO,2021,1,6189
cs.RO,2021,2,11078
cs.RO,2021,3,10480
cs.RO,2021,4,8559
cs.RO,2022,0,4985
cs.RO,2022,1,5631
cs.RO,2022,2,10414
cs.RO,2022,3,7779
cs.RO,2022,4,11024
cs.RO,2023,0,6801
cs.RO,2023,1,6861
cs.RO,2023,2,13913
cs.RO,2023,3,11756
cs.RO,2023,4,14383
cs.RO,2024,0,7629
cs.RO,2024,1,9883
cs.RO,2024,2,15557
cs.RO,2024,3,9895
cs.RO,2024,4,13378
cs.RO,2025,0,8062
cs.RO,2025,1,8454
cs.RO,2025,2,13100
cs.RO,2025,3,10538
cs.RO,2025,4,11160
cs.RO,2026,0,2804
cs.RO,2026,1,6073
cs.RO,2026,2,5076
cs.SC,1989,0,1
cs.SC,1990,4,3
cs.SC,1992,0,1
cs.SC,1992,1,1
cs.SC,1992,3,1
cs.SC,1992,4,1
cs.SC,1993,0,3
cs.SC,1993,2,1
cs.SC,1993,3,2
cs.SC,1994,0,2
cs.SC,1995,0,3
cs.SC,1995,1,1
cs.SC,1995,2,1
cs.SC,1995,4,2
cs.SC,1996,0,1
cs.SC,1997,3,1
cs.SC,1998,0,6
cs.SC,1998,1,1
cs.SC,1998,4,3
cs.SC,1999,0,1
cs.SC,1999,1,1
cs.SC,1999,4,1
cs.SC,2000,0,5
cs.SC,2000,1,1
cs.SC,2000,2,1
cs.SC,2000,4,1
cs.SC,2001,2,1
cs.SC,2002,0,3
cs.SC,2002,1,2
cs.SC,2002,3,1
cs.SC,2002,4,6
cs.SC,2003,0,3
cs.SC,2003,1,8
cs.SC,2003,2,2
cs.SC,2003,3,4
cs.SC,2003,4,7
cs.SC,2004,0,3
cs.SC,2004,1,8
cs.SC,2004,2,2
cs.SC,2004,3,3
cs.SC,2004,4,9
cs.SC,2005,0,15
cs.SC,2005,1,4
cs.SC,2005,2,1
cs.SC,2005,3,6
cs.SC,2005,4,7
cs.SC,2006,0,21
cs.SC,2006,1,2
cs.SC,2006,2,10
cs.SC,2006,3,7
cs.SC,2006,4,7
cs.SC,2007,0,4
cs.SC,2007,1,7
cs.SC,2007,2,9
cs.SC,2007,3,26
cs.SC,2007,4,25
cs.SC,2008,0,23
cs.SC,2008,1,23
cs.SC,2008,2,19
cs.SC,2008,3,24
cs.SC,2008,4,29
cs.SC,2009,0,31
cs.SC,2009,1,30
cs.SC,2009,2,35
cs.SC,2009,3,32
cs.SC,2009,4,33
cs.SC,2010,0,60
cs.SC,2010,1,26
cs.SC,2010,2,35
cs.SC,2010,3,77
cs.SC,2010,4,43
cs.SC,2011,0,55
cs.SC,2011,1,60
cs.SC,2011,2,67
cs.SC,2011,3,62
cs.SC,2011,4,76
cs.SC,2012,0,63
cs.SC,2012,1,60
cs.SC,2012,2,68
cs.SC,2012,3,90
cs.SC,2012,4,80
cs.SC,2013,0,136
cs.SC,2013,1,80
cs.SC,2013,2,111
cs.SC,2013,3,84
cs.SC,2013,4,84
cs.SC,2014,0,197
cs.SC,2014,1,98
cs.SC,2014,2,121
cs.SC,2014,3,218
cs.SC,2014,4,142
cs.SC,2015,0,213
cs.SC,2015,1,131
cs.SC,2015,2,176
cs.SC,2015,3,174
cs.SC,2015,4,199
cs.SC,2016,0,246
cs.SC,2016,1,202
cs.SC,2016,2,184
cs.SC,2016,3,277
cs.SC,2016,4,216
cs.SC,2017,0,194
cs.SC,2017,1,156
cs.SC,2017,2,181
cs.SC,2017,3,199
cs.SC,2017,4,162
cs.SC,2018,0,174
cs.SC,2018,1,170
cs.SC,2018,2,221
cs.SC,2018,3,203
cs.SC,2018,4,154
cs.SC,2019,0,172
cs.SC,2019,1,204
cs.SC,2019,2,191
cs.SC,2019,3,264
cs.SC,2019,4,221
cs.SC,2020,0,240
cs.SC,2020,1,178
cs.SC,2020,2,260
cs.SC,2020,3,267
cs.SC,2020,4,247
cs.SC,2021,0,273
cs.SC,2021,1,226
cs.SC,2021,2,328
cs.SC,2021,3,274
cs.SC,2021,4,234
cs.SC,2022,0,144
cs.SC,2022,1,203
cs.SC,2022,2,245
cs.SC,2022,3,292
cs.SC,2022,4,256
cs.SC,2023,0,309
cs.SC,2023,1,199
cs.SC,2023,2,236
cs.SC,2023,3,311
cs.SC,2023,4,294
cs.SC,2024,0,157
cs.SC,2024,1,248
cs.SC,2024,2,308
cs.SC,2024,3,269
cs.SC,2024,4,245
cs.SC,2025,0,144
cs.SC,2025,1,227
cs.SC,2025,2,246
cs.SC,2025,3,295
cs.SC,2025,4,219
cs.SC,2026,0,54
cs.SC,2026,1,147
cs.SC,2026,2,115
cs.SD,1970,0,1
cs.SD,1979,3,1
cs.SD,1992,1,1
cs.SD,1994,3,1
cs.SD,1995,0,1
cs.SD,1996,2,1
cs.SD,1997,0,1
cs.SD,1998,0,1
cs.SD,1998,4,2
cs.SD,1999,0,8
cs.SD,1999,3,5
cs.SD,2000,0,10
cs.SD,2001,0,7
cs.SD,2001,2,1
cs.SD,2001,3,1
cs.SD,2001,4,1
cs.SD,2002,0,14
cs.SD,2002,1,1
cs.SD,2002,2,15
cs.SD,2002,3,5
cs.SD,2002,4,7
cs.SD,2003,0,16
cs.SD,2003,2,1
cs.SD,2003,3,2
cs.SD,2003,4,7
cs.SD,2004,0,22
cs.SD,2004,1,5
cs.SD,2004,2,9
cs.SD,2004,3,10
cs.SD,2004,4,9
cs.SD,2005,0,38
cs.SD,2005,1,2
cs.SD,2005,2,14
cs.SD,2005,3,15
cs.SD,2005,4,6
cs.SD,2006,0,31
cs.SD,2006,1,18
cs.SD,2006,2,10
cs.SD,2006,3,17
cs.SD,2006,4,27
cs.SD,2007,0,45
cs.SD,2007,1,11
cs.SD,2007,2,30
cs.SD,2007,3,29
cs.SD,2007,4,25
cs.SD,2008,0,26
cs.SD,2008,1,10
cs.SD,2008,2,28
cs.SD,2008,3,23
cs.SD,2008,4,14
cs.SD,2009,0,47
cs.SD,2009,1,13
cs.SD,2009,2,24
cs.SD,2009,3,23
cs.SD,2009,4,41
cs.SD,2010,0,50
cs.SD,2010,1,14
cs.SD,2010,2,31
cs.SD,2010,3,31
cs.SD,2010,4,36
cs.SD,2011,0,47
cs.SD,2011,1,16
cs.SD,2011,2,41
cs.SD,2011,3,28
cs.SD,2011,4,32
cs.SD,2012,0,49
cs.SD,2012,1,57
cs.SD,2012,2,49
cs.SD,2012,3,47
cs.SD,2012,4,48
cs.SD,2013,0,64
cs.SD,2013,1,45
cs.SD,2013,2,55
cs.SD,2013,3,56
cs.SD,2013,4,53
cs.SD,2014,0,58
cs.SD,2014,1,30
cs.SD,2014,2,95
cs.SD,2014,3,89
cs.SD,2014,4,84
cs.SD,2015,0,80
cs.SD,2015,1,61
cs.SD,2015,2,107
cs.SD,2015,3,139
cs.SD,2015,4,166
cs.SD,2016,0,89
cs.SD,2016,1,120
cs.SD,2016,2,120
cs.SD,2016,3,226
cs.SD,2016,4,209
cs.SD,2017,0,193
cs.SD,2017,1,269
cs.SD,2017,2,258
cs.SD,2017,3,479
cs.SD,2017,4,568
cs.SD,2018,0,353
cs.SD,2018,1,317
cs.SD,2018,2,794
cs.SD,2018,3,1001
cs.SD,2018,4,1152
cs.SD,2019,0,786
cs.SD,2019,1,656
cs.SD,2019,2,1780
cs.SD,2019,3,1750
cs.SD,2019,4,2313
cs.SD,2020,0,1701
cs.SD,2020,1,1148
cs.SD,2020,2,3207
cs.SD,2020,3,2244
cs.SD,2020,4,4796
cs.SD,2021,0,2830
cs.SD,2021,1,2628
cs.SD,2021,2,5285
cs.SD,2021,3,4999
cs.SD,2021,4,4541
cs.SD,2022,0,2822
cs.SD,2022,1,1980
cs.SD,2022,2,4919
cs.SD,2022,3,4639
cs.SD,2022,4,3956
cs.SD,2023,0,4453
cs.SD,2023,1,2522
cs.SD,2023,2,6166
cs.SD,2023,3,4614
cs.SD,2023,4,5206
cs.SD,2024,0,3769
cs.SD,2024,1,5295
cs.SD,2024,2,3639
cs.SD,2024,3,2902
cs.SD,2024,4,4570
cs.SD,2025,0,2785
cs.SD,2025,1,3640
cs.SD,2025,2,3364
cs.SD,2025,3,2877
cs.SD,2025,4,3385
cs.SD,2026,0,1001
cs.SD,2026,1,1382
cs.SD,2026,2,2016
cs.SE,1944,4,1
cs.SE,1969,4,2
cs.SE,1975,2,1
cs.SE,1990,0,1
cs.SE,1992,3,1
cs.SE,1992,4,1
cs.SE,1993,0,2
cs.SE,1994,0,6
cs.SE,1994,3,2
cs.SE,1994,4,2
cs.SE,1995,0,2
cs.SE,1995,2,3
cs.SE,1995,3,1
cs.SE,1995,4,3
cs.SE,1996,0,12
cs.SE,1996,1,1
cs.SE,1996,2,5
cs.SE,1996,3,2
cs.SE,1996,4,5
cs.SE,1997,0,19
cs.SE,1997,1,3
cs.SE,1997,2,3
cs.SE,1997,3,5
cs.SE,1997,4,3
cs.SE,1998,0,47
cs.SE,1998,1,3
cs.SE,1998,2,4
cs.SE,1998,3,9
cs.SE,1998,4,22
cs.SE,1999,0,76
cs.SE,1999,1,4
cs.SE,1999,2,8
cs.SE,1999,3,5
cs.SE,1999,4,16
cs.SE,2000,0,93
cs.SE,2000,1,5
cs.SE,2000,2,12
cs.SE,2000,3,12
cs.SE,2000,4,10
cs.SE,2001,0,64
cs.SE,2001,1,3
cs.SE,2001,2,13
cs.SE,2001,3,13
cs.SE,2001,4,17
cs.SE,2002,0,105
cs.SE,2002,1,8
cs.SE,2002,2,13
cs.SE,2002,3,21
cs.SE,2002,4,84
cs.SE,2003,0,136
cs.SE,2003,1,30
cs.SE,2003,2,43
cs.SE,2003,3,23
cs.SE,2003,4,43
cs.SE,2004,0,167
cs.SE,2004,1,26
cs.SE,2004,2,37
cs.SE,2004,3,44
cs.SE,2004,4,66
cs.SE,2005,0,201
cs.SE,2005,1,18
cs.SE,2005,2,59
cs.SE,2005,3,75
cs.SE,2005,4,69
cs.SE,2006,0,213
cs.SE,2006,1,52
cs.SE,2006,2,71
cs.SE,2006,3,102
cs.SE,2006,4,87
cs.SE,2007,0,161
cs.SE,2007,1,57
cs.SE,2007,2,94
cs.SE,2007,3,143
cs.SE,2007,4,112
cs.SE,2008,0,245
cs.SE,2008,1,112
cs.SE,2008,2,117
cs.SE,2008,3,129
cs.SE,2008,4,97
cs.SE,2009,0,410
cs.SE,2009,1,49
cs.SE,2009,2,108
cs.SE,2009,3,145
cs.SE,2009,4,164
cs.SE,2010,0,419
cs.SE,2010,1,86
cs.SE,2010,2,151
cs.SE,2010,3,232
cs.SE,2010,4,198
cs.SE,2011,0,411
cs.SE,2011,1,129
cs.SE,2011,2,212
cs.SE,2011,3,258
cs.SE,2011,4,327
cs.SE,2012,0,654
cs.SE,2012,1,183
cs.SE,2012,2,348
cs.SE,2012,3,361
cs.SE,2012,4,336
cs.SE,2013,0,827
cs.SE,2013,1,215
cs.SE,2013,2,424
cs.SE,2013,3,427
cs.SE,2013,4,456
cs.SE,2014,0,953
cs.SE,2014,1,428
cs.SE,2014,2,547
cs.SE,2014,3,680
cs.SE,2014,4,572
cs.SE,2015,0,1001
cs.SE,2015,1,379
cs.SE,2015,2,664
cs.SE,2015,3,806
cs.SE,2015,4,739
cs.SE,2016,0,1018
cs.SE,2016,1,534
cs.SE,2016,2,823
cs.SE,2016,3,832
cs.SE,2016,4,945
cs.SE,2017,0,1034
cs.SE,2017,1,544
cs.SE,2017,2,1112
cs.SE,2017,3,1170
cs.SE,2017,4,1257
cs.SE,2018,0,1324
cs.SE,2018,1,892
cs.SE,2018,2,1506
cs.SE,2018,3,1538
cs.SE,2018,4,1612
cs.SE,2019,0,1750
cs.SE,2019,1,1177
cs.SE,2019,2,2009
cs.SE,2019,3,2087
cs.SE,2019,4,1980
cs.SE,2020,0,2196
cs.SE,2020,1,1486
cs.SE,2020,2,2259
cs.SE,2020,3,2453
cs.SE,2020,4,3017
cs.SE,2021,0,2600
cs.SE,2021,1,2202
cs.SE,2021,2,3676
cs.SE,2021,3,3567
cs.SE,2021,4,3454
cs.SE,2022,0,2576
cs.SE,2022,1,2311
cs.SE,2022,2,4044
cs.SE,2022,3,2881
cs.SE,2022,4,3923
cs.SE,2023,0,3392
cs.SE,2023,1,2550
cs.SE,2023,2,5028
cs.SE,2023,3,4604
cs.SE,2023,4,6029
cs.SE,2024,0,3633
cs.SE,2024,1,3656
cs.SE,2024,2,5950
cs.SE,2024,3,5107
cs.SE,2024,4,5389
cs.SE,2025,0,3219
cs.SE,2025,1,3708
cs.SE,2025,2,7105
cs.SE,2025,3,4378
cs.SE,2025,4,4761
cs.SE,2026,0,1495
cs.SE,2026,1,2573
cs.SE,2026,2,2640
cs.SI,1868,3,1
cs.SI,1913,0,3
cs.SI,1967,0,2
cs.SI,1970,0,6
cs.SI,1971,4,7
cs.SI,1972,4,2
cs.SI,1973,0,1
cs.SI,1973,2,1
cs.SI,1974,0,1
cs.SI,1974,4,1
cs.SI,1975,0,2
cs.SI,1975,3,1
cs.SI,1976,0,1
cs.SI,1976,3,1
cs.SI,1976,4,1
cs.SI,1977,0,1
cs.SI,1977,1,1
cs.SI,1977,4,1
cs.SI,1978,0,2
cs.SI,1978,1,2
cs.SI,1978,3,2
cs.SI,1979,0,3
cs.SI,1979,1,1
cs.SI,1980,0,4
cs.SI,1980,1,1
cs.SI,1980,3,1
cs.SI,1980,4,4
cs.SI,1981,2,4
cs.SI,1981,3,5
cs.SI,1982,1,18
cs.SI,1982,2,3
cs.SI,1982,3,2
cs.SI,1982,4,2
cs.SI,1983,0,6
cs.SI,1983,2,2
cs.SI,1983,3,5
cs.SI,1984,0,2
cs.SI,1984,1,2
cs.SI,1984,2,2
cs.SI,1984,3,1
cs.SI,1985,0,6
cs.SI,1985,1,1
cs.SI,1985,2,1
cs.SI,1985,4,1
cs.SI,1986,0,2
cs.SI,1986,1,1
cs.SI,1986,2,1
cs.SI,1986,3,4
cs.SI,1986,4,1
cs.SI,1987,0,4
cs.SI,1987,2,1
cs.SI,1987,4,1
cs.SI,1988,0,4
cs.SI,1988,1,2
cs.SI,1988,2,3
cs.SI,1988,3,3
cs.SI,1988,4,1
cs.SI,1989,0,4
cs.SI,1989,1,1
cs.SI,1989,2,1
cs.SI,1989,4,2
cs.SI,1990,0,3
cs.SI,1990,3,5
cs.SI,1990,4,2
cs.SI,1991,0,5
cs.SI,1991,3,1
cs.SI,1991,4,2
cs.SI,1992,0,2
cs.SI,1992,2,2
cs.SI,1992,3,2
cs.SI,1992,4,2
cs.SI,1993,0,9
cs.SI,1993,1,1
cs.SI,1993,2,4
cs.SI,1993,3,2
cs.SI,1993,4,1
cs.SI,1994,0,6
cs.SI,1994,4,2
cs.SI,1995,0,5
cs.SI,1995,1,1
cs.SI,1995,2,3
cs.SI,1995,3,2
cs.SI,1995,4,1
cs.SI,1996,0,4
cs.SI,1996,1,2
cs.SI,1996,2,1
cs.SI,1996,4,1
cs.SI,1997,0,4
cs.SI,1997,2,1
cs.SI,1997,3,5
cs.SI,1997,4,2
cs.SI,1998,0,3
cs.SI,1998,1,4
cs.SI,1998,4,1
cs.SI,1999,0,3
cs.SI,1999,1,1
cs.SI,1999,2,2
cs.SI,1999,4,1
cs.SI,2000,0,22
cs.SI,2000,1,2
cs.SI,2000,2,2
cs.SI,2001,0,3
cs.SI,2001,1,1
cs.SI,2001,2,2
cs.SI,2001,3,3
cs.SI,2001,4,5
cs.SI,2002,0,8
cs.SI,2002,1,2
cs.SI,2002,2,3
cs.SI,2002,3,5
cs.SI,2002,4,5
cs.SI,2003,0,11
cs.SI,2003,1,2
cs.SI,2003,2,6
cs.SI,2003,3,3
cs.SI,2003,4,2
cs.SI,2004,0,23
cs.SI,2004,1,2
cs.SI,2004,2,4
cs.SI,2004,3,8
cs.SI,2004,4,11
cs.SI,2005,0,27
cs.SI,2005,1,3
cs.SI,2005,2,7
cs.SI,2005,3,13
cs.SI,2005,4,10
cs.SI,2006,0,30
cs.SI,2006,1,12
cs.SI,2006,2,13
cs.SI,2006,3,18
cs.SI,2006,4,17
cs.SI,2007,0,36
cs.SI,2007,1,14
cs.SI,2007,2,18
cs.SI,2007,3,21
cs.SI,2007,4,20
cs.SI,2008,0,47
cs.SI,2008,1,29
cs.SI,2008,2,33
cs.SI,2008,3,36
cs.SI,2008,4,43
cs.SI,2009,0,85
cs.SI,2009,1,25
cs.SI,2009,2,50
cs.SI,2009,3,44
cs.SI,2009,4,49
cs.SI,2010,0,102
cs.SI,2010,1,39
cs.SI,2010,2,66
cs.SI,2010,3,78
cs.SI,2010,4,97
cs.SI,2011,0,242
cs.SI,2011,1,90
cs.SI,2011,2,226
cs.SI,2011,3,294
cs.SI,2011,4,516
cs.SI,2012,0,833
cs.SI,2012,1,540
cs.SI,2012,2,793
cs.SI,2012,3,935
cs.SI,2012,4,1065
cs.SI,2013,0,1729
cs.SI,2013,1,1040
cs.SI,2013,2,1583
cs.SI,2013,3,1936
cs.SI,2013,4,1928
cs.SI,2014,0,2304
cs.SI,2014,1,1828
cs.SI,2014,2,2524
cs.SI,2014,3,3023
cs.SI,2014,4,3049
cs.SI,2015,0,2700
cs.SI,2015,1,2539
cs.SI,2015,2,3570
cs.SI,2015,3,4151
cs.SI,2015,4,4303
cs.SI,2016,0,3332
cs.SI,2016,1,3559
cs.SI,2016,2,4380
cs.SI,2016,3,4942
cs.SI,2016,4,5387
cs.SI,2017,0,3858
cs.SI,2017,1,4184
cs.SI,2017,2,5452
cs.SI,2017,3,5616
cs.SI,2017,4,6577
cs.SI,2018,0,5118
cs.SI,2018,1,4839
cs.SI,2018,2,8535
cs.SI,2018,3,7454
cs.SI,2018,4,7800
cs.SI,2019,0,6099
cs.SI,2019,1,5615
cs.SI,2019,2,8279
cs.SI,2019,3,8421
cs.SI,2019,4,9431
cs.SI,2020,0,7391
cs.SI,2020,1,7119
cs.SI,2020,2,9908
cs.SI,2020,3,10435
cs.SI,2020,4,11901
cs.SI,2021,0,8540
cs.SI,2021,1,10018
cs.SI,2021,2,13146
cs.SI,2021,3,13065
cs.SI,2021,4,12283
cs.SI,2022,0,7236
cs.SI,2022,1,8594
cs.SI,2022,2,13133
cs.SI,2022,3,9988
cs.SI,2022,4,11402
cs.SI,2023,0,7600
cs.SI,2023,1,8628
cs.SI,2023,2,11373
cs.SI,2023,3,10747
cs.SI,2023,4,11306
cs.SI,2024,0,6355
cs.SI,2024,1,9611
cs.SI,2024,2,11081
cs.SI,2024,3,9182
cs.SI,2024,4,10554
cs.SI,2025,0,5550
cs.SI,2025,1,8019
cs.SI,2025,2,10387
cs.SI,2025,3,9023
cs.SI,2025,4,8766
cs.SI,2026,0,2282
cs.SI,2026,1,6023
cs.SI,2026,2,5693
cs.SY,1968,0,1
cs.SY,1986,0,1
cs.SY,1988,0,1
cs.SY,1988,3,1
cs.SY,1989,1,1
cs.SY,1990,0,1
cs.SY,1990,2,1
cs.SY,1991,2,1
cs.SY,1991,4,1
cs.SY,1992,2,1
cs.SY,1993,2,1
cs.SY,1997,0,2
cs.SY,1998,3,2
cs.SY,1999,0,2
cs.SY,1999,4,1
cs.SY,2000,0,9
cs.SY,2000,1,1
cs.SY,2000,2,2
cs.SY,2000,3,4
cs.SY,2000,4,1
cs.SY,2001,0,7
cs.SY,2001,1,3
cs.SY,2001,2,3
cs.SY,2001,3,1
cs.SY,2001,4,1
cs.SY,2002,0,14
cs.SY,2002,1,1
cs.SY,2002,2,3
cs.SY,2002,3,3
cs.SY,2002,4,1
cs.SY,2003,0,5
cs.SY,2003,1,2
cs.SY,2003,2,1
cs.SY,2003,3,1
cs.SY,2003,4,2
cs.SY,2004,0,5
cs.SY,2004,1,2
cs.SY,2004,2,5
cs.SY,2004,3,10
cs.SY,2004,4,4
cs.SY,2005,0,9
cs.SY,2005,1,3
cs.SY,2005,2,3
cs.SY,2005,3,4
cs.SY,2006,0,22
cs.SY,2006,1,6
cs.SY,2006,2,6
cs.SY,2006,3,7
cs.SY,2006,4,14
cs.SY,2007,0,20
cs.SY,2007,1,3
cs.SY,2007,2,12
cs.SY,2007,3,18
cs.SY,2007,4,9
cs.SY,2008,0,16
cs.SY,2008,1,5
cs.SY,2008,2,25
cs.SY,2008,3,9
cs.SY,2008,4,15
cs.SY,2009,0,29
cs.SY,2009,1,13
cs.SY,2009,2,38
cs.SY,2009,3,18
cs.SY,2009,4,24
cs.SY,2010,0,48
cs.SY,2010,1,15
cs.SY,2010,2,38
cs.SY,2010,3,36
cs.SY,2010,4,62
cs.SY,2011,0,92
cs.SY,2011,1,42
cs.SY,2011,2,94
cs.SY,2011,3,132
cs.SY,2011,4,193
cs.SY,2012,0,197
cs.SY,2012,1,145
cs.SY,2012,2,240
cs.SY,2012,3,270
cs.SY,2012,4,363
cs.SY,2013,0,349
cs.SY,2013,1,237
cs.SY,2013,2,424
cs.SY,2013,3,468
cs.SY,2013,4,612
cs.SY,2014,0,622
cs.SY,2014,1,454
cs.SY,2014,2,811
cs.SY,2014,3,728
cs.SY,2014,4,1005
cs.SY,2015,0,687
cs.SY,2015,1,621
cs.SY,2015,2,944
cs.SY,2015,3,1369
cs.SY,2015,4,1388
cs.SY,2016,0,807
cs.SY,2016,1,980
cs.SY,2016,2,1380
cs.SY,2016,3,1704
cs.SY,2016,4,1958
cs.SY,2017,0,840
cs.SY,2017,1,1436
cs.SY,2017,2,1998
cs.SY,2017,3,2512
cs.SY,2017,4,2594
cs.SY,2018,0,1538
cs.SY,2018,1,1731
cs.SY,2018,2,2953
cs.SY,2018,3,2512
cs.SY,2018,4,3292
cs.SY,2019,0,1920
cs.SY,2019,1,2308
cs.SY,2019,2,3579
cs.SY,2019,3,3698
cs.SY,2019,4,4399
cs.SY,2020,0,3429
cs.SY,2020,1,3114
cs.SY,2020,2,4683
cs.SY,2020,3,5572
cs.SY,2020,4,6677
cs.SY,2021,0,3974
cs.SY,2021,1,5233
cs.SY,2021,2,7547
cs.SY,2021,3,6673
cs.SY,2021,4,7929
cs.SY,2022,0,4358
cs.SY,2022,1,5225
cs.SY,2022,2,7343
cs.SY,2022,3,7020
cs.SY,2022,4,8906
cs.SY,2023,0,5737
cs.SY,2023,1,6506
cs.SY,2023,2,8993
cs.SY,2023,3,8279
cs.SY,2023,4,10179
cs.SY,2024,0,6148
cs.SY,2024,1,7071
cs.SY,2024,2,9052
cs.SY,2024,3,8431
cs.SY,2024,4,9294
cs.SY,2025,0,6152
cs.SY,2025,1,6895
cs.SY,2025,2,8819
cs.SY,2025,3,8489
cs.SY,2025,4,7759
cs.SY,2026,0,2301
cs.SY,2026,1,4778
cs.SY,2026,2,4328
dg-ga,1982,0,1
dg-ga,1992,2,1
dg-ga,1994,0,3
dg-ga,1994,2,3
dg-ga,1994,3,5
dg-ga,1994,4,6
dg-ga,1995,0,15
dg-ga,1995,1,13
dg-ga,1995,2,17
dg-ga,1995,3,18
dg-ga,1995,4,20
dg-ga,1996,0,46
dg-ga,1996,1,33
dg-ga,1996,2,34
dg-ga,1996,3,34
dg-ga,1996,4,47
dg-ga,1997,0,92
dg-ga,1997,1,31
dg-ga,1997,2,47
dg-ga,1997,3,57
dg-ga,1997,4,80
dg-ga,1998,0,101
dg-ga,1998,1,89
dg-ga,1998,2,74
dg-ga,1998,3,80
dg-ga,1998,4,72
dg-ga,1999,0,172
dg-ga,1999,1,51
dg-ga,1999,2,70
dg-ga,1999,3,74
dg-ga,1999,4,69
dg-ga,2000,0,94
dg-ga,2000,1,71
dg-ga,2000,2,68
dg-ga,2000,3,52
dg-ga,2000,4,72
dg-ga,2001,0,80
dg-ga,2001,1,56
dg-ga,2001,2,82
dg-ga,2001,3,46
dg-ga,2001,4,69
dg-ga,2002,0,79
dg-ga,2002,1,50
dg-ga,2002,2,84
dg-ga,2002,3,71
dg-ga,2002,4,90
dg-ga,2003,0,64
dg-ga,2003,1,88
dg-ga,2003,2,81
dg-ga,2003,3,51
dg-ga,2003,4,59
dg-ga,2004,0,77
dg-ga,2004,1,55
dg-ga,2004,2,65
dg-ga,2004,3,56
dg-ga,2004,4,49
dg-ga,2005,0,79
dg-ga,2005,1,43
dg-ga,2005,2,67
dg-ga,2005,3,64
dg-ga,2005,4,73
dg-ga,2006,0,53
dg-ga,2006,1,53
dg-ga,2006,2,72
dg-ga,2006,3,47
dg-ga,2006,4,61
dg-ga,2007,0,48
dg-ga,2007,1,52
dg-ga,2007,2,53
dg-ga,2007,3,64
dg-ga,2007,4,68
dg-ga,2008,0,64
dg-ga,2008,1,67
dg-ga,2008,2,44
dg-ga,2008,3,49
dg-ga,2008,4,72
dg-ga,2009,0,63
dg-ga,2009,1,48
dg-ga,2009,2,53
dg-ga,2009,3,56
dg-ga,2009,4,54
dg-ga,2010,0,49
dg-ga,2010,1,47
dg-ga,2010,2,61
dg-ga,2010,3,56
dg-ga,2010,4,56
dg-ga,2011,0,61
dg-ga,2011,1,49
dg-ga,2011,2,55
dg-ga,2011,3,50
dg-ga,2011,4,68
dg-ga,2012,0,57
dg-ga,2012,1,61
dg-ga,2012,2,56
dg-ga,2012,3,43
dg-ga,2012,4,73
dg-ga,2013,0,44
dg-ga,2013,1,60
dg-ga,2013,2,191
dg-ga,2013,3,58
dg-ga,2013,4,48
dg-ga,2014,0,46
dg-ga,2014,1,57
dg-ga,2014,2,53
dg-ga,2014,3,62
dg-ga,2014,4,58
dg-ga,2015,0,52
dg-ga,2015,1,50
dg-ga,2015,2,76
dg-ga,2015,3,58
dg-ga,2015,4,59
dg-ga,2016,0,46
dg-ga,2016,1,49
dg-ga,2016,2,50
dg-ga,2016,3,110
dg-ga,2016,4,47
dg-ga,2017,0,29
dg-ga,2017,1,46
dg-ga,2017,2,36
dg-ga,2017,3,46
dg-ga,2017,4,27
dg-ga,2018,0,28
dg-ga,2018,1,41
dg-ga,2018,2,47
dg-ga,2018,3,52
dg-ga,2018,4,59
dg-ga,2019,0,32
dg-ga,2019,1,59
dg-ga,2019,2,39
dg-ga,2019,3,38
dg-ga,2019,4,58
dg-ga,2020,0,47
dg-ga,2020,1,45
dg-ga,2020,2,41
dg-ga,2020,3,54
dg-ga,2020,4,55
dg-ga,2021,0,17
dg-ga,2021,1,99
dg-ga,2021,2,61
dg-ga,2021,3,46
dg-ga,2021,4,56
dg-ga,2022,0,22
dg-ga,2022,1,47
dg-ga,2022,2,45
dg-ga,2022,3,40
dg-ga,2022,4,34
dg-ga,2023,0,17
dg-ga,2023,1,42
dg-ga,2023,2,55
dg-ga,2023,3,38
dg-ga,2023,4,41
dg-ga,2024,0,22
dg-ga,2024,1,34
dg-ga,2024,2,32
dg-ga,2024,3,42
dg-ga,2024,4,33
dg-ga,2025,0,18
dg-ga,2025,1,47
dg-ga,2025,2,31
dg-ga,2025,3,34
dg-ga,2025,4,28
dg-ga,2026,0,7
dg-ga,2026,1,35
dg-ga,2026,2,17
econ.EM,1981,3,2
econ.EM,1985,4,1
econ.EM,1993,0,1
econ.EM,1997,0,1
econ.EM,1999,1,1
econ.EM,2001,4,1
econ.EM,2002,0,1
econ.EM,2004,0,2
econ.EM,2004,3,1
econ.EM,2004,4,4
econ.EM,2005,0,5
econ.EM,2005,2,2
econ.EM,2005,3,1
econ.EM,2006,0,8
econ.EM,2006,2,2
econ.EM,2006,3,2
econ.EM,2006,4,1
econ.EM,2007,0,12
econ.EM,2007,1,3
econ.EM,2007,2,3
econ.EM,2007,3,11
econ.EM,2007,4,3
econ.EM,2008,0,22
econ.EM,2008,1,3
econ.EM,2008,2,8
econ.EM,2008,3,2
econ.EM,2008,4,5
econ.EM,2009,0,38
econ.EM,2009,1,12
econ.EM,2009,2,8
econ.EM,2009,3,12
econ.EM,2009,4,5
econ.EM,2010,0,35
econ.EM,2010,1,11
econ.EM,2010,2,8
econ.EM,2010,3,11
econ.EM,2010,4,10
econ.EM,2011,0,55
econ.EM,2011,1,6
econ.EM,2011,2,20
econ.EM,2011,3,13
econ.EM,2011,4,24
econ.EM,2012,0,61
econ.EM,2012,1,10
econ.EM,2012,2,11
econ.EM,2012,3,7
econ.EM,2012,4,21
econ.EM,2013,0,60
econ.EM,2013,1,19
econ.EM,2013,2,23
econ.EM,2013,3,27
econ.EM,2013,4,24
econ.EM,2014,0,65
econ.EM,2014,1,13
econ.EM,2014,2,37
econ.EM,2014,3,33
econ.EM,2014,4,39
econ.EM,2015,0,80
econ.EM,2015,1,36
econ.EM,2015,2,47
econ.EM,2015,3,34
econ.EM,2015,4,63
econ.EM,2016,0,96
econ.EM,2016,1,58
econ.EM,2016,2,61
econ.EM,2016,3,61
econ.EM,2016,4,67
econ.EM,2017,0,140
econ.EM,2017,1,60
econ.EM,2017,2,92
econ.EM,2017,3,152
econ.EM,2017,4,114
econ.EM,2018,0,213
econ.EM,2018,1,113
econ.EM,2018,2,137
econ.EM,2018,3,175
econ.EM,2018,4,175
econ.EM,2019,0,309
econ.EM,2019,1,153
econ.EM,2019,2,210
econ.EM,2019,3,254
econ.EM,2019,4,291
econ.EM,2020,0,466
econ.EM,2020,1,376
econ.EM,2020,2,351
econ.EM,2020,3,500
econ.EM,2020,4,444
econ.EM,2021,0,757
econ.EM,2021,1,430
econ.EM,2021,2,595
econ.EM,2021,3,568
econ.EM,2021,4,574
econ.EM,2022,0,826
econ.EM,2022,1,536
econ.EM,2022,2,595
econ.EM,2022,3,621
econ.EM,2022,4,600
econ.EM,2023,0,1105
econ.EM,2023,1,671
econ.EM,2023,2,750
econ.EM,2023,3,795
econ.EM,2023,4,764
econ.EM,2024,0,1420
econ.EM,2024,1,947
econ.EM,2024,2,870
econ.EM,2024,3,768
econ.EM,2024,4,881
econ.EM,2025,0,1186
econ.EM,2025,1,879
econ.EM,2025,2,1121
econ.EM,2025,3,914
econ.EM,2025,4,867
econ.EM,2026,0,337
econ.EM,2026,1,717
econ.EM,2026,2,673
econ.GN,1923,0,1
econ.GN,1970,0,1
econ.GN,1978,1,1
econ.GN,1994,0,1
econ.GN,2000,0,1
econ.GN,2006,4,1
econ.GN,2007,4,1
econ.GN,2008,3,1
econ.GN,2008,4,1
econ.GN,2009,0,1
econ.GN,2009,2,2
econ.GN,2009,3,5
econ.GN,2010,0,3
econ.GN,2010,4,4
econ.GN,2011,0,9
econ.GN,2011,1,2
econ.GN,2011,2,2
econ.GN,2011,3,1
econ.GN,2011,4,2
econ.GN,2012,0,7
econ.GN,2012,1,6
econ.GN,2012,2,1
econ.GN,2012,3,3
econ.GN,2012,4,8
econ.GN,2013,0,15
econ.GN,2013,1,5
econ.GN,2013,2,10
econ.GN,2013,3,3
econ.GN,2013,4,10
econ.GN,2014,0,28
econ.GN,2014,1,6
econ.GN,2014,2,9
econ.GN,2014,3,16
econ.GN,2014,4,9
econ.GN,2015,0,56
econ.GN,2015,1,16
econ.GN,2015,2,25
econ.GN,2015,3,21
econ.GN,2015,4,26
econ.GN,2016,0,65
econ.GN,2016,1,30
econ.GN,2016,2,46
econ.GN,2016,3,55
econ.GN,2016,4,97
econ.GN,2017,0,134
econ.GN,2017,1,103
econ.GN,2017,2,109
econ.GN,2017,3,99
econ.GN,2017,4,166
econ.GN,2018,0,152
econ.GN,2018,1,110
econ.GN,2018,2,176
econ.GN,2018,3,169
econ.GN,2018,4,200
econ.GN,2019,0,195
econ.GN,2019,1,177
econ.GN,2019,2,283
econ.GN,2019,3,209
econ.GN,2019,4,301
econ.GN,2020,0,442
econ.GN,2020,1,364
econ.GN,2020,2,486
econ.GN,2020,3,560
econ.GN,2020,4,565
econ.GN,2021,0,649
econ.GN,2021,1,775
econ.GN,2021,2,834
econ.GN,2021,3,878
econ.GN,2021,4,908
econ.GN,2022,0,741
econ.GN,2022,1,808
econ.GN,2022,2,879
econ.GN,2022,3,972
econ.GN,2022,4,1069
econ.GN,2023,0,1036
econ.GN,2023,1,932
econ.GN,2023,2,1122
econ.GN,2023,3,1190
econ.GN,2023,4,1312
econ.GN,2024,0,1322
econ.GN,2024,1,1212
econ.GN,2024,2,1354
econ.GN,2024,3,1180
econ.GN,2024,4,1285
econ.GN,2025,0,1091
econ.GN,2025,1,1182
econ.GN,2025,2,1362
econ.GN,2025,3,1291
econ.GN,2025,4,1157
econ.GN,2026,0,413
econ.GN,2026,1,1097
econ.GN,2026,2,963
econ.TH,2004,3,1
econ.TH,2006,1,1
econ.TH,2007,0,2
econ.TH,2008,2,1
econ.TH,2008,3,4
econ.TH,2008,4,1
econ.TH,2009,0,2
econ.TH,2009,1,1
econ.TH,2010,0,3
econ.TH,2010,2,2
econ.TH,2010,3,1
econ.TH,2010,4,2
econ.TH,2011,0,1
econ.TH,2011,1,2
econ.TH,2011,2,1
econ.TH,2011,3,2
econ.TH,2011,4,3
econ.TH,2012,0,4
econ.TH,2012,2,2
econ.TH,2012,3,3
econ.TH,2012,4,2
econ.TH,2013,0,7
econ.TH,2013,1,1
econ.TH,2013,2,11
econ.TH,2013,3,5
econ.TH,2013,4,7
econ.TH,2014,0,7
econ.TH,2014,1,4
econ.TH,2014,2,12
econ.TH,2014,3,5
econ.TH,2014,4,11
econ.TH,2015,0,20
econ.TH,2015,1,11
econ.TH,2015,2,7
econ.TH,2015,3,6
econ.TH,2015,4,11
econ.TH,2016,0,16
econ.TH,2016,1,11
econ.TH,2016,2,7
econ.TH,2016,3,14
econ.TH,2016,4,12
econ.TH,2017,0,27
econ.TH,2017,1,11
econ.TH,2017,2,15
econ.TH,2017,3,14
econ.TH,2017,4,6
econ.TH,2018,0,33
econ.TH,2018,1,7
econ.TH,2018,2,14
econ.TH,2018,3,20
econ.TH,2018,4,31
econ.TH,2019,0,69
econ.TH,2019,1,11
econ.TH,2019,2,40
econ.TH,2019,3,29
econ.TH,2019,4,25
econ.TH,2020,0,93
econ.TH,2020,1,42
econ.TH,2020,2,72
econ.TH,2020,3,61
econ.TH,2020,4,74
econ.TH,2021,0,140
econ.TH,2021,1,63
econ.TH,2021,2,91
econ.TH,2021,3,107
econ.TH,2021,4,81
econ.TH,2022,0,182
econ.TH,2022,1,56
econ.TH,2022,2,100
econ.TH,2022,3,101
econ.TH,2022,4,104
econ.TH,2023,0,265
econ.TH,2023,1,122
econ.TH,2023,2,136
econ.TH,2023,3,181
econ.TH,2023,4,140
econ.TH,2024,0,305
econ.TH,2024,1,187
econ.TH,2024,2,178
econ.TH,2024,3,170
econ.TH,2024,4,156
econ.TH,2025,0,269
econ.TH,2025,1,139
econ.TH,2025,2,179
econ.TH,2025,3,187
econ.TH,2025,4,145
econ.TH,2026,0,61
econ.TH,2026,1,96
econ.TH,2026,2,102
eess.AS,1993,0,1
eess.AS,1993,2,2
eess.AS,1994,0,2
eess.AS,1994,1,2
eess.AS,1994,3,1
eess.AS,1995,0,6
eess.AS,1995,1,1
eess.AS,1996,0,7
eess.AS,1996,2,2
eess.AS,1996,3,4
eess.AS,1996,4,1
eess.AS,1997,0,2
eess.AS,1997,1,1
eess.AS,1997,2,4
eess.AS,1997,3,1
eess.AS,1997,4,4
eess.AS,1998,0,5
eess.AS,1998,1,4
eess.AS,1998,3,2
eess.AS,1998,4,2
eess.AS,1999,0,11
eess.AS,1999,1,1
eess.AS,1999,2,2
eess.AS,1999,3,6
eess.AS,1999,4,1
eess.AS,2000,0,6
eess.AS,2000,2,1
eess.AS,2000,3,1
eess.AS,2000,4,1
eess.AS,2001,0,3
eess.AS,2001,1,1
eess.AS,2001,2,2
eess.AS,2001,3,1
eess.AS,2001,4,1
eess.AS,2002,0,8
eess.AS,2002,2,8
eess.AS,2002,3,6
eess.AS,2002,4,28
eess.AS,2003,0,5
eess.AS,2003,1,3
eess.AS,2003,2,1
eess.AS,2003,3,2
eess.AS,2003,4,4
eess.AS,2004,0,11
eess.AS,2004,1,6
eess.AS,2004,2,4
eess.AS,2004,3,2
eess.AS,2004,4,5
eess.AS,2005,0,19
eess.AS,2005,2,5
eess.AS,2005,3,5
eess.AS,2005,4,2
eess.AS,2006,0,16
eess.AS,2006,1,7
eess.AS,2006,2,7
eess.AS,2006,3,13
eess.AS,2006,4,6
eess.AS,2007,0,15
eess.AS,2007,1,3
eess.AS,2007,2,6
eess.AS,2007,3,9
eess.AS,2007,4,15
eess.AS,2008,0,8
eess.AS,2008,1,2
eess.AS,2008,2,7
eess.AS,2008,3,7
eess.AS,2008,4,3
eess.AS,2009,0,7
eess.AS,2009,1,2
eess.AS,2009,2,6
eess.AS,2009,3,10
eess.AS,2009,4,7
eess.AS,2010,0,10
eess.AS,2010,1,5
eess.AS,2010,2,13
eess.AS,2010,3,10
eess.AS,2010,4,4
eess.AS,2011,0,8
eess.AS,2011,1,4
eess.AS,2011,2,14
eess.AS,2011,3,7
eess.AS,2011,4,8
eess.AS,2012,0,9
eess.AS,2012,1,36
eess.AS,2012,2,9
eess.AS,2012,3,13
eess.AS,2012,4,17
eess.AS,2013,0,14
eess.AS,2013,1,7
eess.AS,2013,2,12
eess.AS,2013,3,10
eess.AS,2013,4,13
eess.AS,2014,0,15
eess.AS,2014,1,10
eess.AS,2014,2,10
eess.AS,2014,3,24
eess.AS,2014,4,16
eess.AS,2015,0,19
eess.AS,2015,1,7
eess.AS,2015,2,18
eess.AS,2015,3,25
eess.AS,2015,4,21
eess.AS,2016,0,15
eess.AS,2016,1,8
eess.AS,2016,2,20
eess.AS,2016,3,29
eess.AS,2016,4,26
eess.AS,2017,0,48
eess.AS,2017,1,58
eess.AS,2017,2,44
eess.AS,2017,3,100
eess.AS,2017,4,130
eess.AS,2018,0,96
eess.AS,2018,1,78
eess.AS,2018,2,239
eess.AS,2018,3,362
eess.AS,2018,4,573
eess.AS,2019,0,419
eess.AS,2019,1,269
eess.AS,2019,2,941
eess.AS,2019,3,1066
eess.AS,2019,4,1472
eess.AS,2020,0,1228
eess.AS,2020,1,783
eess.AS,2020,2,2494
eess.AS,2020,3,1675
eess.AS,2020,4,4142
eess.AS,2021,0,2471
eess.AS,2021,1,2227
eess.AS,2021,2,4860
eess.AS,2021,3,4633
eess.AS,2021,4,4043
eess.AS,2022,0,2632
eess.AS,2022,1,1681
eess.AS,2022,2,4646
eess.AS,2022,3,4435
eess.AS,2022,4,3639
eess.AS,2023,0,4364
eess.AS,2023,1,2404
eess.AS,2023,2,5963
eess.AS,2023,3,4459
eess.AS,2023,4,5055
eess.AS,2024,0,3733
eess.AS,2024,1,5180
eess.AS,2024,2,3535
eess.AS,2024,3,2856
eess.AS,2024,4,4569
eess.AS,2025,0,2768
eess.AS,2025,1,3674
eess.AS,2025,2,3312
eess.AS,2025,3,2890
eess.AS,2025,4,3420
eess.AS,2026,0,985
eess.AS,2026,1,1375
eess.AS,2026,2,2074
eess.IV,1974,0,1
eess.IV,1980,1,1
eess.IV,1982,3,4
eess.IV,1985,0,3
eess.IV,1986,3,1
eess.IV,1993,0,1
eess.IV,1994,0,1
eess.IV,1994,2,2
eess.IV,1995,0,3
eess.IV,1995,3,3
eess.IV,1996,0,4
eess.IV,1996,3,1
eess.IV,1997,0,6
eess.IV,1997,1,1
eess.IV,1997,2,1
eess.IV,1997,4,1
eess.IV,1998,0,1
eess.IV,1998,1,2
eess.IV,1998,3,1
eess.IV,1999,0,1
eess.IV,1999,3,1
eess.IV,1999,4,1
eess.IV,2000,0,4
eess.IV,2000,1,1
eess.IV,2000,3,1
eess.IV,2000,4,1
eess.IV,2001,0,2
eess.IV,2001,1,1
eess.IV,2001,4,4
eess.IV,2002,0,1
eess.IV,2002,2,1
eess.IV,2002,4,6
eess.IV,2003,0,4
eess.IV,2003,1,1
eess.IV,2003,3,1
eess.IV,2003,4,1
eess.IV,2004,0,4
eess.IV,2004,1,1
eess.IV,2004,2,1
eess.IV,2004,4,2
eess.IV,2005,0,2
eess.IV,2005,1,1
eess.IV,2005,2,2
eess.IV,2006,0,3
eess.IV,2006,1,3
eess.IV,2006,2,1
eess.IV,2006,3,1
eess.IV,2006,4,1
eess.IV,2007,0,6
eess.IV,2007,1,2
eess.IV,2007,2,2
eess.IV,2007,3,4
eess.IV,2007,4,3
eess.IV,2008,0,11
eess.IV,2008,1,2
eess.IV,2008,2,4
eess.IV,2008,3,7
eess.IV,2008,4,6
eess.IV,2009,0,23
eess.IV,2009,1,2
eess.IV,2009,2,8
eess.IV,2009,3,11
eess.IV,2009,4,11
eess.IV,2010,0,12
eess.IV,2010,1,7
eess.IV,2010,2,15
eess.IV,2010,3,12
eess.IV,2010,4,14
eess.IV,2011,0,16
eess.IV,2011,1,4
eess.IV,2011,2,9
eess.IV,2011,3,7
eess.IV,2011,4,14
eess.IV,2012,0,14
eess.IV,2012,1,44
eess.IV,2012,2,20
eess.IV,2012,3,13
eess.IV,2012,4,18
eess.IV,2013,0,23
eess.IV,2013,1,8
eess.IV,2013,2,17
eess.IV,2013,3,15
eess.IV,2013,4,24
eess.IV,2014,0,31
eess.IV,2014,1,20
eess.IV,2014,2,27
eess.IV,2014,3,32
eess.IV,2014,4,26
eess.IV,2015,0,34
eess.IV,2015,1,27
eess.IV,2015,2,50
eess.IV,2015,3,52
eess.IV,2015,4,54
eess.IV,2016,0,59
eess.IV,2016,1,41
eess.IV,2016,2,67
eess.IV,2016,3,80
eess.IV,2016,4,68
eess.IV,2017,0,75
eess.IV,2017,1,73
eess.IV,2017,2,64
eess.IV,2017,3,107
eess.IV,2017,4,109
eess.IV,2018,0,123
eess.IV,2018,1,123
eess.IV,2018,2,236
eess.IV,2018,3,300
eess.IV,2018,4,410
eess.IV,2019,0,391
eess.IV,2019,1,413
eess.IV,2019,2,705
eess.IV,2019,3,912
eess.IV,2019,4,1431
eess.IV,2020,0,2354
eess.IV,2020,1,1426
eess.IV,2020,2,3400
eess.IV,2020,3,4358
eess.IV,2020,4,5749
eess.IV,2021,0,5681
eess.IV,2021,1,5998
eess.IV,2021,2,8723
eess.IV,2021,3,9300
eess.IV,2021,4,10158
eess.IV,2022,0,8008
eess.IV,2022,1,6956
eess.IV,2022,2,9480
eess.IV,2022,3,9781
eess.IV,2022,4,11970
eess.IV,2023,0,10203
eess.IV,2023,1,9098
eess.IV,2023,2,13045
eess.IV,2023,3,12010
eess.IV,2023,4,14326
eess.IV,2024,0,11150
eess.IV,2024,1,12388
eess.IV,2024,2,13377
eess.IV,2024,3,11382
eess.IV,2024,4,13242
eess.IV,2025,0,9442
eess.IV,2025,1,10447
eess.IV,2025,2,12333
eess.IV,2025,3,11697
eess.IV,2025,4,10210
eess.IV,2026,0,2901
eess.IV,2026,1,6787
eess.IV,2026,2,5901
eess.SP,1970,0,1
eess.SP,1974,0,1
eess.SP,1977,4,1
eess.SP,1981,4,1
eess.SP,1983,4,1
eess.SP,1987,0,1
eess.SP,1989,1,1
eess.SP,1990,0,2
eess.SP,1993,0,1
eess.SP,1993,2,2
eess.SP,1994,0,4
eess.SP,1994,1,1
eess.SP,1994,2,1
eess.SP,1995,0,7
eess.SP,1995,1,1
eess.SP,1996,0,8
eess.SP,1996,2,3
eess.SP,1996,3,5
eess.SP,1996,4,1
eess.SP,1997,0,2
eess.SP,1997,1,1
eess.SP,1997,2,4
eess.SP,1997,3,1
eess.SP,1997,4,5
eess.SP,1998,0,5
eess.SP,1998,1,4
eess.SP,1998,2,1
eess.SP,1998,3,2
eess.SP,1999,0,3
eess.SP,1999,1,1
eess.SP,1999,2,2
eess.SP,1999,3,2
eess.SP,1999,4,1
eess.SP,2000,0,3
eess.SP,2000,1,2
eess.SP,2000,2,1
eess.SP,2000,3,1
eess.SP,2000,4,1
eess.SP,2001,1,2
eess.SP,2001,2,2
eess.SP,2001,3,1
eess.SP,2001,4,1
eess.SP,2002,0,3
eess.SP,2002,2,1
eess.SP,2002,3,2
eess.SP,2002,4,27
eess.SP,2003,0,6
eess.SP,2003,1,3
eess.SP,2003,2,3
eess.SP,2003,3,4
eess.SP,2004,0,5
eess.SP,2004,1,5
eess.SP,2004,2,4
eess.SP,2004,3,1
eess.SP,2004,4,4
eess.SP,2005,0,10
eess.SP,2005,2,4
eess.SP,2005,3,4
eess.SP,2005,4,2
eess.SP,2006,0,10
eess.SP,2006,1,3
eess.SP,2006,2,2
eess.SP,2006,3,8
eess.SP,2006,4,8
eess.SP,2007,0,7
eess.SP,2007,1,4
eess.SP,2007,2,5
eess.SP,2007,3,7
eess.SP,2007,4,12
eess.SP,2008,0,5
eess.SP,2008,1,2
eess.SP,2008,2,4
eess.SP,2008,3,6
eess.SP,2008,4,3
eess.SP,2009,0,11
eess.SP,2009,1,2
eess.SP,2009,2,5
eess.SP,2009,3,5
eess.SP,2009,4,1
eess.SP,2010,0,11
eess.SP,2010,1,3
eess.SP,2010,2,7
eess.SP,2010,3,6
eess.SP,2010,4,7
eess.SP,2011,0,6
eess.SP,2011,1,4
eess.SP,2011,2,9
eess.SP,2011,3,9
eess.SP,2011,4,11
eess.SP,2012,0,7
eess.SP,2012,1,28
eess.SP,2012,2,6
eess.SP,2012,3,15
eess.SP,2012,4,19
eess.SP,2013,0,15
eess.SP,2013,1,10
eess.SP,2013,2,19
eess.SP,2013,3,16
eess.SP,2013,4,18
eess.SP,2014,0,17
eess.SP,2014,1,24
eess.SP,2014,2,25
eess.SP,2014,3,39
eess.SP,2014,4,35
eess.SP,2015,0,41
eess.SP,2015,1,21
eess.SP,2015,2,40
eess.SP,2015,3,60
eess.SP,2015,4,57
eess.SP,2016,0,39
eess.SP,2016,1,33
eess.SP,2016,2,70
eess.SP,2016,3,80
eess.SP,2016,4,112
eess.SP,2017,0,93
eess.SP,2017,1,80
eess.SP,2017,2,129
eess.SP,2017,3,168
eess.SP,2017,4,281
eess.SP,2018,0,226
eess.SP,2018,1,307
eess.SP,2018,2,462
eess.SP,2018,3,630
eess.SP,2018,4,862
eess.SP,2019,0,867
eess.SP,2019,1,778
eess.SP,2019,2,1424
eess.SP,2019,3,1706
eess.SP,2019,4,2550
eess.SP,2020,0,2673
eess.SP,2020,1,2068
eess.SP,2020,2,4015
eess.SP,2020,3,4490
eess.SP,2020,4,5942
eess.SP,2021,0,4514
eess.SP,2021,1,5027
eess.SP,2021,2,7435
eess.SP,2021,3,7626
eess.SP,2021,4,8828
eess.SP,2022,0,5775
eess.SP,2022,1,6473
eess.SP,2022,2,9218
eess.SP,2022,3,8894
eess.SP,2022,4,11231
eess.SP,2023,0,7256
eess.SP,2023,1,8817
eess.SP,2023,2,11857
eess.SP,2023,3,11285
eess.SP,2023,4,13451
eess.SP,2024,0,8191
eess.SP,2024,1,9923
eess.SP,2024,2,12211
eess.SP,2024,3,11437
eess.SP,2024,4,12746
eess.SP,2025,0,7308
eess.SP,2025,1,10032
eess.SP,2025,2,11555
eess.SP,2025,3,10840
eess.SP,2025,4,10673
eess.SP,2026,0,3597
eess.SP,2026,1,5128
eess.SP,2026,2,4571
eess.SY,1968,0,1
eess.SY,1986,0,1
eess.SY,1988,0,1
eess.SY,1988,3,1
eess.SY,1989,1,1
eess.SY,1990,0,1
eess.SY,1990,2,1
eess.SY,1991,2,1
eess.SY,1991,4,1
eess.SY,1992,2,1
eess.SY,1993,2,1
eess.SY,1997,0,2
eess.SY,1998,3,2
eess.SY,1999,0,2
eess.SY,1999,4,1
eess.SY,2000,0,9
eess.SY,2000,1,1
eess.SY,2000,2,2
eess.SY,2000,3,4
eess.SY,2000,4,1
eess.SY,2001,0,7
eess.SY,2001,1,3
eess.SY,2001,2,3
eess.SY,2001,3,1
eess.SY,2001,4,1
eess.SY,2002,0,14
eess.SY,2002,1,1
eess.SY,2002,2,3
eess.SY,2002,3,3
eess.SY,2002,4,1
eess.SY,2003,0,5
eess.SY,2003,1,2
eess.SY,2003,2,1
eess.SY,2003,3,1
eess.SY,2003,4,2
eess.SY,2004,0,5
eess.SY,2004,1,2
eess.SY,2004,2,5
eess.SY,2004,3,10
eess.SY,2004,4,4
eess.SY,2005,0,9
eess.SY,2005,1,3
eess.SY,2005,2,3
eess.SY,2005,3,4
eess.SY,2006,0,22
eess.SY,2006,1,6
eess.SY,2006,2,6
eess.SY,2006,3,7
eess.SY,2006,4,14
eess.SY,2007,0,20
eess.SY,2007,1,3
eess.SY,2007,2,12
eess.SY,2007,3,18
eess.SY,2007,4,9
eess.SY,2008,0,16
eess.SY,2008,1,5
eess.SY,2008,2,25
eess.SY,2008,3,9
eess.SY,2008,4,15
eess.SY,2009,0,29
eess.SY,2009,1,13
eess.SY,2009,2,38
eess.SY,2009,3,18
eess.SY,2009,4,24
eess.SY,2010,0,48
eess.SY,2010,1,15
eess.SY,2010,2,38
eess.SY,2010,3,36
eess.SY,2010,4,62
eess.SY,2011,0,92
eess.SY,2011,1,42
eess.SY,2011,2,94
eess.SY,2011,3,132
eess.SY,2011,4,193
eess.SY,2012,0,197
eess.SY,2012,1,145
eess.SY,2012,2,240
eess.SY,2012,3,270
eess.SY,2012,4,363
eess.SY,2013,0,349
eess.SY,2013,1,237
eess.SY,2013,2,424
eess.SY,2013,3,468
eess.SY,2013,4,612
eess.SY,2014,0,622
eess.SY,2014,1,454
eess.SY,2014,2,811
eess.SY,2014,3,728
eess.SY,2014,4,1005
eess.SY,2015,0,687
eess.SY,2015,1,621
eess.SY,2015,2,944
eess.SY,2015,3,1369
eess.SY,2015,4,1388
eess.SY,2016,0,807
eess.SY,2016,1,980
eess.SY,2016,2,1380
eess.SY,2016,3,1704
eess.SY,2016,4,1958
eess.SY,2017,0,840
eess.SY,2017,1,1436
eess.SY,2017,2,1998
eess.SY,2017,3,2512
eess.SY,2017,4,2594
eess.SY,2018,0,1538
eess.SY,2018,1,1731
eess.SY,2018,2,2952
eess.SY,2018,3,2512
eess.SY,2018,4,3292
eess.SY,2019,0,1920
eess.SY,2019,1,2308
eess.SY,2019,2,3579
eess.SY,2019,3,3698
eess.SY,2019,4,4398
eess.SY,2020,0,3427
eess.SY,2020,1,3113
eess.SY,2020,2,4682
eess.SY,2020,3,5572
eess.SY,2020,4,6677
eess.SY,2021,0,3974
eess.SY,2021,1,5233
eess.SY,2021,2,7545
eess.SY,2021,3,6673
eess.SY,2021,4,7929
eess.SY,2022,0,4358
eess.SY,2022,1,5225
eess.SY,2022,2,7343
eess.SY,2022,3,7020
eess.SY,2022,4,8906
eess.SY,2023,0,5737
eess.SY,2023,1,6506
eess.SY,2023,2,8993
eess.SY,2023,3,8279
eess.SY,2023,4,10179
eess.SY,2024,0,6148
eess.SY,2024,1,7071
eess.SY,2024,2,9052
eess.SY,2024,3,8431
eess.SY,2024,4,9294
eess.SY,2025,0,6152
eess.SY,2025,1,6895
eess.SY,2025,2,8819
eess.SY,2025,3,8489
eess.SY,2025,4,7759
eess.SY,2026,0,2301
eess.SY,2026,1,4778
eess.SY,2026,2,4328
funct-an,1987,3,1
funct-an,1989,3,1
funct-an,1991,0,1
funct-an,1991,1,2
funct-an,1992,4,7
funct-an,1993,0,6
funct-an,1993,1,2
funct-an,1993,2,1
funct-an,1993,3,3
funct-an,1993,4,5
funct-an,1994,0,10
funct-an,1994,1,6
funct-an,1994,2,11
funct-an,1994,3,6
funct-an,1994,4,4
funct-an,1995,0,15
funct-an,1995,1,6
funct-an,1995,2,5
funct-an,1995,3,14
funct-an,1995,4,19
funct-an,1996,0,28
funct-an,1996,1,13
funct-an,1996,2,35
funct-an,1996,3,11
funct-an,1996,4,23
funct-an,1997,0,31
funct-an,1997,1,23
funct-an,1997,2,19
funct-an,1997,3,32
funct-an,1997,4,30
funct-an,1998,0,39
funct-an,1998,1,29
funct-an,1998,2,34
funct-an,1998,3,44
funct-an,1998,4,42
funct-an,1999,0,74
funct-an,1999,1,42
funct-an,1999,2,32
funct-an,1999,3,38
funct-an,1999,4,39
funct-an,2000,0,62
funct-an,2000,1,38
funct-an,2000,2,57
funct-an,2000,3,36
funct-an,2000,4,41
funct-an,2001,0,45
funct-an,2001,1,44
funct-an,2001,2,53
funct-an,2001,3,36
funct-an,2001,4,54
funct-an,2002,0,50
funct-an,2002,1,35
funct-an,2002,2,49
funct-an,2002,3,55
funct-an,2002,4,39
funct-an,2003,0,41
funct-an,2003,1,25
funct-an,2003,2,54
funct-an,2003,3,46
funct-an,2003,4,47
funct-an,2004,0,40
funct-an,2004,1,33
funct-an,2004,2,24
funct-an,2004,3,35
funct-an,2004,4,42
funct-an,2005,0,39
funct-an,2005,1,51
funct-an,2005,2,54
funct-an,2005,3,35
funct-an,2005,4,41
funct-an,2006,0,36
funct-an,2006,1,31
funct-an,2006,2,48
funct-an,2006,3,38
funct-an,2006,4,45
funct-an,2007,0,35
funct-an,2007,1,36
funct-an,2007,2,56
funct-an,2007,3,54
funct-an,2007,4,33
funct-an,2008,0,26
funct-an,2008,1,40
funct-an,2008,2,36
funct-an,2008,3,78
funct-an,2008,4,39
funct-an,2009,0,29
funct-an,2009,1,21
funct-an,2009,2,26
funct-an,2009,3,33
funct-an,2009,4,31
funct-an,2010,0,32
funct-an,2010,1,35
funct-an,2010,2,36
funct-an,2010,3,41
funct-an,2010,4,35
funct-an,2011,0,37
funct-an,2011,1,30
funct-an,2011,2,40
funct-an,2011,3,36
funct-an,2011,4,35
funct-an,2012,0,48
funct-an,2012,1,37
funct-an,2012,2,23
funct-an,2012,3,42
funct-an,2012,4,52
funct-an,2013,0,31
funct-an,2013,1,35
funct-an,2013,2,42
funct-an,2013,3,35
funct-an,2013,4,41
funct-an,2014,0,32
funct-an,2014,1,33
funct-an,2014,2,33
funct-an,2014,3,28
funct-an,2014,4,30
funct-an,2015,0,30
funct-an,2015,1,36
funct-an,2015,2,38
funct-an,2015,3,56
funct-an,2015,4,32
funct-an,2016,0,30
funct-an,2016,1,41
funct-an,2016,2,43
funct-an,2016,3,58
funct-an,2016,4,27
funct-an,2017,0,21
funct-an,2017,1,30
funct-an,2017,2,30
funct-an,2017,3,41
funct-an,2017,4,32
funct-an,2018,0,24
funct-an,2018,1,24
funct-an,2018,2,30
funct-an,2018,3,21
funct-an,2018,4,28
funct-an,2019,0,32
funct-an,2019,1,35
funct-an,2019,2,47
funct-an,2019,3,39
funct-an,2019,4,30
funct-an,2020,0,28
funct-an,2020,1,26
funct-an,2020,2,32
funct-an,2020,3,40
funct-an,2020,4,36
funct-an,2021,0,12
funct-an,2021,1,38
funct-an,2021,2,40
funct-an,2021,3,37
funct-an,2021,4,29
funct-an,2022,0,24
funct-an,2022,1,26
funct-an,2022,2,30
funct-an,2022,3,31
funct-an,2022,4,37
funct-an,2023,0,13
funct-an,2023,1,33
funct-an,2023,2,39
funct-an,2023,3,29
funct-an,2023,4,46
funct-an,2024,0,11
funct-an,2024,1,26
funct-an,2024,2,20
funct-an,2024,3,27
funct-an,2024,4,31
funct-an,2025,0,5
funct-an,2025,1,23
funct-an,2025,2,21
funct-an,2025,3,19
funct-an,2025,4,27
funct-an,2026,0,4
funct-an,2026,1,14
funct-an,2026,2,17
gr-qc,1891,3,1
gr-qc,1900,0,39
gr-qc,1911,0,1
gr-qc,1930,3,35
gr-qc,1947,0,34
gr-qc,1950,4,1
gr-qc,1956,4,2
gr-qc,1959,1,1
gr-qc,1962,1,2
gr-qc,1962,2,1
gr-qc,1962,4,5
gr-qc,1963,0,1
gr-qc,1963,3,1
gr-qc,1964,0,1
gr-qc,1964,1,2
gr-qc,1966,0,17
gr-qc,1966,4,1
gr-qc,1967,4,1
gr-qc,1968,1,1
gr-qc,1969,3,3
gr-qc,1969,4,2
gr-qc,1970,0,5
gr-qc,1970,3,1
gr-qc,1971,1,1
gr-qc,1971,3,1
gr-qc,1972,0,2
gr-qc,1972,1,1
gr-qc,1972,2,1
gr-qc,1972,4,1
gr-qc,1973,0,3
gr-qc,1973,2,1
gr-qc,1973,4,1
gr-qc,1974,0,1
gr-qc,1974,4,1
gr-qc,1975,0,1
gr-qc,1975,1,1
gr-qc,1975,3,1
gr-qc,1975,4,1
gr-qc,1976,0,1
gr-qc,1976,1,2
gr-qc,1976,2,1
gr-qc,1976,3,1
gr-qc,1976,4,1
gr-qc,1977,2,3
gr-qc,1977,3,1
gr-qc,1978,0,61
gr-qc,1978,1,1
gr-qc,1978,2,4
gr-qc,1978,4,1
gr-qc,1979,1,1
gr-qc,1979,2,3
gr-qc,1979,3,2
gr-qc,1979,4,5
gr-qc,1980,0,3
gr-qc,1980,1,1
gr-qc,1980,2,10
gr-qc,1980,3,2
gr-qc,1980,4,2
gr-qc,1981,0,3
gr-qc,1981,1,3
gr-qc,1981,2,1
gr-qc,1981,3,1
gr-qc,1981,4,3
gr-qc,1982,0,8
gr-qc,1982,1,4
gr-qc,1982,2,4
gr-qc,1982,4,2
gr-qc,1983,0,4
gr-qc,1983,1,1
gr-qc,1983,2,2
gr-qc,1983,3,3
gr-qc,1984,0,6
gr-qc,1984,1,1
gr-qc,1984,2,2
gr-qc,1984,3,1
gr-qc,1984,4,4
gr-qc,1985,0,11
gr-qc,1985,1,93
gr-qc,1985,2,3
gr-qc,1985,3,7
gr-qc,1985,4,5
gr-qc,1986,0,49
gr-qc,1986,1,2
gr-qc,1986,2,8
gr-qc,1986,3,7
gr-qc,1986,4,6
gr-qc,1987,0,10
gr-qc,1987,1,4
gr-qc,1987,2,6
gr-qc,1987,3,8
gr-qc,1987,4,6
gr-qc,1988,0,11
gr-qc,1988,1,9
gr-qc,1988,2,10
gr-qc,1988,3,8
gr-qc,1988,4,7
gr-qc,1989,0,11
gr-qc,1989,1,14
gr-qc,1989,2,15
gr-qc,1989,3,16
gr-qc,1989,4,12
gr-qc,1990,0,20
gr-qc,1990,1,6
gr-qc,1990,2,16
gr-qc,1990,3,15
gr-qc,1990,4,12
gr-qc,1991,0,14
gr-qc,1991,1,6
gr-qc,1991,2,58
gr-qc,1991,3,14
gr-qc,1991,4,9
gr-qc,1992,0,37
gr-qc,1992,1,17
gr-qc,1992,2,26
gr-qc,1992,3,23
gr-qc,1992,4,54
gr-qc,1993,0,62
gr-qc,1993,1,337
gr-qc,1993,2,113
gr-qc,1993,3,141
gr-qc,1993,4,210
gr-qc,1994,0,273
gr-qc,1994,1,263
gr-qc,1994,2,414
gr-qc,1994,3,551
gr-qc,1994,4,682
gr-qc,1995,0,444
gr-qc,1995,1,625
gr-qc,1995,2,919
gr-qc,1995,3,1074
gr-qc,1995,4,1457
gr-qc,1996,0,1014
gr-qc,1996,1,910
gr-qc,1996,2,1378
gr-qc,1996,3,1442
gr-qc,1996,4,1753
gr-qc,1997,0,1323
gr-qc,1997,1,1601
gr-qc,1997,2,1803
gr-qc,1997,3,2037
gr-qc,1997,4,2023
gr-qc,1998,0,1777
gr-qc,1998,1,2184
gr-qc,1998,2,2949
gr-qc,1998,3,2633
gr-qc,1998,4,3052
gr-qc,1999,0,3204
gr-qc,1999,1,2625
gr-qc,1999,2,2537
gr-qc,1999,3,2664
gr-qc,1999,4,3876
gr-qc,2000,0,2853
gr-qc,2000,1,3090
gr-qc,2000,2,3920
gr-qc,2000,3,4641
gr-qc,2000,4,4287
gr-qc,2001,0,3117
gr-qc,2001,1,4225
gr-qc,2001,2,4890
gr-qc,2001,3,5479
gr-qc,2001,4,5487
gr-qc,2002,0,2995
gr-qc,2002,1,5686
gr-qc,2002,2,6767
gr-qc,2002,3,6926
gr-qc,2002,4,8249
gr-qc,2003,0,3516
gr-qc,2003,1,6664
gr-qc,2003,2,7860
gr-qc,2003,3,7882
gr-qc,2003,4,8753
gr-qc,2004,0,4136
gr-qc,2004,1,8766
gr-qc,2004,2,9096
gr-qc,2004,3,8722
gr-qc,2004,4,12361
gr-qc,2005,0,4872
gr-qc,2005,1,9433
gr-qc,2005,2,11403
gr-qc,2005,3,11780
gr-qc,2005,4,13147
gr-qc,2006,0,5206
gr-qc,2006,1,14240
gr-qc,2006,2,13723
gr-qc,2006,3,13297
gr-qc,2006,4,14776
gr-qc,2007,0,4146
gr-qc,2007,1,13665
gr-qc,2007,2,14989
gr-qc,2007,3,13859
gr-qc,2007,4,18021
gr-qc,2008,0,6043
gr-qc,2008,1,15402
gr-qc,2008,2,17423
gr-qc,2008,3,18641
gr-qc,2008,4,17490
gr-qc,2009,0,7599
gr-qc,2009,1,18060
gr-qc,2009,2,21159
gr-qc,2009,3,19435
gr-qc,2009,4,19693
gr-qc,2010,0,8061
gr-qc,2010,1,18333
gr-qc,2010,2,23083
gr-qc,2010,3,20744
gr-qc,2010,4,21796
gr-qc,2011,0,9242
gr-qc,2011,1,19758
gr-qc,2011,2,22754
gr-qc,2011,3,25459
gr-qc,2011,4,23596
gr-qc,2012,0,9460
gr-qc,2012,1,23112
gr-qc,2012,2,24764
gr-qc,2012,3,24362
gr-qc,2012,4,31472
gr-qc,2013,0,11496
gr-qc,2013,1,24074
gr-qc,2013,2,26957
gr-qc,2013,3,35541
gr-qc,2013,4,29343
gr-qc,2014,0,14737
gr-qc,2014,1,25408
gr-qc,2014,2,28600
gr-qc,2014,3,30094
gr-qc,2014,4,33102
gr-qc,2015,0,10943
gr-qc,2015,1,26562
gr-qc,2015,2,33748
gr-qc,2015,3,32458
gr-qc,2015,4,34975
gr-qc,2016,0,11457
gr-qc,2016,1,31169
gr-qc,2016,2,36309
gr-qc,2016,3,50248
gr-qc,2016,4,34845
gr-qc,2017,0,14449
gr-qc,2017,1,32631
gr-qc,2017,2,33434
gr-qc,2017,3,36052
gr-qc,2017,4,39417
gr-qc,2018,0,12655
gr-qc,2018,1,42676
gr-qc,2018,2,43212
gr-qc,2018,3,42379
gr-qc,2018,4,52346
gr-qc,2019,0,12709
gr-qc,2019,1,42263
gr-qc,2019,2,47017
gr-qc,2019,3,50580
gr-qc,2019,4,55163
gr-qc,2020,0,13808
gr-qc,2020,1,52672
gr-qc,2020,2,51993
gr-qc,2020,3,63146
gr-qc,2020,4,58754
gr-qc,2021,0,16972
gr-qc,2021,1,59744
gr-qc,2021,2,69554
gr-qc,2021,3,65558
gr-qc,2021,4,71549
gr-qc,2022,0,15236
gr-qc,2022,1,56848
gr-qc,2022,2,63894
gr-qc,2022,3,61263
gr-qc,2022,4,61669
gr-qc,2023,0,12644
gr-qc,2023,1,62724
gr-qc,2023,2,69868
gr-qc,2023,3,76288
gr-qc,2023,4,75326
gr-qc,2024,0,15737
gr-qc,2024,1,60969
gr-qc,2024,2,65725
gr-qc,2024,3,67594
gr-qc,2024,4,66718
gr-qc,2025,0,13106
gr-qc,2025,1,62235
gr-qc,2025,2,76969
gr-qc,2025,3,63064
gr-qc,2025,4,58726
gr-qc,2026,0,5167
gr-qc,2026,1,56154
gr-qc,2026,2,40022
hep-ex,1900,0,547
hep-ex,1962,1,18
hep-ex,1964,1,1
hep-ex,1969,3,3
hep-ex,1970,0,18
hep-ex,1971,0,8
hep-ex,1971,3,10
hep-ex,1972,0,1
hep-ex,1975,2,5
hep-ex,1976,4,2
hep-ex,1980,3,2
hep-ex,1982,0,1
hep-ex,1986,0,1
hep-ex,1986,4,2
hep-ex,1987,0,1
hep-ex,1987,1,5
hep-ex,1987,2,8
hep-ex,1987,3,5
hep-ex,1987,4,12
hep-ex,1988,0,45
hep-ex,1988,1,6
hep-ex,1988,2,5
hep-ex,1988,3,2
hep-ex,1988,4,6
hep-ex,1989,0,5
hep-ex,1989,1,2
hep-ex,1989,2,4
hep-ex,1989,3,1
hep-ex,1989,4,3
hep-ex,1990,0,43
hep-ex,1990,1,2
hep-ex,1990,2,4
hep-ex,1990,3,4
hep-ex,1990,4,5
hep-ex,1991,1,3
hep-ex,1991,2,6
hep-ex,1991,3,7
hep-ex,1991,4,1
hep-ex,1992,0,2
hep-ex,1992,1,7
hep-ex,1992,2,4
hep-ex,1992,3,4
hep-ex,1992,4,6
hep-ex,1993,0,11
hep-ex,1993,1,20
hep-ex,1993,2,7
hep-ex,1993,4,3
hep-ex,1994,0,15
hep-ex,1994,1,5
hep-ex,1994,2,4
hep-ex,1994,3,26
hep-ex,1994,4,37
hep-ex,1995,0,98
hep-ex,1995,1,94
hep-ex,1995,2,127
hep-ex,1995,3,192
hep-ex,1995,4,275
hep-ex,1996,0,210
hep-ex,1996,1,222
hep-ex,1996,2,450
hep-ex,1996,3,313
hep-ex,1996,4,455
hep-ex,1997,0,278
hep-ex,1997,1,286
hep-ex,1997,2,392
hep-ex,1997,3,436
hep-ex,1997,4,474
hep-ex,1998,0,375
hep-ex,1998,1,490
hep-ex,1998,2,637
hep-ex,1998,3,885
hep-ex,1998,4,898
hep-ex,1999,0,859
hep-ex,1999,1,797
hep-ex,1999,2,1033
hep-ex,1999,3,1194
hep-ex,1999,4,1432
hep-ex,2000,0,1121
hep-ex,2000,1,1520
hep-ex,2000,2,1909
hep-ex,2000,3,1932
hep-ex,2000,4,1925
hep-ex,2001,0,1946
hep-ex,2001,1,1817
hep-ex,2001,2,2858
hep-ex,2001,3,2371
hep-ex,2001,4,2790
hep-ex,2002,0,1927
hep-ex,2002,1,2733
hep-ex,2002,2,3459
hep-ex,2002,3,3843
hep-ex,2002,4,3821
hep-ex,2003,0,2341
hep-ex,2003,1,3644
hep-ex,2003,2,5290
hep-ex,2003,3,4129
hep-ex,2003,4,4036
hep-ex,2004,0,1951
hep-ex,2004,1,4003
hep-ex,2004,2,4526
hep-ex,2004,3,4812
hep-ex,2004,4,6100
hep-ex,2005,0,2367
hep-ex,2005,1,5024
hep-ex,2005,2,5912
hep-ex,2005,3,5582
hep-ex,2005,4,4968
hep-ex,2006,0,1887
hep-ex,2006,1,5974
hep-ex,2006,2,5010
hep-ex,2006,3,5512
hep-ex,2006,4,6840
hep-ex,2007,0,1954
hep-ex,2007,1,5484
hep-ex,2007,2,7068
hep-ex,2007,3,5392
hep-ex,2007,4,7323
hep-ex,2008,0,2065
hep-ex,2008,1,5321
hep-ex,2008,2,6875
hep-ex,2008,3,8766
hep-ex,2008,4,7192
hep-ex,2009,0,2890
hep-ex,2009,1,5744
hep-ex,2009,2,7620
hep-ex,2009,3,7439
hep-ex,2009,4,7449
hep-ex,2010,0,3119
hep-ex,2010,1,6646
hep-ex,2010,2,7227
hep-ex,2010,3,7366
hep-ex,2010,4,8118
hep-ex,2011,0,4569
hep-ex,2011,1,7016
hep-ex,2011,2,8780
hep-ex,2011,3,11052
hep-ex,2011,4,10914
hep-ex,2012,0,5604
hep-ex,2012,1,10756
hep-ex,2012,2,11123
hep-ex,2012,3,13614
hep-ex,2012,4,15315
hep-ex,2013,0,7696
hep-ex,2013,1,12292
hep-ex,2013,2,13077
hep-ex,2013,3,16575
hep-ex,2013,4,13040
hep-ex,2014,0,9637
hep-ex,2014,1,10697
hep-ex,2014,2,14347
hep-ex,2014,3,15678
hep-ex,2014,4,15045
hep-ex,2015,0,10043
hep-ex,2015,1,13324
hep-ex,2015,2,16354
hep-ex,2015,3,16938
hep-ex,2015,4,16550
hep-ex,2016,0,11052
hep-ex,2016,1,16715
hep-ex,2016,2,22870
hep-ex,2016,3,22322
hep-ex,2016,4,17351
hep-ex,2017,0,9119
hep-ex,2017,1,15453
hep-ex,2017,2,16796
hep-ex,2017,3,17293
hep-ex,2017,4,21165
hep-ex,2018,0,8702
hep-ex,2018,1,15726
hep-ex,2018,2,16100
hep-ex,2018,3,17450
hep-ex,2018,4,18282
hep-ex,2019,0,9020
hep-ex,2019,1,16940
hep-ex,2019,2,19961
hep-ex,2019,3,19030
hep-ex,2019,4,19675
hep-ex,2020,0,8905
hep-ex,2020,1,19142
hep-ex,2020,2,25452
hep-ex,2020,3,21820
hep-ex,2020,4,23268
hep-ex,2021,0,8078
hep-ex,2021,1,21774
hep-ex,2021,2,26244
hep-ex,2021,3,27251
hep-ex,2021,4,26885
hep-ex,2022,0,6712
hep-ex,2022,1,22133
hep-ex,2022,2,26577
hep-ex,2022,3,24247
hep-ex,2022,4,24357
hep-ex,2023,0,6113
hep-ex,2023,1,23875
hep-ex,2023,2,22439
hep-ex,2023,3,27145
hep-ex,2023,4,25108
hep-ex,2024,0,4117
hep-ex,2024,1,20600
hep-ex,2024,2,20881
hep-ex,2024,3,20440
hep-ex,2024,4,20531
hep-ex,2025,0,3500
hep-ex,2025,1,18783
hep-ex,2025,2,21895
hep-ex,2025,3,18999
hep-ex,2025,4,18316
hep-ex,2026,0,2615
hep-ex,2026,1,17025
hep-ex,2026,2,10755
hep-lat,1900,0,115
hep-lat,1954,1,1
hep-lat,1956,2,1
hep-lat,1961,2,1
hep-lat,1962,1,1
hep-lat,1970,3,3
hep-lat,1971,0,2
hep-lat,1971,3,1
hep-lat,1972,0,2
hep-lat,1972,2,1
hep-lat,1978,0,4
hep-lat,1979,0,21
hep-lat,1981,2,2
hep-lat,1983,2,1
hep-lat,1984,0,1
hep-lat,1985,0,1
hep-lat,1987,0,6
hep-lat,1988,0,1
hep-lat,1988,1,1
hep-lat,1988,4,2
hep-lat,1989,0,1
hep-lat,1989,2,2
hep-lat,1989,3,2
hep-lat,1989,4,2
hep-lat,1990,0,39
hep-lat,1990,1,1
hep-lat,1990,2,1
hep-lat,1990,3,1
hep-lat,1990,4,3
hep-lat,1991,0,3
hep-lat,1991,1,2
hep-lat,1991,2,1
hep-lat,1991,3,6
hep-lat,1991,4,3
hep-lat,1992,0,80
hep-lat,1992,2,12
hep-lat,1992,3,27
hep-lat,1992,4,47
hep-lat,1993,0,166
hep-lat,1993,1,185
hep-lat,1993,2,105
hep-lat,1993,3,189
hep-lat,1993,4,253
hep-lat,1994,0,405
hep-lat,1994,1,226
hep-lat,1994,2,607
hep-lat,1994,3,347
hep-lat,1994,4,419
hep-lat,1995,0,412
hep-lat,1995,1,356
hep-lat,1995,2,1048
hep-lat,1995,3,592
hep-lat,1995,4,636
hep-lat,1996,0,863
hep-lat,1996,1,969
hep-lat,1996,2,918
hep-lat,1996,3,814
hep-lat,1996,4,1041
hep-lat,1997,0,849
hep-lat,1997,1,1349
hep-lat,1997,2,905
hep-lat,1997,3,855
hep-lat,1997,4,1121
hep-lat,1998,0,1277
hep-lat,1998,1,844
hep-lat,1998,2,2124
hep-lat,1998,3,1591
hep-lat,1998,4,1857
hep-lat,1999,0,1249
hep-lat,1999,1,2312
hep-lat,1999,2,1433
hep-lat,1999,3,1600
hep-lat,1999,4,1506
hep-lat,2000,0,1681
hep-lat,2000,1,1492
hep-lat,2000,2,2445
hep-lat,2000,3,1905
hep-lat,2000,4,1901
hep-lat,2001,0,1805
hep-lat,2001,1,2666
hep-lat,2001,2,2026
hep-lat,2001,3,2322
hep-lat,2001,4,2274
hep-lat,2002,0,1763
hep-lat,2002,1,3709
hep-lat,2002,2,2738
hep-lat,2002,3,2356
hep-lat,2002,4,2700
hep-lat,2003,0,1398
hep-lat,2003,1,2339
hep-lat,2003,2,3803
hep-lat,2003,3,2636
hep-lat,2003,4,2765
hep-lat,2004,0,1425
hep-lat,2004,1,4116
hep-lat,2004,2,3106
hep-lat,2004,3,3520
hep-lat,2004,4,3787
hep-lat,2005,0,1537
hep-lat,2005,1,4697
hep-lat,2005,2,3802
hep-lat,2005,3,4201
hep-lat,2005,4,5106
hep-lat,2006,0,1299
hep-lat,2006,1,4340
hep-lat,2006,2,3566
hep-lat,2006,3,3926
hep-lat,2006,4,4805
hep-lat,2007,0,1249
hep-lat,2007,1,4400
hep-lat,2007,2,3742
hep-lat,2007,3,3559
hep-lat,2007,4,5277
hep-lat,2008,0,1337
hep-lat,2008,1,4464
hep-lat,2008,2,3937
hep-lat,2008,3,4609
hep-lat,2008,4,4642
hep-lat,2009,0,1526
hep-lat,2009,1,4038
hep-lat,2009,2,4512
hep-lat,2009,3,4737
hep-lat,2009,4,5309
hep-lat,2010,0,2107
hep-lat,2010,1,4084
hep-lat,2010,2,5244
hep-lat,2010,3,4597
hep-lat,2010,4,5814
hep-lat,2011,0,2502
hep-lat,2011,1,4015
hep-lat,2011,2,5123
hep-lat,2011,3,4915
hep-lat,2011,4,5460
hep-lat,2012,0,2508
hep-lat,2012,1,5047
hep-lat,2012,2,5328
hep-lat,2012,3,6045
hep-lat,2012,4,8290
hep-lat,2013,0,3416
hep-lat,2013,1,5479
hep-lat,2013,2,6678
hep-lat,2013,3,6674
hep-lat,2013,4,6364
hep-lat,2014,0,3250
hep-lat,2014,1,5572
hep-lat,2014,2,6845
hep-lat,2014,3,6651
hep-lat,2014,4,6763
hep-lat,2015,0,2374
hep-lat,2015,1,6084
hep-lat,2015,2,7836
hep-lat,2015,3,6870
hep-lat,2015,4,8308
hep-lat,2016,0,4117
hep-lat,2016,1,6449
hep-lat,2016,2,7906
hep-lat,2016,3,9997
hep-lat,2016,4,8651
hep-lat,2017,0,4226
hep-lat,2017,1,7617
hep-lat,2017,2,6358
hep-lat,2017,3,7030
hep-lat,2017,4,7720
hep-lat,2018,0,4864
hep-lat,2018,1,7484
hep-lat,2018,2,6830
hep-lat,2018,3,7446
hep-lat,2018,4,8406
hep-lat,2019,0,3417
hep-lat,2019,1,7603
hep-lat,2019,2,10658
hep-lat,2019,3,8186
hep-lat,2019,4,9496
hep-lat,2020,0,3535
hep-lat,2020,1,10333
hep-lat,2020,2,10336
hep-lat,2020,3,11832
hep-lat,2020,4,10882
hep-lat,2021,0,3346
hep-lat,2021,1,10121
hep-lat,2021,2,12843
hep-lat,2021,3,11941
hep-lat,2021,4,13374
hep-lat,2022,0,3763
hep-lat,2022,1,9732
hep-lat,2022,2,14620
hep-lat,2022,3,9732
hep-lat,2022,4,11809
hep-lat,2023,0,2135
hep-lat,2023,1,11778
hep-lat,2023,2,11146
hep-lat,2023,3,10786
hep-lat,2023,4,12335
hep-lat,2024,0,1563
hep-lat,2024,1,9557
hep-lat,2024,2,10957
hep-lat,2024,3,9628
hep-lat,2024,4,8615
hep-lat,2025,0,1206
hep-lat,2025,1,9034
hep-lat,2025,2,12247
hep-lat,2025,3,8497
hep-lat,2025,4,8594
hep-lat,2026,0,1168
hep-lat,2026,1,8006
hep-lat,2026,2,5037
hep-ph,1900,0,694
hep-ph,1911,0,1
hep-ph,1924,0,1
hep-ph,1928,0,1
hep-ph,1930,3,18
hep-ph,1943,0,2
hep-ph,1944,4,1
hep-ph,1946,0,2
hep-ph,1947,0,2
hep-ph,1956,0,1
hep-ph,1959,0,2
hep-ph,1962,1,38
hep-ph,1962,2,1
hep-ph,1962,4,1
hep-ph,1963,3,1
hep-ph,1964,0,1
hep-ph,1964,1,27
hep-ph,1965,2,1
hep-ph,1966,0,10
hep-ph,1969,3,13
hep-ph,1970,0,11
hep-ph,1970,3,1
hep-ph,1971,0,12
hep-ph,1971,1,1
hep-ph,1971,2,1
hep-ph,1971,3,17
hep-ph,1971,4,2
hep-ph,1972,0,6
hep-ph,1972,1,1
hep-ph,1974,0,1
hep-ph,1974,1,1
hep-ph,1974,2,2
hep-ph,1974,3,1
hep-ph,1976,3,1
hep-ph,1977,1,1
hep-ph,1977,4,1
hep-ph,1978,0,12
hep-ph,1978,3,1
hep-ph,1979,0,15
hep-ph,1979,1,2
hep-ph,1979,2,1
hep-ph,1979,4,1
hep-ph,1980,0,1
hep-ph,1980,1,1
hep-ph,1980,2,14
hep-ph,1980,3,2
hep-ph,1980,4,1
hep-ph,1981,0,1
hep-ph,1981,1,3
hep-ph,1981,2,4
hep-ph,1981,3,3
hep-ph,1981,4,3
hep-ph,1982,0,5
hep-ph,1982,2,4
hep-ph,1982,3,2
hep-ph,1983,0,2
hep-ph,1983,1,1
hep-ph,1983,2,2
hep-ph,1983,3,2
hep-ph,1984,0,5
hep-ph,1984,2,1
hep-ph,1984,3,1
hep-ph,1984,4,1
hep-ph,1985,0,1
hep-ph,1985,1,4
hep-ph,1985,3,3
hep-ph,1985,4,1
hep-ph,1986,0,3
hep-ph,1986,1,1
hep-ph,1986,4,2
hep-ph,1987,0,14
hep-ph,1987,1,6
hep-ph,1987,2,9
hep-ph,1987,3,6
hep-ph,1987,4,17
hep-ph,1988,0,49
hep-ph,1988,1,10
hep-ph,1988,2,8
hep-ph,1988,3,9
hep-ph,1988,4,8
hep-ph,1989,0,12
hep-ph,1989,1,3
hep-ph,1989,2,8
hep-ph,1989,3,10
hep-ph,1989,4,8
hep-ph,1990,0,109
hep-ph,1990,1,10
hep-ph,1990,2,12
hep-ph,1990,3,7
hep-ph,1990,4,9
hep-ph,1991,0,9
hep-ph,1991,1,10
hep-ph,1991,2,21
hep-ph,1991,3,21
hep-ph,1991,4,16
hep-ph,1992,0,69
hep-ph,1992,1,21
hep-ph,1992,2,58
hep-ph,1992,3,65
hep-ph,1992,4,146
hep-ph,1993,0,357
hep-ph,1993,1,282
hep-ph,1993,2,410
hep-ph,1993,3,620
hep-ph,1993,4,890
hep-ph,1994,0,1279
hep-ph,1994,1,901
hep-ph,1994,2,1833
hep-ph,1994,3,2179
hep-ph,1994,4,1838
hep-ph,1995,0,2678
hep-ph,1995,1,2235
hep-ph,1995,2,3408
hep-ph,1995,3,3585
hep-ph,1995,4,3758
hep-ph,1996,0,3634
hep-ph,1996,1,3230
hep-ph,1996,2,5579
hep-ph,1996,3,5065
hep-ph,1996,4,6754
hep-ph,1997,0,4489
hep-ph,1997,1,4358
hep-ph,1997,2,6007
hep-ph,1997,3,6368
hep-ph,1997,4,7137
hep-ph,1998,0,5002
hep-ph,1998,1,5911
hep-ph,1998,2,8560
hep-ph,1998,3,8867
hep-ph,1998,4,9778
hep-ph,1999,0,6929
hep-ph,1999,1,7619
hep-ph,1999,2,9227
hep-ph,1999,3,8679
hep-ph,1999,4,12002
hep-ph,2000,0,8058
hep-ph,2000,1,10047
hep-ph,2000,2,13491
hep-ph,2000,3,13065
hep-ph,2000,4,13630
hep-ph,2001,0,11163
hep-ph,2001,1,13182
hep-ph,2001,2,16754
hep-ph,2001,3,15463
hep-ph,2001,4,16505
hep-ph,2002,0,10324
hep-ph,2002,1,16893
hep-ph,2002,2,19249
hep-ph,2002,3,19707
hep-ph,2002,4,21139
hep-ph,2003,0,9625
hep-ph,2003,1,19786
hep-ph,2003,2,27375
hep-ph,2003,3,21315
hep-ph,2003,4,23592
hep-ph,2004,0,9691
hep-ph,2004,1,22656
hep-ph,2004,2,24567
hep-ph,2004,3,27028
hep-ph,2004,4,32167
hep-ph,2005,0,10244
hep-ph,2005,1,25853
hep-ph,2005,2,29719
hep-ph,2005,3,29844
hep-ph,2005,4,30344
hep-ph,2006,0,10449
hep-ph,2006,1,32228
hep-ph,2006,2,30372
hep-ph,2006,3,31676
hep-ph,2006,4,37868
hep-ph,2007,0,9339
hep-ph,2007,1,33560
hep-ph,2007,2,35142
hep-ph,2007,3,30609
hep-ph,2007,4,39502
hep-ph,2008,0,10811
hep-ph,2008,1,33190
hep-ph,2008,2,37639
hep-ph,2008,3,41262
hep-ph,2008,4,38795
hep-ph,2009,0,14223
hep-ph,2009,1,37312
hep-ph,2009,2,42703
hep-ph,2009,3,42466
hep-ph,2009,4,43207
hep-ph,2010,0,15893
hep-ph,2010,1,37747
hep-ph,2010,2,40665
hep-ph,2010,3,42289
hep-ph,2010,4,44929
hep-ph,2011,0,20294
hep-ph,2011,1,36820
hep-ph,2011,2,44271
hep-ph,2011,3,47856
hep-ph,2011,4,49783
hep-ph,2012,0,20982
hep-ph,2012,1,46776
hep-ph,2012,2,46036
hep-ph,2012,3,50918
hep-ph,2012,4,64420
hep-ph,2013,0,28156
hep-ph,2013,1,47496
hep-ph,2013,2,52611
hep-ph,2013,3,64433
hep-ph,2013,4,52004
hep-ph,2014,0,29856
hep-ph,2014,1,47084
hep-ph,2014,2,58400
hep-ph,2014,3,61721
hep-ph,2014,4,60499
hep-ph,2015,0,27555
hep-ph,2015,1,51318
hep-ph,2015,2,65055
hep-ph,2015,3,63094
hep-ph,2015,4,64065
hep-ph,2016,0,33664
hep-ph,2016,1,61271
hep-ph,2016,2,76037
hep-ph,2016,3,91996
hep-ph,2016,4,66892
hep-ph,2017,0,31287
hep-ph,2017,1,55683
hep-ph,2017,2,59937
hep-ph,2017,3,61748
hep-ph,2017,4,73048
hep-ph,2018,0,26507
hep-ph,2018,1,61610
hep-ph,2018,2,63964
hep-ph,2018,3,65318
hep-ph,2018,4,69415
hep-ph,2019,0,28216
hep-ph,2019,1,64465
hep-ph,2019,2,76378
hep-ph,2019,3,71251
hep-ph,2019,4,73324
hep-ph,2020,0,27654
hep-ph,2020,1,72276
hep-ph,2020,2,86688
hep-ph,2020,3,84807
hep-ph,2020,4,86602
hep-ph,2021,0,26660
hep-ph,2021,1,80900
hep-ph,2021,2,103099
hep-ph,2021,3,97078
hep-ph,2021,4,97779
hep-ph,2022,0,26389
hep-ph,2022,1,75959
hep-ph,2022,2,94433
hep-ph,2022,3,87466
hep-ph,2022,4,86518
hep-ph,2023,0,17278
hep-ph,2023,1,83845
hep-ph,2023,2,86767
hep-ph,2023,3,94906
hep-ph,2023,4,93810
hep-ph,2024,0,13607
hep-ph,2024,1,77027
hep-ph,2024,2,78826
hep-ph,2024,3,76595
hep-ph,2024,4,76210
hep-ph,2025,0,12515
hep-ph,2025,1,70803
hep-ph,2025,2,85677
hep-ph,2025,3,73131
hep-ph,2025,4,67593
hep-ph,2026,0,7239
hep-ph,2026,1,68418
hep-ph,2026,2,41036
hep-th,1891,3,1
hep-th,1900,0,128
hep-th,1921,2,13
hep-th,1926,3,1
hep-th,1926,4,1
hep-th,1930,0,1
hep-th,1930,3,70
hep-th,1947,0,78
hep-th,1956,4,4
hep-th,1958,3,1
hep-th,1959,1,1
hep-th,1961,2,5
hep-th,1962,1,3
hep-th,1962,2,4
hep-th,1962,4,8
hep-th,1963,0,41
hep-th,1963,3,1
hep-th,1964,1,9
hep-th,1966,0,11
hep-th,1968,3,1
hep-th,1969,3,9
hep-th,1969,4,2
hep-th,1970,0,19
hep-th,1970,3,7
hep-th,1971,3,7
hep-th,1972,0,5
hep-th,1972,1,1
hep-th,1973,2,1
hep-th,1973,4,5
hep-th,1974,1,2
hep-th,1974,4,1
hep-th,1975,1,1
hep-th,1975,4,1
hep-th,1976,0,1
hep-th,1976,2,1
hep-th,1976,3,5
hep-th,1976,4,2
hep-th,1977,0,27
hep-th,1977,1,1
hep-th,1977,3,1
hep-th,1977,4,1
hep-th,1978,0,90
hep-th,1978,3,1
hep-th,1979,0,1
hep-th,1979,2,2
hep-th,1979,3,2
hep-th,1979,4,2
hep-th,1980,0,1
hep-th,1980,1,1
hep-th,1980,2,20
hep-th,1980,4,1
hep-th,1981,0,1
hep-th,1981,1,3
hep-th,1981,3,5
hep-th,1981,4,5
hep-th,1982,0,7
hep-th,1982,2,2
hep-th,1982,3,1
hep-th,1982,4,1
hep-th,1983,0,3
hep-th,1983,1,1
hep-th,1983,2,2
hep-th,1983,3,1
hep-th,1984,0,3
hep-th,1984,1,1
hep-th,1984,3,2
hep-th,1984,4,1
hep-th,1985,0,6
hep-th,1985,1,8
hep-th,1985,3,7
hep-th,1985,4,3
hep-th,1986,0,27
hep-th,1986,1,3
hep-th,1986,3,4
hep-th,1986,4,2
hep-th,1987,0,6
hep-th,1987,1,1
hep-th,1987,2,2
hep-th,1987,3,6
hep-th,1987,4,3
hep-th,1988,0,11
hep-th,1988,1,3
hep-th,1988,2,8
hep-th,1988,3,6
hep-th,1988,4,7
hep-th,1989,0,10
hep-th,1989,1,17
hep-th,1989,2,15
hep-th,1989,3,11
hep-th,1989,4,16
hep-th,1990,0,31
hep-th,1990,1,8
hep-th,1990,2,20
hep-th,1990,3,22
hep-th,1990,4,14
hep-th,1991,0,16
hep-th,1991,1,16
hep-th,1991,2,51
hep-th,1991,3,25
hep-th,1991,4,44
hep-th,1992,0,276
hep-th,1992,1,69
hep-th,1992,2,164
hep-th,1992,3,350
hep-th,1992,4,607
hep-th,1993,0,1028
hep-th,1993,1,659
hep-th,1993,2,966
hep-th,1993,3,1259
hep-th,1993,4,1377
hep-th,1994,0,1993
hep-th,1994,1,1398
hep-th,1994,2,2050
hep-th,1994,3,2465
hep-th,1994,4,2664
hep-th,1995,0,2451
hep-th,1995,1,2354
hep-th,1995,2,3818
hep-th,1995,3,3935
hep-th,1995,4,4424
hep-th,1996,0,4245
hep-th,1996,1,3504
hep-th,1996,2,5243
hep-th,1996,3,5296
hep-th,1996,4,6422
hep-th,1997,0,6322
hep-th,1997,1,5224
hep-th,1997,2,6829
hep-th,1997,3,7797
hep-th,1997,4,7793
hep-th,1998,0,6864
hep-th,1998,1,7670
hep-th,1998,2,8959
hep-th,1998,3,9422
hep-th,1998,4,10799
hep-th,1999,0,9857
hep-th,1999,1,7788
hep-th,1999,2,8828
hep-th,1999,3,9435
hep-th,1999,4,11175
hep-th,2000,0,10778
hep-th,2000,1,9247
hep-th,2000,2,11846
hep-th,2000,3,12734
hep-th,2000,4,12826
hep-th,2001,0,12429
hep-th,2001,1,12152
hep-th,2001,2,14709
hep-th,2001,3,16367
hep-th,2001,4,16288
hep-th,2002,0,11382
hep-th,2002,1,15349
hep-th,2002,2,20395
hep-th,2002,3,20139
hep-th,2002,4,27077
hep-th,2003,0,10256
hep-th,2003,1,18181
hep-th,2003,2,23482
hep-th,2003,3,20421
hep-th,2003,4,23703
hep-th,2004,0,11631
hep-th,2004,1,22542
hep-th,2004,2,23463
hep-th,2004,3,22777
hep-th,2004,4,29358
hep-th,2005,0,12122
hep-th,2005,1,23102
hep-th,2005,2,25746
hep-th,2005,3,28907
hep-th,2005,4,28529
hep-th,2006,0,13152
hep-th,2006,1,30918
hep-th,2006,2,30544
hep-th,2006,3,28411
hep-th,2006,4,32885
hep-th,2007,0,11435
hep-th,2007,1,31086
hep-th,2007,2,31500
hep-th,2007,3,30501
hep-th,2007,4,34219
hep-th,2008,0,13890
hep-th,2008,1,31089
hep-th,2008,2,34682
hep-th,2008,3,33511
hep-th,2008,4,30597
hep-th,2009,0,15219
hep-th,2009,1,35684
hep-th,2009,2,41282
hep-th,2009,3,37858
hep-th,2009,4,37176
hep-th,2010,0,18972
hep-th,2010,1,34099
hep-th,2010,2,39247
hep-th,2010,3,37056
hep-th,2010,4,41119
hep-th,2011,0,20422
hep-th,2011,1,34791
hep-th,2011,2,40848
hep-th,2011,3,43089
hep-th,2011,4,43772
hep-th,2012,0,18806
hep-th,2012,1,37529
hep-th,2012,2,42705
hep-th,2012,3,43118
hep-th,2012,4,56657
hep-th,2013,0,22837
hep-th,2013,1,40822
hep-th,2013,2,42835
hep-th,2013,3,51264
hep-th,2013,4,46874
hep-th,2014,0,26756
hep-th,2014,1,40137
hep-th,2014,2,48214
hep-th,2014,3,48585
hep-th,2014,4,57079
hep-th,2015,0,20249
hep-th,2015,1,45265
hep-th,2015,2,55790
hep-th,2015,3,53828
hep-th,2015,4,56845
hep-th,2016,0,22280
hep-th,2016,1,48758
hep-th,2016,2,56462
hep-th,2016,3,90182
hep-th,2016,4,56419
hep-th,2017,0,24802
hep-th,2017,1,47090
hep-th,2017,2,50358
hep-th,2017,3,55800
hep-th,2017,4,59120
hep-th,2018,0,23245
hep-th,2018,1,53429
hep-th,2018,2,60121
hep-th,2018,3,59342
hep-th,2018,4,67941
hep-th,2019,0,24107
hep-th,2019,1,58172
hep-th,2019,2,66354
hep-th,2019,3,67466
hep-th,2019,4,70778
hep-th,2020,0,23307
hep-th,2020,1,67870
hep-th,2020,2,70696
hep-th,2020,3,81197
hep-th,2020,4,75359
hep-th,2021,0,22206
hep-th,2021,1,79036
hep-th,2021,2,94345
hep-th,2021,3,85211
hep-th,2021,4,89551
hep-th,2022,0,20431
hep-th,2022,1,72024
hep-th,2022,2,82535
hep-th,2022,3,77179
hep-th,2022,4,74047
hep-th,2023,0,12667
hep-th,2023,1,75295
hep-th,2023,2,84880
hep-th,2023,3,93085
hep-th,2023,4,86408
hep-th,2024,0,16075
hep-th,2024,1,71019
hep-th,2024,2,71776
hep-th,2024,3,74081
hep-th,2024,4,70072
hep-th,2025,0,11519
hep-th,2025,1,66351
hep-th,2025,2,77478
hep-th,2025,3,66602
hep-th,2025,4,61771
hep-th,2026,0,5647
hep-th,2026,1,60099
hep-th,2026,2,41106
math-ph,1900,0,3
math-ph,1920,4,1
math-ph,1929,1,1
math-ph,1947,0,1
math-ph,1951,0,1
math-ph,1956,2,1
math-ph,1957,3,1
math-ph,1958,2,1
math-ph,1961,2,1
math-ph,1962,2,4
math-ph,1963,0,2
math-ph,1963,4,1
math-ph,1965,0,1
math-ph,1965,1,1
math-ph,1966,0,2
math-ph,1966,1,1
math-ph,1967,0,3
math-ph,1968,2,1
math-ph,1968,3,1
math-ph,1969,0,1
math-ph,1969,3,16
math-ph,1969,4,2
math-ph,1970,0,3
math-ph,1970,3,3
math-ph,1971,0,1
math-ph,1971,3,2
math-ph,1971,4,1
math-ph,1972,0,7
math-ph,1972,3,1
math-ph,1973,2,1
math-ph,1973,3,1
math-ph,1973,4,5
math-ph,1974,0,1
math-ph,1974,1,1
math-ph,1975,0,1
math-ph,1975,3,1
math-ph,1975,4,1
math-ph,1976,0,1
math-ph,1976,3,2
math-ph,1977,0,4
math-ph,1977,3,2
math-ph,1978,0,1
math-ph,1978,2,2
math-ph,1978,4,1
math-ph,1979,0,1
math-ph,1979,3,1
math-ph,1980,0,1
math-ph,1980,2,1
math-ph,1980,3,1
math-ph,1981,0,3
math-ph,1981,2,1
math-ph,1981,4,3
math-ph,1982,0,2
math-ph,1982,1,2
math-ph,1982,3,1
math-ph,1983,0,1
math-ph,1983,3,1
math-ph,1983,4,1
math-ph,1984,0,2
math-ph,1984,2,1
math-ph,1984,3,2
math-ph,1985,0,3
math-ph,1985,1,1
math-ph,1985,2,1
math-ph,1985,4,2
math-ph,1986,0,1
math-ph,1986,2,4
math-ph,1987,0,2
math-ph,1987,1,2
math-ph,1987,2,1
math-ph,1987,4,2
math-ph,1988,0,8
math-ph,1988,1,3
math-ph,1988,2,4
math-ph,1988,3,4
math-ph,1988,4,3
math-ph,1989,0,2
math-ph,1989,1,10
math-ph,1989,2,3
math-ph,1989,3,2
math-ph,1989,4,5
math-ph,1990,0,5
math-ph,1990,1,3
math-ph,1990,3,3
math-ph,1991,0,7
math-ph,1991,2,6
math-ph,1991,4,3
math-ph,1992,0,3
math-ph,1992,1,3
math-ph,1992,2,5
math-ph,1992,3,7
math-ph,1992,4,2
math-ph,1993,0,16
math-ph,1993,1,2
math-ph,1993,2,9
math-ph,1993,3,11
math-ph,1993,4,3
math-ph,1994,0,19
math-ph,1994,1,9
math-ph,1994,2,16
math-ph,1994,3,10
math-ph,1994,4,27
math-ph,1995,0,22
math-ph,1995,1,15
math-ph,1995,2,19
math-ph,1995,3,14
math-ph,1995,4,18
math-ph,1996,0,14
math-ph,1996,1,7
math-ph,1996,2,17
math-ph,1996,3,13
math-ph,1996,4,24
math-ph,1997,0,40
math-ph,1997,1,22
math-ph,1997,2,32
math-ph,1997,3,29
math-ph,1997,4,58
math-ph,1998,0,131
math-ph,1998,1,73
math-ph,1998,2,88
math-ph,1998,3,102
math-ph,1998,4,134
math-ph,1999,0,340
math-ph,1999,1,136
math-ph,1999,2,191
math-ph,1999,3,217
math-ph,1999,4,355
math-ph,2000,0,478
math-ph,2000,1,295
math-ph,2000,2,544
math-ph,2000,3,521
math-ph,2000,4,553
math-ph,2001,0,787
math-ph,2001,1,552
math-ph,2001,2,814
math-ph,2001,3,815
math-ph,2001,4,1012
math-ph,2002,0,1001
math-ph,2002,1,939
math-ph,2002,2,1136
math-ph,2002,3,1272
math-ph,2002,4,1488
math-ph,2003,0,1201
math-ph,2003,1,1295
math-ph,2003,2,1775
math-ph,2003,3,1471
math-ph,2003,4,1726
math-ph,2004,0,1680
math-ph,2004,1,1710
math-ph,2004,2,1812
math-ph,2004,3,1772
math-ph,2004,4,2310
math-ph,2005,0,1796
math-ph,2005,1,2087
math-ph,2005,2,2565
math-ph,2005,3,2663
math-ph,2005,4,2856
math-ph,2006,0,2734
math-ph,2006,1,3057
math-ph,2006,2,3095
math-ph,2006,3,3346
math-ph,2006,4,3554
math-ph,2007,0,2562
math-ph,2007,1,3616
math-ph,2007,2,3974
math-ph,2007,3,4048
math-ph,2007,4,4294
math-ph,2008,0,3151
math-ph,2008,1,3793
math-ph,2008,2,4438
math-ph,2008,3,5030
math-ph,2008,4,4378
math-ph,2009,0,4175
math-ph,2009,1,4281
math-ph,2009,2,5133
math-ph,2009,3,5008
math-ph,2009,4,4990
math-ph,2010,0,3667
math-ph,2010,1,4920
math-ph,2010,2,5328
math-ph,2010,3,5610
math-ph,2010,4,6287
math-ph,2011,0,4627
math-ph,2011,1,5493
math-ph,2011,2,6803
math-ph,2011,3,6749
math-ph,2011,4,6953
math-ph,2012,0,5497
math-ph,2012,1,7078
math-ph,2012,2,7104
math-ph,2012,3,7839
math-ph,2012,4,10164
math-ph,2013,0,6316
math-ph,2013,1,7961
math-ph,2013,2,9302
math-ph,2013,3,10065
math-ph,2013,4,9891
math-ph,2014,0,7233
math-ph,2014,1,8926
math-ph,2014,2,9986
math-ph,2014,3,10558
math-ph,2014,4,12320
math-ph,2015,0,6640
math-ph,2015,1,10005
math-ph,2015,2,12461
math-ph,2015,3,11671
math-ph,2015,4,11785
math-ph,2016,0,6706
math-ph,2016,1,11570
math-ph,2016,2,12541
math-ph,2016,3,17520
math-ph,2016,4,13793
math-ph,2017,0,6998
math-ph,2017,1,12010
math-ph,2017,2,12802
math-ph,2017,3,13698
math-ph,2017,4,14198
math-ph,2018,0,7796
math-ph,2018,1,12545
math-ph,2018,2,14996
math-ph,2018,3,14487
math-ph,2018,4,14779
math-ph,2019,0,7806
math-ph,2019,1,14321
math-ph,2019,2,16752
math-ph,2019,3,16531
math-ph,2019,4,16753
math-ph,2020,0,7577
math-ph,2020,1,16558
math-ph,2020,2,17316
math-ph,2020,3,19356
math-ph,2020,4,19775
math-ph,2021,0,7895
math-ph,2021,1,18832
math-ph,2021,2,22308
math-ph,2021,3,20900
math-ph,2021,4,20078
math-ph,2022,0,6674
math-ph,2022,1,17868
math-ph,2022,2,19387
math-ph,2022,3,18054
math-ph,2022,4,18237
math-ph,2023,0,6198
math-ph,2023,1,18413
math-ph,2023,2,19171
math-ph,2023,3,21196
math-ph,2023,4,19476
math-ph,2024,0,6002
math-ph,2024,1,16918
math-ph,2024,2,18032
math-ph,2024,3,17116
math-ph,2024,4,16844
math-ph,2025,0,5463
math-ph,2025,1,15754
math-ph,2025,2,17839
math-ph,2025,3,15512
math-ph,2025,4,15313
math-ph,2026,0,2491
math-ph,2026,1,13831
math-ph,2026,2,8896
math.AC,1920,4,1
math.AC,1970,2,1
math.AC,1973,0,2
math.AC,1977,0,1
math.AC,1982,0,1
math.AC,1984,0,1
math.AC,1984,2,1
math.AC,1984,3,1
math.AC,1985,0,2
math.AC,1985,2,1
math.AC,1985,3,1
math.AC,1986,2,1
math.AC,1987,3,1
math.AC,1987,4,2
math.AC,1989,0,2
math.AC,1990,4,1
math.AC,1992,0,1
math.AC,1992,3,1
math.AC,1993,0,1
math.AC,1993,4,1
math.AC,1994,0,1
math.AC,1995,0,1
math.AC,1995,4,1
math.AC,1996,0,1
math.AC,1996,3,1
math.AC,1996,4,3
math.AC,1997,0,1
math.AC,1997,1,2
math.AC,1997,2,1
math.AC,1997,3,1
math.AC,1998,0,8
math.AC,1998,2,2
math.AC,1998,3,4
math.AC,1998,4,1
math.AC,1999,0,6
math.AC,1999,1,1
math.AC,1999,2,9
math.AC,1999,3,3
math.AC,1999,4,4
math.AC,2000,0,11
math.AC,2000,1,7
math.AC,2000,2,7
math.AC,2000,3,3
math.AC,2000,4,7
math.AC,2001,0,17
math.AC,2001,1,11
math.AC,2001,2,15
math.AC,2001,3,13
math.AC,2001,4,5
math.AC,2002,0,23
math.AC,2002,1,12
math.AC,2002,2,16
math.AC,2002,3,26
math.AC,2002,4,30
math.AC,2003,0,45
math.AC,2003,1,28
math.AC,2003,2,37
math.AC,2003,3,41
math.AC,2003,4,29
math.AC,2004,0,33
math.AC,2004,1,38
math.AC,2004,2,44
math.AC,2004,3,43
math.AC,2004,4,71
math.AC,2005,0,60
math.AC,2005,1,47
math.AC,2005,2,61
math.AC,2005,3,70
math.AC,2005,4,80
math.AC,2006,0,69
math.AC,2006,1,51
math.AC,2006,2,64
math.AC,2006,3,84
math.AC,2006,4,105
math.AC,2007,0,86
math.AC,2007,1,137
math.AC,2007,2,109
math.AC,2007,3,161
math.AC,2007,4,137
math.AC,2008,0,108
math.AC,2008,1,140
math.AC,2008,2,172
math.AC,2008,3,193
math.AC,2008,4,208
math.AC,2009,0,150
math.AC,2009,1,189
math.AC,2009,2,168
math.AC,2009,3,178
math.AC,2009,4,201
math.AC,2010,0,170
math.AC,2010,1,184
math.AC,2010,2,221
math.AC,2010,3,223
math.AC,2010,4,239
math.AC,2011,0,207
math.AC,2011,1,184
math.AC,2011,2,305
math.AC,2011,3,326
math.AC,2011,4,303
math.AC,2012,0,258
math.AC,2012,1,233
math.AC,2012,2,309
math.AC,2012,3,324
math.AC,2012,4,448
math.AC,2013,0,314
math.AC,2013,1,350
math.AC,2013,2,331
math.AC,2013,3,382
math.AC,2013,4,308
math.AC,2014,0,299
math.AC,2014,1,381
math.AC,2014,2,413
math.AC,2014,3,384
math.AC,2014,4,398
math.AC,2015,0,302
math.AC,2015,1,362
math.AC,2015,2,404
math.AC,2015,3,435
math.AC,2015,4,371
math.AC,2016,0,307
math.AC,2016,1,429
math.AC,2016,2,441
math.AC,2016,3,676
math.AC,2016,4,434
math.AC,2017,0,318
math.AC,2017,1,436
math.AC,2017,2,480
math.AC,2017,3,484
math.AC,2017,4,387
math.AC,2018,0,338
math.AC,2018,1,468
math.AC,2018,2,499
math.AC,2018,3,577
math.AC,2018,4,530
math.AC,2019,0,261
math.AC,2019,1,639
math.AC,2019,2,594
math.AC,2019,3,609
math.AC,2019,4,715
math.AC,2020,0,405
math.AC,2020,1,624
math.AC,2020,2,646
math.AC,2020,3,771
math.AC,2020,4,535
math.AC,2021,0,430
math.AC,2021,1,693
math.AC,2021,2,649
math.AC,2021,3,650
math.AC,2021,4,689
math.AC,2022,0,272
math.AC,2022,1,576
math.AC,2022,2,558
math.AC,2022,3,499
math.AC,2022,4,598
math.AC,2023,0,255
math.AC,2023,1,534
math.AC,2023,2,452
math.AC,2023,3,519
math.AC,2023,4,576
math.AC,2024,0,246
math.AC,2024,1,457
math.AC,2024,2,547
math.AC,2024,3,464
math.AC,2024,4,371
math.AC,2025,0,173
math.AC,2025,1,428
math.AC,2025,2,410
math.AC,2025,3,448
math.AC,2025,4,367
math.AC,2026,0,78
math.AC,2026,1,340
math.AC,2026,2,138
math.AG,1933,4,2
math.AG,1947,0,2
math.AG,1963,0,5
math.AG,1970,2,1
math.AG,1976,0,1
math.AG,1977,0,1
math.AG,1982,0,2
math.AG,1983,0,1
math.AG,1984,0,1
math.AG,1984,3,1
math.AG,1985,0,1
math.AG,1985,2,2
math.AG,1987,3,1
math.AG,1988,0,1
math.AG,1989,0,2
math.AG,1989,1,1
math.AG,1990,3,2
math.AG,1991,0,2
math.AG,1991,3,1
math.AG,1992,0,4
math.AG,1992,1,4
math.AG,1992,2,3
math.AG,1992,3,3
math.AG,1993,0,21
math.AG,1993,1,9
math.AG,1993,2,15
math.AG,1993,3,14
math.AG,1993,4,23
math.AG,1994,0,61
math.AG,1994,1,35
math.AG,1994,2,63
math.AG,1994,3,40
math.AG,1994,4,70
math.AG,1995,0,113
math.AG,1995,1,64
math.AG,1995,2,119
math.AG,1995,3,83
math.AG,1995,4,97
math.AG,1996,0,178
math.AG,1996,1,160
math.AG,1996,2,108
math.AG,1996,3,160
math.AG,1996,4,204
math.AG,1997,0,298
math.AG,1997,1,115
math.AG,1997,2,172
math.AG,1997,3,190
math.AG,1997,4,272
math.AG,1998,0,390
math.AG,1998,1,239
math.AG,1998,2,253
math.AG,1998,3,262
math.AG,1998,4,254
math.AG,1999,0,530
math.AG,1999,1,252
math.AG,1999,2,263
math.AG,1999,3,255
math.AG,1999,4,282
math.AG,2000,0,562
math.AG,2000,1,309
math.AG,2000,2,351
math.AG,2000,3,264
math.AG,2000,4,379
math.AG,2001,0,704
math.AG,2001,1,366
math.AG,2001,2,425
math.AG,2001,3,405
math.AG,2001,4,436
math.AG,2002,0,661
math.AG,2002,1,370
math.AG,2002,2,557
math.AG,2002,3,458
math.AG,2002,4,617
math.AG,2003,0,683
math.AG,2003,1,473
math.AG,2003,2,644
math.AG,2003,3,582
math.AG,2003,4,680
math.AG,2004,0,692
math.AG,2004,1,525
math.AG,2004,2,717
math.AG,2004,3,545
math.AG,2004,4,820
math.AG,2005,0,793
math.AG,2005,1,611
math.AG,2005,2,843
math.AG,2005,3,781
math.AG,2005,4,824
math.AG,2006,0,933
math.AG,2006,1,941
math.AG,2006,2,1156
math.AG,2006,3,856
math.AG,2006,4,1010
math.AG,2007,0,994
math.AG,2007,1,942
math.AG,2007,2,1158
math.AG,2007,3,1148
math.AG,2007,4,1191
math.AG,2008,0,1658
math.AG,2008,1,1083
math.AG,2008,2,1317
math.AG,2008,3,1273
math.AG,2008,4,1391
math.AG,2009,0,1703
math.AG,2009,1,1279
math.AG,2009,2,1408
math.AG,2009,3,1400
math.AG,2009,4,1593
math.AG,2010,0,1627
math.AG,2010,1,1363
math.AG,2010,2,1550
math.AG,2010,3,1398
math.AG,2010,4,1714
math.AG,2011,0,1722
math.AG,2011,1,1603
math.AG,2011,2,1926
math.AG,2011,3,1874
math.AG,2011,4,2221
math.AG,2012,0,1861
math.AG,2012,1,1982
math.AG,2012,2,2006
math.AG,2012,3,2092
math.AG,2012,4,2678
math.AG,2013,0,2250
math.AG,2013,1,2085
math.AG,2013,2,2153
math.AG,2013,3,2424
math.AG,2013,4,2347
math.AG,2014,0,2533
math.AG,2014,1,2304
math.AG,2014,2,2608
math.AG,2014,3,2533
math.AG,2014,4,3145
math.AG,2015,0,2456
math.AG,2015,1,2367
math.AG,2015,2,2943
math.AG,2015,3,3012
math.AG,2015,4,3097
math.AG,2016,0,2349
math.AG,2016,1,2657
math.AG,2016,2,2998
math.AG,2016,3,4701
math.AG,2016,4,3191
math.AG,2017,0,2453
math.AG,2017,1,2769
math.AG,2017,2,2933
math.AG,2017,3,3090
math.AG,2017,4,3384
math.AG,2018,0,2705
math.AG,2018,1,3084
math.AG,2018,2,3684
math.AG,2018,3,3354
math.AG,2018,4,3935
math.AG,2019,0,2481
math.AG,2019,1,4105
math.AG,2019,2,4015
math.AG,2019,3,3530
math.AG,2019,4,4520
math.AG,2020,0,2718
math.AG,2020,1,3648
math.AG,2020,2,4150
math.AG,2020,3,4729
math.AG,2020,4,4633
math.AG,2021,0,2994
math.AG,2021,1,4506
math.AG,2021,2,5274
math.AG,2021,3,4850
math.AG,2021,4,4415
math.AG,2022,0,2438
math.AG,2022,1,4091
math.AG,2022,2,4121
math.AG,2022,3,4002
math.AG,2022,4,3735
math.AG,2023,0,2207
math.AG,2023,1,3392
math.AG,2023,2,3717
math.AG,2023,3,3435
math.AG,2023,4,3470
math.AG,2024,0,2010
math.AG,2024,1,3064
math.AG,2024,2,3272
math.AG,2024,3,2922
math.AG,2024,4,2968
math.AG,2025,0,1695
math.AG,2025,1,2708
math.AG,2025,2,2549
math.AG,2025,3,2685
math.AG,2025,4,2290
math.AG,2026,0,556
math.AG,2026,1,2005
math.AG,2026,2,994
math.AP,1930,4,1
math.AP,1962,2,2
math.AP,1966,0,2
math.AP,1967,0,1
math.AP,1968,1,1
math.AP,1971,0,1
math.AP,1971,4,1
math.AP,1974,0,1
math.AP,1976,0,2
math.AP,1977,0,2
math.AP,1981,0,1
math.AP,1982,0,4
math.AP,1984,0,2
math.AP,1987,1,1
math.AP,1989,0,1
math.AP,1989,4,1
math.AP,1990,0,2
math.AP,1991,0,4
math.AP,1991,2,1
math.AP,1992,0,2
math.AP,1992,1,2
math.AP,1992,2,1
math.AP,1992,3,1
math.AP,1992,4,1
math.AP,1993,0,2
math.AP,1993,1,2
math.AP,1993,3,1
math.AP,1993,4,3
math.AP,1994,0,2
math.AP,1994,1,1
math.AP,1994,2,4
math.AP,1994,3,3
math.AP,1994,4,4
math.AP,1995,0,3
math.AP,1995,1,1
math.AP,1995,2,2
math.AP,1995,3,2
math.AP,1995,4,3
math.AP,1996,0,8
math.AP,1996,2,2
math.AP,1996,3,1
math.AP,1996,4,5
math.AP,1997,0,7
math.AP,1997,1,2
math.AP,1997,2,4
math.AP,1997,3,1
math.AP,1997,4,2
math.AP,1998,0,10
math.AP,1998,1,2
math.AP,1998,2,5
math.AP,1998,3,8
math.AP,1998,4,9
math.AP,1999,0,39
math.AP,1999,1,6
math.AP,1999,2,6
math.AP,1999,3,13
math.AP,1999,4,19
math.AP,2000,0,29
math.AP,2000,1,14
math.AP,2000,2,28
math.AP,2000,3,31
math.AP,2000,4,26
math.AP,2001,0,75
math.AP,2001,1,41
math.AP,2001,2,46
math.AP,2001,3,43
math.AP,2001,4,48
math.AP,2002,0,117
math.AP,2002,1,59
math.AP,2002,2,59
math.AP,2002,3,70
math.AP,2002,4,83
math.AP,2003,0,118
math.AP,2003,1,86
math.AP,2003,2,116
math.AP,2003,3,101
math.AP,2003,4,149
math.AP,2004,0,204
math.AP,2004,1,112
math.AP,2004,2,155
math.AP,2004,3,163
math.AP,2004,4,154
math.AP,2005,0,256
math.AP,2005,1,157
math.AP,2005,2,194
math.AP,2005,3,195
math.AP,2005,4,255
math.AP,2006,0,342
math.AP,2006,1,234
math.AP,2006,2,301
math.AP,2006,3,335
math.AP,2006,4,341
math.AP,2007,0,391
math.AP,2007,1,340
math.AP,2007,2,415
math.AP,2007,3,400
math.AP,2007,4,503
math.AP,2008,0,638
math.AP,2008,1,451
math.AP,2008,2,582
math.AP,2008,3,661
math.AP,2008,4,835
math.AP,2009,0,756
math.AP,2009,1,705
math.AP,2009,2,771
math.AP,2009,3,716
math.AP,2009,4,949
math.AP,2010,0,829
math.AP,2010,1,822
math.AP,2010,2,995
math.AP,2010,3,1110
math.AP,2010,4,1178
math.AP,2011,0,1065
math.AP,2011,1,1023
math.AP,2011,2,1354
math.AP,2011,3,1248
math.AP,2011,4,1509
math.AP,2012,0,1504
math.AP,2012,1,1490
math.AP,2012,2,1416
math.AP,2012,3,1583
math.AP,2012,4,2017
math.AP,2013,0,1915
math.AP,2013,1,1511
math.AP,2013,2,2152
math.AP,2013,3,2057
math.AP,2013,4,2406
math.AP,2014,0,2475
math.AP,2014,1,2238
math.AP,2014,2,2483
math.AP,2014,3,2510
math.AP,2014,4,3087
math.AP,2015,0,2666
math.AP,2015,1,2527
math.AP,2015,2,3065
math.AP,2015,3,3267
math.AP,2015,4,3363
math.AP,2016,0,2914
math.AP,2016,1,3471
math.AP,2016,2,3553
math.AP,2016,3,4155
math.AP,2016,4,4106
math.AP,2017,0,3391
math.AP,2017,1,4040
math.AP,2017,2,3667
math.AP,2017,3,3721
math.AP,2017,4,4504
math.AP,2018,0,3258
math.AP,2018,1,4013
math.AP,2018,2,4760
math.AP,2018,3,4571
math.AP,2018,4,4890
math.AP,2019,0,3741
math.AP,2019,1,5445
math.AP,2019,2,5635
math.AP,2019,3,5763
math.AP,2019,4,6152
math.AP,2020,0,4411
math.AP,2020,1,6307
math.AP,2020,2,6795
math.AP,2020,3,6887
math.AP,2020,4,6873
math.AP,2021,0,4995
math.AP,2021,1,7502
math.AP,2021,2,8097
math.AP,2021,3,7995
math.AP,2021,4,7137
math.AP,2022,0,3887
math.AP,2022,1,6709
math.AP,2022,2,7268
math.AP,2022,3,7013
math.AP,2022,4,7199
math.AP,2023,0,4160
math.AP,2023,1,6560
math.AP,2023,2,6934
math.AP,2023,3,6702
math.AP,2023,4,7056
math.AP,2024,0,4201
math.AP,2024,1,6605
math.AP,2024,2,6594
math.AP,2024,3,6408
math.AP,2024,4,6758
math.AP,2025,0,3955
math.AP,2025,1,6771
math.AP,2025,2,7349
math.AP,2025,3,6505
math.AP,2025,4,5806
math.AP,2026,0,1911
math.AP,2026,1,5542
math.AP,2026,2,3331
math.AT,1954,0,1
math.AT,1961,4,3
math.AT,1972,0,2
math.AT,1972,3,1
math.AT,1986,0,1
math.AT,1989,2,2
math.AT,1990,4,1
math.AT,1991,0,1
math.AT,1991,4,1
math.AT,1992,0,1
math.AT,1992,2,1
math.AT,1992,3,1
math.AT,1992,4,1
math.AT,1993,0,1
math.AT,1993,1,1
math.AT,1993,2,1
math.AT,1993,3,1
math.AT,1993,4,2
math.AT,1994,0,1
math.AT,1994,2,1
math.AT,1994,4,3
math.AT,1995,0,4
math.AT,1995,3,2
math.AT,1995,4,7
math.AT,1996,0,7
math.AT,1996,1,1
math.AT,1996,4,2
math.AT,1997,0,1
math.AT,1997,1,2
math.AT,1997,2,3
math.AT,1997,3,2
math.AT,1997,4,3
math.AT,1998,0,9
math.AT,1998,1,11
math.AT,1998,2,10
math.AT,1998,3,6
math.AT,1998,4,7
math.AT,1999,0,26
math.AT,1999,1,11
math.AT,1999,2,12
math.AT,1999,3,9
math.AT,1999,4,16
math.AT,2000,0,24
math.AT,2000,1,15
math.AT,2000,2,16
math.AT,2000,3,14
math.AT,2000,4,25
math.AT,2001,0,62
math.AT,2001,1,27
math.AT,2001,2,34
math.AT,2001,3,24
math.AT,2001,4,48
math.AT,2002,0,77
math.AT,2002,1,37
math.AT,2002,2,34
math.AT,2002,3,51
math.AT,2002,4,61
math.AT,2003,0,113
math.AT,2003,1,64
math.AT,2003,2,92
math.AT,2003,3,70
math.AT,2003,4,88
math.AT,2004,0,106
math.AT,2004,1,75
math.AT,2004,2,97
math.AT,2004,3,78
math.AT,2004,4,119
math.AT,2005,0,184
math.AT,2005,1,92
math.AT,2005,2,136
math.AT,2005,3,115
math.AT,2005,4,144
math.AT,2006,0,196
math.AT,2006,1,153
math.AT,2006,2,164
math.AT,2006,3,172
math.AT,2006,4,214
math.AT,2007,0,191
math.AT,2007,1,166
math.AT,2007,2,218
math.AT,2007,3,225
math.AT,2007,4,204
math.AT,2008,0,301
math.AT,2008,1,221
math.AT,2008,2,243
math.AT,2008,3,252
math.AT,2008,4,284
math.AT,2009,0,371
math.AT,2009,1,291
math.AT,2009,2,267
math.AT,2009,3,339
math.AT,2009,4,289
math.AT,2010,0,335
math.AT,2010,1,267
math.AT,2010,2,333
math.AT,2010,3,282
math.AT,2010,4,376
math.AT,2011,0,312
math.AT,2011,1,332
math.AT,2011,2,361
math.AT,2011,3,341
math.AT,2011,4,420
math.AT,2012,0,396
math.AT,2012,1,346
math.AT,2012,2,397
math.AT,2012,3,385
math.AT,2012,4,474
math.AT,2013,0,331
math.AT,2013,1,414
math.AT,2013,2,523
math.AT,2013,3,561
math.AT,2013,4,407
math.AT,2014,0,577
math.AT,2014,1,522
math.AT,2014,2,590
math.AT,2014,3,543
math.AT,2014,4,652
math.AT,2015,0,538
math.AT,2015,1,534
math.AT,2015,2,683
math.AT,2015,3,735
math.AT,2015,4,827
math.AT,2016,0,486
math.AT,2016,1,642
math.AT,2016,2,749
math.AT,2016,3,1312
math.AT,2016,4,853
math.AT,2017,0,508
math.AT,2017,1,693
math.AT,2017,2,818
math.AT,2017,3,748
math.AT,2017,4,983
math.AT,2018,0,674
math.AT,2018,1,890
math.AT,2018,2,954
math.AT,2018,3,1274
math.AT,2018,4,1377
math.AT,2019,0,688
math.AT,2019,1,989
math.AT,2019,2,1394
math.AT,2019,3,1267
math.AT,2019,4,1369
math.AT,2020,0,894
math.AT,2020,1,1635
math.AT,2020,2,1792
math.AT,2020,3,1658
math.AT,2020,4,1586
math.AT,2021,0,894
math.AT,2021,1,1795
math.AT,2021,2,1913
math.AT,2021,3,1902
math.AT,2021,4,1635
math.AT,2022,0,801
math.AT,2022,1,1172
math.AT,2022,2,1343
math.AT,2022,3,1409
math.AT,2022,4,1511
math.AT,2023,0,660
math.AT,2023,1,1354
math.AT,2023,2,1292
math.AT,2023,3,1513
math.AT,2023,4,1382
math.AT,2024,0,763
math.AT,2024,1,1222
math.AT,2024,2,1305
math.AT,2024,3,1226
math.AT,2024,4,1284
math.AT,2025,0,478
math.AT,2025,1,1029
math.AT,2025,2,1060
math.AT,2025,3,966
math.AT,2025,4,1207
math.AT,2026,0,236
math.AT,2026,1,747
math.AT,2026,2,379
math.CA,1942,4,1
math.CA,1964,0,1
math.CA,1969,3,1
math.CA,1971,0,1
math.CA,1971,4,1
math.CA,1973,3,1
math.CA,1973,4,2
math.CA,1976,2,1
math.CA,1979,1,2
math.CA,1979,4,2
math.CA,1981,0,4
math.CA,1985,0,1
math.CA,1986,2,1
math.CA,1988,0,3
math.CA,1988,3,1
math.CA,1989,0,1
math.CA,1989,4,1
math.CA,1990,0,1
math.CA,1990,3,3
math.CA,1991,0,1
math.CA,1991,3,1
math.CA,1992,0,1
math.CA,1992,4,2
math.CA,1993,0,1
math.CA,1993,1,1
math.CA,1993,3,1
math.CA,1993,4,2
math.CA,1994,0,5
math.CA,1994,1,1
math.CA,1994,2,6
math.CA,1994,3,6
math.CA,1994,4,10
math.CA,1995,0,11
math.CA,1995,1,3
math.CA,1995,2,14
math.CA,1995,3,10
math.CA,1995,4,11
math.CA,1996,0,10
math.CA,1996,1,13
math.CA,1996,2,31
math.CA,1996,3,19
math.CA,1996,4,19
math.CA,1997,0,18
math.CA,1997,1,14
math.CA,1997,2,20
math.CA,1997,3,19
math.CA,1997,4,27
math.CA,1998,0,27
math.CA,1998,1,14
math.CA,1998,2,23
math.CA,1998,3,18
math.CA,1998,4,30
math.CA,1999,0,29
math.CA,1999,1,23
math.CA,1999,2,26
math.CA,1999,3,28
math.CA,1999,4,45
math.CA,2000,0,50
math.CA,2000,1,18
math.CA,2000,2,39
math.CA,2000,3,25
math.CA,2000,4,41
math.CA,2001,0,83
math.CA,2001,1,35
math.CA,2001,2,43
math.CA,2001,3,57
math.CA,2001,4,73
math.CA,2002,0,58
math.CA,2002,1,43
math.CA,2002,2,65
math.CA,2002,3,41
math.CA,2002,4,57
math.CA,2003,0,95
math.CA,2003,1,82
math.CA,2003,2,98
math.CA,2003,3,92
math.CA,2003,4,106
math.CA,2004,0,124
math.CA,2004,1,71
math.CA,2004,2,67
math.CA,2004,3,85
math.CA,2004,4,135
math.CA,2005,0,135
math.CA,2005,1,82
math.CA,2005,2,138
math.CA,2005,3,126
math.CA,2005,4,142
math.CA,2006,0,198
math.CA,2006,1,127
math.CA,2006,2,162
math.CA,2006,3,157
math.CA,2006,4,215
math.CA,2007,0,211
math.CA,2007,1,194
math.CA,2007,2,231
math.CA,2007,3,239
math.CA,2007,4,269
math.CA,2008,0,294
math.CA,2008,1,232
math.CA,2008,2,310
math.CA,2008,3,236
math.CA,2008,4,349
math.CA,2009,0,352
math.CA,2009,1,355
math.CA,2009,2,374
math.CA,2009,3,369
math.CA,2009,4,399
math.CA,2010,0,402
math.CA,2010,1,413
math.CA,2010,2,417
math.CA,2010,3,533
math.CA,2010,4,545
math.CA,2011,0,531
math.CA,2011,1,475
math.CA,2011,2,607
math.CA,2011,3,595
math.CA,2011,4,694
math.CA,2012,0,633
math.CA,2012,1,574
math.CA,2012,2,640
math.CA,2012,3,688
math.CA,2012,4,840
math.CA,2013,0,721
math.CA,2013,1,762
math.CA,2013,2,871
math.CA,2013,3,860
math.CA,2013,4,916
math.CA,2014,0,893
math.CA,2014,1,812
math.CA,2014,2,979
math.CA,2014,3,948
math.CA,2014,4,1147
math.CA,2015,0,895
math.CA,2015,1,1073
math.CA,2015,2,1129
math.CA,2015,3,1162
math.CA,2015,4,1136
math.CA,2016,0,931
math.CA,2016,1,1262
math.CA,2016,2,1192
math.CA,2016,3,1782
math.CA,2016,4,1276
math.CA,2017,0,1205
math.CA,2017,1,1172
math.CA,2017,2,1447
math.CA,2017,3,1314
math.CA,2017,4,1520
math.CA,2018,0,1006
math.CA,2018,1,1420
math.CA,2018,2,1661
math.CA,2018,3,1579
math.CA,2018,4,1590
math.CA,2019,0,1145
math.CA,2019,1,1829
math.CA,2019,2,1692
math.CA,2019,3,1791
math.CA,2019,4,2050
math.CA,2020,0,1416
math.CA,2020,1,1757
math.CA,2020,2,2119
math.CA,2020,3,2470
math.CA,2020,4,2156
math.CA,2021,0,1395
math.CA,2021,1,2156
math.CA,2021,2,2612
math.CA,2021,3,2337
math.CA,2021,4,2419
math.CA,2022,0,1150
math.CA,2022,1,1853
math.CA,2022,2,1879
math.CA,2022,3,1891
math.CA,2022,4,2143
math.CA,2023,0,1147
math.CA,2023,1,1779
math.CA,2023,2,1901
math.CA,2023,3,1798
math.CA,2023,4,1984
math.CA,2024,0,1039
math.CA,2024,1,1648
math.CA,2024,2,1774
math.CA,2024,3,1644
math.CA,2024,4,1577
math.CA,2025,0,957
math.CA,2025,1,1497
math.CA,2025,2,1535
math.CA,2025,3,1515
math.CA,2025,4,1458
math.CA,2026,0,318
math.CA,2026,1,1273
math.CA,2026,2,753
math.CO,1940,0,1
math.CO,1957,3,1
math.CO,1963,0,1
math.CO,1969,4,1
math.CO,1973,0,3
math.CO,1973,1,1
math.CO,1974,0,1
math.CO,1979,3,1
math.CO,1981,0,1
math.CO,1981,2,1
math.CO,1982,2,1
math.CO,1983,0,1
math.CO,1984,2,2
math.CO,1984,3,1
math.CO,1984,4,1
math.CO,1985,0,3
math.CO,1985,1,2
math.CO,1985,2,2
math.CO,1985,3,3
math.CO,1986,0,1
math.CO,1986,4,1
math.CO,1987,2,1
math.CO,1987,4,1
math.CO,1988,0,1
math.CO,1988,1,1
math.CO,1988,2,1
math.CO,1989,0,2
math.CO,1989,2,1
math.CO,1990,0,1
math.CO,1991,1,2
math.CO,1991,2,2
math.CO,1992,0,4
math.CO,1992,2,1
math.CO,1992,3,1
math.CO,1993,0,2
math.CO,1993,3,3
math.CO,1993,4,2
math.CO,1994,0,5
math.CO,1994,1,2
math.CO,1994,2,1
math.CO,1994,3,6
math.CO,1994,4,3
math.CO,1995,0,9
math.CO,1995,1,11
math.CO,1995,2,7
math.CO,1995,3,1
math.CO,1995,4,5
math.CO,1996,0,12
math.CO,1996,1,5
math.CO,1996,2,9
math.CO,1996,3,8
math.CO,1996,4,8
math.CO,1997,0,17
math.CO,1997,1,12
math.CO,1997,2,9
math.CO,1997,3,8
math.CO,1997,4,28
math.CO,1998,0,12
math.CO,1998,1,29
math.CO,1998,2,15
math.CO,1998,3,17
math.CO,1998,4,57
math.CO,1999,0,59
math.CO,1999,1,35
math.CO,1999,2,42
math.CO,1999,3,44
math.CO,1999,4,57
math.CO,2000,0,122
math.CO,2000,1,32
math.CO,2000,2,64
math.CO,2000,3,75
math.CO,2000,4,84
math.CO,2001,0,153
math.CO,2001,1,74
math.CO,2001,2,101
math.CO,2001,3,163
math.CO,2001,4,134
math.CO,2002,0,168
math.CO,2002,1,103
math.CO,2002,2,128
math.CO,2002,3,145
math.CO,2002,4,205
math.CO,2003,0,187
math.CO,2003,1,177
math.CO,2003,2,253
math.CO,2003,3,167
math.CO,2003,4,219
math.CO,2004,0,229
math.CO,2004,1,247
math.CO,2004,2,230
math.CO,2004,3,303
math.CO,2004,4,264
math.CO,2005,0,359
math.CO,2005,1,273
math.CO,2005,2,355
math.CO,2005,3,433
math.CO,2005,4,439
math.CO,2006,0,470
math.CO,2006,1,379
math.CO,2006,2,427
math.CO,2006,3,485
math.CO,2006,4,502
math.CO,2007,0,489
math.CO,2007,1,485
math.CO,2007,2,547
math.CO,2007,3,592
math.CO,2007,4,704
math.CO,2008,0,831
math.CO,2008,1,679
math.CO,2008,2,798
math.CO,2008,3,691
math.CO,2008,4,766
math.CO,2009,0,1010
math.CO,2009,1,898
math.CO,2009,2,913
math.CO,2009,3,877
math.CO,2009,4,975
math.CO,2010,0,1070
math.CO,2010,1,826
math.CO,2010,2,1057
math.CO,2010,3,1067
math.CO,2010,4,1123
math.CO,2011,0,1164
math.CO,2011,1,1185
math.CO,2011,2,1313
math.CO,2011,3,1455
math.CO,2011,4,1409
math.CO,2012,0,1440
math.CO,2012,1,1342
math.CO,2012,2,1299
math.CO,2012,3,1390
math.CO,2012,4,1713
math.CO,2013,0,2061
math.CO,2013,1,1443
math.CO,2013,2,1671
math.CO,2013,3,1783
math.CO,2013,4,1814
math.CO,2014,0,1903
math.CO,2014,1,1641
math.CO,2014,2,1983
math.CO,2014,3,1951
math.CO,2014,4,2229
math.CO,2015,0,1923
math.CO,2015,1,1964
math.CO,2015,2,2388
math.CO,2015,3,2369
math.CO,2015,4,2598
math.CO,2016,0,1681
math.CO,2016,1,2166
math.CO,2016,2,2241
math.CO,2016,3,3128
math.CO,2016,4,2798
math.CO,2017,0,1830
math.CO,2017,1,2285
math.CO,2017,2,2689
math.CO,2017,3,2717
math.CO,2017,4,2528
math.CO,2018,0,1810
math.CO,2018,1,2613
math.CO,2018,2,3019
math.CO,2018,3,3087
math.CO,2018,4,3074
math.CO,2019,0,1976
math.CO,2019,1,3084
math.CO,2019,2,3264
math.CO,2019,3,3408
math.CO,2019,4,3659
math.CO,2020,0,2166
math.CO,2020,1,4096
math.CO,2020,2,4237
math.CO,2020,3,4068
math.CO,2020,4,3898
math.CO,2021,0,2578
math.CO,2021,1,3744
math.CO,2021,2,4991
math.CO,2021,3,4196
math.CO,2021,4,3976
math.CO,2022,0,1805
math.CO,2022,1,3423
math.CO,2022,2,4117
math.CO,2022,3,3342
math.CO,2022,4,3614
math.CO,2023,0,2026
math.CO,2023,1,3220
math.CO,2023,2,3589
math.CO,2023,3,3495
math.CO,2023,4,3584
math.CO,2024,0,1485
math.CO,2024,1,2841
math.CO,2024,2,3170
math.CO,2024,3,2960
math.CO,2024,4,2682
math.CO,2025,0,1461
math.CO,2025,1,2490
math.CO,2025,2,2537
math.CO,2025,3,2590
math.CO,2025,4,2115
math.CO,2026,0,674
math.CO,2026,1,1881
math.CO,2026,2,1104
math.CT,1957,3,1
math.CT,1968,2,1
math.CT,1971,4,1
math.CT,1982,0,1
math.CT,1984,3,1
math.CT,1987,3,1
math.CT,1989,0,1
math.CT,1990,0,3
math.CT,1990,1,1
math.CT,1990,3,2
math.CT,1991,0,1
math.CT,1991,4,1
math.CT,1992,2,1
math.CT,1993,4,1
math.CT,1994,0,1
math.CT,1995,0,2
math.CT,1995,4,1
math.CT,1996,0,2
math.CT,1996,4,1
math.CT,1997,0,1
math.CT,1997,1,1
math.CT,1997,2,1
math.CT,1997,3,3
math.CT,1997,4,2
math.CT,1998,0,4
math.CT,1998,1,1
math.CT,1998,2,6
math.CT,1998,3,3
math.CT,1998,4,9
math.CT,1999,0,7
math.CT,1999,1,9
math.CT,1999,2,6
math.CT,1999,3,3
math.CT,1999,4,8
math.CT,2000,0,12
math.CT,2000,1,10
math.CT,2000,2,6
math.CT,2000,3,9
math.CT,2000,4,12
math.CT,2001,0,33
math.CT,2001,1,11
math.CT,2001,2,14
math.CT,2001,3,5
math.CT,2001,4,18
math.CT,2002,0,21
math.CT,2002,1,28
math.CT,2002,2,25
math.CT,2002,3,20
math.CT,2002,4,34
math.CT,2003,0,42
math.CT,2003,1,22
math.CT,2003,2,102
math.CT,2003,3,48
math.CT,2003,4,26
math.CT,2004,0,52
math.CT,2004,1,21
math.CT,2004,2,29
math.CT,2004,3,32
math.CT,2004,4,60
math.CT,2005,0,66
math.CT,2005,1,42
math.CT,2005,2,79
math.CT,2005,3,59
math.CT,2005,4,59
math.CT,2006,0,106
math.CT,2006,1,78
math.CT,2006,2,89
math.CT,2006,3,84
math.CT,2006,4,111
math.CT,2007,0,153
math.CT,2007,1,81
math.CT,2007,2,108
math.CT,2007,3,168
math.CT,2007,4,101
math.CT,2008,0,164
math.CT,2008,1,130
math.CT,2008,2,127
math.CT,2008,3,172
math.CT,2008,4,145
math.CT,2009,0,265
math.CT,2009,1,189
math.CT,2009,2,182
math.CT,2009,3,223
math.CT,2009,4,203
math.CT,2010,0,277
math.CT,2010,1,175
math.CT,2010,2,195
math.CT,2010,3,217
math.CT,2010,4,239
math.CT,2011,0,257
math.CT,2011,1,260
math.CT,2011,2,269
math.CT,2011,3,242
math.CT,2011,4,297
math.CT,2012,0,329
math.CT,2012,1,298
math.CT,2012,2,334
math.CT,2012,3,333
math.CT,2012,4,362
math.CT,2013,0,346
math.CT,2013,1,303
math.CT,2013,2,365
math.CT,2013,3,439
math.CT,2013,4,414
math.CT,2014,0,493
math.CT,2014,1,384
math.CT,2014,2,397
math.CT,2014,3,426
math.CT,2014,4,524
math.CT,2015,0,495
math.CT,2015,1,451
math.CT,2015,2,415
math.CT,2015,3,502
math.CT,2015,4,636
math.CT,2016,0,449
math.CT,2016,1,514
math.CT,2016,2,453
math.CT,2016,3,903
math.CT,2016,4,582
math.CT,2017,0,397
math.CT,2017,1,521
math.CT,2017,2,580
math.CT,2017,3,568
math.CT,2017,4,628
math.CT,2018,0,461
math.CT,2018,1,671
math.CT,2018,2,706
math.CT,2018,3,722
math.CT,2018,4,715
math.CT,2019,0,538
math.CT,2019,1,831
math.CT,2019,2,924
math.CT,2019,3,742
math.CT,2019,4,1111
math.CT,2020,0,572
math.CT,2020,1,1046
math.CT,2020,2,1054
math.CT,2020,3,913
math.CT,2020,4,907
math.CT,2021,0,665
math.CT,2021,1,1614
math.CT,2021,2,1238
math.CT,2021,3,1219
math.CT,2021,4,1032
math.CT,2022,0,576
math.CT,2022,1,749
math.CT,2022,2,756
math.CT,2022,3,865
math.CT,2022,4,868
math.CT,2023,0,471
math.CT,2023,1,913
math.CT,2023,2,900
math.CT,2023,3,1202
math.CT,2023,4,1022
math.CT,2024,0,510
math.CT,2024,1,790
math.CT,2024,2,845
math.CT,2024,3,616
math.CT,2024,4,729
math.CT,2025,0,304
math.CT,2025,1,600
math.CT,2025,2,655
math.CT,2025,3,697
math.CT,2025,4,630
math.CT,2026,0,198
math.CT,2026,1,587
math.CT,2026,2,235
math.CV,1969,3,1
math.CV,1977,0,1
math.CV,1982,0,1
math.CV,1991,2,1
math.CV,1991,3,1
math.CV,1991,4,4
math.CV,1992,0,5
math.CV,1992,4,2
math.CV,1993,0,6
math.CV,1993,1,2
math.CV,1993,2,2
math.CV,1993,4,4
math.CV,1994,0,2
math.CV,1994,1,3
math.CV,1994,2,1
math.CV,1994,3,3
math.CV,1994,4,6
math.CV,1995,0,7
math.CV,1995,1,3
math.CV,1995,2,2
math.CV,1995,3,6
math.CV,1995,4,2
math.CV,1996,0,13
math.CV,1996,1,2
math.CV,1996,2,5
math.CV,1996,3,5
math.CV,1996,4,3
math.CV,1997,0,14
math.CV,1997,1,1
math.CV,1997,2,1
math.CV,1997,3,6
math.CV,1997,4,10
math.CV,1998,0,13
math.CV,1998,1,9
math.CV,1998,2,9
math.CV,1998,3,8
math.CV,1998,4,14
math.CV,1999,0,23
math.CV,1999,1,16
math.CV,1999,2,17
math.CV,1999,3,14
math.CV,1999,4,16
math.CV,2000,0,37
math.CV,2000,1,27
math.CV,2000,2,22
math.CV,2000,3,21
math.CV,2000,4,24
math.CV,2001,0,47
math.CV,2001,1,22
math.CV,2001,2,17
math.CV,2001,3,37
math.CV,2001,4,49
math.CV,2002,0,58
math.CV,2002,1,25
math.CV,2002,2,34
math.CV,2002,3,43
math.CV,2002,4,56
math.CV,2003,0,92
math.CV,2003,1,49
math.CV,2003,2,64
math.CV,2003,3,53
math.CV,2003,4,53
math.CV,2004,0,84
math.CV,2004,1,53
math.CV,2004,2,78
math.CV,2004,3,64
math.CV,2004,4,78
math.CV,2005,0,120
math.CV,2005,1,75
math.CV,2005,2,93
math.CV,2005,3,88
math.CV,2005,4,114
math.CV,2006,0,125
math.CV,2006,1,129
math.CV,2006,2,101
math.CV,2006,3,127
math.CV,2006,4,147
math.CV,2007,0,145
math.CV,2007,1,155
math.CV,2007,2,148
math.CV,2007,3,154
math.CV,2007,4,180
math.CV,2008,0,235
math.CV,2008,1,171
math.CV,2008,2,225
math.CV,2008,3,221
math.CV,2008,4,235
math.CV,2009,0,257
math.CV,2009,1,209
math.CV,2009,2,199
math.CV,2009,3,251
math.CV,2009,4,236
math.CV,2010,0,278
math.CV,2010,1,243
math.CV,2010,2,319
math.CV,2010,3,275
math.CV,2010,4,329
math.CV,2011,0,326
math.CV,2011,1,278
math.CV,2011,2,291
math.CV,2011,3,294
math.CV,2011,4,403
math.CV,2012,0,417
math.CV,2012,1,364
math.CV,2012,2,309
math.CV,2012,3,412
math.CV,2012,4,495
math.CV,2013,0,379
math.CV,2013,1,377
math.CV,2013,2,426
math.CV,2013,3,447
math.CV,2013,4,417
math.CV,2014,0,504
math.CV,2014,1,516
math.CV,2014,2,452
math.CV,2014,3,477
math.CV,2014,4,662
math.CV,2015,0,670
math.CV,2015,1,560
math.CV,2015,2,602
math.CV,2015,3,523
math.CV,2015,4,621
math.CV,2016,0,385
math.CV,2016,1,577
math.CV,2016,2,520
math.CV,2016,3,960
math.CV,2016,4,632
math.CV,2017,0,656
math.CV,2017,1,630
math.CV,2017,2,718
math.CV,2017,3,644
math.CV,2017,4,682
math.CV,2018,0,542
math.CV,2018,1,645
math.CV,2018,2,716
math.CV,2018,3,745
math.CV,2018,4,748
math.CV,2019,0,451
math.CV,2019,1,811
math.CV,2019,2,876
math.CV,2019,3,841
math.CV,2019,4,832
math.CV,2020,0,529
math.CV,2020,1,1090
math.CV,2020,2,922
math.CV,2020,3,1029
math.CV,2020,4,936
math.CV,2021,0,591
math.CV,2021,1,1002
math.CV,2021,2,1155
math.CV,2021,3,1012
math.CV,2021,4,1082
math.CV,2022,0,643
math.CV,2022,1,886
math.CV,2022,2,861
math.CV,2022,3,860
math.CV,2022,4,834
math.CV,2023,0,540
math.CV,2023,1,931
math.CV,2023,2,872
math.CV,2023,3,809
math.CV,2023,4,791
math.CV,2024,0,514
math.CV,2024,1,721
math.CV,2024,2,807
math.CV,2024,3,616
math.CV,2024,4,745
math.CV,2025,0,394
math.CV,2025,1,736
math.CV,2025,2,670
math.CV,2025,3,667
math.CV,2025,4,599
math.CV,2026,0,131
math.CV,2026,1,509
math.CV,2026,2,274
math.DG,1884,0,2
math.DG,1949,4,1
math.DG,1951,0,1
math.DG,1953,3,1
math.DG,1959,0,1
math.DG,1959,2,1
math.DG,1962,4,1
math.DG,1963,0,2
math.DG,1966,0,2
math.DG,1967,0,1
math.DG,1977,0,2
math.DG,1978,4,3
math.DG,1979,4,1
math.DG,1980,4,1
math.DG,1981,0,2
math.DG,1981,4,1
math.DG,1982,0,17
math.DG,1982,2,1
math.DG,1982,3,1
math.DG,1983,0,1
math.DG,1983,4,1
math.DG,1984,0,3
math.DG,1984,2,1
math.DG,1984,3,2
math.DG,1984,4,1
math.DG,1985,0,2
math.DG,1985,1,2
math.DG,1985,4,1
math.DG,1986,0,3
math.DG,1986,1,1
math.DG,1986,3,2
math.DG,1986,4,3
math.DG,1987,0,1
math.DG,1987,1,1
math.DG,1989,0,6
math.DG,1989,4,1
math.DG,1990,0,4
math.DG,1990,2,1
math.DG,1990,3,2
math.DG,1990,4,1
math.DG,1991,0,3
math.DG,1991,2,1
math.DG,1991,4,1
math.DG,1992,0,3
math.DG,1992,1,1
math.DG,1992,2,3
math.DG,1992,3,1
math.DG,1992,4,4
math.DG,1993,0,4
math.DG,1993,2,4
math.DG,1993,3,1
math.DG,1993,4,3
math.DG,1994,0,12
math.DG,1994,1,2
math.DG,1994,2,3
math.DG,1994,3,9
math.DG,1994,4,19
math.DG,1995,0,33
math.DG,1995,1,17
math.DG,1995,2,27
math.DG,1995,3,34
math.DG,1995,4,29
math.DG,1996,0,61
math.DG,1996,1,41
math.DG,1996,2,43
math.DG,1996,3,52
math.DG,1996,4,64
math.DG,1997,0,123
math.DG,1997,1,44
math.DG,1997,2,58
math.DG,1997,3,69
math.DG,1997,4,106
math.DG,1998,0,152
math.DG,1998,1,106
math.DG,1998,2,102
math.DG,1998,3,125
math.DG,1998,4,111
math.DG,1999,0,281
math.DG,1999,1,92
math.DG,1999,2,135
math.DG,1999,3,158
math.DG,1999,4,146
math.DG,2000,0,249
math.DG,2000,1,162
math.DG,2000,2,202
math.DG,2000,3,186
math.DG,2000,4,227
math.DG,2001,0,319
math.DG,2001,1,210
math.DG,2001,2,273
math.DG,2001,3,222
math.DG,2001,4,303
math.DG,2002,0,472
math.DG,2002,1,259
math.DG,2002,2,396
math.DG,2002,3,444
math.DG,2002,4,638
math.DG,2003,0,465
math.DG,2003,1,514
math.DG,2003,2,574
math.DG,2003,3,444
math.DG,2003,4,605
math.DG,2004,0,610
math.DG,2004,1,534
math.DG,2004,2,619
math.DG,2004,3,516
math.DG,2004,4,662
math.DG,2005,0,699
math.DG,2005,1,563
math.DG,2005,2,748
math.DG,2005,3,701
math.DG,2005,4,781
math.DG,2006,0,777
math.DG,2006,1,911
math.DG,2006,2,950
math.DG,2006,3,932
math.DG,2006,4,992
math.DG,2007,0,767
math.DG,2007,1,884
math.DG,2007,2,1088
math.DG,2007,3,1067
math.DG,2007,4,1196
math.DG,2008,0,1082
math.DG,2008,1,1101
math.DG,2008,2,1196
math.DG,2008,3,1072
math.DG,2008,4,1328
math.DG,2009,0,1167
math.DG,2009,1,1153
math.DG,2009,2,1275
math.DG,2009,3,1273
math.DG,2009,4,1437
math.DG,2010,0,1085
math.DG,2010,1,1191
math.DG,2010,2,1364
math.DG,2010,3,1242
math.DG,2010,4,1574
math.DG,2011,0,1236
math.DG,2011,1,1395
math.DG,2011,2,1669
math.DG,2011,3,1530
math.DG,2011,4,1829
math.DG,2012,0,1554
math.DG,2012,1,1550
math.DG,2012,2,1770
math.DG,2012,3,1741
math.DG,2012,4,2129
math.DG,2013,0,1393
math.DG,2013,1,1741
math.DG,2013,2,2379
math.DG,2013,3,1945
math.DG,2013,4,2087
math.DG,2014,0,1885
math.DG,2014,1,1810
math.DG,2014,2,2075
math.DG,2014,3,2241
math.DG,2014,4,2668
math.DG,2015,0,1910
math.DG,2015,1,2154
math.DG,2015,2,2800
math.DG,2015,3,2411
math.DG,2015,4,2507
math.DG,2016,0,1538
math.DG,2016,1,2323
math.DG,2016,2,2589
math.DG,2016,3,4044
math.DG,2016,4,2573
math.DG,2017,0,1744
math.DG,2017,1,2582
math.DG,2017,2,2476
math.DG,2017,3,2466
math.DG,2017,4,2903
math.DG,2018,0,1476
math.DG,2018,1,2653
math.DG,2018,2,3104
math.DG,2018,3,2742
math.DG,2018,4,2917
math.DG,2019,0,1715
math.DG,2019,1,3155
math.DG,2019,2,3515
math.DG,2019,3,2965
math.DG,2019,4,3724
math.DG,2020,0,1871
math.DG,2020,1,3167
math.DG,2020,2,3361
math.DG,2020,3,3735
math.DG,2020,4,4177
math.DG,2021,0,2070
math.DG,2021,1,4063
math.DG,2021,2,4089
math.DG,2021,3,4158
math.DG,2021,4,3802
math.DG,2022,0,1901
math.DG,2022,1,3454
math.DG,2022,2,3100
math.DG,2022,3,3255
math.DG,2022,4,3134
math.DG,2023,0,1841
math.DG,2023,1,3071
math.DG,2023,2,3336
math.DG,2023,3,3182
math.DG,2023,4,3024
math.DG,2024,0,1560
math.DG,2024,1,2874
math.DG,2024,2,3345
math.DG,2024,3,2748
math.DG,2024,4,2987
math.DG,2025,0,1521
math.DG,2025,1,2627
math.DG,2025,2,2576
math.DG,2025,3,2609
math.DG,2025,4,2332
math.DG,2026,0,537
math.DG,2026,1,2297
math.DG,2026,2,1173
math.DS,1891,4,1
math.DS,1900,0,2
math.DS,1942,4,1
math.DS,1965,0,1
math.DS,1968,1,1
math.DS,1969,3,3
math.DS,1971,3,1
math.DS,1977,0,1
math.DS,1983,0,1
math.DS,1986,0,1
math.DS,1986,2,2
math.DS,1987,3,2
math.DS,1987,4,3
math.DS,1990,2,1
math.DS,1991,0,4
math.DS,1991,1,1
math.DS,1991,2,5
math.DS,1991,3,3
math.DS,1991,4,7
math.DS,1992,0,5
math.DS,1992,1,1
math.DS,1992,2,2
math.DS,1992,3,1
math.DS,1992,4,5
math.DS,1993,0,13
math.DS,1993,1,4
math.DS,1993,2,5
math.DS,1993,3,4
math.DS,1993,4,5
math.DS,1994,0,12
math.DS,1994,1,26
math.DS,1994,2,5
math.DS,1994,3,7
math.DS,1994,4,30
math.DS,1995,0,41
math.DS,1995,1,8
math.DS,1995,2,11
math.DS,1995,3,8
math.DS,1995,4,36
math.DS,1996,0,23
math.DS,1996,1,13
math.DS,1996,2,11
math.DS,1996,3,16
math.DS,1996,4,9
math.DS,1997,0,38
math.DS,1997,1,7
math.DS,1997,2,11
math.DS,1997,3,17
math.DS,1997,4,22
math.DS,1998,0,39
math.DS,1998,1,23
math.DS,1998,2,30
math.DS,1998,3,20
math.DS,1998,4,24
math.DS,1999,0,37
math.DS,1999,1,31
math.DS,1999,2,30
math.DS,1999,3,43
math.DS,1999,4,36
math.DS,2000,0,90
math.DS,2000,1,31
math.DS,2000,2,46
math.DS,2000,3,50
math.DS,2000,4,56
math.DS,2001,0,90
math.DS,2001,1,32
math.DS,2001,2,78
math.DS,2001,3,75
math.DS,2001,4,82
math.DS,2002,0,157
math.DS,2002,1,76
math.DS,2002,2,109
math.DS,2002,3,91
math.DS,2002,4,140
math.DS,2003,0,154
math.DS,2003,1,102
math.DS,2003,2,131
math.DS,2003,3,108
math.DS,2003,4,147
math.DS,2004,0,184
math.DS,2004,1,138
math.DS,2004,2,168
math.DS,2004,3,193
math.DS,2004,4,185
math.DS,2005,0,256
math.DS,2005,1,179
math.DS,2005,2,170
math.DS,2005,3,196
math.DS,2005,4,249
math.DS,2006,0,372
math.DS,2006,1,268
math.DS,2006,2,222
math.DS,2006,3,279
math.DS,2006,4,312
math.DS,2007,0,323
math.DS,2007,1,278
math.DS,2007,2,390
math.DS,2007,3,417
math.DS,2007,4,391
math.DS,2008,0,442
math.DS,2008,1,358
math.DS,2008,2,529
math.DS,2008,3,445
math.DS,2008,4,538
math.DS,2009,0,674
math.DS,2009,1,484
math.DS,2009,2,473
math.DS,2009,3,549
math.DS,2009,4,598
math.DS,2010,0,665
math.DS,2010,1,602
math.DS,2010,2,664
math.DS,2010,3,661
math.DS,2010,4,753
math.DS,2011,0,674
math.DS,2011,1,754
math.DS,2011,2,871
math.DS,2011,3,825
math.DS,2011,4,1048
math.DS,2012,0,954
math.DS,2012,1,893
math.DS,2012,2,1052
math.DS,2012,3,1017
math.DS,2012,4,1254
math.DS,2013,0,1111
math.DS,2013,1,1033
math.DS,2013,2,1145
math.DS,2013,3,1463
math.DS,2013,4,1289
math.DS,2014,0,1293
math.DS,2014,1,1321
math.DS,2014,2,1520
math.DS,2014,3,1563
math.DS,2014,4,1823
math.DS,2015,0,1463
math.DS,2015,1,1564
math.DS,2015,2,1736
math.DS,2015,3,2010
math.DS,2015,4,2028
math.DS,2016,0,1455
math.DS,2016,1,1971
math.DS,2016,2,2074
math.DS,2016,3,2680
math.DS,2016,4,2353
math.DS,2017,0,1592
math.DS,2017,1,2113
math.DS,2017,2,2333
math.DS,2017,3,2239
math.DS,2017,4,2541
math.DS,2018,0,1791
math.DS,2018,1,2365
math.DS,2018,2,2830
math.DS,2018,3,2964
math.DS,2018,4,2794
math.DS,2019,0,1874
math.DS,2019,1,3007
math.DS,2019,2,3065
math.DS,2019,3,3039
math.DS,2019,4,3423
math.DS,2020,0,2701
math.DS,2020,1,3419
math.DS,2020,2,4200
math.DS,2020,3,4576
math.DS,2020,4,5304
math.DS,2021,0,2859
math.DS,2021,1,4651
math.DS,2021,2,5356
math.DS,2021,3,5141
math.DS,2021,4,5024
math.DS,2022,0,2662
math.DS,2022,1,4265
math.DS,2022,2,4658
math.DS,2022,3,4426
math.DS,2022,4,4830
math.DS,2023,0,2869
math.DS,2023,1,4288
math.DS,2023,2,4626
math.DS,2023,3,4713
math.DS,2023,4,4923
math.DS,2024,0,2511
math.DS,2024,1,4297
math.DS,2024,2,4483
math.DS,2024,3,4347
math.DS,2024,4,4775
math.DS,2025,0,2477
math.DS,2025,1,4021
math.DS,2025,2,4601
math.DS,2025,3,4508
math.DS,2025,4,4115
math.DS,2026,0,1096
math.DS,2026,1,3363
math.DS,2026,2,2441
math.FA,1919,4,1
math.FA,1937,4,1
math.FA,1941,3,1
math.FA,1954,0,1
math.FA,1955,1,1
math.FA,1956,3,1
math.FA,1960,0,1
math.FA,1960,1,1
math.FA,1963,2,1
math.FA,1963,4,1
math.FA,1964,2,1
math.FA,1966,0,1
math.FA,1966,4,1
math.FA,1969,3,2
math.FA,1970,0,1
math.FA,1971,4,1
math.FA,1973,0,1
math.FA,1975,4,1
math.FA,1976,4,1
math.FA,1977,0,1
math.FA,1981,1,1
math.FA,1982,2,1
math.FA,1983,0,1
math.FA,1984,0,2
math.FA,1985,0,1
math.FA,1985,4,1
math.FA,1986,2,1
math.FA,1987,0,1
math.FA,1987,3,1
math.FA,1988,0,1
math.FA,1988,1,1
math.FA,1988,3,1
math.FA,1989,0,1
math.FA,1989,1,1
math.FA,1989,4,2
math.FA,1990,0,1
math.FA,1990,2,1
math.FA,1990,3,2
math.FA,1991,0,3
math.FA,1991,1,1
math.FA,1991,2,4
math.FA,1991,3,1
math.FA,1992,0,1
math.FA,1992,1,8
math.FA,1992,2,3
math.FA,1992,4,2
math.FA,1993,0,10
math.FA,1993,1,2
math.FA,1993,2,5
math.FA,1993,3,5
math.FA,1993,4,9
math.FA,1994,0,18
math.FA,1994,1,8
math.FA,1994,2,14
math.FA,1994,3,12
math.FA,1994,4,6
math.FA,1995,0,18
math.FA,1995,1,7
math.FA,1995,2,9
math.FA,1995,3,12
math.FA,1995,4,15
math.FA,1996,0,30
math.FA,1996,1,8
math.FA,1996,2,30
math.FA,1996,3,13
math.FA,1996,4,24
math.FA,1997,0,38
math.FA,1997,1,26
math.FA,1997,2,17
math.FA,1997,3,32
math.FA,1997,4,32
math.FA,1998,0,57
math.FA,1998,1,31
math.FA,1998,2,32
math.FA,1998,3,35
math.FA,1998,4,43
math.FA,1999,0,80
math.FA,1999,1,39
math.FA,1999,2,48
math.FA,1999,3,43
math.FA,1999,4,70
math.FA,2000,0,84
math.FA,2000,1,40
math.FA,2000,2,63
math.FA,2000,3,58
math.FA,2000,4,63
math.FA,2001,0,105
math.FA,2001,1,60
math.FA,2001,2,77
math.FA,2001,3,62
math.FA,2001,4,89
math.FA,2002,0,95
math.FA,2002,1,59
math.FA,2002,2,81
math.FA,2002,3,72
math.FA,2002,4,77
math.FA,2003,0,144
math.FA,2003,1,65
math.FA,2003,2,107
math.FA,2003,3,95
math.FA,2003,4,114
math.FA,2004,0,159
math.FA,2004,1,75
math.FA,2004,2,118
math.FA,2004,3,104
math.FA,2004,4,142
math.FA,2005,0,166
math.FA,2005,1,140
math.FA,2005,2,150
math.FA,2005,3,144
math.FA,2005,4,182
math.FA,2006,0,210
math.FA,2006,1,170
math.FA,2006,2,204
math.FA,2006,3,181
math.FA,2006,4,251
math.FA,2007,0,246
math.FA,2007,1,219
math.FA,2007,2,293
math.FA,2007,3,289
math.FA,2007,4,282
math.FA,2008,0,301
math.FA,2008,1,277
math.FA,2008,2,321
math.FA,2008,3,392
math.FA,2008,4,366
math.FA,2009,0,418
math.FA,2009,1,332
math.FA,2009,2,354
math.FA,2009,3,368
math.FA,2009,4,435
math.FA,2010,0,461
math.FA,2010,1,408
math.FA,2010,2,450
math.FA,2010,3,493
math.FA,2010,4,492
math.FA,2011,0,536
math.FA,2011,1,486
math.FA,2011,2,580
math.FA,2011,3,615
math.FA,2011,4,634
math.FA,2012,0,726
math.FA,2012,1,611
math.FA,2012,2,631
math.FA,2012,3,717
math.FA,2012,4,859
math.FA,2013,0,824
math.FA,2013,1,645
math.FA,2013,2,843
math.FA,2013,3,850
math.FA,2013,4,915
math.FA,2014,0,1104
math.FA,2014,1,828
math.FA,2014,2,850
math.FA,2014,3,1017
math.FA,2014,4,1055
math.FA,2015,0,1031
math.FA,2015,1,986
math.FA,2015,2,1103
math.FA,2015,3,1134
math.FA,2015,4,1215
math.FA,2016,0,1068
math.FA,2016,1,1133
math.FA,2016,2,1233
math.FA,2016,3,1540
math.FA,2016,4,1311
math.FA,2017,0,1062
math.FA,2017,1,1213
math.FA,2017,2,1332
math.FA,2017,3,1416
math.FA,2017,4,1381
math.FA,2018,0,1003
math.FA,2018,1,1311
math.FA,2018,2,1622
math.FA,2018,3,1530
math.FA,2018,4,1582
math.FA,2019,0,1120
math.FA,2019,1,1610
math.FA,2019,2,1857
math.FA,2019,3,1899
math.FA,2019,4,1862
math.FA,2020,0,1401
math.FA,2020,1,2240
math.FA,2020,2,2228
math.FA,2020,3,2057
math.FA,2020,4,2211
math.FA,2021,0,1428
math.FA,2021,1,2168
math.FA,2021,2,2312
math.FA,2021,3,2551
math.FA,2021,4,2305
math.FA,2022,0,1445
math.FA,2022,1,1929
math.FA,2022,2,1895
math.FA,2022,3,2099
math.FA,2022,4,2136
math.FA,2023,0,1262
math.FA,2023,1,1952
math.FA,2023,2,1979
math.FA,2023,3,2077
math.FA,2023,4,2033
math.FA,2024,0,1298
math.FA,2024,1,1729
math.FA,2024,2,1923
math.FA,2024,3,1629
math.FA,2024,4,1777
math.FA,2025,0,991
math.FA,2025,1,1506
math.FA,2025,2,1777
math.FA,2025,3,1609
math.FA,2025,4,1497
math.FA,2026,0,356
math.FA,2026,1,1413
math.FA,2026,2,747
math.GM,1959,1,1
math.GM,1969,3,1
math.GM,1987,0,1
math.GM,1993,0,1
math.GM,1995,0,1
math.GM,1995,1,1
math.GM,1997,0,1
math.GM,1998,0,1
math.GM,1998,1,1
math.GM,1999,0,3
math.GM,1999,2,3
math.GM,1999,3,2
math.GM,1999,4,3
math.GM,2000,0,2
math.GM,2000,1,4
math.GM,2000,2,1
math.GM,2000,3,6
math.GM,2000,4,2
math.GM,2001,0,7
math.GM,2001,1,4
math.GM,2001,2,14
math.GM,2001,3,2
math.GM,2001,4,3
math.GM,2002,0,4
math.GM,2002,1,3
math.GM,2002,2,7
math.GM,2002,3,5
math.GM,2002,4,10
math.GM,2003,0,12
math.GM,2003,1,3
math.GM,2003,2,13
math.GM,2003,3,18
math.GM,2003,4,15
math.GM,2004,0,9
math.GM,2004,1,13
math.GM,2004,2,14
math.GM,2004,3,9
math.GM,2004,4,21
math.GM,2005,0,20
math.GM,2005,1,24
math.GM,2005,2,18
math.GM,2005,3,31
math.GM,2005,4,35
math.GM,2006,0,20
math.GM,2006,1,31
math.GM,2006,2,35
math.GM,2006,3,45
math.GM,2006,4,39
math.GM,2007,0,26
math.GM,2007,1,55
math.GM,2007,2,47
math.GM,2007,3,60
math.GM,2007,4,40
math.GM,2008,0,39
math.GM,2008,1,51
math.GM,2008,2,72
math.GM,2008,3,51
math.GM,2008,4,73
math.GM,2009,0,55
math.GM,2009,1,65
math.GM,2009,2,63
math.GM,2009,3,64
math.GM,2009,4,75
math.GM,2010,0,62
math.GM,2010,1,73
math.GM,2010,2,78
math.GM,2010,3,87
math.GM,2010,4,63
math.GM,2011,0,68
math.GM,2011,1,63
math.GM,2011,2,64
math.GM,2011,3,65
math.GM,2011,4,65
math.GM,2012,0,69
math.GM,2012,1,75
math.GM,2012,2,73
math.GM,2012,3,72
math.GM,2012,4,81
math.GM,2013,0,87
math.GM,2013,1,83
math.GM,2013,2,90
math.GM,2013,3,74
math.GM,2013,4,91
math.GM,2014,0,115
math.GM,2014,1,59
math.GM,2014,2,97
math.GM,2014,3,76
math.GM,2014,4,114
math.GM,2015,0,66
math.GM,2015,1,79
math.GM,2015,2,101
math.GM,2015,3,117
math.GM,2015,4,100
math.GM,2016,0,86
math.GM,2016,1,78
math.GM,2016,2,70
math.GM,2016,3,103
math.GM,2016,4,109
math.GM,2017,0,81
math.GM,2017,1,80
math.GM,2017,2,87
math.GM,2017,3,99
math.GM,2017,4,82
math.GM,2018,0,58
math.GM,2018,1,105
math.GM,2018,2,95
math.GM,2018,3,103
math.GM,2018,4,96
math.GM,2019,0,103
math.GM,2019,1,105
math.GM,2019,2,116
math.GM,2019,3,123
math.GM,2019,4,147
math.GM,2020,0,146
math.GM,2020,1,126
math.GM,2020,2,123
math.GM,2020,3,185
math.GM,2020,4,166
math.GM,2021,0,131
math.GM,2021,1,155
math.GM,2021,2,152
math.GM,2021,3,173
math.GM,2021,4,131
math.GM,2022,0,137
math.GM,2022,1,121
math.GM,2022,2,147
math.GM,2022,3,110
math.GM,2022,4,139
math.GM,2023,0,137
math.GM,2023,1,119
math.GM,2023,2,135
math.GM,2023,3,163
math.GM,2023,4,184
math.GM,2024,0,134
math.GM,2024,1,132
math.GM,2024,2,127
math.GM,2024,3,125
math.GM,2024,4,106
math.GM,2025,0,100
math.GM,2025,1,97
math.GM,2025,2,90
math.GM,2025,3,88
math.GM,2025,4,78
math.GM,2026,0,28
math.GM,2026,1,72
math.GM,2026,2,56
math.GN,1966,3,1
math.GN,1967,0,1
math.GN,1967,2,1
math.GN,1969,2,1
math.GN,1970,0,1
math.GN,1971,0,1
math.GN,1971,1,1
math.GN,1971,2,1
math.GN,1972,3,1
math.GN,1972,4,1
math.GN,1973,3,1
math.GN,1974,0,3
math.GN,1974,2,1
math.GN,1974,3,1
math.GN,1974,4,1
math.GN,1975,3,1
math.GN,1976,2,1
math.GN,1977,3,2
math.GN,1979,0,1
math.GN,1979,1,1
math.GN,1980,3,1
math.GN,1981,3,1
math.GN,1981,4,1
math.GN,1987,1,1
math.GN,1988,1,2
math.GN,1988,2,1
math.GN,1989,1,1
math.GN,1990,0,1
math.GN,1990,4,1
math.GN,1991,0,1
math.GN,1991,4,1
math.GN,1992,0,3
math.GN,1993,0,1
math.GN,1993,1,1
math.GN,1993,2,2
math.GN,1993,4,3
math.GN,1994,2,1
math.GN,1994,3,1
math.GN,1995,0,2
math.GN,1995,2,1
math.GN,1995,3,2
math.GN,1995,4,2
math.GN,1996,3,2
math.GN,1997,0,5
math.GN,1997,1,2
math.GN,1998,0,7
math.GN,1998,2,3
math.GN,1998,3,1
math.GN,1998,4,4
math.GN,1999,0,3
math.GN,1999,2,4
math.GN,1999,3,3
math.GN,1999,4,4
math.GN,2000,0,7
math.GN,2000,1,5
math.GN,2000,2,2
math.GN,2000,3,2
math.GN,2000,4,6
math.GN,2001,0,9
math.GN,2001,1,1
math.GN,2001,2,15
math.GN,2001,3,3
math.GN,2001,4,4
math.GN,2002,0,12
math.GN,2002,1,7
math.GN,2002,2,15
math.GN,2002,3,6
math.GN,2002,4,9
math.GN,2003,0,17
math.GN,2003,1,6
math.GN,2003,2,6
math.GN,2003,3,11
math.GN,2003,4,35
math.GN,2004,0,17
math.GN,2004,1,11
math.GN,2004,2,16
math.GN,2004,3,18
math.GN,2004,4,23
math.GN,2005,0,44
math.GN,2005,1,37
math.GN,2005,2,23
math.GN,2005,3,34
math.GN,2005,4,28
math.GN,2006,0,28
math.GN,2006,1,22
math.GN,2006,2,34
math.GN,2006,3,41
math.GN,2006,4,37
math.GN,2007,0,80
math.GN,2007,1,31
math.GN,2007,2,26
math.GN,2007,3,22
math.GN,2007,4,45
math.GN,2008,0,48
math.GN,2008,1,33
math.GN,2008,2,58
math.GN,2008,3,68
math.GN,2008,4,62
math.GN,2009,0,27
math.GN,2009,1,41
math.GN,2009,2,73
math.GN,2009,3,66
math.GN,2009,4,50
math.GN,2010,0,55
math.GN,2010,1,46
math.GN,2010,2,60
math.GN,2010,3,53
math.GN,2010,4,77
math.GN,2011,0,74
math.GN,2011,1,49
math.GN,2011,2,98
math.GN,2011,3,85
math.GN,2011,4,83
math.GN,2012,0,135
math.GN,2012,1,83
math.GN,2012,2,114
math.GN,2012,3,72
math.GN,2012,4,113
math.GN,2013,0,115
math.GN,2013,1,93
math.GN,2013,2,109
math.GN,2013,3,132
math.GN,2013,4,170
math.GN,2014,0,114
math.GN,2014,1,131
math.GN,2014,2,99
math.GN,2014,3,98
math.GN,2014,4,126
math.GN,2015,0,57
math.GN,2015,1,95
math.GN,2015,2,106
math.GN,2015,3,106
math.GN,2015,4,144
math.GN,2016,0,96
math.GN,2016,1,122
math.GN,2016,2,103
math.GN,2016,3,200
math.GN,2016,4,136
math.GN,2017,0,85
math.GN,2017,1,157
math.GN,2017,2,136
math.GN,2017,3,156
math.GN,2017,4,134
math.GN,2018,0,101
math.GN,2018,1,143
math.GN,2018,2,141
math.GN,2018,3,156
math.GN,2018,4,156
math.GN,2019,0,92
math.GN,2019,1,231
math.GN,2019,2,190
math.GN,2019,3,224
math.GN,2019,4,227
math.GN,2020,0,114
math.GN,2020,1,153
math.GN,2020,2,238
math.GN,2020,3,200
math.GN,2020,4,242
math.GN,2021,0,128
math.GN,2021,1,199
math.GN,2021,2,247
math.GN,2021,3,270
math.GN,2021,4,215
math.GN,2022,0,109
math.GN,2022,1,134
math.GN,2022,2,157
math.GN,2022,3,175
math.GN,2022,4,196
math.GN,2023,0,111
math.GN,2023,1,154
math.GN,2023,2,181
math.GN,2023,3,149
math.GN,2023,4,168
math.GN,2024,0,72
math.GN,2024,1,146
math.GN,2024,2,140
math.GN,2024,3,149
math.GN,2024,4,144
math.GN,2025,0,79
math.GN,2025,1,135
math.GN,2025,2,137
math.GN,2025,3,130
math.GN,2025,4,118
math.GN,2026,0,20
math.GN,2026,1,94
math.GN,2026,2,53
math.GR,1937,4,1
math.GR,1955,1,1
math.GR,1956,3,1
math.GR,1960,0,1
math.GR,1963,4,1
math.GR,1966,0,1
math.GR,1969,3,1
math.GR,1973,1,1
math.GR,1975,1,1
math.GR,1975,4,1
math.GR,1977,3,1
math.GR,1982,2,3
math.GR,1983,0,1
math.GR,1985,1,1
math.GR,1985,4,1
math.GR,1986,2,1
math.GR,1987,0,1
math.GR,1988,4,1
math.GR,1989,0,1
math.GR,1989,4,1
math.GR,1990,0,1
math.GR,1990,2,1
math.GR,1990,3,1
math.GR,1991,1,1
math.GR,1991,2,1
math.GR,1992,0,3
math.GR,1993,0,4
math.GR,1993,2,1
math.GR,1993,4,7
math.GR,1994,0,2
math.GR,1994,1,1
math.GR,1994,2,8
math.GR,1994,4,2
math.GR,1995,0,4
math.GR,1995,2,2
math.GR,1995,3,3
math.GR,1995,4,3
math.GR,1996,0,4
math.GR,1996,3,1
math.GR,1996,4,3
math.GR,1997,0,6
math.GR,1997,1,2
math.GR,1997,2,6
math.GR,1997,3,7
math.GR,1997,4,6
math.GR,1998,0,13
math.GR,1998,1,9
math.GR,1998,2,6
math.GR,1998,3,15
math.GR,1998,4,18
math.GR,1999,0,20
math.GR,1999,1,13
math.GR,1999,2,10
math.GR,1999,3,8
math.GR,1999,4,14
math.GR,2000,0,29
math.GR,2000,1,10
math.GR,2000,2,31
math.GR,2000,3,19
math.GR,2000,4,21
math.GR,2001,0,28
math.GR,2001,1,21
math.GR,2001,2,37
math.GR,2001,3,34
math.GR,2001,4,30
math.GR,2002,0,77
math.GR,2002,1,37
math.GR,2002,2,33
math.GR,2002,3,33
math.GR,2002,4,53
math.GR,2003,0,66
math.GR,2003,1,35
math.GR,2003,2,79
math.GR,2003,3,63
math.GR,2003,4,83
math.GR,2004,0,107
math.GR,2004,1,65
math.GR,2004,2,78
math.GR,2004,3,67
math.GR,2004,4,97
math.GR,2005,0,149
math.GR,2005,1,103
math.GR,2005,2,134
math.GR,2005,3,126
math.GR,2005,4,155
math.GR,2006,0,173
math.GR,2006,1,202
math.GR,2006,2,173
math.GR,2006,3,154
math.GR,2006,4,215
math.GR,2007,0,194
math.GR,2007,1,215
math.GR,2007,2,302
math.GR,2007,3,222
math.GR,2007,4,240
math.GR,2008,0,242
math.GR,2008,1,248
math.GR,2008,2,329
math.GR,2008,3,281
math.GR,2008,4,322
math.GR,2009,0,365
math.GR,2009,1,310
math.GR,2009,2,301
math.GR,2009,3,291
math.GR,2009,4,397
math.GR,2010,0,325
math.GR,2010,1,343
math.GR,2010,2,375
math.GR,2010,3,361
math.GR,2010,4,396
math.GR,2011,0,291
math.GR,2011,1,468
math.GR,2011,2,523
math.GR,2011,3,542
math.GR,2011,4,505
math.GR,2012,0,400
math.GR,2012,1,480
math.GR,2012,2,582
math.GR,2012,3,513
math.GR,2012,4,617
math.GR,2013,0,472
math.GR,2013,1,529
math.GR,2013,2,564
math.GR,2013,3,630
math.GR,2013,4,624
math.GR,2014,0,572
math.GR,2014,1,652
math.GR,2014,2,613
math.GR,2014,3,701
math.GR,2014,4,850
math.GR,2015,0,550
math.GR,2015,1,637
math.GR,2015,2,758
math.GR,2015,3,851
math.GR,2015,4,947
math.GR,2016,0,553
math.GR,2016,1,849
math.GR,2016,2,865
math.GR,2016,3,1348
math.GR,2016,4,1025
math.GR,2017,0,463
math.GR,2017,1,781
math.GR,2017,2,915
math.GR,2017,3,937
math.GR,2017,4,883
math.GR,2018,0,521
math.GR,2018,1,987
math.GR,2018,2,894
math.GR,2018,3,903
math.GR,2018,4,1135
math.GR,2019,0,496
math.GR,2019,1,1195
math.GR,2019,2,1312
math.GR,2019,3,1094
math.GR,2019,4,1289
math.GR,2020,0,590
math.GR,2020,1,1343
math.GR,2020,2,1247
math.GR,2020,3,1205
math.GR,2020,4,1247
math.GR,2021,0,539
math.GR,2021,1,1285
math.GR,2021,2,1422
math.GR,2021,3,1408
math.GR,2021,4,1337
math.GR,2022,0,557
math.GR,2022,1,928
math.GR,2022,2,1277
math.GR,2022,3,1108
math.GR,2022,4,1291
math.GR,2023,0,546
math.GR,2023,1,1131
math.GR,2023,2,1153
math.GR,2023,3,1093
math.GR,2023,4,1075
math.GR,2024,0,385
math.GR,2024,1,935
math.GR,2024,2,971
math.GR,2024,3,929
math.GR,2024,4,1042
math.GR,2025,0,425
math.GR,2025,1,754
math.GR,2025,2,964
math.GR,2025,3,932
math.GR,2025,4,683
math.GR,2026,0,155
math.GR,2026,1,731
math.GR,2026,2,281
math.GT,1959,2,1
math.GT,1965,1,1
math.GT,1982,0,2
math.GT,1982,2,1
math.GT,1983,0,1
math.GT,1983,3,1
math.GT,1983,4,1
math.GT,1984,4,1
math.GT,1985,3,1
math.GT,1986,1,1
math.GT,1986,3,2
math.GT,1986,4,2
math.GT,1988,0,2
math.GT,1988,1,1
math.GT,1989,2,4
math.GT,1989,3,2
math.GT,1990,1,3
math.GT,1990,3,2
math.GT,1990,4,1
math.GT,1991,0,2
math.GT,1991,4,1
math.GT,1992,0,2
math.GT,1992,2,1
math.GT,1992,4,3
math.GT,1993,0,7
math.GT,1993,2,4
math.GT,1993,3,2
math.GT,1993,4,4
math.GT,1994,0,2
math.GT,1994,1,1
math.GT,1994,2,2
math.GT,1994,3,1
math.GT,1994,4,3
math.GT,1995,0,1
math.GT,1995,1,5
math.GT,1995,2,4
math.GT,1995,3,1
math.GT,1995,4,6
math.GT,1996,0,5
math.GT,1996,1,1
math.GT,1996,2,3
math.GT,1996,3,5
math.GT,1996,4,7
math.GT,1997,0,4
math.GT,1997,1,3
math.GT,1997,2,6
math.GT,1997,3,8
math.GT,1997,4,11
math.GT,1998,0,34
math.GT,1998,1,14
math.GT,1998,2,13
math.GT,1998,3,18
math.GT,1998,4,37
math.GT,1999,0,37
math.GT,1999,1,23
math.GT,1999,2,26
math.GT,1999,3,33
math.GT,1999,4,40
math.GT,2000,0,49
math.GT,2000,1,31
math.GT,2000,2,36
math.GT,2000,3,55
math.GT,2000,4,62
math.GT,2001,0,90
math.GT,2001,1,60
math.GT,2001,2,83
math.GT,2001,3,76
math.GT,2001,4,86
math.GT,2002,0,135
math.GT,2002,1,95
math.GT,2002,2,107
math.GT,2002,3,113
math.GT,2002,4,168
math.GT,2003,0,214
math.GT,2003,1,118
math.GT,2003,2,180
math.GT,2003,3,118
math.GT,2003,4,239
math.GT,2004,0,251
math.GT,2004,1,177
math.GT,2004,2,282
math.GT,2004,3,203
math.GT,2004,4,235
math.GT,2005,0,378
math.GT,2005,1,229
math.GT,2005,2,316
math.GT,2005,3,307
math.GT,2005,4,391
math.GT,2006,0,457
math.GT,2006,1,259
math.GT,2006,2,395
math.GT,2006,3,333
math.GT,2006,4,507
math.GT,2007,0,429
math.GT,2007,1,376
math.GT,2007,2,510
math.GT,2007,3,438
math.GT,2007,4,545
math.GT,2008,0,466
math.GT,2008,1,545
math.GT,2008,2,600
math.GT,2008,3,598
math.GT,2008,4,598
math.GT,2009,0,661
math.GT,2009,1,563
math.GT,2009,2,626
math.GT,2009,3,523
math.GT,2009,4,657
math.GT,2010,0,528
math.GT,2010,1,686
math.GT,2010,2,721
math.GT,2010,3,603
math.GT,2010,4,721
math.GT,2011,0,648
math.GT,2011,1,705
math.GT,2011,2,949
math.GT,2011,3,847
math.GT,2011,4,961
math.GT,2012,0,594
math.GT,2012,1,741
math.GT,2012,2,950
math.GT,2012,3,869
math.GT,2012,4,1211
math.GT,2013,0,870
math.GT,2013,1,815
math.GT,2013,2,976
math.GT,2013,3,1072
math.GT,2013,4,1078
math.GT,2014,0,1110
math.GT,2014,1,903
math.GT,2014,2,1044
math.GT,2014,3,1145
math.GT,2014,4,1271
math.GT,2015,0,665
math.GT,2015,1,939
math.GT,2015,2,1382
math.GT,2015,3,1435
math.GT,2015,4,1446
math.GT,2016,0,936
math.GT,2016,1,1234
math.GT,2016,2,1297
math.GT,2016,3,2353
math.GT,2016,4,1553
math.GT,2017,0,774
math.GT,2017,1,1126
math.GT,2017,2,1409
math.GT,2017,3,1473
math.GT,2017,4,1537
math.GT,2018,0,699
math.GT,2018,1,1303
math.GT,2018,2,1540
math.GT,2018,3,1272
math.GT,2018,4,1687
math.GT,2019,0,706
math.GT,2019,1,1440
math.GT,2019,2,1721
math.GT,2019,3,1403
math.GT,2019,4,1801
math.GT,2020,0,972
math.GT,2020,1,1753
math.GT,2020,2,1917
math.GT,2020,3,2008
math.GT,2020,4,2112
math.GT,2021,0,687
math.GT,2021,1,1927
math.GT,2021,2,2056
math.GT,2021,3,2628
math.GT,2021,4,2067
math.GT,2022,0,959
math.GT,2022,1,1253
math.GT,2022,2,1566
math.GT,2022,3,1753
math.GT,2022,4,1949
math.GT,2023,0,646
math.GT,2023,1,1429
math.GT,2023,2,1569
math.GT,2023,3,1831
math.GT,2023,4,1384
math.GT,2024,0,576
math.GT,2024,1,1356
math.GT,2024,2,1522
math.GT,2024,3,1338
math.GT,2024,4,1482
math.GT,2025,0,668
math.GT,2025,1,1164
math.GT,2025,2,1197
math.GT,2025,3,1309
math.GT,2025,4,1163
math.GT,2026,0,186
math.GT,2026,1,1048
math.GT,2026,2,357
math.HO,1905,4,1
math.HO,1961,4,1
math.HO,1970,0,1
math.HO,1971,0,1
math.HO,1976,2,2
math.HO,1977,0,1
math.HO,1978,1,1
math.HO,1980,0,1
math.HO,1981,0,1
math.HO,1983,3,1
math.HO,1984,4,1
math.HO,1987,4,1
math.HO,1988,4,1
math.HO,1992,3,1
math.HO,1993,0,1
math.HO,1993,1,1
math.HO,1995,0,1
math.HO,1997,0,1
math.HO,1998,3,4
math.HO,1999,0,2
math.HO,1999,1,1
math.HO,1999,2,1
math.HO,1999,4,2
math.HO,2000,0,5
math.HO,2000,1,1
math.HO,2000,2,1
math.HO,2000,4,1
math.HO,2001,0,3
math.HO,2001,1,1
math.HO,2001,2,1
math.HO,2001,4,3
math.HO,2002,0,6
math.HO,2002,1,1
math.HO,2002,2,5
math.HO,2002,3,6
math.HO,2002,4,6
math.HO,2003,0,20
math.HO,2003,1,3
math.HO,2003,2,8
math.HO,2003,3,11
math.HO,2003,4,13
math.HO,2004,0,19
math.HO,2004,1,4
math.HO,2004,2,6
math.HO,2004,3,4
math.HO,2004,4,7
math.HO,2005,0,18
math.HO,2005,1,4
math.HO,2005,2,12
math.HO,2005,3,15
math.HO,2005,4,14
math.HO,2006,0,33
math.HO,2006,1,18
math.HO,2006,2,5
math.HO,2006,3,22
math.HO,2006,4,30
math.HO,2007,0,44
math.HO,2007,1,30
math.HO,2007,2,29
math.HO,2007,3,32
math.HO,2007,4,38
math.HO,2008,0,57
math.HO,2008,1,25
math.HO,2008,2,34
math.HO,2008,3,34
math.HO,2008,4,38
math.HO,2009,0,38
math.HO,2009,1,40
math.HO,2009,2,44
math.HO,2009,3,40
math.HO,2009,4,58
math.HO,2010,0,75
math.HO,2010,1,35
math.HO,2010,2,50
math.HO,2010,3,34
math.HO,2010,4,67
math.HO,2011,0,103
math.HO,2011,1,76
math.HO,2011,2,73
math.HO,2011,3,65
math.HO,2011,4,62
math.HO,2012,0,124
math.HO,2012,1,67
math.HO,2012,2,81
math.HO,2012,3,55
math.HO,2012,4,79
math.HO,2013,0,146
math.HO,2013,1,74
math.HO,2013,2,65
math.HO,2013,3,103
math.HO,2013,4,91
math.HO,2014,0,133
math.HO,2014,1,83
math.HO,2014,2,93
math.HO,2014,3,103
math.HO,2014,4,78
math.HO,2015,0,109
math.HO,2015,1,73
math.HO,2015,2,90
math.HO,2015,3,115
math.HO,2015,4,125
math.HO,2016,0,119
math.HO,2016,1,101
math.HO,2016,2,110
math.HO,2016,3,127
math.HO,2016,4,123
math.HO,2017,0,138
math.HO,2017,1,102
math.HO,2017,2,151
math.HO,2017,3,114
math.HO,2017,4,153
math.HO,2018,0,164
math.HO,2018,1,146
math.HO,2018,2,133
math.HO,2018,3,136
math.HO,2018,4,140
math.HO,2019,0,166
math.HO,2019,1,130
math.HO,2019,2,240
math.HO,2019,3,162
math.HO,2019,4,238
math.HO,2020,0,197
math.HO,2020,1,190
math.HO,2020,2,210
math.HO,2020,3,233
math.HO,2020,4,219
math.HO,2021,0,183
math.HO,2021,1,234
math.HO,2021,2,233
math.HO,2021,3,231
math.HO,2021,4,272
math.HO,2022,0,153
math.HO,2022,1,171
math.HO,2022,2,193
math.HO,2022,3,209
math.HO,2022,4,177
math.HO,2023,0,172
math.HO,2023,1,209
math.HO,2023,2,189
math.HO,2023,3,225
math.HO,2023,4,210
math.HO,2024,0,165
math.HO,2024,1,185
math.HO,2024,2,205
math.HO,2024,3,214
math.HO,2024,4,158
math.HO,2025,0,126
math.HO,2025,1,123
math.HO,2025,2,184
math.HO,2025,3,141
math.HO,2025,4,145
math.HO,2026,0,49
math.HO,2026,1,133
math.HO,2026,2,102
math.IT,1920,4,1
math.IT,1961,0,2
math.IT,1969,4,1
math.IT,1970,0,1
math.IT,1977,3,1
math.IT,1978,3,1
math.IT,1979,3,1
math.IT,1980,0,2
math.IT,1981,0,1
math.IT,1981,3,1
math.IT,1981,4,1
math.IT,1985,2,1
math.IT,1985,3,2
math.IT,1985,4,1
math.IT,1986,1,2
math.IT,1986,2,1
math.IT,1987,0,1
math.IT,1989,0,2
math.IT,1989,2,1
math.IT,1990,0,1
math.IT,1990,1,1
math.IT,1991,1,1
math.IT,1991,2,1
math.IT,1992,0,2
math.IT,1992,2,1
math.IT,1992,4,1
math.IT,1993,2,1
math.IT,1993,3,3
math.IT,1993,4,1
math.IT,1994,0,1
math.IT,1994,1,1
math.IT,1994,2,1
math.IT,1995,0,1
math.IT,1995,4,3
math.IT,1996,0,4
math.IT,1996,4,1
math.IT,1997,0,3
math.IT,1997,1,1
math.IT,1997,2,1
math.IT,1998,0,10
math.IT,1998,1,2
math.IT,1998,2,1
math.IT,1998,3,2
math.IT,1998,4,1
math.IT,1999,0,11
math.IT,1999,1,3
math.IT,1999,2,4
math.IT,1999,3,6
math.IT,1999,4,2
math.IT,2000,0,16
math.IT,2000,1,2
math.IT,2000,2,8
math.IT,2000,3,8
math.IT,2000,4,12
math.IT,2001,0,22
math.IT,2001,1,12
math.IT,2001,2,14
math.IT,2001,3,9
math.IT,2001,4,13
math.IT,2002,0,31
math.IT,2002,1,16
math.IT,2002,2,22
math.IT,2002,3,17
math.IT,2002,4,25
math.IT,2003,0,30
math.IT,2003,1,11
math.IT,2003,2,24
math.IT,2003,3,21
math.IT,2003,4,15
math.IT,2004,0,41
math.IT,2004,1,17
math.IT,2004,2,29
math.IT,2004,3,31
math.IT,2004,4,63
math.IT,2005,0,181
math.IT,2005,1,27
math.IT,2005,2,98
math.IT,2005,3,74
math.IT,2005,4,93
math.IT,2006,0,224
math.IT,2006,1,136
math.IT,2006,2,133
math.IT,2006,3,348
math.IT,2006,4,226
math.IT,2007,0,397
math.IT,2007,1,189
math.IT,2007,2,579
math.IT,2007,3,385
math.IT,2007,4,430
math.IT,2008,0,703
math.IT,2008,1,500
math.IT,2008,2,682
math.IT,2008,3,1220
math.IT,2008,4,815
math.IT,2009,0,1041
math.IT,2009,1,778
math.IT,2009,2,1790
math.IT,2009,3,1212
math.IT,2009,4,1287
math.IT,2010,0,1552
math.IT,2010,1,1061
math.IT,2010,2,2183
math.IT,2010,3,1898
math.IT,2010,4,2175
math.IT,2011,0,1293
math.IT,2011,1,1627
math.IT,2011,2,2729
math.IT,2011,3,3145
math.IT,2011,4,3044
math.IT,2012,0,1775
math.IT,2012,1,2385
math.IT,2012,2,2824
math.IT,2012,3,4099
math.IT,2012,4,3858
math.IT,2013,0,2318
math.IT,2013,1,2820
math.IT,2013,2,4849
math.IT,2013,3,5302
math.IT,2013,4,4548
math.IT,2014,0,3001
math.IT,2014,1,3788
math.IT,2014,2,7203
math.IT,2014,3,5124
math.IT,2014,4,7233
math.IT,2015,0,3469
math.IT,2015,1,4676
math.IT,2015,2,8577
math.IT,2015,3,7167
math.IT,2015,4,8064
math.IT,2016,0,4685
math.IT,2016,1,6357
math.IT,2016,2,8347
math.IT,2016,3,11017
math.IT,2016,4,10366
math.IT,2017,0,5771
math.IT,2017,1,8409
math.IT,2017,2,11411
math.IT,2017,3,10331
math.IT,2017,4,13348
math.IT,2018,0,6659
math.IT,2018,1,8243
math.IT,2018,2,14242
math.IT,2018,3,11609
math.IT,2018,4,16118
math.IT,2019,0,8015
math.IT,2019,1,9712
math.IT,2019,2,13690
math.IT,2019,3,14156
math.IT,2019,4,15023
math.IT,2020,0,9577
math.IT,2020,1,10326
math.IT,2020,2,15663
math.IT,2020,3,12803
math.IT,2020,4,14686
math.IT,2021,0,9155
math.IT,2021,1,12006
math.IT,2021,2,15141
math.IT,2021,3,16215
math.IT,2021,4,14950
math.IT,2022,0,8100
math.IT,2022,1,9995
math.IT,2022,2,14660
math.IT,2022,3,12016
math.IT,2022,4,13986
math.IT,2023,0,7805
math.IT,2023,1,10570
math.IT,2023,2,14470
math.IT,2023,3,12437
math.IT,2023,4,14608
math.IT,2024,0,7193
math.IT,2024,1,10507
math.IT,2024,2,12103
math.IT,2024,3,11798
math.IT,2024,4,12325
math.IT,2025,0,6009
math.IT,2025,1,9794
math.IT,2025,2,11314
math.IT,2025,3,9638
math.IT,2025,4,9528
math.IT,2026,0,3318
math.IT,2026,1,3971
math.IT,2026,2,2952
math.KT,1970,0,1
math.KT,1982,0,1
math.KT,1990,1,1
math.KT,1991,0,1
math.KT,1992,4,1
math.KT,1995,0,1
math.KT,1995,4,1
math.KT,1997,3,1
math.KT,1998,1,1
math.KT,1998,3,2
math.KT,1998,4,3
math.KT,1999,0,6
math.KT,1999,2,7
math.KT,1999,3,5
math.KT,1999,4,6
math.KT,2000,0,10
math.KT,2000,1,5
math.KT,2000,2,6
math.KT,2000,3,12
math.KT,2000,4,16
math.KT,2001,0,29
math.KT,2001,1,14
math.KT,2001,2,19
math.KT,2001,3,14
math.KT,2001,4,18
math.KT,2002,0,49
math.KT,2002,1,24
math.KT,2002,2,25
math.KT,2002,3,22
math.KT,2002,4,31
math.KT,2003,0,58
math.KT,2003,1,33
math.KT,2003,2,50
math.KT,2003,3,23
math.KT,2003,4,52
math.KT,2004,0,61
math.KT,2004,1,41
math.KT,2004,2,53
math.KT,2004,3,45
math.KT,2004,4,56
math.KT,2005,0,83
math.KT,2005,1,48
math.KT,2005,2,57
math.KT,2005,3,58
math.KT,2005,4,68
math.KT,2006,0,70
math.KT,2006,1,89
math.KT,2006,2,81
math.KT,2006,3,70
math.KT,2006,4,92
math.KT,2007,0,86
math.KT,2007,1,111
math.KT,2007,2,83
math.KT,2007,3,97
math.KT,2007,4,147
math.KT,2008,0,146
math.KT,2008,1,130
math.KT,2008,2,119
math.KT,2008,3,122
math.KT,2008,4,132
math.KT,2009,0,151
math.KT,2009,1,122
math.KT,2009,2,129
math.KT,2009,3,114
math.KT,2009,4,155
math.KT,2010,0,157
math.KT,2010,1,112
math.KT,2010,2,157
math.KT,2010,3,156
math.KT,2010,4,188
math.KT,2011,0,130
math.KT,2011,1,141
math.KT,2011,2,166
math.KT,2011,3,166
math.KT,2011,4,240
math.KT,2012,0,140
math.KT,2012,1,162
math.KT,2012,2,166
math.KT,2012,3,166
math.KT,2012,4,229
math.KT,2013,0,185
math.KT,2013,1,210
math.KT,2013,2,249
math.KT,2013,3,240
math.KT,2013,4,230
math.KT,2014,0,246
math.KT,2014,1,258
math.KT,2014,2,238
math.KT,2014,3,266
math.KT,2014,4,297
math.KT,2015,0,196
math.KT,2015,1,233
math.KT,2015,2,280
math.KT,2015,3,283
math.KT,2015,4,329
math.KT,2016,0,217
math.KT,2016,1,294
math.KT,2016,2,327
math.KT,2016,3,583
math.KT,2016,4,305
math.KT,2017,0,196
math.KT,2017,1,287
math.KT,2017,2,258
math.KT,2017,3,271
math.KT,2017,4,341
math.KT,2018,0,265
math.KT,2018,1,258
math.KT,2018,2,340
math.KT,2018,3,395
math.KT,2018,4,416
math.KT,2019,0,294
math.KT,2019,1,425
math.KT,2019,2,448
math.KT,2019,3,388
math.KT,2019,4,481
math.KT,2020,0,442
math.KT,2020,1,437
math.KT,2020,2,941
math.KT,2020,3,464
math.KT,2020,4,473
math.KT,2021,0,284
math.KT,2021,1,486
math.KT,2021,2,544
math.KT,2021,3,628
math.KT,2021,4,474
math.KT,2022,0,205
math.KT,2022,1,413
math.KT,2022,2,370
math.KT,2022,3,384
math.KT,2022,4,353
math.KT,2023,0,181
math.KT,2023,1,362
math.KT,2023,2,403
math.KT,2023,3,312
math.KT,2023,4,310
math.KT,2024,0,182
math.KT,2024,1,299
math.KT,2024,2,316
math.KT,2024,3,306
math.KT,2024,4,356
math.KT,2025,0,145
math.KT,2025,1,234
math.KT,2025,2,281
math.KT,2025,3,302
math.KT,2025,4,229
math.KT,2026,0,52
math.KT,2026,1,196
math.KT,2026,2,118
math.LO,1976,3,1
math.LO,1977,0,4
math.LO,1977,1,1
math.LO,1977,3,1
math.LO,1977,4,1
math.LO,1978,0,1
math.LO,1978,2,1
math.LO,1978,4,1
math.LO,1979,1,2
math.LO,1979,3,1
math.LO,1979,4,2
math.LO,1980,2,2
math.LO,1981,0,2
math.LO,1981,1,1
math.LO,1982,0,4
math.LO,1982,2,1
math.LO,1982,4,2
math.LO,1983,0,2
math.LO,1983,2,1
math.LO,1983,3,1
math.LO,1983,4,2
math.LO,1984,0,3
math.LO,1984,1,1
math.LO,1984,3,1
math.LO,1985,0,2
math.LO,1985,1,2
math.LO,1985,2,2
math.LO,1985,3,1
math.LO,1986,0,4
math.LO,1987,0,2
math.LO,1988,4,1
math.LO,1989,2,1
math.LO,1990,0,4
math.LO,1990,1,1
math.LO,1990,2,2
math.LO,1990,4,2
math.LO,1991,0,1
math.LO,1991,3,1
math.LO,1992,0,3
math.LO,1992,2,2
math.LO,1992,4,1
math.LO,1993,0,2
math.LO,1993,2,1
math.LO,1993,3,5
math.LO,1993,4,3
math.LO,1994,0,8
math.LO,1994,1,2
math.LO,1994,2,2
math.LO,1994,3,2
math.LO,1994,4,5
math.LO,1995,0,9
math.LO,1995,1,1
math.LO,1995,2,4
math.LO,1995,3,7
math.LO,1995,4,6
math.LO,1996,0,15
math.LO,1996,1,3
math.LO,1996,2,12
math.LO,1996,3,5
math.LO,1996,4,9
math.LO,1997,0,25
math.LO,1997,1,6
math.LO,1997,2,8
math.LO,1997,3,6
math.LO,1997,4,11
math.LO,1998,0,26
math.LO,1998,1,9
math.LO,1998,2,6
math.LO,1998,3,7
math.LO,1998,4,9
math.LO,1999,0,29
math.LO,1999,1,5
math.LO,1999,2,19
math.LO,1999,3,14
math.LO,1999,4,13
math.LO,2000,0,48
math.LO,2000,1,10
math.LO,2000,2,7
math.LO,2000,3,10
math.LO,2000,4,19
math.LO,2001,0,39
math.LO,2001,1,2
math.LO,2001,2,22
math.LO,2001,3,15
math.LO,2001,4,19
math.LO,2002,0,91
math.LO,2002,1,12
math.LO,2002,2,18
math.LO,2002,3,11
math.LO,2002,4,33
math.LO,2003,0,64
math.LO,2003,1,13
math.LO,2003,2,23
math.LO,2003,3,31
math.LO,2003,4,45
math.LO,2004,0,55
math.LO,2004,1,24
math.LO,2004,2,31
math.LO,2004,3,39
math.LO,2004,4,44
math.LO,2005,0,94
math.LO,2005,1,27
math.LO,2005,2,52
math.LO,2005,3,62
math.LO,2005,4,59
math.LO,2006,0,98
math.LO,2006,1,42
math.LO,2006,2,73
math.LO,2006,3,67
math.LO,2006,4,57
math.LO,2007,0,131
math.LO,2007,1,60
math.LO,2007,2,56
math.LO,2007,3,69
math.LO,2007,4,65
math.LO,2008,0,102
math.LO,2008,1,47
math.LO,2008,2,95
math.LO,2008,3,111
math.LO,2008,4,114
math.LO,2009,0,167
math.LO,2009,1,117
math.LO,2009,2,107
math.LO,2009,3,97
math.LO,2009,4,124
math.LO,2010,0,132
math.LO,2010,1,100
math.LO,2010,2,98
math.LO,2010,3,115
math.LO,2010,4,140
math.LO,2011,0,173
math.LO,2011,1,148
math.LO,2011,2,175
math.LO,2011,3,182
math.LO,2011,4,194
math.LO,2012,0,224
math.LO,2012,1,186
math.LO,2012,2,195
math.LO,2012,3,180
math.LO,2012,4,248
math.LO,2013,0,249
math.LO,2013,1,169
math.LO,2013,2,215
math.LO,2013,3,289
math.LO,2013,4,284
math.LO,2014,0,288
math.LO,2014,1,210
math.LO,2014,2,317
math.LO,2014,3,294
math.LO,2014,4,317
math.LO,2015,0,342
math.LO,2015,1,282
math.LO,2015,2,267
math.LO,2015,3,346
math.LO,2015,4,335
math.LO,2016,0,277
math.LO,2016,1,367
math.LO,2016,2,329
math.LO,2016,3,457
math.LO,2016,4,438
math.LO,2017,0,341
math.LO,2017,1,384
math.LO,2017,2,431
math.LO,2017,3,363
math.LO,2017,4,404
math.LO,2018,0,322
math.LO,2018,1,508
math.LO,2018,2,523
math.LO,2018,3,369
math.LO,2018,4,471
math.LO,2019,0,405
math.LO,2019,1,642
math.LO,2019,2,563
math.LO,2019,3,565
math.LO,2019,4,462
math.LO,2020,0,374
math.LO,2020,1,506
math.LO,2020,2,580
math.LO,2020,3,592
math.LO,2020,4,649
math.LO,2021,0,464
math.LO,2021,1,603
math.LO,2021,2,740
math.LO,2021,3,669
math.LO,2021,4,658
math.LO,2022,0,316
math.LO,2022,1,438
math.LO,2022,2,587
math.LO,2022,3,471
math.LO,2022,4,545
math.LO,2023,0,336
math.LO,2023,1,406
math.LO,2023,2,568
math.LO,2023,3,444
math.LO,2023,4,456
math.LO,2024,0,343
math.LO,2024,1,441
math.LO,2024,2,457
math.LO,2024,3,408
math.LO,2024,4,358
math.LO,2025,0,227
math.LO,2025,1,350
math.LO,2025,2,413
math.LO,2025,3,388
math.LO,2025,4,347
math.LO,2026,0,126
math.LO,2026,1,292
math.LO,2026,2,136
math.MG,1969,4,1
math.MG,1980,2,2
math.MG,1982,2,2
math.MG,1985,1,2
math.MG,1985,2,1
math.MG,1985,3,1
math.MG,1990,3,1
math.MG,1992,0,2
math.MG,1993,0,2
math.MG,1993,4,1
math.MG,1994,0,1
math.MG,1995,1,1
math.MG,1995,2,2
math.MG,1996,1,1
math.MG,1996,2,1
math.MG,1997,0,4
math.MG,1997,2,2
math.MG,1997,3,2
math.MG,1997,4,3
math.MG,1998,0,5
math.MG,1998,1,1
math.MG,1998,3,4
math.MG,1998,4,9
math.MG,1999,0,10
math.MG,1999,1,5
math.MG,1999,2,9
math.MG,1999,3,3
math.MG,1999,4,8
math.MG,2000,0,11
math.MG,2000,1,6
math.MG,2000,2,12
math.MG,2000,3,8
math.MG,2000,4,19
math.MG,2001,0,11
math.MG,2001,1,8
math.MG,2001,2,6
math.MG,2001,3,10
math.MG,2001,4,23
math.MG,2002,0,35
math.MG,2002,1,10
math.MG,2002,2,16
math.MG,2002,3,24
math.MG,2002,4,25
math.MG,2003,0,42
math.MG,2003,1,18
math.MG,2003,2,32
math.MG,2003,3,22
math.MG,2003,4,35
math.MG,2004,0,58
math.MG,2004,1,37
math.MG,2004,2,37
math.MG,2004,3,37
math.MG,2004,4,54
math.MG,2005,0,45
math.MG,2005,1,36
math.MG,2005,2,49
math.MG,2005,3,50
math.MG,2005,4,49
math.MG,2006,0,115
math.MG,2006,1,70
math.MG,2006,2,76
math.MG,2006,3,79
math.MG,2006,4,92
math.MG,2007,0,98
math.MG,2007,1,82
math.MG,2007,2,111
math.MG,2007,3,114
math.MG,2007,4,101
math.MG,2008,0,122
math.MG,2008,1,96
math.MG,2008,2,157
math.MG,2008,3,137
math.MG,2008,4,158
math.MG,2009,0,155
math.MG,2009,1,138
math.MG,2009,2,165
math.MG,2009,3,121
math.MG,2009,4,172
math.MG,2010,0,173
math.MG,2010,1,140
math.MG,2010,2,206
math.MG,2010,3,205
math.MG,2010,4,208
math.MG,2011,0,198
math.MG,2011,1,192
math.MG,2011,2,234
math.MG,2011,3,221
math.MG,2011,4,288
math.MG,2012,0,218
math.MG,2012,1,249
math.MG,2012,2,243
math.MG,2012,3,298
math.MG,2012,4,360
math.MG,2013,0,349
math.MG,2013,1,278
math.MG,2013,2,347
math.MG,2013,3,370
math.MG,2013,4,381
math.MG,2014,0,486
math.MG,2014,1,328
math.MG,2014,2,439
math.MG,2014,3,439
math.MG,2014,4,488
math.MG,2015,0,342
math.MG,2015,1,373
math.MG,2015,2,514
math.MG,2015,3,412
math.MG,2015,4,531
math.MG,2016,0,397
math.MG,2016,1,443
math.MG,2016,2,505
math.MG,2016,3,671
math.MG,2016,4,552
math.MG,2017,0,457
math.MG,2017,1,602
math.MG,2017,2,568
math.MG,2017,3,618
math.MG,2017,4,653
math.MG,2018,0,413
math.MG,2018,1,673
math.MG,2018,2,686
math.MG,2018,3,716
math.MG,2018,4,686
math.MG,2019,0,477
math.MG,2019,1,634
math.MG,2019,2,740
math.MG,2019,3,810
math.MG,2019,4,1099
math.MG,2020,0,519
math.MG,2020,1,805
math.MG,2020,2,888
math.MG,2020,3,807
math.MG,2020,4,883
math.MG,2021,0,617
math.MG,2021,1,881
math.MG,2021,2,1044
math.MG,2021,3,971
math.MG,2021,4,935
math.MG,2022,0,501
math.MG,2022,1,756
math.MG,2022,2,791
math.MG,2022,3,899
math.MG,2022,4,846
math.MG,2023,0,553
math.MG,2023,1,678
math.MG,2023,2,854
math.MG,2023,3,870
math.MG,2023,4,830
math.MG,2024,0,339
math.MG,2024,1,662
math.MG,2024,2,740
math.MG,2024,3,691
math.MG,2024,4,768
math.MG,2025,0,343
math.MG,2025,1,629
math.MG,2025,2,685
math.MG,2025,3,704
math.MG,2025,4,644
math.MG,2026,0,161
math.MG,2026,1,591
math.MG,2026,2,264
math.MP,1900,0,3
math.MP,1920,4,1
math.MP,1929,1,1
math.MP,1947,0,1
math.MP,1951,0,1
math.MP,1956,2,1
math.MP,1957,3,1
math.MP,1958,2,1
math.MP,1961,2,1
math.MP,1962,2,4
math.MP,1963,0,2
math.MP,1963,4,1
math.MP,1965,0,1
math.MP,1965,1,1
math.MP,1966,0,2
math.MP,1966,1,1
math.MP,1967,0,3
math.MP,1968,2,1
math.MP,1968,3,1
math.MP,1969,0,1
math.MP,1969,3,16
math.MP,1969,4,2
math.MP,1970,0,3
math.MP,1970,3,3
math.MP,1971,0,1
math.MP,1971,3,2
math.MP,1971,4,1
math.MP,1972,0,7
math.MP,1972,3,1
math.MP,1973,2,1
math.MP,1973,3,1
math.MP,1973,4,5
math.MP,1974,0,1
math.MP,1974,1,1
math.MP,1975,0,1
math.MP,1975,3,1
math.MP,1975,4,1
math.MP,1976,0,1
math.MP,1976,3,2
math.MP,1977,0,4
math.MP,1977,3,2
math.MP,1978,0,1
math.MP,1978,2,2
math.MP,1978,4,1
math.MP,1979,0,1
math.MP,1979,3,1
math.MP,1980,0,1
math.MP,1980,2,1
math.MP,1980,3,1
math.MP,1981,0,3
math.MP,1981,2,1
math.MP,1981,4,3
math.MP,1982,0,2
math.MP,1982,1,2
math.MP,1982,3,1
math.MP,1983,0,1
math.MP,1983,3,1
math.MP,1983,4,1
math.MP,1984,0,2
math.MP,1984,2,1
math.MP,1984,3,2
math.MP,1985,0,3
math.MP,1985,1,1
math.MP,1985,2,1
math.MP,1985,4,2
math.MP,1986,0,1
math.MP,1986,2,4
math.MP,1987,0,2
math.MP,1987,1,2
math.MP,1987,2,1
math.MP,1987,4,2
math.MP,1988,0,8
math.MP,1988,1,3
math.MP,1988,2,4
math.MP,1988,3,4
math.MP,1988,4,3
math.MP,1989,0,2
math.MP,1989,1,10
math.MP,1989,2,3
math.MP,1989,3,2
math.MP,1989,4,5
math.MP,1990,0,5
math.MP,1990,1,3
math.MP,1990,3,3
math.MP,1991,0,7
math.MP,1991,2,6
math.MP,1991,4,3
math.MP,1992,0,3
math.MP,1992,1,3
math.MP,1992,2,5
math.MP,1992,3,7
math.MP,1992,4,2
math.MP,1993,0,16
math.MP,1993,1,2
math.MP,1993,2,9
math.MP,1993,3,11
math.MP,1993,4,3
math.MP,1994,0,19
math.MP,1994,1,9
math.MP,1994,2,16
math.MP,1994,3,10
math.MP,1994,4,27
math.MP,1995,0,22
math.MP,1995,1,15
math.MP,1995,2,19
math.MP,1995,3,14
math.MP,1995,4,18
math.MP,1996,0,14
math.MP,1996,1,7
math.MP,1996,2,17
math.MP,1996,3,13
math.MP,1996,4,24
math.MP,1997,0,40
math.MP,1997,1,22
math.MP,1997,2,32
math.MP,1997,3,29
math.MP,1997,4,58
math.MP,1998,0,131
math.MP,1998,1,73
math.MP,1998,2,88
math.MP,1998,3,102
math.MP,1998,4,134
math.MP,1999,0,340
math.MP,1999,1,136
math.MP,1999,2,191
math.MP,1999,3,217
math.MP,1999,4,355
math.MP,2000,0,478
math.MP,2000,1,295
math.MP,2000,2,544
math.MP,2000,3,521
math.MP,2000,4,553
math.MP,2001,0,787
math.MP,2001,1,552
math.MP,2001,2,814
math.MP,2001,3,815
math.MP,2001,4,1012
math.MP,2002,0,1001
math.MP,2002,1,939
math.MP,2002,2,1136
math.MP,2002,3,1272
math.MP,2002,4,1488
math.MP,2003,0,1201
math.MP,2003,1,1295
math.MP,2003,2,1775
math.MP,2003,3,1471
math.MP,2003,4,1726
math.MP,2004,0,1680
math.MP,2004,1,1710
math.MP,2004,2,1812
math.MP,2004,3,1772
math.MP,2004,4,2310
math.MP,2005,0,1796
math.MP,2005,1,2087
math.MP,2005,2,2565
math.MP,2005,3,2663
math.MP,2005,4,2856
math.MP,2006,0,2734
math.MP,2006,1,3057
math.MP,2006,2,3095
math.MP,2006,3,3346
math.MP,2006,4,3554
math.MP,2007,0,2562
math.MP,2007,1,3616
math.MP,2007,2,3974
math.MP,2007,3,4048
math.MP,2007,4,4294
math.MP,2008,0,3151
math.MP,2008,1,3793
math.MP,2008,2,4438
math.MP,2008,3,5030
math.MP,2008,4,4378
math.MP,2009,0,4175
math.MP,2009,1,4281
math.MP,2009,2,5133
math.MP,2009,3,5008
math.MP,2009,4,4990
math.MP,2010,0,3667
math.MP,2010,1,4920
math.MP,2010,2,5328
math.MP,2010,3,5610
math.MP,2010,4,6287
math.MP,2011,0,4627
math.MP,2011,1,5493
math.MP,2011,2,6803
math.MP,2011,3,6749
math.MP,2011,4,6953
math.MP,2012,0,5497
math.MP,2012,1,7078
math.MP,2012,2,7104
math.MP,2012,3,7839
math.MP,2012,4,10164
math.MP,2013,0,6316
math.MP,2013,1,7961
math.MP,2013,2,9302
math.MP,2013,3,10065
math.MP,2013,4,9891
math.MP,2014,0,7233
math.MP,2014,1,8926
math.MP,2014,2,9986
math.MP,2014,3,10558
math.MP,2014,4,12320
math.MP,2015,0,6640
math.MP,2015,1,10005
math.MP,2015,2,12461
math.MP,2015,3,11671
math.MP,2015,4,11785
math.MP,2016,0,6706
math.MP,2016,1,11570
math.MP,2016,2,12541
math.MP,2016,3,17520
math.MP,2016,4,13793
math.MP,2017,0,6998
math.MP,2017,1,12010
math.MP,2017,2,12802
math.MP,2017,3,13698
math.MP,2017,4,14198
math.MP,2018,0,7796
math.MP,2018,1,12545
math.MP,2018,2,14996
math.MP,2018,3,14487
math.MP,2018,4,14779
math.MP,2019,0,7806
math.MP,2019,1,14321
math.MP,2019,2,16752
math.MP,2019,3,16531
math.MP,2019,4,16753
math.MP,2020,0,7577
math.MP,2020,1,16558
math.MP,2020,2,17316
math.MP,2020,3,19356
math.MP,2020,4,19775
math.MP,2021,0,7895
math.MP,2021,1,18832
math.MP,2021,2,22308
math.MP,2021,3,20900
math.MP,2021,4,20078
math.MP,2022,0,6674
math.MP,2022,1,17868
math.MP,2022,2,19387
math.MP,2022,3,18054
math.MP,2022,4,18237
math.MP,2023,0,6198
math.MP,2023,1,18413
math.MP,2023,2,19171
math.MP,2023,3,21196
math.MP,2023,4,19476
math.MP,2024,0,6002
math.MP,2024,1,16918
math.MP,2024,2,18032
math.MP,2024,3,17116
math.MP,2024,4,16844
math.MP,2025,0,5463
math.MP,2025,1,15754
math.MP,2025,2,17839
math.MP,2025,3,15512
math.MP,2025,4,15313
math.MP,2026,0,2491
math.MP,2026,1,13831
math.MP,2026,2,8896
math.NA,1900,0,1
math.NA,1956,2,1
math.NA,1973,0,1
math.NA,1977,0,1
math.NA,1982,4,1
math.NA,1984,3,1
math.NA,1987,1,1
math.NA,1987,2,1
math.NA,1988,0,1
math.NA,1988,3,1
math.NA,1989,0,2
math.NA,1989,2,1
math.NA,1990,4,1
math.NA,1991,0,2
math.NA,1991,4,1
math.NA,1992,0,4
math.NA,1992,2,1
math.NA,1992,4,2
math.NA,1993,0,1
math.NA,1993,2,1
math.NA,1993,4,2
math.NA,1994,0,2
math.NA,1994,1,2
math.NA,1994,2,1
math.NA,1994,3,2
math.NA,1994,4,2
math.NA,1995,0,10
math.NA,1995,1,2
math.NA,1995,2,3
math.NA,1995,3,3
math.NA,1995,4,14
math.NA,1996,0,4
math.NA,1996,1,3
math.NA,1996,2,9
math.NA,1996,3,2
math.NA,1996,4,8
math.NA,1997,0,12
math.NA,1997,1,8
math.NA,1997,2,1
math.NA,1997,3,2
math.NA,1997,4,1
math.NA,1998,0,13
math.NA,1998,1,10
math.NA,1998,2,5
math.NA,1998,3,11
math.NA,1998,4,6
math.NA,1999,0,21
math.NA,1999,1,2
math.NA,1999,2,10
math.NA,1999,3,16
math.NA,1999,4,17
math.NA,2000,0,64
math.NA,2000,1,4
math.NA,2000,2,21
math.NA,2000,3,36
math.NA,2000,4,20
math.NA,2001,0,80
math.NA,2001,1,19
math.NA,2001,2,46
math.NA,2001,3,29
math.NA,2001,4,27
math.NA,2002,0,33
math.NA,2002,1,26
math.NA,2002,2,32
math.NA,2002,3,43
math.NA,2002,4,54
math.NA,2003,0,92
math.NA,2003,1,40
math.NA,2003,2,41
math.NA,2003,3,43
math.NA,2003,4,55
math.NA,2004,0,92
math.NA,2004,1,57
math.NA,2004,2,66
math.NA,2004,3,57
math.NA,2004,4,68
math.NA,2005,0,114
math.NA,2005,1,66
math.NA,2005,2,71
math.NA,2005,3,90
math.NA,2005,4,85
math.NA,2006,0,149
math.NA,2006,1,86
math.NA,2006,2,105
math.NA,2006,3,117
math.NA,2006,4,124
math.NA,2007,0,208
math.NA,2007,1,154
math.NA,2007,2,186
math.NA,2007,3,172
math.NA,2007,4,190
math.NA,2008,0,241
math.NA,2008,1,179
math.NA,2008,2,206
math.NA,2008,3,243
math.NA,2008,4,243
math.NA,2009,0,397
math.NA,2009,1,213
math.NA,2009,2,278
math.NA,2009,3,304
math.NA,2009,4,369
math.NA,2010,0,463
math.NA,2010,1,337
math.NA,2010,2,393
math.NA,2010,3,444
math.NA,2010,4,595
math.NA,2011,0,655
math.NA,2011,1,423
math.NA,2011,2,693
math.NA,2011,3,747
math.NA,2011,4,784
math.NA,2012,0,913
math.NA,2012,1,672
math.NA,2012,2,762
math.NA,2012,3,970
math.NA,2012,4,1118
math.NA,2013,0,1306
math.NA,2013,1,862
math.NA,2013,2,1249
math.NA,2013,3,1408
math.NA,2013,4,1480
math.NA,2014,0,1742
math.NA,2014,1,1307
math.NA,2014,2,1737
math.NA,2014,3,1746
math.NA,2014,4,1962
math.NA,2015,0,2175
math.NA,2015,1,1838
math.NA,2015,2,2217
math.NA,2015,3,2330
math.NA,2015,4,2413
math.NA,2016,0,2506
math.NA,2016,1,2375
math.NA,2016,2,2817
math.NA,2016,3,3031
math.NA,2016,4,3229
math.NA,2017,0,2857
math.NA,2017,1,3015
math.NA,2017,2,3349
math.NA,2017,3,3676
math.NA,2017,4,3588
math.NA,2018,0,3153
math.NA,2018,1,3642
math.NA,2018,2,4274
math.NA,2018,3,4311
math.NA,2018,4,4596
math.NA,2019,0,3558
math.NA,2019,1,4954
math.NA,2019,2,5384
math.NA,2019,3,5674
math.NA,2019,4,6316
math.NA,2020,0,5015
math.NA,2020,1,5838
math.NA,2020,2,6995
math.NA,2020,3,7495
math.NA,2020,4,7437
math.NA,2021,0,5752
math.NA,2021,1,7643
math.NA,2021,2,8890
math.NA,2021,3,8770
math.NA,2021,4,8361
math.NA,2022,0,4462
math.NA,2022,1,7032
math.NA,2022,2,8217
math.NA,2022,3,8144
math.NA,2022,4,8650
math.NA,2023,0,4514
math.NA,2023,1,7711
math.NA,2023,2,8660
math.NA,2023,3,8928
math.NA,2023,4,8768
math.NA,2024,0,5311
math.NA,2024,1,8247
math.NA,2024,2,8436
math.NA,2024,3,8260
math.NA,2024,4,8499
math.NA,2025,0,4984
math.NA,2025,1,7605
math.NA,2025,2,8179
math.NA,2025,3,7974
math.NA,2025,4,6975
math.NA,2026,0,2147
math.NA,2026,1,6519
math.NA,2026,2,4803
math.NT,1891,4,2
math.NT,1933,4,2
math.NT,1942,4,1
math.NT,1959,1,1
math.NT,1965,1,1
math.NT,1969,0,1
math.NT,1969,3,14
math.NT,1971,4,1
math.NT,1973,0,2
math.NT,1975,0,1
math.NT,1976,0,8
math.NT,1976,2,1
math.NT,1976,3,3
math.NT,1980,0,2
math.NT,1982,2,1
math.NT,1984,3,1
math.NT,1985,0,1
math.NT,1985,2,1
math.NT,1986,0,1
math.NT,1987,0,3
math.NT,1987,3,1
math.NT,1988,0,2
math.NT,1989,0,1
math.NT,1989,3,2
math.NT,1989,4,1
math.NT,1990,0,1
math.NT,1990,3,1
math.NT,1991,2,2
math.NT,1992,0,1
math.NT,1993,0,2
math.NT,1993,3,4
math.NT,1993,4,3
math.NT,1994,0,2
math.NT,1994,2,1
math.NT,1994,3,2
math.NT,1995,0,4
math.NT,1995,1,1
math.NT,1995,3,1
math.NT,1995,4,1
math.NT,1996,0,11
math.NT,1996,1,2
math.NT,1996,2,1
math.NT,1996,3,2
math.NT,1996,4,2
math.NT,1997,0,13
math.NT,1997,1,1
math.NT,1997,3,2
math.NT,1997,4,8
math.NT,1998,0,13
math.NT,1998,1,1
math.NT,1998,2,8
math.NT,1998,3,5
math.NT,1998,4,13
math.NT,1999,0,14
math.NT,1999,1,13
math.NT,1999,2,13
math.NT,1999,3,15
math.NT,1999,4,21
math.NT,2000,0,31
math.NT,2000,1,11
math.NT,2000,2,17
math.NT,2000,3,14
math.NT,2000,4,30
math.NT,2001,0,74
math.NT,2001,1,20
math.NT,2001,2,33
math.NT,2001,3,38
math.NT,2001,4,29
math.NT,2002,0,108
math.NT,2002,1,27
math.NT,2002,2,42
math.NT,2002,3,38
math.NT,2002,4,60
math.NT,2003,0,112
math.NT,2003,1,62
math.NT,2003,2,115
math.NT,2003,3,73
math.NT,2003,4,102
math.NT,2004,0,172
math.NT,2004,1,82
math.NT,2004,2,132
math.NT,2004,3,91
math.NT,2004,4,118
math.NT,2005,0,210
math.NT,2005,1,122
math.NT,2005,2,167
math.NT,2005,3,148
math.NT,2005,4,186
math.NT,2006,0,297
math.NT,2006,1,190
math.NT,2006,2,183
math.NT,2006,3,252
math.NT,2006,4,260
math.NT,2007,0,339
math.NT,2007,1,241
math.NT,2007,2,325
math.NT,2007,3,329
math.NT,2007,4,382
math.NT,2008,0,531
math.NT,2008,1,313
math.NT,2008,2,337
math.NT,2008,3,386
math.NT,2008,4,457
math.NT,2009,0,635
math.NT,2009,1,442
math.NT,2009,2,456
math.NT,2009,3,488
math.NT,2009,4,533
math.NT,2010,0,755
math.NT,2010,1,470
math.NT,2010,2,521
math.NT,2010,3,591
math.NT,2010,4,555
math.NT,2011,0,626
math.NT,2011,1,702
math.NT,2011,2,714
math.NT,2011,3,612
math.NT,2011,4,814
math.NT,2012,0,658
math.NT,2012,1,786
math.NT,2012,2,715
math.NT,2012,3,955
math.NT,2012,4,936
math.NT,2013,0,1074
math.NT,2013,1,893
math.NT,2013,2,932
math.NT,2013,3,1090
math.NT,2013,4,1058
math.NT,2014,0,1166
math.NT,2014,1,965
math.NT,2014,2,1076
math.NT,2014,3,1226
math.NT,2014,4,1281
math.NT,2015,0,1087
math.NT,2015,1,1278
math.NT,2015,2,1247
math.NT,2015,3,1422
math.NT,2015,4,1371
math.NT,2016,0,1282
math.NT,2016,1,1360
math.NT,2016,2,1363
math.NT,2016,3,1963
math.NT,2016,4,1563
math.NT,2017,0,1110
math.NT,2017,1,1300
math.NT,2017,2,1355
math.NT,2017,3,1614
math.NT,2017,4,1593
math.NT,2018,0,1140
math.NT,2018,1,1543
math.NT,2018,2,1714
math.NT,2018,3,1673
math.NT,2018,4,1901
math.NT,2019,0,1304
math.NT,2019,1,1806
math.NT,2019,2,1958
math.NT,2019,3,2067
math.NT,2019,4,2462
math.NT,2020,0,1316
math.NT,2020,1,2121
math.NT,2020,2,2243
math.NT,2020,3,2458
math.NT,2020,4,2567
math.NT,2021,0,1399
math.NT,2021,1,2548
math.NT,2021,2,2841
math.NT,2021,3,2612
math.NT,2021,4,2481
math.NT,2022,0,1146
math.NT,2022,1,1935
math.NT,2022,2,2011
math.NT,2022,3,1986
math.NT,2022,4,2116
math.NT,2023,0,1248
math.NT,2023,1,1810
math.NT,2023,2,2210
math.NT,2023,3,1789
math.NT,2023,4,2077
math.NT,2024,0,995
math.NT,2024,1,1589
math.NT,2024,2,1778
math.NT,2024,3,1486
math.NT,2024,4,1577
math.NT,2025,0,768
math.NT,2025,1,1480
math.NT,2025,2,1525
math.NT,2025,3,1661
math.NT,2025,4,1521
math.NT,2026,0,313
math.NT,2026,1,1157
math.NT,2026,2,686
math.OA,1937,4,1
math.OA,1955,1,1
math.OA,1956,3,1
math.OA,1960,0,1
math.OA,1963,4,1
math.OA,1966,0,1
math.OA,1968,3,1
math.OA,1970,0,1
math.OA,1973,2,1
math.OA,1974,1,1
math.OA,1975,4,1
math.OA,1976,0,1
math.OA,1977,0,1
math.OA,1981,1,1
math.OA,1981,4,1
math.OA,1982,2,1
math.OA,1983,0,1
math.OA,1984,0,1
math.OA,1985,4,1
math.OA,1986,2,1
math.OA,1987,0,1
math.OA,1988,0,1
math.OA,1988,1,3
math.OA,1988,2,3
math.OA,1988,3,4
math.OA,1988,4,1
math.OA,1989,0,1
math.OA,1989,1,2
math.OA,1989,2,2
math.OA,1989,3,3
math.OA,1989,4,4
math.OA,1990,0,1
math.OA,1990,1,3
math.OA,1990,2,1
math.OA,1990,3,1
math.OA,1991,1,4
math.OA,1991,3,1
math.OA,1992,0,1
math.OA,1992,2,1
math.OA,1992,4,7
math.OA,1993,0,7
math.OA,1993,1,2
math.OA,1993,2,3
math.OA,1993,3,4
math.OA,1993,4,4
math.OA,1994,0,7
math.OA,1994,1,6
math.OA,1994,2,7
math.OA,1994,3,5
math.OA,1994,4,4
math.OA,1995,0,14
math.OA,1995,1,3
math.OA,1995,2,9
math.OA,1995,3,7
math.OA,1995,4,18
math.OA,1996,0,22
math.OA,1996,1,10
math.OA,1996,2,21
math.OA,1996,3,10
math.OA,1996,4,11
math.OA,1997,0,26
math.OA,1997,1,9
math.OA,1997,2,16
math.OA,1997,3,20
math.OA,1997,4,29
math.OA,1998,0,39
math.OA,1998,1,16
math.OA,1998,2,28
math.OA,1998,3,36
math.OA,1998,4,35
math.OA,1999,0,55
math.OA,1999,1,32
math.OA,1999,2,46
math.OA,1999,3,41
math.OA,1999,4,44
math.OA,2000,0,71
math.OA,2000,1,50
math.OA,2000,2,71
math.OA,2000,3,64
math.OA,2000,4,95
math.OA,2001,0,80
math.OA,2001,1,67
math.OA,2001,2,87
math.OA,2001,3,73
math.OA,2001,4,121
math.OA,2002,0,124
math.OA,2002,1,96
math.OA,2002,2,86
math.OA,2002,3,113
math.OA,2002,4,118
math.OA,2003,0,154
math.OA,2003,1,92
math.OA,2003,2,151
math.OA,2003,3,145
math.OA,2003,4,141
math.OA,2004,0,151
math.OA,2004,1,113
math.OA,2004,2,172
math.OA,2004,3,151
math.OA,2004,4,163
math.OA,2005,0,138
math.OA,2005,1,217
math.OA,2005,2,251
math.OA,2005,3,197
math.OA,2005,4,194
math.OA,2006,0,210
math.OA,2006,1,212
math.OA,2006,2,214
math.OA,2006,3,181
math.OA,2006,4,288
math.OA,2007,0,210
math.OA,2007,1,214
math.OA,2007,2,307
math.OA,2007,3,292
math.OA,2007,4,283
math.OA,2008,0,261
math.OA,2008,1,376
math.OA,2008,2,313
math.OA,2008,3,287
math.OA,2008,4,361
math.OA,2009,0,318
math.OA,2009,1,326
math.OA,2009,2,421
math.OA,2009,3,365
math.OA,2009,4,353
math.OA,2010,0,389
math.OA,2010,1,313
math.OA,2010,2,370
math.OA,2010,3,446
math.OA,2010,4,494
math.OA,2011,0,358
math.OA,2011,1,351
math.OA,2011,2,445
math.OA,2011,3,416
math.OA,2011,4,443
math.OA,2012,0,359
math.OA,2012,1,482
math.OA,2012,2,414
math.OA,2012,3,516
math.OA,2012,4,635
math.OA,2013,0,434
math.OA,2013,1,489
math.OA,2013,2,520
math.OA,2013,3,594
math.OA,2013,4,600
math.OA,2014,0,488
math.OA,2014,1,589
math.OA,2014,2,570
math.OA,2014,3,687
math.OA,2014,4,617
math.OA,2015,0,683
math.OA,2015,1,673
math.OA,2015,2,733
math.OA,2015,3,816
math.OA,2015,4,687
math.OA,2016,0,654
math.OA,2016,1,820
math.OA,2016,2,747
math.OA,2016,3,1186
math.OA,2016,4,773
math.OA,2017,0,459
math.OA,2017,1,702
math.OA,2017,2,666
math.OA,2017,3,834
math.OA,2017,4,847
math.OA,2018,0,489
math.OA,2018,1,727
math.OA,2018,2,852
math.OA,2018,3,776
math.OA,2018,4,765
math.OA,2019,0,472
math.OA,2019,1,868
math.OA,2019,2,1004
math.OA,2019,3,922
math.OA,2019,4,951
math.OA,2020,0,597
math.OA,2020,1,1507
math.OA,2020,2,1248
math.OA,2020,3,936
math.OA,2020,4,1006
math.OA,2021,0,428
math.OA,2021,1,1031
math.OA,2021,2,1039
math.OA,2021,3,1211
math.OA,2021,4,949
math.OA,2022,0,459
math.OA,2022,1,738
math.OA,2022,2,1003
math.OA,2022,3,958
math.OA,2022,4,942
math.OA,2023,0,418
math.OA,2023,1,848
math.OA,2023,2,918
math.OA,2023,3,813
math.OA,2023,4,776
math.OA,2024,0,393
math.OA,2024,1,816
math.OA,2024,2,789
math.OA,2024,3,642
math.OA,2024,4,882
math.OA,2025,0,256
math.OA,2025,1,499
math.OA,2025,2,732
math.OA,2025,3,678
math.OA,2025,4,581
math.OA,2026,0,108
math.OA,2026,1,496
math.OA,2026,2,309
math.OC,1954,0,1
math.OC,1967,0,1
math.OC,1980,0,1
math.OC,1981,0,1
math.OC,1981,2,1
math.OC,1982,3,1
math.OC,1985,3,1
math.OC,1985,4,1
math.OC,1986,0,2
math.OC,1986,1,1
math.OC,1986,2,1
math.OC,1988,2,1
math.OC,1989,0,2
math.OC,1989,2,1
math.OC,1990,0,3
math.OC,1990,3,2
math.OC,1991,2,2
math.OC,1991,4,2
math.OC,1992,1,4
math.OC,1992,2,1
math.OC,1992,4,2
math.OC,1993,0,1
math.OC,1993,1,1
math.OC,1994,0,5
math.OC,1994,2,2
math.OC,1994,4,2
math.OC,1995,0,5
math.OC,1995,2,1
math.OC,1995,3,4
math.OC,1995,4,2
math.OC,1996,0,2
math.OC,1996,2,9
math.OC,1996,3,4
math.OC,1996,4,3
math.OC,1997,0,5
math.OC,1997,1,1
math.OC,1997,2,5
math.OC,1997,3,2
math.OC,1998,0,2
math.OC,1998,2,2
math.OC,1998,3,12
math.OC,1999,0,7
math.OC,1999,1,3
math.OC,1999,2,3
math.OC,1999,3,2
math.OC,1999,4,6
math.OC,2000,0,31
math.OC,2000,1,4
math.OC,2000,2,11
math.OC,2000,3,6
math.OC,2000,4,5
math.OC,2001,0,23
math.OC,2001,1,3
math.OC,2001,2,12
math.OC,2001,3,15
math.OC,2001,4,12
math.OC,2002,0,32
math.OC,2002,1,14
math.OC,2002,2,21
math.OC,2002,3,23
math.OC,2002,4,31
math.OC,2003,0,53
math.OC,2003,1,23
math.OC,2003,2,40
math.OC,2003,3,38
math.OC,2003,4,32
math.OC,2004,0,73
math.OC,2004,1,29
math.OC,2004,2,63
math.OC,2004,3,56
math.OC,2004,4,45
math.OC,2005,0,89
math.OC,2005,1,38
math.OC,2005,2,51
math.OC,2005,3,88
math.OC,2005,4,72
math.OC,2006,0,176
math.OC,2006,1,67
math.OC,2006,2,104
math.OC,2006,3,121
math.OC,2006,4,188
math.OC,2007,0,202
math.OC,2007,1,98
math.OC,2007,2,150
math.OC,2007,3,195
math.OC,2007,4,189
math.OC,2008,0,300
math.OC,2008,1,141
math.OC,2008,2,224
math.OC,2008,3,224
math.OC,2008,4,254
math.OC,2009,0,422
math.OC,2009,1,212
math.OC,2009,2,311
math.OC,2009,3,295
math.OC,2009,4,440
math.OC,2010,0,507
math.OC,2010,1,352
math.OC,2010,2,462
math.OC,2010,3,625
math.OC,2010,4,659
math.OC,2011,0,722
math.OC,2011,1,468
math.OC,2011,2,787
math.OC,2011,3,838
math.OC,2011,4,1063
math.OC,2012,0,952
math.OC,2012,1,801
math.OC,2012,2,955
math.OC,2012,3,1152
math.OC,2012,4,1495
math.OC,2013,0,1554
math.OC,2013,1,904
math.OC,2013,2,1606
math.OC,2013,3,1539
math.OC,2013,4,2136
math.OC,2014,0,2029
math.OC,2014,1,1515
math.OC,2014,2,2327
math.OC,2014,3,2278
math.OC,2014,4,2878
math.OC,2015,0,2290
math.OC,2015,1,2038
math.OC,2015,2,2756
math.OC,2015,3,3348
math.OC,2015,4,3506
math.OC,2016,0,2514
math.OC,2016,1,2997
math.OC,2016,2,3609
math.OC,2016,3,4392
math.OC,2016,4,4437
math.OC,2017,0,2672
math.OC,2017,1,3900
math.OC,2017,2,4508
math.OC,2017,3,5345
math.OC,2017,4,5696
math.OC,2018,0,3732
math.OC,2018,1,4511
math.OC,2018,2,6435
math.OC,2018,3,5591
math.OC,2018,4,7231
math.OC,2019,0,4438
math.OC,2019,1,6010
math.OC,2019,2,8193
math.OC,2019,3,8213
math.OC,2019,4,9669
math.OC,2020,0,7238
math.OC,2020,1,7413
math.OC,2020,2,10045
math.OC,2020,3,10473
math.OC,2020,4,11565
math.OC,2021,0,8038
math.OC,2021,1,10200
math.OC,2021,2,13804
math.OC,2021,3,11229
math.OC,2021,4,12255
math.OC,2022,0,7065
math.OC,2022,1,7322
math.OC,2022,2,10585
math.OC,2022,3,9403
math.OC,2022,4,10695
math.OC,2023,0,8212
math.OC,2023,1,8124
math.OC,2023,2,11462
math.OC,2023,3,9975
math.OC,2023,4,11578
math.OC,2024,0,7184
math.OC,2024,1,9015
math.OC,2024,2,9898
math.OC,2024,3,9244
math.OC,2024,4,9766
math.OC,2025,0,6073
math.OC,2025,1,7636
math.OC,2025,2,8825
math.OC,2025,3,8465
math.OC,2025,4,6476
math.OC,2026,0,1966
math.OC,2026,1,4763
math.OC,2026,2,3932
math.PR,1900,3,2
math.PR,1905,0,1
math.PR,1919,4,1
math.PR,1920,4,2
math.PR,1930,4,1
math.PR,1954,0,1
math.PR,1959,2,1
math.PR,1967,0,1
math.PR,1967,1,1
math.PR,1970,0,1
math.PR,1975,3,1
math.PR,1976,3,1
math.PR,1976,4,1
math.PR,1978,4,2
math.PR,1981,0,3
math.PR,1981,2,1
math.PR,1984,0,1
math.PR,1985,0,1
math.PR,1986,3,1
math.PR,1987,4,1
math.PR,1988,0,2
math.PR,1989,0,2
math.PR,1989,2,1
math.PR,1990,2,1
math.PR,1990,3,1
math.PR,1991,2,1
math.PR,1992,0,2
math.PR,1992,1,1
math.PR,1992,4,2
math.PR,1993,0,3
math.PR,1993,3,3
math.PR,1993,4,2
math.PR,1994,0,1
math.PR,1994,2,3
math.PR,1994,3,1
math.PR,1994,4,7
math.PR,1995,0,1
math.PR,1995,1,1
math.PR,1995,2,1
math.PR,1995,3,1
math.PR,1995,4,4
math.PR,1996,0,10
math.PR,1996,1,4
math.PR,1996,2,2
math.PR,1996,3,7
math.PR,1996,4,6
math.PR,1997,0,15
math.PR,1997,1,8
math.PR,1997,2,10
math.PR,1997,3,5
math.PR,1997,4,13
math.PR,1998,0,30
math.PR,1998,1,10
math.PR,1998,2,18
math.PR,1998,3,17
math.PR,1998,4,12
math.PR,1999,0,35
math.PR,1999,1,19
math.PR,1999,2,25
math.PR,1999,3,31
math.PR,1999,4,41
math.PR,2000,0,86
math.PR,2000,1,28
math.PR,2000,2,40
math.PR,2000,3,35
math.PR,2000,4,64
math.PR,2001,0,114
math.PR,2001,1,40
math.PR,2001,2,78
math.PR,2001,3,100
math.PR,2001,4,80
math.PR,2002,0,173
math.PR,2002,1,59
math.PR,2002,2,89
math.PR,2002,3,93
math.PR,2002,4,160
math.PR,2003,0,235
math.PR,2003,1,169
math.PR,2003,2,166
math.PR,2003,3,128
math.PR,2003,4,218
math.PR,2004,0,311
math.PR,2004,1,247
math.PR,2004,2,225
math.PR,2004,3,265
math.PR,2004,4,271
math.PR,2005,0,580
math.PR,2005,1,267
math.PR,2005,2,369
math.PR,2005,3,401
math.PR,2005,4,436
math.PR,2006,0,864
math.PR,2006,1,460
math.PR,2006,2,517
math.PR,2006,3,635
math.PR,2006,4,624
math.PR,2007,0,926
math.PR,2007,1,702
math.PR,2007,2,813
math.PR,2007,3,880
math.PR,2007,4,951
math.PR,2008,0,1374
math.PR,2008,1,899
math.PR,2008,2,1129
math.PR,2008,3,1149
math.PR,2008,4,1251
math.PR,2009,0,1857
math.PR,2009,1,1276
math.PR,2009,2,1293
math.PR,2009,3,1310
math.PR,2009,4,1643
math.PR,2010,0,1742
math.PR,2010,1,1443
math.PR,2010,2,1706
math.PR,2010,3,1647
math.PR,2010,4,1868
math.PR,2011,0,2327
math.PR,2011,1,1738
math.PR,2011,2,2052
math.PR,2011,3,2393
math.PR,2011,4,2272
math.PR,2012,0,2458
math.PR,2012,1,2258
math.PR,2012,2,2370
math.PR,2012,3,2342
math.PR,2012,4,3079
math.PR,2013,0,3423
math.PR,2013,1,2623
math.PR,2013,2,2991
math.PR,2013,3,3150
math.PR,2013,4,3536
math.PR,2014,0,3821
math.PR,2014,1,3073
math.PR,2014,2,3355
math.PR,2014,3,3255
math.PR,2014,4,3850
math.PR,2015,0,3878
math.PR,2015,1,3420
math.PR,2015,2,4191
math.PR,2015,3,3821
math.PR,2015,4,4570
math.PR,2016,0,3950
math.PR,2016,1,3780
math.PR,2016,2,4124
math.PR,2016,3,5184
math.PR,2016,4,4612
math.PR,2017,0,4012
math.PR,2017,1,3961
math.PR,2017,2,4359
math.PR,2017,3,4282
math.PR,2017,4,4710
math.PR,2018,0,4448
math.PR,2018,1,4470
math.PR,2018,2,5147
math.PR,2018,3,5189
math.PR,2018,4,5000
math.PR,2019,0,4387
math.PR,2019,1,5565
math.PR,2019,2,5686
math.PR,2019,3,5602
math.PR,2019,4,6069
math.PR,2020,0,4667
math.PR,2020,1,6052
math.PR,2020,2,6894
math.PR,2020,3,6509
math.PR,2020,4,6863
math.PR,2021,0,5106
math.PR,2021,1,6384
math.PR,2021,2,7305
math.PR,2021,3,6797
math.PR,2021,4,7061
math.PR,2022,0,4374
math.PR,2022,1,5601
math.PR,2022,2,6980
math.PR,2022,3,5534
math.PR,2022,4,6035
math.PR,2023,0,4189
math.PR,2023,1,5550
math.PR,2023,2,6230
math.PR,2023,3,5385
math.PR,2023,4,6013
math.PR,2024,0,4074
math.PR,2024,1,5304
math.PR,2024,2,6288
math.PR,2024,3,5213
math.PR,2024,4,5106
math.PR,2025,0,3639
math.PR,2025,1,4512
math.PR,2025,2,5680
math.PR,2025,3,4595
math.PR,2025,4,4243
math.PR,2026,0,1342
math.PR,2026,1,3590
math.PR,2026,2,2224
math.QA,1921,2,1
math.QA,1949,4,1
math.QA,1951,0,1
math.QA,1953,3,1
math.QA,1959,0,1
math.QA,1966,0,1
math.QA,1967,0,1
math.QA,1968,2,1
math.QA,1968,3,1
math.QA,1971,4,1
math.QA,1973,2,1
math.QA,1974,1,1
math.QA,1976,0,1
math.QA,1977,0,1
math.QA,1978,0,1
math.QA,1981,4,1
math.QA,1984,4,2
math.QA,1985,0,1
math.QA,1988,0,6
math.QA,1988,2,1
math.QA,1988,4,1
math.QA,1990,3,1
math.QA,1991,0,2
math.QA,1991,1,2
math.QA,1991,4,1
math.QA,1992,0,13
math.QA,1992,1,1
math.QA,1992,2,3
math.QA,1992,3,6
math.QA,1992,4,13
math.QA,1993,0,30
math.QA,1993,1,7
math.QA,1993,2,28
math.QA,1993,3,30
math.QA,1993,4,26
math.QA,1994,0,76
math.QA,1994,1,45
math.QA,1994,2,64
math.QA,1994,3,74
math.QA,1994,4,133
math.QA,1995,0,128
math.QA,1995,1,99
math.QA,1995,2,184
math.QA,1995,3,122
math.QA,1995,4,168
math.QA,1996,0,210
math.QA,1996,1,162
math.QA,1996,2,213
math.QA,1996,3,205
math.QA,1996,4,306
math.QA,1997,0,425
math.QA,1997,1,234
math.QA,1997,2,299
math.QA,1997,3,382
math.QA,1997,4,483
math.QA,1998,0,459
math.QA,1998,1,364
math.QA,1998,2,460
math.QA,1998,3,432
math.QA,1998,4,526
math.QA,1999,0,614
math.QA,1999,1,330
math.QA,1999,2,501
math.QA,1999,3,404
math.QA,1999,4,465
math.QA,2000,0,632
math.QA,2000,1,401
math.QA,2000,2,632
math.QA,2000,3,592
math.QA,2000,4,521
math.QA,2001,0,756
math.QA,2001,1,491
math.QA,2001,2,587
math.QA,2001,3,534
math.QA,2001,4,729
math.QA,2002,0,696
math.QA,2002,1,610
math.QA,2002,2,764
math.QA,2002,3,678
math.QA,2002,4,888
math.QA,2003,0,687
math.QA,2003,1,684
math.QA,2003,2,880
math.QA,2003,3,677
math.QA,2003,4,912
math.QA,2004,0,749
math.QA,2004,1,700
math.QA,2004,2,846
math.QA,2004,3,717
math.QA,2004,4,985
math.QA,2005,0,689
math.QA,2005,1,820
math.QA,2005,2,884
math.QA,2005,3,1020
math.QA,2005,4,1007
math.QA,2006,0,870
math.QA,2006,1,1002
math.QA,2006,2,980
math.QA,2006,3,851
math.QA,2006,4,1200
math.QA,2007,0,902
math.QA,2007,1,1123
math.QA,2007,2,1106
math.QA,2007,3,1134
math.QA,2007,4,1176
math.QA,2008,0,1020
math.QA,2008,1,1223
math.QA,2008,2,1233
math.QA,2008,3,1131
math.QA,2008,4,1050
math.QA,2009,0,1137
math.QA,2009,1,1106
math.QA,2009,2,1266
math.QA,2009,3,1398
math.QA,2009,4,1177
math.QA,2010,0,1127
math.QA,2010,1,1392
math.QA,2010,2,1242
math.QA,2010,3,1326
math.QA,2010,4,1513
math.QA,2011,0,852
math.QA,2011,1,1124
math.QA,2011,2,1566
math.QA,2011,3,1284
math.QA,2011,4,1329
math.QA,2012,0,1122
math.QA,2012,1,1334
math.QA,2012,2,1342
math.QA,2012,3,1402
math.QA,2012,4,1972
math.QA,2013,0,1248
math.QA,2013,1,1408
math.QA,2013,2,1330
math.QA,2013,3,1684
math.QA,2013,4,1808
math.QA,2014,0,1512
math.QA,2014,1,1470
math.QA,2014,2,1732
math.QA,2014,3,1521
math.QA,2014,4,1749
math.QA,2015,0,1212
math.QA,2015,1,1495
math.QA,2015,2,1880
math.QA,2015,3,1947
math.QA,2015,4,1887
math.QA,2016,0,1015
math.QA,2016,1,1900
math.QA,2016,2,1768
math.QA,2016,3,3057
math.QA,2016,4,2053
math.QA,2017,0,1099
math.QA,2017,1,1573
math.QA,2017,2,1858
math.QA,2017,3,2149
math.QA,2017,4,2098
math.QA,2018,0,1130
math.QA,2018,1,1780
math.QA,2018,2,2125
math.QA,2018,3,1885
math.QA,2018,4,2012
math.QA,2019,0,959
math.QA,2019,1,2678
math.QA,2019,2,2380
math.QA,2019,3,1867
math.QA,2019,4,2205
math.QA,2020,0,1581
math.QA,2020,1,2565
math.QA,2020,2,2422
math.QA,2020,3,2473
math.QA,2020,4,2588
math.QA,2021,0,1123
math.QA,2021,1,2993
math.QA,2021,2,3325
math.QA,2021,3,2913
math.QA,2021,4,2445
math.QA,2022,0,835
math.QA,2022,1,2336
math.QA,2022,2,2300
math.QA,2022,3,2376
math.QA,2022,4,2428
math.QA,2023,0,783
math.QA,2023,1,2459
math.QA,2023,2,2409
math.QA,2023,3,3642
math.QA,2023,4,2227
math.QA,2024,0,837
math.QA,2024,1,2237
math.QA,2024,2,1922
math.QA,2024,3,1962
math.QA,2024,4,1870
math.QA,2025,0,768
math.QA,2025,1,1785
math.QA,2025,2,1809
math.QA,2025,3,1830
math.QA,2025,4,1838
math.QA,2026,0,293
math.QA,2026,1,1562
math.QA,2026,2,808
math.RA,1964,0,1
math.RA,1966,3,1
math.RA,1967,0,1
math.RA,1967,2,1
math.RA,1969,0,1
math.RA,1969,2,1
math.RA,1971,0,1
math.RA,1971,1,1
math.RA,1971,2,1
math.RA,1972,3,1
math.RA,1972,4,1
math.RA,1973,3,1
math.RA,1974,0,4
math.RA,1974,2,1
math.RA,1974,3,1
math.RA,1974,4,1
math.RA,1975,3,1
math.RA,1976,0,1
math.RA,1976,2,1
math.RA,1977,3,1
math.RA,1979,0,1
math.RA,1979,1,1
math.RA,1980,3,1
math.RA,1981,3,1
math.RA,1981,4,1
math.RA,1982,0,1
math.RA,1984,2,1
math.RA,1987,1,1
math.RA,1988,0,1
math.RA,1988,1,1
math.RA,1988,2,1
math.RA,1990,0,1
math.RA,1990,4,1
math.RA,1991,0,2
math.RA,1991,2,1
math.RA,1991,4,1
math.RA,1992,0,5
math.RA,1992,4,2
math.RA,1993,0,3
math.RA,1993,1,1
math.RA,1993,2,2
math.RA,1993,3,1
math.RA,1993,4,2
math.RA,1994,0,1
math.RA,1994,2,1
math.RA,1994,3,1
math.RA,1994,4,1
math.RA,1995,0,2
math.RA,1995,1,3
math.RA,1995,2,1
math.RA,1995,3,2
math.RA,1995,4,3
math.RA,1996,0,2
math.RA,1996,3,2
math.RA,1996,4,1
math.RA,1997,0,4
math.RA,1997,2,2
math.RA,1997,3,6
math.RA,1998,0,5
math.RA,1998,1,3
math.RA,1998,2,2
math.RA,1998,3,5
math.RA,1998,4,1
math.RA,1999,0,16
math.RA,1999,1,4
math.RA,1999,2,6
math.RA,1999,3,7
math.RA,1999,4,15
math.RA,2000,0,20
math.RA,2000,1,10
math.RA,2000,2,14
math.RA,2000,3,22
math.RA,2000,4,16
math.RA,2001,0,27
math.RA,2001,1,13
math.RA,2001,2,33
math.RA,2001,3,20
math.RA,2001,4,35
math.RA,2002,0,78
math.RA,2002,1,18
math.RA,2002,2,34
math.RA,2002,3,34
math.RA,2002,4,42
math.RA,2003,0,56
math.RA,2003,1,46
math.RA,2003,2,78
math.RA,2003,3,49
math.RA,2003,4,59
math.RA,2004,0,55
math.RA,2004,1,60
math.RA,2004,2,58
math.RA,2004,3,60
math.RA,2004,4,94
math.RA,2005,0,71
math.RA,2005,1,85
math.RA,2005,2,113
math.RA,2005,3,98
math.RA,2005,4,133
math.RA,2006,0,109
math.RA,2006,1,98
math.RA,2006,2,112
math.RA,2006,3,137
math.RA,2006,4,165
math.RA,2007,0,124
math.RA,2007,1,147
math.RA,2007,2,179
math.RA,2007,3,196
math.RA,2007,4,217
math.RA,2008,0,196
math.RA,2008,1,185
math.RA,2008,2,242
math.RA,2008,3,249
math.RA,2008,4,283
math.RA,2009,0,242
math.RA,2009,1,270
math.RA,2009,2,304
math.RA,2009,3,279
math.RA,2009,4,322
math.RA,2010,0,238
math.RA,2010,1,341
math.RA,2010,2,398
math.RA,2010,3,384
math.RA,2010,4,446
math.RA,2011,0,274
math.RA,2011,1,398
math.RA,2011,2,406
math.RA,2011,3,361
math.RA,2011,4,460
math.RA,2012,0,313
math.RA,2012,1,405
math.RA,2012,2,445
math.RA,2012,3,453
math.RA,2012,4,488
math.RA,2013,0,415
math.RA,2013,1,439
math.RA,2013,2,578
math.RA,2013,3,499
math.RA,2013,4,508
math.RA,2014,0,538
math.RA,2014,1,578
math.RA,2014,2,588
math.RA,2014,3,561
math.RA,2014,4,618
math.RA,2015,0,441
math.RA,2015,1,557
math.RA,2015,2,591
math.RA,2015,3,722
math.RA,2015,4,701
math.RA,2016,0,375
math.RA,2016,1,670
math.RA,2016,2,764
math.RA,2016,3,1051
math.RA,2016,4,815
math.RA,2017,0,371
math.RA,2017,1,652
math.RA,2017,2,714
math.RA,2017,3,784
math.RA,2017,4,744
math.RA,2018,0,381
math.RA,2018,1,740
math.RA,2018,2,802
math.RA,2018,3,881
math.RA,2018,4,837
math.RA,2019,0,413
math.RA,2019,1,1017
math.RA,2019,2,1011
math.RA,2019,3,902
math.RA,2019,4,1043
math.RA,2020,0,602
math.RA,2020,1,1414
math.RA,2020,2,1087
math.RA,2020,3,1111
math.RA,2020,4,1161
math.RA,2021,0,564
math.RA,2021,1,1094
math.RA,2021,2,1460
math.RA,2021,3,1358
math.RA,2021,4,1099
math.RA,2022,0,453
math.RA,2022,1,830
math.RA,2022,2,953
math.RA,2022,3,970
math.RA,2022,4,951
math.RA,2023,0,812
math.RA,2023,1,916
math.RA,2023,2,932
math.RA,2023,3,920
math.RA,2023,4,1004
math.RA,2024,0,538
math.RA,2024,1,851
math.RA,2024,2,870
math.RA,2024,3,776
math.RA,2024,4,760
math.RA,2025,0,398
math.RA,2025,1,673
math.RA,2025,2,691
math.RA,2025,3,737
math.RA,2025,4,545
math.RA,2026,0,149
math.RA,2026,1,543
math.RA,2026,2,288
math.RT,1920,4,1
math.RT,1972,2,1
math.RT,1973,0,1
math.RT,1976,3,1
math.RT,1982,3,1
math.RT,1982,4,1
math.RT,1983,1,1
math.RT,1985,1,1
math.RT,1986,4,1
math.RT,1987,0,1
math.RT,1990,0,1
math.RT,1990,1,1
math.RT,1990,2,2
math.RT,1991,2,1
math.RT,1991,4,1
math.RT,1992,1,1
math.RT,1993,0,4
math.RT,1993,2,1
math.RT,1993,3,3
math.RT,1993,4,4
math.RT,1994,0,2
math.RT,1994,1,1
math.RT,1994,3,3
math.RT,1994,4,4
math.RT,1995,0,3
math.RT,1995,2,5
math.RT,1995,3,1
math.RT,1995,4,4
math.RT,1996,0,2
math.RT,1996,1,1
math.RT,1996,2,2
math.RT,1996,3,3
math.RT,1996,4,5
math.RT,1997,0,7
math.RT,1997,1,1
math.RT,1997,3,2
math.RT,1997,4,6
math.RT,1998,0,10
math.RT,1998,1,10
math.RT,1998,2,11
math.RT,1998,3,4
math.RT,1998,4,8
math.RT,1999,0,21
math.RT,1999,1,5
math.RT,1999,2,16
math.RT,1999,3,24
math.RT,1999,4,35
math.RT,2000,0,65
math.RT,2000,1,19
math.RT,2000,2,35
math.RT,2000,3,50
math.RT,2000,4,29
math.RT,2001,0,82
math.RT,2001,1,32
math.RT,2001,2,57
math.RT,2001,3,52
math.RT,2001,4,68
math.RT,2002,0,96
math.RT,2002,1,45
math.RT,2002,2,68
math.RT,2002,3,68
math.RT,2002,4,93
math.RT,2003,0,108
math.RT,2003,1,71
math.RT,2003,2,115
math.RT,2003,3,87
math.RT,2003,4,106
math.RT,2004,0,99
math.RT,2004,1,100
math.RT,2004,2,108
math.RT,2004,3,123
math.RT,2004,4,119
math.RT,2005,0,116
math.RT,2005,1,113
math.RT,2005,2,141
math.RT,2005,3,161
math.RT,2005,4,167
math.RT,2006,0,230
math.RT,2006,1,163
math.RT,2006,2,217
math.RT,2006,3,203
math.RT,2006,4,295
math.RT,2007,0,241
math.RT,2007,1,226
math.RT,2007,2,283
math.RT,2007,3,281
math.RT,2007,4,410
math.RT,2008,0,393
math.RT,2008,1,389
math.RT,2008,2,379
math.RT,2008,3,431
math.RT,2008,4,502
math.RT,2009,0,463
math.RT,2009,1,470
math.RT,2009,2,528
math.RT,2009,3,551
math.RT,2009,4,595
math.RT,2010,0,453
math.RT,2010,1,612
math.RT,2010,2,558
math.RT,2010,3,624
math.RT,2010,4,766
math.RT,2011,0,447
math.RT,2011,1,651
math.RT,2011,2,843
math.RT,2011,3,746
math.RT,2011,4,818
math.RT,2012,0,561
math.RT,2012,1,782
math.RT,2012,2,742
math.RT,2012,3,881
math.RT,2012,4,1048
math.RT,2013,0,787
math.RT,2013,1,890
math.RT,2013,2,879
math.RT,2013,3,1057
math.RT,2013,4,1177
math.RT,2014,0,997
math.RT,2014,1,959
math.RT,2014,2,1176
math.RT,2014,3,1119
math.RT,2014,4,1158
math.RT,2015,0,756
math.RT,2015,1,1135
math.RT,2015,2,1271
math.RT,2015,3,1276
math.RT,2015,4,1398
math.RT,2016,0,814
math.RT,2016,1,1371
math.RT,2016,2,1584
math.RT,2016,3,2167
math.RT,2016,4,1647
math.RT,2017,0,824
math.RT,2017,1,1273
math.RT,2017,2,1570
math.RT,2017,3,1596
math.RT,2017,4,1815
math.RT,2018,0,923
math.RT,2018,1,1610
math.RT,2018,2,1707
math.RT,2018,3,1722
math.RT,2018,4,1794
math.RT,2019,0,867
math.RT,2019,1,2140
math.RT,2019,2,2029
math.RT,2019,3,1702
math.RT,2019,4,2109
math.RT,2020,0,870
math.RT,2020,1,2083
math.RT,2020,2,2095
math.RT,2020,3,2143
math.RT,2020,4,2311
math.RT,2021,0,1014
math.RT,2021,1,2379
math.RT,2021,2,2469
math.RT,2021,3,2638
math.RT,2021,4,2275
math.RT,2022,0,753
math.RT,2022,1,1805
math.RT,2022,2,1804
math.RT,2022,3,1922
math.RT,2022,4,1936
math.RT,2023,0,748
math.RT,2023,1,1841
math.RT,2023,2,1870
math.RT,2023,3,1759
math.RT,2023,4,1900
math.RT,2024,0,778
math.RT,2024,1,1509
math.RT,2024,2,1597
math.RT,2024,3,1551
math.RT,2024,4,1369
math.RT,2025,0,621
math.RT,2025,1,1416
math.RT,2025,2,1354
math.RT,2025,3,1369
math.RT,2025,4,1212
math.RT,2026,0,211
math.RT,2026,1,1039
math.RT,2026,2,623
math.SG,1977,0,2
math.SG,1978,4,3
math.SG,1979,4,1
math.SG,1980,4,1
math.SG,1981,0,1
math.SG,1983,0,1
math.SG,1983,4,1
math.SG,1984,2,1
math.SG,1984,3,1
math.SG,1984,4,1
math.SG,1985,0,2
math.SG,1985,1,1
math.SG,1987,1,1
math.SG,1989,0,3
math.SG,1990,0,1
math.SG,1990,2,1
math.SG,1990,3,1
math.SG,1992,4,1
math.SG,1993,4,2
math.SG,1994,0,2
math.SG,1994,2,2
math.SG,1994,3,1
math.SG,1994,4,8
math.SG,1995,0,8
math.SG,1995,1,1
math.SG,1995,2,7
math.SG,1995,3,2
math.SG,1995,4,7
math.SG,1996,0,7
math.SG,1996,1,4
math.SG,1996,2,9
math.SG,1996,3,9
math.SG,1996,4,7
math.SG,1997,0,14
math.SG,1997,1,8
math.SG,1997,2,4
math.SG,1997,3,11
math.SG,1997,4,9
math.SG,1998,0,25
math.SG,1998,1,4
math.SG,1998,2,8
math.SG,1998,3,15
math.SG,1998,4,14
math.SG,1999,0,17
math.SG,1999,1,10
math.SG,1999,2,19
math.SG,1999,3,32
math.SG,1999,4,21
math.SG,2000,0,43
math.SG,2000,1,16
math.SG,2000,2,31
math.SG,2000,3,43
math.SG,2000,4,56
math.SG,2001,0,85
math.SG,2001,1,51
math.SG,2001,2,79
math.SG,2001,3,61
math.SG,2001,4,74
math.SG,2002,0,103
math.SG,2002,1,77
math.SG,2002,2,79
math.SG,2002,3,79
math.SG,2002,4,108
math.SG,2003,0,139
math.SG,2003,1,103
math.SG,2003,2,105
math.SG,2003,3,95
math.SG,2003,4,139
math.SG,2004,0,166
math.SG,2004,1,136
math.SG,2004,2,205
math.SG,2004,3,129
math.SG,2004,4,149
math.SG,2005,0,228
math.SG,2005,1,153
math.SG,2005,2,176
math.SG,2005,3,199
math.SG,2005,4,237
math.SG,2006,0,254
math.SG,2006,1,196
math.SG,2006,2,195
math.SG,2006,3,247
math.SG,2006,4,279
math.SG,2007,0,276
math.SG,2007,1,174
math.SG,2007,2,273
math.SG,2007,3,333
math.SG,2007,4,314
math.SG,2008,0,429
math.SG,2008,1,251
math.SG,2008,2,320
math.SG,2008,3,291
math.SG,2008,4,355
math.SG,2009,0,399
math.SG,2009,1,308
math.SG,2009,2,327
math.SG,2009,3,370
math.SG,2009,4,434
math.SG,2010,0,317
math.SG,2010,1,402
math.SG,2010,2,380
math.SG,2010,3,316
math.SG,2010,4,403
math.SG,2011,0,370
math.SG,2011,1,355
math.SG,2011,2,556
math.SG,2011,3,363
math.SG,2011,4,559
math.SG,2012,0,427
math.SG,2012,1,412
math.SG,2012,2,477
math.SG,2012,3,497
math.SG,2012,4,618
math.SG,2013,0,455
math.SG,2013,1,445
math.SG,2013,2,508
math.SG,2013,3,574
math.SG,2013,4,518
math.SG,2014,0,540
math.SG,2014,1,475
math.SG,2014,2,544
math.SG,2014,3,624
math.SG,2014,4,641
math.SG,2015,0,440
math.SG,2015,1,621
math.SG,2015,2,664
math.SG,2015,3,777
math.SG,2015,4,678
math.SG,2016,0,508
math.SG,2016,1,579
math.SG,2016,2,648
math.SG,2016,3,1198
math.SG,2016,4,741
math.SG,2017,0,442
math.SG,2017,1,585
math.SG,2017,2,729
math.SG,2017,3,660
math.SG,2017,4,720
math.SG,2018,0,490
math.SG,2018,1,687
math.SG,2018,2,781
math.SG,2018,3,855
math.SG,2018,4,889
math.SG,2019,0,467
math.SG,2019,1,770
math.SG,2019,2,969
math.SG,2019,3,723
math.SG,2019,4,961
math.SG,2020,0,565
math.SG,2020,1,927
math.SG,2020,2,991
math.SG,2020,3,919
math.SG,2020,4,1200
math.SG,2021,0,578
math.SG,2021,1,1006
math.SG,2021,2,1014
math.SG,2021,3,1049
math.SG,2021,4,1116
math.SG,2022,0,582
math.SG,2022,1,729
math.SG,2022,2,847
math.SG,2022,3,929
math.SG,2022,4,911
math.SG,2023,0,435
math.SG,2023,1,694
math.SG,2023,2,894
math.SG,2023,3,905
math.SG,2023,4,615
math.SG,2024,0,436
math.SG,2024,1,756
math.SG,2024,2,719
math.SG,2024,3,635
math.SG,2024,4,747
math.SG,2025,0,363
math.SG,2025,1,609
math.SG,2025,2,541
math.SG,2025,3,605
math.SG,2025,4,683
math.SG,2026,0,105
math.SG,2026,1,549
math.SG,2026,2,202
math.SP,1884,0,1
math.SP,1965,0,1
math.SP,1969,3,1
math.SP,1970,0,1
math.SP,1971,0,1
math.SP,1972,0,1
math.SP,1972,1,1
math.SP,1973,0,1
math.SP,1974,0,1
math.SP,1977,0,1
math.SP,1980,3,1
math.SP,1984,2,1
math.SP,1986,2,1
math.SP,1991,0,3
math.SP,1992,0,1
math.SP,1993,0,1
math.SP,1993,1,1
math.SP,1993,3,1
math.SP,1994,0,1
math.SP,1995,0,3
math.SP,1996,2,2
math.SP,1996,4,1
math.SP,1997,1,1
math.SP,1997,2,2
math.SP,1997,3,1
math.SP,1998,0,4
math.SP,1998,2,4
math.SP,1998,3,5
math.SP,1998,4,6
math.SP,1999,0,23
math.SP,1999,1,4
math.SP,1999,2,9
math.SP,1999,3,7
math.SP,1999,4,13
math.SP,2000,0,23
math.SP,2000,1,14
math.SP,2000,2,21
math.SP,2000,3,8
math.SP,2000,4,27
math.SP,2001,0,20
math.SP,2001,1,22
math.SP,2001,2,22
math.SP,2001,3,21
math.SP,2001,4,39
math.SP,2002,0,38
math.SP,2002,1,29
math.SP,2002,2,27
math.SP,2002,3,37
math.SP,2002,4,44
math.SP,2003,0,48
math.SP,2003,1,34
math.SP,2003,2,55
math.SP,2003,3,49
math.SP,2003,4,56
math.SP,2004,0,74
math.SP,2004,1,38
math.SP,2004,2,83
math.SP,2004,3,57
math.SP,2004,4,71
math.SP,2005,0,96
math.SP,2005,1,65
math.SP,2005,2,102
math.SP,2005,3,79
math.SP,2005,4,120
math.SP,2006,0,119
math.SP,2006,1,73
math.SP,2006,2,106
math.SP,2006,3,93
math.SP,2006,4,118
math.SP,2007,0,113
math.SP,2007,1,113
math.SP,2007,2,164
math.SP,2007,3,136
math.SP,2007,4,204
math.SP,2008,0,182
math.SP,2008,1,135
math.SP,2008,2,199
math.SP,2008,3,334
math.SP,2008,4,187
math.SP,2009,0,174
math.SP,2009,1,203
math.SP,2009,2,238
math.SP,2009,3,181
math.SP,2009,4,215
math.SP,2010,0,212
math.SP,2010,1,205
math.SP,2010,2,208
math.SP,2010,3,238
math.SP,2010,4,280
math.SP,2011,0,260
math.SP,2011,1,220
math.SP,2011,2,314
math.SP,2011,3,266
math.SP,2011,4,376
math.SP,2012,0,319
math.SP,2012,1,295
math.SP,2012,2,343
math.SP,2012,3,343
math.SP,2012,4,374
math.SP,2013,0,392
math.SP,2013,1,310
math.SP,2013,2,405
math.SP,2013,3,524
math.SP,2013,4,441
math.SP,2014,0,401
math.SP,2014,1,427
math.SP,2014,2,399
math.SP,2014,3,410
math.SP,2014,4,571
math.SP,2015,0,418
math.SP,2015,1,506
math.SP,2015,2,554
math.SP,2015,3,494
math.SP,2015,4,574
math.SP,2016,0,407
math.SP,2016,1,576
math.SP,2016,2,583
math.SP,2016,3,741
math.SP,2016,4,587
math.SP,2017,0,386
math.SP,2017,1,587
math.SP,2017,2,596
math.SP,2017,3,582
math.SP,2017,4,636
math.SP,2018,0,435
math.SP,2018,1,652
math.SP,2018,2,781
math.SP,2018,3,646
math.SP,2018,4,743
math.SP,2019,0,454
math.SP,2019,1,769
math.SP,2019,2,717
math.SP,2019,3,766
math.SP,2019,4,760
math.SP,2020,0,596
math.SP,2020,1,697
math.SP,2020,2,892
math.SP,2020,3,859
math.SP,2020,4,1045
math.SP,2021,0,536
math.SP,2021,1,903
math.SP,2021,2,1044
math.SP,2021,3,944
math.SP,2021,4,884
math.SP,2022,0,449
math.SP,2022,1,908
math.SP,2022,2,863
math.SP,2022,3,828
math.SP,2022,4,917
math.SP,2023,0,496
math.SP,2023,1,769
math.SP,2023,2,831
math.SP,2023,3,936
math.SP,2023,4,950
math.SP,2024,0,416
math.SP,2024,1,745
math.SP,2024,2,687
math.SP,2024,3,773
math.SP,2024,4,736
math.SP,2025,0,380
math.SP,2025,1,675
math.SP,2025,2,771
math.SP,2025,3,752
math.SP,2025,4,590
math.SP,2026,0,132
math.SP,2026,1,577
math.SP,2026,2,316
math.ST,1872,1,1
math.ST,1916,3,2
math.ST,1920,4,2
math.ST,1942,4,1
math.ST,1961,4,1
math.ST,1969,4,5
math.ST,1970,0,3
math.ST,1975,1,1
math.ST,1978,1,1
math.ST,1980,0,1
math.ST,1982,1,1
math.ST,1983,0,1
math.ST,1985,0,1
math.ST,1985,2,1
math.ST,1985,3,3
math.ST,1985,4,1
math.ST,1986,0,1
math.ST,1986,4,1
math.ST,1987,4,2
math.ST,1988,2,1
math.ST,1989,2,1
math.ST,1990,1,2
math.ST,1991,0,2
math.ST,1991,1,1
math.ST,1992,0,3
math.ST,1992,2,1
math.ST,1992,3,2
math.ST,1992,4,3
math.ST,1993,0,5
math.ST,1993,1,2
math.ST,1993,2,2
math.ST,1993,3,1
math.ST,1993,4,1
math.ST,1994,0,14
math.ST,1994,1,2
math.ST,1994,2,6
math.ST,1994,3,2
math.ST,1994,4,2
math.ST,1995,0,11
math.ST,1995,1,5
math.ST,1995,2,1
math.ST,1995,4,3
math.ST,1996,0,15
math.ST,1996,1,5
math.ST,1996,2,75
math.ST,1996,3,12
math.ST,1996,4,2
math.ST,1997,0,7
math.ST,1997,1,5
math.ST,1997,2,5
math.ST,1997,3,4
math.ST,1997,4,11
math.ST,1998,0,14
math.ST,1998,1,10
math.ST,1998,2,5
math.ST,1998,3,5
math.ST,1998,4,4
math.ST,1999,0,12
math.ST,1999,1,6
math.ST,1999,2,6
math.ST,1999,3,7
math.ST,1999,4,10
math.ST,2000,0,26
math.ST,2000,1,2
math.ST,2000,2,6
math.ST,2000,3,7
math.ST,2000,4,6
math.ST,2001,0,19
math.ST,2001,1,9
math.ST,2001,2,9
math.ST,2001,3,14
math.ST,2001,4,15
math.ST,2002,0,28
math.ST,2002,1,7
math.ST,2002,2,14
math.ST,2002,3,13
math.ST,2002,4,36
math.ST,2003,0,64
math.ST,2003,1,15
math.ST,2003,2,45
math.ST,2003,3,25
math.ST,2003,4,27
math.ST,2004,0,87
math.ST,2004,1,52
math.ST,2004,2,51
math.ST,2004,3,59
math.ST,2004,4,101
math.ST,2005,0,194
math.ST,2005,1,70
math.ST,2005,2,130
math.ST,2005,3,127
math.ST,2005,4,188
math.ST,2006,0,362
math.ST,2006,1,169
math.ST,2006,2,209
math.ST,2006,3,268
math.ST,2006,4,308
math.ST,2007,0,535
math.ST,2007,1,309
math.ST,2007,2,402
math.ST,2007,3,475
math.ST,2007,4,549
math.ST,2008,0,1009
math.ST,2008,1,569
math.ST,2008,2,640
math.ST,2008,3,719
math.ST,2008,4,870
math.ST,2009,0,1363
math.ST,2009,1,799
math.ST,2009,2,933
math.ST,2009,3,1049
math.ST,2009,4,1223
math.ST,2010,0,1532
math.ST,2010,1,1139
math.ST,2010,2,1233
math.ST,2010,3,1408
math.ST,2010,4,1803
math.ST,2011,0,1709
math.ST,2011,1,1312
math.ST,2011,2,1729
math.ST,2011,3,1832
math.ST,2011,4,1997
math.ST,2012,0,2143
math.ST,2012,1,1808
math.ST,2012,2,2200
math.ST,2012,3,2381
math.ST,2012,4,2441
math.ST,2013,0,2751
math.ST,2013,1,1922
math.ST,2013,2,2756
math.ST,2013,3,2785
math.ST,2013,4,3047
math.ST,2014,0,2746
math.ST,2014,1,2490
math.ST,2014,2,3498
math.ST,2014,3,2971
math.ST,2014,4,3536
math.ST,2015,0,3163
math.ST,2015,1,3119
math.ST,2015,2,3727
math.ST,2015,3,3416
math.ST,2015,4,3944
math.ST,2016,0,2877
math.ST,2016,1,3317
math.ST,2016,2,3842
math.ST,2016,3,4182
math.ST,2016,4,3851
math.ST,2017,0,3233
math.ST,2017,1,3875
math.ST,2017,2,4084
math.ST,2017,3,4312
math.ST,2017,4,4462
math.ST,2018,0,3099
math.ST,2018,1,3970
math.ST,2018,2,4993
math.ST,2018,3,4973
math.ST,2018,4,5019
math.ST,2019,0,3189
math.ST,2019,1,5287
math.ST,2019,2,5777
math.ST,2019,3,5404
math.ST,2019,4,5624
math.ST,2020,0,3799
math.ST,2020,1,5267
math.ST,2020,2,6542
math.ST,2020,3,6494
math.ST,2020,4,6309
math.ST,2021,0,4076
math.ST,2021,1,5814
math.ST,2021,2,7032
math.ST,2021,3,6838
math.ST,2021,4,6373
math.ST,2022,0,3411
math.ST,2022,1,4602
math.ST,2022,2,5372
math.ST,2022,3,5053
math.ST,2022,4,5243
math.ST,2023,0,3300
math.ST,2023,1,4492
math.ST,2023,2,5369
math.ST,2023,3,4981
math.ST,2023,4,5211
math.ST,2024,0,3593
math.ST,2024,1,4743
math.ST,2024,2,4586
math.ST,2024,3,4586
math.ST,2024,4,4926
math.ST,2025,0,3149
math.ST,2025,1,4229
math.ST,2025,2,5156
math.ST,2025,3,4182
math.ST,2025,4,3812
math.ST,2026,0,1060
math.ST,2026,1,3157
math.ST,2026,2,2700
mtrl-th,1970,0,1
mtrl-th,1972,0,1
mtrl-th,1992,0,1
mtrl-th,1995,0,24
mtrl-th,1995,1,3
mtrl-th,1995,2,11
mtrl-th,1995,3,13
mtrl-th,1995,4,25
mtrl-th,1996,0,65
mtrl-th,1996,1,53
mtrl-th,1996,2,75
mtrl-th,1996,3,121
mtrl-th,1996,4,151
mtrl-th,1997,0,147
mtrl-th,1997,1,117
mtrl-th,1997,2,215
mtrl-th,1997,3,113
mtrl-th,1997,4,200
mtrl-th,1998,0,137
mtrl-th,1998,1,183
mtrl-th,1998,2,200
mtrl-th,1998,3,192
mtrl-th,1998,4,194
mtrl-th,1999,0,183
mtrl-th,1999,1,143
mtrl-th,1999,2,194
mtrl-th,1999,3,178
mtrl-th,1999,4,194
mtrl-th,2000,0,170
mtrl-th,2000,1,168
mtrl-th,2000,2,193
mtrl-th,2000,3,170
mtrl-th,2000,4,173
mtrl-th,2001,0,124
mtrl-th,2001,1,155
mtrl-th,2001,2,195
mtrl-th,2001,3,174
mtrl-th,2001,4,150
mtrl-th,2002,0,117
mtrl-th,2002,1,174
mtrl-th,2002,2,184
mtrl-th,2002,3,175
mtrl-th,2002,4,153
mtrl-th,2003,0,96
mtrl-th,2003,1,163
mtrl-th,2003,2,195
mtrl-th,2003,3,136
mtrl-th,2003,4,197
mtrl-th,2004,0,103
mtrl-th,2004,1,169
mtrl-th,2004,2,348
mtrl-th,2004,3,214
mtrl-th,2004,4,190
mtrl-th,2005,0,79
mtrl-th,2005,1,192
mtrl-th,2005,2,236
mtrl-th,2005,3,226
mtrl-th,2005,4,250
mtrl-th,2006,0,65
mtrl-th,2006,1,252
mtrl-th,2006,2,186
mtrl-th,2006,3,217
mtrl-th,2006,4,197
mtrl-th,2007,0,56
mtrl-th,2007,1,195
mtrl-th,2007,2,205
mtrl-th,2007,3,221
mtrl-th,2007,4,229
mtrl-th,2008,0,93
mtrl-th,2008,1,175
mtrl-th,2008,2,250
mtrl-th,2008,3,161
mtrl-th,2008,4,196
mtrl-th,2009,0,72
mtrl-th,2009,1,194
mtrl-th,2009,2,190
mtrl-th,2009,3,185
mtrl-th,2009,4,202
mtrl-th,2010,0,90
mtrl-th,2010,1,180
mtrl-th,2010,2,191
mtrl-th,2010,3,170
mtrl-th,2010,4,211
mtrl-th,2011,0,88
mtrl-th,2011,1,183
mtrl-th,2011,2,218
mtrl-th,2011,3,229
mtrl-th,2011,4,225
mtrl-th,2012,0,118
mtrl-th,2012,1,173
mtrl-th,2012,2,221
mtrl-th,2012,3,210
mtrl-th,2012,4,190
mtrl-th,2013,0,122
mtrl-th,2013,1,200
mtrl-th,2013,2,197
mtrl-th,2013,3,186
mtrl-th,2013,4,246
mtrl-th,2014,0,113
mtrl-th,2014,1,186
mtrl-th,2014,2,195
mtrl-th,2014,3,208
mtrl-th,2014,4,202
mtrl-th,2015,0,150
mtrl-th,2015,1,170
mtrl-th,2015,2,206
mtrl-th,2015,3,221
mtrl-th,2015,4,185
mtrl-th,2016,0,151
mtrl-th,2016,1,217
mtrl-th,2016,2,211
mtrl-th,2016,3,173
mtrl-th,2016,4,213
mtrl-th,2017,0,119
mtrl-th,2017,1,200
mtrl-th,2017,2,208
mtrl-th,2017,3,235
mtrl-th,2017,4,202
mtrl-th,2018,0,160
mtrl-th,2018,1,206
mtrl-th,2018,2,191
mtrl-th,2018,3,202
mtrl-th,2018,4,218
mtrl-th,2019,0,107
mtrl-th,2019,1,195
mtrl-th,2019,2,191
mtrl-th,2019,3,210
mtrl-th,2019,4,200
mtrl-th,2020,0,142
mtrl-th,2020,1,262
mtrl-th,2020,2,265
mtrl-th,2020,3,666
mtrl-th,2020,4,294
mtrl-th,2021,0,124
mtrl-th,2021,1,211
mtrl-th,2021,2,238
mtrl-th,2021,3,240
mtrl-th,2021,4,216
mtrl-th,2022,0,121
mtrl-th,2022,1,224
mtrl-th,2022,2,213
mtrl-th,2022,3,221
mtrl-th,2022,4,265
mtrl-th,2023,0,124
mtrl-th,2023,1,234
mtrl-th,2023,2,251
mtrl-th,2023,3,220
mtrl-th,2023,4,277
mtrl-th,2024,0,132
mtrl-th,2024,1,255
mtrl-th,2024,2,258
mtrl-th,2024,3,249
mtrl-th,2024,4,286
mtrl-th,2025,0,139
mtrl-th,2025,1,255
mtrl-th,2025,2,248
mtrl-th,2025,3,277
mtrl-th,2025,4,294
mtrl-th,2026,0,77
mtrl-th,2026,1,257
mtrl-th,2026,2,219
nlin.AO,1900,0,1
nlin.AO,1915,0,1
nlin.AO,1923,0,3
nlin.AO,1928,0,1
nlin.AO,1961,4,1
nlin.AO,1965,0,2
nlin.AO,1967,3,1
nlin.AO,1969,1,1
nlin.AO,1969,4,1
nlin.AO,1970,0,2
nlin.AO,1977,0,2
nlin.AO,1978,4,1
nlin.AO,1981,3,1
nlin.AO,1982,3,4
nlin.AO,1983,0,6
nlin.AO,1983,3,1
nlin.AO,1984,0,1
nlin.AO,1984,4,1
nlin.AO,1985,2,2
nlin.AO,1988,0,1
nlin.AO,1988,3,2
nlin.AO,1988,4,1
nlin.AO,1990,3,2
nlin.AO,1992,0,2
nlin.AO,1992,4,2
nlin.AO,1993,0,7
nlin.AO,1993,2,4
nlin.AO,1993,3,8
nlin.AO,1993,4,3
nlin.AO,1994,0,10
nlin.AO,1994,1,6
nlin.AO,1994,2,6
nlin.AO,1994,3,17
nlin.AO,1994,4,11
nlin.AO,1995,0,43
nlin.AO,1995,1,17
nlin.AO,1995,2,20
nlin.AO,1995,3,31
nlin.AO,1995,4,44
nlin.AO,1996,0,54
nlin.AO,1996,1,36
nlin.AO,1996,2,40
nlin.AO,1996,3,88
nlin.AO,1996,4,105
nlin.AO,1997,0,90
nlin.AO,1997,1,83
nlin.AO,1997,2,134
nlin.AO,1997,3,124
nlin.AO,1997,4,181
nlin.AO,1998,0,133
nlin.AO,1998,1,123
nlin.AO,1998,2,195
nlin.AO,1998,3,210
nlin.AO,1998,4,147
nlin.AO,1999,0,225
nlin.AO,1999,1,128
nlin.AO,1999,2,177
nlin.AO,1999,3,271
nlin.AO,1999,4,197
nlin.AO,2000,0,303
nlin.AO,2000,1,193
nlin.AO,2000,2,222
nlin.AO,2000,3,283
nlin.AO,2000,4,400
nlin.AO,2001,0,296
nlin.AO,2001,1,291
nlin.AO,2001,2,345
nlin.AO,2001,3,417
nlin.AO,2001,4,467
nlin.AO,2002,0,442
nlin.AO,2002,1,364
nlin.AO,2002,2,423
nlin.AO,2002,3,435
nlin.AO,2002,4,690
nlin.AO,2003,0,576
nlin.AO,2003,1,448
nlin.AO,2003,2,569
nlin.AO,2003,3,513
nlin.AO,2003,4,562
nlin.AO,2004,0,733
nlin.AO,2004,1,641
nlin.AO,2004,2,758
nlin.AO,2004,3,808
nlin.AO,2004,4,713
nlin.AO,2005,0,910
nlin.AO,2005,1,754
nlin.AO,2005,2,829
nlin.AO,2005,3,831
nlin.AO,2005,4,930
nlin.AO,2006,0,1087
nlin.AO,2006,1,1002
nlin.AO,2006,2,936
nlin.AO,2006,3,883
nlin.AO,2006,4,1234
nlin.AO,2007,0,946
nlin.AO,2007,1,1017
nlin.AO,2007,2,1644
nlin.AO,2007,3,1372
nlin.AO,2007,4,1268
nlin.AO,2008,0,1212
nlin.AO,2008,1,1078
nlin.AO,2008,2,1458
nlin.AO,2008,3,1294
nlin.AO,2008,4,1482
nlin.AO,2009,0,1922
nlin.AO,2009,1,1191
nlin.AO,2009,2,1462
nlin.AO,2009,3,1499
nlin.AO,2009,4,1439
nlin.AO,2010,0,1499
nlin.AO,2010,1,1095
nlin.AO,2010,2,1518
nlin.AO,2010,3,1619
nlin.AO,2010,4,1613
nlin.AO,2011,0,1714
nlin.AO,2011,1,1191
nlin.AO,2011,2,1747
nlin.AO,2011,3,1843
nlin.AO,2011,4,1962
nlin.AO,2012,0,1744
nlin.AO,2012,1,1482
nlin.AO,2012,2,1774
nlin.AO,2012,3,1934
nlin.AO,2012,4,2049
nlin.AO,2013,0,2234
nlin.AO,2013,1,1729
nlin.AO,2013,2,2014
nlin.AO,2013,3,2571
nlin.AO,2013,4,2277
nlin.AO,2014,0,2000
nlin.AO,2014,1,2143
nlin.AO,2014,2,2422
nlin.AO,2014,3,2650
nlin.AO,2014,4,2664
nlin.AO,2015,0,1996
nlin.AO,2015,1,2241
nlin.AO,2015,2,2579
nlin.AO,2015,3,2906
nlin.AO,2015,4,2987
nlin.AO,2016,0,1976
nlin.AO,2016,1,2412
nlin.AO,2016,2,2875
nlin.AO,2016,3,3280
nlin.AO,2016,4,3160
nlin.AO,2017,0,2002
nlin.AO,2017,1,2691
nlin.AO,2017,2,2984
nlin.AO,2017,3,3158
nlin.AO,2017,4,3648
nlin.AO,2018,0,2188
nlin.AO,2018,1,2826
nlin.AO,2018,2,4044
nlin.AO,2018,3,3746
nlin.AO,2018,4,3813
nlin.AO,2019,0,2465
nlin.AO,2019,1,3255
nlin.AO,2019,2,3847
nlin.AO,2019,3,3732
nlin.AO,2019,4,4071
nlin.AO,2020,0,2296
nlin.AO,2020,1,3462
nlin.AO,2020,2,4249
nlin.AO,2020,3,4402
nlin.AO,2020,4,4628
nlin.AO,2021,0,2586
nlin.AO,2021,1,4232
nlin.AO,2021,2,4965
nlin.AO,2021,3,5051
nlin.AO,2021,4,4543
nlin.AO,2022,0,2154
nlin.AO,2022,1,3975
nlin.AO,2022,2,4867
nlin.AO,2022,3,4220
nlin.AO,2022,4,4164
nlin.AO,2023,0,1969
nlin.AO,2023,1,3976
nlin.AO,2023,2,4314
nlin.AO,2023,3,4536
nlin.AO,2023,4,4399
nlin.AO,2024,0,1909
nlin.AO,2024,1,4058
nlin.AO,2024,2,4145
nlin.AO,2024,3,3994
nlin.AO,2024,4,4138
nlin.AO,2025,0,1909
nlin.AO,2025,1,3552
nlin.AO,2025,2,3989
nlin.AO,2025,3,4033
nlin.AO,2025,4,4098
nlin.AO,2026,0,836
nlin.AO,2026,1,3369
nlin.AO,2026,2,2520
nlin.CD,1900,0,2
nlin.CD,1915,0,1
nlin.CD,1920,4,1
nlin.CD,1951,0,3
nlin.CD,1964,1,1
nlin.CD,1967,1,1
nlin.CD,1968,2,1
nlin.CD,1969,1,10
nlin.CD,1969,3,2
nlin.CD,1972,0,1
nlin.CD,1975,2,1
nlin.CD,1976,2,2
nlin.CD,1976,3,2
nlin.CD,1977,0,1
nlin.CD,1978,2,3
nlin.CD,1978,3,1
nlin.CD,1980,1,1
nlin.CD,1980,4,1
nlin.CD,1981,0,6
nlin.CD,1981,1,2
nlin.CD,1981,2,3
nlin.CD,1981,3,3
nlin.CD,1981,4,1
nlin.CD,1982,0,7
nlin.CD,1982,1,1
nlin.CD,1982,2,1
nlin.CD,1982,4,2
nlin.CD,1983,0,6
nlin.CD,1983,1,3
nlin.CD,1983,2,2
nlin.CD,1983,3,4
nlin.CD,1983,4,2
nlin.CD,1984,0,3
nlin.CD,1984,1,1
nlin.CD,1984,2,2
nlin.CD,1984,3,4
nlin.CD,1984,4,1
nlin.CD,1985,0,2
nlin.CD,1985,2,2
nlin.CD,1985,3,2
nlin.CD,1985,4,2
nlin.CD,1986,0,1
nlin.CD,1986,1,2
nlin.CD,1986,2,2
nlin.CD,1986,3,5
nlin.CD,1986,4,1
nlin.CD,1987,2,4
nlin.CD,1987,3,5
nlin.CD,1987,4,2
nlin.CD,1988,0,4
nlin.CD,1988,1,3
nlin.CD,1988,2,4
nlin.CD,1988,3,1
nlin.CD,1988,4,3
nlin.CD,1989,0,1
nlin.CD,1989,1,3
nlin.CD,1989,2,6
nlin.CD,1989,3,2
nlin.CD,1989,4,5
nlin.CD,1990,0,3
nlin.CD,1990,1,1
nlin.CD,1990,2,1
nlin.CD,1990,4,1
nlin.CD,1991,0,7
nlin.CD,1991,1,2
nlin.CD,1991,2,6
nlin.CD,1991,3,8
nlin.CD,1991,4,6
nlin.CD,1992,0,5
nlin.CD,1992,1,3
nlin.CD,1992,2,6
nlin.CD,1992,3,11
nlin.CD,1992,4,14
nlin.CD,1993,0,8
nlin.CD,1993,1,4
nlin.CD,1993,2,5
nlin.CD,1993,3,14
nlin.CD,1993,4,25
nlin.CD,1994,0,45
nlin.CD,1994,1,15
nlin.CD,1994,2,29
nlin.CD,1994,3,61
nlin.CD,1994,4,47
nlin.CD,1995,0,83
nlin.CD,1995,1,63
nlin.CD,1995,2,110
nlin.CD,1995,3,145
nlin.CD,1995,4,132
nlin.CD,1996,0,154
nlin.CD,1996,1,134
nlin.CD,1996,2,221
nlin.CD,1996,3,286
nlin.CD,1996,4,331
nlin.CD,1997,0,287
nlin.CD,1997,1,313
nlin.CD,1997,2,411
nlin.CD,1997,3,425
nlin.CD,1997,4,460
nlin.CD,1998,0,427
nlin.CD,1998,1,397
nlin.CD,1998,2,684
nlin.CD,1998,3,611
nlin.CD,1998,4,732
nlin.CD,1999,0,965
nlin.CD,1999,1,457
nlin.CD,1999,2,746
nlin.CD,1999,3,807
nlin.CD,1999,4,732
nlin.CD,2000,0,660
nlin.CD,2000,1,734
nlin.CD,2000,2,1029
nlin.CD,2000,3,899
nlin.CD,2000,4,1210
nlin.CD,2001,0,769
nlin.CD,2001,1,1024
nlin.CD,2001,2,1086
nlin.CD,2001,3,1062
nlin.CD,2001,4,1273
nlin.CD,2002,0,910
nlin.CD,2002,1,1079
nlin.CD,2002,2,1395
nlin.CD,2002,3,1347
nlin.CD,2002,4,1614
nlin.CD,2003,0,982
nlin.CD,2003,1,1378
nlin.CD,2003,2,1733
nlin.CD,2003,3,1436
nlin.CD,2003,4,1643
nlin.CD,2004,0,888
nlin.CD,2004,1,1328
nlin.CD,2004,2,1649
nlin.CD,2004,3,1737
nlin.CD,2004,4,1756
nlin.CD,2005,0,1040
nlin.CD,2005,1,1998
nlin.CD,2005,2,1976
nlin.CD,2005,3,1836
nlin.CD,2005,4,2093
nlin.CD,2006,0,1294
nlin.CD,2006,1,2139
nlin.CD,2006,2,2279
nlin.CD,2006,3,2206
nlin.CD,2006,4,2307
nlin.CD,2007,0,1195
nlin.CD,2007,1,1990
nlin.CD,2007,2,2559
nlin.CD,2007,3,2489
nlin.CD,2007,4,2844
nlin.CD,2008,0,1353
nlin.CD,2008,1,2468
nlin.CD,2008,2,2656
nlin.CD,2008,3,2708
nlin.CD,2008,4,2397
nlin.CD,2009,0,1849
nlin.CD,2009,1,2249
nlin.CD,2009,2,2686
nlin.CD,2009,3,2640
nlin.CD,2009,4,2586
nlin.CD,2010,0,1701
nlin.CD,2010,1,2522
nlin.CD,2010,2,2709
nlin.CD,2010,3,2652
nlin.CD,2010,4,2841
nlin.CD,2011,0,1877
nlin.CD,2011,1,2340
nlin.CD,2011,2,2924
nlin.CD,2011,3,2883
nlin.CD,2011,4,3134
nlin.CD,2012,0,2371
nlin.CD,2012,1,2783
nlin.CD,2012,2,3008
nlin.CD,2012,3,2891
nlin.CD,2012,4,3276
nlin.CD,2013,0,2231
nlin.CD,2013,1,3068
nlin.CD,2013,2,3450
nlin.CD,2013,3,3698
nlin.CD,2013,4,3575
nlin.CD,2014,0,2037
nlin.CD,2014,1,3275
nlin.CD,2014,2,3344
nlin.CD,2014,3,3530
nlin.CD,2014,4,3808
nlin.CD,2015,0,1700
nlin.CD,2015,1,3300
nlin.CD,2015,2,3728
nlin.CD,2015,3,4025
nlin.CD,2015,4,4142
nlin.CD,2016,0,2150
nlin.CD,2016,1,3688
nlin.CD,2016,2,4108
nlin.CD,2016,3,4895
nlin.CD,2016,4,4455
nlin.CD,2017,0,2137
nlin.CD,2017,1,4190
nlin.CD,2017,2,4415
nlin.CD,2017,3,4238
nlin.CD,2017,4,4857
nlin.CD,2018,0,2329
nlin.CD,2018,1,4029
nlin.CD,2018,2,5079
nlin.CD,2018,3,5173
nlin.CD,2018,4,5017
nlin.CD,2019,0,2403
nlin.CD,2019,1,4984
nlin.CD,2019,2,6374
nlin.CD,2019,3,5491
nlin.CD,2019,4,5743
nlin.CD,2020,0,2516
nlin.CD,2020,1,4873
nlin.CD,2020,2,5678
nlin.CD,2020,3,6392
nlin.CD,2020,4,6243
nlin.CD,2021,0,2654
nlin.CD,2021,1,6146
nlin.CD,2021,2,7171
nlin.CD,2021,3,6850
nlin.CD,2021,4,6637
nlin.CD,2022,0,2320
nlin.CD,2022,1,5887
nlin.CD,2022,2,6465
nlin.CD,2022,3,6018
nlin.CD,2022,4,6662
nlin.CD,2023,0,2138
nlin.CD,2023,1,6170
nlin.CD,2023,2,5880
nlin.CD,2023,3,6137
nlin.CD,2023,4,6467
nlin.CD,2024,0,1831
nlin.CD,2024,1,5345
nlin.CD,2024,2,5459
nlin.CD,2024,3,5259
nlin.CD,2024,4,5971
nlin.CD,2025,0,1913
nlin.CD,2025,1,5172
nlin.CD,2025,2,6002
nlin.CD,2025,3,5321
nlin.CD,2025,4,5400
nlin.CD,2026,0,958
nlin.CD,2026,1,4596
nlin.CD,2026,2,3708
nlin.CG,1900,0,2
nlin.CG,1967,0,1
nlin.CG,1985,2,1
nlin.CG,1986,2,1
nlin.CG,1989,0,1
nlin.CG,1990,3,1
nlin.CG,1992,0,1
nlin.CG,1992,4,2
nlin.CG,1993,0,2
nlin.CG,1993,2,1
nlin.CG,1993,3,8
nlin.CG,1993,4,6
nlin.CG,1994,0,8
nlin.CG,1994,1,4
nlin.CG,1994,2,17
nlin.CG,1994,3,15
nlin.CG,1994,4,9
nlin.CG,1995,0,18
nlin.CG,1995,1,15
nlin.CG,1995,2,36
nlin.CG,1995,3,39
nlin.CG,1995,4,74
nlin.CG,1996,0,35
nlin.CG,1996,1,20
nlin.CG,1996,2,45
nlin.CG,1996,3,63
nlin.CG,1996,4,62
nlin.CG,1997,0,46
nlin.CG,1997,1,51
nlin.CG,1997,2,92
nlin.CG,1997,3,68
nlin.CG,1997,4,92
nlin.CG,1998,0,120
nlin.CG,1998,1,46
nlin.CG,1998,2,68
nlin.CG,1998,3,79
nlin.CG,1998,4,114
nlin.CG,1999,0,75
nlin.CG,1999,1,48
nlin.CG,1999,2,75
nlin.CG,1999,3,99
nlin.CG,1999,4,81
nlin.CG,2000,0,134
nlin.CG,2000,1,70
nlin.CG,2000,2,82
nlin.CG,2000,3,98
nlin.CG,2000,4,95
nlin.CG,2001,0,121
nlin.CG,2001,1,71
nlin.CG,2001,2,102
nlin.CG,2001,3,99
nlin.CG,2001,4,115
nlin.CG,2002,0,125
nlin.CG,2002,1,127
nlin.CG,2002,2,186
nlin.CG,2002,3,141
nlin.CG,2002,4,155
nlin.CG,2003,0,136
nlin.CG,2003,1,122
nlin.CG,2003,2,196
nlin.CG,2003,3,139
nlin.CG,2003,4,154
nlin.CG,2004,0,126
nlin.CG,2004,1,133
nlin.CG,2004,2,138
nlin.CG,2004,3,154
nlin.CG,2004,4,147
nlin.CG,2005,0,156
nlin.CG,2005,1,145
nlin.CG,2005,2,188
nlin.CG,2005,3,201
nlin.CG,2005,4,231
nlin.CG,2006,0,171
nlin.CG,2006,1,214
nlin.CG,2006,2,213
nlin.CG,2006,3,252
nlin.CG,2006,4,183
nlin.CG,2007,0,154
nlin.CG,2007,1,211
nlin.CG,2007,2,216
nlin.CG,2007,3,265
nlin.CG,2007,4,261
nlin.CG,2008,0,212
nlin.CG,2008,1,239
nlin.CG,2008,2,252
nlin.CG,2008,3,239
nlin.CG,2008,4,242
nlin.CG,2009,0,242
nlin.CG,2009,1,236
nlin.CG,2009,2,304
nlin.CG,2009,3,262
nlin.CG,2009,4,275
nlin.CG,2010,0,266
nlin.CG,2010,1,211
nlin.CG,2010,2,277
nlin.CG,2010,3,322
nlin.CG,2010,4,298
nlin.CG,2011,0,389
nlin.CG,2011,1,259
nlin.CG,2011,2,346
nlin.CG,2011,3,313
nlin.CG,2011,4,315
nlin.CG,2012,0,281
nlin.CG,2012,1,267
nlin.CG,2012,2,288
nlin.CG,2012,3,340
nlin.CG,2012,4,370
nlin.CG,2013,0,281
nlin.CG,2013,1,277
nlin.CG,2013,2,332
nlin.CG,2013,3,407
nlin.CG,2013,4,374
nlin.CG,2014,0,278
nlin.CG,2014,1,334
nlin.CG,2014,2,399
nlin.CG,2014,3,320
nlin.CG,2014,4,382
nlin.CG,2015,0,291
nlin.CG,2015,1,316
nlin.CG,2015,2,366
nlin.CG,2015,3,378
nlin.CG,2015,4,443
nlin.CG,2016,0,300
nlin.CG,2016,1,368
nlin.CG,2016,2,382
nlin.CG,2016,3,443
nlin.CG,2016,4,472
nlin.CG,2017,0,250
nlin.CG,2017,1,358
nlin.CG,2017,2,544
nlin.CG,2017,3,418
nlin.CG,2017,4,456
nlin.CG,2018,0,341
nlin.CG,2018,1,410
nlin.CG,2018,2,540
nlin.CG,2018,3,451
nlin.CG,2018,4,443
nlin.CG,2019,0,258
nlin.CG,2019,1,387
nlin.CG,2019,2,556
nlin.CG,2019,3,401
nlin.CG,2019,4,530
nlin.CG,2020,0,266
nlin.CG,2020,1,508
nlin.CG,2020,2,493
nlin.CG,2020,3,497
nlin.CG,2020,4,563
nlin.CG,2021,0,278
nlin.CG,2021,1,552
nlin.CG,2021,2,562
nlin.CG,2021,3,610
nlin.CG,2021,4,539
nlin.CG,2022,0,264
nlin.CG,2022,1,515
nlin.CG,2022,2,598
nlin.CG,2022,3,557
nlin.CG,2022,4,547
nlin.CG,2023,0,249
nlin.CG,2023,1,496
nlin.CG,2023,2,483
nlin.CG,2023,3,556
nlin.CG,2023,4,506
nlin.CG,2024,0,323
nlin.CG,2024,1,485
nlin.CG,2024,2,524
nlin.CG,2024,3,496
nlin.CG,2024,4,485
nlin.CG,2025,0,289
nlin.CG,2025,1,372
nlin.CG,2025,2,499
nlin.CG,2025,3,461
nlin.CG,2025,4,456
nlin.CG,2026,0,182
nlin.CG,2026,1,421
nlin.CG,2026,2,359
nlin.PS,1904,0,2
nlin.PS,1967,0,1
nlin.PS,1969,1,2
nlin.PS,1970,0,1
nlin.PS,1972,4,1
nlin.PS,1983,0,2
nlin.PS,1983,3,1
nlin.PS,1984,0,1
nlin.PS,1986,2,2
nlin.PS,1987,0,1
nlin.PS,1987,3,2
nlin.PS,1988,0,1
nlin.PS,1989,0,1
nlin.PS,1989,1,2
nlin.PS,1991,0,3
nlin.PS,1991,2,1
nlin.PS,1992,0,1
nlin.PS,1992,2,1
nlin.PS,1992,3,1
nlin.PS,1993,0,2
nlin.PS,1993,1,1
nlin.PS,1993,2,1
nlin.PS,1993,3,4
nlin.PS,1993,4,5
nlin.PS,1994,0,10
nlin.PS,1994,1,7
nlin.PS,1994,2,18
nlin.PS,1994,3,24
nlin.PS,1994,4,30
nlin.PS,1995,0,33
nlin.PS,1995,1,25
nlin.PS,1995,2,38
nlin.PS,1995,3,61
nlin.PS,1995,4,52
nlin.PS,1996,0,90
nlin.PS,1996,1,37
nlin.PS,1996,2,87
nlin.PS,1996,3,112
nlin.PS,1996,4,152
nlin.PS,1997,0,61
nlin.PS,1997,1,104
nlin.PS,1997,2,161
nlin.PS,1997,3,147
nlin.PS,1997,4,138
nlin.PS,1998,0,156
nlin.PS,1998,1,132
nlin.PS,1998,2,213
nlin.PS,1998,3,209
nlin.PS,1998,4,255
nlin.PS,1999,0,198
nlin.PS,1999,1,160
nlin.PS,1999,2,190
nlin.PS,1999,3,223
nlin.PS,1999,4,232
nlin.PS,2000,0,235
nlin.PS,2000,1,208
nlin.PS,2000,2,283
nlin.PS,2000,3,320
nlin.PS,2000,4,395
nlin.PS,2001,0,367
nlin.PS,2001,1,342
nlin.PS,2001,2,351
nlin.PS,2001,3,325
nlin.PS,2001,4,457
nlin.PS,2002,0,354
nlin.PS,2002,1,453
nlin.PS,2002,2,549
nlin.PS,2002,3,423
nlin.PS,2002,4,618
nlin.PS,2003,0,419
nlin.PS,2003,1,462
nlin.PS,2003,2,611
nlin.PS,2003,3,486
nlin.PS,2003,4,563
nlin.PS,2004,0,378
nlin.PS,2004,1,566
nlin.PS,2004,2,701
nlin.PS,2004,3,801
nlin.PS,2004,4,715
nlin.PS,2005,0,620
nlin.PS,2005,1,770
nlin.PS,2005,2,895
nlin.PS,2005,3,978
nlin.PS,2005,4,842
nlin.PS,2006,0,568
nlin.PS,2006,1,1005
nlin.PS,2006,2,1094
nlin.PS,2006,3,968
nlin.PS,2006,4,1006
nlin.PS,2007,0,601
nlin.PS,2007,1,1091
nlin.PS,2007,2,1196
nlin.PS,2007,3,1287
nlin.PS,2007,4,1307
nlin.PS,2008,0,666
nlin.PS,2008,1,1135
nlin.PS,2008,2,1410
nlin.PS,2008,3,1398
nlin.PS,2008,4,1682
nlin.PS,2009,0,1092
nlin.PS,2009,1,1322
nlin.PS,2009,2,1599
nlin.PS,2009,3,1453
nlin.PS,2009,4,1388
nlin.PS,2010,0,694
nlin.PS,2010,1,1339
nlin.PS,2010,2,1486
nlin.PS,2010,3,1588
nlin.PS,2010,4,1776
nlin.PS,2011,0,1026
nlin.PS,2011,1,1274
nlin.PS,2011,2,1746
nlin.PS,2011,3,1725
nlin.PS,2011,4,1693
nlin.PS,2012,0,1339
nlin.PS,2012,1,1540
nlin.PS,2012,2,1691
nlin.PS,2012,3,1762
nlin.PS,2012,4,1853
nlin.PS,2013,0,1163
nlin.PS,2013,1,1747
nlin.PS,2013,2,1994
nlin.PS,2013,3,2019
nlin.PS,2013,4,2352
nlin.PS,2014,0,1227
nlin.PS,2014,1,1993
nlin.PS,2014,2,2154
nlin.PS,2014,3,2468
nlin.PS,2014,4,2347
nlin.PS,2015,0,1231
nlin.PS,2015,1,2272
nlin.PS,2015,2,2245
nlin.PS,2015,3,2374
nlin.PS,2015,4,2492
nlin.PS,2016,0,1328
nlin.PS,2016,1,2288
nlin.PS,2016,2,2620
nlin.PS,2016,3,3186
nlin.PS,2016,4,2583
nlin.PS,2017,0,1202
nlin.PS,2017,1,2518
nlin.PS,2017,2,2911
nlin.PS,2017,3,2974
nlin.PS,2017,4,3064
nlin.PS,2018,0,1438
nlin.PS,2018,1,2736
nlin.PS,2018,2,3046
nlin.PS,2018,3,3048
nlin.PS,2018,4,3133
nlin.PS,2019,0,1589
nlin.PS,2019,1,3223
nlin.PS,2019,2,3279
nlin.PS,2019,3,3423
nlin.PS,2019,4,3365
nlin.PS,2020,0,1538
nlin.PS,2020,1,3237
nlin.PS,2020,2,3489
nlin.PS,2020,3,4070
nlin.PS,2020,4,3918
nlin.PS,2021,0,1466
nlin.PS,2021,1,3872
nlin.PS,2021,2,4278
nlin.PS,2021,3,4207
nlin.PS,2021,4,4243
nlin.PS,2022,0,1725
nlin.PS,2022,1,3936
nlin.PS,2022,2,4015
nlin.PS,2022,3,4280
nlin.PS,2022,4,4260
nlin.PS,2023,0,1496
nlin.PS,2023,1,3817
nlin.PS,2023,2,3960
nlin.PS,2023,3,4588
nlin.PS,2023,4,4238
nlin.PS,2024,0,1530
nlin.PS,2024,1,3981
nlin.PS,2024,2,3821
nlin.PS,2024,3,4054
nlin.PS,2024,4,4641
nlin.PS,2025,0,1380
nlin.PS,2025,1,3626
nlin.PS,2025,2,3643
nlin.PS,2025,3,3764
nlin.PS,2025,4,3527
nlin.PS,2026,0,651
nlin.PS,2026,1,3024
nlin.PS,2026,2,2471
nlin.SI,1951,0,1
nlin.SI,1961,2,1
nlin.SI,1969,3,2
nlin.SI,1969,4,2
nlin.SI,1970,3,2
nlin.SI,1971,3,1
nlin.SI,1973,3,1
nlin.SI,1973,4,1
nlin.SI,1975,3,1
nlin.SI,1975,4,1
nlin.SI,1978,4,1
nlin.SI,1980,0,1
nlin.SI,1980,3,1
nlin.SI,1981,2,1
nlin.SI,1982,0,3
nlin.SI,1982,1,1
nlin.SI,1983,1,2
nlin.SI,1984,0,1
nlin.SI,1984,1,1
nlin.SI,1985,4,1
nlin.SI,1986,2,3
nlin.SI,1988,0,2
nlin.SI,1989,0,10
nlin.SI,1990,0,1
nlin.SI,1990,2,1
nlin.SI,1990,3,1
nlin.SI,1991,0,6
nlin.SI,1991,1,2
nlin.SI,1991,3,1
nlin.SI,1992,0,2
nlin.SI,1992,3,4
nlin.SI,1992,4,3
nlin.SI,1993,0,17
nlin.SI,1993,1,4
nlin.SI,1993,2,17
nlin.SI,1993,3,10
nlin.SI,1993,4,24
nlin.SI,1994,0,43
nlin.SI,1994,1,26
nlin.SI,1994,2,33
nlin.SI,1994,3,36
nlin.SI,1994,4,62
nlin.SI,1995,0,48
nlin.SI,1995,1,49
nlin.SI,1995,2,63
nlin.SI,1995,3,80
nlin.SI,1995,4,68
nlin.SI,1996,0,60
nlin.SI,1996,1,46
nlin.SI,1996,2,88
nlin.SI,1996,3,103
nlin.SI,1996,4,113
nlin.SI,1997,0,166
nlin.SI,1997,1,114
nlin.SI,1997,2,105
nlin.SI,1997,3,156
nlin.SI,1997,4,183
nlin.SI,1998,0,224
nlin.SI,1998,1,122
nlin.SI,1998,2,229
nlin.SI,1998,3,286
nlin.SI,1998,4,308
nlin.SI,1999,0,460
nlin.SI,1999,1,183
nlin.SI,1999,2,240
nlin.SI,1999,3,287
nlin.SI,1999,4,340
nlin.SI,2000,0,481
nlin.SI,2000,1,248
nlin.SI,2000,2,381
nlin.SI,2000,3,382
nlin.SI,2000,4,340
nlin.SI,2001,0,537
nlin.SI,2001,1,353
nlin.SI,2001,2,408
nlin.SI,2001,3,430
nlin.SI,2001,4,537
nlin.SI,2002,0,542
nlin.SI,2002,1,378
nlin.SI,2002,2,636
nlin.SI,2002,3,589
nlin.SI,2002,4,626
nlin.SI,2003,0,537
nlin.SI,2003,1,502
nlin.SI,2003,2,683
nlin.SI,2003,3,613
nlin.SI,2003,4,769
nlin.SI,2004,0,509
nlin.SI,2004,1,615
nlin.SI,2004,2,618
nlin.SI,2004,3,671
nlin.SI,2004,4,883
nlin.SI,2005,0,648
nlin.SI,2005,1,741
nlin.SI,2005,2,781
nlin.SI,2005,3,927
nlin.SI,2005,4,926
nlin.SI,2006,0,802
nlin.SI,2006,1,966
nlin.SI,2006,2,952
nlin.SI,2006,3,973
nlin.SI,2006,4,1018
nlin.SI,2007,0,713
nlin.SI,2007,1,1151
nlin.SI,2007,2,1182
nlin.SI,2007,3,1222
nlin.SI,2007,4,1147
nlin.SI,2008,0,825
nlin.SI,2008,1,980
nlin.SI,2008,2,1228
nlin.SI,2008,3,1103
nlin.SI,2008,4,1192
nlin.SI,2009,0,928
nlin.SI,2009,1,1184
nlin.SI,2009,2,1438
nlin.SI,2009,3,1392
nlin.SI,2009,4,1343
nlin.SI,2010,0,723
nlin.SI,2010,1,1344
nlin.SI,2010,2,1349
nlin.SI,2010,3,1360
nlin.SI,2010,4,1494
nlin.SI,2011,0,981
nlin.SI,2011,1,1338
nlin.SI,2011,2,1630
nlin.SI,2011,3,1395
nlin.SI,2011,4,1381
nlin.SI,2012,0,1114
nlin.SI,2012,1,1365
nlin.SI,2012,2,1299
nlin.SI,2012,3,1517
nlin.SI,2012,4,1991
nlin.SI,2013,0,1129
nlin.SI,2013,1,1550
nlin.SI,2013,2,1668
nlin.SI,2013,3,1631
nlin.SI,2013,4,1840
nlin.SI,2014,0,1146
nlin.SI,2014,1,1665
nlin.SI,2014,2,1880
nlin.SI,2014,3,1866
nlin.SI,2014,4,2070
nlin.SI,2015,0,903
nlin.SI,2015,1,1777
nlin.SI,2015,2,2168
nlin.SI,2015,3,2012
nlin.SI,2015,4,1832
nlin.SI,2016,0,940
nlin.SI,2016,1,1885
nlin.SI,2016,2,2100
nlin.SI,2016,3,2883
nlin.SI,2016,4,2128
nlin.SI,2017,0,1148
nlin.SI,2017,1,1908
nlin.SI,2017,2,2287
nlin.SI,2017,3,2497
nlin.SI,2017,4,2345
nlin.SI,2018,0,1117
nlin.SI,2018,1,2240
nlin.SI,2018,2,2351
nlin.SI,2018,3,2687
nlin.SI,2018,4,2462
nlin.SI,2019,0,1252
nlin.SI,2019,1,2307
nlin.SI,2019,2,2627
nlin.SI,2019,3,2593
nlin.SI,2019,4,2777
nlin.SI,2020,0,1142
nlin.SI,2020,1,2395
nlin.SI,2020,2,2627
nlin.SI,2020,3,2980
nlin.SI,2020,4,2949
nlin.SI,2021,0,1034
nlin.SI,2021,1,2888
nlin.SI,2021,2,3264
nlin.SI,2021,3,3309
nlin.SI,2021,4,2848
nlin.SI,2022,0,991
nlin.SI,2022,1,2920
nlin.SI,2022,2,2970
nlin.SI,2022,3,2828
nlin.SI,2022,4,2765
nlin.SI,2023,0,789
nlin.SI,2023,1,2846
nlin.SI,2023,2,2588
nlin.SI,2023,3,2817
nlin.SI,2023,4,2966
nlin.SI,2024,0,874
nlin.SI,2024,1,2736
nlin.SI,2024,2,3193
nlin.SI,2024,3,2416
nlin.SI,2024,4,2652
nlin.SI,2025,0,881
nlin.SI,2025,1,2340
nlin.SI,2025,2,2311
nlin.SI,2025,3,2425
nlin.SI,2025,4,2106
nlin.SI,2026,0,403
nlin.SI,2026,1,1851
nlin.SI,2026,2,1478
nucl-ex,1900,0,95
nucl-ex,1943,0,1
nucl-ex,1962,1,27
nucl-ex,1966,1,1
nucl-ex,1966,4,3
nucl-ex,1969,3,3
nucl-ex,1971,0,1
nucl-ex,1972,0,2
nucl-ex,1979,0,12
nucl-ex,1984,4,1
nucl-ex,1985,3,1
nucl-ex,1985,4,1
nucl-ex,1986,0,2
nucl-ex,1986,1,1
nucl-ex,1986,2,3
nucl-ex,1986,3,3
nucl-ex,1986,4,3
nucl-ex,1987,1,2
nucl-ex,1987,2,2
nucl-ex,1987,3,5
nucl-ex,1987,4,15
nucl-ex,1988,0,23
nucl-ex,1988,1,4
nucl-ex,1988,2,3
nucl-ex,1988,3,3
nucl-ex,1988,4,5
nucl-ex,1989,0,17
nucl-ex,1989,1,1
nucl-ex,1989,2,3
nucl-ex,1989,3,3
nucl-ex,1989,4,8
nucl-ex,1990,0,5
nucl-ex,1990,1,1
nucl-ex,1990,2,5
nucl-ex,1990,3,6
nucl-ex,1990,4,8
nucl-ex,1991,0,7
nucl-ex,1991,2,4
nucl-ex,1991,3,5
nucl-ex,1991,4,10
nucl-ex,1992,0,5
nucl-ex,1992,1,5
nucl-ex,1992,2,6
nucl-ex,1992,3,6
nucl-ex,1992,4,3
nucl-ex,1993,0,9
nucl-ex,1993,1,10
nucl-ex,1993,2,7
nucl-ex,1993,3,4
nucl-ex,1993,4,4
nucl-ex,1994,0,8
nucl-ex,1994,1,4
nucl-ex,1994,2,6
nucl-ex,1994,3,6
nucl-ex,1994,4,4
nucl-ex,1995,0,11
nucl-ex,1995,1,8
nucl-ex,1995,2,7
nucl-ex,1995,3,7
nucl-ex,1995,4,23
nucl-ex,1996,0,32
nucl-ex,1996,1,12
nucl-ex,1996,2,45
nucl-ex,1996,3,35
nucl-ex,1996,4,82
nucl-ex,1997,0,81
nucl-ex,1997,1,72
nucl-ex,1997,2,64
nucl-ex,1997,3,87
nucl-ex,1997,4,135
nucl-ex,1998,0,158
nucl-ex,1998,1,126
nucl-ex,1998,2,143
nucl-ex,1998,3,305
nucl-ex,1998,4,272
nucl-ex,1999,0,413
nucl-ex,1999,1,217
nucl-ex,1999,2,370
nucl-ex,1999,3,412
nucl-ex,1999,4,514
nucl-ex,2000,0,450
nucl-ex,2000,1,463
nucl-ex,2000,2,626
nucl-ex,2000,3,627
nucl-ex,2000,4,568
nucl-ex,2001,0,646
nucl-ex,2001,1,633
nucl-ex,2001,2,795
nucl-ex,2001,3,771
nucl-ex,2001,4,945
nucl-ex,2002,0,765
nucl-ex,2002,1,966
nucl-ex,2002,2,1474
nucl-ex,2002,3,1363
nucl-ex,2002,4,1488
nucl-ex,2003,0,830
nucl-ex,2003,1,1723
nucl-ex,2003,2,2255
nucl-ex,2003,3,1903
nucl-ex,2003,4,2236
nucl-ex,2004,0,1318
nucl-ex,2004,1,2071
nucl-ex,2004,2,2077
nucl-ex,2004,3,2692
nucl-ex,2004,4,3201
nucl-ex,2005,0,1231
nucl-ex,2005,1,3025
nucl-ex,2005,2,3550
nucl-ex,2005,3,3041
nucl-ex,2005,4,2556
nucl-ex,2006,0,665
nucl-ex,2006,1,2855
nucl-ex,2006,2,2906
nucl-ex,2006,3,3735
nucl-ex,2006,4,4615
nucl-ex,2007,0,936
nucl-ex,2007,1,3504
nucl-ex,2007,2,3739
nucl-ex,2007,3,3947
nucl-ex,2007,4,3556
nucl-ex,2008,0,988
nucl-ex,2008,1,3330
nucl-ex,2008,2,3367
nucl-ex,2008,3,4515
nucl-ex,2008,4,3677
nucl-ex,2009,0,1221
nucl-ex,2009,1,3696
nucl-ex,2009,2,4326
nucl-ex,2009,3,3970
nucl-ex,2009,4,4833
nucl-ex,2010,0,1857
nucl-ex,2010,1,4073
nucl-ex,2010,2,3979
nucl-ex,2010,3,4507
nucl-ex,2010,4,4125
nucl-ex,2011,0,2827
nucl-ex,2011,1,4133
nucl-ex,2011,2,5408
nucl-ex,2011,3,6161
nucl-ex,2011,4,6066
nucl-ex,2012,0,3193
nucl-ex,2012,1,5828
nucl-ex,2012,2,5055
nucl-ex,2012,3,5880
nucl-ex,2012,4,6255
nucl-ex,2013,0,4480
nucl-ex,2013,1,7480
nucl-ex,2013,2,7242
nucl-ex,2013,3,7585
nucl-ex,2013,4,6263
nucl-ex,2014,0,5332
nucl-ex,2014,1,6425
nucl-ex,2014,2,7102
nucl-ex,2014,3,8615
nucl-ex,2014,4,7752
nucl-ex,2015,0,5690
nucl-ex,2015,1,7053
nucl-ex,2015,2,7853
nucl-ex,2015,3,8585
nucl-ex,2015,4,7772
nucl-ex,2016,0,6696
nucl-ex,2016,1,8751
nucl-ex,2016,2,10200
nucl-ex,2016,3,10268
nucl-ex,2016,4,9769
nucl-ex,2017,0,5708
nucl-ex,2017,1,8260
nucl-ex,2017,2,8926
nucl-ex,2017,3,10719
nucl-ex,2017,4,9487
nucl-ex,2018,0,4885
nucl-ex,2018,1,8933
nucl-ex,2018,2,9570
nucl-ex,2018,3,9240
nucl-ex,2018,4,9106
nucl-ex,2019,0,5206
nucl-ex,2019,1,10130
nucl-ex,2019,2,10919
nucl-ex,2019,3,10202
nucl-ex,2019,4,10432
nucl-ex,2020,0,4545
nucl-ex,2020,1,11208
nucl-ex,2020,2,11518
nucl-ex,2020,3,13089
nucl-ex,2020,4,14775
nucl-ex,2021,0,3478
nucl-ex,2021,1,11720
nucl-ex,2021,2,13642
nucl-ex,2021,3,14071
nucl-ex,2021,4,13099
nucl-ex,2022,0,4525
nucl-ex,2022,1,11741
nucl-ex,2022,2,12382
nucl-ex,2022,3,12293
nucl-ex,2022,4,12643
nucl-ex,2023,0,4862
nucl-ex,2023,1,13141
nucl-ex,2023,2,12886
nucl-ex,2023,3,13156
nucl-ex,2023,4,12524
nucl-ex,2024,0,3143
nucl-ex,2024,1,11674
nucl-ex,2024,2,12289
nucl-ex,2024,3,11511
nucl-ex,2024,4,11901
nucl-ex,2025,0,2535
nucl-ex,2025,1,10772
nucl-ex,2025,2,14314
nucl-ex,2025,3,11304
nucl-ex,2025,4,11086
nucl-ex,2026,0,1280
nucl-ex,2026,1,10560
nucl-ex,2026,2,6778
nucl-th,1900,0,99
nucl-th,1925,0,1
nucl-th,1928,0,3
nucl-th,1941,0,1
nucl-th,1943,0,2
nucl-th,1944,4,12
nucl-th,1946,0,2
nucl-th,1951,0,1
nucl-th,1954,3,1
nucl-th,1957,0,1
nucl-th,1960,0,1
nucl-th,1961,0,1
nucl-th,1962,1,10
nucl-th,1964,0,2
nucl-th,1965,0,2
nucl-th,1966,0,2
nucl-th,1966,1,1
nucl-th,1966,4,5
nucl-th,1967,0,1
nucl-th,1969,3,2
nucl-th,1970,0,2
nucl-th,1971,0,2
nucl-th,1971,1,1
nucl-th,1971,2,1
nucl-th,1972,0,5
nucl-th,1974,0,1
nucl-th,1974,1,2
nucl-th,1975,4,1
nucl-th,1976,0,1
nucl-th,1977,1,1
nucl-th,1978,0,4
nucl-th,1979,0,45
nucl-th,1979,2,1
nucl-th,1979,4,1
nucl-th,1980,0,1
nucl-th,1980,1,1
nucl-th,1981,2,1
nucl-th,1982,0,1
nucl-th,1983,1,1
nucl-th,1983,3,1
nucl-th,1984,0,2
nucl-th,1985,0,1
nucl-th,1985,1,7
nucl-th,1985,4,1
nucl-th,1986,0,3
nucl-th,1986,1,1
nucl-th,1986,2,3
nucl-th,1986,3,3
nucl-th,1986,4,3
nucl-th,1987,0,2
nucl-th,1987,1,8
nucl-th,1987,2,2
nucl-th,1987,3,5
nucl-th,1987,4,47
nucl-th,1988,0,12
nucl-th,1988,1,4
nucl-th,1988,2,4
nucl-th,1988,3,3
nucl-th,1988,4,5
nucl-th,1989,0,17
nucl-th,1989,1,1
nucl-th,1989,2,4
nucl-th,1989,3,3
nucl-th,1989,4,25
nucl-th,1990,0,21
nucl-th,1990,1,3
nucl-th,1990,2,13
nucl-th,1990,3,12
nucl-th,1990,4,10
nucl-th,1991,0,10
nucl-th,1991,1,12
nucl-th,1991,2,6
nucl-th,1991,3,13
nucl-th,1991,4,13
nucl-th,1992,0,15
nucl-th,1992,1,8
nucl-th,1992,2,29
nucl-th,1992,3,14
nucl-th,1992,4,10
nucl-th,1993,0,25
nucl-th,1993,1,21
nucl-th,1993,2,21
nucl-th,1993,3,44
nucl-th,1993,4,74
nucl-th,1994,0,145
nucl-th,1994,1,87
nucl-th,1994,2,231
nucl-th,1994,3,269
nucl-th,1994,4,286
nucl-th,1995,0,444
nucl-th,1995,1,308
nucl-th,1995,2,538
nucl-th,1995,3,543
nucl-th,1995,4,656
nucl-th,1996,0,659
nucl-th,1996,1,492
nucl-th,1996,2,968
nucl-th,1996,3,942
nucl-th,1996,4,1374
nucl-th,1997,0,1074
nucl-th,1997,1,867
nucl-th,1997,2,1194
nucl-th,1997,3,1335
nucl-th,1997,4,1768
nucl-th,1998,0,1335
nucl-th,1998,1,1495
nucl-th,1998,2,1791
nucl-th,1998,3,2277
nucl-th,1998,4,2316
nucl-th,1999,0,2716
nucl-th,1999,1,1671
nucl-th,1999,2,2210
nucl-th,1999,3,2518
nucl-th,1999,4,2806
nucl-th,2000,0,2070
nucl-th,2000,1,2535
nucl-th,2000,2,3094
nucl-th,2000,3,3451
nucl-th,2000,4,2463
nucl-th,2001,0,2718
nucl-th,2001,1,3613
nucl-th,2001,2,3729
nucl-th,2001,3,3547
nucl-th,2001,4,3923
nucl-th,2002,0,2622
nucl-th,2002,1,4033
nucl-th,2002,2,4745
nucl-th,2002,3,4429
nucl-th,2002,4,4764
nucl-th,2003,0,2295
nucl-th,2003,1,4981
nucl-th,2003,2,6831
nucl-th,2003,3,5375
nucl-th,2003,4,5813
nucl-th,2004,0,2740
nucl-th,2004,1,5796
nucl-th,2004,2,5779
nucl-th,2004,3,6420
nucl-th,2004,4,8101
nucl-th,2005,0,2408
nucl-th,2005,1,7115
nucl-th,2005,2,8706
nucl-th,2005,3,7974
nucl-th,2005,4,7413
nucl-th,2006,0,1861
nucl-th,2006,1,7648
nucl-th,2006,2,7447
nucl-th,2006,3,9147
nucl-th,2006,4,10068
nucl-th,2007,0,2084
nucl-th,2007,1,9217
nucl-th,2007,2,9121
nucl-th,2007,3,8549
nucl-th,2007,4,8803
nucl-th,2008,0,2446
nucl-th,2008,1,8307
nucl-th,2008,2,9236
nucl-th,2008,3,10461
nucl-th,2008,4,9810
nucl-th,2009,0,2587
nucl-th,2009,1,9058
nucl-th,2009,2,10715
nucl-th,2009,3,10268
nucl-th,2009,4,11460
nucl-th,2010,0,4186
nucl-th,2010,1,9888
nucl-th,2010,2,9893
nucl-th,2010,3,11103
nucl-th,2010,4,11359
nucl-th,2011,0,5397
nucl-th,2011,1,9278
nucl-th,2011,2,11687
nucl-th,2011,3,13317
nucl-th,2011,4,13306
nucl-th,2012,0,5121
nucl-th,2012,1,13513
nucl-th,2012,2,11271
nucl-th,2012,3,12867
nucl-th,2012,4,14788
nucl-th,2013,0,8525
nucl-th,2013,1,15643
nucl-th,2013,2,15625
nucl-th,2013,3,16133
nucl-th,2013,4,13823
nucl-th,2014,0,8897
nucl-th,2014,1,15117
nucl-th,2014,2,15335
nucl-th,2014,3,17833
nucl-th,2014,4,16929
nucl-th,2015,0,8619
nucl-th,2015,1,15527
nucl-th,2015,2,16231
nucl-th,2015,3,17769
nucl-th,2015,4,17357
nucl-th,2016,0,11139
nucl-th,2016,1,18298
nucl-th,2016,2,20894
nucl-th,2016,3,21995
nucl-th,2016,4,20617
nucl-th,2017,0,10006
nucl-th,2017,1,18314
nucl-th,2017,2,17901
nucl-th,2017,3,20938
nucl-th,2017,4,19865
nucl-th,2018,0,8936
nucl-th,2018,1,20498
nucl-th,2018,2,19608
nucl-th,2018,3,19098
nucl-th,2018,4,19800
nucl-th,2019,0,10482
nucl-th,2019,1,21104
nucl-th,2019,2,24755
nucl-th,2019,3,22100
nucl-th,2019,4,22981
nucl-th,2020,0,8605
nucl-th,2020,1,23285
nucl-th,2020,2,25851
nucl-th,2020,3,30299
nucl-th,2020,4,30838
nucl-th,2021,0,7360
nucl-th,2021,1,25897
nucl-th,2021,2,29992
nucl-th,2021,3,31185
nucl-th,2021,4,30117
nucl-th,2022,0,9927
nucl-th,2022,1,25640
nucl-th,2022,2,29452
nucl-th,2022,3,26664
nucl-th,2022,4,26806
nucl-th,2023,0,7900
nucl-th,2023,1,27448
nucl-th,2023,2,27211
nucl-th,2023,3,28197
nucl-th,2023,4,27422
nucl-th,2024,0,5311
nucl-th,2024,1,26316
nucl-th,2024,2,27385
nucl-th,2024,3,24391
nucl-th,2024,4,25328
nucl-th,2025,0,4641
nucl-th,2025,1,24392
nucl-th,2025,2,31325
nucl-th,2025,3,24980
nucl-th,2025,4,23835
nucl-th,2026,0,1935
nucl-th,2026,1,22225
nucl-th,2026,2,13982
patt-sol,1967,0,1
patt-sol,1984,0,1
patt-sol,1987,3,2
patt-sol,1992,0,1
patt-sol,1993,1,1
patt-sol,1993,2,1
patt-sol,1993,3,4
patt-sol,1993,4,4
patt-sol,1994,0,9
patt-sol,1994,1,7
patt-sol,1994,2,15
patt-sol,1994,3,22
patt-sol,1994,4,16
patt-sol,1995,0,31
patt-sol,1995,1,25
patt-sol,1995,2,35
patt-sol,1995,3,60
patt-sol,1995,4,51
patt-sol,1996,0,88
patt-sol,1996,1,37
patt-sol,1996,2,85
patt-sol,1996,3,109
patt-sol,1996,4,146
patt-sol,1997,0,58
patt-sol,1997,1,102
patt-sol,1997,2,157
patt-sol,1997,3,138
patt-sol,1997,4,132
patt-sol,1998,0,150
patt-sol,1998,1,125
patt-sol,1998,2,208
patt-sol,1998,3,205
patt-sol,1998,4,242
patt-sol,1999,0,194
patt-sol,1999,1,153
patt-sol,1999,2,188
patt-sol,1999,3,218
patt-sol,1999,4,222
patt-sol,2000,0,223
patt-sol,2000,1,199
patt-sol,2000,2,272
patt-sol,2000,3,296
patt-sol,2000,4,356
patt-sol,2001,0,284
patt-sol,2001,1,293
patt-sol,2001,2,275
patt-sol,2001,3,244
patt-sol,2001,4,327
patt-sol,2002,0,226
patt-sol,2002,1,318
patt-sol,2002,2,372
patt-sol,2002,3,254
patt-sol,2002,4,342
patt-sol,2003,0,248
patt-sol,2003,1,247
patt-sol,2003,2,333
patt-sol,2003,3,237
patt-sol,2003,4,297
patt-sol,2004,0,182
patt-sol,2004,1,238
patt-sol,2004,2,263
patt-sol,2004,3,296
patt-sol,2004,4,247
patt-sol,2005,0,217
patt-sol,2005,1,262
patt-sol,2005,2,395
patt-sol,2005,3,277
patt-sol,2005,4,309
patt-sol,2006,0,214
patt-sol,2006,1,295
patt-sol,2006,2,337
patt-sol,2006,3,270
patt-sol,2006,4,280
patt-sol,2007,0,161
patt-sol,2007,1,274
patt-sol,2007,2,300
patt-sol,2007,3,365
patt-sol,2007,4,313
patt-sol,2008,0,225
patt-sol,2008,1,284
patt-sol,2008,2,301
patt-sol,2008,3,268
patt-sol,2008,4,455
patt-sol,2009,0,305
patt-sol,2009,1,261
patt-sol,2009,2,293
patt-sol,2009,3,264
patt-sol,2009,4,296
patt-sol,2010,0,201
patt-sol,2010,1,234
patt-sol,2010,2,253
patt-sol,2010,3,282
patt-sol,2010,4,334
patt-sol,2011,0,348
patt-sol,2011,1,220
patt-sol,2011,2,267
patt-sol,2011,3,334
patt-sol,2011,4,322
patt-sol,2012,0,301
patt-sol,2012,1,232
patt-sol,2012,2,270
patt-sol,2012,3,293
patt-sol,2012,4,298
patt-sol,2013,0,262
patt-sol,2013,1,255
patt-sol,2013,2,284
patt-sol,2013,3,306
patt-sol,2013,4,349
patt-sol,2014,0,274
patt-sol,2014,1,268
patt-sol,2014,2,285
patt-sol,2014,3,350
patt-sol,2014,4,312
patt-sol,2015,0,260
patt-sol,2015,1,252
patt-sol,2015,2,270
patt-sol,2015,3,287
patt-sol,2015,4,301
patt-sol,2016,0,229
patt-sol,2016,1,243
patt-sol,2016,2,294
patt-sol,2016,3,345
patt-sol,2016,4,288
patt-sol,2017,0,215
patt-sol,2017,1,241
patt-sol,2017,2,244
patt-sol,2017,3,307
patt-sol,2017,4,307
patt-sol,2018,0,187
patt-sol,2018,1,234
patt-sol,2018,2,334
patt-sol,2018,3,273
patt-sol,2018,4,319
patt-sol,2019,0,209
patt-sol,2019,1,255
patt-sol,2019,2,352
patt-sol,2019,3,268
patt-sol,2019,4,370
patt-sol,2020,0,250
patt-sol,2020,1,313
patt-sol,2020,2,344
patt-sol,2020,3,326
patt-sol,2020,4,379
patt-sol,2021,0,198
patt-sol,2021,1,345
patt-sol,2021,2,354
patt-sol,2021,3,357
patt-sol,2021,4,349
patt-sol,2022,0,199
patt-sol,2022,1,293
patt-sol,2022,2,318
patt-sol,2022,3,309
patt-sol,2022,4,357
patt-sol,2023,0,171
patt-sol,2023,1,251
patt-sol,2023,2,287
patt-sol,2023,3,345
patt-sol,2023,4,310
patt-sol,2024,0,187
patt-sol,2024,1,310
patt-sol,2024,2,337
patt-sol,2024,3,288
patt-sol,2024,4,346
patt-sol,2025,0,157
patt-sol,2025,1,231
patt-sol,2025,2,298
patt-sol,2025,3,294
patt-sol,2025,4,326
patt-sol,2026,0,79
patt-sol,2026,1,278
patt-sol,2026,2,192
physics.acc-ph,1900,0,7
physics.acc-ph,1953,2,3
physics.acc-ph,1962,1,2
physics.acc-ph,1970,0,7
physics.acc-ph,1975,3,1
physics.acc-ph,1977,2,1
physics.acc-ph,1978,0,1
physics.acc-ph,1984,0,1
physics.acc-ph,1984,4,1
physics.acc-ph,1985,0,3
physics.acc-ph,1985,3,1
physics.acc-ph,1985,4,11
physics.acc-ph,1986,2,1
physics.acc-ph,1986,3,2
physics.acc-ph,1986,4,2
physics.acc-ph,1987,1,2
physics.acc-ph,1987,2,2
physics.acc-ph,1987,3,2
physics.acc-ph,1987,4,1
physics.acc-ph,1988,0,3
physics.acc-ph,1988,1,2
physics.acc-ph,1988,2,3
physics.acc-ph,1988,3,1
physics.acc-ph,1988,4,2
physics.acc-ph,1989,0,1
physics.acc-ph,1989,2,2
physics.acc-ph,1989,3,1
physics.acc-ph,1989,4,4
physics.acc-ph,1990,0,2
physics.acc-ph,1990,4,2
physics.acc-ph,1991,0,8
physics.acc-ph,1991,1,3
physics.acc-ph,1991,2,3
physics.acc-ph,1991,3,6
physics.acc-ph,1991,4,3
physics.acc-ph,1992,0,3
physics.acc-ph,1992,1,2
physics.acc-ph,1992,2,5
physics.acc-ph,1992,3,7
physics.acc-ph,1992,4,4
physics.acc-ph,1993,0,2
physics.acc-ph,1993,1,3
physics.acc-ph,1993,2,2
physics.acc-ph,1993,3,5
physics.acc-ph,1993,4,7
physics.acc-ph,1994,0,2
physics.acc-ph,1994,1,8
physics.acc-ph,1994,2,2
physics.acc-ph,1994,3,9
physics.acc-ph,1994,4,6
physics.acc-ph,1995,0,2
physics.acc-ph,1995,1,2
physics.acc-ph,1995,2,6
physics.acc-ph,1995,3,2
physics.acc-ph,1995,4,3
physics.acc-ph,1996,0,6
physics.acc-ph,1996,1,3
physics.acc-ph,1996,2,2
physics.acc-ph,1996,3,2
physics.acc-ph,1996,4,8
physics.acc-ph,1997,0,4
physics.acc-ph,1997,1,8
physics.acc-ph,1997,2,4
physics.acc-ph,1997,3,5
physics.acc-ph,1997,4,5
physics.acc-ph,1998,0,16
physics.acc-ph,1998,1,15
physics.acc-ph,1998,2,12
physics.acc-ph,1998,3,20
physics.acc-ph,1998,4,11
physics.acc-ph,1999,0,38
physics.acc-ph,1999,1,10
physics.acc-ph,1999,2,30
physics.acc-ph,1999,3,44
physics.acc-ph,1999,4,29
physics.acc-ph,2000,0,80
physics.acc-ph,2000,1,37
physics.acc-ph,2000,2,32
physics.acc-ph,2000,3,83
physics.acc-ph,2000,4,61
physics.acc-ph,2001,0,77
physics.acc-ph,2001,1,29
physics.acc-ph,2001,2,41
physics.acc-ph,2001,3,40
physics.acc-ph,2001,4,120
physics.acc-ph,2002,0,102
physics.acc-ph,2002,1,41
physics.acc-ph,2002,2,86
physics.acc-ph,2002,3,59
physics.acc-ph,2002,4,203
physics.acc-ph,2003,0,83
physics.acc-ph,2003,1,101
physics.acc-ph,2003,2,97
physics.acc-ph,2003,3,61
physics.acc-ph,2003,4,55
physics.acc-ph,2004,0,95
physics.acc-ph,2004,1,76
physics.acc-ph,2004,2,92
physics.acc-ph,2004,3,129
physics.acc-ph,2004,4,130
physics.acc-ph,2005,0,92
physics.acc-ph,2005,1,95
physics.acc-ph,2005,2,129
physics.acc-ph,2005,3,111
physics.acc-ph,2005,4,108
physics.acc-ph,2006,0,156
physics.acc-ph,2006,1,231
physics.acc-ph,2006,2,149
physics.acc-ph,2006,3,128
physics.acc-ph,2006,4,126
physics.acc-ph,2007,0,138
physics.acc-ph,2007,1,140
physics.acc-ph,2007,2,165
physics.acc-ph,2007,3,163
physics.acc-ph,2007,4,159
physics.acc-ph,2008,0,99
physics.acc-ph,2008,1,160
physics.acc-ph,2008,2,218
physics.acc-ph,2008,3,192
physics.acc-ph,2008,4,165
physics.acc-ph,2009,0,133
physics.acc-ph,2009,1,285
physics.acc-ph,2009,2,243
physics.acc-ph,2009,3,218
physics.acc-ph,2009,4,213
physics.acc-ph,2010,0,203
physics.acc-ph,2010,1,213
physics.acc-ph,2010,2,291
physics.acc-ph,2010,3,228
physics.acc-ph,2010,4,317
physics.acc-ph,2011,0,222
physics.acc-ph,2011,1,258
physics.acc-ph,2011,2,311
physics.acc-ph,2011,3,355
physics.acc-ph,2011,4,407
physics.acc-ph,2012,0,293
physics.acc-ph,2012,1,333
physics.acc-ph,2012,2,432
physics.acc-ph,2012,3,447
physics.acc-ph,2012,4,408
physics.acc-ph,2013,0,437
physics.acc-ph,2013,1,491
physics.acc-ph,2013,2,559
physics.acc-ph,2013,3,611
physics.acc-ph,2013,4,526
physics.acc-ph,2014,0,588
physics.acc-ph,2014,1,485
physics.acc-ph,2014,2,643
physics.acc-ph,2014,3,677
physics.acc-ph,2014,4,642
physics.acc-ph,2015,0,463
physics.acc-ph,2015,1,576
physics.acc-ph,2015,2,742
physics.acc-ph,2015,3,775
physics.acc-ph,2015,4,779
physics.acc-ph,2016,0,640
physics.acc-ph,2016,1,810
physics.acc-ph,2016,2,753
physics.acc-ph,2016,3,877
physics.acc-ph,2016,4,886
physics.acc-ph,2017,0,445
physics.acc-ph,2017,1,853
physics.acc-ph,2017,2,916
physics.acc-ph,2017,3,824
physics.acc-ph,2017,4,850
physics.acc-ph,2018,0,498
physics.acc-ph,2018,1,1071
physics.acc-ph,2018,2,847
physics.acc-ph,2018,3,1166
physics.acc-ph,2018,4,895
physics.acc-ph,2019,0,639
physics.acc-ph,2019,1,974
physics.acc-ph,2019,2,1270
physics.acc-ph,2019,3,1233
physics.acc-ph,2019,4,1214
physics.acc-ph,2020,0,681
physics.acc-ph,2020,1,1215
physics.acc-ph,2020,2,1242
physics.acc-ph,2020,3,1536
physics.acc-ph,2020,4,1606
physics.acc-ph,2021,0,632
physics.acc-ph,2021,1,1586
physics.acc-ph,2021,2,1566
physics.acc-ph,2021,3,1623
physics.acc-ph,2021,4,1665
physics.acc-ph,2022,0,594
physics.acc-ph,2022,1,1333
physics.acc-ph,2022,2,1594
physics.acc-ph,2022,3,1470
physics.acc-ph,2022,4,1725
physics.acc-ph,2023,0,856
physics.acc-ph,2023,1,1557
physics.acc-ph,2023,2,1542
physics.acc-ph,2023,3,1691
physics.acc-ph,2023,4,1659
physics.acc-ph,2024,0,594
physics.acc-ph,2024,1,1402
physics.acc-ph,2024,2,1576
physics.acc-ph,2024,3,1291
physics.acc-ph,2024,4,1362
physics.acc-ph,2025,0,374
physics.acc-ph,2025,1,1317
physics.acc-ph,2025,2,1381
physics.acc-ph,2025,3,1121
physics.acc-ph,2025,4,1166
physics.acc-ph,2026,0,252
physics.acc-ph,2026,1,1208
physics.acc-ph,2026,2,800
physics.ao-ph,1913,0,1
physics.ao-ph,1969,1,4
physics.ao-ph,1969,4,2
physics.ao-ph,1970,0,6
physics.ao-ph,1977,4,2
physics.ao-ph,1980,2,1
physics.ao-ph,1983,0,1
physics.ao-ph,1984,3,1
physics.ao-ph,1984,4,2
physics.ao-ph,1988,0,1
physics.ao-ph,1988,2,1
physics.ao-ph,1988,4,2
physics.ao-ph,1991,3,1
physics.ao-ph,1992,0,1
physics.ao-ph,1993,1,1
physics.ao-ph,1993,2,1
physics.ao-ph,1994,0,1
physics.ao-ph,1995,0,2
physics.ao-ph,1995,1,3
physics.ao-ph,1995,2,1
physics.ao-ph,1995,3,2
physics.ao-ph,1995,4,2
physics.ao-ph,1996,0,2
physics.ao-ph,1996,1,1
physics.ao-ph,1996,2,2
physics.ao-ph,1996,3,7
physics.ao-ph,1996,4,2
physics.ao-ph,1997,0,2
physics.ao-ph,1997,1,1
physics.ao-ph,1997,2,2
physics.ao-ph,1997,3,3
physics.ao-ph,1997,4,1
physics.ao-ph,1998,0,3
physics.ao-ph,1998,1,3
physics.ao-ph,1998,2,7
physics.ao-ph,1998,3,2
physics.ao-ph,1998,4,3
physics.ao-ph,1999,0,11
physics.ao-ph,1999,1,3
physics.ao-ph,1999,2,6
physics.ao-ph,1999,3,14
physics.ao-ph,1999,4,7
physics.ao-ph,2000,0,15
physics.ao-ph,2000,1,12
physics.ao-ph,2000,2,10
physics.ao-ph,2000,3,4
physics.ao-ph,2000,4,12
physics.ao-ph,2001,0,15
physics.ao-ph,2001,1,10
physics.ao-ph,2001,2,15
physics.ao-ph,2001,3,18
physics.ao-ph,2001,4,16
physics.ao-ph,2002,0,15
physics.ao-ph,2002,1,16
physics.ao-ph,2002,2,16
physics.ao-ph,2002,3,29
physics.ao-ph,2002,4,35
physics.ao-ph,2003,0,42
physics.ao-ph,2003,1,35
physics.ao-ph,2003,2,54
physics.ao-ph,2003,3,57
physics.ao-ph,2003,4,74
physics.ao-ph,2004,0,48
physics.ao-ph,2004,1,50
physics.ao-ph,2004,2,92
physics.ao-ph,2004,3,97
physics.ao-ph,2004,4,102
physics.ao-ph,2005,0,79
physics.ao-ph,2005,1,73
physics.ao-ph,2005,2,89
physics.ao-ph,2005,3,111
physics.ao-ph,2005,4,131
physics.ao-ph,2006,0,76
physics.ao-ph,2006,1,104
physics.ao-ph,2006,2,98
physics.ao-ph,2006,3,120
physics.ao-ph,2006,4,119
physics.ao-ph,2007,0,109
physics.ao-ph,2007,1,143
physics.ao-ph,2007,2,171
physics.ao-ph,2007,3,166
physics.ao-ph,2007,4,195
physics.ao-ph,2008,0,188
physics.ao-ph,2008,1,183
physics.ao-ph,2008,2,202
physics.ao-ph,2008,3,253
physics.ao-ph,2008,4,261
physics.ao-ph,2009,0,252
physics.ao-ph,2009,1,212
physics.ao-ph,2009,2,294
physics.ao-ph,2009,3,335
physics.ao-ph,2009,4,339
physics.ao-ph,2010,0,252
physics.ao-ph,2010,1,334
physics.ao-ph,2010,2,400
physics.ao-ph,2010,3,421
physics.ao-ph,2010,4,458
physics.ao-ph,2011,0,375
physics.ao-ph,2011,1,467
physics.ao-ph,2011,2,553
physics.ao-ph,2011,3,566
physics.ao-ph,2011,4,603
physics.ao-ph,2012,0,356
physics.ao-ph,2012,1,575
physics.ao-ph,2012,2,558
physics.ao-ph,2012,3,697
physics.ao-ph,2012,4,727
physics.ao-ph,2013,0,455
physics.ao-ph,2013,1,670
physics.ao-ph,2013,2,819
physics.ao-ph,2013,3,865
physics.ao-ph,2013,4,907
physics.ao-ph,2014,0,486
physics.ao-ph,2014,1,812
physics.ao-ph,2014,2,924
physics.ao-ph,2014,3,966
physics.ao-ph,2014,4,1090
physics.ao-ph,2015,0,466
physics.ao-ph,2015,1,841
physics.ao-ph,2015,2,963
physics.ao-ph,2015,3,1009
physics.ao-ph,2015,4,1022
physics.ao-ph,2016,0,515
physics.ao-ph,2016,1,1004
physics.ao-ph,2016,2,1246
physics.ao-ph,2016,3,1162
physics.ao-ph,2016,4,1273
physics.ao-ph,2017,0,618
physics.ao-ph,2017,1,1316
physics.ao-ph,2017,2,1242
physics.ao-ph,2017,3,1453
physics.ao-ph,2017,4,1496
physics.ao-ph,2018,0,681
physics.ao-ph,2018,1,1417
physics.ao-ph,2018,2,1668
physics.ao-ph,2018,3,2006
physics.ao-ph,2018,4,1727
physics.ao-ph,2019,0,705
physics.ao-ph,2019,1,1991
physics.ao-ph,2019,2,1890
physics.ao-ph,2019,3,1952
physics.ao-ph,2019,4,2208
physics.ao-ph,2020,0,873
physics.ao-ph,2020,1,2074
physics.ao-ph,2020,2,2347
physics.ao-ph,2020,3,2777
physics.ao-ph,2020,4,2715
physics.ao-ph,2021,0,963
physics.ao-ph,2021,1,3071
physics.ao-ph,2021,2,3385
physics.ao-ph,2021,3,3425
physics.ao-ph,2021,4,3537
physics.ao-ph,2022,0,1059
physics.ao-ph,2022,1,3255
physics.ao-ph,2022,2,3340
physics.ao-ph,2022,3,3515
physics.ao-ph,2022,4,3546
physics.ao-ph,2023,0,1277
physics.ao-ph,2023,1,3467
physics.ao-ph,2023,2,3559
physics.ao-ph,2023,3,3582
physics.ao-ph,2023,4,4048
physics.ao-ph,2024,0,1367
physics.ao-ph,2024,1,3596
physics.ao-ph,2024,2,3813
physics.ao-ph,2024,3,3560
physics.ao-ph,2024,4,3756
physics.ao-ph,2025,0,1415
physics.ao-ph,2025,1,3008
physics.ao-ph,2025,2,3752
physics.ao-ph,2025,3,3335
physics.ao-ph,2025,4,3365
physics.ao-ph,2026,0,693
physics.ao-ph,2026,1,2882
physics.ao-ph,2026,2,2438
physics.app-ph,1920,4,1
physics.app-ph,1976,2,2
physics.app-ph,1977,0,1
physics.app-ph,1977,4,1
physics.app-ph,1978,3,1
physics.app-ph,1980,3,1
physics.app-ph,1980,4,4
physics.app-ph,1983,0,1
physics.app-ph,1986,3,1
physics.app-ph,1988,0,1
physics.app-ph,1990,0,6
physics.app-ph,1990,4,1
physics.app-ph,1994,0,1
physics.app-ph,1995,0,1
physics.app-ph,1996,0,1
physics.app-ph,1996,2,1
physics.app-ph,1998,0,1
physics.app-ph,1998,1,1
physics.app-ph,1999,2,1
physics.app-ph,1999,3,3
physics.app-ph,2000,0,5
physics.app-ph,2000,1,4
physics.app-ph,2001,0,2
physics.app-ph,2001,4,1
physics.app-ph,2002,3,4
physics.app-ph,2003,0,3
physics.app-ph,2003,2,1
physics.app-ph,2003,3,1
physics.app-ph,2003,4,1
physics.app-ph,2004,0,6
physics.app-ph,2004,1,1
physics.app-ph,2004,3,2
physics.app-ph,2004,4,4
physics.app-ph,2005,0,5
physics.app-ph,2005,1,2
physics.app-ph,2005,2,10
physics.app-ph,2005,3,5
physics.app-ph,2005,4,5
physics.app-ph,2006,0,5
physics.app-ph,2006,1,4
physics.app-ph,2006,2,11
physics.app-ph,2006,3,7
physics.app-ph,2006,4,9
physics.app-ph,2007,0,14
physics.app-ph,2007,1,7
physics.app-ph,2007,2,17
physics.app-ph,2007,3,9
physics.app-ph,2007,4,17
physics.app-ph,2008,0,17
physics.app-ph,2008,1,16
physics.app-ph,2008,2,26
physics.app-ph,2008,3,31
physics.app-ph,2008,4,30
physics.app-ph,2009,0,22
physics.app-ph,2009,1,21
physics.app-ph,2009,2,28
physics.app-ph,2009,3,38
physics.app-ph,2009,4,22
physics.app-ph,2010,0,21
physics.app-ph,2010,1,31
physics.app-ph,2010,2,32
physics.app-ph,2010,3,40
physics.app-ph,2010,4,48
physics.app-ph,2011,0,35
physics.app-ph,2011,1,33
physics.app-ph,2011,2,49
physics.app-ph,2011,3,30
physics.app-ph,2011,4,42
physics.app-ph,2012,0,48
physics.app-ph,2012,1,52
physics.app-ph,2012,2,58
physics.app-ph,2012,3,67
physics.app-ph,2012,4,68
physics.app-ph,2013,0,44
physics.app-ph,2013,1,68
physics.app-ph,2013,2,87
physics.app-ph,2013,3,83
physics.app-ph,2013,4,67
physics.app-ph,2014,0,53
physics.app-ph,2014,1,87
physics.app-ph,2014,2,84
physics.app-ph,2014,3,115
physics.app-ph,2014,4,116
physics.app-ph,2015,0,96
physics.app-ph,2015,1,138
physics.app-ph,2015,2,148
physics.app-ph,2015,3,166
physics.app-ph,2015,4,152
physics.app-ph,2016,0,124
physics.app-ph,2016,1,178
physics.app-ph,2016,2,159
physics.app-ph,2016,3,197
physics.app-ph,2016,4,215
physics.app-ph,2017,0,225
physics.app-ph,2017,1,271
physics.app-ph,2017,2,307
physics.app-ph,2017,3,448
physics.app-ph,2017,4,625
physics.app-ph,2018,0,583
physics.app-ph,2018,1,886
physics.app-ph,2018,2,1531
physics.app-ph,2018,3,1653
physics.app-ph,2018,4,2025
physics.app-ph,2019,0,1476
physics.app-ph,2019,1,2629
physics.app-ph,2019,2,3171
physics.app-ph,2019,3,3880
physics.app-ph,2019,4,4905
physics.app-ph,2020,0,3146
physics.app-ph,2020,1,5594
physics.app-ph,2020,2,6210
physics.app-ph,2020,3,8176
physics.app-ph,2020,4,8959
physics.app-ph,2021,0,4452
physics.app-ph,2021,1,10358
physics.app-ph,2021,2,12188
physics.app-ph,2021,3,11471
physics.app-ph,2021,4,12536
physics.app-ph,2022,0,5351
physics.app-ph,2022,1,12078
physics.app-ph,2022,2,12936
physics.app-ph,2022,3,13404
physics.app-ph,2022,4,13982
physics.app-ph,2023,0,5977
physics.app-ph,2023,1,14444
physics.app-ph,2023,2,14305
physics.app-ph,2023,3,14910
physics.app-ph,2023,4,15205
physics.app-ph,2024,0,7134
physics.app-ph,2024,1,14364
physics.app-ph,2024,2,14945
physics.app-ph,2024,3,15083
physics.app-ph,2024,4,14302
physics.app-ph,2025,0,5998
physics.app-ph,2025,1,14193
physics.app-ph,2025,2,15077
physics.app-ph,2025,3,14199
physics.app-ph,2025,4,13862
physics.app-ph,2026,0,3168
physics.app-ph,2026,1,12397
physics.app-ph,2026,2,9825
physics.atm-clus,1900,0,1
physics.atm-clus,1960,3,1
physics.atm-clus,1969,1,1
physics.atm-clus,1975,4,1
physics.atm-clus,1977,3,1
physics.atm-clus,1985,3,1
physics.atm-clus,1986,0,1
physics.atm-clus,1990,0,2
physics.atm-clus,1990,1,2
physics.atm-clus,1990,2,2
physics.atm-clus,1990,3,6
physics.atm-clus,1990,4,2
physics.atm-clus,1991,0,7
physics.atm-clus,1991,1,12
physics.atm-clus,1991,2,3
physics.atm-clus,1991,3,4
physics.atm-clus,1991,4,4
physics.atm-clus,1992,0,9
physics.atm-clus,1992,1,4
physics.atm-clus,1992,2,9
physics.atm-clus,1992,3,5
physics.atm-clus,1992,4,5
physics.atm-clus,1993,0,1
physics.atm-clus,1993,1,5
physics.atm-clus,1993,2,5
physics.atm-clus,1993,3,4
physics.atm-clus,1993,4,5
physics.atm-clus,1994,0,3
physics.atm-clus,1994,1,3
physics.atm-clus,1994,2,2
physics.atm-clus,1994,3,1
physics.atm-clus,1994,4,4
physics.atm-clus,1995,0,3
physics.atm-clus,1995,1,5
physics.atm-clus,1995,2,3
physics.atm-clus,1995,3,3
physics.atm-clus,1995,4,6
physics.atm-clus,1996,0,8
physics.atm-clus,1996,1,4
physics.atm-clus,1996,2,2
physics.atm-clus,1996,3,2
physics.atm-clus,1996,4,9
physics.atm-clus,1997,0,7
physics.atm-clus,1997,1,7
physics.atm-clus,1997,2,4
physics.atm-clus,1997,3,4
physics.atm-clus,1997,4,4
physics.atm-clus,1998,0,5
physics.atm-clus,1998,1,9
physics.atm-clus,1998,2,10
physics.atm-clus,1998,3,17
physics.atm-clus,1998,4,13
physics.atm-clus,1999,0,32
physics.atm-clus,1999,1,32
physics.atm-clus,1999,2,25
physics.atm-clus,1999,3,41
physics.atm-clus,1999,4,61
physics.atm-clus,2000,0,37
physics.atm-clus,2000,1,52
physics.atm-clus,2000,2,73
physics.atm-clus,2000,3,84
physics.atm-clus,2000,4,96
physics.atm-clus,2001,0,66
physics.atm-clus,2001,1,62
physics.atm-clus,2001,2,110
physics.atm-clus,2001,3,103
physics.atm-clus,2001,4,89
physics.atm-clus,2002,0,58
physics.atm-clus,2002,1,122
physics.atm-clus,2002,2,151
physics.atm-clus,2002,3,101
physics.atm-clus,2002,4,139
physics.atm-clus,2003,0,69
physics.atm-clus,2003,1,142
physics.atm-clus,2003,2,144
physics.atm-clus,2003,3,138
physics.atm-clus,2003,4,221
physics.atm-clus,2004,0,83
physics.atm-clus,2004,1,200
physics.atm-clus,2004,2,199
physics.atm-clus,2004,3,206
physics.atm-clus,2004,4,250
physics.atm-clus,2005,0,96
physics.atm-clus,2005,1,221
physics.atm-clus,2005,2,325
physics.atm-clus,2005,3,343
physics.atm-clus,2005,4,284
physics.atm-clus,2006,0,121
physics.atm-clus,2006,1,358
physics.atm-clus,2006,2,316
physics.atm-clus,2006,3,298
physics.atm-clus,2006,4,312
physics.atm-clus,2007,0,141
physics.atm-clus,2007,1,268
physics.atm-clus,2007,2,424
physics.atm-clus,2007,3,339
physics.atm-clus,2007,4,314
physics.atm-clus,2008,0,170
physics.atm-clus,2008,1,366
physics.atm-clus,2008,2,377
physics.atm-clus,2008,3,321
physics.atm-clus,2008,4,396
physics.atm-clus,2009,0,204
physics.atm-clus,2009,1,395
physics.atm-clus,2009,2,471
physics.atm-clus,2009,3,387
physics.atm-clus,2009,4,404
physics.atm-clus,2010,0,197
physics.atm-clus,2010,1,347
physics.atm-clus,2010,2,419
physics.atm-clus,2010,3,409
physics.atm-clus,2010,4,465
physics.atm-clus,2011,0,319
physics.atm-clus,2011,1,487
physics.atm-clus,2011,2,573
physics.atm-clus,2011,3,502
physics.atm-clus,2011,4,543
physics.atm-clus,2012,0,327
physics.atm-clus,2012,1,556
physics.atm-clus,2012,2,592
physics.atm-clus,2012,3,635
physics.atm-clus,2012,4,603
physics.atm-clus,2013,0,364
physics.atm-clus,2013,1,578
physics.atm-clus,2013,2,711
physics.atm-clus,2013,3,684
physics.atm-clus,2013,4,695
physics.atm-clus,2014,0,461
physics.atm-clus,2014,1,643
physics.atm-clus,2014,2,741
physics.atm-clus,2014,3,752
physics.atm-clus,2014,4,769
physics.atm-clus,2015,0,516
physics.atm-clus,2015,1,789
physics.atm-clus,2015,2,789
physics.atm-clus,2015,3,818
physics.atm-clus,2015,4,775
physics.atm-clus,2016,0,524
physics.atm-clus,2016,1,747
physics.atm-clus,2016,2,885
physics.atm-clus,2016,3,895
physics.atm-clus,2016,4,959
physics.atm-clus,2017,0,535
physics.atm-clus,2017,1,915
physics.atm-clus,2017,2,887
physics.atm-clus,2017,3,932
physics.atm-clus,2017,4,858
physics.atm-clus,2018,0,481
physics.atm-clus,2018,1,885
physics.atm-clus,2018,2,954
physics.atm-clus,2018,3,940
physics.atm-clus,2018,4,1081
physics.atm-clus,2019,0,527
physics.atm-clus,2019,1,945
physics.atm-clus,2019,2,998
physics.atm-clus,2019,3,1017
physics.atm-clus,2019,4,1051
physics.atm-clus,2020,0,644
physics.atm-clus,2020,1,1025
physics.atm-clus,2020,2,1129
physics.atm-clus,2020,3,1333
physics.atm-clus,2020,4,1263
physics.atm-clus,2021,0,544
physics.atm-clus,2021,1,1095
physics.atm-clus,2021,2,1260
physics.atm-clus,2021,3,1198
physics.atm-clus,2021,4,1161
physics.atm-clus,2022,0,837
physics.atm-clus,2022,1,1040
physics.atm-clus,2022,2,1121
physics.atm-clus,2022,3,1057
physics.atm-clus,2022,4,1117
physics.atm-clus,2023,0,565
physics.atm-clus,2023,1,1057
physics.atm-clus,2023,2,1051
physics.atm-clus,2023,3,1158
physics.atm-clus,2023,4,1146
physics.atm-clus,2024,0,539
physics.atm-clus,2024,1,1062
physics.atm-clus,2024,2,1072
physics.atm-clus,2024,3,994
physics.atm-clus,2024,4,1013
physics.atm-clus,2025,0,368
physics.atm-clus,2025,1,1038
physics.atm-clus,2025,2,1056
physics.atm-clus,2025,3,913
physics.atm-clus,2025,4,1009
physics.atm-clus,2026,0,248
physics.atm-clus,2026,1,908
physics.atm-clus,2026,2,703
physics.atom-ph,1900,0,15
physics.atom-ph,1920,4,1
physics.atom-ph,1939,2,3
physics.atom-ph,1960,1,5
physics.atom-ph,1961,2,2
physics.atom-ph,1962,1,5
physics.atom-ph,1964,4,2
physics.atom-ph,1968,3,2
physics.atom-ph,1969,3,1
physics.atom-ph,1970,0,1
physics.atom-ph,1976,2,1
physics.atom-ph,1976,3,4
physics.atom-ph,1978,3,1
physics.atom-ph,1979,0,1
physics.atom-ph,1979,2,2
physics.atom-ph,1980,4,3
physics.atom-ph,1982,0,3
physics.atom-ph,1982,4,6
physics.atom-ph,1984,0,1
physics.atom-ph,1985,3,10
physics.atom-ph,1986,3,4
physics.atom-ph,1987,0,2
physics.atom-ph,1987,2,1
physics.atom-ph,1988,0,3
physics.atom-ph,1991,0,1
physics.atom-ph,1992,2,1
physics.atom-ph,1993,0,1
physics.atom-ph,1993,1,16
physics.atom-ph,1993,4,1
physics.atom-ph,1994,0,1
physics.atom-ph,1994,1,1
physics.atom-ph,1994,3,1
physics.atom-ph,1994,4,1
physics.atom-ph,1995,0,5
physics.atom-ph,1995,1,1
physics.atom-ph,1995,2,4
physics.atom-ph,1995,3,1
physics.atom-ph,1995,4,4
physics.atom-ph,1996,0,11
physics.atom-ph,1996,1,4
physics.atom-ph,1996,2,2
physics.atom-ph,1996,3,20
physics.atom-ph,1996,4,24
physics.atom-ph,1997,0,17
physics.atom-ph,1997,1,26
physics.atom-ph,1997,2,48
physics.atom-ph,1997,3,87
physics.atom-ph,1997,4,118
physics.atom-ph,1998,0,50
physics.atom-ph,1998,1,69
physics.atom-ph,1998,2,88
physics.atom-ph,1998,3,131
physics.atom-ph,1998,4,153
physics.atom-ph,1999,0,185
physics.atom-ph,1999,1,118
physics.atom-ph,1999,2,206
physics.atom-ph,1999,3,215
physics.atom-ph,1999,4,241
physics.atom-ph,2000,0,158
physics.atom-ph,2000,1,251
physics.atom-ph,2000,2,328
physics.atom-ph,2000,3,340
physics.atom-ph,2000,4,335
physics.atom-ph,2001,0,332
physics.atom-ph,2001,1,399
physics.atom-ph,2001,2,482
physics.atom-ph,2001,3,464
physics.atom-ph,2001,4,514
physics.atom-ph,2002,0,332
physics.atom-ph,2002,1,508
physics.atom-ph,2002,2,614
physics.atom-ph,2002,3,596
physics.atom-ph,2002,4,753
physics.atom-ph,2003,0,459
physics.atom-ph,2003,1,630
physics.atom-ph,2003,2,987
physics.atom-ph,2003,3,774
physics.atom-ph,2003,4,738
physics.atom-ph,2004,0,485
physics.atom-ph,2004,1,773
physics.atom-ph,2004,2,1026
physics.atom-ph,2004,3,902
physics.atom-ph,2004,4,1256
physics.atom-ph,2005,0,681
physics.atom-ph,2005,1,1042
physics.atom-ph,2005,2,1308
physics.atom-ph,2005,3,1230
physics.atom-ph,2005,4,1367
physics.atom-ph,2006,0,643
physics.atom-ph,2006,1,1453
physics.atom-ph,2006,2,1645
physics.atom-ph,2006,3,1824
physics.atom-ph,2006,4,1656
physics.atom-ph,2007,0,857
physics.atom-ph,2007,1,1641
physics.atom-ph,2007,2,2070
physics.atom-ph,2007,3,1781
physics.atom-ph,2007,4,1919
physics.atom-ph,2008,0,1010
physics.atom-ph,2008,1,1887
physics.atom-ph,2008,2,2220
physics.atom-ph,2008,3,2194
physics.atom-ph,2008,4,2466
physics.atom-ph,2009,0,1466
physics.atom-ph,2009,1,2251
physics.atom-ph,2009,2,3596
physics.atom-ph,2009,3,3129
physics.atom-ph,2009,4,2411
physics.atom-ph,2010,0,1231
physics.atom-ph,2010,1,2556
physics.atom-ph,2010,2,2991
physics.atom-ph,2010,3,2785
physics.atom-ph,2010,4,2954
physics.atom-ph,2011,0,2412
physics.atom-ph,2011,1,3155
physics.atom-ph,2011,2,3835
physics.atom-ph,2011,3,3898
physics.atom-ph,2011,4,3785
physics.atom-ph,2012,0,1985
physics.atom-ph,2012,1,3839
physics.atom-ph,2012,2,3725
physics.atom-ph,2012,3,4520
physics.atom-ph,2012,4,5098
physics.atom-ph,2013,0,2149
physics.atom-ph,2013,1,4354
physics.atom-ph,2013,2,5662
physics.atom-ph,2013,3,5787
physics.atom-ph,2013,4,5596
physics.atom-ph,2014,0,2724
physics.atom-ph,2014,1,5531
physics.atom-ph,2014,2,6030
physics.atom-ph,2014,3,5726
physics.atom-ph,2014,4,6617
physics.atom-ph,2015,0,2273
physics.atom-ph,2015,1,5859
physics.atom-ph,2015,2,7602
physics.atom-ph,2015,3,7643
physics.atom-ph,2015,4,7128
physics.atom-ph,2016,0,2595
physics.atom-ph,2016,1,7385
physics.atom-ph,2016,2,8560
physics.atom-ph,2016,3,8843
physics.atom-ph,2016,4,9495
physics.atom-ph,2017,0,2994
physics.atom-ph,2017,1,8114
physics.atom-ph,2017,2,8050
physics.atom-ph,2017,3,8965
physics.atom-ph,2017,4,9563
physics.atom-ph,2018,0,3486
physics.atom-ph,2018,1,8705
physics.atom-ph,2018,2,9536
physics.atom-ph,2018,3,9745
physics.atom-ph,2018,4,10342
physics.atom-ph,2019,0,3646
physics.atom-ph,2019,1,9648
physics.atom-ph,2019,2,10358
physics.atom-ph,2019,3,10791
physics.atom-ph,2019,4,11541
physics.atom-ph,2020,0,4500
physics.atom-ph,2020,1,11818
physics.atom-ph,2020,2,12631
physics.atom-ph,2020,3,14083
physics.atom-ph,2020,4,14222
physics.atom-ph,2021,0,4750
physics.atom-ph,2021,1,13503
physics.atom-ph,2021,2,13854
physics.atom-ph,2021,3,15343
physics.atom-ph,2021,4,14089
physics.atom-ph,2022,0,5019
physics.atom-ph,2022,1,13495
physics.atom-ph,2022,2,14283
physics.atom-ph,2022,3,13187
physics.atom-ph,2022,4,14839
physics.atom-ph,2023,0,4716
physics.atom-ph,2023,1,14604
physics.atom-ph,2023,2,15153
physics.atom-ph,2023,3,15718
physics.atom-ph,2023,4,14703
physics.atom-ph,2024,0,4151
physics.atom-ph,2024,1,13708
physics.atom-ph,2024,2,13461
physics.atom-ph,2024,3,13506
physics.atom-ph,2024,4,13490
physics.atom-ph,2025,0,3472
physics.atom-ph,2025,1,13261
physics.atom-ph,2025,2,14688
physics.atom-ph,2025,3,12778
physics.atom-ph,2025,4,13036
physics.atom-ph,2026,0,1990
physics.atom-ph,2026,1,10821
physics.atom-ph,2026,2,6933
physics.bio-ph,1935,4,1
physics.bio-ph,1949,3,1
physics.bio-ph,1958,0,1
physics.bio-ph,1960,1,3
physics.bio-ph,1960,3,6
physics.bio-ph,1961,0,1
physics.bio-ph,1961,4,1
physics.bio-ph,1967,0,1
physics.bio-ph,1967,1,1
physics.bio-ph,1967,3,1
physics.bio-ph,1968,3,1
physics.bio-ph,1969,4,2
physics.bio-ph,1970,0,2
physics.bio-ph,1971,0,1
physics.bio-ph,1971,4,1
physics.bio-ph,1972,0,1
physics.bio-ph,1973,0,3
physics.bio-ph,1975,0,1
physics.bio-ph,1976,4,2
physics.bio-ph,1977,0,2
physics.bio-ph,1977,4,1
physics.bio-ph,1978,1,1
physics.bio-ph,1978,4,1
physics.bio-ph,1979,0,1
physics.bio-ph,1979,4,1
physics.bio-ph,1980,1,1
physics.bio-ph,1982,1,1
physics.bio-ph,1983,0,3
physics.bio-ph,1983,2,6
physics.bio-ph,1983,4,2
physics.bio-ph,1984,0,2
physics.bio-ph,1984,3,3
physics.bio-ph,1985,3,1
physics.bio-ph,1986,3,1
physics.bio-ph,1986,4,1
physics.bio-ph,1987,4,6
physics.bio-ph,1988,0,1
physics.bio-ph,1988,3,1
physics.bio-ph,1988,4,2
physics.bio-ph,1989,1,2
physics.bio-ph,1989,2,3
physics.bio-ph,1990,0,5
physics.bio-ph,1990,3,2
physics.bio-ph,1991,0,5
physics.bio-ph,1992,0,1
physics.bio-ph,1992,1,1
physics.bio-ph,1992,4,1
physics.bio-ph,1993,0,4
physics.bio-ph,1993,3,5
physics.bio-ph,1994,0,2
physics.bio-ph,1994,1,1
physics.bio-ph,1994,2,2
physics.bio-ph,1994,3,2
physics.bio-ph,1994,4,3
physics.bio-ph,1995,0,4
physics.bio-ph,1995,1,1
physics.bio-ph,1995,2,2
physics.bio-ph,1995,3,1
physics.bio-ph,1995,4,3
physics.bio-ph,1996,0,3
physics.bio-ph,1996,1,2
physics.bio-ph,1996,2,21
physics.bio-ph,1996,3,1
physics.bio-ph,1996,4,1
physics.bio-ph,1997,0,7
physics.bio-ph,1997,1,2
physics.bio-ph,1997,2,1
physics.bio-ph,1997,3,8
physics.bio-ph,1997,4,8
physics.bio-ph,1998,0,12
physics.bio-ph,1998,1,14
physics.bio-ph,1998,2,13
physics.bio-ph,1998,3,23
physics.bio-ph,1998,4,18
physics.bio-ph,1999,0,37
physics.bio-ph,1999,1,34
physics.bio-ph,1999,2,36
physics.bio-ph,1999,3,45
physics.bio-ph,1999,4,57
physics.bio-ph,2000,0,80
physics.bio-ph,2000,1,49
physics.bio-ph,2000,2,64
physics.bio-ph,2000,3,93
physics.bio-ph,2000,4,109
physics.bio-ph,2001,0,108
physics.bio-ph,2001,1,114
physics.bio-ph,2001,2,136
physics.bio-ph,2001,3,156
physics.bio-ph,2001,4,135
physics.bio-ph,2002,0,138
physics.bio-ph,2002,1,126
physics.bio-ph,2002,2,201
physics.bio-ph,2002,3,211
physics.bio-ph,2002,4,258
physics.bio-ph,2003,0,205
physics.bio-ph,2003,1,302
physics.bio-ph,2003,2,320
physics.bio-ph,2003,3,275
physics.bio-ph,2003,4,373
physics.bio-ph,2004,0,273
physics.bio-ph,2004,1,385
physics.bio-ph,2004,2,428
physics.bio-ph,2004,3,439
physics.bio-ph,2004,4,520
physics.bio-ph,2005,0,334
physics.bio-ph,2005,1,533
physics.bio-ph,2005,2,567
physics.bio-ph,2005,3,591
physics.bio-ph,2005,4,738
physics.bio-ph,2006,0,436
physics.bio-ph,2006,1,730
physics.bio-ph,2006,2,771
physics.bio-ph,2006,3,771
physics.bio-ph,2006,4,833
physics.bio-ph,2007,0,523
physics.bio-ph,2007,1,838
physics.bio-ph,2007,2,966
physics.bio-ph,2007,3,961
physics.bio-ph,2007,4,1097
physics.bio-ph,2008,0,639
physics.bio-ph,2008,1,1095
physics.bio-ph,2008,2,1203
physics.bio-ph,2008,3,1154
physics.bio-ph,2008,4,1279
physics.bio-ph,2009,0,1045
physics.bio-ph,2009,1,1217
physics.bio-ph,2009,2,1432
physics.bio-ph,2009,3,1381
physics.bio-ph,2009,4,1444
physics.bio-ph,2010,0,1122
physics.bio-ph,2010,1,1350
physics.bio-ph,2010,2,1817
physics.bio-ph,2010,3,1768
physics.bio-ph,2010,4,1914
physics.bio-ph,2011,0,1635
physics.bio-ph,2011,1,1686
physics.bio-ph,2011,2,2186
physics.bio-ph,2011,3,2265
physics.bio-ph,2011,4,2411
physics.bio-ph,2012,0,1893
physics.bio-ph,2012,1,2342
physics.bio-ph,2012,2,2611
physics.bio-ph,2012,3,2918
physics.bio-ph,2012,4,2862
physics.bio-ph,2013,0,2382
physics.bio-ph,2013,1,2811
physics.bio-ph,2013,2,3183
physics.bio-ph,2013,3,3923
physics.bio-ph,2013,4,3632
physics.bio-ph,2014,0,2611
physics.bio-ph,2014,1,3313
physics.bio-ph,2014,2,3835
physics.bio-ph,2014,3,4289
physics.bio-ph,2014,4,4641
physics.bio-ph,2015,0,2787
physics.bio-ph,2015,1,3738
physics.bio-ph,2015,2,4300
physics.bio-ph,2015,3,4535
physics.bio-ph,2015,4,4952
physics.bio-ph,2016,0,3045
physics.bio-ph,2016,1,4395
physics.bio-ph,2016,2,4960
physics.bio-ph,2016,3,5192
physics.bio-ph,2016,4,5724
physics.bio-ph,2017,0,3201
physics.bio-ph,2017,1,5061
physics.bio-ph,2017,2,5471
physics.bio-ph,2017,3,5664
physics.bio-ph,2017,4,6579
physics.bio-ph,2018,0,3636
physics.bio-ph,2018,1,5849
physics.bio-ph,2018,2,6613
physics.bio-ph,2018,3,6637
physics.bio-ph,2018,4,7147
physics.bio-ph,2019,0,3637
physics.bio-ph,2019,1,6184
physics.bio-ph,2019,2,7179
physics.bio-ph,2019,3,7122
physics.bio-ph,2019,4,7691
physics.bio-ph,2020,0,4128
physics.bio-ph,2020,1,6990
physics.bio-ph,2020,2,7980
physics.bio-ph,2020,3,10276
physics.bio-ph,2020,4,9111
physics.bio-ph,2021,0,4171
physics.bio-ph,2021,1,8998
physics.bio-ph,2021,2,9538
physics.bio-ph,2021,3,9468
physics.bio-ph,2021,4,9239
physics.bio-ph,2022,0,4372
physics.bio-ph,2022,1,8294
physics.bio-ph,2022,2,9526
physics.bio-ph,2022,3,8868
physics.bio-ph,2022,4,9158
physics.bio-ph,2023,0,4012
physics.bio-ph,2023,1,8599
physics.bio-ph,2023,2,8426
physics.bio-ph,2023,3,8740
physics.bio-ph,2023,4,9058
physics.bio-ph,2024,0,4046
physics.bio-ph,2024,1,8109
physics.bio-ph,2024,2,8665
physics.bio-ph,2024,3,8236
physics.bio-ph,2024,4,8696
physics.bio-ph,2025,0,3567
physics.bio-ph,2025,1,8114
physics.bio-ph,2025,2,8676
physics.bio-ph,2025,3,8716
physics.bio-ph,2025,4,8461
physics.bio-ph,2026,0,1687
physics.bio-ph,2026,1,6997
physics.bio-ph,2026,2,5689
physics.chem-ph,1900,0,3
physics.chem-ph,1903,2,2
physics.chem-ph,1930,0,1
physics.chem-ph,1949,3,1
physics.chem-ph,1956,1,1
physics.chem-ph,1960,1,11
physics.chem-ph,1960,3,3
physics.chem-ph,1961,0,2
physics.chem-ph,1962,1,1
physics.chem-ph,1968,2,1
physics.chem-ph,1968,3,1
physics.chem-ph,1968,4,1
physics.chem-ph,1969,1,7
physics.chem-ph,1969,4,2
physics.chem-ph,1970,0,1
physics.chem-ph,1971,0,2
physics.chem-ph,1971,4,2
physics.chem-ph,1972,0,3
physics.chem-ph,1972,1,1
physics.chem-ph,1972,2,2
physics.chem-ph,1973,0,2
physics.chem-ph,1974,4,1
physics.chem-ph,1975,0,3
physics.chem-ph,1976,0,3
physics.chem-ph,1977,2,1
physics.chem-ph,1978,1,1
physics.chem-ph,1978,2,8
physics.chem-ph,1978,3,3
physics.chem-ph,1979,0,1
physics.chem-ph,1979,3,1
physics.chem-ph,1980,2,1
physics.chem-ph,1981,3,4
physics.chem-ph,1982,0,1
physics.chem-ph,1982,2,1
physics.chem-ph,1983,0,5
physics.chem-ph,1983,1,1
physics.chem-ph,1983,2,3
physics.chem-ph,1983,3,1
physics.chem-ph,1984,0,2
physics.chem-ph,1984,3,4
physics.chem-ph,1984,4,1
physics.chem-ph,1985,1,1
physics.chem-ph,1985,3,3
physics.chem-ph,1985,4,1
physics.chem-ph,1986,0,1
physics.chem-ph,1986,3,1
physics.chem-ph,1987,2,1
physics.chem-ph,1987,3,2
physics.chem-ph,1987,4,20
physics.chem-ph,1988,0,1
physics.chem-ph,1988,2,1
physics.chem-ph,1989,0,3
physics.chem-ph,1989,1,2
physics.chem-ph,1989,2,6
physics.chem-ph,1989,3,3
physics.chem-ph,1989,4,1
physics.chem-ph,1990,0,2
physics.chem-ph,1990,3,3
physics.chem-ph,1991,0,3
physics.chem-ph,1991,1,2
physics.chem-ph,1991,4,1
physics.chem-ph,1992,0,3
physics.chem-ph,1992,2,3
physics.chem-ph,1992,3,2
physics.chem-ph,1992,4,2
physics.chem-ph,1993,0,3
physics.chem-ph,1993,1,2
physics.chem-ph,1993,2,2
physics.chem-ph,1993,3,1
physics.chem-ph,1993,4,2
physics.chem-ph,1994,1,4
physics.chem-ph,1994,3,1
physics.chem-ph,1994,4,5
physics.chem-ph,1995,0,9
physics.chem-ph,1995,1,24
physics.chem-ph,1995,2,16
physics.chem-ph,1995,3,16
physics.chem-ph,1995,4,21
physics.chem-ph,1996,0,64
physics.chem-ph,1996,1,23
physics.chem-ph,1996,2,39
physics.chem-ph,1996,3,54
physics.chem-ph,1996,4,49
physics.chem-ph,1997,0,74
physics.chem-ph,1997,1,66
physics.chem-ph,1997,2,86
physics.chem-ph,1997,3,60
physics.chem-ph,1997,4,113
physics.chem-ph,1998,0,74
physics.chem-ph,1998,1,91
physics.chem-ph,1998,2,121
physics.chem-ph,1998,3,154
physics.chem-ph,1998,4,137
physics.chem-ph,1999,0,178
physics.chem-ph,1999,1,132
physics.chem-ph,1999,2,171
physics.chem-ph,1999,3,164
physics.chem-ph,1999,4,174
physics.chem-ph,2000,0,137
physics.chem-ph,2000,1,171
physics.chem-ph,2000,2,235
physics.chem-ph,2000,3,223
physics.chem-ph,2000,4,297
physics.chem-ph,2001,0,192
physics.chem-ph,2001,1,276
physics.chem-ph,2001,2,306
physics.chem-ph,2001,3,338
physics.chem-ph,2001,4,305
physics.chem-ph,2002,0,187
physics.chem-ph,2002,1,313
physics.chem-ph,2002,2,362
physics.chem-ph,2002,3,371
physics.chem-ph,2002,4,384
physics.chem-ph,2003,0,219
physics.chem-ph,2003,1,360
physics.chem-ph,2003,2,474
physics.chem-ph,2003,3,403
physics.chem-ph,2003,4,577
physics.chem-ph,2004,0,230
physics.chem-ph,2004,1,509
physics.chem-ph,2004,2,543
physics.chem-ph,2004,3,557
physics.chem-ph,2004,4,701
physics.chem-ph,2005,0,344
physics.chem-ph,2005,1,613
physics.chem-ph,2005,2,742
physics.chem-ph,2005,3,799
physics.chem-ph,2005,4,821
physics.chem-ph,2006,0,339
physics.chem-ph,2006,1,882
physics.chem-ph,2006,2,879
physics.chem-ph,2006,3,889
physics.chem-ph,2006,4,887
physics.chem-ph,2007,0,365
physics.chem-ph,2007,1,977
physics.chem-ph,2007,2,1049
physics.chem-ph,2007,3,971
physics.chem-ph,2007,4,1095
physics.chem-ph,2008,0,569
physics.chem-ph,2008,1,1053
physics.chem-ph,2008,2,1295
physics.chem-ph,2008,3,1304
physics.chem-ph,2008,4,1379
physics.chem-ph,2009,0,856
physics.chem-ph,2009,1,1332
physics.chem-ph,2009,2,1659
physics.chem-ph,2009,3,1540
physics.chem-ph,2009,4,1389
physics.chem-ph,2010,0,699
physics.chem-ph,2010,1,1340
physics.chem-ph,2010,2,1568
physics.chem-ph,2010,3,1563
physics.chem-ph,2010,4,1669
physics.chem-ph,2011,0,1396
physics.chem-ph,2011,1,1923
physics.chem-ph,2011,2,2017
physics.chem-ph,2011,3,2126
physics.chem-ph,2011,4,2402
physics.chem-ph,2012,0,1350
physics.chem-ph,2012,1,2376
physics.chem-ph,2012,2,2601
physics.chem-ph,2012,3,2890
physics.chem-ph,2012,4,2825
physics.chem-ph,2013,0,1733
physics.chem-ph,2013,1,2725
physics.chem-ph,2013,2,3356
physics.chem-ph,2013,3,3587
physics.chem-ph,2013,4,3822
physics.chem-ph,2014,0,2330
physics.chem-ph,2014,1,3696
physics.chem-ph,2014,2,4097
physics.chem-ph,2014,3,4183
physics.chem-ph,2014,4,4589
physics.chem-ph,2015,0,2911
physics.chem-ph,2015,1,4234
physics.chem-ph,2015,2,4879
physics.chem-ph,2015,3,5334
physics.chem-ph,2015,4,5130
physics.chem-ph,2016,0,3403
physics.chem-ph,2016,1,5017
physics.chem-ph,2016,2,5859
physics.chem-ph,2016,3,6241
physics.chem-ph,2016,4,6479
physics.chem-ph,2017,0,3707
physics.chem-ph,2017,1,6203
physics.chem-ph,2017,2,7010
physics.chem-ph,2017,3,6911
physics.chem-ph,2017,4,7377
physics.chem-ph,2018,0,4431
physics.chem-ph,2018,1,7475
physics.chem-ph,2018,2,7959
physics.chem-ph,2018,3,8328
physics.chem-ph,2018,4,9039
physics.chem-ph,2019,0,4926
physics.chem-ph,2019,1,8405
physics.chem-ph,2019,2,9684
physics.chem-ph,2019,3,10054
physics.chem-ph,2019,4,10482
physics.chem-ph,2020,0,6637
physics.chem-ph,2020,1,10845
physics.chem-ph,2020,2,12073
physics.chem-ph,2020,3,14437
physics.chem-ph,2020,4,14873
physics.chem-ph,2021,0,6357
physics.chem-ph,2021,1,14572
physics.chem-ph,2021,2,14500
physics.chem-ph,2021,3,15810
physics.chem-ph,2021,4,15855
physics.chem-ph,2022,0,7475
physics.chem-ph,2022,1,14535
physics.chem-ph,2022,2,14790
physics.chem-ph,2022,3,14674
physics.chem-ph,2022,4,15935
physics.chem-ph,2023,0,6846
physics.chem-ph,2023,1,15787
physics.chem-ph,2023,2,15822
physics.chem-ph,2023,3,17349
physics.chem-ph,2023,4,17005
physics.chem-ph,2024,0,7350
physics.chem-ph,2024,1,15437
physics.chem-ph,2024,2,16626
physics.chem-ph,2024,3,15891
physics.chem-ph,2024,4,15724
physics.chem-ph,2025,0,6671
physics.chem-ph,2025,1,15239
physics.chem-ph,2025,2,16564
physics.chem-ph,2025,3,16046
physics.chem-ph,2025,4,17244
physics.chem-ph,2026,0,3749
physics.chem-ph,2026,1,14482
physics.chem-ph,2026,2,12120
physics.class-ph,1939,2,1
physics.class-ph,1940,2,1
physics.class-ph,1965,0,1
physics.class-ph,1966,0,1
physics.class-ph,1968,3,1
physics.class-ph,1969,1,4
physics.class-ph,1970,0,2
physics.class-ph,1974,4,1
physics.class-ph,1978,2,1
physics.class-ph,1978,4,1
physics.class-ph,1979,4,1
physics.class-ph,1980,1,1
physics.class-ph,1981,0,1
physics.class-ph,1981,2,1
physics.class-ph,1981,4,2
physics.class-ph,1985,1,1
physics.class-ph,1985,4,2
physics.class-ph,1986,0,2
physics.class-ph,1986,1,1
physics.class-ph,1986,2,1
physics.class-ph,1987,2,1
physics.class-ph,1987,3,1
physics.class-ph,1988,0,2
physics.class-ph,1988,2,1
physics.class-ph,1989,0,1
physics.class-ph,1989,1,3
physics.class-ph,1989,2,1
physics.class-ph,1989,3,2
physics.class-ph,1990,0,4
physics.class-ph,1990,1,1
physics.class-ph,1990,3,1
physics.class-ph,1990,4,2
physics.class-ph,1991,0,1
physics.class-ph,1991,1,1
physics.class-ph,1991,2,1
physics.class-ph,1991,4,2
physics.class-ph,1992,0,5
physics.class-ph,1992,2,1
physics.class-ph,1992,3,1
physics.class-ph,1992,4,2
physics.class-ph,1993,0,5
physics.class-ph,1993,1,2
physics.class-ph,1993,2,2
physics.class-ph,1993,3,2
physics.class-ph,1993,4,1
physics.class-ph,1994,0,2
physics.class-ph,1994,1,1
physics.class-ph,1994,3,1
physics.class-ph,1994,4,4
physics.class-ph,1995,0,3
physics.class-ph,1995,2,2
physics.class-ph,1996,0,1
physics.class-ph,1996,1,2
physics.class-ph,1996,2,2
physics.class-ph,1996,3,1
physics.class-ph,1996,4,1
physics.class-ph,1997,0,10
physics.class-ph,1997,1,2
physics.class-ph,1997,2,4
physics.class-ph,1997,3,2
physics.class-ph,1997,4,5
physics.class-ph,1998,0,16
physics.class-ph,1998,1,8
physics.class-ph,1998,2,10
physics.class-ph,1998,3,11
physics.class-ph,1998,4,7
physics.class-ph,1999,0,28
physics.class-ph,1999,1,13
physics.class-ph,1999,2,21
physics.class-ph,1999,3,23
physics.class-ph,1999,4,19
physics.class-ph,2000,0,24
physics.class-ph,2000,1,23
physics.class-ph,2000,2,38
physics.class-ph,2000,3,35
physics.class-ph,2000,4,39
physics.class-ph,2001,0,33
physics.class-ph,2001,1,37
physics.class-ph,2001,2,41
physics.class-ph,2001,3,52
physics.class-ph,2001,4,47
physics.class-ph,2002,0,41
physics.class-ph,2002,1,46
physics.class-ph,2002,2,62
physics.class-ph,2002,3,69
physics.class-ph,2002,4,106
physics.class-ph,2003,0,78
physics.class-ph,2003,1,79
physics.class-ph,2003,2,124
physics.class-ph,2003,3,100
physics.class-ph,2003,4,118
physics.class-ph,2004,0,92
physics.class-ph,2004,1,133
physics.class-ph,2004,2,133
physics.class-ph,2004,3,152
physics.class-ph,2004,4,178
physics.class-ph,2005,0,175
physics.class-ph,2005,1,150
physics.class-ph,2005,2,217
physics.class-ph,2005,3,239
physics.class-ph,2005,4,298
physics.class-ph,2006,0,266
physics.class-ph,2006,1,266
physics.class-ph,2006,2,288
physics.class-ph,2006,3,334
physics.class-ph,2006,4,359
physics.class-ph,2007,0,214
physics.class-ph,2007,1,358
physics.class-ph,2007,2,368
physics.class-ph,2007,3,379
physics.class-ph,2007,4,367
physics.class-ph,2008,0,261
physics.class-ph,2008,1,328
physics.class-ph,2008,2,421
physics.class-ph,2008,3,500
physics.class-ph,2008,4,476
physics.class-ph,2009,0,369
physics.class-ph,2009,1,528
physics.class-ph,2009,2,527
physics.class-ph,2009,3,595
physics.class-ph,2009,4,609
physics.class-ph,2010,0,470
physics.class-ph,2010,1,542
physics.class-ph,2010,2,665
physics.class-ph,2010,3,716
physics.class-ph,2010,4,700
physics.class-ph,2011,0,585
physics.class-ph,2011,1,612
physics.class-ph,2011,2,862
physics.class-ph,2011,3,785
physics.class-ph,2011,4,821
physics.class-ph,2012,0,657
physics.class-ph,2012,1,862
physics.class-ph,2012,2,940
physics.class-ph,2012,3,991
physics.class-ph,2012,4,1082
physics.class-ph,2013,0,788
physics.class-ph,2013,1,957
physics.class-ph,2013,2,1196
physics.class-ph,2013,3,1150
physics.class-ph,2013,4,1195
physics.class-ph,2014,0,816
physics.class-ph,2014,1,1093
physics.class-ph,2014,2,1390
physics.class-ph,2014,3,1436
physics.class-ph,2014,4,1392
physics.class-ph,2015,0,732
physics.class-ph,2015,1,1245
physics.class-ph,2015,2,1538
physics.class-ph,2015,3,1480
physics.class-ph,2015,4,1393
physics.class-ph,2016,0,796
physics.class-ph,2016,1,1329
physics.class-ph,2016,2,1733
physics.class-ph,2016,3,1948
physics.class-ph,2016,4,1589
physics.class-ph,2017,0,798
physics.class-ph,2017,1,1460
physics.class-ph,2017,2,1659
physics.class-ph,2017,3,1856
physics.class-ph,2017,4,1820
physics.class-ph,2018,0,867
physics.class-ph,2018,1,1883
physics.class-ph,2018,2,2153
physics.class-ph,2018,3,2160
physics.class-ph,2018,4,2086
physics.class-ph,2019,0,874
physics.class-ph,2019,1,2159
physics.class-ph,2019,2,2367
physics.class-ph,2019,3,2264
physics.class-ph,2019,4,2594
physics.class-ph,2020,0,1044
physics.class-ph,2020,1,2383
physics.class-ph,2020,2,2354
physics.class-ph,2020,3,2945
physics.class-ph,2020,4,2710
physics.class-ph,2021,0,947
physics.class-ph,2021,1,2728
physics.class-ph,2021,2,2953
physics.class-ph,2021,3,3037
physics.class-ph,2021,4,2861
physics.class-ph,2022,0,1016
physics.class-ph,2022,1,2546
physics.class-ph,2022,2,2831
physics.class-ph,2022,3,2717
physics.class-ph,2022,4,2809
physics.class-ph,2023,0,951
physics.class-ph,2023,1,2686
physics.class-ph,2023,2,2730
physics.class-ph,2023,3,2793
physics.class-ph,2023,4,2846
physics.class-ph,2024,0,1144
physics.class-ph,2024,1,2600
physics.class-ph,2024,2,2525
physics.class-ph,2024,3,2491
physics.class-ph,2024,4,2612
physics.class-ph,2025,0,948
physics.class-ph,2025,1,2408
physics.class-ph,2025,2,2622
physics.class-ph,2025,3,2392
physics.class-ph,2025,4,2342
physics.class-ph,2026,0,494
physics.class-ph,2026,1,2021
physics.class-ph,2026,2,1624
physics.comp-ph,1900,0,8
physics.comp-ph,1903,2,1
physics.comp-ph,1906,0,1
physics.comp-ph,1929,1,1
physics.comp-ph,1930,0,1
physics.comp-ph,1935,0,1
physics.comp-ph,1953,2,2
physics.comp-ph,1954,1,1
physics.comp-ph,1968,2,1
physics.comp-ph,1969,0,1
physics.comp-ph,1969,1,3
physics.comp-ph,1970,0,2
physics.comp-ph,1970,3,1
physics.comp-ph,1971,0,1
physics.comp-ph,1971,4,1
physics.comp-ph,1972,0,3
physics.comp-ph,1973,0,1
physics.comp-ph,1973,3,1
physics.comp-ph,1974,4,2
physics.comp-ph,1977,1,2
physics.comp-ph,1977,2,2
physics.comp-ph,1977,4,2
physics.comp-ph,1978,0,1
physics.comp-ph,1978,3,1
physics.comp-ph,1980,4,1
physics.comp-ph,1982,0,1
physics.comp-ph,1982,1,2
physics.comp-ph,1982,3,1
physics.comp-ph,1983,0,5
physics.comp-ph,1983,2,2
physics.comp-ph,1984,3,5
physics.comp-ph,1984,4,1
physics.comp-ph,1985,3,1
physics.comp-ph,1986,0,1
physics.comp-ph,1987,0,2
physics.comp-ph,1987,3,3
physics.comp-ph,1987,4,12
physics.comp-ph,1988,1,2
physics.comp-ph,1988,2,1
physics.comp-ph,1988,3,2
physics.comp-ph,1988,4,1
physics.comp-ph,1989,1,2
physics.comp-ph,1989,2,3
physics.comp-ph,1989,3,3
physics.comp-ph,1989,4,2
physics.comp-ph,1990,0,2
physics.comp-ph,1990,3,1
physics.comp-ph,1991,2,1
physics.comp-ph,1991,3,2
physics.comp-ph,1991,4,1
physics.comp-ph,1992,2,1
physics.comp-ph,1992,3,1
physics.comp-ph,1992,4,2
physics.comp-ph,1993,0,4
physics.comp-ph,1993,1,2
physics.comp-ph,1993,2,2
physics.comp-ph,1993,3,2
physics.comp-ph,1993,4,5
physics.comp-ph,1994,0,1
physics.comp-ph,1994,2,2
physics.comp-ph,1994,3,7
physics.comp-ph,1994,4,2
physics.comp-ph,1995,0,3
physics.comp-ph,1995,1,6
physics.comp-ph,1995,2,4
physics.comp-ph,1995,3,1
physics.comp-ph,1995,4,5
physics.comp-ph,1996,0,5
physics.comp-ph,1996,1,4
physics.comp-ph,1996,2,28
physics.comp-ph,1996,3,1
physics.comp-ph,1996,4,9
physics.comp-ph,1997,0,6
physics.comp-ph,1997,1,4
physics.comp-ph,1997,2,14
physics.comp-ph,1997,3,9
physics.comp-ph,1997,4,15
physics.comp-ph,1998,0,24
physics.comp-ph,1998,1,28
physics.comp-ph,1998,2,19
physics.comp-ph,1998,3,36
physics.comp-ph,1998,4,37
physics.comp-ph,1999,0,64
physics.comp-ph,1999,1,43
physics.comp-ph,1999,2,57
physics.comp-ph,1999,3,64
physics.comp-ph,1999,4,66
physics.comp-ph,2000,0,103
physics.comp-ph,2000,1,71
physics.comp-ph,2000,2,88
physics.comp-ph,2000,3,95
physics.comp-ph,2000,4,103
physics.comp-ph,2001,0,132
physics.comp-ph,2001,1,106
physics.comp-ph,2001,2,170
physics.comp-ph,2001,3,183
physics.comp-ph,2001,4,182
physics.comp-ph,2002,0,160
physics.comp-ph,2002,1,174
physics.comp-ph,2002,2,206
physics.comp-ph,2002,3,239
physics.comp-ph,2002,4,244
physics.comp-ph,2003,0,215
physics.comp-ph,2003,1,257
physics.comp-ph,2003,2,318
physics.comp-ph,2003,3,269
physics.comp-ph,2003,4,343
physics.comp-ph,2004,0,257
physics.comp-ph,2004,1,315
physics.comp-ph,2004,2,370
physics.comp-ph,2004,3,398
physics.comp-ph,2004,4,412
physics.comp-ph,2005,0,340
physics.comp-ph,2005,1,421
physics.comp-ph,2005,2,500
physics.comp-ph,2005,3,558
physics.comp-ph,2005,4,521
physics.comp-ph,2006,0,366
physics.comp-ph,2006,1,563
physics.comp-ph,2006,2,585
physics.comp-ph,2006,3,595
physics.comp-ph,2006,4,652
physics.comp-ph,2007,0,433
physics.comp-ph,2007,1,726
physics.comp-ph,2007,2,809
physics.comp-ph,2007,3,808
physics.comp-ph,2007,4,824
physics.comp-ph,2008,0,529
physics.comp-ph,2008,1,811
physics.comp-ph,2008,2,1006
physics.comp-ph,2008,3,1017
physics.comp-ph,2008,4,1010
physics.comp-ph,2009,0,789
physics.comp-ph,2009,1,997
physics.comp-ph,2009,2,1200
physics.comp-ph,2009,3,1223
physics.comp-ph,2009,4,1251
physics.comp-ph,2010,0,912
physics.comp-ph,2010,1,1167
physics.comp-ph,2010,2,1451
physics.comp-ph,2010,3,1477
physics.comp-ph,2010,4,1755
physics.comp-ph,2011,0,1312
physics.comp-ph,2011,1,1534
physics.comp-ph,2011,2,2032
physics.comp-ph,2011,3,2012
physics.comp-ph,2011,4,2249
physics.comp-ph,2012,0,1687
physics.comp-ph,2012,1,2170
physics.comp-ph,2012,2,2468
physics.comp-ph,2012,3,2735
physics.comp-ph,2012,4,2950
physics.comp-ph,2013,0,2033
physics.comp-ph,2013,1,2643
physics.comp-ph,2013,2,2877
physics.comp-ph,2013,3,3831
physics.comp-ph,2013,4,3529
physics.comp-ph,2014,0,2346
physics.comp-ph,2014,1,3531
physics.comp-ph,2014,2,3760
physics.comp-ph,2014,3,4143
physics.comp-ph,2014,4,4374
physics.comp-ph,2015,0,2706
physics.comp-ph,2015,1,3718
physics.comp-ph,2015,2,4356
physics.comp-ph,2015,3,4636
physics.comp-ph,2015,4,4946
physics.comp-ph,2016,0,2970
physics.comp-ph,2016,1,4758
physics.comp-ph,2016,2,5179
physics.comp-ph,2016,3,5936
physics.comp-ph,2016,4,6043
physics.comp-ph,2017,0,3050
physics.comp-ph,2017,1,5378
physics.comp-ph,2017,2,6794
physics.comp-ph,2017,3,6391
physics.comp-ph,2017,4,6832
physics.comp-ph,2018,0,3580
physics.comp-ph,2018,1,6589
physics.comp-ph,2018,2,7359
physics.comp-ph,2018,3,7689
physics.comp-ph,2018,4,8093
physics.comp-ph,2019,0,4000
physics.comp-ph,2019,1,7697
physics.comp-ph,2019,2,9465
physics.comp-ph,2019,3,9323
physics.comp-ph,2019,4,10316
physics.comp-ph,2020,0,5515
physics.comp-ph,2020,1,10410
physics.comp-ph,2020,2,11908
physics.comp-ph,2020,3,13811
physics.comp-ph,2020,4,14440
physics.comp-ph,2021,0,6365
physics.comp-ph,2021,1,14428
physics.comp-ph,2021,2,16268
physics.comp-ph,2021,3,16902
physics.comp-ph,2021,4,16866
physics.comp-ph,2022,0,6843
physics.comp-ph,2022,1,15457
physics.comp-ph,2022,2,17154
physics.comp-ph,2022,3,16860
physics.comp-ph,2022,4,17831
physics.comp-ph,2023,0,7538
physics.comp-ph,2023,1,17153
physics.comp-ph,2023,2,18547
physics.comp-ph,2023,3,19783
physics.comp-ph,2023,4,19797
physics.comp-ph,2024,0,8169
physics.comp-ph,2024,1,18112
physics.comp-ph,2024,2,19347
physics.comp-ph,2024,3,18399
physics.comp-ph,2024,4,19082
physics.comp-ph,2025,0,8134
physics.comp-ph,2025,1,18288
physics.comp-ph,2025,2,19423
physics.comp-ph,2025,3,19351
physics.comp-ph,2025,4,19639
physics.comp-ph,2026,0,4323
physics.comp-ph,2026,1,17657
physics.comp-ph,2026,2,14175
physics.data-an,1900,0,1
physics.data-an,1904,0,1
physics.data-an,1913,0,3
physics.data-an,1915,0,2
physics.data-an,1967,2,2
physics.data-an,1970,0,4
physics.data-an,1971,3,2
physics.data-an,1971,4,2
physics.data-an,1977,4,2
physics.data-an,1979,3,1
physics.data-an,1980,2,1
physics.data-an,1981,0,1
physics.data-an,1981,3,1
physics.data-an,1982,1,9
physics.data-an,1983,0,1
physics.data-an,1983,2,1
physics.data-an,1984,3,1
physics.data-an,1984,4,1
physics.data-an,1985,2,1
physics.data-an,1987,2,1
physics.data-an,1987,4,2
physics.data-an,1988,0,2
physics.data-an,1988,3,2
physics.data-an,1988,4,1
physics.data-an,1989,1,1
physics.data-an,1989,3,1
physics.data-an,1990,3,1
physics.data-an,1991,3,1
physics.data-an,1992,0,1
physics.data-an,1992,3,2
physics.data-an,1992,4,1
physics.data-an,1993,0,2
physics.data-an,1993,2,2
physics.data-an,1993,3,3
physics.data-an,1994,0,4
physics.data-an,1994,1,1
physics.data-an,1994,3,1
physics.data-an,1995,0,5
physics.data-an,1995,1,2
physics.data-an,1995,4,1
physics.data-an,1996,0,9
physics.data-an,1996,1,2
physics.data-an,1996,2,2
physics.data-an,1996,3,4
physics.data-an,1996,4,1
physics.data-an,1997,0,7
physics.data-an,1997,1,1
physics.data-an,1997,2,3
physics.data-an,1997,4,13
physics.data-an,1998,0,23
physics.data-an,1998,1,10
physics.data-an,1998,2,7
physics.data-an,1998,3,10
physics.data-an,1998,4,18
physics.data-an,1999,0,28
physics.data-an,1999,1,15
physics.data-an,1999,2,19
physics.data-an,1999,3,28
physics.data-an,1999,4,33
physics.data-an,2000,0,73
physics.data-an,2000,1,27
physics.data-an,2000,2,33
physics.data-an,2000,3,65
physics.data-an,2000,4,56
physics.data-an,2001,0,82
physics.data-an,2001,1,41
physics.data-an,2001,2,78
physics.data-an,2001,3,83
physics.data-an,2001,4,87
physics.data-an,2002,0,128
physics.data-an,2002,1,96
physics.data-an,2002,2,136
physics.data-an,2002,3,158
physics.data-an,2002,4,246
physics.data-an,2003,0,205
physics.data-an,2003,1,184
physics.data-an,2003,2,288
physics.data-an,2003,3,222
physics.data-an,2003,4,262
physics.data-an,2004,0,274
physics.data-an,2004,1,305
physics.data-an,2004,2,309
physics.data-an,2004,3,318
physics.data-an,2004,4,393
physics.data-an,2005,0,412
physics.data-an,2005,1,356
physics.data-an,2005,2,409
physics.data-an,2005,3,438
physics.data-an,2005,4,496
physics.data-an,2006,0,534
physics.data-an,2006,1,524
physics.data-an,2006,2,486
physics.data-an,2006,3,608
physics.data-an,2006,4,657
physics.data-an,2007,0,614
physics.data-an,2007,1,622
physics.data-an,2007,2,912
physics.data-an,2007,3,848
physics.data-an,2007,4,934
physics.data-an,2008,0,765
physics.data-an,2008,1,745
physics.data-an,2008,2,998
physics.data-an,2008,3,1130
physics.data-an,2008,4,1133
physics.data-an,2009,0,1440
physics.data-an,2009,1,1024
physics.data-an,2009,2,1352
physics.data-an,2009,3,1379
physics.data-an,2009,4,1419
physics.data-an,2010,0,1456
physics.data-an,2010,1,1196
physics.data-an,2010,2,1571
physics.data-an,2010,3,1762
physics.data-an,2010,4,1774
physics.data-an,2011,0,1812
physics.data-an,2011,1,1513
physics.data-an,2011,2,2182
physics.data-an,2011,3,2335
physics.data-an,2011,4,2503
physics.data-an,2012,0,2124
physics.data-an,2012,1,2136
physics.data-an,2012,2,2341
physics.data-an,2012,3,2673
physics.data-an,2012,4,2953
physics.data-an,2013,0,2904
physics.data-an,2013,1,2409
physics.data-an,2013,2,2976
physics.data-an,2013,3,3474
physics.data-an,2013,4,3291
physics.data-an,2014,0,2858
physics.data-an,2014,1,3058
physics.data-an,2014,2,3568
physics.data-an,2014,3,4011
physics.data-an,2014,4,3968
physics.data-an,2015,0,2832
physics.data-an,2015,1,3144
physics.data-an,2015,2,4059
physics.data-an,2015,3,4286
physics.data-an,2015,4,4370
physics.data-an,2016,0,2871
physics.data-an,2016,1,3662
physics.data-an,2016,2,4631
physics.data-an,2016,3,4715
physics.data-an,2016,4,4781
physics.data-an,2017,0,2914
physics.data-an,2017,1,4079
physics.data-an,2017,2,4662
physics.data-an,2017,3,4972
physics.data-an,2017,4,5379
physics.data-an,2018,0,3258
physics.data-an,2018,1,4306
physics.data-an,2018,2,5781
physics.data-an,2018,3,6282
physics.data-an,2018,4,5694
physics.data-an,2019,0,3489
physics.data-an,2019,1,5193
physics.data-an,2019,2,6340
physics.data-an,2019,3,6167
physics.data-an,2019,4,6474
physics.data-an,2020,0,3859
physics.data-an,2020,1,5617
physics.data-an,2020,2,6814
physics.data-an,2020,3,7058
physics.data-an,2020,4,7461
physics.data-an,2021,0,3754
physics.data-an,2021,1,6975
physics.data-an,2021,2,7967
physics.data-an,2021,3,7797
physics.data-an,2021,4,7599
physics.data-an,2022,0,3229
physics.data-an,2022,1,6515
physics.data-an,2022,2,7836
physics.data-an,2022,3,6858
physics.data-an,2022,4,7038
physics.data-an,2023,0,3324
physics.data-an,2023,1,6326
physics.data-an,2023,2,6666
physics.data-an,2023,3,6948
physics.data-an,2023,4,7183
physics.data-an,2024,0,3143
physics.data-an,2024,1,6199
physics.data-an,2024,2,6733
physics.data-an,2024,3,6200
physics.data-an,2024,4,6245
physics.data-an,2025,0,3035
physics.data-an,2025,1,5641
physics.data-an,2025,2,6137
physics.data-an,2025,3,5985
physics.data-an,2025,4,6006
physics.data-an,2026,0,1297
physics.data-an,2026,1,5068
physics.data-an,2026,2,3864
physics.ed-ph,1900,0,1
physics.ed-ph,1970,0,1
physics.ed-ph,1979,0,1
physics.ed-ph,1996,2,1
physics.ed-ph,1996,4,1
physics.ed-ph,1997,0,1
physics.ed-ph,1997,2,2
physics.ed-ph,1998,1,2
physics.ed-ph,1998,3,1
physics.ed-ph,1999,0,2
physics.ed-ph,1999,1,3
physics.ed-ph,1999,2,1
physics.ed-ph,1999,3,4
physics.ed-ph,1999,4,4
physics.ed-ph,2000,0,18
physics.ed-ph,2000,1,6
physics.ed-ph,2000,2,6
physics.ed-ph,2000,3,6
physics.ed-ph,2000,4,12
physics.ed-ph,2001,0,6
physics.ed-ph,2001,1,6
physics.ed-ph,2001,2,6
physics.ed-ph,2001,3,6
physics.ed-ph,2001,4,4
physics.ed-ph,2002,0,15
physics.ed-ph,2002,1,11
physics.ed-ph,2002,2,9
physics.ed-ph,2002,3,19
physics.ed-ph,2002,4,11
physics.ed-ph,2003,0,11
physics.ed-ph,2003,1,10
physics.ed-ph,2003,2,25
physics.ed-ph,2003,3,20
physics.ed-ph,2003,4,19
physics.ed-ph,2004,0,21
physics.ed-ph,2004,1,15
physics.ed-ph,2004,2,26
physics.ed-ph,2004,3,22
physics.ed-ph,2004,4,29
physics.ed-ph,2005,0,25
physics.ed-ph,2005,1,21
physics.ed-ph,2005,2,45
physics.ed-ph,2005,3,37
physics.ed-ph,2005,4,59
physics.ed-ph,2006,0,47
physics.ed-ph,2006,1,51
physics.ed-ph,2006,2,37
physics.ed-ph,2006,3,64
physics.ed-ph,2006,4,48
physics.ed-ph,2007,0,44
physics.ed-ph,2007,1,54
physics.ed-ph,2007,2,52
physics.ed-ph,2007,3,48
physics.ed-ph,2007,4,84
physics.ed-ph,2008,0,48
physics.ed-ph,2008,1,78
physics.ed-ph,2008,2,73
physics.ed-ph,2008,3,69
physics.ed-ph,2008,4,86
physics.ed-ph,2009,0,82
physics.ed-ph,2009,1,92
physics.ed-ph,2009,2,83
physics.ed-ph,2009,3,85
physics.ed-ph,2009,4,92
physics.ed-ph,2010,0,74
physics.ed-ph,2010,1,70
physics.ed-ph,2010,2,96
physics.ed-ph,2010,3,114
physics.ed-ph,2010,4,123
physics.ed-ph,2011,0,111
physics.ed-ph,2011,1,82
physics.ed-ph,2011,2,103
physics.ed-ph,2011,3,118
physics.ed-ph,2011,4,149
physics.ed-ph,2012,0,101
physics.ed-ph,2012,1,118
physics.ed-ph,2012,2,151
physics.ed-ph,2012,3,156
physics.ed-ph,2012,4,158
physics.ed-ph,2013,0,145
physics.ed-ph,2013,1,121
physics.ed-ph,2013,2,171
physics.ed-ph,2013,3,164
physics.ed-ph,2013,4,164
physics.ed-ph,2014,0,167
physics.ed-ph,2014,1,180
physics.ed-ph,2014,2,206
physics.ed-ph,2014,3,247
physics.ed-ph,2014,4,186
physics.ed-ph,2015,0,152
physics.ed-ph,2015,1,205
physics.ed-ph,2015,2,199
physics.ed-ph,2015,3,322
physics.ed-ph,2015,4,253
physics.ed-ph,2016,0,145
physics.ed-ph,2016,1,229
physics.ed-ph,2016,2,248
physics.ed-ph,2016,3,297
physics.ed-ph,2016,4,295
physics.ed-ph,2017,0,133
physics.ed-ph,2017,1,340
physics.ed-ph,2017,2,493
physics.ed-ph,2017,3,458
physics.ed-ph,2017,4,424
physics.ed-ph,2018,0,205
physics.ed-ph,2018,1,403
physics.ed-ph,2018,2,451
physics.ed-ph,2018,3,362
physics.ed-ph,2018,4,585
physics.ed-ph,2019,0,286
physics.ed-ph,2019,1,506
physics.ed-ph,2019,2,533
physics.ed-ph,2019,3,573
physics.ed-ph,2019,4,573
physics.ed-ph,2020,0,273
physics.ed-ph,2020,1,585
physics.ed-ph,2020,2,676
physics.ed-ph,2020,3,854
physics.ed-ph,2020,4,666
physics.ed-ph,2021,0,321
physics.ed-ph,2021,1,659
physics.ed-ph,2021,2,728
physics.ed-ph,2021,3,717
physics.ed-ph,2021,4,877
physics.ed-ph,2022,0,384
physics.ed-ph,2022,1,656
physics.ed-ph,2022,2,732
physics.ed-ph,2022,3,772
physics.ed-ph,2022,4,845
physics.ed-ph,2023,0,355
physics.ed-ph,2023,1,1059
physics.ed-ph,2023,2,625
physics.ed-ph,2023,3,858
physics.ed-ph,2023,4,917
physics.ed-ph,2024,0,393
physics.ed-ph,2024,1,928
physics.ed-ph,2024,2,781
physics.ed-ph,2024,3,729
physics.ed-ph,2024,4,915
physics.ed-ph,2025,0,252
physics.ed-ph,2025,1,748
physics.ed-ph,2025,2,839
physics.ed-ph,2025,3,731
physics.ed-ph,2025,4,876
physics.ed-ph,2026,0,122
physics.ed-ph,2026,1,729
physics.ed-ph,2026,2,534
physics.flu-dyn,1900,0,1
physics.flu-dyn,1942,3,1
physics.flu-dyn,1954,4,1
physics.flu-dyn,1962,1,6
physics.flu-dyn,1969,1,9
physics.flu-dyn,1969,4,1
physics.flu-dyn,1970,0,4
physics.flu-dyn,1975,1,1
physics.flu-dyn,1976,0,1
physics.flu-dyn,1976,2,1
physics.flu-dyn,1977,4,1
physics.flu-dyn,1979,1,1
physics.flu-dyn,1981,3,3
physics.flu-dyn,1982,3,1
physics.flu-dyn,1983,0,1
physics.flu-dyn,1984,3,2
physics.flu-dyn,1985,2,3
physics.flu-dyn,1985,3,2
physics.flu-dyn,1986,0,1
physics.flu-dyn,1986,1,1
physics.flu-dyn,1986,4,4
physics.flu-dyn,1989,0,1
physics.flu-dyn,1989,1,1
physics.flu-dyn,1990,3,1
physics.flu-dyn,1990,4,4
physics.flu-dyn,1991,0,3
physics.flu-dyn,1992,0,2
physics.flu-dyn,1992,1,1
physics.flu-dyn,1993,0,1
physics.flu-dyn,1993,2,1
physics.flu-dyn,1994,0,4
physics.flu-dyn,1994,3,2
physics.flu-dyn,1994,4,3
physics.flu-dyn,1995,0,4
physics.flu-dyn,1995,2,2
physics.flu-dyn,1995,3,9
physics.flu-dyn,1995,4,13
physics.flu-dyn,1996,0,4
physics.flu-dyn,1996,1,5
physics.flu-dyn,1996,2,4
physics.flu-dyn,1996,3,2
physics.flu-dyn,1996,4,8
physics.flu-dyn,1997,0,9
physics.flu-dyn,1997,1,1
physics.flu-dyn,1997,2,6
physics.flu-dyn,1997,3,12
physics.flu-dyn,1997,4,9
physics.flu-dyn,1998,0,19
physics.flu-dyn,1998,1,13
physics.flu-dyn,1998,2,15
physics.flu-dyn,1998,3,13
physics.flu-dyn,1998,4,29
physics.flu-dyn,1999,0,42
physics.flu-dyn,1999,1,23
physics.flu-dyn,1999,2,43
physics.flu-dyn,1999,3,42
physics.flu-dyn,1999,4,30
physics.flu-dyn,2000,0,63
physics.flu-dyn,2000,1,38
physics.flu-dyn,2000,2,82
physics.flu-dyn,2000,3,66
physics.flu-dyn,2000,4,59
physics.flu-dyn,2001,0,103
physics.flu-dyn,2001,1,71
physics.flu-dyn,2001,2,127
physics.flu-dyn,2001,3,117
physics.flu-dyn,2001,4,128
physics.flu-dyn,2002,0,133
physics.flu-dyn,2002,1,132
physics.flu-dyn,2002,2,168
physics.flu-dyn,2002,3,206
physics.flu-dyn,2002,4,208
physics.flu-dyn,2003,0,159
physics.flu-dyn,2003,1,180
physics.flu-dyn,2003,2,286
physics.flu-dyn,2003,3,227
physics.flu-dyn,2003,4,296
physics.flu-dyn,2004,0,218
physics.flu-dyn,2004,1,266
physics.flu-dyn,2004,2,328
physics.flu-dyn,2004,3,398
physics.flu-dyn,2004,4,419
physics.flu-dyn,2005,0,264
physics.flu-dyn,2005,1,324
physics.flu-dyn,2005,2,449
physics.flu-dyn,2005,3,444
physics.flu-dyn,2005,4,520
physics.flu-dyn,2006,0,312
physics.flu-dyn,2006,1,516
physics.flu-dyn,2006,2,548
physics.flu-dyn,2006,3,659
physics.flu-dyn,2006,4,639
physics.flu-dyn,2007,0,386
physics.flu-dyn,2007,1,684
physics.flu-dyn,2007,2,842
physics.flu-dyn,2007,3,889
physics.flu-dyn,2007,4,910
physics.flu-dyn,2008,0,545
physics.flu-dyn,2008,1,870
physics.flu-dyn,2008,2,963
physics.flu-dyn,2008,3,1039
physics.flu-dyn,2008,4,1244
physics.flu-dyn,2009,0,851
physics.flu-dyn,2009,1,1007
physics.flu-dyn,2009,2,1297
physics.flu-dyn,2009,3,1301
physics.flu-dyn,2009,4,1238
physics.flu-dyn,2010,0,871
physics.flu-dyn,2010,1,1368
physics.flu-dyn,2010,2,1435
physics.flu-dyn,2010,3,1441
physics.flu-dyn,2010,4,1675
physics.flu-dyn,2011,0,1116
physics.flu-dyn,2011,1,1554
physics.flu-dyn,2011,2,1824
physics.flu-dyn,2011,3,1840
physics.flu-dyn,2011,4,2052
physics.flu-dyn,2012,0,1392
physics.flu-dyn,2012,1,1912
physics.flu-dyn,2012,2,2076
physics.flu-dyn,2012,3,2467
physics.flu-dyn,2012,4,2755
physics.flu-dyn,2013,0,1732
physics.flu-dyn,2013,1,2463
physics.flu-dyn,2013,2,2714
physics.flu-dyn,2013,3,3406
physics.flu-dyn,2013,4,2903
physics.flu-dyn,2014,0,1903
physics.flu-dyn,2014,1,2967
physics.flu-dyn,2014,2,3403
physics.flu-dyn,2014,3,3623
physics.flu-dyn,2014,4,4120
physics.flu-dyn,2015,0,2279
physics.flu-dyn,2015,1,3321
physics.flu-dyn,2015,2,4007
physics.flu-dyn,2015,3,4403
physics.flu-dyn,2015,4,4662
physics.flu-dyn,2016,0,2675
physics.flu-dyn,2016,1,4470
physics.flu-dyn,2016,2,5043
physics.flu-dyn,2016,3,5403
physics.flu-dyn,2016,4,5735
physics.flu-dyn,2017,0,2631
physics.flu-dyn,2017,1,5291
physics.flu-dyn,2017,2,5462
physics.flu-dyn,2017,3,6232
physics.flu-dyn,2017,4,6641
physics.flu-dyn,2018,0,2894
physics.flu-dyn,2018,1,6244
physics.flu-dyn,2018,2,7187
physics.flu-dyn,2018,3,7583
physics.flu-dyn,2018,4,7249
physics.flu-dyn,2019,0,3528
physics.flu-dyn,2019,1,7730
physics.flu-dyn,2019,2,11456
physics.flu-dyn,2019,3,8522
physics.flu-dyn,2019,4,9047
physics.flu-dyn,2020,0,3890
physics.flu-dyn,2020,1,8431
physics.flu-dyn,2020,2,9909
physics.flu-dyn,2020,3,13144
physics.flu-dyn,2020,4,11585
physics.flu-dyn,2021,0,4325
physics.flu-dyn,2021,1,12033
physics.flu-dyn,2021,2,13213
physics.flu-dyn,2021,3,13597
physics.flu-dyn,2021,4,13055
physics.flu-dyn,2022,0,4705
physics.flu-dyn,2022,1,12051
physics.flu-dyn,2022,2,13619
physics.flu-dyn,2022,3,13583
physics.flu-dyn,2022,4,13836
physics.flu-dyn,2023,0,5001
physics.flu-dyn,2023,1,13256
physics.flu-dyn,2023,2,13811
physics.flu-dyn,2023,3,13739
physics.flu-dyn,2023,4,14025
physics.flu-dyn,2024,0,6070
physics.flu-dyn,2024,1,13277
physics.flu-dyn,2024,2,13854
physics.flu-dyn,2024,3,12843
physics.flu-dyn,2024,4,15344
physics.flu-dyn,2025,0,5685
physics.flu-dyn,2025,1,12927
physics.flu-dyn,2025,2,13948
physics.flu-dyn,2025,3,14775
physics.flu-dyn,2025,4,13144
physics.flu-dyn,2026,0,3194
physics.flu-dyn,2026,1,12133
physics.flu-dyn,2026,2,10511
physics.gen-ph,1900,0,1
physics.gen-ph,1915,0,1
physics.gen-ph,1958,2,1
physics.gen-ph,1962,1,1
physics.gen-ph,1970,0,3
physics.gen-ph,1976,3,1
physics.gen-ph,1976,4,1
physics.gen-ph,1978,1,1
physics.gen-ph,1978,2,2
physics.gen-ph,1978,4,1
physics.gen-ph,1982,0,1
physics.gen-ph,1982,1,1
physics.gen-ph,1983,1,1
physics.gen-ph,1983,2,3
physics.gen-ph,1983,3,1
physics.gen-ph,1984,0,2
physics.gen-ph,1986,3,1
physics.gen-ph,1987,3,1
physics.gen-ph,1988,2,2
physics.gen-ph,1989,3,1
physics.gen-ph,1990,0,2
physics.gen-ph,1990,1,1
physics.gen-ph,1990,4,1
physics.gen-ph,1991,2,1
physics.gen-ph,1991,3,1
physics.gen-ph,1991,4,2
physics.gen-ph,1992,1,1
physics.gen-ph,1992,4,2
physics.gen-ph,1993,1,4
physics.gen-ph,1993,2,1
physics.gen-ph,1993,3,1
physics.gen-ph,1993,4,1
physics.gen-ph,1994,0,2
physics.gen-ph,1994,3,1
physics.gen-ph,1994,4,4
physics.gen-ph,1995,0,1
physics.gen-ph,1995,2,2
physics.gen-ph,1995,3,3
physics.gen-ph,1996,4,5
physics.gen-ph,1997,0,2
physics.gen-ph,1997,1,2
physics.gen-ph,1997,2,4
physics.gen-ph,1997,3,13
physics.gen-ph,1997,4,3
physics.gen-ph,1998,0,6
physics.gen-ph,1998,1,2
physics.gen-ph,1998,2,7
physics.gen-ph,1998,3,8
physics.gen-ph,1998,4,2
physics.gen-ph,1999,0,11
physics.gen-ph,1999,1,5
physics.gen-ph,1999,2,28
physics.gen-ph,1999,3,16
physics.gen-ph,1999,4,19
physics.gen-ph,2000,0,21
physics.gen-ph,2000,1,23
physics.gen-ph,2000,2,44
physics.gen-ph,2000,3,25
physics.gen-ph,2000,4,54
physics.gen-ph,2001,0,41
physics.gen-ph,2001,1,62
physics.gen-ph,2001,2,88
physics.gen-ph,2001,3,59
physics.gen-ph,2001,4,71
physics.gen-ph,2002,0,55
physics.gen-ph,2002,1,77
physics.gen-ph,2002,2,83
physics.gen-ph,2002,3,111
physics.gen-ph,2002,4,109
physics.gen-ph,2003,0,85
physics.gen-ph,2003,1,78
physics.gen-ph,2003,2,128
physics.gen-ph,2003,3,146
physics.gen-ph,2003,4,162
physics.gen-ph,2004,0,118
physics.gen-ph,2004,1,170
physics.gen-ph,2004,2,177
physics.gen-ph,2004,3,205
physics.gen-ph,2004,4,261
physics.gen-ph,2005,0,158
physics.gen-ph,2005,1,223
physics.gen-ph,2005,2,239
physics.gen-ph,2005,3,287
physics.gen-ph,2005,4,344
physics.gen-ph,2006,0,223
physics.gen-ph,2006,1,338
physics.gen-ph,2006,2,340
physics.gen-ph,2006,3,397
physics.gen-ph,2006,4,402
physics.gen-ph,2007,0,228
physics.gen-ph,2007,1,374
physics.gen-ph,2007,2,483
physics.gen-ph,2007,3,460
physics.gen-ph,2007,4,445
physics.gen-ph,2008,0,229
physics.gen-ph,2008,1,425
physics.gen-ph,2008,2,527
physics.gen-ph,2008,3,540
physics.gen-ph,2008,4,559
physics.gen-ph,2009,0,445
physics.gen-ph,2009,1,561
physics.gen-ph,2009,2,693
physics.gen-ph,2009,3,674
physics.gen-ph,2009,4,628
physics.gen-ph,2010,0,375
physics.gen-ph,2010,1,577
physics.gen-ph,2010,2,571
physics.gen-ph,2010,3,693
physics.gen-ph,2010,4,676
physics.gen-ph,2011,0,525
physics.gen-ph,2011,1,602
physics.gen-ph,2011,2,774
physics.gen-ph,2011,3,755
physics.gen-ph,2011,4,759
physics.gen-ph,2012,0,566
physics.gen-ph,2012,1,826
physics.gen-ph,2012,2,810
physics.gen-ph,2012,3,802
physics.gen-ph,2012,4,928
physics.gen-ph,2013,0,505
physics.gen-ph,2013,1,732
physics.gen-ph,2013,2,936
physics.gen-ph,2013,3,873
physics.gen-ph,2013,4,887
physics.gen-ph,2014,0,628
physics.gen-ph,2014,1,761
physics.gen-ph,2014,2,857
physics.gen-ph,2014,3,906
physics.gen-ph,2014,4,883
physics.gen-ph,2015,0,542
physics.gen-ph,2015,1,760
physics.gen-ph,2015,2,899
physics.gen-ph,2015,3,802
physics.gen-ph,2015,4,786
physics.gen-ph,2016,0,515
physics.gen-ph,2016,1,776
physics.gen-ph,2016,2,869
physics.gen-ph,2016,3,1100
physics.gen-ph,2016,4,919
physics.gen-ph,2017,0,546
physics.gen-ph,2017,1,743
physics.gen-ph,2017,2,842
physics.gen-ph,2017,3,847
physics.gen-ph,2017,4,833
physics.gen-ph,2018,0,485
physics.gen-ph,2018,1,717
physics.gen-ph,2018,2,975
physics.gen-ph,2018,3,965
physics.gen-ph,2018,4,1061
physics.gen-ph,2019,0,375
physics.gen-ph,2019,1,859
physics.gen-ph,2019,2,1125
physics.gen-ph,2019,3,1030
physics.gen-ph,2019,4,1094
physics.gen-ph,2020,0,449
physics.gen-ph,2020,1,1206
physics.gen-ph,2020,2,1218
physics.gen-ph,2020,3,1308
physics.gen-ph,2020,4,1281
physics.gen-ph,2021,0,514
physics.gen-ph,2021,1,1202
physics.gen-ph,2021,2,1341
physics.gen-ph,2021,3,1349
physics.gen-ph,2021,4,1278
physics.gen-ph,2022,0,386
physics.gen-ph,2022,1,1120
physics.gen-ph,2022,2,1289
physics.gen-ph,2022,3,1270
physics.gen-ph,2022,4,1315
physics.gen-ph,2023,0,408
physics.gen-ph,2023,1,1238
physics.gen-ph,2023,2,1396
physics.gen-ph,2023,3,1347
physics.gen-ph,2023,4,1318
physics.gen-ph,2024,0,441
physics.gen-ph,2024,1,1193
physics.gen-ph,2024,2,1295
physics.gen-ph,2024,3,1234
physics.gen-ph,2024,4,1219
physics.gen-ph,2025,0,422
physics.gen-ph,2025,1,1012
physics.gen-ph,2025,2,1168
physics.gen-ph,2025,3,964
physics.gen-ph,2025,4,916
physics.gen-ph,2026,0,205
physics.gen-ph,2026,1,748
physics.gen-ph,2026,2,612
physics.geo-ph,1900,0,1
physics.geo-ph,1905,0,2
physics.geo-ph,1906,0,1
physics.geo-ph,1953,2,1
physics.geo-ph,1962,1,3
physics.geo-ph,1970,0,2
physics.geo-ph,1977,4,1
physics.geo-ph,1981,3,1
physics.geo-ph,1982,0,1
physics.geo-ph,1985,2,1
physics.geo-ph,1988,2,1
physics.geo-ph,1988,4,2
physics.geo-ph,1992,0,1
physics.geo-ph,1993,1,3
physics.geo-ph,1993,2,1
physics.geo-ph,1994,0,1
physics.geo-ph,1995,0,2
physics.geo-ph,1995,1,1
physics.geo-ph,1995,3,2
physics.geo-ph,1996,1,2
physics.geo-ph,1996,2,3
physics.geo-ph,1996,3,6
physics.geo-ph,1996,4,1
physics.geo-ph,1997,0,1
physics.geo-ph,1997,1,1
physics.geo-ph,1997,2,1
physics.geo-ph,1997,3,1
physics.geo-ph,1997,4,5
physics.geo-ph,1998,0,1
physics.geo-ph,1998,1,1
physics.geo-ph,1998,2,4
physics.geo-ph,1998,3,4
physics.geo-ph,1998,4,3
physics.geo-ph,1999,0,6
physics.geo-ph,1999,1,4
physics.geo-ph,1999,2,7
physics.geo-ph,1999,3,5
physics.geo-ph,1999,4,6
physics.geo-ph,2000,0,24
physics.geo-ph,2000,1,10
physics.geo-ph,2000,2,20
physics.geo-ph,2000,3,13
physics.geo-ph,2000,4,25
physics.geo-ph,2001,0,40
physics.geo-ph,2001,1,9
physics.geo-ph,2001,2,35
physics.geo-ph,2001,3,19
physics.geo-ph,2001,4,32
physics.geo-ph,2002,0,34
physics.geo-ph,2002,1,35
physics.geo-ph,2002,2,40
physics.geo-ph,2002,3,55
physics.geo-ph,2002,4,69
physics.geo-ph,2003,0,54
physics.geo-ph,2003,1,44
physics.geo-ph,2003,2,55
physics.geo-ph,2003,3,72
physics.geo-ph,2003,4,71
physics.geo-ph,2004,0,86
physics.geo-ph,2004,1,73
physics.geo-ph,2004,2,75
physics.geo-ph,2004,3,85
physics.geo-ph,2004,4,146
physics.geo-ph,2005,0,91
physics.geo-ph,2005,1,163
physics.geo-ph,2005,2,140
physics.geo-ph,2005,3,184
physics.geo-ph,2005,4,186
physics.geo-ph,2006,0,93
physics.geo-ph,2006,1,175
physics.geo-ph,2006,2,222
physics.geo-ph,2006,3,234
physics.geo-ph,2006,4,258
physics.geo-ph,2007,0,215
physics.geo-ph,2007,1,223
physics.geo-ph,2007,2,310
physics.geo-ph,2007,3,261
physics.geo-ph,2007,4,271
physics.geo-ph,2008,0,216
physics.geo-ph,2008,1,269
physics.geo-ph,2008,2,363
physics.geo-ph,2008,3,327
physics.geo-ph,2008,4,465
physics.geo-ph,2009,0,356
physics.geo-ph,2009,1,314
physics.geo-ph,2009,2,384
physics.geo-ph,2009,3,397
physics.geo-ph,2009,4,405
physics.geo-ph,2010,0,327
physics.geo-ph,2010,1,400
physics.geo-ph,2010,2,475
physics.geo-ph,2010,3,541
physics.geo-ph,2010,4,605
physics.geo-ph,2011,0,379
physics.geo-ph,2011,1,541
physics.geo-ph,2011,2,754
physics.geo-ph,2011,3,784
physics.geo-ph,2011,4,663
physics.geo-ph,2012,0,357
physics.geo-ph,2012,1,679
physics.geo-ph,2012,2,796
physics.geo-ph,2012,3,809
physics.geo-ph,2012,4,825
physics.geo-ph,2013,0,549
physics.geo-ph,2013,1,880
physics.geo-ph,2013,2,1052
physics.geo-ph,2013,3,968
physics.geo-ph,2013,4,1018
physics.geo-ph,2014,0,485
physics.geo-ph,2014,1,922
physics.geo-ph,2014,2,1078
physics.geo-ph,2014,3,1060
physics.geo-ph,2014,4,1168
physics.geo-ph,2015,0,773
physics.geo-ph,2015,1,891
physics.geo-ph,2015,2,1137
physics.geo-ph,2015,3,1251
physics.geo-ph,2015,4,1179
physics.geo-ph,2016,0,493
physics.geo-ph,2016,1,1164
physics.geo-ph,2016,2,1287
physics.geo-ph,2016,3,1393
physics.geo-ph,2016,4,1344
physics.geo-ph,2017,0,579
physics.geo-ph,2017,1,1238
physics.geo-ph,2017,2,1436
physics.geo-ph,2017,3,1535
physics.geo-ph,2017,4,1622
physics.geo-ph,2018,0,758
physics.geo-ph,2018,1,1428
physics.geo-ph,2018,2,1704
physics.geo-ph,2018,3,2146
physics.geo-ph,2018,4,1892
physics.geo-ph,2019,0,700
physics.geo-ph,2019,1,1858
physics.geo-ph,2019,2,2943
physics.geo-ph,2019,3,2175
physics.geo-ph,2019,4,2172
physics.geo-ph,2020,0,861
physics.geo-ph,2020,1,2157
physics.geo-ph,2020,2,2816
physics.geo-ph,2020,3,2837
physics.geo-ph,2020,4,2822
physics.geo-ph,2021,0,968
physics.geo-ph,2021,1,3096
physics.geo-ph,2021,2,3381
physics.geo-ph,2021,3,3433
physics.geo-ph,2021,4,3631
physics.geo-ph,2022,0,1132
physics.geo-ph,2022,1,3281
physics.geo-ph,2022,2,3348
physics.geo-ph,2022,3,3361
physics.geo-ph,2022,4,3728
physics.geo-ph,2023,0,1333
physics.geo-ph,2023,1,3399
physics.geo-ph,2023,2,3226
physics.geo-ph,2023,3,3311
physics.geo-ph,2023,4,3688
physics.geo-ph,2024,0,1535
physics.geo-ph,2024,1,3414
physics.geo-ph,2024,2,3486
physics.geo-ph,2024,3,3597
physics.geo-ph,2024,4,3769
physics.geo-ph,2025,0,1403
physics.geo-ph,2025,1,3218
physics.geo-ph,2025,2,3360
physics.geo-ph,2025,3,3517
physics.geo-ph,2025,4,3517
physics.geo-ph,2026,0,660
physics.geo-ph,2026,1,2910
physics.geo-ph,2026,2,2581
physics.hist-ph,1906,0,1
physics.hist-ph,1956,1,1
physics.hist-ph,1956,4,1
physics.hist-ph,1964,0,1
physics.hist-ph,1964,1,1
physics.hist-ph,1966,4,1
physics.hist-ph,1970,0,2
physics.hist-ph,1972,2,1
physics.hist-ph,1974,0,1
physics.hist-ph,1976,3,1
physics.hist-ph,1977,0,1
physics.hist-ph,1977,2,1
physics.hist-ph,1977,3,1
physics.hist-ph,1978,0,2
physics.hist-ph,1978,1,1
physics.hist-ph,1978,2,2
physics.hist-ph,1981,0,4
physics.hist-ph,1982,0,2
physics.hist-ph,1982,1,1
physics.hist-ph,1982,4,2
physics.hist-ph,1983,0,1
physics.hist-ph,1983,1,1
physics.hist-ph,1983,2,1
physics.hist-ph,1983,3,1
physics.hist-ph,1984,0,2
physics.hist-ph,1985,0,1
physics.hist-ph,1985,4,2
physics.hist-ph,1986,0,1
physics.hist-ph,1987,0,1
physics.hist-ph,1987,1,1
physics.hist-ph,1987,3,1
physics.hist-ph,1988,1,1
physics.hist-ph,1988,4,1
physics.hist-ph,1989,0,2
physics.hist-ph,1989,1,1
physics.hist-ph,1989,3,1
physics.hist-ph,1989,4,1
physics.hist-ph,1990,0,3
physics.hist-ph,1991,1,1
physics.hist-ph,1991,2,2
physics.hist-ph,1991,3,1
physics.hist-ph,1991,4,2
physics.hist-ph,1992,0,2
physics.hist-ph,1992,1,1
physics.hist-ph,1992,2,1
physics.hist-ph,1993,0,6
physics.hist-ph,1993,1,2
physics.hist-ph,1993,2,3
physics.hist-ph,1993,3,3
physics.hist-ph,1993,4,1
physics.hist-ph,1994,0,5
physics.hist-ph,1994,1,1
physics.hist-ph,1994,2,2
physics.hist-ph,1994,3,4
physics.hist-ph,1994,4,6
physics.hist-ph,1995,0,6
physics.hist-ph,1995,1,4
physics.hist-ph,1995,2,7
physics.hist-ph,1995,3,7
physics.hist-ph,1995,4,5
physics.hist-ph,1996,0,4
physics.hist-ph,1996,1,4
physics.hist-ph,1996,2,3
physics.hist-ph,1996,3,4
physics.hist-ph,1996,4,9
physics.hist-ph,1997,0,5
physics.hist-ph,1997,2,4
physics.hist-ph,1997,3,5
physics.hist-ph,1997,4,3
physics.hist-ph,1998,0,6
physics.hist-ph,1998,1,5
physics.hist-ph,1998,2,2
physics.hist-ph,1998,3,3
physics.hist-ph,1998,4,5
physics.hist-ph,1999,0,12
physics.hist-ph,1999,1,8
physics.hist-ph,1999,2,3
physics.hist-ph,1999,3,6
physics.hist-ph,1999,4,6
physics.hist-ph,2000,0,12
physics.hist-ph,2000,1,2
physics.hist-ph,2000,2,5
physics.hist-ph,2000,3,6
physics.hist-ph,2000,4,8
physics.hist-ph,2001,0,10
physics.hist-ph,2001,1,8
physics.hist-ph,2001,2,14
physics.hist-ph,2001,3,6
physics.hist-ph,2001,4,5
physics.hist-ph,2002,0,15
physics.hist-ph,2002,1,6
physics.hist-ph,2002,2,8
physics.hist-ph,2002,3,9
physics.hist-ph,2002,4,16
physics.hist-ph,2003,0,18
physics.hist-ph,2003,1,4
physics.hist-ph,2003,2,13
physics.hist-ph,2003,3,31
physics.hist-ph,2003,4,21
physics.hist-ph,2004,0,20
physics.hist-ph,2004,1,23
physics.hist-ph,2004,2,23
physics.hist-ph,2004,3,27
physics.hist-ph,2004,4,25
physics.hist-ph,2005,0,38
physics.hist-ph,2005,1,21
physics.hist-ph,2005,2,34
physics.hist-ph,2005,3,97
physics.hist-ph,2005,4,81
physics.hist-ph,2006,0,53
physics.hist-ph,2006,1,48
physics.hist-ph,2006,2,41
physics.hist-ph,2006,3,56
physics.hist-ph,2006,4,68
physics.hist-ph,2007,0,46
physics.hist-ph,2007,1,60
physics.hist-ph,2007,2,75
physics.hist-ph,2007,3,69
physics.hist-ph,2007,4,81
physics.hist-ph,2008,0,60
physics.hist-ph,2008,1,54
physics.hist-ph,2008,2,87
physics.hist-ph,2008,3,87
physics.hist-ph,2008,4,84
physics.hist-ph,2009,0,75
physics.hist-ph,2009,1,96
physics.hist-ph,2009,2,79
physics.hist-ph,2009,3,86
physics.hist-ph,2009,4,97
physics.hist-ph,2010,0,69
physics.hist-ph,2010,1,96
physics.hist-ph,2010,2,81
physics.hist-ph,2010,3,95
physics.hist-ph,2010,4,124
physics.hist-ph,2011,0,114
physics.hist-ph,2011,1,109
physics.hist-ph,2011,2,118
physics.hist-ph,2011,3,128
physics.hist-ph,2011,4,152
physics.hist-ph,2012,0,121
physics.hist-ph,2012,1,152
physics.hist-ph,2012,2,144
physics.hist-ph,2012,3,204
physics.hist-ph,2012,4,208
physics.hist-ph,2013,0,124
physics.hist-ph,2013,1,148
physics.hist-ph,2013,2,199
physics.hist-ph,2013,3,217
physics.hist-ph,2013,4,219
physics.hist-ph,2014,0,209
physics.hist-ph,2014,1,194
physics.hist-ph,2014,2,374
physics.hist-ph,2014,3,256
physics.hist-ph,2014,4,279
physics.hist-ph,2015,0,192
physics.hist-ph,2015,1,233
physics.hist-ph,2015,2,235
physics.hist-ph,2015,3,307
physics.hist-ph,2015,4,320
physics.hist-ph,2016,0,261
physics.hist-ph,2016,1,393
physics.hist-ph,2016,2,291
physics.hist-ph,2016,3,402
physics.hist-ph,2016,4,396
physics.hist-ph,2017,0,346
physics.hist-ph,2017,1,336
physics.hist-ph,2017,2,329
physics.hist-ph,2017,3,309
physics.hist-ph,2017,4,395
physics.hist-ph,2018,0,317
physics.hist-ph,2018,1,357
physics.hist-ph,2018,2,471
physics.hist-ph,2018,3,496
physics.hist-ph,2018,4,532
physics.hist-ph,2019,0,298
physics.hist-ph,2019,1,739
physics.hist-ph,2019,2,769
physics.hist-ph,2019,3,701
physics.hist-ph,2019,4,629
physics.hist-ph,2020,0,386
physics.hist-ph,2020,1,608
physics.hist-ph,2020,2,588
physics.hist-ph,2020,3,658
physics.hist-ph,2020,4,586
physics.hist-ph,2021,0,411
physics.hist-ph,2021,1,668
physics.hist-ph,2021,2,781
physics.hist-ph,2021,3,798
physics.hist-ph,2021,4,767
physics.hist-ph,2022,0,358
physics.hist-ph,2022,1,640
physics.hist-ph,2022,2,643
physics.hist-ph,2022,3,660
physics.hist-ph,2022,4,756
physics.hist-ph,2023,0,409
physics.hist-ph,2023,1,644
physics.hist-ph,2023,2,676
physics.hist-ph,2023,3,874
physics.hist-ph,2023,4,975
physics.hist-ph,2024,0,365
physics.hist-ph,2024,1,678
physics.hist-ph,2024,2,759
physics.hist-ph,2024,3,700
physics.hist-ph,2024,4,632
physics.hist-ph,2025,0,359
physics.hist-ph,2025,1,736
physics.hist-ph,2025,2,1112
physics.hist-ph,2025,3,756
physics.hist-ph,2025,4,584
physics.hist-ph,2026,0,128
physics.hist-ph,2026,1,553
physics.hist-ph,2026,2,335
physics.ins-det,1900,0,146
physics.ins-det,1962,1,3
physics.ins-det,1964,4,1
physics.ins-det,1970,0,14
physics.ins-det,1970,1,1
physics.ins-det,1976,2,1
physics.ins-det,1977,4,1
physics.ins-det,1979,2,1
physics.ins-det,1980,3,4
physics.ins-det,1981,0,1
physics.ins-det,1982,0,2
physics.ins-det,1983,0,1
physics.ins-det,1984,0,1
physics.ins-det,1984,4,1
physics.ins-det,1985,0,1
physics.ins-det,1985,1,2
physics.ins-det,1986,0,1
physics.ins-det,1986,3,2
physics.ins-det,1987,2,1
physics.ins-det,1988,0,21
physics.ins-det,1990,0,2
physics.ins-det,1991,1,1
physics.ins-det,1991,2,1
physics.ins-det,1992,3,1
physics.ins-det,1993,0,1
physics.ins-det,1993,2,1
physics.ins-det,1994,0,2
physics.ins-det,1994,1,2
physics.ins-det,1994,3,1
physics.ins-det,1994,4,1
physics.ins-det,1995,0,1
physics.ins-det,1995,1,1
physics.ins-det,1995,2,2
physics.ins-det,1995,3,1
physics.ins-det,1996,1,1
physics.ins-det,1996,2,1
physics.ins-det,1996,3,2
physics.ins-det,1996,4,1
physics.ins-det,1997,0,2
physics.ins-det,1997,1,1
physics.ins-det,1997,2,1
physics.ins-det,1997,3,2
physics.ins-det,1997,4,5
physics.ins-det,1998,0,7
physics.ins-det,1998,1,1
physics.ins-det,1998,2,12
physics.ins-det,1998,3,10
physics.ins-det,1998,4,6
physics.ins-det,1999,0,12
physics.ins-det,1999,1,7
physics.ins-det,1999,2,10
physics.ins-det,1999,3,15
physics.ins-det,1999,4,9
physics.ins-det,2000,0,20
physics.ins-det,2000,1,18
physics.ins-det,2000,2,29
physics.ins-det,2000,3,15
physics.ins-det,2000,4,22
physics.ins-det,2001,0,29
physics.ins-det,2001,1,17
physics.ins-det,2001,2,50
physics.ins-det,2001,3,41
physics.ins-det,2001,4,26
physics.ins-det,2002,0,38
physics.ins-det,2002,1,40
physics.ins-det,2002,2,58
physics.ins-det,2002,3,49
physics.ins-det,2002,4,79
physics.ins-det,2003,0,90
physics.ins-det,2003,1,57
physics.ins-det,2003,2,135
physics.ins-det,2003,3,92
physics.ins-det,2003,4,109
physics.ins-det,2004,0,66
physics.ins-det,2004,1,96
physics.ins-det,2004,2,111
physics.ins-det,2004,3,166
physics.ins-det,2004,4,134
physics.ins-det,2005,0,93
physics.ins-det,2005,1,118
physics.ins-det,2005,2,146
physics.ins-det,2005,3,266
physics.ins-det,2005,4,161
physics.ins-det,2006,0,154
physics.ins-det,2006,1,270
physics.ins-det,2006,2,271
physics.ins-det,2006,3,297
physics.ins-det,2006,4,336
physics.ins-det,2007,0,216
physics.ins-det,2007,1,213
physics.ins-det,2007,2,358
physics.ins-det,2007,3,399
physics.ins-det,2007,4,334
physics.ins-det,2008,0,202
physics.ins-det,2008,1,292
physics.ins-det,2008,2,443
physics.ins-det,2008,3,634
physics.ins-det,2008,4,555
physics.ins-det,2009,0,281
physics.ins-det,2009,1,491
physics.ins-det,2009,2,773
physics.ins-det,2009,3,646
physics.ins-det,2009,4,745
physics.ins-det,2010,0,380
physics.ins-det,2010,1,751
physics.ins-det,2010,2,787
physics.ins-det,2010,3,826
physics.ins-det,2010,4,1027
physics.ins-det,2011,0,591
physics.ins-det,2011,1,777
physics.ins-det,2011,2,1043
physics.ins-det,2011,3,1165
physics.ins-det,2011,4,1177
physics.ins-det,2012,0,940
physics.ins-det,2012,1,1245
physics.ins-det,2012,2,1333
physics.ins-det,2012,3,1503
physics.ins-det,2012,4,1797
physics.ins-det,2013,0,1052
physics.ins-det,2013,1,1536
physics.ins-det,2013,2,2042
physics.ins-det,2013,3,2209
physics.ins-det,2013,4,2246
physics.ins-det,2014,0,1377
physics.ins-det,2014,1,1962
physics.ins-det,2014,2,2485
physics.ins-det,2014,3,2700
physics.ins-det,2014,4,2727
physics.ins-det,2015,0,1959
physics.ins-det,2015,1,2343
physics.ins-det,2015,2,3014
physics.ins-det,2015,3,3288
physics.ins-det,2015,4,3504
physics.ins-det,2016,0,1697
physics.ins-det,2016,1,3288
physics.ins-det,2016,2,4278
physics.ins-det,2016,3,3874
physics.ins-det,2016,4,3791
physics.ins-det,2017,0,1940
physics.ins-det,2017,1,3976
physics.ins-det,2017,2,3971
physics.ins-det,2017,3,4564
physics.ins-det,2017,4,4877
physics.ins-det,2018,0,2402
physics.ins-det,2018,1,4330
physics.ins-det,2018,2,4828
physics.ins-det,2018,3,5371
physics.ins-det,2018,4,5315
physics.ins-det,2019,0,2887
physics.ins-det,2019,1,5193
physics.ins-det,2019,2,5567
physics.ins-det,2019,3,6378
physics.ins-det,2019,4,6545
physics.ins-det,2020,0,3161
physics.ins-det,2020,1,6583
physics.ins-det,2020,2,8984
physics.ins-det,2020,3,7387
physics.ins-det,2020,4,8121
physics.ins-det,2021,0,3453
physics.ins-det,2021,1,7752
physics.ins-det,2021,2,8012
physics.ins-det,2021,3,8794
physics.ins-det,2021,4,8874
physics.ins-det,2022,0,3425
physics.ins-det,2022,1,7791
physics.ins-det,2022,2,7862
physics.ins-det,2022,3,8142
physics.ins-det,2022,4,9402
physics.ins-det,2023,0,3413
physics.ins-det,2023,1,7687
physics.ins-det,2023,2,8675
physics.ins-det,2023,3,9066
physics.ins-det,2023,4,8493
physics.ins-det,2024,0,3206
physics.ins-det,2024,1,7484
physics.ins-det,2024,2,8194
physics.ins-det,2024,3,7610
physics.ins-det,2024,4,7698
physics.ins-det,2025,0,2860
physics.ins-det,2025,1,6994
physics.ins-det,2025,2,7995
physics.ins-det,2025,3,6940
physics.ins-det,2025,4,7044
physics.ins-det,2026,0,1304
physics.ins-det,2026,1,6249
physics.ins-det,2026,2,4667
physics.med-ph,1900,0,1
physics.med-ph,1954,4,1
physics.med-ph,1970,0,1
physics.med-ph,1970,1,2
physics.med-ph,1971,0,2
physics.med-ph,1972,0,1
physics.med-ph,1972,2,2
physics.med-ph,1972,3,1
physics.med-ph,1972,4,3
physics.med-ph,1973,0,4
physics.med-ph,1973,1,5
physics.med-ph,1973,2,1
physics.med-ph,1973,3,2
physics.med-ph,1973,4,2
physics.med-ph,1974,0,7
physics.med-ph,1974,1,2
physics.med-ph,1974,2,4
physics.med-ph,1974,3,2
physics.med-ph,1974,4,5
physics.med-ph,1975,0,10
physics.med-ph,1975,1,1
physics.med-ph,1975,3,4
physics.med-ph,1975,4,1
physics.med-ph,1976,0,5
physics.med-ph,1976,1,1
physics.med-ph,1976,2,3
physics.med-ph,1976,3,3
physics.med-ph,1976,4,2
physics.med-ph,1977,0,3
physics.med-ph,1977,1,2
physics.med-ph,1977,3,1
physics.med-ph,1978,0,5
physics.med-ph,1978,2,5
physics.med-ph,1978,4,3
physics.med-ph,1979,0,6
physics.med-ph,1979,3,1
physics.med-ph,1979,4,3
physics.med-ph,1980,0,3
physics.med-ph,1980,1,1
physics.med-ph,1980,2,3
physics.med-ph,1980,3,1
physics.med-ph,1980,4,2
physics.med-ph,1981,0,4
physics.med-ph,1981,2,1
physics.med-ph,1981,4,3
physics.med-ph,1982,0,1
physics.med-ph,1982,2,2
physics.med-ph,1982,3,4
physics.med-ph,1983,0,3
physics.med-ph,1983,1,2
physics.med-ph,1983,2,2
physics.med-ph,1984,0,4
physics.med-ph,1984,2,2
physics.med-ph,1984,3,1
physics.med-ph,1984,4,1
physics.med-ph,1985,0,4
physics.med-ph,1985,3,2
physics.med-ph,1986,0,2
physics.med-ph,1986,3,1
physics.med-ph,1987,0,1
physics.med-ph,1987,3,1
physics.med-ph,1988,0,1
physics.med-ph,1988,3,2
physics.med-ph,1988,4,1
physics.med-ph,1989,0,2
physics.med-ph,1989,2,2
physics.med-ph,1989,4,1
physics.med-ph,1990,0,1
physics.med-ph,1991,0,1
physics.med-ph,1991,2,1
physics.med-ph,1991,3,1
physics.med-ph,1992,2,1
physics.med-ph,1992,4,1
physics.med-ph,1994,0,2
physics.med-ph,1994,1,1
physics.med-ph,1994,2,1
physics.med-ph,1995,0,2
physics.med-ph,1995,2,2
physics.med-ph,1995,3,1
physics.med-ph,1995,4,1
physics.med-ph,1996,0,1
physics.med-ph,1996,1,1
physics.med-ph,1996,3,1
physics.med-ph,1997,0,2
physics.med-ph,1997,1,4
physics.med-ph,1997,4,4
physics.med-ph,1998,0,7
physics.med-ph,1998,2,1
physics.med-ph,1998,3,4
physics.med-ph,1998,4,1
physics.med-ph,1999,0,8
physics.med-ph,1999,1,3
physics.med-ph,1999,2,1
physics.med-ph,1999,3,8
physics.med-ph,1999,4,4
physics.med-ph,2000,0,23
physics.med-ph,2000,2,9
physics.med-ph,2000,3,9
physics.med-ph,2000,4,17
physics.med-ph,2001,0,20
physics.med-ph,2001,1,8
physics.med-ph,2001,2,16
physics.med-ph,2001,3,15
physics.med-ph,2001,4,14
physics.med-ph,2002,0,24
physics.med-ph,2002,1,17
physics.med-ph,2002,2,19
physics.med-ph,2002,3,19
physics.med-ph,2002,4,52
physics.med-ph,2003,0,37
physics.med-ph,2003,1,29
physics.med-ph,2003,2,66
physics.med-ph,2003,3,30
physics.med-ph,2003,4,40
physics.med-ph,2004,0,44
physics.med-ph,2004,1,44
physics.med-ph,2004,2,56
physics.med-ph,2004,3,74
physics.med-ph,2004,4,76
physics.med-ph,2005,0,56
physics.med-ph,2005,1,83
physics.med-ph,2005,2,76
physics.med-ph,2005,3,108
physics.med-ph,2005,4,72
physics.med-ph,2006,0,131
physics.med-ph,2006,1,103
physics.med-ph,2006,2,101
physics.med-ph,2006,3,97
physics.med-ph,2006,4,134
physics.med-ph,2007,0,122
physics.med-ph,2007,1,100
physics.med-ph,2007,2,138
physics.med-ph,2007,3,130
physics.med-ph,2007,4,132
physics.med-ph,2008,0,110
physics.med-ph,2008,1,104
physics.med-ph,2008,2,153
physics.med-ph,2008,3,154
physics.med-ph,2008,4,180
physics.med-ph,2009,0,134
physics.med-ph,2009,1,144
physics.med-ph,2009,2,207
physics.med-ph,2009,3,168
physics.med-ph,2009,4,230
physics.med-ph,2010,0,154
physics.med-ph,2010,1,189
physics.med-ph,2010,2,244
physics.med-ph,2010,3,216
physics.med-ph,2010,4,323
physics.med-ph,2011,0,221
physics.med-ph,2011,1,257
physics.med-ph,2011,2,329
physics.med-ph,2011,3,359
physics.med-ph,2011,4,424
physics.med-ph,2012,0,276
physics.med-ph,2012,1,427
physics.med-ph,2012,2,415
physics.med-ph,2012,3,468
physics.med-ph,2012,4,546
physics.med-ph,2013,0,409
physics.med-ph,2013,1,438
physics.med-ph,2013,2,499
physics.med-ph,2013,3,580
physics.med-ph,2013,4,622
physics.med-ph,2014,0,492
physics.med-ph,2014,1,602
physics.med-ph,2014,2,629
physics.med-ph,2014,3,654
physics.med-ph,2014,4,804
physics.med-ph,2015,0,536
physics.med-ph,2015,1,637
physics.med-ph,2015,2,787
physics.med-ph,2015,3,830
physics.med-ph,2015,4,813
physics.med-ph,2016,0,537
physics.med-ph,2016,1,821
physics.med-ph,2016,2,913
physics.med-ph,2016,3,891
physics.med-ph,2016,4,951
physics.med-ph,2017,0,637
physics.med-ph,2017,1,985
physics.med-ph,2017,2,910
physics.med-ph,2017,3,1046
physics.med-ph,2017,4,1192
physics.med-ph,2018,0,746
physics.med-ph,2018,1,1044
physics.med-ph,2018,2,1228
physics.med-ph,2018,3,1336
physics.med-ph,2018,4,1476
physics.med-ph,2019,0,847
physics.med-ph,2019,1,1459
physics.med-ph,2019,2,1584
physics.med-ph,2019,3,1683
physics.med-ph,2019,4,2075
physics.med-ph,2020,0,1232
physics.med-ph,2020,1,1590
physics.med-ph,2020,2,2356
physics.med-ph,2020,3,2394
physics.med-ph,2020,4,2875
physics.med-ph,2021,0,1573
physics.med-ph,2021,1,2678
physics.med-ph,2021,2,2999
physics.med-ph,2021,3,3062
physics.med-ph,2021,4,3238
physics.med-ph,2022,0,1524
physics.med-ph,2022,1,2679
physics.med-ph,2022,2,2760
physics.med-ph,2022,3,2816
physics.med-ph,2022,4,3318
physics.med-ph,2023,0,1597
physics.med-ph,2023,1,2767
physics.med-ph,2023,2,2985
physics.med-ph,2023,3,2862
physics.med-ph,2023,4,3148
physics.med-ph,2024,0,1682
physics.med-ph,2024,1,2915
physics.med-ph,2024,2,2906
physics.med-ph,2024,3,2920
physics.med-ph,2024,4,2781
physics.med-ph,2025,0,1463
physics.med-ph,2025,1,2660
physics.med-ph,2025,2,2808
physics.med-ph,2025,3,2797
physics.med-ph,2025,4,2626
physics.med-ph,2026,0,593
physics.med-ph,2026,1,2102
physics.med-ph,2026,2,1881
physics.optics,1900,0,5
physics.optics,1903,2,1
physics.optics,1917,4,2
physics.optics,1935,4,1
physics.optics,1939,2,16
physics.optics,1940,2,1
physics.optics,1942,3,2
physics.optics,1950,0,1
physics.optics,1955,1,1
physics.optics,1961,2,2
physics.optics,1964,2,2
physics.optics,1965,0,3
physics.optics,1969,0,2
physics.optics,1969,4,1
physics.optics,1970,2,3
physics.optics,1971,3,2
physics.optics,1972,0,2
physics.optics,1973,1,1
physics.optics,1974,4,5
physics.optics,1975,4,6
physics.optics,1976,0,1
physics.optics,1976,2,10
physics.optics,1978,2,4
physics.optics,1978,3,4
physics.optics,1978,4,1
physics.optics,1979,2,2
physics.optics,1979,4,1
physics.optics,1980,3,10
physics.optics,1980,4,9
physics.optics,1981,0,1
physics.optics,1981,1,1
physics.optics,1981,4,1
physics.optics,1982,0,2
physics.optics,1982,1,3
physics.optics,1982,4,13
physics.optics,1983,0,12
physics.optics,1983,2,1
physics.optics,1983,4,2
physics.optics,1984,0,2
physics.optics,1984,4,1
physics.optics,1985,1,1
physics.optics,1985,3,14
physics.optics,1985,4,4
physics.optics,1986,0,1
physics.optics,1986,1,2
physics.optics,1986,3,2
physics.optics,1987,0,2
physics.optics,1987,1,1
physics.optics,1989,0,3
physics.optics,1989,1,5
physics.optics,1989,4,1
physics.optics,1990,0,27
physics.optics,1990,2,4
physics.optics,1990,3,1
physics.optics,1990,4,2
physics.optics,1991,0,5
physics.optics,1991,3,2
physics.optics,1992,0,3
physics.optics,1992,1,1
physics.optics,1992,3,5
physics.optics,1993,1,2
physics.optics,1993,3,1
physics.optics,1994,1,2
physics.optics,1994,2,1
physics.optics,1994,3,6
physics.optics,1994,4,13
physics.optics,1995,0,12
physics.optics,1995,2,7
physics.optics,1995,3,2
physics.optics,1995,4,1
physics.optics,1996,0,9
physics.optics,1996,2,1
physics.optics,1996,3,1
physics.optics,1996,4,2
physics.optics,1997,0,4
physics.optics,1997,1,2
physics.optics,1997,2,5
physics.optics,1997,3,2
physics.optics,1997,4,23
physics.optics,1998,0,28
physics.optics,1998,1,14
physics.optics,1998,2,22
physics.optics,1998,3,17
physics.optics,1998,4,30
physics.optics,1999,0,63
physics.optics,1999,1,36
physics.optics,1999,2,51
physics.optics,1999,3,54
physics.optics,1999,4,85
physics.optics,2000,0,116
physics.optics,2000,1,83
physics.optics,2000,2,149
physics.optics,2000,3,103
physics.optics,2000,4,114
physics.optics,2001,0,184
physics.optics,2001,1,121
physics.optics,2001,2,191
physics.optics,2001,3,182
physics.optics,2001,4,236
physics.optics,2002,0,169
physics.optics,2002,1,200
physics.optics,2002,2,242
physics.optics,2002,3,245
physics.optics,2002,4,327
physics.optics,2003,0,267
physics.optics,2003,1,292
physics.optics,2003,2,436
physics.optics,2003,3,442
physics.optics,2003,4,381
physics.optics,2004,0,374
physics.optics,2004,1,440
physics.optics,2004,2,583
physics.optics,2004,3,570
physics.optics,2004,4,683
physics.optics,2005,0,690
physics.optics,2005,1,592
physics.optics,2005,2,655
physics.optics,2005,3,944
physics.optics,2005,4,907
physics.optics,2006,0,1025
physics.optics,2006,1,1108
physics.optics,2006,2,1175
physics.optics,2006,3,1200
physics.optics,2006,4,1278
physics.optics,2007,0,1466
physics.optics,2007,1,1462
physics.optics,2007,2,1787
physics.optics,2007,3,1767
physics.optics,2007,4,1749
physics.optics,2008,0,1246
physics.optics,2008,1,1736
physics.optics,2008,2,2398
physics.optics,2008,3,2624
physics.optics,2008,4,2898
physics.optics,2009,0,1876
physics.optics,2009,1,2554
physics.optics,2009,2,3562
physics.optics,2009,3,3398
physics.optics,2009,4,3399
physics.optics,2010,0,2118
physics.optics,2010,1,3394
physics.optics,2010,2,4052
physics.optics,2010,3,4119
physics.optics,2010,4,4185
physics.optics,2011,0,3139
physics.optics,2011,1,4022
physics.optics,2011,2,5535
physics.optics,2011,3,5505
physics.optics,2011,4,5503
physics.optics,2012,0,4158
physics.optics,2012,1,5504
physics.optics,2012,2,6536
physics.optics,2012,3,6971
physics.optics,2012,4,7945
physics.optics,2013,0,5293
physics.optics,2013,1,7215
physics.optics,2013,2,9158
physics.optics,2013,3,9409
physics.optics,2013,4,9549
physics.optics,2014,0,5655
physics.optics,2014,1,9989
physics.optics,2014,2,11039
physics.optics,2014,3,12539
physics.optics,2014,4,12080
physics.optics,2015,0,6349
physics.optics,2015,1,11811
physics.optics,2015,2,13605
physics.optics,2015,3,14596
physics.optics,2015,4,13952
physics.optics,2016,0,7539
physics.optics,2016,1,14887
physics.optics,2016,2,16498
physics.optics,2016,3,18422
physics.optics,2016,4,17724
physics.optics,2017,0,7530
physics.optics,2017,1,17955
physics.optics,2017,2,19183
physics.optics,2017,3,21064
physics.optics,2017,4,20225
physics.optics,2018,0,8490
physics.optics,2018,1,20515
physics.optics,2018,2,24344
physics.optics,2018,3,24010
physics.optics,2018,4,22833
physics.optics,2019,0,10294
physics.optics,2019,1,24853
physics.optics,2019,2,26534
physics.optics,2019,3,27025
physics.optics,2019,4,29673
physics.optics,2020,0,13219
physics.optics,2020,1,29109
physics.optics,2020,2,29381
physics.optics,2020,3,34479
physics.optics,2020,4,33481
physics.optics,2021,0,13172
physics.optics,2021,1,35919
physics.optics,2021,2,38407
physics.optics,2021,3,36839
physics.optics,2021,4,38187
physics.optics,2022,0,15833
physics.optics,2022,1,36815
physics.optics,2022,2,37446
physics.optics,2022,3,37102
physics.optics,2022,4,38980
physics.optics,2023,0,15214
physics.optics,2023,1,40478
physics.optics,2023,2,39163
physics.optics,2023,3,40558
physics.optics,2023,4,40680
physics.optics,2024,0,18125
physics.optics,2024,1,39340
physics.optics,2024,2,37862
physics.optics,2024,3,38850
physics.optics,2024,4,34660
physics.optics,2025,0,14277
physics.optics,2025,1,36165
physics.optics,2025,2,37206
physics.optics,2025,3,34471
physics.optics,2025,4,34017
physics.optics,2026,0,6907
physics.optics,2026,1,30147
physics.optics,2026,2,22370
physics.plasm-ph,1944,4,1
physics.plasm-ph,1953,2,6
physics.plasm-ph,1960,1,1
physics.plasm-ph,1962,1,5
physics.plasm-ph,1966,0,1
physics.plasm-ph,1968,3,1
physics.plasm-ph,1970,0,2
physics.plasm-ph,1974,4,1
physics.plasm-ph,1978,0,1
physics.plasm-ph,1978,4,1
physics.plasm-ph,1979,1,1
physics.plasm-ph,1980,1,1
physics.plasm-ph,1980,4,1
physics.plasm-ph,1981,0,6
physics.plasm-ph,1981,1,2
physics.plasm-ph,1981,2,4
physics.plasm-ph,1981,3,3
physics.plasm-ph,1981,4,1
physics.plasm-ph,1982,0,11
physics.plasm-ph,1982,1,2
physics.plasm-ph,1982,2,1
physics.plasm-ph,1982,4,2
physics.plasm-ph,1983,0,1
physics.plasm-ph,1983,1,5
physics.plasm-ph,1983,2,2
physics.plasm-ph,1983,3,3
physics.plasm-ph,1983,4,1
physics.plasm-ph,1984,0,3
physics.plasm-ph,1984,1,1
physics.plasm-ph,1984,2,2
physics.plasm-ph,1984,3,4
physics.plasm-ph,1984,4,1
physics.plasm-ph,1985,0,4
physics.plasm-ph,1985,2,29
physics.plasm-ph,1985,3,2
physics.plasm-ph,1985,4,13
physics.plasm-ph,1986,0,10
physics.plasm-ph,1986,1,2
physics.plasm-ph,1986,2,3
physics.plasm-ph,1986,3,10
physics.plasm-ph,1986,4,4
physics.plasm-ph,1987,0,3
physics.plasm-ph,1987,1,4
physics.plasm-ph,1987,2,11
physics.plasm-ph,1987,3,13
physics.plasm-ph,1987,4,4
physics.plasm-ph,1988,0,2
physics.plasm-ph,1988,1,8
physics.plasm-ph,1988,2,9
physics.plasm-ph,1988,3,5
physics.plasm-ph,1988,4,5
physics.plasm-ph,1989,0,3
physics.plasm-ph,1989,1,5
physics.plasm-ph,1989,2,10
physics.plasm-ph,1989,3,7
physics.plasm-ph,1989,4,7
physics.plasm-ph,1990,0,3
physics.plasm-ph,1990,1,4
physics.plasm-ph,1990,2,2
physics.plasm-ph,1990,3,4
physics.plasm-ph,1990,4,1
physics.plasm-ph,1991,0,9
physics.plasm-ph,1991,1,2
physics.plasm-ph,1991,2,12
physics.plasm-ph,1991,3,13
physics.plasm-ph,1991,4,13
physics.plasm-ph,1992,0,5
physics.plasm-ph,1992,1,2
physics.plasm-ph,1992,2,9
physics.plasm-ph,1992,3,12
physics.plasm-ph,1992,4,7
physics.plasm-ph,1993,0,6
physics.plasm-ph,1993,1,6
physics.plasm-ph,1993,2,7
physics.plasm-ph,1993,3,14
physics.plasm-ph,1993,4,20
physics.plasm-ph,1994,0,5
physics.plasm-ph,1994,1,10
physics.plasm-ph,1994,2,6
physics.plasm-ph,1994,3,20
physics.plasm-ph,1994,4,8
physics.plasm-ph,1995,0,6
physics.plasm-ph,1995,1,6
physics.plasm-ph,1995,2,15
physics.plasm-ph,1995,3,5
physics.plasm-ph,1995,4,7
physics.plasm-ph,1996,0,18
physics.plasm-ph,1996,1,4
physics.plasm-ph,1996,2,14
physics.plasm-ph,1996,3,17
physics.plasm-ph,1996,4,24
physics.plasm-ph,1997,0,9
physics.plasm-ph,1997,1,31
physics.plasm-ph,1997,2,26
physics.plasm-ph,1997,3,15
physics.plasm-ph,1997,4,21
physics.plasm-ph,1998,0,18
physics.plasm-ph,1998,1,18
physics.plasm-ph,1998,2,30
physics.plasm-ph,1998,3,27
physics.plasm-ph,1998,4,32
physics.plasm-ph,1999,0,44
physics.plasm-ph,1999,1,21
physics.plasm-ph,1999,2,28
physics.plasm-ph,1999,3,41
physics.plasm-ph,1999,4,42
physics.plasm-ph,2000,0,50
physics.plasm-ph,2000,1,49
physics.plasm-ph,2000,2,68
physics.plasm-ph,2000,3,63
physics.plasm-ph,2000,4,84
physics.plasm-ph,2001,0,72
physics.plasm-ph,2001,1,77
physics.plasm-ph,2001,2,116
physics.plasm-ph,2001,3,106
physics.plasm-ph,2001,4,143
physics.plasm-ph,2002,0,87
physics.plasm-ph,2002,1,90
physics.plasm-ph,2002,2,155
physics.plasm-ph,2002,3,138
physics.plasm-ph,2002,4,163
physics.plasm-ph,2003,0,87
physics.plasm-ph,2003,1,133
physics.plasm-ph,2003,2,219
physics.plasm-ph,2003,3,163
physics.plasm-ph,2003,4,186
physics.plasm-ph,2004,0,123
physics.plasm-ph,2004,1,158
physics.plasm-ph,2004,2,265
physics.plasm-ph,2004,3,209
physics.plasm-ph,2004,4,300
physics.plasm-ph,2005,0,184
physics.plasm-ph,2005,1,255
physics.plasm-ph,2005,2,375
physics.plasm-ph,2005,3,348
physics.plasm-ph,2005,4,361
physics.plasm-ph,2006,0,200
physics.plasm-ph,2006,1,395
physics.plasm-ph,2006,2,539
physics.plasm-ph,2006,3,416
physics.plasm-ph,2006,4,463
physics.plasm-ph,2007,0,226
physics.plasm-ph,2007,1,455
physics.plasm-ph,2007,2,697
physics.plasm-ph,2007,3,633
physics.plasm-ph,2007,4,605
physics.plasm-ph,2008,0,308
physics.plasm-ph,2008,1,595
physics.plasm-ph,2008,2,716
physics.plasm-ph,2008,3,780
physics.plasm-ph,2008,4,850
physics.plasm-ph,2009,0,407
physics.plasm-ph,2009,1,716
physics.plasm-ph,2009,2,997
physics.plasm-ph,2009,3,1000
physics.plasm-ph,2009,4,981
physics.plasm-ph,2010,0,492
physics.plasm-ph,2010,1,907
physics.plasm-ph,2010,2,1149
physics.plasm-ph,2010,3,1069
physics.plasm-ph,2010,4,1451
physics.plasm-ph,2011,0,742
physics.plasm-ph,2011,1,1205
physics.plasm-ph,2011,2,1346
physics.plasm-ph,2011,3,1621
physics.plasm-ph,2011,4,1503
physics.plasm-ph,2012,0,843
physics.plasm-ph,2012,1,1359
physics.plasm-ph,2012,2,1769
physics.plasm-ph,2012,3,1906
physics.plasm-ph,2012,4,2061
physics.plasm-ph,2013,0,1069
physics.plasm-ph,2013,1,1704
physics.plasm-ph,2013,2,2360
physics.plasm-ph,2013,3,2373
physics.plasm-ph,2013,4,2326
physics.plasm-ph,2014,0,1093
physics.plasm-ph,2014,1,2145
physics.plasm-ph,2014,2,2716
physics.plasm-ph,2014,3,2826
physics.plasm-ph,2014,4,2861
physics.plasm-ph,2015,0,1023
physics.plasm-ph,2015,1,2660
physics.plasm-ph,2015,2,3597
physics.plasm-ph,2015,3,3135
physics.plasm-ph,2015,4,3381
physics.plasm-ph,2016,0,1707
physics.plasm-ph,2016,1,3229
physics.plasm-ph,2016,2,3635
physics.plasm-ph,2016,3,3842
physics.plasm-ph,2016,4,4006
physics.plasm-ph,2017,0,1492
physics.plasm-ph,2017,1,3748
physics.plasm-ph,2017,2,3757
physics.plasm-ph,2017,3,4082
physics.plasm-ph,2017,4,4153
physics.plasm-ph,2018,0,1673
physics.plasm-ph,2018,1,4234
physics.plasm-ph,2018,2,4709
physics.plasm-ph,2018,3,4409
physics.plasm-ph,2018,4,4365
physics.plasm-ph,2019,0,1739
physics.plasm-ph,2019,1,4376
physics.plasm-ph,2019,2,6208
physics.plasm-ph,2019,3,5328
physics.plasm-ph,2019,4,5534
physics.plasm-ph,2020,0,1672
physics.plasm-ph,2020,1,4934
physics.plasm-ph,2020,2,5542
physics.plasm-ph,2020,3,6414
physics.plasm-ph,2020,4,6175
physics.plasm-ph,2021,0,2056
physics.plasm-ph,2021,1,6253
physics.plasm-ph,2021,2,7089
physics.plasm-ph,2021,3,7253
physics.plasm-ph,2021,4,7113
physics.plasm-ph,2022,0,1800
physics.plasm-ph,2022,1,5916
physics.plasm-ph,2022,2,6829
physics.plasm-ph,2022,3,6529
physics.plasm-ph,2022,4,7346
physics.plasm-ph,2023,0,2140
physics.plasm-ph,2023,1,6424
physics.plasm-ph,2023,2,6837
physics.plasm-ph,2023,3,7415
physics.plasm-ph,2023,4,7479
physics.plasm-ph,2024,0,1949
physics.plasm-ph,2024,1,6249
physics.plasm-ph,2024,2,7076
physics.plasm-ph,2024,3,6505
physics.plasm-ph,2024,4,6799
physics.plasm-ph,2025,0,1621
physics.plasm-ph,2025,1,6868
physics.plasm-ph,2025,2,7098
physics.plasm-ph,2025,3,7052
physics.plasm-ph,2025,4,6456
physics.plasm-ph,2026,0,1188
physics.plasm-ph,2026,1,5832
physics.plasm-ph,2026,2,4598
physics.pop-ph,1928,0,1
physics.pop-ph,1964,0,1
physics.pop-ph,1964,1,1
physics.pop-ph,1966,4,1
physics.pop-ph,1970,0,2
physics.pop-ph,1971,3,1
physics.pop-ph,1973,0,1
physics.pop-ph,1986,0,2
physics.pop-ph,1988,2,1
physics.pop-ph,1988,4,1
physics.pop-ph,1989,0,1
physics.pop-ph,1989,1,1
physics.pop-ph,1989,2,1
physics.pop-ph,1996,2,1
physics.pop-ph,1997,2,1
physics.pop-ph,1997,3,2
physics.pop-ph,1998,0,1
physics.pop-ph,1998,1,2
physics.pop-ph,1998,3,1
physics.pop-ph,1998,4,1
physics.pop-ph,1999,0,7
physics.pop-ph,1999,1,2
physics.pop-ph,1999,3,4
physics.pop-ph,1999,4,3
physics.pop-ph,2000,0,4
physics.pop-ph,2000,1,2
physics.pop-ph,2000,2,4
physics.pop-ph,2000,3,1
physics.pop-ph,2000,4,4
physics.pop-ph,2001,0,18
physics.pop-ph,2001,1,5
physics.pop-ph,2001,2,2
physics.pop-ph,2001,3,3
physics.pop-ph,2001,4,3
physics.pop-ph,2002,0,11
physics.pop-ph,2002,1,6
physics.pop-ph,2002,2,6
physics.pop-ph,2002,3,9
physics.pop-ph,2002,4,18
physics.pop-ph,2003,0,13
physics.pop-ph,2003,1,11
physics.pop-ph,2003,2,16
physics.pop-ph,2003,3,23
physics.pop-ph,2003,4,12
physics.pop-ph,2004,0,15
physics.pop-ph,2004,1,18
physics.pop-ph,2004,2,11
physics.pop-ph,2004,3,15
physics.pop-ph,2004,4,25
physics.pop-ph,2005,0,12
physics.pop-ph,2005,1,24
physics.pop-ph,2005,2,28
physics.pop-ph,2005,3,27
physics.pop-ph,2005,4,18
physics.pop-ph,2006,0,26
physics.pop-ph,2006,1,27
physics.pop-ph,2006,2,32
physics.pop-ph,2006,3,36
physics.pop-ph,2006,4,49
physics.pop-ph,2007,0,33
physics.pop-ph,2007,1,34
physics.pop-ph,2007,2,43
physics.pop-ph,2007,3,42
physics.pop-ph,2007,4,33
physics.pop-ph,2008,0,22
physics.pop-ph,2008,1,33
physics.pop-ph,2008,2,47
physics.pop-ph,2008,3,40
physics.pop-ph,2008,4,54
physics.pop-ph,2009,0,60
physics.pop-ph,2009,1,37
physics.pop-ph,2009,2,51
physics.pop-ph,2009,3,51
physics.pop-ph,2009,4,67
physics.pop-ph,2010,0,54
physics.pop-ph,2010,1,74
physics.pop-ph,2010,2,73
physics.pop-ph,2010,3,65
physics.pop-ph,2010,4,107
physics.pop-ph,2011,0,95
physics.pop-ph,2011,1,86
physics.pop-ph,2011,2,91
physics.pop-ph,2011,3,85
physics.pop-ph,2011,4,113
physics.pop-ph,2012,0,113
physics.pop-ph,2012,1,125
physics.pop-ph,2012,2,109
physics.pop-ph,2012,3,128
physics.pop-ph,2012,4,151
physics.pop-ph,2013,0,132
physics.pop-ph,2013,1,114
physics.pop-ph,2013,2,147
physics.pop-ph,2013,3,173
physics.pop-ph,2013,4,153
physics.pop-ph,2014,0,134
physics.pop-ph,2014,1,139
physics.pop-ph,2014,2,145
physics.pop-ph,2014,3,176
physics.pop-ph,2014,4,195
physics.pop-ph,2015,0,126
physics.pop-ph,2015,1,141
physics.pop-ph,2015,2,165
physics.pop-ph,2015,3,227
physics.pop-ph,2015,4,188
physics.pop-ph,2016,0,132
physics.pop-ph,2016,1,174
physics.pop-ph,2016,2,228
physics.pop-ph,2016,3,271
physics.pop-ph,2016,4,194
physics.pop-ph,2017,0,197
physics.pop-ph,2017,1,189
physics.pop-ph,2017,2,232
physics.pop-ph,2017,3,209
physics.pop-ph,2017,4,264
physics.pop-ph,2018,0,176
physics.pop-ph,2018,1,222
physics.pop-ph,2018,2,278
physics.pop-ph,2018,3,321
physics.pop-ph,2018,4,284
physics.pop-ph,2019,0,188
physics.pop-ph,2019,1,405
physics.pop-ph,2019,2,301
physics.pop-ph,2019,3,288
physics.pop-ph,2019,4,336
physics.pop-ph,2020,0,191
physics.pop-ph,2020,1,325
physics.pop-ph,2020,2,390
physics.pop-ph,2020,3,451
physics.pop-ph,2020,4,372
physics.pop-ph,2021,0,219
physics.pop-ph,2021,1,391
physics.pop-ph,2021,2,458
physics.pop-ph,2021,3,428
physics.pop-ph,2021,4,446
physics.pop-ph,2022,0,175
physics.pop-ph,2022,1,355
physics.pop-ph,2022,2,422
physics.pop-ph,2022,3,415
physics.pop-ph,2022,4,436
physics.pop-ph,2023,0,236
physics.pop-ph,2023,1,340
physics.pop-ph,2023,2,444
physics.pop-ph,2023,3,451
physics.pop-ph,2023,4,414
physics.pop-ph,2024,0,240
physics.pop-ph,2024,1,396
physics.pop-ph,2024,2,414
physics.pop-ph,2024,3,335
physics.pop-ph,2024,4,389
physics.pop-ph,2025,0,209
physics.pop-ph,2025,1,300
physics.pop-ph,2025,2,408
physics.pop-ph,2025,3,316
physics.pop-ph,2025,4,313
physics.pop-ph,2026,0,81
physics.pop-ph,2026,1,296
physics.pop-ph,2026,2,217
physics.soc-ph,1868,3,1
physics.soc-ph,1900,0,1
physics.soc-ph,1913,0,5
physics.soc-ph,1928,0,4
physics.soc-ph,1935,0,2
physics.soc-ph,1949,1,1
physics.soc-ph,1953,4,1
physics.soc-ph,1961,0,1
physics.soc-ph,1965,0,2
physics.soc-ph,1966,0,1
physics.soc-ph,1967,0,6
physics.soc-ph,1968,1,1
physics.soc-ph,1970,0,11
physics.soc-ph,1971,3,2
physics.soc-ph,1971,4,14
physics.soc-ph,1972,0,1
physics.soc-ph,1972,4,2
physics.soc-ph,1973,0,1
physics.soc-ph,1973,2,1
physics.soc-ph,1974,0,2
physics.soc-ph,1974,4,2
physics.soc-ph,1975,0,3
physics.soc-ph,1975,3,1
physics.soc-ph,1976,0,1
physics.soc-ph,1976,2,1
physics.soc-ph,1976,3,1
physics.soc-ph,1976,4,1
physics.soc-ph,1977,0,3
physics.soc-ph,1977,1,1
physics.soc-ph,1977,2,1
physics.soc-ph,1977,4,7
physics.soc-ph,1978,0,2
physics.soc-ph,1978,1,2
physics.soc-ph,1978,3,4
physics.soc-ph,1979,0,4
physics.soc-ph,1979,1,1
physics.soc-ph,1979,3,5
physics.soc-ph,1979,4,1
physics.soc-ph,1980,0,5
physics.soc-ph,1980,1,1
physics.soc-ph,1980,2,1
physics.soc-ph,1980,3,1
physics.soc-ph,1980,4,5
physics.soc-ph,1981,2,4
physics.soc-ph,1981,3,5
physics.soc-ph,1982,1,28
physics.soc-ph,1982,2,3
physics.soc-ph,1982,3,1
physics.soc-ph,1982,4,2
physics.soc-ph,1983,0,6
physics.soc-ph,1983,2,2
physics.soc-ph,1983,3,5
physics.soc-ph,1984,0,3
physics.soc-ph,1984,1,2
physics.soc-ph,1984,2,2
physics.soc-ph,1984,3,1
physics.soc-ph,1985,0,5
physics.soc-ph,1985,1,1
physics.soc-ph,1985,2,2
physics.soc-ph,1985,4,1
physics.soc-ph,1986,0,2
physics.soc-ph,1986,1,2
physics.soc-ph,1986,2,1
physics.soc-ph,1986,3,4
physics.soc-ph,1987,0,4
physics.soc-ph,1987,2,1
physics.soc-ph,1987,4,1
physics.soc-ph,1988,0,5
physics.soc-ph,1988,1,2
physics.soc-ph,1988,2,3
physics.soc-ph,1988,3,4
physics.soc-ph,1988,4,2
physics.soc-ph,1989,0,5
physics.soc-ph,1989,1,2
physics.soc-ph,1989,2,1
physics.soc-ph,1989,4,2
physics.soc-ph,1990,0,3
physics.soc-ph,1990,2,1
physics.soc-ph,1990,3,6
physics.soc-ph,1990,4,2
physics.soc-ph,1991,0,7
physics.soc-ph,1991,1,4
physics.soc-ph,1991,2,1
physics.soc-ph,1991,3,2
physics.soc-ph,1991,4,2
physics.soc-ph,1992,0,4
physics.soc-ph,1992,2,2
physics.soc-ph,1992,3,2
physics.soc-ph,1992,4,5
physics.soc-ph,1993,0,20
physics.soc-ph,1993,1,1
physics.soc-ph,1993,2,5
physics.soc-ph,1993,3,4
physics.soc-ph,1993,4,4
physics.soc-ph,1994,0,8
physics.soc-ph,1994,2,1
physics.soc-ph,1994,4,4
physics.soc-ph,1995,0,10
physics.soc-ph,1995,1,1
physics.soc-ph,1995,2,3
physics.soc-ph,1995,3,3
physics.soc-ph,1995,4,1
physics.soc-ph,1996,0,9
physics.soc-ph,1996,1,2
physics.soc-ph,1996,2,2
physics.soc-ph,1996,4,1
physics.soc-ph,1997,0,4
physics.soc-ph,1997,2,1
physics.soc-ph,1997,3,3
physics.soc-ph,1997,4,6
physics.soc-ph,1998,0,4
physics.soc-ph,1998,1,6
physics.soc-ph,1998,2,1
physics.soc-ph,1998,3,1
physics.soc-ph,1998,4,2
physics.soc-ph,1999,0,6
physics.soc-ph,1999,1,1
physics.soc-ph,1999,2,2
physics.soc-ph,1999,3,2
physics.soc-ph,1999,4,5
physics.soc-ph,2000,0,39
physics.soc-ph,2000,1,18
physics.soc-ph,2000,2,5
physics.soc-ph,2000,3,2
physics.soc-ph,2000,4,1
physics.soc-ph,2001,0,8
physics.soc-ph,2001,1,7
physics.soc-ph,2001,2,8
physics.soc-ph,2001,3,10
physics.soc-ph,2001,4,11
physics.soc-ph,2002,0,19
physics.soc-ph,2002,1,12
physics.soc-ph,2002,2,19
physics.soc-ph,2002,3,19
physics.soc-ph,2002,4,24
physics.soc-ph,2003,0,48
physics.soc-ph,2003,1,18
physics.soc-ph,2003,2,21
physics.soc-ph,2003,3,26
physics.soc-ph,2003,4,31
physics.soc-ph,2004,0,66
physics.soc-ph,2004,1,47
physics.soc-ph,2004,2,46
physics.soc-ph,2004,3,78
physics.soc-ph,2004,4,61
physics.soc-ph,2005,0,173
physics.soc-ph,2005,1,57
physics.soc-ph,2005,2,97
physics.soc-ph,2005,3,141
physics.soc-ph,2005,4,194
physics.soc-ph,2006,0,342
physics.soc-ph,2006,1,266
physics.soc-ph,2006,2,284
physics.soc-ph,2006,3,312
physics.soc-ph,2006,4,438
physics.soc-ph,2007,0,557
physics.soc-ph,2007,1,521
physics.soc-ph,2007,2,1237
physics.soc-ph,2007,3,702
physics.soc-ph,2007,4,871
physics.soc-ph,2008,0,1045
physics.soc-ph,2008,1,899
physics.soc-ph,2008,2,1311
physics.soc-ph,2008,3,1343
physics.soc-ph,2008,4,1547
physics.soc-ph,2009,0,2409
physics.soc-ph,2009,1,1284
physics.soc-ph,2009,2,1956
physics.soc-ph,2009,3,1946
physics.soc-ph,2009,4,2254
physics.soc-ph,2010,0,2398
physics.soc-ph,2010,1,1643
physics.soc-ph,2010,2,2469
physics.soc-ph,2010,3,3006
physics.soc-ph,2010,4,2935
physics.soc-ph,2011,0,3519
physics.soc-ph,2011,1,2262
physics.soc-ph,2011,2,3634
physics.soc-ph,2011,3,3548
physics.soc-ph,2011,4,4431
physics.soc-ph,2012,0,4337
physics.soc-ph,2012,1,3599
physics.soc-ph,2012,2,4365
physics.soc-ph,2012,3,5023
physics.soc-ph,2012,4,5334
physics.soc-ph,2013,0,6434
physics.soc-ph,2013,1,4448
physics.soc-ph,2013,2,5489
physics.soc-ph,2013,3,7085
physics.soc-ph,2013,4,6604
physics.soc-ph,2014,0,7113
physics.soc-ph,2014,1,5910
physics.soc-ph,2014,2,6951
physics.soc-ph,2014,3,8930
physics.soc-ph,2014,4,8363
physics.soc-ph,2015,0,6776
physics.soc-ph,2015,1,6586
physics.soc-ph,2015,2,8430
physics.soc-ph,2015,3,9554
physics.soc-ph,2015,4,9841
physics.soc-ph,2016,0,7163
physics.soc-ph,2016,1,7945
physics.soc-ph,2016,2,9856
physics.soc-ph,2016,3,10726
physics.soc-ph,2016,4,10919
physics.soc-ph,2017,0,7397
physics.soc-ph,2017,1,8849
physics.soc-ph,2017,2,10466
physics.soc-ph,2017,3,11023
physics.soc-ph,2017,4,12725
physics.soc-ph,2018,0,8538
physics.soc-ph,2018,1,9431
physics.soc-ph,2018,2,15821
physics.soc-ph,2018,3,14121
physics.soc-ph,2018,4,13281
physics.soc-ph,2019,0,9096
physics.soc-ph,2019,1,10235
physics.soc-ph,2019,2,14159
physics.soc-ph,2019,3,13163
physics.soc-ph,2019,4,14459
physics.soc-ph,2020,0,9192
physics.soc-ph,2020,1,12501
physics.soc-ph,2020,2,15065
physics.soc-ph,2020,3,16044
physics.soc-ph,2020,4,17014
physics.soc-ph,2021,0,9933
physics.soc-ph,2021,1,16021
physics.soc-ph,2021,2,17771
physics.soc-ph,2021,3,18209
physics.soc-ph,2021,4,16892
physics.soc-ph,2022,0,8490
physics.soc-ph,2022,1,13904
physics.soc-ph,2022,2,19375
physics.soc-ph,2022,3,14453
physics.soc-ph,2022,4,15295
physics.soc-ph,2023,0,8229
physics.soc-ph,2023,1,12873
physics.soc-ph,2023,2,14555
physics.soc-ph,2023,3,14624
physics.soc-ph,2023,4,15013
physics.soc-ph,2024,0,7400
physics.soc-ph,2024,1,13418
physics.soc-ph,2024,2,14866
physics.soc-ph,2024,3,13547
physics.soc-ph,2024,4,14181
physics.soc-ph,2025,0,6930
physics.soc-ph,2025,1,12266
physics.soc-ph,2025,2,14120
physics.soc-ph,2025,3,13664
physics.soc-ph,2025,4,12939
physics.soc-ph,2026,0,3144
physics.soc-ph,2026,1,10930
physics.soc-ph,2026,2,8731
physics.space-ph,1953,2,1
physics.space-ph,1960,1,1
physics.space-ph,1962,1,3
physics.space-ph,1985,2,12
physics.space-ph,1988,2,1
physics.space-ph,1988,4,3
physics.space-ph,1991,2,1
physics.space-ph,1993,0,1
physics.space-ph,1993,1,5
physics.space-ph,1996,4,1
physics.space-ph,1997,0,5
physics.space-ph,1997,2,4
physics.space-ph,1997,3,10
physics.space-ph,1997,4,1
physics.space-ph,1998,0,5
physics.space-ph,1998,1,2
physics.space-ph,1998,2,3
physics.space-ph,1998,3,4
physics.space-ph,1998,4,13
physics.space-ph,1999,0,20
physics.space-ph,1999,1,5
physics.space-ph,1999,2,14
physics.space-ph,1999,3,23
physics.space-ph,1999,4,15
physics.space-ph,2000,0,27
physics.space-ph,2000,1,14
physics.space-ph,2000,2,23
physics.space-ph,2000,3,16
physics.space-ph,2000,4,21
physics.space-ph,2001,0,24
physics.space-ph,2001,1,11
physics.space-ph,2001,2,32
physics.space-ph,2001,3,27
physics.space-ph,2001,4,25
physics.space-ph,2002,0,17
physics.space-ph,2002,1,26
physics.space-ph,2002,2,37
physics.space-ph,2002,3,62
physics.space-ph,2002,4,48
physics.space-ph,2003,0,51
physics.space-ph,2003,1,39
physics.space-ph,2003,2,73
physics.space-ph,2003,3,79
physics.space-ph,2003,4,67
physics.space-ph,2004,0,69
physics.space-ph,2004,1,43
physics.space-ph,2004,2,92
physics.space-ph,2004,3,88
physics.space-ph,2004,4,140
physics.space-ph,2005,0,89
physics.space-ph,2005,1,137
physics.space-ph,2005,2,135
physics.space-ph,2005,3,180
physics.space-ph,2005,4,133
physics.space-ph,2006,0,89
physics.space-ph,2006,1,147
physics.space-ph,2006,2,199
physics.space-ph,2006,3,194
physics.space-ph,2006,4,229
physics.space-ph,2007,0,110
physics.space-ph,2007,1,161
physics.space-ph,2007,2,174
physics.space-ph,2007,3,187
physics.space-ph,2007,4,251
physics.space-ph,2008,0,142
physics.space-ph,2008,1,194
physics.space-ph,2008,2,249
physics.space-ph,2008,3,258
physics.space-ph,2008,4,306
physics.space-ph,2009,0,187
physics.space-ph,2009,1,219
physics.space-ph,2009,2,354
physics.space-ph,2009,3,359
physics.space-ph,2009,4,362
physics.space-ph,2010,0,148
physics.space-ph,2010,1,299
physics.space-ph,2010,2,370
physics.space-ph,2010,3,403
physics.space-ph,2010,4,464
physics.space-ph,2011,0,355
physics.space-ph,2011,1,472
physics.space-ph,2011,2,516
physics.space-ph,2011,3,668
physics.space-ph,2011,4,601
physics.space-ph,2012,0,285
physics.space-ph,2012,1,580
physics.space-ph,2012,2,664
physics.space-ph,2012,3,830
physics.space-ph,2012,4,719
physics.space-ph,2013,0,455
physics.space-ph,2013,1,666
physics.space-ph,2013,2,919
physics.space-ph,2013,3,912
physics.space-ph,2013,4,951
physics.space-ph,2014,0,364
physics.space-ph,2014,1,812
physics.space-ph,2014,2,926
physics.space-ph,2014,3,1125
physics.space-ph,2014,4,1079
physics.space-ph,2015,0,442
physics.space-ph,2015,1,1018
physics.space-ph,2015,2,1500
physics.space-ph,2015,3,1376
physics.space-ph,2015,4,1417
physics.space-ph,2016,0,623
physics.space-ph,2016,1,1238
physics.space-ph,2016,2,1458
physics.space-ph,2016,3,1603
physics.space-ph,2016,4,1762
physics.space-ph,2017,0,672
physics.space-ph,2017,1,1495
physics.space-ph,2017,2,1372
physics.space-ph,2017,3,1860
physics.space-ph,2017,4,1765
physics.space-ph,2018,0,815
physics.space-ph,2018,1,1780
physics.space-ph,2018,2,1989
physics.space-ph,2018,3,2097
physics.space-ph,2018,4,2055
physics.space-ph,2019,0,803
physics.space-ph,2019,1,1875
physics.space-ph,2019,2,2132
physics.space-ph,2019,3,2674
physics.space-ph,2019,4,2889
physics.space-ph,2020,0,729
physics.space-ph,2020,1,2530
physics.space-ph,2020,2,2523
physics.space-ph,2020,3,3268
physics.space-ph,2020,4,3218
physics.space-ph,2021,0,826
physics.space-ph,2021,1,3341
physics.space-ph,2021,2,3833
physics.space-ph,2021,3,3562
physics.space-ph,2021,4,3930
physics.space-ph,2022,0,1076
physics.space-ph,2022,1,2961
physics.space-ph,2022,2,3532
physics.space-ph,2022,3,3678
physics.space-ph,2022,4,3784
physics.space-ph,2023,0,942
physics.space-ph,2023,1,3298
physics.space-ph,2023,2,3343
physics.space-ph,2023,3,4487
physics.space-ph,2023,4,3729
physics.space-ph,2024,0,1061
physics.space-ph,2024,1,3305
physics.space-ph,2024,2,3598
physics.space-ph,2024,3,3445
physics.space-ph,2024,4,3856
physics.space-ph,2025,0,626
physics.space-ph,2025,1,3144
physics.space-ph,2025,2,3487
physics.space-ph,2025,3,3713
physics.space-ph,2025,4,3636
physics.space-ph,2026,0,448
physics.space-ph,2026,1,3207
physics.space-ph,2026,2,2551
plasm-ph,1990,3,2
plasm-ph,1992,3,1
plasm-ph,1993,3,1
plasm-ph,1994,3,4
plasm-ph,1995,1,1
plasm-ph,1995,2,4
plasm-ph,1995,3,2
plasm-ph,1995,4,2
plasm-ph,1996,0,14
plasm-ph,1996,1,1
plasm-ph,1996,2,5
plasm-ph,1996,3,12
plasm-ph,1996,4,8
plasm-ph,1997,0,5
plasm-ph,1997,1,22
plasm-ph,1997,2,15
plasm-ph,1997,3,7
plasm-ph,1997,4,14
plasm-ph,1998,0,11
plasm-ph,1998,1,11
plasm-ph,1998,2,19
plasm-ph,1998,3,15
plasm-ph,1998,4,13
plasm-ph,1999,0,10
plasm-ph,1999,1,11
plasm-ph,1999,2,4
plasm-ph,1999,3,3
plasm-ph,1999,4,8
plasm-ph,2000,0,5
plasm-ph,2000,1,3
plasm-ph,2000,2,8
plasm-ph,2000,3,6
plasm-ph,2000,4,9
plasm-ph,2001,0,5
plasm-ph,2001,1,5
plasm-ph,2001,2,10
plasm-ph,2001,3,6
plasm-ph,2001,4,4
plasm-ph,2002,0,7
plasm-ph,2002,1,1
plasm-ph,2002,2,23
plasm-ph,2002,3,5
plasm-ph,2002,4,4
plasm-ph,2003,0,3
plasm-ph,2003,1,5
plasm-ph,2003,2,5
plasm-ph,2003,3,5
plasm-ph,2003,4,6
plasm-ph,2004,0,5
plasm-ph,2004,1,5
plasm-ph,2004,2,5
plasm-ph,2004,3,5
plasm-ph,2004,4,8
plasm-ph,2005,0,5
plasm-ph,2005,1,4
plasm-ph,2005,2,9
plasm-ph,2005,3,6
plasm-ph,2005,4,5
plasm-ph,2006,0,1
plasm-ph,2006,1,8
plasm-ph,2006,2,3
plasm-ph,2006,3,5
plasm-ph,2006,4,6
plasm-ph,2007,0,3
plasm-ph,2007,1,13
plasm-ph,2007,2,13
plasm-ph,2007,3,8
plasm-ph,2007,4,4
plasm-ph,2008,0,1
plasm-ph,2008,1,10
plasm-ph,2008,2,8
plasm-ph,2008,3,5
plasm-ph,2008,4,5
plasm-ph,2009,0,2
plasm-ph,2009,1,11
plasm-ph,2009,2,4
plasm-ph,2009,3,7
plasm-ph,2009,4,10
plasm-ph,2010,0,4
plasm-ph,2010,1,6
plasm-ph,2010,2,10
plasm-ph,2010,3,5
plasm-ph,2010,4,8
plasm-ph,2011,0,2
plasm-ph,2011,1,6
plasm-ph,2011,2,10
plasm-ph,2011,3,5
plasm-ph,2011,4,10
plasm-ph,2012,0,4
plasm-ph,2012,1,7
plasm-ph,2012,2,3
plasm-ph,2012,3,8
plasm-ph,2012,4,6
plasm-ph,2013,0,5
plasm-ph,2013,1,7
plasm-ph,2013,2,8
plasm-ph,2013,3,9
plasm-ph,2013,4,6
plasm-ph,2014,0,6
plasm-ph,2014,1,2
plasm-ph,2014,2,9
plasm-ph,2014,3,7
plasm-ph,2014,4,10
plasm-ph,2015,0,3
plasm-ph,2015,1,5
plasm-ph,2015,2,12
plasm-ph,2015,3,6
plasm-ph,2015,4,6
plasm-ph,2016,0,5
plasm-ph,2016,1,3
plasm-ph,2016,2,11
plasm-ph,2016,3,9
plasm-ph,2016,4,5
plasm-ph,2017,0,6
plasm-ph,2017,1,10
plasm-ph,2017,2,9
plasm-ph,2017,3,10
plasm-ph,2017,4,4
plasm-ph,2018,0,4
plasm-ph,2018,1,5
plasm-ph,2018,2,5
plasm-ph,2018,3,10
plasm-ph,2018,4,9
plasm-ph,2019,0,4
plasm-ph,2019,1,2
plasm-ph,2019,2,6
plasm-ph,2019,3,10
plasm-ph,2019,4,12
plasm-ph,2020,0,3
plasm-ph,2020,1,8
plasm-ph,2020,2,8
plasm-ph,2020,3,4
plasm-ph,2020,4,3
plasm-ph,2021,0,7
plasm-ph,2021,1,10
plasm-ph,2021,2,7
plasm-ph,2021,3,13
plasm-ph,2021,4,7
plasm-ph,2022,1,7
plasm-ph,2022,2,9
plasm-ph,2022,3,4
plasm-ph,2022,4,12
plasm-ph,2023,0,1
plasm-ph,2023,1,10
plasm-ph,2023,2,6
plasm-ph,2023,3,8
plasm-ph,2023,4,3
plasm-ph,2024,0,3
plasm-ph,2024,1,3
plasm-ph,2024,2,6
plasm-ph,2024,3,3
plasm-ph,2024,4,3
plasm-ph,2025,0,4
plasm-ph,2025,1,4
plasm-ph,2025,2,6
plasm-ph,2025,3,4
plasm-ph,2025,4,4
plasm-ph,2026,0,1
plasm-ph,2026,1,4
plasm-ph,2026,2,2
q-alg,1984,4,1
q-alg,1988,0,3
q-alg,1990,3,1
q-alg,1991,0,1
q-alg,1992,3,2
q-alg,1994,0,5
q-alg,1994,1,2
q-alg,1994,4,11
q-alg,1995,0,24
q-alg,1995,1,7
q-alg,1995,2,21
q-alg,1995,3,27
q-alg,1995,4,43
q-alg,1996,0,92
q-alg,1996,1,50
q-alg,1996,2,94
q-alg,1996,3,105
q-alg,1996,4,197
q-alg,1997,0,283
q-alg,1997,1,171
q-alg,1997,2,177
q-alg,1997,3,273
q-alg,1997,4,364
q-alg,1998,0,352
q-alg,1998,1,287
q-alg,1998,2,329
q-alg,1998,3,318
q-alg,1998,4,376
q-alg,1999,0,406
q-alg,1999,1,214
q-alg,1999,2,283
q-alg,1999,3,237
q-alg,1999,4,279
q-alg,2000,0,318
q-alg,2000,1,215
q-alg,2000,2,351
q-alg,2000,3,288
q-alg,2000,4,255
q-alg,2001,0,334
q-alg,2001,1,217
q-alg,2001,2,244
q-alg,2001,3,212
q-alg,2001,4,277
q-alg,2002,0,243
q-alg,2002,1,209
q-alg,2002,2,248
q-alg,2002,3,228
q-alg,2002,4,277
q-alg,2003,0,214
q-alg,2003,1,206
q-alg,2003,2,260
q-alg,2003,3,185
q-alg,2003,4,260
q-alg,2004,0,156
q-alg,2004,1,175
q-alg,2004,2,217
q-alg,2004,3,167
q-alg,2004,4,220
q-alg,2005,0,155
q-alg,2005,1,197
q-alg,2005,2,173
q-alg,2005,3,215
q-alg,2005,4,212
q-alg,2006,0,175
q-alg,2006,1,222
q-alg,2006,2,194
q-alg,2006,3,171
q-alg,2006,4,212
q-alg,2007,0,148
q-alg,2007,1,221
q-alg,2007,2,203
q-alg,2007,3,240
q-alg,2007,4,193
q-alg,2008,0,203
q-alg,2008,1,216
q-alg,2008,2,198
q-alg,2008,3,193
q-alg,2008,4,193
q-alg,2009,0,151
q-alg,2009,1,167
q-alg,2009,2,185
q-alg,2009,3,236
q-alg,2009,4,185
q-alg,2010,0,186
q-alg,2010,1,204
q-alg,2010,2,174
q-alg,2010,3,220
q-alg,2010,4,228
q-alg,2011,0,147
q-alg,2011,1,184
q-alg,2011,2,225
q-alg,2011,3,155
q-alg,2011,4,180
q-alg,2012,0,142
q-alg,2012,1,185
q-alg,2012,2,212
q-alg,2012,3,197
q-alg,2012,4,311
q-alg,2013,0,201
q-alg,2013,1,190
q-alg,2013,2,162
q-alg,2013,3,240
q-alg,2013,4,210
q-alg,2014,0,181
q-alg,2014,1,163
q-alg,2014,2,185
q-alg,2014,3,180
q-alg,2014,4,229
q-alg,2015,0,192
q-alg,2015,1,171
q-alg,2015,2,230
q-alg,2015,3,197
q-alg,2015,4,202
q-alg,2016,0,115
q-alg,2016,1,212
q-alg,2016,2,194
q-alg,2016,3,341
q-alg,2016,4,208
q-alg,2017,0,111
q-alg,2017,1,138
q-alg,2017,2,216
q-alg,2017,3,230
q-alg,2017,4,211
q-alg,2018,0,98
q-alg,2018,1,136
q-alg,2018,2,210
q-alg,2018,3,175
q-alg,2018,4,181
q-alg,2019,0,104
q-alg,2019,1,249
q-alg,2019,2,218
q-alg,2019,3,177
q-alg,2019,4,184
q-alg,2020,0,148
q-alg,2020,1,224
q-alg,2020,2,199
q-alg,2020,3,227
q-alg,2020,4,196
q-alg,2021,0,106
q-alg,2021,1,245
q-alg,2021,2,305
q-alg,2021,3,280
q-alg,2021,4,226
q-alg,2022,0,66
q-alg,2022,1,162
q-alg,2022,2,194
q-alg,2022,3,174
q-alg,2022,4,198
q-alg,2023,0,63
q-alg,2023,1,159
q-alg,2023,2,211
q-alg,2023,3,176
q-alg,2023,4,186
q-alg,2024,0,66
q-alg,2024,1,153
q-alg,2024,2,161
q-alg,2024,3,164
q-alg,2024,4,181
q-alg,2025,0,66
q-alg,2025,1,173
q-alg,2025,2,155
q-alg,2025,3,147
q-alg,2025,4,131
q-alg,2026,0,21
q-alg,2026,1,136
q-alg,2026,2,69
q-bio,1900,0,4
q-bio,1961,0,1
q-bio,1967,1,1
q-bio,1969,4,2
q-bio,1970,0,2
q-bio,1971,0,1
q-bio,1976,0,1
q-bio,1980,1,1
q-bio,1982,3,2
q-bio,1983,2,2
q-bio,1984,0,1
q-bio,1986,1,1
q-bio,1988,0,2
q-bio,1991,0,4
q-bio,1991,2,1
q-bio,1992,0,2
q-bio,1993,0,3
q-bio,1993,2,1
q-bio,1994,0,4
q-bio,1994,3,4
q-bio,1994,4,3
q-bio,1995,0,13
q-bio,1995,2,2
q-bio,1995,3,6
q-bio,1995,4,14
q-bio,1996,0,17
q-bio,1996,1,9
q-bio,1996,2,33
q-bio,1996,3,23
q-bio,1996,4,35
q-bio,1997,0,36
q-bio,1997,1,35
q-bio,1997,2,44
q-bio,1997,3,43
q-bio,1997,4,72
q-bio,1998,0,44
q-bio,1998,1,44
q-bio,1998,2,106
q-bio,1998,3,102
q-bio,1998,4,81
q-bio,1999,0,108
q-bio,1999,1,77
q-bio,1999,2,123
q-bio,1999,3,117
q-bio,1999,4,176
q-bio,2000,0,148
q-bio,2000,1,111
q-bio,2000,2,198
q-bio,2000,3,190
q-bio,2000,4,263
q-bio,2001,0,164
q-bio,2001,1,255
q-bio,2001,2,289
q-bio,2001,3,332
q-bio,2001,4,352
q-bio,2002,0,248
q-bio,2002,1,332
q-bio,2002,2,414
q-bio,2002,3,448
q-bio,2002,4,592
q-bio,2003,0,376
q-bio,2003,1,576
q-bio,2003,2,678
q-bio,2003,3,585
q-bio,2003,4,690
q-bio,2004,0,464
q-bio,2004,1,728
q-bio,2004,2,774
q-bio,2004,3,788
q-bio,2004,4,808
q-bio,2005,0,539
q-bio,2005,1,812
q-bio,2005,2,779
q-bio,2005,3,804
q-bio,2005,4,902
q-bio,2006,0,600
q-bio,2006,1,922
q-bio,2006,2,856
q-bio,2006,3,821
q-bio,2006,4,832
q-bio,2007,0,510
q-bio,2007,1,799
q-bio,2007,2,1136
q-bio,2007,3,940
q-bio,2007,4,941
q-bio,2008,0,573
q-bio,2008,1,765
q-bio,2008,2,888
q-bio,2008,3,844
q-bio,2008,4,980
q-bio,2009,0,813
q-bio,2009,1,717
q-bio,2009,2,871
q-bio,2009,3,796
q-bio,2009,4,783
q-bio,2010,0,628
q-bio,2010,1,617
q-bio,2010,2,826
q-bio,2010,3,831
q-bio,2010,4,869
q-bio,2011,0,626
q-bio,2011,1,562
q-bio,2011,2,810
q-bio,2011,3,886
q-bio,2011,4,822
q-bio,2012,0,681
q-bio,2012,1,618
q-bio,2012,2,689
q-bio,2012,3,771
q-bio,2012,4,779
q-bio,2013,0,692
q-bio,2013,1,662
q-bio,2013,2,641
q-bio,2013,3,865
q-bio,2013,4,762
q-bio,2014,0,574
q-bio,2014,1,661
q-bio,2014,2,609
q-bio,2014,3,786
q-bio,2014,4,734
q-bio,2015,0,516
q-bio,2015,1,521
q-bio,2015,2,662
q-bio,2015,3,672
q-bio,2015,4,727
q-bio,2016,0,427
q-bio,2016,1,621
q-bio,2016,2,710
q-bio,2016,3,686
q-bio,2016,4,694
q-bio,2017,0,430
q-bio,2017,1,567
q-bio,2017,2,647
q-bio,2017,3,689
q-bio,2017,4,699
q-bio,2018,0,430
q-bio,2018,1,514
q-bio,2018,2,749
q-bio,2018,3,805
q-bio,2018,4,701
q-bio,2019,0,407
q-bio,2019,1,565
q-bio,2019,2,586
q-bio,2019,3,612
q-bio,2019,4,659
q-bio,2020,0,330
q-bio,2020,1,539
q-bio,2020,2,607
q-bio,2020,3,694
q-bio,2020,4,617
q-bio,2021,0,361
q-bio,2021,1,611
q-bio,2021,2,628
q-bio,2021,3,576
q-bio,2021,4,588
q-bio,2022,0,279
q-bio,2022,1,444
q-bio,2022,2,740
q-bio,2022,3,535
q-bio,2022,4,532
q-bio,2023,0,255
q-bio,2023,1,462
q-bio,2023,2,421
q-bio,2023,3,461
q-bio,2023,4,473
q-bio,2024,0,217
q-bio,2024,1,372
q-bio,2024,2,416
q-bio,2024,3,389
q-bio,2024,4,417
q-bio,2025,0,182
q-bio,2025,1,354
q-bio,2025,2,384
q-bio,2025,3,413
q-bio,2025,4,374
q-bio,2026,0,69
q-bio,2026,1,312
q-bio,2026,2,265
q-bio.BM,1900,0,1
q-bio.BM,1951,0,1
q-bio.BM,1960,3,5
q-bio.BM,1961,0,1
q-bio.BM,1961,4,1
q-bio.BM,1967,0,1
q-bio.BM,1967,3,1
q-bio.BM,1970,0,2
q-bio.BM,1971,1,1
q-bio.BM,1973,0,3
q-bio.BM,1976,0,1
q-bio.BM,1977,0,3
q-bio.BM,1980,1,1
q-bio.BM,1983,0,1
q-bio.BM,1983,2,13
q-bio.BM,1984,0,1
q-bio.BM,1986,3,1
q-bio.BM,1987,2,3
q-bio.BM,1987,4,3
q-bio.BM,1988,0,1
q-bio.BM,1989,0,5
q-bio.BM,1990,0,5
q-bio.BM,1991,0,1
q-bio.BM,1993,0,1
q-bio.BM,1993,4,1
q-bio.BM,1994,0,1
q-bio.BM,1994,1,2
q-bio.BM,1994,4,2
q-bio.BM,1995,0,3
q-bio.BM,1995,1,5
q-bio.BM,1995,2,4
q-bio.BM,1995,3,7
q-bio.BM,1995,4,2
q-bio.BM,1996,0,12
q-bio.BM,1996,1,3
q-bio.BM,1996,2,10
q-bio.BM,1996,3,9
q-bio.BM,1996,4,13
q-bio.BM,1997,0,11
q-bio.BM,1997,1,17
q-bio.BM,1997,2,19
q-bio.BM,1997,3,18
q-bio.BM,1997,4,23
q-bio.BM,1998,0,17
q-bio.BM,1998,1,11
q-bio.BM,1998,2,45
q-bio.BM,1998,3,40
q-bio.BM,1998,4,25
q-bio.BM,1999,0,41
q-bio.BM,1999,1,22
q-bio.BM,1999,2,40
q-bio.BM,1999,3,23
q-bio.BM,1999,4,43
q-bio.BM,2000,0,62
q-bio.BM,2000,1,39
q-bio.BM,2000,2,55
q-bio.BM,2000,3,40
q-bio.BM,2000,4,48
q-bio.BM,2001,0,43
q-bio.BM,2001,1,71
q-bio.BM,2001,2,63
q-bio.BM,2001,3,50
q-bio.BM,2001,4,57
q-bio.BM,2002,0,63
q-bio.BM,2002,1,85
q-bio.BM,2002,2,76
q-bio.BM,2002,3,94
q-bio.BM,2002,4,88
q-bio.BM,2003,0,45
q-bio.BM,2003,1,111
q-bio.BM,2003,2,121
q-bio.BM,2003,3,72
q-bio.BM,2003,4,157
q-bio.BM,2004,0,77
q-bio.BM,2004,1,123
q-bio.BM,2004,2,170
q-bio.BM,2004,3,172
q-bio.BM,2004,4,214
q-bio.BM,2005,0,131
q-bio.BM,2005,1,240
q-bio.BM,2005,2,250
q-bio.BM,2005,3,242
q-bio.BM,2005,4,374
q-bio.BM,2006,0,168
q-bio.BM,2006,1,460
q-bio.BM,2006,2,424
q-bio.BM,2006,3,405
q-bio.BM,2006,4,497
q-bio.BM,2007,0,207
q-bio.BM,2007,1,464
q-bio.BM,2007,2,613
q-bio.BM,2007,3,555
q-bio.BM,2007,4,629
q-bio.BM,2008,0,269
q-bio.BM,2008,1,621
q-bio.BM,2008,2,660
q-bio.BM,2008,3,566
q-bio.BM,2008,4,762
q-bio.BM,2009,0,440
q-bio.BM,2009,1,674
q-bio.BM,2009,2,664
q-bio.BM,2009,3,593
q-bio.BM,2009,4,740
q-bio.BM,2010,0,471
q-bio.BM,2010,1,640
q-bio.BM,2010,2,751
q-bio.BM,2010,3,842
q-bio.BM,2010,4,855
q-bio.BM,2011,0,485
q-bio.BM,2011,1,762
q-bio.BM,2011,2,780
q-bio.BM,2011,3,838
q-bio.BM,2011,4,861
q-bio.BM,2012,0,647
q-bio.BM,2012,1,837
q-bio.BM,2012,2,958
q-bio.BM,2012,3,951
q-bio.BM,2012,4,979
q-bio.BM,2013,0,613
q-bio.BM,2013,1,1039
q-bio.BM,2013,2,915
q-bio.BM,2013,3,1127
q-bio.BM,2013,4,1142
q-bio.BM,2014,0,652
q-bio.BM,2014,1,913
q-bio.BM,2014,2,1146
q-bio.BM,2014,3,1189
q-bio.BM,2014,4,1338
q-bio.BM,2015,0,713
q-bio.BM,2015,1,1082
q-bio.BM,2015,2,1161
q-bio.BM,2015,3,1330
q-bio.BM,2015,4,1392
q-bio.BM,2016,0,813
q-bio.BM,2016,1,1242
q-bio.BM,2016,2,1412
q-bio.BM,2016,3,1349
q-bio.BM,2016,4,1599
q-bio.BM,2017,0,778
q-bio.BM,2017,1,1300
q-bio.BM,2017,2,1456
q-bio.BM,2017,3,1415
q-bio.BM,2017,4,1832
q-bio.BM,2018,0,832
q-bio.BM,2018,1,1607
q-bio.BM,2018,2,1759
q-bio.BM,2018,3,1780
q-bio.BM,2018,4,1889
q-bio.BM,2019,0,932
q-bio.BM,2019,1,1605
q-bio.BM,2019,2,1890
q-bio.BM,2019,3,1903
q-bio.BM,2019,4,2184
q-bio.BM,2020,0,1075
q-bio.BM,2020,1,2008
q-bio.BM,2020,2,2258
q-bio.BM,2020,3,2345
q-bio.BM,2020,4,2660
q-bio.BM,2021,0,1111
q-bio.BM,2021,1,2497
q-bio.BM,2021,2,2872
q-bio.BM,2021,3,2764
q-bio.BM,2021,4,2849
q-bio.BM,2022,0,1346
q-bio.BM,2022,1,2266
q-bio.BM,2022,2,2709
q-bio.BM,2022,3,2659
q-bio.BM,2022,4,2804
q-bio.BM,2023,0,1094
q-bio.BM,2023,1,2584
q-bio.BM,2023,2,2708
q-bio.BM,2023,3,2562
q-bio.BM,2023,4,3071
q-bio.BM,2024,0,1017
q-bio.BM,2024,1,2944
q-bio.BM,2024,2,2785
q-bio.BM,2024,3,2673
q-bio.BM,2024,4,2830
q-bio.BM,2025,0,1052
q-bio.BM,2025,1,2675
q-bio.BM,2025,2,2842
q-bio.BM,2025,3,2883
q-bio.BM,2025,4,2591
q-bio.BM,2026,0,507
q-bio.BM,2026,1,2181
q-bio.BM,2026,2,1819
q-bio.CB,1900,0,1
q-bio.CB,1951,0,1
q-bio.CB,1951,4,1
q-bio.CB,1967,0,2
q-bio.CB,1975,2,1
q-bio.CB,1979,0,1
q-bio.CB,1981,4,1
q-bio.CB,1984,0,2
q-bio.CB,1984,3,1
q-bio.CB,1990,4,1
q-bio.CB,1994,1,1
q-bio.CB,1994,2,1
q-bio.CB,1995,3,1
q-bio.CB,1996,1,1
q-bio.CB,1997,2,1
q-bio.CB,1998,0,1
q-bio.CB,1998,1,1
q-bio.CB,1998,2,1
q-bio.CB,1998,4,1
q-bio.CB,1999,0,2
q-bio.CB,1999,1,2
q-bio.CB,1999,2,1
q-bio.CB,1999,3,1
q-bio.CB,1999,4,3
q-bio.CB,2000,0,8
q-bio.CB,2000,1,2
q-bio.CB,2000,2,5
q-bio.CB,2000,3,1
q-bio.CB,2000,4,6
q-bio.CB,2001,0,9
q-bio.CB,2001,1,2
q-bio.CB,2001,2,1
q-bio.CB,2001,3,6
q-bio.CB,2001,4,4
q-bio.CB,2002,0,3
q-bio.CB,2002,2,5
q-bio.CB,2002,3,7
q-bio.CB,2002,4,4
q-bio.CB,2003,0,5
q-bio.CB,2003,1,8
q-bio.CB,2003,2,8
q-bio.CB,2003,3,6
q-bio.CB,2003,4,9
q-bio.CB,2004,0,14
q-bio.CB,2004,1,14
q-bio.CB,2004,2,31
q-bio.CB,2004,3,25
q-bio.CB,2004,4,52
q-bio.CB,2005,0,48
q-bio.CB,2005,1,42
q-bio.CB,2005,2,59
q-bio.CB,2005,3,38
q-bio.CB,2005,4,85
q-bio.CB,2006,0,53
q-bio.CB,2006,1,73
q-bio.CB,2006,2,84
q-bio.CB,2006,3,88
q-bio.CB,2006,4,74
q-bio.CB,2007,0,74
q-bio.CB,2007,1,89
q-bio.CB,2007,2,119
q-bio.CB,2007,3,102
q-bio.CB,2007,4,129
q-bio.CB,2008,0,106
q-bio.CB,2008,1,141
q-bio.CB,2008,2,137
q-bio.CB,2008,3,168
q-bio.CB,2008,4,205
q-bio.CB,2009,0,173
q-bio.CB,2009,1,157
q-bio.CB,2009,2,184
q-bio.CB,2009,3,210
q-bio.CB,2009,4,212
q-bio.CB,2010,0,186
q-bio.CB,2010,1,185
q-bio.CB,2010,2,265
q-bio.CB,2010,3,233
q-bio.CB,2010,4,290
q-bio.CB,2011,0,221
q-bio.CB,2011,1,240
q-bio.CB,2011,2,278
q-bio.CB,2011,3,297
q-bio.CB,2011,4,329
q-bio.CB,2012,0,271
q-bio.CB,2012,1,283
q-bio.CB,2012,2,332
q-bio.CB,2012,3,337
q-bio.CB,2012,4,322
q-bio.CB,2013,0,340
q-bio.CB,2013,1,332
q-bio.CB,2013,2,404
q-bio.CB,2013,3,481
q-bio.CB,2013,4,478
q-bio.CB,2014,0,328
q-bio.CB,2014,1,379
q-bio.CB,2014,2,426
q-bio.CB,2014,3,473
q-bio.CB,2014,4,579
q-bio.CB,2015,0,391
q-bio.CB,2015,1,448
q-bio.CB,2015,2,532
q-bio.CB,2015,3,600
q-bio.CB,2015,4,680
q-bio.CB,2016,0,378
q-bio.CB,2016,1,582
q-bio.CB,2016,2,643
q-bio.CB,2016,3,655
q-bio.CB,2016,4,793
q-bio.CB,2017,0,414
q-bio.CB,2017,1,718
q-bio.CB,2017,2,722
q-bio.CB,2017,3,756
q-bio.CB,2017,4,867
q-bio.CB,2018,0,490
q-bio.CB,2018,1,822
q-bio.CB,2018,2,913
q-bio.CB,2018,3,839
q-bio.CB,2018,4,1003
q-bio.CB,2019,0,516
q-bio.CB,2019,1,928
q-bio.CB,2019,2,952
q-bio.CB,2019,3,882
q-bio.CB,2019,4,1134
q-bio.CB,2020,0,652
q-bio.CB,2020,1,1009
q-bio.CB,2020,2,1317
q-bio.CB,2020,3,1751
q-bio.CB,2020,4,1558
q-bio.CB,2021,0,678
q-bio.CB,2021,1,1616
q-bio.CB,2021,2,1600
q-bio.CB,2021,3,1463
q-bio.CB,2021,4,1387
q-bio.CB,2022,0,562
q-bio.CB,2022,1,1162
q-bio.CB,2022,2,1425
q-bio.CB,2022,3,1197
q-bio.CB,2022,4,1197
q-bio.CB,2023,0,498
q-bio.CB,2023,1,1118
q-bio.CB,2023,2,1076
q-bio.CB,2023,3,1112
q-bio.CB,2023,4,1182
q-bio.CB,2024,0,494
q-bio.CB,2024,1,1043
q-bio.CB,2024,2,1105
q-bio.CB,2024,3,1048
q-bio.CB,2024,4,1114
q-bio.CB,2025,0,376
q-bio.CB,2025,1,1025
q-bio.CB,2025,2,1085
q-bio.CB,2025,3,1197
q-bio.CB,2025,4,1018
q-bio.CB,2026,0,191
q-bio.CB,2026,1,861
q-bio.CB,2026,2,657
q-bio.GN,1900,0,1
q-bio.GN,1962,0,1
q-bio.GN,1964,3,1
q-bio.GN,1967,3,1
q-bio.GN,1969,0,2
q-bio.GN,1970,0,2
q-bio.GN,1971,0,1
q-bio.GN,1975,3,1
q-bio.GN,1976,4,1
q-bio.GN,1977,0,1
q-bio.GN,1978,0,1
q-bio.GN,1978,2,1
q-bio.GN,1979,4,1
q-bio.GN,1983,2,1
q-bio.GN,1983,3,1
q-bio.GN,1984,4,2
q-bio.GN,1985,0,1
q-bio.GN,1985,2,1
q-bio.GN,1985,3,1
q-bio.GN,1986,3,2
q-bio.GN,1987,0,1
q-bio.GN,1987,1,1
q-bio.GN,1988,0,2
q-bio.GN,1988,3,1
q-bio.GN,1989,0,2
q-bio.GN,1990,0,1
q-bio.GN,1990,4,1
q-bio.GN,1991,0,2
q-bio.GN,1991,2,1
q-bio.GN,1992,3,1
q-bio.GN,1993,0,2
q-bio.GN,1993,4,2
q-bio.GN,1994,0,1
q-bio.GN,1994,2,1
q-bio.GN,1995,0,5
q-bio.GN,1995,2,1
q-bio.GN,1995,3,2
q-bio.GN,1995,4,3
q-bio.GN,1996,0,2
q-bio.GN,1996,1,1
q-bio.GN,1996,2,1
q-bio.GN,1996,3,2
q-bio.GN,1996,4,2
q-bio.GN,1997,0,20
q-bio.GN,1997,1,2
q-bio.GN,1997,3,1
q-bio.GN,1997,4,9
q-bio.GN,1998,0,2
q-bio.GN,1998,1,5
q-bio.GN,1998,2,9
q-bio.GN,1998,3,10
q-bio.GN,1998,4,4
q-bio.GN,1999,0,19
q-bio.GN,1999,1,5
q-bio.GN,1999,2,7
q-bio.GN,1999,3,7
q-bio.GN,1999,4,21
q-bio.GN,2000,0,36
q-bio.GN,2000,1,11
q-bio.GN,2000,2,16
q-bio.GN,2000,3,14
q-bio.GN,2000,4,12
q-bio.GN,2001,0,11
q-bio.GN,2001,1,8
q-bio.GN,2001,2,20
q-bio.GN,2001,3,19
q-bio.GN,2001,4,20
q-bio.GN,2002,0,15
q-bio.GN,2002,1,15
q-bio.GN,2002,2,9
q-bio.GN,2002,3,22
q-bio.GN,2002,4,27
q-bio.GN,2003,0,19
q-bio.GN,2003,1,25
q-bio.GN,2003,2,22
q-bio.GN,2003,3,30
q-bio.GN,2003,4,27
q-bio.GN,2004,0,37
q-bio.GN,2004,1,56
q-bio.GN,2004,2,49
q-bio.GN,2004,3,62
q-bio.GN,2004,4,69
q-bio.GN,2005,0,78
q-bio.GN,2005,1,59
q-bio.GN,2005,2,88
q-bio.GN,2005,3,72
q-bio.GN,2005,4,106
q-bio.GN,2006,0,97
q-bio.GN,2006,1,109
q-bio.GN,2006,2,107
q-bio.GN,2006,3,165
q-bio.GN,2006,4,151
q-bio.GN,2007,0,127
q-bio.GN,2007,1,135
q-bio.GN,2007,2,186
q-bio.GN,2007,3,169
q-bio.GN,2007,4,166
q-bio.GN,2008,0,164
q-bio.GN,2008,1,194
q-bio.GN,2008,2,184
q-bio.GN,2008,3,178
q-bio.GN,2008,4,226
q-bio.GN,2009,0,235
q-bio.GN,2009,1,173
q-bio.GN,2009,2,211
q-bio.GN,2009,3,254
q-bio.GN,2009,4,241
q-bio.GN,2010,0,217
q-bio.GN,2010,1,224
q-bio.GN,2010,2,282
q-bio.GN,2010,3,265
q-bio.GN,2010,4,289
q-bio.GN,2011,0,257
q-bio.GN,2011,1,257
q-bio.GN,2011,2,328
q-bio.GN,2011,3,350
q-bio.GN,2011,4,341
q-bio.GN,2012,0,375
q-bio.GN,2012,1,315
q-bio.GN,2012,2,357
q-bio.GN,2012,3,370
q-bio.GN,2012,4,422
q-bio.GN,2013,0,453
q-bio.GN,2013,1,419
q-bio.GN,2013,2,528
q-bio.GN,2013,3,530
q-bio.GN,2013,4,649
q-bio.GN,2014,0,558
q-bio.GN,2014,1,600
q-bio.GN,2014,2,756
q-bio.GN,2014,3,874
q-bio.GN,2014,4,956
q-bio.GN,2015,0,532
q-bio.GN,2015,1,835
q-bio.GN,2015,2,1123
q-bio.GN,2015,3,1192
q-bio.GN,2015,4,1339
q-bio.GN,2016,0,552
q-bio.GN,2016,1,1273
q-bio.GN,2016,2,1433
q-bio.GN,2016,3,1610
q-bio.GN,2016,4,1683
q-bio.GN,2017,0,560
q-bio.GN,2017,1,1642
q-bio.GN,2017,2,1842
q-bio.GN,2017,3,1934
q-bio.GN,2017,4,2113
q-bio.GN,2018,0,634
q-bio.GN,2018,1,1981
q-bio.GN,2018,2,2209
q-bio.GN,2018,3,2387
q-bio.GN,2018,4,2579
q-bio.GN,2019,0,721
q-bio.GN,2019,1,2424
q-bio.GN,2019,2,2773
q-bio.GN,2019,3,2698
q-bio.GN,2019,4,3247
q-bio.GN,2020,0,1006
q-bio.GN,2020,1,3034
q-bio.GN,2020,2,3823
q-bio.GN,2020,3,3923
q-bio.GN,2020,4,4105
q-bio.GN,2021,0,1526
q-bio.GN,2021,1,4300
q-bio.GN,2021,2,4347
q-bio.GN,2021,3,4274
q-bio.GN,2021,4,4118
q-bio.GN,2022,0,1532
q-bio.GN,2022,1,3944
q-bio.GN,2022,2,4059
q-bio.GN,2022,3,4196
q-bio.GN,2022,4,4319
q-bio.GN,2023,0,1206
q-bio.GN,2023,1,4275
q-bio.GN,2023,2,4396
q-bio.GN,2023,3,4512
q-bio.GN,2023,4,4777
q-bio.GN,2024,0,1056
q-bio.GN,2024,1,4647
q-bio.GN,2024,2,4972
q-bio.GN,2024,3,5049
q-bio.GN,2024,4,5064
q-bio.GN,2025,0,1117
q-bio.GN,2025,1,4891
q-bio.GN,2025,2,5232
q-bio.GN,2025,3,5543
q-bio.GN,2025,4,5478
q-bio.GN,2026,0,535
q-bio.GN,2026,1,4880
q-bio.GN,2026,2,3773
q-bio.MN,1900,0,7
q-bio.MN,1957,4,1
q-bio.MN,1968,3,5
q-bio.MN,1973,0,1
q-bio.MN,1979,2,1
q-bio.MN,1982,1,2
q-bio.MN,1986,4,2
q-bio.MN,1988,0,1
q-bio.MN,1990,0,5
q-bio.MN,1990,3,3
q-bio.MN,1991,1,1
q-bio.MN,1991,2,1
q-bio.MN,1994,3,1
q-bio.MN,1995,2,2
q-bio.MN,1996,0,3
q-bio.MN,1997,0,1
q-bio.MN,1997,3,1
q-bio.MN,1998,1,3
q-bio.MN,1999,0,2
q-bio.MN,1999,3,2
q-bio.MN,1999,4,2
q-bio.MN,2000,0,24
q-bio.MN,2000,1,1
q-bio.MN,2000,2,3
q-bio.MN,2000,3,1
q-bio.MN,2000,4,4
q-bio.MN,2001,0,2
q-bio.MN,2001,1,3
q-bio.MN,2001,2,4
q-bio.MN,2001,3,3
q-bio.MN,2001,4,2
q-bio.MN,2002,0,2
q-bio.MN,2002,1,3
q-bio.MN,2002,2,3
q-bio.MN,2002,3,10
q-bio.MN,2002,4,6
q-bio.MN,2003,0,21
q-bio.MN,2003,1,13
q-bio.MN,2003,2,21
q-bio.MN,2003,3,16
q-bio.MN,2003,4,24
q-bio.MN,2004,0,28
q-bio.MN,2004,1,41
q-bio.MN,2004,2,43
q-bio.MN,2004,3,57
q-bio.MN,2004,4,72
q-bio.MN,2005,0,118
q-bio.MN,2005,1,79
q-bio.MN,2005,2,93
q-bio.MN,2005,3,114
q-bio.MN,2005,4,151
q-bio.MN,2006,0,190
q-bio.MN,2006,1,161
q-bio.MN,2006,2,159
q-bio.MN,2006,3,196
q-bio.MN,2006,4,236
q-bio.MN,2007,0,235
q-bio.MN,2007,1,234
q-bio.MN,2007,2,398
q-bio.MN,2007,3,363
q-bio.MN,2007,4,421
q-bio.MN,2008,0,373
q-bio.MN,2008,1,341
q-bio.MN,2008,2,429
q-bio.MN,2008,3,460
q-bio.MN,2008,4,520
q-bio.MN,2009,0,611
q-bio.MN,2009,1,465
q-bio.MN,2009,2,505
q-bio.MN,2009,3,569
q-bio.MN,2009,4,632
q-bio.MN,2010,0,535
q-bio.MN,2010,1,480
q-bio.MN,2010,2,622
q-bio.MN,2010,3,640
q-bio.MN,2010,4,768
q-bio.MN,2011,0,671
q-bio.MN,2011,1,579
q-bio.MN,2011,2,757
q-bio.MN,2011,3,774
q-bio.MN,2011,4,869
q-bio.MN,2012,0,780
q-bio.MN,2012,1,683
q-bio.MN,2012,2,903
q-bio.MN,2012,3,957
q-bio.MN,2012,4,945
q-bio.MN,2013,0,906
q-bio.MN,2013,1,828
q-bio.MN,2013,2,995
q-bio.MN,2013,3,1036
q-bio.MN,2013,4,1080
q-bio.MN,2014,0,817
q-bio.MN,2014,1,909
q-bio.MN,2014,2,1084
q-bio.MN,2014,3,1165
q-bio.MN,2014,4,1210
q-bio.MN,2015,0,734
q-bio.MN,2015,1,949
q-bio.MN,2015,2,1212
q-bio.MN,2015,3,1287
q-bio.MN,2015,4,1321
q-bio.MN,2016,0,768
q-bio.MN,2016,1,1133
q-bio.MN,2016,2,1235
q-bio.MN,2016,3,1407
q-bio.MN,2016,4,1365
q-bio.MN,2017,0,672
q-bio.MN,2017,1,1204
q-bio.MN,2017,2,1502
q-bio.MN,2017,3,1320
q-bio.MN,2017,4,1513
q-bio.MN,2018,0,737
q-bio.MN,2018,1,1341
q-bio.MN,2018,2,1644
q-bio.MN,2018,3,1702
q-bio.MN,2018,4,1684
q-bio.MN,2019,0,870
q-bio.MN,2019,1,1349
q-bio.MN,2019,2,1589
q-bio.MN,2019,3,1526
q-bio.MN,2019,4,1839
q-bio.MN,2020,0,881
q-bio.MN,2020,1,1549
q-bio.MN,2020,2,1619
q-bio.MN,2020,3,1817
q-bio.MN,2020,4,1784
q-bio.MN,2021,0,814
q-bio.MN,2021,1,1830
q-bio.MN,2021,2,1809
q-bio.MN,2021,3,1759
q-bio.MN,2021,4,1672
q-bio.MN,2022,0,743
q-bio.MN,2022,1,1462
q-bio.MN,2022,2,1834
q-bio.MN,2022,3,1467
q-bio.MN,2022,4,1508
q-bio.MN,2023,0,585
q-bio.MN,2023,1,1486
q-bio.MN,2023,2,1408
q-bio.MN,2023,3,1426
q-bio.MN,2023,4,1486
q-bio.MN,2024,0,545
q-bio.MN,2024,1,1316
q-bio.MN,2024,2,1356
q-bio.MN,2024,3,1351
q-bio.MN,2024,4,1408
q-bio.MN,2025,0,483
q-bio.MN,2025,1,1213
q-bio.MN,2025,2,1425
q-bio.MN,2025,3,1339
q-bio.MN,2025,4,1353
q-bio.MN,2026,0,245
q-bio.MN,2026,1,1173
q-bio.MN,2026,2,884
q-bio.NC,1901,0,1
q-bio.NC,1905,0,3
q-bio.NC,1913,0,1
q-bio.NC,1939,0,1
q-bio.NC,1951,4,1
q-bio.NC,1955,0,1
q-bio.NC,1958,0,1
q-bio.NC,1961,4,1
q-bio.NC,1963,2,1
q-bio.NC,1967,1,1
q-bio.NC,1967,2,2
q-bio.NC,1970,0,1
q-bio.NC,1976,3,1
q-bio.NC,1981,0,2
q-bio.NC,1984,3,1
q-bio.NC,1986,0,1
q-bio.NC,1986,3,4
q-bio.NC,1987,3,1
q-bio.NC,1988,0,2
q-bio.NC,1988,3,1
q-bio.NC,1989,0,1
q-bio.NC,1989,1,1
q-bio.NC,1989,2,1
q-bio.NC,1990,0,1
q-bio.NC,1990,3,4
q-bio.NC,1991,0,1
q-bio.NC,1991,3,1
q-bio.NC,1992,1,1
q-bio.NC,1992,2,1
q-bio.NC,1992,4,3
q-bio.NC,1993,2,2
q-bio.NC,1993,3,10
q-bio.NC,1994,0,1
q-bio.NC,1994,1,1
q-bio.NC,1994,3,3
q-bio.NC,1995,1,2
q-bio.NC,1995,2,1
q-bio.NC,1996,0,2
q-bio.NC,1996,1,1
q-bio.NC,1996,2,1
q-bio.NC,1996,3,2
q-bio.NC,1996,4,1
q-bio.NC,1997,0,2
q-bio.NC,1997,1,1
q-bio.NC,1997,3,1
q-bio.NC,1998,0,2
q-bio.NC,1998,1,1
q-bio.NC,1998,2,3
q-bio.NC,1998,3,2
q-bio.NC,1998,4,4
q-bio.NC,1999,0,8
q-bio.NC,1999,1,1
q-bio.NC,1999,2,6
q-bio.NC,1999,3,3
q-bio.NC,1999,4,7
q-bio.NC,2000,0,28
q-bio.NC,2000,1,4
q-bio.NC,2000,2,2
q-bio.NC,2000,3,12
q-bio.NC,2000,4,6
q-bio.NC,2001,0,8
q-bio.NC,2001,1,6
q-bio.NC,2001,2,13
q-bio.NC,2001,3,3
q-bio.NC,2001,4,9
q-bio.NC,2002,0,12
q-bio.NC,2002,1,8
q-bio.NC,2002,2,10
q-bio.NC,2002,3,8
q-bio.NC,2002,4,15
q-bio.NC,2003,0,28
q-bio.NC,2003,1,14
q-bio.NC,2003,2,19
q-bio.NC,2003,3,25
q-bio.NC,2003,4,31
q-bio.NC,2004,0,30
q-bio.NC,2004,1,39
q-bio.NC,2004,2,55
q-bio.NC,2004,3,48
q-bio.NC,2004,4,48
q-bio.NC,2005,0,59
q-bio.NC,2005,1,51
q-bio.NC,2005,2,56
q-bio.NC,2005,3,75
q-bio.NC,2005,4,82
q-bio.NC,2006,0,86
q-bio.NC,2006,1,123
q-bio.NC,2006,2,99
q-bio.NC,2006,3,131
q-bio.NC,2006,4,190
q-bio.NC,2007,0,120
q-bio.NC,2007,1,116
q-bio.NC,2007,2,182
q-bio.NC,2007,3,233
q-bio.NC,2007,4,280
q-bio.NC,2008,0,176
q-bio.NC,2008,1,224
q-bio.NC,2008,2,303
q-bio.NC,2008,3,262
q-bio.NC,2008,4,270
q-bio.NC,2009,0,274
q-bio.NC,2009,1,259
q-bio.NC,2009,2,359
q-bio.NC,2009,3,335
q-bio.NC,2009,4,377
q-bio.NC,2010,0,359
q-bio.NC,2010,1,317
q-bio.NC,2010,2,466
q-bio.NC,2010,3,450
q-bio.NC,2010,4,450
q-bio.NC,2011,0,463
q-bio.NC,2011,1,443
q-bio.NC,2011,2,579
q-bio.NC,2011,3,625
q-bio.NC,2011,4,584
q-bio.NC,2012,0,614
q-bio.NC,2012,1,592
q-bio.NC,2012,2,600
q-bio.NC,2012,3,754
q-bio.NC,2012,4,703
q-bio.NC,2013,0,852
q-bio.NC,2013,1,750
q-bio.NC,2013,2,790
q-bio.NC,2013,3,1115
q-bio.NC,2013,4,961
q-bio.NC,2014,0,881
q-bio.NC,2014,1,934
q-bio.NC,2014,2,1081
q-bio.NC,2014,3,1246
q-bio.NC,2014,4,1270
q-bio.NC,2015,0,699
q-bio.NC,2015,1,1015
q-bio.NC,2015,2,1294
q-bio.NC,2015,3,1413
q-bio.NC,2015,4,1607
q-bio.NC,2016,0,956
q-bio.NC,2016,1,1392
q-bio.NC,2016,2,1675
q-bio.NC,2016,3,1814
q-bio.NC,2016,4,1899
q-bio.NC,2017,0,1045
q-bio.NC,2017,1,1988
q-bio.NC,2017,2,2405
q-bio.NC,2017,3,2387
q-bio.NC,2017,4,2639
q-bio.NC,2018,0,1233
q-bio.NC,2018,1,2226
q-bio.NC,2018,2,2674
q-bio.NC,2018,3,2957
q-bio.NC,2018,4,3139
q-bio.NC,2019,0,1486
q-bio.NC,2019,1,2651
q-bio.NC,2019,2,3283
q-bio.NC,2019,3,3392
q-bio.NC,2019,4,3529
q-bio.NC,2020,0,1851
q-bio.NC,2020,1,3157
q-bio.NC,2020,2,3785
q-bio.NC,2020,3,4105
q-bio.NC,2020,4,4584
q-bio.NC,2021,0,1995
q-bio.NC,2021,1,4308
q-bio.NC,2021,2,4805
q-bio.NC,2021,3,4767
q-bio.NC,2021,4,4694
q-bio.NC,2022,0,2146
q-bio.NC,2022,1,4059
q-bio.NC,2022,2,4497
q-bio.NC,2022,3,4474
q-bio.NC,2022,4,4880
q-bio.NC,2023,0,2296
q-bio.NC,2023,1,4155
q-bio.NC,2023,2,5047
q-bio.NC,2023,3,4857
q-bio.NC,2023,4,5308
q-bio.NC,2024,0,2132
q-bio.NC,2024,1,4485
q-bio.NC,2024,2,4955
q-bio.NC,2024,3,4994
q-bio.NC,2024,4,4710
q-bio.NC,2025,0,2013
q-bio.NC,2025,1,4344
q-bio.NC,2025,2,4551
q-bio.NC,2025,3,4353
q-bio.NC,2025,4,4593
q-bio.NC,2026,0,797
q-bio.NC,2026,1,3439
q-bio.NC,2026,2,2744
q-bio.OT,1900,0,1
q-bio.OT,1962,0,1
q-bio.OT,1977,2,1
q-bio.OT,1983,0,1
q-bio.OT,1983,2,1
q-bio.OT,1985,3,1
q-bio.OT,1987,2,1
q-bio.OT,2000,0,5
q-bio.OT,2000,3,1
q-bio.OT,2001,1,1
q-bio.OT,2001,2,1
q-bio.OT,2001,3,1
q-bio.OT,2001,4,4
q-bio.OT,2002,0,6
q-bio.OT,2002,1,4
q-bio.OT,2002,2,5
q-bio.OT,2002,3,5
q-bio.OT,2002,4,5
q-bio.OT,2003,0,9
q-bio.OT,2003,1,15
q-bio.OT,2003,2,13
q-bio.OT,2003,3,20
q-bio.OT,2003,4,27
q-bio.OT,2004,0,13
q-bio.OT,2004,1,24
q-bio.OT,2004,2,38
q-bio.OT,2004,3,30
q-bio.OT,2004,4,39
q-bio.OT,2005,0,30
q-bio.OT,2005,1,27
q-bio.OT,2005,2,38
q-bio.OT,2005,3,60
q-bio.OT,2005,4,66
q-bio.OT,2006,0,43
q-bio.OT,2006,1,58
q-bio.OT,2006,2,68
q-bio.OT,2006,3,51
q-bio.OT,2006,4,74
q-bio.OT,2007,0,46
q-bio.OT,2007,1,90
q-bio.OT,2007,2,98
q-bio.OT,2007,3,101
q-bio.OT,2007,4,103
q-bio.OT,2008,0,71
q-bio.OT,2008,1,102
q-bio.OT,2008,2,122
q-bio.OT,2008,3,114
q-bio.OT,2008,4,143
q-bio.OT,2009,0,119
q-bio.OT,2009,1,124
q-bio.OT,2009,2,144
q-bio.OT,2009,3,164
q-bio.OT,2009,4,163
q-bio.OT,2010,0,145
q-bio.OT,2010,1,133
q-bio.OT,2010,2,140
q-bio.OT,2010,3,143
q-bio.OT,2010,4,178
q-bio.OT,2011,0,153
q-bio.OT,2011,1,157
q-bio.OT,2011,2,172
q-bio.OT,2011,3,232
q-bio.OT,2011,4,243
q-bio.OT,2012,0,188
q-bio.OT,2012,1,190
q-bio.OT,2012,2,208
q-bio.OT,2012,3,277
q-bio.OT,2012,4,257
q-bio.OT,2013,0,201
q-bio.OT,2013,1,232
q-bio.OT,2013,2,238
q-bio.OT,2013,3,282
q-bio.OT,2013,4,277
q-bio.OT,2014,0,231
q-bio.OT,2014,1,226
q-bio.OT,2014,2,260
q-bio.OT,2014,3,263
q-bio.OT,2014,4,289
q-bio.OT,2015,0,168
q-bio.OT,2015,1,220
q-bio.OT,2015,2,270
q-bio.OT,2015,3,295
q-bio.OT,2015,4,293
q-bio.OT,2016,0,171
q-bio.OT,2016,1,250
q-bio.OT,2016,2,263
q-bio.OT,2016,3,336
q-bio.OT,2016,4,333
q-bio.OT,2017,0,196
q-bio.OT,2017,1,263
q-bio.OT,2017,2,318
q-bio.OT,2017,3,311
q-bio.OT,2017,4,360
q-bio.OT,2018,0,238
q-bio.OT,2018,1,282
q-bio.OT,2018,2,324
q-bio.OT,2018,3,374
q-bio.OT,2018,4,313
q-bio.OT,2019,0,197
q-bio.OT,2019,1,298
q-bio.OT,2019,2,362
q-bio.OT,2019,3,345
q-bio.OT,2019,4,377
q-bio.OT,2020,0,241
q-bio.OT,2020,1,329
q-bio.OT,2020,2,485
q-bio.OT,2020,3,537
q-bio.OT,2020,4,549
q-bio.OT,2021,0,274
q-bio.OT,2021,1,488
q-bio.OT,2021,2,579
q-bio.OT,2021,3,527
q-bio.OT,2021,4,526
q-bio.OT,2022,0,270
q-bio.OT,2022,1,434
q-bio.OT,2022,2,495
q-bio.OT,2022,3,396
q-bio.OT,2022,4,476
q-bio.OT,2023,0,217
q-bio.OT,2023,1,395
q-bio.OT,2023,2,429
q-bio.OT,2023,3,416
q-bio.OT,2023,4,513
q-bio.OT,2024,0,200
q-bio.OT,2024,1,404
q-bio.OT,2024,2,419
q-bio.OT,2024,3,394
q-bio.OT,2024,4,427
q-bio.OT,2025,0,197
q-bio.OT,2025,1,346
q-bio.OT,2025,2,354
q-bio.OT,2025,3,398
q-bio.OT,2025,4,357
q-bio.OT,2026,0,92
q-bio.OT,2026,1,330
q-bio.OT,2026,2,291
q-bio.PE,1900,3,1
q-bio.PE,1935,0,1
q-bio.PE,1949,0,1
q-bio.PE,1961,4,1
q-bio.PE,1964,3,3
q-bio.PE,1967,3,2
q-bio.PE,1969,0,1
q-bio.PE,1969,4,1
q-bio.PE,1970,0,6
q-bio.PE,1971,3,3
q-bio.PE,1971,4,1
q-bio.PE,1973,0,1
q-bio.PE,1974,0,1
q-bio.PE,1976,1,1
q-bio.PE,1976,2,1
q-bio.PE,1978,0,1
q-bio.PE,1978,3,1
q-bio.PE,1978,4,1
q-bio.PE,1979,2,3
q-bio.PE,1980,4,1
q-bio.PE,1981,0,2
q-bio.PE,1981,3,1
q-bio.PE,1982,1,1
q-bio.PE,1984,0,2
q-bio.PE,1988,2,1
q-bio.PE,1988,3,1
q-bio.PE,1988,4,1
q-bio.PE,1990,0,1
q-bio.PE,1991,0,1
q-bio.PE,1991,3,1
q-bio.PE,1992,0,1
q-bio.PE,1992,4,1
q-bio.PE,1993,0,20
q-bio.PE,1993,2,1
q-bio.PE,1993,3,3
q-bio.PE,1993,4,2
q-bio.PE,1994,0,1
q-bio.PE,1994,3,2
q-bio.PE,1994,4,1
q-bio.PE,1995,0,7
q-bio.PE,1995,1,1
q-bio.PE,1995,3,1
q-bio.PE,1996,0,2
q-bio.PE,1996,2,2
q-bio.PE,1996,3,1
q-bio.PE,1997,0,4
q-bio.PE,1997,1,1
q-bio.PE,1997,2,3
q-bio.PE,1997,4,5
q-bio.PE,1998,0,3
q-bio.PE,1998,1,4
q-bio.PE,1998,2,4
q-bio.PE,1998,3,4
q-bio.PE,1998,4,2
q-bio.PE,1999,0,9
q-bio.PE,1999,1,4
q-bio.PE,1999,2,4
q-bio.PE,1999,3,8
q-bio.PE,1999,4,7
q-bio.PE,2000,0,40
q-bio.PE,2000,1,16
q-bio.PE,2000,2,8
q-bio.PE,2000,3,22
q-bio.PE,2000,4,17
q-bio.PE,2001,0,38
q-bio.PE,2001,1,20
q-bio.PE,2001,2,17
q-bio.PE,2001,3,25
q-bio.PE,2001,4,20
q-bio.PE,2002,0,36
q-bio.PE,2002,1,31
q-bio.PE,2002,2,27
q-bio.PE,2002,3,25
q-bio.PE,2002,4,64
q-bio.PE,2003,0,50
q-bio.PE,2003,1,39
q-bio.PE,2003,2,44
q-bio.PE,2003,3,45
q-bio.PE,2003,4,51
q-bio.PE,2004,0,53
q-bio.PE,2004,1,66
q-bio.PE,2004,2,72
q-bio.PE,2004,3,102
q-bio.PE,2004,4,101
q-bio.PE,2005,0,91
q-bio.PE,2005,1,117
q-bio.PE,2005,2,125
q-bio.PE,2005,3,106
q-bio.PE,2005,4,168
q-bio.PE,2006,0,164
q-bio.PE,2006,1,185
q-bio.PE,2006,2,175
q-bio.PE,2006,3,212
q-bio.PE,2006,4,251
q-bio.PE,2007,0,175
q-bio.PE,2007,1,258
q-bio.PE,2007,2,342
q-bio.PE,2007,3,362
q-bio.PE,2007,4,353
q-bio.PE,2008,0,300
q-bio.PE,2008,1,362
q-bio.PE,2008,2,440
q-bio.PE,2008,3,409
q-bio.PE,2008,4,528
q-bio.PE,2009,0,470
q-bio.PE,2009,1,527
q-bio.PE,2009,2,568
q-bio.PE,2009,3,611
q-bio.PE,2009,4,738
q-bio.PE,2010,0,445
q-bio.PE,2010,1,659
q-bio.PE,2010,2,782
q-bio.PE,2010,3,917
q-bio.PE,2010,4,931
q-bio.PE,2011,0,592
q-bio.PE,2011,1,898
q-bio.PE,2011,2,907
q-bio.PE,2011,3,1193
q-bio.PE,2011,4,1065
q-bio.PE,2012,0,868
q-bio.PE,2012,1,1044
q-bio.PE,2012,2,1283
q-bio.PE,2012,3,1410
q-bio.PE,2012,4,1403
q-bio.PE,2013,0,1087
q-bio.PE,2013,1,1388
q-bio.PE,2013,2,1772
q-bio.PE,2013,3,1971
q-bio.PE,2013,4,1753
q-bio.PE,2014,0,1187
q-bio.PE,2014,1,1790
q-bio.PE,2014,2,2018
q-bio.PE,2014,3,2532
q-bio.PE,2014,4,2345
q-bio.PE,2015,0,1170
q-bio.PE,2015,1,2122
q-bio.PE,2015,2,2717
q-bio.PE,2015,3,2736
q-bio.PE,2015,4,2829
q-bio.PE,2016,0,1165
q-bio.PE,2016,1,2475
q-bio.PE,2016,2,2769
q-bio.PE,2016,3,3310
q-bio.PE,2016,4,3179
q-bio.PE,2017,0,1242
q-bio.PE,2017,1,3046
q-bio.PE,2017,2,3090
q-bio.PE,2017,3,3214
q-bio.PE,2017,4,4054
q-bio.PE,2018,0,1463
q-bio.PE,2018,1,3596
q-bio.PE,2018,2,3995
q-bio.PE,2018,3,3777
q-bio.PE,2018,4,4052
q-bio.PE,2019,0,1569
q-bio.PE,2019,1,3501
q-bio.PE,2019,2,4090
q-bio.PE,2019,3,4089
q-bio.PE,2019,4,4100
q-bio.PE,2020,0,2123
q-bio.PE,2020,1,4069
q-bio.PE,2020,2,6413
q-bio.PE,2020,3,6701
q-bio.PE,2020,4,6781
q-bio.PE,2021,0,3126
q-bio.PE,2021,1,6943
q-bio.PE,2021,2,7017
q-bio.PE,2021,3,7067
q-bio.PE,2021,4,6388
q-bio.PE,2022,0,2394
q-bio.PE,2022,1,5629
q-bio.PE,2022,2,6260
q-bio.PE,2022,3,5908
q-bio.PE,2022,4,5589
q-bio.PE,2023,0,1965
q-bio.PE,2023,1,5169
q-bio.PE,2023,2,5703
q-bio.PE,2023,3,5306
q-bio.PE,2023,4,5303
q-bio.PE,2024,0,1815
q-bio.PE,2024,1,4835
q-bio.PE,2024,2,4963
q-bio.PE,2024,3,4606
q-bio.PE,2024,4,4623
q-bio.PE,2025,0,1579
q-bio.PE,2025,1,4178
q-bio.PE,2025,2,4614
q-bio.PE,2025,3,4883
q-bio.PE,2025,4,4323
q-bio.PE,2026,0,834
q-bio.PE,2026,1,3717
q-bio.PE,2026,2,2946
q-bio.QM,1900,0,1
q-bio.QM,1905,0,1
q-bio.QM,1913,0,1
q-bio.QM,1920,4,2
q-bio.QM,1946,3,1
q-bio.QM,1951,3,1
q-bio.QM,1955,3,1
q-bio.QM,1961,4,2
q-bio.QM,1964,3,1
q-bio.QM,1967,2,1
q-bio.QM,1967,3,1
q-bio.QM,1968,3,3
q-bio.QM,1970,0,4
q-bio.QM,1971,3,1
q-bio.QM,1971,4,1
q-bio.QM,1973,0,2
q-bio.QM,1973,1,1
q-bio.QM,1973,3,2
q-bio.QM,1973,4,2
q-bio.QM,1974,0,3
q-bio.QM,1974,2,2
q-bio.QM,1975,0,3
q-bio.QM,1975,2,3
q-bio.QM,1975,3,2
q-bio.QM,1975,4,2
q-bio.QM,1976,2,1
q-bio.QM,1976,3,2
q-bio.QM,1976,4,1
q-bio.QM,1977,1,1
q-bio.QM,1977,4,1
q-bio.QM,1978,0,2
q-bio.QM,1978,2,1
q-bio.QM,1978,4,1
q-bio.QM,1979,0,2
q-bio.QM,1979,2,2
q-bio.QM,1979,3,1
q-bio.QM,1981,0,8
q-bio.QM,1981,2,1
q-bio.QM,1981,4,2
q-bio.QM,1982,0,4
q-bio.QM,1982,1,5
q-bio.QM,1982,2,1
q-bio.QM,1982,3,3
q-bio.QM,1983,0,2
q-bio.QM,1983,2,1
q-bio.QM,1983,4,1
q-bio.QM,1984,0,4
q-bio.QM,1984,3,2
q-bio.QM,1985,0,3
q-bio.QM,1985,1,2
q-bio.QM,1985,2,1
q-bio.QM,1986,0,1
q-bio.QM,1986,2,1
q-bio.QM,1986,4,1
q-bio.QM,1987,1,1
q-bio.QM,1987,3,2
q-bio.QM,1988,0,2
q-bio.QM,1988,2,2
q-bio.QM,1988,3,2
q-bio.QM,1988,4,1
q-bio.QM,1989,0,2
q-bio.QM,1989,2,1
q-bio.QM,1990,0,7
q-bio.QM,1990,2,1
q-bio.QM,1990,3,1
q-bio.QM,1990,4,2
q-bio.QM,1991,0,3
q-bio.QM,1991,2,1
q-bio.QM,1991,4,1
q-bio.QM,1992,0,1
q-bio.QM,1992,2,1
q-bio.QM,1992,3,1
q-bio.QM,1992,4,1
q-bio.QM,1993,0,4
q-bio.QM,1993,2,1
q-bio.QM,1993,3,2
q-bio.QM,1994,0,3
q-bio.QM,1994,2,3
q-bio.QM,1994,3,1
q-bio.QM,1994,4,2
q-bio.QM,1995,0,3
q-bio.QM,1995,2,1
q-bio.QM,1995,4,1
q-bio.QM,1996,0,3
q-bio.QM,1996,1,1
q-bio.QM,1996,3,2
q-bio.QM,1997,0,2
q-bio.QM,1997,1,1
q-bio.QM,1997,2,1
q-bio.QM,1997,4,1
q-bio.QM,1998,0,7
q-bio.QM,1998,1,9
q-bio.QM,1998,2,2
q-bio.QM,1998,3,5
q-bio.QM,1998,4,3
q-bio.QM,1999,0,6
q-bio.QM,1999,1,1
q-bio.QM,1999,2,6
q-bio.QM,1999,3,4
q-bio.QM,1999,4,3
q-bio.QM,2000,0,22
q-bio.QM,2000,1,3
q-bio.QM,2000,2,2
q-bio.QM,2000,3,8
q-bio.QM,2000,4,4
q-bio.QM,2001,0,8
q-bio.QM,2001,1,3
q-bio.QM,2001,2,7
q-bio.QM,2001,3,14
q-bio.QM,2001,4,12
q-bio.QM,2002,0,16
q-bio.QM,2002,1,13
q-bio.QM,2002,2,13
q-bio.QM,2002,3,16
q-bio.QM,2002,4,28
q-bio.QM,2003,0,36
q-bio.QM,2003,1,24
q-bio.QM,2003,2,34
q-bio.QM,2003,3,34
q-bio.QM,2003,4,52
q-bio.QM,2004,0,47
q-bio.QM,2004,1,57
q-bio.QM,2004,2,49
q-bio.QM,2004,3,64
q-bio.QM,2004,4,97
q-bio.QM,2005,0,110
q-bio.QM,2005,1,92
q-bio.QM,2005,2,141
q-bio.QM,2005,3,130
q-bio.QM,2005,4,153
q-bio.QM,2006,0,199
q-bio.QM,2006,1,204
q-bio.QM,2006,2,187
q-bio.QM,2006,3,222
q-bio.QM,2006,4,268
q-bio.QM,2007,0,198
q-bio.QM,2007,1,259
q-bio.QM,2007,2,325
q-bio.QM,2007,3,364
q-bio.QM,2007,4,422
q-bio.QM,2008,0,295
q-bio.QM,2008,1,318
q-bio.QM,2008,2,452
q-bio.QM,2008,3,442
q-bio.QM,2008,4,545
q-bio.QM,2009,0,547
q-bio.QM,2009,1,462
q-bio.QM,2009,2,572
q-bio.QM,2009,3,578
q-bio.QM,2009,4,656
q-bio.QM,2010,0,599
q-bio.QM,2010,1,598
q-bio.QM,2010,2,733
q-bio.QM,2010,3,783
q-bio.QM,2010,4,860
q-bio.QM,2011,0,840
q-bio.QM,2011,1,744
q-bio.QM,2011,2,959
q-bio.QM,2011,3,1009
q-bio.QM,2011,4,1117
q-bio.QM,2012,0,947
q-bio.QM,2012,1,978
q-bio.QM,2012,2,1179
q-bio.QM,2012,3,1291
q-bio.QM,2012,4,1313
q-bio.QM,2013,0,1288
q-bio.QM,2013,1,1233
q-bio.QM,2013,2,1270
q-bio.QM,2013,3,1556
q-bio.QM,2013,4,1599
q-bio.QM,2014,0,1348
q-bio.QM,2014,1,1348
q-bio.QM,2014,2,1710
q-bio.QM,2014,3,1914
q-bio.QM,2014,4,1984
q-bio.QM,2015,0,1151
q-bio.QM,2015,1,1569
q-bio.QM,2015,2,1981
q-bio.QM,2015,3,2141
q-bio.QM,2015,4,2272
q-bio.QM,2016,0,1280
q-bio.QM,2016,1,1950
q-bio.QM,2016,2,2286
q-bio.QM,2016,3,2511
q-bio.QM,2016,4,2634
q-bio.QM,2017,0,1288
q-bio.QM,2017,1,2435
q-bio.QM,2017,2,2643
q-bio.QM,2017,3,2917
q-bio.QM,2017,4,3228
q-bio.QM,2018,0,1467
q-bio.QM,2018,1,2848
q-bio.QM,2018,2,3478
q-bio.QM,2018,3,3410
q-bio.QM,2018,4,3652
q-bio.QM,2019,0,1720
q-bio.QM,2019,1,3303
q-bio.QM,2019,2,4147
q-bio.QM,2019,3,3960
q-bio.QM,2019,4,4610
q-bio.QM,2020,0,2241
q-bio.QM,2020,1,4035
q-bio.QM,2020,2,5150
q-bio.QM,2020,3,5694
q-bio.QM,2020,4,6111
q-bio.QM,2021,0,2810
q-bio.QM,2021,1,6121
q-bio.QM,2021,2,6904
q-bio.QM,2021,3,6957
q-bio.QM,2021,4,6854
q-bio.QM,2022,0,2903
q-bio.QM,2022,1,5959
q-bio.QM,2022,2,6477
q-bio.QM,2022,3,6412
q-bio.QM,2022,4,6843
q-bio.QM,2023,0,2698
q-bio.QM,2023,1,6318
q-bio.QM,2023,2,6687
q-bio.QM,2023,3,6921
q-bio.QM,2023,4,7257
q-bio.QM,2024,0,2728
q-bio.QM,2024,1,6871
q-bio.QM,2024,2,7079
q-bio.QM,2024,3,6903
q-bio.QM,2024,4,7023
q-bio.QM,2025,0,2578
q-bio.QM,2025,1,6608
q-bio.QM,2025,2,7265
q-bio.QM,2025,3,7333
q-bio.QM,2025,4,7115
q-bio.QM,2026,0,1301
q-bio.QM,2026,1,6005
q-bio.QM,2026,2,4805
q-bio.SC,1961,0,1
q-bio.SC,1977,0,2
q-bio.SC,1984,0,1
q-bio.SC,1990,0,2
q-bio.SC,1992,4,1
q-bio.SC,1994,4,1
q-bio.SC,1997,0,1
q-bio.SC,1997,3,1
q-bio.SC,2000,0,5
q-bio.SC,2000,1,2
q-bio.SC,2000,3,2
q-bio.SC,2000,4,1
q-bio.SC,2001,0,3
q-bio.SC,2001,2,2
q-bio.SC,2001,4,1
q-bio.SC,2002,0,1
q-bio.SC,2002,1,5
q-bio.SC,2002,2,5
q-bio.SC,2002,3,4
q-bio.SC,2002,4,6
q-bio.SC,2003,0,5
q-bio.SC,2003,1,11
q-bio.SC,2003,2,8
q-bio.SC,2003,3,10
q-bio.SC,2003,4,7
q-bio.SC,2004,0,11
q-bio.SC,2004,1,6
q-bio.SC,2004,2,30
q-bio.SC,2004,3,25
q-bio.SC,2004,4,41
q-bio.SC,2005,0,35
q-bio.SC,2005,1,51
q-bio.SC,2005,2,39
q-bio.SC,2005,3,62
q-bio.SC,2005,4,83
q-bio.SC,2006,0,44
q-bio.SC,2006,1,69
q-bio.SC,2006,2,99
q-bio.SC,2006,3,117
q-bio.SC,2006,4,127
q-bio.SC,2007,0,52
q-bio.SC,2007,1,149
q-bio.SC,2007,2,158
q-bio.SC,2007,3,162
q-bio.SC,2007,4,169
q-bio.SC,2008,0,81
q-bio.SC,2008,1,187
q-bio.SC,2008,2,178
q-bio.SC,2008,3,190
q-bio.SC,2008,4,239
q-bio.SC,2009,0,204
q-bio.SC,2009,1,200
q-bio.SC,2009,2,209
q-bio.SC,2009,3,261
q-bio.SC,2009,4,273
q-bio.SC,2010,0,170
q-bio.SC,2010,1,226
q-bio.SC,2010,2,288
q-bio.SC,2010,3,277
q-bio.SC,2010,4,288
q-bio.SC,2011,0,321
q-bio.SC,2011,1,268
q-bio.SC,2011,2,283
q-bio.SC,2011,3,326
q-bio.SC,2011,4,335
q-bio.SC,2012,0,231
q-bio.SC,2012,1,324
q-bio.SC,2012,2,333
q-bio.SC,2012,3,313
q-bio.SC,2012,4,336
q-bio.SC,2013,0,243
q-bio.SC,2013,1,386
q-bio.SC,2013,2,344
q-bio.SC,2013,3,401
q-bio.SC,2013,4,407
q-bio.SC,2014,0,289
q-bio.SC,2014,1,309
q-bio.SC,2014,2,380
q-bio.SC,2014,3,394
q-bio.SC,2014,4,480
q-bio.SC,2015,0,234
q-bio.SC,2015,1,369
q-bio.SC,2015,2,400
q-bio.SC,2015,3,459
q-bio.SC,2015,4,484
q-bio.SC,2016,0,243
q-bio.SC,2016,1,440
q-bio.SC,2016,2,484
q-bio.SC,2016,3,521
q-bio.SC,2016,4,550
q-bio.SC,2017,0,318
q-bio.SC,2017,1,531
q-bio.SC,2017,2,546
q-bio.SC,2017,3,517
q-bio.SC,2017,4,631
q-bio.SC,2018,0,308
q-bio.SC,2018,1,537
q-bio.SC,2018,2,573
q-bio.SC,2018,3,573
q-bio.SC,2018,4,673
q-bio.SC,2019,0,284
q-bio.SC,2019,1,639
q-bio.SC,2019,2,703
q-bio.SC,2019,3,640
q-bio.SC,2019,4,712
q-bio.SC,2020,0,315
q-bio.SC,2020,1,703
q-bio.SC,2020,2,749
q-bio.SC,2020,3,831
q-bio.SC,2020,4,846
q-bio.SC,2021,0,319
q-bio.SC,2021,1,845
q-bio.SC,2021,2,797
q-bio.SC,2021,3,823
q-bio.SC,2021,4,759
q-bio.SC,2022,0,261
q-bio.SC,2022,1,672
q-bio.SC,2022,2,759
q-bio.SC,2022,3,715
q-bio.SC,2022,4,655
q-bio.SC,2023,0,237
q-bio.SC,2023,1,656
q-bio.SC,2023,2,630
q-bio.SC,2023,3,618
q-bio.SC,2023,4,716
q-bio.SC,2024,0,275
q-bio.SC,2024,1,591
q-bio.SC,2024,2,593
q-bio.SC,2024,3,603
q-bio.SC,2024,4,638
q-bio.SC,2025,0,188
q-bio.SC,2025,1,593
q-bio.SC,2025,2,603
q-bio.SC,2025,3,650
q-bio.SC,2025,4,538
q-bio.SC,2026,0,110
q-bio.SC,2026,1,491
q-bio.SC,2026,2,395
q-bio.TO,1973,0,1
q-bio.TO,1974,0,1
q-bio.TO,1979,2,1
q-bio.TO,1983,4,1
q-bio.TO,1989,2,1
q-bio.TO,1991,2,1
q-bio.TO,1998,1,1
q-bio.TO,1999,0,1
q-bio.TO,2000,0,6
q-bio.TO,2000,4,2
q-bio.TO,2001,4,1
q-bio.TO,2002,0,2
q-bio.TO,2002,1,2
q-bio.TO,2002,2,2
q-bio.TO,2002,3,7
q-bio.TO,2002,4,7
q-bio.TO,2003,0,4
q-bio.TO,2003,1,1
q-bio.TO,2003,2,6
q-bio.TO,2003,3,9
q-bio.TO,2003,4,10
q-bio.TO,2004,0,3
q-bio.TO,2004,1,4
q-bio.TO,2004,2,13
q-bio.TO,2004,3,14
q-bio.TO,2004,4,18
q-bio.TO,2005,0,15
q-bio.TO,2005,1,10
q-bio.TO,2005,2,28
q-bio.TO,2005,3,22
q-bio.TO,2005,4,23
q-bio.TO,2006,0,26
q-bio.TO,2006,1,37
q-bio.TO,2006,2,39
q-bio.TO,2006,3,37
q-bio.TO,2006,4,31
q-bio.TO,2007,0,30
q-bio.TO,2007,1,50
q-bio.TO,2007,2,42
q-bio.TO,2007,3,50
q-bio.TO,2007,4,79
q-bio.TO,2008,0,51
q-bio.TO,2008,1,70
q-bio.TO,2008,2,73
q-bio.TO,2008,3,77
q-bio.TO,2008,4,63
q-bio.TO,2009,0,68
q-bio.TO,2009,1,72
q-bio.TO,2009,2,71
q-bio.TO,2009,3,111
q-bio.TO,2009,4,87
q-bio.TO,2010,0,66
q-bio.TO,2010,1,69
q-bio.TO,2010,2,86
q-bio.TO,2010,3,97
q-bio.TO,2010,4,107
q-bio.TO,2011,0,87
q-bio.TO,2011,1,93
q-bio.TO,2011,2,118
q-bio.TO,2011,3,141
q-bio.TO,2011,4,148
q-bio.TO,2012,0,137
q-bio.TO,2012,1,136
q-bio.TO,2012,2,141
q-bio.TO,2012,3,164
q-bio.TO,2012,4,184
q-bio.TO,2013,0,153
q-bio.TO,2013,1,138
q-bio.TO,2013,2,167
q-bio.TO,2013,3,200
q-bio.TO,2013,4,187
q-bio.TO,2014,0,146
q-bio.TO,2014,1,177
q-bio.TO,2014,2,189
q-bio.TO,2014,3,226
q-bio.TO,2014,4,252
q-bio.TO,2015,0,210
q-bio.TO,2015,1,204
q-bio.TO,2015,2,243
q-bio.TO,2015,3,267
q-bio.TO,2015,4,331
q-bio.TO,2016,0,233
q-bio.TO,2016,1,273
q-bio.TO,2016,2,312
q-bio.TO,2016,3,330
q-bio.TO,2016,4,346
q-bio.TO,2017,0,236
q-bio.TO,2017,1,367
q-bio.TO,2017,2,380
q-bio.TO,2017,3,448
q-bio.TO,2017,4,456
q-bio.TO,2018,0,285
q-bio.TO,2018,1,430
q-bio.TO,2018,2,488
q-bio.TO,2018,3,467
q-bio.TO,2018,4,523
q-bio.TO,2019,0,344
q-bio.TO,2019,1,592
q-bio.TO,2019,2,541
q-bio.TO,2019,3,623
q-bio.TO,2019,4,698
q-bio.TO,2020,0,369
q-bio.TO,2020,1,639
q-bio.TO,2020,2,724
q-bio.TO,2020,3,842
q-bio.TO,2020,4,878
q-bio.TO,2021,0,459
q-bio.TO,2021,1,982
q-bio.TO,2021,2,995
q-bio.TO,2021,3,989
q-bio.TO,2021,4,1032
q-bio.TO,2022,0,436
q-bio.TO,2022,1,919
q-bio.TO,2022,2,945
q-bio.TO,2022,3,891
q-bio.TO,2022,4,967
q-bio.TO,2023,0,421
q-bio.TO,2023,1,911
q-bio.TO,2023,2,908
q-bio.TO,2023,3,872
q-bio.TO,2023,4,954
q-bio.TO,2024,0,417
q-bio.TO,2024,1,938
q-bio.TO,2024,2,879
q-bio.TO,2024,3,886
q-bio.TO,2024,4,903
q-bio.TO,2025,0,395
q-bio.TO,2025,1,872
q-bio.TO,2025,2,1038
q-bio.TO,2025,3,960
q-bio.TO,2025,4,925
q-bio.TO,2026,0,184
q-bio.TO,2026,1,796
q-bio.TO,2026,2,682
q-fin.CP,1979,3,1
q-fin.CP,1998,3,1
q-fin.CP,1999,0,3
q-fin.CP,1999,3,2
q-fin.CP,2000,0,1
q-fin.CP,2000,3,1
q-fin.CP,2001,0,2
q-fin.CP,2001,1,1
q-fin.CP,2001,4,2
q-fin.CP,2002,0,9
q-fin.CP,2002,1,1
q-fin.CP,2002,2,2
q-fin.CP,2002,3,1
q-fin.CP,2002,4,3
q-fin.CP,2003,0,8
q-fin.CP,2003,1,2
q-fin.CP,2003,2,3
q-fin.CP,2003,3,2
q-fin.CP,2003,4,1
q-fin.CP,2004,0,1
q-fin.CP,2004,1,5
q-fin.CP,2004,2,5
q-fin.CP,2004,3,7
q-fin.CP,2004,4,5
q-fin.CP,2005,0,11
q-fin.CP,2005,1,6
q-fin.CP,2005,2,11
q-fin.CP,2005,3,7
q-fin.CP,2005,4,8
q-fin.CP,2006,0,11
q-fin.CP,2006,1,11
q-fin.CP,2006,2,9
q-fin.CP,2006,3,14
q-fin.CP,2006,4,13
q-fin.CP,2007,0,10
q-fin.CP,2007,1,19
q-fin.CP,2007,2,21
q-fin.CP,2007,3,6
q-fin.CP,2007,4,20
q-fin.CP,2008,0,29
q-fin.CP,2008,1,16
q-fin.CP,2008,2,24
q-fin.CP,2008,3,20
q-fin.CP,2008,4,22
q-fin.CP,2009,0,51
q-fin.CP,2009,1,24
q-fin.CP,2009,2,24
q-fin.CP,2009,3,16
q-fin.CP,2009,4,24
q-fin.CP,2010,0,74
q-fin.CP,2010,1,50
q-fin.CP,2010,2,52
q-fin.CP,2010,3,35
q-fin.CP,2010,4,65
q-fin.CP,2011,0,75
q-fin.CP,2011,1,43
q-fin.CP,2011,2,40
q-fin.CP,2011,3,58
q-fin.CP,2011,4,61
q-fin.CP,2012,0,76
q-fin.CP,2012,1,61
q-fin.CP,2012,2,77
q-fin.CP,2012,3,70
q-fin.CP,2012,4,50
q-fin.CP,2013,0,137
q-fin.CP,2013,1,70
q-fin.CP,2013,2,92
q-fin.CP,2013,3,76
q-fin.CP,2013,4,72
q-fin.CP,2014,0,140
q-fin.CP,2014,1,77
q-fin.CP,2014,2,83
q-fin.CP,2014,3,78
q-fin.CP,2014,4,89
q-fin.CP,2015,0,132
q-fin.CP,2015,1,82
q-fin.CP,2015,2,112
q-fin.CP,2015,3,115
q-fin.CP,2015,4,118
q-fin.CP,2016,0,179
q-fin.CP,2016,1,102
q-fin.CP,2016,2,128
q-fin.CP,2016,3,134
q-fin.CP,2016,4,93
q-fin.CP,2017,0,174
q-fin.CP,2017,1,111
q-fin.CP,2017,2,157
q-fin.CP,2017,3,109
q-fin.CP,2017,4,148
q-fin.CP,2018,0,205
q-fin.CP,2018,1,160
q-fin.CP,2018,2,142
q-fin.CP,2018,3,172
q-fin.CP,2018,4,196
q-fin.CP,2019,0,238
q-fin.CP,2019,1,202
q-fin.CP,2019,2,236
q-fin.CP,2019,3,245
q-fin.CP,2019,4,252
q-fin.CP,2020,0,275
q-fin.CP,2020,1,216
q-fin.CP,2020,2,349
q-fin.CP,2020,3,308
q-fin.CP,2020,4,382
q-fin.CP,2021,0,350
q-fin.CP,2021,1,394
q-fin.CP,2021,2,366
q-fin.CP,2021,3,415
q-fin.CP,2021,4,388
q-fin.CP,2022,0,327
q-fin.CP,2022,1,311
q-fin.CP,2022,2,357
q-fin.CP,2022,3,385
q-fin.CP,2022,4,408
q-fin.CP,2023,0,434
q-fin.CP,2023,1,359
q-fin.CP,2023,2,367
q-fin.CP,2023,3,405
q-fin.CP,2023,4,474
q-fin.CP,2024,0,443
q-fin.CP,2024,1,419
q-fin.CP,2024,2,452
q-fin.CP,2024,3,394
q-fin.CP,2024,4,432
q-fin.CP,2025,0,422
q-fin.CP,2025,1,345
q-fin.CP,2025,2,422
q-fin.CP,2025,3,411
q-fin.CP,2025,4,432
q-fin.CP,2026,0,123
q-fin.CP,2026,1,292
q-fin.CP,2026,2,232
q-fin.EC,1923,0,1
q-fin.EC,1970,0,1
q-fin.EC,1978,1,1
q-fin.EC,1994,0,1
q-fin.EC,2000,0,1
q-fin.EC,2006,4,1
q-fin.EC,2007,4,1
q-fin.EC,2008,3,1
q-fin.EC,2008,4,1
q-fin.EC,2009,0,1
q-fin.EC,2009,2,2
q-fin.EC,2009,3,5
q-fin.EC,2010,0,3
q-fin.EC,2010,4,4
q-fin.EC,2011,0,9
q-fin.EC,2011,1,2
q-fin.EC,2011,2,3
q-fin.EC,2011,3,1
q-fin.EC,2011,4,2
q-fin.EC,2012,0,7
q-fin.EC,2012,1,6
q-fin.EC,2012,2,1
q-fin.EC,2012,3,3
q-fin.EC,2012,4,8
q-fin.EC,2013,0,15
q-fin.EC,2013,1,5
q-fin.EC,2013,2,10
q-fin.EC,2013,3,3
q-fin.EC,2013,4,10
q-fin.EC,2014,0,28
q-fin.EC,2014,1,6
q-fin.EC,2014,2,9
q-fin.EC,2014,3,16
q-fin.EC,2014,4,9
q-fin.EC,2015,0,57
q-fin.EC,2015,1,16
q-fin.EC,2015,2,26
q-fin.EC,2015,3,21
q-fin.EC,2015,4,26
q-fin.EC,2016,0,65
q-fin.EC,2016,1,30
q-fin.EC,2016,2,46
q-fin.EC,2016,3,55
q-fin.EC,2016,4,97
q-fin.EC,2017,0,134
q-fin.EC,2017,1,103
q-fin.EC,2017,2,109
q-fin.EC,2017,3,99
q-fin.EC,2017,4,166
q-fin.EC,2018,0,152
q-fin.EC,2018,1,110
q-fin.EC,2018,2,176
q-fin.EC,2018,3,169
q-fin.EC,2018,4,200
q-fin.EC,2019,0,195
q-fin.EC,2019,1,177
q-fin.EC,2019,2,283
q-fin.EC,2019,3,209
q-fin.EC,2019,4,301
q-fin.EC,2020,0,442
q-fin.EC,2020,1,364
q-fin.EC,2020,2,486
q-fin.EC,2020,3,560
q-fin.EC,2020,4,565
q-fin.EC,2021,0,649
q-fin.EC,2021,1,775
q-fin.EC,2021,2,834
q-fin.EC,2021,3,878
q-fin.EC,2021,4,908
q-fin.EC,2022,0,741
q-fin.EC,2022,1,808
q-fin.EC,2022,2,879
q-fin.EC,2022,3,972
q-fin.EC,2022,4,1069
q-fin.EC,2023,0,1036
q-fin.EC,2023,1,932
q-fin.EC,2023,2,1122
q-fin.EC,2023,3,1190
q-fin.EC,2023,4,1312
q-fin.EC,2024,0,1322
q-fin.EC,2024,1,1212
q-fin.EC,2024,2,1354
q-fin.EC,2024,3,1180
q-fin.EC,2024,4,1285
q-fin.EC,2025,0,1091
q-fin.EC,2025,1,1182
q-fin.EC,2025,2,1362
q-fin.EC,2025,3,1291
q-fin.EC,2025,4,1157
q-fin.EC,2026,0,413
q-fin.EC,2026,1,1097
q-fin.EC,2026,2,963
q-fin.GN,1923,0,1
q-fin.GN,1990,2,1
q-fin.GN,1992,0,1
q-fin.GN,1995,4,1
q-fin.GN,1997,2,1
q-fin.GN,1997,4,1
q-fin.GN,1998,1,3
q-fin.GN,1998,3,1
q-fin.GN,1998,4,1
q-fin.GN,1999,0,9
q-fin.GN,1999,1,2
q-fin.GN,1999,2,2
q-fin.GN,1999,3,9
q-fin.GN,1999,4,4
q-fin.GN,2000,0,8
q-fin.GN,2000,1,2
q-fin.GN,2000,2,8
q-fin.GN,2000,3,9
q-fin.GN,2000,4,9
q-fin.GN,2001,0,8
q-fin.GN,2001,1,8
q-fin.GN,2001,2,3
q-fin.GN,2001,3,8
q-fin.GN,2001,4,16
q-fin.GN,2002,0,16
q-fin.GN,2002,1,13
q-fin.GN,2002,2,7
q-fin.GN,2002,3,11
q-fin.GN,2002,4,18
q-fin.GN,2003,0,28
q-fin.GN,2003,1,12
q-fin.GN,2003,2,37
q-fin.GN,2003,3,12
q-fin.GN,2003,4,34
q-fin.GN,2004,0,40
q-fin.GN,2004,1,46
q-fin.GN,2004,2,61
q-fin.GN,2004,3,73
q-fin.GN,2004,4,30
q-fin.GN,2005,0,172
q-fin.GN,2005,1,37
q-fin.GN,2005,2,67
q-fin.GN,2005,3,81
q-fin.GN,2005,4,30
q-fin.GN,2006,0,53
q-fin.GN,2006,1,97
q-fin.GN,2006,2,120
q-fin.GN,2006,3,65
q-fin.GN,2006,4,61
q-fin.GN,2007,0,73
q-fin.GN,2007,1,109
q-fin.GN,2007,2,227
q-fin.GN,2007,3,69
q-fin.GN,2007,4,108
q-fin.GN,2008,0,138
q-fin.GN,2008,1,84
q-fin.GN,2008,2,67
q-fin.GN,2008,3,92
q-fin.GN,2008,4,173
q-fin.GN,2009,0,284
q-fin.GN,2009,1,108
q-fin.GN,2009,2,111
q-fin.GN,2009,3,113
q-fin.GN,2009,4,161
q-fin.GN,2010,0,260
q-fin.GN,2010,1,127
q-fin.GN,2010,2,163
q-fin.GN,2010,3,146
q-fin.GN,2010,4,121
q-fin.GN,2011,0,254
q-fin.GN,2011,1,126
q-fin.GN,2011,2,191
q-fin.GN,2011,3,163
q-fin.GN,2011,4,163
q-fin.GN,2012,0,280
q-fin.GN,2012,1,161
q-fin.GN,2012,2,220
q-fin.GN,2012,3,188
q-fin.GN,2012,4,278
q-fin.GN,2013,0,345
q-fin.GN,2013,1,186
q-fin.GN,2013,2,216
q-fin.GN,2013,3,416
q-fin.GN,2013,4,228
q-fin.GN,2014,0,363
q-fin.GN,2014,1,257
q-fin.GN,2014,2,249
q-fin.GN,2014,3,313
q-fin.GN,2014,4,299
q-fin.GN,2015,0,534
q-fin.GN,2015,1,275
q-fin.GN,2015,2,352
q-fin.GN,2015,3,326
q-fin.GN,2015,4,326
q-fin.GN,2016,0,392
q-fin.GN,2016,1,396
q-fin.GN,2016,2,423
q-fin.GN,2016,3,382
q-fin.GN,2016,4,491
q-fin.GN,2017,0,573
q-fin.GN,2017,1,408
q-fin.GN,2017,2,352
q-fin.GN,2017,3,441
q-fin.GN,2017,4,518
q-fin.GN,2018,0,569
q-fin.GN,2018,1,456
q-fin.GN,2018,2,590
q-fin.GN,2018,3,542
q-fin.GN,2018,4,596
q-fin.GN,2019,0,483
q-fin.GN,2019,1,504
q-fin.GN,2019,2,666
q-fin.GN,2019,3,562
q-fin.GN,2019,4,639
q-fin.GN,2020,0,595
q-fin.GN,2020,1,1008
q-fin.GN,2020,2,642
q-fin.GN,2020,3,758
q-fin.GN,2020,4,749
q-fin.GN,2021,0,759
q-fin.GN,2021,1,723
q-fin.GN,2021,2,783
q-fin.GN,2021,3,882
q-fin.GN,2021,4,825
q-fin.GN,2022,0,648
q-fin.GN,2022,1,653
q-fin.GN,2022,2,819
q-fin.GN,2022,3,743
q-fin.GN,2022,4,798
q-fin.GN,2023,0,661
q-fin.GN,2023,1,626
q-fin.GN,2023,2,736
q-fin.GN,2023,3,853
q-fin.GN,2023,4,898
q-fin.GN,2024,0,672
q-fin.GN,2024,1,753
q-fin.GN,2024,2,770
q-fin.GN,2024,3,556
q-fin.GN,2024,4,707
q-fin.GN,2025,0,567
q-fin.GN,2025,1,658
q-fin.GN,2025,2,674
q-fin.GN,2025,3,657
q-fin.GN,2025,4,721
q-fin.GN,2026,0,250
q-fin.GN,2026,1,603
q-fin.GN,2026,2,499
q-fin.MF,2001,2,1
q-fin.MF,2002,0,2
q-fin.MF,2006,0,1
q-fin.MF,2006,4,2
q-fin.MF,2007,0,1
q-fin.MF,2007,1,1
q-fin.MF,2007,4,1
q-fin.MF,2008,0,4
q-fin.MF,2008,1,2
q-fin.MF,2008,2,3
q-fin.MF,2008,4,1
q-fin.MF,2009,0,5
q-fin.MF,2009,1,1
q-fin.MF,2009,2,2
q-fin.MF,2009,4,3
q-fin.MF,2010,0,8
q-fin.MF,2010,1,1
q-fin.MF,2010,2,3
q-fin.MF,2010,3,2
q-fin.MF,2010,4,3
q-fin.MF,2011,0,13
q-fin.MF,2011,1,6
q-fin.MF,2011,2,2
q-fin.MF,2011,3,1
q-fin.MF,2011,4,5
q-fin.MF,2012,0,7
q-fin.MF,2012,1,5
q-fin.MF,2012,2,5
q-fin.MF,2012,3,2
q-fin.MF,2012,4,2
q-fin.MF,2013,0,13
q-fin.MF,2013,1,5
q-fin.MF,2013,2,1
q-fin.MF,2013,3,6
q-fin.MF,2013,4,7
q-fin.MF,2014,0,15
q-fin.MF,2014,1,19
q-fin.MF,2014,2,9
q-fin.MF,2014,3,5
q-fin.MF,2014,4,17
q-fin.MF,2015,0,45
q-fin.MF,2015,1,15
q-fin.MF,2015,2,28
q-fin.MF,2015,3,16
q-fin.MF,2015,4,28
q-fin.MF,2016,0,48
q-fin.MF,2016,1,23
q-fin.MF,2016,2,25
q-fin.MF,2016,3,27
q-fin.MF,2016,4,33
q-fin.MF,2017,0,97
q-fin.MF,2017,1,39
q-fin.MF,2017,2,51
q-fin.MF,2017,3,51
q-fin.MF,2017,4,50
q-fin.MF,2018,0,110
q-fin.MF,2018,1,52
q-fin.MF,2018,2,63
q-fin.MF,2018,3,66
q-fin.MF,2018,4,77
q-fin.MF,2019,0,173
q-fin.MF,2019,1,78
q-fin.MF,2019,2,116
q-fin.MF,2019,3,123
q-fin.MF,2019,4,142
q-fin.MF,2020,0,195
q-fin.MF,2020,1,94
q-fin.MF,2020,2,198
q-fin.MF,2020,3,163
q-fin.MF,2020,4,192
q-fin.MF,2021,0,233
q-fin.MF,2021,1,194
q-fin.MF,2021,2,232
q-fin.MF,2021,3,240
q-fin.MF,2021,4,220
q-fin.MF,2022,0,229
q-fin.MF,2022,1,172
q-fin.MF,2022,2,206
q-fin.MF,2022,3,225
q-fin.MF,2022,4,231
q-fin.MF,2023,0,260
q-fin.MF,2023,1,198
q-fin.MF,2023,2,233
q-fin.MF,2023,3,200
q-fin.MF,2023,4,237
q-fin.MF,2024,0,325
q-fin.MF,2024,1,227
q-fin.MF,2024,2,239
q-fin.MF,2024,3,227
q-fin.MF,2024,4,256
q-fin.MF,2025,0,257
q-fin.MF,2025,1,205
q-fin.MF,2025,2,215
q-fin.MF,2025,3,237
q-fin.MF,2025,4,214
q-fin.MF,2026,0,91
q-fin.MF,2026,1,172
q-fin.MF,2026,2,121
q-fin.PM,1998,3,1
q-fin.PM,1999,0,4
q-fin.PM,1999,3,4
q-fin.PM,1999,4,2
q-fin.PM,2000,0,7
q-fin.PM,2000,2,3
q-fin.PM,2000,3,3
q-fin.PM,2000,4,5
q-fin.PM,2001,0,5
q-fin.PM,2001,1,3
q-fin.PM,2001,2,2
q-fin.PM,2001,4,5
q-fin.PM,2002,0,5
q-fin.PM,2002,1,1
q-fin.PM,2002,2,2
q-fin.PM,2002,3,1
q-fin.PM,2002,4,2
q-fin.PM,2003,0,3
q-fin.PM,2003,1,2
q-fin.PM,2003,2,2
q-fin.PM,2003,3,2
q-fin.PM,2004,0,8
q-fin.PM,2004,1,3
q-fin.PM,2004,2,6
q-fin.PM,2004,3,6
q-fin.PM,2004,4,3
q-fin.PM,2005,0,5
q-fin.PM,2005,1,2
q-fin.PM,2005,2,5
q-fin.PM,2005,3,6
q-fin.PM,2005,4,5
q-fin.PM,2006,0,9
q-fin.PM,2006,1,6
q-fin.PM,2006,2,7
q-fin.PM,2006,3,3
q-fin.PM,2006,4,17
q-fin.PM,2007,0,13
q-fin.PM,2007,1,10
q-fin.PM,2007,2,38
q-fin.PM,2007,3,15
q-fin.PM,2007,4,10
q-fin.PM,2008,0,11
q-fin.PM,2008,1,10
q-fin.PM,2008,2,8
q-fin.PM,2008,3,14
q-fin.PM,2008,4,17
q-fin.PM,2009,0,27
q-fin.PM,2009,1,10
q-fin.PM,2009,2,5
q-fin.PM,2009,3,19
q-fin.PM,2009,4,19
q-fin.PM,2010,0,56
q-fin.PM,2010,1,22
q-fin.PM,2010,2,26
q-fin.PM,2010,3,26
q-fin.PM,2010,4,27
q-fin.PM,2011,0,54
q-fin.PM,2011,1,31
q-fin.PM,2011,2,27
q-fin.PM,2011,3,39
q-fin.PM,2011,4,41
q-fin.PM,2012,0,89
q-fin.PM,2012,1,45
q-fin.PM,2012,2,49
q-fin.PM,2012,3,36
q-fin.PM,2012,4,45
q-fin.PM,2013,0,108
q-fin.PM,2013,1,55
q-fin.PM,2013,2,63
q-fin.PM,2013,3,37
q-fin.PM,2013,4,61
q-fin.PM,2014,0,111
q-fin.PM,2014,1,56
q-fin.PM,2014,2,64
q-fin.PM,2014,3,54
q-fin.PM,2014,4,60
q-fin.PM,2015,0,128
q-fin.PM,2015,1,63
q-fin.PM,2015,2,69
q-fin.PM,2015,3,80
q-fin.PM,2015,4,74
q-fin.PM,2016,0,110
q-fin.PM,2016,1,76
q-fin.PM,2016,2,92
q-fin.PM,2016,3,80
q-fin.PM,2016,4,90
q-fin.PM,2017,0,140
q-fin.PM,2017,1,82
q-fin.PM,2017,2,89
q-fin.PM,2017,3,109
q-fin.PM,2017,4,103
q-fin.PM,2018,0,117
q-fin.PM,2018,1,95
q-fin.PM,2018,2,104
q-fin.PM,2018,3,92
q-fin.PM,2018,4,95
q-fin.PM,2019,0,124
q-fin.PM,2019,1,97
q-fin.PM,2019,2,145
q-fin.PM,2019,3,124
q-fin.PM,2019,4,126
q-fin.PM,2020,0,193
q-fin.PM,2020,1,85
q-fin.PM,2020,2,188
q-fin.PM,2020,3,149
q-fin.PM,2020,4,144
q-fin.PM,2021,0,200
q-fin.PM,2021,1,152
q-fin.PM,2021,2,191
q-fin.PM,2021,3,140
q-fin.PM,2021,4,136
q-fin.PM,2022,0,169
q-fin.PM,2022,1,126
q-fin.PM,2022,2,155
q-fin.PM,2022,3,173
q-fin.PM,2022,4,145
q-fin.PM,2023,0,235
q-fin.PM,2023,1,153
q-fin.PM,2023,2,170
q-fin.PM,2023,3,189
q-fin.PM,2023,4,184
q-fin.PM,2024,0,266
q-fin.PM,2024,1,191
q-fin.PM,2024,2,166
q-fin.PM,2024,3,185
q-fin.PM,2024,4,179
q-fin.PM,2025,0,236
q-fin.PM,2025,1,172
q-fin.PM,2025,2,202
q-fin.PM,2025,3,195
q-fin.PM,2025,4,170
q-fin.PM,2026,0,61
q-fin.PM,2026,1,117
q-fin.PM,2026,2,106
q-fin.PR,1979,3,1
q-fin.PR,1997,4,1
q-fin.PR,1999,2,1
q-fin.PR,1999,4,2
q-fin.PR,2000,0,2
q-fin.PR,2000,1,2
q-fin.PR,2000,3,2
q-fin.PR,2001,0,2
q-fin.PR,2001,1,1
q-fin.PR,2001,3,1
q-fin.PR,2001,4,3
q-fin.PR,2002,1,1
q-fin.PR,2002,2,4
q-fin.PR,2002,3,2
q-fin.PR,2002,4,4
q-fin.PR,2003,0,7
q-fin.PR,2003,1,5
q-fin.PR,2003,2,1
q-fin.PR,2003,3,4
q-fin.PR,2003,4,7
q-fin.PR,2004,0,4
q-fin.PR,2004,1,13
q-fin.PR,2004,2,11
q-fin.PR,2004,3,12
q-fin.PR,2004,4,7
q-fin.PR,2005,0,8
q-fin.PR,2005,1,5
q-fin.PR,2005,2,8
q-fin.PR,2005,3,12
q-fin.PR,2005,4,5
q-fin.PR,2006,0,13
q-fin.PR,2006,1,14
q-fin.PR,2006,2,10
q-fin.PR,2006,3,8
q-fin.PR,2006,4,13
q-fin.PR,2007,0,20
q-fin.PR,2007,1,28
q-fin.PR,2007,2,14
q-fin.PR,2007,3,14
q-fin.PR,2007,4,17
q-fin.PR,2008,0,37
q-fin.PR,2008,1,20
q-fin.PR,2008,2,19
q-fin.PR,2008,3,15
q-fin.PR,2008,4,24
q-fin.PR,2009,0,39
q-fin.PR,2009,1,20
q-fin.PR,2009,2,28
q-fin.PR,2009,3,24
q-fin.PR,2009,4,31
q-fin.PR,2010,0,73
q-fin.PR,2010,1,40
q-fin.PR,2010,2,44
q-fin.PR,2010,3,41
q-fin.PR,2010,4,54
q-fin.PR,2011,0,96
q-fin.PR,2011,1,40
q-fin.PR,2011,2,46
q-fin.PR,2011,3,56
q-fin.PR,2011,4,64
q-fin.PR,2012,0,105
q-fin.PR,2012,1,50
q-fin.PR,2012,2,68
q-fin.PR,2012,3,62
q-fin.PR,2012,4,65
q-fin.PR,2013,0,149
q-fin.PR,2013,1,75
q-fin.PR,2013,2,72
q-fin.PR,2013,3,89
q-fin.PR,2013,4,86
q-fin.PR,2014,0,164
q-fin.PR,2014,1,75
q-fin.PR,2014,2,82
q-fin.PR,2014,3,89
q-fin.PR,2014,4,53
q-fin.PR,2015,0,161
q-fin.PR,2015,1,99
q-fin.PR,2015,2,128
q-fin.PR,2015,3,99
q-fin.PR,2015,4,114
q-fin.PR,2016,0,154
q-fin.PR,2016,1,73
q-fin.PR,2016,2,88
q-fin.PR,2016,3,106
q-fin.PR,2016,4,74
q-fin.PR,2017,0,166
q-fin.PR,2017,1,91
q-fin.PR,2017,2,111
q-fin.PR,2017,3,109
q-fin.PR,2017,4,85
q-fin.PR,2018,0,139
q-fin.PR,2018,1,118
q-fin.PR,2018,2,92
q-fin.PR,2018,3,109
q-fin.PR,2018,4,85
q-fin.PR,2019,0,128
q-fin.PR,2019,1,117
q-fin.PR,2019,2,89
q-fin.PR,2019,3,100
q-fin.PR,2019,4,118
q-fin.PR,2020,0,125
q-fin.PR,2020,1,98
q-fin.PR,2020,2,166
q-fin.PR,2020,3,122
q-fin.PR,2020,4,142
q-fin.PR,2021,0,135
q-fin.PR,2021,1,116
q-fin.PR,2021,2,128
q-fin.PR,2021,3,156
q-fin.PR,2021,4,119
q-fin.PR,2022,0,117
q-fin.PR,2022,1,103
q-fin.PR,2022,2,107
q-fin.PR,2022,3,104
q-fin.PR,2022,4,99
q-fin.PR,2023,0,162
q-fin.PR,2023,1,85
q-fin.PR,2023,2,122
q-fin.PR,2023,3,88
q-fin.PR,2023,4,126
q-fin.PR,2024,0,137
q-fin.PR,2024,1,126
q-fin.PR,2024,2,121
q-fin.PR,2024,3,116
q-fin.PR,2024,4,112
q-fin.PR,2025,0,141
q-fin.PR,2025,1,96
q-fin.PR,2025,2,114
q-fin.PR,2025,3,102
q-fin.PR,2025,4,110
q-fin.PR,2026,0,32
q-fin.PR,2026,1,90
q-fin.PR,2026,2,45
q-fin.RM,1979,3,3
q-fin.RM,1992,0,1
q-fin.RM,1999,0,1
q-fin.RM,1999,3,2
q-fin.RM,2000,0,2
q-fin.RM,2000,2,1
q-fin.RM,2000,4,2
q-fin.RM,2001,0,3
q-fin.RM,2001,1,1
q-fin.RM,2001,2,2
q-fin.RM,2001,3,2
q-fin.RM,2001,4,2
q-fin.RM,2002,0,12
q-fin.RM,2002,1,1
q-fin.RM,2002,3,7
q-fin.RM,2002,4,4
q-fin.RM,2003,0,7
q-fin.RM,2003,3,2
q-fin.RM,2003,4,3
q-fin.RM,2004,0,6
q-fin.RM,2004,1,1
q-fin.RM,2004,2,1
q-fin.RM,2004,3,2
q-fin.RM,2005,0,10
q-fin.RM,2005,1,2
q-fin.RM,2005,2,1
q-fin.RM,2005,3,3
q-fin.RM,2005,4,7
q-fin.RM,2006,0,12
q-fin.RM,2006,1,3
q-fin.RM,2006,2,6
q-fin.RM,2006,3,8
q-fin.RM,2006,4,10
q-fin.RM,2007,0,13
q-fin.RM,2007,1,5
q-fin.RM,2007,2,6
q-fin.RM,2007,3,9
q-fin.RM,2007,4,9
q-fin.RM,2008,0,21
q-fin.RM,2008,1,9
q-fin.RM,2008,2,10
q-fin.RM,2008,3,7
q-fin.RM,2008,4,15
q-fin.RM,2009,0,31
q-fin.RM,2009,1,17
q-fin.RM,2009,2,10
q-fin.RM,2009,3,21
q-fin.RM,2009,4,17
q-fin.RM,2010,0,53
q-fin.RM,2010,1,22
q-fin.RM,2010,2,31
q-fin.RM,2010,3,28
q-fin.RM,2010,4,25
q-fin.RM,2011,0,44
q-fin.RM,2011,1,29
q-fin.RM,2011,2,41
q-fin.RM,2011,3,37
q-fin.RM,2011,4,49
q-fin.RM,2012,0,82
q-fin.RM,2012,1,41
q-fin.RM,2012,2,42
q-fin.RM,2012,3,44
q-fin.RM,2012,4,53
q-fin.RM,2013,0,122
q-fin.RM,2013,1,56
q-fin.RM,2013,2,72
q-fin.RM,2013,3,48
q-fin.RM,2013,4,70
q-fin.RM,2014,0,118
q-fin.RM,2014,1,93
q-fin.RM,2014,2,89
q-fin.RM,2014,3,77
q-fin.RM,2014,4,82
q-fin.RM,2015,0,129
q-fin.RM,2015,1,85
q-fin.RM,2015,2,80
q-fin.RM,2015,3,76
q-fin.RM,2015,4,113
q-fin.RM,2016,0,116
q-fin.RM,2016,1,82
q-fin.RM,2016,2,86
q-fin.RM,2016,3,117
q-fin.RM,2016,4,124
q-fin.RM,2017,0,201
q-fin.RM,2017,1,119
q-fin.RM,2017,2,90
q-fin.RM,2017,3,113
q-fin.RM,2017,4,160
q-fin.RM,2018,0,195
q-fin.RM,2018,1,136
q-fin.RM,2018,2,152
q-fin.RM,2018,3,134
q-fin.RM,2018,4,167
q-fin.RM,2019,0,203
q-fin.RM,2019,1,151
q-fin.RM,2019,2,178
q-fin.RM,2019,3,189
q-fin.RM,2019,4,185
q-fin.RM,2020,0,236
q-fin.RM,2020,1,135
q-fin.RM,2020,2,218
q-fin.RM,2020,3,185
q-fin.RM,2020,4,250
q-fin.RM,2021,0,259
q-fin.RM,2021,1,207
q-fin.RM,2021,2,295
q-fin.RM,2021,3,308
q-fin.RM,2021,4,215
q-fin.RM,2022,0,251
q-fin.RM,2022,1,240
q-fin.RM,2022,2,228
q-fin.RM,2022,3,268
q-fin.RM,2022,4,243
q-fin.RM,2023,0,315
q-fin.RM,2023,1,228
q-fin.RM,2023,2,266
q-fin.RM,2023,3,248
q-fin.RM,2023,4,282
q-fin.RM,2024,0,314
q-fin.RM,2024,1,278
q-fin.RM,2024,2,259
q-fin.RM,2024,3,236
q-fin.RM,2024,4,326
q-fin.RM,2025,0,310
q-fin.RM,2025,1,257
q-fin.RM,2025,2,263
q-fin.RM,2025,3,251
q-fin.RM,2025,4,259
q-fin.RM,2026,0,87
q-fin.RM,2026,1,214
q-fin.RM,2026,2,166
q-fin.ST,1923,0,1
q-fin.ST,1979,3,7
q-fin.ST,1989,0,1
q-fin.ST,1992,2,1
q-fin.ST,1995,1,1
q-fin.ST,1997,0,3
q-fin.ST,1997,3,2
q-fin.ST,1997,4,2
q-fin.ST,1998,0,1
q-fin.ST,1998,1,4
q-fin.ST,1998,2,13
q-fin.ST,1998,3,6
q-fin.ST,1998,4,8
q-fin.ST,1999,0,44
q-fin.ST,1999,1,17
q-fin.ST,1999,2,17
q-fin.ST,1999,3,46
q-fin.ST,1999,4,26
q-fin.ST,2000,0,42
q-fin.ST,2000,1,8
q-fin.ST,2000,2,43
q-fin.ST,2000,3,58
q-fin.ST,2000,4,103
q-fin.ST,2001,0,70
q-fin.ST,2001,1,59
q-fin.ST,2001,2,53
q-fin.ST,2001,3,40
q-fin.ST,2001,4,166
q-fin.ST,2002,0,141
q-fin.ST,2002,1,51
q-fin.ST,2002,2,80
q-fin.ST,2002,3,93
q-fin.ST,2002,4,160
q-fin.ST,2003,0,127
q-fin.ST,2003,1,80
q-fin.ST,2003,2,100
q-fin.ST,2003,3,52
q-fin.ST,2003,4,101
q-fin.ST,2004,0,165
q-fin.ST,2004,1,158
q-fin.ST,2004,2,108
q-fin.ST,2004,3,185
q-fin.ST,2004,4,79
q-fin.ST,2005,0,109
q-fin.ST,2005,1,95
q-fin.ST,2005,2,160
q-fin.ST,2005,3,118
q-fin.ST,2005,4,176
q-fin.ST,2006,0,105
q-fin.ST,2006,1,170
q-fin.ST,2006,2,215
q-fin.ST,2006,3,120
q-fin.ST,2006,4,284
q-fin.ST,2007,0,155
q-fin.ST,2007,1,241
q-fin.ST,2007,2,387
q-fin.ST,2007,3,157
q-fin.ST,2007,4,319
q-fin.ST,2008,0,249
q-fin.ST,2008,1,228
q-fin.ST,2008,2,206
q-fin.ST,2008,3,270
q-fin.ST,2008,4,365
q-fin.ST,2009,0,403
q-fin.ST,2009,1,288
q-fin.ST,2009,2,302
q-fin.ST,2009,3,294
q-fin.ST,2009,4,327
q-fin.ST,2010,0,354
q-fin.ST,2010,1,342
q-fin.ST,2010,2,408
q-fin.ST,2010,3,449
q-fin.ST,2010,4,445
q-fin.ST,2011,0,437
q-fin.ST,2011,1,380
q-fin.ST,2011,2,461
q-fin.ST,2011,3,563
q-fin.ST,2011,4,522
q-fin.ST,2012,0,459
q-fin.ST,2012,1,517
q-fin.ST,2012,2,467
q-fin.ST,2012,3,490
q-fin.ST,2012,4,459
q-fin.ST,2013,0,506
q-fin.ST,2013,1,451
q-fin.ST,2013,2,586
q-fin.ST,2013,3,802
q-fin.ST,2013,4,453
q-fin.ST,2014,0,598
q-fin.ST,2014,1,621
q-fin.ST,2014,2,557
q-fin.ST,2014,3,641
q-fin.ST,2014,4,616
q-fin.ST,2015,0,492
q-fin.ST,2015,1,694
q-fin.ST,2015,2,674
q-fin.ST,2015,3,524
q-fin.ST,2015,4,785
q-fin.ST,2016,0,431
q-fin.ST,2016,1,668
q-fin.ST,2016,2,961
q-fin.ST,2016,3,670
q-fin.ST,2016,4,845
q-fin.ST,2017,0,591
q-fin.ST,2017,1,670
q-fin.ST,2017,2,824
q-fin.ST,2017,3,740
q-fin.ST,2017,4,827
q-fin.ST,2018,0,761
q-fin.ST,2018,1,767
q-fin.ST,2018,2,955
q-fin.ST,2018,3,853
q-fin.ST,2018,4,735
q-fin.ST,2019,0,595
q-fin.ST,2019,1,714
q-fin.ST,2019,2,1195
q-fin.ST,2019,3,1036
q-fin.ST,2019,4,916
q-fin.ST,2020,0,700
q-fin.ST,2020,1,866
q-fin.ST,2020,2,1038
q-fin.ST,2020,3,1080
q-fin.ST,2020,4,1186
q-fin.ST,2021,0,941
q-fin.ST,2021,1,1137
q-fin.ST,2021,2,1194
q-fin.ST,2021,3,1274
q-fin.ST,2021,4,1322
q-fin.ST,2022,0,777
q-fin.ST,2022,1,905
q-fin.ST,2022,2,1181
q-fin.ST,2022,3,1253
q-fin.ST,2022,4,1249
q-fin.ST,2023,0,1029
q-fin.ST,2023,1,1099
q-fin.ST,2023,2,1098
q-fin.ST,2023,3,1147
q-fin.ST,2023,4,1227
q-fin.ST,2024,0,1004
q-fin.ST,2024,1,1242
q-fin.ST,2024,2,1211
q-fin.ST,2024,3,1038
q-fin.ST,2024,4,1135
q-fin.ST,2025,0,887
q-fin.ST,2025,1,985
q-fin.ST,2025,2,1075
q-fin.ST,2025,3,1042
q-fin.ST,2025,4,1074
q-fin.ST,2026,0,349
q-fin.ST,2026,1,799
q-fin.ST,2026,2,601
q-fin.TR,1979,3,1
q-fin.TR,1997,4,1
q-fin.TR,1998,0,2
q-fin.TR,1998,3,3
q-fin.TR,1998,4,1
q-fin.TR,1999,0,7
q-fin.TR,1999,1,3
q-fin.TR,1999,2,8
q-fin.TR,1999,3,20
q-fin.TR,1999,4,6
q-fin.TR,2000,0,8
q-fin.TR,2000,1,5
q-fin.TR,2000,2,6
q-fin.TR,2000,3,13
q-fin.TR,2000,4,22
q-fin.TR,2001,0,19
q-fin.TR,2001,1,10
q-fin.TR,2001,2,13
q-fin.TR,2001,3,5
q-fin.TR,2001,4,65
q-fin.TR,2002,0,36
q-fin.TR,2002,1,3
q-fin.TR,2002,2,12
q-fin.TR,2002,3,39
q-fin.TR,2002,4,32
q-fin.TR,2003,0,39
q-fin.TR,2003,1,47
q-fin.TR,2003,2,37
q-fin.TR,2003,3,29
q-fin.TR,2003,4,47
q-fin.TR,2004,0,42
q-fin.TR,2004,1,41
q-fin.TR,2004,2,24
q-fin.TR,2004,3,37
q-fin.TR,2004,4,31
q-fin.TR,2005,0,69
q-fin.TR,2005,1,45
q-fin.TR,2005,2,61
q-fin.TR,2005,3,49
q-fin.TR,2005,4,64
q-fin.TR,2006,0,47
q-fin.TR,2006,1,74
q-fin.TR,2006,2,52
q-fin.TR,2006,3,34
q-fin.TR,2006,4,66
q-fin.TR,2007,0,48
q-fin.TR,2007,1,65
q-fin.TR,2007,2,63
q-fin.TR,2007,3,38
q-fin.TR,2007,4,61
q-fin.TR,2008,0,89
q-fin.TR,2008,1,73
q-fin.TR,2008,2,33
q-fin.TR,2008,3,65
q-fin.TR,2008,4,63
q-fin.TR,2009,0,111
q-fin.TR,2009,1,70
q-fin.TR,2009,2,65
q-fin.TR,2009,3,66
q-fin.TR,2009,4,82
q-fin.TR,2010,0,123
q-fin.TR,2010,1,60
q-fin.TR,2010,2,70
q-fin.TR,2010,3,85
q-fin.TR,2010,4,82
q-fin.TR,2011,0,168
q-fin.TR,2011,1,57
q-fin.TR,2011,2,109
q-fin.TR,2011,3,80
q-fin.TR,2011,4,101
q-fin.TR,2012,0,177
q-fin.TR,2012,1,81
q-fin.TR,2012,2,126
q-fin.TR,2012,3,91
q-fin.TR,2012,4,95
q-fin.TR,2013,0,222
q-fin.TR,2013,1,78
q-fin.TR,2013,2,139
q-fin.TR,2013,3,192
q-fin.TR,2013,4,98
q-fin.TR,2014,0,236
q-fin.TR,2014,1,136
q-fin.TR,2014,2,114
q-fin.TR,2014,3,105
q-fin.TR,2014,4,157
q-fin.TR,2015,0,254
q-fin.TR,2015,1,104
q-fin.TR,2015,2,155
q-fin.TR,2015,3,111
q-fin.TR,2015,4,181
q-fin.TR,2016,0,184
q-fin.TR,2016,1,146
q-fin.TR,2016,2,172
q-fin.TR,2016,3,159
q-fin.TR,2016,4,183
q-fin.TR,2017,0,214
q-fin.TR,2017,1,138
q-fin.TR,2017,2,165
q-fin.TR,2017,3,164
q-fin.TR,2017,4,224
q-fin.TR,2018,0,251
q-fin.TR,2018,1,188
q-fin.TR,2018,2,140
q-fin.TR,2018,3,169
q-fin.TR,2018,4,152
q-fin.TR,2019,0,216
q-fin.TR,2019,1,177
q-fin.TR,2019,2,244
q-fin.TR,2019,3,183
q-fin.TR,2019,4,177
q-fin.TR,2020,0,218
q-fin.TR,2020,1,140
q-fin.TR,2020,2,217
q-fin.TR,2020,3,196
q-fin.TR,2020,4,222
q-fin.TR,2021,0,312
q-fin.TR,2021,1,185
q-fin.TR,2021,2,228
q-fin.TR,2021,3,257
q-fin.TR,2021,4,275
q-fin.TR,2022,0,281
q-fin.TR,2022,1,183
q-fin.TR,2022,2,227
q-fin.TR,2022,3,195
q-fin.TR,2022,4,240
q-fin.TR,2023,0,342
q-fin.TR,2023,1,202
q-fin.TR,2023,2,211
q-fin.TR,2023,3,225
q-fin.TR,2023,4,288
q-fin.TR,2024,0,334
q-fin.TR,2024,1,250
q-fin.TR,2024,2,261
q-fin.TR,2024,3,237
q-fin.TR,2024,4,245
q-fin.TR,2025,0,297
q-fin.TR,2025,1,217
q-fin.TR,2025,2,231
q-fin.TR,2025,3,235
q-fin.TR,2025,4,269
q-fin.TR,2026,0,80
q-fin.TR,2026,1,186
q-fin.TR,2026,2,136
quant-ph,1884,0,1
quant-ph,1900,0,138
quant-ph,1914,0,1
quant-ph,1915,0,1
quant-ph,1920,4,4
quant-ph,1930,0,3
quant-ph,1930,3,2
quant-ph,1939,2,69
quant-ph,1951,0,1
quant-ph,1954,1,3
quant-ph,1954,3,1
quant-ph,1956,4,1
quant-ph,1957,3,19
quant-ph,1958,4,1
quant-ph,1959,1,1
quant-ph,1960,1,20
quant-ph,1961,2,7
quant-ph,1962,1,1
quant-ph,1962,4,1
quant-ph,1964,1,1
quant-ph,1964,4,26
quant-ph,1965,0,2
quant-ph,1967,4,1
quant-ph,1968,1,1
quant-ph,1968,3,9
quant-ph,1969,3,10
quant-ph,1969,4,12
quant-ph,1970,2,2
quant-ph,1970,3,7
quant-ph,1971,3,2
quant-ph,1972,0,6
quant-ph,1972,1,2
quant-ph,1972,2,1
quant-ph,1972,3,1
quant-ph,1972,4,4
quant-ph,1973,0,1
quant-ph,1973,2,7
quant-ph,1973,3,2
quant-ph,1973,4,3
quant-ph,1974,1,3
quant-ph,1974,2,1
quant-ph,1974,3,2
quant-ph,1974,4,4
quant-ph,1975,0,1
quant-ph,1975,1,1
quant-ph,1975,2,1
quant-ph,1975,3,3
quant-ph,1975,4,12
quant-ph,1976,1,2
quant-ph,1976,2,2
quant-ph,1976,3,41
quant-ph,1977,3,2
quant-ph,1978,2,65
quant-ph,1978,3,1
quant-ph,1978,4,1
quant-ph,1979,1,1
quant-ph,1979,2,5
quant-ph,1979,3,2
quant-ph,1979,4,2
quant-ph,1980,0,4
quant-ph,1980,1,1
quant-ph,1980,2,1
quant-ph,1980,3,5
quant-ph,1980,4,23
quant-ph,1981,0,3
quant-ph,1981,1,2
quant-ph,1981,2,2
quant-ph,1981,4,4
quant-ph,1982,0,37
quant-ph,1982,1,1
quant-ph,1982,3,1
quant-ph,1982,4,19
quant-ph,1983,0,7
quant-ph,1983,1,2
quant-ph,1983,2,2
quant-ph,1984,0,2
quant-ph,1984,3,2
quant-ph,1984,4,1
quant-ph,1985,1,1
quant-ph,1985,2,5
quant-ph,1985,3,24
quant-ph,1985,4,5
quant-ph,1986,0,7
quant-ph,1986,2,10
quant-ph,1986,3,4
quant-ph,1986,4,4
quant-ph,1987,0,15
quant-ph,1987,1,4
quant-ph,1987,2,6
quant-ph,1987,3,1
quant-ph,1987,4,6
quant-ph,1988,0,7
quant-ph,1988,1,1
quant-ph,1988,2,4
quant-ph,1988,3,6
quant-ph,1988,4,4
quant-ph,1989,0,16
quant-ph,1989,1,10
quant-ph,1989,2,8
quant-ph,1989,3,2
quant-ph,1989,4,2
quant-ph,1990,0,6
quant-ph,1990,1,4
quant-ph,1990,2,12
quant-ph,1990,3,5
quant-ph,1990,4,6
quant-ph,1991,0,13
quant-ph,1991,1,8
quant-ph,1991,2,16
quant-ph,1991,3,6
quant-ph,1991,4,9
quant-ph,1992,0,6
quant-ph,1992,1,15
quant-ph,1992,2,54
quant-ph,1992,3,17
quant-ph,1992,4,16
quant-ph,1993,0,35
quant-ph,1993,1,16
quant-ph,1993,2,22
quant-ph,1993,3,29
quant-ph,1993,4,37
quant-ph,1994,0,37
quant-ph,1994,1,20
quant-ph,1994,2,28
quant-ph,1994,3,27
quant-ph,1994,4,67
quant-ph,1995,0,116
quant-ph,1995,1,56
quant-ph,1995,2,142
quant-ph,1995,3,80
quant-ph,1995,4,143
quant-ph,1996,0,284
quant-ph,1996,1,135
quant-ph,1996,2,220
quant-ph,1996,3,312
quant-ph,1996,4,393
quant-ph,1997,0,501
quant-ph,1997,1,328
quant-ph,1997,2,456
quant-ph,1997,3,447
quant-ph,1997,4,663
quant-ph,1998,0,841
quant-ph,1998,1,762
quant-ph,1998,2,697
quant-ph,1998,3,1023
quant-ph,1998,4,1056
quant-ph,1999,0,1501
quant-ph,1999,1,835
quant-ph,1999,2,1031
quant-ph,1999,3,1449
quant-ph,1999,4,1751
quant-ph,2000,0,1456
quant-ph,2000,1,1883
quant-ph,2000,2,2568
quant-ph,2000,3,2373
quant-ph,2000,4,3484
quant-ph,2001,0,2090
quant-ph,2001,1,2739
quant-ph,2001,2,3598
quant-ph,2001,3,3671
quant-ph,2001,4,3878
quant-ph,2002,0,2507
quant-ph,2002,1,3967
quant-ph,2002,2,4940
quant-ph,2002,3,5555
quant-ph,2002,4,6256
quant-ph,2003,0,3732
quant-ph,2003,1,5064
quant-ph,2003,2,7810
quant-ph,2003,3,5949
quant-ph,2003,4,6721
quant-ph,2004,0,3971
quant-ph,2004,1,6903
quant-ph,2004,2,7446
quant-ph,2004,3,8105
quant-ph,2004,4,9720
quant-ph,2005,0,4763
quant-ph,2005,1,8445
quant-ph,2005,2,10369
quant-ph,2005,3,11982
quant-ph,2005,4,12299
quant-ph,2006,0,6332
quant-ph,2006,1,12688
quant-ph,2006,2,13315
quant-ph,2006,3,13726
quant-ph,2006,4,14582
quant-ph,2007,0,6127
quant-ph,2007,1,14534
quant-ph,2007,2,16772
quant-ph,2007,3,15725
quant-ph,2007,4,15407
quant-ph,2008,0,7505
quant-ph,2008,1,16132
quant-ph,2008,2,18479
quant-ph,2008,3,19244
quant-ph,2008,4,17926
quant-ph,2009,0,9872
quant-ph,2009,1,17952
quant-ph,2009,2,26988
quant-ph,2009,3,20288
quant-ph,2009,4,21004
quant-ph,2010,0,9444
quant-ph,2010,1,20723
quant-ph,2010,2,23205
quant-ph,2010,3,23588
quant-ph,2010,4,23539
quant-ph,2011,0,12858
quant-ph,2011,1,21990
quant-ph,2011,2,24580
quant-ph,2011,3,29446
quant-ph,2011,4,27499
quant-ph,2012,0,13661
quant-ph,2012,1,26923
quant-ph,2012,2,28565
quant-ph,2012,3,35188
quant-ph,2012,4,36371
quant-ph,2013,0,14906
quant-ph,2013,1,32676
quant-ph,2013,2,36667
quant-ph,2013,3,37698
quant-ph,2013,4,37420
quant-ph,2014,0,16629
quant-ph,2014,1,36277
quant-ph,2014,2,39714
quant-ph,2014,3,42078
quant-ph,2014,4,44991
quant-ph,2015,0,15756
quant-ph,2015,1,40206
quant-ph,2015,2,44595
quant-ph,2015,3,45016
quant-ph,2015,4,47158
quant-ph,2016,0,15960
quant-ph,2016,1,46723
quant-ph,2016,2,51421
quant-ph,2016,3,58732
quant-ph,2016,4,55190
quant-ph,2017,0,17995
quant-ph,2017,1,50587
quant-ph,2017,2,53901
quant-ph,2017,3,58400
quant-ph,2017,4,58850
quant-ph,2018,0,20775
quant-ph,2018,1,53973
quant-ph,2018,2,62023
quant-ph,2018,3,63961
quant-ph,2018,4,63096
quant-ph,2019,0,21099
quant-ph,2019,1,71893
quant-ph,2019,2,69045
quant-ph,2019,3,78767
quant-ph,2019,4,79327
quant-ph,2020,0,26473
quant-ph,2020,1,80506
quant-ph,2020,2,80231
quant-ph,2020,3,93648
quant-ph,2020,4,91340
quant-ph,2021,0,29106
quant-ph,2021,1,94327
quant-ph,2021,2,102551
quant-ph,2021,3,105913
quant-ph,2021,4,107729
quant-ph,2022,0,29553
quant-ph,2022,1,99948
quant-ph,2022,2,103858
quant-ph,2022,3,102114
quant-ph,2022,4,107310
quant-ph,2023,0,25172
quant-ph,2023,1,108474
quant-ph,2023,2,114510
quant-ph,2023,3,139058
quant-ph,2023,4,113313
quant-ph,2024,0,26734
quant-ph,2024,1,106885
quant-ph,2024,2,103534
quant-ph,2024,3,106380
quant-ph,2024,4,97881
quant-ph,2025,0,25566
quant-ph,2025,1,101059
quant-ph,2025,2,117799
quant-ph,2025,3,103752
quant-ph,2025,4,101365
quant-ph,2026,0,13274
quant-ph,2026,1,91321
quant-ph,2026,2,59334
solv-int,1973,4,1
solv-int,1989,0,1
solv-int,1990,3,1
solv-int,1991,0,1
solv-int,1991,1,2
solv-int,1992,0,2
solv-int,1992,3,3
solv-int,1992,4,3
solv-int,1993,0,15
solv-int,1993,1,4
solv-int,1993,2,17
solv-int,1993,3,10
solv-int,1993,4,23
solv-int,1994,0,42
solv-int,1994,1,26
solv-int,1994,2,33
solv-int,1994,3,36
solv-int,1994,4,52
solv-int,1995,0,47
solv-int,1995,1,49
solv-int,1995,2,63
solv-int,1995,3,79
solv-int,1995,4,65
solv-int,1996,0,58
solv-int,1996,1,46
solv-int,1996,2,88
solv-int,1996,3,101
solv-int,1996,4,111
solv-int,1997,0,163
solv-int,1997,1,113
solv-int,1997,2,104
solv-int,1997,3,155
solv-int,1997,4,180
solv-int,1998,0,222
solv-int,1998,1,120
solv-int,1998,2,228
solv-int,1998,3,285
solv-int,1998,4,303
solv-int,1999,0,448
solv-int,1999,1,175
solv-int,1999,2,236
solv-int,1999,3,280
solv-int,1999,4,327
solv-int,2000,0,449
solv-int,2000,1,242
solv-int,2000,2,369
solv-int,2000,3,349
solv-int,2000,4,312
solv-int,2001,0,432
solv-int,2001,1,300
solv-int,2001,2,332
solv-int,2001,3,328
solv-int,2001,4,371
solv-int,2002,0,349
solv-int,2002,1,230
solv-int,2002,2,459
solv-int,2002,3,366
solv-int,2002,4,346
solv-int,2003,0,264
solv-int,2003,1,288
solv-int,2003,2,369
solv-int,2003,3,265
solv-int,2003,4,344
solv-int,2004,0,228
solv-int,2004,1,283
solv-int,2004,2,287
solv-int,2004,3,270
solv-int,2004,4,348
solv-int,2005,0,220
solv-int,2005,1,288
solv-int,2005,2,276
solv-int,2005,3,335
solv-int,2005,4,346
solv-int,2006,0,279
solv-int,2006,1,326
solv-int,2006,2,305
solv-int,2006,3,303
solv-int,2006,4,334
solv-int,2007,0,216
solv-int,2007,1,346
solv-int,2007,2,389
solv-int,2007,3,347
solv-int,2007,4,333
solv-int,2008,0,223
solv-int,2008,1,282
solv-int,2008,2,322
solv-int,2008,3,275
solv-int,2008,4,356
solv-int,2009,0,221
solv-int,2009,1,274
solv-int,2009,2,352
solv-int,2009,3,347
solv-int,2009,4,346
solv-int,2010,0,167
solv-int,2010,1,325
solv-int,2010,2,326
solv-int,2010,3,322
solv-int,2010,4,343
solv-int,2011,0,219
solv-int,2011,1,299
solv-int,2011,2,326
solv-int,2011,3,250
solv-int,2011,4,258
solv-int,2012,0,178
solv-int,2012,1,272
solv-int,2012,2,225
solv-int,2012,3,306
solv-int,2012,4,462
solv-int,2013,0,210
solv-int,2013,1,300
solv-int,2013,2,278
solv-int,2013,3,291
solv-int,2013,4,299
solv-int,2014,0,221
solv-int,2014,1,296
solv-int,2014,2,321
solv-int,2014,3,310
solv-int,2014,4,329
solv-int,2015,0,131
solv-int,2015,1,277
solv-int,2015,2,297
solv-int,2015,3,272
solv-int,2015,4,292
solv-int,2016,0,141
solv-int,2016,1,297
solv-int,2016,2,268
solv-int,2016,3,433
solv-int,2016,4,284
solv-int,2017,0,147
solv-int,2017,1,228
solv-int,2017,2,310
solv-int,2017,3,327
solv-int,2017,4,286
solv-int,2018,0,150
solv-int,2018,1,239
solv-int,2018,2,319
solv-int,2018,3,332
solv-int,2018,4,305
solv-int,2019,0,142
solv-int,2019,1,276
solv-int,2019,2,308
solv-int,2019,3,246
solv-int,2019,4,304
solv-int,2020,0,132
solv-int,2020,1,250
solv-int,2020,2,282
solv-int,2020,3,307
solv-int,2020,4,330
solv-int,2021,0,140
solv-int,2021,1,335
solv-int,2021,2,369
solv-int,2021,3,320
solv-int,2021,4,314
solv-int,2022,0,109
solv-int,2022,1,298
solv-int,2022,2,308
solv-int,2022,3,261
solv-int,2022,4,282
solv-int,2023,0,77
solv-int,2023,1,281
solv-int,2023,2,269
solv-int,2023,3,277
solv-int,2023,4,320
solv-int,2024,0,97
solv-int,2024,1,287
solv-int,2024,2,285
solv-int,2024,3,240
solv-int,2024,4,263
solv-int,2025,0,92
solv-int,2025,1,226
solv-int,2025,2,209
solv-int,2025,3,231
solv-int,2025,4,219
solv-int,2026,0,38
solv-int,2026,1,214
solv-int,2026,2,140
stat.AP,1905,0,3
stat.AP,1949,0,1
stat.AP,1958,0,1
stat.AP,1959,3,1
stat.AP,1963,0,1
stat.AP,1964,3,1
stat.AP,1967,2,4
stat.AP,1969,4,1
stat.AP,1970,0,1
stat.AP,1974,2,1
stat.AP,1974,4,1
stat.AP,1975,1,1
stat.AP,1976,0,1
stat.AP,1981,0,2
stat.AP,1981,3,2
stat.AP,1983,1,1
stat.AP,1983,4,1
stat.AP,1984,4,1
stat.AP,1986,0,1
stat.AP,1986,4,1
stat.AP,1987,0,2
stat.AP,1987,1,1
stat.AP,1990,0,1
stat.AP,1990,4,1
stat.AP,1991,2,1
stat.AP,1992,4,1
stat.AP,1993,0,1
stat.AP,1993,2,1
stat.AP,1993,4,1
stat.AP,1994,0,2
stat.AP,1994,1,3
stat.AP,1994,2,2
stat.AP,1994,4,2
stat.AP,1995,0,3
stat.AP,1995,1,1
stat.AP,1995,2,1
stat.AP,1995,3,1
stat.AP,1995,4,1
stat.AP,1996,0,2
stat.AP,1996,1,2
stat.AP,1996,2,3
stat.AP,1996,3,3
stat.AP,1996,4,1
stat.AP,1997,0,3
stat.AP,1997,2,1
stat.AP,1997,3,2
stat.AP,1997,4,3
stat.AP,1998,0,4
stat.AP,1998,1,2
stat.AP,1998,3,2
stat.AP,1999,0,1
stat.AP,1999,1,2
stat.AP,1999,2,1
stat.AP,1999,4,2
stat.AP,2000,0,13
stat.AP,2000,2,1
stat.AP,2000,3,3
stat.AP,2001,0,2
stat.AP,2001,2,1
stat.AP,2001,3,3
stat.AP,2002,0,2
stat.AP,2002,3,5
stat.AP,2002,4,13
stat.AP,2003,0,1
stat.AP,2003,1,2
stat.AP,2003,2,3
stat.AP,2003,3,4
stat.AP,2003,4,1
stat.AP,2004,0,4
stat.AP,2004,1,22
stat.AP,2004,2,3
stat.AP,2004,3,6
stat.AP,2004,4,7
stat.AP,2005,0,9
stat.AP,2005,1,4
stat.AP,2005,2,4
stat.AP,2005,3,5
stat.AP,2005,4,12
stat.AP,2006,0,12
stat.AP,2006,1,11
stat.AP,2006,2,7
stat.AP,2006,3,12
stat.AP,2006,4,6
stat.AP,2007,0,37
stat.AP,2007,1,12
stat.AP,2007,2,28
stat.AP,2007,3,36
stat.AP,2007,4,63
stat.AP,2008,0,99
stat.AP,2008,1,68
stat.AP,2008,2,78
stat.AP,2008,3,120
stat.AP,2008,4,116
stat.AP,2009,0,202
stat.AP,2009,1,125
stat.AP,2009,2,149
stat.AP,2009,3,169
stat.AP,2009,4,238
stat.AP,2010,0,315
stat.AP,2010,1,228
stat.AP,2010,2,308
stat.AP,2010,3,312
stat.AP,2010,4,326
stat.AP,2011,0,421
stat.AP,2011,1,335
stat.AP,2011,2,445
stat.AP,2011,3,505
stat.AP,2011,4,605
stat.AP,2012,0,636
stat.AP,2012,1,548
stat.AP,2012,2,683
stat.AP,2012,3,766
stat.AP,2012,4,850
stat.AP,2013,0,856
stat.AP,2013,1,754
stat.AP,2013,2,980
stat.AP,2013,3,1041
stat.AP,2013,4,1282
stat.AP,2014,0,1079
stat.AP,2014,1,1050
stat.AP,2014,2,1401
stat.AP,2014,3,1400
stat.AP,2014,4,1527
stat.AP,2015,0,1137
stat.AP,2015,1,1277
stat.AP,2015,2,1654
stat.AP,2015,3,1836
stat.AP,2015,4,1895
stat.AP,2016,0,1240
stat.AP,2016,1,1728
stat.AP,2016,2,2225
stat.AP,2016,3,2446
stat.AP,2016,4,2425
stat.AP,2017,0,1523
stat.AP,2017,1,2287
stat.AP,2017,2,2584
stat.AP,2017,3,2831
stat.AP,2017,4,3137
stat.AP,2018,0,1801
stat.AP,2018,1,2691
stat.AP,2018,2,3431
stat.AP,2018,3,3627
stat.AP,2018,4,3957
stat.AP,2019,0,2110
stat.AP,2019,1,3518
stat.AP,2019,2,4446
stat.AP,2019,3,4138
stat.AP,2019,4,4769
stat.AP,2020,0,2780
stat.AP,2020,1,4175
stat.AP,2020,2,5469
stat.AP,2020,3,5672
stat.AP,2020,4,6051
stat.AP,2021,0,3318
stat.AP,2021,1,6097
stat.AP,2021,2,6704
stat.AP,2021,3,6838
stat.AP,2021,4,6648
stat.AP,2022,0,3139
stat.AP,2022,1,5756
stat.AP,2022,2,6133
stat.AP,2022,3,6148
stat.AP,2022,4,6368
stat.AP,2023,0,3327
stat.AP,2023,1,5838
stat.AP,2023,2,6561
stat.AP,2023,3,6432
stat.AP,2023,4,6627
stat.AP,2024,0,3560
stat.AP,2024,1,5983
stat.AP,2024,2,6292
stat.AP,2024,3,6118
stat.AP,2024,4,6309
stat.AP,2025,0,3350
stat.AP,2025,1,5496
stat.AP,2025,2,6323
stat.AP,2025,3,6161
stat.AP,2025,4,5979
stat.AP,2026,0,1398
stat.AP,2026,1,5033
stat.AP,2026,2,4516
stat.CO,1868,3,2
stat.CO,1958,2,2
stat.CO,1961,4,1
stat.CO,1970,0,1
stat.CO,1972,0,1
stat.CO,1975,1,1
stat.CO,1977,0,1
stat.CO,1981,0,1
stat.CO,1984,4,1
stat.CO,1985,0,1
stat.CO,1985,4,1
stat.CO,1986,0,1
stat.CO,1987,3,1
stat.CO,1987,4,1
stat.CO,1988,0,1
stat.CO,1990,0,1
stat.CO,1991,0,4
stat.CO,1992,0,1
stat.CO,1992,4,2
stat.CO,1993,3,1
stat.CO,1994,0,1
stat.CO,1994,2,1
stat.CO,1994,3,1
stat.CO,1994,4,1
stat.CO,1995,0,1
stat.CO,1995,3,1
stat.CO,1995,4,1
stat.CO,1996,0,1
stat.CO,1996,1,2
stat.CO,1997,0,1
stat.CO,1997,3,1
stat.CO,1997,4,3
stat.CO,1998,0,2
stat.CO,1998,1,1
stat.CO,1998,3,3
stat.CO,1999,2,1
stat.CO,1999,3,2
stat.CO,1999,4,2
stat.CO,2000,0,9
stat.CO,2000,2,2
stat.CO,2000,3,7
stat.CO,2000,4,1
stat.CO,2001,0,1
stat.CO,2001,2,2
stat.CO,2001,3,3
stat.CO,2001,4,2
stat.CO,2002,0,2
stat.CO,2002,2,3
stat.CO,2002,3,1
stat.CO,2003,0,7
stat.CO,2003,1,1
stat.CO,2003,2,3
stat.CO,2003,3,3
stat.CO,2003,4,4
stat.CO,2004,0,14
stat.CO,2004,1,2
stat.CO,2004,2,1
stat.CO,2004,3,2
stat.CO,2004,4,9
stat.CO,2005,0,15
stat.CO,2005,1,3
stat.CO,2005,2,7
stat.CO,2005,3,5
stat.CO,2005,4,5
stat.CO,2006,0,16
stat.CO,2006,1,5
stat.CO,2006,2,5
stat.CO,2006,3,3
stat.CO,2006,4,5
stat.CO,2007,0,23
stat.CO,2007,1,12
stat.CO,2007,2,13
stat.CO,2007,3,19
stat.CO,2007,4,25
stat.CO,2008,0,44
stat.CO,2008,1,17
stat.CO,2008,2,31
stat.CO,2008,3,38
stat.CO,2008,4,37
stat.CO,2009,0,113
stat.CO,2009,1,42
stat.CO,2009,2,70
stat.CO,2009,3,75
stat.CO,2009,4,111
stat.CO,2010,0,154
stat.CO,2010,1,142
stat.CO,2010,2,181
stat.CO,2010,3,143
stat.CO,2010,4,197
stat.CO,2011,0,214
stat.CO,2011,1,159
stat.CO,2011,2,263
stat.CO,2011,3,250
stat.CO,2011,4,323
stat.CO,2012,0,298
stat.CO,2012,1,248
stat.CO,2012,2,350
stat.CO,2012,3,352
stat.CO,2012,4,393
stat.CO,2013,0,418
stat.CO,2013,1,336
stat.CO,2013,2,456
stat.CO,2013,3,465
stat.CO,2013,4,555
stat.CO,2014,0,524
stat.CO,2014,1,435
stat.CO,2014,2,660
stat.CO,2014,3,646
stat.CO,2014,4,684
stat.CO,2015,0,644
stat.CO,2015,1,669
stat.CO,2015,2,890
stat.CO,2015,3,956
stat.CO,2015,4,1051
stat.CO,2016,0,612
stat.CO,2016,1,883
stat.CO,2016,2,1057
stat.CO,2016,3,1248
stat.CO,2016,4,1267
stat.CO,2017,0,751
stat.CO,2017,1,1318
stat.CO,2017,2,1392
stat.CO,2017,3,1620
stat.CO,2017,4,1762
stat.CO,2018,0,983
stat.CO,2018,1,1693
stat.CO,2018,2,1904
stat.CO,2018,3,2154
stat.CO,2018,4,2317
stat.CO,2019,0,1052
stat.CO,2019,1,2422
stat.CO,2019,2,2873
stat.CO,2019,3,2575
stat.CO,2019,4,2966
stat.CO,2020,0,1717
stat.CO,2020,1,2706
stat.CO,2020,2,3466
stat.CO,2020,3,3377
stat.CO,2020,4,3915
stat.CO,2021,0,2037
stat.CO,2021,1,3919
stat.CO,2021,2,4780
stat.CO,2021,3,4522
stat.CO,2021,4,4823
stat.CO,2022,0,1751
stat.CO,2022,1,4084
stat.CO,2022,2,4488
stat.CO,2022,3,4629
stat.CO,2022,4,4748
stat.CO,2023,0,1920
stat.CO,2023,1,4472
stat.CO,2023,2,4797
stat.CO,2023,3,4807
stat.CO,2023,4,5030
stat.CO,2024,0,1964
stat.CO,2024,1,4821
stat.CO,2024,2,4973
stat.CO,2024,3,5060
stat.CO,2024,4,5363
stat.CO,2025,0,2053
stat.CO,2025,1,4688
stat.CO,2025,2,5412
stat.CO,2025,3,5510
stat.CO,2025,4,5333
stat.CO,2026,0,900
stat.CO,2026,1,4618
stat.CO,2026,2,4065
stat.ME,1868,3,2
stat.ME,1905,0,1
stat.ME,1916,3,1
stat.ME,1950,2,1
stat.ME,1959,2,2
stat.ME,1959,3,1
stat.ME,1960,0,1
stat.ME,1961,4,1
stat.ME,1965,4,1
stat.ME,1967,1,1
stat.ME,1970,0,1
stat.ME,1971,2,1
stat.ME,1972,0,3
stat.ME,1975,1,2
stat.ME,1975,3,1
stat.ME,1977,0,1
stat.ME,1978,1,1
stat.ME,1981,0,1
stat.ME,1981,1,1
stat.ME,1983,0,1
stat.ME,1984,4,1
stat.ME,1985,0,1
stat.ME,1985,1,1
stat.ME,1985,4,1
stat.ME,1986,0,1
stat.ME,1987,3,1
stat.ME,1987,4,1
stat.ME,1988,2,1
stat.ME,1990,0,1
stat.ME,1991,0,4
stat.ME,1992,0,2
stat.ME,1992,1,1
stat.ME,1992,3,2
stat.ME,1992,4,2
stat.ME,1993,0,1
stat.ME,1993,2,2
stat.ME,1993,4,2
stat.ME,1994,0,6
stat.ME,1994,2,3
stat.ME,1994,4,2
stat.ME,1995,0,6
stat.ME,1995,1,3
stat.ME,1995,2,1
stat.ME,1995,3,1
stat.ME,1995,4,1
stat.ME,1996,0,9
stat.ME,1996,1,1
stat.ME,1996,2,9
stat.ME,1996,3,7
stat.ME,1996,4,2
stat.ME,1997,0,8
stat.ME,1997,1,3
stat.ME,1997,2,4
stat.ME,1997,3,2
stat.ME,1997,4,16
stat.ME,1998,0,7
stat.ME,1998,1,5
stat.ME,1998,2,1
stat.ME,1998,3,5
stat.ME,1999,0,5
stat.ME,1999,1,5
stat.ME,1999,2,4
stat.ME,1999,3,3
stat.ME,1999,4,3
stat.ME,2000,0,33
stat.ME,2000,2,1
stat.ME,2000,3,16
stat.ME,2000,4,5
stat.ME,2001,0,8
stat.ME,2001,1,4
stat.ME,2001,2,5
stat.ME,2001,3,5
stat.ME,2001,4,7
stat.ME,2002,0,9
stat.ME,2002,1,1
stat.ME,2002,2,7
stat.ME,2002,3,8
stat.ME,2002,4,25
stat.ME,2003,0,8
stat.ME,2003,1,10
stat.ME,2003,2,16
stat.ME,2003,3,9
stat.ME,2003,4,10
stat.ME,2004,0,15
stat.ME,2004,1,6
stat.ME,2004,2,15
stat.ME,2004,3,22
stat.ME,2004,4,20
stat.ME,2005,0,28
stat.ME,2005,1,4
stat.ME,2005,2,18
stat.ME,2005,3,19
stat.ME,2005,4,35
stat.ME,2006,0,39
stat.ME,2006,1,16
stat.ME,2006,2,18
stat.ME,2006,3,19
stat.ME,2006,4,36
stat.ME,2007,0,53
stat.ME,2007,1,39
stat.ME,2007,2,36
stat.ME,2007,3,81
stat.ME,2007,4,87
stat.ME,2008,0,136
stat.ME,2008,1,88
stat.ME,2008,2,120
stat.ME,2008,3,141
stat.ME,2008,4,172
stat.ME,2009,0,305
stat.ME,2009,1,147
stat.ME,2009,2,216
stat.ME,2009,3,235
stat.ME,2009,4,342
stat.ME,2010,0,407
stat.ME,2010,1,307
stat.ME,2010,2,366
stat.ME,2010,3,429
stat.ME,2010,4,497
stat.ME,2011,0,537
stat.ME,2011,1,419
stat.ME,2011,2,605
stat.ME,2011,3,639
stat.ME,2011,4,720
stat.ME,2012,0,818
stat.ME,2012,1,695
stat.ME,2012,2,884
stat.ME,2012,3,861
stat.ME,2012,4,929
stat.ME,2013,0,1123
stat.ME,2013,1,812
stat.ME,2013,2,1156
stat.ME,2013,3,1250
stat.ME,2013,4,1388
stat.ME,2014,0,1314
stat.ME,2014,1,1186
stat.ME,2014,2,1672
stat.ME,2014,3,1624
stat.ME,2014,4,1915
stat.ME,2015,0,1610
stat.ME,2015,1,1601
stat.ME,2015,2,1980
stat.ME,2015,3,2083
stat.ME,2015,4,2368
stat.ME,2016,0,1579
stat.ME,2016,1,2023
stat.ME,2016,2,2481
stat.ME,2016,3,2576
stat.ME,2016,4,2790
stat.ME,2017,0,1869
stat.ME,2017,1,2601
stat.ME,2017,2,2847
stat.ME,2017,3,3250
stat.ME,2017,4,3370
stat.ME,2018,0,2328
stat.ME,2018,1,2960
stat.ME,2018,2,3878
stat.ME,2018,3,4220
stat.ME,2018,4,4408
stat.ME,2019,0,2511
stat.ME,2019,1,4172
stat.ME,2019,2,5411
stat.ME,2019,3,4720
stat.ME,2019,4,5495
stat.ME,2020,0,3473
stat.ME,2020,1,5085
stat.ME,2020,2,6169
stat.ME,2020,3,6593
stat.ME,2020,4,6761
stat.ME,2021,0,3963
stat.ME,2021,1,6540
stat.ME,2021,2,7780
stat.ME,2021,3,7451
stat.ME,2021,4,7489
stat.ME,2022,0,3547
stat.ME,2022,1,6176
stat.ME,2022,2,6505
stat.ME,2022,3,6730
stat.ME,2022,4,6573
stat.ME,2023,0,3671
stat.ME,2023,1,6546
stat.ME,2023,2,7061
stat.ME,2023,3,6963
stat.ME,2023,4,7500
stat.ME,2024,0,4375
stat.ME,2024,1,7004
stat.ME,2024,2,7066
stat.ME,2024,3,6744
stat.ME,2024,4,7151
stat.ME,2025,0,4048
stat.ME,2025,1,6484
stat.ME,2025,2,7538
stat.ME,2025,3,7156
stat.ME,2025,4,6384
stat.ME,2026,0,1320
stat.ME,2026,1,5436
stat.ME,2026,2,4972
stat.ML,1868,3,1
stat.ML,1900,0,2
stat.ML,1901,0,1
stat.ML,1905,0,3
stat.ML,1913,0,1
stat.ML,1916,3,1
stat.ML,1946,3,1
stat.ML,1951,4,1
stat.ML,1956,1,2
stat.ML,1957,0,1
stat.ML,1958,0,1
stat.ML,1959,2,2
stat.ML,1967,0,3
stat.ML,1970,0,3
stat.ML,1972,0,1
stat.ML,1973,3,1
stat.ML,1974,0,1
stat.ML,1976,3,1
stat.ML,1977,0,1
stat.ML,1977,4,1
stat.ML,1982,1,6
stat.ML,1984,0,1
stat.ML,1985,0,2
stat.ML,1985,3,5
stat.ML,1987,0,3
stat.ML,1987,3,1
stat.ML,1987,4,14
stat.ML,1988,0,7
stat.ML,1988,3,1
stat.ML,1989,3,1
stat.ML,1990,0,15
stat.ML,1990,4,1
stat.ML,1991,0,1
stat.ML,1992,1,2
stat.ML,1992,4,1
stat.ML,1993,0,1
stat.ML,1993,1,1
stat.ML,1993,4,1
stat.ML,1995,0,1
stat.ML,1995,2,2
stat.ML,1996,0,3
stat.ML,1996,2,14
stat.ML,1996,3,1
stat.ML,1996,4,1
stat.ML,1997,0,10
stat.ML,1997,1,1
stat.ML,1997,2,3
stat.ML,1997,3,9
stat.ML,1997,4,9
stat.ML,1998,0,31
stat.ML,1998,1,4
stat.ML,1998,3,3
stat.ML,1998,4,4
stat.ML,1999,0,19
stat.ML,1999,1,1
stat.ML,1999,2,5
stat.ML,1999,3,9
stat.ML,1999,4,9
stat.ML,2000,0,99
stat.ML,2000,1,7
stat.ML,2000,2,13
stat.ML,2000,3,16
stat.ML,2000,4,10
stat.ML,2001,0,50
stat.ML,2001,1,17
stat.ML,2001,2,27
stat.ML,2001,3,19
stat.ML,2001,4,15
stat.ML,2002,0,128
stat.ML,2002,1,8
stat.ML,2002,2,49
stat.ML,2002,3,35
stat.ML,2002,4,52
stat.ML,2003,0,143
stat.ML,2003,1,34
stat.ML,2003,2,53
stat.ML,2003,3,65
stat.ML,2003,4,43
stat.ML,2004,0,208
stat.ML,2004,1,36
stat.ML,2004,2,46
stat.ML,2004,3,66
stat.ML,2004,4,52
stat.ML,2005,0,230
stat.ML,2005,1,57
stat.ML,2005,2,77
stat.ML,2005,3,79
stat.ML,2005,4,69
stat.ML,2006,0,307
stat.ML,2006,1,67
stat.ML,2006,2,66
stat.ML,2006,3,126
stat.ML,2006,4,104
stat.ML,2007,0,224
stat.ML,2007,1,72
stat.ML,2007,2,155
stat.ML,2007,3,187
stat.ML,2007,4,152
stat.ML,2008,0,321
stat.ML,2008,1,119
stat.ML,2008,2,158
stat.ML,2008,3,204
stat.ML,2008,4,261
stat.ML,2009,0,434
stat.ML,2009,1,134
stat.ML,2009,2,273
stat.ML,2009,3,254
stat.ML,2009,4,374
stat.ML,2010,0,564
stat.ML,2010,1,304
stat.ML,2010,2,350
stat.ML,2010,3,476
stat.ML,2010,4,511
stat.ML,2011,0,724
stat.ML,2011,1,398
stat.ML,2011,2,652
stat.ML,2011,3,703
stat.ML,2011,4,827
stat.ML,2012,0,1064
stat.ML,2012,1,765
stat.ML,2012,2,1009
stat.ML,2012,3,917
stat.ML,2012,4,1222
stat.ML,2013,0,1516
stat.ML,2013,1,916
stat.ML,2013,2,1633
stat.ML,2013,3,1523
stat.ML,2013,4,2162
stat.ML,2014,0,2260
stat.ML,2014,1,1412
stat.ML,2014,2,2611
stat.ML,2014,3,2222
stat.ML,2014,4,3127
stat.ML,2015,0,2906
stat.ML,2015,1,2388
stat.ML,2015,2,3440
stat.ML,2015,3,3797
stat.ML,2015,4,4633
stat.ML,2016,0,4028
stat.ML,2016,1,3910
stat.ML,2016,2,5313
stat.ML,2016,3,5160
stat.ML,2016,4,6449
stat.ML,2017,0,5580
stat.ML,2017,1,6000
stat.ML,2017,2,7321
stat.ML,2017,3,9150
stat.ML,2017,4,11025
stat.ML,2018,0,10164
stat.ML,2018,1,9348
stat.ML,2018,2,16276
stat.ML,2018,3,15670
stat.ML,2018,4,20143
stat.ML,2019,0,17702
stat.ML,2019,1,17687
stat.ML,2019,2,31517
stat.ML,2019,3,31005
stat.ML,2019,4,38771
stat.ML,2020,0,33086
stat.ML,2020,1,32594
stat.ML,2020,2,55930
stat.ML,2020,3,49916
stat.ML,2020,4,62464
stat.ML,2021,0,44180
stat.ML,2021,1,52793
stat.ML,2021,2,84324
stat.ML,2021,3,66925
stat.ML,2021,4,68957
stat.ML,2022,0,37372
stat.ML,2022,1,32681
stat.ML,2022,2,56461
stat.ML,2022,3,46473
stat.ML,2022,4,51270
stat.ML,2023,0,45364
stat.ML,2023,1,37587
stat.ML,2023,2,66415
stat.ML,2023,3,54093
stat.ML,2023,4,59930
stat.ML,2024,0,33991
stat.ML,2024,1,52433
stat.ML,2024,2,53942
stat.ML,2024,3,43028
stat.ML,2024,4,47729
stat.ML,2025,0,25894
stat.ML,2025,1,37044
stat.ML,2025,2,44713
stat.ML,2025,3,38043
stat.ML,2025,4,29674
stat.ML,2026,0,8398
stat.ML,2026,1,19390
stat.ML,2026,2,17175
stat.OT,1996,2,6
stat.OT,2009,0,1
stat.OT,2009,2,1
stat.OT,2009,4,1
stat.OT,2010,0,3
stat.OT,2010,2,3
stat.OT,2010,3,1
stat.OT,2010,4,3
stat.OT,2011,0,6
stat.OT,2011,1,3
stat.OT,2011,2,4
stat.OT,2011,3,3
stat.OT,2011,4,4
stat.OT,2012,0,18
stat.OT,2012,1,11
stat.OT,2012,2,15
stat.OT,2012,3,10
stat.OT,2012,4,14
stat.OT,2013,0,26
stat.OT,2013,1,24
stat.OT,2013,2,27
stat.OT,2013,3,27
stat.OT,2013,4,17
stat.OT,2014,0,37
stat.OT,2014,1,32
stat.OT,2014,2,35
stat.OT,2014,3,44
stat.OT,2014,4,36
stat.OT,2015,0,48
stat.OT,2015,1,35
stat.OT,2015,2,49
stat.OT,2015,3,57
stat.OT,2015,4,62
stat.OT,2016,0,49
stat.OT,2016,1,52
stat.OT,2016,2,65
stat.OT,2016,3,77
stat.OT,2016,4,78
stat.OT,2017,0,58
stat.OT,2017,1,78
stat.OT,2017,2,81
stat.OT,2017,3,80
stat.OT,2017,4,113
stat.OT,2018,0,66
stat.OT,2018,1,92
stat.OT,2018,2,93
stat.OT,2018,3,152
stat.OT,2018,4,149
stat.OT,2019,0,87
stat.OT,2019,1,114
stat.OT,2019,2,174
stat.OT,2019,3,152
stat.OT,2019,4,201
stat.OT,2020,0,118
stat.OT,2020,1,172
stat.OT,2020,2,208
stat.OT,2020,3,248
stat.OT,2020,4,301
stat.OT,2021,0,191
stat.OT,2021,1,308
stat.OT,2021,2,333
stat.OT,2021,3,346
stat.OT,2021,4,362
stat.OT,2022,0,149
stat.OT,2022,1,309
stat.OT,2022,2,309
stat.OT,2022,3,378
stat.OT,2022,4,399
stat.OT,2023,0,203
stat.OT,2023,1,295
stat.OT,2023,2,339
stat.OT,2023,3,341
stat.OT,2023,4,402
stat.OT,2024,0,229
stat.OT,2024,1,338
stat.OT,2024,2,350
stat.OT,2024,3,332
stat.OT,2024,4,349
stat.OT,2025,0,184
stat.OT,2025,1,303
stat.OT,2025,2,332
stat.OT,2025,3,349
stat.OT,2025,4,321
stat.OT,2026,0,78
stat.OT,2026,1,241
stat.OT,2026,2,206
stat.TH,1872,1,1
stat.TH,1916,3,2
stat.TH,1920,4,2
stat.TH,1942,4,1
stat.TH,1961,4,1
stat.TH,1969,4,5
stat.TH,1970,0,3
stat.TH,1975,1,1
stat.TH,1978,1,1
stat.TH,1980,0,1
stat.TH,1982,1,1
stat.TH,1983,0,1
stat.TH,1985,0,1
stat.TH,1985,2,1
stat.TH,1985,3,3
stat.TH,1985,4,1
stat.TH,1986,0,1
stat.TH,1986,4,1
stat.TH,1987,4,2
stat.TH,1988,2,1
stat.TH,1989,2,1
stat.TH,1990,1,2
stat.TH,1991,0,2
stat.TH,1991,1,1
stat.TH,1992,0,3
stat.TH,1992,2,1
stat.TH,1992,3,2
stat.TH,1992,4,3
stat.TH,1993,0,5
stat.TH,1993,1,2
stat.TH,1993,2,2
stat.TH,1993,3,1
stat.TH,1993,4,1
stat.TH,1994,0,14
stat.TH,1994,1,2
stat.TH,1994,2,6
stat.TH,1994,3,2
stat.TH,1994,4,2
stat.TH,1995,0,11
stat.TH,1995,1,5
stat.TH,1995,2,1
stat.TH,1995,4,3
stat.TH,1996,0,15
stat.TH,1996,1,5
stat.TH,1996,2,75
stat.TH,1996,3,12
stat.TH,1996,4,2
stat.TH,1997,0,7
stat.TH,1997,1,5
stat.TH,1997,2,5
stat.TH,1997,3,4
stat.TH,1997,4,11
stat.TH,1998,0,14
stat.TH,1998,1,10
stat.TH,1998,2,5
stat.TH,1998,3,5
stat.TH,1998,4,4
stat.TH,1999,0,12
stat.TH,1999,1,6
stat.TH,1999,2,6
stat.TH,1999,3,7
stat.TH,1999,4,10
stat.TH,2000,0,26
stat.TH,2000,1,2
stat.TH,2000,2,6
stat.TH,2000,3,7
stat.TH,2000,4,6
stat.TH,2001,0,19
stat.TH,2001,1,9
stat.TH,2001,2,9
stat.TH,2001,3,14
stat.TH,2001,4,15
stat.TH,2002,0,28
stat.TH,2002,1,7
stat.TH,2002,2,14
stat.TH,2002,3,13
stat.TH,2002,4,36
stat.TH,2003,0,64
stat.TH,2003,1,15
stat.TH,2003,2,45
stat.TH,2003,3,25
stat.TH,2003,4,27
stat.TH,2004,0,87
stat.TH,2004,1,52
stat.TH,2004,2,51
stat.TH,2004,3,59
stat.TH,2004,4,101
stat.TH,2005,0,194
stat.TH,2005,1,70
stat.TH,2005,2,130
stat.TH,2005,3,127
stat.TH,2005,4,188
stat.TH,2006,0,362
stat.TH,2006,1,169
stat.TH,2006,2,209
stat.TH,2006,3,268
stat.TH,2006,4,308
stat.TH,2007,0,535
stat.TH,2007,1,309
stat.TH,2007,2,402
stat.TH,2007,3,475
stat.TH,2007,4,549
stat.TH,2008,0,1009
stat.TH,2008,1,569
stat.TH,2008,2,640
stat.TH,2008,3,719
stat.TH,2008,4,870
stat.TH,2009,0,1363
stat.TH,2009,1,799
stat.TH,2009,2,933
stat.TH,2009,3,1049
stat.TH,2009,4,1223
stat.TH,2010,0,1532
stat.TH,2010,1,1139
stat.TH,2010,2,1233
stat.TH,2010,3,1408
stat.TH,2010,4,1803
stat.TH,2011,0,1709
stat.TH,2011,1,1312
stat.TH,2011,2,1729
stat.TH,2011,3,1832
stat.TH,2011,4,1997
stat.TH,2012,0,2143
stat.TH,2012,1,1808
stat.TH,2012,2,2200
stat.TH,2012,3,2381
stat.TH,2012,4,2441
stat.TH,2013,0,2751
stat.TH,2013,1,1922
stat.TH,2013,2,2756
stat.TH,2013,3,2785
stat.TH,2013,4,3047
stat.TH,2014,0,2746
stat.TH,2014,1,2490
stat.TH,2014,2,3498
stat.TH,2014,3,2971
stat.TH,2014,4,3536
stat.TH,2015,0,3163
stat.TH,2015,1,3119
stat.TH,2015,2,3727
stat.TH,2015,3,3416
stat.TH,2015,4,3944
stat.TH,2016,0,2877
stat.TH,2016,1,3317
stat.TH,2016,2,3842
stat.TH,2016,3,4182
stat.TH,2016,4,3851
stat.TH,2017,0,3233
stat.TH,2017,1,3875
stat.TH,2017,2,4084
stat.TH,2017,3,4312
stat.TH,2017,4,4462
stat.TH,2018,0,3099
stat.TH,2018,1,3970
stat.TH,2018,2,4993
stat.TH,2018,3,4973
stat.TH,2018,4,5019
stat.TH,2019,0,3189
stat.TH,2019,1,5287
stat.TH,2019,2,5777
stat.TH,2019,3,5404
stat.TH,2019,4,5624
stat.TH,2020,0,3799
stat.TH,2020,1,5267
stat.TH,2020,2,6542
stat.TH,2020,3,6494
stat.TH,2020,4,6309
stat.TH,2021,0,4076
stat.TH,2021,1,5814
stat.TH,2021,2,7032
stat.TH,2021,3,6838
stat.TH,2021,4,6373
stat.TH,2022,0,3411
stat.TH,2022,1,4602
stat.TH,2022,2,5372
stat.TH,2022,3,5053
stat.TH,2022,4,5243
stat.TH,2023,0,3300
stat.TH,2023,1,4492
stat.TH,2023,2,5369
stat.TH,2023,3,4981
stat.TH,2023,4,5211
stat.TH,2024,0,3593
stat.TH,2024,1,4743
stat.TH,2024,2,4586
stat.TH,2024,3,4586
stat.TH,2024,4,4926
stat.TH,2025,0,3149
stat.TH,2025,1,4229
stat.TH,2025,2,5156
stat.TH,2025,3,4182
stat.TH,2025,4,3812
stat.TH,2026,0,1060
stat.TH,2026,1,3157
stat.TH,2026,2,2700
supr-con,1911,0,1
supr-con,1989,4,2
supr-con,1993,2,1
supr-con,1995,0,5
supr-con,1995,2,4
supr-con,1995,3,5
supr-con,1995,4,19
supr-con,1996,0,27
supr-con,1996,1,59
supr-con,1996,2,77
supr-con,1996,3,93
supr-con,1996,4,113
supr-con,1997,0,61
supr-con,1997,1,107
supr-con,1997,2,96
supr-con,1997,3,211
supr-con,1997,4,163
supr-con,1998,0,79
supr-con,1998,1,128
supr-con,1998,2,169
supr-con,1998,3,164
supr-con,1998,4,170
supr-con,1999,0,143
supr-con,1999,1,92
supr-con,1999,2,170
supr-con,1999,3,125
supr-con,1999,4,129
supr-con,2000,0,73
supr-con,2000,1,78
supr-con,2000,2,180
supr-con,2000,3,117
supr-con,2000,4,178
supr-con,2001,0,77
supr-con,2001,1,110
supr-con,2001,2,134
supr-con,2001,3,115
supr-con,2001,4,123
supr-con,2002,0,48
supr-con,2002,1,103
supr-con,2002,2,100
supr-con,2002,3,94
supr-con,2002,4,108
supr-con,2003,0,35
supr-con,2003,1,92
supr-con,2003,2,129
supr-con,2003,3,66
supr-con,2003,4,53
supr-con,2004,0,31
supr-con,2004,1,84
supr-con,2004,2,79
supr-con,2004,3,56
supr-con,2004,4,74
supr-con,2005,0,22
supr-con,2005,1,62
supr-con,2005,2,70
supr-con,2005,3,99
supr-con,2005,4,89
supr-con,2006,0,23
supr-con,2006,1,85
supr-con,2006,2,78
supr-con,2006,3,62
supr-con,2006,4,56
supr-con,2007,0,16
supr-con,2007,1,67
supr-con,2007,2,79
supr-con,2007,3,57
supr-con,2007,4,65
supr-con,2008,0,38
supr-con,2008,1,54
supr-con,2008,2,72
supr-con,2008,3,63
supr-con,2008,4,56
supr-con,2009,0,15
supr-con,2009,1,137
supr-con,2009,2,44
supr-con,2009,3,46
supr-con,2009,4,53
supr-con,2010,0,22
supr-con,2010,1,54
supr-con,2010,2,46
supr-con,2010,3,56
supr-con,2010,4,52
supr-con,2011,0,11
supr-con,2011,1,46
supr-con,2011,2,32
supr-con,2011,3,58
supr-con,2011,4,59
supr-con,2012,0,14
supr-con,2012,1,49
supr-con,2012,2,48
supr-con,2012,3,43
supr-con,2012,4,52
supr-con,2013,0,16
supr-con,2013,1,41
supr-con,2013,2,54
supr-con,2013,3,38
supr-con,2013,4,49
supr-con,2014,0,16
supr-con,2014,1,29
supr-con,2014,2,48
supr-con,2014,3,41
supr-con,2014,4,31
supr-con,2015,0,13
supr-con,2015,1,47
supr-con,2015,2,37
supr-con,2015,3,33
supr-con,2015,4,30
supr-con,2016,0,12
supr-con,2016,1,50
supr-con,2016,2,48
supr-con,2016,3,54
supr-con,2016,4,46
supr-con,2017,0,19
supr-con,2017,1,51
supr-con,2017,2,35
supr-con,2017,3,50
supr-con,2017,4,49
supr-con,2018,0,12
supr-con,2018,1,49
supr-con,2018,2,43
supr-con,2018,3,32
supr-con,2018,4,32
supr-con,2019,0,8
supr-con,2019,1,39
supr-con,2019,2,41
supr-con,2019,3,42
supr-con,2019,4,42
supr-con,2020,0,20
supr-con,2020,1,52
supr-con,2020,2,47
supr-con,2020,3,34
supr-con,2020,4,42
supr-con,2021,0,11
supr-con,2021,1,49
supr-con,2021,2,34
supr-con,2021,3,42
supr-con,2021,4,42
supr-con,2022,0,11
supr-con,2022,1,49
supr-con,2022,2,67
supr-con,2022,3,39
supr-con,2022,4,42
supr-con,2023,0,8
supr-con,2023,1,51
supr-con,2023,2,40
supr-con,2023,3,52
supr-con,2023,4,36
supr-con,2024,0,9
supr-con,2024,1,36
supr-con,2024,2,44
supr-con,2024,3,38
supr-con,2024,4,37
supr-con,2025,0,7
supr-con,2025,1,54
supr-con,2025,2,45
supr-con,2025,3,43
supr-con,2025,4,47
supr-con,2026,0,6
supr-con,2026,1,37
supr-con,2026,2,19
