subfield_id,subfield,field,domain,1700,1701,1702,1703,1704,1705,1706,1707,1708,1709,1710,1711,1712,1713,1714,1715,1716,1717,1718,1719,1720,1721,1722,1723,1724,1725,1726,1727,1728,1729,1730,1731,1732,1733,1734,1735,1736,1737,1738,1739,1740,1741,1742,1743,1744,1745,1746,1747,1748,1749,1750,1751,1752,1753,1754,1755,1756,1757,1758,1759,1760,1761,1762,1763,1764,1765,1766,1767,1768,1769,1770,1771,1772,1773,1774,1775,1776,1777,1778,1779,1780,1781,1782,1783,1784,1785,1786,1787,1788,1789,1790,1791,1792,1793,1794,1795,1796,1797,1798,1799,1800,1801,1802,1803,1804,1805,1806,1807,1808,1809,1810,1811,1812,1813,1814,1815,1816,1817,1818,1819,1820,1821,1822,1823,1824,1825,1826,1827,1828,1829,1830,1831,1832,1833,1834,1835,1836,1837,1838,1839,1840,1841,1842,1843,1844,1845,1846,1847,1848,1849,1850,1851,1852,1853,1854,1855,1856,1857,1858,1859,1860,1861,1862,1863,1864,1865,1866,1867,1868,1869,1870,1871,1872,1873,1874,1875,1876,1877,1878,1879,1880,1881,1882,1883,1884,1885,1886,1887,1888,1889,1890,1891,1892,1893,1894,1895,1896,1897,1898,1899,1900,1901,1902,1903,1904,1905,1906,1907,1908,1909,1910,1911,1912,1913,1914,1915,1916,1917,1918,1919,1920,1921,1922,1923,1924,1925,1926,1927,1928,1929,1930,1931,1932,1933,1934,1935,1936,1937,1938,1939,1940,1941,1942,1943,1944,1945,1946,1947,1948,1949,1950,1951,1952,1953,1954,1955,1956,1957,1958,1959,1960,1961,1962,1963,1964,1965,1966,1967,1968,1969,1970,1971,1972,1973,1974,1975,1976,1977,1978,1979,1980,1981,1982,1983,1984,1985,1986,1987,1988,1989,1990,1991,1992,1993,1994,1995,1996,1997,1998,1999,2000,2001,2002,2003,2004,2005,2006,2007,2008,2009,2010,2011,2012,2013,2014,2015,2016,2017,2018,2019,2020,2021,2022,2023,2024,2025
1100,General Agricultural and Biological Sciences,Agricultural and Biological Sciences,Life Sciences,0,0,0,0,0,0,0,0,0,0,0,0,0,0,0,0,0,0,0,0,0,0,0,0,0,0,0,0,0,0,0,0,0,0,0,0,0,0,0,0,0,0,0,0,0,0,0,0,0,0,0,0,0,0,0,0,0,0,0,0,0,0,0,0,0,0,0,0,0,0,0,0,0,0,0,0,0,0,0,0,0,0,0,0,0,0,0,0,0,0,0,0,0,0,0,0,0,0,0,0,0,0,0,2,0,0,0,0,0,0,0,0,0,0,0,0,0,0,0,0,0,0,0,0,0,0,0,0,0,0,0,0,0,0,0,3,0,0,0,0,0,0,0,0,0,0,1,2,0,0,0,0,0,0,0,0,0,0,0,0,0,1,0,0,1,0,0,1,2,2,1,0,0,1,0,2,1,2,2,1,1,1,0,2,0,6,6,7,2,3,1,2,4,11,9,5,2,8,12,12,33,12,17,17,14,18,36,21,33,19,37,73,33,66,61,47,38,56,58,141,85,92,110,66,81,100,115,177,153,221,213,267,223,204,213,206,240,265,281,319,297,298,333,280,228,322,268,402,406,430,567,629,552,639,858,721,768,912,914,1054,1131,1185,1243,1402,1478,1818,1956,2180,2323,2780,3911,3007,3476,3675,3913,4083,4612,5295,5713,6092,6708,6890,7983,8855,8071,9048,9673,10537,11268,11362,12676,13939,13666,14206,14674,16709,16670,17730,20684,21857,27150,29868,31503,37741,40885,46763,52494,56704,63333,72910,78315,88814,100183,112787,124222,125770,122326,129434,147295,175540,221003,259133,257083,291116,265595,234209
1102,Agronomy and Crop Science,Agricultural and Biological Sciences,Life Sciences,0,0,0,0,0,0,0,0,0,0,0,0,0,0,0,0,0,0,0,0,0,0,0,0,0,0,0,0,0,0,0,0,0,0,0,0,0,0,0,0,0,0,0,0,0,0,0,0,0,0,0,0,0,0,0,0,0,0,0,0,0,0,0,0,0,0,0,0,0,0,0,0,0,0,0,0,0,0,0,0,0,0,0,0,0,0,0,0,0,0,0,0,0,0,0,0,0,0,0,0,1,0,0,0,0,0,0,0,0,0,0,0,0,0,0,0,0,1,0,0,0,0,0,0,0,0,0,0,0,0,0,0,0,0,0,0,0,0,0,0,0,0,1,0,0,0,0,1,0,0,0,0,0,0,0,0,0,0,0,0,0,0,1,0,0,0,0,0,0,2,0,0,1,2,0,0,0,1,3,2,0,3,0,2,6,0,3,2,3,4,1,6,14,1,0,2,2,7,7,5,86,7,14,31,25,22,12,24,32,23,28,65,40,55,92,70,55,105,80,144,199,110,134,155,156,162,249,264,310,382,478,429,459,436,400,519,544,571,688,818,756,799,599,487,531,518,580,808,791,1123,1464,1528,1587,1755,2040,1965,2084,2414,3065,3002,3349,4074,4180,4933,5157,6021,6837,7752,7747,9496,11055,9725,10752,10678,13322,12998,14582,15835,18139,19725,20997,24098,23640,27800,28667,30380,32328,32097,37516,34854,40634,41920,41272,44776,44909,48184,46816,50980,53350,54976,63923,69361,75682,89947,94563,102047,110984,124623,132961,145697,160989,183087,202571,209586,235484,224666,219186,230560,244402,278274,348789,391713,383809,384282,382168,359194
1103,Animal Science and Zoology,Agricultural and Biological Sciences,Life Sciences,0,0,0,0,0,0,0,0,0,0,0,0,0,0,0,0,0,0,0,0,0,0,0,0,0,0,0,0,0,0,0,0,0,0,0,0,0,0,0,0,0,0,0,0,0,0,0,0,0,0,0,0,0,0,0,0,0,0,0,0,0,0,0,0,0,0,0,0,0,0,0,0,0,0,0,0,0,0,0,0,0,0,0,0,0,0,0,0,0,0,0,0,0,0,0,0,0,0,3,0,0,0,0,0,0,0,0,0,0,0,0,0,0,0,0,0,0,0,0,0,0,0,0,0,0,0,0,0,0,0,0,0,0,0,1,0,0,0,0,0,0,0,0,2,0,0,0,0,0,0,0,0,0,0,2,0,0,0,1,0,0,0,0,0,0,0,0,0,0,0,0,3,2,0,0,2,1,0,1,0,3,1,0,4,1,6,3,5,5,6,0,5,4,5,3,2,3,5,8,2,51,12,16,22,27,23,25,29,53,40,58,124,138,112,163,127,100,115,111,243,153,187,284,232,258,271,355,423,503,633,706,884,945,866,1005,1007,1216,1272,1560,1567,1561,1451,1231,1220,1295,1148,1476,1683,2132,2606,3061,2755,3382,3787,4643,4907,4671,5416,6190,6697,8032,8905,10373,11031,12184,18302,14064,15237,16048,18051,21722,22077,23495,25422,27639,28544,30403,31637,33282,34451,38446,42245,42110,43778,47701,48171,49633,49915,50460,51486,55219,54462,56687,53148,55718,57363,55265,61249,64312,65275,78768,74668,85229,91569,102145,110633,118866,130606,137733,148897,168482,180536,196418,203686,223423,220514,223857,230515,241073,284784,374977,416412,423663,421443,431212,427950
1104,Aquatic Science,Agricultural and Biological Sciences,Life Sciences,0,0,0,0,0,0,0,0,0,0,0,0,0,0,0,0,0,0,0,0,0,0,0,0,0,0,0,0,0,0,0,0,0,0,0,0,0,0,0,0,0,0,0,0,0,0,0,0,0,0,0,0,0,0,0,0,0,0,0,0,0,0,0,0,0,0,0,0,0,0,0,0,0,0,0,0,0,0,0,0,0,0,0,0,0,0,0,0,0,0,0,0,0,0,0,0,0,0,0,0,0,0,0,1,0,0,0,0,0,0,0,0,0,0,0,0,0,0,0,0,0,0,0,0,0,0,0,0,0,0,0,0,0,0,0,0,0,0,0,0,0,1,1,2,3,0,2,1,0,2,0,0,0,1,0,1,1,2,3,0,2,0,0,0,0,1,1,4,2,0,1,1,3,1,1,2,7,2,3,3,15,3,26,9,11,12,9,8,4,11,22,13,18,20,15,20,21,31,22,17,34,18,36,35,35,37,81,54,39,80,89,100,94,82,131,60,74,66,75,84,80,84,102,88,87,100,151,155,203,211,191,236,291,294,250,298,363,355,335,341,332,292,246,243,209,166,249,300,329,396,553,438,487,595,749,852,845,1022,999,1202,1427,1640,1856,1776,2274,3996,2781,3066,3364,4695,5243,4777,5861,5908,5747,6928,7419,7955,8501,9886,10488,10848,12072,12547,14316,14937,15085,15486,16478,17177,17988,18499,20961,20368,22059,23459,24314,26276,29588,29799,34353,38037,39211,47001,46090,51644,58040,64881,71592,79522,87785,102348,108097,116577,126795,127251,125989,137594,152045,177086,224116,266211,271542,286909,291430,290869
1105,"Ecology, Evolution, Behavior and Systematics",Agricultural and Biological Sciences,Life Sciences,0,0,0,0,0,0,0,0,0,0,0,0,0,0,0,0,0,0,0,0,0,0,0,0,0,0,0,0,0,0,0,0,0,0,0,0,0,0,0,0,0,0,0,0,0,0,0,0,0,0,0,0,0,0,0,0,0,0,0,0,0,0,0,0,0,0,0,0,0,0,0,0,0,0,0,0,0,0,0,1,0,0,0,0,0,0,0,0,0,0,0,0,0,0,0,0,0,0,6,0,1,0,0,0,2,2,0,0,1,0,0,1,0,0,1,0,0,0,1,2,0,2,1,0,0,5,0,0,1,1,3,2,3,0,0,3,0,1,4,0,5,4,6,2,4,7,8,4,14,7,6,4,6,7,5,3,7,16,12,8,14,13,6,9,15,16,11,10,18,21,11,24,26,23,22,34,53,36,63,78,113,91,178,56,85,85,77,108,121,131,140,141,173,234,330,237,290,300,265,316,591,415,529,535,444,482,632,682,740,827,967,1762,1101,1218,1367,954,795,1131,943,1439,1415,1282,1412,1486,1754,1746,2167,2538,2839,3158,3468,4127,3704,3357,3127,3787,3850,4228,4470,4567,4129,3935,3297,3008,2652,2117,2229,3052,3645,4369,5085,5858,5988,7019,7871,8597,8971,9436,10656,11216,12826,13147,13669,15936,16339,21644,18541,21837,21387,23948,28384,26989,29294,30441,32568,34212,36631,40753,43288,47154,49695,54538,57384,61358,66467,69662,73004,75568,82433,85249,89955,91461,103853,99387,106987,110896,122702,130116,143028,155182,196067,202726,226342,256033,296987,307154,347010,395455,406512,461879,492781,528885,557725,617057,662275,660993,677171,683508,749297,841055,958896,1061936,1006277,1057050,949827,906743
1106,Food Science,Agricultural and Biological Sciences,Life Sciences,0,0,0,0,0,0,0,0,0,0,0,0,0,0,0,0,0,0,0,0,0,0,0,0,0,0,0,0,0,0,0,0,0,0,0,0,0,0,0,0,0,0,0,0,0,0,0,0,0,0,0,0,0,0,0,0,0,0,0,0,0,0,0,0,0,0,0,0,0,0,0,0,0,0,0,0,0,0,0,0,0,0,0,0,0,0,0,0,0,0,0,0,0,0,0,0,0,0,1,0,0,0,3,0,2,0,0,0,0,0,0,0,0,0,0,0,0,0,0,0,0,0,0,0,0,0,0,1,0,0,0,0,0,0,0,1,0,0,2,0,0,0,0,4,0,0,1,1,1,2,2,3,2,0,0,1,0,5,0,5,2,1,0,0,2,1,0,1,2,2,0,1,3,6,4,3,5,4,2,5,7,15,11,10,3,10,4,3,10,16,17,17,24,23,25,21,40,22,36,32,73,45,97,94,163,247,114,77,128,98,193,433,177,152,286,147,173,248,302,270,362,310,437,441,424,449,587,660,658,878,1006,940,1077,1096,976,1118,1293,1453,1524,1757,1630,1565,1478,1332,1511,1592,1651,2069,2486,3014,3301,3634,3825,4413,4978,5838,5242,5833,6859,7077,8538,8580,8629,10601,11395,13773,13223,14729,14615,16364,19858,19309,19573,20565,21006,21905,22038,24375,25809,27055,29136,30942,32654,34860,35461,38821,38583,39913,44111,46292,51171,53746,58826,60091,61626,68245,73937,76110,79670,90069,109970,112197,133074,158600,172404,197055,224092,248932,268720,310559,354411,405400,453718,485903,547769,559523,567274,611007,657445,775208,972921,1140028,1193096,1263666,1322181,1339198
1107,Forestry,Agricultural and Biological Sciences,Life Sciences,0,0,0,0,0,0,0,0,0,0,0,0,0,0,0,0,0,0,0,0,0,0,0,0,0,0,0,0,0,0,0,0,0,0,0,0,0,0,0,0,0,0,0,0,0,0,0,0,0,0,0,0,0,0,0,0,0,0,0,0,0,0,0,0,0,0,0,0,0,0,0,0,0,0,0,0,0,0,0,0,0,0,0,0,0,0,0,0,0,0,0,0,0,0,0,0,0,0,0,0,0,0,0,0,0,0,0,0,0,0,0,0,0,0,0,0,0,0,0,1,0,0,0,0,1,0,1,0,0,0,0,0,1,0,0,0,0,0,0,1,0,0,0,0,0,0,0,0,0,0,0,0,1,0,1,1,0,1,0,0,0,0,0,0,1,0,0,0,0,2,0,0,4,0,1,0,2,0,0,0,4,2,1,1,3,5,3,2,2,1,2,0,2,1,11,0,1,3,3,7,18,7,6,10,2,22,13,5,11,11,10,24,19,10,17,17,11,21,27,35,28,31,45,22,42,32,39,36,57,38,80,55,65,75,69,92,83,123,114,119,148,100,76,79,111,115,101,158,160,177,232,347,275,316,323,349,364,392,455,579,577,575,676,709,741,871,810,914,872,965,1421,1037,1078,1201,1258,1291,1458,1654,1830,1878,1957,2210,2611,2769,2881,2960,3132,2940,3369,3870,4131,4081,4521,4794,5003,5525,6270,5659,6610,6987,8659,8988,9842,12570,13522,14804,17148,18224,19698,23181,25491,29855,31756,35355,37652,35577,34760,34550,39634,48214,59910,69148,66279,75366,67703,59660
1108,Horticulture,Agricultural and Biological Sciences,Life Sciences,0,0,0,0,0,0,0,0,0,0,0,0,0,0,0,0,0,0,0,0,0,0,0,0,0,0,0,0,0,0,0,0,0,0,0,0,0,0,0,0,0,0,0,0,0,0,0,0,0,0,0,0,0,0,0,0,0,0,0,0,0,0,0,0,0,0,0,0,0,0,0,0,0,0,0,0,0,0,0,0,0,0,0,0,0,0,0,0,0,0,0,0,0,0,0,0,0,0,0,0,0,0,0,0,0,0,0,0,0,0,0,0,0,0,0,0,0,0,0,0,0,0,0,0,0,0,0,0,0,0,0,0,0,0,0,0,0,0,0,0,0,0,0,0,0,0,0,0,0,0,0,0,0,0,0,0,0,0,0,0,0,0,0,0,0,0,0,0,0,0,0,0,0,0,0,0,0,0,0,0,0,0,0,0,0,0,0,0,0,0,0,0,0,0,0,1,0,0,0,0,0,0,2,0,3,1,1,1,1,0,0,1,2,3,3,3,2,1,3,1,1,1,2,2,4,5,0,6,2,7,10,9,8,8,4,17,11,7,10,7,9,11,4,9,7,8,9,18,8,18,52,26,32,23,31,40,38,45,58,49,58,60,107,104,93,121,96,139,96,110,219,125,185,171,127,132,150,168,217,166,233,281,236,278,282,290,342,350,370,429,395,412,424,472,556,623,527,618,594,601,762,897,857,1318,1372,1493,1935,2395,2521,2835,2905,3411,3870,4092,4779,4721,5983,5680,6470,7557,8993,11859,11951,12832,13406,13887
1109,Insect Science,Agricultural and Biological Sciences,Life Sciences,0,0,0,0,0,0,0,0,0,0,0,0,0,0,0,0,0,0,0,0,0,0,0,0,0,0,0,0,0,0,0,0,0,0,0,0,0,0,0,0,0,0,0,0,0,0,0,0,0,0,0,0,0,0,0,0,0,0,0,0,0,0,0,0,0,0,0,0,0,0,0,0,0,0,0,0,0,0,0,0,0,0,0,0,0,0,0,0,0,0,0,0,0,0,0,0,0,0,0,0,0,0,0,0,1,0,2,0,0,0,0,0,0,1,0,0,0,0,0,1,0,0,0,0,0,0,0,0,0,0,0,0,0,0,0,0,1,1,2,2,1,2,2,1,1,0,1,1,2,0,0,4,2,1,1,0,1,1,4,0,2,1,1,6,0,6,2,1,1,1,0,1,4,2,2,7,1,21,15,25,33,9,20,11,17,9,3,6,16,7,7,10,22,23,14,13,35,17,25,28,96,33,42,26,43,46,79,74,59,75,234,221,193,158,240,218,129,178,174,285,236,217,237,221,234,319,369,408,447,539,600,783,745,756,721,798,879,910,1017,969,813,814,692,635,715,592,781,1095,1091,1290,1661,1719,1896,2193,2404,2691,2403,2712,3370,3430,4130,4300,4623,6161,5907,7512,7238,7976,7849,9529,11875,11759,12714,13104,14540,14529,16905,16830,16540,17235,18615,20434,21373,21433,22494,27252,27163,28375,30210,29278,32200,34094,37965,38049,37363,39232,42803,46691,49685,62287,70675,75986,83076,96842,115956,122499,132538,141201,157670,176712,186809,207412,235709,252244,272604,269626,288641,303217,335457,377150,470405,534589,534809,540232,557242,545944
1110,Plant Science,Agricultural and Biological Sciences,Life Sciences,0,0,0,0,0,0,0,0,0,0,0,0,0,0,0,0,0,0,0,0,0,0,0,0,0,0,0,0,0,0,0,0,0,0,0,0,0,0,0,0,0,0,0,0,0,0,0,0,0,0,0,0,0,1,0,0,0,0,0,0,0,0,0,0,0,0,0,0,0,0,0,0,0,0,0,0,0,0,0,0,1,0,0,0,0,0,0,0,1,0,1,0,0,0,0,0,0,0,2,0,5,1,1,0,26,1,0,1,0,0,0,1,0,0,0,0,2,1,1,2,1,1,1,0,1,5,1,1,0,8,0,1,6,2,1,11,1,5,3,6,2,3,3,4,3,11,5,9,6,5,2,6,3,5,5,7,4,17,12,13,20,10,11,9,9,4,15,49,10,11,9,12,15,31,15,22,22,33,35,74,75,36,87,52,57,70,56,82,66,88,75,104,99,115,214,150,153,151,184,224,572,205,323,304,325,449,506,507,486,524,784,1355,815,984,1137,806,724,1099,951,1330,1412,1454,1611,1374,1585,1607,2377,2584,2866,3294,3921,4532,4106,3962,3938,4901,5264,6265,6682,6888,6491,6227,5282,4855,4648,4139,4586,5729,6951,8814,9738,10644,11163,13707,14558,16498,17044,18179,21434,23597,26568,27928,28553,33564,33911,45126,40407,46053,45630,55246,66889,64255,68986,72268,76051,79699,88835,91053,100279,106269,124145,133582,144080,153269,163465,175774,183581,192549,205809,225028,238546,258172,278228,279847,293508,313651,332010,365758,379497,421920,486995,523382,581740,635302,703472,790763,882637,987787,1050550,1183000,1283554,1468139,1613411,1766743,1879490,1877408,1922852,2087744,2195991,2614112,3235445,3748433,3847447,3980773,3944505,3916168
1111,Soil Science,Agricultural and Biological Sciences,Life Sciences,0,0,0,0,0,0,0,0,0,0,0,0,0,0,0,0,0,0,0,0,0,0,0,0,0,0,0,0,0,0,0,0,0,0,0,0,0,0,0,0,0,0,0,0,0,0,0,0,0,0,0,0,0,0,0,0,0,0,0,0,0,0,0,0,0,0,0,0,0,0,0,0,0,0,0,0,0,0,0,0,0,0,0,0,0,0,0,0,0,0,0,0,0,0,0,0,0,0,0,0,0,0,0,0,0,0,0,0,0,0,0,0,0,0,0,0,0,0,0,0,0,0,0,0,0,0,0,0,0,0,0,0,0,0,0,0,0,0,0,0,0,0,0,0,0,0,0,0,0,1,0,0,0,0,0,0,0,0,0,0,0,0,0,0,0,0,0,1,0,0,1,1,0,0,0,1,0,0,3,2,0,1,0,2,0,1,1,1,0,2,3,3,2,3,2,2,2,2,16,9,42,1,5,6,10,8,14,3,6,6,26,31,19,28,34,38,26,50,28,47,67,39,53,40,47,55,77,55,101,76,100,254,143,139,152,144,144,161,153,296,255,223,155,172,126,160,159,183,177,333,360,472,395,500,471,780,710,743,1117,1045,1228,1102,1214,1497,1420,2090,2289,1987,1787,2063,3650,2500,2652,3178,3172,3450,3717,4397,5066,5416,6527,6618,8104,9213,9602,10743,12671,12097,13641,15970,17263,19671,19714,22396,23449,29486,30336,32277,35879,40819,50190,56036,63160,74679,82497,95567,111192,117006,137773,152093,174101,196987,217664,245414,268693,272656,290190,311981,351476,410633,509318,606716,636938,668547,701580,700312
1200,General Arts and Humanities,Arts and Humanities,Social Sciences,0,0,0,0,0,0,0,0,0,0,0,0,0,0,0,0,0,0,0,0,0,0,0,0,0,0,0,0,0,0,0,0,0,0,0,0,0,0,0,0,0,0,0,0,0,0,0,0,0,0,0,0,0,0,0,0,0,0,0,0,0,0,0,0,0,0,0,0,0,0,0,0,0,0,0,0,0,0,0,0,0,0,0,0,0,0,0,0,0,0,0,0,0,0,0,0,0,0,0,0,0,0,0,0,0,0,0,0,0,0,0,0,0,0,0,0,0,0,0,0,0,0,0,0,0,0,0,0,0,0,0,0,0,0,0,0,0,0,0,0,0,0,0,0,0,0,0,0,0,0,0,0,0,0,0,0,0,0,0,0,0,0,0,0,0,0,0,0,0,1,0,1,0,0,1,0,1,1,0,0,0,1,1,0,0,1,0,4,1,2,1,0,3,0,2,0,2,0,4,1,1,1,2,2,2,0,0,0,2,3,4,6,8,8,5,3,2,0,1,0,41,2,3,3,3,3,6,7,5,17,3,7,5,10,8,4,6,2,2,7,5,2,4,1,3,5,5,2,4,10,7,10,9,10,11,17,8,22,24,25,19,26,28,23,27,34,34,67,50,69,133,46,53,60,59,84,76,102,109,134,131,145,247,182,195,165,178,191,802,303,310,336,387,362,477,481,595,5053,714,1626,1087,1138,1172,1416,1548,2144,2142,2067,2373,2880,2940,3333,3927,4294,4927,5031,4770,4519,5174,6370,6660,5959,5270,5940,4413,2500
1202,History,Arts and Humanities,Social Sciences,0,0,0,0,0,0,0,0,0,0,0,0,0,0,0,0,0,0,0,0,0,0,0,0,0,0,0,0,0,0,0,0,0,0,0,0,0,0,0,0,0,0,0,0,0,0,0,0,0,0,0,0,0,0,0,0,0,0,0,0,0,0,0,0,0,0,0,0,0,0,0,0,0,0,0,0,0,0,0,0,0,0,0,0,0,1,0,0,0,1,0,0,0,0,0,0,0,0,0,1,3,0,1,0,0,0,0,0,0,0,0,2,0,2,0,0,0,1,0,1,0,1,0,0,3,0,0,0,0,0,1,1,0,1,1,10,1,0,1,0,0,0,0,1,4,3,2,0,5,1,4,0,1,7,4,4,1,6,6,8,12,11,3,14,11,10,12,7,14,34,11,10,22,22,32,19,22,32,35,50,51,48,65,72,61,69,75,60,105,105,74,115,112,108,149,129,127,192,182,178,186,213,335,322,265,300,303,305,331,305,366,674,496,593,645,385,304,397,420,457,3941,771,801,864,1019,1082,1312,1365,1852,1739,2004,1977,1742,1614,1411,1504,1686,1585,1572,1731,1567,1486,1352,1161,1218,903,1146,1242,1495,1872,1971,2155,2342,2420,2405,2852,2944,2864,2989,3230,3681,3620,3691,5832,4095,4776,6407,6387,5593,6479,7682,6724,6915,7336,7484,9007,8356,10478,10389,10490,10295,11507,18311,13193,14152,15312,16863,18451,28903,21355,25801,29662,25298,26149,34200,31439,42924,50589,62551,67429,75870,74189,93779,112544,102231,140136,124115,125144,134034,156657,137133,168882,196006,189891,204010,201811,200115,230330,272705,530414,377293,289386,241677,265221,219326,182056
1203,Language and Linguistics,Arts and Humanities,Social Sciences,0,0,0,0,0,0,0,0,0,0,0,0,0,0,0,0,0,0,0,0,0,0,0,0,0,0,0,0,0,0,0,0,0,0,0,0,0,0,0,0,0,0,0,0,0,0,0,0,0,0,0,0,0,0,0,0,0,0,0,0,0,0,0,0,0,0,0,0,1,0,0,0,0,0,0,0,0,0,0,0,0,0,0,0,0,0,0,0,0,0,0,0,0,0,0,0,0,0,1,0,0,0,0,0,0,0,0,0,0,0,0,0,0,0,0,0,0,0,0,0,0,1,1,0,0,0,0,0,1,0,0,2,2,0,0,4,1,4,3,0,0,1,1,2,0,4,4,1,6,2,1,4,1,2,4,3,0,6,1,2,3,0,3,6,8,2,11,3,13,4,5,8,6,7,10,20,24,18,23,25,42,48,45,30,30,64,52,62,57,53,66,77,97,86,78,85,109,100,118,119,102,117,260,203,187,224,214,233,253,236,287,541,310,320,363,153,171,157,215,228,5164,325,385,404,491,522,750,653,879,929,830,978,827,797,715,728,893,840,854,936,750,659,599,681,505,379,519,475,643,944,832,863,1222,1439,1300,1425,1656,1622,1670,1866,1809,2233,2188,2632,2826,3100,3631,4667,4391,5111,9412,6119,5682,7519,6865,9470,8339,9341,10277,11442,12333,12586,18901,15974,17232,17763,18709,19819,24891,24851,27745,29586,35305,34238,37475,39681,46786,47796,49028,62182,69250,83416,93309,116395,114153,153426,147617,153306,172092,224303,234617,245987,341381,319491,430293,436122,409473,450005,470314,600697,632432,622432,556000,599758,548599,458103
1204,Archeology,Arts and Humanities,Social Sciences,0,0,0,0,0,0,0,0,0,0,0,0,0,0,0,0,0,0,0,1,0,0,0,0,0,0,0,0,0,0,0,0,0,0,0,0,0,0,0,0,0,0,0,0,0,0,0,0,0,0,0,0,0,0,0,0,0,0,0,0,0,0,0,0,0,0,0,0,0,0,0,0,0,0,0,0,0,0,0,0,0,0,0,0,0,0,0,0,0,0,0,0,0,0,0,0,0,0,0,0,1,0,0,0,0,0,0,0,0,0,0,0,0,0,0,1,0,0,1,0,0,0,0,0,0,0,0,0,0,0,0,0,1,4,0,3,2,2,1,0,1,6,2,3,6,11,2,1,4,2,5,5,5,2,2,3,3,9,7,3,7,4,5,6,9,3,4,13,5,11,3,9,10,17,14,17,14,17,22,16,41,31,37,73,37,40,46,56,56,80,57,43,66,85,83,106,121,135,132,124,123,123,202,182,192,206,182,189,242,240,276,476,305,278,270,210,178,210,209,219,6810,340,390,378,467,478,631,744,785,841,811,846,867,852,794,817,877,907,1036,1025,958,778,700,707,705,577,728,817,995,1114,1250,1491,1480,1653,1717,2014,2020,2209,2348,2463,2745,2742,3634,4367,4081,4438,5444,5846,4918,5290,11646,16880,6104,18814,6338,29998,7275,9385,8448,9897,8997,9565,32868,13904,18518,15966,13854,15973,25599,17845,22238,17996,35711,18915,36227,22483,38559,32366,33312,45666,72416,49381,53276,59915,72504,97112,81128,102512,92190,108678,109054,126971,152101,160170,170901,175807,176921,191212,241667,339072,346579,307187,266607,290283,278526,248604
1205,Classics,Arts and Humanities,Social Sciences,0,0,0,0,0,0,0,0,0,0,0,0,0,0,0,0,0,0,0,0,0,0,0,0,0,0,0,0,0,0,0,0,0,0,0,0,0,0,0,0,0,0,0,0,0,0,0,0,0,0,0,0,0,0,0,0,0,0,0,0,0,0,0,0,0,0,0,0,0,0,0,0,0,0,0,0,0,0,0,0,0,0,0,0,0,0,0,1,0,0,0,0,0,0,0,0,0,0,0,0,0,0,0,1,1,0,0,0,0,0,0,0,0,0,0,0,0,0,0,0,0,1,0,0,0,0,0,3,0,0,0,1,0,1,0,1,1,0,0,0,1,0,0,1,3,3,0,0,3,3,1,2,2,3,0,2,0,0,3,0,1,3,1,4,3,6,4,9,1,12,4,3,7,10,7,7,5,7,9,19,17,18,10,13,7,20,23,19,32,34,26,28,27,43,38,32,39,71,64,59,65,71,112,103,98,93,100,104,131,112,112,211,145,174,162,63,66,79,100,99,2130,150,177,192,217,240,391,311,430,365,406,425,367,334,310,327,427,326,360,409,305,254,268,220,183,121,190,164,202,328,339,409,389,460,469,531,622,546,568,627,670,777,927,1616,938,899,2016,1870,1036,1424,1623,1448,1289,1454,1661,2315,1946,1975,1998,2300,2079,2280,7093,3151,3547,3766,3745,4019,11596,3897,5297,4962,6100,4328,8007,6548,6629,13148,13391,35171,25099,20404,18168,27085,22368,43283,24712,21377,43352,63613,27602,45355,60964,37095,38644,39804,40222,58587,66588,148092,109231,63433,52683,76686,45363,37543
1206,Conservation,Arts and Humanities,Social Sciences,0,0,0,0,0,0,0,0,0,0,0,0,0,0,0,0,0,0,0,0,0,0,0,0,0,0,0,0,0,0,0,0,0,0,0,0,0,0,0,0,0,0,0,0,0,0,0,0,0,0,0,0,0,0,0,0,0,0,0,0,0,0,0,0,0,0,0,0,0,0,0,0,0,0,0,0,0,0,0,0,0,0,0,0,0,0,0,0,0,0,0,0,0,0,0,0,0,0,0,0,0,0,1,0,0,0,0,0,0,0,0,0,0,0,0,0,0,0,0,0,0,0,0,0,0,0,0,0,0,0,0,0,0,0,0,0,0,0,0,0,0,0,0,0,0,0,0,0,0,0,0,0,0,0,0,0,0,0,0,0,0,0,0,0,0,0,0,0,0,0,0,0,0,0,2,0,1,0,0,1,1,0,0,2,0,4,1,1,1,1,2,0,2,0,0,2,6,5,4,1,1,3,5,0,5,2,4,2,6,4,4,10,8,9,5,7,9,5,6,7,31,10,13,10,11,9,13,11,8,9,19,15,20,14,16,26,20,35,30,55,47,67,44,45,38,48,36,53,45,74,85,94,112,93,100,95,133,137,143,163,150,186,153,157,197,204,245,269,276,387,580,349,426,479,477,579,545,628,785,766,788,892,1111,1071,1101,1167,1488,1487,1624,1527,1950,2257,2244,2222,2579,2667,3168,3280,3801,4010,4899,5030,6044,6432,7114,9268,10037,10464,11805,13989,15309,17617,20151,21728,24285,26632,26262,28374,32338,40289,47603,51194,50496,57604,53448,47938
1207,History and Philosophy of Science,Arts and Humanities,Social Sciences,0,0,0,0,0,0,0,0,0,0,0,0,0,0,0,0,0,0,0,0,0,0,0,0,0,0,0,0,0,0,0,0,0,0,0,0,0,0,0,0,0,0,0,0,0,0,0,0,0,0,0,0,0,0,0,0,0,0,0,0,0,0,0,0,0,0,0,0,0,0,0,0,0,0,0,0,0,0,0,0,0,0,0,0,0,0,0,0,1,0,0,0,0,0,0,0,0,0,1,1,6,0,0,0,0,0,0,0,0,0,0,3,0,0,0,0,1,0,1,1,0,0,1,1,0,3,0,1,1,0,0,2,0,1,0,8,0,1,1,2,0,4,1,1,5,3,8,6,16,6,2,2,7,9,1,10,9,11,5,4,8,8,8,6,9,7,6,4,11,19,14,23,46,53,35,43,30,56,59,39,71,65,96,83,65,84,75,77,94,79,76,92,104,95,120,111,151,165,178,194,163,193,240,203,240,221,286,238,266,249,305,985,487,370,415,320,318,293,335,379,709,500,541,491,497,502,783,778,815,854,839,873,910,907,760,801,922,971,1043,1093,931,865,796,676,576,512,568,810,933,1236,1389,1507,1442,1674,1701,1945,1912,2037,2239,2318,2655,2737,2751,3522,3219,3668,3653,4452,4139,4665,5895,5300,5705,6251,7176,6910,8139,8685,8809,9848,11006,12948,15924,12658,15114,13782,16074,17167,21356,20604,21128,22492,22346,23378,25448,26208,27773,28447,33373,35171,56694,51475,59875,71010,68010,79742,81648,81687,83205,102394,96340,113829,118335,122776,129737,130884,130977,131331,151897,223106,209357,198633,172139,178953,161336,132300
1208,Literature and Literary Theory,Arts and Humanities,Social Sciences,0,0,0,0,0,0,0,0,0,0,0,0,0,0,0,0,0,0,0,0,0,0,0,0,0,0,0,0,0,0,0,0,0,0,0,0,0,0,0,0,0,0,0,0,0,0,0,0,0,0,0,0,0,0,0,0,0,0,0,0,0,0,0,0,0,0,0,0,3,1,0,0,0,0,0,0,0,0,0,0,0,0,0,0,0,0,0,0,0,0,0,0,0,0,0,0,0,0,0,0,1,0,0,0,0,0,0,0,0,1,0,0,0,1,0,0,0,0,0,0,0,1,0,0,0,0,1,2,0,0,1,0,0,0,1,3,0,2,0,0,3,0,0,1,1,1,5,2,4,5,5,0,3,0,2,1,2,3,2,4,4,6,7,6,2,3,6,10,3,12,6,4,9,13,6,8,10,9,19,20,24,31,25,19,22,42,30,41,34,66,40,43,57,44,70,50,61,64,64,81,92,85,166,157,141,160,147,130,167,164,194,361,251,233,267,174,126,154,185,193,1594,242,283,314,366,351,461,471,543,651,578,632,595,586,447,574,550,539,656,593,555,544,460,433,415,342,444,405,451,751,690,765,903,1071,978,1008,1152,1097,1415,1442,1809,1671,1776,2023,1970,2357,2325,3924,3075,4329,5784,4740,4276,4708,5081,5543,6160,7394,7101,8410,8274,9017,11911,11525,12455,12915,14830,15541,19135,18550,21913,26663,26804,28510,32846,39148,52828,55431,45244,59273,71924,67522,85035,101376,100413,140799,114302,134847,141287,181938,187298,231236,253119,264780,300826,308734,294390,314217,355480,499297,477744,443276,403852,438338,381966,323656
1209,Museology,Arts and Humanities,Social Sciences,0,0,0,0,0,0,0,0,0,0,0,0,0,0,0,0,0,0,0,0,0,0,0,0,0,0,0,0,0,0,0,0,0,0,0,0,0,0,0,0,0,0,0,0,0,0,0,0,0,0,0,0,0,0,0,0,0,0,0,0,0,1,0,0,0,0,0,0,0,0,0,0,0,0,0,1,0,0,0,0,0,0,0,0,0,0,0,0,0,0,0,0,0,0,0,0,0,0,0,0,0,0,0,0,1,0,0,0,0,0,0,0,0,0,0,1,0,0,0,0,0,1,0,0,0,0,0,0,0,0,0,0,0,0,0,0,0,0,0,3,1,1,2,1,2,0,1,0,1,0,0,0,2,0,1,1,0,2,2,1,2,4,1,2,2,0,0,1,1,5,1,2,6,2,1,3,2,1,7,3,7,6,3,4,5,4,7,6,10,9,5,8,11,14,16,17,19,24,12,19,17,12,32,28,28,47,31,31,43,42,42,82,58,62,68,41,44,39,61,61,113,92,116,87,145,143,171,220,296,284,291,332,280,281,237,217,222,248,260,278,197,189,178,148,133,80,93,105,150,209,299,266,245,327,297,342,391,292,306,309,436,357,393,414,418,485,436,550,492,647,1480,800,607,792,696,772,744,857,1048,934,1050,1081,1266,1308,1541,1508,1691,2215,2151,2237,2875,2875,2979,3212,3481,4043,4887,6119,6181,6782,8315,7421,10405,11721,12451,15085,16797,17555,18412,22294,22759,27004,30896,33532,36739,39404,36976,39917,47738,62476,68694,77073,70899,72968,64853,60043
1210,Music,Arts and Humanities,Social Sciences,0,0,0,0,0,0,0,0,0,0,0,0,0,0,0,0,0,0,0,0,0,0,0,0,0,0,0,0,0,0,0,0,0,0,0,0,0,0,0,0,0,0,0,0,0,0,0,0,0,0,0,0,0,0,0,0,0,0,0,0,0,0,0,0,0,0,0,0,0,0,0,0,0,0,0,0,0,0,0,0,0,0,0,0,0,0,0,0,0,0,0,0,0,0,0,0,0,0,0,0,0,0,0,0,0,0,0,0,0,0,0,0,0,0,0,0,0,0,0,0,0,0,0,0,0,0,0,0,0,0,0,0,0,0,0,0,0,0,0,0,1,0,0,0,0,1,0,0,0,0,0,0,0,0,0,0,0,1,0,0,0,0,0,0,0,0,1,0,1,0,1,1,1,5,0,0,1,2,4,1,0,2,3,3,1,2,5,4,5,8,6,2,7,13,5,7,2,10,9,5,12,13,7,9,16,13,6,8,7,21,13,13,11,18,38,19,17,17,17,18,54,27,33,33,29,46,73,59,84,56,72,69,94,90,73,108,100,93,113,118,100,157,114,86,89,75,123,100,99,159,161,154,189,184,287,309,227,257,294,297,325,442,409,384,462,481,545,739,683,860,1180,873,858,973,1112,1204,1247,1237,1399,1670,1674,1791,2056,2147,2395,2420,2855,3020,3347,4006,4387,4405,4253,5301,6054,6742,7060,9658,16073,12112,13001,13876,16912,20988,19067,22548,26665,35179,33220,38413,40362,44847,74457,65961,63057,60984,65794,63383,75753,129264,109124,102368,96792,111324,99344,81454
1211,Philosophy,Arts and Humanities,Social Sciences,0,0,0,0,0,0,0,0,0,0,0,0,0,0,0,0,0,0,0,0,0,0,0,0,0,0,0,0,0,0,0,0,0,0,0,0,0,0,0,0,0,0,0,0,0,0,0,0,0,0,0,0,0,0,0,0,0,0,0,0,0,0,0,0,0,0,0,0,0,0,0,0,0,0,0,0,0,0,0,0,0,0,0,0,0,0,0,0,0,0,0,0,0,0,0,0,0,1,0,0,0,0,0,1,1,0,0,1,0,0,0,0,0,0,0,0,0,0,0,0,0,0,0,0,0,1,1,1,0,0,0,0,2,1,1,6,0,0,0,0,1,1,2,1,2,4,3,3,1,1,1,2,3,0,3,3,1,2,6,3,2,5,2,4,14,5,5,12,12,7,5,7,6,8,12,11,17,9,16,17,12,28,23,23,25,27,28,18,33,29,55,27,56,66,80,49,83,91,63,96,59,100,136,108,116,142,133,140,181,140,210,348,245,277,303,187,198,195,219,296,1392,437,433,461,487,584,910,655,960,894,849,826,811,721,701,760,831,897,910,1132,831,818,716,685,654,545,656,793,860,1076,1122,1224,1411,1666,1655,1830,1881,2101,2521,2501,3180,3202,3454,4124,4221,4524,5474,7657,6239,7383,9559,7580,8514,9155,9203,10832,11806,12377,13890,15577,16796,17428,37822,20728,22962,24602,27488,27082,35609,31134,39034,39483,41098,43797,49761,57767,55975,59932,63152,79694,117084,110921,136918,152898,153702,186028,186456,187541,208748,255591,236743,262632,310468,317631,341667,334914,327657,352434,420313,623549,556731,528122,442370,477381,438950,369590
1212,Religious studies,Arts and Humanities,Social Sciences,0,0,0,0,0,0,0,0,0,0,0,0,0,0,0,0,0,0,0,0,0,0,0,0,0,0,0,0,0,0,0,0,0,0,0,0,0,0,0,0,0,0,0,0,0,0,0,0,0,0,0,0,0,0,0,0,0,0,0,0,0,0,0,0,0,0,0,0,0,0,0,0,0,0,0,0,0,0,0,0,0,0,0,0,0,0,0,0,0,0,0,0,0,0,0,0,0,0,0,0,0,0,0,0,1,0,0,0,0,0,0,0,0,0,0,0,0,0,0,0,0,0,0,0,0,0,0,0,0,0,0,0,0,0,0,1,1,1,0,0,0,0,0,0,0,1,1,0,3,0,2,0,0,1,0,3,0,2,5,1,1,3,4,0,9,1,2,1,0,5,2,2,0,1,6,3,7,3,1,2,11,8,9,6,8,7,4,3,9,6,7,7,8,27,20,22,13,23,21,26,31,23,26,32,27,41,24,26,51,64,29,40,42,44,61,34,39,35,60,46,521,41,62,68,88,88,112,70,94,120,158,130,126,92,116,109,128,110,120,160,107,115,88,101,60,83,79,112,141,141,233,214,281,328,338,407,297,335,444,493,514,562,615,1065,806,800,835,1188,1041,1809,2695,1592,1328,1982,1773,4599,1934,2349,2455,2681,2708,2868,5438,3954,5672,4439,4820,4822,6611,5287,8716,6360,8837,6518,10984,8252,11813,10946,9784,28128,19507,33253,32919,24803,34586,46909,48316,37770,43294,48897,45547,54326,65618,71832,65080,74868,64296,71340,91414,159598,144148,132827,110876,133095,103594,97798
1213,Visual Arts and Performing Arts,Arts and Humanities,Social Sciences,0,0,0,0,0,0,0,0,0,0,0,0,0,0,0,0,0,0,0,0,0,0,0,0,0,0,0,0,0,0,0,0,0,0,0,0,0,0,0,0,0,0,0,0,0,0,0,0,0,0,0,0,0,0,0,0,0,0,0,0,0,0,0,0,0,0,0,0,0,0,0,0,0,0,0,0,0,0,0,0,0,0,0,0,0,0,0,0,0,0,0,0,0,0,0,0,0,0,0,0,0,0,0,0,0,0,0,0,0,0,0,0,0,0,0,0,0,0,0,0,0,0,0,0,0,0,0,0,0,0,0,0,0,0,0,1,0,0,0,0,1,0,0,0,0,1,0,0,3,0,0,2,2,1,1,0,0,2,2,2,1,2,3,1,4,0,1,2,2,2,2,1,2,0,3,3,2,2,3,7,11,1,5,7,5,8,9,5,9,16,9,9,19,19,17,18,20,15,26,21,20,23,44,47,37,58,35,37,41,55,60,96,70,57,101,36,66,42,82,65,417,109,142,137,170,225,282,242,317,360,313,280,324,261,247,233,303,284,295,318,298,342,250,275,220,162,250,221,267,335,339,380,405,491,491,604,505,467,596,574,803,755,704,814,791,943,923,1164,1110,1397,1982,1490,1512,1671,1846,1855,2182,2480,2560,2802,2798,3084,3598,3656,3845,4013,4663,5127,5539,5817,6925,7945,8488,8640,10034,11055,14598,15233,16316,17181,20391,20400,24544,34321,32621,39207,37631,46304,49167,57748,57766,70545,77682,81005,90430,89432,88506,100032,109989,132475,143414,127518,115903,126337,110855,85726
1302,Aging,"Biochemistry, Genetics and Molecular Biology",Life Sciences,0,0,0,0,0,0,0,0,0,0,0,0,0,0,0,0,0,0,0,0,0,0,0,0,0,0,0,0,0,0,0,0,0,0,0,0,0,0,0,0,0,0,0,0,0,0,0,0,0,0,0,0,0,0,0,0,0,0,0,0,0,0,0,0,0,0,0,0,0,0,0,0,0,0,0,0,0,0,0,0,0,0,0,0,0,0,0,0,0,0,0,0,0,0,0,0,0,0,0,0,0,0,1,0,0,0,0,0,0,0,0,0,0,0,0,0,0,0,0,0,0,0,0,0,0,0,0,0,0,0,0,0,0,0,0,0,0,0,0,0,0,0,0,0,0,0,0,0,0,0,0,0,0,0,0,0,0,0,0,0,0,0,0,0,0,0,0,0,0,0,0,0,0,0,0,0,0,0,0,0,0,0,0,0,0,0,0,0,0,1,0,0,0,0,0,0,0,0,1,0,0,4,1,0,0,1,1,1,0,0,1,1,0,2,1,0,5,3,8,9,13,8,7,10,11,8,19,10,13,14,10,26,21,17,14,43,26,21,22,33,32,26,19,15,18,19,22,22,26,51,38,29,28,64,90,85,123,77,104,99,125,151,218,235,309,334,345,379,374,503,594,605,758,810,721,860,966,1090,1403,1359,2064,1944,2389,2407,3018,3449,3535,3644,4986,5031,6216,6737,7511,8618,10230,12038,13542,14833,17360,21432,24037,25225,29234,35699,35870,40975,46185,47563,49974,55710,63164,63129,71042,72167,76880,75472,80708,81874,90212,97168,109726,121142,114896,116379,122293,119878
1303,Biochemistry,"Biochemistry, Genetics and Molecular Biology",Life Sciences,0,0,0,0,0,0,0,0,0,0,0,0,0,0,0,0,0,0,0,0,0,0,0,0,0,0,0,0,0,0,0,0,0,0,0,0,0,0,0,0,0,0,0,0,0,0,0,0,0,0,0,0,0,0,0,0,0,0,0,0,0,0,0,0,0,0,0,0,0,0,0,0,0,0,0,0,0,0,0,0,0,0,0,0,0,0,0,0,0,0,0,0,0,0,0,0,0,0,0,0,1,0,0,0,2,0,0,0,0,0,0,0,0,0,0,0,0,0,0,0,0,0,0,0,0,0,0,0,0,0,0,0,0,0,0,0,0,0,0,0,0,0,0,0,0,1,0,1,0,0,0,1,1,0,2,0,0,0,0,1,0,0,0,0,1,0,1,0,1,0,1,1,3,26,2,5,5,6,6,10,4,10,9,8,12,6,8,11,17,9,15,12,18,29,41,40,36,38,50,59,54,71,159,90,123,131,134,109,195,128,173,720,205,132,162,146,86,155,118,132,174,158,246,315,340,370,542,541,588,723,740,825,809,789,699,758,850,988,1103,1166,970,941,874,802,744,733,677,893,1006,1436,1861,1928,2100,2833,3365,3518,3424,3931,4340,4714,5736,6159,6579,8183,8833,15432,11578,12549,12770,15114,17635,19549,20794,20763,22808,25568,25567,27300,28617,29275,33707,33547,36681,37595,38898,40379,40760,42751,42509,45636,47370,48964,49056,44957,47635,49871,51494,54052,57654,57935,62882,62777,65752,71246,74060,78203,86541,87169,97805,105387,112286,123688,132873,140562,150098,150723,151809,159353,165155,180856,214950,228958,230046,227391,229461,229201
1304,Biophysics,"Biochemistry, Genetics and Molecular Biology",Life Sciences,0,0,0,0,0,0,0,0,0,0,0,0,0,0,0,0,0,0,0,0,0,0,0,0,0,0,0,0,0,0,0,0,0,0,0,0,0,0,0,0,0,0,0,0,0,0,0,0,0,0,0,0,0,3,0,0,0,0,0,0,0,0,0,0,0,0,0,0,0,0,0,0,0,0,0,0,0,0,0,0,0,0,0,0,0,0,0,0,0,0,0,0,0,0,0,0,0,0,0,0,0,0,0,0,0,0,0,0,0,0,0,0,0,0,0,0,0,0,0,0,0,0,0,0,0,0,0,1,0,0,0,0,0,0,0,0,1,0,0,0,0,0,0,0,0,0,0,0,0,0,0,0,0,0,0,0,0,0,1,1,0,0,0,0,0,0,4,0,0,0,5,1,0,2,0,0,0,9,2,2,5,4,7,1,4,7,8,5,11,7,16,13,14,12,15,11,11,14,13,16,14,17,35,105,24,30,36,27,63,26,32,101,94,51,49,48,38,52,57,48,63,70,100,129,111,134,197,188,178,281,242,315,297,319,279,291,322,305,451,342,334,291,277,247,213,181,210,281,391,419,693,569,699,980,901,1112,1268,1285,1245,1602,2074,2268,2601,2751,3339,3905,4049,5124,5078,5728,6566,7245,7540,8295,8033,8593,8648,9269,9401,10441,10762,11089,11873,12115,12786,13459,13275,14242,14290,16481,17273,18113,20316,19641,21084,22816,25866,26657,29836,32651,35235,39521,43360,47141,49445,68868,69049,73682,81253,93099,99797,108261,123275,131993,142809,150960,156877,167765,188501,208882,240698,278224,267438,276818,293103,292276
1305,Biotechnology,"Biochemistry, Genetics and Molecular Biology",Life Sciences,0,0,0,0,0,0,0,0,0,0,0,0,0,0,0,0,0,0,0,0,0,0,0,0,0,0,0,0,0,0,0,0,0,0,0,0,0,0,0,0,0,0,0,0,0,0,0,0,0,0,0,0,0,0,0,0,0,0,0,0,0,0,0,0,0,0,0,0,0,0,0,0,0,0,0,0,0,0,0,0,0,0,0,0,0,0,0,0,0,0,0,0,0,0,0,0,0,0,0,0,0,0,0,0,1,0,0,0,0,0,0,0,0,0,0,1,0,1,0,0,0,0,0,0,0,0,0,0,0,0,0,0,0,1,0,0,0,0,0,0,0,0,0,0,0,0,0,0,1,0,1,1,0,0,1,0,0,1,1,1,0,0,0,0,5,0,0,1,2,0,1,2,0,0,0,0,1,3,1,1,7,3,4,0,7,3,9,5,5,13,3,6,7,4,11,6,11,10,12,11,28,20,33,28,25,28,32,40,33,37,54,237,60,60,73,52,39,49,61,56,78,88,93,80,155,135,191,205,245,226,294,256,322,357,286,319,368,436,532,532,442,478,450,386,447,526,480,689,789,843,1144,1506,1505,1915,1951,2245,2224,2453,2907,3277,3866,3950,4401,5288,5235,5957,6465,7274,7540,7949,9863,11375,11062,12006,12837,13732,14963,15545,16787,17063,18248,19342,21117,21985,23041,24776,26538,28296,31625,34422,38790,41264,44214,42250,44264,47269,47971,50237,54218,59851,67082,67803,74920,86725,90480,99415,111149,115922,124737,137645,153845,165081,179522,185434,209926,195534,203345,209501,210322,235291,277028,306693,302049,298923,303618,300996
1306,Cancer Research,"Biochemistry, Genetics and Molecular Biology",Life Sciences,0,0,0,0,0,0,0,0,0,0,0,0,0,0,0,0,0,0,0,0,0,0,0,0,0,0,0,0,0,0,0,0,0,0,0,0,0,0,0,0,0,0,0,0,0,0,0,0,0,0,0,0,0,0,0,0,0,0,0,0,0,0,0,0,0,0,0,0,0,0,0,0,0,0,0,0,0,0,0,0,0,0,0,0,0,0,0,0,0,0,0,0,0,0,0,0,0,0,0,0,0,0,0,0,0,0,0,0,0,0,0,0,0,0,0,0,0,0,0,0,0,0,0,4,0,0,0,0,0,0,0,0,0,0,0,0,0,0,0,0,0,0,0,0,0,1,0,0,0,0,0,0,0,0,2,0,0,0,0,0,0,0,0,0,0,0,0,0,0,0,1,0,1,2,0,11,1,0,3,0,1,1,1,1,1,2,2,3,2,3,3,3,5,6,4,5,17,5,10,5,17,2,13,17,16,13,12,19,22,14,19,67,31,46,37,21,44,16,20,27,51,40,59,82,85,94,124,119,122,182,241,221,208,317,224,225,250,272,318,384,357,339,267,241,275,257,245,458,527,713,922,970,1209,1447,1639,1900,2165,2245,2599,3263,3597,3965,4435,4983,5830,9928,6498,7296,7349,8410,9840,10319,11263,11589,13701,16022,17012,20112,23116,25659,30727,34430,39869,43410,48480,50473,50877,55025,61232,68650,74629,79406,83531,82566,90828,95776,105281,116113,129846,150785,171938,181481,195314,217607,237453,254185,279303,303605,335885,375613,434442,477558,555047,609335,666600,717955,741793,818638,856177,972646,1200370,1332354,1291162,1240736,1172189,1144528
1307,Cell Biology,"Biochemistry, Genetics and Molecular Biology",Life Sciences,0,0,0,0,0,0,0,0,0,0,0,0,0,0,0,0,0,0,0,0,0,0,0,0,0,0,0,0,0,0,0,0,0,0,0,0,0,0,0,0,0,0,0,0,0,0,0,0,0,0,0,0,0,1,0,0,0,0,0,0,0,0,0,0,0,0,0,0,0,0,0,0,0,0,0,0,0,0,0,0,0,0,0,0,0,0,0,0,0,0,0,0,0,0,0,0,0,0,1,0,0,1,0,0,18,0,0,0,0,0,0,0,0,0,0,1,0,0,0,0,0,0,0,0,0,0,0,0,0,1,0,0,0,0,0,0,0,0,0,0,1,0,0,0,0,0,0,1,0,0,0,1,0,2,1,1,1,0,1,1,0,1,0,1,1,2,1,3,1,2,1,0,2,9,4,8,3,9,5,7,14,10,9,6,6,9,23,16,15,36,21,17,39,29,38,32,57,60,59,64,124,75,182,163,145,111,173,120,194,191,259,571,306,308,349,390,254,343,307,413,467,547,678,763,853,881,981,1253,1601,1695,1703,1779,1782,1857,1642,1878,2040,2420,2487,2901,2411,2737,2355,2175,1964,1951,2067,2545,3194,3600,4260,4271,4705,5628,6353,7343,7089,8266,8811,11135,12211,13364,15023,17390,19303,28884,23951,26859,29104,31604,36564,40543,42958,45727,49218,53589,56072,59490,66719,70777,78425,88408,94375,95898,103418,109736,117999,123778,133465,149749,152906,166784,182199,177785,191769,199923,215052,231562,263045,277764,316650,314561,338202,375693,411230,417439,465573,493081,529212,558415,614714,650997,703742,721527,740148,744503,745257,785016,812901,878120,1040459,1110391,1076749,1048445,1043163,1037799
1308,Clinical Biochemistry,"Biochemistry, Genetics and Molecular Biology",Life Sciences,0,0,0,0,0,0,0,0,0,0,0,0,0,0,0,0,0,0,0,0,0,0,0,0,0,0,0,0,0,0,0,0,0,0,0,0,0,0,0,0,0,0,0,0,0,0,0,0,0,0,0,0,0,0,0,0,0,0,0,0,0,0,0,0,0,0,0,0,0,0,0,0,0,0,0,0,0,0,0,0,0,0,0,0,0,0,0,0,0,0,0,0,0,0,0,0,0,0,0,0,0,0,0,0,0,0,0,0,0,0,0,0,0,0,0,0,0,0,0,0,0,0,0,0,0,0,0,1,0,0,0,0,0,0,0,0,0,0,0,0,0,0,0,0,0,1,0,0,0,1,0,0,0,0,0,0,0,0,0,0,0,0,0,0,0,0,0,0,2,0,0,3,3,3,3,3,6,8,4,5,12,7,8,12,12,10,6,11,10,8,15,14,15,23,22,28,23,16,28,40,38,49,146,83,111,106,83,43,110,81,120,582,202,165,187,173,99,145,107,163,233,252,266,448,482,453,547,578,645,827,777,773,904,847,822,787,878,839,1058,1174,1036,940,974,948,876,813,929,1118,1346,1677,2222,2260,2540,3091,3713,4031,3703,4695,4637,5619,6046,6516,7068,8289,8774,14968,9982,11190,11683,13000,15330,16445,17028,18018,19786,20097,20656,21926,23334,24088,26634,26340,29413,29133,29833,30688,31142,31231,32055,34094,34317,34800,34710,33293,34057,38448,36533,39668,43429,46018,53068,52061,56735,63531,66048,71777,77712,84185,87889,96441,106987,114853,125473,129006,138809,139879,136832,139592,142464,157472,181304,194890,192303,190992,187649,185562
1309,Developmental Biology,"Biochemistry, Genetics and Molecular Biology",Life Sciences,0,0,0,0,0,0,0,0,0,0,0,0,0,0,0,0,0,0,0,0,0,0,0,0,0,0,0,0,0,0,0,0,0,0,0,0,0,0,0,0,0,0,0,0,0,0,0,0,0,0,0,0,0,0,0,0,0,0,0,0,0,0,0,0,0,0,0,0,0,0,0,0,0,0,0,0,0,0,0,0,0,0,0,0,0,0,0,0,0,0,0,0,0,0,0,0,0,0,0,0,0,0,0,0,0,0,0,0,0,0,0,0,0,0,0,0,0,0,0,0,0,0,0,0,0,0,0,0,0,0,0,0,0,0,0,0,0,0,0,0,0,0,0,0,0,0,0,0,0,0,0,0,0,0,0,0,0,0,0,0,0,0,0,0,0,0,0,0,0,0,0,0,0,0,0,1,0,1,0,1,0,0,1,0,1,1,1,1,0,1,2,2,5,1,4,6,6,4,5,2,6,9,14,3,11,7,5,7,12,10,19,16,19,18,8,15,12,19,10,15,37,38,28,35,37,29,49,62,63,49,49,57,30,70,54,48,88,65,82,97,55,46,51,51,65,38,29,64,72,92,93,149,189,190,158,191,230,155,226,294,266,297,265,360,398,427,644,743,936,807,1047,1017,1059,1367,1367,1591,1758,1958,2222,2830,3062,3756,3534,4053,4584,8010,5014,5501,8929,6048,6870,7563,8946,6984,7036,8473,8203,11044,11488,11205,15093,13483,18212,16141,22628,20203,23397,24354,27363,31184,32638,35179,35835,41539,40923,39928,42792,45770,47498,48703,56102,62177,55799,57688,58864,61038
1310,Endocrinology,"Biochemistry, Genetics and Molecular Biology",Life Sciences,0,0,0,0,0,0,0,0,0,0,0,0,0,0,0,0,0,0,0,0,0,0,0,0,0,0,0,0,0,0,0,0,0,0,0,0,0,0,0,0,0,0,0,0,0,0,0,0,0,0,0,0,0,0,0,0,0,0,0,0,0,0,0,0,0,0,0,0,0,0,0,0,0,0,0,0,0,0,0,0,0,0,0,0,0,0,0,0,0,0,0,0,0,0,0,0,0,0,0,0,0,0,0,0,0,0,1,0,0,0,0,0,0,0,0,0,0,0,0,0,0,0,0,0,0,0,0,0,0,0,0,0,0,0,0,0,0,0,0,0,0,0,0,0,3,0,0,0,0,0,0,0,0,0,0,0,0,0,1,0,0,1,2,0,0,0,1,2,0,1,0,1,1,0,1,2,2,4,0,1,3,5,2,5,2,2,5,8,3,5,9,7,13,16,15,18,66,39,23,27,49,36,60,62,54,52,53,58,54,60,53,111,108,195,116,83,137,116,114,138,152,137,216,213,198,243,221,210,357,402,411,399,713,458,458,623,559,743,697,653,699,540,649,763,518,440,610,690,785,918,1086,962,1527,1227,1159,1417,1480,1421,1449,1611,1748,1722,1698,1918,2186,2611,2810,3117,3163,3649,4716,4731,5295,5997,6028,6748,6577,7692,8449,9784,11001,12084,12744,15258,13897,16595,14285,16842,19535,18607,20069,22587,24825,23957,26522,25062,28815,29999,34468,35500,45137,44235,48070,55875,61100,64707,74718,72842,80438,94745,99732,103878,112915,124283,147245,133293,126840,125153,130722,144426,167218,178298,172145,179592,167245,167683
1311,Genetics,"Biochemistry, Genetics and Molecular Biology",Life Sciences,0,0,0,0,0,0,0,0,0,0,0,0,0,0,0,0,0,0,0,0,0,0,0,0,0,0,0,0,0,0,0,0,0,0,0,0,0,0,0,0,0,0,0,0,0,0,0,0,0,0,0,0,0,2,0,0,0,0,0,0,0,0,0,0,0,0,0,0,0,0,0,0,0,0,0,0,0,0,0,0,0,0,0,0,0,0,0,0,3,0,3,0,0,0,0,0,0,0,2,0,0,0,1,0,0,0,0,2,0,0,0,0,0,1,0,0,0,11,0,0,0,0,0,0,0,0,0,0,0,0,0,0,0,1,0,2,0,1,1,0,0,2,1,1,1,3,4,0,1,0,1,1,1,3,0,1,1,7,6,5,4,0,8,1,10,1,10,6,8,5,4,5,7,7,9,6,14,12,17,34,38,30,45,17,38,35,23,30,46,32,37,45,69,70,112,89,86,107,116,120,270,132,278,244,197,231,355,286,362,410,548,848,602,834,860,522,478,652,501,956,1514,1019,1117,1268,1319,1427,1707,2039,2401,2725,2791,3139,3284,3057,2735,3050,3320,3443,3928,3891,3687,3309,2936,2544,2658,2320,2648,3711,4151,5093,6202,6095,7332,8361,9287,10473,10718,11507,12886,14286,16822,17202,19659,22599,25602,33751,31084,35064,38422,42211,49494,51743,55354,58610,71838,73297,78715,86908,92420,104409,109608,118281,124397,135084,150907,155159,167644,181846,193900,208673,233490,250804,264203,266570,288546,300328,328305,362137,411594,451807,541438,551395,609884,678243,735567,792303,856944,929563,984937,1065557,1152104,1266449,1301352,1358047,1441587,1418989,1439232,1475896,1582588,1705632,1951020,2141107,2042529,2047135,2061921,1994132
1312,Molecular Biology,"Biochemistry, Genetics and Molecular Biology",Life Sciences,0,0,0,0,0,0,0,0,0,0,0,0,0,0,0,0,0,0,0,0,0,0,0,0,0,0,0,0,0,0,0,0,0,0,0,0,0,0,0,0,0,0,0,0,0,0,0,0,0,0,0,0,0,28,0,0,0,0,0,0,0,0,0,0,0,0,1,0,0,0,0,0,0,0,0,0,0,0,0,0,0,0,0,0,0,0,0,0,0,0,0,0,0,0,0,0,0,0,0,0,0,0,21,2,70,1,0,0,0,0,0,0,0,0,0,16,1,16,0,0,0,1,4,3,0,0,0,2,0,0,1,0,0,0,0,4,1,0,2,3,1,2,0,3,2,3,3,1,6,2,1,1,5,8,1,2,4,6,2,2,5,3,5,5,10,5,11,25,6,9,13,11,15,60,14,38,23,40,38,33,50,108,51,62,44,51,87,60,110,108,107,90,169,160,199,189,245,226,240,285,881,389,603,495,503,750,601,580,869,706,917,2863,1206,1015,1347,1013,770,959,1036,1171,1700,1409,1739,1968,2237,2321,2909,3680,3773,4660,5038,5487,5495,5920,5314,6039,6528,7675,8517,8458,7724,7710,7024,6801,6285,5811,6263,8871,10343,12837,15756,17345,19955,26200,29181,35897,35325,40852,46030,54982,65021,70002,79249,97279,106385,138884,136306,159838,169817,190501,226614,256946,279857,301163,331951,350226,376750,409841,431938,466950,505703,545566,590794,605617,660700,697070,753345,809341,877542,962236,1047233,1138545,1228476,1228537,1334799,1434931,1519069,1663737,1858599,2016400,2247996,2314258,2506272,2834656,3064670,3266975,3599488,3840631,4098066,4389758,4765749,5131818,5590292,5806841,6100937,6097276,6255816,6541860,6888843,7645633,9101504,10143074,10042407,10100076,10381013,10444679
1313,Molecular Medicine,"Biochemistry, Genetics and Molecular Biology",Life Sciences,0,0,0,0,0,0,0,0,0,0,0,0,0,0,0,0,0,0,0,0,0,0,0,0,0,0,0,0,0,0,0,0,0,0,0,0,0,0,0,0,0,0,0,0,0,0,0,0,0,0,0,0,0,0,0,0,0,0,0,0,0,0,0,0,0,0,0,0,0,0,0,0,0,0,0,0,0,0,0,0,0,0,0,0,0,0,0,0,0,0,0,0,0,0,0,0,0,0,0,0,0,0,0,0,0,0,0,0,0,0,0,0,0,0,0,0,0,0,0,0,0,0,0,0,0,0,0,0,0,0,0,0,0,0,0,0,0,0,0,0,0,0,0,0,0,0,0,0,0,0,0,0,0,0,0,0,0,0,0,0,0,0,0,0,0,0,0,0,0,0,0,0,0,0,0,0,0,0,0,0,0,0,0,0,0,0,2,0,0,0,0,0,0,0,20,0,2,1,0,0,5,1,0,2,2,3,1,2,5,3,7,8,7,6,9,4,5,3,5,6,5,12,7,7,5,9,6,24,13,9,13,17,21,17,17,18,23,20,34,52,42,46,55,62,62,80,89,175,134,255,243,243,308,345,273,399,300,301,359,319,392,384,543,480,505,818,575,955,802,955,1546,1579,1872,2233,2368,2896,3224,3589,3863,4437,5103,5323,6659,6993,7442,8493,8263,8013,9461,10118,9337,10168,11088,10836,11907,12984,13816,14434,17509,19332,23358,25440,27992,32163,38933,45685,52765,62050,71578,82742,96235,116128,130088,145047,167141,179891,200654,216275,239873,291735,346177,390753,411414,431784,447586,471527
1314,Physiology,"Biochemistry, Genetics and Molecular Biology",Life Sciences,0,0,0,0,0,0,0,0,0,0,0,0,0,0,0,0,0,0,0,0,0,0,0,0,0,0,0,0,0,0,0,0,0,0,0,0,0,0,0,0,0,0,0,0,0,0,0,0,0,0,0,0,0,0,0,0,0,0,0,0,0,0,0,0,0,0,0,0,0,0,0,0,0,0,0,0,0,0,0,0,0,0,0,0,0,0,0,0,0,0,0,0,0,0,0,0,0,0,0,0,0,0,0,0,0,0,0,0,0,0,0,0,0,0,0,0,0,0,0,0,0,0,0,0,0,0,0,0,0,0,0,0,0,0,0,0,1,0,0,0,2,0,0,0,0,0,1,0,2,0,0,0,1,0,0,0,0,0,1,0,0,0,0,0,1,0,0,0,0,0,0,0,0,2,0,0,0,0,2,0,1,1,1,2,1,1,2,4,1,2,5,3,6,5,4,3,7,7,6,5,6,3,8,27,10,17,29,8,24,24,19,26,31,29,64,39,33,40,50,51,42,58,88,93,97,98,135,167,175,242,232,244,271,288,244,306,322,369,360,384,357,316,257,212,192,155,203,261,311,430,478,479,437,592,546,732,753,762,815,936,1029,1214,1308,1480,1821,1833,2162,2394,2586,3439,3610,4497,5358,5332,6173,7037,7171,7975,8839,9213,10219,10460,11305,13686,12656,14535,14419,15350,15468,16983,17935,18188,18061,18977,21123,23163,27180,30058,34921,35809,41793,47201,47084,52581,53317,55936,63390,66707,70017,74582,74045,87539,91823,88703,91809,88702,87389,89835,94855,103637,120861,129432,127893,122309,117520,114040
1315,Structural Biology,"Biochemistry, Genetics and Molecular Biology",Life Sciences,0,0,0,0,0,0,0,0,0,0,0,0,0,0,0,0,0,0,0,0,0,0,0,0,0,0,0,0,0,0,0,0,0,0,0,0,0,0,0,0,0,0,0,0,0,0,0,0,0,0,0,0,0,0,0,0,0,0,0,0,0,0,0,0,0,0,0,0,0,0,0,0,0,0,0,0,0,0,0,0,0,0,0,0,0,0,0,0,0,0,0,0,0,0,0,0,0,0,0,0,0,0,0,0,0,0,0,0,0,0,0,0,0,0,0,0,0,0,0,0,0,0,0,0,0,0,0,0,0,0,0,0,0,0,0,0,0,0,0,0,0,0,0,0,0,0,0,0,0,0,0,0,0,0,0,0,0,0,0,0,0,0,0,0,0,0,0,0,0,0,7,0,0,0,0,0,0,0,0,0,0,0,0,0,0,0,0,0,0,0,0,0,0,0,1,1,0,0,0,0,0,0,1,0,3,0,1,1,2,2,2,0,6,3,0,2,1,2,2,1,0,1,1,3,0,1,1,4,7,10,4,5,6,12,7,7,14,11,8,11,13,22,27,32,59,23,33,32,44,67,85,71,70,56,55,59,106,77,101,148,193,177,197,254,275,302,356,345,329,356,358,361,463,522,601,614,703,628,957,863,910,1125,1289,1049,1319,1279,1666,1377,1643,1872,1600,1750,2275,2087,2302,2274,2687,2628,2634,2967,2903,3192,3445,4231,4557,5326,6811,7366,9006,9542,12191,12167,15613,16116,17438,20983,24106,26345,30384,35295,40965,46892,46354,47485,50639,51186
1402,Accounting,"Business, Management and Accounting",Social Sciences,0,0,0,0,0,0,0,0,0,0,0,0,0,0,0,0,0,0,0,0,0,0,0,0,0,0,0,0,0,0,0,0,0,0,0,0,0,0,0,0,0,0,0,0,0,0,0,0,0,0,0,0,0,0,0,0,0,0,0,0,0,0,0,0,0,0,0,0,0,0,0,0,0,0,0,0,0,0,0,0,0,0,0,0,0,0,0,0,0,0,0,0,0,0,0,0,0,0,0,0,0,0,0,0,0,0,0,0,0,0,0,0,0,0,0,0,0,0,0,0,0,0,0,0,0,0,0,0,0,0,0,0,0,0,0,0,0,0,0,0,0,0,0,0,0,0,0,0,0,0,0,0,1,0,0,0,1,0,0,0,0,1,0,0,0,0,1,0,0,1,0,0,0,3,0,1,2,3,1,0,4,1,2,1,0,4,3,29,4,3,3,2,0,5,9,2,0,4,3,8,55,2,11,6,5,27,2,12,27,15,30,9,26,11,24,25,10,7,13,12,445,19,27,21,28,21,23,23,46,47,65,55,41,50,37,68,46,73,55,60,77,55,56,47,44,35,52,61,49,61,82,100,95,106,105,163,131,156,185,196,253,268,296,361,347,347,516,589,689,902,3267,1064,1176,1808,1637,2460,2147,2898,3001,3218,3717,4303,5602,5617,6358,6587,7611,9481,10121,12379,14108,15418,18100,18803,22731,25007,27525,28502,36118,43029,61363,71479,88158,119352,124704,140040,163367,197072,229655,266342,312070,358360,401330,404214,439641,442682,445695,452519,498035,551477,648666,733621,748665,851838,799028,672984
1403,Business and International Management,"Business, Management and Accounting",Social Sciences,0,0,0,0,0,0,0,0,0,0,0,0,0,0,0,0,0,0,0,0,0,0,0,0,0,0,0,0,0,0,0,0,0,0,0,0,0,0,0,0,0,0,0,0,0,0,0,0,0,0,0,0,0,0,0,0,0,0,0,0,0,0,0,0,0,0,0,0,0,0,0,0,0,0,0,0,0,0,0,0,0,0,0,0,0,0,0,0,0,0,0,0,0,0,0,0,0,0,0,0,0,0,0,0,0,0,0,0,0,0,0,0,0,0,0,0,0,0,0,0,0,0,0,0,0,0,0,0,0,0,0,0,0,0,0,0,0,0,0,0,0,0,0,0,0,0,0,0,0,0,0,0,0,0,0,0,0,0,0,0,0,0,0,0,0,0,0,0,0,0,0,0,0,0,0,0,0,0,0,0,0,0,0,0,0,0,0,0,1,0,0,0,0,0,0,0,0,0,0,0,1,0,0,0,0,5,0,0,0,0,0,0,0,2,0,0,2,1,1,0,4,2,0,0,1,1,0,0,0,2,1,0,0,1,0,1,3,2,0,1,0,0,1,6,2,4,4,4,8,1,2,3,15,10,6,18,17,6,15,21,15,13,22,48,20,39,28,45,44,68,129,81,105,89,107,98,144,168,153,160,240,292,281,256,294,320,343,357,464,486,495,517,584,596,696,873,827,877,1006,1073,1426,1693,2023,2374,2715,3360,3983,4787,6018,7480,8725,10727,13626,16069,18330,19418,20118,23205,26818,31281,41119,50978,55235,64761,68649,67938
1404,Management Information Systems,"Business, Management and Accounting",Social Sciences,0,0,0,0,0,0,0,0,0,0,0,0,0,0,0,0,0,0,0,0,0,0,0,0,0,0,0,0,0,0,0,0,0,0,0,0,0,0,0,0,0,0,0,0,0,0,0,0,0,0,0,0,0,0,0,0,0,0,0,0,0,0,0,0,0,0,0,0,0,0,0,0,0,0,0,0,0,0,0,0,0,0,0,0,0,0,0,0,0,0,0,0,0,0,0,0,0,0,0,0,0,0,0,0,0,0,0,0,0,0,0,0,0,0,0,0,0,0,0,0,0,0,0,0,0,0,0,0,0,0,0,0,0,0,0,0,0,0,0,0,0,0,0,0,0,0,0,0,0,0,0,0,0,0,0,0,0,0,0,0,20,0,0,0,0,0,0,0,1,0,0,0,0,0,0,1,1,0,0,0,0,0,0,0,2,0,0,2,5,0,0,2,1,0,0,1,2,2,2,9,2,3,1,3,2,6,5,3,5,2,5,8,5,1,2,9,6,4,7,10,7,6,9,7,12,18,19,24,25,23,36,22,23,36,19,52,34,34,32,29,20,28,28,29,76,32,35,31,47,59,80,67,108,100,135,142,162,207,229,261,311,524,535,654,660,743,914,1051,1234,1644,2676,2082,2426,2657,3247,3776,3671,4179,4784,5051,5741,6441,7301,8011,8948,9749,11794,12828,14301,17947,19583,22135,25460,26828,30950,34627,36164,35366,38880,45047,52471,57456,92339,96919,101935,124102,148416,164953,192189,217979,248305,284440,311360,328562,347022,344007,319510,339880,372271,403159,443415,510875,480089,523487,504727,446708
1405,Management of Technology and Innovation,"Business, Management and Accounting",Social Sciences,0,0,0,0,0,0,0,0,0,0,0,0,0,0,0,0,0,0,0,0,0,0,0,0,0,0,0,0,0,0,0,0,0,0,0,0,0,0,0,0,0,0,0,0,0,0,0,0,0,0,0,0,0,0,0,0,0,0,0,0,0,0,0,0,0,0,0,0,0,0,0,0,0,0,0,0,0,0,0,0,0,0,0,0,0,0,0,0,0,0,0,0,0,0,0,0,0,0,0,0,0,0,0,0,0,0,0,0,0,0,1,0,0,0,0,0,0,0,0,0,0,0,0,0,0,0,0,0,0,0,0,0,0,0,0,0,0,0,0,0,0,0,0,0,0,0,0,0,0,0,0,0,0,0,0,0,0,0,0,0,0,0,0,1,0,0,0,0,1,0,0,0,0,0,0,3,3,0,0,1,2,0,1,3,0,0,1,1,5,0,1,0,4,1,0,1,1,2,1,5,0,4,12,7,2,119,4,7,8,3,10,19,19,24,25,10,7,12,14,21,28,20,35,53,34,61,56,42,75,92,70,107,82,103,120,77,82,86,103,123,152,125,158,118,102,72,86,137,119,135,145,150,151,189,239,259,305,307,300,362,403,428,413,403,524,591,705,643,826,1116,1643,1021,1206,1289,1431,1612,1741,1974,2097,2131,2285,2621,2795,2795,3254,3409,4000,4570,5228,5949,6689,7376,8268,9308,10772,11920,13267,13906,16333,18367,23805,26622,37127,45551,50335,60307,73959,86950,99422,116043,131310,155253,168793,186471,204097,208687,208066,223299,247538,275723,331596,383075,367939,408231,393322,340563
1406,Marketing,"Business, Management and Accounting",Social Sciences,0,0,0,0,0,0,0,0,0,0,0,0,0,0,0,0,0,0,0,0,0,0,0,0,0,0,0,0,0,0,0,0,0,0,0,0,0,0,0,0,0,0,0,0,0,0,0,0,0,0,0,0,0,0,0,0,0,0,0,0,0,0,0,0,0,0,0,0,0,0,0,0,0,0,0,0,0,0,0,0,0,0,0,0,0,0,0,0,0,0,0,0,0,0,0,0,0,0,0,0,0,0,0,0,0,0,0,0,0,0,0,0,0,0,0,0,0,0,0,0,0,0,0,0,0,0,0,0,0,0,0,0,0,0,0,0,0,0,0,0,0,0,0,0,1,0,0,0,0,0,0,0,0,0,0,0,0,0,0,0,0,0,0,0,0,0,0,0,1,2,0,0,1,0,0,0,1,0,1,0,0,1,2,2,2,3,1,0,2,2,2,1,0,2,3,2,1,1,1,1,32,9,3,0,5,19,2,4,2,3,8,12,2,8,8,15,8,12,6,24,16,16,22,16,26,22,20,24,40,28,27,26,32,22,35,47,40,39,46,41,39,68,46,42,38,36,49,62,83,51,99,107,101,103,100,153,132,133,170,228,196,226,301,305,346,439,518,576,658,908,2106,1203,1289,1544,1804,2045,2424,2706,3400,3663,3714,4338,4419,5075,5388,6136,6560,7380,8047,8800,9433,10480,11661,14079,15691,18164,17959,19658,23542,26007,32156,37191,43994,52309,60431,72994,84380,99017,117038,136963,160427,189329,215100,234229,272653,283143,272607,296986,329785,392626,462659,539771,581079,668815,676819,627576
1407,Organizational Behavior and Human Resource Management,"Business, Management and Accounting",Social Sciences,0,0,0,0,0,0,0,0,0,0,0,0,0,0,0,0,0,0,0,0,0,0,0,0,0,0,0,0,0,0,0,0,0,0,0,0,0,0,0,0,0,0,0,0,0,0,0,0,0,0,0,0,0,0,0,0,0,0,0,0,0,0,0,0,0,0,0,0,0,0,0,0,0,0,0,0,0,0,0,0,0,0,0,0,0,0,0,0,0,1,0,0,0,0,0,0,0,0,0,0,0,0,0,0,0,0,1,0,0,0,0,0,0,0,0,0,0,0,0,0,0,0,0,0,0,0,0,0,2,0,0,0,0,0,0,0,0,0,0,0,0,0,0,0,0,0,0,0,0,0,0,0,0,1,0,0,1,0,0,0,0,0,0,0,0,0,0,0,0,0,0,0,0,2,1,1,0,0,0,2,2,0,0,1,0,2,0,1,1,1,1,4,2,2,1,3,3,5,2,3,45,4,6,5,4,43,8,13,8,9,5,10,16,16,16,15,12,7,13,16,59,18,30,22,19,35,33,59,60,55,47,76,67,68,51,107,57,63,73,68,71,76,67,89,63,83,79,115,117,136,178,163,207,225,215,256,262,342,359,479,538,520,523,549,677,757,890,956,1190,2038,4040,1980,2200,2698,3216,3351,4353,4714,5955,6499,7037,8207,8683,9551,10179,11308,12291,13392,14561,17868,19614,22154,23633,28104,32579,36685,41841,45997,52838,59869,76982,83411,98984,122083,136015,159550,188696,222438,263640,312345,353467,419549,468974,518940,557018,569710,552752,576348,612651,694318,802378,888605,869545,922662,845903,748028
1408,Strategy and Management,"Business, Management and Accounting",Social Sciences,0,0,0,0,0,0,0,0,0,0,0,0,0,0,0,0,0,0,0,0,0,0,0,0,0,0,0,0,0,0,0,0,0,0,0,0,0,0,0,0,0,0,0,0,0,0,0,0,0,0,0,0,0,0,0,0,0,0,0,0,0,0,0,0,0,0,0,0,0,0,0,0,0,0,0,0,0,0,0,0,0,0,0,0,0,0,0,0,0,0,0,0,0,0,0,0,0,1,0,0,0,0,0,0,1,0,0,0,0,0,0,0,0,0,0,0,0,0,0,0,0,0,0,0,0,0,0,0,0,0,0,0,0,0,0,0,0,0,0,0,0,0,0,0,0,0,0,0,0,1,0,0,0,0,0,0,0,0,0,0,0,0,0,0,1,0,0,1,0,0,1,0,2,1,0,3,0,4,3,2,19,5,5,6,2,2,5,10,17,4,8,4,5,4,12,5,8,10,16,19,32,13,31,32,33,128,25,38,39,37,60,70,52,63,89,61,44,46,30,75,155,60,94,75,111,93,131,163,186,212,260,242,223,196,152,178,170,187,180,202,169,152,127,160,149,118,107,142,171,216,283,276,348,326,345,407,479,495,632,811,742,1047,1197,1049,1141,1245,1916,2196,2136,3135,6390,2985,3546,4038,4405,4741,5580,6139,7127,7365,8353,9208,9385,10764,12222,12887,14055,16404,18409,20806,24228,27306,30854,35976,41375,51196,54623,59632,71177,79657,104501,118090,147823,188887,203210,239665,259101,312716,356652,426803,467974,530646,576457,628934,666158,683964,673801,708965,782696,866253,1018937,1145673,1173131,1316523,1278977,1163542
1409,"Tourism, Leisure and Hospitality Management","Business, Management and Accounting",Social Sciences,0,0,0,0,0,0,0,0,0,0,0,0,0,0,0,0,0,0,0,0,0,0,0,0,0,0,0,0,0,0,0,0,0,0,0,0,0,0,0,0,0,0,0,0,0,0,0,0,0,0,0,0,0,0,0,0,0,0,0,0,0,0,0,0,0,0,0,0,0,0,0,0,0,0,0,0,0,0,0,0,0,0,0,0,0,0,0,0,0,0,0,0,0,0,0,0,0,0,0,0,0,0,0,0,0,0,0,0,0,0,0,0,0,0,0,0,0,0,0,0,0,0,0,0,0,0,0,0,0,0,0,0,0,0,0,1,0,0,0,0,0,0,0,0,0,0,0,0,0,0,1,0,0,0,0,0,0,0,0,0,0,0,0,0,0,0,0,0,0,0,0,0,0,0,0,0,0,0,0,0,0,0,0,0,0,0,0,0,0,0,0,0,0,0,0,0,0,0,0,1,0,2,1,1,2,3,2,1,2,2,1,5,2,4,1,1,0,4,4,0,4,1,0,1,1,2,4,2,2,1,2,1,1,2,1,2,5,7,5,6,8,11,7,5,7,3,5,9,13,15,9,20,8,17,31,32,27,30,37,36,36,27,31,47,54,46,57,69,70,94,224,118,101,94,148,170,246,316,368,477,520,575,703,704,770,716,774,734,734,715,778,786,843,1065,1037,1238,1304,1325,1573,1776,2559,2603,3067,3499,4195,5051,5628,6458,8669,9628,11239,12803,14130,15509,17277,19244,18893,20827,21419,26617,30214,31665,30660,32713,31952,26604
1410,Industrial relations,"Business, Management and Accounting",Social Sciences,0,0,0,0,0,0,0,0,0,0,0,0,0,0,0,0,0,0,0,0,0,0,0,0,0,0,0,0,0,0,0,0,0,0,0,0,0,0,0,0,0,0,0,0,0,0,0,0,0,0,0,0,0,0,0,0,0,0,0,0,0,0,0,0,0,0,0,0,0,0,0,0,0,0,0,0,0,0,0,0,0,0,0,0,0,0,0,0,0,0,0,0,0,0,0,0,0,0,0,0,0,0,0,0,0,0,0,0,0,0,0,0,0,0,0,0,0,0,0,0,0,0,0,0,0,0,0,0,0,0,0,0,0,0,0,0,0,0,0,0,0,0,0,0,0,0,0,0,0,0,0,0,0,0,0,0,0,0,0,0,0,0,0,0,0,0,0,0,0,0,0,0,0,0,1,0,0,0,1,0,0,0,0,0,0,1,0,0,0,0,0,0,0,0,1,2,0,0,0,0,0,2,0,0,2,0,0,2,0,0,2,0,1,1,0,2,0,0,0,0,1,0,1,1,1,1,0,2,4,2,0,2,3,0,1,1,0,2,3,2,2,2,1,0,2,0,0,2,0,5,7,4,3,3,7,4,5,5,5,5,9,6,9,18,10,16,24,12,25,23,35,44,36,30,42,44,86,75,68,75,68,102,87,105,106,85,115,145,177,164,196,267,185,144,202,246,253,305,394,316,352,417,585,543,726,887,784,1018,1131,1234,1300,1312,1470,2231,2373,2307,2574,3701,2687,2989,2945,2916,2261,2278,1988,1020
1502,Bioengineering,Chemical Engineering,Physical Sciences,0,0,0,0,0,0,0,0,0,0,0,0,0,0,0,0,0,0,0,0,0,0,0,0,0,0,0,0,0,0,0,0,0,0,0,0,0,0,0,0,0,0,0,0,0,0,0,0,0,0,0,0,0,0,0,0,0,0,0,0,0,0,0,0,0,0,0,0,0,0,0,0,0,0,0,0,0,0,0,0,0,0,0,0,0,0,0,0,0,0,0,0,0,0,0,0,0,0,0,0,0,0,0,0,0,0,0,0,0,0,0,0,0,0,0,0,0,0,0,0,1,0,0,0,0,0,0,0,0,0,0,0,0,0,0,0,0,0,0,0,0,0,0,0,0,0,0,0,0,0,0,0,0,0,0,0,0,0,0,0,0,0,0,0,0,0,1,0,0,0,0,0,0,0,0,0,0,2,4,4,1,1,0,0,0,1,1,4,4,4,0,2,1,3,4,7,3,4,5,5,5,5,6,3,12,16,20,22,20,12,21,30,24,16,15,16,17,14,16,16,25,25,36,35,68,87,125,176,131,150,121,183,193,221,184,237,256,267,276,285,324,216,264,201,147,141,172,220,307,381,535,611,610,757,804,1027,1158,1121,1348,1431,1672,1970,2201,2117,2416,2733,2919,3247,3703,3872,4472,4612,5701,6071,5397,5973,7536,7155,7345,7429,8468,8903,9843,9698,10502,10834,11568,11354,12771,13395,14281,14264,14696,14619,15452,17053,18199,19684,21333,22108,24329,25110,26979,30927,32453,36315,41818,41300,46111,46667,48887,54574,60178,59920,63316,62880,60910,60954,64549,67995,74670,80573,75238,75402,78757,77798
1503,Catalysis,Chemical Engineering,Physical Sciences,0,0,0,0,0,0,0,0,0,0,0,0,0,0,0,0,0,0,0,0,0,0,0,0,0,0,0,0,0,0,0,0,0,0,0,0,0,0,0,0,0,0,0,0,0,0,0,0,0,0,0,0,0,0,0,0,0,0,0,0,0,0,0,0,0,0,0,0,0,0,0,0,0,0,0,0,0,0,0,0,0,0,0,0,0,0,0,0,0,0,0,0,0,0,0,0,0,0,0,0,0,0,0,0,0,0,0,0,0,0,0,0,0,0,0,0,0,0,0,1,0,0,0,0,0,0,0,0,0,0,0,0,0,0,0,0,0,0,0,0,0,0,0,0,0,0,0,0,0,0,0,0,0,0,0,0,0,0,1,0,0,0,0,0,0,0,0,0,0,0,2,1,3,2,3,5,1,1,6,6,2,6,8,5,5,6,4,5,8,2,6,8,9,16,28,23,20,27,19,35,26,46,74,71,83,97,78,125,107,98,64,219,123,86,102,81,74,38,57,62,72,97,125,126,164,177,225,274,266,258,296,294,293,325,226,286,309,297,444,399,270,283,256,587,142,85,138,214,374,375,375,446,498,656,581,859,806,1022,1001,1069,1327,1326,1642,2113,2404,2558,2847,3511,3742,3729,4426,4684,5339,5509,5330,5716,6226,6944,6558,7100,8272,8428,9265,9739,9757,10618,11441,11382,12208,13631,13820,16774,16424,15737,18356,19549,23253,27440,24405,25996,29835,31398,32961,40879,44578,56522,62579,73251,89945,95234,109292,128633,138932,153454,163244,174430,191386,206613,212004,237161,297892,330181,355366,386632,442879,479702
1504,Chemical Health and Safety,Chemical Engineering,Physical Sciences,0,0,0,0,0,0,0,0,0,0,0,0,0,0,0,0,0,0,0,0,0,0,0,0,0,0,0,0,0,0,0,0,0,0,0,0,0,0,0,0,0,0,0,0,0,0,0,0,0,0,0,0,0,0,0,0,0,0,0,0,0,0,0,0,0,0,0,0,0,0,0,0,0,0,0,0,0,0,0,0,0,0,0,0,0,0,0,0,0,0,0,0,0,0,0,0,0,0,0,0,0,0,0,0,0,0,0,0,0,0,0,0,0,0,0,0,0,0,0,0,0,0,0,0,0,0,0,0,0,0,0,0,0,0,0,0,0,0,0,0,0,0,0,0,0,0,0,0,0,0,0,0,0,0,0,0,0,0,0,0,0,0,0,0,0,0,0,0,0,0,0,0,0,0,0,0,0,0,0,0,0,0,1,0,0,0,1,0,0,0,0,0,0,0,0,0,0,1,3,3,0,4,1,2,1,0,2,2,3,1,12,7,2,5,4,3,2,4,2,4,4,7,16,13,10,12,12,19,17,17,18,16,20,18,24,17,25,34,21,29,26,28,39,24,23,33,33,48,56,83,71,75,96,106,95,106,129,111,131,139,142,167,144,188,233,237,246,255,213,280,265,276,264,314,328,393,388,444,497,597,622,678,838,835,947,1094,996,1069,1177,1231,1285,1384,1786,1503,1790,1954,1886,1919,1917,1808,2498,2501,2888,2671,2617,3113,3143,3022,3211,3516,3824,3808,4913,4138,4470,4496,4436,4333,4394,4790,6029,5693,5195,5772,5582,4949
1506,Filtration and Separation,Chemical Engineering,Physical Sciences,0,0,0,0,0,0,0,0,0,0,0,0,0,0,0,0,0,0,0,0,0,0,0,0,0,0,0,0,0,0,0,0,0,0,0,0,0,0,0,0,0,0,0,0,0,0,0,0,0,0,0,0,0,0,0,0,0,0,0,0,0,0,0,0,0,0,0,0,0,0,0,0,0,0,0,0,0,0,0,0,0,0,0,0,0,0,0,0,0,0,0,0,0,0,0,0,0,0,0,0,0,0,0,0,0,0,0,0,0,0,0,0,0,0,0,0,0,0,0,0,0,0,0,0,0,0,0,0,0,0,0,0,0,0,0,0,0,0,0,0,0,0,0,0,1,0,0,0,0,0,0,0,0,0,0,0,0,0,0,0,0,0,0,0,0,0,0,0,0,0,0,1,0,3,0,0,0,3,5,2,3,2,3,4,5,3,3,7,5,4,5,2,10,13,20,14,18,15,15,15,14,18,33,46,19,23,34,28,55,29,31,78,72,33,22,20,18,17,20,17,22,34,44,67,89,92,90,139,129,155,119,168,177,187,159,176,158,207,238,222,192,146,169,159,92,110,84,158,145,254,263,310,266,389,382,446,493,424,543,543,857,780,838,961,1101,1138,1210,1598,1724,1942,2151,2464,3253,3002,3001,3253,3339,3435,3138,3522,3635,3830,4240,4106,4305,4361,4793,4799,4925,5592,5715,5642,6206,5993,7031,6825,8153,7981,8605,9108,10310,12638,10101,11120,11753,14411,13342,14877,14421,15540,17043,18692,19710,22148,22982,22855,24693,24998,25817,27087,29583,30404,29419,29444,29308,28308
1507,Fluid Flow and Transfer Processes,Chemical Engineering,Physical Sciences,0,0,0,0,0,0,0,0,0,0,0,0,0,0,0,0,0,0,0,0,0,0,0,0,0,0,0,0,0,0,0,0,0,0,0,0,0,0,0,0,0,0,0,0,0,0,0,0,0,0,0,0,0,0,0,0,0,0,0,0,0,0,0,0,0,0,0,0,0,0,0,0,0,0,0,0,0,0,0,0,0,0,0,0,0,0,0,0,0,0,0,0,0,0,0,0,0,0,0,0,0,0,0,0,0,0,0,0,0,0,0,0,0,0,0,0,0,0,0,0,0,0,0,0,0,0,0,0,0,0,0,0,0,0,0,0,0,0,0,0,0,0,0,0,0,0,0,0,0,0,0,0,0,0,0,0,0,0,0,0,0,0,0,0,0,0,0,0,0,0,2,0,0,0,1,0,1,0,2,0,0,0,0,0,0,1,0,2,0,0,1,0,1,2,0,2,1,1,7,4,6,5,10,5,11,5,6,3,5,4,12,40,35,26,15,13,11,6,19,6,9,15,26,36,36,38,39,87,57,71,85,94,137,186,143,217,190,180,195,221,175,194,180,185,152,137,157,223,333,351,434,488,582,756,776,1084,1186,1155,1317,1454,1809,1957,2829,2704,3302,3817,4055,5352,5543,5398,6705,7447,7971,8208,8448,9744,9045,9729,10840,11149,12945,12694,13935,13306,14358,15163,15820,16625,17679,18284,20816,19629,21654,22433,23949,26254,30412,30834,33048,38658,39477,40805,44102,47784,52648,69240,66775,72694,85073,82596,90503,100808,103336,117603,126717,127473,144530,157996,162917,177020,194051,207757,206052,200615,211967,214983
1508,Process Chemistry and Technology,Chemical Engineering,Physical Sciences,0,0,0,0,0,0,0,0,0,0,0,0,0,0,0,0,0,0,0,0,0,0,0,0,0,0,0,0,0,0,0,0,0,0,0,0,0,0,0,0,0,0,0,0,0,0,0,0,0,0,0,0,0,0,0,0,0,0,0,0,0,0,0,0,0,0,0,0,0,0,0,0,0,0,0,0,0,0,0,0,0,0,0,0,0,0,0,0,0,0,0,0,0,0,0,0,0,0,0,0,0,0,0,0,0,0,0,0,0,0,0,0,0,0,0,0,0,0,0,0,0,0,0,0,0,0,0,0,0,0,0,0,0,0,0,0,0,0,0,0,0,0,0,0,0,0,0,0,0,0,0,0,0,0,0,0,0,0,0,0,0,0,0,0,0,0,0,0,0,0,0,0,0,0,1,1,0,0,0,0,0,0,0,1,4,0,1,0,0,0,1,3,0,2,0,0,0,1,1,2,1,6,9,3,4,3,9,3,0,1,11,13,8,5,5,3,7,2,6,3,1,5,11,7,8,18,14,14,10,9,28,19,19,29,15,19,32,35,61,29,25,34,21,26,17,14,16,37,32,41,66,83,96,95,110,140,113,127,182,182,226,246,293,355,411,399,484,611,554,546,635,662,738,835,938,905,1002,1149,1231,1412,1496,1383,1809,1838,1825,1980,2367,2403,2469,2531,2748,2921,3083,3291,3417,4480,5277,5323,5894,6281,7319,7855,8658,11193,11897,14576,15240,16889,18708,21001,24579,29047,35374,40802,47001,51586,55840,61360,69615,73212,87918,93629,101835,103797,114135,109833
1602,Analytical Chemistry,Chemistry,Physical Sciences,0,0,0,0,0,0,0,0,0,0,0,0,0,0,0,0,0,0,0,0,0,0,0,0,0,0,0,0,0,0,0,0,0,0,0,0,0,0,0,0,0,0,0,0,0,0,0,0,0,0,0,0,0,0,0,0,0,0,0,0,0,0,0,0,0,0,0,0,0,0,0,0,0,0,0,0,0,0,0,0,0,0,0,0,0,0,0,0,0,0,0,0,0,0,0,0,0,0,0,0,0,0,0,0,0,0,0,0,0,0,0,0,0,0,0,0,0,0,0,0,0,0,0,0,0,0,0,0,0,0,0,0,0,0,0,1,0,0,0,1,0,0,0,0,0,0,0,1,1,0,1,0,0,0,0,0,0,1,0,0,0,0,0,0,0,1,1,0,4,1,1,0,0,2,0,0,1,1,4,5,5,5,1,3,5,5,2,5,16,4,3,8,15,9,18,26,19,28,33,45,41,45,79,64,60,60,84,66,87,79,75,240,83,82,88,79,74,85,81,86,95,126,151,191,189,203,317,320,287,354,429,513,434,539,445,547,614,644,850,890,856,826,824,794,692,680,606,992,1222,1412,1750,1988,2081,2420,2481,3301,3437,3372,3871,4293,4710,5127,5551,5842,6618,6924,6825,7892,8152,9353,9032,10029,10711,10619,11621,12742,12187,14100,15318,15969,17079,18721,19711,20816,22143,22919,23731,23196,24741,26459,28390,27880,30429,29626,33232,36194,39730,38927,43902,45921,56357,53899,60811,68047,76016,83963,98275,103092,111969,123959,140014,162331,186741,196619,210538,222927,225253,231335,250824,289174,317460,349112,361761,368335,397400,391664
1603,Electrochemistry,Chemistry,Physical Sciences,0,0,0,0,0,0,0,0,0,0,0,0,0,0,0,0,0,0,0,0,0,0,0,0,0,0,0,0,0,0,0,0,0,0,0,0,0,0,0,0,0,0,0,0,0,0,0,0,0,0,0,0,0,0,0,0,0,0,0,0,0,0,0,0,0,0,0,0,0,0,0,0,0,0,0,0,0,0,0,0,0,0,0,0,0,0,0,0,0,0,0,0,0,0,0,0,0,0,0,0,0,0,0,0,0,0,0,0,0,0,0,0,0,0,0,0,0,0,0,0,0,0,0,0,0,0,0,0,0,0,0,0,0,0,0,0,0,0,0,0,0,0,0,0,0,0,0,0,0,0,0,0,0,0,0,0,0,0,0,0,0,0,0,0,0,0,0,0,1,0,11,0,1,0,0,1,0,1,1,0,2,5,5,3,4,3,7,5,9,9,8,7,11,11,15,16,16,24,15,41,33,40,77,89,103,103,97,158,136,139,118,137,142,111,75,73,106,54,73,67,106,124,148,147,203,242,251,451,364,320,299,367,461,486,429,439,453,519,610,663,630,534,562,444,394,471,359,549,758,825,1104,1360,1414,1674,1648,2213,2269,2355,2724,2822,3420,4128,4187,4690,5638,5594,6380,6914,7922,8540,9596,10388,12696,12501,12534,13284,14035,14944,14902,15951,17970,18869,19902,21784,23810,22483,25819,24191,26212,26467,30404,30409,30646,30471,33941,34026,41524,42845,42477,43466,44891,45807,48118,54830,56024,64089,65412,68995,71382,72645,77662,86629,92867,93947,101046,102018,102682,103120,105625,109286,121957,129010,128073,130257,135199,135534
1604,Inorganic Chemistry,Chemistry,Physical Sciences,0,0,0,0,0,0,0,0,0,0,0,0,0,0,0,0,0,0,0,0,0,0,0,0,0,0,0,0,0,0,0,0,0,0,0,0,0,0,0,0,0,0,0,0,0,0,0,0,0,0,0,0,0,0,0,0,0,0,0,0,0,0,0,0,0,0,0,0,0,0,0,0,0,0,0,0,0,0,0,0,0,0,0,0,0,0,0,0,0,0,0,0,0,0,0,0,0,0,0,0,0,0,0,0,0,0,0,0,0,0,0,0,0,0,0,0,0,0,0,0,0,0,0,0,0,0,0,0,0,0,0,0,0,0,0,0,0,0,0,0,0,0,0,0,0,0,1,0,6,1,1,1,1,2,0,0,1,2,0,2,1,1,1,2,0,1,1,2,1,2,6,1,9,19,12,19,27,21,11,17,26,40,25,39,27,34,36,38,49,53,42,46,73,92,87,146,105,105,110,127,138,170,201,202,253,235,251,272,365,287,290,978,465,363,359,315,274,209,257,206,225,304,452,430,491,518,654,860,762,812,848,882,858,1116,909,968,1007,974,1342,1231,978,903,799,1001,507,358,407,620,1131,1200,1828,1785,2081,2544,2916,3530,4041,4111,4591,5077,6150,7497,7598,9964,11444,11270,13355,15324,16259,16610,18911,20616,23734,24376,25770,26786,29144,28828,29339,31601,32877,35041,39972,36106,39003,41384,47557,42123,45933,49746,52694,59574,57781,58894,70775,81530,92804,97527,96967,102477,111776,119699,123615,154285,163225,214827,204830,222198,252460,280486,311431,353049,371278,418408,440622,460207,479475,522672,562513,613873,703207,776219,770264,792904,853829,853319
1605,Organic Chemistry,Chemistry,Physical Sciences,0,0,0,0,0,0,0,0,0,0,0,0,0,0,0,0,0,0,0,0,0,0,0,0,0,0,0,0,0,0,0,0,0,0,0,0,0,0,0,0,0,0,0,0,0,0,0,0,0,0,0,0,0,0,0,0,0,0,0,0,0,0,0,0,0,0,0,0,0,0,0,0,0,0,0,0,0,0,0,0,0,0,0,0,0,0,0,0,0,0,0,0,0,0,0,0,0,0,1,0,0,0,0,0,8,0,0,0,0,0,0,0,0,0,0,0,0,1,0,0,0,0,0,0,1,0,1,1,3,0,0,0,0,0,0,0,1,0,2,0,2,0,13,2,1,4,2,4,1,2,1,0,1,0,1,4,0,4,3,3,2,5,4,4,2,3,3,3,2,4,15,11,34,44,32,37,42,70,65,67,93,90,104,88,70,115,112,115,178,149,187,193,254,416,432,456,386,410,413,482,467,660,880,805,914,810,920,985,1067,1190,913,3786,1485,1115,899,869,774,542,685,602,803,1060,1444,1368,1530,1627,1859,2094,1999,2446,2857,2686,2838,2868,2781,2897,3127,3194,5819,3804,3274,3515,3111,4007,2435,1927,2425,3480,4744,5684,6984,8342,9497,12308,12287,14709,14055,16786,19873,22488,25112,29285,33967,40578,44106,48788,53932,69045,67965,70456,87004,94948,98964,105819,109490,112398,112435,126703,124230,134466,137767,142151,167783,157741,189840,173450,180086,169079,183634,190054,227473,245302,247762,261593,283628,372036,434888,393898,399012,412463,445166,496119,477497,582253,600686,755908,748936,825121,927749,1007309,1064003,1193041,1247448,1365911,1452533,1415337,1459187,1494018,1550824,1624962,1766988,1896092,1846254,1808797,1854839,1776300
1606,Physical and Theoretical Chemistry,Chemistry,Physical Sciences,0,0,0,0,0,0,0,0,0,0,0,0,0,0,0,0,0,0,0,0,0,0,0,0,0,0,0,0,0,0,0,0,0,0,0,0,0,0,0,0,0,0,0,0,0,0,0,0,0,0,0,0,0,1,0,0,0,0,0,0,0,0,0,0,0,0,0,0,0,0,0,0,0,0,0,0,0,0,0,0,0,0,0,0,0,0,0,0,0,0,0,0,0,0,0,0,0,0,1,0,0,0,2,0,1,0,0,0,0,0,0,0,0,1,1,0,1,0,1,0,0,0,0,0,1,4,0,0,0,1,0,0,1,2,3,10,2,5,0,2,1,5,2,1,2,1,5,6,6,8,6,6,4,4,6,6,4,8,9,10,7,8,15,12,8,21,16,7,9,16,26,26,67,92,100,101,110,148,143,166,233,251,268,316,249,253,245,298,354,306,327,435,612,692,799,794,738,782,844,921,939,1262,1805,1894,1618,1660,1623,1831,2200,2040,1807,6092,2691,1970,1717,1448,1636,1216,1316,1185,1423,2121,2752,2413,2972,3064,3980,4460,3899,4492,4831,4728,5235,5325,4426,4598,4719,4875,7122,5325,4462,4548,3694,4500,2550,2203,2477,3688,4775,5793,6811,7550,8465,9828,9880,12218,11901,12970,13983,14985,16954,18261,20242,23376,25681,27146,28568,34946,36553,36743,41928,45752,47124,48875,47161,48429,49794,52599,51506,53712,56998,57520,58478,58684,62052,59925,63106,61833,66641,67907,75672,79091,80564,80622,85943,95872,120282,118456,117732,126241,132044,137718,139162,157904,159231,199649,196152,191471,200530,211047,221720,243132,251393,257461,266714,256856,267338,263661,268481,282287,313038,313112,285810,283951,283038,265509
1607,Spectroscopy,Chemistry,Physical Sciences,0,0,0,0,0,0,0,0,0,0,0,0,0,0,0,0,0,0,0,0,0,0,0,0,0,0,0,0,0,0,0,0,0,0,0,0,0,0,0,0,0,0,0,0,0,0,0,0,0,0,0,0,0,28,0,0,0,0,0,0,0,0,0,0,0,0,0,0,0,0,0,0,0,0,0,0,0,0,0,0,0,0,0,0,0,0,0,0,0,0,0,0,0,0,0,0,0,0,0,0,0,0,0,0,0,0,0,0,0,0,0,1,0,0,0,0,0,0,0,0,0,0,0,0,0,0,0,0,0,0,0,0,0,0,0,0,0,0,0,0,0,0,1,0,0,0,0,0,0,0,0,0,1,0,0,0,1,10,1,0,2,0,0,0,0,1,1,0,1,3,7,3,6,13,11,6,6,5,10,7,17,19,30,38,10,17,23,22,41,23,31,47,56,94,85,101,67,88,121,100,140,118,202,187,183,167,154,157,212,238,192,837,304,243,220,194,191,155,163,155,233,277,447,433,516,585,789,1000,943,1109,1171,1306,1420,1788,1707,1896,1989,1974,2732,2054,2032,1867,1743,1803,1447,1321,1537,2539,3190,3725,4933,5488,6526,7913,8387,10549,10260,11430,12605,15374,16802,19876,22783,26041,28753,36028,37035,47125,48073,52669,58260,66231,69606,73368,74016,78021,80394,83635,86944,93230,98201,105174,108952,118877,125396,123933,128519,130899,138065,142381,151657,155586,157829,151968,162638,165764,187364,189916,188272,199986,224128,219075,225556,257750,275056,328433,328396,341999,366495,387438,419760,450496,485613,485826,492743,490536,494385,507664,507689,544851,588433,626787,606013,620893,628680,612325
1702,Artificial Intelligence,Computer Science,Physical Sciences,0,0,0,0,0,0,0,0,0,0,0,0,0,0,0,0,0,0,0,0,0,0,0,0,0,0,0,0,0,0,0,0,0,0,0,0,0,0,0,0,0,0,0,0,0,0,0,0,0,0,0,0,0,0,0,0,0,0,0,0,0,0,0,0,0,0,0,0,0,0,0,0,0,0,0,0,0,0,0,0,0,0,0,0,0,0,0,0,0,0,0,0,0,0,0,0,0,0,0,0,1,0,0,0,0,0,0,0,0,0,0,0,0,0,0,0,0,0,0,0,0,0,0,0,0,1,0,9,0,0,0,1,0,0,0,0,0,0,0,1,0,0,0,0,0,2,0,1,5,1,0,0,0,19,1,2,1,0,1,5,6,2,14,0,0,1,2,2,31,13,3,1,5,3,3,4,5,2,9,5,8,13,11,8,7,25,20,19,14,25,24,13,26,36,23,15,28,34,33,35,129,33,35,67,64,120,102,130,65,76,218,115,82,114,145,113,133,90,92,89,884,117,161,108,166,187,230,261,253,288,288,399,451,438,468,500,414,564,630,730,612,618,550,530,481,488,513,712,851,936,1223,1523,1699,2158,2217,2600,2802,2938,3460,4240,4440,5229,6209,7144,8315,9354,10678,12146,14667,16496,20146,19913,22340,23864,25847,28713,31391,34769,36593,41706,45457,49982,52167,58615,61037,66484,77766,87375,104763,118783,137592,155715,172436,185946,207780,212389,237852,252885,275597,298124,343775,372075,676767,612526,638061,790177,896430,972754,1053479,1152789,1256668,1337476,1478872,1554454,1697259,1735234,1762137,1884772,2208320,2753215,3327601,3918003,3450191,4013863,4011353,4010073
1703,Computational Theory and Mathematics,Computer Science,Physical Sciences,0,0,0,0,0,0,0,0,0,0,0,0,0,0,0,0,0,0,0,0,0,0,0,0,0,0,0,0,0,0,0,0,0,0,0,0,0,0,0,0,0,0,0,0,0,0,0,0,0,0,0,0,0,1,0,0,0,0,0,0,0,0,0,0,0,0,0,0,0,0,0,0,0,0,0,0,0,0,0,0,0,0,0,0,0,0,0,0,0,0,0,0,0,0,0,0,0,0,0,0,0,0,0,0,0,0,0,0,0,0,0,0,0,0,0,0,0,0,0,0,0,0,0,0,0,0,0,0,0,0,0,0,0,0,0,0,0,0,0,0,0,0,0,1,0,0,0,2,0,0,0,0,1,1,0,1,0,0,0,0,6,0,0,0,1,1,0,0,0,0,4,0,0,2,1,3,0,0,2,0,1,2,0,2,3,6,2,4,2,3,7,13,14,2,8,11,14,15,29,11,34,13,23,20,39,33,28,39,34,45,37,75,32,54,47,35,44,41,41,39,88,65,83,78,82,99,104,154,156,246,230,268,320,384,262,309,362,440,444,483,404,417,399,363,361,453,483,585,710,861,985,1215,1537,2078,1806,2452,2586,2837,3503,4128,4382,4943,6171,6455,8129,9763,10825,12634,14092,17612,19735,22213,23863,25451,27781,28852,30237,32235,33793,34781,38141,40447,40767,43126,46281,50268,53707,57689,64860,72160,81293,84173,93944,96989,104959,116632,121976,133070,139283,145890,162238,173196,281041,264472,262626,316454,358388,381746,413914,445212,468901,522081,557822,584418,609280,602854,597716,598323,651803,711330,807066,874681,788408,825562,829554,814575
1704,Computer Graphics and Computer-Aided Design,Computer Science,Physical Sciences,0,0,0,0,0,0,0,0,0,0,0,0,0,0,0,0,0,0,0,0,0,0,0,0,0,0,0,0,0,0,0,0,0,0,0,0,0,0,0,0,0,0,0,0,0,0,0,0,0,0,0,0,0,0,0,0,0,0,0,0,0,0,0,0,0,0,0,0,0,0,0,0,0,0,0,0,0,0,0,0,0,0,0,0,0,0,0,0,0,0,0,0,0,0,0,0,0,0,0,0,0,0,0,0,0,0,0,0,0,0,0,0,0,0,0,0,0,0,0,0,0,0,0,0,0,0,0,0,0,0,0,0,0,0,0,1,0,0,0,0,0,0,0,0,0,0,0,0,0,0,0,0,0,0,0,0,0,0,0,0,0,0,0,0,0,0,0,0,0,0,0,0,0,0,0,0,0,0,1,0,1,0,1,0,0,0,0,0,0,0,0,2,0,1,0,1,1,0,1,1,1,3,0,1,2,0,3,1,0,1,1,1,6,5,3,1,2,5,1,5,2,3,5,7,8,10,19,13,17,16,13,18,19,25,13,16,20,20,22,31,28,31,20,25,25,16,42,33,35,48,48,65,75,87,96,114,87,84,106,120,164,250,206,176,320,276,290,351,368,626,518,640,646,773,714,765,861,897,1156,1286,1571,1712,1916,2465,2799,3946,5103,6044,7005,8148,10211,11037,13265,12656,13518,16350,16211,19122,20121,21641,25016,27500,49657,46636,49159,56551,62507,64090,64367,66908,66833,68412,69660,71248,69535,67423,65365,63315,64296,64859,69012,72936,63700,71374,78443,76122
1705,Computer Networks and Communications,Computer Science,Physical Sciences,0,0,0,0,0,0,0,0,0,0,0,0,0,0,0,0,0,0,0,0,0,0,0,0,0,0,0,0,0,0,0,0,0,0,0,0,0,0,0,0,0,0,0,0,0,0,0,0,0,0,0,0,0,0,0,0,0,0,0,0,0,0,0,0,0,0,0,0,0,0,0,0,0,0,0,0,0,0,0,0,0,0,0,0,0,0,0,0,0,0,0,0,0,0,0,0,0,0,0,0,0,0,0,0,0,0,0,0,0,0,0,0,0,0,0,0,0,0,0,0,0,0,0,0,0,0,0,0,0,0,0,0,0,0,0,1,0,0,0,1,0,0,0,0,0,0,0,0,0,0,0,0,1,0,0,1,0,0,0,0,5,0,1,0,0,1,0,0,0,1,2,2,1,2,0,0,0,2,0,1,0,2,2,11,6,12,4,1,4,3,3,11,5,7,9,7,5,13,16,42,27,16,12,21,27,37,14,23,14,17,20,31,21,26,22,26,25,21,11,23,81,27,43,47,41,74,77,128,92,149,99,140,186,130,182,249,183,238,265,289,272,274,218,165,188,174,188,296,377,373,506,564,472,673,659,797,821,835,1027,1258,1448,1606,1865,2176,2297,2578,3084,3402,3850,4582,5829,5889,6466,7103,7530,8511,10184,10564,12438,13727,15746,17794,19964,22788,25280,27692,30097,36567,43342,48695,55825,65663,70631,77652,88608,95001,102879,110677,118209,137942,151012,162494,466116,373103,401292,503186,585532,612085,674838,730070,790006,823183,878927,904823,946100,915701,901309,912560,1001492,1061081,1133780,1231620,1117870,1166983,1160669,1105041
1706,Computer Science Applications,Computer Science,Physical Sciences,0,0,0,0,0,0,0,0,0,0,0,0,0,0,0,0,0,0,0,0,0,0,0,0,0,0,0,0,0,0,0,0,0,0,0,0,0,0,0,0,0,0,0,0,0,0,0,0,0,0,0,0,0,0,0,0,0,0,0,0,0,0,0,0,0,0,0,0,0,0,0,0,0,0,0,0,0,0,0,0,0,0,0,0,0,0,0,0,0,0,0,0,0,0,0,0,0,0,0,0,0,0,0,0,0,0,0,0,0,0,0,0,0,0,0,0,0,0,0,0,0,0,0,0,0,0,0,0,0,0,0,0,0,0,0,0,0,0,0,0,0,0,0,0,0,1,0,0,0,0,0,0,0,2,0,0,0,0,0,0,0,0,1,0,0,0,0,0,0,0,0,0,0,0,0,1,0,0,0,0,0,0,0,1,0,1,0,1,1,0,0,0,0,1,0,0,4,3,2,1,0,1,1,0,6,26,0,0,0,1,4,2,3,9,11,2,4,4,3,6,23,7,14,21,22,17,25,24,43,26,28,29,35,27,30,30,27,24,32,31,34,26,25,17,16,27,10,23,31,39,35,48,38,77,60,47,62,72,76,97,134,150,252,179,256,231,295,308,372,456,743,628,703,731,904,1113,1297,1323,1517,1708,1622,1724,1800,1939,2285,2342,2857,3257,3529,3704,4205,4348,5033,5158,5453,5820,6367,5946,6706,6755,8848,9287,15588,16132,18096,22187,27181,31101,35897,41701,47765,55311,62048,71718,84196,96566,102508,112680,133311,178100,187548,218488,222635,255021,270439,274105
1707,Computer Vision and Pattern Recognition,Computer Science,Physical Sciences,0,0,0,0,0,0,0,0,0,0,0,0,0,0,0,0,0,0,0,0,0,0,0,0,0,0,0,0,0,0,0,0,0,0,0,0,0,0,0,0,0,0,0,0,0,0,0,0,0,0,0,0,0,0,0,0,0,0,0,0,0,0,0,0,0,0,0,0,0,0,0,0,0,0,0,0,0,0,0,0,0,0,0,0,0,0,0,0,0,0,0,0,0,0,0,0,0,0,0,0,0,0,0,0,0,0,0,0,0,0,0,0,0,0,0,0,0,0,0,0,0,0,0,0,0,0,0,1,0,0,0,0,0,0,0,0,0,0,0,0,0,0,0,0,0,8,1,0,0,0,0,0,0,0,3,0,0,0,0,0,1,0,0,0,3,0,0,0,2,0,2,1,0,0,5,2,1,0,4,1,5,3,2,3,1,1,2,1,1,2,4,6,11,3,7,7,18,5,5,7,13,17,17,10,10,99,10,12,16,12,18,19,18,24,22,11,15,24,16,43,187,28,55,42,56,77,99,149,94,97,153,152,193,152,182,196,188,187,209,274,188,254,162,116,176,142,160,200,194,273,361,476,392,540,686,754,637,596,665,872,981,1213,1339,1372,1505,1663,1939,2346,2617,3188,4074,4078,4496,4481,5245,5507,6245,7322,7903,9206,9641,11617,11248,12621,12857,15466,17506,19084,22740,26449,30821,35459,44372,44212,52258,57587,74049,76797,90436,101707,111369,120028,316631,257611,258926,339840,390490,423465,463685,528908,582245,651455,717158,802149,890433,955368,1012454,1151254,1370228,1711214,1976608,2330532,2133185,2470296,2602757,2419030
1708,Hardware and Architecture,Computer Science,Physical Sciences,0,0,0,0,0,0,0,0,0,0,0,0,0,0,0,0,0,0,0,0,0,0,0,0,0,0,0,0,0,0,0,0,0,0,0,0,0,0,0,0,0,0,0,0,0,0,0,0,0,0,0,0,0,1,0,0,0,0,0,0,0,0,0,0,0,0,0,0,0,0,0,0,0,0,0,0,0,0,0,0,0,0,0,0,0,0,0,0,0,0,0,0,0,0,0,0,0,0,0,0,0,0,0,0,0,0,0,0,0,0,0,0,0,0,0,0,0,0,0,0,0,0,0,0,0,0,0,0,0,0,0,0,0,0,0,0,0,0,0,0,0,0,11,0,0,0,0,0,0,0,0,0,0,0,0,0,0,0,0,0,0,0,0,0,0,0,0,0,0,0,0,0,0,0,0,0,0,0,0,0,0,0,0,0,0,0,0,0,0,0,0,1,0,0,0,0,0,0,2,3,5,0,0,0,0,3,0,0,0,4,0,0,1,1,1,0,1,2,0,3,2,0,0,1,1,1,2,0,3,2,0,2,4,5,0,11,9,4,10,11,2,7,4,7,1,2,7,10,15,16,27,30,19,27,28,41,60,55,74,128,123,184,289,295,408,332,535,605,668,770,973,1281,1477,1857,2224,2524,2864,2944,3252,3832,4223,4898,5532,5539,6339,6684,8132,9864,13718,14984,18331,22580,25224,28208,33377,34808,36081,37115,40055,46610,48392,47953,179291,115029,100190,118858,123441,121523,129428,131383,146948,156637,161903,168483,173709,172005,170176,164494,170311,166473,172574,178295,145561,147856,145633,141303
1709,Human-Computer Interaction,Computer Science,Physical Sciences,0,0,0,0,0,0,0,0,0,0,0,0,0,0,0,0,0,0,0,0,0,0,0,0,0,0,0,0,0,0,0,0,0,0,0,0,0,0,0,0,0,0,0,0,0,0,0,0,0,0,0,0,0,0,0,0,0,0,0,0,0,0,0,0,0,0,0,0,0,0,0,0,0,0,0,0,0,0,0,0,0,0,0,0,0,0,0,0,0,0,0,0,0,0,0,0,0,0,0,0,0,0,0,0,0,0,0,0,0,0,0,0,0,0,0,0,0,0,0,0,0,0,0,0,0,0,0,0,0,0,0,0,0,0,0,0,0,0,0,0,1,0,0,0,0,0,0,0,0,0,0,0,0,0,3,0,0,0,0,0,0,0,0,0,0,0,0,0,0,0,0,0,0,0,0,0,0,0,0,0,0,0,1,0,0,0,1,0,0,0,0,0,0,3,1,0,3,0,0,1,0,1,0,1,0,30,1,1,1,2,4,0,0,0,6,1,5,4,5,2,24,2,5,5,6,21,7,15,23,20,20,25,20,25,16,26,55,45,35,34,13,30,12,19,17,30,27,23,20,26,41,48,48,39,59,72,46,66,67,90,87,124,150,189,206,226,314,376,491,566,737,681,659,637,737,809,770,805,1134,1320,1245,1519,1695,1904,1782,2051,2815,2813,3249,4126,4431,5196,8779,7553,7612,9674,9696,10368,11813,13972,16138,18358,31321,31744,36451,41419,50181,57175,60862,73659,79171,87788,97579,112002,120981,127630,134120,138840,163611,183714,212384,247157,266118,298397,334344,345538
1710,Information Systems,Computer Science,Physical Sciences,0,0,0,0,0,0,0,0,0,0,0,0,0,0,0,0,0,0,0,0,0,0,0,0,0,0,0,0,0,0,0,0,0,0,0,0,0,0,0,0,0,0,0,0,0,0,0,0,0,0,0,0,0,0,0,0,0,0,0,0,0,0,0,0,0,0,0,0,0,0,0,0,0,0,0,0,0,0,0,0,0,0,0,0,0,0,0,0,0,0,0,0,0,0,0,0,0,0,0,0,0,0,0,1,0,0,0,0,0,0,0,0,0,0,0,0,0,0,0,0,0,0,0,0,0,0,0,0,0,0,0,0,0,0,0,0,0,0,0,0,0,0,2,0,0,7,0,0,0,0,0,0,0,0,0,0,0,0,0,2,9,0,5,1,0,0,0,1,3,1,2,0,0,1,0,0,5,0,0,0,0,4,0,0,1,0,2,2,1,1,1,7,4,0,2,3,7,4,5,10,7,11,4,16,8,37,7,5,20,16,14,16,14,19,22,27,25,30,17,29,83,38,45,42,54,48,43,92,65,90,109,139,105,147,141,171,158,205,200,219,186,235,236,224,199,203,174,272,301,306,447,425,468,475,567,601,637,581,702,769,787,951,965,1009,1242,1422,1607,1709,2163,2493,4001,2878,3457,3536,3677,4085,4562,5113,5827,6631,6691,7788,8789,9038,10554,11011,12267,13769,15812,17477,19140,22587,24920,26263,28606,32614,35790,40156,44671,52456,65019,70875,133295,135872,156390,189284,231418,261283,294592,346610,396613,447840,517022,574115,629539,655023,648195,677738,773717,907698,1088757,1338185,1362433,1565550,1458661,1234748
1711,Signal Processing,Computer Science,Physical Sciences,0,0,0,0,0,0,0,0,0,0,0,0,0,0,0,0,0,0,0,0,0,0,0,0,0,0,0,0,0,0,0,0,0,0,0,0,0,0,0,0,0,0,0,0,0,0,0,0,0,0,0,0,0,0,0,0,0,0,0,0,0,0,0,0,0,0,0,0,0,0,0,0,0,0,0,0,0,0,0,0,0,0,0,0,0,0,0,0,0,0,0,0,0,0,0,0,0,0,0,0,0,0,0,0,0,0,0,0,0,0,0,0,0,0,0,0,0,0,0,0,0,0,0,0,0,0,0,5,0,0,0,0,0,0,0,0,0,0,0,0,0,0,0,0,0,1,0,0,0,0,0,0,0,0,0,0,0,0,0,0,0,0,1,0,0,0,0,0,0,0,0,0,0,0,0,0,0,0,2,0,1,0,0,0,0,0,0,0,0,0,1,2,0,0,0,1,0,1,1,0,0,1,1,0,4,15,3,0,1,1,0,0,3,5,1,0,2,3,5,5,16,4,3,3,12,15,22,21,17,33,34,34,42,31,64,69,38,45,45,58,65,47,41,35,25,26,41,47,78,70,138,128,127,183,280,284,229,224,278,373,432,509,437,508,564,681,844,1014,1171,1382,1958,1943,2065,2584,2791,3336,3811,4128,4537,5021,5557,6364,6337,7016,7566,8559,8733,9347,10312,12218,13907,16370,17770,18919,20038,21423,24820,27175,30721,36750,39540,44260,118346,95255,95099,125371,140928,149179,159372,180243,194234,206239,229479,239750,262929,264128,267627,282686,314054,346342,374681,414392,367740,394102,399719,377020
1712,Software,Computer Science,Physical Sciences,0,0,0,0,0,0,0,0,0,0,0,0,0,0,0,0,0,0,0,0,0,0,0,0,0,0,0,0,0,0,0,0,0,0,0,0,0,0,0,0,0,0,0,0,0,0,0,0,0,0,0,0,0,0,0,0,0,0,0,0,0,0,0,0,0,0,0,0,0,0,0,0,0,0,0,0,0,0,0,0,0,0,0,0,0,0,0,0,0,0,0,0,0,0,0,0,0,0,0,0,0,0,0,0,0,0,0,0,0,0,0,0,0,0,0,0,0,0,0,0,0,0,0,0,0,0,0,0,0,0,0,0,0,0,0,0,0,0,0,0,0,0,0,0,0,0,0,0,0,0,0,0,0,0,0,0,0,0,0,0,0,0,0,0,0,0,0,0,0,0,0,0,0,0,0,0,0,0,0,0,0,0,0,0,0,0,0,0,0,0,0,0,0,1,0,0,0,0,0,1,1,0,0,0,0,1,0,0,1,1,0,0,0,0,0,0,1,0,0,0,2,1,0,2,0,3,0,1,2,2,2,5,12,7,8,10,3,3,1,5,2,3,10,5,6,1,4,7,8,8,13,14,21,16,17,17,17,21,18,17,32,41,75,67,87,70,101,120,136,187,245,255,297,306,389,557,730,780,1159,1319,1362,1438,1565,1865,2088,2310,2643,3566,3842,4329,5281,6193,7264,8137,8079,8882,9766,9662,9849,11952,13427,14052,39385,29218,30114,37410,41451,43364,49030,53198,57325,62380,68498,69853,75203,71349,67349,67693,74631,74854,75365,78639,66048,70876,73277,67352
1800,General Decision Sciences,Decision Sciences,Social Sciences,0,0,0,0,0,0,0,0,0,0,0,0,0,0,0,0,0,0,0,0,0,0,0,0,0,0,0,0,0,0,0,0,0,0,0,0,0,0,0,0,0,0,0,0,0,0,0,0,0,0,0,0,0,0,0,0,0,0,0,0,0,0,0,0,0,0,0,0,0,0,0,0,0,0,0,0,0,0,0,0,0,0,0,0,0,0,0,0,0,0,0,0,0,0,0,0,0,0,0,0,0,0,0,0,0,0,0,0,0,0,0,0,0,0,0,0,0,0,0,0,0,0,0,0,0,0,0,0,0,0,0,0,0,0,0,0,0,0,0,0,0,0,0,0,0,0,0,0,0,0,0,0,0,0,0,0,0,0,0,0,0,0,0,0,0,0,0,0,0,0,0,0,0,0,0,0,0,0,0,0,0,5,2,0,1,0,1,0,1,0,0,0,0,1,6,5,0,0,5,0,9,5,2,6,1,7,0,1,10,12,2,3,2,2,6,10,0,28,2,1,59,9,10,5,3,2,2,4,5,5,8,10,8,9,10,12,13,16,10,18,17,26,15,14,9,16,8,14,15,18,31,46,42,48,67,95,105,115,129,149,176,196,260,299,346,387,448,576,674,746,978,1019,970,1159,1227,1353,1435,1626,1861,2170,2435,3656,3409,4431,4139,4687,5249,5728,6834,8242,7777,9738,10187,10517,10743,11210,13140,11349,12989,14993,16269,19068,39561,25689,28620,33247,36658,43791,52842,57245,62272,70033,77428,78718,85674,90576,85109,87544,94884,109988,113116,115949,103874,105000,104908,90638
1802,Information Systems and Management,Decision Sciences,Social Sciences,0,0,0,0,0,0,0,0,0,0,0,0,0,0,0,0,0,0,0,0,0,0,0,0,0,0,0,0,0,0,0,0,0,0,0,0,0,0,0,0,0,0,0,0,0,0,0,0,0,0,0,0,0,1,0,0,0,0,0,0,0,0,0,0,0,0,0,0,0,0,0,0,0,0,0,0,0,0,0,0,0,0,0,0,0,0,0,0,0,0,0,0,0,0,0,0,0,0,0,0,0,0,0,0,0,0,0,0,0,0,0,0,0,0,0,0,0,0,0,0,0,0,0,0,0,0,0,0,0,0,0,0,0,0,0,0,0,0,0,0,0,0,0,0,0,0,0,0,0,0,0,0,0,2,0,0,0,0,0,0,1,1,0,0,0,0,0,0,0,0,0,0,0,0,0,0,0,0,1,0,4,4,3,5,4,2,4,1,1,2,0,2,2,2,3,4,2,1,3,3,5,2,7,3,3,44,4,3,3,8,10,3,17,11,15,24,12,12,6,14,14,11,19,12,16,16,14,31,27,19,22,47,32,47,45,39,49,50,63,83,57,61,80,56,69,75,82,69,79,83,97,117,112,133,181,179,174,220,208,254,274,252,304,349,398,452,523,573,620,920,1538,962,1028,1203,1292,1468,1591,1711,1963,2249,2305,2822,3506,3220,3405,3704,4644,4740,5634,6225,7081,8679,9036,9899,11729,12647,14256,15498,16493,19162,25050,25743,34603,42236,45691,58260,69787,82406,95345,116085,132993,155600,173565,188853,208856,220181,211134,215082,240312,281244,336162,401095,410311,446100,438227,397645
1803,Management Science and Operations Research,Decision Sciences,Social Sciences,0,0,0,0,0,0,0,0,0,0,0,0,0,0,0,0,0,0,0,0,0,0,0,0,0,0,0,0,0,0,0,0,0,0,0,0,0,0,0,0,0,0,0,0,0,0,0,0,0,0,0,0,0,0,0,0,0,0,0,0,0,0,0,0,0,0,0,0,0,0,0,0,0,0,0,0,0,0,0,0,0,0,0,0,0,0,0,0,0,0,0,0,0,0,0,0,0,0,0,0,2,0,0,2,0,0,0,0,0,0,0,0,0,0,0,0,0,0,0,0,0,0,0,0,0,0,0,0,0,1,0,0,0,0,0,0,0,0,0,0,0,0,0,0,0,0,0,2,0,0,0,0,0,0,0,0,0,0,0,0,0,0,0,0,0,0,1,0,0,0,0,0,4,3,0,1,1,0,0,0,0,1,1,1,2,0,1,6,1,2,2,2,3,4,4,2,0,2,3,6,24,4,6,2,4,54,2,3,2,6,3,6,10,13,18,10,12,55,20,11,98,16,22,18,15,20,20,30,46,29,46,54,70,75,53,102,74,92,120,139,144,160,165,144,175,150,131,215,275,273,413,601,595,853,871,964,1168,1407,1375,1665,2120,2249,2565,2893,3154,4158,5046,5793,6654,7801,10422,10223,11337,13002,14060,15525,16597,18403,21108,22151,25469,26553,28415,30835,33862,35153,39268,41881,46645,51111,52440,57940,64274,67455,72653,79582,87058,88347,95340,105783,126787,137262,188610,205250,219949,258340,295984,329289,374366,423444,471315,533144,577639,625646,682879,688845,665593,691095,752353,846672,954218,1048895,964001,1011872,960995,886427
1804,"Statistics, Probability and Uncertainty",Decision Sciences,Social Sciences,0,0,0,0,0,0,0,0,0,0,0,0,0,0,0,0,0,0,0,0,0,0,0,0,0,0,0,0,0,0,0,0,0,0,0,0,0,0,0,0,0,0,0,0,0,0,0,0,0,0,0,0,0,0,0,0,0,0,0,0,0,0,0,0,0,0,0,0,0,0,0,0,0,0,0,0,0,0,0,0,0,0,0,0,0,0,0,0,0,0,0,0,0,0,0,0,0,0,0,0,0,0,0,0,0,0,0,0,0,0,0,0,0,0,0,0,0,0,0,0,0,0,0,0,0,0,0,0,0,0,0,0,0,0,1,0,1,0,0,0,1,0,0,0,0,0,0,0,0,0,0,0,0,0,0,1,0,0,0,0,0,1,1,0,0,0,0,3,0,0,0,1,0,1,1,0,1,0,4,3,2,3,0,9,6,6,7,4,7,8,9,7,7,3,4,5,9,6,11,11,12,13,24,27,21,38,34,30,40,30,44,64,55,35,34,29,37,33,32,37,35,40,73,74,74,97,150,185,139,199,200,203,282,228,227,308,271,263,257,295,228,280,242,182,185,178,207,273,378,476,575,725,653,801,844,1009,1005,1154,1102,1281,1388,1585,1720,1788,1945,2430,2375,2787,3072,3132,3849,3764,4252,4461,4839,5250,5398,5707,6330,6793,7427,8210,10800,10057,11256,11478,12941,14282,15303,16272,17547,22191,20695,21086,23800,25169,27007,30444,31649,33566,39611,41606,53012,56886,65317,77963,87614,96973,114184,127969,149207,166478,191988,220543,247680,267732,285174,311635,345124,404875,498653,568221,544352,570459,586295,594904
1902,Atmospheric Science,Earth and Planetary Sciences,Physical Sciences,0,0,0,0,0,0,0,0,0,0,0,0,0,0,0,0,0,0,0,0,0,0,0,0,0,0,0,0,0,0,0,0,0,0,0,0,0,0,0,0,0,0,0,0,0,0,0,0,0,0,0,0,0,0,0,0,0,0,0,0,0,0,0,0,0,0,0,0,0,0,0,0,0,0,0,0,0,0,0,0,0,0,0,0,0,0,0,0,0,0,0,0,0,0,0,0,0,0,1,0,0,0,0,0,0,0,0,0,0,0,0,0,0,0,0,0,0,0,0,0,0,0,0,0,0,0,0,0,0,0,0,0,1,0,0,2,1,1,0,0,0,0,0,0,0,0,1,1,3,0,3,5,2,15,2,1,1,0,1,2,0,1,1,1,1,3,2,4,7,3,17,21,3,3,7,7,6,4,10,8,14,24,16,24,19,23,66,35,35,31,39,55,33,54,48,35,54,63,60,35,72,57,57,83,74,88,105,91,83,100,140,169,122,143,138,140,187,91,151,139,154,128,197,196,203,188,277,326,362,441,462,525,616,616,653,618,693,653,932,1002,838,785,718,606,611,388,578,819,1229,1350,1690,2586,2641,2927,3069,3507,3618,4299,4139,4887,5174,6645,6829,8475,9423,10655,11274,13194,14844,16237,19109,22056,22518,24554,25812,30377,31452,33895,37871,44086,44444,49629,53524,58795,61932,60392,71232,74025,75859,90072,96157,97656,105622,112057,119818,129460,145812,163276,164323,180672,218610,224087,264530,302580,302024,370674,370675,439665,468676,496242,546296,640222,663455,745783,764908,808659,804475,856966,959493,1044984,1185717,1546148,1493258,1425124,1343855,1183212
1904,Earth-Surface Processes,Earth and Planetary Sciences,Physical Sciences,0,0,0,0,0,0,0,0,0,0,0,0,0,0,0,0,0,0,0,0,0,0,0,0,0,0,0,0,0,0,0,0,0,0,0,0,0,0,0,0,0,0,0,0,0,0,0,0,0,0,0,0,0,0,0,0,0,0,0,0,0,0,0,0,0,0,0,0,0,0,0,0,0,0,0,0,0,0,0,0,0,0,0,0,0,0,0,0,0,0,0,0,0,0,0,0,0,0,0,0,0,0,0,0,0,0,0,1,0,0,0,0,0,0,0,1,0,0,0,0,0,0,0,0,0,0,1,1,0,0,0,0,0,0,0,0,1,0,0,0,0,1,0,0,0,1,0,1,4,0,0,0,0,1,0,0,0,0,1,1,1,0,1,0,0,0,2,3,2,1,1,0,1,5,1,1,5,0,6,0,2,2,1,1,7,7,5,5,3,7,13,19,15,8,10,15,22,19,32,23,27,30,14,23,30,29,40,48,28,36,49,65,71,47,49,48,58,20,38,35,36,45,48,54,83,78,110,114,130,120,133,156,170,159,149,172,170,144,179,251,223,190,152,142,178,164,157,242,311,360,410,470,497,556,648,741,807,1005,964,1079,1178,1185,1414,1887,2324,2314,2485,2884,2903,3341,4441,4025,4952,4821,5816,6476,6715,7393,8188,9238,10012,10381,13186,12998,14850,15030,15851,17645,20598,23015,20872,21555,22816,24986,23610,26928,25934,27561,29075,32513,40102,39504,47247,52356,57654,62739,68476,76806,80835,84425,90754,109917,115052,130038,136264,141110,148527,158317,180197,196741,222201,255250,241326,233136,234895,219942
1906,Geochemistry and Petrology,Earth and Planetary Sciences,Physical Sciences,0,0,0,0,0,0,0,0,0,0,0,0,0,0,0,0,0,0,0,0,0,0,0,0,0,0,0,0,0,0,0,0,0,0,0,0,0,0,0,0,0,0,0,0,0,0,0,0,0,0,0,0,0,0,0,0,0,0,0,0,0,0,0,0,0,0,0,0,0,0,0,0,0,0,0,0,0,0,0,0,0,0,0,0,0,0,0,0,0,0,0,0,0,0,0,0,0,0,0,0,0,0,0,0,0,0,0,0,0,0,0,0,0,0,0,0,0,0,0,0,0,0,0,0,0,0,0,1,0,0,1,0,0,0,0,2,0,0,0,1,0,0,0,0,0,1,0,2,6,1,1,1,1,3,1,1,0,0,3,1,2,0,0,1,2,1,1,1,1,2,0,1,3,3,3,1,1,5,9,1,4,18,9,16,8,15,18,16,16,25,26,27,11,36,34,18,30,21,42,31,35,23,31,59,43,40,63,67,41,62,124,123,76,61,77,78,113,75,90,47,63,55,71,101,93,139,187,190,174,195,176,188,271,250,248,258,256,317,320,370,284,286,242,220,225,169,170,219,313,334,462,539,523,721,698,875,901,842,893,1047,1163,1225,1436,1589,1993,2171,2204,2722,2623,2956,3307,3346,3764,3898,4273,4648,5466,5449,5847,7360,7458,8010,8589,10007,10715,9920,12047,12724,13392,15350,15981,16139,16844,17201,18146,18128,19369,19308,20757,21408,27137,26448,30992,35318,38798,43460,47459,50649,54222,57608,63376,75257,80883,92682,98658,106295,118669,123176,140222,161912,185273,221470,219463,225849,241630,237265
1907,Geology,Earth and Planetary Sciences,Physical Sciences,0,0,0,0,0,0,0,0,0,0,0,0,0,0,0,0,0,0,0,0,0,0,0,0,0,0,0,0,0,0,0,0,0,0,0,0,0,0,0,0,0,0,0,0,0,0,0,0,0,0,0,0,0,0,0,0,0,0,0,0,0,0,0,0,0,0,0,0,0,0,0,0,0,0,0,0,0,0,0,0,0,0,0,0,0,0,0,0,0,0,0,0,0,0,0,0,0,0,0,0,0,0,0,0,0,0,0,0,0,0,1,0,0,0,0,0,0,0,0,0,0,0,0,0,0,0,0,0,0,0,0,0,0,0,0,0,0,0,0,1,0,0,1,0,0,1,0,0,0,0,0,0,1,4,0,0,0,0,0,0,0,0,0,0,1,0,1,0,1,0,0,0,5,2,0,1,0,0,1,0,4,4,7,9,5,10,11,2,10,9,11,12,14,10,4,7,11,14,15,25,34,19,16,17,20,22,31,51,29,24,73,46,48,38,43,38,51,35,44,37,69,56,48,52,57,72,85,124,88,96,120,91,156,136,174,166,135,189,147,171,155,166,135,108,110,116,103,170,229,224,273,335,351,365,478,541,540,569,568,761,723,803,938,1057,1403,1450,1655,1988,1981,2304,2606,2768,3100,3337,4165,3923,4311,4805,5311,6450,6112,7148,8163,7879,8305,7885,9518,9827,11147,14504,13427,13815,14696,14158,14274,15088,13904,14065,14292,15355,18512,17031,20554,21769,23040,24444,25411,27829,29695,32506,33712,42417,42820,48201,51918,61266,64863,72589,85170,99588,110625,132903,129871,145324,136684,127494
1908,Geophysics,Earth and Planetary Sciences,Physical Sciences,0,0,0,0,0,0,0,0,0,0,0,0,0,0,0,0,0,0,0,0,0,0,0,0,0,0,0,0,0,0,0,0,0,0,0,0,0,0,0,0,0,0,0,0,0,0,0,0,0,0,0,0,0,0,0,0,0,0,0,0,0,0,0,0,0,0,0,0,0,0,0,0,0,0,0,0,0,0,0,0,0,0,0,0,0,0,0,0,0,0,0,0,0,0,0,0,0,0,0,0,0,0,0,0,0,0,0,0,0,0,0,3,0,0,0,0,0,0,0,0,0,0,0,0,0,0,0,0,2,0,0,0,0,0,0,1,0,0,0,0,1,0,0,0,0,0,0,0,2,0,0,0,1,15,0,0,3,2,2,0,0,0,1,2,0,1,2,0,3,1,0,1,1,0,1,0,0,3,4,2,5,12,3,7,7,9,20,12,10,16,17,43,17,27,26,9,20,28,36,21,40,20,18,33,72,102,26,43,48,48,113,85,116,62,65,73,73,59,67,36,56,82,94,75,95,116,124,192,153,160,165,230,347,336,355,375,336,509,453,436,373,330,352,278,272,241,352,498,642,581,709,850,1050,1210,1384,1918,1942,1991,2362,2664,3223,3428,4585,5499,7375,8625,9187,11182,13215,14740,17713,19163,23544,23039,27751,29796,30676,31842,34533,46726,42189,50213,54322,60193,66315,61248,73461,84983,106571,102168,101294,114090,116461,111665,119245,129573,130779,128131,148884,151770,179588,180467,226198,242611,267339,290289,325747,366998,370206,406488,432334,501626,521025,577311,629549,683038,694654,761623,830603,925003,1009899,1143058,1054618,1019231,1043560,979626
1910,Oceanography,Earth and Planetary Sciences,Physical Sciences,0,0,0,0,0,0,0,0,0,0,0,0,0,0,0,0,0,0,0,0,0,0,0,0,0,0,0,0,0,0,0,0,0,0,0,0,0,0,0,0,0,0,0,0,0,0,0,0,0,0,0,0,0,0,0,0,0,0,0,0,0,0,0,0,0,0,0,0,0,0,0,0,0,0,0,0,0,0,0,0,0,0,0,0,0,0,0,0,0,0,0,0,0,0,0,0,0,0,1,0,0,0,0,1,0,0,0,15,0,1,0,0,0,0,0,0,0,0,0,0,0,0,0,0,0,0,0,0,0,0,0,0,0,1,0,1,0,1,0,0,0,0,1,0,0,1,0,1,2,1,0,1,0,0,2,1,1,2,4,3,4,2,1,3,4,6,2,0,5,4,0,5,2,0,2,3,5,5,11,12,19,38,23,18,10,13,24,29,111,32,33,20,22,40,34,40,43,49,44,32,66,47,78,65,73,64,96,111,95,152,127,190,161,196,221,129,138,173,168,247,168,182,238,196,199,265,369,362,374,405,397,507,500,530,532,543,546,656,683,848,621,542,532,387,317,315,420,567,649,943,1226,1374,1424,1593,1881,2009,2358,2750,2560,3186,3631,3995,4263,4655,5647,6275,6570,7841,8467,10438,12385,12944,15024,16595,16795,19846,20308,22858,26273,30599,33539,35957,39353,45094,46951,48339,57770,55921,60118,68692,68861,75687,71191,77635,79171,84393,95558,99107,106383,121937,139778,156201,184697,192685,198358,232881,241654,271047,289450,303553,324634,369297,385068,434003,438855,449785,462279,478685,511475,559737,624935,744687,701359,728474,700953,650640
1911,Paleontology,Earth and Planetary Sciences,Physical Sciences,0,0,0,0,0,0,0,0,0,0,0,0,0,0,0,0,0,0,0,0,0,0,0,0,0,0,0,0,0,0,0,0,0,0,0,0,0,0,0,0,0,0,0,0,0,0,0,0,0,0,0,0,0,0,0,0,0,0,0,0,0,0,0,0,0,0,0,0,0,0,0,0,0,0,0,0,0,0,0,0,0,0,0,0,0,0,0,0,1,0,1,0,0,0,0,0,0,0,1,0,1,0,0,0,0,0,0,0,0,0,0,0,0,2,0,0,0,0,0,0,0,0,0,0,0,0,0,0,0,0,0,0,0,0,0,1,0,1,0,0,0,0,0,0,3,0,1,0,4,3,2,4,0,1,1,2,1,4,2,0,2,1,0,2,3,1,11,1,6,2,2,6,7,5,5,7,6,6,22,8,28,12,33,12,16,48,47,46,58,49,56,65,48,103,83,67,58,110,124,101,190,100,151,148,76,90,145,189,100,169,168,205,149,187,213,144,206,160,144,172,473,182,244,190,309,295,331,305,335,410,347,414,415,493,395,486,643,560,560,612,681,595,462,423,453,410,428,703,592,681,704,933,955,1018,1193,1310,1252,1383,1539,1961,1914,1979,2060,2448,2802,3635,3473,4791,4400,5195,5957,6154,6642,7408,8157,9040,8527,10569,10041,11747,12035,14247,15777,15932,17327,17475,18651,19111,21883,24663,25485,25969,29026,29082,29635,31517,34753,36383,38992,43133,56501,63051,65006,79981,84448,95692,105498,126362,124734,145367,156612,169425,191767,202550,217347,240825,239233,253110,279077,322217,354268,372816,327400,346365,315611,314482
1912,Space and Planetary Science,Earth and Planetary Sciences,Physical Sciences,0,0,0,0,0,0,0,0,0,0,0,0,0,0,0,0,0,0,0,0,0,0,0,0,0,0,0,0,0,0,0,0,0,0,0,0,0,0,0,0,0,0,0,0,0,0,0,0,0,0,0,0,0,0,0,0,0,0,0,0,0,0,0,0,0,0,0,0,0,0,0,0,0,0,0,0,0,0,0,0,0,0,0,0,0,0,0,0,0,0,0,0,0,0,0,0,0,0,0,0,0,0,0,0,0,0,0,0,0,0,0,0,0,0,0,0,0,0,0,0,0,1,0,0,0,0,0,0,0,0,0,0,0,0,0,0,0,0,0,0,0,0,0,1,0,1,1,0,0,0,0,0,0,0,0,0,0,0,0,0,0,0,1,0,0,0,1,2,0,0,0,0,0,0,0,1,0,2,2,1,1,3,2,0,1,2,6,1,3,0,1,2,1,0,3,1,8,5,0,2,1,2,6,4,3,9,6,2,8,6,8,7,6,20,8,13,17,7,8,3,29,11,6,8,10,10,10,15,18,20,15,14,18,17,12,22,24,31,29,30,26,31,28,19,18,28,27,36,41,37,47,51,54,49,72,52,59,64,70,56,65,88,82,80,96,115,143,116,125,129,426,336,142,309,171,660,191,253,259,287,266,286,708,368,390,432,376,458,714,435,610,574,734,660,754,678,937,925,1100,1033,1599,1449,1804,1705,1793,2539,2725,3083,2942,3586,3815,5001,5894,5899,6723,7025,7902,9078,10602,13690,17343,14987,14427,16162,14829,13225
2000,"General Economics, Econometrics and Finance","Economics, Econometrics and Finance",Social Sciences,0,0,0,0,0,0,0,0,0,0,0,0,0,0,0,0,0,0,0,0,0,0,0,0,0,0,0,0,0,0,0,0,0,0,0,0,0,0,0,0,0,0,0,0,0,0,0,0,0,0,0,0,0,0,0,0,0,0,0,0,0,0,0,0,0,0,0,0,0,0,0,0,0,0,0,0,0,0,0,0,0,0,0,0,0,0,0,0,0,0,0,0,0,0,0,0,0,0,0,0,17,0,0,0,0,0,0,0,0,0,0,0,0,0,0,0,0,0,0,0,0,0,0,0,0,0,0,0,0,0,0,0,0,0,0,0,0,0,0,0,0,0,0,0,0,0,0,0,0,0,0,0,0,0,0,0,0,0,0,0,1,0,0,0,0,0,2,0,0,0,0,0,2,0,1,3,0,2,2,1,11,2,0,0,0,1,3,0,8,2,0,5,2,0,1,23,2,4,2,3,35,5,15,1,12,17,3,7,14,4,11,6,11,10,6,24,17,8,11,14,48,17,28,17,19,18,16,12,37,34,31,20,37,46,20,65,41,39,49,72,64,47,61,70,38,55,74,108,93,64,100,123,123,155,142,220,203,272,290,376,336,530,483,635,676,868,967,1130,1372,1836,2923,2543,2935,3939,4309,4263,5665,6554,7765,9035,10101,10787,11899,14150,15062,16512,19369,22535,23303,28414,28946,31261,34865,35240,38527,48398,52294,50183,57637,65828,80079,101026,105649,132677,147983,161094,180280,190513,220606,243702,255410,279521,290928,305701,319742,307943,297565,293373,317293,340393,392224,411885,380066,405182,388052,332920
2002,Economics and Econometrics,"Economics, Econometrics and Finance",Social Sciences,0,0,0,0,0,0,0,0,0,0,0,0,0,0,0,0,0,0,0,0,0,0,0,0,0,0,0,0,0,0,0,0,0,0,0,0,0,0,0,0,0,0,0,0,0,0,0,0,0,0,0,0,0,0,0,0,0,0,0,0,0,0,0,0,0,0,0,0,0,0,0,0,0,0,0,0,0,0,0,0,0,0,0,0,0,0,0,0,0,0,0,0,0,0,0,0,0,0,0,0,22,0,0,0,0,0,0,0,0,0,0,0,0,0,0,2,0,0,0,0,0,0,0,0,7,0,0,2,0,0,1,0,0,0,2,1,1,1,0,1,4,0,0,1,0,0,1,1,1,1,2,1,2,10,1,2,1,2,2,10,9,5,9,2,12,4,7,16,8,6,6,13,13,5,14,10,16,19,18,21,30,49,21,17,24,36,40,23,63,49,54,47,60,53,97,61,61,70,73,79,213,82,117,81,102,189,83,79,123,123,159,156,161,205,206,250,156,134,141,172,601,220,271,271,199,243,335,305,424,411,434,464,523,514,541,528,535,576,630,693,619,546,590,664,475,497,620,741,938,975,1303,1175,1349,1520,1589,1950,1969,1960,2220,2526,2734,3491,3638,5321,4421,5413,7312,8343,7781,10328,15314,14288,16527,21993,22357,23801,29019,35136,39602,42800,46262,49937,56157,62761,65597,73615,84883,101150,99823,114006,122487,134258,145811,149487,164379,193425,202045,216456,254017,282944,350496,402331,454656,548940,604263,664834,694116,782999,875671,954889,1021114,1128444,1190947,1276319,1349663,1336530,1309186,1342973,1459992,1647415,1888770,2148362,2166743,2387083,2336124,2124774
2003,Finance,"Economics, Econometrics and Finance",Social Sciences,0,0,0,0,0,0,0,0,0,0,0,0,0,0,0,0,0,0,0,0,0,0,0,0,0,0,0,0,0,0,0,0,0,0,0,0,0,0,0,0,0,0,0,0,0,0,0,0,0,0,0,0,0,0,0,0,0,0,0,0,0,0,0,0,0,0,0,0,0,0,0,0,0,0,0,0,0,0,0,0,0,0,0,0,0,0,0,0,0,0,0,0,0,0,0,0,0,0,0,0,3,0,0,0,0,0,0,0,0,0,0,0,0,0,0,0,0,0,0,0,0,0,0,0,0,0,0,0,0,0,0,0,0,0,0,1,0,0,0,0,0,0,0,0,1,1,0,1,0,0,0,1,0,0,0,0,0,0,0,0,0,0,0,0,1,0,4,0,0,1,1,0,3,0,1,2,1,4,1,1,4,3,1,0,1,3,2,16,4,3,1,4,3,5,35,6,9,4,8,7,46,5,23,13,8,19,8,20,22,14,33,15,15,16,19,54,15,13,31,24,49,22,33,30,12,30,33,26,62,88,55,73,81,61,61,73,107,69,91,104,124,84,75,70,56,71,68,84,112,120,150,189,143,200,241,270,350,304,369,440,407,654,641,780,863,974,1146,1384,1595,1924,2861,2525,3206,4097,4490,4907,5746,7235,7922,8495,9181,10276,11361,12627,13186,14296,17470,19443,21058,25916,26761,28508,33542,32827,38008,44545,52644,53415,65755,77334,100617,126675,150240,189632,199141,213083,239658,269707,308497,352810,392470,446972,497188,501210,534979,531182,506414,511739,535328,577111,663680,671504,601822,652430,632870,564193
2100,General Energy,Energy,Physical Sciences,0,0,0,0,0,0,0,0,0,0,0,0,0,0,0,0,0,0,0,0,0,0,0,0,0,0,0,0,0,0,0,0,0,0,0,0,0,0,0,0,0,0,0,0,0,0,0,0,0,0,0,0,0,0,0,0,0,0,0,0,0,0,0,0,0,0,0,0,0,0,0,0,0,0,0,0,0,0,0,0,0,0,0,0,0,0,0,0,0,0,0,0,0,0,0,0,0,0,0,0,1,0,0,0,0,0,0,0,0,0,0,0,0,0,0,0,0,0,0,0,0,0,0,0,0,0,0,0,0,0,0,0,0,0,0,0,0,0,0,0,0,0,0,0,0,0,0,0,0,0,0,0,0,0,0,0,0,1,0,0,0,0,0,0,0,0,0,0,0,0,0,0,0,0,0,0,0,0,0,0,1,0,0,0,0,0,0,0,0,0,0,0,0,0,0,0,0,1,0,0,0,0,0,0,0,0,0,0,0,2,0,1,0,2,2,2,1,0,0,0,10,1,2,5,3,2,6,1,0,3,4,5,3,2,5,10,3,7,0,5,2,2,3,3,1,0,2,5,6,3,7,10,4,8,13,17,11,15,11,18,37,31,33,32,38,34,41,37,86,49,126,52,54,62,116,178,209,330,334,376,413,437,428,473,445,446,427,423,404,447,444,571,515,550,601,566,640,654,701,671,1029,1069,1062,1552,1634,2135,2417,2647,3611,4542,5617,7576,8229,9556,11228,11458,11791,12858,14717,16905,20134,23827,21903,25852,26872,24204
2102,Energy Engineering and Power Technology,Energy,Physical Sciences,0,0,0,0,0,0,0,0,0,0,0,0,0,0,0,0,0,0,0,0,0,0,0,0,0,0,0,0,0,0,0,0,0,0,0,0,0,0,0,0,0,0,0,0,0,0,0,0,0,0,0,0,0,0,0,0,0,0,0,0,0,0,0,0,0,0,0,0,0,0,0,0,0,0,0,0,0,0,0,0,0,0,0,0,0,0,0,0,0,0,0,0,0,0,0,0,0,0,0,0,0,0,0,0,0,0,0,0,0,0,0,0,0,0,0,0,0,0,0,0,0,0,0,0,0,0,0,0,0,0,0,0,0,0,0,0,0,0,0,0,0,0,0,0,0,0,0,0,0,0,0,0,0,0,0,0,0,0,0,0,0,0,0,0,0,0,0,0,0,0,0,0,0,0,0,0,0,0,0,0,1,0,0,0,0,1,0,0,0,0,0,0,0,0,1,0,0,1,0,0,1,0,0,1,0,4,1,1,1,2,2,0,2,0,1,0,1,3,0,3,0,3,3,4,1,1,9,5,4,6,4,7,8,21,30,18,9,6,13,15,9,16,6,24,1,2,9,8,12,9,18,14,22,26,18,26,30,17,20,44,27,37,40,50,65,55,78,69,97,118,111,109,117,130,112,190,206,307,299,308,367,373,344,389,406,339,473,413,456,502,399,474,577,548,513,618,622,606,613,661,858,795,1493,1542,1765,2453,3100,3630,5533,7209,8945,12475,14852,17290,21812,24063,29372,34293,42097,50650,65687,84840,99283,132614,175187,201756
2103,Fuel Technology,Energy,Physical Sciences,0,0,0,0,0,0,0,0,0,0,0,0,0,0,0,0,0,0,0,0,0,0,0,0,0,0,0,0,0,0,0,0,0,0,0,0,0,0,0,0,0,0,0,0,0,0,0,0,0,0,0,0,0,0,0,0,0,0,0,0,0,0,0,0,0,0,0,0,0,0,0,0,0,0,0,0,0,0,0,0,0,0,0,0,0,0,0,0,0,0,0,0,0,0,0,0,0,0,0,0,0,0,0,0,0,0,0,0,0,0,0,0,0,0,0,0,0,0,0,0,0,0,0,0,0,0,0,0,0,0,0,0,0,0,0,0,0,0,0,0,0,0,0,0,0,0,0,0,0,0,0,0,0,0,0,0,0,0,0,0,0,0,0,0,0,0,0,0,1,0,0,0,0,0,0,0,0,0,0,0,0,0,0,0,0,0,0,1,0,0,0,2,0,0,0,1,0,0,0,2,3,1,1,2,2,3,7,1,1,8,11,4,3,6,8,7,6,19,13,4,9,9,26,16,17,15,10,19,30,16,21,25,29,27,18,27,20,18,40,33,28,20,33,29,30,22,23,42,80,75,84,113,115,181,119,121,125,151,137,169,159,155,142,184,157,171,193,186,165,196,198,194,221,210,262,287,368,505,710,890,773,854,1135,1214,1578,1318,1149,1264,1248,1295,1312,1312,1128,1359,1294,1436,1442,1356,1286,1043,1368,1222,1329,1397,1491,1435,1578,1452,1655,1584,1955,2157,2700,2774,3199,3239,3713,3797,4142,4884,5096,5626,4868,4909,4898,4425
2104,Nuclear Energy and Engineering,Energy,Physical Sciences,0,0,0,0,0,0,0,0,0,0,0,0,0,0,0,0,0,0,0,0,0,0,0,0,0,0,0,0,0,0,0,0,0,0,0,0,0,0,0,0,0,0,0,0,0,0,0,0,0,0,0,0,0,0,0,0,0,0,0,0,0,0,0,0,0,0,0,0,0,0,0,0,0,0,0,0,0,0,0,0,0,0,0,0,0,0,0,0,0,0,0,0,0,0,0,0,0,0,0,0,0,0,0,0,0,0,0,0,0,0,0,0,0,0,0,0,0,0,0,0,0,0,0,0,0,0,0,0,0,0,0,0,0,0,0,0,0,0,0,0,0,0,0,0,0,0,0,0,0,0,0,0,0,0,0,0,0,0,0,0,0,0,0,0,0,0,0,0,0,0,0,0,0,0,0,0,0,0,0,0,0,0,0,0,0,0,0,0,0,0,0,0,0,0,0,0,0,0,0,0,0,0,0,0,0,0,0,0,0,0,1,0,1,2,0,1,1,3,1,0,0,0,0,0,0,0,1,1,0,0,1,1,2,0,0,1,3,4,1,6,4,2,1,1,0,0,1,5,4,8,9,10,13,14,15,23,30,18,21,37,22,34,41,38,44,40,58,50,54,65,89,72,86,78,68,84,72,67,70,82,80,74,67,74,65,77,100,97,118,121,116,115,107,169,144,146,123,142,152,165,162,172,221,226,213,259,266,266,294,261,334,419,401,489,521,635,867,862,1186,1482,1746,1916,2356,2361,2523,2679
2105,"Renewable Energy, Sustainability and the Environment",Energy,Physical Sciences,0,0,0,0,0,0,0,0,0,0,0,0,0,0,0,0,0,0,0,0,0,0,0,0,0,0,0,0,0,0,0,0,0,0,0,0,0,0,0,0,0,0,0,0,0,0,0,0,0,0,0,0,0,0,0,0,0,0,0,0,0,0,0,0,0,0,0,0,0,0,0,0,0,0,0,0,0,0,0,0,0,0,0,0,0,0,0,0,0,0,0,0,0,0,0,0,0,0,0,0,4,0,0,0,2,0,0,0,0,0,0,0,2,0,0,0,0,0,0,1,0,0,0,0,0,0,0,0,0,0,0,0,0,0,0,0,0,0,0,0,0,0,0,0,0,0,0,0,1,0,0,0,1,0,2,0,2,0,0,0,0,0,0,0,0,0,3,1,0,0,3,1,0,2,1,0,2,4,2,4,4,8,9,1,21,6,5,4,3,8,6,3,7,10,11,14,21,25,38,18,36,32,56,32,80,61,98,65,77,77,87,174,113,94,93,68,69,62,80,80,58,98,110,104,139,162,219,239,208,262,300,338,275,357,332,388,408,480,567,489,391,405,358,446,296,254,310,354,563,662,711,891,876,1155,1262,1699,1611,1828,1946,2124,2949,2539,2858,3073,3753,4515,4476,5159,5581,6150,7811,8042,8372,10173,10303,10923,12307,13983,15049,17235,20345,20958,22193,22521,24201,23322,25684,25880,27196,28475,28961,30992,33257,34057,35605,36259,41331,42884,45944,50405,55051,60852,70005,83905,94965,116635,131940,160473,187407,231735,293889,381637,471646,573585,687821,769324,883293,1016781,1222062,1432685,1717654,2041413,2257790,2428309,2735609,2785519
2200,General Engineering,Engineering,Physical Sciences,0,0,0,0,0,0,0,0,0,0,0,0,0,0,0,0,0,0,0,0,0,0,0,0,0,0,0,0,0,0,0,0,0,0,0,0,0,0,0,0,0,0,0,0,0,0,0,0,0,0,0,0,0,0,0,0,0,0,0,0,0,0,0,0,0,0,0,0,0,0,0,0,0,0,0,0,0,0,0,0,0,0,0,0,0,0,0,0,0,0,0,0,0,0,0,0,0,0,0,0,0,0,0,0,0,0,0,0,0,0,0,0,0,0,0,0,0,0,0,0,0,0,0,0,0,0,0,0,0,0,0,0,0,0,0,0,0,0,0,0,0,0,0,0,0,0,0,0,0,0,0,0,0,0,0,0,0,0,0,0,0,0,0,0,0,0,0,0,0,0,0,1,0,0,0,0,0,0,0,0,0,0,0,0,0,0,0,0,0,0,0,0,0,0,0,0,0,0,0,0,0,0,0,0,0,0,0,0,0,0,0,0,1,0,0,0,0,0,0,0,0,0,0,0,0,0,1,1,0,0,0,0,0,0,0,1,2,3,2,3,1,2,2,0,0,1,0,0,0,4,0,1,0,1,1,1,0,3,2,1,1,1,5,1,11,7,11,10,14,15,31,22,30,22,28,20,23,32,44,50,36,45,52,62,73,60,78,83,89,103,98,132,123,125,117,116,134,147,128,138,176,156,231,220,256,298,345,365,503,698,938,1703,1445,1734,1755,1515,1563,1643,2218,2461,2933,3582,3405,3646,3571,3220
2202,Aerospace Engineering,Engineering,Physical Sciences,0,0,0,0,0,0,0,0,0,0,0,0,0,0,0,0,0,0,0,0,0,0,0,0,0,0,0,0,0,0,0,0,0,0,0,0,0,0,0,0,0,0,0,0,0,0,0,0,0,0,0,0,0,0,0,0,0,0,0,0,0,0,0,0,0,0,0,0,0,0,0,0,0,0,0,0,0,0,0,0,0,0,0,0,0,0,0,0,0,0,1,0,0,0,0,0,0,0,0,0,1,0,0,0,0,0,0,0,0,0,0,0,0,0,0,0,0,0,0,0,0,0,0,0,0,0,0,0,0,0,0,0,0,0,0,0,0,0,0,1,1,0,0,0,1,0,0,1,1,0,0,0,0,0,1,1,0,1,1,0,0,1,2,0,0,1,0,0,2,0,4,3,6,5,1,3,1,1,3,0,4,7,7,7,5,9,4,13,11,26,13,5,7,14,15,17,22,20,17,17,37,17,38,47,54,42,35,41,42,49,49,92,78,76,78,66,88,76,70,76,94,84,126,157,163,186,312,319,327,413,416,440,473,495,576,721,639,786,872,1002,826,787,575,512,466,445,661,922,1401,1372,1754,2310,2217,2793,2753,3484,3965,3880,4440,5883,6875,7274,8270,9896,10586,11783,13453,15035,16148,17484,19130,19551,19972,20879,21585,23158,23517,24347,24709,27047,28187,30594,31441,31324,32885,35956,38140,39169,41328,46063,48473,52718,58788,57922,59388,64710,72719,76244,82623,85642,98721,105538,177309,163687,172158,212250,239214,251455,278767,305754,352495,397969,442401,492844,546396,571707,618847,667610,766361,891922,992833,1149076,1185990,1338994,1455679,1470846
2203,Automotive Engineering,Engineering,Physical Sciences,0,0,0,0,0,0,0,0,0,0,0,0,0,0,0,0,0,0,0,0,0,0,0,0,0,0,0,0,0,0,0,0,0,0,0,0,0,0,0,0,0,0,0,0,0,0,0,0,0,0,0,0,0,0,0,0,0,0,0,0,0,0,0,0,0,0,0,0,0,0,0,0,0,0,0,0,0,0,0,0,0,0,0,0,0,0,0,0,0,0,0,0,0,0,0,0,0,0,0,0,0,0,0,0,0,0,0,0,0,0,0,0,0,0,0,0,0,0,0,0,0,0,0,0,0,0,0,0,0,0,0,0,0,0,0,0,0,0,0,0,0,0,0,0,0,0,0,0,0,0,0,0,0,0,0,0,0,0,0,0,1,0,1,0,2,0,1,0,1,0,0,0,0,0,0,0,0,0,1,1,1,1,0,0,0,1,0,0,0,1,0,0,0,0,2,3,0,2,3,1,13,2,7,7,8,9,2,3,11,9,6,9,10,9,6,6,14,8,6,20,31,7,20,10,14,28,28,33,51,36,41,40,47,74,62,54,64,80,84,91,84,142,70,77,85,75,100,118,116,195,198,283,250,310,356,418,408,458,494,534,587,587,818,860,926,1117,1227,1413,1778,1819,2408,2327,2591,2671,2954,3169,3700,3814,4410,5983,5671,5676,5867,6117,6239,6438,6594,6916,8676,9936,9302,8983,12266,12042,12236,13130,16701,15836,17334,19026,22824,23556,34005,35116,37749,45258,48822,56528,61861,71195,78734,94831,106764,123496,146946,156156,174045,209394,259360,326605,423969,528867,587359,705245,810236,893291
2204,Biomedical Engineering,Engineering,Physical Sciences,0,0,0,0,0,0,0,0,0,0,0,0,0,0,0,0,0,0,0,0,0,0,0,0,0,0,0,0,0,0,0,0,0,0,0,0,0,0,0,0,0,0,0,0,0,0,0,0,0,0,0,0,0,1,0,0,0,0,0,0,0,0,0,0,0,0,0,0,0,0,0,0,0,0,0,0,0,0,0,0,0,0,0,0,0,0,0,0,0,0,0,0,0,0,0,0,0,0,0,0,0,0,0,0,2,0,1,0,0,0,0,0,0,0,0,1,0,0,0,0,0,0,0,0,0,0,0,0,0,0,0,1,1,0,0,1,0,0,0,1,20,0,0,0,0,0,2,1,1,0,0,0,0,1,1,0,2,1,0,1,3,2,0,0,1,2,30,2,3,4,54,6,2,7,6,8,8,7,41,57,17,21,19,29,22,29,24,55,27,46,36,33,55,92,42,103,58,55,96,79,141,122,140,190,152,207,178,155,196,200,240,414,311,351,287,216,214,179,250,243,354,399,493,577,606,677,855,1087,1018,1208,1209,1417,1420,1437,1476,1611,1925,1861,2110,2305,2017,2031,1776,1568,1312,1358,1611,2165,2820,3382,4383,4754,5441,6489,7208,8515,8918,8878,10147,11585,13782,14489,15902,17418,19908,22926,24233,29099,30387,33118,38033,40725,44276,47639,48762,52258,55701,60292,62593,67887,74099,83139,88160,89339,94816,98613,108717,109906,118844,140733,133949,146754,174116,165762,177425,195882,218283,231204,244585,266444,314717,317082,412040,448191,471872,574193,655572,728361,832967,919785,1090753,1261124,1428831,1599662,1755475,1879018,2070550,2289699,2528721,2893209,3415763,3934986,4128910,4326607,4674418,4758872
2205,Civil and Structural Engineering,Engineering,Physical Sciences,0,0,0,0,0,0,0,0,0,0,0,0,0,0,0,0,0,0,0,0,0,0,0,0,0,0,0,0,0,0,0,0,0,0,0,0,0,0,0,0,0,0,0,0,0,0,0,0,0,0,0,0,0,0,0,0,0,0,0,0,0,0,0,0,0,0,0,0,0,0,0,0,0,0,0,0,0,0,0,0,0,0,0,0,0,0,0,0,0,0,0,0,0,0,0,0,0,0,0,0,0,0,0,0,0,0,0,0,0,0,0,0,0,0,0,0,0,0,0,0,0,0,0,0,0,0,0,0,0,0,0,0,0,0,0,1,0,0,0,0,0,0,0,0,1,0,0,1,0,0,1,0,1,0,0,0,0,1,2,0,1,0,0,0,0,0,1,0,2,1,1,12,3,58,0,6,0,4,4,0,7,9,4,4,8,6,9,5,10,8,9,16,11,16,13,19,26,14,19,14,61,28,41,40,46,90,32,55,55,55,101,89,90,89,111,61,90,73,88,85,94,126,164,150,178,226,343,355,365,377,365,473,563,437,478,421,526,473,554,745,579,614,519,458,397,317,374,403,682,708,919,1039,1041,1216,1464,1757,1854,2020,2130,2406,3010,2651,3359,3643,3744,4667,5436,6114,6353,7284,8751,8627,9503,10504,10759,11141,12149,11682,13627,15444,16305,17642,18379,22390,24377,24998,29037,31142,33471,35679,38142,43800,45290,47886,48931,52859,59566,60064,64871,69911,83881,89207,110757,125252,138832,161343,182905,195968,225495,253221,291366,344497,393905,456781,511811,538979,597265,677845,807775,950005,1191744,1469339,1567119,1779925,1986227,2080725
2206,Computational Mechanics,Engineering,Physical Sciences,0,0,0,0,0,0,0,0,0,0,0,0,0,0,0,0,0,0,0,0,0,0,0,0,0,0,0,0,0,0,0,0,0,0,0,0,0,0,0,0,0,0,0,0,0,0,0,0,0,0,0,0,0,0,0,0,0,0,0,0,0,0,0,0,0,0,0,0,0,0,0,0,0,0,0,0,0,0,0,0,0,0,0,0,0,0,0,0,0,0,0,0,0,0,0,0,0,0,0,0,0,1,1,1,0,0,0,0,0,0,0,0,0,0,0,0,0,0,1,0,0,0,1,0,0,0,0,0,0,0,0,0,1,0,0,0,0,0,0,0,1,1,0,0,3,2,0,1,0,0,0,0,4,0,0,2,0,1,3,1,3,2,2,1,0,2,5,3,2,4,15,4,10,2,8,13,13,8,16,5,56,49,66,41,47,51,55,91,65,78,74,66,89,90,99,72,99,128,163,139,150,165,282,298,247,266,221,229,307,262,355,423,438,368,433,262,265,210,322,314,447,492,654,639,698,871,1243,1691,1352,1591,1647,1560,1863,1873,1610,1658,1766,1702,1914,1881,1752,1529,1337,1457,818,657,847,1181,1927,2304,3114,3697,3759,4974,4546,5086,6097,5379,6124,6842,8020,8481,9286,10327,11339,13764,15465,17566,18979,20214,23035,24026,26488,28522,29083,32715,34433,34649,37590,42044,47333,50563,54789,57973,63055,66838,74132,79996,87342,97883,100137,114065,117807,123806,130016,135862,153072,156167,166221,169472,184211,200225,247512,259225,270062,333336,347121,373660,405450,424213,480422,523859,564069,621370,677376,693003,748925,780867,849841,929267,1003806,1092057,1017526,1055897,1091852,1053576
2207,Control and Systems Engineering,Engineering,Physical Sciences,0,0,0,0,0,0,0,0,0,0,0,0,0,0,0,0,0,0,0,0,0,0,0,0,0,0,0,0,0,0,0,0,0,0,0,0,0,0,0,0,0,0,0,0,0,0,0,0,0,0,0,0,0,0,0,0,0,0,0,0,0,0,0,0,0,0,0,0,0,0,0,0,0,0,0,0,0,0,0,0,0,0,0,0,0,0,0,0,0,0,0,0,0,0,0,0,0,0,0,0,1,0,0,0,0,0,0,0,0,0,0,0,0,0,0,0,0,0,0,0,0,0,0,0,0,0,0,1,0,0,0,0,0,1,0,0,0,0,0,0,0,0,0,0,0,0,0,0,0,0,1,1,0,0,0,0,0,0,0,0,1,0,0,0,0,0,1,1,2,0,0,0,2,1,1,1,2,2,4,0,1,3,2,3,3,1,3,9,1,1,8,8,18,6,3,4,8,11,7,17,15,23,15,17,38,17,32,25,38,28,48,59,43,38,37,41,57,17,24,37,62,52,93,64,69,80,119,148,171,184,181,200,309,210,253,233,222,292,285,314,320,363,334,364,256,336,318,503,493,550,697,822,752,1026,982,1153,1341,1352,1556,1912,2354,2414,2798,3371,4174,4934,5881,6714,7359,8209,10107,11129,12276,12647,13632,14358,15876,16510,17399,19285,20633,22242,25086,27459,28449,33484,37183,40264,44093,49860,57719,61733,68731,68990,72241,81138,86077,93849,94854,107754,119250,119950,288598,224338,223793,268683,311744,316972,359983,405651,446142,513194,549644,615109,684769,694528,745805,821005,925692,1045536,1161780,1285770,1269611,1376855,1453065,1429414
2208,Electrical and Electronic Engineering,Engineering,Physical Sciences,0,0,0,0,0,0,0,0,0,0,0,0,0,0,0,0,0,0,0,0,0,0,0,0,0,0,0,0,0,0,0,0,0,0,0,0,0,0,0,0,0,0,0,0,0,0,0,0,0,0,0,0,0,2,0,0,0,0,0,0,0,0,0,0,0,0,0,0,0,0,0,0,0,0,0,0,0,0,0,0,0,0,0,0,0,0,0,0,0,0,0,0,0,0,0,0,0,0,0,0,0,0,0,0,0,0,0,1,0,0,0,2,0,0,0,0,0,0,0,0,0,0,0,0,1,1,0,0,0,0,0,1,0,0,0,0,2,0,0,0,0,0,0,0,0,2,2,1,1,0,0,0,0,0,0,0,0,0,0,0,2,0,0,1,0,0,41,0,0,1,73,5,3,0,2,0,3,6,8,2,19,9,27,20,14,23,19,32,18,15,31,43,37,60,44,112,53,74,98,63,117,63,91,125,119,131,106,137,123,160,163,225,214,297,174,170,191,145,161,139,178,224,268,373,349,528,774,1167,912,935,1051,1280,1519,1425,1463,1590,1443,1629,1661,1919,1847,1571,1255,1222,975,1035,1156,1785,2127,2416,3021,3618,3874,4978,5247,6929,7754,7600,9265,11185,11390,13879,15808,18302,20745,26019,29060,34894,37099,39955,46134,48741,53089,56076,58771,61294,68744,70071,75622,81904,93214,99924,109347,112805,119089,133745,136169,149997,165754,187830,196695,221528,234161,250168,255550,273952,298029,320364,333941,376322,390965,428641,897341,772022,792523,1001706,1130762,1184972,1339180,1455627,1654246,1892519,2126969,2323782,2646180,2820391,3068617,3343746,3794276,4238975,4742908,5333585,5506956,5911539,6436619,6545882
2209,Industrial and Manufacturing Engineering,Engineering,Physical Sciences,0,0,0,0,0,0,0,0,0,0,0,0,0,0,0,0,0,0,0,0,0,0,0,0,0,0,0,0,0,0,0,0,0,0,0,0,0,0,0,0,0,0,0,0,0,0,0,0,0,0,0,0,0,0,0,0,0,0,0,0,0,0,0,0,0,0,0,0,0,0,0,0,0,0,0,0,0,0,0,0,0,0,0,0,0,0,0,0,0,0,0,0,0,0,0,0,0,0,0,0,0,0,0,0,0,0,0,0,0,0,0,0,0,0,0,0,0,0,0,0,0,0,0,0,0,0,0,0,0,0,0,0,0,0,0,0,0,0,0,0,0,0,0,0,0,0,2,1,0,0,0,0,0,0,0,0,0,0,0,0,2,0,0,0,0,0,0,0,0,0,2,1,0,0,0,0,0,1,0,0,0,1,2,0,1,1,1,0,1,0,1,1,1,1,2,4,9,4,1,6,7,10,7,8,9,10,8,9,15,6,19,24,15,26,25,25,19,16,12,39,38,30,48,47,40,49,68,69,86,96,111,103,101,74,77,84,109,114,110,109,107,119,111,102,93,82,99,130,110,163,210,255,253,340,398,456,474,556,548,658,708,866,980,1072,1126,1455,1724,1732,2180,2514,3324,2947,3335,4163,4002,4878,5198,5310,6077,6500,7128,7613,8250,9013,10044,11209,12525,13476,16933,19863,20986,24351,28276,30681,31533,37312,39133,39983,42686,42466,45989,48907,89774,80291,81434,99821,117398,121532,137961,147309,164526,185378,196955,213400,225210,227888,230760,243172,288108,334210,403170,485316,503971,584997,633646,652300
2210,Mechanical Engineering,Engineering,Physical Sciences,0,0,0,0,0,0,0,0,0,0,0,0,0,0,0,0,0,0,0,0,0,0,0,0,0,0,0,0,0,0,0,0,0,0,0,0,0,0,0,0,0,0,0,0,0,0,0,0,0,0,0,0,0,0,0,0,0,0,0,0,0,0,0,0,0,0,0,0,0,0,0,0,0,0,0,0,0,0,0,0,0,0,0,0,0,0,0,0,0,0,0,0,0,0,0,0,0,0,0,0,1,0,0,0,0,0,0,0,0,0,0,0,0,0,0,0,0,0,0,0,0,0,0,0,0,0,0,0,0,0,0,0,0,0,0,1,0,0,0,0,0,0,0,0,1,1,1,1,3,0,0,2,1,2,0,0,0,2,2,0,3,3,0,2,1,4,6,1,1,3,11,2,3,12,7,7,1,12,14,13,18,20,18,13,22,27,27,21,26,32,44,39,41,46,81,63,68,71,81,82,87,88,201,217,200,226,200,215,233,211,315,432,389,319,335,232,222,182,314,283,282,400,459,588,648,740,1075,1196,1249,1306,1282,1395,1599,1528,1519,1648,1783,1619,1754,2465,1930,1713,1701,1948,1147,1090,1098,1266,2026,2299,3231,3751,3703,4491,4774,5895,6377,5915,6725,7606,8560,9117,10869,11916,13079,15183,16408,19530,19888,21965,25937,25542,28779,30450,30797,33409,34438,36044,40220,42431,47408,49342,55648,58093,61863,62158,68802,71768,80415,85249,88115,97235,108635,110928,118767,126001,139606,147113,148245,159687,180012,186708,242569,252981,278283,329816,378280,401466,438583,470561,568836,662086,742088,845864,966313,1041483,1153116,1317694,1530649,1759960,2075435,2395298,2617601,2844145,3210482,3415574
2211,Mechanics of Materials,Engineering,Physical Sciences,0,0,0,0,0,0,0,0,0,0,0,0,0,0,0,0,0,0,0,0,0,0,0,0,0,0,0,0,0,0,0,0,0,0,0,0,0,0,0,0,0,0,0,0,0,0,0,0,0,0,0,0,0,0,0,0,0,0,0,0,0,0,0,0,0,0,0,0,0,0,0,0,0,0,0,0,0,0,0,0,0,0,0,0,0,0,0,0,0,0,0,0,0,0,0,0,0,0,0,0,0,0,0,0,0,0,0,0,0,0,0,0,0,0,0,0,0,0,0,0,0,0,0,0,0,0,0,0,0,0,0,0,0,0,0,1,0,0,1,0,0,0,0,0,0,0,0,0,3,0,0,0,0,0,0,0,0,0,0,0,3,2,0,0,0,0,0,1,1,1,5,2,0,1,0,0,1,1,1,0,1,3,1,14,5,15,12,6,5,6,11,16,22,10,12,11,19,12,17,20,32,34,31,35,44,78,34,53,26,33,102,89,78,67,46,50,84,41,69,61,64,80,108,136,129,189,275,330,264,342,416,419,492,487,460,616,600,615,694,867,750,709,540,599,494,496,542,766,1115,1184,1542,1813,1937,2234,2586,3130,3443,3444,3985,4481,5227,5672,6528,7694,9214,10575,12093,15330,16101,17660,20566,21401,24480,26851,28034,29519,30812,33467,36850,41575,44252,48068,50640,55322,62332,61742,69332,74410,83440,90199,93566,103015,111773,116113,118219,128557,133692,141388,143229,152477,169930,174305,207173,231147,246588,269897,302156,309401,334721,356269,394006,446507,500699,554627,605852,637390,697580,748736,846292,948789,1073939,1173367,1209107,1260649,1350502,1381282
2212,Ocean Engineering,Engineering,Physical Sciences,0,0,0,0,0,0,0,0,0,0,0,0,0,0,0,0,0,0,0,0,0,0,0,0,0,0,0,0,0,0,0,0,0,0,0,0,0,0,0,0,0,0,0,0,0,0,0,0,0,0,0,0,0,0,0,0,0,0,0,0,0,0,0,0,0,0,0,0,0,0,0,0,0,0,0,0,0,0,0,0,0,0,0,0,0,0,0,0,0,0,0,0,0,0,0,0,0,0,0,0,0,0,0,0,0,0,0,0,0,0,0,0,0,0,0,0,0,0,0,0,0,0,0,1,0,0,0,0,0,0,0,0,0,0,0,0,0,0,0,0,0,0,0,0,0,0,2,0,0,0,0,0,1,0,0,0,0,0,1,0,0,0,0,0,0,0,0,1,0,0,1,0,1,2,0,1,0,0,2,1,2,2,3,4,7,5,11,8,2,6,10,7,12,8,12,17,16,19,25,27,26,14,20,24,22,33,34,37,41,33,45,55,47,57,34,39,32,46,49,63,52,59,80,68,62,93,139,155,143,166,159,171,210,215,211,241,282,262,263,329,268,241,209,182,180,182,201,283,345,424,539,604,668,753,791,971,1001,1105,1167,1424,1549,2021,2319,2505,3298,3624,3774,4359,4587,5206,6339,6477,7324,7526,7804,8827,8888,10092,10343,11667,12993,14977,16373,16680,18353,19430,21643,22712,25633,26687,27617,29614,31696,31514,32724,36781,38986,36858,40915,44515,54213,55329,72775,76697,81129,99315,106144,118360,128167,147045,166603,190541,210576,237507,267509,285827,314807,334256,397514,454713,522013,602788,608616,654936,701589,713005
2213,"Safety, Risk, Reliability and Quality",Engineering,Physical Sciences,0,0,0,0,0,0,0,0,0,0,0,0,0,0,0,0,0,0,0,0,0,0,0,0,0,0,0,0,0,0,0,0,0,0,0,0,0,0,0,0,0,0,0,0,0,0,0,0,0,0,0,0,0,0,0,0,0,0,0,0,0,0,0,0,0,0,0,0,0,0,0,0,0,0,0,0,0,0,0,0,0,0,0,0,0,0,0,0,0,0,0,0,0,0,0,0,0,0,0,0,0,0,0,0,0,0,1,0,0,0,0,0,0,0,0,0,0,0,0,0,0,0,0,0,0,0,0,0,0,0,0,0,0,0,0,0,0,0,0,0,0,0,0,0,0,0,0,0,0,0,0,0,1,0,0,0,0,0,0,0,0,0,0,0,0,0,0,0,0,0,0,1,0,1,0,0,0,0,0,0,0,1,0,1,0,0,1,6,1,0,1,2,0,0,2,2,0,4,1,6,8,1,8,3,3,14,3,5,6,5,8,16,7,8,9,12,4,9,10,1,15,9,6,14,15,16,26,32,14,18,21,25,30,30,31,29,30,49,41,41,42,54,64,50,45,47,53,95,142,107,149,177,189,211,226,253,388,389,481,550,728,651,739,724,890,846,1025,1082,1219,1277,1771,1656,1957,1883,2157,2472,2844,3174,3533,3897,4378,5497,5483,6234,6780,7228,7969,7401,8390,9040,9255,11003,11602,11837,13878,13424,14673,15241,14744,17305,21020,21614,28982,32055,32904,40827,46477,51226,57705,66252,77970,93341,100633,114854,123645,124053,131338,139372,160271,187748,219144,254443,253724,280025,299214,300055
2214,Media Technology,Engineering,Physical Sciences,0,0,0,0,0,0,0,0,0,0,0,0,0,0,0,0,0,0,0,0,0,0,0,0,0,0,0,0,0,0,0,0,0,0,0,0,0,0,0,0,0,0,0,0,0,0,0,0,0,0,0,0,0,0,0,0,0,0,0,0,0,0,0,0,0,0,0,0,0,0,0,0,0,0,0,0,0,0,0,0,0,0,0,0,0,0,0,0,0,0,0,0,0,0,0,0,0,0,0,0,0,0,0,2,0,0,0,0,0,0,0,0,0,0,0,0,0,0,0,0,0,0,0,0,0,0,0,0,0,0,0,0,0,0,0,0,0,0,0,0,2,0,0,0,0,0,0,0,0,0,0,0,0,0,0,0,0,0,0,0,0,0,0,0,0,0,0,0,0,0,1,0,0,1,2,0,1,0,0,0,0,0,0,0,0,0,0,2,0,5,1,0,0,1,1,0,1,3,1,5,1,5,7,3,4,12,5,11,5,8,4,13,8,6,11,21,16,13,7,4,10,20,16,10,20,19,33,23,34,39,45,55,54,56,50,44,69,45,50,63,78,73,68,52,52,77,47,97,96,115,129,188,137,224,208,260,295,248,275,294,353,401,513,461,498,650,775,1065,1196,1413,1846,1983,1921,2009,2110,2231,2249,2720,2919,2751,2930,2897,3184,3425,3372,3787,4386,5051,5152,6170,6421,7012,8118,8455,8920,10282,11302,11675,13057,15051,18798,19853,38011,36622,37093,46892,55069,64432,73771,85537,96764,114763,124921,130840,146299,154526,160320,169413,198230,231760,302189,324057,334110,378170,422121,400574
2215,Building and Construction,Engineering,Physical Sciences,0,0,0,0,0,0,0,0,0,0,0,0,0,0,0,0,0,0,0,0,0,0,0,0,0,0,0,0,0,0,0,0,0,0,0,0,0,0,0,0,0,0,0,0,0,0,0,0,0,0,0,0,0,0,0,0,0,0,0,0,0,0,0,0,0,0,0,0,0,0,0,0,0,0,0,0,0,0,0,0,0,0,0,0,0,0,0,0,0,0,0,0,0,0,0,0,0,0,0,0,0,0,0,0,0,0,0,0,0,0,0,0,0,0,0,0,0,0,0,0,0,0,0,0,0,0,0,0,0,0,0,0,0,0,0,0,0,0,0,0,0,0,0,0,0,0,0,0,0,0,1,0,0,0,0,0,0,0,0,0,0,0,1,0,0,0,0,0,0,0,0,1,0,5,2,8,0,0,1,2,0,2,0,1,0,1,2,3,0,1,2,2,2,4,4,1,10,2,2,1,11,3,3,6,10,18,11,2,17,22,27,62,19,25,19,17,22,22,20,23,22,31,61,48,78,59,111,88,81,79,95,106,142,145,164,152,186,259,277,264,240,281,204,205,203,187,217,283,335,437,584,794,560,676,939,927,898,1060,1304,1087,1568,1295,1447,1715,1831,2104,1802,2316,2522,2782,3161,3076,3316,3651,3853,3805,3811,4868,4599,4959,5546,6283,6862,6936,7847,8385,9707,9315,10245,10376,12107,12279,13470,14439,15431,17164,18139,19341,20543,22016,27748,30323,38319,43994,49109,58017,73055,77097,91204,106390,129332,158636,190147,225150,261550,290136,317967,363181,433608,536649,673763,824157,879080,991197,1085433,1107601
2216,Architecture,Engineering,Physical Sciences,0,0,0,0,0,0,0,0,0,0,0,0,0,0,0,0,0,0,0,0,0,0,0,0,0,0,0,0,0,0,0,0,0,0,0,0,0,0,0,0,0,0,0,0,0,0,0,0,0,0,0,0,0,0,0,0,0,0,0,0,0,0,0,0,0,0,0,0,0,0,0,0,0,0,0,0,0,0,0,0,0,0,0,0,0,0,0,0,0,0,0,0,0,0,0,0,0,0,0,0,0,0,0,0,0,0,0,0,0,0,0,0,0,0,0,0,0,0,0,0,0,0,0,0,0,0,0,0,0,0,0,0,0,0,0,0,0,0,0,0,0,0,0,0,0,0,0,0,0,0,0,0,0,0,0,0,0,0,0,1,1,0,0,0,0,0,0,0,0,0,0,0,1,0,0,1,0,0,1,1,0,0,0,3,2,0,2,2,3,1,1,1,2,1,5,2,7,4,3,6,4,5,8,9,8,13,13,6,18,10,12,8,9,8,13,15,11,12,12,12,25,11,16,10,13,16,19,24,34,33,40,73,35,48,45,34,36,39,43,36,53,39,32,31,35,19,33,28,49,58,60,80,66,68,86,96,101,106,91,126,146,166,194,193,227,240,304,328,346,427,512,592,630,616,656,725,845,907,964,1049,1130,1123,1224,1263,1303,1508,1563,1502,1728,1994,1893,2215,2282,2283,2447,2539,2899,3085,3336,3504,4350,4744,6662,6508,7006,7877,9138,10001,10140,12089,13025,15047,16683,17234,19077,19702,19446,19712,22173,24205,37279,28413,23870,26126,25542,19775
2302,Ecological Modeling,Environmental Science,Physical Sciences,0,0,0,0,0,0,0,0,0,0,0,0,0,0,0,0,0,0,0,0,0,0,0,0,0,0,0,0,0,0,0,0,0,0,0,0,0,0,0,0,0,0,0,0,0,0,0,0,0,0,0,0,0,0,0,0,0,0,0,0,0,0,0,0,0,0,0,0,0,0,0,0,0,0,0,0,0,0,0,0,0,0,0,0,0,0,0,0,2,0,2,0,0,0,0,0,0,0,0,0,0,0,0,0,0,0,0,0,0,0,0,0,0,0,0,0,0,0,0,0,0,0,0,0,0,1,0,0,0,0,0,0,0,0,0,0,0,0,0,0,0,1,1,0,0,0,1,0,0,0,0,0,0,1,0,0,0,0,0,0,0,0,0,0,0,0,0,0,0,1,0,0,0,0,0,2,2,0,3,7,8,1,16,3,3,10,2,1,9,2,1,5,6,7,9,3,5,11,10,7,33,8,16,11,17,18,18,25,23,13,20,21,32,34,33,22,12,24,15,24,28,20,41,25,21,31,26,40,52,32,55,74,72,75,60,102,106,96,62,108,70,80,66,63,84,58,74,100,100,98,164,147,131,118,181,200,176,173,263,223,253,331,311,313,333,444,433,448,601,591,890,697,789,873,925,1016,1079,1182,1393,1563,1566,1855,1771,2044,1958,2009,2097,2292,2445,2635,2834,3278,3573,3674,3979,4718,4926,5301,5853,6817,8573,9751,11931,14368,16697,20933,26904,30449,35368,43946,52736,62599,71132,84812,91152,99688,109535,118405,133476,162845,190948,220960,224705,242362,237132,246033
2303,Ecology,Environmental Science,Physical Sciences,0,0,0,0,0,0,0,0,0,0,0,0,0,0,0,0,0,0,0,0,0,0,0,0,0,0,0,0,0,0,0,0,0,0,0,0,0,0,0,0,0,0,0,0,0,0,0,0,0,0,0,0,0,0,0,0,0,0,0,0,0,0,0,0,0,0,2,0,1,0,0,0,0,0,0,0,0,0,0,0,0,0,0,0,0,0,0,0,1,0,1,0,0,0,0,0,0,0,18,0,2,0,0,0,0,0,0,2,0,0,0,0,0,0,0,1,0,0,1,0,0,0,0,0,0,1,0,0,0,0,0,0,0,0,0,4,0,0,0,2,0,3,0,2,3,1,3,1,1,3,0,3,4,1,1,3,2,8,6,2,7,8,3,8,6,3,9,1,9,12,2,7,12,13,7,23,14,19,29,84,90,16,63,21,26,42,36,37,43,51,51,69,86,87,159,78,87,117,150,145,215,112,241,187,222,275,304,286,238,283,353,485,489,571,545,477,466,427,422,794,668,581,680,615,712,863,982,1095,1320,1409,1552,1993,1911,1888,1877,1966,2237,2512,2434,2752,2399,2397,2268,2102,1761,1708,2022,2489,2810,3279,3808,4399,4569,5633,5990,7041,7445,8375,9050,10516,12395,12985,13304,16256,18609,22036,21951,26145,28815,32753,38833,39752,45028,48702,51786,55638,59055,66802,73086,77988,86177,91364,97152,104052,109421,116166,122554,126874,142519,142848,151007,159764,174110,165498,172816,187729,195745,207205,230239,246271,305307,318241,362493,410063,458959,489726,573538,623866,663200,725582,785382,878003,939156,1034088,1103746,1137278,1181429,1236681,1343722,1532153,1854395,2027970,1998219,2068326,2067131,2073016
2304,Environmental Chemistry,Environmental Science,Physical Sciences,0,0,0,0,0,0,0,0,0,0,0,0,0,0,0,0,0,0,0,0,0,0,0,0,0,0,0,0,0,0,0,0,0,0,0,0,0,0,0,0,0,0,0,0,0,0,0,0,0,0,0,0,0,0,0,0,0,0,0,0,0,0,0,0,0,0,0,0,0,0,0,0,0,0,0,0,0,0,0,0,0,0,0,0,0,0,0,0,0,0,0,0,0,0,0,0,0,0,0,0,0,0,1,0,0,0,0,0,0,1,0,0,0,0,0,0,0,0,0,0,0,0,0,0,0,0,0,0,1,0,0,0,0,0,0,3,0,0,0,1,1,0,0,1,1,2,2,2,0,0,1,1,1,0,0,0,0,2,0,0,1,2,1,0,1,3,0,0,2,0,1,0,6,18,20,14,17,27,32,30,29,44,28,24,27,31,20,44,43,42,49,56,94,136,152,150,136,128,119,119,110,164,233,248,198,242,266,246,299,304,235,887,358,298,247,183,190,177,209,198,243,238,387,291,317,353,444,483,486,512,653,568,587,628,568,519,543,654,1171,788,641,669,657,800,463,392,432,627,909,985,1183,1352,1340,1659,1674,1974,2015,2279,2601,2844,3385,3531,3661,4105,5058,5178,5332,6352,6286,7220,8237,8244,9041,9509,10105,10930,11650,12588,14107,15266,17723,18358,21345,22160,24150,24044,27921,27403,30655,31826,37038,36560,40506,42493,45469,48343,53481,56347,61651,67385,80172,86260,97696,114915,122344,147370,164894,183136,200121,223608,241326,274340,288896,311304,340587,345905,355843,377600,418129,464643,546390,623788,637928,653643,686709,687331
2305,Environmental Engineering,Environmental Science,Physical Sciences,0,0,0,0,0,0,0,0,0,0,0,0,0,0,0,0,0,0,0,0,0,0,0,0,0,0,0,0,0,0,0,0,0,0,0,0,0,0,0,0,0,0,0,0,0,0,0,0,0,0,0,0,0,0,0,0,0,0,0,0,0,0,0,0,0,0,0,0,0,0,0,0,0,0,0,0,0,0,0,0,0,0,0,0,0,0,0,0,0,0,0,0,0,0,0,0,0,0,0,0,0,0,0,0,0,0,0,0,0,0,0,0,0,0,0,0,0,0,0,0,0,0,0,0,0,0,0,0,0,0,0,0,0,0,0,0,0,0,0,0,0,0,0,0,0,0,0,0,0,0,0,0,0,0,0,0,1,0,0,0,0,0,0,0,0,0,0,0,0,0,0,0,0,1,0,0,0,0,0,0,0,0,3,0,1,1,0,1,0,6,3,0,0,1,0,0,2,3,1,1,14,5,7,6,7,13,11,4,5,11,11,44,14,9,15,27,34,21,13,7,19,17,40,25,25,29,36,76,62,43,82,97,91,87,120,100,106,108,140,181,161,130,111,110,99,94,100,122,167,211,259,334,354,431,476,547,579,590,647,778,921,860,1094,1291,1583,1792,1894,2342,2589,2858,3726,4049,4083,4435,4963,6296,5968,6588,7597,8798,9377,10302,11229,12984,14197,13748,16595,17558,19729,21037,22521,24123,27393,30011,32650,35552,39683,41219,46763,49714,59258,61152,79753,85659,95708,113683,123256,136090,157490,177387,207308,247949,284164,323338,364293,391367,435972,477406,551839,646680,775177,944420,1010698,1101347,1213426,1257618
2306,Global and Planetary Change,Environmental Science,Physical Sciences,0,0,0,0,0,0,0,0,0,0,0,0,0,0,0,0,0,0,0,0,0,0,0,0,0,0,0,0,0,0,0,0,0,0,0,0,0,0,0,0,0,0,0,0,0,0,0,0,0,0,0,0,0,0,0,0,0,0,0,0,0,0,0,0,0,0,0,0,0,0,0,0,0,0,0,0,0,0,0,0,0,0,0,0,0,0,0,0,13,0,13,0,0,0,0,0,0,0,0,0,0,0,0,0,0,0,0,7,0,0,0,0,0,0,0,1,0,0,0,0,0,0,0,0,0,0,0,0,0,0,0,0,0,1,0,1,0,0,0,0,5,0,0,0,1,1,11,1,1,0,1,2,0,3,1,1,0,3,1,2,0,0,0,1,1,0,1,2,0,2,4,2,5,0,2,7,3,3,6,5,20,12,18,16,12,11,18,19,40,22,29,18,19,28,27,27,39,51,47,29,89,35,100,57,77,87,114,116,99,116,135,235,164,185,175,160,159,159,163,219,210,228,232,287,326,327,389,413,436,531,610,674,611,621,578,760,753,780,936,906,828,845,709,577,600,596,631,806,988,1343,1511,2150,1726,1990,2185,2593,2687,2973,2912,3345,4008,4682,4664,5220,5773,6699,7260,8056,8640,9991,12921,12213,13258,14401,15016,17387,18215,19614,22340,24973,27283,30079,32008,37964,39055,40561,46688,48042,50933,55282,60917,66679,72247,75251,82206,95501,107402,119547,134255,147205,188147,198182,229519,270289,287033,349945,379914,434197,495708,550901,603676,713767,784495,889484,954656,1009032,1062279,1122102,1279827,1453093,1703299,2111683,2144906,2207347,2238735,2162127
2307,"Health, Toxicology and Mutagenesis",Environmental Science,Physical Sciences,0,0,0,0,0,0,0,0,0,0,0,0,0,0,0,0,0,0,0,0,0,0,0,0,0,0,0,0,0,0,0,0,0,0,0,0,0,0,0,0,0,0,0,0,0,0,0,0,0,0,0,0,0,0,0,0,0,0,0,0,0,0,0,0,0,0,0,0,0,0,0,0,0,0,0,0,0,0,0,0,0,0,0,0,0,0,0,0,0,0,0,0,0,0,0,0,0,0,0,0,0,0,0,0,0,0,0,0,0,0,0,0,0,0,0,0,0,0,0,0,0,0,0,0,0,0,0,0,2,0,0,1,0,0,0,1,0,0,0,1,0,0,1,5,0,0,0,0,0,0,0,0,0,1,1,1,0,0,3,0,0,0,1,1,4,0,1,4,3,0,1,0,0,3,4,2,6,6,3,4,5,3,7,1,3,5,2,8,9,7,6,5,6,13,17,11,17,16,15,19,46,20,48,43,34,43,41,50,52,41,72,163,62,94,100,88,97,76,82,93,95,111,137,191,165,241,270,378,350,370,397,487,505,462,512,539,593,615,748,768,716,652,632,550,550,487,516,707,798,894,1331,1172,1456,1619,1623,2198,2254,2215,2450,2653,3042,3168,3524,3953,5070,5541,5133,5830,6296,6802,8820,8761,11214,12274,14333,15224,16565,19407,21391,23935,25558,28210,31331,34029,36845,37026,40695,41048,43240,49738,50575,55961,56126,55476,65449,74428,75180,81628,94905,100496,129466,127645,154429,164081,185805,217337,239549,268907,297235,328433,362171,424442,460903,490957,543260,561535,591674,623871,694735,802027,973345,1123533,1186538,1216881,1280631,1266850
2308,"Management, Monitoring, Policy and Law",Environmental Science,Physical Sciences,0,0,0,0,0,0,0,0,0,0,0,0,0,0,0,0,0,0,0,0,0,0,0,0,0,0,0,0,0,0,0,0,0,0,0,0,0,0,0,0,0,0,0,0,0,0,0,0,0,0,0,0,0,0,0,0,0,0,0,0,0,0,0,0,0,0,0,0,0,0,0,0,0,0,0,0,0,0,0,0,0,0,0,0,0,0,0,0,0,0,0,0,0,0,0,0,0,0,0,0,1,0,0,0,0,0,0,0,0,0,0,0,0,0,0,0,0,0,0,0,0,0,0,0,0,0,0,0,0,0,1,0,0,0,2,0,1,1,0,0,0,2,0,0,1,2,0,0,1,1,1,0,2,0,0,3,0,1,1,1,2,2,0,2,2,2,2,1,0,0,2,15,0,7,3,2,2,1,3,4,7,7,1,5,7,10,15,17,11,20,16,16,15,30,23,15,29,24,29,21,45,22,36,51,36,52,45,56,33,30,71,59,60,81,63,72,56,51,62,87,82,84,121,82,102,114,98,138,169,163,167,206,206,179,159,194,188,247,192,283,279,285,228,215,224,193,245,294,298,351,458,552,482,560,574,687,792,774,884,943,1079,1182,1174,1492,1533,1854,2014,2051,2437,2848,4259,3385,3779,4124,4514,4827,5616,6683,7589,7634,8535,9451,11238,10845,11688,12003,12858,13973,14182,16524,17434,19506,21173,22916,24576,29990,31802,32863,37801,43075,54705,59140,66863,77522,80446,99804,110084,118414,131325,150196,168467,196083,220406,251943,273289,272200,287367,307606,349444,417997,494562,592326,592850,654087,653029,617275
2309,Nature and Landscape Conservation,Environmental Science,Physical Sciences,0,0,0,0,0,0,0,0,0,0,0,0,0,0,0,0,0,0,0,0,0,0,0,0,0,0,0,0,0,0,0,0,0,0,0,0,0,0,0,0,0,0,0,0,0,0,0,0,0,0,0,0,0,0,0,0,0,0,0,0,0,0,0,0,0,0,0,0,0,0,0,0,0,0,0,0,0,0,0,0,0,0,0,0,0,0,0,0,1,0,1,0,0,0,0,0,0,0,0,1,1,0,0,0,0,0,0,1,0,0,0,0,0,0,0,1,0,0,1,0,0,0,1,0,0,0,0,0,0,1,0,0,0,1,2,1,0,0,0,0,1,0,1,0,2,4,6,0,0,3,0,4,2,2,2,1,0,1,1,1,1,2,2,1,6,1,2,2,0,1,2,3,3,2,0,8,10,7,26,11,18,7,16,9,17,13,27,17,37,40,26,37,27,40,51,58,40,49,52,72,103,60,126,70,78,133,136,115,101,115,229,427,195,211,233,185,160,219,197,274,250,280,306,268,371,348,417,452,487,573,711,680,589,639,620,761,759,807,803,940,825,792,676,645,569,428,510,626,761,982,1058,1135,1187,1381,1527,1795,1762,1945,1940,2107,2571,2866,3050,3288,3951,4533,4729,5001,5181,6655,8256,7523,8003,8575,9889,10608,11563,13155,15613,15900,18263,19186,21438,23558,27332,28400,31678,32560,36053,37111,42306,45672,53347,51526,57283,65650,73132,79253,93087,99824,122091,133886,153889,177117,189331,227843,251004,274994,294882,319041,340738,375318,393732,431380,445657,445520,466431,468365,495310,580923,633360,688030,632175,663769,626444,603784
2310,Pollution,Environmental Science,Physical Sciences,0,0,0,0,0,0,0,0,0,0,0,0,0,0,0,0,0,0,0,0,0,0,0,0,0,0,0,0,0,0,0,0,0,0,0,0,0,0,0,0,0,0,0,0,0,0,0,0,0,0,0,0,0,0,0,0,0,0,0,0,0,0,0,0,0,0,0,0,0,0,0,0,0,0,0,0,0,0,0,0,0,0,0,0,0,0,0,0,0,0,0,0,0,0,0,0,0,0,0,0,1,0,0,0,1,0,0,0,0,0,0,0,0,0,0,0,0,0,0,0,0,0,0,0,0,0,0,0,0,0,0,0,0,0,0,0,0,0,1,0,0,0,0,1,0,0,1,0,0,0,0,0,0,0,0,0,0,0,0,0,1,0,0,0,0,0,0,0,0,0,0,1,1,1,0,4,3,1,0,2,4,1,4,4,3,1,3,3,7,4,3,0,1,3,5,7,7,8,10,14,28,20,20,33,22,23,30,16,27,30,37,85,33,29,43,41,24,21,42,29,33,36,51,47,55,79,118,95,150,137,151,246,231,201,174,183,199,217,217,284,296,198,214,171,191,149,198,283,269,395,472,534,604,720,714,917,933,920,1206,1195,1655,1401,1461,2004,2153,2587,2577,2991,3169,3681,5011,4913,5274,6330,6944,7529,8343,10418,9790,11417,13547,14339,16113,17229,18048,17886,20964,19441,22221,24922,27607,28335,30071,32277,36805,41974,44867,47576,50633,58719,63301,68416,78883,91217,102405,114036,135671,150316,166757,187694,215093,249615,279708,315987,354346,371123,415962,457239,537986,645348,850047,1075385,1240901,1343985,1524037,1568903
2311,Industrial and Manufacturing Engineering,Environmental Science,Physical Sciences,0,0,0,0,0,0,0,0,0,0,0,0,0,0,0,0,0,0,0,0,0,0,0,0,0,0,0,0,0,0,0,0,0,0,0,0,0,0,0,0,0,0,0,0,0,0,0,0,0,0,0,0,0,0,0,0,0,0,0,0,0,0,0,0,0,0,0,0,0,0,0,0,0,0,0,0,0,0,0,0,0,0,0,0,0,0,0,0,0,0,0,0,0,0,0,0,0,0,0,0,0,1,0,0,0,0,0,0,0,0,0,0,0,0,0,0,0,0,0,0,0,0,0,0,0,0,1,0,0,0,0,0,0,0,0,0,0,0,0,0,0,0,0,0,0,0,0,1,0,0,0,0,0,0,0,0,0,0,0,0,0,0,0,0,0,0,0,0,0,0,0,0,2,4,1,2,1,0,2,2,4,0,0,4,2,1,1,1,2,1,4,0,4,5,6,10,4,7,3,15,17,9,23,19,25,30,27,23,23,10,42,53,59,40,42,46,49,36,45,36,35,54,84,85,103,119,147,195,195,216,190,312,291,302,295,318,294,318,367,406,361,332,346,320,257,223,200,336,468,633,834,879,920,1206,1163,1554,1593,1759,1892,2254,2461,2814,2777,3019,3437,3729,3912,4357,4527,4711,5418,5088,5880,6025,6140,6712,6789,7495,7629,8230,8911,9098,10161,9834,10754,10897,12304,11805,12772,13311,14486,15257,16249,17149,18720,20407,23930,24382,24932,28949,31986,32732,37778,41751,45666,53291,58588,61397,68051,77209,84049,96145,106338,120422,134842,142152,152397,166962,191311,228302,277899,338921,359037,392332,421133,415347
2312,Water Science and Technology,Environmental Science,Physical Sciences,0,0,0,0,0,0,0,0,0,0,0,0,0,0,0,0,0,0,0,0,0,0,0,0,0,0,0,0,0,0,0,0,0,0,0,0,0,0,0,0,0,0,0,0,0,0,0,0,0,0,0,0,0,0,0,0,0,0,0,0,0,0,0,0,0,0,0,0,0,0,0,0,0,0,0,0,0,0,0,0,0,0,0,0,0,0,0,0,0,0,0,0,0,0,0,0,0,0,0,0,0,0,0,0,0,0,0,0,0,0,0,0,0,0,0,0,0,0,0,0,0,0,0,0,0,0,0,0,0,0,0,0,0,0,0,0,0,0,0,0,0,0,0,0,0,0,0,0,0,0,0,0,0,1,1,0,0,0,0,0,1,0,0,0,1,0,0,0,1,0,0,0,0,5,0,0,1,0,0,1,0,1,2,5,1,1,5,4,7,8,6,5,8,7,11,7,7,6,12,23,26,13,20,47,37,43,46,56,31,27,57,91,57,62,32,76,62,48,54,56,84,62,93,98,110,170,227,195,234,243,313,342,370,340,304,355,395,453,481,631,487,414,482,498,429,301,384,517,618,639,1040,832,970,1220,1242,1337,1556,1878,1523,1784,1967,2064,2140,2542,2864,3984,3654,3511,4145,4464,5901,5327,6636,6603,7004,8392,8490,9754,10098,11441,12503,13286,14049,15186,17208,16907,19394,19818,20593,22614,24566,25243,27378,27393,30159,33737,37924,39117,40641,45554,54138,56992,68072,82435,90813,115558,131667,149275,171111,202951,241713,288460,329239,393790,436587,482684,513152,578651,681762,792609,986564,1202973,1297525,1350611,1442352,1401158
2402,Applied Microbiology and Biotechnology,Immunology and Microbiology,Life Sciences,0,0,0,0,0,0,0,0,0,0,0,0,0,0,0,0,0,0,0,0,0,0,0,0,0,0,0,0,0,0,0,0,0,0,0,0,0,0,0,0,0,0,0,0,0,0,0,0,0,0,0,0,0,0,0,0,0,0,0,0,0,0,0,0,0,0,0,0,0,0,0,0,0,0,0,0,0,0,0,0,0,0,0,0,0,0,0,0,0,0,0,0,0,0,0,0,0,0,0,0,0,0,0,0,0,0,0,0,0,0,0,0,0,0,0,0,0,0,0,0,0,0,0,0,0,0,0,0,0,0,0,0,0,0,0,0,0,0,0,0,0,0,0,0,0,1,0,0,0,0,0,0,0,0,0,0,0,0,0,0,0,0,0,0,0,0,0,0,0,0,0,0,0,0,0,0,0,0,0,0,0,0,0,0,0,0,0,0,0,0,1,0,0,0,0,0,0,0,0,0,0,0,0,0,0,5,0,1,0,1,1,2,7,1,2,5,0,1,1,5,7,1,3,5,1,5,3,3,6,5,10,14,6,5,1,6,11,6,8,21,17,12,14,15,24,30,26,34,34,67,57,56,84,116,96,108,121,99,121,125,127,132,165,153,131,147,145,241,182,207,379,214,205,243,252,317,294,327,375,487,467,594,569,676,700,682,749,844,1004,1110,983,1125,1158,1141,1113,1379,1539,1861,2418,3171,3825,4499,4500,5518,6243,7787,7843,8725,9236,10684,11738,14865,15468,18982,21789,22501,25841,30901,38002,46092,64656,74356,80666,90554,89354,92785
2403,Immunology,Immunology and Microbiology,Life Sciences,0,0,0,0,0,0,0,0,0,0,0,0,0,0,0,0,0,0,0,0,0,0,0,0,0,0,0,0,0,0,0,0,0,0,0,0,0,0,0,0,0,0,0,0,0,0,0,0,0,0,0,0,0,15,0,0,0,0,0,0,0,0,0,0,0,0,0,0,0,0,0,0,0,0,0,0,0,0,0,0,0,0,0,0,0,0,0,0,0,0,0,0,0,0,0,0,0,0,0,0,0,1,2,0,0,0,3,0,0,2,0,0,0,0,0,0,0,1,0,0,0,0,0,0,0,0,0,0,0,0,0,0,0,1,0,0,0,0,0,0,0,0,0,0,2,1,0,0,0,0,0,0,0,0,0,0,0,0,0,0,0,0,0,0,0,1,1,0,0,0,0,1,0,6,0,22,1,1,1,1,2,3,1,2,6,2,7,5,10,7,6,12,13,12,9,42,50,19,42,35,33,56,69,45,48,55,76,76,82,82,114,227,134,174,177,69,76,74,75,91,156,210,253,358,381,467,533,634,774,828,862,896,974,806,731,818,916,947,1071,1077,947,1010,874,733,813,656,742,1182,1221,1516,1806,1644,1993,2281,2448,3132,3758,4032,4603,5045,6447,6595,7525,8663,9505,11733,13004,14753,16387,19162,22241,25484,32619,36909,48761,53597,63217,68102,74337,83625,95063,98994,111366,114188,127308,142259,149133,163343,185470,202593,212560,228330,240383,241560,257254,272971,289976,311429,388463,410061,446562,453710,495874,552676,587724,636883,678817,729672,772234,834411,897492,947735,1029123,1076099,1125011,1116361,1145658,1187122,1230853,1366590,1660061,1873596,1857538,1849771,1893243,1936637
2404,Microbiology,Immunology and Microbiology,Life Sciences,0,0,0,0,0,0,0,0,0,0,0,0,0,0,0,0,0,0,0,0,0,0,0,0,0,0,0,0,0,0,0,0,0,0,0,0,0,0,0,0,0,0,0,0,0,0,0,0,0,0,0,0,0,0,0,0,0,0,0,0,0,0,0,0,0,0,0,0,0,0,0,0,0,0,0,0,0,0,0,0,0,0,0,0,0,0,0,0,0,0,0,0,0,0,0,0,0,0,0,0,0,0,0,0,0,0,0,0,0,0,0,0,0,0,0,0,0,0,1,0,0,0,0,0,0,0,0,0,0,0,0,0,0,0,0,1,2,0,0,0,0,0,0,0,0,0,0,0,0,0,0,0,1,0,0,0,0,0,0,0,0,0,0,1,0,2,0,0,1,0,0,0,1,1,1,1,1,1,0,0,29,1,0,1,1,2,2,2,1,3,7,2,4,3,2,3,8,1,1,10,43,8,14,17,7,11,15,25,30,27,24,49,32,41,66,45,48,75,67,88,58,80,103,110,147,129,160,196,272,263,259,425,359,344,386,487,597,506,627,715,579,579,604,477,485,436,483,720,659,808,992,983,1164,1077,1337,1268,1167,1322,1670,1604,2095,2233,2207,3128,2739,3560,3143,4865,3812,4718,5583,6356,6678,8501,7616,8413,9167,10098,12668,14528,13794,14896,17273,17846,19337,22117,20446,22963,25573,28311,30242,31423,33448,35201,34302,36566,39864,41530,49655,55089,69225,65915,71930,79883,84999,94583,108844,104236,118717,132586,142012,151856,158087,169411,181333,181184,175229,184331,190359,215820,248196,269295,264242,270601,277741,285299
2405,Parasitology,Immunology and Microbiology,Life Sciences,0,0,0,0,0,0,0,0,0,0,0,0,0,0,0,0,0,0,0,0,0,0,0,0,0,0,0,0,0,0,0,0,0,0,0,0,0,0,0,0,0,0,0,0,0,0,0,0,0,0,0,0,0,0,0,0,0,0,0,0,0,0,0,0,0,0,0,0,0,0,0,0,0,0,0,0,0,0,0,0,0,0,0,0,0,0,0,0,0,0,0,0,0,0,0,0,0,0,10,0,0,0,0,1,0,0,0,0,0,0,0,0,0,0,0,0,0,0,1,0,0,0,0,0,0,0,0,0,0,0,0,0,0,0,0,0,0,3,0,0,0,0,0,0,0,0,0,0,0,0,0,0,0,0,0,0,0,0,0,0,1,0,0,0,4,0,0,0,1,0,0,1,0,0,0,1,0,0,2,0,0,0,0,1,2,1,4,1,1,3,1,3,3,2,5,3,11,4,6,3,18,12,26,20,12,24,51,11,59,49,56,72,57,74,89,70,67,103,64,103,124,118,135,143,130,163,209,242,308,285,325,432,446,284,380,331,426,397,514,514,434,431,467,392,453,383,512,631,914,1012,1067,1240,2268,1620,1740,1799,2312,1639,2459,2267,2878,2428,2605,3405,2884,3634,3782,4694,4547,5038,4602,4381,5551,6818,6602,6569,7712,7776,8937,9725,10556,11340,14672,12854,16562,16783,19410,19935,21281,24362,24808,28678,30502,36800,34109,35774,39373,41668,48452,52430,69317,63081,67604,78453,82299,87588,106662,113836,123055,141802,153034,160792,179004,193955,216980,209959,205827,212782,218011,239575,305521,314011,297103,296395,289788,263915
2406,Virology,Immunology and Microbiology,Life Sciences,0,0,0,0,0,0,0,0,0,0,0,0,0,0,0,0,0,0,0,0,0,0,0,0,0,0,0,0,0,0,0,0,0,0,0,0,0,0,0,0,0,0,0,0,0,0,0,0,0,0,0,0,0,0,0,0,0,0,0,0,0,0,0,0,0,0,0,0,0,0,0,0,0,0,0,0,0,0,0,0,0,0,0,0,0,0,0,0,0,0,0,0,0,0,0,0,0,0,1,0,0,0,0,0,0,0,0,0,0,0,0,0,0,0,0,0,0,0,0,0,0,0,0,0,0,0,0,0,0,0,0,0,0,0,0,0,1,0,0,0,0,0,0,0,0,0,0,0,0,0,0,0,0,0,0,0,0,0,0,0,0,0,0,0,0,0,0,0,0,0,0,0,0,0,0,0,1,0,0,1,0,0,0,1,0,0,0,0,6,0,4,0,1,0,12,3,10,2,4,4,2,4,10,9,1,7,5,1,4,1,15,12,15,19,19,9,23,22,14,20,49,12,31,27,58,59,83,56,102,73,109,122,137,115,115,98,174,144,263,186,126,141,143,112,207,102,139,197,207,187,236,224,377,320,331,391,456,498,450,423,589,694,654,812,823,1628,926,1370,1142,1255,1581,1514,1661,1906,2551,2608,2548,2820,2673,3063,3342,3140,3775,3484,4129,5317,5734,8610,15968,21753,29845,37115,44692,45643,54043,56974,63764,74449,84414,88793,101257,94833,101610,102537,115474,121285,124277,133788,141079,149057,157919,172067,173550,181781,182071,164680,153608,157425,158002,165361,187388,185051,192223,198689,186631,182883
2500,General Materials Science,Materials Science,Physical Sciences,0,0,0,0,0,0,0,0,0,0,0,0,0,0,0,0,0,0,0,0,0,0,0,0,0,0,0,0,0,0,0,0,0,0,0,0,0,0,0,0,0,0,0,0,0,0,0,0,0,0,0,0,0,0,0,0,0,0,0,0,0,0,0,0,0,0,0,0,0,0,0,0,0,0,0,0,0,0,0,0,0,0,0,0,0,0,0,0,0,0,0,0,0,0,0,0,0,0,0,0,0,0,0,0,0,0,0,0,0,0,0,0,0,0,0,0,0,0,0,0,0,0,0,0,0,0,0,0,0,0,0,0,0,0,0,0,0,0,0,0,1,0,0,0,0,0,0,0,0,0,0,0,0,0,0,0,0,0,0,0,0,0,0,0,0,0,0,0,0,0,1,0,0,2,0,0,0,0,0,0,1,0,0,0,1,0,1,0,0,0,2,0,1,0,2,0,2,0,0,0,4,7,5,21,6,13,18,10,26,8,7,17,6,11,14,18,19,10,9,10,35,19,26,32,29,28,37,36,45,57,35,65,89,58,96,114,147,120,140,184,159,122,131,112,84,90,120,150,157,212,307,321,344,373,452,506,625,545,640,680,852,920,1142,1280,1437,1632,1950,2367,2559,2548,3221,3260,3583,3746,3825,3852,3920,3817,4091,4388,4599,4779,5298,5358,5608,5784,6230,6289,6795,7592,7511,8470,8500,9176,9517,10068,10473,10721,11216,11562,12913,13283,14382,15038,15648,20300,20647,19545,20234,20465,21748,23845,25671,26983,27732,27558,28636,28930,31643,34425,38243,40915,34506,36351,35166,31992
2502,Biomaterials,Materials Science,Physical Sciences,0,0,0,0,0,0,0,0,0,0,0,0,0,0,0,0,0,0,0,0,0,0,0,0,0,0,0,0,0,0,0,0,0,0,0,0,0,0,0,0,0,0,0,0,0,0,0,0,0,0,0,0,0,1,0,0,0,0,0,0,0,0,0,0,0,0,0,0,0,0,0,0,0,0,0,0,0,0,0,0,0,0,0,0,0,0,0,0,0,0,0,0,0,0,0,0,0,0,1,0,0,0,0,0,0,0,1,0,0,0,0,0,0,0,0,0,0,0,0,1,0,0,0,0,0,0,0,0,0,0,0,0,0,0,0,3,0,1,0,0,0,0,1,0,0,1,0,0,2,0,0,0,2,1,1,1,0,1,1,0,1,0,0,0,1,0,1,1,0,3,3,0,1,4,2,6,4,9,9,3,10,9,3,10,10,17,12,12,16,14,13,16,24,56,28,27,25,35,38,44,57,59,51,73,62,102,88,128,108,75,86,314,129,98,141,112,102,97,102,122,136,150,261,313,292,333,400,480,505,592,594,739,865,769,651,756,749,878,876,999,942,774,811,768,576,531,541,698,1126,1282,1491,1849,1724,2229,2511,3415,3230,3734,4064,4032,5180,4739,5708,6566,7021,7472,8002,9633,9316,9435,11135,11073,12276,13471,13187,14260,15291,15230,15215,17717,18097,19524,20447,20402,22643,23364,24258,24120,25525,29742,29705,30731,33580,34183,37926,39396,44617,44368,47501,55248,62674,67354,80100,94758,104602,129863,156434,185012,217975,254668,309870,379821,441999,500415,560041,610015,674773,735772,803862,918611,1098665,1254402,1336812,1369741,1499888,1545143
2503,Ceramics and Composites,Materials Science,Physical Sciences,0,0,0,0,0,0,0,0,0,0,0,0,0,0,0,0,0,0,0,0,0,0,0,0,0,0,0,0,0,0,0,0,0,0,0,0,0,0,0,0,0,0,0,0,0,0,0,0,0,0,0,0,0,0,0,0,0,0,0,0,0,0,0,0,0,0,0,0,0,0,0,0,0,0,0,0,0,0,0,0,0,0,0,0,0,0,0,0,0,0,0,0,0,0,0,0,0,0,0,0,0,0,0,0,0,0,0,0,0,0,0,0,0,0,0,0,0,0,0,0,0,1,0,0,0,0,0,0,0,0,0,0,0,0,0,0,0,0,0,0,0,0,0,0,0,0,0,0,0,0,0,0,0,0,0,0,0,0,0,0,0,0,0,0,0,0,0,0,0,0,0,0,0,2,0,2,0,0,0,0,2,1,3,1,1,2,1,1,3,6,1,8,4,5,11,7,1,6,2,3,4,8,10,8,10,14,8,11,8,6,9,20,14,10,17,10,10,9,14,20,18,6,18,23,22,32,73,72,48,68,58,56,66,102,74,90,73,87,120,120,128,160,128,196,91,63,77,88,128,119,160,227,255,292,354,409,498,520,580,663,760,773,1067,1093,1291,1469,1738,1905,2095,2353,3123,3185,3831,4160,4942,5214,5873,6009,6826,7217,8931,9125,9782,11252,12015,13381,15182,15186,16587,19628,20963,24163,26423,26095,31155,31402,33857,35392,36492,37590,42031,42736,46643,49061,49900,58156,64768,65493,66126,65971,76896,84204,90198,97770,105747,105120,111756,120524,134848,148713,159701,170805,176033,177068,197895,200693
2504,"Electronic, Optical and Magnetic Materials",Materials Science,Physical Sciences,0,0,0,0,0,0,0,0,0,0,0,0,0,0,0,0,0,0,0,0,0,0,0,0,0,0,0,0,0,0,0,0,0,0,0,0,0,0,0,0,0,0,0,0,0,0,0,0,0,0,0,0,0,0,0,0,0,0,0,0,0,0,0,0,0,0,0,0,0,0,0,0,0,0,0,0,0,0,0,0,0,0,0,0,0,0,0,0,0,0,0,0,0,0,0,0,0,0,0,0,0,0,0,0,0,0,0,0,0,0,0,0,0,0,0,0,0,0,0,0,0,0,0,0,0,0,0,0,0,0,0,0,0,0,0,0,0,0,0,0,0,0,0,0,0,0,1,0,0,0,0,0,0,0,1,0,1,0,1,0,0,1,1,1,2,0,1,0,0,0,14,0,3,2,2,3,1,3,1,2,8,9,9,10,4,15,7,11,10,14,20,14,12,14,48,13,27,33,42,18,52,27,48,57,76,53,42,74,41,61,75,125,118,84,69,60,49,47,46,65,52,77,58,89,138,164,177,254,187,289,295,332,446,372,347,621,550,514,534,579,460,342,279,280,169,204,177,298,408,659,883,887,943,1067,1126,1586,1855,1983,2266,2822,2958,3519,5564,5178,5642,6400,7672,8776,10622,11545,13953,15628,17285,19205,20557,21842,24391,26419,26643,27192,29011,31370,36091,34171,36516,38013,42412,43643,48295,49795,52147,60536,58657,66050,69770,75689,91013,93256,110844,117085,118361,136452,138521,166974,183607,250261,252823,262086,309120,347511,377435,447938,515431,567750,642926,688692,755164,816412,908768,997721,1100528,1223540,1270052,1342121,1466036,1473252
2505,Materials Chemistry,Materials Science,Physical Sciences,0,0,0,0,0,0,0,0,0,0,0,0,0,0,0,0,0,0,0,0,0,0,0,0,0,0,0,0,0,0,0,0,0,0,0,0,0,0,0,0,0,0,0,0,0,0,0,0,0,0,0,0,0,2,0,0,0,0,0,0,0,0,0,0,0,0,0,0,0,0,0,0,0,0,0,0,0,0,0,0,0,0,0,0,0,0,0,0,0,0,0,0,0,0,0,0,0,0,0,0,1,0,2,1,2,0,1,0,0,0,0,0,0,0,0,0,0,0,1,1,0,0,0,0,0,0,0,0,0,0,0,0,0,2,0,0,0,0,0,0,1,0,2,0,1,0,1,1,0,4,1,2,2,1,0,0,0,1,1,2,2,1,0,1,1,2,5,1,2,4,45,2,5,17,19,16,9,14,17,9,29,35,26,32,30,25,35,48,54,41,68,102,71,102,99,125,104,92,135,132,179,151,230,268,342,314,254,294,334,337,325,990,509,425,389,440,314,304,277,265,292,395,558,639,674,751,1052,1471,1170,1368,1394,1518,1522,2051,1678,1920,1929,2255,2404,2754,2032,1934,1717,2106,1136,1080,1270,1653,2504,3263,4060,4978,5430,7029,7720,9941,10966,11412,12745,14681,16322,18550,23003,24931,29947,34624,37258,44617,47993,51586,62671,65421,74239,76836,78374,82897,88475,89487,95164,101398,111151,117150,124422,127076,129786,133189,147221,152271,164122,176216,189189,211273,223899,232682,264300,270350,318894,339834,362472,403445,447303,485736,569563,659170,724162,911761,1011974,1119238,1243323,1386856,1609679,1866501,2080364,2317885,2530137,2683748,2917825,3123696,3428362,3757535,4281619,4676056,4847704,5094037,5563514,5694442
2506,Metals and Alloys,Materials Science,Physical Sciences,0,0,0,0,0,0,0,0,0,0,0,0,0,0,0,0,0,0,0,0,0,0,0,0,0,0,0,0,0,0,0,0,0,0,0,0,0,0,0,0,0,0,0,0,0,0,0,0,0,0,0,0,0,0,0,0,0,0,0,0,0,0,0,0,0,0,0,0,0,0,0,0,0,0,0,0,0,0,0,0,0,0,0,0,0,0,0,0,0,0,0,0,0,0,0,0,0,0,0,0,0,0,0,0,0,0,0,0,0,0,0,0,0,0,0,0,0,0,0,0,0,0,0,0,0,0,0,0,0,0,0,0,0,0,0,0,0,0,0,0,0,0,0,0,0,0,0,0,0,0,0,0,0,0,0,0,0,0,0,0,0,0,0,0,0,0,0,0,0,0,2,0,0,0,0,0,0,0,0,0,0,0,0,0,0,0,0,0,0,0,0,0,0,0,0,1,0,0,0,0,0,1,1,1,0,1,0,0,2,0,1,3,4,3,1,2,8,0,2,3,5,2,2,2,4,8,3,2,5,8,13,3,8,8,9,5,7,10,5,43,14,5,17,12,2,19,13,14,26,32,29,41,49,62,55,60,71,115,97,148,167,162,284,271,309,365,411,435,633,577,703,834,850,964,973,1202,1783,1345,1654,2165,2408,2375,2540,3273,2934,3123,3529,3548,3708,3387,3603,3611,3627,3673,4497,3753,4217,4077,3892,4182,4740,5567,5831,6690,6799,7597,7814,9453,9968,11527,12514,15781,18378,18531,20659,24152,26790,30911,34734,40110,44338,48208,55075,58977,71292,77167
2507,Polymers and Plastics,Materials Science,Physical Sciences,0,0,0,0,0,0,0,0,0,0,0,0,0,0,0,0,0,0,0,0,0,0,0,0,0,0,0,0,0,0,0,0,0,0,0,0,0,0,0,0,0,0,0,0,0,0,0,0,0,0,0,0,0,0,0,0,0,0,0,0,0,0,0,0,0,0,0,0,0,0,0,0,0,0,0,0,0,0,0,0,0,0,0,0,0,0,0,0,0,0,0,0,0,0,0,0,0,0,0,0,1,0,0,0,1,0,0,0,0,0,0,0,0,0,0,0,0,0,0,0,0,0,0,0,0,0,0,0,0,0,0,0,0,0,0,1,0,0,0,1,0,0,0,0,0,0,0,0,0,0,0,0,0,0,0,0,0,0,0,0,0,0,0,0,0,1,0,0,0,1,1,0,2,0,0,1,3,4,0,2,0,6,5,3,4,7,3,4,8,3,7,4,3,4,6,3,9,6,8,4,9,18,14,16,19,20,16,10,25,29,24,99,48,26,19,25,33,26,25,40,18,48,49,94,104,97,95,111,137,168,191,162,184,183,216,195,261,270,356,264,328,295,356,393,381,309,464,672,786,1000,1132,1383,1285,1627,1727,2087,2393,2321,2804,3512,4523,4145,5687,5916,6440,7270,7188,10790,10610,10424,12486,12834,13985,15771,15228,16135,16315,18447,18330,19479,21508,22669,23410,23990,27862,28095,30043,32464,31399,42056,39687,44152,46770,53814,58238,58800,65547,67663,67430,93735,95095,107921,112825,132716,145448,177483,189508,217316,231800,253656,281036,325525,357015,382468,402263,423873,440235,464957,517891,555650,629252,710553,744136,776741,869168,883510
2508,"Surfaces, Coatings and Films",Materials Science,Physical Sciences,0,0,0,0,0,0,0,0,0,0,0,0,0,0,0,0,0,0,0,0,0,0,0,0,0,0,0,0,0,0,0,0,0,0,0,0,0,0,0,0,0,0,0,0,0,0,0,0,0,0,0,0,0,1,0,0,0,0,0,0,0,0,0,0,0,0,0,0,0,0,0,0,0,0,0,0,0,0,0,0,0,0,0,0,0,0,0,0,0,0,0,0,0,0,0,0,0,0,0,0,0,0,0,0,0,0,0,0,0,0,0,0,0,0,0,0,0,0,0,0,0,0,0,0,0,0,0,0,0,0,0,0,0,0,0,0,0,0,0,0,0,0,0,0,0,0,0,0,0,0,0,0,0,0,0,0,0,0,0,0,0,0,0,0,0,0,0,0,0,0,42,0,1,1,0,0,2,0,0,0,1,2,3,5,4,4,5,12,8,8,15,11,6,12,11,12,14,17,26,19,33,19,30,49,59,85,55,78,85,68,90,80,83,98,86,80,74,32,48,57,51,79,109,116,143,231,419,446,397,475,585,576,682,1018,691,678,749,719,740,825,755,608,507,594,458,370,324,484,793,945,1378,1377,1598,1667,1884,2501,3283,2449,2900,3474,4089,3613,4783,5065,5795,6692,7413,9214,9287,9959,11399,12960,13895,15027,16292,16688,17630,18300,18417,19928,20855,21263,22877,22755,24119,26001,27365,26647,28573,31039,31634,34304,37200,37353,38397,38121,42364,40032,41879,44589,44946,47614,53432,60827,63220,81659,85093,91626,103247,112301,128377,143140,159920,167167,183079,192823,206598,217690,233726,254673,284311,300829,310141,312254,326965,326176
2602,Algebra and Number Theory,Mathematics,Physical Sciences,0,0,0,0,0,0,0,0,0,0,0,0,0,0,0,0,0,0,0,0,0,0,0,0,0,0,0,0,0,0,0,0,0,0,0,0,0,0,0,0,0,0,0,0,0,0,0,0,0,0,0,0,0,0,0,0,0,0,0,0,0,0,0,0,0,0,0,0,0,0,0,0,0,0,0,0,0,0,0,0,0,0,0,0,0,0,0,0,0,0,0,0,0,0,0,0,0,0,0,0,0,0,0,0,0,0,0,0,0,0,0,0,0,0,0,0,0,0,0,0,0,0,0,0,0,0,0,0,0,0,0,0,0,0,0,0,0,0,0,0,0,0,0,0,0,0,0,1,0,0,0,0,0,0,0,0,0,0,0,0,0,0,0,0,0,0,0,0,0,0,0,2,0,0,1,1,0,0,1,1,3,1,2,1,0,1,2,0,1,1,1,3,5,2,4,2,4,5,7,3,3,14,3,10,10,13,8,14,18,12,13,12,10,14,15,10,13,13,6,7,9,28,18,23,33,21,19,53,32,60,51,45,67,78,54,93,96,91,105,144,97,106,101,71,75,145,144,190,218,277,390,599,653,790,717,1038,1051,1137,1198,1605,1864,1848,2251,1727,2521,3308,3403,3947,4366,6267,7002,7952,9019,9901,10342,10341,10483,9747,9913,10017,10596,10787,11569,10984,11265,11594,11220,13003,14365,14322,14744,14537,15057,14797,16938,18395,18730,20500,21696,23436,26806,28545,32158,35232,34834,39245,44176,47719,52590,54730,57902,60575,66524,70771,74060,75688,79899,68184,74511,82984,93325,93506,71158,72251,66041,60876
2604,Applied Mathematics,Mathematics,Physical Sciences,0,0,0,0,0,0,0,0,0,0,0,0,0,0,0,0,0,0,0,0,0,0,0,0,0,0,0,0,0,0,0,0,0,0,0,0,0,0,0,0,0,0,0,0,0,0,0,0,0,0,0,0,0,0,0,0,0,0,0,0,0,0,0,0,0,0,0,0,0,0,0,0,0,0,0,0,0,0,0,0,0,0,0,0,0,0,0,0,0,0,0,0,0,0,0,0,0,0,0,0,0,0,0,0,0,0,0,0,0,0,0,0,0,0,0,0,0,0,0,0,0,0,0,0,0,0,0,0,0,0,0,0,0,0,0,0,0,0,0,0,0,0,0,0,0,0,0,0,0,0,0,0,0,0,1,0,0,0,0,0,1,0,0,0,0,0,0,0,1,1,2,1,0,0,0,1,0,1,2,5,2,6,4,5,3,4,7,6,4,4,16,7,11,11,11,2,13,9,22,20,18,17,11,22,33,19,32,22,26,30,33,38,39,43,57,40,43,34,42,37,110,67,81,80,73,131,135,153,148,210,232,233,272,271,233,272,298,332,344,329,346,315,228,204,201,288,406,385,582,596,798,1099,1153,1435,1603,1920,2069,2047,2457,2958,3542,3828,4989,5138,6616,7351,8553,9642,10600,13070,13132,14897,16199,17715,17150,19176,18656,18920,18466,19885,20933,21542,23105,23819,25111,26301,28114,28762,31697,32056,34601,37225,40755,40749,42816,47275,49671,55198,58033,61497,68660,75643,88561,101556,101092,118653,137863,146267,161258,175201,189514,214227,233404,250798,269824,276877,290051,280019,298435,338674,386647,407828,375254,387549,350669,315099
2605,Computational Mathematics,Mathematics,Physical Sciences,0,0,0,0,0,0,0,0,0,0,0,0,0,0,0,0,0,0,0,0,0,0,0,0,0,0,0,0,0,0,0,0,0,0,0,0,0,0,0,0,0,0,0,0,0,0,0,0,0,0,0,0,0,0,0,0,0,0,0,0,0,0,0,0,0,0,0,0,0,0,0,0,0,0,0,0,0,0,0,0,0,0,0,0,0,0,0,0,0,0,0,0,0,0,0,0,0,0,0,0,0,0,0,0,0,0,0,0,0,0,0,0,0,0,0,0,0,0,0,0,0,0,0,0,0,0,0,0,0,0,0,0,0,0,0,0,0,0,0,0,0,0,0,0,0,0,0,0,0,0,0,0,0,0,0,0,0,0,0,0,0,0,0,0,0,0,0,0,0,0,0,0,0,0,0,0,0,0,0,0,0,0,0,0,0,0,0,0,0,0,0,0,0,0,0,0,0,0,0,0,2,0,0,0,0,1,0,0,0,0,0,0,0,0,0,0,0,0,0,0,0,0,0,1,0,1,0,4,3,0,1,0,2,1,2,2,7,1,1,0,0,0,1,3,0,3,6,1,0,0,1,3,1,3,2,3,4,6,12,7,16,17,19,12,14,18,10,22,25,21,67,52,85,67,106,107,163,165,244,260,364,336,446,468,375,391,433,484,460,563,525,500,545,516,523,531,670,619,763,653,788,873,1032,1068,1411,1514,1930,2287,3194,4157,4763,5432,5971,8010,9968,11078,13059,14136,17279,20916,23730,25173,22060,21572,22398,21989
2607,Discrete Mathematics and Combinatorics,Mathematics,Physical Sciences,0,0,0,0,0,0,0,0,0,0,0,0,0,0,0,0,0,0,0,0,0,0,0,0,0,0,0,0,0,0,0,0,0,0,0,0,0,0,0,0,0,0,0,0,0,0,0,0,0,0,0,0,0,0,0,0,0,0,0,0,0,0,0,0,0,0,0,0,0,0,0,0,0,0,0,0,0,0,0,0,0,0,0,0,0,0,0,0,0,0,0,0,0,0,0,0,0,0,0,0,0,0,0,0,0,0,0,0,0,0,0,0,0,0,0,0,0,0,0,0,0,0,0,0,0,0,0,0,0,0,0,0,0,0,0,0,0,0,0,0,0,0,0,0,0,0,0,0,0,0,0,0,0,0,0,0,0,0,0,0,0,0,0,0,0,0,0,0,0,0,0,0,0,0,1,0,0,0,0,0,0,0,0,0,0,0,1,0,0,1,0,0,0,1,0,0,4,0,4,6,7,2,8,9,18,10,6,12,13,3,6,8,6,5,6,5,6,6,1,4,8,6,3,4,7,8,4,34,7,6,18,15,14,28,14,26,27,30,22,39,26,23,8,19,25,44,33,37,33,58,79,145,94,138,165,258,216,165,195,286,460,507,651,569,621,612,786,1203,1292,1696,1728,2154,2352,3626,3290,3298,3265,3702,3273,3779,4105,4202,4824,4105,3807,4640,4565,4873,5349,5922,5873,5926,6843,6018,6684,8302,8384,8846,9702,10270,11504,12571,14961,16962,16975,20603,23715,25691,29088,31769,34089,38859,39535,45602,45611,47753,47395,41664,45234,51608,56573,56340,43837,42863,38597,35636
2608,Geometry and Topology,Mathematics,Physical Sciences,0,0,0,0,0,0,0,0,0,0,0,0,0,0,0,0,0,0,0,0,0,0,0,0,0,0,0,0,0,0,0,0,0,0,0,0,0,0,0,0,0,0,0,0,0,0,0,0,0,0,0,0,0,0,0,0,0,0,0,0,0,0,0,0,0,0,0,0,0,0,0,0,0,0,0,0,0,0,0,0,0,0,0,0,0,0,0,0,0,0,0,0,0,0,0,0,0,0,0,0,0,0,0,0,0,0,0,0,0,0,0,0,0,0,0,0,0,0,0,0,0,0,0,0,0,0,0,0,0,0,1,0,0,0,0,1,0,0,0,0,0,0,0,1,0,0,0,1,1,0,1,0,1,0,0,1,0,2,0,1,1,2,0,1,1,1,0,0,0,1,1,5,2,2,6,1,3,2,8,2,8,1,8,13,17,13,13,23,10,11,21,30,29,28,23,23,33,28,122,40,59,61,47,65,112,92,82,72,82,90,109,96,112,105,150,100,80,78,71,129,134,193,194,176,177,193,183,291,251,353,401,348,484,511,383,424,470,371,428,430,445,394,336,269,287,364,485,421,509,621,733,1028,1126,1350,1380,1787,1907,1874,2117,2534,2819,3107,3273,3557,4062,4769,5187,6329,6510,8464,9285,10850,11512,13586,14203,14857,14333,15324,15488,16700,17267,17387,19483,20065,20738,21866,23561,25557,29127,31965,35650,36750,39873,43276,45757,49653,52372,57494,64117,67752,75014,80716,95313,104119,106968,119118,134754,143527,157399,170050,176336,196683,214560,232447,241343,246716,263926,237295,250282,280834,308311,318464,258181,256953,231420,211904
2610,Mathematical Physics,Mathematics,Physical Sciences,0,0,0,0,0,0,0,0,0,0,0,0,0,0,0,0,0,0,0,0,0,0,0,0,0,0,0,0,0,0,0,0,0,0,0,0,0,0,0,0,0,0,0,0,0,0,0,0,0,0,0,0,0,0,0,0,0,0,0,0,0,0,0,0,0,0,0,0,0,0,0,0,0,0,0,0,0,0,0,0,0,0,0,0,0,0,0,0,0,0,0,0,0,0,0,0,0,0,0,0,0,0,0,1,0,0,0,0,0,0,0,0,0,0,0,0,0,0,0,0,0,0,0,0,0,0,0,0,0,0,0,0,0,0,0,0,0,0,0,0,0,0,0,0,0,0,0,1,0,0,0,0,0,0,0,0,0,0,0,0,0,0,0,0,0,1,0,0,0,0,9,0,0,1,0,0,0,1,0,2,2,2,0,4,5,1,4,2,3,0,4,8,9,7,4,7,8,9,34,14,26,10,9,20,34,23,16,30,30,26,40,46,43,46,60,30,46,28,20,39,58,59,69,66,59,84,70,100,117,211,152,152,163,181,137,211,251,181,282,214,284,223,260,221,188,287,295,308,310,513,665,888,1059,1061,1178,1688,1624,1877,1969,2411,2891,3168,3850,4074,4896,5631,6266,7530,8270,10119,11290,12822,14959,16808,17071,18530,19054,20531,21462,21668,22894,24180,25085,25705,28161,29279,31118,32665,36150,36415,38741,41536,44257,43148,47860,54753,55294,62790,66072,70483,77902,85341,98195,110613,114415,126705,146612,153486,173244,176231,187229,205266,215014,226883,236320,243750,259602,230664,246923,272287,305177,297466,234273,231847,214934,200686
2611,Modeling and Simulation,Mathematics,Physical Sciences,0,0,0,0,0,0,0,0,0,0,0,0,0,0,0,0,0,0,0,0,0,0,0,0,0,0,0,0,0,0,0,0,0,0,0,0,0,0,0,0,0,0,0,0,0,0,0,0,0,0,0,0,0,0,0,0,0,0,0,0,0,0,0,0,0,0,0,0,0,0,0,0,0,0,0,0,0,0,0,0,0,0,0,0,0,0,0,0,0,0,0,0,0,0,0,0,0,0,0,0,0,0,0,0,0,0,0,0,0,0,0,0,0,0,0,0,0,0,0,0,0,0,0,0,0,0,0,0,0,0,0,0,0,0,0,0,0,0,0,0,0,0,0,0,0,0,0,0,0,0,0,0,0,0,0,0,0,0,0,0,0,0,0,0,0,0,0,0,0,0,0,0,0,0,1,0,0,0,0,0,0,0,0,0,2,0,0,0,0,0,0,1,0,0,0,0,0,1,4,3,2,3,0,0,5,4,0,6,1,2,4,10,11,8,11,8,5,6,6,4,8,7,9,12,13,24,14,18,16,28,18,29,26,28,23,25,28,40,30,59,26,29,50,48,47,49,44,39,69,50,68,55,72,95,113,120,161,145,146,160,193,234,227,250,376,348,413,552,588,681,800,869,888,988,1150,1355,1313,1565,1569,1681,1946,1900,2144,2285,2538,2547,2810,2881,3031,3164,3792,3891,3960,4371,4545,4875,5473,5923,5982,6627,7987,8082,10735,12564,14371,17801,23315,29087,33708,42348,46568,56694,66553,76803,82336,82640,89836,99368,109905,132739,360055,439851,372798,326253,281994,239272
2612,Numerical Analysis,Mathematics,Physical Sciences,0,0,0,0,0,0,0,0,0,0,0,0,0,0,0,0,0,0,0,0,0,0,0,0,0,0,0,0,0,0,0,0,0,0,0,0,0,0,0,0,0,0,0,0,0,0,0,0,0,0,0,0,0,0,0,0,0,0,0,0,0,0,0,0,0,0,0,0,0,0,0,0,0,0,0,0,0,0,0,0,0,0,0,0,0,0,0,0,0,0,0,0,0,0,0,0,0,0,0,0,0,0,0,0,0,0,0,0,0,0,0,0,0,0,0,0,0,0,0,0,0,0,0,0,0,0,0,0,0,0,0,0,0,0,0,0,0,0,0,0,0,0,0,0,0,0,0,1,0,0,0,0,0,0,0,0,0,0,0,0,0,0,0,0,0,0,0,0,1,0,0,0,0,0,0,0,0,0,1,1,1,0,0,1,1,1,2,0,0,0,0,3,13,0,3,3,6,3,12,6,10,4,9,5,13,17,6,14,11,10,18,12,10,13,29,18,18,16,15,19,17,27,24,16,15,16,22,47,41,60,75,87,80,86,67,53,108,104,81,80,98,68,86,62,60,104,155,124,210,175,241,382,399,522,582,825,863,763,882,1056,1309,1510,1720,2081,2381,2964,3527,4358,4909,6216,7308,7826,9090,9470,9830,11355,11715,12025,12866,13549,14108,14383,15089,16256,17576,18165,19441,19937,21410,23432,24472,24022,27863,27358,28330,31283,33463,35982,37182,37576,41278,45237,57253,60757,58683,72149,82328,83739,89552,95046,99342,111881,118580,130737,133921,130619,127635,128497,134413,142865,155152,164041,133268,133124,128748,112343
2613,Statistics and Probability,Mathematics,Physical Sciences,0,0,0,0,0,0,0,0,0,0,0,0,0,0,0,0,0,0,0,0,0,0,0,0,0,0,0,0,0,0,0,0,0,0,0,0,0,0,0,0,0,0,0,0,0,0,0,0,0,0,0,0,0,0,0,0,0,0,0,0,0,0,0,0,0,0,0,0,0,0,0,0,0,0,0,0,0,0,0,0,0,0,0,0,0,0,0,0,0,0,0,0,0,0,0,0,0,0,0,0,3,0,0,1,0,0,1,0,0,0,0,0,0,0,0,0,0,0,0,0,0,0,0,0,0,0,0,1,0,0,0,0,0,0,0,1,0,0,0,0,0,0,0,0,0,0,1,1,0,0,0,0,0,1,0,0,0,1,2,0,0,0,0,3,0,0,0,0,5,0,0,0,2,0,0,0,0,0,1,4,4,6,1,1,1,2,0,1,1,2,2,2,5,0,0,3,2,2,3,6,93,4,4,4,8,83,14,12,7,15,10,34,34,26,39,33,36,28,17,43,147,47,55,50,55,76,68,72,95,96,148,198,176,195,195,325,273,326,348,382,350,376,389,314,302,368,365,475,613,644,854,1230,1112,1415,1671,1768,1873,2040,2175,2551,2969,2902,3543,4151,4562,5516,6518,7164,7957,9473,11308,11768,13834,15367,16921,18076,19442,22021,24259,26591,30430,33021,36068,40056,43572,43199,48046,52216,57740,58112,62096,68082,72951,71856,80668,83096,93841,97245,101387,108266,128787,134624,166574,184875,204797,245468,249182,282808,317830,348789,390887,435971,478072,510248,575933,574268,577432,583440,630441,699904,794343,869898,763122,756239,746280,725532
2614,Theoretical Computer Science,Mathematics,Physical Sciences,0,0,0,0,0,0,0,0,0,0,0,0,0,0,0,0,0,0,0,0,0,0,0,0,0,0,0,0,0,0,0,0,0,0,0,0,0,0,0,0,0,0,0,0,0,0,0,0,0,0,0,0,0,0,0,0,0,0,0,0,0,0,0,0,0,0,0,0,0,0,0,0,0,0,0,0,0,0,0,0,0,0,0,0,0,0,0,0,0,0,0,0,0,0,0,0,0,0,0,0,0,1,0,0,0,0,0,0,0,0,0,0,0,0,0,0,0,0,0,0,1,0,0,0,0,0,0,0,2,0,0,0,0,0,0,3,0,1,0,0,4,1,0,0,1,4,0,1,0,0,0,3,1,0,2,2,0,0,1,0,2,1,2,2,2,1,1,3,2,5,7,5,1,5,3,6,10,3,7,5,22,12,10,24,8,21,25,49,29,36,18,22,43,53,55,35,49,57,80,60,74,78,110,109,135,110,104,102,122,116,183,139,135,174,202,104,138,92,109,105,147,284,234,223,252,266,254,320,315,410,338,415,484,470,347,412,418,356,339,394,364,303,296,221,215,288,330,360,542,518,656,824,858,1068,998,1180,1190,1032,1356,1395,1532,1479,1617,1711,1935,2241,2351,2678,2490,2981,3112,3509,3580,4021,3839,4245,4283,4296,4372,5332,5064,5557,5961,5460,5625,5841,5771,6051,7011,7185,7789,7499,8165,7932,8506,9463,9946,9968,10032,11198,14795,13793,15010,18058,16997,19377,20474,20992,22617,24405,24581,27715,29420,32508,31028,30733,30452,27368,30154,34214,36060,35108,28823,32149,26841,20992
2702,Anatomy,Medicine,Health Sciences,0,0,0,0,0,0,0,0,0,0,0,0,0,0,0,0,0,0,0,0,0,0,0,0,0,0,0,0,0,0,0,0,0,0,0,0,0,0,0,0,0,0,0,0,0,0,0,0,0,0,0,0,0,0,0,0,0,0,0,0,0,0,0,0,0,0,0,0,0,0,0,0,0,0,0,0,0,0,0,0,0,0,0,0,0,0,0,0,0,0,0,0,0,0,0,0,0,0,1,0,0,0,0,0,0,0,0,0,0,0,0,0,0,0,0,0,0,0,0,0,0,0,0,0,0,0,0,0,0,0,0,0,0,0,0,1,0,0,0,0,0,0,0,0,0,0,0,0,1,0,0,0,0,1,2,1,0,1,0,0,1,1,1,1,0,1,0,1,1,0,1,1,2,3,3,4,8,8,12,8,8,8,7,11,13,14,18,8,23,14,18,17,42,17,15,29,39,52,32,51,54,53,81,55,61,67,73,56,92,68,90,121,91,126,102,71,63,65,86,100,97,133,183,178,206,245,252,284,342,369,402,434,406,398,323,283,420,459,352,491,380,362,311,331,320,307,247,313,475,510,569,636,717,882,937,1157,1131,1136,1218,1243,1409,1284,1409,1552,1574,1866,1972,2204,2264,2302,2519,2524,2648,2435,2539,2431,2451,2614,2795,2738,2798,2949,3019,2967,3284,3189,3244,3478,3429,3605,3745,3722,4352,3856,3772,4068,4382,4493,4481,4587,6418,5166,5805,6321,6619,7463,7861,8342,9362,10019,10176,10839,11209,12081,12616,12389,11629,11653,11940,17305,15070,15799,13634,13841,12881,9783
2703,Anesthesiology and Pain Medicine,Medicine,Health Sciences,0,0,0,0,0,0,0,0,0,0,0,0,0,0,0,0,0,0,0,0,0,0,0,0,0,0,0,0,0,0,0,0,0,0,0,0,0,0,0,0,0,0,0,0,0,0,0,0,0,0,0,0,0,0,0,0,0,0,0,0,0,0,0,0,0,0,0,0,0,0,0,0,0,0,0,0,0,0,0,0,0,0,0,0,0,0,0,0,0,0,0,0,0,0,0,0,0,0,0,0,0,0,0,0,0,0,0,0,0,0,0,0,0,0,0,0,0,0,0,0,0,0,0,0,0,0,0,0,0,0,0,0,0,0,0,0,0,0,0,0,0,0,0,0,0,0,0,1,0,0,0,0,0,0,0,2,0,0,0,0,0,0,0,0,0,2,2,0,0,0,0,0,0,1,0,0,0,0,0,0,1,0,0,3,1,0,0,2,5,0,4,0,2,1,0,0,4,8,1,5,4,3,6,2,6,4,5,8,8,5,16,16,16,13,25,8,10,6,20,15,32,19,52,33,76,78,101,85,87,103,110,157,151,119,144,118,199,198,195,210,188,168,199,164,150,158,159,202,285,386,569,607,707,965,769,821,910,855,988,1091,1361,1195,1235,1505,1372,1798,1832,2018,2042,2198,2604,2818,3555,3599,3485,3924,4170,4784,4960,5447,6106,6856,8002,9382,9429,9821,11417,12473,13191,13532,15786,17012,18254,19488,19820,29171,28673,28686,32586,36012,52230,45370,46058,49751,59058,65432,66705,71963,77169,85108,88924,95927,102718,101232,112931,112812,110618,116425,116074,129099,140723,144642,140874,149581,145314,142624
2704,Biochemistry,Medicine,Health Sciences,0,0,0,0,0,0,0,0,0,0,0,0,0,0,0,0,0,0,0,0,0,0,0,0,0,0,0,0,0,0,0,0,0,0,0,0,0,0,0,0,0,0,0,0,0,0,0,0,0,0,0,0,0,0,0,0,0,0,0,0,0,0,0,0,0,0,0,0,0,0,0,0,0,0,0,0,0,0,0,0,0,0,0,0,0,0,0,0,0,0,0,0,0,0,0,0,0,0,0,0,0,0,0,0,0,0,0,0,0,0,0,0,0,0,0,0,0,0,0,0,0,0,0,0,0,0,0,0,0,0,0,0,0,0,0,0,0,0,0,0,0,0,0,2,0,0,0,0,0,0,0,1,0,0,0,0,0,0,0,0,0,0,0,0,0,0,0,0,0,0,1,0,0,2,0,0,0,0,1,0,0,0,0,0,1,0,1,0,1,0,0,1,0,2,0,0,1,0,0,1,4,1,4,2,4,24,4,6,13,3,11,22,6,14,18,19,10,22,8,19,23,50,35,62,53,94,66,57,103,142,130,158,146,194,245,244,201,307,409,567,450,485,464,479,503,332,404,529,560,764,624,544,709,814,931,986,893,1079,1179,1196,1387,1388,1527,1518,1680,3016,1879,2300,1975,2486,2829,3057,2883,2887,3192,3249,3417,3688,3909,4072,4788,5399,5653,5928,6456,6606,6910,7887,8760,10604,11423,13457,15363,17115,20228,23915,27171,31574,36426,42412,52545,54717,58025,65980,78344,86528,90797,102980,112424,124618,145684,162260,188085,199073,210208,216765,221448,235568,246187,281156,340045,380836,393752,395989,398664,389082
2705,Cardiology and Cardiovascular Medicine,Medicine,Health Sciences,0,0,0,0,0,0,0,0,0,0,0,0,0,0,0,0,0,0,0,0,0,0,0,0,0,0,0,0,0,0,0,0,0,0,0,0,0,0,0,0,0,0,0,0,0,0,0,0,0,0,0,0,0,0,0,0,0,0,0,0,0,0,0,0,0,0,0,0,0,0,0,0,0,0,0,0,0,0,0,0,0,0,0,0,0,0,0,0,0,0,0,0,0,0,0,0,0,0,0,0,0,0,3,0,0,0,1,0,0,0,0,0,1,0,0,0,0,0,0,0,2,0,0,0,0,0,0,2,0,1,0,0,0,0,0,0,0,0,0,0,0,0,0,0,0,0,0,0,0,0,2,0,0,1,3,0,1,1,0,1,2,1,3,2,3,0,1,4,0,3,1,0,1,2,2,74,2,2,4,12,2,4,7,7,2,2,9,37,12,14,14,12,11,14,9,13,23,46,30,18,24,35,91,55,60,72,59,66,78,74,84,141,177,233,249,95,112,134,107,108,357,298,330,438,464,369,728,650,819,1141,981,1804,1435,1333,1329,1314,2270,2246,2458,2142,2188,2203,2146,1863,1860,1544,1797,2396,3109,3848,5375,5924,6691,7224,7691,9243,8317,10063,12075,12837,20338,15490,16043,16472,19369,28214,23994,25787,26918,31153,33312,36285,40090,43492,44930,49100,54821,62287,63606,70247,81768,88691,98674,120097,120156,126040,130751,141702,150834,167275,163901,173943,185199,177617,186695,216263,237918,260195,298075,317033,411643,382304,419246,475942,525066,579072,627223,697874,739069,787072,851195,914791,1019525,1063045,1112151,1151117,1171983,1212503,1219404,1313712,1565952,1670784,1638991,1667524,1663387,1645028
2706,Critical Care and Intensive Care Medicine,Medicine,Health Sciences,0,0,0,0,0,0,0,0,0,0,0,0,0,0,0,0,0,0,0,0,0,0,0,0,0,0,0,0,0,0,0,0,0,0,0,0,0,0,0,0,0,0,0,0,0,0,0,0,0,0,0,0,0,0,0,0,0,0,0,0,0,0,0,0,0,0,0,0,0,0,0,0,0,0,0,0,0,0,0,0,0,0,0,0,0,0,0,0,0,0,0,0,0,0,0,0,0,0,0,0,0,0,0,0,0,0,0,0,0,0,0,0,0,0,0,0,0,0,0,0,0,0,0,0,0,0,0,0,0,1,0,0,0,0,0,0,0,0,0,0,0,0,0,0,0,1,0,0,0,0,0,0,0,0,0,0,0,0,0,0,0,0,0,1,0,0,0,0,0,1,0,0,0,0,0,0,1,3,0,0,0,1,0,0,1,3,1,0,0,1,4,7,11,2,11,2,4,7,10,7,12,10,31,24,18,15,12,7,8,20,19,24,53,37,42,13,21,23,21,35,53,43,53,86,61,73,101,71,117,148,125,149,121,123,154,143,156,181,182,247,232,230,265,197,173,141,207,226,254,279,351,292,325,470,505,670,753,813,1023,1155,1314,1251,1291,1384,1535,1802,1708,1702,1772,1826,1989,2119,2173,2365,2366,2475,2484,2587,2650,2822,3167,3320,3605,4210,4095,4714,4465,4834,5544,5959,6586,7811,8884,9749,10618,13313,14300,14972,17697,20533,29794,28236,28632,35380,37750,43117,45983,53950,61836,67288,79107,84895,95571,104364,116176,120053,129109,135674,141221,158731,196908,215724,214792,216458,219153,222549
2707,Complementary and alternative medicine,Medicine,Health Sciences,0,0,0,0,0,0,0,0,0,0,0,0,0,0,0,0,0,0,0,0,0,0,0,0,0,0,0,0,0,0,0,0,0,0,0,0,0,0,0,0,0,0,0,0,0,0,0,0,0,0,0,0,0,0,0,0,0,0,0,0,0,0,0,0,0,0,0,0,0,0,0,0,0,0,0,0,0,0,0,0,0,0,0,0,0,0,0,0,0,0,0,0,0,0,0,0,0,0,0,0,0,0,0,0,0,0,0,0,0,0,0,0,0,0,0,0,0,0,0,0,2,0,1,0,0,0,0,0,0,0,0,0,0,0,0,0,3,0,1,1,1,0,0,1,1,0,1,2,1,1,0,1,1,0,0,1,0,1,1,0,2,1,0,1,0,1,1,0,2,3,0,3,2,5,1,2,0,6,4,2,10,8,23,7,9,19,10,6,5,12,4,16,13,13,3,10,18,21,23,25,26,32,45,24,39,55,43,39,47,43,63,188,117,50,81,48,45,47,69,85,135,99,107,170,188,200,250,258,347,422,430,469,447,412,364,399,442,555,577,516,505,434,393,336,322,241,263,372,457,625,846,951,983,1166,1171,1242,1287,1296,1670,1567,1957,1868,1885,2152,2442,2991,3072,3333,3461,3496,4264,4287,4190,4552,4456,4349,5075,5819,5532,5768,6589,7314,7675,8867,9565,9706,10896,10778,11245,12271,11729,13654,14237,13427,14798,16915,19260,21082,23415,26980,35096,36038,42684,51492,55643,65204,72995,82988,91664,102733,116624,132798,155635,165665,170156,179776,178123,188413,203206,225150,286118,323348,339157,345106,350214,345140
2708,Dermatology,Medicine,Health Sciences,0,0,0,0,0,0,0,0,0,0,0,0,0,0,0,0,0,0,0,0,0,0,0,0,0,0,0,0,0,0,0,0,0,0,0,0,0,0,0,0,0,0,0,0,0,0,0,0,0,0,0,0,0,0,0,0,0,0,0,0,0,0,0,0,0,0,0,0,0,0,0,0,0,0,0,0,0,0,0,0,0,0,0,0,0,0,0,0,0,0,0,0,0,0,0,0,0,0,0,0,0,0,1,0,0,0,0,0,0,0,0,0,0,0,0,0,0,0,0,0,0,0,0,0,0,0,0,0,1,0,0,0,0,0,0,0,0,0,0,0,1,1,0,0,0,0,1,0,1,0,0,0,0,1,1,1,0,0,0,0,1,1,2,5,6,2,1,1,0,2,2,2,5,1,5,8,6,8,6,8,18,20,14,12,13,4,10,15,27,34,31,31,43,56,58,51,60,54,60,75,114,107,173,153,154,141,105,126,164,202,175,311,229,252,262,104,140,144,118,172,186,430,402,407,469,632,716,1024,1365,1587,1274,1446,1695,1392,1260,1281,1200,1397,1486,1425,1389,1260,1147,969,903,783,780,1087,1477,1817,2165,2380,2317,2861,2899,3133,3288,4021,3455,3947,4417,4342,4962,5127,5373,10839,6486,6038,6395,6297,6446,6097,6704,7669,7895,8363,10185,10228,11600,13291,12972,14851,15526,16848,18441,19355,20253,20316,21240,25477,24619,28325,28486,29268,30877,36982,41960,44529,45484,51070,81100,66544,72081,80535,92458,90555,112424,106876,123573,139006,163608,161090,176598,170462,186175,195707,216697,213693,225658,268263,321953,353221,353418,380483,398258,389368
2711,Emergency Medicine,Medicine,Health Sciences,0,0,0,0,0,0,0,0,0,0,0,0,0,0,0,0,0,0,0,0,0,0,0,0,0,0,0,0,0,0,0,0,0,0,0,0,0,0,0,0,0,0,0,0,0,0,0,0,0,0,0,0,0,0,0,0,0,0,0,0,0,0,0,0,0,0,0,0,0,0,0,0,0,0,0,0,0,0,0,0,0,0,0,0,0,0,0,0,0,0,0,0,0,0,0,0,0,0,0,0,0,0,0,1,0,0,0,0,0,0,0,0,0,0,0,0,0,0,0,0,0,0,0,0,0,0,0,0,0,0,0,0,0,0,0,1,0,0,1,1,0,0,0,0,0,0,0,0,0,0,0,0,2,1,0,0,1,0,2,1,1,0,0,5,0,1,1,2,1,2,1,2,1,3,3,3,1,4,3,4,3,4,4,12,2,3,5,14,3,12,10,15,16,9,9,18,26,21,19,30,43,43,60,54,67,52,59,44,78,57,69,173,117,120,153,64,64,68,87,161,216,200,265,297,293,400,418,461,576,611,646,648,722,743,792,724,870,950,1063,1134,1048,870,944,799,763,657,783,853,996,1235,1444,1658,1837,2218,2168,2317,2415,2415,2736,2754,3262,2980,3091,3595,3807,5074,4684,4988,5619,5825,6281,5997,6393,6970,7531,7695,8671,8897,9510,10662,11338,11611,12581,15006,16142,16113,18119,18231,19288,22030,23675,23633,26651,28922,28412,33510,35104,36954,37834,41983,63434,51902,58233,64511,70596,86053,90171,96561,108492,116417,141209,142148,150484,160328,172857,195738,187763,196376,194865,215692,262201,276672,260797,267434,264681,261181
2712,"Endocrinology, Diabetes and Metabolism",Medicine,Health Sciences,0,0,0,0,0,0,0,0,0,0,0,0,0,0,0,0,0,0,0,0,0,0,0,0,0,0,0,0,0,0,0,0,0,0,0,0,0,0,0,0,0,0,0,0,0,0,0,0,0,0,0,0,0,0,0,0,0,0,0,0,0,0,0,0,0,0,0,0,0,0,0,0,0,0,0,0,0,0,0,0,0,0,0,0,0,0,0,0,0,0,0,0,0,0,0,0,0,0,0,0,0,0,0,3,0,0,1,0,0,0,0,0,0,0,0,0,0,2,0,0,0,0,0,0,0,0,0,0,0,0,0,0,0,0,0,0,0,0,0,0,1,0,0,1,0,0,0,0,1,0,1,0,0,0,1,0,0,1,0,0,0,0,2,0,0,0,0,1,1,0,1,1,3,0,2,3,2,3,4,6,0,2,3,3,4,2,8,7,11,9,9,11,16,9,14,14,25,30,10,22,24,31,65,47,58,255,57,34,69,86,141,262,116,206,224,75,137,133,122,185,208,312,317,806,624,807,1091,1041,1100,1549,1393,1677,1739,1857,2238,2413,2456,3046,2779,3281,3049,3304,2548,1964,2311,1828,2026,3010,3670,4769,6809,7392,8084,9800,9709,13634,11860,12820,13358,15074,17349,16554,18777,18876,24599,42687,26111,27338,32930,33614,38443,41167,43871,42616,48852,52845,58011,61523,69280,73411,75723,81384,81864,90666,92145,93874,99814,103393,108773,114838,121836,123682,126626,129893,132155,144822,147858,174405,199552,216968,264897,258375,274222,317118,328759,360857,405854,443944,477338,512005,554628,586149,629461,666478,710964,733458,728359,738139,781332,836015,990458,1072174,1097183,1114490,1133147,1134738
2713,Epidemiology,Medicine,Health Sciences,0,0,0,0,0,0,0,0,0,0,0,0,0,0,0,0,0,0,0,0,0,0,0,0,0,0,0,0,0,0,0,0,0,0,0,0,0,0,0,0,0,0,0,0,0,0,0,0,0,0,0,0,0,0,0,0,0,0,0,0,0,0,0,0,0,0,0,0,0,0,0,0,0,0,0,0,0,0,0,0,0,0,0,0,0,0,0,0,0,0,0,0,0,0,0,0,0,0,1,0,2,0,2,0,0,0,0,0,1,0,0,0,0,0,0,0,0,0,0,0,0,0,0,0,2,0,0,0,0,0,0,0,0,0,0,0,0,0,0,0,0,0,0,1,0,1,1,0,0,3,0,1,0,1,0,0,0,2,3,4,1,4,2,1,12,0,15,0,2,2,0,1,5,5,0,3,2,3,8,11,7,5,8,7,11,11,18,19,17,25,32,28,47,31,39,89,60,57,73,75,107,199,173,142,113,149,178,164,218,232,271,372,413,408,439,283,247,251,248,382,434,715,682,771,888,1095,1218,1387,1865,1857,2084,2532,2546,2395,2227,2422,3248,2976,3606,3454,3435,3576,3489,2937,3270,3073,3355,4884,5525,6343,8478,8151,10656,10699,11048,12809,13632,14632,15583,16674,19958,18219,21655,22661,24213,34034,26241,32999,33815,35150,40526,42016,44630,48217,53356,55227,63319,66770,71265,80312,86621,96106,107517,116970,127197,137240,138153,156770,169104,185785,188224,207092,227094,224119,240119,253156,279813,304172,333375,367804,492583,455510,501907,583018,640389,707612,810259,889343,1004589,1135344,1246696,1327082,1447093,1574126,1669901,1721316,1737674,1839324,1888499,2099486,2579901,2783329,2682579,2737810,2772646,2753025
2714,Family Practice,Medicine,Health Sciences,0,0,0,0,0,0,0,0,0,0,0,0,0,0,0,0,0,0,0,0,0,0,0,0,0,0,0,0,0,0,0,0,0,0,0,0,0,0,0,0,0,0,0,0,0,0,0,0,0,0,0,0,0,0,0,0,0,0,0,0,0,0,0,0,0,0,0,0,0,0,0,0,0,0,0,0,0,0,0,0,0,0,0,0,0,0,0,0,0,0,0,0,0,0,0,0,0,0,0,0,0,0,0,0,0,0,0,0,0,0,0,0,0,0,0,0,0,0,0,0,0,0,0,0,0,0,0,0,0,0,0,0,0,0,0,0,0,0,0,0,0,0,0,0,0,0,0,0,0,0,0,0,0,0,0,0,0,0,0,0,0,0,0,0,1,0,1,0,0,0,0,0,0,0,0,0,0,0,0,0,0,0,0,0,0,0,0,0,0,1,0,0,2,0,0,0,3,0,0,1,0,0,1,0,0,0,2,2,1,2,0,1,3,5,4,0,4,3,1,1,3,2,4,3,2,5,5,7,15,7,9,17,13,15,16,24,18,25,43,26,32,25,24,25,24,22,27,24,42,31,39,46,56,57,59,61,68,70,90,76,97,84,114,122,146,181,179,233,220,206,244,240,227,272,309,341,367,371,518,501,610,776,939,946,1057,1220,1362,1582,1636,1897,2098,2345,2531,2738,2707,3062,3356,3681,3687,4136,5431,5583,7284,6986,8551,10357,12156,14307,16375,19372,22469,25185,28765,33148,36264,38037,39834,42119,45067,50248,59506,61613,62799,64786,64147,67698
2715,Gastroenterology,Medicine,Health Sciences,0,0,0,0,0,0,0,0,0,0,0,0,0,0,0,0,0,0,0,0,0,0,0,0,0,0,0,0,0,0,0,0,0,0,0,0,0,0,0,0,0,0,0,0,0,0,0,0,0,0,0,0,0,0,0,0,0,0,0,0,0,0,0,0,0,0,0,0,0,0,0,0,0,0,0,0,0,0,0,0,0,0,0,0,0,0,0,0,0,0,0,0,0,0,0,0,0,0,0,0,0,0,0,0,0,0,0,0,0,0,0,0,0,0,0,0,0,0,0,0,0,0,0,0,0,0,0,0,0,0,0,0,0,0,0,0,0,0,0,0,0,0,0,0,0,0,0,0,0,0,0,0,0,0,0,0,0,0,0,0,0,1,0,0,0,0,1,0,2,1,0,0,1,0,0,0,0,0,0,0,0,0,0,0,0,2,2,0,0,0,1,1,1,1,3,0,4,1,0,6,7,7,10,7,7,8,9,18,18,19,22,132,26,31,30,26,17,23,12,22,70,36,37,67,73,88,155,149,127,156,117,143,185,172,230,199,281,319,375,336,284,329,338,228,202,202,203,397,418,631,835,734,886,1002,1003,1071,1141,1137,1251,1394,1714,1765,1754,2013,2310,2334,2852,3127,3537,3449,4337,4315,4319,5008,7133,5952,8381,7045,8082,7656,8462,11539,11076,11632,11973,12239,12883,14972,16256,21359,17463,20559,18355,19110,20106,20748,23217,27975,30832,40471,57321,52684,56060,64199,74520,86599,102869,102587,114904,115653,124401,134701,146658,149722,160453,168724,162347,170058,174916,187889,226770,245600,232767,231617,237026,228207
2716,Genetics,Medicine,Health Sciences,0,0,0,0,0,0,0,0,0,0,0,0,0,0,0,0,0,0,0,0,0,0,0,0,0,0,0,0,0,0,0,0,0,0,0,0,0,0,0,0,0,0,0,0,0,0,0,0,0,0,0,0,0,1,0,0,0,0,0,0,0,0,0,0,0,0,0,0,0,0,0,0,0,0,0,0,0,0,0,0,0,0,0,0,0,0,0,0,0,0,0,0,0,0,0,0,0,0,0,0,0,0,0,0,0,0,0,0,0,0,0,0,0,0,0,0,0,0,0,0,0,0,0,0,0,0,0,0,0,0,0,0,0,0,0,1,0,0,0,0,0,0,0,0,0,0,0,0,0,0,0,1,0,0,0,1,0,0,0,0,0,0,0,2,1,0,0,0,1,1,0,0,2,3,1,1,3,1,2,0,4,2,0,5,1,3,1,4,7,1,2,9,6,14,11,12,27,16,24,37,26,17,42,40,46,24,33,31,29,46,69,102,77,87,84,57,38,39,31,70,71,127,121,192,206,223,228,321,370,383,462,453,531,425,487,523,847,623,608,788,837,603,624,446,539,464,430,613,767,1065,1330,1337,1555,2205,2371,3122,3653,3790,3832,4738,5551,5728,6638,7371,7838,9153,9703,10071,11074,11606,13245,12091,15568,15185,19100,18735,20291,21159,24861,25589,26468,28513,29674,32140,35075,37101,36981,41281,38478,42953,43712,46817,49082,49726,50629,52155,55774,61599,68370,71314,93559,82033,91903,106038,113539,130008,152880,165787,194896,218154,254054,277041,312351,332236,343018,360805,380768,387793,393776,425550,514825,577650,546517,551287,544493,512792
2717,Geriatrics and Gerontology,Medicine,Health Sciences,0,0,0,0,0,0,0,0,0,0,0,0,0,0,0,0,0,0,0,0,0,0,0,0,0,0,0,0,0,0,0,0,0,0,0,0,0,0,0,0,0,0,0,0,0,0,0,0,0,0,0,0,0,0,0,0,0,0,0,0,0,0,0,0,0,0,0,0,0,0,0,0,0,0,0,0,0,0,0,0,0,0,0,0,0,0,0,0,0,0,0,0,0,0,0,0,0,0,0,0,0,0,0,0,0,0,0,0,0,0,0,0,0,0,0,0,0,0,0,0,0,0,0,0,0,0,0,0,0,0,0,0,0,0,0,0,0,0,0,0,0,0,0,0,0,0,0,0,2,0,0,0,0,0,0,0,0,0,1,0,0,0,0,0,1,0,0,0,0,0,0,0,0,0,0,0,1,0,0,0,0,0,1,0,0,0,0,0,0,0,0,0,0,0,0,0,0,0,0,0,1,3,2,0,0,8,0,0,0,1,2,3,0,1,0,0,0,0,0,3,1,2,0,2,3,2,1,2,7,6,5,8,2,4,9,6,9,6,8,11,11,32,20,21,30,27,34,24,35,55,54,45,52,39,72,102,115,124,153,151,140,151,173,203,201,224,257,302,277,275,447,400,471,544,692,717,855,1009,1013,1081,1209,1337,1445,1590,1896,1725,2096,2212,2615,2703,3397,3304,3686,3709,3931,4463,5662,6087,6674,7790,11059,10987,13847,16104,18189,23990,26053,31242,36896,45967,56489,66824,80716,90352,98168,109523,118476,129779,143778,167259,208123,234770,236473,240012,254502,253158
2718,Health Informatics,Medicine,Health Sciences,0,0,0,0,0,0,0,0,0,0,0,0,0,0,0,0,0,0,0,0,0,0,0,0,0,0,0,0,0,0,0,0,0,0,0,0,0,0,0,0,0,0,0,0,0,0,0,0,0,0,0,0,0,0,0,0,0,0,0,0,0,0,0,0,0,0,0,0,0,0,0,0,0,0,0,0,0,0,0,0,0,0,0,0,0,0,0,0,0,0,0,0,0,0,0,0,0,0,0,0,0,0,0,0,0,0,0,0,0,0,0,0,0,0,0,0,0,0,0,0,0,0,0,0,0,0,0,0,0,0,0,0,0,0,0,0,0,0,0,0,0,0,0,0,0,0,0,0,0,0,0,0,0,0,0,0,0,0,0,0,0,0,0,0,0,0,0,0,0,0,0,0,0,0,0,0,0,0,0,0,0,0,0,0,0,0,0,0,0,0,0,0,0,0,0,0,0,0,0,0,0,0,0,0,0,0,0,0,0,0,0,0,7,0,0,0,0,0,0,0,0,0,0,1,0,0,0,0,0,0,0,0,0,0,0,0,0,0,0,0,0,0,0,0,0,0,1,0,0,0,1,0,0,2,1,5,8,6,7,6,7,8,5,7,6,6,10,6,4,8,19,4,15,16,11,5,14,16,23,34,27,19,19,44,45,62,137,125,210,202,263,200,243,267,246,206,208,198,207,196,312,255,347,307,367,436,461,451,467,443,522,600,642,647,676,683,782,1168,2023,5421,13964,25955,37214,107202,218895,313317
2720,Hematology,Medicine,Health Sciences,0,0,0,0,0,0,0,0,0,0,0,0,0,0,0,0,0,0,0,0,0,0,0,0,0,0,0,0,0,0,0,0,0,0,0,0,0,0,0,0,0,0,0,0,0,0,0,0,0,0,0,0,0,1,0,0,0,0,0,0,0,0,0,0,0,0,0,0,0,0,0,0,0,0,0,0,0,0,0,0,0,0,0,0,0,0,0,0,0,0,0,0,0,0,0,0,0,0,0,0,0,0,0,1,0,0,0,0,0,0,0,0,0,0,0,0,0,0,0,0,0,0,0,0,0,0,0,0,0,0,0,0,0,0,0,0,0,0,0,0,0,0,0,1,0,0,0,0,0,0,0,2,0,0,0,1,0,0,0,1,0,1,0,0,0,0,0,0,0,2,0,0,2,0,1,2,0,0,3,0,2,1,0,10,3,0,4,5,7,4,6,4,9,7,7,15,9,10,10,12,23,18,30,40,17,109,47,40,46,34,33,66,56,81,71,44,55,56,50,67,65,155,112,209,258,313,272,219,430,459,387,514,612,479,710,455,574,640,750,735,1075,736,759,757,810,809,1022,1192,1470,1597,1926,1976,2150,2917,3197,4016,3899,4470,4311,4984,5350,5935,6683,6907,7883,8960,9235,10638,11647,12288,14032,13794,15619,16251,19165,20073,20252,23333,25913,26657,31178,32712,33810,38950,45693,50698,51388,60311,59914,70260,76457,81478,90032,89510,94363,101033,107049,124845,143023,153835,200202,176377,203589,236441,238816,253765,269078,309507,319469,341591,366300,393331,414518,429611,427565,430539,439182,465438,449395,501748,584002,651777,622290,625754,615957,591567
2721,Hepatology,Medicine,Health Sciences,0,0,0,0,0,0,0,0,0,0,0,0,0,0,0,0,0,0,0,0,0,0,0,0,0,0,0,0,0,0,0,0,0,0,0,0,0,0,0,0,0,0,0,0,0,0,0,0,0,0,0,0,0,0,0,0,0,0,0,0,0,0,0,0,0,0,0,0,0,0,0,0,0,0,0,0,0,0,0,0,0,0,0,0,0,0,0,0,0,0,0,0,0,0,0,0,0,0,0,0,1,0,1,0,0,0,0,0,0,0,0,0,0,0,0,0,0,20,0,0,0,0,0,1,0,1,0,0,0,0,0,0,0,0,0,0,0,0,0,1,0,0,0,0,0,0,0,0,0,1,0,0,0,1,0,14,0,3,0,0,0,0,0,0,0,1,0,0,0,0,0,0,0,0,0,0,0,0,0,0,0,2,0,0,0,1,1,0,0,0,0,0,1,17,7,3,1,1,0,0,4,4,5,1,4,5,6,1,12,6,3,10,14,12,11,9,13,7,11,4,12,16,32,24,52,49,47,58,85,72,130,76,81,69,85,121,136,83,154,179,136,124,145,113,135,128,171,280,355,400,478,518,733,870,842,1107,1006,1145,1310,1558,1727,1690,1762,2058,2078,2486,2592,2878,2830,3265,4064,3995,4225,4412,5454,5368,6737,6357,6929,7508,8381,9772,10152,10856,11789,13925,14759,16564,17082,21477,22385,29236,34993,37064,47356,50357,55523,65193,75229,85950,116183,108988,124371,130379,147767,167980,183832,201822,213165,224213,253516,271427,305253,316005,344594,367642,352957,367579,366410,380160,431684,462607,445458,458365,432536,413643
2723,Immunology and Allergy,Medicine,Health Sciences,0,0,0,0,0,0,0,0,0,0,0,0,0,0,0,0,0,0,0,0,0,0,0,0,0,0,0,0,0,0,0,0,0,0,0,0,0,0,0,0,0,0,0,0,0,0,0,0,0,0,0,0,0,5,0,0,0,0,0,0,0,0,0,0,0,0,0,0,0,0,0,0,0,0,0,0,0,0,0,0,0,0,0,0,0,0,0,0,0,0,0,0,0,0,0,0,0,0,0,0,0,0,0,0,0,0,0,0,3,0,0,0,0,0,0,0,0,0,0,0,0,0,0,0,0,0,0,0,0,0,0,0,0,1,0,0,0,0,0,1,1,0,0,0,0,0,0,0,0,0,0,0,0,0,0,0,0,0,0,0,0,0,0,0,1,0,1,0,0,0,0,0,0,1,0,2,2,0,2,1,2,2,2,1,5,3,9,7,6,4,5,5,9,10,5,10,14,13,5,15,87,20,50,16,26,27,18,40,35,29,45,91,50,37,109,28,35,45,48,74,91,87,189,144,204,214,250,293,368,432,475,415,457,452,509,471,569,699,610,613,536,456,496,334,340,263,257,442,500,554,593,590,544,693,864,920,1245,915,1075,1158,1664,1566,1683,1632,1735,2071,2305,2515,2511,3110,3318,3479,3847,3953,4815,5173,5977,5671,6269,7665,9168,11206,12313,14129,17189,19362,19941,25029,29909,35337,40229,49837,57254,64115,70924,76398,90171,98938,115653,121774,128148,128525,132937,139759,140210,142200,150592,154512,166252,171375,178065,181036,189430,193130,195863,192128,189580,187634,186126,195940,224427,239379,229617,230762,222936,209695
2724,Internal Medicine,Medicine,Health Sciences,0,0,0,0,0,0,0,0,0,0,0,0,0,0,0,0,0,0,0,0,0,0,0,0,0,0,0,0,0,0,0,0,0,0,0,0,0,0,0,0,0,0,0,0,0,0,0,0,0,0,0,0,0,0,0,0,0,0,0,0,0,0,0,0,0,0,0,0,0,0,0,0,0,0,0,0,0,0,0,0,0,0,0,0,0,0,0,0,0,0,0,0,0,0,0,0,0,0,0,0,0,0,0,0,0,0,0,0,0,0,0,0,0,0,0,0,0,0,0,0,0,0,0,0,0,0,0,0,0,0,0,0,0,0,0,0,0,0,0,0,1,0,0,0,1,0,0,0,0,0,1,0,0,0,0,0,0,0,0,0,0,0,0,0,0,0,0,0,0,0,0,0,0,0,0,0,0,0,2,1,1,1,2,0,0,2,0,0,0,0,0,1,1,0,1,2,0,0,5,2,1,2,4,6,5,5,15,2,4,6,125,8,9,22,13,10,3,3,2,3,12,16,20,10,13,23,31,33,46,67,58,74,74,49,79,83,104,112,117,148,166,133,157,136,83,115,144,316,246,519,549,526,465,763,632,704,672,793,951,862,1557,927,1194,1062,1355,2529,1611,1923,1716,1969,2218,2224,2357,2632,3066,3264,3428,3197,3508,3392,4005,4299,3828,4354,4751,4730,6290,5745,6153,6641,7369,8176,10967,8714,11387,11920,12532,14194,17041,18952,28075,24657,23039,30484,33601,36281,36447,42883,45720,48447,54572,57224,63409,65824,65342,69441,72528,71399,73331,76933,102607,105971,100234,100085,104224,93594
2725,Infectious Diseases,Medicine,Health Sciences,0,0,0,0,0,0,0,0,0,0,0,0,0,0,0,0,0,0,0,0,0,0,0,0,0,0,0,0,0,0,0,0,0,0,0,0,0,0,0,0,0,0,0,0,0,0,0,0,0,0,0,0,0,0,0,0,0,0,0,0,0,0,0,0,0,0,0,0,0,0,0,0,0,0,0,0,0,0,0,0,0,0,0,0,0,0,0,0,0,0,0,0,0,0,0,0,0,0,0,0,0,0,0,0,0,0,0,0,0,11,0,0,0,0,0,4,0,0,0,0,0,0,0,0,0,0,0,0,0,0,0,0,0,0,0,0,0,1,0,0,1,1,0,1,0,0,0,1,0,0,1,0,1,0,1,1,0,24,0,2,0,1,2,1,1,1,0,0,3,2,0,8,1,1,0,3,1,1,7,4,9,2,12,8,6,9,8,10,12,15,13,31,33,12,59,24,41,27,37,77,63,51,59,50,63,90,85,66,105,106,143,190,212,217,313,203,146,185,188,321,335,411,518,447,584,663,830,754,983,1005,1403,1338,1389,1201,1348,1217,1386,1540,1874,1571,1457,1526,1321,1187,1452,1390,1335,1886,2201,2678,3067,3188,4050,4102,4264,4863,5819,5499,5949,5801,7102,6699,7603,8128,8665,8961,8796,11284,11232,11009,14209,13375,13983,15466,16520,17500,18461,19820,21791,23360,26739,28316,32445,34694,37746,39005,40947,43286,52730,55701,60785,67684,72283,74663,82635,89226,104271,109945,124893,134263,180690,168077,183730,213623,248432,277231,315515,347114,393556,451781,492236,523892,574470,616318,686475,688465,692236,707043,717693,808585,1889755,2353728,2151261,1808734,1529297,1289581
2726,Microbiology,Medicine,Health Sciences,0,0,0,0,0,0,0,0,0,0,0,0,0,0,0,0,0,0,0,0,0,0,0,0,0,0,0,0,0,0,0,0,0,0,0,0,0,0,0,0,0,0,0,0,0,0,0,0,0,0,0,0,0,0,0,0,0,0,0,0,0,0,0,0,0,0,0,0,0,0,0,0,0,0,0,0,0,0,0,0,0,0,0,0,0,0,0,0,0,0,0,0,0,0,0,0,0,0,0,0,0,0,0,0,0,0,0,0,0,0,0,0,0,0,0,0,0,0,0,0,0,0,0,0,0,0,0,0,0,0,0,0,0,0,0,0,0,0,0,0,0,0,0,0,0,0,0,0,0,0,0,0,0,0,0,0,0,0,0,0,0,0,0,0,0,0,0,0,0,0,0,0,0,0,0,0,0,0,0,0,0,0,1,0,0,0,0,0,0,1,0,0,4,0,0,0,3,1,3,2,1,4,0,5,11,2,3,2,0,17,5,5,5,12,21,2,3,9,1,22,8,9,14,21,8,24,19,40,55,62,62,99,100,92,61,49,133,49,59,56,102,68,79,95,110,72,70,134,156,152,198,274,283,210,220,166,235,519,454,353,565,355,403,598,381,376,333,626,513,715,799,1013,547,837,847,750,682,974,1020,1116,1230,1223,1358,1707,1513,1504,1221,1329,1717,1439,1528,1436,1919,1987,2910,1521,1717,2006,1808,1876,3126,2595,2696,3293,3961,3435,4730,4388,5523,6344,7006,6471,7145,6652,8109,9132,7271,7364,7160,7297,9129,9249,10471,10193,9874,8866
2727,Nephrology,Medicine,Health Sciences,0,0,0,0,0,0,0,0,0,0,0,0,0,0,0,0,0,0,0,0,0,0,0,0,0,0,0,0,0,0,0,0,0,0,0,0,0,0,0,0,0,0,0,0,0,0,0,0,0,0,0,0,0,0,0,0,0,0,0,0,0,0,0,0,0,0,0,0,0,0,0,0,0,0,0,0,0,0,0,0,0,0,0,0,0,0,0,0,0,0,0,0,0,0,0,0,0,0,0,0,0,0,0,0,0,0,0,0,0,0,0,0,0,0,0,1,0,0,0,0,0,0,0,0,0,0,0,0,0,0,0,0,0,0,0,0,0,0,0,0,0,0,0,0,0,0,0,0,0,0,0,0,0,0,0,0,0,0,1,1,1,0,0,0,1,1,0,0,0,1,0,0,0,3,1,6,1,1,3,5,3,4,1,5,4,4,0,1,8,3,15,8,7,11,14,16,18,10,21,14,31,19,59,70,62,63,46,35,61,76,121,230,99,92,124,104,108,131,142,127,238,366,367,572,653,583,834,756,862,1192,1174,1435,1210,1093,1137,962,1212,1407,1270,1379,1158,1149,1097,772,739,701,707,934,1256,1648,2676,2473,2609,2913,3614,4087,4246,4058,4918,5592,6796,6270,6207,5856,6817,8949,8636,8831,11266,10201,10839,11875,12253,12552,14057,13111,15794,15794,18053,17456,20083,21881,22895,25590,25441,24317,27819,29264,28499,34728,32570,35793,35920,33873,38402,38874,44277,44577,57528,58694,90833,72293,81316,94202,105507,118700,130625,146583,176516,194324,198608,230055,260519,262289,285289,301022,309281,312406,334815,362032,425421,473166,480248,479441,486852,497844
2728,Neurology,Medicine,Health Sciences,0,0,0,0,0,0,0,0,0,0,0,0,0,0,0,0,0,0,0,0,0,0,0,0,0,0,0,0,0,0,0,0,0,0,0,0,0,0,0,0,0,0,0,0,0,0,0,0,0,0,0,0,0,0,0,0,0,0,0,0,0,0,0,0,0,0,0,0,0,0,0,0,0,0,0,0,0,0,0,0,0,0,0,0,0,0,0,0,0,0,0,0,0,0,0,0,0,0,0,0,0,0,1,0,0,0,0,0,0,0,0,0,0,0,0,1,0,1,0,0,0,0,0,0,0,0,0,0,0,0,0,0,0,0,0,1,0,0,0,1,1,0,1,0,0,0,0,0,1,1,0,0,1,0,0,0,0,2,2,2,2,3,1,0,0,1,1,2,0,1,1,0,5,4,3,3,3,4,10,4,6,6,10,20,2,8,10,19,14,10,13,29,25,22,23,16,37,35,57,52,56,54,75,93,76,93,89,80,105,129,154,237,218,239,259,137,179,112,154,229,306,368,460,533,553,558,722,749,819,959,1015,1252,1222,1043,1159,1184,1927,1520,1805,2228,1766,1746,1585,1451,1677,1356,1339,1650,1949,2491,2879,2915,3143,4266,3752,4385,4777,4656,5519,5753,6546,6365,6636,7527,7892,8969,11125,11342,11750,11978,13710,15037,18223,17894,19261,21877,21921,25131,27434,29582,34041,38205,36712,45969,45244,50947,54757,61099,64214,73240,73696,80563,96128,93524,100220,109709,113050,127577,133976,151441,199851,180993,207284,231440,243414,270855,295335,327744,365971,396671,426135,495916,520856,549524,576249,589097,602914,646356,669581,748248,932657,1079808,1095909,1082402,1123433,1081065
2729,Obstetrics and Gynecology,Medicine,Health Sciences,0,0,0,0,0,0,0,0,0,0,0,0,0,0,0,0,0,0,0,0,0,0,0,0,0,0,0,0,0,0,0,0,0,0,0,0,0,0,0,0,0,0,0,0,0,0,0,0,0,0,0,0,0,0,0,0,0,0,0,0,0,0,0,0,0,0,0,0,0,0,0,0,0,0,0,0,0,0,0,0,0,0,0,0,0,0,0,0,0,0,0,0,0,0,0,0,0,0,0,0,0,0,0,0,0,0,0,0,0,0,0,0,0,0,0,0,0,0,0,0,0,0,0,0,0,0,0,0,0,0,0,0,0,0,0,1,0,0,0,0,0,0,0,1,0,0,0,0,0,0,1,0,1,0,0,0,0,0,1,0,4,0,1,0,1,0,1,0,1,1,0,1,1,0,0,0,4,2,0,1,1,2,5,1,2,2,2,4,3,9,14,4,8,4,6,15,8,9,25,21,19,26,41,36,34,32,44,36,40,30,35,36,38,56,123,25,12,19,20,24,56,64,79,84,97,161,182,212,304,308,790,496,354,381,301,338,457,452,481,437,481,455,371,383,373,382,654,643,775,865,1123,1169,1326,1320,1520,1740,1537,1648,1555,2088,1873,2118,2643,2108,2381,2665,2761,3715,3485,3621,5159,3935,4091,4310,5239,5337,5911,6683,6788,8055,8434,8931,9958,10657,11336,11992,13125,15074,15812,17340,18921,21340,20019,22515,24342,29438,30637,34765,40061,43199,70205,58880,64582,72369,82150,86814,97823,112229,123560,137772,156586,165830,189220,201568,219829,239542,237491,281902,282106,324916,420441,469453,488697,491285,450525,432334
2730,Oncology,Medicine,Health Sciences,0,0,0,0,0,0,0,0,0,0,0,0,0,0,0,0,0,0,0,0,0,0,0,0,0,0,0,0,0,0,0,0,0,0,0,0,0,0,0,0,0,0,0,0,0,0,0,0,0,0,0,0,0,2,0,0,0,0,0,0,0,0,0,0,0,0,0,0,0,0,0,0,0,0,0,0,0,0,0,0,0,0,0,0,0,0,0,0,0,0,0,0,0,0,0,0,0,0,0,0,1,0,1,2,1,0,2,0,0,0,0,1,0,0,0,0,1,28,0,2,0,0,0,2,0,0,0,0,0,0,0,0,0,0,0,0,4,0,0,0,0,0,0,0,2,0,0,2,0,0,0,0,1,0,1,2,0,0,4,1,0,0,1,0,1,0,0,1,2,2,4,0,8,12,5,6,0,6,8,9,10,7,5,12,8,17,10,6,22,24,11,13,20,31,31,36,47,31,40,53,101,59,74,65,171,261,99,104,117,124,125,283,188,215,186,122,90,89,115,117,193,184,255,308,313,404,551,513,603,792,837,873,893,1058,779,894,1109,1074,1230,1380,1365,1211,1118,932,926,724,760,1060,1510,1753,2230,2436,2752,3358,3908,4187,4897,4570,5407,6059,7080,7492,8062,10075,10481,12611,13439,15479,15708,18314,21869,24253,27348,30373,37110,40617,46085,50082,54580,61419,64213,70861,78932,82381,90939,96404,100554,108591,116166,133247,141676,158493,171982,182640,207541,237944,270060,308393,341387,389606,458437,462598,507936,575663,600388,658386,720922,773743,840426,897159,993845,1067746,1168535,1243752,1317215,1353177,1387801,1486238,1542462,1736689,2228468,2524443,2542248,2595699,2576321,2563047
2731,Ophthalmology,Medicine,Health Sciences,0,0,0,0,0,0,0,0,0,0,0,0,0,0,0,0,0,0,0,0,0,0,0,0,0,0,0,0,0,0,0,0,0,0,0,0,0,0,0,0,0,0,0,0,0,0,0,0,0,0,0,0,0,0,0,0,0,0,0,0,0,0,0,0,0,0,0,0,0,0,0,0,0,0,0,0,0,0,0,0,0,0,0,0,0,0,0,0,0,0,0,0,0,0,0,0,0,0,0,0,0,0,0,0,0,0,0,0,0,0,0,0,0,0,0,0,0,0,0,0,1,0,0,0,10,0,0,0,0,0,0,0,0,0,0,0,1,0,1,0,0,0,0,0,1,1,0,0,1,1,0,0,0,1,1,0,0,1,2,1,0,1,2,4,5,4,2,3,6,4,24,3,3,5,7,4,9,2,5,7,3,14,15,17,12,12,16,17,16,26,11,13,110,19,39,49,33,54,63,40,82,61,90,70,78,129,98,81,104,138,137,154,137,163,93,60,109,100,164,226,235,318,437,262,345,345,374,619,660,589,1355,1061,1057,790,618,606,920,807,975,856,970,990,900,943,1085,702,679,879,1066,1381,1527,2107,1898,2173,2275,2966,2989,2983,3692,3642,6611,4116,4143,4855,4434,5320,5703,5773,6056,6246,7623,6838,7295,10652,7781,7928,9233,11657,11437,13595,16299,16128,16106,19506,21188,22540,24637,27103,29364,33305,32494,35241,38259,43261,37093,41464,43356,52825,53735,58583,83252,74462,83518,95808,105772,117904,135521,144148,179752,173533,197372,196107,220829,234249,260980,265395,279282,291242,288378,327798,426567,464521,452060,436251,439782,420173
2732,Orthopedics and Sports Medicine,Medicine,Health Sciences,0,0,0,0,0,0,0,0,0,0,0,0,0,0,0,0,0,0,0,0,0,0,0,0,0,0,0,0,0,0,0,0,0,0,0,0,0,0,0,0,0,0,0,0,0,0,0,0,0,0,0,0,0,0,0,0,0,0,0,0,0,0,0,0,0,0,0,0,0,0,0,0,0,0,0,0,0,0,0,0,0,0,0,0,0,0,0,0,0,0,0,0,0,0,0,0,0,0,0,0,0,0,0,0,0,0,0,0,0,0,0,0,0,0,0,0,0,0,0,0,0,0,0,1,0,0,0,0,0,0,0,0,0,0,0,0,0,0,0,0,0,0,0,0,0,0,0,0,0,0,0,0,0,0,0,0,0,0,0,0,0,0,0,0,1,0,0,0,0,0,0,0,0,0,0,0,0,0,2,4,2,0,1,18,0,0,1,5,5,1,0,0,1,1,1,0,2,1,4,1,8,5,6,9,6,13,9,5,7,12,17,13,11,12,9,22,15,4,13,18,25,18,30,39,42,65,60,76,79,106,110,135,121,123,156,138,175,215,194,171,200,167,143,128,122,82,122,139,159,187,244,287,357,476,429,533,622,637,714,857,1041,930,1138,1254,1465,2041,1825,2092,2439,2446,2934,2720,3125,3346,3523,3284,4188,4508,4500,4903,5724,6760,7211,8148,9639,10007,11562,12515,13468,17434,19890,19526,23083,25667,30431,32579,37050,43923,48843,51862,76684,70735,75539,93246,101472,117699,133541,141674,172714,180583,204745,227453,236776,270928,289468,297106,297823,319855,347240,374727,458965,497177,480400,485420,498020,498394
2733,Otorhinolaryngology,Medicine,Health Sciences,0,0,0,0,0,0,0,0,0,0,0,0,0,0,0,0,0,0,0,0,0,0,0,0,0,0,0,0,0,0,0,0,0,0,0,0,0,0,0,0,0,0,0,0,0,0,0,0,0,0,0,0,0,0,0,0,0,0,0,0,0,0,0,0,0,0,0,0,0,0,0,0,0,0,0,0,0,0,0,0,0,0,0,0,0,0,0,0,0,0,0,0,0,0,0,0,0,0,0,0,0,0,0,0,0,0,0,0,0,1,0,0,0,0,0,0,0,0,0,0,0,0,0,0,0,0,0,0,0,0,0,0,0,0,0,0,0,0,0,0,0,0,0,0,0,0,0,0,0,0,0,0,0,0,0,0,1,0,0,0,0,0,0,1,0,0,0,0,0,0,0,0,0,0,1,2,1,0,0,2,0,1,3,1,0,1,1,2,1,6,4,6,8,6,3,3,16,16,10,11,10,19,34,29,18,30,13,44,12,18,26,27,27,35,36,15,34,30,91,48,39,41,64,80,82,124,173,164,198,218,181,355,303,247,328,320,439,344,379,434,360,435,381,249,299,583,273,274,367,440,591,617,681,597,627,793,720,770,1107,996,1263,1138,1190,1270,1154,1209,1419,1612,1404,1775,2293,1825,2054,1836,2213,2211,2820,3178,3109,3555,4449,4894,5462,5305,7020,6500,6649,7138,7994,8707,9829,10997,11536,11413,13485,13775,18027,18587,19815,21965,37837,27005,30720,36024,40572,44728,48603,52716,62788,67352,78327,82920,90918,98983,106097,117720,126355,127649,131893,143996,182721,187685,184738,190322,185230,183572
2734,Pathology and Forensic Medicine,Medicine,Health Sciences,0,0,0,0,0,0,0,0,0,0,0,0,0,0,0,0,0,0,0,0,0,0,0,0,0,0,0,0,0,0,0,0,0,0,0,0,0,0,0,0,0,0,0,0,0,0,0,0,0,0,0,0,0,1,0,0,0,0,0,0,0,0,0,0,0,0,0,0,0,0,0,0,0,0,0,0,0,0,0,0,0,0,0,0,0,0,0,0,0,0,0,0,0,0,0,0,0,0,0,0,1,0,1,0,3,0,0,0,0,1,0,0,0,0,0,0,0,0,0,1,0,0,0,0,1,0,0,0,0,0,0,0,1,0,0,2,1,0,0,0,1,0,0,3,2,2,0,1,0,1,0,0,1,0,0,2,2,6,2,0,1,1,2,1,24,2,1,9,2,4,3,12,25,26,18,32,25,40,39,46,49,52,62,65,58,48,44,25,64,55,59,62,79,104,83,70,83,124,119,127,171,127,162,170,153,136,164,174,205,212,208,865,403,302,316,168,223,158,215,189,261,443,501,497,535,601,730,779,1014,1144,1328,1499,1315,1323,1093,1221,1602,1424,1588,1669,1474,1349,1275,1313,1233,921,891,1276,1733,1928,2513,2651,3007,3700,3772,4364,4528,4599,5233,5537,6303,5805,6397,7027,7093,10670,8937,10039,10529,12380,13684,14117,16100,16910,21056,21516,23041,27589,30475,33697,37063,41951,44369,49928,53454,57837,60009,65428,67258,76803,80955,88914,101177,97960,101751,116343,134921,149001,165838,191694,256303,239236,263614,295388,312518,363712,382378,410405,453400,488367,552140,603216,640327,678010,689403,729086,722977,760882,777250,827540,975010,1068663,1073728,1077607,1048295,1010733
2735,"Pediatrics, Perinatology and Child Health",Medicine,Health Sciences,0,0,0,0,0,0,0,0,0,0,0,0,0,0,0,0,0,0,0,0,0,0,0,0,0,0,0,0,0,0,0,0,0,0,0,0,0,0,0,0,0,0,0,0,0,0,0,0,0,0,0,0,0,0,0,0,0,0,0,0,0,0,0,0,0,0,0,0,0,0,0,0,0,0,0,0,0,0,0,0,0,0,0,0,0,0,0,0,0,0,0,0,0,0,0,0,0,0,0,0,0,0,0,0,0,0,0,0,0,0,0,0,0,0,0,0,0,0,0,0,0,0,0,0,0,0,0,0,0,0,1,0,0,0,0,1,0,0,0,1,1,0,0,0,0,0,0,0,1,0,0,1,0,0,1,0,0,1,1,2,1,2,4,5,1,1,1,1,2,5,1,3,2,1,1,2,5,6,3,5,4,7,5,3,7,4,8,7,12,7,15,10,17,18,21,21,23,26,33,36,138,48,76,63,90,101,78,61,62,75,112,194,149,234,266,117,108,166,134,186,302,316,343,465,474,593,643,808,965,952,1256,1139,1415,1310,1277,1337,1490,1556,1696,1992,1767,1817,1458,1424,1426,1225,1299,1867,2004,2472,3232,2936,3433,3915,4337,4881,4993,5454,6213,7186,7605,7784,9689,9765,10668,12987,13612,14886,16855,17740,21621,20158,22215,23463,26425,28788,29938,33138,36771,41169,42509,45472,48688,51613,56878,60843,64674,64435,68030,72146,75109,80775,83493,85070,88896,96846,101350,108094,122524,126562,172589,158983,169652,192788,214639,233436,257416,277411,311673,333322,351693,409679,432800,447475,473644,498644,499892,533707,571885,622176,734706,798779,804950,847748,783157,715909
2736,Pharmacology,Medicine,Health Sciences,0,0,0,0,0,0,0,0,0,0,0,0,0,0,0,0,0,0,0,0,0,0,0,0,0,0,0,0,0,0,0,0,0,0,0,0,0,0,0,0,0,0,0,0,0,0,0,0,0,0,0,0,0,0,0,0,0,0,0,0,0,0,0,0,0,0,0,0,0,0,0,0,0,0,0,0,0,0,0,0,0,0,0,0,0,0,0,0,0,0,0,0,0,0,0,0,0,0,0,0,0,0,0,0,33,0,0,0,0,0,0,0,0,0,0,0,0,0,0,0,0,1,0,0,0,0,0,0,1,0,0,0,0,0,0,0,0,0,0,1,0,0,2,0,0,2,0,0,1,0,0,0,0,0,0,0,1,2,0,1,2,0,0,0,0,1,0,2,1,1,0,0,2,46,1,2,1,2,8,3,2,6,125,2,3,4,8,21,6,12,8,5,13,14,22,19,23,30,32,35,49,43,63,39,35,54,61,46,44,72,93,238,142,94,123,95,70,72,81,88,137,152,175,165,194,243,318,323,349,407,477,484,522,469,470,575,653,795,960,967,866,925,877,864,878,954,1115,1692,1709,2041,2499,2756,2993,3857,3783,4040,4127,4495,5120,5752,6670,6255,6981,9315,8876,13009,10915,14066,12719,13383,16374,18744,19464,22590,26204,29796,32584,39720,40696,45963,50059,55620,58183,65355,67330,71662,73548,76642,82922,83953,86283,91317,95136,89217,91154,102359,109740,118228,131740,142452,170885,175294,199033,227247,246994,286278,308259,335073,361906,382655,426376,448281,485962,514820,549149,565582,575585,603159,637801,714939,879826,949361,964453,975510,996570,985296
2737,Physiology,Medicine,Health Sciences,0,0,0,0,0,0,0,0,0,0,0,0,0,0,0,0,0,0,0,0,0,0,0,0,0,0,0,0,0,0,0,0,0,0,0,0,0,0,0,0,0,0,0,0,0,0,0,0,0,0,0,0,0,0,0,0,0,0,0,0,0,0,0,0,0,0,0,0,0,0,0,0,0,0,0,0,0,0,0,0,0,0,0,0,0,0,0,0,0,0,0,0,0,0,0,0,0,0,0,0,0,0,2,1,0,0,0,0,0,3,0,0,0,0,0,0,0,0,2,0,1,0,0,0,0,0,0,0,0,0,0,0,0,0,0,0,0,0,0,0,2,0,5,0,3,0,0,1,3,1,2,2,1,0,2,3,1,0,1,2,4,0,0,3,2,0,8,4,2,5,8,8,5,24,2,5,7,15,10,10,11,11,21,23,8,20,19,19,17,41,30,46,40,35,55,65,57,94,84,124,229,107,286,180,191,333,180,145,239,213,321,634,386,432,509,293,356,399,355,438,726,833,860,1543,1590,1615,1756,2220,2929,2963,2830,3435,3463,3271,3204,3385,4027,4271,4455,4983,4445,4259,3707,3418,3361,2760,3299,4178,5284,6102,8543,8504,9331,10957,12128,13743,13694,14279,16052,18303,20168,20059,23577,24288,28490,88093,33798,36931,39772,41299,48361,51347,56600,58918,64322,70064,74673,82803,90381,95848,104722,115087,119780,129126,139329,141021,152192,155697,165744,186588,193406,212150,234614,240755,262327,303733,332320,366723,419941,452201,556295,537996,574015,627760,673312,726676,794173,838526,906560,973729,1042696,1110548,1207465,1260187,1339032,1365145,1388011,1417061,1503837,1645403,1995306,2140381,2128411,2157080,2182232,2215674
2738,Psychiatry and Mental health,Medicine,Health Sciences,0,0,0,0,0,0,0,0,0,0,0,0,0,0,0,0,0,0,0,0,0,0,0,0,0,0,0,0,0,0,0,0,0,0,0,0,0,0,0,0,0,0,0,0,0,0,0,0,0,0,0,0,0,0,0,0,0,0,0,0,0,0,0,0,0,0,0,0,0,0,0,0,0,0,0,0,0,0,0,0,0,0,0,0,0,0,0,0,0,0,0,0,0,0,0,0,0,0,0,0,0,0,0,0,0,0,0,0,0,0,0,0,0,0,0,0,1,1,0,0,0,0,0,0,0,1,0,0,0,0,0,0,0,0,0,0,0,0,0,0,1,0,8,0,0,0,0,1,0,0,1,0,0,0,0,0,1,1,6,0,1,0,1,1,1,1,1,2,0,1,8,2,4,5,1,2,2,8,2,7,3,5,5,10,34,1,8,4,0,4,7,12,13,15,15,23,30,15,23,62,319,31,74,43,50,114,60,53,63,91,109,160,154,194,193,76,86,87,113,164,223,241,248,299,340,357,541,362,682,554,577,661,647,516,502,617,860,768,811,1109,989,911,777,734,960,539,690,823,1029,1142,1459,1531,1772,2380,2178,2473,2655,3022,3521,3988,3995,4018,3987,5108,4903,5478,5907,7122,6876,6958,8585,8392,10327,11150,11542,13258,15384,17875,21980,24289,27358,28558,34129,35726,41985,43478,48339,52055,55038,59087,65055,75314,78870,83462,89563,103985,112308,129216,139049,161146,213464,218417,250459,291097,314920,361619,400688,439837,490924,542043,591438,621081,690178,714682,750390,773358,785987,803174,825583,936612,1135669,1175245,1138924,1161999,1206469,1227013
2739,"Public Health, Environmental and Occupational Health",Medicine,Health Sciences,0,0,0,0,0,0,0,0,0,0,0,0,0,0,0,0,0,0,0,0,0,0,0,0,0,0,0,0,0,0,0,0,0,0,0,0,0,0,0,0,0,0,0,0,0,0,0,0,0,0,0,0,0,0,0,0,0,0,0,0,0,0,0,0,0,0,0,0,0,0,0,0,0,0,0,0,0,0,0,0,0,0,0,0,0,0,0,0,0,0,0,0,1,0,0,0,0,0,0,0,1,0,0,2,0,0,0,0,0,0,0,0,0,0,1,0,0,0,0,0,0,1,0,0,0,0,0,1,0,0,1,0,0,0,0,3,0,0,0,0,1,0,1,11,0,0,0,1,2,1,1,1,1,1,2,4,1,3,3,4,6,4,1,12,4,4,6,9,9,11,6,9,15,19,15,22,24,21,47,39,43,49,38,63,46,33,57,83,96,106,88,118,114,131,131,161,170,200,180,190,414,325,438,370,379,412,449,377,446,435,525,791,633,749,1027,425,459,515,527,671,1149,1091,1117,1333,1485,1838,2438,2314,3016,3088,3645,3383,3383,3031,2836,2739,3467,3291,3725,3771,3326,2981,2836,2502,2626,2145,2640,3411,3927,4288,4947,4692,5739,6000,6377,6878,7472,7326,8005,8543,10259,9058,10348,10903,12513,15048,13521,16707,17094,19849,23447,22381,24771,26113,29405,31166,34562,38692,41599,46690,51077,56175,60669,65652,73312,77842,83283,90954,94614,106773,114870,119580,129866,133925,143853,149806,169004,191773,209992,229140,302243,297121,342133,395049,437316,489499,569382,621952,696808,771093,854337,942453,1065169,1141269,1232035,1256569,1311475,1390696,1478551,1662522,2034989,2220803,2165356,2201187,2180161,2137553
2740,Pulmonary and Respiratory Medicine,Medicine,Health Sciences,0,0,0,0,0,0,0,0,0,0,0,0,0,0,0,0,0,0,0,0,0,0,0,0,0,0,0,0,0,0,0,0,0,0,0,0,0,0,0,0,0,0,0,0,0,0,0,0,0,0,0,0,0,0,0,0,0,0,0,0,0,0,0,0,0,0,0,0,0,0,0,0,0,0,0,0,0,0,0,0,0,0,0,0,0,0,0,0,0,0,0,0,0,0,0,0,0,0,0,0,0,1,0,0,0,0,1,0,0,2,0,0,0,0,0,0,0,1,0,0,0,0,0,1,0,0,0,1,0,0,0,0,0,0,0,0,0,0,0,0,1,0,1,0,1,0,0,1,0,0,1,0,0,3,0,2,0,4,2,4,2,1,0,0,1,3,2,1,2,2,3,1,5,6,5,12,4,5,13,15,16,54,8,15,18,16,22,16,34,34,43,20,49,44,33,45,61,84,67,66,82,95,140,135,146,188,166,169,246,240,243,438,322,348,579,280,231,251,235,358,547,658,740,913,912,1197,1572,1543,1835,2297,2387,2590,2661,2665,2529,2561,3224,3161,3826,4055,3741,3277,3318,2804,2585,2252,2593,3479,4769,6046,7649,8791,9685,11086,12054,14864,17222,14900,18313,19443,23277,21624,21996,22985,24686,35268,31025,34448,36583,37716,39517,41720,45792,51210,51519,53815,62733,64551,70581,75069,85501,93008,100540,111089,121861,129860,138435,147041,155881,169263,173430,196223,204612,211697,223635,245838,270000,289597,330321,352909,498999,441035,466210,535359,584925,654447,737662,782525,895457,923662,1024520,1109113,1217800,1273514,1353592,1419062,1427367,1503560,1550283,1686519,2121268,2378316,2369446,2405729,2406658,2378747
2741,"Radiology, Nuclear Medicine and Imaging",Medicine,Health Sciences,0,0,0,0,0,0,0,0,0,0,0,0,0,0,0,0,0,0,0,0,0,0,0,0,0,0,0,0,0,0,0,0,0,0,0,0,0,0,0,0,0,0,0,0,0,0,0,0,0,0,0,0,0,3,0,0,0,0,0,0,0,0,0,0,0,0,0,0,0,0,0,0,0,0,0,0,0,0,0,0,0,0,0,0,0,0,0,0,0,0,0,0,0,0,0,0,0,0,0,1,0,0,0,0,2,0,0,0,0,0,0,0,0,0,0,0,0,4,0,0,0,0,0,0,1,0,0,0,1,1,0,0,0,0,0,2,0,0,1,0,1,0,0,0,0,1,1,0,0,0,0,0,0,0,0,0,3,1,3,1,1,0,0,2,2,0,1,1,0,2,2,6,5,7,4,39,6,7,9,7,11,13,10,11,10,11,5,10,7,21,18,24,56,22,32,19,32,37,28,49,60,56,92,85,95,133,97,92,146,106,136,277,195,210,223,152,131,145,169,208,273,327,363,414,530,579,792,791,1012,1196,1144,1269,1289,1236,1090,1172,1434,1431,1484,1686,1495,1367,1467,1306,1646,1946,1937,2449,2699,3066,3679,4077,4430,5087,5344,6445,6701,7354,7839,9232,11539,11204,11175,12524,14555,16672,18203,20544,21405,23240,26698,28048,31048,33654,37660,41220,44222,48856,52266,57984,67293,74323,86430,96114,110532,124667,132048,145542,155746,167503,173841,180167,190179,184237,198071,205241,216172,221826,247056,259243,293049,280722,319349,339274,361245,406095,449956,482527,526604,563088,618521,671974,720363,766597,798231,830669,847160,860790,894242,985246,1199057,1391228,1360371,1393509,1406176,1417988
2742,Rehabilitation,Medicine,Health Sciences,0,0,0,0,0,0,0,0,0,0,0,0,0,0,0,0,0,0,0,0,0,0,0,0,0,0,0,0,0,0,0,0,0,0,0,0,0,0,0,0,0,0,0,0,0,0,0,0,0,0,0,0,0,0,0,0,0,0,0,0,0,0,0,0,0,0,0,0,0,0,0,0,0,0,0,0,0,0,0,0,0,0,0,0,0,0,0,0,0,0,0,0,0,0,0,0,0,0,0,0,0,0,0,0,0,0,0,0,0,0,0,0,0,0,0,0,0,0,0,0,1,0,0,0,0,0,0,0,0,0,1,0,0,0,0,1,0,0,0,0,0,0,0,0,0,0,0,0,1,0,0,0,1,0,0,3,0,0,0,0,0,1,2,0,2,0,0,4,1,0,1,4,2,2,3,1,4,0,3,6,4,1,2,8,2,4,3,11,5,4,3,10,10,9,5,4,17,11,13,9,23,24,22,39,40,55,27,21,16,31,33,51,58,71,48,25,36,32,38,49,86,98,113,154,132,132,166,212,199,225,204,258,198,236,199,207,346,330,293,283,259,272,248,252,310,194,215,240,322,351,431,458,471,611,561,683,676,728,796,847,1036,878,1046,1099,1095,1503,1382,1461,1590,1717,2326,1845,2199,2469,2347,2497,2694,3184,3131,3415,3605,4210,4830,5422,6130,6531,7245,7773,8730,9885,10855,12442,13529,13381,15214,16757,19404,20670,24254,26439,38286,35354,39184,45136,52048,57887,68658,76112,85524,95714,105435,119419,129688,148114,159897,161975,172583,180689,200393,224737,272095,322272,343157,366068,404956,431665
2743,Reproductive Medicine,Medicine,Health Sciences,0,0,0,0,0,0,0,0,0,0,0,0,0,0,0,0,0,0,0,0,0,0,0,0,0,0,0,0,0,0,0,0,0,0,0,0,0,0,0,0,0,0,0,0,0,0,0,0,0,0,0,0,0,0,0,0,0,0,0,0,0,0,0,0,0,0,0,0,0,0,0,0,0,0,0,0,0,0,0,0,0,0,0,0,0,0,0,0,0,0,0,0,0,0,0,0,0,0,0,0,0,0,0,0,0,0,0,0,0,0,0,0,0,0,0,0,0,0,0,0,0,0,0,0,0,0,0,0,0,0,0,0,0,1,1,0,0,0,0,0,0,1,0,0,0,0,0,0,0,1,1,0,0,0,0,0,0,0,0,1,0,2,0,0,0,0,2,1,0,0,4,0,2,1,4,1,2,2,9,2,7,5,2,3,3,0,2,3,10,6,10,7,23,12,6,7,17,18,16,27,25,14,20,19,19,23,44,36,34,28,37,72,71,92,159,65,54,54,75,85,143,114,149,139,151,177,259,241,336,311,584,424,507,514,407,413,546,592,656,623,636,749,608,524,529,409,568,829,878,1156,1362,1250,1430,1440,1579,1750,1522,1961,1865,2074,2628,2730,3081,3243,3414,3780,3979,4804,5442,6027,7831,7080,8113,9114,11324,12983,13783,15410,19148,19644,21756,25746,27059,28761,33552,34188,35542,40256,39108,43912,45570,49214,52032,51798,54390,56614,61876,71178,80021,81609,105960,97193,111155,123751,131439,143093,163960,172138,187517,215323,214360,238335,261658,276765,287196,288202,283235,305175,325266,360842,418775,459479,467788,477002,474995,464439
2745,Rheumatology,Medicine,Health Sciences,0,0,0,0,0,0,0,0,0,0,0,0,0,0,0,0,0,0,0,0,0,0,0,0,0,0,0,0,0,0,0,0,0,0,0,0,0,0,0,0,0,0,0,0,0,0,0,0,0,0,0,0,0,4,0,0,0,0,0,0,0,0,0,0,0,0,0,0,0,0,0,0,0,0,0,0,0,0,0,0,0,0,0,0,0,0,0,0,0,0,0,0,0,0,0,0,0,0,0,0,0,0,0,1,0,0,0,0,0,0,0,0,0,0,0,0,1,0,0,0,0,0,0,0,0,0,0,0,0,0,0,0,0,1,0,0,0,0,0,0,0,0,0,2,0,0,2,1,0,1,1,0,0,0,1,2,0,0,0,1,3,1,0,1,0,1,4,2,2,1,2,3,6,4,4,12,10,7,17,10,12,8,20,12,18,5,19,26,34,35,39,27,54,34,34,39,68,66,72,83,120,100,171,124,146,169,109,169,168,132,202,315,290,332,310,131,130,185,168,175,302,457,430,547,645,701,898,942,1376,1404,1409,1623,1355,1328,1225,1218,1609,1610,1526,1817,1524,1385,1260,1253,1107,965,1062,1476,1982,2256,2937,3231,3706,4625,4553,5100,5896,5635,6199,7132,8545,7622,8417,9462,9459,13140,10797,12010,12530,12965,15681,14716,16785,17666,19413,20917,22073,24186,24571,27518,28955,33369,34469,39704,39931,43643,45310,48032,52073,57650,61227,63913,68476,71383,78196,85646,91685,103932,116718,131400,191301,170417,190684,223027,255559,282125,313419,338444,367615,404047,430676,469775,501439,522953,546959,559038,569778,575069,585722,634558,756231,814939,790105,797648,825430,797906
2746,Surgery,Medicine,Health Sciences,0,0,0,0,0,0,0,0,0,0,0,0,0,0,0,0,0,0,0,0,0,0,0,0,0,0,0,0,0,0,0,0,0,0,0,0,0,0,0,0,0,0,0,0,0,0,0,0,0,0,0,0,0,0,0,0,0,0,0,0,0,0,0,0,0,0,0,0,0,0,0,0,0,0,0,0,0,0,0,0,0,0,0,0,0,0,0,0,0,0,0,0,0,0,0,0,0,0,0,0,0,0,4,0,0,0,0,0,0,1,1,2,0,0,1,1,0,4,1,2,1,0,0,0,0,2,1,1,2,5,13,0,0,1,0,2,0,1,0,0,4,3,3,1,4,3,4,2,6,6,0,4,4,5,7,13,2,12,7,9,9,9,9,6,9,23,13,15,20,16,25,11,48,67,49,64,67,93,84,112,88,112,121,124,133,132,122,150,174,192,190,223,333,259,318,358,410,528,488,561,587,628,1340,1101,1061,1174,964,937,1281,1127,1418,2908,1791,1993,2115,984,1194,1001,1082,1625,2353,2354,2616,3622,3791,3979,5501,5924,7207,8192,7898,8707,7923,8176,7779,7299,9496,9269,9720,10012,8361,7622,7724,6381,5962,5123,5293,7285,9420,12989,15238,15472,18270,21239,21105,24255,25348,25166,27539,30454,35405,31014,33490,34602,37908,53519,44504,49361,52441,54446,61154,60621,67347,70982,78829,80315,94949,97911,104746,110871,124385,136576,145360,158823,176853,183173,192873,208544,225128,249318,256661,278689,297738,312748,332469,360424,407651,448943,493805,544753,788391,676455,731197,821213,907730,1014637,1132347,1222994,1349796,1429584,1536338,1648006,1798472,1901973,2020317,2099174,2115916,2212210,2246675,2447697,2895417,3167907,3086512,3125979,3131118,3021602
2747,Transplantation,Medicine,Health Sciences,0,0,0,0,0,0,0,0,0,0,0,0,0,0,0,0,0,0,0,0,0,0,0,0,0,0,0,0,0,0,0,0,0,0,0,0,0,0,0,0,0,0,0,0,0,0,0,0,0,0,0,0,0,1,0,0,0,0,0,0,0,0,0,0,0,0,0,0,0,0,0,0,0,0,0,0,0,0,0,0,0,0,0,0,0,0,0,0,0,0,0,0,0,0,0,0,0,0,0,0,0,0,0,0,0,0,0,0,0,0,0,0,0,0,0,0,0,0,0,0,0,0,0,0,0,0,0,0,0,0,0,0,0,0,0,0,0,0,0,0,0,0,0,0,0,0,0,0,0,0,0,0,0,0,0,0,0,0,0,0,0,0,0,0,0,0,0,0,0,0,0,0,0,0,0,0,0,0,0,0,0,0,0,0,0,0,0,0,1,0,0,0,0,0,0,0,0,1,2,1,8,1,0,3,6,3,4,1,4,6,12,9,10,23,12,8,3,9,8,11,9,17,14,33,39,59,67,66,73,95,48,56,48,61,75,43,42,57,40,44,34,40,20,33,21,26,34,28,30,55,75,72,95,118,108,193,240,224,271,357,463,432,776,735,901,930,1002,932,996,1299,1496,1575,1732,1617,1805,1577,2019,1938,1977,2202,2022,2765,2603,2862,3438,3227,3382,3887,4489,5740,5475,6858,6283,6463,7128,7490,10257,11464,14119,15207,20370,21849,21407,24174,30020,33415,34731,38040,40149,43039,46425,48324,49829,48988,58087,56723,58056,55102,56266,62404,64554,70862,66358,65885,67053,62366
2748,Urology,Medicine,Health Sciences,0,0,0,0,0,0,0,0,0,0,0,0,0,0,0,0,0,0,0,0,0,0,0,0,0,0,0,0,0,0,0,0,0,0,0,0,0,0,0,0,0,0,0,0,0,0,0,0,0,0,0,0,0,0,0,0,0,0,0,0,0,0,0,0,0,0,0,0,0,0,0,0,0,0,0,0,0,0,0,0,0,0,0,0,0,0,0,0,0,0,0,0,0,0,0,0,0,0,0,0,0,0,0,0,0,0,0,0,0,0,0,0,0,0,0,0,0,0,1,0,0,0,0,0,0,0,0,0,0,1,0,0,0,0,0,0,0,0,0,0,0,0,1,0,2,0,0,0,0,0,0,0,0,0,1,0,0,1,1,0,0,1,0,0,3,0,0,1,0,1,0,0,4,1,1,1,2,5,2,2,5,6,9,5,7,5,13,4,12,7,18,11,12,14,26,17,17,25,20,30,33,39,59,30,44,60,40,64,48,39,76,103,82,89,115,86,80,103,89,128,130,189,179,184,273,276,339,326,580,451,525,532,526,471,623,565,619,673,615,693,608,569,499,504,501,424,516,666,893,901,1018,1047,1258,1270,1513,1562,1660,1634,2259,2171,2202,2367,3137,2421,2815,3542,3788,3498,4821,3920,4598,4417,5074,5660,5791,6238,6248,7302,8081,7706,8717,9739,9998,11023,10733,11226,11984,12778,12912,13740,15705,15509,17142,17688,18473,22939,24522,25982,30966,31353,47249,39513,43450,48164,55219,56142,71770,73818,81319,87750,89785,100891,117810,116587,122461,127266,123233,130942,134931,147637,171092,185123,191920,200026,196293,194085
2802,Behavioral Neuroscience,Neuroscience,Life Sciences,0,0,0,0,0,0,0,0,0,0,0,0,0,0,0,0,0,0,0,0,0,0,0,0,0,0,0,0,0,0,0,0,0,0,0,0,0,0,0,0,0,0,0,0,0,0,0,0,0,0,0,0,0,0,0,0,0,0,0,0,0,0,0,0,0,0,0,0,0,0,0,0,0,0,0,0,0,0,0,0,0,0,0,0,0,0,0,0,0,0,0,0,0,0,0,0,0,0,0,0,0,0,0,0,0,0,0,0,0,0,0,0,0,0,0,0,0,0,0,0,0,0,0,0,0,0,0,0,0,0,0,0,0,0,0,0,0,0,0,0,0,0,0,1,0,0,0,1,0,0,0,0,0,0,0,0,0,0,0,0,0,0,0,0,0,0,0,0,0,0,0,0,0,0,0,0,0,0,0,0,0,0,0,1,0,0,0,0,0,0,0,2,0,0,1,0,0,0,0,1,0,0,2,0,1,1,0,1,1,2,3,6,1,2,2,1,3,3,1,2,12,7,5,3,8,1,14,24,18,14,43,23,52,39,38,62,61,55,58,69,105,111,93,56,72,60,75,72,91,109,229,327,295,454,387,449,400,419,501,529,636,660,827,967,1144,2083,1715,1775,2314,2408,2736,3280,3784,3995,3666,5265,5175,5745,6444,7504,7363,8819,9852,10062,11593,12939,14261,15666,17208,18719,19778,20091,20912,22695,23141,24511,25586,29379,34699,37016,42103,47270,51223,58119,59413,65823,74198,77572,81793,91221,95852,108105,112009,117344,126386,123130,129589,124387,130393,134755,156986,159038,152716,149676,145554,140456
2803,Biological Psychiatry,Neuroscience,Life Sciences,0,0,0,0,0,0,0,0,0,0,0,0,0,0,0,0,0,0,0,0,0,0,0,0,0,0,0,0,0,0,0,0,0,0,0,0,0,0,0,0,0,0,0,0,0,0,0,0,0,0,0,0,0,0,0,0,0,0,0,0,0,0,0,0,0,0,0,0,0,0,0,0,0,0,0,0,0,0,0,0,0,0,0,0,0,0,0,0,0,0,0,0,0,0,0,0,0,0,0,0,0,0,0,0,0,0,0,0,0,0,0,0,0,0,0,0,0,0,0,0,0,0,0,0,0,0,0,0,0,0,0,0,0,0,0,0,0,0,0,0,0,0,0,0,0,0,0,0,0,0,0,0,0,0,0,0,0,0,0,0,0,0,0,0,0,0,0,0,0,0,1,0,0,0,0,0,0,0,0,0,0,0,0,0,0,0,0,0,0,1,0,0,0,2,1,0,2,0,0,0,1,9,15,2,4,10,6,2,12,4,2,29,3,4,7,1,6,6,3,6,12,8,10,15,20,13,20,14,23,22,16,24,24,14,19,30,28,21,24,26,16,23,37,28,24,25,11,29,34,99,116,121,118,129,167,204,165,201,205,291,256,363,352,437,460,529,624,698,664,899,912,1019,873,1046,1356,1364,1357,1476,1582,1804,1817,1930,2548,2356,2375,2625,2783,3035,3354,3486,3792,4121,3916,3861,3991,4123,4898,4821,5053,6461,6743,7184,8429,9890,9417,11092,12991,15725,17467,20467,23600,25837,32240,35625,40234,49416,52712,55580,63215,70736,90905,112093,117426,121929,131326,144043
2804,Cellular and Molecular Neuroscience,Neuroscience,Life Sciences,0,0,0,0,0,0,0,0,0,0,0,0,0,0,0,0,0,0,0,0,0,0,0,0,0,0,0,0,0,0,0,0,0,0,0,0,0,0,0,0,0,0,0,0,0,0,0,0,0,0,0,0,0,0,0,0,0,0,0,0,0,0,0,0,0,0,0,0,0,0,0,0,0,0,0,0,0,0,0,0,0,0,0,0,0,0,0,0,0,0,0,0,0,0,0,0,0,0,0,0,1,0,0,0,0,0,0,0,0,0,0,0,0,0,0,0,0,2,0,0,0,0,0,0,0,0,0,0,1,0,0,0,0,0,0,0,0,0,0,0,0,0,0,1,0,0,0,0,0,0,0,0,1,1,0,1,0,0,1,1,0,0,1,0,3,1,1,4,5,0,3,1,3,5,7,4,9,7,5,3,1,8,31,16,4,3,9,12,12,3,19,27,20,19,15,26,37,50,44,37,50,87,105,97,66,77,74,95,82,86,117,220,143,181,188,80,154,205,143,234,404,294,291,359,375,368,718,633,715,902,864,932,1100,848,870,877,1373,1141,1242,1549,1076,1021,999,841,738,641,757,979,1172,1374,2006,1953,2306,2963,2889,3753,4054,5007,5785,6574,7832,9533,10155,12827,15078,17512,19797,23174,24542,28282,32021,39929,47689,54290,59667,69058,75559,92020,98805,115098,132024,148344,160249,167231,184236,195069,220729,227536,246285,272185,284270,303246,336346,328674,333770,394913,383641,418683,444264,472618,512537,495940,539959,585296,596705,614332,665173,694237,719500,730920,773297,823939,865101,871038,908307,866825,854019,866806,900635,933425,1075886,1108892,1046145,1021465,1036480,1010070
2805,Cognitive Neuroscience,Neuroscience,Life Sciences,0,0,0,0,0,0,0,0,0,0,0,0,0,0,0,0,0,0,0,0,0,0,0,0,0,0,0,0,0,0,0,0,0,0,0,0,0,0,0,0,0,0,0,0,0,0,0,0,0,0,0,0,0,0,0,0,0,0,0,0,0,0,0,0,0,0,0,0,0,0,0,0,0,0,0,0,0,0,0,0,0,0,0,0,0,0,0,0,0,0,0,0,0,0,0,0,0,0,0,0,0,0,0,0,0,0,0,0,0,0,0,0,0,0,0,0,0,0,0,0,0,0,0,0,0,0,0,0,0,0,0,0,0,0,0,2,0,0,0,0,0,1,1,0,1,0,18,0,1,1,0,0,3,0,2,1,0,0,1,0,3,0,2,0,0,0,1,0,0,4,1,1,1,4,3,4,3,1,2,1,4,14,2,5,23,3,3,3,5,14,20,11,22,19,19,24,16,21,41,35,37,60,110,62,39,143,57,94,76,71,86,113,96,164,123,67,114,153,91,92,3393,199,201,211,205,303,362,340,462,514,533,622,731,689,815,844,1002,1301,1273,1278,978,1222,914,799,988,694,819,954,1141,1612,1870,2196,2482,3185,3262,3585,3737,4312,5048,5701,6106,7507,8070,9067,11949,13684,16512,18831,21092,22325,26168,28934,34608,39515,39883,43078,47731,54193,63173,89936,89081,93288,91101,98518,105202,112258,126957,131169,134493,146120,169469,161043,228710,181892,207828,220830,239308,241551,267016,291931,341245,374666,441739,509722,521105,621973,683465,742892,843732,916872,1013097,1136309,1226720,1366110,1436929,1484828,1477020,1598535,1716713,1987555,2212658,2370274,2258542,2337690,2373320,2312057
2806,Developmental Neuroscience,Neuroscience,Life Sciences,0,0,0,0,0,0,0,0,0,0,0,0,0,0,0,0,0,0,0,0,0,0,0,0,0,0,0,0,0,0,0,0,0,0,0,0,0,0,0,0,0,0,0,0,0,0,0,0,0,0,0,0,0,0,0,0,0,0,0,0,0,0,0,0,0,0,0,0,0,0,0,0,0,0,0,0,0,0,0,0,0,0,0,0,0,0,0,0,0,0,0,0,0,0,0,0,0,0,0,0,0,0,0,0,0,0,0,0,0,0,0,0,0,0,0,0,0,2,0,0,0,0,0,0,0,0,0,0,0,0,0,0,0,0,0,0,0,0,0,0,0,0,0,0,0,0,0,0,0,0,1,0,0,0,0,0,0,0,0,0,0,0,0,0,0,0,0,0,0,0,0,0,0,0,0,0,0,0,0,0,0,0,1,3,1,1,0,0,1,1,0,4,0,2,2,2,1,1,4,1,1,4,3,0,0,1,4,2,5,3,2,5,4,8,6,5,5,3,7,7,22,15,23,9,20,30,38,34,39,45,50,57,81,65,61,51,113,77,76,118,92,84,85,103,90,67,68,81,108,143,215,216,263,312,353,406,517,527,525,582,720,835,873,995,1233,1480,1829,1774,2025,2169,2297,2691,3306,3834,3665,4371,4347,5355,5784,6045,7112,7800,8787,9202,10149,10201,12478,12158,13342,13303,15120,16011,17019,17260,17695,24060,20640,25144,25845,28386,33169,35275,43563,49880,53556,58031,70128,74208,81210,86397,95871,103099,109430,114398,115705,113625,115876,118560,114281,123615,138174,141310,131506,129990,124156,121051
2807,Endocrine and Autonomic Systems,Neuroscience,Life Sciences,0,0,0,0,0,0,0,0,0,0,0,0,0,0,0,0,0,0,0,0,0,0,0,0,0,0,0,0,0,0,0,0,0,0,0,0,0,0,0,0,0,0,0,0,0,0,0,0,0,0,0,0,0,0,0,0,0,0,0,0,0,0,0,0,0,0,0,0,0,0,0,0,0,0,0,0,0,0,0,0,0,0,0,0,0,0,0,0,0,0,0,0,0,0,0,0,0,0,0,0,0,0,0,0,0,0,0,0,0,0,0,0,0,0,0,0,0,0,0,0,0,0,0,0,0,0,0,0,0,0,0,0,0,0,0,0,0,0,0,0,0,0,0,0,0,0,0,0,0,0,0,0,0,0,0,0,0,0,0,0,0,0,0,0,0,0,0,0,0,0,0,0,1,0,0,0,0,2,1,0,0,3,1,2,0,0,1,1,3,1,2,17,1,2,2,5,1,4,8,9,10,5,19,14,11,15,15,18,14,17,29,64,46,50,48,42,25,40,40,74,95,78,82,165,131,136,147,189,226,306,290,310,308,290,249,300,306,419,390,437,390,386,377,290,271,182,219,284,373,484,616,560,724,977,968,1170,1047,1293,1431,1505,1778,1997,2009,2479,2973,5014,3991,4309,4891,5019,5747,6489,7515,8254,8382,10087,11183,12737,14483,16595,17818,23309,21876,24754,24183,25558,34081,28851,30286,32452,33194,35382,42324,37344,38356,42809,46958,54304,69151,75112,90478,97566,106600,122434,129987,143476,160411,165266,165994,182266,197943,204565,222813,232060,241868,224338,227750,234716,238506,252736,291033,312175,299986,290255,283103,282557
2808,Neurology,Neuroscience,Life Sciences,0,0,0,0,0,0,0,0,0,0,0,0,0,0,0,0,0,0,0,0,0,0,0,0,0,0,0,0,0,0,0,0,0,0,0,0,0,0,0,0,0,0,0,0,0,0,0,0,0,0,0,0,0,0,0,0,0,0,0,0,0,0,0,0,0,0,0,0,0,0,0,0,0,0,0,0,0,0,0,0,0,0,0,0,0,0,0,0,0,0,0,0,0,0,0,0,0,0,0,0,0,0,0,1,0,0,0,0,0,0,0,0,0,0,0,0,0,0,0,1,0,0,0,0,0,0,0,0,0,0,1,0,0,0,0,1,0,0,0,0,1,1,1,2,0,0,2,0,1,0,0,0,0,0,1,0,0,1,0,0,0,0,1,1,5,1,3,3,1,3,1,7,4,10,7,3,12,7,5,11,9,12,9,23,15,13,23,16,12,60,22,21,34,49,44,45,54,87,74,113,135,77,187,120,129,140,120,114,152,158,261,285,255,330,266,132,180,163,193,221,352,355,395,529,548,549,772,746,1018,1093,1006,1292,1158,981,1072,1034,1757,1434,1166,1465,1222,997,1064,1002,956,766,810,972,1149,1407,1710,1774,1957,2669,2340,2625,2685,3197,3344,3408,4172,4088,4445,4421,5381,6061,6678,8089,8460,9118,10030,11732,14413,14446,16218,16418,16750,19974,20894,23409,25616,29007,27062,27684,31384,29462,31484,32717,35445,37006,37460,40043,111306,41638,44412,49460,68868,57469,62934,65141,78616,76480,96151,100086,103254,113053,122184,133430,144082,158071,172362,195279,216685,235879,260180,270057,284355,303819,336533,397565,477726,566227,586068,618940,668015,717576
2809,Sensory Systems,Neuroscience,Life Sciences,0,0,0,0,0,0,0,0,0,0,0,0,0,0,0,0,0,0,0,0,0,0,0,0,0,0,0,0,0,0,0,0,0,0,0,0,0,0,0,0,0,0,0,0,0,0,0,0,0,0,0,0,0,0,0,0,0,0,0,0,0,0,0,0,0,0,0,0,0,0,0,0,0,0,0,0,0,0,0,0,0,0,0,0,0,0,0,0,0,0,0,0,0,0,0,0,0,0,0,0,0,0,0,0,0,0,0,0,0,0,0,0,0,0,0,0,0,0,0,0,0,0,0,0,0,0,0,0,0,0,0,0,0,0,0,0,0,0,0,0,0,0,0,0,0,0,0,0,0,0,0,0,0,0,0,0,0,0,0,0,0,0,0,0,0,0,1,1,0,0,0,0,0,2,0,0,0,0,0,0,1,1,0,1,1,1,2,0,2,4,3,2,3,2,3,1,4,3,3,4,16,4,6,4,5,5,8,13,3,11,16,18,14,8,7,11,12,21,20,41,93,33,64,35,42,55,60,105,67,96,78,83,140,125,148,147,186,205,265,192,138,178,174,146,140,99,90,137,154,226,302,263,304,491,452,543,551,565,704,774,986,1047,1263,1314,1606,1812,1985,2512,2523,2678,3267,3905,3930,4642,5404,5740,5557,6783,7547,8019,9218,9989,10761,12181,13018,12453,15193,15284,16593,17380,19716,21401,25639,23478,25714,27265,31015,34199,37716,40748,50476,46781,56771,65898,70171,76601,91737,99274,108482,111875,125893,129494,141092,144847,163011,161499,159031,163450,171947,192756,242827,258436,239491,233808,242051,220542
2910,"Issues, ethics and legal aspects",Nursing,Health Sciences,0,0,0,0,0,0,0,0,0,0,0,0,0,0,0,0,0,0,0,0,0,0,0,0,0,0,0,0,0,0,0,0,0,0,0,0,0,0,0,0,0,0,0,0,0,0,0,0,0,0,0,0,0,0,0,0,0,0,0,0,0,0,0,0,0,0,0,0,0,0,0,0,0,0,0,0,0,0,0,0,0,0,0,0,0,0,0,0,0,0,0,0,0,0,0,0,0,0,0,0,0,0,0,1,0,0,0,0,0,0,0,0,0,0,0,0,0,0,0,0,0,0,0,0,0,0,0,0,0,0,0,0,0,0,0,0,0,0,0,1,0,0,0,0,0,0,0,0,0,0,0,0,0,0,1,0,0,0,0,0,0,1,0,0,0,0,0,0,0,0,0,0,0,0,0,1,0,0,2,0,0,0,0,0,0,0,1,0,0,0,1,3,0,0,1,2,2,1,0,4,1,2,7,1,4,6,3,0,3,2,4,3,5,3,2,1,0,3,2,5,5,1,7,0,3,2,8,3,7,13,15,18,18,9,8,11,19,10,17,19,29,22,14,13,19,18,19,19,28,30,36,39,51,47,39,50,48,51,66,64,73,75,84,128,139,138,156,220,305,200,257,289,331,335,404,398,553,540,736,777,896,1112,1013,1152,1446,1768,1780,2161,2398,2595,3153,3343,3579,3626,3865,4533,5098,5226,5558,5326,6594,6456,6577,6897,7395,8238,9326,9965,11114,12569,13361,14858,16412,17507,18106,18251,16395,15910,15652,18466,21658,22402,19963,21377,19549,16861
2911,Leadership and Management,Nursing,Health Sciences,0,0,0,0,0,0,0,0,0,0,0,0,0,0,0,0,0,0,0,0,0,0,0,0,0,0,0,0,0,0,0,0,0,0,0,0,0,0,0,0,0,0,0,0,0,0,0,0,0,0,0,0,0,0,0,0,0,0,0,0,0,0,0,0,0,0,0,0,0,0,0,0,0,0,0,0,0,0,0,0,0,0,0,0,0,0,0,0,0,0,0,0,0,0,0,0,0,0,0,0,0,0,0,0,0,0,0,0,0,0,0,0,0,0,0,0,0,0,0,0,0,0,0,0,0,0,0,0,0,0,0,0,0,0,0,0,0,0,0,0,0,0,0,0,0,0,0,0,0,0,0,0,0,0,0,0,0,0,0,0,0,0,0,0,0,0,0,0,0,0,0,0,0,0,0,0,0,0,0,0,0,0,0,0,0,0,0,0,0,0,0,0,0,0,0,0,0,0,0,0,0,0,0,0,0,0,0,0,0,0,0,0,0,0,0,0,2,0,0,0,0,0,2,0,0,0,0,0,1,3,1,3,1,2,1,2,2,7,1,3,8,15,5,13,12,10,12,16,16,14,25,20,22,32,23,15,35,16,26,16,27,33,43,35,40,32,52,51,79,59,78,72,76,68,90,97,118,108,131,141,139,154,138,146,199,182,219,231,265,258,288,284,320,301,332,389,361,396,383,428,492,498,512,637,630,673,821,1044,1168,1382,1733,2377,2746,4096,4867,5994,6773,5263,5910,7002,8721,9259,9194,10102,10582,9956
2916,Nutrition and Dietetics,Nursing,Health Sciences,0,0,0,0,0,0,0,0,0,0,0,0,0,0,0,0,0,0,0,0,0,0,0,0,0,0,0,0,0,0,0,0,0,0,0,0,0,0,0,0,0,0,0,0,0,0,0,0,0,0,0,0,0,0,0,0,0,0,0,0,0,0,0,0,0,0,0,0,0,0,0,0,0,0,0,0,0,0,0,0,0,0,0,0,0,0,0,0,0,0,0,0,0,0,0,0,0,0,0,0,0,0,2,0,0,0,0,0,0,0,0,0,0,0,0,0,0,1,0,0,0,0,0,0,0,0,0,0,0,0,0,0,1,0,0,1,0,0,0,0,0,0,1,8,0,0,0,0,0,0,0,0,1,0,1,2,0,0,0,1,0,0,0,1,0,0,0,0,0,0,0,3,1,3,0,0,1,2,0,0,2,1,0,2,4,5,2,8,9,3,5,5,4,1,8,4,4,6,5,9,30,16,58,35,95,58,49,25,50,42,103,184,81,101,102,67,89,115,108,134,191,197,315,338,303,367,434,499,640,892,921,1041,1173,1200,1412,1787,2199,2453,3424,3032,3152,2808,2673,2253,2034,2005,1780,2198,2525,3155,3599,3480,3918,4761,5522,5518,5350,5913,6599,7537,8565,9061,10323,10636,11853,22890,13939,15826,15887,17911,20807,21785,23654,23989,26061,27789,30932,34345,38333,41907,45092,49999,51709,58053,60383,61838,69393,71744,74808,83568,82084,91612,91097,90758,97009,103747,107500,115210,127378,135523,166465,163101,179307,202267,218321,235093,263046,288727,301627,353942,363542,412559,461063,490679,532322,535425,549699,572893,620786,691819,859737,955074,962526,992011,1011634,1013486
2922,Research and Theory,Nursing,Health Sciences,0,0,0,0,0,0,0,0,0,0,0,0,0,0,0,0,0,0,0,0,0,0,0,0,0,0,0,0,0,0,0,0,0,0,0,0,0,0,0,0,0,0,0,0,0,0,0,0,0,0,0,0,0,0,0,0,0,0,0,0,0,0,0,0,0,0,0,0,0,0,0,0,0,0,0,0,0,0,0,0,0,0,0,0,0,0,0,0,0,0,0,0,0,0,0,0,0,0,0,0,0,0,0,0,0,0,0,0,0,0,0,0,0,0,0,0,0,0,0,0,0,0,0,0,0,0,0,0,0,0,0,0,0,0,0,0,0,0,0,0,0,0,0,0,0,0,0,0,0,0,0,0,0,0,0,0,0,0,0,0,0,0,0,0,1,0,0,0,0,0,0,0,0,0,0,0,0,0,0,0,0,0,0,0,0,0,0,0,0,0,0,0,0,0,0,0,0,0,0,0,0,0,0,0,0,1,0,0,0,0,0,1,12,0,0,0,0,0,0,0,0,0,0,0,0,0,0,2,0,0,0,0,1,1,0,1,5,0,0,0,2,2,1,2,0,0,2,3,1,0,0,1,0,18,2,2,1,2,3,0,2,0,9,8,13,11,21,28,34,23,47,30,37,44,34,58,72,67,74,60,94,135,147,136,200,233,252,310,387,440,540,594,740,844,958,1185,1501,1549,1888,1899,2583,2660,3053,3493,4310,5124,6882,7933,9999,11185,13492,15211,18663,20773,22319,24818,24313,25942,26258,30286,37388,40786,41292,43185,48341,49441
3003,Pharmaceutical Science,"Pharmacology, Toxicology and Pharmaceutics",Life Sciences,0,0,0,0,0,0,0,0,0,0,0,0,0,0,0,0,0,0,0,0,0,0,0,0,0,0,0,0,0,0,0,0,0,0,0,0,0,0,0,0,0,0,0,0,0,0,0,0,0,0,0,0,0,0,0,0,0,0,0,0,0,0,0,0,0,0,0,0,0,0,0,0,0,0,0,0,0,0,0,0,0,0,0,0,0,0,0,0,0,0,0,0,0,0,0,0,0,0,0,0,0,0,0,0,0,0,0,0,0,0,0,0,0,0,0,0,0,0,0,0,0,0,0,0,0,0,0,0,0,0,0,0,0,0,0,0,0,0,0,0,0,0,0,0,0,0,0,0,0,0,0,0,0,0,0,0,0,0,0,0,0,0,0,0,0,0,0,0,0,0,1,0,0,2,0,2,2,2,1,0,1,3,0,3,2,2,3,2,5,6,5,8,7,20,20,37,14,14,24,32,28,30,53,34,52,30,36,53,62,58,61,211,62,74,72,79,53,59,57,58,70,100,142,129,169,174,210,250,303,316,306,341,381,507,501,548,569,541,826,607,532,563,468,575,347,281,339,522,634,853,1196,1203,1496,1903,2228,2301,2208,2655,2830,3209,3955,4451,4360,5298,6242,7704,7656,8298,8804,9146,10857,11690,11863,12238,12536,12858,12813,13648,14357,13935,15102,15801,17449,17298,19430,19098,19828,18393,20072,20924,23424,25095,23275,24677,26565,33319,34734,33574,33876,35519,40598,42517,44536,51404,56453,65696,72337,78555,87969,101038,115077,134538,153580,170038,189376,194949,205516,218653,229035,252446,308872,341024,349928,368099,384625,392745
3004,Pharmacology,"Pharmacology, Toxicology and Pharmaceutics",Life Sciences,0,0,0,0,0,0,0,0,0,0,0,0,0,0,0,0,0,0,0,0,0,0,0,0,0,0,0,0,0,0,0,0,0,0,0,0,0,0,0,0,0,0,0,0,0,0,0,0,0,0,0,0,0,0,0,0,0,0,0,0,0,0,0,0,0,0,0,0,0,0,0,0,0,0,0,0,0,0,0,0,0,0,0,0,0,0,0,0,0,0,0,0,0,0,0,0,0,0,0,0,0,0,0,0,3,0,0,0,0,0,1,0,0,0,0,0,0,0,0,0,0,0,0,0,0,0,0,0,0,0,0,0,0,0,0,0,0,0,0,2,0,0,0,1,1,0,0,1,2,1,1,0,0,0,0,0,0,2,0,0,2,0,1,4,0,0,0,0,1,0,0,2,6,13,4,4,3,6,2,4,7,16,5,8,10,9,4,7,13,12,9,12,27,16,24,28,21,25,19,36,33,50,57,40,31,44,88,51,68,103,91,410,180,74,100,49,54,61,77,119,134,139,153,169,181,205,213,228,258,323,373,388,452,389,463,480,487,588,706,614,663,559,582,591,464,455,431,628,742,932,1361,1173,1397,2061,2123,2234,2200,2360,2764,3211,3525,3382,3732,4672,4640,6564,5448,6551,7289,7894,9564,10302,10312,11665,12766,14506,15217,17775,19178,20397,22954,23725,25180,28033,27826,27600,30090,29599,30017,33281,35484,36740,35939,35022,35503,40148,40987,46894,50036,52219,60097,60769,66424,75608,84665,93188,100049,109828,115200,130287,144643,151220,175812,177444,183545,185808,184333,190972,199258,220302,261831,296845,302608,303940,300403,291478
3005,Toxicology,"Pharmacology, Toxicology and Pharmaceutics",Life Sciences,0,0,0,0,0,0,0,0,0,0,0,0,0,0,0,0,0,0,0,0,0,0,0,0,0,0,0,0,0,0,0,0,0,0,0,0,0,0,0,0,0,0,0,0,0,0,0,0,0,0,0,0,0,0,0,0,0,0,0,0,0,0,0,0,0,0,0,0,0,0,0,0,0,0,0,0,0,0,0,0,0,0,0,0,0,0,0,0,0,0,0,0,0,0,0,0,0,0,0,0,0,0,0,0,1,0,0,0,0,0,0,0,0,0,0,0,0,0,0,0,0,0,0,0,0,0,0,0,0,0,0,0,0,0,0,0,0,0,0,1,0,0,0,0,0,0,0,0,0,0,0,0,0,0,0,0,0,0,0,0,0,1,1,0,0,0,0,0,0,0,0,0,0,2,0,2,0,0,0,0,1,0,0,0,0,0,1,0,1,0,2,0,1,2,1,4,3,1,0,0,1,2,4,5,2,3,0,0,5,3,4,15,10,9,11,7,11,12,14,16,16,20,10,21,41,16,28,34,30,46,43,44,34,36,33,41,47,53,69,80,95,89,64,79,47,57,57,91,101,146,213,207,205,230,213,246,244,326,358,306,410,417,528,639,717,833,842,1062,953,1096,1332,1738,1727,2045,2100,2487,2255,3165,3148,3207,3185,3772,3840,3993,4870,4770,5838,5161,6053,6872,7855,8083,8626,8514,8669,11984,12302,12680,12461,12995,17532,17071,18166,21947,25058,28531,31146,34313,34113,39378,42494,49099,54359,56007,62120,61528,63475,66397,69716,73607,94920,91154,91454,92385,94429,91228
3102,Acoustics and Ultrasonics,Physics and Astronomy,Physical Sciences,0,0,0,0,0,0,0,0,0,0,0,0,0,0,0,0,0,0,0,0,0,0,0,0,0,0,0,0,0,0,0,0,0,0,0,0,0,0,0,0,0,0,0,0,0,0,0,0,0,0,0,0,0,0,0,0,0,0,0,0,0,0,0,0,0,0,0,0,0,0,0,0,0,0,0,0,0,0,0,0,0,0,0,0,0,0,0,0,0,0,0,0,0,0,0,0,0,0,0,0,0,0,0,0,0,0,0,0,0,0,0,0,0,0,0,0,0,0,0,0,0,0,0,0,0,0,0,0,0,0,0,0,0,0,0,0,0,0,0,0,0,0,0,0,0,0,0,0,0,0,0,0,0,0,0,0,0,0,0,0,0,0,0,0,0,0,0,0,0,0,0,0,0,0,0,0,0,0,0,0,0,0,0,0,0,0,0,0,0,0,0,0,0,0,0,0,0,0,0,0,0,0,0,0,0,0,0,0,0,0,0,0,0,0,0,0,0,2,0,0,0,0,0,0,0,1,0,1,0,0,0,0,0,0,0,2,0,1,0,1,2,1,1,1,1,1,2,1,0,0,2,3,2,5,2,6,8,6,5,9,5,7,7,5,20,14,26,33,49,67,84,87,126,131,142,149,191,213,234,317,376,374,376,486,400,458,509,734,963,1125,1375,1702,1616,2099,1519,1633,2197,2300,2146,2350,2435,2779,3125,3646,4058,4531,5120,5680,4976,5530,6673,7325,8066,9329,10746,12509,14228,16367,16360,20318,20914,23409,25932,29068,31666,29977
3103,Astronomy and Astrophysics,Physics and Astronomy,Physical Sciences,0,0,0,0,0,0,0,0,0,0,0,0,0,0,0,0,0,0,0,0,0,0,0,0,0,0,0,0,0,0,0,0,0,0,0,0,0,0,0,0,0,0,0,0,0,0,0,0,0,0,0,0,0,0,0,0,0,0,0,0,0,0,0,0,0,0,0,0,0,0,0,0,0,0,0,0,0,0,0,0,0,0,0,0,0,0,0,0,0,0,0,0,0,0,0,0,0,1,0,0,1,0,1,0,1,0,1,0,0,0,0,0,0,0,0,0,0,0,0,0,0,1,1,0,1,0,0,1,0,0,3,0,1,0,0,2,1,0,0,0,0,0,0,2,0,1,3,1,27,2,2,0,3,1,2,6,0,3,5,5,3,6,1,0,4,4,7,3,4,7,2,4,6,14,4,19,14,7,5,10,75,31,42,50,31,35,34,39,35,57,30,70,47,48,48,33,95,90,109,75,191,119,97,103,121,123,126,146,133,178,173,250,186,218,212,200,183,156,221,191,409,368,390,406,449,496,598,714,725,850,898,988,1161,1176,1033,1081,1114,1401,1819,1705,1403,1109,1146,727,877,717,1006,1369,1752,2094,2647,3213,2919,3281,3433,4478,5051,5525,5909,6879,8988,10132,12658,14630,16333,19319,21615,28656,29771,32904,41637,48555,48633,53608,61068,60871,58060,60745,58181,70159,72864,76181,79848,86116,84086,94060,94399,103872,105701,109679,117720,131560,112531,122760,130339,145205,165332,221597,246242,284966,314796,397341,421132,492310,543885,603573,696564,713601,785643,867221,894315,1011352,1093555,1132905,1195580,1223957,1435269,1341576,1585052,1696801,1730832,1886160,1696994,1825350,1873866,1857719
3104,Condensed Matter Physics,Physics and Astronomy,Physical Sciences,0,0,0,0,0,0,0,0,0,0,0,0,0,0,0,0,0,0,0,0,0,0,0,0,0,0,0,0,0,0,0,0,0,0,0,0,0,0,0,0,0,0,0,0,0,0,0,0,0,0,0,0,0,0,0,0,0,0,0,0,0,0,0,0,0,0,0,0,0,0,0,0,0,0,0,0,0,0,0,0,0,0,0,0,0,0,0,0,0,0,0,0,0,0,0,0,0,0,0,0,0,0,0,1,0,0,0,0,0,0,0,0,0,0,0,0,0,0,0,0,0,0,0,0,0,0,0,0,0,0,0,0,0,0,0,0,0,0,0,0,0,0,0,0,0,0,1,0,0,0,0,0,1,0,0,0,0,0,0,0,0,0,0,0,0,0,0,0,0,0,74,0,0,0,0,0,0,1,0,0,1,0,0,0,1,1,0,2,0,0,0,0,1,2,0,1,4,3,9,6,26,2,5,9,5,9,7,16,17,18,10,11,14,27,34,25,33,25,17,13,21,31,38,56,75,85,171,135,109,129,143,187,184,234,185,155,186,207,192,236,214,253,230,121,90,105,105,195,270,460,543,654,792,955,1031,1298,1489,1465,1730,2028,2465,3179,3754,5049,7123,7627,9689,12031,13665,14785,16910,18750,20079,23375,26437,25301,27116,30260,31214,32431,36265,40179,43647,45464,50341,55585,56941,79509,100626,124136,132744,148909,145000,152221,168503,157128,167430,174762,174235,187178,193256,205652,211888,224189,217646,270698,262479,259533,263959,261049,268146,280633,301067,315531,330230,344246,369204,374050,381424,430103,479392,514539,498611,532104,505967,503003
3105,Instrumentation,Physics and Astronomy,Physical Sciences,0,0,0,0,0,0,0,0,0,0,0,0,0,0,0,0,0,0,0,0,0,0,0,0,0,0,0,0,0,0,0,0,0,0,0,0,0,0,0,0,0,0,0,0,0,0,0,0,0,0,0,0,0,0,0,0,0,0,0,0,0,0,0,0,0,0,0,0,0,0,0,0,0,0,0,0,0,0,0,0,0,0,0,0,0,0,0,0,0,0,0,0,0,0,0,0,0,0,0,0,0,0,0,0,0,0,0,0,0,0,0,0,0,0,0,0,0,0,0,0,0,0,0,0,0,0,0,0,0,0,0,0,0,0,0,0,0,0,0,0,0,0,0,0,0,0,0,0,0,0,0,0,0,0,0,0,0,0,0,0,0,0,0,0,0,0,0,0,0,0,0,0,0,0,0,0,0,0,0,0,0,0,0,0,0,0,0,0,0,0,0,1,3,0,0,0,0,1,0,1,15,4,0,1,0,1,1,0,3,2,2,2,0,0,0,1,1,1,1,0,0,1,3,6,2,7,3,5,10,3,7,12,9,19,11,4,18,15,17,17,24,16,15,6,4,4,9,21,18,30,33,59,41,42,61,97,132,111,130,137,162,83,206,115,148,192,386,610,559,478,921,796,806,1026,1710,1304,1240,1653,1877,1649,2284,1801,2018,2553,2829,2544,3511,4439,4117,4116,4205,3317,3772,4046,4298,5296,7778,12281,15088,18653,16199,19565,19007,19290,20345,19605,23899,20323,23021,23397,24091,26380,28031,29012,31324,31586,37526,32863,39173,43116,42686,46620,45488,49767,55224,58765
3106,Nuclear and High Energy Physics,Physics and Astronomy,Physical Sciences,0,0,0,0,0,0,0,0,0,0,0,0,0,0,0,0,0,0,0,0,0,0,0,0,0,0,0,0,0,0,0,0,0,0,0,0,0,0,0,0,0,0,0,0,0,0,0,0,0,0,0,0,0,0,0,0,0,0,0,0,0,0,0,0,0,0,0,0,0,0,0,0,0,0,0,0,0,0,0,0,0,0,0,0,0,0,0,0,0,0,0,0,0,0,0,0,0,0,0,0,0,0,0,0,0,0,0,0,0,0,0,0,0,0,0,0,0,0,0,0,0,0,0,0,0,0,0,0,0,0,0,0,0,0,0,0,0,0,1,0,0,0,1,0,0,0,1,0,0,0,0,0,0,1,0,0,0,0,1,0,0,0,0,0,0,0,0,0,0,0,2,0,1,0,0,0,0,0,0,0,0,0,0,0,0,0,0,1,0,0,0,0,0,0,0,0,1,0,4,2,1382,1,5,3,4,6,4,2,5,2,5,11,9,23,9,20,5,9,12,9,9,33,9,12,16,19,20,42,29,39,131,52,75,136,157,252,338,488,682,632,473,495,271,196,296,174,336,555,996,1411,1984,2297,2884,3263,4039,4686,6200,7138,8789,8216,9899,14166,13671,15163,21180,25147,28706,34894,39521,39532,46097,50570,55196,56688,57417,56701,58020,64220,71218,70315,75241,83477,80791,91620,97611,101261,110101,114546,124538,129530,138975,132724,148248,148086,169094,184991,201715,210847,232371,247716,266060,302353,349528,374182,405875,443189,464312,477362,512826,536639,551739,599635,679066,715557,726870,781672,922207,815798,810658,884037,976699,1064088,949706,1016206,933917,927218
3107,"Atomic and Molecular Physics, and Optics",Physics and Astronomy,Physical Sciences,0,0,0,0,0,0,0,0,0,0,0,0,0,0,0,0,0,0,0,0,0,0,0,0,0,0,0,0,0,0,0,0,0,0,0,0,0,0,0,0,0,0,0,0,0,0,0,0,0,0,0,0,0,25,0,0,0,0,0,0,0,0,0,0,0,0,0,0,0,0,0,0,0,0,0,0,0,0,0,0,0,0,0,0,0,0,0,0,0,0,0,0,0,0,0,0,0,0,0,0,0,1,1,0,0,0,1,0,0,0,1,0,0,0,0,0,0,1,0,0,1,0,0,0,0,1,0,0,0,0,0,0,0,0,0,0,0,0,0,0,0,0,0,0,0,1,36,3,1,1,0,1,1,0,1,2,2,2,0,1,1,2,0,1,0,0,1,4,1,3,581,0,7,3,6,4,3,3,0,6,42,40,58,55,65,46,58,49,55,55,88,80,73,86,90,68,96,121,133,105,252,142,189,248,241,250,212,229,186,207,235,335,370,311,241,241,271,212,248,240,462,391,479,526,545,798,1404,1950,1375,1716,1794,1872,2368,2937,2359,2722,2868,2999,3089,3261,2592,2454,1783,1520,1183,1102,1641,2454,3274,4461,5250,6028,7031,7926,9234,11689,12344,13566,15341,16187,19078,22833,27470,31065,37836,45078,50471,62174,71025,76925,88993,97812,108569,116111,121213,127991,137293,143255,148531,158289,165953,177603,187847,199382,207936,229978,241256,257614,281251,299556,315625,355430,382749,398834,417731,418010,476100,477588,503669,537668,555947,629365,673758,701975,736520,897233,920788,979959,1013714,1074512,1085908,1197712,1283684,1338699,1397745,1434262,1534824,1576382,1634255,1757025,1968241,2081442,1992704,2126845,2052930,2021181
3108,Radiation,Physics and Astronomy,Physical Sciences,0,0,0,0,0,0,0,0,0,0,0,0,0,0,0,0,0,0,0,0,0,0,0,0,0,0,0,0,0,0,0,0,0,0,0,0,0,0,0,0,0,0,0,0,0,0,0,0,0,0,0,0,0,0,0,0,0,0,0,0,0,0,0,0,0,0,0,0,0,0,0,0,0,0,0,0,0,0,0,0,0,0,0,0,0,0,0,0,0,0,0,0,0,0,0,0,0,0,0,0,0,0,0,0,0,0,0,0,0,0,0,0,0,0,0,0,0,0,0,0,0,0,0,0,0,0,0,0,0,0,0,0,0,0,0,0,0,0,0,0,0,0,2,0,0,0,0,0,1,0,0,0,0,2,0,0,0,0,0,1,0,0,0,0,1,0,0,1,0,0,0,0,0,0,0,0,0,0,0,1,1,2,0,1,1,1,1,0,0,0,1,2,2,1,3,3,8,6,7,1,35,5,16,15,20,28,11,30,28,30,25,29,57,84,69,58,29,37,47,41,50,87,78,115,139,132,333,526,261,336,365,427,494,853,946,1100,1240,1631,1298,1325,1226,1075,708,578,619,540,838,1219,2205,2753,3868,4284,4536,4512,5270,5898,6672,6640,6819,6865,8613,10124,9278,10175,12040,13572,13664,15737,17055,16588,19923,20653,21087,21656,22179,22500,21888,22443,23454,24468,26035,27174,24820,26382,26736,28188,28464,29250,29144,30244,32180,31121,33991,32436,35348,37753,37295,38427,40273,44755,47657,48094,58636,68986,63529,76225,85970,86126,94751,100602,107452,116893,127583,138079,144087,154143,155367,161590,166828,184359,199759,201736,197899,201446,202544,201888
3109,Statistical and Nonlinear Physics,Physics and Astronomy,Physical Sciences,0,0,0,0,0,0,0,0,0,0,0,0,0,0,0,0,0,0,0,0,0,0,0,0,0,0,0,0,0,0,0,0,0,0,0,0,0,0,0,0,0,0,0,0,0,0,0,0,0,0,0,0,0,1,0,0,0,0,0,0,0,0,0,0,0,0,0,0,0,0,0,0,0,0,0,0,0,0,0,0,0,0,0,0,0,0,0,0,0,0,0,0,0,0,0,0,0,0,0,0,0,0,0,0,0,0,0,1,0,0,0,1,0,0,0,0,0,0,0,0,0,0,0,0,0,0,0,0,0,1,0,0,0,0,0,0,1,0,0,0,1,0,0,0,1,0,0,5,0,1,2,0,0,0,1,2,0,0,1,1,1,2,3,3,4,2,1,1,2,4,6,3,5,2,4,2,6,6,6,10,28,28,31,35,27,32,21,49,60,67,58,39,45,76,59,41,76,78,98,107,129,97,124,132,153,155,117,168,170,149,168,219,258,216,209,177,220,146,186,166,275,229,327,377,358,448,683,883,654,707,740,812,905,1006,936,1013,1036,1127,1204,1196,1004,1044,754,737,566,604,833,1007,1248,1642,1852,2198,2537,2936,3154,3588,3978,4083,4341,4912,6053,6645,6896,8210,9458,10515,11211,13769,14325,15684,17655,19022,20970,21794,22508,23550,25603,26546,29011,30442,33734,35680,38011,38879,42046,44650,47630,51324,56001,60052,64380,68634,74231,77116,82395,90334,96718,105723,110911,116934,125825,141590,177156,182186,193399,234987,259580,279318,301668,327459,349627,385702,417628,456263,488645,492143,527874,540467,587099,627301,689671,771368,696325,715136,714807,686089
3200,General Psychology,Psychology,Social Sciences,0,0,0,0,0,0,0,0,0,0,0,0,0,0,0,0,0,0,0,0,0,0,0,0,0,0,0,0,0,0,0,0,0,0,0,0,0,0,0,0,0,0,0,0,0,0,0,0,0,0,0,0,0,0,0,0,0,0,0,0,0,0,0,0,0,0,0,0,0,0,0,0,0,0,0,0,0,0,0,0,0,0,0,0,0,0,0,0,0,0,0,0,0,0,0,0,0,0,0,0,0,0,0,0,0,0,0,0,0,0,0,0,0,0,0,0,0,0,0,0,0,0,0,0,0,0,0,0,0,0,0,0,0,0,0,0,0,0,0,0,0,0,0,0,0,0,0,0,0,0,0,0,0,0,0,0,0,0,0,0,0,0,0,2,0,1,0,0,0,2,0,1,1,0,2,0,0,0,0,2,5,6,2,1,2,3,2,1,9,1,2,1,6,4,2,6,6,4,10,5,8,12,11,22,9,14,5,15,16,14,20,45,26,55,67,62,69,73,40,54,83,91,86,65,59,104,127,137,172,146,242,225,274,323,337,319,285,413,451,461,433,488,436,351,351,315,378,362,524,472,709,669,727,900,969,1113,1105,1117,1369,1278,1490,1734,1756,2039,2224,2329,2902,2764,3396,3279,3824,3848,3871,4316,4317,4439,5210,5344,6006,7423,7395,8121,8583,7518,9430,8864,9542,9241,9015,9218,9734,9986,11478,12569,10055,10814,10726,11180,12045,11722,14423,15287,17721,24777,19236,21895,21564,22410,24298,26735,27971,31304,33971,33276,35719,33505,32438,33198,35539,40699,46044,38130,34945,35275,30473,24779
3202,Applied Psychology,Psychology,Social Sciences,0,0,0,0,0,0,0,0,0,0,0,0,0,0,0,0,0,0,0,0,0,0,0,0,0,0,0,0,0,0,0,0,0,0,0,0,0,0,0,0,0,0,0,0,0,0,0,0,0,0,0,0,0,0,0,0,0,0,0,0,0,0,0,0,0,0,0,0,0,0,0,0,0,0,0,0,0,0,0,0,0,0,0,0,0,0,0,0,0,0,0,0,0,0,0,0,0,0,0,0,0,0,0,2,0,0,0,0,0,0,0,0,0,0,0,0,0,0,0,0,0,0,0,0,0,0,0,0,0,0,0,0,0,0,0,0,0,0,0,0,0,0,0,0,0,0,0,0,0,0,0,0,0,0,0,0,0,0,0,0,0,0,0,0,0,0,0,0,0,0,0,0,0,1,1,0,0,0,0,3,0,7,0,6,1,4,0,3,11,0,0,3,1,1,2,1,0,0,0,18,3,0,3,1,0,31,4,4,4,1,3,14,4,9,12,6,13,23,17,6,14,17,20,14,9,28,26,29,52,37,58,67,73,62,71,156,93,128,256,180,302,461,403,354,407,400,305,581,587,579,1130,1103,1070,1319,1461,1298,1606,1549,1523,1838,1713,1602,1751,1920,2172,2390,3062,3290,3927,3216,3758,3454,3678,4147,4349,4554,5573,5882,6937,7105,7110,7797,8553,8621,9321,9272,10422,10062,11309,11738,13287,13974,14918,15955,16012,18473,19871,20713,22975,25383,32722,33704,40498,44119,47852,53581,64252,72205,85697,95013,110771,123028,139469,150364,166553,175961,173894,179807,196298,218211,295949,293564,283567,295911,291988,295993
3203,Clinical Psychology,Psychology,Social Sciences,0,0,0,0,0,0,0,0,0,0,0,0,0,0,0,0,0,0,0,0,0,0,0,0,0,0,0,0,0,0,0,0,0,0,0,0,0,0,0,0,0,0,0,0,0,0,0,0,0,0,0,0,0,0,0,0,0,0,0,0,0,0,1,0,0,0,0,0,0,0,0,0,0,0,0,0,0,0,0,0,0,0,0,0,0,0,0,0,0,0,0,0,0,0,0,0,0,0,0,0,0,0,0,0,0,0,0,0,0,0,0,0,0,0,0,0,0,0,0,0,0,0,0,0,0,0,0,0,0,0,0,0,0,0,0,1,0,0,0,0,1,0,0,0,0,3,1,15,0,3,1,1,0,0,1,0,0,2,1,1,0,0,4,5,6,0,1,7,1,0,8,6,2,9,1,1,6,1,1,9,1,12,3,6,7,10,9,8,5,5,9,11,18,24,16,14,36,31,21,41,35,42,41,21,47,149,44,99,51,47,78,147,144,99,162,92,106,117,108,140,285,232,209,223,253,337,467,349,602,505,557,540,614,571,587,644,789,875,932,1235,1150,1234,1057,1016,1321,1080,1176,1501,1662,1802,1989,2069,2576,2853,3466,3869,4101,4399,5477,5931,6395,7075,7059,8921,9456,10815,12932,13754,15506,15402,18790,18782,20621,22133,23062,25070,29507,34380,39452,47295,48096,52734,64732,65170,73627,77485,87542,88200,97613,103428,118242,121014,130585,142552,149657,165458,176923,187558,208722,218957,281905,279106,328160,367332,399665,432894,509126,560970,629226,701907,765782,853545,965371,1035901,1110309,1172614,1169075,1204425,1247199,1379226,1894406,2120730,2135401,2154609,2041811,1932312
3204,Developmental and Educational Psychology,Psychology,Social Sciences,0,0,0,0,0,0,0,0,0,0,0,0,0,0,0,0,0,0,0,0,0,0,0,0,0,0,0,0,0,0,0,0,0,0,0,0,0,0,0,0,0,0,0,0,0,0,0,0,0,0,0,0,0,0,0,0,0,0,0,0,0,0,0,0,0,0,0,0,0,0,0,0,0,0,0,0,0,0,0,0,0,0,0,0,0,0,0,0,0,0,0,0,0,0,0,0,0,0,0,0,0,0,0,3,0,0,0,0,0,0,0,0,0,0,0,0,0,0,0,0,0,0,0,0,0,0,0,0,0,0,0,0,0,0,0,0,0,0,0,0,0,0,0,0,0,0,0,0,0,0,0,0,0,0,0,0,0,0,0,0,0,0,1,0,0,0,0,0,0,0,0,0,0,1,0,0,0,0,0,2,0,5,2,1,4,4,3,2,3,6,3,2,3,2,3,2,3,5,8,5,40,7,4,2,7,43,8,28,12,25,13,51,19,67,66,48,56,81,37,46,1374,68,53,90,56,75,100,178,145,154,192,345,282,414,392,371,446,626,588,613,612,852,602,621,683,463,534,601,717,847,1153,1103,1198,1484,1560,1718,1897,2086,3034,2765,2991,3665,4327,5180,6545,7513,9650,10358,13049,13504,17122,18252,18937,21690,22753,23891,27113,30741,35297,41861,41423,48669,51796,51029,57841,59025,59080,58606,73167,68505,72628,78244,80801,92380,89965,86200,98300,93074,105859,109568,130778,135398,164603,182981,192793,225359,251626,276498,320612,355075,402404,443177,496925,525306,573534,590835,585309,577916,623802,736818,848087,856571,860728,844034,825930,759958
3205,Experimental and Cognitive Psychology,Psychology,Social Sciences,0,0,0,0,0,0,0,0,0,0,0,0,0,0,0,0,0,0,0,0,0,0,0,0,0,0,0,0,0,0,0,0,0,0,0,0,0,0,0,0,0,0,0,0,0,0,0,0,0,0,0,0,0,0,0,0,0,0,0,0,0,0,0,0,0,0,0,0,1,0,0,0,0,0,0,0,0,0,0,0,0,0,0,0,0,0,0,0,0,0,0,0,0,0,0,0,0,0,0,0,0,0,0,0,0,0,0,0,0,0,0,0,0,0,0,0,0,0,0,0,0,0,0,0,0,0,0,2,0,0,0,0,0,0,0,1,0,0,0,0,0,0,2,0,1,0,0,0,0,0,0,0,0,0,0,0,0,0,0,0,2,0,0,0,1,0,0,0,0,0,0,2,3,2,1,1,2,1,0,3,2,16,0,9,5,4,4,6,3,5,5,7,6,16,4,5,14,9,15,10,9,14,18,22,14,106,39,23,30,27,25,74,49,72,103,60,76,100,84,79,1044,111,110,104,119,131,166,180,228,185,334,318,367,453,413,472,549,496,531,738,638,784,543,480,653,472,505,521,606,680,861,862,964,1334,1313,1421,1593,1763,2251,2732,2774,3263,3395,4336,4950,6193,7612,8565,10105,10838,14647,14077,15480,17382,18390,19885,22585,24185,27820,33680,36359,38548,40020,42227,47198,48030,52394,53795,58314,62668,70233,70106,77866,82071,79590,90248,92197,95224,104220,111785,140488,155059,183942,217840,218070,255454,288899,315075,357497,400607,449268,501868,557671,608815,699209,712465,717090,726344,802929,972198,1097521,1129720,1141944,1204678,1190609,1130407
3206,Neuropsychology and Physiological Psychology,Psychology,Social Sciences,0,0,0,0,0,0,0,0,0,0,0,0,0,0,0,0,0,0,0,0,0,0,0,0,0,0,0,0,0,0,0,0,0,0,0,0,0,0,0,0,0,0,0,0,0,0,0,0,0,0,0,0,0,0,0,0,0,0,0,0,0,0,0,0,0,0,0,0,0,0,0,0,0,0,0,0,0,0,0,0,0,0,0,0,0,0,0,0,0,0,0,0,0,0,0,0,0,0,0,0,0,0,0,0,0,0,0,0,0,0,0,0,0,0,0,0,0,0,0,0,0,0,0,0,0,0,0,0,0,0,0,0,0,0,0,0,0,0,0,0,0,0,0,0,0,0,0,0,0,0,0,0,0,1,1,0,0,0,0,0,0,0,0,0,1,0,0,0,0,0,0,0,0,0,0,0,0,0,0,0,0,1,0,2,0,0,0,0,0,0,0,1,1,0,0,1,0,2,1,2,1,0,1,3,0,1,0,2,1,2,2,1,1,1,3,1,3,2,1,4,18,4,3,2,2,5,6,5,7,4,13,13,17,17,13,6,19,18,17,20,26,31,14,18,24,18,16,25,23,36,38,29,54,80,68,95,103,107,134,136,142,182,191,198,264,328,357,402,390,374,597,504,686,690,581,769,1023,1134,1448,1730,2033,2081,2533,2315,2780,2482,2879,2824,3335,3401,4257,4069,4776,4683,4552,5203,5600,5874,6441,6840,7680,8114,9175,11458,10651,12877,14861,15035,17503,19228,20679,22849,25609,26593,29320,30871,30038,30178,30967,37113,43416,49133,45094,43740,42867,45075
3207,Social Psychology,Psychology,Social Sciences,0,0,0,0,0,0,0,0,0,0,0,0,0,0,0,0,0,0,0,0,0,0,0,0,0,0,0,0,0,0,0,0,0,0,0,0,0,0,0,0,0,0,0,0,0,0,0,0,0,0,0,0,0,0,0,0,0,0,0,0,0,0,0,0,0,0,0,0,0,0,0,0,0,0,0,0,0,0,0,0,0,0,0,0,0,0,0,0,1,0,1,0,0,0,0,0,0,0,0,0,1,0,0,0,0,0,0,0,0,0,0,0,0,0,0,0,0,0,0,0,0,0,0,0,0,0,0,0,0,0,0,1,0,0,0,2,0,0,0,0,1,0,0,0,1,1,8,1,1,0,0,0,1,0,3,3,1,1,2,2,0,0,3,2,0,5,0,3,1,5,6,1,2,3,3,7,7,5,11,10,17,30,8,13,12,15,14,17,16,29,21,19,27,29,24,23,17,28,42,48,62,57,61,73,57,121,98,82,87,75,129,189,156,170,212,141,189,183,146,257,1088,302,251,354,351,466,647,589,865,692,819,828,853,871,864,1058,1056,1227,1142,1385,1197,1248,1109,926,994,868,973,1073,1222,1373,1860,1764,2098,2678,2972,3386,3504,3695,4328,4593,5295,5549,5959,7235,8313,10559,11342,12276,14859,15879,18853,19194,21472,24375,26006,27687,30633,35378,39322,50548,48176,55823,62154,61477,68048,69237,76455,81354,86867,90441,96367,100776,116272,118534,119752,132432,139113,150939,166130,179272,219491,230573,278791,315494,343239,383714,450921,508740,572547,665640,732231,817241,917186,1004134,1084174,1122064,1119574,1160633,1299255,1435243,1732866,1776128,1742091,1845600,1761002,1718225
3300,General Social Sciences,Social Sciences,Social Sciences,0,0,0,0,0,0,0,0,0,0,0,0,0,0,0,0,0,0,0,0,0,0,0,0,0,0,0,0,0,0,0,0,0,0,0,0,0,0,0,0,0,0,0,0,0,0,0,0,0,0,0,0,0,0,0,0,0,0,0,0,0,0,0,0,0,0,0,0,0,0,0,0,0,0,0,0,0,0,0,0,0,0,0,0,0,0,0,0,0,0,0,0,0,0,0,0,0,0,0,0,0,0,0,0,0,0,0,0,0,0,0,0,0,0,0,0,0,0,0,0,0,0,0,0,0,0,0,0,0,0,0,0,0,0,0,0,0,0,0,0,0,0,0,0,0,0,0,0,0,0,0,0,0,0,0,0,0,1,0,0,0,0,0,1,0,0,0,0,1,0,0,1,1,1,0,0,0,0,2,0,0,0,0,1,0,1,1,1,0,2,0,0,0,0,1,1,0,1,2,4,2,2,3,6,7,9,7,4,5,6,4,9,9,9,7,6,8,2,7,5,30,6,8,8,12,15,22,16,18,26,26,24,42,34,29,31,31,25,40,50,44,44,29,33,26,29,26,25,45,52,50,67,80,106,84,94,103,99,97,119,123,158,162,191,219,254,320,296,296,416,1085,421,405,422,535,553,561,814,601,676,689,884,924,980,1066,1155,1445,1265,1397,1380,1709,1690,1781,2060,2253,2488,3134,3234,3747,3900,6712,6257,7718,8787,10132,11524,13567,13818,16115,19195,19362,23743,25847,29266,32060,33774,30480,29035,33455,39126,47979,52122,45468,50756,46456,41189
3302,Archeology,Social Sciences,Social Sciences,0,0,0,0,0,0,0,0,0,0,0,0,0,0,0,0,0,0,0,0,0,0,0,0,0,0,0,0,0,0,0,0,0,0,0,0,0,0,0,0,0,0,0,0,0,0,0,0,0,0,0,0,0,0,0,0,0,0,0,0,0,0,0,0,0,0,0,0,0,0,0,0,0,0,0,0,0,0,0,0,0,0,0,0,0,0,0,0,0,0,0,0,0,0,0,0,0,0,0,0,0,0,0,0,0,0,0,0,0,0,0,0,1,0,0,0,0,0,0,0,0,0,0,0,0,0,0,0,0,0,0,0,0,0,0,0,0,0,0,0,0,0,0,0,0,0,0,0,2,0,0,0,0,0,1,1,0,0,0,0,0,0,0,0,0,0,0,1,1,0,0,2,2,0,0,1,1,1,1,2,4,2,2,6,1,1,1,4,5,3,1,2,7,5,5,6,5,11,7,6,6,9,8,24,9,20,12,16,25,10,55,33,30,25,33,24,19,11,21,14,130,29,35,25,33,33,57,38,47,91,52,53,47,64,51,66,96,88,66,119,72,57,52,48,35,37,51,54,57,86,99,117,115,115,125,166,176,175,151,223,199,226,273,241,286,313,338,287,335,408,487,571,620,587,556,920,681,1210,853,1488,770,750,2080,1029,953,963,1183,1469,1262,1289,1445,1574,1817,1872,1920,1815,2035,2012,2121,2204,3157,2499,2997,3143,4091,5532,4517,4572,5246,5888,5862,6678,7515,8120,8785,8526,10021,9251,10957,17775,15226,12700,11615,14039,11295,13736
3303,Development,Social Sciences,Social Sciences,0,0,0,0,0,0,0,0,0,0,0,0,0,0,0,0,0,0,0,0,0,0,0,0,0,0,0,0,0,0,0,0,0,0,0,0,0,0,0,0,0,0,0,0,0,0,0,0,0,0,0,0,0,0,0,0,0,0,0,0,0,0,0,0,0,0,0,0,0,0,0,0,0,0,0,0,0,0,0,0,0,0,0,0,0,0,0,0,0,0,0,0,0,0,0,0,0,0,0,0,1,0,0,0,0,0,0,0,0,0,0,0,0,0,0,0,0,0,0,0,0,0,0,0,0,0,0,0,0,0,0,0,0,0,0,0,0,0,0,0,0,0,0,0,0,0,0,0,0,0,0,0,0,0,0,0,0,1,0,0,0,0,0,0,0,0,0,0,0,0,0,0,0,0,0,0,0,0,0,0,0,0,0,0,0,0,0,0,1,0,0,0,0,0,0,0,0,0,0,0,1,0,2,2,2,7,0,0,0,1,2,0,0,1,1,0,5,2,2,3,2,2,4,4,6,3,6,3,8,10,9,3,6,6,5,6,6,5,3,9,8,20,11,11,11,11,11,11,16,18,24,36,49,62,41,58,52,81,70,71,89,115,104,152,173,199,273,333,373,581,918,649,726,858,895,902,1090,1236,1384,1524,1674,1791,1999,2360,2932,2499,2952,3141,3466,4365,4143,4472,5300,5427,6761,7728,8634,9136,10492,12863,14955,21140,21338,27531,29868,34855,35245,38823,41802,49234,52474,58422,62950,68995,78841,72899,70548,72435,88823,96908,116586,113099,109363,113609,105297,91664
3304,Education,Social Sciences,Social Sciences,0,0,0,0,0,0,0,0,0,0,0,0,0,0,0,0,0,0,0,0,0,0,0,0,0,0,0,0,0,0,0,0,0,0,0,0,0,0,0,0,0,0,0,0,0,0,0,0,0,0,0,0,0,0,0,0,0,0,0,0,0,0,0,0,0,0,0,0,0,0,0,0,0,0,0,0,0,0,0,0,0,0,0,0,0,0,0,0,0,0,0,0,0,0,0,0,0,0,0,0,0,0,0,21,0,0,0,0,0,0,0,0,0,0,0,0,0,0,0,0,0,0,0,0,0,0,0,0,0,0,0,0,0,0,0,0,0,0,1,0,0,0,0,1,0,0,0,0,0,0,1,0,0,0,4,0,3,0,2,0,0,0,0,2,2,2,2,0,3,1,0,3,1,2,4,6,2,3,2,6,3,41,3,10,5,12,12,23,5,17,6,11,25,12,16,21,23,11,19,22,71,28,57,43,40,346,45,102,57,89,100,155,120,147,248,149,150,182,172,127,500,177,192,217,197,275,239,436,365,422,516,932,649,1030,1027,908,948,1192,1102,1231,1289,1436,1509,1380,1319,1232,1276,1357,1592,1673,2005,2060,1887,2375,2665,2696,2677,3063,3982,3628,3727,4117,4463,4893,5830,6950,8060,9002,10218,13751,21302,15285,16919,19096,20227,22034,25276,29013,31285,35460,38517,42008,45625,47996,52008,54172,59443,65349,70836,75092,80515,87858,95731,104948,111031,118027,132662,140744,155904,165098,219552,220087,266862,292193,332084,397708,453037,520795,592153,688189,767127,892999,1010431,1113298,1197203,1248462,1230166,1197547,1324196,1606355,1920611,2151029,2206046,2420704,2058473,1608805
3305,"Geography, Planning and Development",Social Sciences,Social Sciences,0,0,0,0,0,0,0,0,0,0,0,0,0,0,0,0,0,0,0,0,0,0,0,0,0,0,0,0,0,0,0,0,0,0,0,0,0,0,0,0,0,0,0,0,0,0,0,0,0,0,0,0,0,0,0,0,0,0,0,0,0,0,0,0,0,0,0,0,0,0,0,0,0,0,0,0,0,0,0,0,0,0,0,0,0,0,0,0,0,0,0,0,0,0,0,0,0,0,1,0,0,0,0,0,0,0,0,0,0,0,1,0,0,0,0,0,0,0,0,0,0,0,0,0,0,0,1,0,0,0,0,0,0,2,1,0,0,0,0,1,0,1,0,0,2,3,1,1,0,0,2,1,4,0,0,2,1,1,1,2,1,0,2,1,5,1,1,1,0,2,3,1,1,0,4,5,6,3,2,4,7,5,5,6,13,18,12,11,16,23,14,18,26,20,15,13,20,26,24,24,26,37,38,30,35,34,40,41,38,53,36,33,49,45,66,47,42,43,47,59,223,61,91,65,77,79,74,106,109,125,136,175,182,180,180,159,161,167,190,211,183,187,159,158,174,174,195,198,232,290,285,316,356,459,422,511,444,411,487,601,796,719,739,846,847,939,1109,1425,1198,1767,2065,1802,2069,2294,2208,2451,2490,2983,2963,3473,3339,3775,4450,4303,4617,4559,4993,5640,5912,6272,7142,7360,8361,8851,9741,10182,11422,13013,13061,15266,19363,21565,24205,30047,32775,36096,40898,45600,50608,58492,60473,71550,78603,86949,93436,97907,101105,107207,119305,145829,155437,165610,157878,176096,161831,143255
3306,Health,Social Sciences,Social Sciences,0,0,0,0,0,0,0,0,0,0,0,0,0,0,0,0,0,0,0,0,0,0,0,0,0,0,0,0,0,0,0,0,0,0,0,0,0,0,0,0,0,0,0,0,0,0,0,0,0,0,0,0,0,0,0,0,0,0,0,0,0,0,0,0,0,0,0,0,0,0,0,0,0,0,0,0,0,0,0,0,0,0,0,0,0,0,0,0,0,0,0,0,0,0,0,0,0,0,0,0,0,0,0,0,0,0,0,0,0,0,0,0,0,0,0,0,0,0,0,0,0,0,0,0,0,0,0,0,0,0,0,0,0,0,0,0,0,0,0,0,0,0,0,0,0,0,0,0,0,0,0,0,1,1,0,0,0,0,0,0,0,0,0,0,3,0,0,0,0,0,1,1,0,0,0,1,0,0,0,4,0,3,0,1,1,0,0,1,1,0,1,2,3,3,1,2,2,3,4,2,94,7,3,9,6,19,3,14,7,15,14,15,13,13,20,20,30,17,10,14,80,14,20,21,23,39,39,46,59,70,74,60,60,81,41,74,63,55,77,87,73,69,57,52,93,46,57,84,79,98,121,98,146,137,171,232,175,206,257,243,265,303,388,449,504,611,678,740,802,1113,1487,1017,1343,1415,1585,1617,1962,2212,2551,3111,3317,3696,4738,5104,5934,6822,7462,8604,9819,10578,12408,14565,15527,16899,19502,22481,25475,32473,36582,42908,55140,57281,63305,79516,84122,96415,107694,122839,140974,159760,167742,189245,213779,234078,256131,265193,267851,285110,300082,354371,456749,564291,587518,635688,544866,525313
3307,Human Factors and Ergonomics,Social Sciences,Social Sciences,0,0,0,0,0,0,0,0,0,0,0,0,0,0,0,0,0,0,0,0,0,0,0,0,0,0,0,0,0,0,0,0,0,0,0,0,0,0,0,0,0,0,0,0,0,0,0,0,0,0,0,0,0,0,0,0,0,0,0,0,0,0,0,0,0,0,0,0,0,0,0,0,0,0,0,0,0,0,0,0,0,0,0,0,0,0,0,0,0,0,0,0,0,0,0,0,0,0,0,0,0,0,0,0,0,0,0,0,0,0,0,0,0,0,0,0,0,0,0,0,0,0,0,0,0,0,0,0,0,0,0,0,0,0,0,0,0,0,0,0,0,0,0,0,0,0,0,0,0,0,0,0,0,0,0,0,0,0,0,0,0,0,0,0,0,0,0,0,0,0,0,0,0,0,0,0,0,0,0,0,0,0,0,0,0,0,0,0,0,0,0,0,0,0,0,0,0,0,0,3,1,0,0,0,0,5,0,0,0,1,0,2,1,1,1,1,1,0,1,1,0,2,1,0,0,1,0,1,2,3,0,3,1,3,1,4,2,3,5,4,3,6,4,6,4,1,1,2,5,9,15,14,10,19,12,12,8,10,30,19,9,9,14,9,17,18,32,40,37,89,209,70,60,94,106,136,153,129,162,192,176,233,243,258,284,322,407,349,407,403,491,547,583,796,762,940,1156,1126,1614,1889,2648,3289,4091,5025,6154,7426,8925,10820,12664,14589,16431,18731,20581,21871,24499,25393,25153,25161,27840,33641,41413,50978,61526,75339,60197,40664
3308,Law,Social Sciences,Social Sciences,0,0,0,0,0,0,0,0,0,0,0,0,0,0,0,0,0,0,0,0,0,0,0,0,0,0,0,0,0,0,0,0,0,0,0,0,0,0,0,0,0,0,0,0,0,0,0,0,0,0,0,0,0,0,0,0,0,0,0,0,0,0,0,0,0,0,0,0,0,0,0,0,0,0,0,0,0,0,0,0,0,0,0,0,0,0,0,0,0,0,0,0,0,0,0,0,0,0,0,0,0,0,0,0,0,0,0,0,0,0,0,0,0,0,1,0,0,0,1,2,0,0,0,0,0,0,0,0,0,0,0,0,1,0,1,2,1,1,0,1,0,1,0,0,0,0,1,1,1,2,0,3,0,0,0,1,0,1,1,0,7,2,1,2,1,0,1,0,2,2,1,0,0,6,0,0,6,1,4,6,20,6,17,8,5,9,11,7,6,23,10,15,26,25,23,28,30,38,29,30,32,19,55,44,33,109,47,39,58,71,77,86,82,110,132,105,65,72,78,77,580,112,125,87,117,143,217,229,245,298,281,398,344,259,234,246,251,264,235,262,256,285,220,197,133,114,139,183,177,230,284,356,329,359,424,522,550,524,537,670,772,764,637,1017,875,954,1294,1105,1350,1487,2565,1856,1792,2024,2218,2625,3077,3405,3855,4119,4686,5143,6177,5920,6404,6855,7834,7903,9253,9352,11078,11591,12191,12241,14582,14735,17840,20678,20778,22927,29319,33369,43190,46781,52116,55965,58378,68038,73965,90791,116848,102750,124460,125431,137192,135668,177149,149497,175710,254405,257878,266340,258390,296812,236961,164140
3309,Library and Information Sciences,Social Sciences,Social Sciences,0,0,0,0,0,0,0,0,0,0,0,0,0,0,0,0,0,0,0,0,0,0,0,0,0,0,0,0,0,0,0,0,0,0,0,0,0,0,0,0,0,0,0,0,0,0,0,0,0,0,0,0,0,0,0,0,0,0,0,0,0,0,0,0,0,0,0,0,0,0,0,0,0,0,0,0,0,0,0,0,0,0,0,0,0,0,0,0,0,0,0,0,0,0,0,0,0,0,0,0,0,0,0,0,0,0,0,0,0,0,0,0,0,0,0,0,0,0,0,0,0,0,0,0,0,0,0,0,0,0,0,0,0,0,0,0,0,0,0,0,0,0,0,0,0,0,0,0,0,0,0,0,0,0,0,0,0,0,0,0,0,0,0,1,0,0,0,0,0,0,0,0,0,0,0,1,0,0,2,0,1,2,0,0,1,0,0,0,1,2,1,2,2,1,1,0,2,0,2,2,1,2,0,0,2,3,1,4,1,4,1,2,3,1,2,1,1,0,2,3,43,0,3,3,5,2,4,6,6,4,7,18,7,15,23,12,13,15,21,13,24,22,55,27,21,38,18,22,30,29,46,27,54,122,76,55,74,67,57,104,49,75,68,96,118,110,130,129,131,179,286,216,293,312,293,371,463,498,482,693,604,796,742,759,932,955,974,907,1102,1261,1094,1476,1480,1525,1755,1944,2246,2535,2595,3718,4115,4575,5729,5675,6933,7281,19027,9757,11004,13526,14112,16684,17128,20502,19679,21095,22815,18582,19664,23895,23519,25168,21809,22501,20765,16282
3310,Linguistics and Language,Social Sciences,Social Sciences,0,0,0,0,0,0,0,0,0,0,0,0,0,0,0,0,0,0,0,0,0,0,0,0,0,0,0,0,0,0,0,0,0,0,0,0,0,0,0,0,0,0,0,0,0,0,0,0,0,0,0,0,0,0,0,0,0,0,0,0,0,0,0,0,0,0,0,0,2,0,0,0,0,0,0,0,0,0,0,0,0,0,0,0,0,0,0,0,0,0,0,0,0,0,0,0,0,0,0,0,0,0,0,0,0,0,0,0,0,0,0,0,0,0,0,0,0,0,0,0,0,0,0,0,0,0,0,0,0,0,0,0,0,0,0,0,0,0,0,0,0,0,0,0,0,0,0,0,0,0,1,0,0,0,1,0,0,0,0,0,0,0,0,0,0,0,0,0,0,0,1,0,0,1,0,0,1,0,2,0,1,3,0,0,3,0,0,1,2,0,0,2,0,0,5,1,3,0,9,5,3,4,6,3,2,6,1,4,5,3,5,6,2,14,38,7,4,18,7,14,673,14,11,11,11,14,15,12,24,32,34,35,32,26,37,41,38,44,50,37,50,28,25,56,51,33,58,36,51,76,61,69,107,84,122,115,117,120,204,154,161,176,180,186,279,331,338,509,471,695,1248,838,890,1051,1188,1376,1754,1715,1759,2061,2180,2480,2728,3299,3406,3363,3502,3505,3928,4757,4791,5229,6532,6799,8600,7271,8973,9872,9162,15554,13967,18873,19413,28930,27786,37352,32913,36162,40777,48323,56201,61431,77537,79558,105428,114273,102743,111622,124589,155921,162998,167637,138018,170161,180191,179619
3311,Safety Research,Social Sciences,Social Sciences,0,0,0,0,0,0,0,0,0,0,0,0,0,0,0,0,0,0,0,0,0,0,0,0,0,0,0,0,0,0,0,0,0,0,0,0,0,0,0,0,0,0,0,0,0,0,0,0,0,0,0,0,0,0,0,0,0,0,0,0,0,0,0,0,0,0,0,0,0,0,0,0,0,0,0,0,0,0,0,0,0,0,0,0,0,0,0,0,0,0,0,0,0,0,0,0,0,0,0,0,0,0,0,1,0,0,0,0,0,0,0,0,0,0,0,0,0,0,0,0,0,0,0,0,0,0,0,0,0,0,0,0,0,0,0,0,0,0,0,0,0,0,0,0,0,0,0,0,0,0,0,0,0,0,0,0,0,0,0,0,0,0,1,0,0,0,0,0,0,0,0,0,0,0,0,0,1,0,0,1,0,9,0,0,0,2,1,1,0,0,1,0,4,2,4,6,1,0,4,4,7,6,0,4,8,19,4,16,8,6,4,18,10,17,15,5,6,44,9,12,55,24,20,21,10,18,16,30,29,29,40,49,40,55,34,55,69,73,80,110,166,108,115,94,103,111,129,111,136,157,218,201,193,249,309,300,378,345,404,543,540,645,646,770,913,1042,1335,1361,1616,1885,2518,2103,2415,2742,2812,3061,3607,3800,4374,4906,5167,5746,6105,6382,7438,7573,8211,9467,10659,10606,12052,13540,14013,15357,16761,18584,20393,21903,25232,27470,37807,42234,48331,57082,62422,74636,84076,97743,114325,131054,146573,170116,190142,205642,223457,232326,230568,235482,261022,301043,357792,387132,377239,425458,449797,447233
3312,Sociology and Political Science,Social Sciences,Social Sciences,0,0,0,0,0,0,0,0,0,0,0,0,0,0,0,0,0,0,0,0,0,0,0,0,0,0,0,0,0,0,0,0,0,0,0,0,0,0,0,0,0,0,0,0,0,0,0,0,0,0,0,0,0,0,0,0,0,0,0,0,0,0,0,0,0,0,0,0,0,0,0,0,0,0,0,0,0,0,0,0,0,0,0,0,0,0,0,0,0,0,0,0,0,0,0,0,0,0,0,0,2,0,1,1,0,0,0,0,0,0,0,1,0,0,0,0,0,1,0,1,0,0,0,1,0,0,2,0,0,1,0,0,0,1,1,1,0,4,0,0,1,1,1,2,1,0,2,7,10,3,4,1,4,6,5,5,5,11,5,5,12,12,9,6,9,4,10,7,3,12,12,7,14,17,15,9,22,11,22,27,34,117,23,39,39,56,57,43,44,67,51,52,77,103,87,109,89,97,107,111,145,133,202,207,183,448,235,224,249,282,291,464,338,409,505,501,412,354,344,400,2697,658,718,636,670,724,1175,1021,1203,1330,1341,1345,1302,1394,1283,1375,1385,1576,1569,1960,1853,1626,1508,1437,1458,1304,1597,1572,1829,1994,2504,2758,2763,3364,3267,3916,4082,4481,5200,5575,6667,7288,7392,8927,9256,10994,12440,14403,16344,22466,35604,26237,29733,38054,36003,41295,45521,55419,59404,65394,69214,76825,86348,91499,95919,100164,119072,121485,130735,139365,156225,173427,179724,194628,216555,243570,276331,304988,341632,377159,483918,538293,635934,767549,801157,948936,1000307,1139585,1301761,1494236,1633358,1870180,2111524,2279828,2469625,2538783,2538132,2676574,3039513,3812700,4195899,4493762,4344647,4722728,4420588,3954276
3313,Transportation,Social Sciences,Social Sciences,0,0,0,0,0,0,0,0,0,0,0,0,0,0,0,0,0,0,0,0,0,0,0,0,0,0,0,0,0,0,0,0,0,0,0,0,0,0,0,0,0,0,0,0,0,0,0,0,0,0,0,0,0,0,0,0,0,0,0,0,0,0,0,0,0,0,0,0,0,0,0,0,0,0,0,0,0,0,0,0,0,0,0,0,0,0,0,0,0,0,0,0,0,0,0,0,0,0,0,0,0,0,0,0,0,0,0,0,0,0,0,0,0,0,0,0,0,0,0,0,0,0,0,0,0,0,0,0,0,0,0,0,0,0,0,0,0,0,0,0,2,0,0,0,0,1,0,0,0,0,0,0,0,0,0,0,0,0,0,0,0,0,0,0,1,0,0,0,0,0,0,0,2,0,0,0,2,0,1,14,1,2,1,0,3,1,1,1,6,7,2,1,4,4,4,6,5,1,12,11,11,6,4,6,11,13,12,12,7,11,14,22,11,13,16,20,16,12,16,13,42,17,19,22,40,32,37,32,32,42,79,69,84,74,72,65,77,93,94,98,103,86,101,90,94,99,108,116,136,146,199,155,204,219,254,251,249,252,278,309,333,395,426,535,600,598,619,782,821,979,1399,1201,1343,1621,1716,1843,2399,2320,2448,2974,3107,3377,3520,3691,3841,4196,4498,4502,4552,4669,5017,5320,5815,6372,6135,7437,8308,9535,10258,10170,13553,13977,17429,20225,23734,31375,33564,39227,45411,55295,64442,75203,89287,104070,121796,131020,136691,149002,175322,200986,237987,277503,273508,274260,296621,300640
3314,Anthropology,Social Sciences,Social Sciences,0,0,0,0,0,0,0,0,0,0,0,0,0,0,0,0,0,0,0,0,0,0,0,0,0,0,0,0,0,0,0,0,0,0,0,0,0,0,0,0,0,0,0,0,0,0,0,0,0,0,0,0,0,0,0,0,0,0,0,0,0,0,0,0,0,0,1,0,0,0,0,0,0,0,0,0,0,0,0,0,0,0,0,0,0,0,0,0,1,0,1,0,0,0,0,0,0,0,1,0,1,0,0,0,0,0,0,0,0,0,0,0,0,0,0,0,0,0,1,1,0,1,1,0,0,2,0,2,0,1,2,0,2,2,0,4,1,2,0,1,5,0,2,1,3,6,3,1,4,3,4,2,18,7,3,6,2,5,6,2,3,6,2,6,9,3,6,5,7,8,9,5,8,5,19,14,12,13,19,22,42,26,36,21,25,53,54,44,64,52,60,49,92,127,110,94,115,130,93,90,114,80,105,148,134,174,183,202,140,142,199,261,251,218,284,188,207,141,159,209,10344,207,283,210,241,298,303,357,343,417,441,447,476,500,428,563,608,597,642,718,685,655,632,530,555,569,721,851,925,918,995,1191,1173,1405,1680,1909,1817,1842,1902,2139,2330,2710,2796,3516,3571,4066,4557,5252,5488,5979,8354,7251,6537,8651,7876,14585,9073,15215,11200,13947,11981,13806,29181,19431,24788,26154,27121,20953,29369,25506,30409,28774,38149,31268,55071,33332,51438,48713,45894,54793,97369,76192,92397,100578,113513,156442,133033,160732,143521,179370,177405,212993,233738,259055,275189,268239,267707,286928,382258,547990,502689,432522,354099,424056,355278,347519
3315,Communication,Social Sciences,Social Sciences,0,0,0,0,0,0,0,0,0,0,0,0,0,0,0,0,0,0,0,0,0,0,0,0,0,0,0,0,0,0,0,0,0,0,0,0,0,0,0,0,0,0,0,0,0,0,0,0,0,0,0,0,0,0,0,0,0,0,0,0,0,0,0,0,0,0,0,0,0,0,0,0,0,0,0,0,0,0,0,0,0,0,0,0,0,0,0,0,0,0,0,0,0,0,0,0,0,0,0,0,0,0,0,0,0,0,0,0,0,0,0,0,0,0,0,0,0,0,0,0,0,0,0,0,0,0,0,0,0,0,0,0,0,0,0,0,0,0,0,0,0,0,0,0,0,0,0,0,0,0,0,0,0,0,0,0,0,0,0,0,0,0,0,0,0,0,0,0,0,0,1,0,0,0,0,0,0,0,0,0,0,1,1,0,0,0,0,1,3,1,1,0,2,3,0,1,0,5,0,0,3,0,1,1,3,86,1,8,2,7,7,6,5,6,3,1,24,6,4,5,113,8,7,0,7,2,8,16,12,15,27,19,25,25,26,35,33,40,40,60,53,63,72,78,75,42,81,57,72,73,94,110,96,152,165,180,177,181,268,236,243,294,335,334,443,587,652,663,819,1104,4046,1163,1219,1373,1506,1736,2008,2290,2465,2684,2957,3336,3173,3881,3799,4113,5015,5380,5554,6564,7170,7974,9117,10403,11192,13220,14748,16353,18955,20847,27432,29997,36594,45257,51435,64687,68770,85459,103416,126119,142807,170479,192789,220049,241839,253464,257865,267579,293257,343677,410069,437862,413475,438759,395399,344167
3316,Cultural Studies,Social Sciences,Social Sciences,0,0,0,0,0,0,0,0,0,0,0,0,0,0,0,0,0,0,0,0,0,0,0,0,0,0,0,0,0,0,0,0,0,0,0,0,0,0,0,0,0,0,0,0,0,0,0,0,0,0,0,0,0,0,0,0,0,0,0,0,0,0,0,0,0,0,0,0,0,0,0,0,0,0,0,0,0,0,0,0,0,0,0,0,0,0,0,0,0,0,0,0,0,0,0,0,0,0,0,0,0,0,0,0,0,0,0,0,0,0,0,0,0,0,0,0,0,0,0,0,0,0,0,0,0,0,0,0,0,1,0,0,0,1,0,1,0,0,0,0,1,0,0,0,0,0,0,0,1,1,0,0,1,3,0,0,0,1,1,2,4,2,5,2,3,2,1,1,3,3,5,1,3,3,8,7,4,12,7,7,14,10,1,11,14,18,3,6,15,20,14,6,26,16,23,19,27,32,24,26,29,34,46,42,41,60,54,54,58,35,70,95,78,118,148,86,67,87,80,141,1048,176,187,206,234,342,438,324,445,389,388,345,363,356,323,309,342,349,336,504,343,281,310,267,260,193,262,270,310,404,412,472,484,565,542,708,686,739,764,848,1193,1104,1038,1306,1328,1384,1589,1778,1760,2274,3500,2608,2730,2825,2978,3229,3626,4466,4860,5135,5120,5244,6088,6271,6925,7003,8424,7974,9021,12957,11933,14027,13506,15205,16317,18203,26809,22792,24232,28138,37531,39008,45515,60142,58276,69956,71272,75931,85663,96037,96599,115695,127141,134132,147271,183285,141440,150073,180896,222838,244562,243103,220017,245154,219409,182808
3317,Demography,Social Sciences,Social Sciences,0,0,0,0,0,0,0,0,0,0,0,0,0,0,0,0,0,0,0,0,0,0,0,0,0,0,0,0,0,0,0,0,0,0,0,0,0,0,0,0,0,0,0,0,0,0,0,0,0,0,0,0,0,0,0,0,0,0,0,0,0,0,0,0,0,0,0,0,0,0,0,0,0,0,0,0,0,0,0,0,0,0,0,0,0,0,0,0,0,0,0,0,0,0,0,0,0,0,0,0,1,0,0,0,0,0,1,0,0,0,0,0,0,0,0,0,0,0,0,0,0,0,0,0,0,0,0,0,0,0,0,0,0,1,0,0,0,0,0,1,2,0,0,1,0,0,0,0,0,1,0,3,2,1,1,0,0,0,0,0,1,0,1,0,1,2,1,0,1,0,0,2,0,0,2,1,2,2,0,6,5,3,1,2,7,4,8,5,3,4,2,2,5,9,3,21,7,4,7,3,19,9,7,10,6,11,13,15,11,10,15,23,14,33,20,41,25,19,16,27,207,27,37,48,15,43,36,44,39,39,66,73,84,70,79,101,85,112,103,143,137,123,122,105,118,136,163,172,178,219,261,275,307,352,360,490,481,479,677,733,725,840,868,1029,1153,1297,1428,1870,1683,2511,3687,2593,3099,3350,3613,3912,4747,5299,6137,6797,7667,8568,9837,10386,11691,12197,13775,14944,15217,16077,18389,19922,21081,21580,23466,24774,27604,31119,32857,37728,43838,49905,54620,67129,70330,83795,92067,100957,114713,128909,141701,161831,179741,194993,215678,218774,219793,234029,247783,298931,350431,403131,404640,454986,402005,341972
3318,Gender Studies,Social Sciences,Social Sciences,0,0,0,0,0,0,0,0,0,0,0,0,0,0,0,0,0,0,0,0,0,0,0,0,0,0,0,0,0,0,0,0,0,0,0,0,0,0,0,0,0,0,0,0,0,0,0,0,0,0,0,0,0,0,0,0,0,0,0,0,0,0,0,0,0,0,0,0,0,0,0,0,0,0,0,0,0,0,0,0,0,0,0,0,0,0,0,0,0,0,0,0,0,0,0,0,0,0,0,0,0,0,0,3,0,0,0,0,0,0,0,0,0,0,0,0,0,0,0,0,0,0,0,0,0,0,0,0,0,0,0,0,0,0,0,1,0,0,0,0,0,0,0,0,1,0,1,0,0,0,3,0,0,0,1,0,1,1,1,0,1,0,0,0,0,0,1,0,0,0,0,1,0,0,0,0,1,0,1,0,3,5,10,4,1,6,4,1,3,5,4,6,13,13,4,4,10,10,2,8,27,19,8,14,29,79,11,17,11,27,17,23,26,43,48,39,42,25,12,34,134,37,39,39,37,33,81,99,72,77,118,105,111,95,104,140,122,140,116,149,145,141,117,151,114,127,164,173,216,242,257,267,279,300,370,416,411,456,544,522,611,773,790,865,894,1126,1250,1381,1708,2294,3870,2575,3211,4066,4283,4947,5921,7048,8628,9954,11586,12429,13138,14610,15139,17872,18877,20043,21446,21414,25134,29256,31566,32758,35642,40663,44239,48191,51133,58030,70692,75794,85659,101621,109983,120640,132174,156169,170418,188197,201715,228807,253226,271348,299427,305224,309278,315782,355570,416016,495904,516880,508440,542136,539287,505633
3319,Life-span and Life-course Studies,Social Sciences,Social Sciences,0,0,0,0,0,0,0,0,0,0,0,0,0,0,0,0,0,0,0,0,0,0,0,0,0,0,0,0,0,0,0,0,0,0,0,0,0,0,0,0,0,0,0,0,0,0,0,0,0,0,0,0,0,0,0,0,0,0,0,0,0,0,0,0,0,0,0,0,0,0,0,0,0,0,0,0,0,0,0,0,0,0,0,0,0,0,0,0,0,0,0,0,0,0,0,0,0,0,0,0,0,0,0,0,0,0,0,0,0,0,0,0,0,0,0,0,0,0,0,0,0,0,0,0,0,0,0,0,0,0,0,0,0,0,0,0,0,0,0,0,0,0,0,0,0,0,0,0,0,0,0,0,0,0,0,0,0,0,0,0,0,0,0,0,0,0,0,0,0,0,0,0,0,0,0,0,0,0,0,0,0,0,0,0,0,0,0,0,2,0,0,0,0,0,0,0,0,0,0,0,0,0,3,0,1,1,1,0,0,2,2,0,0,0,1,0,2,0,0,0,0,0,0,1,0,1,0,0,1,2,4,2,0,4,1,1,1,1,1,2,1,2,0,2,0,2,3,2,3,1,1,7,0,4,2,3,6,4,0,6,6,6,9,12,9,9,6,12,16,45,52,14,36,49,30,36,34,40,48,44,49,59,34,44,50,34,52,46,45,70,39,48,58,72,68,127,136,154,228,176,268,364,464,487,570,790,1011,1309,1432,1780,2240,2213,2852,3195,3426,3418,3178,2522,3375,4166,5819,6719,6287,8425,8440,7620
3320,Political Science and International Relations,Social Sciences,Social Sciences,0,0,0,0,0,0,0,0,0,0,0,0,0,0,0,0,0,0,0,0,0,0,0,0,0,0,0,0,0,0,0,0,0,0,0,0,0,0,0,0,0,0,0,0,0,0,0,0,0,0,0,0,0,0,0,0,0,0,0,0,0,0,0,0,0,0,0,0,0,0,0,0,0,0,0,0,0,0,0,0,0,0,0,0,0,0,1,0,0,0,0,0,0,0,0,0,0,0,0,0,1,0,1,0,0,0,0,0,0,0,0,1,0,0,0,1,0,1,0,0,0,0,0,0,0,1,0,0,0,1,1,1,1,0,0,1,0,2,1,1,2,1,1,3,1,5,2,5,4,3,4,2,0,3,1,2,0,6,2,4,2,15,5,3,7,8,8,9,6,8,9,13,7,9,15,15,11,20,24,17,27,65,23,20,30,32,39,47,48,46,36,39,41,47,90,56,56,53,75,79,100,79,135,132,127,306,123,150,183,182,219,233,236,319,388,460,222,214,294,312,4224,471,438,317,429,476,566,607,712,746,753,809,794,730,683,1051,881,933,964,1209,1041,1074,1020,1001,944,859,1088,1138,1140,1422,1616,1688,1879,2091,2236,2678,2815,3038,2963,3808,4854,4767,4978,7288,6278,6788,9776,9455,11573,12682,18103,15156,15926,18718,19101,22830,23743,33465,30207,32110,33256,36622,45877,44287,49624,51446,59398,60511,66893,72683,78316,97390,92137,100890,111918,120410,140361,150903,189521,192046,276587,299655,336794,423706,452611,514741,498083,530715,605167,697443,740247,801199,893935,937625,1027389,997681,1039941,1068001,1299819,1739735,1786860,1677761,1509490,1656972,1501614,1280445
3321,Public Administration,Social Sciences,Social Sciences,0,0,0,0,0,0,0,0,0,0,0,0,0,0,0,0,0,0,0,0,0,0,0,0,0,0,0,0,0,0,0,0,0,0,0,0,0,0,0,0,0,0,0,0,0,0,0,0,0,0,0,0,0,0,0,0,0,0,0,0,0,0,0,0,0,0,0,0,0,0,0,0,0,0,0,0,0,0,0,0,0,0,0,0,0,0,0,0,0,0,0,0,0,0,0,0,0,0,0,0,0,0,0,0,0,0,0,0,0,0,0,0,0,0,0,0,0,0,0,0,0,0,0,0,0,0,0,0,0,0,0,0,0,0,0,0,0,1,0,0,0,0,0,0,0,0,0,0,0,0,0,0,0,0,0,1,0,0,0,0,0,0,0,0,0,0,0,0,0,0,0,0,0,0,2,0,0,0,0,1,1,3,0,0,0,1,7,1,1,1,2,5,4,0,2,2,0,0,2,1,3,3,0,0,3,30,0,33,2,0,12,1,2,7,2,26,6,2,6,5,21,11,9,9,5,8,10,12,20,7,22,19,25,22,19,67,26,30,33,43,46,41,42,60,35,54,59,77,56,69,85,119,171,151,127,156,132,293,236,281,307,340,303,323,350,431,590,590,765,1001,1647,1226,1362,1648,1849,2020,2740,3005,3696,4302,4689,5310,5708,6010,6362,7191,8570,9389,9323,11459,11579,12174,13131,14576,16061,17059,18764,18893,21653,25616,30022,35882,37684,43317,47705,56572,59586,66070,71988,80047,87918,95024,102838,110523,117418,118140,117112,118682,126678,149412,156861,163867,153532,155262,144401,133832
3322,Urban Studies,Social Sciences,Social Sciences,0,0,0,0,0,0,0,0,0,0,0,0,0,0,0,0,0,0,0,0,0,0,0,0,0,0,0,0,0,0,0,0,0,0,0,0,0,0,0,0,0,0,0,0,0,0,0,0,0,0,0,0,0,0,0,0,0,0,0,0,0,0,0,0,0,0,0,0,0,0,0,0,0,0,0,0,0,0,0,0,0,0,0,0,0,0,0,0,0,0,0,0,0,0,0,0,0,0,0,0,0,0,0,0,0,0,0,0,0,0,0,0,0,0,0,0,0,0,0,0,0,0,0,0,0,1,0,0,0,0,0,0,0,0,0,0,0,0,0,0,0,0,0,0,0,1,0,0,0,0,1,0,0,0,0,0,0,0,0,0,0,0,1,0,1,0,0,0,1,0,0,0,0,0,0,0,0,0,0,1,2,0,1,0,0,0,0,1,0,2,1,0,0,5,7,0,5,2,6,1,4,6,5,5,11,10,5,6,8,5,9,8,7,21,11,17,24,7,12,19,66,18,23,12,15,16,22,25,18,26,27,40,29,22,32,38,29,44,39,44,38,46,30,31,35,38,44,42,61,72,65,109,76,102,104,122,125,137,158,184,230,281,277,314,362,390,516,605,661,1188,2005,1324,1528,1771,1774,1916,2183,2776,3044,3030,3214,3655,3892,3933,4351,4730,4966,5786,5406,6638,7114,7272,7948,8350,9316,10881,12409,13433,14577,16049,21804,23607,27239,31666,37663,41181,48534,53462,60668,71771,78258,92060,105423,115018,123316,129001,130239,137798,159588,182420,201776,218778,199407,213175,194151,176527
3402,Equine,Veterinary,Health Sciences,0,0,0,0,0,0,0,0,0,0,0,0,0,0,0,0,0,0,0,0,0,0,0,0,0,0,0,0,0,0,0,0,0,0,0,0,0,0,0,0,0,0,0,0,0,0,0,0,0,0,0,0,0,0,0,0,0,0,0,0,0,0,0,0,0,0,0,0,0,0,0,0,0,0,0,0,0,0,0,0,0,0,0,0,0,0,0,0,0,0,0,0,0,0,0,0,0,0,0,0,0,0,0,0,0,0,0,0,0,0,0,0,0,0,0,0,0,0,0,0,0,0,0,0,0,0,0,0,0,0,0,0,0,0,0,0,0,0,0,0,0,0,0,0,0,0,0,0,0,0,1,0,0,0,0,0,0,0,0,0,0,0,0,0,0,0,0,0,0,0,1,0,2,0,0,0,0,2,0,0,0,1,0,0,3,2,0,5,2,1,4,4,5,1,1,5,2,10,12,12,7,13,9,15,14,91,13,11,29,16,11,28,11,22,24,16,10,10,16,27,30,33,21,46,63,45,47,74,84,137,97,124,124,99,95,67,123,91,90,103,71,66,63,55,29,25,25,50,45,64,79,57,83,98,108,94,113,135,180,147,167,158,170,160,167,254,237,211,290,294,349,301,415,369,473,479,437,583,507,691,828,925,931,1348,1188,1749,1849,1982,2183,2272,2574,3065,3233,3337,3094,4152,3821,4194,4751,5632,7258,6712,8575,10054,12238,11337,15916,14567,15267,15604,20280,24213,21769,27049,24195,24570,21496,27816,27922,27161,35035,33353,33964,32671,38456,33152
3404,Small Animals,Veterinary,Health Sciences,0,0,0,0,0,0,0,0,0,0,0,0,0,0,0,0,0,0,0,0,0,0,0,0,0,0,0,0,0,0,0,0,0,0,0,0,0,0,0,0,0,0,0,0,0,0,0,0,0,0,0,0,0,0,0,0,0,0,0,0,0,0,0,0,0,0,0,0,0,0,0,0,0,0,0,0,0,0,0,0,0,0,0,0,0,0,0,0,0,0,0,0,0,0,0,0,0,0,0,0,0,0,1,0,0,0,0,0,0,0,0,0,0,0,0,0,0,0,0,0,0,0,0,0,0,0,0,0,0,0,0,0,0,0,0,0,0,0,0,0,1,1,0,0,1,0,0,0,0,0,0,1,0,0,0,0,0,0,0,0,0,1,0,0,2,0,0,0,1,0,0,1,0,1,0,0,1,1,1,2,1,0,4,3,0,2,0,1,2,6,2,1,10,5,8,8,10,6,8,13,13,11,22,21,32,28,35,33,59,35,60,80,53,69,95,65,66,75,65,97,138,113,166,212,220,232,341,363,479,599,625,639,856,646,661,602,748,869,907,947,701,680,598,571,537,539,639,922,1021,1235,1526,1563,1752,1919,2058,2303,2382,2598,2786,2808,3296,3554,3774,4541,4877,6045,5297,6104,6915,7539,8125,8556,8774,9825,9976,10608,11019,11858,12442,13808,14675,15499,16211,16927,17960,19469,20239,20032,20058,21910,24379,22130,23908,23928,24475,26682,28282,30065,31802,32212,43881,41778,47001,51261,57528,62723,70978,77259,82189,93445,100556,112648,123438,131198,143839,139977,136772,148915,153932,169626,206805,229821,227076,239040,229691,223283
3500,General Dentistry,Dentistry,Health Sciences,0,0,0,0,0,0,0,0,0,0,0,0,0,0,0,0,0,0,0,0,0,0,0,0,0,0,0,0,0,0,0,0,0,0,0,0,0,0,0,0,0,0,0,0,0,0,0,0,0,0,0,0,0,0,0,0,0,0,0,0,0,0,0,0,0,0,0,0,0,0,0,0,0,0,0,0,0,0,0,0,0,0,0,0,0,0,0,0,0,0,0,0,0,0,0,0,0,0,0,0,0,0,0,0,0,0,0,0,0,0,0,0,0,0,0,0,0,0,0,0,0,0,0,0,0,0,0,0,0,0,0,0,0,0,0,0,0,0,0,0,0,0,0,0,0,0,0,0,0,0,0,0,0,0,0,0,0,0,0,0,0,0,0,0,0,0,0,0,0,0,0,0,0,0,0,0,0,0,0,0,0,0,0,0,0,0,0,0,0,0,0,0,0,0,0,0,0,0,0,0,0,0,0,2,0,0,0,0,0,0,0,0,0,0,2,0,2,1,1,0,0,1,2,0,2,2,1,0,2,8,11,6,13,16,19,10,13,18,24,14,14,10,15,11,21,25,24,24,32,43,35,57,50,82,74,50,66,67,57,60,66,56,82,97,68,92,123,123,153,138,216,149,200,214,210,219,204,232,279,298,261,292,286,269,338,378,389,433,398,448,583,542,634,550,573,583,590,733,769,805,1049,1055,1212,1496,1577,1715,1851,2258,2348,2539,3052,3340,3942,4196,4659,4475,4691,4765,5256,6388,23074,34181,33028,29641,24593,21285
3504,Oral Surgery,Dentistry,Health Sciences,0,0,0,0,0,0,0,0,0,0,0,0,0,0,0,0,0,0,0,0,0,0,0,0,0,0,0,0,0,0,0,0,0,0,0,0,0,0,0,0,0,0,0,0,0,0,0,0,0,0,0,0,0,0,0,0,0,0,0,0,0,0,0,0,0,0,0,0,0,0,0,0,0,0,0,0,0,0,0,0,0,0,0,0,0,0,0,0,0,0,0,0,0,0,0,0,0,0,0,0,0,0,0,0,0,0,0,0,0,0,0,0,0,0,0,0,0,0,0,0,0,0,0,0,0,0,0,0,0,0,0,0,0,0,0,0,0,0,0,0,0,0,0,0,0,0,0,0,0,0,0,0,0,0,0,0,0,0,0,0,0,0,0,0,0,0,0,0,0,0,0,0,0,0,0,0,0,0,0,0,0,0,0,0,0,0,0,0,1,0,0,1,0,4,1,4,0,2,1,2,5,0,6,2,3,5,3,4,2,3,3,8,9,9,13,6,13,15,14,18,14,26,25,36,32,25,63,30,72,87,111,121,121,115,145,117,168,176,186,205,204,183,203,159,170,180,177,210,328,413,359,464,483,572,547,670,688,755,808,822,960,1092,1004,1369,1203,1389,1668,1675,1892,1866,2507,2194,2811,2610,3197,3363,3545,4084,3984,4493,4697,5291,5761,6157,6927,7917,8119,8831,8955,9266,9972,10454,11489,11744,12552,12993,16090,17815,18315,20222,32593,28620,33656,39880,46949,50032,58710,70137,79693,89782,109694,127789,140931,149470,173661,177982,171768,174288,184508,204803,242349,286068,288232,303161,306654,281601
3505,Orthodontics,Dentistry,Health Sciences,0,0,0,0,0,0,0,0,0,0,0,0,0,0,0,0,0,0,0,0,0,0,0,0,0,0,0,0,0,0,0,0,0,0,0,0,0,0,0,0,0,0,0,0,0,0,0,0,0,0,0,0,0,0,0,0,0,0,0,0,0,0,0,0,0,0,0,0,0,0,0,0,0,0,0,0,0,0,0,0,0,0,0,0,0,0,0,0,0,0,0,0,0,0,0,0,0,0,0,0,1,0,0,0,0,0,0,0,0,0,0,0,0,0,0,0,0,0,0,0,0,0,0,0,0,0,0,0,0,0,0,0,0,0,0,0,0,0,0,0,0,0,0,0,0,0,0,0,0,0,0,0,0,0,0,0,0,0,0,0,0,0,0,0,0,0,0,0,0,0,0,0,0,0,0,0,1,0,0,0,0,0,0,1,0,0,0,0,0,0,0,0,0,0,0,0,0,0,0,1,0,1,0,0,2,3,0,2,1,4,14,2,1,1,0,1,28,1,5,7,6,2,4,7,10,17,13,9,17,13,21,31,47,50,61,44,21,35,52,71,83,62,85,82,65,90,95,122,163,194,216,221,282,309,264,358,384,376,329,404,507,535,529,591,644,661,940,767,977,910,1238,1487,1540,1569,1834,2038,2079,2320,2682,2703,2941,3208,3364,3472,3949,4426,4779,5320,5681,6572,7239,7373,8520,8108,8899,9311,11330,13044,12717,15428,25203,19886,23311,31538,35838,43661,48621,61235,63447,75517,84435,94674,108892,116583,124674,134943,132232,134614,150236,162522,188721,226447,231797,244358,241580,226766
3506,Periodontics,Dentistry,Health Sciences,0,0,0,0,0,0,0,0,0,0,0,0,0,0,0,0,0,0,0,0,0,0,0,0,0,0,0,0,0,0,0,0,0,0,0,0,0,0,0,0,0,0,0,0,0,0,0,0,0,0,0,0,0,0,0,0,0,0,0,0,0,0,0,0,0,0,0,0,0,0,0,0,0,0,0,0,0,0,0,0,0,0,0,0,0,0,0,0,0,0,0,0,0,0,0,0,0,0,0,0,0,0,1,0,0,0,0,0,0,0,0,0,0,0,0,0,0,0,0,0,0,0,0,0,0,0,0,0,0,0,0,0,0,0,0,0,0,0,0,0,0,0,0,0,0,0,0,0,0,0,0,1,0,0,0,0,0,0,0,0,0,0,0,0,0,0,0,1,0,0,0,1,0,0,0,0,1,1,0,0,1,1,0,0,1,0,2,0,1,4,1,0,0,0,0,8,2,1,2,5,32,4,8,2,8,4,5,4,17,8,26,21,21,9,26,4,20,8,11,14,20,32,28,32,45,59,60,60,109,92,113,119,153,185,148,156,109,138,203,226,179,242,219,247,266,193,203,334,384,440,449,437,582,520,564,578,616,658,651,688,863,839,852,1099,1057,1398,1811,1594,1873,1952,2782,2517,2866,3191,4001,4164,4609,5253,5663,6516,6765,7750,8185,8344,9687,11227,12919,12007,13140,13687,15688,16409,18464,17241,19709,19707,24620,21955,24221,23438,30671,30701,34189,39417,44736,50083,54082,58903,65794,76942,92748,96758,120267,121354,136140,136556,136942,142696,153915,178195,227470,255942,255983,271231,276314,276303
3600,General Health Professions,Health Professions,Health Sciences,0,0,0,0,0,0,0,0,0,0,0,0,0,0,0,0,0,0,0,0,0,0,0,0,0,0,0,0,0,0,0,0,0,0,0,0,0,0,0,0,0,0,0,0,0,0,0,0,0,0,0,0,0,0,0,0,0,0,0,0,0,0,0,0,0,0,0,0,0,0,0,0,0,0,0,0,0,0,0,0,0,0,0,0,0,0,0,0,0,0,0,0,0,0,0,0,0,0,1,0,0,0,0,1,0,0,0,0,0,0,0,0,0,0,0,0,0,0,0,1,0,0,0,0,0,0,0,0,1,3,0,0,0,1,0,1,0,0,1,1,3,0,1,6,4,1,0,12,4,2,1,0,4,1,7,2,2,3,5,1,5,0,6,2,8,1,6,9,6,10,3,10,8,7,6,15,13,6,22,17,13,20,24,29,23,27,23,30,48,44,42,74,63,64,53,58,71,86,85,114,212,135,212,154,159,252,172,216,194,173,251,398,355,441,518,266,218,300,204,360,834,582,634,770,648,777,1044,1073,1237,1406,1351,1408,1394,1380,1273,1230,1276,1467,1542,1748,1551,1250,1257,1162,1116,967,1013,1315,1605,1744,2207,2135,2487,2909,3171,3411,3352,3460,3827,3879,4545,4346,4598,4940,5230,7125,6966,7363,8390,9100,11769,10186,11849,12850,14058,14282,16612,18774,21421,23846,26585,27601,32753,33989,36655,40018,42845,47274,51859,55083,62281,68703,73651,78658,84702,94742,106410,121935,132507,147240,186541,191902,215571,249521,275076,309950,348264,389964,441537,494264,543547,593398,672059,740672,799186,832403,845339,883766,939468,1100716,1378964,1544036,1514845,1569206,1511810,1464805
3603,Complementary and Manual Therapy,Health Professions,Health Sciences,0,0,0,0,0,0,0,0,0,0,0,0,0,0,0,0,0,0,0,0,0,0,0,0,0,0,0,0,0,0,0,0,0,0,0,0,0,0,0,0,0,0,0,0,0,0,0,0,0,0,0,0,0,0,0,0,0,0,0,0,0,0,0,0,0,0,0,0,0,0,0,0,0,0,0,0,0,0,0,0,0,0,0,0,0,0,0,0,0,0,0,0,0,0,0,0,0,0,0,0,0,0,0,0,0,0,0,0,0,0,0,0,0,0,0,0,0,0,0,0,0,0,0,0,0,0,0,0,0,0,0,0,0,0,0,1,0,0,0,0,0,1,0,0,0,0,0,0,1,0,0,0,2,0,0,0,0,0,0,0,0,0,0,1,0,0,0,0,2,0,0,0,1,1,2,0,0,0,2,0,0,0,1,2,0,2,2,1,1,5,3,2,0,2,3,1,0,3,5,1,6,11,9,10,3,5,13,3,14,21,21,29,18,23,12,7,18,12,10,18,17,23,30,43,51,24,71,65,72,149,137,115,106,85,74,84,78,100,132,128,110,98,105,74,84,56,50,65,89,103,191,159,250,295,276,267,318,403,291,349,393,310,370,477,483,521,512,572,606,565,659,808,889,903,882,1191,1113,1383,1491,1664,1734,1866,2330,2525,2945,3273,3577,3591,3607,3864,4322,4172,4163,4326,4143,5041,5079,5966,5182,5864,10970,7828,8746,9586,11130,11165,13821,16185,17649,18230,21468,22975,27124,27691,29253,31650,30631,32549,35391,39582,46300,57171,57250,62532,64235,60976
3604,Emergency Medical Services,Health Professions,Health Sciences,0,0,0,0,0,0,0,0,0,0,0,0,0,0,0,0,0,0,0,0,0,0,0,0,0,0,0,0,0,0,0,0,0,0,0,0,0,0,0,0,0,0,0,0,0,0,0,0,0,0,0,0,0,0,0,0,0,0,0,0,0,0,0,0,0,0,0,0,0,0,0,0,0,0,0,0,0,0,0,0,0,0,0,0,0,0,0,0,0,0,0,0,0,0,0,0,0,0,0,0,0,0,0,0,0,0,0,0,0,0,0,0,0,0,0,0,0,0,0,0,0,0,0,0,0,0,0,0,0,0,0,0,0,0,0,0,0,0,0,0,0,0,0,0,0,0,0,0,0,0,0,0,0,0,0,0,0,1,0,0,0,0,0,0,0,0,0,2,0,1,1,0,0,3,2,0,1,0,0,2,8,1,0,0,2,3,3,0,2,4,2,8,4,4,5,13,6,6,7,16,10,18,11,8,11,16,25,7,35,35,25,33,38,39,39,18,25,30,44,71,94,67,97,62,92,97,145,126,152,171,175,248,238,223,211,232,221,222,230,279,268,248,283,258,290,236,244,356,327,385,467,389,526,572,627,585,771,758,821,809,1046,903,1002,996,1176,1330,1483,1635,1884,1966,2503,2409,2731,3055,3134,3026,3625,3700,4316,4779,4770,5329,5998,6713,7311,8062,8578,8823,9736,10641,10794,11966,12540,12655,14159,15817,17826,17660,21387,22964,31612,29554,34894,40941,44120,52673,60819,67077,76810,87111,95301,104453,115005,121757,131787,137726,138123,141152,141753,163244,213630,224936,210464,212348,216241,202688
3605,Health Information Management,Health Professions,Health Sciences,0,0,0,0,0,0,0,0,0,0,0,0,0,0,0,0,0,0,0,0,0,0,0,0,0,0,0,0,0,0,0,0,0,0,0,0,0,0,0,0,0,0,0,0,0,0,0,0,0,0,0,0,0,0,0,0,0,0,0,0,0,0,0,0,0,0,0,0,0,0,0,0,0,0,0,0,0,0,0,0,0,0,0,0,0,0,0,0,0,0,0,0,0,0,0,0,0,0,0,0,0,0,0,0,0,0,0,0,0,0,0,0,0,0,0,0,0,0,0,0,0,0,0,0,0,0,0,0,0,0,0,0,0,0,0,0,0,0,0,0,0,0,0,0,0,0,1,0,0,0,0,0,0,0,0,0,0,0,0,1,0,1,1,1,0,0,1,1,0,0,1,1,1,0,0,1,1,1,1,2,0,2,5,1,0,0,1,1,1,3,1,7,4,1,1,3,3,9,10,3,11,9,6,5,4,18,8,5,5,3,9,9,5,13,6,3,13,7,6,11,15,12,15,22,20,25,26,28,33,33,44,60,60,53,69,42,67,60,69,63,66,56,67,52,47,68,66,107,88,98,119,125,168,159,176,209,202,231,256,282,357,308,334,431,509,607,549,611,682,688,1102,846,973,1057,1178,1191,1383,1540,1610,1832,1826,2056,2265,2390,2682,2812,3088,3269,3864,3737,4275,5022,4899,5470,6060,7179,7404,8197,9003,9667,11748,12023,14221,16907,18732,22668,26061,28410,31843,38611,44623,52041,56871,66007,70588,74096,72549,75797,82354,99465,122637,144007,150200,170811,178828,176008
3607,Medical Laboratory Technology,Health Professions,Health Sciences,0,0,0,0,0,0,0,0,0,0,0,0,0,0,0,0,0,0,0,0,0,0,0,0,0,0,0,0,0,0,0,0,0,0,0,0,0,0,0,0,0,0,0,0,0,0,0,0,0,0,0,0,0,0,0,0,0,0,0,0,0,0,0,0,0,0,0,0,0,0,0,0,0,0,0,0,0,0,0,0,0,0,0,0,0,0,0,0,0,0,0,0,0,0,0,0,0,0,0,0,0,0,0,0,0,0,0,0,0,0,0,0,0,0,0,0,0,0,0,0,0,0,0,0,0,0,0,0,0,0,0,0,0,0,0,0,0,0,0,0,0,0,0,0,0,0,0,0,0,0,0,0,0,0,0,0,0,0,0,0,0,0,0,0,0,0,0,0,0,0,0,0,0,1,0,0,0,0,0,0,0,0,0,0,0,0,0,0,0,0,1,0,0,0,0,0,3,0,2,1,0,0,0,0,0,1,2,0,2,2,3,4,0,0,0,3,1,9,4,1,3,3,1,5,3,5,7,8,8,8,11,8,15,6,12,14,19,8,23,25,20,32,26,26,22,26,34,28,32,43,67,65,96,105,88,110,137,104,96,116,109,92,95,112,142,130,159,202,203,233,309,279,280,361,403,400,484,485,514,506,558,582,723,742,753,836,877,912,1078,1082,1190,1312,1570,1395,1398,1609,1652,1842,1799,1831,2325,2253,2787,2931,3380,3711,4027,4373,4900,5323,6036,6473,7802,8194,8787,9155,8955,9061,9428,11371,13053,14454,13502,14824,15157,14420
3608,Medical Terminology,Health Professions,Health Sciences,0,0,0,0,0,0,0,0,0,0,0,0,0,0,0,0,0,0,0,0,0,0,0,0,0,0,0,0,0,0,0,0,0,0,0,0,0,0,0,0,0,0,0,0,0,0,0,0,0,0,0,0,0,0,0,0,0,0,0,0,0,0,0,0,0,0,0,0,0,0,0,0,0,0,0,0,0,0,0,0,0,0,0,0,0,0,0,0,0,0,0,0,0,0,0,0,0,0,0,0,0,0,0,0,0,0,0,0,0,0,0,0,0,0,0,0,0,0,0,0,0,0,0,0,0,0,0,0,0,0,0,0,0,0,0,0,0,0,1,0,0,0,0,0,0,0,1,0,0,0,0,0,0,0,0,0,0,0,0,0,0,0,0,0,0,0,0,0,0,0,1,0,0,0,0,0,1,0,1,0,2,0,1,0,2,3,1,0,1,1,1,1,0,1,1,0,3,0,4,6,8,3,2,2,3,3,2,3,3,4,3,7,6,4,5,2,3,4,2,3,4,2,6,5,12,8,12,9,17,18,13,6,22,17,19,17,30,14,26,18,21,20,18,17,9,17,35,24,36,41,38,65,42,73,70,80,88,84,76,101,100,96,104,112,118,123,153,163,154,159,203,176,198,209,234,248,242,284,267,303,309,269,333,344,329,313,360,372,388,475,545,614,583,506,542,513,512,496,534,545,757,681,989,956,1117,1338,1364,1331,1395,1430,1436,1419,1496,1585,1523,1459,1394,1370,1296,1964,1605,1584,1302,1198,982,869
3609,Occupational Therapy,Health Professions,Health Sciences,0,0,0,0,0,0,0,0,0,0,0,0,0,0,0,0,0,0,0,0,0,0,0,0,0,0,0,0,0,0,0,0,0,0,0,0,0,0,0,0,0,0,0,0,0,0,0,0,0,0,0,0,0,0,0,0,0,0,0,0,0,0,0,0,0,0,0,0,0,0,0,0,0,0,0,0,0,0,0,0,0,0,0,0,0,0,0,0,0,0,0,0,0,0,0,0,0,0,0,0,0,0,0,0,0,0,0,0,0,0,0,0,0,0,0,0,0,0,0,0,0,0,0,0,0,0,0,0,0,0,0,0,0,0,0,0,0,0,0,0,0,0,0,0,0,0,0,0,0,0,0,0,0,0,0,0,0,0,0,0,0,0,0,0,0,0,1,0,0,0,0,0,0,0,0,0,0,0,0,0,0,0,1,2,0,0,1,0,0,0,1,0,0,0,0,0,0,0,0,0,0,1,1,1,0,2,0,0,6,1,1,5,0,2,7,3,4,2,5,6,7,13,12,10,5,9,11,6,15,18,14,17,15,22,13,15,21,29,35,45,25,57,53,52,75,76,89,75,102,87,110,110,80,99,109,131,136,144,165,167,202,182,193,217,222,263,287,331,325,343,464,416,468,589,541,650,731,787,832,962,1084,1267,1599,1547,1909,2099,2554,2788,3052,3164,3852,4137,4739,4729,5265,5851,6872,7257,7751,8637,11509,11854,12469,14413,16504,18877,22084,24850,28042,31368,36840,41247,44447,50428,55975,59704,57989,59880,65048,75394,95062,108587,111156,119800,110836,102677
3611,Pharmacy,Health Professions,Health Sciences,0,0,0,0,0,0,0,0,0,0,0,0,0,0,0,0,0,0,0,0,0,0,0,0,0,0,0,0,0,0,0,0,0,0,0,0,0,0,0,0,0,0,0,0,0,0,0,0,0,0,0,0,0,0,0,0,0,0,0,0,0,0,0,0,0,0,0,0,0,0,0,0,0,0,0,0,0,0,0,0,0,0,0,0,0,0,0,0,0,0,0,0,0,0,0,0,0,0,0,0,0,0,0,0,0,0,0,0,0,0,0,0,0,0,0,0,0,0,0,0,0,0,0,0,0,0,0,0,0,0,0,0,0,0,0,3,0,0,0,0,1,0,0,0,0,1,0,0,1,1,1,0,0,0,0,0,0,0,1,0,0,0,0,1,1,1,0,0,1,1,1,0,1,0,1,0,3,2,5,2,0,1,6,3,5,2,6,4,5,1,3,6,7,7,10,6,7,12,5,50,6,19,21,18,20,31,15,22,27,29,28,60,45,67,89,19,36,52,36,79,96,103,108,113,122,164,201,187,224,298,244,247,278,231,243,250,262,247,288,326,276,247,208,196,211,157,158,226,257,382,392,434,601,618,555,608,599,609,658,739,963,914,963,1054,1134,1678,1552,1488,1697,1656,2102,1986,2143,2369,2584,2584,3406,3347,3805,4165,4460,4636,5826,5676,6233,6672,6920,7281,7965,9056,9239,10067,10448,10128,11106,11541,12535,13121,14039,14735,17745,18138,19637,22883,25252,28088,29473,34082,36224,37851,42289,46310,51342,56327,58752,59703,60500,60024,62167,70627,84290,86691,82002,82277,82717,80480
3612,"Physical Therapy, Sports Therapy and Rehabilitation",Health Professions,Health Sciences,0,0,0,0,0,0,0,0,0,0,0,0,0,0,0,0,0,0,0,0,0,0,0,0,0,0,0,0,0,0,0,0,0,0,0,0,0,0,0,0,0,0,0,0,0,0,0,0,0,0,0,0,0,0,0,0,0,0,0,0,0,0,0,0,0,0,0,0,0,0,0,0,0,0,0,0,0,0,0,0,0,0,0,0,0,0,0,0,0,0,0,0,0,0,0,0,0,0,0,0,0,0,0,0,0,0,0,0,0,0,0,0,0,0,0,0,0,0,0,0,0,0,0,0,0,0,0,0,0,0,0,0,0,0,0,0,0,0,0,0,0,0,0,1,0,0,0,0,1,1,0,0,0,0,0,0,0,0,0,0,2,0,1,1,4,1,0,0,1,2,0,3,1,3,2,4,2,2,9,10,7,0,11,10,12,6,5,6,15,19,16,14,21,15,15,13,22,42,35,42,36,35,89,61,72,65,75,71,70,94,91,183,105,146,176,81,89,88,103,130,234,240,233,228,244,274,463,426,469,550,505,642,464,577,429,355,494,465,443,452,426,409,329,332,308,128,152,193,254,348,405,399,493,613,597,614,739,595,732,733,958,738,787,769,759,813,910,966,1099,1151,1126,886,1146,1037,1161,1005,1142,1158,1231,1263,1479,1509,1621,1657,1986,2075,2234,2244,2533,2983,3289,3541,5462,4430,4763,5838,7731,7944,8791,10013,13545,14549,16152,21408,23725,29507,34501,40857,49163,53696,61665,74535,81852,93998,103022,108640,112095,118147,129810,145078,173407,193428,201513,208154,201830,192283
3614,Radiological and Ultrasound Technology,Health Professions,Health Sciences,0,0,0,0,0,0,0,0,0,0,0,0,0,0,0,0,0,0,0,0,0,0,0,0,0,0,0,0,0,0,0,0,0,0,0,0,0,0,0,0,0,0,0,0,0,0,0,0,0,0,0,0,0,0,0,0,0,0,0,0,0,0,0,0,0,0,0,0,0,0,0,0,0,0,0,0,0,0,0,0,0,0,0,0,0,0,0,0,0,0,0,0,0,0,0,0,0,0,0,0,0,0,0,0,0,0,0,0,0,0,0,0,0,0,0,0,0,0,0,0,0,0,0,0,0,0,0,0,0,0,0,0,0,0,0,0,0,0,0,0,0,0,0,0,0,0,0,0,0,0,0,0,0,0,0,0,0,0,0,0,0,0,0,0,0,0,0,0,0,0,0,0,0,1,0,0,0,0,0,1,0,0,0,1,0,0,0,0,0,0,0,0,0,0,0,0,0,0,0,2,15,2,3,0,6,6,1,3,5,1,3,8,13,10,15,8,8,8,4,7,28,6,10,12,15,7,15,42,22,22,20,31,33,49,33,58,49,43,87,69,71,69,60,59,85,63,84,92,130,148,178,193,173,206,214,284,306,271,313,364,413,479,444,503,648,702,838,770,832,837,1149,965,1200,1378,1452,1368,1562,1607,1759,1990,2353,2596,2961,3025,3544,3598,4229,4430,5103,4891,5908,6410,7071,7143,8080,9398,9938,10429,10328,11477,14769,15823,17408,19147,20915,25823,27127,30363,34221,37410,45266,49570,56910,60071,64295,68993,69984,73665,82323,95813,117881,137501,143229,148203,152964,155950
3616,Speech and Hearing,Health Professions,Health Sciences,0,0,0,0,0,0,0,0,0,0,0,0,0,0,0,0,0,0,0,0,0,0,0,0,0,0,0,0,0,0,0,0,0,0,0,0,0,0,0,0,0,0,0,0,0,0,0,0,0,0,0,0,0,0,0,0,0,0,0,0,0,0,0,0,0,0,0,0,0,0,0,0,0,0,0,0,0,0,0,0,0,0,0,0,0,0,0,0,0,0,0,0,0,0,0,0,0,0,0,0,0,0,0,0,0,0,0,0,0,0,0,0,0,0,0,0,0,0,0,0,0,0,0,0,0,0,0,0,0,0,0,0,0,0,0,0,0,0,0,0,0,0,0,0,0,1,2,0,1,0,1,0,0,0,0,0,0,0,0,0,0,0,1,0,0,0,0,1,0,0,0,0,2,0,0,1,2,1,1,2,1,1,2,3,4,5,2,2,8,10,7,5,11,6,7,9,12,6,6,9,16,16,52,28,24,26,23,15,25,26,41,46,35,42,52,35,41,31,23,35,55,61,74,97,104,115,156,165,204,246,237,258,281,289,274,349,334,297,320,398,293,280,271,262,241,169,209,257,279,362,501,479,547,756,752,718,811,900,1015,1048,1093,1128,1225,1291,1394,1817,1636,1989,2174,2192,2878,2406,2682,2899,3306,3214,4057,3904,4581,4741,5434,6360,6264,6420,7439,7441,7929,8479,9201,10696,10732,11654,11593,12294,13005,13973,15185,16446,17701,20139,26035,23107,26661,29234,32546,35055,41374,44284,50730,55925,60408,66338,75642,83158,90958,95096,94418,99389,110965,124907,154070,172993,171183,179084,182733,176042
