subfield_id,subfield,field,domain,1700,1701,1702,1703,1704,1705,1706,1707,1708,1709,1710,1711,1712,1713,1714,1715,1716,1717,1718,1719,1720,1721,1722,1723,1724,1725,1726,1727,1728,1729,1730,1731,1732,1733,1734,1735,1736,1737,1738,1739,1740,1741,1742,1743,1744,1745,1746,1747,1748,1749,1750,1751,1752,1753,1754,1755,1756,1757,1758,1759,1760,1761,1762,1763,1764,1765,1766,1767,1768,1769,1770,1771,1772,1773,1774,1775,1776,1777,1778,1779,1780,1781,1782,1783,1784,1785,1786,1787,1788,1789,1790,1791,1792,1793,1794,1795,1796,1797,1798,1799,1800,1801,1802,1803,1804,1805,1806,1807,1808,1809,1810,1811,1812,1813,1814,1815,1816,1817,1818,1819,1820,1821,1822,1823,1824,1825,1826,1827,1828,1829,1830,1831,1832,1833,1834,1835,1836,1837,1838,1839,1840,1841,1842,1843,1844,1845,1846,1847,1848,1849,1850,1851,1852,1853,1854,1855,1856,1857,1858,1859,1860,1861,1862,1863,1864,1865,1866,1867,1868,1869,1870,1871,1872,1873,1874,1875,1876,1877,1878,1879,1880,1881,1882,1883,1884,1885,1886,1887,1888,1889,1890,1891,1892,1893,1894,1895,1896,1897,1898,1899,1900,1901,1902,1903,1904,1905,1906,1907,1908,1909,1910,1911,1912,1913,1914,1915,1916,1917,1918,1919,1920,1921,1922,1923,1924,1925,1926,1927,1928,1929,1930,1931,1932,1933,1934,1935,1936,1937,1938,1939,1940,1941,1942,1943,1944,1945,1946,1947,1948,1949,1950,1951,1952,1953,1954,1955,1956,1957,1958,1959,1960,1961,1962,1963,1964,1965,1966,1967,1968,1969,1970,1971,1972,1973,1974,1975,1976,1977,1978,1979,1980,1981,1982,1983,1984,1985,1986,1987,1988,1989,1990,1991,1992,1993,1994,1995,1996,1997,1998,1999,2000,2001,2002,2003,2004,2005,2006,2007,2008,2009,2010,2011,2012,2013,2014,2015,2016,2017,2018,2019,2020,2021,2022,2023,2024,2025
1100,General Agricultural and Biological Sciences,Agricultural and Biological Sciences,Life Sciences,0,0,0,0,0,0,0,0,0,0,0,1,0,0,0,0,0,0,0,0,0,0,0,0,0,0,0,0,0,0,0,0,0,0,0,0,0,0,0,0,0,0,0,0,0,0,0,0,0,0,0,0,0,0,0,0,0,0,0,1,0,0,2,0,0,0,0,0,0,0,0,1,1,0,0,0,0,0,0,1,0,0,0,3,0,0,1,0,1,4,0,0,1,1,0,0,5,4,3,1,13,4,3,1,2,6,2,5,6,0,1,4,3,4,3,7,2,2,3,4,8,3,7,18,15,7,5,18,20,20,4,37,7,10,13,22,22,12,25,16,27,23,28,25,26,24,47,32,48,47,44,46,38,50,23,59,62,59,67,51,53,56,64,53,48,54,40,50,70,72,73,70,64,66,54,67,64,79,83,113,105,78,109,93,85,94,118,93,155,138,138,128,123,184,123,167,226,240,245,228,214,213,252,295,238,258,264,294,330,338,363,406,457,448,364,414,419,414,389,369,444,421,449,487,505,513,571,567,563,673,714,659,575,577,602,591,663,652,737,777,1045,713,715,599,559,581,666,729,736,922,1301,991,994,1048,1036,1143,1145,1195,1338,1336,2383,1542,1616,1914,2150,2175,1969,2075,2481,3064,5167,3111,2940,3069,3105,3240,3376,3555,3598,3788,6533,3907,4021,3904,4364,4324,4945,4869,5129,5169,8065,5551,5923,6040,6488,6516,6798,6889,7399,7595,10877,9504,10486,10717,11452,12467,13209,14691,16612,19418,21554,22489,25946,28318,30979,32684,34289,37247,39653,41700,40184,34906,31099,35100,37796,41670
1102,Agronomy and Crop Science,Agricultural and Biological Sciences,Life Sciences,0,0,0,0,0,0,0,1,0,0,0,0,0,0,0,0,0,0,0,0,0,0,0,0,0,0,0,0,0,0,0,0,0,0,0,0,0,0,0,0,0,0,0,0,0,0,0,0,0,0,0,0,0,0,0,0,0,0,0,0,0,0,0,0,0,0,0,0,0,0,0,0,0,0,0,0,0,0,0,0,0,0,0,0,0,1,0,0,0,1,0,0,0,0,0,0,0,0,1,2,4,4,3,2,0,0,0,0,2,1,2,3,1,3,0,1,1,2,3,2,0,1,2,0,3,4,3,0,7,2,0,1,3,2,4,6,5,7,24,15,11,21,21,21,14,18,20,36,23,32,28,34,43,41,25,15,25,39,22,35,24,14,20,14,19,20,24,17,31,29,31,26,22,27,40,51,54,44,55,43,55,53,57,58,59,65,82,75,92,87,87,97,89,81,73,116,97,78,93,86,157,149,117,127,112,120,131,161,157,157,175,190,200,241,217,206,195,265,192,202,236,233,257,250,303,295,292,336,298,346,432,500,472,546,476,519,544,507,618,572,1363,500,489,462,446,438,492,680,698,713,1840,820,836,918,965,1040,1110,1166,1345,1416,3492,1563,1667,1726,1779,2172,2327,2503,2611,2786,7145,2842,2727,2669,2840,3082,3128,3205,3267,3567,8885,3786,4018,4066,4414,4338,4718,4843,5187,5308,10151,5418,5488,5780,5951,6359,6340,6807,6783,6724,10607,8773,8761,9194,9792,10589,11381,12966,13994,16913,18486,18266,19263,19613,21735,21575,21629,21499,23258,23589,24675,23851,22048,21853,22629,23675
1103,Animal Science and Zoology,Agricultural and Biological Sciences,Life Sciences,0,0,0,0,0,0,0,0,0,0,0,0,0,1,0,0,0,0,0,0,0,0,0,0,0,0,0,0,0,0,0,0,0,1,0,0,0,0,0,0,0,0,0,0,0,0,0,0,1,0,0,0,0,0,0,0,0,0,2,0,0,0,0,0,0,0,0,0,0,0,0,0,1,0,0,0,0,0,0,0,1,0,0,0,0,0,1,0,0,0,1,1,0,1,0,0,0,2,2,1,4,1,3,2,3,2,4,0,3,0,2,3,2,1,3,2,0,0,1,3,1,0,0,1,2,1,4,3,1,2,3,8,3,4,1,1,2,10,6,1,10,4,9,12,6,6,8,5,11,11,16,20,8,12,17,15,14,12,11,17,4,11,6,15,6,22,10,22,16,20,17,17,13,17,11,19,20,23,27,30,33,31,23,34,46,26,45,25,30,33,44,46,30,36,44,38,43,56,44,68,90,79,72,70,44,77,76,93,116,109,114,124,141,157,151,166,142,135,150,166,193,173,218,210,239,258,278,345,344,391,436,524,642,616,618,617,691,659,663,712,794,586,600,555,539,521,722,841,924,915,1256,1042,1167,1246,1341,1371,1497,1679,1787,1883,2485,2170,2324,2730,2826,2840,2974,3343,3454,3681,4897,3826,3721,3509,3470,3653,3703,3743,4010,3999,6004,4380,4375,4137,4608,4564,4577,4810,4813,4789,6723,5018,5051,5158,5293,5447,5704,5768,6218,6114,8415,6935,7558,8267,8758,9735,10397,11418,12192,14689,15595,15300,15390,15885,16993,17078,16317,16926,17085,17992,18550,18272,16999,17141,18419,19395
1104,Aquatic Science,Agricultural and Biological Sciences,Life Sciences,0,0,0,0,1,0,0,0,0,0,0,0,0,0,0,0,0,1,0,0,0,0,0,0,0,0,0,0,0,0,0,0,0,0,1,0,0,0,0,0,0,0,0,0,0,0,0,0,0,0,0,0,0,0,1,0,0,0,0,0,0,0,0,0,0,0,0,1,0,0,1,0,1,0,0,0,0,0,1,0,0,1,0,0,0,0,0,0,0,1,1,2,1,1,2,0,4,1,3,2,4,8,0,6,2,2,5,0,0,4,0,0,2,0,0,2,1,0,0,0,1,0,3,0,1,0,1,3,4,2,5,4,5,2,10,2,4,13,17,11,12,12,24,13,7,11,6,9,16,7,17,13,18,18,24,14,19,24,20,19,26,15,18,23,13,25,28,31,27,25,28,24,31,40,25,20,23,33,46,40,59,50,54,62,58,36,32,47,54,46,54,36,53,51,40,46,46,70,64,52,73,67,85,85,85,92,82,112,105,116,103,109,112,97,86,78,69,89,68,62,84,100,107,92,105,97,108,116,105,129,157,155,161,173,175,211,203,198,201,196,198,169,151,110,114,104,127,158,176,207,265,290,327,341,374,391,352,403,412,449,523,535,558,654,677,664,795,853,877,973,1253,987,1084,1235,1216,1281,1401,1435,1550,1523,2002,1731,1873,1771,1933,2083,2165,2141,2143,2409,2530,2376,2501,2673,2732,2855,3224,3010,3463,3432,5027,4184,4432,4666,5140,5471,6547,6873,7567,8657,9258,9647,10916,11628,12424,13593,14247,15161,14397,15530,16196,15255,14643,15984,15590,19190
1105,"Ecology, Evolution, Behavior and Systematics",Agricultural and Biological Sciences,Life Sciences,4,2,1,2,0,3,2,0,0,0,0,4,1,0,0,2,0,1,3,1,1,2,0,0,1,1,2,0,0,1,1,1,2,2,4,1,0,1,6,0,1,1,3,6,5,7,2,3,2,0,5,2,4,2,4,4,0,4,3,2,1,7,3,5,7,11,6,9,6,4,7,10,1,2,0,17,8,5,7,9,8,12,5,9,4,14,10,6,11,14,31,30,48,36,29,10,51,47,41,42,98,62,53,54,40,59,62,29,33,30,25,35,29,28,27,20,39,32,39,32,21,54,53,53,96,86,44,85,93,102,109,78,76,115,118,133,186,201,192,172,204,204,254,202,224,234,247,240,403,249,244,265,322,317,340,275,375,370,457,372,395,354,424,425,395,398,390,474,549,564,538,543,538,658,683,643,719,725,700,832,835,861,818,836,920,921,974,1081,989,1001,1029,1012,1034,1075,1179,1188,1294,1247,1286,1302,1500,1375,1431,1459,1476,1546,1774,1739,1779,1798,2082,1999,2031,2103,2057,1798,1802,1655,1493,1598,1994,2065,2200,2126,2369,2222,2373,2378,2383,2481,2970,2739,2706,2609,2649,2744,2915,2866,2856,2744,3164,2264,2111,1963,1627,1690,2006,2299,2654,2652,3924,3518,3728,3743,4072,4127,4303,4245,4393,4537,5862,5061,5179,5784,5874,6382,6711,6732,7238,7442,9627,7844,8044,8109,8400,8627,8671,9329,9300,10086,13022,10926,10802,11116,11956,12135,13188,13315,13640,13881,17652,14640,15406,15835,16463,16708,18453,17490,19790,18599,23624,21441,22980,24531,28410,27653,31155,34859,48323,43235,45592,43863,46596,48311,49317,49630,57531,53193,52954,60248,58624,54016,47084,52370,45003,49037
1106,Food Science,Agricultural and Biological Sciences,Life Sciences,0,0,0,0,0,0,0,1,0,0,0,0,0,0,0,0,0,0,0,0,0,0,0,0,0,0,0,1,1,0,2,0,0,1,0,0,0,0,0,0,0,0,0,0,0,2,2,0,0,1,1,1,0,4,0,1,1,1,0,1,0,1,0,3,0,0,0,0,0,1,3,0,0,1,0,0,0,0,4,0,0,1,2,0,1,0,2,1,2,0,0,1,0,3,6,1,7,2,2,8,15,25,5,5,11,9,5,2,3,12,13,16,8,9,9,10,5,5,1,5,11,7,6,4,6,14,9,11,29,23,11,16,27,31,15,24,16,46,34,25,21,31,27,48,33,34,54,62,66,75,65,72,79,68,81,84,84,87,88,65,56,58,58,68,67,55,63,56,78,69,77,65,84,117,100,107,106,136,146,129,200,139,130,163,135,154,145,155,188,210,192,172,223,176,217,222,218,245,262,245,336,296,266,300,318,340,362,362,387,427,443,371,420,445,415,401,394,456,475,425,475,489,530,543,605,602,647,734,746,762,887,842,876,884,931,903,1016,1080,1084,1074,1516,1010,1039,1028,882,970,1113,1254,1331,1453,2450,1870,1987,2142,2245,2309,2285,2440,2616,2845,4217,3175,3189,4079,4555,4339,4100,4452,4793,4938,7707,4885,4711,4710,4958,5122,5118,5502,5677,5904,8585,6520,6625,6783,7122,7535,8076,7869,8390,8794,12010,9688,10265,10898,11563,12204,13430,13378,15176,15315,19852,18191,20555,22999,25237,27196,29694,33249,35973,43003,46335,48606,53071,55241,58126,60498,60981,62430,64458,68813,68641,64396,60583,63681,65554,68979
1107,Forestry,Agricultural and Biological Sciences,Life Sciences,0,0,0,0,0,0,0,0,0,0,0,0,0,0,0,0,0,0,0,0,0,0,0,0,0,0,0,0,0,0,0,0,0,0,0,0,0,0,0,2,0,0,0,0,0,0,0,0,0,0,0,0,0,0,0,1,0,1,1,1,1,0,0,1,0,0,0,0,2,0,0,1,0,0,0,1,0,1,0,0,0,0,1,0,1,0,0,0,0,0,3,0,0,2,1,2,0,1,0,2,9,11,5,2,3,5,0,1,1,3,0,2,3,1,1,2,1,0,0,3,3,0,4,0,2,8,2,8,5,4,10,4,2,6,7,2,5,32,5,5,9,2,8,6,8,9,8,12,17,12,8,7,11,9,11,23,9,23,11,18,25,11,21,26,11,13,19,12,25,26,11,16,30,41,25,22,31,25,43,25,34,26,36,31,26,33,40,44,39,32,39,34,43,47,37,58,57,60,48,62,90,71,86,68,68,72,94,81,85,80,102,95,93,135,214,260,225,177,273,230,256,231,253,267,232,275,292,292,258,265,345,273,372,310,303,351,361,356,340,347,430,303,282,262,222,237,307,387,378,430,569,453,453,485,456,536,479,531,471,533,786,525,625,541,581,614,546,524,547,616,1013,712,688,661,688,685,786,772,796,785,1288,988,991,1062,1018,1034,1235,1210,1348,1398,1896,1506,1695,1763,1843,1892,2383,2111,2577,2492,3289,3087,3277,3726,3843,4433,4932,5385,5969,6935,7596,8296,8720,9532,11024,11552,12393,13655,14879,15307,14356,12408,11066,11569,10463,12708
1108,Horticulture,Agricultural and Biological Sciences,Life Sciences,0,0,0,0,0,0,0,0,0,0,0,0,0,0,0,0,0,0,0,0,0,0,0,0,0,0,0,0,0,0,0,0,0,0,0,0,0,0,0,0,0,0,0,0,0,0,0,0,0,0,0,0,0,0,0,0,0,0,0,0,0,0,0,0,0,0,0,0,0,0,0,0,0,0,0,0,0,0,0,0,0,0,0,0,0,0,0,0,0,0,0,1,0,0,0,0,0,0,0,0,0,0,0,0,0,0,0,0,1,0,1,0,0,0,0,0,1,0,0,0,0,0,0,0,0,0,0,1,0,0,0,0,0,0,0,0,0,2,0,0,0,0,1,0,1,2,1,1,1,0,0,0,4,3,2,2,0,0,4,2,2,3,1,2,2,0,0,1,1,2,2,3,1,1,1,2,2,0,1,8,1,2,0,5,4,2,1,2,4,4,2,1,3,5,3,1,3,3,0,4,6,7,3,3,5,3,5,3,9,6,6,2,3,7,5,5,7,11,7,12,8,9,7,10,12,11,9,17,13,17,27,7,12,21,20,16,17,6,19,15,41,18,7,13,15,11,10,12,29,31,67,28,22,42,38,38,26,46,22,37,118,63,37,36,43,42,27,41,43,32,137,66,49,59,67,63,55,74,74,86,177,134,123,110,78,108,120,112,136,127,217,169,170,171,219,182,189,163,177,182,243,211,195,230,258,300,325,337,422,433,467,462,565,573,566,602,830,733,789,904,886,794,784,792,993,1335
1109,Insect Science,Agricultural and Biological Sciences,Life Sciences,1,0,0,0,1,0,0,0,0,0,0,0,0,0,0,0,0,0,0,1,0,0,0,0,0,0,0,0,0,0,1,0,0,0,0,0,0,0,0,0,0,0,0,1,0,1,0,0,0,0,0,1,0,0,0,1,0,0,1,1,0,0,1,1,1,0,0,0,0,2,1,0,0,0,1,0,1,1,1,1,0,0,1,1,0,0,2,0,0,0,1,1,4,6,3,0,2,2,5,5,11,10,9,7,5,6,1,1,4,1,3,3,0,3,2,2,0,2,1,4,9,4,4,3,2,9,9,8,5,13,14,12,10,14,16,12,17,24,18,25,23,19,20,22,19,22,25,27,62,18,29,30,45,46,48,48,40,40,50,28,37,39,32,33,45,51,35,51,59,50,66,66,82,63,64,67,57,75,74,97,101,102,115,116,114,118,81,100,85,100,124,104,114,125,123,116,144,155,122,157,164,150,180,147,161,180,167,183,268,275,300,307,343,374,375,370,377,366,312,391,519,458,509,464,505,519,554,565,581,649,781,649,684,654,708,695,786,749,688,647,1011,604,702,558,550,554,679,787,854,818,1355,1078,1107,1197,1211,1271,1383,1407,1544,1590,2359,1714,1776,1814,2012,2077,2305,2385,2496,2705,4004,2793,2802,2795,2887,2949,3152,3363,3450,3575,5165,3829,3962,4107,4392,4268,4895,5082,5076,5268,7432,5609,5798,5870,5958,6205,7203,6336,7642,7149,9486,8059,8871,9115,10762,10760,11932,12487,15448,15718,16031,16233,17382,17692,18547,18268,21890,20016,22330,23533,23763,23450,21416,22542,22444,24547
1110,Plant Science,Agricultural and Biological Sciences,Life Sciences,11,3,4,3,4,7,1,2,9,2,4,4,3,7,0,10,6,0,2,8,3,5,1,8,4,2,4,11,5,5,9,8,4,6,7,7,3,7,11,5,7,6,7,3,13,7,10,11,7,13,10,3,12,19,11,13,7,11,6,15,14,10,11,10,13,7,18,18,11,13,16,24,17,9,5,15,12,18,8,19,9,24,12,18,18,15,21,31,27,48,37,22,26,30,36,14,24,49,38,52,123,108,74,76,68,76,75,56,42,54,56,62,58,58,53,56,67,59,57,58,71,90,104,101,134,122,88,142,152,133,134,122,123,133,157,172,183,381,239,207,267,255,284,262,271,275,336,337,434,338,278,385,464,419,491,498,474,490,545,447,485,365,419,498,384,387,442,467,471,537,536,528,557,628,704,649,762,761,762,795,897,855,888,1030,1002,1066,999,1061,1129,1111,1123,1143,1202,1167,1155,1402,1469,1440,1555,1535,1997,1751,1761,1808,1694,1842,2017,2114,2075,2089,2541,2359,2438,2526,2380,2398,2447,2329,2155,2274,2650,2743,2976,3116,3427,3471,3633,3824,3750,3814,5084,4170,4144,3709,3729,3898,4259,4164,4242,4194,8290,3746,3443,3074,2801,2850,3269,3732,4181,4390,9491,5547,5695,6347,6459,6613,6909,7209,7490,8038,17337,8728,9170,10452,11126,11731,11903,12503,12870,14240,30323,14935,14914,15575,15655,16305,17112,18113,19119,19802,37017,22619,23185,24052,26199,25962,28170,28597,30440,32109,48481,33630,37959,39848,41988,43314,46235,45887,51682,48962,69565,59717,64061,67556,77099,77917,85043,93189,102769,114458,118921,120587,128248,129128,135613,137908,141179,139898,146874,158564,159117,150996,149760,161013,149154,168121
1111,Soil Science,Agricultural and Biological Sciences,Life Sciences,1,0,0,0,0,0,0,1,1,0,0,0,0,0,0,0,0,0,0,0,0,0,0,0,0,0,0,0,0,0,0,0,0,0,0,0,0,0,0,0,0,1,0,0,0,0,0,0,0,0,0,0,0,0,0,0,0,0,0,0,0,0,0,0,0,0,0,0,0,0,0,1,0,0,0,0,0,0,0,0,1,0,0,0,0,0,1,0,0,0,0,0,0,1,1,0,0,0,0,2,3,1,1,3,0,0,4,0,0,2,2,3,1,3,0,1,2,1,1,0,2,4,2,1,2,0,5,1,4,2,4,1,2,4,2,2,8,5,0,1,10,3,6,4,7,4,4,8,9,9,7,11,12,18,7,9,14,11,17,12,15,6,11,10,7,8,6,14,10,19,16,13,12,19,14,10,27,11,20,13,24,11,15,31,22,22,26,30,23,28,27,38,32,38,29,37,39,29,33,35,104,40,44,46,44,69,58,90,49,66,85,103,85,111,96,100,109,101,83,83,97,100,131,106,142,162,163,190,188,186,208,190,209,182,223,245,233,250,280,322,515,255,219,203,179,171,198,230,288,337,609,306,352,378,428,432,444,474,445,485,1141,611,698,715,823,798,816,799,930,984,2178,1012,1078,1153,1110,1132,1397,1479,1478,1628,3040,1917,2162,2176,2295,2565,2680,2789,2857,3015,4736,3267,3439,3869,3988,4423,4762,4863,5178,5415,7756,7339,7693,8089,8450,9508,10792,11846,13177,15725,17688,18198,19939,22198,24236,24143,24580,26722,27727,28382,27695,25527,24858,26202,27241,29189
1200,General Arts and Humanities,Arts and Humanities,Social Sciences,0,0,0,0,0,1,0,0,1,0,0,0,0,0,0,0,0,0,0,0,0,0,0,0,0,0,0,0,0,0,0,0,0,1,0,0,0,0,0,0,2,0,0,0,0,0,0,0,0,0,0,0,2,1,1,0,1,0,1,0,0,0,0,0,1,0,0,0,0,0,0,0,2,0,0,1,0,0,0,0,0,0,1,0,0,0,1,0,1,0,0,0,0,1,0,0,0,0,0,1,23,10,5,2,3,4,5,7,3,5,8,12,4,2,3,6,7,4,4,12,8,7,4,6,8,6,2,9,11,6,11,7,6,3,8,9,6,7,14,4,12,4,8,4,5,18,6,6,4,8,19,11,6,4,3,12,12,8,14,11,20,14,6,9,9,15,9,7,12,22,14,7,16,15,24,13,16,31,22,15,22,19,29,33,19,22,14,18,21,37,23,26,36,29,28,22,28,25,25,51,43,46,48,44,34,54,57,44,49,46,64,55,54,61,52,44,34,36,47,43,58,73,64,72,72,84,84,99,84,88,98,79,100,86,96,118,100,106,100,103,105,88,90,68,58,69,94,116,129,151,195,148,187,226,202,185,206,220,224,244,244,279,275,257,296,300,282,334,389,362,496,400,476,433,505,468,517,522,554,593,722,716,672,764,810,749,912,971,1016,1190,1131,1155,1239,1313,1440,1522,1735,1976,2094,2328,2466,3216,4103,3420,3673,3946,4175,4738,4682,4863,5100,7613,5542,5461,5648,5687,6158,6260,5700,5722,5049,3300,2393,2618,2655,4560
1202,History,Arts and Humanities,Social Sciences,20,33,12,17,57,27,17,13,38,13,15,61,18,27,8,26,18,16,19,22,18,18,8,33,10,71,33,317,18,15,39,16,18,22,14,16,11,21,56,17,29,29,23,15,47,33,45,16,17,18,20,16,132,12,20,24,15,42,13,27,13,27,17,31,11,50,12,28,25,13,34,30,13,37,12,36,13,24,32,62,8,12,24,13,35,37,34,38,69,71,52,34,75,72,35,62,56,48,72,74,480,267,223,215,199,135,216,148,182,208,212,192,224,154,196,229,180,205,228,205,242,337,307,515,356,377,352,412,445,425,553,448,360,456,417,358,431,393,407,462,566,527,558,585,522,526,664,689,568,518,1117,1081,989,1068,1040,1285,1217,1217,1179,1165,1220,1088,1143,1413,1056,923,1055,1260,1150,1068,1428,1027,1310,1353,1414,1778,1663,1548,1672,1725,2286,1936,1807,2097,2217,2539,2818,2719,2918,2214,2345,2302,2124,2399,2546,2540,2726,2791,2712,2729,3771,3622,3523,3523,3821,3422,3953,3337,3604,3754,4560,4030,4201,4043,3840,3618,3407,3378,3006,3285,3573,3846,4210,4285,4526,4643,5058,5052,5358,5340,5938,5449,5647,5417,5284,5378,5654,5335,5780,5484,4992,4478,4057,3909,3924,3728,4360,4907,5302,5337,6180,6369,6426,6687,6698,6813,6838,7274,7817,7921,8909,8761,9519,9612,10119,11110,10698,11913,12208,12968,14103,12155,12671,13044,13173,14053,14442,14268,15128,15392,16304,15628,14698,14979,15711,16084,16978,18080,19461,20409,21007,21463,22743,24010,24815,26699,28094,29375,30789,33070,38539,38795,41972,43820,51250,46344,49745,88244,57436,63455,72952,86025,77270,83198,99526,87421,90509,113402,108774,85146,84309,72251,56886,61300,59298,65570
1203,Language and Linguistics,Arts and Humanities,Social Sciences,3,1,2,1,2,6,2,2,2,2,6,3,1,0,0,2,3,2,1,1,1,4,5,3,0,1,4,13,4,2,3,3,2,4,2,2,0,7,10,0,12,9,5,4,10,5,9,4,3,1,6,3,4,2,7,10,5,7,7,4,2,2,0,1,2,3,5,14,1,1,3,7,1,6,4,5,8,5,4,11,3,28,3,3,7,6,9,11,7,15,39,11,22,25,9,13,19,4,29,39,134,115,51,84,49,48,69,51,49,54,38,52,51,34,27,46,66,47,77,78,79,119,80,125,99,121,145,134,116,119,126,93,120,114,123,97,136,103,124,188,173,199,200,187,216,179,238,189,159,144,310,284,318,317,360,311,323,379,359,337,359,304,271,272,318,264,376,392,430,396,417,299,445,427,518,529,558,499,487,597,716,590,707,601,788,799,827,849,870,867,867,1013,912,934,991,988,936,966,1014,1073,1373,1406,1463,1458,1578,1558,1536,1501,1690,1786,1798,1710,1804,1821,1471,1294,1228,1095,1018,1061,1310,1490,1704,1634,1697,1834,2027,2131,2313,2223,2303,2197,2076,2084,2168,2028,2296,2254,2247,2039,1734,1543,1583,1404,1310,1241,1491,1824,2099,2423,2668,2826,2887,3096,3348,3418,3417,3562,3646,3868,4043,4098,4246,4900,5115,5151,5415,5841,6583,6618,8170,7737,8269,8700,8496,8817,9076,9575,10081,10039,10856,10570,9641,10225,10701,11220,11789,12166,12683,12836,14111,14279,15078,15470,17298,17829,19736,20710,21296,22014,25123,27748,29964,32244,32933,35509,39913,42558,45724,50719,57700,63396,64142,66486,73545,79814,78175,73293,71821,72382,72649,61273,53214,60335,56650,63887
1204,Archeology,Arts and Humanities,Social Sciences,6,11,3,1,8,10,2,1,4,6,3,3,1,4,0,2,5,3,2,4,1,4,1,3,3,3,4,10,3,2,6,3,6,4,1,4,4,4,17,6,14,6,9,1,123,11,5,4,8,4,6,1,18,13,4,19,8,18,7,13,4,10,3,10,5,17,3,13,11,7,4,28,3,14,9,3,10,7,6,21,4,4,9,7,16,14,13,17,9,21,35,10,27,41,13,17,31,7,33,37,242,155,101,94,95,56,103,63,83,85,95,101,63,75,57,86,104,87,96,88,134,148,128,135,133,169,130,163,146,206,194,143,238,173,175,231,203,212,211,294,267,238,241,249,228,295,339,397,307,493,472,501,514,463,592,601,530,651,541,456,517,425,477,462,541,512,573,585,522,487,653,494,634,618,631,620,721,766,899,762,1083,959,924,1020,970,1120,1093,1121,1141,1225,1334,1202,1211,1229,1348,1225,1421,1477,1541,1504,2435,2019,2096,2048,2024,2117,2239,2185,2247,2209,2453,2448,2461,2441,2288,1851,1749,1480,1484,1466,2073,1985,2523,2339,2565,2727,2853,3004,2998,2967,4011,3184,3130,2963,3038,3053,3249,2968,3110,2843,3230,2215,1962,1819,1846,1634,1964,2199,2614,2645,3252,3315,3245,3563,3673,3925,3697,4204,4440,4492,4985,5093,5026,5270,5791,5649,5872,5839,6648,6645,8006,6839,7189,7761,8267,8780,9259,9444,9743,9816,10589,10702,10166,10769,11316,11748,12489,13229,13369,13735,14583,15091,17213,16189,18176,19190,19686,20815,21191,22974,24922,26244,27717,29516,31684,33022,35660,43409,41410,46162,50841,51310,56441,57033,77521,65541,89980,68212,66980,70214,70611,60203,44834,47161,61623,49083
1205,Classics,Arts and Humanities,Social Sciences,9,2,3,1,2,3,0,0,2,0,5,9,1,1,1,0,0,0,3,5,2,0,2,2,1,22,3,16,0,3,1,1,19,7,0,2,0,2,5,3,7,3,0,1,7,22,5,0,2,1,4,2,4,6,11,9,14,14,13,21,12,6,21,26,14,14,1,22,11,7,9,15,1,10,5,33,6,29,5,30,6,13,6,0,26,23,6,37,18,37,54,40,44,60,55,40,27,38,50,60,110,85,46,61,43,49,58,35,57,52,83,61,56,47,30,84,134,60,103,58,87,86,102,124,124,169,183,176,172,102,133,72,79,77,131,78,100,98,115,215,178,150,141,153,237,219,163,158,157,98,219,206,197,212,296,263,228,274,291,255,228,271,256,231,207,264,256,264,285,257,301,194,311,291,303,297,346,321,310,335,413,370,386,379,365,433,476,378,523,496,461,533,492,602,568,485,549,609,599,545,856,952,936,874,845,961,949,804,896,866,1001,1098,1095,1050,865,678,672,613,578,664,781,875,1009,899,1041,1035,1205,1318,1227,1365,1313,1201,1241,1225,1217,1311,1320,1343,1330,1238,1071,900,752,687,560,481,650,902,993,1120,1321,1396,1509,1626,1612,1668,1797,1915,1856,2004,2154,2274,2353,2490,2753,2693,2543,2923,3284,3510,3433,3144,3448,3518,3551,3687,4017,3933,4246,4315,4265,4172,3771,3936,4113,3898,4994,4566,4476,4876,4982,5106,5464,5582,5844,6425,6555,6773,7264,7349,8233,8583,9189,9460,10263,10127,10553,11993,11870,13000,14735,16870,17230,17539,19333,22903,20081,19619,18345,18004,18965,15831,12884,14680,12883,18117
1206,Conservation,Arts and Humanities,Social Sciences,2,1,1,0,2,1,0,0,1,0,2,3,0,1,0,0,0,1,0,0,1,1,0,0,2,1,0,0,0,2,0,0,2,1,0,0,0,0,0,0,0,0,1,0,0,0,0,1,2,0,0,0,1,0,0,1,1,3,0,1,0,1,0,0,1,0,0,0,0,0,1,0,0,0,0,1,0,2,0,1,1,0,1,1,0,0,1,0,0,1,1,0,0,2,0,0,1,0,0,0,49,33,24,11,14,15,19,27,18,17,13,12,13,8,16,13,18,15,13,13,24,25,12,15,27,18,14,11,11,17,24,10,11,12,22,17,15,20,16,23,28,14,16,14,15,23,22,39,18,22,39,36,31,39,32,31,31,86,59,41,46,36,49,37,21,40,42,41,32,63,51,42,34,47,38,59,74,88,79,67,96,93,68,71,85,81,147,154,153,120,145,127,146,160,154,169,165,141,151,162,252,188,179,171,173,162,156,153,153,177,231,176,187,158,198,212,214,211,174,189,229,143,198,224,224,257,250,230,222,243,374,259,235,306,236,304,311,246,242,332,347,369,366,354,322,309,402,419,382,414,482,428,469,546,480,494,460,502,539,577,645,601,559,607,602,651,654,750,746,802,1232,874,993,1090,1106,1207,1171,1329,1402,1462,1688,1840,1804,1782,1964,2020,2305,2292,2558,2716,2917,3098,3220,3431,3685,3723,4150,4009,4332,5807,5419,5640,5834,6363,6491,6650,7332,8098,8889,9825,11684,14306,12692,13139,13825,14759,15420,16835,16473,16163,14846,11494,8475,9559,10545,11914
1207,History and Philosophy of Science,Arts and Humanities,Social Sciences,8,12,8,3,29,9,7,2,6,1,1,5,1,10,2,2,11,3,2,9,7,2,2,11,5,8,3,10,3,3,11,3,1,3,10,3,1,7,30,11,7,10,9,6,13,14,2,5,13,6,6,7,26,8,8,9,2,8,2,5,6,5,16,11,3,7,7,11,7,9,7,17,1,5,8,6,10,7,9,7,4,8,11,11,16,13,9,10,14,19,25,10,19,9,17,5,13,15,41,54,154,134,100,116,110,82,75,69,71,78,70,74,49,56,69,95,103,80,78,101,82,95,133,176,113,100,164,178,177,132,184,160,149,162,199,157,169,194,178,223,282,246,259,273,313,266,315,305,344,310,713,806,431,462,423,808,483,451,449,474,496,441,416,679,475,415,488,520,475,486,733,597,775,728,622,1054,780,998,954,767,1472,1173,884,1794,1998,2057,2049,2143,1868,1028,1013,1021,897,1060,962,1150,1275,1139,1125,1092,1288,1269,1319,1372,1612,1433,1637,1378,1480,1559,1508,1592,1498,1524,1544,1365,1284,1259,1213,1212,1434,1524,1508,1562,1668,1725,1877,1903,1870,1770,2060,2320,2098,1804,1923,1874,2080,2160,2090,1954,1788,1725,1609,1536,1428,1517,1890,2113,2242,2399,2578,2752,2616,2655,2709,2653,2721,2878,2896,2973,3318,3222,3232,3707,3784,3869,4142,4307,4407,4893,4951,4648,4670,4701,4953,5010,5273,5196,5538,5615,5836,5863,6076,5819,6250,6228,6628,7003,7397,7895,8238,7918,8312,8775,9416,9360,9603,10005,10322,10957,13661,14162,14178,15755,16738,16440,17340,21536,21499,25252,26783,45429,30582,33338,49357,35834,37854,42428,38670,39906,37791,29435,24398,25541,22353,22804
1208,Literature and Literary Theory,Arts and Humanities,Social Sciences,8,8,6,3,15,10,3,5,25,1,19,51,1,5,4,5,2,5,2,5,9,7,2,7,4,7,6,18,9,5,6,7,10,4,8,1,3,8,23,15,11,7,10,7,11,64,12,6,9,7,9,17,12,8,23,21,25,42,33,54,22,13,46,28,14,31,14,149,113,80,15,82,13,12,20,83,11,58,47,51,19,28,15,8,71,65,39,70,56,87,123,77,140,113,300,77,106,97,97,153,470,261,144,216,188,170,187,138,178,148,194,127,106,192,127,191,277,162,207,184,179,211,185,301,278,419,353,583,395,305,241,311,227,229,352,252,257,272,362,566,555,352,282,523,392,382,425,440,380,299,629,603,689,697,715,665,633,743,647,606,602,653,590,535,676,578,731,840,862,1047,916,600,934,908,1066,1035,998,952,954,1049,1443,1153,1141,1080,1213,1173,1275,1398,1368,1337,1662,1437,1198,1558,1748,1575,1751,1717,1800,1846,2864,2556,2620,2676,2711,3342,2933,2944,3066,3038,3312,3387,3382,3314,2933,2185,2317,2219,2022,2413,2794,3091,3409,3126,3303,3532,3729,3885,3923,4137,4278,3894,4107,3659,3614,3705,3696,3642,3666,3543,3290,2971,2778,2655,2260,2123,2684,3179,3682,4048,4766,4482,4759,5259,5447,5629,5797,6187,6131,6388,7138,7392,8297,8288,9020,9136,9186,9861,11163,12016,12904,12121,12558,13629,13288,13954,14381,15160,15556,16042,16781,17240,15277,15682,17185,17005,18135,19246,20173,21782,22437,22976,24385,25283,26679,26942,29580,30950,32432,33923,39052,40881,42589,45892,47483,51916,54572,64369,65954,75485,89744,99236,94879,101607,105515,107410,121988,117290,112032,111046,116203,92319,79893,83159,80375,99038
1209,Museology,Arts and Humanities,Social Sciences,0,2,0,0,3,2,0,1,9,0,4,5,1,2,1,0,0,2,0,1,1,2,1,0,0,2,5,2,1,0,1,2,1,1,0,1,1,3,1,1,3,2,1,0,1,4,0,2,2,0,3,1,2,1,2,1,4,13,5,7,8,0,13,35,4,5,2,17,21,19,6,1,1,5,6,8,3,22,13,14,1,1,3,2,20,18,11,12,25,22,23,9,31,20,19,5,29,13,10,15,97,66,26,41,32,25,25,29,31,18,20,15,14,25,35,38,65,29,42,16,34,36,44,96,32,74,51,70,42,41,50,39,36,26,48,40,63,47,51,58,62,55,55,70,70,57,64,96,99,67,218,369,179,154,142,393,219,211,170,187,214,135,186,229,157,113,195,241,207,200,243,156,188,214,227,239,279,289,283,256,380,290,252,236,266,303,302,299,344,301,362,271,230,296,293,297,338,293,296,338,679,520,507,515,542,572,566,527,572,569,771,701,607,635,559,390,459,470,372,432,511,523,558,565,589,728,747,849,735,839,879,734,781,679,727,729,791,767,771,699,596,536,499,445,398,320,462,486,643,715,878,739,757,972,1052,966,1025,1094,1102,1159,1385,1319,1315,1491,1601,1580,1604,1654,1999,1959,2402,1912,2160,2101,2012,2033,2224,2235,2327,2416,2970,2557,2120,2068,2346,2436,2523,2764,2984,3128,3305,3281,3580,3754,4015,4348,4637,4692,5169,5466,6215,6384,6835,7872,8797,8952,9502,11701,12812,14557,17796,18037,21387,22231,25480,25388,27818,27189,26355,26996,27231,23515,22435,21576,23098,26785
1210,Music,Arts and Humanities,Social Sciences,0,0,0,0,4,3,0,0,0,0,12,38,1,0,0,0,0,0,0,0,0,1,0,0,0,1,0,0,1,1,0,0,0,0,0,1,0,0,1,1,0,0,0,0,0,0,1,2,6,0,0,1,1,0,7,4,14,9,11,2,1,0,1,1,0,1,0,0,0,0,0,3,0,0,0,2,1,3,0,1,0,0,0,1,3,4,2,0,3,2,1,3,3,0,7,0,3,1,3,1,151,43,40,32,40,29,35,38,39,38,45,40,32,23,28,52,43,41,40,38,62,37,34,31,52,35,36,49,54,44,64,44,33,48,87,45,54,58,59,45,75,60,54,50,55,62,80,91,101,84,166,128,163,169,192,211,185,179,159,176,155,121,97,129,135,140,144,178,217,170,253,205,270,296,310,303,323,256,314,340,450,335,338,319,317,342,306,338,349,323,405,324,313,404,435,346,454,489,473,453,580,508,502,471,486,525,510,466,546,558,623,584,542,599,555,601,573,581,536,663,715,756,882,694,841,897,877,998,969,1003,1060,1012,1052,1000,1010,1044,1100,1112,1080,1110,1019,941,913,906,662,866,963,1295,1491,1461,1517,1413,1504,1542,1708,1815,1710,1915,1866,1966,2038,1981,2082,2540,2500,2537,2393,2599,2807,2861,3103,2981,2946,3051,3216,3349,3311,3342,3526,3397,3787,3583,3418,3560,3658,3773,4019,3896,4018,4563,4950,4996,5416,5805,5723,5866,6099,6317,6230,6595,8591,8765,9463,9682,10449,9818,10848,14302,13106,15802,17637,19974,19278,20998,22120,21015,22362,24403,21616,21520,22022,17007,15271,17790,15606,18914
1211,Philosophy,Arts and Humanities,Social Sciences,12,40,14,13,44,10,8,10,19,4,4,12,2,11,2,7,13,13,5,36,19,15,3,8,3,29,12,17,8,9,19,15,20,11,14,8,5,6,35,13,15,5,17,7,16,17,11,9,20,7,10,23,44,12,15,15,13,13,13,19,13,18,15,10,17,10,5,36,10,8,13,27,4,27,4,10,19,16,8,25,19,7,9,4,24,24,8,40,33,48,33,11,18,27,22,21,27,21,25,28,139,83,65,95,66,72,109,47,61,75,53,49,66,54,42,102,95,66,86,60,67,100,66,118,199,147,133,169,114,127,130,113,107,124,196,145,161,172,165,243,213,230,182,174,208,181,240,246,206,200,263,342,378,409,330,315,310,354,279,284,295,301,290,321,333,287,326,343,301,319,408,334,392,374,467,405,502,511,509,505,604,649,690,661,668,671,649,640,665,726,703,736,710,763,785,862,931,986,970,1050,1427,1543,1433,1542,1570,1769,1630,1581,1775,1827,1853,2039,2240,1944,1831,1583,1519,1373,1294,1483,1812,1853,2012,2072,2017,2251,2334,2432,2507,2387,2503,2612,2390,2505,2553,2643,2709,2826,2679,2632,2345,2144,1905,1839,1769,1746,2133,2545,2900,3158,3443,3738,3762,4506,4369,4389,4417,4596,4895,5167,6067,6338,6970,7185,6987,7010,7223,7930,8588,9088,10430,9492,9654,9988,10467,11216,11367,11933,12368,12283,12945,13118,11906,12642,13054,13826,14820,15156,16356,16920,17951,18831,20736,21597,24198,26008,27882,30127,32459,33657,84712,38747,43138,45739,51246,53203,59425,64942,71104,75877,86381,90118,96757,109168,118256,124526,118553,108696,105361,92798,102738,81206,173327,73992,55879,72834
1212,Religious studies,Arts and Humanities,Social Sciences,1,1,3,7,3,9,0,3,12,0,2,10,0,3,0,1,0,1,3,5,4,9,1,10,0,1,0,69,1,1,5,3,12,3,1,5,3,5,4,1,9,5,4,4,11,4,8,2,7,2,1,8,5,1,8,1,14,1,3,3,4,4,4,3,6,236,20,3,15,4,4,4,0,5,2,1,4,7,14,65,1,5,1,3,13,15,5,15,2,14,12,15,19,25,11,21,20,13,12,15,82,59,32,32,26,34,31,17,40,27,33,38,31,25,28,36,44,44,31,35,42,50,49,64,56,107,66,109,111,119,85,100,81,61,124,69,77,79,78,106,87,66,90,118,97,77,145,95,122,93,118,119,161,157,154,129,148,167,144,138,144,154,158,138,136,146,130,207,184,165,210,153,152,150,204,274,236,225,232,218,284,241,375,350,381,417,423,431,439,508,569,573,571,570,594,594,632,667,791,677,901,914,929,837,960,965,972,904,972,1000,1025,1080,1108,1209,1015,963,839,788,716,756,848,877,1003,1037,1180,1204,1279,1268,1326,1324,1313,1272,1193,1288,1388,1352,1263,1268,1412,1251,1075,1052,867,753,835,761,1059,1289,1558,1635,1876,1857,1972,2014,2140,2150,2350,2637,2732,2645,2949,2826,3112,3408,3479,3630,3947,4024,4055,4174,4577,4051,4168,4394,4493,4764,4791,4833,4995,5217,5367,5376,5023,5071,5482,5735,6235,6305,6529,6795,7117,7378,7927,8514,8611,9018,9408,9920,10030,11072,12021,12871,12781,13756,14761,15427,17291,19786,20447,23245,26255,27029,27795,30507,35747,33586,35272,38421,36186,33968,36851,30914,29074,29058,28661,38260
1213,Visual Arts and Performing Arts,Arts and Humanities,Social Sciences,1,0,0,0,1,2,1,2,4,0,1,1,0,1,1,0,0,1,0,0,1,0,0,0,0,1,0,1,0,0,0,1,4,2,0,1,0,1,0,3,1,0,0,0,0,6,0,3,1,0,0,5,2,0,0,0,0,2,0,2,1,0,2,0,4,1,0,2,0,0,2,1,3,3,0,2,1,5,2,4,4,1,2,0,1,0,2,1,2,5,4,5,12,6,3,4,1,9,5,8,73,18,15,17,16,14,16,5,13,12,12,14,17,12,11,27,21,10,12,8,22,20,24,19,17,43,27,33,35,35,24,15,18,19,41,40,45,29,34,47,35,39,32,29,55,45,81,110,62,56,77,100,76,70,67,102,80,216,99,93,70,61,54,88,72,72,88,92,120,81,101,98,113,98,111,132,195,138,157,156,268,143,169,171,164,180,206,186,219,213,203,230,251,263,237,274,287,237,314,308,1685,393,404,423,393,471,486,417,487,507,500,501,558,550,490,389,488,471,435,470,601,546,565,581,614,714,711,691,790,778,883,787,794,700,790,749,810,807,836,835,762,842,689,647,582,666,747,829,911,920,1182,1018,1000,1164,1152,1262,1169,1225,1296,1476,1672,1609,1697,1816,1960,2026,2060,2234,2537,2872,3134,2923,2935,2981,3121,3139,3317,3508,3611,3706,3923,3900,3659,3777,4034,3995,4378,4576,4867,5037,5547,5660,5968,6159,7085,6823,7329,7634,8353,8585,10193,10221,11725,12357,13221,14952,16426,20070,21245,24912,28731,29038,31215,33314,35776,36669,39910,40375,39868,39461,38967,31539,27559,30863,27649,35220
1302,Aging,"Biochemistry, Genetics and Molecular Biology",Life Sciences,0,0,0,0,0,0,0,0,0,0,0,0,0,0,0,0,0,0,0,0,0,0,0,0,0,0,0,0,0,0,0,0,0,0,0,0,0,0,0,0,0,0,0,0,0,0,0,0,0,0,0,0,0,0,0,0,0,0,0,0,0,0,0,0,0,0,0,0,0,0,0,0,0,0,0,0,0,0,0,0,0,0,0,0,0,0,0,0,0,0,0,0,0,0,0,0,0,0,0,0,0,0,1,0,0,0,0,0,0,0,0,0,0,0,0,0,0,0,0,0,0,0,0,0,0,0,0,0,0,0,0,1,0,0,0,0,0,0,0,1,0,0,0,0,0,0,0,1,0,0,0,0,4,4,8,3,3,1,3,1,3,1,6,5,2,4,0,0,3,1,6,2,1,3,1,0,2,0,2,4,0,3,1,0,2,0,0,1,0,0,0,3,0,2,2,2,1,2,1,3,2,0,1,1,3,2,1,1,3,1,1,1,4,3,2,4,3,4,2,3,1,2,4,5,7,2,3,7,9,9,6,7,5,10,7,4,3,8,4,9,9,6,6,8,5,2,12,11,12,10,15,16,24,24,21,30,39,27,33,20,37,54,50,48,41,51,59,66,62,72,50,56,82,64,76,108,90,132,155,162,193,159,188,176,190,232,235,239,276,286,324,336,337,359,419,466,467,571,580,717,836,942,1088,1196,1292,1259,1509,1411,1476,1725,1687,1711,1793,1990,2016,2204,2591,19114,5260,2732,2820,2697,2628,2771,2678,3154
1303,Biochemistry,"Biochemistry, Genetics and Molecular Biology",Life Sciences,0,0,0,0,0,0,0,0,1,0,0,0,0,0,0,0,0,0,0,0,0,0,0,0,0,0,0,0,0,0,0,0,0,0,0,0,0,0,0,0,0,0,0,0,0,0,0,0,0,0,0,0,0,2,1,0,0,0,0,1,2,0,0,0,1,1,0,4,2,0,1,1,1,0,1,0,2,2,1,4,0,3,0,1,0,1,9,2,7,2,18,3,10,5,5,7,6,7,15,17,7,7,0,15,2,13,2,5,3,0,4,3,0,6,4,9,9,5,10,4,4,9,6,11,8,29,19,23,13,16,3,7,20,10,19,18,15,12,14,19,11,18,10,60,22,13,20,22,23,12,29,29,22,26,28,21,35,30,35,24,25,32,18,46,40,34,25,44,38,39,39,41,29,29,33,47,31,57,60,48,48,55,49,71,39,56,60,57,78,64,66,51,71,82,68,54,88,64,76,82,129,148,137,155,189,174,181,172,220,187,200,217,206,293,201,118,104,124,155,143,168,224,261,239,263,290,376,334,375,345,383,365,343,336,334,369,356,385,436,396,332,321,263,236,159,139,188,316,394,471,708,676,790,844,906,989,1030,1117,1188,1417,1484,1504,1653,1604,1555,1795,2025,2206,2274,2381,2618,2630,2787,2775,2731,2783,2896,2986,3162,3052,3329,3295,3134,3040,3295,3338,3406,3631,3573,3672,4009,3594,3697,3574,3804,4025,4137,4002,4300,3834,4032,3790,3965,4569,4597,4536,5055,5578,5817,5975,6036,6355,6615,7450,7002,7654,7091,7113,6881,7491,8048,7301,6812,7402,7467,9084
1304,Biophysics,"Biochemistry, Genetics and Molecular Biology",Life Sciences,0,0,0,0,0,0,0,0,0,0,0,0,0,0,0,0,0,0,0,0,0,0,0,0,0,0,0,0,0,0,0,0,0,0,0,0,0,0,0,0,0,0,0,0,0,0,0,0,0,0,0,0,0,2,0,0,0,0,0,0,0,0,0,0,0,0,0,0,0,0,0,0,0,0,0,0,0,0,0,1,0,0,1,0,0,0,0,0,0,0,0,0,0,0,0,0,0,0,0,2,3,0,1,1,2,4,0,1,0,1,0,1,0,0,3,0,1,2,1,0,0,0,0,1,1,0,3,2,5,3,4,1,2,1,2,1,2,6,3,5,2,2,4,3,13,4,6,4,8,6,3,8,6,8,4,2,6,2,5,5,5,4,7,4,8,10,7,13,14,8,13,14,11,20,6,9,18,20,16,27,27,17,13,23,12,13,16,17,16,27,20,16,19,34,14,21,23,28,17,29,31,33,32,23,40,40,39,42,35,42,41,47,56,52,45,43,31,25,35,32,33,44,42,53,69,71,66,81,102,124,105,95,121,142,111,145,95,118,124,133,114,124,100,88,70,70,95,112,125,175,234,232,258,283,275,275,371,410,398,478,474,516,571,631,752,752,902,967,894,1030,1233,1177,1285,1298,1301,1261,1249,1318,1264,1436,1345,1437,1417,1428,1504,1601,1601,1592,1779,1833,1936,2039,2178,2221,2202,2404,2585,2601,2702,2938,2975,3065,3575,3900,4291,5689,5075,5409,5651,6292,6814,6911,7551,7471,7847,8765,9304,9203,27243,12928,18389,19833,27406,34483,11943,12446
1305,Biotechnology,"Biochemistry, Genetics and Molecular Biology",Life Sciences,0,0,0,0,0,0,0,0,0,0,0,0,0,0,0,0,0,0,0,0,0,0,0,0,0,0,0,0,0,0,0,0,0,0,0,0,0,0,0,0,0,0,0,0,0,0,0,0,0,0,0,0,0,4,0,0,0,0,0,0,0,0,0,0,0,1,0,0,0,0,0,0,0,0,0,0,0,0,0,0,0,0,0,0,0,0,0,0,0,0,0,1,1,0,0,0,0,0,2,1,0,0,3,1,1,0,1,0,0,0,0,0,0,0,0,0,0,0,0,0,0,1,0,0,0,1,4,1,1,1,1,2,6,2,3,3,5,4,1,7,5,6,4,5,2,4,8,8,17,4,3,9,2,6,4,8,6,6,11,5,11,5,7,11,6,7,8,14,13,17,27,14,17,19,14,20,30,20,37,31,33,31,22,35,32,49,39,23,25,29,17,27,33,28,39,40,49,32,37,53,88,78,56,56,50,46,60,55,64,84,84,53,81,76,77,70,83,54,60,60,64,79,87,87,88,96,113,148,133,116,149,150,190,150,155,187,229,196,208,211,220,163,178,156,127,175,224,318,307,364,541,536,541,604,642,669,643,774,711,806,1024,936,973,1097,1055,1106,1313,1287,1471,1565,1648,1579,1648,1683,1839,1805,1811,1904,2087,2050,2233,2330,2259,2355,2448,2531,2778,3040,3375,3492,3968,3972,3740,3899,4075,4373,4684,4492,4939,4880,5878,5906,6685,7289,8154,8265,9463,10099,10557,11479,12067,12386,12930,13009,13048,12848,12228,11961,11048,12135,12344,11240,10525,14815,11268,12066
1306,Cancer Research,"Biochemistry, Genetics and Molecular Biology",Life Sciences,0,0,0,0,0,0,0,0,0,0,0,0,0,0,0,0,0,0,0,0,0,0,0,0,0,0,0,0,0,0,0,0,0,0,0,0,0,0,1,0,0,0,0,0,0,0,0,0,0,0,0,0,0,2,0,0,0,0,0,0,0,1,0,0,0,0,0,0,0,0,0,0,0,0,0,0,0,0,0,0,1,0,0,1,0,0,0,1,0,1,0,0,0,0,0,0,0,0,0,0,3,0,2,0,0,2,1,0,1,0,0,0,0,0,0,0,1,1,1,0,0,0,0,0,1,1,2,2,2,4,3,1,3,2,2,7,10,2,2,3,4,2,4,4,3,3,1,4,9,3,5,7,12,5,10,9,6,14,5,2,2,16,2,6,8,11,7,17,10,12,7,5,6,9,3,6,6,13,10,7,14,17,16,19,9,13,13,17,15,18,16,30,20,25,19,13,29,30,36,20,34,33,32,26,32,42,30,35,37,37,34,30,36,46,52,29,32,51,52,29,37,48,57,54,70,73,82,80,79,93,98,87,154,123,115,124,148,140,127,117,144,107,113,104,104,126,146,249,265,294,407,388,461,536,569,627,616,767,802,955,1030,1003,1046,1015,958,1129,1263,1516,1578,1602,1679,1645,1793,1821,2036,2251,2343,2741,3111,3161,3578,3830,3938,4142,4313,4459,4656,4768,4972,5325,5745,5629,5723,5683,6116,6132,6862,7096,7413,7482,8524,8964,9354,10520,12415,12770,14596,15470,16942,18850,21088,22650,25061,26001,26794,30238,30782,31368,31961,35763,38933,36436,33784,54047,32174,31977
1307,Cell Biology,"Biochemistry, Genetics and Molecular Biology",Life Sciences,0,0,0,0,0,0,0,0,0,0,0,0,0,0,0,1,0,0,1,0,0,0,0,0,0,0,0,0,0,1,0,0,0,0,0,0,0,0,0,0,0,1,0,0,0,1,0,0,0,0,0,0,0,2,0,0,0,1,0,0,0,0,1,0,0,0,0,0,0,0,0,0,0,0,0,0,0,0,0,0,0,0,1,0,0,0,0,0,1,4,1,1,0,1,0,1,0,1,0,1,5,4,1,2,0,3,1,1,1,1,1,2,2,4,0,6,1,0,3,1,2,1,3,3,3,3,4,4,6,13,10,7,3,7,10,7,12,8,8,7,22,20,14,16,13,10,25,31,30,26,24,25,24,32,41,18,27,21,25,25,27,16,20,27,27,21,27,32,35,30,39,47,53,51,57,59,62,48,82,78,67,98,56,99,81,108,85,117,101,105,75,81,99,114,115,113,126,122,121,119,158,141,157,167,174,170,186,196,200,251,262,259,322,276,258,293,231,290,221,263,272,316,387,463,441,493,562,567,617,578,757,616,627,702,710,697,701,745,719,761,1039,684,695,572,535,628,745,878,948,1066,1560,1339,1390,1528,1598,1605,1705,1790,1814,2110,2831,2401,2502,2598,2739,3068,3321,3581,3803,4067,5103,4337,4485,4467,4702,5073,5045,5384,5838,5624,6771,6417,6749,6613,6944,7219,7771,7825,8017,8532,9567,9029,9491,9393,10124,10142,11075,10889,12872,11683,13640,12803,14386,15781,17803,16815,18837,19654,22242,23653,23516,24870,24532,24885,26162,27315,27019,27707,29643,31448,32728,28916,26894,32446,26404,28234
1308,Clinical Biochemistry,"Biochemistry, Genetics and Molecular Biology",Life Sciences,0,0,0,0,0,0,0,0,0,0,0,0,0,0,0,0,0,0,0,0,0,0,0,0,0,0,0,0,0,0,0,0,0,0,0,0,0,0,0,0,0,0,0,0,0,0,0,0,0,0,0,0,0,1,0,0,0,0,0,0,0,0,0,0,0,0,0,0,0,0,0,0,0,0,0,0,0,0,0,0,0,0,0,0,0,0,0,0,0,0,0,0,0,0,0,0,1,1,0,1,2,1,1,1,0,0,1,2,0,0,0,6,0,0,1,1,0,1,0,0,0,0,1,1,3,1,2,2,3,5,8,1,2,3,6,8,9,8,7,13,6,15,10,14,13,14,13,22,13,24,11,11,15,12,15,17,21,13,19,17,14,30,12,32,24,27,22,20,20,23,30,28,12,14,35,36,35,51,47,37,52,42,36,61,61,66,45,44,50,53,49,45,56,65,54,66,66,74,65,63,103,73,90,80,81,78,67,77,72,104,106,124,116,132,117,100,89,68,67,85,105,113,175,146,175,220,216,222,251,231,229,288,262,331,313,294,273,296,288,319,247,258,290,251,202,196,296,448,477,510,689,797,904,975,951,1009,1093,1201,1241,1288,1299,1465,1470,1509,1274,1796,2067,2241,2465,2574,2639,2553,2567,2338,2534,2631,2623,2648,2829,2713,2823,2855,2879,2849,2874,2998,2972,3043,2958,2931,3297,3037,2918,2914,2862,2967,3098,2930,3446,2966,3465,3211,3484,4001,4057,4211,4659,5510,5644,5799,5486,6273,5928,5986,6520,6900,6585,6570,6312,6765,7433,6359,6038,6241,6251,6803
1309,Developmental Biology,"Biochemistry, Genetics and Molecular Biology",Life Sciences,0,0,0,0,0,0,0,0,0,0,0,0,0,0,0,0,0,0,0,0,1,0,0,0,0,0,0,0,0,0,0,0,0,0,0,0,0,0,0,0,0,0,0,0,0,0,0,0,0,0,0,0,0,0,0,0,0,0,0,0,0,0,0,0,0,0,0,0,0,0,0,0,0,0,0,0,0,0,0,0,0,1,0,0,0,0,0,1,0,0,0,0,0,0,1,0,0,0,0,0,2,0,0,0,1,1,0,0,0,0,0,1,0,0,2,3,1,0,4,0,1,1,2,0,0,0,0,1,1,3,0,1,1,0,1,0,0,1,1,1,0,3,4,1,2,2,2,7,3,0,3,2,2,4,2,6,8,2,9,4,3,2,4,3,9,4,5,4,2,4,10,8,8,7,6,11,7,10,9,9,16,8,8,13,13,13,19,13,14,16,12,10,16,17,22,11,26,13,16,13,19,25,29,24,28,22,13,25,16,21,20,20,30,23,25,25,20,19,20,25,24,30,47,34,41,27,38,31,36,38,40,40,40,39,32,38,34,51,51,45,26,26,25,36,36,23,48,46,60,68,63,79,78,82,76,68,88,90,101,100,107,107,129,128,134,174,207,200,243,247,255,291,234,289,295,312,292,339,385,366,408,414,426,432,443,525,451,477,560,506,522,533,560,500,527,546,636,676,697,739,837,748,879,785,1018,951,1058,1096,1361,1303,1403,1380,1511,1700,1664,1659,1878,1916,1820,2194,2678,2679,2436,2797,2295,2478
1310,Endocrinology,"Biochemistry, Genetics and Molecular Biology",Life Sciences,1,0,0,0,0,0,0,0,0,0,0,0,0,0,0,0,0,0,0,0,0,0,0,0,0,0,0,0,0,0,0,0,0,0,0,0,0,1,0,0,0,0,0,0,0,0,0,0,0,0,0,0,1,0,0,0,0,0,0,1,0,0,0,0,0,0,0,0,0,0,0,0,0,0,0,0,0,0,0,0,0,0,0,0,0,0,2,0,0,1,0,0,0,0,0,0,0,0,0,1,5,3,2,0,4,0,5,1,3,7,5,2,1,2,2,2,4,3,4,4,6,9,4,7,7,7,6,5,4,8,7,48,179,54,18,16,6,11,12,5,14,14,30,13,5,12,22,31,101,269,81,28,36,55,127,55,30,38,34,58,48,56,29,38,40,71,185,86,60,65,58,80,70,118,52,67,58,70,98,95,78,81,80,134,205,182,106,116,114,150,161,111,289,375,414,409,343,217,224,167,198,180,171,156,151,155,149,142,158,146,160,176,213,273,268,308,239,191,165,183,189,202,216,217,235,230,300,349,357,294,320,338,319,305,370,405,399,397,400,391,391,290,311,298,259,342,431,521,573,465,685,674,586,611,629,646,657,692,677,675,844,715,748,648,645,860,1048,1024,1053,1140,1286,1132,1103,1137,1196,1165,1146,1205,1334,1469,1599,1532,1444,1646,1562,1656,1653,1696,1868,1776,1951,2059,2093,1985,2241,2389,2337,2552,2772,2547,3058,2930,3197,3512,3708,3718,4151,4282,5121,5694,5846,5704,5712,6053,6654,6291,6433,6313,5939,6620,6645,5900,5579,5810,5788,6537
1311,Genetics,"Biochemistry, Genetics and Molecular Biology",Life Sciences,0,0,0,0,0,1,0,0,0,0,0,0,0,2,1,0,0,0,0,0,0,0,2,0,1,1,0,1,1,0,0,0,1,1,1,0,2,0,1,1,0,1,0,0,0,1,0,1,1,0,0,1,4,5,0,2,1,3,0,0,1,1,1,0,0,3,1,0,0,2,1,3,1,3,0,1,0,0,0,1,1,3,2,2,0,0,4,2,0,6,9,6,15,10,3,5,35,6,43,11,65,13,9,18,15,13,14,5,5,16,12,14,12,15,4,6,6,14,9,23,10,12,9,27,12,15,21,29,30,43,30,31,40,41,39,22,45,64,69,42,59,80,78,70,46,73,81,89,141,78,77,104,117,101,144,104,113,150,148,122,124,106,120,114,102,98,128,135,141,213,186,230,211,204,248,203,223,213,250,322,275,292,331,316,339,351,287,358,320,356,361,368,411,447,452,481,501,529,574,542,661,644,690,653,749,752,702,738,766,865,865,886,972,958,952,843,760,759,654,762,879,998,1054,1048,1097,1255,1297,1359,1411,1403,1548,1489,1689,1698,1627,1680,1796,1722,1650,1786,1997,1450,1464,1337,1189,1301,1992,2306,2485,2524,3650,3399,3570,3664,3904,4047,4003,4360,4433,4764,5885,5364,5509,6018,6191,6967,8393,8737,9506,10023,11994,10360,10164,10230,10944,11388,11711,12231,12796,13158,15793,13855,14372,14382,14684,15578,16277,17048,17560,18772,22357,19978,20483,21301,22557,23653,26576,26155,28615,28258,35452,33625,35569,38623,42703,42893,47003,48355,55521,57583,58201,59131,60955,61913,65002,69179,70371,70016,70237,75346,78658,73230,70065,79719,72413,78739
1312,Molecular Biology,"Biochemistry, Genetics and Molecular Biology",Life Sciences,0,0,0,0,1,1,0,0,0,0,0,0,1,2,1,0,0,1,0,0,1,1,0,0,1,0,1,0,1,0,0,0,1,0,0,0,0,0,4,0,0,0,0,0,2,1,0,0,0,0,0,0,0,35,1,0,0,1,0,0,0,1,0,0,0,0,0,0,0,1,0,1,0,0,0,1,1,1,1,0,0,0,0,1,1,0,3,3,4,2,5,2,5,7,3,1,4,3,4,8,25,13,11,16,5,14,10,4,12,5,4,6,7,11,9,15,18,17,7,8,17,13,19,33,45,54,45,46,60,53,53,47,45,64,74,87,80,96,84,125,75,107,106,138,151,95,155,137,210,132,133,159,156,152,170,170,185,208,244,199,189,194,195,226,228,190,218,212,240,283,235,241,256,318,304,243,271,342,303,308,341,351,343,437,389,398,370,385,414,452,370,400,410,396,454,454,449,497,537,559,731,595,654,598,758,767,840,753,780,829,874,970,925,1026,943,867,800,843,775,789,908,1022,1175,1232,1493,1515,1797,1890,1913,1888,2078,2099,2168,2219,2142,2392,2407,2518,2612,2517,2770,2224,2211,1922,1713,1846,2423,3165,3548,3789,5243,5475,5953,6411,6982,7386,7753,8139,8757,9834,11303,11270,12293,13734,14211,15905,17754,19976,21054,22474,26815,26644,27970,28224,29398,30300,30477,32439,33902,35158,38404,38474,40080,40852,43405,45406,48087,51100,53329,56377,63729,62939,65500,67857,71805,75386,80747,80913,87119,87172,99963,102644,110996,123933,137410,137880,153143,158255,171873,179603,185236,193758,200726,202793,206098,222733,219558,217989,215166,238394,280668,267088,278604,354847,240994,255159
1313,Molecular Medicine,"Biochemistry, Genetics and Molecular Biology",Life Sciences,0,0,0,0,0,0,0,0,0,0,0,0,0,0,0,0,0,0,0,0,0,0,0,0,0,0,0,0,0,0,0,0,0,0,0,0,0,0,0,0,0,0,0,0,0,0,0,0,0,0,0,0,0,0,0,0,0,0,0,0,0,0,0,0,0,0,0,0,0,0,0,0,0,0,0,0,0,0,0,0,0,0,0,0,0,0,0,0,0,0,0,0,0,0,0,0,0,0,0,0,0,0,0,0,0,0,0,0,0,0,0,0,0,0,0,0,0,0,0,0,0,0,0,0,0,0,0,0,0,0,0,0,0,1,0,0,1,0,0,0,0,0,3,0,0,0,0,0,0,0,1,0,0,1,0,1,0,0,0,1,0,0,0,0,0,0,0,0,0,0,1,0,2,1,0,1,2,0,0,0,0,2,2,0,1,1,2,1,1,0,0,2,0,0,2,0,0,1,1,1,1,0,1,2,0,2,1,4,6,4,5,4,5,11,3,2,4,6,4,4,5,4,7,5,3,4,10,4,5,4,6,10,7,15,6,8,7,7,15,14,14,12,13,18,14,19,30,36,45,49,74,82,69,84,67,70,66,74,86,81,68,77,83,117,119,116,120,144,171,211,223,234,217,263,286,335,359,390,399,452,504,568,589,632,651,707,731,705,697,837,753,807,817,878,893,939,986,1069,1240,1283,1538,1575,1714,1925,2355,2661,3033,3599,4052,4593,4866,5548,5972,6392,6856,7080,7892,7914,8277,9307,9872,9777,9594,9710,10341,12293
1314,Physiology,"Biochemistry, Genetics and Molecular Biology",Life Sciences,0,0,0,0,0,0,0,0,0,0,0,0,0,0,0,0,0,0,0,0,0,0,0,0,0,0,0,0,0,0,0,0,0,0,0,0,0,0,0,0,0,1,0,0,0,0,0,0,0,0,0,0,0,0,0,0,0,0,0,0,0,0,0,0,0,0,0,0,0,0,0,0,0,0,0,0,0,0,0,0,0,0,0,0,0,0,0,0,0,0,0,0,1,0,0,0,0,0,0,0,0,0,0,0,0,1,0,0,0,0,0,0,0,0,0,1,0,1,0,0,0,1,1,1,1,0,1,0,1,0,0,0,2,7,0,1,1,9,4,0,0,2,1,11,1,5,2,3,7,6,3,9,3,4,6,1,6,4,6,1,1,2,2,2,2,2,3,2,3,3,2,1,7,2,0,6,6,11,9,10,16,5,10,7,11,8,17,17,16,14,5,8,9,11,14,9,8,18,10,11,15,18,25,13,12,20,19,16,16,26,26,17,28,24,39,31,21,28,31,30,35,25,41,39,55,37,53,53,50,61,67,66,76,73,82,73,90,82,98,88,111,71,59,50,44,53,52,83,72,94,119,139,116,136,156,123,153,186,190,204,312,263,306,324,391,440,467,502,548,580,759,645,637,677,750,737,729,719,851,783,1048,868,952,933,995,1138,1159,1159,1140,1198,1544,1351,1397,1574,1590,1805,2058,2060,2175,2167,2644,2570,2543,2826,2757,2753,3119,3166,3651,3471,3605,3725,3947,3840,3983,3977,3736,3783,3958,4062,4280,4015,3672,4166,3946,4031
1315,Structural Biology,"Biochemistry, Genetics and Molecular Biology",Life Sciences,0,0,0,0,0,0,0,0,0,0,0,0,0,0,0,0,0,0,0,0,0,0,0,0,0,0,0,0,0,0,0,0,0,0,0,0,0,0,0,0,0,0,0,0,0,0,0,0,0,0,0,0,0,1,0,0,0,0,0,0,0,0,0,0,0,0,0,0,0,0,0,0,0,0,0,0,0,0,0,0,0,0,0,0,0,0,0,0,0,0,0,0,0,0,0,0,0,0,0,0,0,0,0,0,0,0,0,0,0,0,0,0,1,0,0,0,0,0,0,0,0,0,0,0,0,0,0,0,0,0,0,0,0,0,0,0,0,0,0,0,1,0,1,0,0,0,0,0,1,0,1,0,0,1,2,0,1,1,1,0,2,0,0,0,0,1,2,1,2,2,2,2,1,0,0,4,1,1,3,5,3,0,2,0,3,0,1,0,3,2,0,1,0,1,1,1,3,1,1,2,0,3,3,3,2,3,3,2,1,0,3,3,12,4,2,1,0,3,3,2,5,1,6,4,5,0,5,4,6,4,6,11,6,1,6,7,9,2,8,4,4,9,11,5,10,5,11,10,20,25,24,24,25,30,26,32,26,36,36,25,44,34,47,54,54,53,48,60,65,62,72,75,96,119,115,120,118,86,125,112,148,120,161,112,128,143,174,156,165,168,198,232,265,273,273,229,268,234,229,318,291,316,361,418,446,459,586,632,699,782,777,774,864,915,991,1187,1400,1204,1291,1381,1479,1527,1477,1616,1462,1873
1402,Accounting,"Business, Management and Accounting",Social Sciences,1,0,0,0,1,0,0,0,0,0,0,0,0,1,0,1,0,0,0,0,1,0,0,0,0,0,0,0,0,0,0,0,0,0,0,0,0,0,0,0,0,0,1,0,0,1,0,0,0,0,1,1,1,1,0,0,0,0,0,0,0,0,0,0,0,1,3,1,0,1,0,1,0,0,1,1,1,0,0,1,1,1,0,0,1,2,7,0,0,2,0,0,5,0,0,1,2,0,3,1,23,11,10,6,7,5,7,8,12,9,15,13,13,4,3,7,8,10,10,15,6,13,10,12,21,5,6,25,9,15,43,13,11,25,13,14,23,17,17,11,14,14,15,13,20,24,23,30,30,22,33,36,42,56,45,49,37,48,47,35,35,42,57,40,41,37,45,33,49,39,46,43,38,38,48,74,217,43,42,58,70,63,69,95,75,63,74,117,103,97,93,109,122,124,123,172,185,165,206,214,255,226,271,292,322,337,380,409,365,357,382,428,449,358,396,390,384,373,408,374,505,519,534,498,567,576,663,622,595,763,695,725,715,696,665,707,735,732,674,730,718,636,578,352,352,472,467,604,677,740,802,877,915,901,923,968,925,1101,1088,1161,1253,1220,1258,1335,1484,1540,1497,1708,1671,1787,2271,1840,2086,2133,2227,2497,2683,2748,2999,3227,3455,3470,3429,3794,3942,4456,4794,5215,5384,5826,6033,6273,6782,7225,7902,8841,9538,10404,11205,12715,14860,16191,18254,21084,23337,26366,29229,33013,36867,42673,47073,52829,57817,59695,64673,68121,71394,71400,71172,71957,67469,56898,49565,57199,64689,73679
1403,Business and International Management,"Business, Management and Accounting",Social Sciences,0,0,0,0,0,0,0,0,0,0,0,0,0,0,0,0,0,0,0,0,0,0,0,0,0,0,0,0,0,0,0,0,0,0,0,0,0,0,0,0,0,0,1,0,0,0,0,0,0,0,0,0,0,0,0,0,0,0,0,0,0,0,0,0,0,0,0,0,0,0,0,0,0,0,0,0,0,0,0,0,0,0,0,0,0,0,0,0,0,0,0,0,0,0,1,0,0,0,0,0,1,0,0,0,0,0,0,0,0,0,0,0,0,0,0,0,0,0,0,0,0,0,0,0,0,0,0,0,0,0,1,0,1,0,0,0,0,0,0,2,0,0,0,0,0,0,1,4,2,0,2,0,1,1,1,0,0,0,1,0,0,1,1,0,0,0,1,0,1,0,4,4,0,0,0,0,0,1,1,0,4,0,0,3,1,0,3,0,1,2,2,0,0,2,3,0,0,0,0,2,2,2,4,1,0,0,4,3,2,3,3,0,0,4,2,15,0,3,3,2,6,5,3,3,3,4,5,3,3,4,6,4,4,3,2,8,6,8,6,8,9,9,5,4,3,6,9,1,4,10,12,12,11,13,11,15,19,11,19,16,17,18,21,21,32,45,46,32,36,58,95,56,81,83,98,81,87,90,109,129,137,98,93,89,162,175,154,151,156,150,203,172,192,208,213,248,287,348,324,382,642,716,855,962,1080,1304,1594,1816,2036,2195,2713,3210,3692,4218,4276,4630,4689,4838,5387,6079,7127,6910,6892,8461,10382,10717
1404,Management Information Systems,"Business, Management and Accounting",Social Sciences,0,0,0,0,0,0,0,0,0,0,0,1,0,0,0,0,0,0,0,0,0,0,0,0,0,0,0,0,0,0,0,0,0,0,0,0,0,0,0,0,0,0,0,0,0,0,0,0,0,0,0,0,0,0,0,0,0,0,0,1,0,0,0,0,0,0,0,0,0,0,0,0,0,0,0,0,0,0,0,0,0,0,0,2,0,0,0,0,0,0,0,0,0,0,0,0,0,0,0,1,2,0,1,0,0,2,0,0,0,2,1,0,0,0,0,0,0,0,0,1,0,4,4,2,0,0,0,1,4,3,1,1,3,7,1,0,3,3,3,2,1,5,0,1,3,4,2,3,3,4,3,10,7,7,16,3,5,6,6,6,2,1,2,6,4,2,9,3,9,10,4,9,4,10,2,6,13,13,11,14,12,25,13,16,16,16,13,16,20,14,17,12,9,17,21,11,26,24,18,103,27,19,21,41,17,27,25,33,25,22,19,29,32,34,27,27,30,28,29,29,57,42,54,50,88,65,50,66,85,60,92,58,58,58,54,67,74,71,69,68,67,59,67,59,78,104,100,81,108,132,145,151,167,155,213,209,219,268,286,311,353,383,436,439,542,578,591,612,796,899,1115,996,1080,1128,1154,1265,1383,1492,1622,1572,1706,1751,2069,2120,2486,2625,3069,3397,3409,3949,4063,4541,4780,5512,6035,6409,6736,7091,7472,8203,9497,9948,13780,14031,15051,17246,19473,21314,23789,26503,29694,33969,34503,34666,36256,37741,37604,39699,40597,42138,40128,33195,28984,34843,43757,47729
1405,Management of Technology and Innovation,"Business, Management and Accounting",Social Sciences,0,0,0,0,0,0,0,0,0,0,0,0,0,0,0,0,0,0,0,0,0,0,0,0,0,0,0,0,0,0,0,0,0,0,0,0,0,0,0,0,0,0,0,0,0,1,0,0,0,0,0,0,0,0,0,0,0,0,0,0,0,0,1,0,0,0,0,0,0,0,0,0,0,0,0,0,0,0,0,0,0,0,0,0,0,0,0,0,0,0,2,0,1,0,0,0,1,0,0,1,4,2,0,0,0,2,11,9,10,10,10,10,10,6,8,8,10,13,12,5,11,10,15,1,1,2,5,7,14,19,19,12,26,27,24,16,17,6,10,13,12,8,9,3,11,6,19,29,46,40,50,86,89,63,46,49,66,32,76,36,71,36,34,30,19,20,28,37,42,80,69,78,51,46,55,54,57,45,46,45,53,41,49,35,54,39,55,40,34,34,44,46,61,46,74,63,41,62,76,71,54,57,62,60,76,61,66,89,51,74,64,60,91,100,73,62,53,70,66,76,71,78,95,92,104,100,131,113,124,132,151,181,154,138,154,141,154,156,202,196,191,193,201,148,94,136,183,206,231,259,301,306,323,318,338,319,389,418,347,374,387,402,459,523,608,565,542,586,579,781,966,879,922,893,930,963,1031,1163,1179,1182,1337,1476,1261,1501,1582,1671,1799,2143,2210,2504,2597,2718,2992,3224,3428,3649,4173,4264,4777,5497,6817,7470,9246,9999,11112,12141,13595,15441,17045,18520,21455,24101,26044,27083,27876,28594,28580,30351,30215,32668,33680,31813,26548,29650,31612,35155
1406,Marketing,"Business, Management and Accounting",Social Sciences,0,1,0,0,1,0,0,0,0,0,0,0,0,0,0,0,0,0,0,0,0,0,0,0,0,0,0,0,0,0,0,0,0,0,1,0,0,0,0,0,0,0,0,0,0,0,0,0,0,0,1,0,2,0,0,0,0,0,0,0,0,0,0,0,0,0,0,0,0,0,0,0,0,0,0,0,0,0,0,0,0,0,0,0,1,0,0,0,0,0,0,0,0,0,0,0,0,0,0,0,16,2,1,1,7,2,0,5,1,3,2,1,7,0,3,1,5,4,3,3,6,3,3,35,7,5,5,3,8,3,2,4,9,4,4,5,9,7,7,6,15,7,5,19,16,14,14,24,25,14,31,20,31,21,33,25,21,35,31,41,92,130,191,142,149,127,62,57,41,49,81,48,74,59,58,62,83,56,47,58,94,58,67,67,74,52,65,62,78,70,119,78,80,110,88,120,104,135,118,112,208,264,305,326,247,178,193,173,193,193,224,408,1129,205,350,323,292,341,266,202,346,236,230,287,286,266,338,305,274,287,391,363,344,319,292,303,360,354,383,420,466,440,418,368,284,316,322,340,377,416,424,423,417,422,423,460,436,418,473,519,601,576,594,605,674,646,623,822,908,969,1144,1009,1079,1110,1273,1211,1434,1367,1542,1468,1562,1590,1529,1601,1936,1790,2012,2099,2293,2510,2735,2898,3082,3468,3638,3959,4316,4805,5180,5811,7716,7869,9380,10273,12432,13431,14753,17045,19698,22225,25172,28143,30835,31576,34658,36346,36634,38565,39064,39985,39465,33302,29912,36236,39059,47406
1407,Organizational Behavior and Human Resource Management,"Business, Management and Accounting",Social Sciences,1,0,0,1,0,0,0,1,0,0,1,0,0,0,0,0,0,0,0,0,0,0,0,0,0,0,0,0,0,0,0,0,1,0,0,0,0,0,0,1,0,0,0,0,0,0,0,0,0,0,0,0,1,1,0,0,1,0,0,0,0,0,0,1,0,0,0,0,0,0,0,0,0,1,0,0,0,0,0,1,0,0,0,0,0,0,0,0,0,0,1,0,0,1,0,1,0,1,0,0,7,1,1,0,2,3,1,2,4,4,2,3,4,1,3,2,3,2,4,1,2,5,5,3,3,2,4,8,4,4,15,11,12,5,10,19,5,4,10,9,6,6,8,4,12,15,9,24,21,9,17,31,8,15,16,22,29,24,13,10,9,11,8,15,9,14,17,16,12,14,12,26,12,16,23,18,155,29,21,28,29,38,24,31,36,39,39,39,41,27,41,63,52,67,84,116,103,117,117,109,136,140,197,199,166,189,188,211,166,163,157,230,303,275,210,181,231,226,173,181,227,210,201,195,222,260,270,264,312,265,323,287,257,229,204,269,253,271,261,277,249,234,237,214,224,233,341,369,408,417,541,564,623,598,603,690,651,670,747,740,830,869,866,920,937,1069,1193,1298,1372,1720,1863,1754,1909,1977,2192,2221,2415,2518,2730,2753,2928,3084,2941,3077,3047,3384,3610,3877,4229,4593,5106,5321,5539,6070,6875,7427,8071,8513,9118,9902,11952,12691,14630,16294,18047,19952,21973,25408,27618,30835,34516,38356,40582,43320,45034,46184,44841,46313,45225,45429,45908,39250,34022,38428,42346,52331
1408,Strategy and Management,"Business, Management and Accounting",Social Sciences,0,0,0,0,0,0,1,1,0,0,0,2,0,0,1,0,1,1,1,0,0,0,0,0,0,0,1,0,0,0,0,0,2,0,0,0,0,1,0,1,0,0,0,1,1,1,0,0,0,0,1,0,7,0,0,0,2,0,0,3,2,0,1,0,2,1,0,4,0,0,0,1,0,1,1,0,1,2,0,1,0,0,0,0,4,0,2,3,11,4,9,0,3,4,1,1,1,2,37,6,18,11,2,8,32,63,45,6,29,7,17,12,8,7,6,6,18,10,4,2,8,17,14,15,31,28,28,18,18,7,50,21,19,20,31,26,61,31,34,42,52,94,57,41,40,57,106,147,172,117,152,127,134,161,64,83,78,72,122,78,108,87,68,65,56,40,78,82,139,107,160,119,95,174,144,116,259,124,83,133,195,146,231,293,175,170,245,256,286,280,318,350,348,320,315,303,629,530,374,633,661,616,824,809,802,832,829,730,864,811,862,884,1012,903,917,649,568,603,659,784,872,908,1038,935,1158,1124,1345,1130,1398,1496,1339,1203,1389,1081,952,1128,1031,1026,1123,1131,1068,986,816,741,475,503,556,803,868,1160,1396,1218,1255,1331,1478,1530,1453,1591,1737,1865,2276,2289,2246,2416,2428,2323,2750,3109,2978,3379,4312,3542,3948,4001,4269,4479,4606,4952,5141,5270,6092,5551,5598,5954,6310,7184,7328,8160,8710,9657,10636,11112,12365,13757,14698,16458,17498,19258,21943,23527,27600,30047,34128,37351,41629,44990,48102,57875,61335,66335,73388,78131,84933,88814,90500,93425,94022,95603,94665,97346,95171,83335,75976,86601,90614,98439
1409,"Tourism, Leisure and Hospitality Management","Business, Management and Accounting",Social Sciences,0,0,0,0,0,0,0,0,0,0,0,0,0,0,0,0,0,0,0,0,0,0,0,0,0,0,0,0,0,0,0,0,0,0,0,0,0,0,0,0,0,0,0,0,0,0,0,0,0,0,0,0,0,0,0,0,0,0,0,0,0,0,0,0,0,0,0,0,0,0,1,0,0,0,0,1,0,0,0,0,0,0,0,0,0,0,0,0,0,0,0,0,0,0,0,0,0,0,0,0,2,2,1,0,0,1,0,1,0,1,0,0,0,0,0,0,0,0,0,0,0,1,1,4,0,0,4,1,1,1,0,2,5,2,0,0,1,1,1,3,1,1,0,1,2,1,2,6,6,3,6,7,6,6,10,3,3,7,7,2,5,2,2,7,0,3,3,2,1,15,9,4,5,2,6,5,8,5,4,12,12,8,7,9,9,4,8,13,9,11,10,7,10,11,13,20,15,9,10,19,21,20,31,27,36,32,25,30,35,28,43,31,27,32,19,17,15,21,11,12,33,19,29,33,32,35,45,38,39,35,29,21,48,32,37,32,32,34,47,28,37,32,22,13,14,29,27,27,32,43,41,45,42,39,48,58,42,62,41,57,68,48,59,62,84,87,70,70,71,72,137,119,104,128,147,123,155,145,170,172,209,188,208,213,219,267,252,276,335,365,433,478,520,485,572,598,642,688,748,772,928,1074,1184,1269,1480,1553,1841,1968,2245,2438,2799,2884,2974,3198,3380,3236,3384,3197,3076,3449,3103,2535,2182,2355,2405,3118
1410,Industrial relations,"Business, Management and Accounting",Social Sciences,0,0,0,0,0,0,0,0,0,0,0,0,0,0,0,0,0,0,0,0,0,0,0,0,0,0,0,0,0,0,0,0,1,0,0,0,0,0,0,0,0,0,0,0,0,0,0,0,0,0,0,0,0,0,0,0,0,0,0,0,0,1,0,0,0,0,0,0,0,0,0,0,0,0,0,0,0,0,0,0,1,0,0,0,1,0,0,2,0,0,0,0,0,0,0,0,0,0,0,0,0,1,2,1,2,0,0,1,0,0,0,0,0,2,0,0,3,0,1,0,0,2,0,0,2,2,0,2,2,1,0,1,1,0,3,2,1,0,2,0,0,2,2,1,3,2,3,3,8,3,6,2,3,5,0,4,5,4,4,0,4,3,5,5,0,3,3,2,4,1,1,2,4,1,1,1,2,6,5,3,3,4,6,8,8,7,6,6,9,13,17,13,7,12,13,19,16,13,15,14,18,29,18,27,24,29,23,27,27,19,33,35,30,37,19,14,13,14,15,24,27,26,23,34,23,29,28,42,27,28,24,27,23,28,30,33,40,38,42,44,24,13,15,10,4,7,10,23,29,33,41,37,52,49,51,55,62,52,68,55,69,58,69,79,66,60,82,97,93,95,105,113,137,142,147,153,182,162,201,224,183,214,189,208,270,238,227,328,333,342,450,440,530,519,547,662,700,917,947,1079,1396,1572,1820,1875,2462,2758,2884,2896,3094,3461,3586,3845,4005,3741,3775,3753,4096,4022,3644,3220,2676,1360,598,615,924,2411
1502,Bioengineering,Chemical Engineering,Physical Sciences,0,0,0,0,0,0,0,0,0,0,0,0,0,0,0,0,0,0,0,0,0,0,0,0,0,0,0,0,0,0,0,0,0,0,0,0,0,0,0,0,0,0,0,0,0,0,0,0,0,0,0,0,0,3,0,0,0,0,0,0,0,0,0,0,0,0,0,0,0,0,0,0,0,0,0,0,0,0,0,0,0,0,0,0,0,0,0,0,0,0,0,0,0,0,0,0,0,0,0,0,1,0,0,0,0,0,0,0,0,0,0,0,0,0,0,0,0,0,0,0,0,0,0,0,0,0,0,2,0,0,0,1,2,0,0,1,1,2,0,1,0,1,3,5,0,1,1,1,4,0,1,0,0,1,1,3,1,1,1,5,1,0,2,1,2,2,0,2,5,6,3,1,1,3,1,3,3,4,7,10,6,4,3,2,3,6,5,10,7,10,2,7,8,5,13,8,6,11,5,10,18,11,15,11,6,17,18,15,13,19,25,24,21,21,25,17,19,24,13,16,29,22,28,27,50,56,49,76,62,74,73,92,80,105,79,91,81,102,86,82,69,73,99,48,41,58,59,77,129,123,196,190,180,259,272,295,313,302,348,413,524,418,438,486,573,569,641,656,673,731,771,711,803,924,892,910,910,918,967,1038,1103,1094,1142,1158,1249,1296,1318,1334,1410,1543,1617,1590,1592,1645,1722,1854,1799,1952,1911,2085,2378,2236,2668,2652,3335,2925,3210,3113,3188,3177,3101,3510,3908,3501,3625,3419,3571,3145,3295,3298,3126,2869,2777,3171,3804,3814
1503,Catalysis,Chemical Engineering,Physical Sciences,0,0,0,0,0,0,0,0,0,0,0,0,0,0,0,0,0,0,0,0,0,0,0,0,0,0,0,0,0,0,0,0,0,0,0,0,0,0,0,0,0,0,0,0,0,0,0,0,0,0,0,0,0,14,0,0,0,0,0,0,0,0,0,0,0,0,0,0,0,0,0,0,0,0,0,0,0,0,0,0,0,0,0,0,0,0,0,0,0,0,0,0,0,0,0,0,0,0,0,2,1,0,1,2,2,0,0,1,0,4,4,0,0,1,3,1,2,0,0,2,1,1,0,1,2,0,0,0,2,2,3,1,0,6,5,8,5,7,8,4,6,9,12,6,5,10,9,6,11,4,8,6,12,5,5,7,7,7,11,6,6,5,10,11,6,11,6,9,6,29,21,10,18,28,26,30,24,18,23,36,16,18,22,14,20,11,14,18,17,19,34,18,33,29,31,43,41,57,69,50,42,60,46,52,62,102,62,71,74,60,51,65,61,72,65,39,36,41,35,50,72,73,76,76,75,103,101,96,127,126,155,171,155,133,128,152,133,157,121,162,106,137,118,89,74,96,87,163,184,175,226,234,244,264,309,306,351,337,362,447,479,497,519,595,684,740,749,797,935,841,1036,953,1109,1133,1111,1190,1162,1224,1107,1329,1300,1450,1514,1492,1471,1585,1749,1698,1818,1828,1706,1929,1843,2099,2122,2163,2118,2200,2097,2000,2478,2679,2814,3286,3676,4046,4192,4591,4955,4977,5579,5987,5927,6408,6432,6386,9003,6428,6568,7123,9155,7778,8303,9322,10901,13648
1504,Chemical Health and Safety,Chemical Engineering,Physical Sciences,0,0,0,0,0,0,0,0,0,0,0,0,0,0,0,0,0,0,0,0,0,0,0,0,0,0,0,0,0,0,0,0,0,0,0,0,0,0,0,0,0,0,0,0,0,0,0,0,0,0,0,0,0,0,0,0,0,0,0,0,0,0,0,0,0,0,0,0,0,0,0,0,0,0,0,0,0,0,0,0,0,0,0,0,0,0,0,0,0,0,0,0,0,0,0,0,0,0,1,0,0,1,0,1,0,0,0,0,0,0,1,0,0,0,0,0,0,1,0,0,0,0,0,0,0,0,1,0,0,1,0,1,3,0,2,0,1,2,1,3,0,3,2,0,1,1,4,2,3,2,2,3,6,4,4,3,3,4,0,2,1,2,6,2,1,2,4,4,0,2,3,4,5,4,4,4,8,9,9,1,2,1,8,6,3,1,2,2,3,6,7,5,6,11,6,8,6,8,8,7,3,9,7,13,8,8,14,9,12,7,18,16,24,13,21,22,21,18,30,29,30,22,26,28,22,26,37,28,36,48,40,56,44,27,34,34,48,47,35,44,37,40,73,71,73,71,113,143,153,144,190,206,202,163,195,168,210,233,258,218,254,237,255,173,227,220,213,338,291,242,277,210,240,228,295,367,294,325,355,393,435,469,432,379,408,413,460,487,445,449,502,505,523,498,570,555,537,540,535,623,624,602,639,702,615,709,723,672,827,828,927,902,906,1020,989,925,1244,846,944,752,987,719,607,711,702,960
1506,Filtration and Separation,Chemical Engineering,Physical Sciences,0,0,0,0,0,0,0,0,0,0,0,0,0,0,0,0,0,0,0,0,0,0,0,0,0,0,0,0,0,0,0,0,0,0,0,0,0,0,0,0,0,0,0,0,0,0,0,0,0,0,0,0,0,0,0,0,0,0,0,0,0,0,0,0,0,0,0,0,0,0,0,0,0,0,0,0,0,0,0,0,0,0,0,0,0,0,0,0,0,0,0,0,0,0,0,0,0,0,0,0,0,0,0,1,0,0,1,1,1,0,0,0,0,0,0,0,0,0,1,0,0,0,0,0,0,1,0,0,0,1,2,0,0,0,4,0,2,1,6,2,0,2,0,4,2,2,5,0,2,1,2,1,4,3,2,1,1,2,1,2,1,2,6,8,0,2,2,3,7,9,3,2,7,4,1,8,10,9,10,8,7,3,12,9,14,12,13,6,10,18,8,15,11,17,25,14,14,30,28,20,22,31,26,28,20,26,32,21,35,25,27,21,32,31,31,21,15,20,19,17,29,33,26,49,54,59,74,76,71,87,78,79,97,100,86,81,87,97,96,88,58,61,62,43,28,37,35,48,62,82,98,138,128,134,117,150,139,144,168,188,195,190,213,180,235,285,303,317,353,323,343,368,416,428,407,392,382,413,407,437,438,422,439,435,454,432,473,477,521,529,495,438,481,511,491,528,534,478,566,519,577,551,511,598,738,671,612,659,711,700,699,738,820,801,843,799,1267,745,716,674,675,792,544,651,610,693
1507,Fluid Flow and Transfer Processes,Chemical Engineering,Physical Sciences,0,0,0,0,0,0,0,0,0,0,0,0,0,0,0,0,0,0,0,0,0,0,0,0,0,0,0,0,0,0,0,0,0,0,0,0,0,0,0,0,0,0,0,0,0,0,0,0,0,0,0,0,0,0,0,0,0,0,0,0,0,0,0,0,0,0,0,0,0,0,0,0,0,0,0,0,0,0,0,0,0,0,0,0,0,0,0,0,0,0,0,0,0,0,0,0,0,0,0,1,0,1,0,0,0,0,0,0,0,0,0,2,0,0,0,1,0,0,0,0,0,0,0,0,0,0,2,4,2,1,4,0,1,1,0,0,2,1,1,0,1,1,3,2,1,2,1,6,10,6,1,16,3,5,6,7,15,3,4,5,6,2,2,6,6,2,5,7,4,5,5,4,5,3,9,9,14,14,20,16,15,15,23,11,12,22,19,12,6,20,19,21,19,11,22,20,23,26,27,32,25,27,30,31,39,46,30,52,43,53,48,51,58,69,51,51,50,37,32,58,74,70,65,59,64,81,76,81,110,115,131,149,134,140,151,145,172,150,142,162,132,137,135,131,104,120,123,175,210,194,254,274,258,331,310,379,373,441,452,481,570,624,645,698,772,943,952,1042,1049,1109,1248,1186,1277,1311,1355,1488,1426,1465,1451,1519,1819,1697,1748,1758,1838,1931,1912,2073,2127,2168,2414,2293,2433,2299,2570,2750,3027,2897,3110,3225,3742,3739,3856,4099,4456,5102,8422,6198,10505,8417,5955,6997,7625,6719,7094,7431,7399,9779,7112,7039,7010,6493,6169,6404,6978,7600
1508,Process Chemistry and Technology,Chemical Engineering,Physical Sciences,0,0,0,0,0,0,0,0,0,0,0,0,0,0,0,0,0,0,0,0,0,0,0,0,0,0,0,0,0,0,0,0,0,0,0,0,0,0,0,0,0,0,0,0,0,0,0,0,0,0,0,0,0,2,0,0,0,0,0,0,0,0,0,0,0,0,0,0,0,0,0,0,0,0,0,0,0,0,0,0,0,0,0,0,0,0,0,0,0,1,0,0,0,0,0,0,0,0,0,0,0,0,0,0,0,0,0,0,0,0,0,0,0,0,0,0,0,0,0,0,0,0,0,0,0,0,0,0,0,0,1,0,1,0,1,2,0,0,0,0,0,0,0,1,1,1,2,0,0,2,0,1,0,0,1,2,1,0,0,0,0,1,2,0,1,1,0,1,1,0,0,0,1,1,15,1,1,2,2,2,6,1,1,4,1,3,5,1,9,1,2,2,1,3,1,4,1,8,2,3,6,4,5,6,3,9,5,7,4,4,6,6,6,8,6,5,4,7,4,5,10,11,13,15,14,11,11,21,10,15,22,22,13,17,14,19,15,13,19,15,21,18,16,11,9,16,18,22,33,30,33,33,36,36,61,51,55,56,73,74,88,85,85,128,131,125,128,159,146,164,199,201,217,185,219,227,240,266,274,280,322,269,321,294,315,366,446,433,446,450,470,462,572,518,612,691,719,762,803,919,1066,1089,1088,1216,1462,1559,1479,1754,1689,1695,1908,1998,2265,2316,2451,2479,2541,2343,2570,2475,2749,2539,2643,2818,3008,3359
1602,Analytical Chemistry,Chemistry,Physical Sciences,0,0,0,0,0,0,0,0,0,0,0,0,0,0,0,0,0,0,0,0,0,0,0,0,0,0,0,0,0,0,0,0,0,0,0,0,0,0,0,0,0,0,0,0,0,0,0,0,0,0,0,0,0,1,0,0,0,0,0,0,0,0,0,0,0,0,0,0,0,0,0,0,0,0,0,0,0,0,1,0,0,0,0,0,0,0,0,0,0,2,0,0,0,0,0,0,0,0,3,2,2,1,1,1,1,0,2,0,0,0,0,0,0,4,1,2,1,3,0,0,1,2,2,1,3,4,2,5,5,2,8,7,6,6,4,7,5,11,9,17,4,9,16,18,22,26,16,33,22,26,25,17,13,26,19,23,18,16,18,15,18,10,28,17,26,26,14,18,20,18,28,32,30,30,26,24,34,45,52,50,45,45,23,50,44,30,48,57,52,56,53,38,46,44,51,49,42,54,60,69,74,74,57,100,82,86,80,77,100,106,115,95,100,128,121,132,108,120,112,116,119,141,158,159,202,178,195,241,210,224,305,281,272,307,333,332,323,333,329,343,350,357,341,361,319,298,325,388,508,568,740,718,797,853,912,991,1042,1021,1066,1248,1468,1270,1336,1511,1732,1696,1574,1802,1859,1704,2079,1953,1987,2047,2127,2196,2272,2482,2611,2609,2832,2753,2847,2960,2921,3209,3212,3405,3530,3489,3638,3505,3807,3780,3933,4406,4493,4431,4873,5011,5956,5913,6407,7237,8338,8647,9372,10519,10927,11796,12937,14490,15216,15519,15313,15052,13551,13920,13940,14540,14277,13590,13826,14462,15849,15931
1603,Electrochemistry,Chemistry,Physical Sciences,0,0,0,0,0,0,0,0,0,0,0,0,0,0,0,0,0,0,0,0,0,0,0,0,0,0,0,0,0,0,0,0,0,0,0,0,0,0,0,0,0,0,0,0,0,0,0,0,0,0,0,0,0,2,0,0,0,0,0,0,0,0,0,0,0,0,0,0,0,0,0,0,0,0,0,0,0,0,0,0,0,0,0,0,0,0,0,0,0,0,0,0,0,0,0,0,0,0,0,0,0,1,1,3,0,1,0,0,1,2,0,0,0,0,0,1,0,0,0,0,0,0,1,2,1,0,0,1,2,1,3,2,4,4,2,11,5,11,3,9,7,6,9,10,8,8,7,4,10,7,4,8,4,1,5,6,6,7,7,6,8,3,2,2,6,6,2,4,1,5,6,7,5,11,8,4,9,6,13,11,14,23,19,18,14,19,15,17,26,22,27,14,20,26,52,52,47,45,69,54,57,57,71,83,87,84,91,106,107,81,81,82,65,72,79,59,79,44,41,54,91,91,98,119,137,145,130,121,161,126,183,199,174,177,170,184,183,163,196,168,165,163,172,122,90,103,116,169,168,243,269,296,346,313,398,437,490,434,482,563,654,622,672,761,805,858,958,1006,1248,1255,1324,1288,1510,1588,1555,1665,1498,1554,1581,1894,1955,1989,1914,2179,2155,2021,2140,2244,2257,2124,2311,2388,2281,2278,2381,2361,2085,2230,2193,2119,2276,2219,2337,2256,2487,2520,2635,2701,2609,2597,2628,2980,3115,2936,3016,3070,3106,2996,2934,2965,3180,3020,3068,3386,3584,3593
1604,Inorganic Chemistry,Chemistry,Physical Sciences,0,0,0,0,0,0,0,0,0,0,0,0,0,0,0,0,0,0,0,0,0,0,0,0,0,0,0,0,0,0,0,0,0,0,0,0,0,0,0,0,0,0,0,0,0,0,0,0,0,0,0,0,0,19,0,0,0,0,0,0,0,0,0,0,0,0,0,0,0,0,0,0,0,0,0,0,0,0,0,0,0,0,0,0,0,0,0,0,0,0,0,0,0,0,0,0,1,0,0,0,5,1,3,3,1,1,2,2,1,0,0,2,4,0,1,0,2,0,1,1,0,3,0,3,2,1,2,9,16,6,10,2,9,11,19,11,17,29,33,12,27,18,31,27,22,28,25,26,25,27,29,29,15,17,27,38,24,31,33,35,35,27,42,40,40,30,30,32,39,55,51,33,38,54,59,46,66,75,70,70,86,54,70,85,65,58,63,61,95,93,112,90,100,105,130,128,96,111,132,121,127,135,141,158,157,175,199,191,200,192,186,214,229,234,201,148,141,147,196,139,164,160,241,291,269,288,333,359,359,364,409,366,382,445,412,378,385,418,382,423,317,273,272,318,222,243,328,523,579,819,919,953,1081,1103,1188,1356,1637,1732,1832,2148,2442,2543,2572,2911,3109,3179,3316,3611,3753,3848,5544,5578,6224,6153,5974,5717,5191,5389,5191,5434,5887,5759,5927,6003,6258,6347,6539,6929,6817,6949,6787,7375,7127,7599,7821,8056,8355,8415,8613,8979,9637,10567,10668,11887,13490,16014,16272,17310,18205,17457,17837,19599,20029,18318,19810,18970,19862,20804,19755,21168,28083,19484,20428,20546,21225,23728
1605,Organic Chemistry,Chemistry,Physical Sciences,0,1,0,0,0,0,0,0,0,0,0,1,0,0,0,0,0,0,0,0,0,0,0,0,0,0,0,0,0,0,0,0,0,0,0,0,1,0,0,0,0,0,0,0,0,0,0,0,0,0,0,0,1,79,0,1,0,2,0,1,0,0,0,0,0,1,1,5,0,0,0,0,0,0,0,0,1,0,1,0,0,1,0,0,0,0,0,9,7,2,4,1,2,1,2,0,1,0,0,4,12,8,10,11,7,0,11,3,5,5,4,10,4,3,4,5,5,5,5,3,2,2,46,38,117,92,82,123,80,84,59,68,40,65,124,134,154,205,188,212,158,195,205,216,210,217,261,185,226,197,218,211,170,214,257,188,212,224,177,256,235,204,176,206,233,198,221,220,221,267,217,166,174,304,266,244,295,304,356,335,354,355,236,414,361,410,356,414,409,431,382,373,361,420,426,422,399,455,466,572,586,665,613,628,662,673,734,822,775,837,738,800,819,714,648,555,532,456,446,465,658,718,857,910,994,1122,1077,1195,1088,1258,1390,1341,1408,1528,1562,1614,1527,1637,1598,1591,1497,1482,1226,1111,981,1114,1622,1997,2548,2941,3521,4027,4318,4344,4740,5039,5213,5579,6169,6586,7304,7905,8789,9869,10586,11202,11853,13504,14476,14361,25920,26651,28319,27742,27161,26900,25606,26015,26092,26294,26129,26986,26708,27765,28020,28537,28698,29643,29595,30210,32363,31829,32684,33981,34001,35043,36874,36333,37949,38075,49662,42993,43769,46234,59174,54841,58348,63998,64713,72302,67519,72215,71580,69175,102435,63743,63015,54544,52051,54634,64764,64785,61858,146484,57211,74992
1606,Physical and Theoretical Chemistry,Chemistry,Physical Sciences,0,0,0,0,0,0,0,0,0,0,0,0,0,0,2,0,0,0,0,0,1,0,0,0,1,0,0,0,0,1,0,0,0,0,0,1,0,0,0,1,0,0,0,0,0,0,1,0,1,0,1,0,0,16,0,2,0,2,0,0,0,0,0,0,1,0,0,1,0,1,0,3,1,0,0,0,0,1,1,1,0,0,0,1,1,0,8,2,1,7,3,5,4,2,3,0,1,3,5,14,52,35,33,46,26,28,27,16,47,41,53,39,37,42,55,58,34,27,45,25,18,34,43,70,77,32,47,70,112,70,58,50,97,82,118,124,138,153,157,182,203,174,249,206,227,211,237,188,216,249,258,211,226,212,278,233,245,280,200,254,238,227,201,207,242,250,221,249,238,343,343,327,387,491,443,446,497,531,508,559,606,511,570,538,647,601,591,617,719,661,654,715,661,706,739,820,807,851,875,914,1054,1150,1267,1336,1268,1378,1364,1317,1334,1475,1322,1326,1374,1247,1228,1005,988,954,1063,991,1450,1635,1688,1895,2001,2214,2274,2348,2506,2575,2900,2519,2283,2172,1946,2062,2106,2064,1999,1850,1862,1718,1627,1766,1579,1456,1626,2524,2681,2840,3226,3462,3618,3968,3833,3748,3873,4020,4175,4264,4914,4912,4922,5686,5812,5403,6605,6560,6650,6550,7524,7495,7475,6960,7084,7216,7101,7142,7063,6788,7519,7109,7021,7043,7176,7068,6819,7067,7101,7137,7409,7398,7237,7396,7278,7264,7807,7756,8016,7459,8285,8544,8618,9011,9298,9949,10202,10993,13575,10735,11072,11739,11346,11202,11675,11201,15383,12419,12345,11830,12403,10260,9129,10925,8203,9212
1607,Spectroscopy,Chemistry,Physical Sciences,0,0,0,0,0,0,0,0,0,0,0,0,0,0,0,0,0,0,0,0,0,0,0,0,0,0,0,0,0,0,0,0,0,0,1,0,0,0,0,0,0,0,0,0,0,0,0,0,0,0,0,0,0,9,0,0,0,0,0,0,0,0,0,0,0,0,0,0,0,0,0,0,0,1,0,0,0,0,0,0,0,0,0,0,0,0,0,0,0,0,1,0,0,0,0,0,0,0,0,3,6,3,4,2,2,3,2,2,5,3,3,4,6,1,3,5,2,4,4,7,8,5,6,11,6,9,18,22,9,15,15,15,5,14,29,26,37,31,24,34,21,31,28,27,24,24,30,20,28,32,33,56,55,71,40,32,20,33,31,41,32,39,51,24,29,40,32,37,42,48,39,41,44,49,55,53,60,72,71,63,87,81,96,74,89,78,86,84,98,84,97,83,110,108,128,125,117,122,121,143,127,131,171,129,151,136,147,173,166,179,207,191,175,217,212,177,122,121,155,142,176,191,227,332,352,347,364,411,429,494,541,540,560,638,639,639,634,649,675,648,568,522,551,393,376,404,536,710,970,1151,1340,1594,1616,1734,1905,1976,2136,2115,2426,2905,3167,3378,3844,4433,5042,5299,5566,6295,6886,6429,7892,8218,8530,9320,9348,9322,8988,8853,9063,9610,9712,10160,10073,10407,10639,10517,10499,11060,10803,11179,11338,11267,11491,11603,11408,11665,12125,12204,12019,12219,13216,13074,13345,15102,17181,19038,17936,20708,19031,17943,19239,20177,21314,19563,20150,19164,19607,19309,20416,17914,18295,17450,16327,19067,19419,19789
1702,Artificial Intelligence,Computer Science,Physical Sciences,0,0,0,0,0,1,0,1,0,0,0,0,0,1,0,1,0,0,0,1,1,0,0,1,1,0,0,5,1,1,1,0,1,1,1,0,1,1,1,1,0,2,1,2,1,0,0,1,0,0,12,1,0,3,0,5,0,0,1,1,0,2,0,0,1,0,0,0,0,0,0,1,0,1,1,1,0,0,2,1,0,0,0,2,1,0,3,4,1,1,1,1,1,1,0,0,3,1,5,4,34,6,4,12,10,9,8,8,7,14,6,13,13,6,19,16,8,14,11,11,9,14,6,11,12,9,25,12,20,10,21,12,17,23,20,11,15,27,19,29,33,23,25,22,38,27,39,64,64,55,62,61,69,56,74,80,68,66,73,98,88,58,58,47,57,50,70,117,66,73,108,96,107,107,103,150,182,187,181,213,245,237,233,240,293,257,288,300,291,333,286,333,296,399,373,358,369,364,355,535,446,406,386,432,435,469,489,473,464,456,503,499,449,503,415,457,457,450,414,445,519,528,624,605,623,585,586,591,548,595,727,658,622,630,623,709,670,781,845,775,802,659,643,623,551,520,586,732,868,1085,1218,1370,1399,1518,1581,1697,1743,1839,1953,2219,2435,2605,2771,3294,3507,3919,4015,4521,5006,5596,6342,5983,6460,6646,7020,7511,7416,8217,8568,8614,9283,9390,9632,10828,11185,11744,13687,15204,16986,18265,21175,22364,23671,25176,26808,26919,29165,29939,31741,33911,41542,44510,73696,67190,70836,82566,89910,94063,97971,104344,110991,113876,117200,119586,123409,123140,133286,135878,151644,170891,187469,188292,182147,213184,233679,287162
1703,Computational Theory and Mathematics,Computer Science,Physical Sciences,0,0,0,0,0,0,0,0,0,0,0,0,0,0,0,0,0,0,0,0,0,0,0,0,0,0,0,3,0,0,0,0,0,0,0,0,0,0,0,0,0,0,0,0,0,0,0,0,0,0,0,0,0,6,0,0,0,0,0,1,0,0,0,1,0,1,0,0,0,0,0,0,0,1,0,0,0,0,0,0,0,0,0,0,0,1,0,0,0,0,0,0,0,1,0,0,0,0,0,1,10,1,1,1,2,0,2,0,11,1,3,5,2,3,5,10,2,2,4,3,1,2,3,3,4,2,4,9,7,7,6,4,3,6,4,8,11,15,3,7,6,11,13,15,19,12,18,18,21,15,23,34,19,23,27,24,18,29,26,31,31,10,28,18,29,14,27,24,19,20,18,27,28,28,42,42,35,35,55,49,60,47,66,66,66,55,59,65,73,75,73,58,85,83,79,73,74,99,88,156,77,90,101,103,116,133,143,144,141,150,171,111,105,133,127,92,109,115,118,112,105,144,135,135,173,175,172,232,220,225,256,242,255,265,268,310,333,356,329,343,344,276,280,219,247,207,269,349,411,465,615,723,734,821,796,942,973,987,1181,1222,1427,1505,1777,1967,2379,2551,2903,3101,3327,3914,4278,4383,4580,4652,4968,4981,4889,5153,5005,5239,5528,5643,5789,5924,6436,6767,7264,7637,8132,8860,9530,9783,10617,11340,11683,12531,12969,13264,13882,14145,16291,16722,24454,22209,22484,25895,28073,29378,30550,31663,33059,35149,35975,36456,36179,36275,36453,36202,37481,37174,41620,39103,37818,41036,41499,48486
1704,Computer Graphics and Computer-Aided Design,Computer Science,Physical Sciences,0,0,0,0,0,0,0,0,0,0,0,0,0,0,0,0,0,0,0,0,0,0,0,0,0,0,0,0,0,0,0,0,0,0,0,0,0,0,0,0,0,0,0,0,0,0,0,0,0,0,0,0,0,0,0,0,0,0,0,0,0,0,0,0,0,0,0,0,0,0,0,0,0,0,0,0,0,0,0,0,0,0,0,0,0,0,0,0,0,0,0,0,0,0,0,0,0,0,0,0,3,0,1,0,0,0,0,0,1,0,0,0,0,0,0,0,0,1,0,0,0,0,0,0,1,2,1,0,2,2,0,0,1,0,0,2,2,0,2,0,3,0,1,1,1,2,4,3,5,3,1,5,3,12,3,2,4,35,6,3,9,2,3,5,1,2,2,0,2,2,1,2,3,0,5,0,2,4,7,3,10,7,6,1,7,7,5,6,4,13,4,9,15,8,16,8,7,15,11,20,40,9,14,19,23,13,27,20,25,21,14,16,37,33,18,31,32,30,35,33,27,32,23,29,31,34,30,31,32,40,45,35,33,46,40,36,48,40,44,45,38,46,39,37,42,39,42,61,66,53,81,63,74,75,76,83,67,76,107,83,129,113,117,162,187,191,214,223,229,277,294,281,299,294,324,343,348,370,397,402,449,483,501,613,695,813,838,1023,1053,1154,1325,1482,1727,1689,1710,1875,1941,2105,2317,2334,3075,3492,5341,5313,5592,6077,6744,7285,7289,7913,8314,8273,7156,7060,6987,7585,7120,6856,6952,7268,7594,7129,6857,8477,9294,8401
1705,Computer Networks and Communications,Computer Science,Physical Sciences,0,0,0,0,0,0,0,0,0,0,0,0,0,0,0,0,0,0,0,0,0,0,0,0,0,0,0,0,0,0,0,0,0,0,0,0,0,0,0,0,0,0,0,0,0,0,0,0,0,0,0,0,1,0,0,0,0,0,0,0,0,0,0,0,0,0,0,0,0,0,0,0,0,0,0,0,0,0,0,0,0,0,0,0,0,0,0,0,0,0,0,0,1,0,0,0,0,0,0,0,22,2,2,0,3,4,3,1,0,2,2,2,3,4,6,0,0,6,3,4,3,4,1,2,4,2,7,6,7,3,5,3,5,2,1,3,4,8,4,3,13,2,7,9,9,5,6,24,9,9,13,18,20,12,22,20,13,25,12,17,16,16,20,19,12,14,25,18,12,14,25,24,30,45,23,24,38,29,41,46,45,46,52,47,40,52,53,48,63,56,63,47,47,49,84,75,63,65,71,472,102,82,88,99,103,116,91,113,116,134,125,115,128,144,125,116,112,107,75,108,131,143,160,156,176,167,164,197,140,211,226,261,201,208,243,258,215,236,262,248,197,194,181,159,178,214,304,305,351,461,486,474,487,558,604,613,716,734,778,940,1064,1093,1232,1348,1460,1729,1844,2014,2259,2463,2983,2716,2781,2918,3101,3576,3753,3872,4127,4625,4852,5210,5692,6349,6752,7329,8386,9114,9606,10134,11257,12070,12931,14283,15661,16416,18003,19229,20426,22435,26241,27412,62975,52906,55657,65869,72429,73499,79118,84223,88537,91710,91550,89146,91081,89489,93676,84836,86372,84394,80723,73442,67989,72289,74974,84436
1706,Computer Science Applications,Computer Science,Physical Sciences,0,0,0,0,0,0,0,0,0,0,0,0,0,0,0,0,0,0,0,0,0,0,0,0,0,0,0,0,0,0,0,0,0,0,0,0,0,0,0,1,0,0,0,0,0,0,0,0,0,0,0,0,0,0,0,0,0,0,0,0,0,0,0,0,0,0,0,0,0,0,0,0,0,0,0,0,0,0,0,0,0,0,0,0,0,0,0,0,0,0,0,0,0,0,0,0,0,0,0,0,4,1,0,0,0,0,0,0,1,0,1,0,0,0,0,0,1,3,1,0,0,0,0,0,1,0,0,1,0,3,3,2,0,2,1,1,1,4,0,4,4,0,0,2,4,6,14,36,37,15,20,27,36,31,26,27,24,30,17,22,22,7,16,16,18,8,9,21,23,18,28,15,29,17,31,27,35,29,37,30,29,40,37,40,44,40,45,46,41,50,38,41,22,29,46,30,33,38,35,65,31,54,63,58,45,59,59,51,61,81,72,78,84,55,57,40,46,61,31,39,62,68,77,70,63,75,57,61,86,79,99,63,68,53,70,52,60,73,71,73,70,82,68,64,76,69,77,84,50,84,98,90,108,110,120,143,119,144,153,172,203,252,283,278,283,349,339,375,373,542,803,590,668,700,756,755,824,735,895,750,740,845,928,1064,1304,1315,1413,1341,1383,1385,1375,1382,1426,1543,1628,1787,2031,2114,2323,2363,2765,3020,3906,4211,5109,5696,6108,7022,7711,8942,10599,12003,13421,14977,16852,18964,20659,22450,23561,24348,26348,20156,17393,19962,23505,29741
1707,Computer Vision and Pattern Recognition,Computer Science,Physical Sciences,0,0,0,0,0,0,0,0,0,3,0,0,0,0,0,0,0,0,0,0,0,0,1,0,0,1,0,0,0,0,0,0,0,0,0,0,0,0,0,0,0,0,0,0,0,1,0,0,0,0,0,0,0,0,0,0,0,2,0,0,0,0,0,0,0,0,0,0,0,0,1,1,0,0,0,1,0,0,1,1,0,0,0,0,0,1,0,0,0,0,0,0,0,2,0,0,1,0,1,4,24,3,3,5,8,6,3,2,2,3,11,10,5,3,8,17,6,8,8,3,5,10,4,7,6,9,10,12,6,6,10,11,14,15,11,5,13,10,15,12,11,8,11,13,13,18,21,24,42,26,35,35,32,30,32,22,32,35,24,41,28,20,26,21,22,25,39,17,36,57,43,40,48,57,54,60,65,68,103,80,109,97,72,89,78,79,69,71,98,89,96,102,91,71,77,89,98,84,76,148,91,92,94,97,100,113,95,111,94,106,116,106,117,129,109,100,94,126,120,113,143,151,187,138,207,178,182,206,238,247,294,242,268,240,294,264,268,274,278,283,262,317,219,233,175,214,238,354,311,362,403,431,482,498,553,528,546,564,616,687,745,700,752,856,951,1051,1132,1162,1310,1442,1668,1603,1601,1736,1788,2153,1898,2090,2208,2602,2603,2754,2828,3118,3253,3688,4091,4513,5092,5560,6464,7328,8456,8863,9626,10262,11726,11663,12963,13690,14945,16198,39691,30883,30775,38877,42247,43770,46241,51753,55544,58343,59911,62788,64316,66597,66193,68763,75947,83692,84459,88782,89261,102548,104775,121064
1708,Hardware and Architecture,Computer Science,Physical Sciences,0,0,0,0,0,0,0,0,0,0,0,0,0,0,0,0,0,0,0,0,0,0,0,0,0,0,0,0,0,0,0,0,0,0,0,0,0,0,0,0,0,0,0,0,0,0,0,0,0,0,0,0,0,0,0,0,0,0,0,0,0,0,0,0,0,0,0,0,0,0,0,0,0,0,0,0,0,0,0,0,0,0,0,0,0,0,0,0,0,0,0,0,0,0,0,0,0,0,0,1,5,0,0,0,0,0,0,0,0,1,0,0,0,0,0,1,0,0,0,0,0,0,0,0,0,0,0,0,0,1,0,0,0,0,1,1,0,0,0,0,0,0,3,0,0,1,1,5,1,0,1,1,1,1,1,2,0,0,0,3,0,0,0,1,1,1,2,1,0,0,2,1,2,2,2,1,4,3,2,1,1,3,1,0,1,1,3,4,1,3,6,2,0,1,5,0,5,7,4,245,4,2,2,2,4,2,6,3,2,2,3,2,5,2,4,3,0,1,0,5,2,7,4,7,3,3,2,5,5,6,7,4,6,5,8,4,8,8,10,7,7,8,9,7,9,8,18,21,19,14,23,33,37,46,37,41,72,72,98,121,116,150,167,195,227,233,265,346,322,379,467,512,600,668,724,835,1009,1118,1196,1447,1419,1503,1992,2008,1988,2259,2581,2907,3143,3331,3512,3789,4203,4282,4646,4533,4650,4696,4813,5038,5447,5356,19422,12695,9884,12050,11585,11245,11421,11894,12328,13146,12646,12727,12962,12570,12013,11285,11361,10193,9570,8619,7894,8470,9439,11731
1709,Human-Computer Interaction,Computer Science,Physical Sciences,0,0,0,0,0,0,0,0,0,0,0,0,0,0,0,0,0,0,0,0,0,0,0,0,0,0,0,0,0,0,0,0,0,0,0,0,0,0,0,0,0,0,0,0,0,0,0,0,0,0,0,0,0,0,0,0,0,0,0,0,0,0,0,0,0,0,0,0,0,0,0,0,0,0,0,0,0,0,0,0,0,0,0,0,0,0,0,0,0,0,0,0,0,0,0,0,0,0,0,0,1,0,0,0,0,0,0,0,0,0,0,0,0,0,0,0,0,0,0,0,0,0,0,0,0,0,1,0,0,0,0,0,1,1,0,0,0,1,0,1,0,0,0,0,0,1,1,2,7,2,4,4,1,1,0,1,1,2,2,1,3,0,0,0,1,0,1,0,3,2,2,3,2,5,0,2,5,3,4,1,9,2,4,4,4,1,8,9,2,9,6,4,5,5,3,2,6,9,4,21,6,8,8,2,10,10,5,14,2,6,6,9,7,6,9,8,6,6,11,7,6,10,7,6,7,8,4,14,10,11,18,14,14,11,17,16,16,16,14,19,20,14,19,17,7,16,29,36,36,41,38,36,43,30,54,62,40,46,52,69,65,62,71,73,92,98,108,127,150,186,205,183,150,202,204,218,226,242,227,248,283,316,367,365,383,414,546,538,578,721,787,892,999,1166,1151,1467,1428,1594,1688,2029,2312,2530,4154,4076,4249,4846,5667,6146,6672,7972,8631,9429,10070,10826,11382,11950,12323,12446,13389,13885,13865,13467,13848,16341,18319,22546
1710,Information Systems,Computer Science,Physical Sciences,0,0,0,0,0,0,0,0,0,1,0,0,0,0,0,0,0,0,0,0,0,0,0,0,0,0,0,0,0,0,0,0,0,0,0,0,0,0,1,0,0,0,1,0,0,0,0,0,0,0,0,0,0,1,0,0,0,0,0,0,0,0,0,0,0,1,0,0,0,0,0,0,2,1,0,0,1,0,0,0,0,0,0,1,1,0,0,0,0,0,0,0,0,0,0,0,0,0,2,1,15,2,8,1,3,0,1,9,0,3,3,5,2,3,6,2,4,3,7,1,5,2,4,6,2,7,2,11,11,7,5,8,8,6,19,6,14,16,9,18,10,11,9,6,8,11,24,23,32,35,29,44,25,62,57,72,28,24,21,25,26,15,19,29,21,21,20,27,17,22,27,27,23,26,29,30,38,44,44,51,42,41,40,51,63,54,42,61,107,113,137,102,134,112,96,113,118,102,147,302,132,118,186,156,159,199,169,164,195,181,194,196,195,213,212,178,149,174,154,130,190,203,203,201,253,243,311,291,241,277,295,292,257,330,353,305,300,357,375,359,300,332,345,246,272,285,330,347,352,464,512,540,563,639,654,627,660,708,739,867,920,957,992,1222,1444,1494,1541,1750,1829,2407,3372,2361,2397,2528,2592,3002,3006,3144,3354,3314,3488,3789,3845,4256,4656,5083,5793,6003,6288,6648,7179,7416,7830,8440,8900,10065,11594,12869,13711,16028,22834,27737,40150,44138,50381,57961,66203,75999,85399,101320,115392,130800,134691,143151,147035,153468,151856,157916,170788,179586,201651,175036,168305,181017,167117,176998
1711,Signal Processing,Computer Science,Physical Sciences,0,0,0,0,0,0,0,0,0,0,0,0,0,0,0,0,0,0,0,0,0,0,0,0,0,0,0,0,0,0,0,0,0,0,0,0,0,0,0,0,0,0,0,0,0,0,0,0,0,0,0,0,0,1,0,0,0,0,0,0,0,0,0,0,0,0,0,0,0,0,0,0,0,0,0,1,0,0,0,0,0,0,0,0,0,0,0,0,0,0,0,0,0,0,0,0,0,0,0,0,2,0,1,0,0,0,0,3,0,0,0,1,0,1,0,0,0,1,1,0,2,0,1,0,0,0,1,0,0,0,1,3,1,3,0,1,2,1,0,2,1,2,0,2,2,1,1,7,14,8,6,4,7,3,5,4,3,4,1,3,4,1,0,4,2,0,0,3,2,3,5,3,4,2,4,9,2,26,19,15,7,9,6,14,6,8,13,10,15,10,10,3,5,5,9,8,5,4,7,20,7,9,4,4,8,10,11,12,7,8,8,7,9,7,10,11,14,9,6,7,7,17,20,19,21,28,26,31,38,34,47,45,44,37,44,24,48,47,47,52,39,45,38,23,28,31,50,70,65,85,98,94,99,112,115,109,126,140,126,147,183,207,193,223,225,299,311,356,407,442,517,539,570,645,642,729,740,802,862,975,1025,1042,1060,1146,1225,1275,1406,1582,1764,1956,2198,2602,2752,2856,2869,3013,3708,3668,4014,4630,4922,5057,15785,11788,11315,15079,16034,15439,16334,17834,18239,18902,19253,19178,19683,19332,19111,19181,20556,20859,20648,20642,19922,22349,24493,25050
1712,Software,Computer Science,Physical Sciences,0,0,0,0,0,0,0,0,0,0,0,0,0,0,0,0,0,0,0,0,0,0,0,0,0,0,0,0,0,0,0,0,0,0,0,0,0,0,0,0,0,0,0,0,0,0,0,0,0,0,0,0,1,0,0,0,0,0,0,0,0,0,0,0,0,0,0,0,0,0,0,0,0,0,0,0,0,0,0,0,0,0,0,0,0,0,0,0,0,0,0,0,0,0,0,0,0,0,0,0,1,0,0,0,0,0,0,0,1,0,0,0,0,0,1,0,0,1,0,1,0,0,0,0,1,0,0,1,0,0,0,0,2,0,0,0,0,0,1,1,0,0,0,1,0,1,2,0,14,8,2,0,1,2,2,0,1,3,2,0,2,2,1,1,0,1,0,3,1,4,1,3,0,4,0,2,0,2,4,3,0,3,2,2,2,2,2,0,8,3,3,1,2,2,5,3,8,4,4,43,4,5,2,0,3,2,1,5,6,5,6,5,2,10,8,8,5,4,4,3,5,2,9,5,4,4,7,8,14,7,9,7,6,11,17,16,7,7,6,10,6,9,11,10,23,7,21,13,27,29,21,28,25,16,24,36,26,42,39,27,46,63,76,91,65,71,130,115,109,152,280,217,232,256,272,388,383,436,447,458,493,564,623,676,769,888,999,1076,1162,1267,1354,1528,1576,1747,1596,1781,1910,2067,2046,2345,2508,2576,4975,3972,4168,4811,5239,5575,6128,6464,7237,7646,7576,7671,7866,8183,7739,7549,7544,7149,6471,5350,4516,4919,5752,6449
1800,General Decision Sciences,Decision Sciences,Social Sciences,0,0,0,0,0,0,0,0,0,0,0,0,0,0,0,0,0,0,0,0,0,0,0,0,0,0,0,0,0,0,0,0,0,0,0,0,0,0,1,0,0,0,1,0,1,0,0,0,0,1,0,1,0,0,0,0,0,0,0,0,0,0,0,0,1,0,0,0,0,0,0,0,0,0,0,0,0,0,1,0,0,0,0,0,0,0,0,0,0,0,0,0,0,0,0,0,0,0,0,0,1,0,0,0,0,0,0,0,0,0,0,0,0,0,1,1,2,1,0,0,0,1,0,1,1,1,0,5,0,2,2,1,3,2,2,1,1,3,4,1,2,1,1,0,2,1,3,2,11,2,6,7,8,8,2,5,5,8,7,4,3,3,14,3,3,9,8,83,2,4,3,3,5,17,2,5,16,4,3,12,11,16,8,5,13,8,10,6,19,11,13,15,22,9,16,22,15,11,7,9,9,14,19,12,6,13,10,9,17,23,37,12,17,9,8,12,18,10,3,8,9,9,14,12,9,8,9,11,17,20,18,19,9,11,6,31,9,16,19,12,11,10,10,18,7,8,15,17,9,17,31,16,17,27,28,31,33,42,53,51,57,69,77,88,97,112,79,114,133,163,116,136,143,210,204,211,210,226,208,201,312,239,257,276,327,300,395,347,475,390,418,417,450,495,471,511,481,562,529,670,746,802,851,907,960,1075,1340,1505,1666,1743,1764,1924,1929,1990,2069,2074,1954,1991,2089,2052,2045,1965,1706,1848,1767,2004
1802,Information Systems and Management,Decision Sciences,Social Sciences,0,0,0,0,0,0,0,0,0,0,0,0,0,0,0,0,0,0,0,0,0,0,0,0,0,1,0,0,0,0,0,0,0,0,0,0,0,0,0,0,0,0,0,0,0,0,0,1,0,0,0,0,0,0,0,0,0,0,0,0,0,0,0,0,0,0,0,0,0,2,0,0,0,0,0,0,0,0,0,0,0,0,0,0,0,0,0,0,0,0,0,0,0,0,0,0,0,0,0,1,6,1,0,0,0,0,0,0,1,1,0,0,2,1,2,1,0,0,1,0,0,2,0,0,1,0,1,2,5,3,2,6,4,1,1,6,5,5,3,0,4,7,9,4,2,5,9,13,12,12,15,19,11,16,14,21,16,21,16,10,36,32,36,10,53,17,20,22,23,32,26,21,38,32,35,26,21,33,39,39,34,44,20,116,47,23,20,27,15,19,30,37,40,57,42,66,65,61,36,76,80,110,144,151,156,135,144,87,116,96,116,74,91,160,102,130,100,98,92,124,135,145,121,155,126,114,147,164,180,194,179,156,183,148,168,193,190,193,207,196,168,218,216,190,202,210,246,270,259,302,387,369,379,418,428,451,535,515,475,576,613,645,645,639,707,680,799,782,817,1058,1163,1035,1099,1216,1141,1308,1331,1233,1320,1471,1456,1599,1728,1767,1978,2031,2239,2275,2517,2616,2630,2782,2960,3077,3220,3434,3930,4156,4549,4929,5872,6580,8215,9217,10508,12002,13679,15429,17938,19672,21841,24962,26845,29112,32491,34291,37001,37949,38830,40412,39613,32700,29788,31431,34445,41564
1803,Management Science and Operations Research,Decision Sciences,Social Sciences,0,0,0,0,0,0,0,0,0,0,0,1,0,0,0,0,0,0,0,0,0,0,0,0,0,0,0,0,0,0,0,0,0,0,0,0,0,0,0,0,0,0,0,0,0,0,0,0,0,0,0,0,0,1,0,0,0,0,0,0,0,0,0,0,0,1,0,0,0,0,0,0,0,0,0,0,0,0,0,0,0,0,0,0,0,0,0,0,1,1,0,0,0,0,1,0,1,0,0,0,11,2,0,0,0,0,0,1,0,0,1,4,1,1,0,0,0,1,1,0,0,0,0,4,0,0,0,2,1,3,0,4,1,0,6,3,1,2,10,4,6,7,8,8,1,4,5,8,11,10,5,7,8,15,10,14,18,17,11,9,9,8,4,7,2,5,8,4,6,6,13,8,11,11,15,9,11,12,8,17,7,19,13,24,18,23,27,23,20,10,21,18,24,29,33,29,30,35,35,96,71,35,54,38,32,44,40,38,48,58,43,44,51,70,68,64,63,51,68,63,69,97,89,101,105,111,120,98,108,127,124,124,100,120,130,130,147,140,170,156,294,153,160,165,133,158,206,216,269,307,401,426,436,464,546,612,616,649,683,708,837,884,973,1127,1281,1383,1631,1684,1956,2259,2686,2623,2819,2914,3213,3468,3663,3904,4190,4272,4537,4546,4610,4988,5057,5273,5625,5936,6221,6780,6987,7239,7695,8030,8578,9051,9808,10246,10840,11477,13411,14298,18312,18855,19645,22711,25026,27414,29824,32241,35149,38305,40950,42637,44213,43433,43663,44134,45515,46319,48159,43652,40694,45514,50846,59146
1804,"Statistics, Probability and Uncertainty",Decision Sciences,Social Sciences,0,0,0,0,0,0,0,0,0,0,0,0,0,0,0,0,0,0,0,0,0,0,0,0,0,0,0,0,0,0,0,0,0,0,0,0,0,0,0,0,0,0,0,0,0,0,0,0,0,0,0,0,0,0,0,0,0,0,0,0,0,0,0,0,0,0,0,0,0,0,0,0,0,0,0,0,0,0,0,1,0,0,0,0,0,1,0,3,0,0,0,0,0,1,0,1,0,3,1,2,3,0,0,1,2,2,0,1,2,1,3,1,1,2,2,3,0,0,0,0,0,1,3,0,4,1,3,1,1,2,2,5,5,4,5,3,4,5,4,2,8,13,2,7,1,4,3,15,12,13,11,13,21,17,17,14,56,13,16,18,22,10,12,8,6,14,16,14,21,13,11,19,26,27,19,31,20,22,22,35,46,37,39,47,77,28,40,28,40,52,39,40,95,93,80,134,95,97,105,108,112,112,115,62,67,79,88,88,94,98,101,106,108,113,127,147,98,91,94,130,162,123,180,184,166,144,178,183,176,190,187,186,193,181,163,198,210,189,192,183,190,202,221,184,201,227,326,414,363,384,443,455,439,476,481,509,623,657,635,881,901,902,936,1005,1092,1083,1181,1336,1281,1353,1518,1390,1443,1536,1618,1751,1830,1918,1974,2094,2349,2247,2449,2453,2473,2733,2838,2974,3383,3469,3707,3996,4024,4195,4241,4683,4833,4736,4931,4993,6091,5669,6578,6829,7535,8046,9002,9411,10727,11481,12297,13814,14034,15166,16449,16309,16579,17021,17368,17949,17699,16134,16199,15906,15378,17836
1902,Atmospheric Science,Earth and Planetary Sciences,Physical Sciences,0,0,0,0,0,1,0,0,2,1,0,0,0,0,1,0,1,1,0,0,0,0,0,1,1,0,1,0,0,0,0,0,2,1,3,1,0,1,0,0,3,0,3,0,0,0,1,0,1,2,0,0,1,3,0,1,0,2,1,3,0,1,0,0,1,1,0,0,0,4,0,3,0,1,0,3,4,2,0,1,2,2,0,0,1,1,6,1,4,1,1,3,1,1,1,1,0,2,2,8,12,3,8,3,0,9,3,3,7,8,5,9,9,6,9,14,14,25,11,22,14,20,14,9,7,11,13,31,23,16,24,23,20,21,40,43,26,34,31,24,20,32,31,37,23,57,37,45,44,42,46,65,54,48,54,62,57,74,83,89,81,80,81,105,91,88,103,102,83,107,154,147,179,190,168,184,183,194,167,200,224,196,191,254,241,249,236,258,227,238,221,234,246,312,255,313,330,294,300,319,332,295,307,345,262,332,313,297,301,339,412,406,359,359,417,349,308,275,290,286,294,338,374,440,436,502,506,507,527,561,579,562,595,650,620,640,672,698,771,690,859,493,455,400,386,330,464,559,757,909,1012,1144,1168,1185,1342,1356,1365,1522,1483,1636,1895,2066,2181,2441,2593,2828,2894,3085,3251,3576,3997,3991,4311,4695,4681,5285,5394,5503,5805,6251,6701,6698,6930,6943,7276,7801,7923,8083,8348,9049,9591,9424,9761,10758,10948,11212,11882,12813,12765,13483,19030,17925,20489,22310,22595,25097,27231,30638,31877,35263,36934,37721,39787,40290,40108,38203,38931,37754,40402,41528,42962,43835,42129,43215,38656,40652
1904,Earth-Surface Processes,Earth and Planetary Sciences,Physical Sciences,0,0,0,0,0,0,0,0,0,0,0,0,0,0,0,0,0,0,0,0,0,0,0,0,0,0,0,0,0,0,0,0,0,0,0,0,0,0,0,0,0,2,0,0,0,0,0,0,0,0,0,0,0,2,0,0,0,1,0,0,0,0,0,0,0,1,0,0,0,0,0,0,0,0,0,0,1,0,0,0,0,1,0,0,1,0,1,0,0,0,1,0,0,1,0,0,0,0,2,2,2,5,2,4,1,2,0,1,0,2,0,3,2,0,7,1,2,5,3,0,1,4,7,2,3,3,9,12,3,7,9,5,3,5,8,12,9,19,13,15,10,10,13,10,10,31,18,17,24,14,21,31,18,25,24,35,22,34,38,27,24,29,35,20,25,31,21,33,35,40,28,32,44,44,32,46,37,61,50,60,65,37,54,64,69,55,71,63,51,70,76,73,63,75,47,93,77,82,95,85,127,96,93,92,99,110,103,98,119,102,108,112,96,118,116,90,90,81,95,105,142,136,142,168,132,141,167,178,165,157,201,191,170,184,206,219,204,215,274,231,389,172,153,143,134,170,189,257,298,307,325,312,374,401,463,451,463,496,539,554,668,604,666,763,917,1008,1007,1091,1066,1312,1617,1346,1535,1478,1620,1586,1761,1820,1949,1864,2216,2128,2333,2449,2683,2729,2819,2928,3201,3209,3141,3562,3172,3585,3457,3680,3686,3767,3616,4046,5630,4800,4969,5384,5594,5927,6167,6933,7022,8272,8153,8974,9313,10085,10424,9892,10579,10054,10977,11029,10874,9941,9688,9744,8898,10081
1906,Geochemistry and Petrology,Earth and Planetary Sciences,Physical Sciences,0,0,0,0,1,0,0,0,1,0,0,1,0,0,0,0,0,0,0,0,0,0,0,1,0,0,0,0,1,1,0,0,0,0,0,0,0,0,0,0,0,1,0,0,0,1,0,1,0,0,2,0,0,0,0,0,0,0,0,0,0,1,0,0,0,0,0,0,0,0,0,0,0,0,1,0,0,0,1,1,0,0,1,0,1,0,0,0,0,0,0,0,0,0,0,0,2,0,3,2,4,4,10,3,8,5,7,5,5,10,6,6,8,5,13,4,10,4,8,0,4,6,6,5,3,8,13,18,17,9,11,13,22,14,19,26,21,32,24,30,28,32,24,32,18,41,34,35,57,56,36,62,49,57,45,58,50,45,51,52,36,32,44,34,40,46,41,66,49,42,59,58,83,77,83,64,87,103,105,108,116,105,133,120,119,122,127,112,116,116,149,139,97,156,93,147,138,132,143,140,151,142,147,161,140,161,180,170,173,172,170,188,202,177,181,188,162,162,148,160,198,206,214,254,247,269,249,267,258,251,303,269,277,276,274,299,287,311,284,302,246,249,215,200,157,182,174,213,255,357,448,383,426,507,502,550,494,551,645,645,735,729,784,894,1011,1023,1081,1069,1136,1120,1179,1150,1288,1280,1388,1397,1587,1449,1563,1923,1886,1807,1885,1812,2024,2001,1994,2087,2234,2489,2698,2580,2506,2559,2537,2807,2799,2748,2873,3018,3851,3856,4062,4531,4706,5160,5540,5842,6083,8058,7087,7305,7335,7814,7910,7575,7826,7523,7905,8889,8801,8063,7407,7717,8158,9745
1907,Geology,Earth and Planetary Sciences,Physical Sciences,0,0,0,0,0,0,0,0,0,0,0,0,0,0,0,0,0,0,0,0,0,0,0,0,0,0,0,0,0,0,0,0,0,0,0,0,0,0,0,1,0,0,0,0,0,0,0,0,0,0,1,0,0,1,0,0,0,1,0,0,0,0,0,1,0,0,0,0,0,0,0,0,0,0,0,0,0,0,1,1,0,0,0,0,0,0,1,0,0,1,0,0,1,0,1,0,0,0,0,2,5,3,3,1,1,2,1,3,1,2,3,2,3,3,3,2,3,3,2,2,4,3,3,6,4,1,4,6,4,0,4,0,6,7,3,5,5,5,5,9,8,8,10,10,7,15,12,17,9,11,14,21,17,23,21,28,15,42,19,26,23,13,33,29,33,33,29,44,47,61,70,50,54,54,42,59,73,65,95,65,69,60,58,77,106,102,60,63,80,85,79,101,70,87,64,76,91,96,109,106,136,86,101,121,102,117,128,108,144,138,153,144,162,135,143,141,135,133,114,136,115,152,150,155,188,168,232,184,170,232,384,211,239,244,185,230,243,240,693,251,234,185,177,156,133,143,166,256,237,260,330,368,297,338,390,385,392,457,546,607,650,671,725,862,1071,1035,923,981,1085,1036,1394,1348,1410,1517,1514,1354,1579,1631,1778,1813,1862,1794,1966,1876,1979,2203,2290,2244,2433,2500,2764,2783,2778,2758,3149,2898,3108,3076,3151,3458,5413,4309,4533,5565,5266,5695,6182,6704,7101,10465,8867,9175,10751,11153,12424,13341,14533,14485,16777,18120,16081,14663,13458,13741,16207,12773
1908,Geophysics,Earth and Planetary Sciences,Physical Sciences,0,0,0,0,0,0,0,0,0,0,0,0,0,0,0,0,0,0,0,0,0,0,0,0,0,0,0,1,0,0,0,0,0,0,0,0,0,0,0,0,0,0,0,0,0,2,0,0,1,0,8,0,0,2,0,4,0,2,0,0,1,3,0,1,0,1,0,0,0,0,0,0,0,0,0,0,0,0,1,0,0,0,0,1,0,0,0,1,0,0,0,1,1,0,1,0,0,0,0,1,6,4,1,0,2,4,0,2,1,3,4,10,3,4,2,7,3,6,5,1,1,4,4,7,9,5,2,10,6,9,10,5,10,5,5,2,10,13,16,11,10,9,14,10,7,30,10,16,16,21,17,20,10,18,30,24,18,22,28,28,17,26,37,22,22,19,20,28,18,25,45,38,46,49,52,49,44,42,60,52,58,66,72,84,101,133,92,103,81,77,82,118,101,102,81,69,93,117,99,97,103,119,118,146,115,113,159,157,136,174,189,190,182,157,148,134,140,115,129,135,141,166,177,185,210,235,248,237,235,279,299,279,316,303,337,376,387,392,393,369,416,317,266,245,211,215,260,303,436,417,492,513,614,643,700,752,865,925,1026,1158,1340,1358,1617,1785,2001,2143,2129,2348,2516,2761,3041,3073,3369,3526,3983,4019,4303,4460,4791,5493,5289,5702,5808,6050,6830,7037,6997,7665,8405,8591,9042,9370,9865,10265,10173,10552,11252,10852,11494,11491,13940,14238,15160,17239,17422,18386,20135,20411,21116,23690,24626,24688,26572,27902,29717,29871,30103,30529,32436,36149,52161,68591,138746,36423,29768,30855
1910,Oceanography,Earth and Planetary Sciences,Physical Sciences,0,0,0,0,0,0,0,0,0,2,0,0,0,0,0,1,0,0,0,2,0,0,0,0,1,0,0,0,1,1,0,0,0,3,0,0,0,0,0,2,0,0,0,0,1,0,1,1,1,1,0,0,1,2,0,1,0,3,1,0,0,1,1,2,0,2,0,1,3,1,1,1,0,0,3,0,1,2,1,0,2,2,0,1,0,0,2,0,1,0,2,2,0,3,3,1,0,5,3,13,16,4,10,5,5,14,5,4,5,8,5,5,6,3,6,12,2,5,10,10,11,10,5,12,7,10,19,13,22,11,19,19,27,30,21,25,21,60,35,21,22,34,43,52,30,34,43,44,64,43,47,74,51,83,118,134,66,73,90,57,88,64,86,77,57,85,73,73,72,83,94,120,121,126,137,138,139,155,160,191,177,185,142,175,181,160,199,169,157,154,139,175,141,174,220,216,195,182,207,210,258,218,223,229,256,267,281,233,271,287,299,305,298,326,287,262,255,239,210,246,259,318,305,273,338,326,366,371,359,423,441,398,419,443,449,445,494,429,463,438,420,333,307,236,234,227,297,338,492,523,634,679,761,750,795,806,847,992,973,1163,1347,1370,1534,1865,2087,2301,2252,2385,2490,2801,3351,3087,3535,3595,3999,4109,4064,4547,4718,5026,5354,5600,5545,5858,6140,6466,6593,6738,6676,6592,7668,7655,7512,8180,8077,8162,9090,9357,9649,9972,17169,12075,15019,14503,13828,15305,15982,16368,17969,18999,20364,20321,22009,22861,23571,23759,25733,23923,25082,26919,25436,24564,22892,105058,69648,25550
1911,Paleontology,Earth and Planetary Sciences,Physical Sciences,0,0,1,0,0,1,0,0,0,0,0,0,0,0,1,0,0,1,0,0,0,0,0,0,0,0,0,0,2,0,0,0,0,0,0,0,0,0,0,0,0,0,0,1,0,0,0,0,0,2,0,0,0,1,0,0,0,1,0,1,0,0,0,0,1,0,1,1,0,1,0,0,0,0,0,1,0,0,0,1,0,0,1,0,0,0,1,0,0,1,3,1,0,1,2,2,0,1,2,0,4,0,2,5,4,3,0,4,2,5,0,5,4,4,4,1,7,3,1,2,3,7,8,2,6,11,6,7,15,16,9,13,13,17,20,15,5,20,23,26,21,30,29,22,18,44,36,36,52,54,34,65,36,47,55,47,49,49,70,92,70,58,94,56,67,105,92,92,91,110,122,113,138,122,159,150,176,152,148,195,187,211,166,175,202,185,146,208,191,211,195,232,185,187,188,209,223,184,201,220,233,200,241,240,241,223,230,200,241,247,260,239,233,268,266,239,211,216,168,157,214,248,264,294,273,323,302,293,334,310,343,363,444,427,403,509,445,470,434,417,786,389,336,296,283,256,293,333,363,361,421,450,464,492,556,598,547,601,712,717,707,723,878,930,943,1153,1109,1305,1264,1457,1442,1373,1550,1661,1649,1763,1766,2009,2011,2116,2202,2322,2396,2390,2529,2524,2795,2704,2927,2992,3208,3239,3501,3488,3436,3550,4018,3713,3955,4106,4985,5301,5006,5643,5806,6454,6576,7603,7630,9638,9009,8843,9575,9832,10724,11787,11992,12067,12407,14138,18531,19333,29069,24887,11790,16058
1912,Space and Planetary Science,Earth and Planetary Sciences,Physical Sciences,0,0,0,0,1,0,0,0,0,1,0,0,1,1,0,0,0,0,0,0,0,0,0,0,0,0,0,0,0,0,1,0,0,0,0,0,0,0,0,0,1,0,0,0,0,1,0,0,3,0,0,0,1,1,0,0,0,0,0,1,0,0,0,0,0,0,0,0,0,1,2,1,0,1,0,2,0,2,0,5,0,0,5,0,0,3,0,3,0,5,0,1,7,0,0,0,0,0,0,1,4,0,0,2,0,1,1,0,0,7,1,1,4,1,4,4,0,5,1,0,1,5,5,0,1,3,2,2,2,5,5,6,3,9,7,3,2,9,6,5,8,9,2,5,11,12,19,16,12,23,30,19,31,45,32,52,31,44,42,27,29,25,43,25,42,27,31,41,36,29,32,30,33,37,21,35,38,42,61,50,49,30,28,51,46,64,65,44,56,49,76,74,31,59,66,69,54,55,69,85,89,75,99,101,81,99,98,84,93,76,99,92,97,94,126,140,145,133,139,111,201,102,109,123,112,118,133,125,113,124,211,147,129,165,138,230,150,147,184,168,260,120,142,114,140,123,130,118,106,109,109,120,102,112,149,110,121,127,124,128,130,166,151,158,171,162,161,155,170,166,191,175,174,201,244,216,269,272,279,314,358,320,297,360,353,299,310,311,332,323,366,361,410,409,423,375,462,477,482,555,634,631,681,732,833,823,894,1289,1156,1423,1537,1612,1777,1954,2198,2467,2506,2828,2591,2688,2868,2571,2371,2225,2103,2108
2000,"General Economics, Econometrics and Finance","Economics, Econometrics and Finance",Social Sciences,0,0,0,0,0,0,0,0,0,0,0,1,0,0,0,0,0,0,0,0,0,0,0,0,0,0,0,0,0,0,0,0,0,0,0,0,0,0,0,0,0,0,0,0,0,0,0,0,0,0,0,0,0,0,0,0,0,0,0,0,0,0,0,0,0,0,0,0,0,0,0,0,0,0,0,0,0,1,0,0,0,1,0,0,0,0,0,0,0,0,1,0,0,0,1,0,0,0,0,0,3,6,0,4,4,0,1,2,1,4,6,13,5,4,1,2,4,4,4,1,6,9,6,4,6,3,6,9,5,1,5,4,12,8,10,3,5,11,8,6,13,5,9,7,5,8,10,22,13,13,10,11,11,16,12,23,17,16,15,17,19,10,16,13,16,13,10,6,18,10,4,13,11,18,15,18,21,17,19,14,30,17,25,17,14,31,29,43,19,34,34,25,26,58,52,45,61,48,59,108,139,122,119,122,99,81,71,96,107,99,106,117,123,108,141,161,126,119,149,134,170,161,180,208,187,222,240,239,235,269,319,290,321,332,364,381,396,330,392,328,336,287,263,286,247,303,310,381,399,451,551,552,516,598,662,648,685,676,744,933,909,962,1029,1055,1173,1183,1277,1439,1548,1811,2102,1921,2083,2193,2331,2380,2638,2890,2943,3216,3554,3484,3553,3870,4158,4422,4843,5439,5411,6242,6166,6472,6754,7102,7451,7719,8304,8779,9466,9827,11045,12054,12955,14588,15411,17120,18317,20140,22495,25267,26882,29368,31020,33050,34201,34167,33865,33519,34467,37729,39325,35091,29709,31559,30184,29050
2002,Economics and Econometrics,"Economics, Econometrics and Finance",Social Sciences,9,8,5,3,9,8,8,4,3,103,157,289,321,12,56,6,48,4,4,1,3,3,3,5,7,2,4,605,14,10,10,5,10,10,3,12,2,4,11,4,12,10,15,7,42,6,9,11,54,11,29,39,80,50,12,4,1,4,3,16,2,8,17,24,13,30,4,16,13,59,8,14,4,15,10,6,5,17,21,15,4,4,6,4,77,12,36,49,47,28,31,76,45,10,30,19,27,13,34,42,192,128,76,89,157,74,132,71,76,59,64,100,116,79,83,115,129,90,104,81,120,112,98,348,324,140,151,220,220,159,188,142,122,110,204,218,135,139,166,228,224,302,364,341,362,270,371,637,503,668,754,786,826,866,803,709,878,903,868,1000,844,1156,1328,1241,999,853,800,930,795,720,1050,682,955,1085,1046,982,1212,1145,1116,1271,1369,1290,1240,1311,1258,1324,1499,1631,1727,1670,1777,1785,1688,1879,1857,1884,2087,2127,2050,2338,2674,2524,2517,2465,2527,2939,2710,2827,2822,2930,3364,3306,3428,3430,3149,2939,2887,2738,2619,2743,3290,3588,3517,3820,3910,4175,4412,4539,4627,4723,5085,4860,5030,4842,4966,5241,5134,4997,5497,5366,4941,4676,5107,4801,4688,4665,5511,5853,5943,5791,6979,7935,7249,7557,8071,8181,7792,8628,9012,9111,9915,10140,11146,11636,12858,12897,13422,14098,15201,16300,19369,17717,18809,20072,22248,23834,25507,25427,27600,27408,29023,29587,29460,31204,32845,33751,36005,38567,39987,42081,44529,45821,48574,51229,53369,57389,59750,61099,62630,64625,83082,81001,93033,106104,115642,122793,132996,152031,159409,172340,184195,196109,208915,222632,227393,235853,279778,259434,260496,247667,271921,242756,218542,290001,251918,238645
2003,Finance,"Economics, Econometrics and Finance",Social Sciences,0,1,0,1,0,0,1,0,0,0,0,4,2,0,0,0,0,0,0,0,0,0,0,0,1,2,1,1,0,0,0,0,1,1,0,0,0,1,1,3,2,0,1,0,7,2,0,0,0,0,0,0,4,0,0,0,0,0,0,1,1,1,1,1,2,1,1,3,1,0,0,1,5,3,1,3,1,0,2,0,1,0,0,2,22,1,5,0,3,0,1,6,1,0,1,0,2,0,0,3,19,5,6,7,1,6,9,5,6,7,21,13,11,8,2,4,8,15,10,9,8,5,5,11,6,11,9,29,19,25,26,14,12,17,20,15,18,24,22,23,18,31,23,37,20,37,36,43,34,41,65,71,99,137,134,129,98,85,68,103,85,109,109,105,55,82,127,114,113,99,113,98,143,122,167,161,244,172,179,168,223,155,179,198,182,174,269,224,223,262,264,282,269,342,309,273,343,336,293,333,388,415,360,396,430,318,319,355,350,419,473,389,449,453,393,355,353,311,313,352,410,402,428,463,568,602,559,587,696,683,706,819,699,768,738,713,727,715,831,743,627,498,444,388,337,380,479,566,671,719,817,832,889,815,1012,960,955,1074,1187,1114,1232,1365,1317,1455,1782,1735,1725,1989,1993,2097,2573,2314,2552,2640,2702,2998,2927,3100,3241,3557,3649,3621,3615,3977,4379,4574,4841,5341,5573,6150,6434,6570,7102,7604,8096,8683,9572,10136,11696,12674,14263,15365,17323,19309,20375,21395,22993,27248,29208,33667,36989,39892,45206,44746,45186,44631,43731,44534,41804,40058,40880,34912,29670,32503,33428,37522
2100,General Energy,Energy,Physical Sciences,0,0,0,0,0,0,0,0,0,0,0,0,0,0,0,0,0,0,0,0,0,0,0,0,0,0,0,0,0,0,0,0,0,0,0,0,0,0,0,0,0,0,0,0,0,0,0,0,0,0,0,0,0,0,0,0,0,0,0,0,0,0,0,0,0,0,0,0,0,0,0,0,0,0,0,0,0,0,0,0,0,0,0,0,0,0,0,0,0,0,0,0,0,0,0,0,0,0,0,0,0,0,0,0,0,0,0,1,0,0,0,0,0,0,0,0,0,0,0,0,0,0,0,0,0,1,0,0,0,0,0,0,0,0,0,2,0,0,0,1,0,1,0,0,3,0,1,3,2,0,2,8,1,2,5,4,1,2,4,4,4,0,2,0,1,3,3,3,0,1,1,1,1,1,5,1,3,3,3,8,8,11,4,5,4,2,3,4,6,6,6,5,3,9,4,4,1,7,4,5,10,7,7,14,9,16,10,11,12,19,11,13,16,11,7,14,12,6,18,13,26,17,16,22,18,21,22,28,20,23,21,23,15,29,16,37,29,35,22,32,21,18,8,14,16,11,15,22,43,40,44,27,36,31,37,56,38,45,50,38,51,66,62,52,84,102,66,86,105,93,118,143,155,232,387,378,346,404,392,444,522,544,439,354,355,320,325,259,284,293,336,361,416,419,409,568,592,565,528,438,613,637,702,1005,1103,1108,1477,1667,1822,2121,2372,2648,2954,4043,3551,3762,3750,3676,3639,3658,3721,3375,3383,3716,3755,3443
2102,Energy Engineering and Power Technology,Energy,Physical Sciences,0,0,0,0,0,0,0,0,0,0,0,0,0,0,0,0,0,0,0,0,0,0,0,0,0,0,0,0,0,0,0,0,0,0,0,0,0,0,0,0,0,0,0,0,0,0,0,0,0,0,0,0,0,0,0,0,0,0,0,0,0,0,0,0,0,0,0,0,0,0,0,0,0,0,0,0,0,0,0,1,0,0,0,0,0,0,0,0,0,0,0,0,0,0,0,0,0,0,0,0,1,0,0,0,0,0,0,0,0,0,0,0,0,0,0,0,0,0,0,0,0,0,0,0,0,0,0,0,1,0,5,0,0,0,0,0,0,2,0,1,3,1,1,0,0,1,0,1,1,0,0,0,1,0,0,0,0,0,0,2,3,2,1,1,1,1,0,2,0,0,0,0,1,2,1,2,1,1,5,3,9,7,4,5,2,3,3,7,8,5,4,6,6,3,5,14,5,5,6,10,6,10,12,11,10,5,9,9,9,6,5,2,14,4,5,10,9,9,4,5,8,7,13,11,7,15,15,12,15,7,16,9,20,21,12,13,7,12,12,14,13,9,9,7,9,7,9,5,16,10,12,13,20,23,19,19,28,14,23,34,37,36,51,69,64,62,67,69,78,75,84,87,87,102,139,167,226,229,263,329,327,316,311,273,267,229,245,255,205,223,242,259,242,244,301,318,339,368,337,445,963,1206,1782,2273,2665,3094,3676,3945,4610,5068,5662,6294,5963,5816,5037,4406,3471,3544,3926,4296,4623,4906,5043,6800,11044,10895
2103,Fuel Technology,Energy,Physical Sciences,0,0,0,0,0,0,0,0,0,0,0,0,0,0,0,0,0,0,0,0,0,0,0,0,0,0,0,0,0,0,0,0,0,0,0,0,0,0,0,0,0,0,0,0,0,0,0,0,0,0,0,0,0,0,0,0,0,0,0,0,0,0,0,0,0,0,0,0,0,0,0,0,0,0,0,0,0,0,0,0,0,0,0,0,0,0,0,0,0,0,0,0,0,0,0,0,0,0,0,0,1,2,0,0,0,0,0,2,1,0,0,0,0,0,1,4,0,0,2,3,0,1,0,2,0,0,0,3,0,0,1,1,0,2,1,0,1,3,6,7,4,3,0,1,4,3,4,9,12,11,8,11,11,9,19,12,10,8,9,16,6,7,16,6,7,3,6,6,6,5,2,2,5,10,9,5,14,10,2,15,9,15,12,20,14,5,13,4,8,11,5,6,6,8,14,9,10,17,12,18,21,17,16,19,20,17,25,27,27,31,23,29,31,44,53,53,27,37,47,47,59,31,58,46,48,44,58,40,56,73,84,77,72,60,64,71,63,70,56,56,58,52,99,52,52,37,42,54,66,81,108,98,98,115,92,135,123,101,139,188,133,132,125,174,236,213,243,222,220,230,251,234,254,207,302,341,412,529,504,563,505,557,663,654,607,408,411,354,386,381,397,430,440,484,338,762,728,716,722,646,623,448,753,661,693,602,704,740,871,914,1054,1183,1134,1235,1245,1471,1203,1125,1304,1302,1265,1351,1242,1218,1105,858
2104,Nuclear Energy and Engineering,Energy,Physical Sciences,0,0,0,0,0,0,0,0,0,0,0,0,0,0,0,0,0,0,0,0,0,0,0,0,0,0,0,0,0,0,0,0,0,0,0,0,0,0,0,0,0,0,0,0,0,0,0,0,0,0,0,0,0,0,0,0,0,0,0,0,0,0,0,0,0,0,0,0,0,0,0,0,0,0,0,0,0,0,0,0,0,0,0,0,0,0,0,0,0,0,0,0,0,0,0,0,0,0,0,0,0,0,0,0,0,0,0,0,0,0,0,0,0,0,0,0,0,0,0,0,0,0,0,0,0,0,0,0,0,0,0,0,0,0,0,0,0,0,0,0,0,0,1,0,0,0,0,0,0,0,0,0,0,0,0,0,0,1,0,0,0,0,0,0,0,0,0,0,1,0,0,0,0,0,0,0,0,2,0,0,1,0,0,0,0,0,1,0,0,0,1,0,1,0,0,0,0,0,1,2,1,2,2,0,1,0,1,1,1,2,1,5,3,3,1,1,0,1,1,3,1,3,0,2,1,0,0,3,2,2,0,2,3,4,2,3,1,2,2,2,5,2,1,4,2,3,4,6,4,8,8,8,6,10,8,14,8,13,13,13,25,18,26,19,35,40,29,32,33,32,40,33,45,38,30,44,41,37,37,38,24,31,25,22,23,27,32,42,28,19,45,44,32,34,30,42,39,30,43,57,58,68,95,72,75,97,93,87,126,97,126,136,198,185,257,353,405,443,498,682,805,833,696,886,340,402
2105,"Renewable Energy, Sustainability and the Environment",Energy,Physical Sciences,0,0,0,0,0,0,0,0,0,0,0,0,0,0,0,0,0,0,0,1,0,0,0,0,0,0,0,0,0,0,0,0,0,0,0,0,1,0,0,2,0,0,1,0,0,0,0,1,2,0,0,0,1,24,0,0,0,1,0,0,0,0,0,0,0,0,0,0,0,0,0,1,0,0,0,1,0,0,0,1,1,0,0,0,0,0,0,0,0,1,1,0,1,0,0,0,1,0,0,0,7,5,5,4,2,0,4,4,4,2,2,2,1,1,2,3,2,1,0,2,2,2,3,7,2,5,4,5,9,4,10,6,5,8,13,11,8,21,18,14,6,14,10,15,14,20,11,26,17,20,25,17,29,22,30,27,32,37,23,28,38,15,27,30,38,25,31,31,27,41,42,42,64,46,42,55,45,66,70,60,59,66,80,82,95,83,104,50,87,78,68,50,63,68,78,88,120,101,83,104,109,109,120,137,130,161,107,131,164,164,139,145,163,201,149,136,138,152,139,140,194,225,214,238,300,275,302,266,300,296,325,305,293,327,339,310,304,314,323,366,383,326,266,264,202,182,261,330,427,432,515,542,570,649,670,786,734,850,914,982,1111,1080,1194,1305,1499,1301,1556,1664,1658,1793,2103,1996,1992,2323,2915,3218,3850,4196,4752,5201,6008,5733,5099,4880,4785,4595,4783,4715,4780,4817,5078,5328,5549,5911,6061,6543,6993,6889,8055,8189,9507,9533,10802,12219,13580,14906,16669,18878,21464,24031,27932,32509,36258,40602,44204,46149,48222,49657,52887,56094,58049,57096,59326,64777,67899,75644
2200,General Engineering,Engineering,Physical Sciences,0,0,0,0,0,0,0,0,0,0,0,0,0,0,0,0,0,0,0,0,0,0,0,0,0,0,0,0,0,0,0,0,0,0,0,0,0,0,0,0,0,0,0,0,0,0,0,0,0,0,0,0,0,0,0,0,0,0,0,0,0,0,0,0,0,0,0,0,0,0,0,0,0,0,0,0,0,0,0,0,0,0,0,0,0,0,0,0,0,0,0,0,0,0,0,0,0,0,0,0,0,0,0,0,0,0,0,0,0,0,0,0,0,0,0,0,0,0,0,0,0,0,0,0,0,0,0,0,0,0,0,0,0,0,0,0,0,0,0,0,0,0,0,0,0,0,0,0,0,1,2,0,0,0,0,0,0,1,1,0,0,0,0,1,0,0,0,1,0,0,0,0,0,0,0,1,1,0,0,2,1,0,1,0,0,0,2,0,0,2,4,11,1,1,6,0,2,5,1,2,1,3,1,2,0,3,3,3,2,4,3,7,8,6,3,2,5,6,6,5,3,5,8,5,5,9,6,6,14,10,8,12,10,12,5,5,6,11,11,6,4,9,5,9,3,2,2,3,6,6,7,5,2,0,3,7,7,16,15,19,14,12,14,8,18,20,7,22,19,21,22,23,26,16,26,19,28,39,36,36,46,31,42,36,64,51,61,82,76,90,111,118,73,135,121,129,160,161,195,450,1181,1742,2152,2756,3205,4108,4557,5797,5889,6085,6517,6489,4803,3804,2583,1446,630,527,537,703,721,687,439,451,502,422
2202,Aerospace Engineering,Engineering,Physical Sciences,17,1,0,0,0,0,0,0,0,0,0,0,0,0,0,0,0,0,0,0,0,2,0,0,1,0,1,0,0,0,0,0,0,0,0,0,0,0,2,0,0,0,0,2,0,1,0,0,1,0,0,1,1,2,0,0,0,1,0,4,3,1,5,2,0,1,0,5,6,7,1,1,0,0,0,0,0,0,2,1,0,0,3,1,1,0,17,1,0,0,2,0,0,2,3,1,1,3,8,11,59,13,29,25,8,17,11,16,20,34,30,22,21,21,31,21,12,22,19,14,15,14,14,20,36,23,40,37,50,52,53,44,61,81,80,95,71,76,55,57,60,51,57,114,161,133,200,309,189,254,341,229,334,273,254,322,354,349,328,393,355,435,485,517,443,384,403,366,387,435,431,399,485,537,450,411,460,527,512,535,749,591,589,614,663,768,900,894,881,1011,933,965,1005,1024,1086,1148,1167,1060,1143,1245,2492,1261,1225,1427,1518,1494,1670,1523,1508,1631,1560,1673,1626,1670,1806,1852,1821,1857,1790,1872,2111,2460,2823,2987,2970,3547,3787,4087,4423,4754,4786,5061,5401,5964,6327,6912,6226,6466,6456,6507,6014,6004,5713,4963,4019,2270,3193,4479,6282,9410,17177,18878,20701,20687,18980,18499,19459,21196,25073,27849,28932,28439,30263,33170,35379,45132,53504,58805,66220,71145,76323,79249,81135,80561,81882,88971,92246,96852,99355,106943,113362,121154,129899,132384,122985,129098,136872,140907,147523,170732,181901,191632,196246,205475,234242,250765,297132,333362,352527,390553,440763,478918,521649,558238,609260,646334,680373,714139,763925,803445,843678,873834,903426,932002,966257,994758,1058506,754138,583544,615609,625505,423776,255468,270573,309846,384283
2203,Automotive Engineering,Engineering,Physical Sciences,0,0,0,0,0,0,0,0,0,0,0,0,0,0,0,0,0,0,0,0,0,0,0,0,0,0,0,0,0,0,0,0,0,0,0,0,0,0,0,0,0,0,0,0,0,0,0,0,0,0,0,0,0,0,0,0,0,0,0,0,0,0,0,0,0,0,0,0,0,0,0,0,0,0,0,0,0,0,0,0,0,0,0,0,0,0,0,0,0,0,1,0,0,0,0,0,0,0,0,0,6,0,0,2,0,0,0,1,0,1,0,2,0,1,0,2,0,2,0,0,0,7,0,0,0,0,0,3,4,1,3,3,0,0,1,2,4,2,3,2,8,1,0,3,1,2,10,14,27,14,29,13,21,32,26,12,22,9,13,11,19,6,8,8,12,6,4,9,8,11,9,9,8,23,12,22,29,26,24,33,27,23,40,36,41,32,36,43,28,41,44,32,31,34,41,49,56,54,47,75,60,67,70,73,53,58,76,82,79,76,79,77,79,106,58,61,65,50,56,73,85,104,87,91,111,80,74,105,108,114,141,113,108,114,129,128,156,136,148,145,157,155,128,134,115,118,142,158,185,184,256,238,254,279,305,324,309,350,360,384,516,523,535,646,668,694,850,909,966,1123,1482,1225,1365,1411,1711,1827,1986,2052,2235,2301,2507,2175,2303,2377,2330,2304,2307,2314,2660,2822,3077,3220,3687,3966,3944,4740,4806,5164,6108,6309,7289,7247,9270,9032,9494,10553,11076,11942,13089,14324,16110,17722,19025,20335,22520,24312,24659,26849,29447,31808,32573,33087,32830,37851,45023,47812
2204,Biomedical Engineering,Engineering,Physical Sciences,0,0,0,0,1,0,0,0,0,0,0,0,0,0,0,1,0,0,0,1,0,0,0,0,0,0,0,0,0,3,3,1,1,1,1,0,0,0,1,3,1,3,1,1,0,2,0,0,1,0,0,0,1,37,0,0,0,2,0,1,0,1,2,2,0,0,0,1,1,1,0,0,1,0,1,1,0,0,2,0,2,1,2,2,0,3,0,0,2,1,1,0,4,2,1,2,1,1,7,7,28,11,7,9,6,18,11,9,17,9,9,18,13,16,19,12,19,10,11,13,11,10,20,18,10,16,36,49,40,39,44,37,40,51,30,28,32,58,48,36,47,48,42,72,58,56,107,119,125,96,99,119,86,148,135,145,126,140,127,108,91,149,159,150,117,131,141,154,132,110,107,103,115,131,134,144,190,170,187,181,214,199,158,179,225,200,198,184,192,218,222,187,246,288,294,267,264,336,288,324,321,335,335,362,387,396,358,372,379,426,478,431,485,497,455,419,376,424,340,456,509,568,619,621,562,656,714,817,810,927,979,955,979,1005,1022,1079,1078,1066,1133,1190,1133,990,989,824,805,804,1056,1377,1583,1776,2250,2375,2512,2688,2900,2802,3138,3229,3524,3804,4417,4463,4853,5373,6130,6518,6729,7524,7641,8103,9151,9053,9402,9246,9738,10349,10418,11073,11473,12274,13184,13694,13308,14230,14601,15346,16154,17125,17906,18644,20687,21131,22158,22887,23797,25059,27805,27820,29347,30621,35121,36315,50514,50869,53427,61653,70660,75998,80319,86954,94438,103529,109017,114656,119049,123339,127010,128112,132742,139112,144222,140605,141734,150091,158602,173881
2205,Civil and Structural Engineering,Engineering,Physical Sciences,0,0,0,0,0,0,0,0,1,0,0,0,0,0,0,0,0,0,0,0,0,0,0,0,0,0,0,0,0,0,0,0,1,0,0,0,0,0,1,0,0,0,0,0,0,0,0,0,0,1,1,0,0,3,0,1,0,0,0,0,0,1,1,1,0,1,0,1,0,0,0,1,0,4,3,0,0,2,0,4,1,1,0,0,1,2,1,1,2,2,0,0,3,5,0,0,1,2,5,5,15,20,7,14,9,10,5,4,1,17,6,7,4,8,6,8,10,5,13,6,8,12,8,10,7,13,36,27,24,24,28,22,35,18,38,26,45,45,70,22,49,32,40,48,66,31,61,105,115,74,111,148,133,94,124,123,97,103,108,81,119,63,79,88,90,69,71,85,123,115,130,100,139,118,167,126,171,163,182,150,216,162,149,181,215,201,246,343,341,301,324,342,282,348,365,335,318,418,381,397,693,350,403,389,497,550,555,526,636,590,676,654,660,765,592,499,465,433,417,549,564,706,645,661,673,792,831,913,945,1007,1012,976,1020,946,871,940,998,956,1171,1031,1059,984,889,741,626,578,654,844,1032,1221,1805,1595,1670,1837,1810,1917,2213,2431,2715,2700,3472,3363,3622,3765,4301,4655,4809,5005,5167,5842,6957,6126,6622,6614,7355,7727,8107,8187,8783,8827,9734,9589,9295,10153,11098,11671,11676,13168,13765,15098,16539,16387,16805,17455,18186,19502,20847,21037,22862,24630,29682,30528,35076,38301,42688,46949,51906,54111,61255,64714,69987,74933,75306,82204,82844,81184,80513,80586,84442,87919,88277,87284,81463,89942,97024,110995
2206,Computational Mechanics,Engineering,Physical Sciences,0,0,2,0,0,0,0,0,0,0,0,0,0,0,0,1,0,0,0,0,0,0,0,0,0,0,0,0,0,1,0,0,1,0,0,0,0,1,1,1,0,0,0,0,0,0,0,0,0,0,0,1,1,11,0,2,0,1,0,1,6,0,1,1,1,0,0,2,4,4,1,0,1,1,0,1,1,0,1,1,0,1,2,1,1,2,2,5,6,2,4,3,12,7,3,3,3,12,19,21,32,25,15,33,30,20,27,14,14,17,14,16,13,14,14,22,17,25,29,22,23,21,19,38,43,32,41,45,47,35,57,51,37,45,65,61,55,58,61,54,54,47,67,91,61,40,83,89,93,75,92,117,124,75,103,133,96,89,109,99,130,114,99,120,99,118,111,138,145,166,142,120,164,167,172,188,195,218,205,194,274,242,232,275,270,212,318,336,317,353,346,404,354,420,425,515,414,423,463,485,547,533,570,673,660,676,702,704,742,670,898,817,1083,1259,1004,580,579,596,658,862,1128,1242,1243,1270,1281,1546,1528,1678,1531,1629,1692,1478,1582,1459,1288,1357,1424,1315,1270,1335,1163,1107,1065,973,737,553,620,1035,1595,1744,2514,2300,2530,2763,2755,2977,3202,3102,3343,3502,3828,4242,4183,4953,5212,5504,6149,6347,6528,6889,7605,7484,7815,7984,8716,9225,9241,9511,9719,10228,10586,10712,10877,11680,12130,12858,13477,14384,14775,15739,16525,17213,17727,18805,18987,19297,21008,21263,21697,21832,25182,25548,30138,30646,30564,34400,36186,38123,38839,39898,42090,44747,45127,53986,48068,49744,47448,48999,50861,50446,48859,45979,43424,45030,47314,50048
2207,Control and Systems Engineering,Engineering,Physical Sciences,0,0,0,0,0,0,0,0,0,0,0,0,0,0,0,0,0,0,0,0,0,0,0,0,0,0,0,1,1,0,0,0,0,0,0,0,0,0,0,0,0,0,0,0,0,0,0,0,0,0,0,0,0,0,0,0,0,0,0,0,0,0,0,0,0,0,0,0,1,0,0,0,0,0,0,0,0,0,0,0,0,0,0,0,0,0,0,0,1,0,1,0,0,0,0,0,0,0,0,2,22,1,2,4,1,0,1,0,0,4,1,3,0,3,1,3,0,1,4,0,1,1,2,2,3,4,6,4,5,3,9,4,4,8,2,8,4,11,10,6,4,5,8,11,12,12,15,45,36,29,22,40,40,31,33,34,37,31,32,30,39,18,27,17,25,24,18,41,26,37,44,32,44,70,47,47,72,52,62,63,77,75,82,64,74,74,94,106,108,108,137,93,90,108,82,100,88,102,102,228,137,112,117,132,120,123,122,152,131,147,142,178,156,178,174,168,143,152,156,129,174,192,196,212,229,234,211,236,265,299,298,292,311,280,293,324,365,353,311,354,332,365,428,384,323,361,403,444,475,537,655,738,792,841,972,939,1136,1114,1211,1363,1671,1640,1876,2237,2605,2884,3131,3351,3457,3715,4394,4230,4404,4320,4777,5117,5097,5448,5481,6029,6445,6485,7078,7645,7971,8931,9814,10280,10678,11311,12375,13312,14444,14957,14950,15716,16375,17802,17880,21491,29368,33800,57715,53017,56308,65618,73076,76067,81562,87233,91004,95923,89740,85440,78333,73163,66290,68296,73081,74789,75361,72887,70698,77433,91177,95909
2208,Electrical and Electronic Engineering,Engineering,Physical Sciences,0,0,0,0,0,0,0,0,0,0,0,2,0,0,0,0,0,0,0,0,0,0,0,0,0,0,0,0,0,0,0,0,0,0,0,0,0,0,0,0,0,0,0,0,0,0,0,0,0,0,0,0,0,95,0,0,0,0,0,0,0,0,0,0,0,0,0,0,0,1,0,0,0,0,0,0,1,0,0,0,0,2,0,1,0,1,0,0,1,0,0,0,0,0,1,0,0,0,0,3,18,1,3,9,2,5,2,1,2,0,0,0,2,2,3,9,4,1,1,5,4,7,7,7,5,3,5,22,6,7,18,9,12,20,20,7,19,40,28,21,16,14,12,17,14,20,30,53,44,51,43,46,48,58,54,68,62,62,51,51,68,46,38,39,42,46,42,43,31,33,41,35,56,71,83,80,98,100,93,115,158,158,121,123,129,142,153,149,187,176,185,143,137,168,182,168,196,229,202,333,245,229,251,282,238,328,267,339,305,347,287,343,364,417,376,343,306,238,232,237,393,307,391,483,577,618,575,669,620,741,861,788,867,809,811,868,849,867,819,778,820,893,779,728,679,652,976,1023,1119,1365,1522,1674,1947,2065,2408,2500,2820,2832,3207,3736,4273,4866,5630,7134,7576,8746,9357,10312,10623,10922,11749,12330,12946,13624,14977,16514,16581,17468,18414,19639,21083,22604,22296,23568,25042,27628,28200,32077,31656,34642,36949,39917,40562,43796,44004,46886,51994,51723,54267,57512,64173,68859,149477,122601,119936,144194,157410,154023,163745,171756,185923,199473,203301,208476,219730,220645,221765,223042,233750,240979,235231,230842,228815,252103,264793,288822
2209,Industrial and Manufacturing Engineering,Engineering,Physical Sciences,0,0,0,0,0,0,0,0,0,0,0,0,0,0,0,0,0,0,0,0,0,0,0,0,0,0,0,0,0,0,0,0,0,0,0,0,0,0,0,0,0,0,0,0,0,0,0,0,0,0,0,0,0,0,0,0,0,0,0,0,0,0,0,0,0,0,0,0,0,0,0,0,0,0,0,0,0,0,0,0,0,0,0,1,0,0,0,0,0,1,0,0,0,0,0,0,0,0,4,1,10,0,2,1,3,2,0,0,0,1,2,2,0,2,0,2,2,0,2,0,2,1,0,0,0,0,8,10,7,4,1,6,6,6,2,6,5,5,9,11,6,6,5,12,8,13,19,28,41,29,28,36,28,40,42,37,24,27,32,34,50,18,9,13,11,19,21,33,29,29,23,18,19,26,22,32,49,46,49,36,43,52,50,45,41,47,58,69,61,76,52,66,64,82,94,72,75,74,75,130,89,90,105,128,130,138,140,171,136,104,167,167,157,164,160,129,109,147,131,153,203,201,258,217,180,220,238,215,254,260,233,210,246,223,204,210,227,213,281,300,252,267,263,203,210,192,199,260,328,395,525,462,442,590,610,641,699,770,832,968,1108,1028,1144,1339,1445,1578,1718,1754,2024,2202,2696,2503,2630,2759,2829,2961,3164,3289,3342,3495,3695,3670,3831,4399,4854,5376,6194,6258,6755,7354,7586,8129,8817,9379,9478,10221,10291,10800,10916,11435,13158,13131,18408,16887,17950,20218,22905,23669,25874,28242,30340,32999,32297,34114,33578,35693,34014,35373,39584,41961,43543,40451,38868,44964,54148,56308
2210,Mechanical Engineering,Engineering,Physical Sciences,0,0,0,0,0,0,0,1,0,0,0,0,0,0,0,0,0,0,0,0,0,0,0,0,0,0,0,0,0,1,0,0,0,0,0,0,0,0,0,0,0,0,0,0,0,0,0,0,0,0,0,0,1,27,0,1,0,0,0,1,0,0,1,0,0,0,0,0,1,0,0,1,0,0,0,2,0,1,3,3,0,3,0,0,1,0,2,2,4,4,4,1,2,4,0,0,0,3,6,12,41,10,15,10,13,20,8,3,11,13,8,14,10,4,4,14,9,7,15,14,18,9,11,10,14,13,28,49,35,37,42,38,32,35,44,53,36,69,58,59,55,56,60,78,45,50,119,221,211,177,131,154,160,158,174,213,211,186,201,186,191,102,137,155,122,129,140,144,133,182,153,163,190,190,191,206,334,430,316,373,408,362,409,415,457,411,482,439,457,406,386,414,373,430,377,373,441,420,469,493,658,502,563,587,612,666,671,708,819,749,887,889,971,1110,917,749,680,719,717,884,1069,1175,1186,1398,1287,1386,1510,1567,1566,1653,1779,1699,1769,1629,1652,1752,1862,1847,1932,2128,1984,1876,1869,1715,1319,1157,1320,1733,2238,2801,3643,3722,3906,4253,4370,4704,5071,5371,6073,6517,7579,7306,7785,8568,9274,10043,10519,11076,11206,11635,13338,12022,12827,12617,13897,13413,14219,14365,15075,15306,17042,16909,17255,17956,18790,19595,20856,21162,22963,23124,25473,26557,28272,28663,29626,31779,34013,34001,36503,37452,45301,47179,55991,57773,62088,68460,74466,77946,82810,85986,94682,106342,105955,114215,116557,120065,113857,116006,124713,127338,130492,123138,122397,131189,147801,156804
2211,Mechanics of Materials,Engineering,Physical Sciences,0,0,0,0,0,0,0,0,0,0,0,0,0,0,0,0,0,0,0,0,0,0,0,0,0,0,0,0,0,0,0,0,0,0,0,0,0,0,0,0,0,0,0,0,0,0,0,0,0,0,0,0,0,7,0,0,0,0,0,0,0,0,0,0,0,0,0,0,0,0,0,1,0,0,0,0,0,0,0,0,0,0,0,0,0,0,0,0,0,0,0,0,0,1,0,0,0,0,2,1,19,0,5,2,5,1,1,2,2,2,3,1,0,3,3,2,2,3,2,2,1,1,2,2,1,0,7,4,10,10,15,13,14,9,7,7,7,24,14,16,16,16,23,22,19,19,22,83,62,49,59,50,44,51,57,58,58,51,56,50,50,28,35,42,44,48,48,32,42,61,50,43,55,57,51,64,86,103,80,86,88,86,83,113,89,97,101,111,115,117,100,88,84,114,118,102,106,107,119,131,219,114,107,125,129,135,125,170,161,177,201,196,209,207,227,213,214,202,197,205,255,274,274,265,297,347,362,377,374,482,497,470,464,465,582,560,598,577,544,636,742,669,631,529,462,510,524,665,926,1025,1339,1317,1363,1561,1598,1676,1919,2004,2400,2603,3205,3071,3244,3919,4432,5082,5162,5799,5995,6389,7715,7021,7586,7767,8879,8927,8813,9250,9832,10209,11010,11028,11133,11997,12901,13338,13817,14109,15274,16406,17382,18618,19461,19655,19455,20752,21365,21383,21693,22912,28826,29487,33833,36376,37685,41129,44001,47113,49909,52802,54109,58716,57099,58915,57630,55952,52080,52023,54688,57876,56496,54577,51784,55150,58183,58508
2212,Ocean Engineering,Engineering,Physical Sciences,0,1,0,0,0,0,0,0,0,0,0,0,0,0,0,0,0,0,0,0,0,0,1,0,0,0,1,0,0,0,0,0,0,0,0,0,0,0,0,0,0,0,0,0,0,0,0,1,0,0,0,0,0,2,0,1,0,0,0,0,0,0,0,0,0,0,1,0,0,1,0,0,0,0,0,0,0,0,0,1,0,0,0,0,0,0,3,0,0,0,0,0,0,4,0,0,0,0,1,3,13,3,3,7,3,2,3,3,6,10,1,4,2,4,4,6,4,6,6,6,4,1,5,3,3,1,7,11,16,7,14,15,10,21,16,12,19,10,13,16,16,8,15,19,13,13,28,39,32,47,48,49,55,47,41,46,49,36,56,45,46,36,40,37,40,28,21,51,28,36,35,46,32,59,66,54,75,99,65,64,88,78,74,87,73,82,105,106,89,103,110,105,96,119,112,101,140,171,181,172,194,165,187,184,164,188,178,175,184,155,147,179,164,185,188,180,186,146,153,164,197,188,200,187,225,239,279,315,268,322,346,279,285,309,308,323,362,338,353,403,326,356,338,250,248,281,347,376,438,505,673,676,616,756,777,862,915,1022,1088,1193,1361,1373,1515,1762,1903,2285,2312,2533,2614,2877,3595,3131,3324,3560,3841,4179,4467,4727,4722,5289,5371,5569,5964,6071,6131,6236,6613,6948,7406,7651,7959,8459,8670,9122,9619,10628,11148,10735,11094,11333,14557,14032,17660,18160,18612,21659,22803,25166,25907,28618,32340,34070,35781,37462,38684,84133,95057,95464,119327,95187,42847,41239,38828,40537,43349,45236
2213,"Safety, Risk, Reliability and Quality",Engineering,Physical Sciences,0,0,0,0,0,0,0,0,0,0,0,0,0,0,0,0,0,0,0,0,0,0,0,0,0,0,0,0,0,0,0,0,0,0,0,0,0,0,0,0,0,0,0,0,0,0,0,0,0,0,0,0,0,0,0,0,0,1,0,0,0,0,0,0,0,0,0,0,0,0,0,0,0,0,0,0,0,0,0,0,0,0,0,0,0,0,1,0,0,0,0,0,0,0,0,0,0,0,0,0,3,0,0,1,2,1,0,2,1,3,0,1,1,2,2,1,1,1,1,0,0,0,0,3,1,0,0,4,0,0,4,1,1,4,0,1,3,2,5,2,4,0,6,9,6,5,8,21,16,21,11,31,25,18,16,18,10,19,23,17,18,4,10,8,3,10,8,10,10,12,2,17,20,17,13,16,27,28,24,23,39,19,35,25,25,27,40,29,44,37,27,36,27,30,63,20,32,32,29,38,60,29,41,46,60,51,51,42,42,53,53,47,64,68,57,61,43,49,37,71,43,58,43,57,58,66,74,102,90,85,86,87,71,105,73,89,93,123,101,111,129,123,134,107,93,114,173,195,261,255,325,307,350,352,468,468,600,663,835,915,981,953,1024,1284,1188,1253,1365,1492,1593,1606,1997,1862,1900,2074,2423,2686,2736,3044,3180,3287,3575,3542,3431,3585,3665,3818,3765,3962,4283,4500,4351,4942,5061,5537,6016,6370,6146,5860,5802,6617,8896,9615,11941,13171,14349,16277,18334,19746,21255,22948,24343,25498,23666,23444,20937,19523,16395,15946,16288,17515,18072,16737,15874,17328,18882,19843
2214,Media Technology,Engineering,Physical Sciences,0,0,0,0,0,0,0,0,0,0,0,0,0,0,0,0,0,0,0,0,0,0,0,0,0,0,0,0,0,0,0,0,0,0,0,0,0,0,0,0,0,0,0,0,0,0,0,0,0,0,0,0,0,0,0,0,0,0,0,0,0,0,0,0,0,0,0,0,0,0,0,0,0,0,0,0,0,0,0,0,0,0,0,0,0,0,0,0,0,0,0,0,0,0,0,0,0,0,0,1,6,1,0,0,1,1,1,0,1,0,0,1,1,0,0,0,0,1,0,0,0,0,0,1,0,0,0,0,0,1,0,0,1,0,0,1,1,3,3,1,0,0,1,0,2,3,0,9,9,12,7,11,7,15,8,12,13,13,11,5,18,27,6,11,2,6,11,25,8,8,7,16,12,17,19,10,20,15,23,26,18,16,19,25,25,23,23,30,33,36,19,19,21,25,31,25,25,35,33,92,53,30,45,56,42,56,54,47,67,44,53,59,59,47,56,64,44,55,59,60,76,77,87,105,91,95,89,98,83,109,129,93,89,87,113,105,126,114,129,139,130,112,105,115,95,95,125,148,183,202,245,228,240,281,276,341,314,380,334,449,409,453,533,556,618,653,752,839,919,1110,1499,1275,1338,1302,1393,1586,1543,1674,1611,1630,1817,1859,1960,2157,2240,2353,2359,2575,2676,2984,3179,3024,3235,3689,3776,4196,4679,4909,5187,5449,6679,7300,11181,10121,10117,12207,13961,15352,16399,18487,20300,22391,22033,22118,21735,23155,21779,21814,23324,23315,32872,22016,20373,22769,29767,27994
2215,Building and Construction,Engineering,Physical Sciences,0,0,0,0,0,0,0,0,0,0,0,0,0,0,0,0,0,0,0,0,1,0,0,0,0,0,0,0,0,0,0,0,0,0,0,0,0,0,0,1,0,0,0,0,0,0,1,0,0,0,1,0,0,0,0,0,0,0,0,0,0,0,0,0,0,0,0,0,0,0,1,0,0,0,0,0,0,0,0,0,0,0,0,0,1,0,0,0,1,0,0,0,0,1,0,0,0,0,3,1,9,5,0,2,2,1,4,3,0,5,4,4,2,6,2,1,2,1,3,4,1,2,2,2,3,0,9,8,8,7,12,4,9,4,1,8,8,14,16,16,13,14,95,11,14,10,18,35,44,29,35,37,44,40,38,63,33,57,44,28,76,72,64,73,26,69,34,72,40,54,25,40,34,48,37,33,54,71,57,79,62,63,64,56,43,81,119,86,85,91,81,93,94,110,123,115,85,79,91,112,250,98,103,156,137,189,184,157,155,183,175,205,204,209,195,189,180,170,181,178,178,174,212,208,270,290,243,287,258,323,322,314,288,324,308,304,344,303,326,382,400,328,315,287,231,287,322,371,401,509,659,597,557,637,689,725,778,855,898,942,1198,1019,1150,1284,1339,1554,1541,1829,1739,1851,2498,2241,2359,2230,2468,2568,2871,2968,3245,3256,3983,3869,3682,3915,4157,4348,4693,4598,5012,5354,5952,6105,6376,6917,7077,7679,8594,8662,9318,9885,11953,12312,14052,15013,17041,18664,20946,22465,25947,28644,30900,33880,36267,39522,41116,43427,42452,45301,47022,50082,51291,48480,45491,51780,55848,63779
2216,Architecture,Engineering,Physical Sciences,0,0,0,0,1,0,0,1,0,0,0,1,1,0,0,1,0,0,0,0,0,0,0,0,0,1,0,0,0,0,0,0,0,0,0,0,0,0,0,0,0,0,0,0,1,0,0,0,0,0,0,0,0,0,2,1,0,0,0,1,0,0,0,0,0,0,0,0,0,0,0,0,0,0,0,0,0,0,0,1,0,0,0,0,0,0,0,0,0,0,0,2,0,0,0,0,0,0,0,3,8,4,1,2,1,1,0,2,0,3,3,1,2,0,2,1,2,1,1,0,0,0,1,1,3,2,2,15,6,1,7,2,1,4,7,3,3,8,2,7,3,9,3,8,5,4,3,31,28,22,22,15,41,30,34,34,24,183,23,23,51,14,31,13,25,29,30,26,17,25,22,20,23,23,22,25,56,49,45,48,34,34,28,40,42,61,74,88,95,101,118,106,98,97,72,55,58,50,80,76,135,74,95,104,97,87,75,75,73,86,107,114,94,85,94,82,76,81,69,80,100,83,95,79,83,119,106,139,115,165,150,112,125,132,135,132,150,142,153,136,165,128,129,108,95,115,132,148,116,163,309,200,220,209,208,264,271,231,251,361,392,353,373,398,370,441,468,547,526,613,699,646,599,619,722,712,700,802,836,838,1000,905,834,846,890,935,1044,1082,983,1110,1185,1227,1354,1382,1483,1634,1785,1721,1856,2012,2305,2283,2928,2985,3274,3880,4226,5185,5299,6543,6554,6628,7041,7746,7590,7847,8422,8154,8030,8279,11206,5978,4956,5290,6562,7844
2302,Ecological Modeling,Environmental Science,Physical Sciences,1,0,1,1,0,1,0,0,0,0,1,1,0,1,0,0,0,0,1,0,0,0,0,0,0,0,0,0,0,0,0,0,0,0,1,0,0,0,0,0,0,0,0,0,0,1,0,0,0,0,0,0,1,1,0,0,0,1,0,0,0,0,0,0,0,0,2,0,0,0,0,0,0,0,0,0,1,0,0,0,0,0,1,0,0,0,0,0,0,0,1,3,0,1,2,2,1,0,1,6,1,0,1,3,2,2,2,0,0,1,0,1,0,1,2,0,1,0,0,4,4,0,0,1,0,1,2,1,2,3,4,2,0,3,5,3,3,1,4,9,12,13,11,4,6,5,5,2,21,10,3,7,8,10,18,8,7,5,8,5,6,13,8,12,8,11,11,12,9,18,18,19,24,27,26,28,28,37,29,39,28,22,31,26,39,46,34,46,27,39,37,38,30,36,28,44,73,60,50,57,47,32,47,55,37,53,51,56,51,48,54,72,47,61,52,66,48,49,46,44,42,51,50,57,57,57,64,71,62,66,72,56,90,100,86,88,96,91,81,86,75,69,84,68,62,76,71,87,97,78,116,94,113,78,90,108,112,96,107,90,97,113,113,110,124,132,155,159,171,180,193,179,181,191,202,209,215,201,244,236,232,272,268,294,265,291,337,361,340,384,448,451,440,521,484,610,634,622,711,936,1415,1729,2147,2527,2995,3655,4474,5110,6202,6303,7010,7340,7061,7114,6401,5956,6092,5552,6107,20868,57710,67328,137455,149063,16836,7090
2303,Ecology,Environmental Science,Physical Sciences,0,0,0,1,0,1,0,0,2,0,0,0,2,0,0,0,0,0,0,1,0,0,0,0,0,1,0,2,0,0,0,1,0,2,1,0,0,1,1,0,0,0,1,1,0,0,0,1,1,1,0,0,1,4,0,2,0,2,0,3,1,0,0,0,4,1,1,4,3,2,0,4,3,2,0,0,4,1,2,3,2,4,4,3,4,3,1,4,1,2,12,6,11,7,8,2,1,12,10,14,44,20,17,8,16,19,18,9,7,15,10,11,13,10,3,7,7,5,11,11,12,12,14,23,26,25,11,25,22,27,35,34,41,48,43,36,41,67,55,66,80,64,132,70,75,63,44,66,129,73,98,126,93,122,165,114,125,138,135,136,129,115,156,189,132,165,159,194,193,236,236,206,237,274,294,277,291,292,309,307,339,342,330,346,358,385,377,364,414,419,406,423,403,510,478,478,582,542,589,554,670,683,685,695,693,679,697,688,722,795,912,846,935,939,876,815,810,749,748,774,956,972,1105,1123,1078,1133,1254,1251,1320,1312,1460,1482,1597,1599,1565,1630,1721,1788,1765,1796,1966,1496,1375,1214,1062,1116,1377,1618,1677,1820,2450,2326,2363,2623,2736,2762,2796,3036,3233,3314,4388,3944,4164,4625,4854,5141,5638,5908,6371,6739,8413,7163,7224,7490,7983,8415,8500,8942,9412,9960,11843,10750,10403,10760,11623,11530,12125,12601,12956,12999,14864,13973,14882,15489,16217,17104,17648,18379,20281,19892,28462,25652,27813,29086,32010,35156,38703,41975,46826,50716,53039,53571,58902,58656,61386,61775,72627,65199,70220,76936,79820,80899,78646,84132,80805,87613
2304,Environmental Chemistry,Environmental Science,Physical Sciences,0,0,0,0,0,0,0,0,0,0,0,0,0,0,0,0,0,0,0,0,0,0,0,0,0,0,0,0,0,0,0,0,0,0,0,0,0,0,0,0,0,0,0,0,1,0,0,0,0,0,0,0,0,5,0,0,0,0,0,0,0,0,0,0,0,0,0,0,0,0,0,0,0,0,0,0,0,0,0,0,0,0,0,0,0,0,0,0,1,0,0,0,0,1,1,0,1,0,2,5,5,1,2,2,1,3,2,2,2,1,1,1,7,4,3,3,1,7,4,2,0,2,1,0,3,1,4,13,7,9,6,2,12,19,25,35,29,47,48,49,42,57,32,51,53,67,57,45,69,45,33,29,39,64,51,40,61,54,42,39,41,38,46,52,34,35,51,35,49,61,64,65,69,95,87,87,87,117,138,151,142,153,141,118,173,135,142,151,172,175,165,191,185,183,186,171,143,154,179,205,206,231,195,240,198,257,309,246,336,434,349,405,386,367,288,329,346,337,310,327,312,406,450,516,479,537,514,436,408,395,461,455,455,476,516,472,510,568,470,483,462,331,459,496,422,506,629,1003,1250,1300,1580,1735,1712,1695,1897,1901,2237,2085,2164,2312,2123,2038,2249,2162,2389,2156,2235,2279,2604,2741,2967,2481,2560,2698,2882,2873,2931,2869,3274,3491,3871,3718,3879,3820,3980,3953,3858,4210,4443,4379,5153,4766,5027,5205,5725,6085,6645,6716,7233,7497,9421,8796,9659,10918,11294,12632,13214,13879,14841,16187,16825,16937,18157,18211,19294,19034,18843,17742,18273,31229,68311,80086,56526,25944,22450,23131
2305,Environmental Engineering,Environmental Science,Physical Sciences,0,0,0,0,0,0,0,0,0,0,0,0,0,0,0,0,0,0,0,0,0,0,0,0,0,0,0,0,0,1,0,0,0,0,0,0,0,0,0,0,0,0,0,0,0,0,0,0,0,0,0,0,0,1,0,0,0,0,0,0,0,0,0,0,0,0,0,0,0,0,0,0,2,0,0,0,0,0,0,0,0,0,0,1,1,0,0,1,0,0,0,0,0,0,0,0,0,0,0,1,4,0,0,1,0,1,2,1,1,2,1,5,3,1,0,1,0,1,0,1,0,0,2,1,1,1,1,3,5,3,7,1,0,2,2,1,2,6,2,1,3,3,6,5,2,9,7,16,9,3,10,10,9,15,17,19,11,8,5,9,9,7,3,11,5,6,11,7,8,6,10,11,13,7,13,11,15,20,19,11,16,18,23,17,27,20,29,33,25,39,33,35,59,63,43,38,28,46,47,43,58,45,51,47,41,42,70,71,67,79,45,71,112,84,87,73,68,50,57,69,88,80,98,88,106,107,103,99,116,107,122,105,118,109,141,119,127,121,140,163,154,135,117,93,102,111,145,190,208,225,292,275,288,298,356,356,372,425,433,478,609,570,624,786,884,914,928,1094,1138,1189,1787,1367,1506,1489,1692,2028,2063,2272,2337,2630,2914,2842,2844,2856,3081,2969,3194,3304,3615,3610,4271,4055,4528,4846,5255,5775,6088,6016,6519,6487,7838,7595,9637,10072,10707,12158,12855,13872,15495,17476,20463,21915,23986,26019,28292,27623,30530,30055,32579,35048,37372,37575,38474,43173,44223,52379
2306,Global and Planetary Change,Environmental Science,Physical Sciences,2,1,0,0,1,0,0,1,1,0,0,0,0,0,0,0,0,1,0,0,0,0,1,0,1,2,0,3,1,0,0,2,0,2,0,3,0,0,2,0,0,1,0,0,0,0,0,1,1,2,1,0,0,4,1,1,0,0,0,1,0,1,0,0,1,0,1,3,1,1,0,3,2,2,2,4,3,3,3,1,2,3,1,3,0,0,4,1,3,2,0,2,3,6,3,1,1,3,4,8,14,2,4,3,5,9,9,2,5,7,6,2,4,3,11,8,5,5,6,3,3,4,5,3,8,8,8,12,14,7,12,7,7,26,18,15,13,23,26,18,14,17,28,19,22,46,36,62,58,38,49,63,57,62,56,57,49,36,62,49,75,40,61,42,48,35,38,59,52,68,104,107,108,116,117,142,142,173,157,192,219,220,191,232,268,223,223,215,216,213,183,191,199,249,234,240,268,254,234,284,291,219,280,309,296,308,334,355,366,416,436,441,426,414,430,353,365,338,346,392,513,508,565,567,478,539,545,633,583,740,732,693,724,688,771,810,815,806,884,819,819,758,641,594,652,561,718,788,938,1007,1249,1262,1216,1326,1374,1432,1503,1621,1661,1697,2148,2038,2192,2513,2481,2626,2743,2851,3150,3159,4176,3597,3800,4079,4296,4387,4631,4860,5317,5501,6283,6125,5817,6364,6649,6901,7255,7357,7721,8161,9357,9444,9868,10201,10826,11884,12852,13098,13612,14558,21570,19184,20685,22495,23515,26136,28183,30715,34099,38329,41784,44082,48467,52560,54655,55558,59132,56084,61627,63975,71401,73811,71412,75299,67257,75761
2307,"Health, Toxicology and Mutagenesis",Environmental Science,Physical Sciences,0,0,0,0,0,0,0,0,0,0,0,0,0,0,0,0,0,0,0,0,0,0,1,0,0,0,0,0,0,0,0,0,0,0,0,1,0,0,0,0,0,0,0,0,0,0,0,0,0,0,3,0,4,2,0,1,0,1,0,0,0,0,0,0,0,0,0,1,7,0,0,0,0,0,0,7,1,1,0,1,0,1,1,2,0,3,2,2,0,0,2,0,1,0,1,1,6,0,3,5,14,4,0,2,8,0,1,0,3,1,3,4,1,4,0,2,2,3,14,5,1,5,1,7,1,1,6,12,9,6,13,12,7,6,6,3,12,10,19,17,24,25,22,44,25,24,21,23,34,27,20,15,20,38,21,27,28,32,24,27,28,21,38,27,19,22,36,23,23,46,80,76,53,57,45,52,41,67,54,41,63,60,48,60,60,70,70,78,70,74,77,80,75,72,147,131,87,130,72,74,123,97,91,129,127,155,106,124,101,148,177,148,126,189,166,164,148,161,161,152,186,183,242,213,255,268,290,295,303,310,380,316,378,394,363,366,372,393,415,386,408,358,316,291,296,291,387,453,517,529,690,693,804,879,901,977,905,992,997,1144,1177,1227,1181,1359,1473,1549,1667,1725,1896,1942,2456,2240,2407,2627,2706,2896,2968,3163,3458,3587,3962,3853,4172,4327,4514,4472,4926,4911,5043,5557,5658,5697,5840,6002,6526,8161,7991,7912,8615,8856,11499,10670,12179,13471,15027,16337,18499,19781,21356,23039,24512,27063,26905,29841,30699,31618,32847,32245,35786,38775,42295,40613,41807,43771,51612,53727
2308,"Management, Monitoring, Policy and Law",Environmental Science,Physical Sciences,1,0,0,0,0,0,0,0,0,0,0,1,1,1,0,0,0,1,0,0,0,0,1,0,1,0,0,0,0,1,0,0,1,0,0,1,0,0,0,1,0,1,0,1,0,1,1,0,0,1,3,1,1,0,0,1,0,0,0,1,0,0,2,1,0,2,0,1,0,2,0,1,1,2,0,0,1,2,3,2,0,1,3,1,0,0,1,1,1,2,3,6,23,4,1,2,46,3,17,9,84,38,14,19,13,9,14,9,12,21,24,15,11,14,17,27,12,12,20,33,35,37,26,12,23,24,41,33,40,41,54,57,43,43,86,76,56,36,65,52,63,37,54,45,63,73,121,177,139,132,136,121,111,156,168,163,208,135,223,167,181,142,164,154,147,130,142,136,118,133,172,138,179,167,160,189,250,161,162,194,309,208,245,252,278,296,309,328,318,330,325,343,376,439,453,453,497,494,529,532,1101,642,607,704,695,754,648,759,692,823,1088,869,854,735,698,711,775,669,586,687,957,735,808,865,884,996,987,957,1015,1027,1263,1098,1054,1211,943,1101,1232,1151,1290,1319,4047,1191,1203,1046,847,1013,1005,1192,1282,1251,1805,1414,1491,1579,1608,1665,1616,1729,1712,1817,2515,2057,2090,2372,2537,2555,2561,2650,2849,3275,4454,3581,4004,3986,4284,4488,4952,5167,5613,5921,6651,6299,6026,6452,6726,7161,7285,7943,7851,9019,10038,10323,11170,12178,12705,13624,14379,14643,15779,16880,21071,19620,21792,24071,25663,27326,29911,33351,36578,40478,46410,48796,53439,57735,65044,64195,65547,68431,69684,73868,72377,65735,58696,63911,64248,69611
2309,Nature and Landscape Conservation,Environmental Science,Physical Sciences,0,1,0,0,0,0,3,0,2,0,1,0,0,0,0,0,1,1,0,0,0,1,0,0,0,0,1,0,0,0,0,0,0,0,0,0,0,1,0,0,0,1,1,0,0,3,0,0,0,2,1,0,1,1,0,1,0,3,1,1,0,2,1,3,1,0,0,3,0,2,1,3,0,3,3,6,4,4,4,9,3,2,1,1,4,1,1,11,4,14,28,13,15,23,10,6,18,22,11,24,39,39,17,24,15,31,21,14,13,7,23,11,10,11,7,15,31,13,25,25,21,20,20,31,36,34,33,32,40,25,25,19,32,31,42,31,28,39,47,48,59,37,52,43,53,45,35,42,61,33,80,100,82,75,78,78,68,241,130,58,103,108,112,88,100,115,77,124,87,151,136,110,107,113,118,127,146,127,167,149,243,212,181,199,211,202,206,210,260,194,213,201,180,212,226,276,305,277,265,288,445,334,399,392,404,491,448,490,528,500,537,597,557,691,553,439,483,432,406,464,562,610,657,569,586,658,748,745,765,763,917,826,721,767,770,848,851,835,877,876,944,754,611,543,400,391,412,564,697,797,1201,961,963,1129,1106,1379,1189,1294,1339,1477,2245,1698,1788,1881,2055,2119,2085,2237,2376,2458,3714,2635,2856,2871,2959,3019,3194,3591,3828,3782,4921,4374,4093,4339,4765,5046,5552,5586,5793,6005,7105,6632,7004,7593,7845,8360,8935,9244,10162,10263,12519,11697,12766,13052,14098,15530,16411,18525,18929,19911,22175,22028,23373,26061,26363,27022,28648,26936,26404,29052,29928,28238,25328,27167,23936,26056
2310,Pollution,Environmental Science,Physical Sciences,0,0,0,0,0,0,0,0,0,0,0,0,0,1,0,0,0,0,0,0,0,0,0,0,0,0,0,0,0,0,0,0,0,0,0,0,0,0,0,0,0,0,0,0,0,0,0,0,0,0,0,0,0,3,0,0,0,0,0,0,0,0,0,0,0,0,0,0,0,0,0,0,0,0,0,0,0,0,0,0,0,0,0,0,0,0,0,0,0,0,0,0,0,0,0,0,0,0,0,2,5,2,0,2,0,0,0,0,0,0,2,0,2,0,0,0,0,0,1,2,0,0,1,3,1,1,0,2,3,2,4,0,1,4,7,5,4,10,6,8,5,4,5,9,8,7,8,14,13,17,8,17,13,8,14,11,13,9,16,6,18,13,14,40,17,26,13,21,15,13,15,16,6,15,16,16,32,22,32,18,20,31,23,27,22,13,26,41,29,29,34,29,30,32,33,29,18,21,36,60,63,31,48,42,45,56,40,38,60,57,62,60,56,64,64,92,92,81,65,140,144,147,157,141,184,158,172,192,198,180,181,210,214,221,182,219,190,196,191,206,193,148,162,105,139,129,147,221,235,255,357,327,353,471,485,444,449,502,505,537,674,554,534,610,694,711,729,831,919,978,1456,1190,1339,1493,1537,1705,1697,1978,2124,2263,2566,2383,2377,2481,2568,2719,2852,2947,3162,3275,3995,3969,3952,4296,4713,5689,5743,6010,5990,6118,7532,7073,8193,8855,9913,10069,11398,12087,13106,14285,16064,17313,18250,19452,20452,20233,21806,21967,23986,25644,30261,30766,32989,35255,38876,41382
2311,Industrial and Manufacturing Engineering,Environmental Science,Physical Sciences,0,0,0,0,0,0,0,0,0,0,0,0,0,0,0,0,0,0,0,0,0,0,0,0,0,0,0,0,0,0,0,0,0,0,0,0,0,0,0,0,0,0,0,0,0,0,0,0,0,0,0,0,0,1,0,0,0,0,0,0,0,0,0,0,0,0,0,0,0,0,0,0,0,0,0,0,0,0,0,0,0,0,0,0,0,0,0,0,0,0,0,0,0,0,0,0,0,1,0,0,3,1,0,0,0,0,0,1,0,1,0,1,0,0,0,0,0,0,0,0,0,1,0,0,0,1,1,5,8,4,6,2,2,2,0,0,2,2,5,3,0,4,2,7,9,7,11,5,9,11,3,9,9,10,11,2,12,12,11,11,16,6,12,9,13,8,10,9,15,19,16,20,13,15,11,13,20,19,27,38,27,19,17,22,21,26,23,20,20,29,28,37,33,30,40,47,39,36,42,40,73,35,40,53,38,70,59,58,60,66,67,74,104,79,73,81,67,65,61,68,73,65,106,96,93,93,136,149,196,149,158,147,146,173,156,203,182,202,151,194,203,170,134,153,105,138,163,242,267,326,463,430,522,526,584,588,614,707,748,810,1055,962,982,1112,1273,1225,1159,1360,1478,1356,1858,1610,1677,1682,1709,1714,1751,1921,2134,2145,2377,2255,2145,2248,2342,2461,2598,2697,2787,2832,3527,3260,3739,3830,4133,5040,5016,5066,4987,5770,6861,7006,7977,8620,9656,10413,12057,12084,12939,13596,14886,15883,16582,16896,17357,16514,16873,17038,18508,19133,20496,18327,18247,21156,23781,26303
2312,Water Science and Technology,Environmental Science,Physical Sciences,0,0,0,0,0,0,0,0,0,0,0,0,0,0,0,0,0,0,1,0,0,0,0,0,0,0,0,0,0,0,0,0,0,0,0,0,0,0,0,0,0,0,0,0,0,0,0,0,0,0,0,0,0,5,0,0,0,0,0,0,0,0,0,0,0,0,0,0,0,1,0,0,0,0,1,0,0,0,0,0,0,0,0,0,0,1,0,0,0,0,0,0,0,1,1,0,1,1,0,2,7,2,1,2,0,2,2,0,0,1,0,0,2,2,1,2,0,2,1,2,0,1,0,1,0,3,4,5,3,3,5,4,7,4,3,0,8,8,8,6,6,10,15,11,11,6,14,21,17,15,20,17,25,14,19,26,20,18,17,20,17,5,12,15,8,19,14,14,19,38,20,27,29,26,43,50,45,48,40,42,60,70,60,71,61,76,80,59,69,85,70,97,55,87,68,86,93,80,73,80,138,96,108,119,122,149,148,128,138,141,184,153,148,191,174,163,208,148,133,154,180,202,272,249,236,270,290,280,311,288,331,329,320,388,350,371,424,388,438,466,3960,398,347,311,326,274,359,437,533,584,782,752,748,898,834,994,928,985,1033,1153,1463,1214,1255,1493,1597,1706,1691,1914,2040,2135,2904,2378,2672,2624,2789,2980,3033,3167,3376,3704,4271,4004,3889,3864,4236,4228,4540,4677,4938,5362,6041,5660,6614,7092,7246,7961,8591,8522,9482,10342,13817,14452,15868,17847,19918,22389,24516,26009,28714,32784,36063,37948,40428,42725,43989,43127,43406,44880,47711,48095,47798,46478,46022,47861,48892,54253
2402,Applied Microbiology and Biotechnology,Immunology and Microbiology,Life Sciences,0,0,0,0,0,0,0,0,0,0,0,0,0,0,0,0,0,0,0,0,0,0,0,0,0,0,0,0,0,0,0,0,0,0,0,0,0,0,0,0,0,0,0,0,0,0,0,0,0,0,0,0,0,0,0,0,0,0,0,0,0,0,0,0,0,0,0,0,0,0,0,0,0,0,0,0,0,0,0,0,0,0,0,0,0,0,0,0,0,0,0,0,0,0,0,0,0,0,0,0,2,0,0,0,1,1,0,2,0,0,0,0,0,0,0,0,0,0,0,0,0,0,0,0,0,0,0,0,0,0,1,1,0,0,0,1,0,2,0,0,0,0,0,0,1,1,0,0,0,0,0,1,0,1,1,1,1,0,0,1,1,0,1,0,0,0,0,0,0,0,0,0,3,0,1,2,2,1,0,1,0,0,3,0,3,2,0,3,6,1,2,1,1,1,3,1,6,1,2,1,1,3,3,11,1,2,5,1,6,2,1,1,3,7,4,5,9,7,4,4,6,5,4,3,5,2,5,6,3,6,3,6,5,5,2,3,6,1,6,9,16,5,5,6,10,10,29,26,41,28,63,60,78,93,77,73,56,64,60,59,87,82,50,96,92,82,77,71,71,77,96,86,76,74,100,110,130,139,145,183,138,150,136,175,160,162,199,203,213,222,194,174,196,179,230,274,329,411,524,542,672,685,682,773,848,914,958,1141,1202,1232,1422,1687,1885,2031,2409,2635,3040,3342,3571,3803,4336,4278,4053,4558,4369,5228
2403,Immunology,Immunology and Microbiology,Life Sciences,0,0,0,0,0,0,0,0,0,0,0,0,0,0,0,0,0,0,0,0,0,0,0,0,0,0,0,0,0,0,0,0,0,0,0,0,0,1,0,0,0,0,0,0,0,0,0,0,0,0,0,0,0,3,0,0,0,0,0,0,0,0,0,0,0,0,0,0,0,0,0,0,0,0,0,0,0,0,0,0,0,0,0,0,0,0,1,0,2,0,1,0,0,0,0,0,0,0,0,0,1,4,1,0,1,1,3,1,0,2,1,0,0,1,0,0,1,2,0,0,0,3,0,3,3,4,0,2,5,2,0,7,2,1,10,5,9,8,8,4,7,7,13,15,9,20,11,25,12,9,11,7,6,18,18,9,13,18,9,18,11,11,15,14,16,17,8,12,11,16,17,18,11,18,15,15,63,30,26,24,30,32,32,29,28,32,34,21,40,43,46,46,52,72,64,60,56,66,53,49,93,81,93,62,89,79,89,101,92,122,114,115,121,114,140,96,74,79,93,100,122,156,188,236,216,211,186,285,278,300,311,318,359,344,337,341,355,376,365,332,413,354,278,269,234,306,366,454,629,627,868,1024,1117,1037,1203,1168,1262,1374,1398,1521,1621,1695,1805,1857,1971,2255,2788,3223,3511,3957,4297,4636,4797,5000,5591,5838,6473,6830,7249,7488,7834,8158,8848,8876,9454,10728,11297,11509,12119,12965,13216,13609,13215,14147,14607,15427,16407,17009,17098,16586,18958,18925,20241,22613,24728,25301,28481,29475,32552,35562,34076,36546,37441,38636,39526,41169,41295,40394,39572,43477,48550,45675,43540,60998,47268,50848
2404,Microbiology,Immunology and Microbiology,Life Sciences,0,0,0,0,0,0,0,0,0,0,0,0,0,0,0,0,0,1,0,0,1,0,0,0,0,0,0,0,0,0,0,0,0,0,0,0,0,0,0,0,0,0,0,0,0,0,0,0,0,0,0,0,0,1,0,0,0,1,0,0,0,0,0,0,0,1,0,0,0,1,0,0,0,1,0,0,0,1,0,0,0,0,0,0,0,0,0,0,0,0,0,0,1,0,0,0,0,1,0,1,5,2,2,4,3,4,8,4,3,0,5,0,1,1,5,3,1,2,2,1,1,1,3,10,20,13,17,8,9,6,5,16,5,15,8,5,12,16,8,10,9,12,9,7,5,10,10,10,18,9,19,21,8,11,10,19,81,17,9,18,16,13,7,9,11,16,11,6,10,19,11,22,12,24,18,19,17,28,19,21,22,17,19,15,24,21,24,24,29,37,25,34,47,41,47,51,39,47,56,64,77,80,58,77,60,91,72,87,94,87,106,90,102,132,97,111,102,90,133,113,133,140,127,158,136,162,197,219,189,216,241,245,247,293,262,272,302,384,394,331,435,263,292,238,279,322,440,474,560,451,604,569,564,630,676,651,597,635,675,612,849,763,789,809,848,1015,1102,1311,1242,1561,1681,1498,1575,1561,1594,1616,1731,1845,1983,2034,2270,2159,2329,2447,2526,2651,2754,2947,3183,3185,3499,3321,3313,3496,3352,3487,3654,3827,4136,4201,5070,4704,4863,5423,5796,6142,6926,6851,7614,8395,8578,8559,8859,9219,8995,9300,9251,9424,9262,10117,10036,9357,8675,8882,9065,11021
2405,Parasitology,Immunology and Microbiology,Life Sciences,0,0,0,0,0,0,1,0,0,0,0,0,0,0,0,0,0,0,0,0,0,0,0,0,0,0,0,0,0,0,0,0,0,0,0,0,0,0,0,0,0,0,0,0,0,0,0,0,0,0,0,0,0,0,0,0,0,0,0,0,0,0,0,0,0,0,0,0,0,0,0,1,0,0,0,0,0,0,0,0,1,1,0,0,0,0,0,0,0,0,0,1,1,0,0,0,0,0,0,0,1,1,0,3,1,3,0,0,0,0,1,1,0,1,1,1,0,0,3,0,2,0,0,1,1,1,0,1,3,3,1,3,4,4,2,2,2,4,3,2,4,3,9,4,6,4,6,5,3,6,7,2,6,4,5,3,4,2,8,9,13,5,3,7,5,8,6,8,8,15,14,14,17,9,10,9,11,12,11,14,19,15,14,19,21,11,12,8,16,19,23,14,42,32,21,23,27,24,28,24,34,51,44,44,51,58,72,59,68,66,81,87,102,115,114,133,112,114,111,126,118,147,151,186,189,213,232,228,266,241,297,290,262,249,289,312,295,322,355,336,380,318,295,290,284,414,480,521,672,620,894,913,1022,1099,1141,1052,1091,1162,1195,1084,1209,1194,1200,1167,1131,1431,1827,1616,1664,1618,1790,1608,1631,1637,1624,1582,1725,1788,1829,1854,2448,2140,2075,2193,2365,2285,2546,2758,2613,2995,3441,3152,3223,3425,3325,3548,3931,3849,4664,3881,5097,4641,4745,5265,5375,5463,6647,6751,7470,8199,8546,8487,9118,9401,9947,10354,11595,10576,10297,11796,11882,10845,10123,10148,10824,11878
2406,Virology,Immunology and Microbiology,Life Sciences,0,0,0,0,0,0,0,0,0,0,0,0,0,0,0,0,0,0,0,0,0,0,1,0,0,0,0,0,0,0,0,0,0,0,0,0,0,0,0,0,0,0,0,0,0,0,1,2,0,0,0,0,0,0,0,0,0,0,0,0,0,0,0,0,0,0,0,0,0,0,0,0,0,0,0,0,0,0,0,0,0,1,0,0,1,0,1,1,0,1,1,0,0,0,0,0,0,1,1,5,5,3,3,1,2,3,2,1,3,3,2,3,5,1,3,1,3,3,0,2,1,2,1,0,3,3,1,5,4,4,7,5,1,2,4,3,3,2,8,6,13,7,3,4,3,5,8,6,6,5,6,12,4,9,13,6,5,6,3,6,7,6,5,11,5,6,5,4,6,3,7,19,31,24,13,10,17,14,20,10,25,16,33,16,22,11,35,30,20,35,32,28,44,60,43,35,34,21,41,36,48,59,72,62,43,29,30,26,35,34,42,54,45,65,55,54,61,58,41,43,42,47,48,57,57,66,107,111,117,86,99,103,100,78,73,81,107,85,100,105,130,62,79,75,67,95,136,154,161,173,240,179,216,208,241,253,216,263,220,270,260,227,310,239,211,310,399,379,467,471,499,436,501,480,390,455,433,486,501,470,501,518,486,471,505,753,790,1274,1821,2121,2518,2499,2793,2788,2889,2970,3227,3545,3676,3445,3842,3381,3594,3757,4157,4295,4361,4433,4891,5125,5206,5257,5845,5484,5949,5701,5230,5142,4933,5009,5440,4344,6239,6474,6069,6321
2500,General Materials Science,Materials Science,Physical Sciences,0,0,0,0,0,0,0,0,0,0,0,2,0,0,0,0,0,0,0,0,0,0,0,0,0,0,0,0,0,0,0,0,0,0,0,1,0,0,0,0,0,0,0,0,0,0,0,0,0,0,0,0,0,1,0,0,0,0,0,0,0,0,0,0,0,0,0,0,0,0,0,0,0,1,0,0,0,0,0,0,0,0,0,0,0,0,0,0,0,0,2,1,0,0,0,0,0,1,1,0,7,0,0,1,6,2,7,9,12,9,9,12,11,15,5,12,10,5,4,0,0,1,1,1,1,7,7,3,9,3,6,3,10,3,4,4,7,11,12,12,18,8,14,10,10,23,9,13,16,16,21,18,11,22,21,25,22,19,19,17,18,13,28,18,18,21,10,14,11,6,17,18,18,17,19,17,27,15,15,29,28,34,26,23,41,27,32,29,38,47,60,37,47,60,64,64,67,57,81,66,88,52,78,95,70,60,86,68,78,76,83,89,110,100,95,93,77,88,71,69,107,95,94,132,119,120,120,121,110,139,136,112,150,146,133,168,163,154,167,184,193,188,209,213,173,180,198,208,269,293,396,450,559,573,657,624,714,641,683,785,942,968,1068,1323,1766,1754,1820,1980,1993,2152,2253,2298,2368,1974,2093,1860,1905,1738,1952,1856,1904,1890,1856,1768,2002,2225,2257,2306,2413,2529,2784,3103,2907,2835,2715,2960,3218,2867,3105,2989,3561,3714,3721,3899,4183,4330,4546,4604,5242,5053,5186,5705,6013,6489,6483,9177,7394,7330,6913,7652,8769,6393,6732,6312,5631,5086
2502,Biomaterials,Materials Science,Physical Sciences,0,0,0,0,0,0,0,0,0,0,0,0,0,0,0,0,1,0,0,0,0,0,0,0,0,0,0,0,0,0,0,0,0,0,0,0,0,0,0,0,0,0,0,0,0,0,0,0,0,0,0,0,0,14,0,0,0,0,0,0,0,0,0,0,0,0,1,0,0,0,0,0,0,0,0,0,0,0,1,0,1,1,1,0,0,0,0,0,0,0,0,0,1,0,1,0,0,0,1,2,5,0,2,5,2,3,2,0,3,3,1,3,1,6,1,3,4,2,0,2,4,2,0,3,9,12,14,14,13,8,6,10,4,4,18,10,11,26,24,24,18,13,32,11,16,23,13,26,29,25,29,13,15,25,29,26,19,22,23,21,20,22,20,31,19,22,23,31,26,44,32,21,33,26,43,32,41,61,50,48,49,59,46,63,71,64,61,57,56,58,60,57,56,56,78,84,81,127,111,119,113,131,96,127,133,131,157,180,181,173,182,159,202,170,200,150,173,165,176,202,267,298,364,369,366,355,347,396,407,380,404,389,416,384,365,344,287,376,377,372,390,322,302,264,211,169,254,307,415,501,674,619,719,833,878,913,962,939,1043,1057,1201,1168,1239,1364,1477,1440,1531,1730,1779,1674,1965,1755,1892,1861,1948,1961,1947,2061,2139,2125,2299,2278,2306,2447,2495,2672,2759,2897,2874,3069,3452,3562,3732,3869,4142,4334,4974,4839,5264,5364,6676,6748,7575,9021,9998,11605,14940,15851,16672,18490,20168,22911,25511,25761,26962,27426,29851,28144,28484,31056,32200,31211,33129,34725,34171,39805
2503,Ceramics and Composites,Materials Science,Physical Sciences,0,0,0,0,0,0,0,0,0,0,0,0,0,0,0,0,0,0,0,0,0,0,0,0,0,0,0,0,0,0,0,0,0,0,0,0,0,0,0,0,0,0,0,0,0,0,0,0,0,0,0,0,0,0,0,0,0,0,0,0,0,0,0,0,0,0,0,0,0,0,0,0,0,0,0,0,0,0,0,0,0,0,0,0,0,0,0,0,0,0,0,0,0,0,0,0,0,0,0,0,3,1,0,0,0,0,0,0,0,1,0,0,0,1,0,0,0,0,0,0,1,0,0,1,1,0,0,1,0,0,2,0,2,0,1,1,1,2,0,2,1,0,2,3,2,0,2,4,3,0,0,1,2,3,1,1,2,1,3,2,0,2,3,3,2,3,2,0,1,1,2,2,1,2,0,4,1,4,6,2,2,4,2,3,3,3,1,1,4,2,4,8,5,6,4,4,1,4,8,2,2,8,1,9,11,3,9,10,9,13,10,8,7,12,14,15,6,6,18,22,25,17,23,28,35,33,29,25,26,28,30,46,41,55,54,44,58,29,53,45,50,55,54,26,25,24,32,32,54,71,75,83,88,119,126,101,139,139,184,212,271,278,289,329,379,433,463,473,511,593,607,642,750,877,1018,929,914,881,1083,996,1288,1244,1281,1395,1609,1897,2145,2138,2374,2600,2691,3302,3371,3210,3520,3616,3646,3679,3762,3778,3843,4207,4177,4463,4509,4867,5260,5478,6691,4778,5079,5323,5241,5372,5718,5198,5240,5090,5294,5545,5603,4798,4778,4789,5268,5548
2504,"Electronic, Optical and Magnetic Materials",Materials Science,Physical Sciences,0,0,0,0,0,0,0,0,0,0,0,0,0,0,0,0,0,0,0,0,0,0,0,0,0,0,0,1,0,0,0,0,0,0,0,0,0,0,0,0,0,0,0,0,0,0,0,0,0,0,0,0,0,23,0,0,0,0,0,1,0,0,0,0,0,0,0,0,0,0,0,0,0,0,0,0,0,1,0,0,1,0,0,0,0,0,0,0,0,0,0,0,0,0,0,0,0,0,0,1,0,0,2,1,2,1,0,1,0,0,0,0,0,3,0,2,0,0,1,0,1,4,1,4,0,9,6,14,11,2,4,6,3,7,12,6,9,7,6,13,11,12,12,13,15,7,15,14,6,14,19,14,10,12,12,13,9,12,13,15,14,13,13,15,13,5,20,15,7,21,10,18,17,18,14,23,25,18,18,20,20,12,32,37,27,14,21,27,38,27,39,48,40,27,46,56,35,44,40,43,29,51,67,55,57,38,60,55,45,61,63,69,88,60,89,66,40,47,42,37,70,54,69,67,82,105,113,127,116,148,128,151,186,175,162,182,154,159,175,129,121,126,95,89,60,52,75,105,159,223,284,301,316,371,337,397,461,503,610,645,732,834,995,1090,1215,1436,1651,1858,1894,2152,2593,2803,3088,3325,3580,3400,3616,3512,3548,3559,3833,4076,3987,4121,4331,4846,4836,5461,5874,5975,6650,7400,7213,8440,8005,8584,9387,9897,11024,11302,11941,12750,13972,14376,15648,19324,19378,18749,20477,21481,22305,24495,26211,26788,28524,29078,29809,31527,30737,32592,34125,32114,32596,34873,35891,39815
2505,Materials Chemistry,Materials Science,Physical Sciences,0,0,0,0,0,0,0,0,0,0,0,0,0,0,0,0,0,0,0,0,0,0,0,0,0,0,0,0,0,0,0,0,0,0,0,0,0,0,0,1,0,0,0,0,0,0,0,0,0,0,0,0,1,70,0,0,0,0,1,1,0,0,0,0,0,0,0,0,0,0,0,0,0,0,0,0,0,0,0,0,0,0,0,0,0,0,0,0,1,0,1,0,0,0,1,0,0,1,5,3,18,5,2,3,11,3,2,1,3,2,6,0,3,1,3,7,0,8,3,2,3,2,1,5,6,7,8,19,16,12,12,12,11,15,39,25,44,32,47,57,46,47,51,51,54,47,55,79,67,76,59,56,69,63,82,74,65,79,50,56,68,68,85,74,62,62,50,51,91,70,94,66,88,112,115,118,105,143,158,154,180,147,172,181,158,143,169,165,158,165,173,198,189,219,247,238,231,240,238,274,287,240,258,319,282,330,343,326,353,338,319,370,394,447,400,314,279,236,246,293,376,392,498,528,569,562,700,693,690,787,855,839,872,862,932,988,983,982,954,926,868,883,781,680,640,619,729,940,1448,1732,2224,2441,2677,2996,3119,3484,3990,4281,4992,5649,6479,6806,7681,8298,8962,9242,9935,11072,11594,11638,13152,13295,14837,14742,15268,15256,15314,15299,15785,16330,17242,17796,17659,18037,18643,19872,20050,21147,22107,23020,23584,26402,27302,29836,31298,32769,37061,38310,40749,48297,58514,63864,74515,77618,86592,98848,107822,112381,112877,115031,128960,150152,142203,167028,158512,167362,167076,169437,193959,183466,199804,175437,173944,184983,145718,161702
2506,Metals and Alloys,Materials Science,Physical Sciences,0,0,0,0,0,0,0,0,0,0,0,0,0,0,0,0,0,0,0,0,0,0,0,0,0,0,0,0,0,0,0,0,0,0,0,0,0,0,0,0,0,0,0,0,0,0,0,0,0,0,0,0,0,0,0,0,0,0,0,0,0,0,0,0,0,0,0,0,0,0,0,0,0,0,0,0,0,0,0,0,0,0,0,0,0,0,0,0,0,0,0,0,0,0,0,0,0,0,0,0,0,0,0,0,0,0,0,0,0,0,0,0,0,0,0,0,0,0,0,0,0,0,0,0,0,0,1,0,0,0,0,0,1,0,0,0,0,2,1,0,0,0,0,0,2,0,1,1,0,0,0,1,0,0,0,1,0,0,1,1,1,1,1,0,0,0,0,0,0,0,0,1,0,1,0,1,0,0,1,1,3,1,1,1,1,0,1,0,2,2,0,2,1,3,1,2,1,0,1,1,1,4,1,1,6,4,8,3,7,5,7,7,3,8,7,7,2,3,3,5,0,7,7,7,7,4,7,4,8,8,7,7,15,8,10,9,6,17,10,12,15,16,13,9,10,19,10,14,12,30,33,20,32,43,59,61,74,62,99,105,141,143,131,127,137,135,157,163,177,196,190,194,219,238,234,268,307,264,370,401,448,421,453,486,482,547,596,588,517,543,535,593,558,619,616,632,662,626,653,643,605,746,795,776,934,940,998,1085,1203,1144,1375,1555,1571,1622,1741,1679,1550,1789,1742,1833,1793,1744,2265,1891,1995,2488
2507,Polymers and Plastics,Materials Science,Physical Sciences,0,0,0,0,0,0,0,0,0,0,0,0,0,0,0,0,0,0,0,0,0,0,0,0,0,0,0,0,0,0,0,0,0,0,0,0,0,0,0,0,0,0,0,0,0,0,0,0,0,0,0,0,0,9,0,0,0,0,0,0,0,0,0,0,0,0,0,0,0,0,0,0,0,0,0,0,0,0,0,0,0,0,0,0,0,0,0,0,0,0,0,0,0,1,0,0,0,0,0,0,4,0,0,1,0,1,1,0,0,0,1,0,0,0,0,0,0,1,0,0,0,0,1,0,0,0,1,2,2,5,7,6,4,2,1,9,5,5,5,9,2,3,2,2,5,0,3,13,22,18,13,24,14,18,16,19,11,12,17,19,16,5,12,9,11,10,9,5,12,14,9,10,17,17,19,10,37,26,21,28,31,30,27,33,25,17,33,33,22,30,36,22,30,25,37,33,28,40,36,36,106,24,32,36,34,47,44,45,37,46,69,46,54,56,64,45,43,54,70,52,83,77,95,119,141,109,119,116,160,163,177,161,205,182,198,194,208,224,228,232,256,229,279,229,231,224,334,350,417,510,659,702,663,767,839,917,988,950,1145,1329,1563,1440,1657,1817,2055,2222,2110,2483,2374,2404,3002,2730,2965,3186,3117,2947,2952,3036,3352,3255,3574,3588,3547,3918,4190,4457,4531,4973,4878,5803,5928,6457,6597,7292,7587,7890,8619,9114,9607,10406,16048,13245,17210,14217,16582,16971,18443,20173,20133,20823,22047,23972,24616,24870,24423,25383,23781,22740,23632,24931,23919,23832,22922,24091,28243,30588
2508,"Surfaces, Coatings and Films",Materials Science,Physical Sciences,0,0,0,0,0,0,0,0,0,0,0,0,0,0,0,0,0,0,0,0,0,0,0,0,0,0,0,0,0,0,0,0,0,0,0,0,0,0,0,0,0,0,0,0,0,0,0,0,0,0,0,0,0,3,0,0,0,0,0,0,0,0,0,0,0,0,0,0,0,0,0,0,0,0,0,0,0,0,0,0,0,0,0,0,0,0,0,0,0,0,0,0,0,0,0,0,0,0,0,0,0,0,0,1,0,2,4,2,0,1,2,0,0,2,2,0,1,0,0,1,1,0,0,0,0,2,3,2,2,3,1,1,2,2,3,1,2,5,6,2,6,2,3,3,1,5,3,4,1,5,1,4,3,3,4,5,0,2,5,6,2,1,5,3,2,4,7,1,3,5,6,2,5,8,11,9,11,14,15,8,16,8,13,19,11,13,17,9,12,9,10,11,18,17,11,19,18,23,19,25,30,19,33,44,58,61,52,53,58,56,56,67,58,62,62,54,43,43,38,41,86,90,90,103,131,128,149,186,170,189,189,213,223,230,212,226,209,198,182,207,210,194,143,128,94,106,151,171,246,276,414,411,411,501,568,530,608,539,644,767,998,790,930,1088,1231,1344,1361,1606,1631,1738,1765,1965,2111,2045,2139,2210,2015,2002,2033,2099,2151,2335,2135,2264,2479,2567,2631,2758,2854,2949,3407,3293,3483,3536,3383,3595,3866,3742,3708,3763,3748,3894,4388,4508,5015,5843,5739,6306,6604,6772,7405,7706,7912,8108,8016,8280,8378,8191,8483,8663,8638,8004,7801,8359,7959,8382
2602,Algebra and Number Theory,Mathematics,Physical Sciences,0,0,0,0,0,0,0,0,0,0,0,0,0,0,0,0,0,0,0,0,0,0,0,0,0,0,0,0,0,0,0,0,0,0,0,0,0,0,0,0,0,0,0,0,0,0,0,0,0,0,0,0,0,0,0,0,0,0,0,0,0,0,0,0,0,0,0,0,0,0,0,0,0,0,0,0,0,0,0,0,0,0,0,0,1,0,0,0,0,0,0,0,0,0,0,0,0,0,0,0,4,0,2,1,0,1,0,0,1,0,0,2,0,0,1,0,0,0,1,0,0,1,1,1,0,1,1,2,4,5,2,1,4,1,2,0,1,2,2,2,5,1,4,7,6,4,5,5,7,7,2,1,5,6,4,1,9,2,7,2,4,5,3,4,0,2,3,7,11,9,9,7,6,4,3,13,6,15,20,8,13,14,29,23,10,15,18,29,15,17,7,20,19,25,18,16,20,18,21,25,26,35,23,30,37,42,42,34,36,30,35,43,38,44,37,38,33,29,24,21,26,34,39,56,62,46,57,66,82,81,69,73,84,87,93,139,116,125,97,92,98,110,84,75,79,69,88,94,133,157,185,270,238,313,294,323,356,386,400,409,439,474,514,534,699,772,882,1013,1129,1430,1542,1635,1655,1625,1633,1686,1566,1559,1509,1621,1555,1619,1766,1626,1715,1751,1638,1801,1945,2026,2087,1975,2177,2206,2447,2557,2437,2461,2455,2691,3019,3298,3440,3598,3718,4072,4349,4638,4710,5174,5249,5527,5865,6265,6335,6302,6886,6510,6689,6811,7376,7236,7258,7285,7673,9186
2604,Applied Mathematics,Mathematics,Physical Sciences,0,0,0,0,1,0,0,0,0,0,0,0,0,0,0,0,0,0,0,0,0,0,0,0,0,0,0,0,0,0,0,0,0,0,0,0,0,0,0,0,0,0,0,0,0,0,0,0,0,0,0,0,0,2,0,0,0,0,0,0,0,0,0,0,0,0,0,0,0,0,0,0,0,0,0,0,0,0,0,0,0,0,0,0,0,0,0,0,0,0,0,0,0,2,0,0,0,0,0,0,2,1,0,0,0,0,1,0,0,1,0,2,0,1,0,4,1,0,2,1,1,1,1,3,2,5,2,1,2,6,4,1,3,3,3,4,2,0,3,2,6,2,5,9,7,6,10,10,11,6,13,13,14,11,14,12,8,17,8,12,7,13,8,7,9,12,10,12,16,12,21,15,13,15,17,22,27,37,34,39,40,39,39,30,20,34,44,30,41,35,40,43,54,53,46,50,39,48,46,60,68,63,65,58,86,76,82,61,71,66,91,73,87,111,94,90,93,100,75,90,87,107,108,151,147,144,177,167,165,211,209,203,230,197,231,275,239,200,246,250,222,232,157,165,159,147,197,267,302,375,464,564,577,614,638,684,743,740,887,944,1080,1246,1375,1674,1870,2098,2298,2528,2662,2977,2975,3163,3388,3253,3350,3472,3483,3329,3171,3283,3459,3413,3574,3875,3917,4102,4221,4232,4608,4897,5118,5221,5691,5765,6042,6276,6513,6865,7244,7552,8713,9519,10105,10971,10776,11916,13286,14176,15254,16323,17306,19777,19802,21808,23293,23845,25840,26495,27772,30229,30519,30007,28973,29623,28726,32774
2605,Computational Mathematics,Mathematics,Physical Sciences,0,0,0,0,0,0,0,0,0,0,0,0,0,0,0,0,0,0,0,0,0,0,0,0,0,0,0,0,0,0,0,0,0,0,0,0,0,0,0,0,0,0,0,0,0,0,0,0,0,0,0,0,0,1,0,0,0,0,0,0,0,0,0,0,0,0,0,0,0,0,0,0,0,0,0,0,0,0,0,0,0,0,0,0,0,0,0,0,0,0,0,0,0,0,0,0,0,0,0,0,1,0,0,0,0,0,0,0,0,0,0,0,0,0,0,0,0,0,0,0,0,0,0,0,0,0,0,0,0,0,0,0,0,0,0,0,0,0,0,0,0,0,0,0,0,0,0,0,0,0,0,0,0,0,0,0,0,0,0,0,0,0,0,0,0,0,0,0,0,0,0,0,0,0,0,0,0,0,0,0,0,0,0,0,0,0,0,0,0,0,0,0,0,2,0,0,0,0,0,0,0,0,0,0,0,0,0,0,0,0,1,0,0,0,0,0,0,0,0,0,0,0,0,2,2,3,1,1,1,0,1,0,1,0,1,6,1,2,0,2,1,4,1,3,2,0,1,1,1,4,1,5,0,0,3,2,1,2,3,1,5,0,6,8,5,6,12,6,4,5,21,23,29,30,36,37,38,28,64,36,53,40,56,50,32,46,39,28,37,47,38,38,54,44,40,32,45,56,61,55,69,64,75,77,88,125,148,168,223,250,309,366,362,484,587,666,786,910,1017,1142,1180,1261,1216,1202,1104,1505
2607,Discrete Mathematics and Combinatorics,Mathematics,Physical Sciences,0,0,0,0,0,0,0,0,0,0,0,0,0,0,0,0,0,0,0,0,0,0,0,0,0,0,0,0,0,0,0,0,0,0,0,0,0,0,0,0,0,0,0,0,0,0,0,0,0,0,0,0,0,0,0,0,0,0,0,0,0,0,0,0,0,0,0,0,0,1,0,0,0,0,0,0,0,0,0,0,0,0,0,0,0,0,0,0,0,0,0,0,0,0,0,0,0,0,0,0,1,0,0,0,0,1,0,0,0,2,0,0,0,0,0,0,0,0,3,0,0,0,0,0,0,0,0,0,1,0,0,1,0,0,2,4,0,2,1,1,2,0,0,1,2,1,0,1,2,0,2,6,4,1,2,3,4,5,3,4,3,2,0,1,4,0,3,2,0,0,2,2,2,0,4,5,1,5,9,5,2,2,5,11,5,9,6,7,3,6,7,6,5,11,12,9,8,9,17,25,22,17,19,14,29,27,21,19,27,16,14,20,15,15,15,12,13,9,13,13,14,14,17,19,29,29,18,25,18,17,30,26,22,34,43,26,29,62,32,40,42,35,15,26,17,23,34,40,37,39,58,90,77,71,65,110,104,109,117,131,168,171,178,203,262,245,311,366,430,493,512,573,687,712,742,710,808,767,737,699,725,807,817,770,773,798,816,908,881,941,1016,980,1183,1100,1189,1237,1378,1379,1460,1524,1798,1845,1990,2245,2356,2577,2810,3199,3480,3643,3568,4208,4232,4459,4499,4634,4489,4305,4632,4550,4969,5014,4393,4494,3785,5085
2608,Geometry and Topology,Mathematics,Physical Sciences,2,0,0,1,1,2,1,1,1,0,0,0,0,3,0,1,0,1,0,0,1,0,0,1,0,0,1,0,2,2,0,1,1,1,0,0,0,3,0,1,0,0,0,1,1,1,0,1,0,0,0,0,0,3,0,1,0,0,0,1,0,0,0,0,1,0,0,2,0,0,1,3,0,0,0,3,1,0,1,0,1,0,0,1,1,2,3,0,0,1,3,4,0,1,1,0,0,1,3,5,7,5,4,2,1,8,4,3,3,15,2,12,15,12,3,13,5,5,12,6,11,8,3,7,11,13,20,18,25,19,27,10,23,12,24,15,19,24,12,14,23,17,29,53,32,31,66,46,53,26,44,47,32,38,25,43,42,75,54,50,54,56,59,72,48,65,86,52,56,81,76,105,84,96,86,99,90,117,128,114,155,147,140,160,133,122,139,158,153,167,153,165,158,196,254,237,202,243,239,225,272,267,247,291,305,291,251,262,254,270,263,308,260,300,303,282,225,194,199,234,250,324,358,336,365,387,388,421,424,541,498,425,497,503,417,525,521,515,471,456,425,347,364,300,277,315,304,368,453,545,661,687,743,762,777,924,864,949,947,967,1151,1147,1353,1363,1550,1589,1815,1901,2094,2496,2528,2743,2791,2825,2980,3046,2956,2865,2903,3044,3087,3191,3295,3766,3578,3664,3753,4079,4353,4578,4855,5197,5531,5875,6270,6383,6878,7283,7626,8059,9043,9365,9855,10544,10911,11304,12545,13586,14574,14796,15243,16476,16749,18310,18571,18626,19752,19160,19467,20295,22504,22751,21312,22558,18678,22031
2610,Mathematical Physics,Mathematics,Physical Sciences,1,0,0,0,0,0,0,1,0,0,0,0,0,0,0,0,0,0,0,0,0,0,0,0,0,0,1,0,0,0,0,0,0,0,0,0,0,0,0,0,0,0,0,0,0,0,0,0,0,0,0,0,0,0,0,0,0,0,0,0,0,0,0,0,0,0,0,0,0,0,0,0,0,0,0,0,0,0,1,0,0,0,0,0,0,0,0,0,0,0,0,0,0,1,0,0,0,0,0,0,3,3,1,1,1,0,3,1,2,1,2,4,1,0,1,2,2,0,3,0,4,0,0,0,2,0,2,2,8,3,4,1,3,2,4,5,7,12,3,8,8,3,4,12,11,10,7,12,8,4,9,15,7,14,11,8,11,24,8,12,16,3,9,14,8,9,17,12,16,11,22,19,13,20,29,17,20,31,29,28,26,35,44,25,20,17,15,36,42,27,39,21,44,45,44,62,65,56,56,61,55,62,58,57,65,51,74,80,95,63,85,103,75,103,93,87,88,69,61,69,93,98,103,94,115,101,130,156,150,165,189,170,164,192,187,232,253,202,189,219,212,195,163,157,121,150,174,180,227,316,418,494,492,482,575,589,572,688,736,730,885,928,1118,1233,1452,1613,1784,1990,2152,2468,2635,2851,3110,3037,3189,3313,3319,3329,3393,3393,3569,3609,3890,3875,4254,4229,4317,4645,4855,4881,5053,5305,5744,5575,6195,6636,6678,7085,7404,7561,8699,8841,9502,10115,10366,10934,12128,12477,13344,13425,14247,15024,14967,15539,16112,16418,17198,15964,16950,16987,17861,17660,16879,16805,17810,20619
2611,Modeling and Simulation,Mathematics,Physical Sciences,0,0,0,0,0,0,0,0,0,0,0,0,0,0,0,0,0,0,0,0,0,0,0,0,0,0,0,0,0,0,0,0,0,0,0,0,0,0,0,0,0,0,0,0,0,0,0,0,0,0,0,0,0,0,0,0,0,0,0,0,0,0,0,0,0,0,0,0,0,0,0,0,0,0,0,0,0,0,0,0,0,0,0,0,0,0,0,0,0,0,0,0,0,0,0,0,0,0,0,0,1,0,0,0,0,2,1,0,1,1,0,0,1,1,3,0,0,0,1,0,0,0,0,0,0,0,0,0,1,1,0,1,1,3,2,0,1,1,3,1,5,0,2,2,1,1,1,3,2,5,8,3,2,2,5,1,1,5,3,2,0,1,1,1,2,4,4,6,5,2,6,8,2,5,4,2,7,3,6,7,3,4,6,13,12,11,4,11,19,16,22,7,13,20,13,8,13,17,7,22,13,20,21,22,8,6,11,16,20,17,17,28,23,25,27,19,18,24,33,30,35,39,28,45,46,35,36,34,51,38,43,38,32,37,45,48,37,44,46,51,52,56,45,43,50,48,37,50,42,62,72,73,72,74,97,97,112,83,104,126,122,135,125,179,235,203,212,235,284,271,339,344,337,353,395,433,402,424,439,420,476,435,474,494,494,541,487,515,515,571,626,639,579,652,629,665,792,800,777,899,1231,1402,1617,2026,2071,2283,2754,3092,3361,4045,4274,4801,5008,5484,5729,5810,6216,6622,6977,7490,25638,22381,16298,14384,11691,11747
2612,Numerical Analysis,Mathematics,Physical Sciences,0,0,0,0,0,0,0,0,0,0,0,0,0,0,0,0,0,0,0,0,0,0,0,0,0,0,0,0,0,0,0,0,0,0,0,0,0,0,0,0,0,0,0,0,0,0,0,0,0,0,0,0,0,0,0,0,0,0,0,0,0,0,0,0,0,0,0,0,0,0,0,0,0,0,0,0,0,0,1,0,0,0,0,0,0,0,0,0,0,0,0,0,0,0,0,0,0,0,1,0,2,0,1,0,0,1,0,0,1,3,0,2,0,1,0,2,0,0,0,0,0,0,0,0,0,0,1,4,2,2,1,1,0,1,1,4,3,3,2,2,0,3,4,10,0,7,4,2,2,2,4,6,2,3,1,4,1,3,7,7,5,3,5,2,4,8,4,3,4,4,7,7,8,8,5,9,15,18,23,15,17,19,13,16,13,8,4,23,15,16,16,17,13,21,22,19,20,22,25,37,39,25,29,29,20,29,23,27,30,34,42,32,29,44,41,37,35,37,36,35,41,36,33,41,35,31,62,53,87,98,72,85,80,80,66,88,72,100,96,81,73,63,63,68,51,54,61,76,94,131,167,183,198,233,259,276,315,301,361,379,411,440,517,678,757,846,900,1064,1152,1293,1323,1345,1474,1351,1477,1441,1501,1505,1557,1600,1630,1549,1630,1755,1802,1790,1977,2008,1977,2211,2283,2188,2467,2487,2554,2699,2669,2671,2732,2971,3391,3557,3758,3993,3954,4441,4777,4840,5064,5169,5180,5671,5440,5748,5740,5704,5392,5581,5897,5692,5828,5966,5601,5698,6655,6102
2613,Statistics and Probability,Mathematics,Physical Sciences,0,0,0,0,1,0,0,2,0,0,0,1,0,0,1,1,1,1,0,0,0,1,2,4,0,1,0,1,0,0,0,0,0,0,0,0,0,0,0,0,0,0,0,0,0,1,0,1,1,0,0,0,0,0,0,2,0,1,0,0,0,0,0,0,0,0,0,0,2,0,0,1,0,0,0,0,0,0,0,0,0,0,0,0,0,1,0,0,0,2,0,0,2,0,0,0,0,0,1,1,10,1,3,3,2,1,0,2,1,0,4,2,4,1,0,1,2,0,2,0,1,3,3,3,5,4,4,4,3,1,5,4,3,2,0,10,4,4,15,14,7,7,11,17,10,9,22,23,20,30,18,40,27,15,36,19,17,27,24,30,23,20,35,46,48,35,40,23,12,13,21,13,22,27,17,19,16,16,20,16,22,26,22,25,30,32,20,16,43,54,52,59,40,42,37,51,51,49,54,67,77,76,71,49,55,69,79,89,92,98,262,122,107,148,131,118,142,134,144,149,159,175,136,165,179,179,195,164,201,199,268,257,244,238,224,283,281,295,311,293,317,309,266,213,242,243,289,330,372,452,573,583,588,599,658,660,714,722,758,816,893,987,1015,1165,1332,1446,1513,1749,1918,1984,2070,2151,2427,2495,2620,2720,2780,2869,3037,3086,3336,3362,3457,3541,3771,3794,4086,4221,4581,4606,4838,5120,5193,5126,5366,5562,5816,6235,6255,6599,7596,7525,8353,8971,10066,11648,11082,12572,13839,14376,15841,17429,18068,19990,22555,20691,21977,21570,21523,21979,23890,22906,20358,20349,19879,25696
2614,Theoretical Computer Science,Mathematics,Physical Sciences,1,3,0,1,2,2,2,2,1,0,1,4,2,0,1,1,1,1,2,2,1,1,4,1,0,0,1,2,0,1,2,0,1,1,2,5,0,0,1,1,2,1,3,2,1,1,1,0,2,1,2,2,2,4,0,0,0,5,0,1,3,0,2,1,0,1,0,3,2,1,0,5,0,1,3,0,3,2,1,5,4,1,4,0,1,2,3,4,4,5,6,3,2,5,3,1,4,1,9,9,27,24,12,14,21,12,13,13,16,23,22,32,42,28,34,36,36,42,29,36,42,26,29,46,39,60,65,67,80,63,79,57,84,52,80,83,56,95,44,56,70,55,74,115,82,85,140,88,94,94,162,137,129,132,126,115,125,159,110,145,130,107,130,100,98,100,114,145,141,127,154,140,151,166,211,206,184,218,286,225,279,226,286,241,281,206,260,290,226,265,256,270,271,328,311,285,375,374,329,383,437,420,535,494,455,468,419,430,469,451,441,481,475,491,472,427,396,412,345,360,404,527,616,665,560,601,682,636,655,710,683,651,673,676,628,653,635,727,689,599,467,504,451,386,370,366,358,471,518,607,670,703,680,690,717,791,773,735,803,809,884,958,914,998,1115,1151,1165,1134,1176,1161,1266,1212,1205,1126,1139,1196,1157,1103,1068,1209,1094,1188,1143,1177,1236,1197,1150,1206,1221,1339,1520,1378,1384,1406,1488,1453,1510,1567,1613,1690,1822,2053,2015,2049,2200,2256,2400,3011,3051,3896,3727,4070,3557,4021,4015,3796,3638,4029,4147,3778,4516,3333,3145,3642,3317,4201
2702,Anatomy,Medicine,Health Sciences,1,1,1,0,1,0,1,0,0,0,1,1,0,0,1,0,0,1,0,0,0,0,2,0,0,0,1,0,1,2,0,0,0,0,1,5,0,0,1,1,1,0,0,0,0,3,0,0,0,0,0,0,1,0,0,2,0,0,0,0,0,0,0,1,0,1,2,0,0,0,0,0,0,0,2,2,0,0,0,1,0,1,0,0,2,0,2,3,0,1,1,0,1,0,0,0,1,0,1,6,11,4,6,6,6,8,5,3,1,2,2,5,14,7,12,10,6,6,3,5,10,8,7,13,13,15,7,20,20,9,15,24,21,31,27,31,19,27,23,22,29,39,52,39,34,48,47,47,34,22,45,73,45,48,40,33,42,48,39,49,39,41,52,31,39,41,40,75,53,93,111,111,127,103,138,84,70,82,83,54,72,86,81,67,81,89,89,88,92,95,122,105,111,103,88,142,139,157,145,100,160,164,179,230,152,215,201,231,242,247,191,239,220,243,194,208,169,179,186,162,181,207,218,221,258,260,273,292,303,318,310,292,235,259,260,301,254,292,318,306,276,263,212,225,165,232,282,423,508,474,925,1160,1177,1229,1233,1042,915,935,969,1019,1021,1191,1221,2294,2675,2468,2044,2267,2474,2529,2508,2356,2262,2086,2164,2091,2110,2193,2424,2120,2035,1871,1834,1917,1878,1864,1922,1908,1939,1952,1992,1748,1257,1173,1235,1291,2276,1420,1900,1242,1997,2007,1700,3365,2996,2456,4201,3210,3872,4340,4532,4910,5032,5981,7399,5080,6193,4608,5604,5131,5082,4947,5153,5690,4799,4120
2703,Anesthesiology and Pain Medicine,Medicine,Health Sciences,0,0,0,0,0,0,0,0,0,0,0,0,0,0,0,0,0,0,0,0,0,0,0,0,0,0,0,0,0,0,1,0,0,0,0,0,0,0,0,0,0,0,0,0,0,0,0,0,0,0,0,0,0,0,0,0,0,1,0,0,0,0,0,0,0,0,0,0,0,0,0,0,0,0,0,0,0,0,0,0,0,0,0,0,0,0,0,0,0,0,0,0,0,0,0,0,0,0,0,0,1,0,0,0,0,0,1,0,2,0,0,0,1,0,1,0,0,1,2,0,0,1,1,1,1,0,0,0,2,0,4,0,1,0,4,2,1,1,1,1,2,3,4,3,5,4,6,22,16,12,5,3,5,9,8,5,9,1,3,6,11,4,8,2,7,5,11,8,14,13,28,12,17,16,16,17,8,8,10,15,15,12,9,16,19,14,24,21,27,31,25,18,17,26,18,26,29,26,30,40,35,32,32,38,30,34,39,25,53,45,49,55,55,65,60,43,46,40,38,39,37,39,59,73,61,83,106,100,90,97,100,96,77,84,107,99,104,131,99,106,117,103,155,126,116,127,227,333,429,366,447,547,547,550,522,659,595,555,567,650,633,683,694,626,585,687,984,960,1020,1044,1119,1085,1107,1219,1192,1153,1356,1236,1398,1401,1626,1704,1772,1863,1986,1987,2200,2412,2462,2559,3081,2846,2996,2846,3154,3474,3564,3804,4151,4058,4615,4172,4368,4409,5168,5336,6187,6183,6627,6734,7126,7645,7869,8242,8151,8825,8106,8605,8493,8676,8826,7651,7807,8089,8486,9937
2704,Biochemistry,Medicine,Health Sciences,0,0,0,0,0,0,0,0,0,0,0,0,0,0,0,0,0,0,0,0,0,0,0,0,0,0,0,0,0,0,0,0,0,0,0,0,0,0,0,0,0,0,0,0,0,0,0,0,0,0,0,0,0,1,0,0,0,0,0,0,0,0,0,0,0,0,0,0,0,0,0,0,0,0,0,0,0,0,0,0,0,0,0,0,0,0,0,0,0,0,0,0,0,0,0,0,0,1,0,0,0,1,1,1,0,1,0,0,0,0,0,0,0,0,0,0,0,0,1,1,0,0,0,0,0,0,0,1,2,0,1,0,1,1,1,1,0,3,3,1,0,0,0,0,1,0,1,0,2,1,1,0,0,1,3,0,3,2,1,0,1,0,0,0,0,0,0,1,2,2,1,0,1,0,4,6,3,3,7,3,6,1,5,7,1,2,3,3,3,1,3,7,2,6,5,3,1,3,1,3,3,4,3,5,9,6,9,14,5,8,8,8,10,14,14,13,12,19,12,23,17,20,28,27,43,44,30,42,46,35,33,57,92,98,105,100,87,112,145,141,150,143,132,125,102,130,125,151,137,199,191,245,225,222,232,223,246,224,237,268,291,250,285,291,286,316,345,336,390,390,441,408,415,423,405,469,456,482,459,496,574,570,605,573,607,639,705,768,788,900,1129,1208,1261,1396,1637,1650,1938,2154,2206,2306,2782,2591,2813,3076,3483,3509,3926,4224,4535,5246,5405,6020,6656,6729,7011,7304,6843,7094,6971,7231,7878,7799,7737,7797,8006,8809
2705,Cardiology and Cardiovascular Medicine,Medicine,Health Sciences,0,0,0,0,0,0,0,0,1,0,0,0,0,0,0,0,0,0,0,0,0,0,0,0,0,0,0,0,0,0,0,0,1,1,0,0,0,1,0,0,0,0,0,0,0,0,0,0,0,0,0,0,0,0,0,0,0,0,0,0,0,1,0,0,0,0,0,1,0,0,0,0,0,0,0,0,0,0,0,0,0,0,0,0,0,0,2,0,0,0,0,0,0,0,1,0,1,0,1,0,1,1,0,1,0,0,0,1,1,4,1,1,4,2,5,3,3,2,2,3,1,2,0,2,7,6,16,26,13,26,52,8,15,38,15,33,18,28,22,12,21,39,29,19,24,27,27,28,19,26,27,25,16,30,30,17,31,41,41,45,70,52,34,42,31,16,29,37,92,59,39,25,38,39,42,81,55,65,57,70,66,59,55,62,41,50,82,92,76,70,85,90,90,81,120,143,160,160,194,156,184,147,131,174,172,166,183,170,192,178,259,246,247,222,226,169,209,200,166,216,218,293,307,320,323,334,466,452,461,534,538,577,511,593,630,581,686,745,723,692,718,664,672,625,628,742,1089,1494,1730,1824,2209,2478,2735,2879,2950,3206,3323,3482,3534,3662,3628,3969,4078,4291,4424,4861,5457,5751,6077,6610,6958,6781,7244,7614,7461,8555,8686,9293,10108,10335,10984,11698,12085,12979,13398,14185,14968,16254,16725,17397,19164,18613,18691,18332,18593,20144,21951,21637,25204,23050,29388,28103,31879,37826,37447,42597,43818,45852,50891,51476,54739,59940,61588,66404,65546,69413,68982,72364,74071,74590,81912,77976,75394,78675,81615,89892
2706,Critical Care and Intensive Care Medicine,Medicine,Health Sciences,0,0,0,0,0,0,0,0,0,1,0,0,0,0,0,0,0,0,0,0,0,0,0,0,0,0,0,0,0,0,0,0,0,0,0,0,0,2,0,1,0,0,0,0,0,0,0,0,0,0,0,0,0,0,0,0,0,0,0,0,0,0,0,0,0,0,0,0,0,0,0,0,0,0,0,0,1,0,0,0,0,0,1,1,0,0,1,0,0,0,0,0,0,1,0,0,0,0,0,1,2,2,4,2,2,0,0,3,2,2,2,1,2,1,4,3,4,4,1,1,3,1,4,2,2,4,3,7,14,16,12,7,3,3,4,6,6,4,5,9,4,15,14,15,11,19,17,16,13,20,10,1,12,7,12,17,12,14,12,8,9,8,6,6,7,9,10,17,5,9,18,12,7,26,22,32,22,19,17,25,21,20,20,19,19,17,21,23,22,17,19,18,28,18,25,33,30,28,27,23,23,37,38,46,35,19,36,35,46,29,31,34,33,43,32,46,54,54,59,57,41,45,48,53,76,49,65,73,80,71,68,63,51,70,77,82,78,83,113,96,99,82,92,92,81,120,130,150,150,144,161,203,227,240,310,349,410,454,449,417,432,508,540,434,418,472,493,555,518,555,534,547,566,552,589,614,573,619,704,691,715,798,686,743,696,778,796,855,925,1028,1093,1145,1238,1335,1328,1532,1682,1626,2004,1951,2313,2136,2279,2690,3109,3233,3605,3810,4330,4635,5139,5666,6495,6666,7042,7540,7790,8249,8321,9049,10388,9894,9249,9269,9648,12656
2707,Complementary and alternative medicine,Medicine,Health Sciences,1,0,0,0,0,0,0,0,0,0,0,1,0,0,0,1,0,0,0,0,0,0,0,0,0,0,0,0,0,0,0,0,0,1,0,0,0,0,1,0,0,0,0,0,0,0,0,0,0,0,0,0,1,0,0,1,0,0,0,1,0,0,0,2,0,0,0,5,1,1,0,0,1,0,0,1,0,0,0,1,0,0,0,0,0,0,0,3,2,2,0,1,4,2,2,0,1,1,0,4,4,3,5,1,6,4,5,3,3,4,2,7,5,0,7,2,3,2,8,5,6,3,12,8,18,18,26,43,40,44,27,23,22,23,35,50,31,58,34,39,31,29,46,42,54,64,68,74,56,53,51,49,51,44,49,66,52,56,41,50,52,53,40,58,46,57,60,54,44,36,44,28,37,52,67,66,71,62,70,76,69,84,65,82,65,91,54,86,64,66,84,94,77,81,89,93,94,81,83,101,120,102,95,109,96,99,107,124,115,101,152,144,130,177,137,138,120,110,124,101,157,145,177,167,195,229,258,287,247,237,252,267,242,273,282,235,288,273,282,215,265,211,222,175,163,178,234,304,403,385,503,567,545,565,559,566,624,593,554,675,777,710,790,1134,1221,980,956,1002,1068,1096,1304,1054,1147,1222,1286,1247,1292,1356,1375,1433,1690,1741,1832,1777,2028,2131,2236,2355,2423,2670,2898,2874,3116,3127,3348,3762,4386,4591,5255,5667,7882,10230,11597,14363,16509,18680,21121,24039,26433,29015,32294,35215,35366,35629,34475,30438,25365,21911,21470,23486,25732,27037,30298,30689,30824,32971
2708,Dermatology,Medicine,Health Sciences,1,2,0,0,0,0,0,2,1,0,0,0,1,0,0,1,0,0,0,0,1,0,1,1,0,1,0,0,1,0,0,0,1,0,1,0,0,1,1,2,0,0,0,2,2,0,0,0,0,1,1,1,2,2,0,1,1,1,0,0,0,2,1,1,0,2,0,1,0,0,1,1,0,0,0,0,0,0,0,0,0,0,0,0,0,1,2,2,1,2,1,1,2,3,0,0,8,3,1,8,9,15,4,10,7,15,10,6,8,8,8,10,8,8,12,10,5,2,3,12,12,11,12,7,14,8,14,14,24,20,32,29,25,27,46,34,34,20,25,31,36,55,59,70,33,31,47,40,61,65,58,37,54,53,62,55,65,58,68,63,57,43,38,50,50,46,60,67,70,88,75,102,92,73,107,88,105,142,116,128,162,137,119,131,167,172,192,171,196,185,190,182,233,212,250,270,261,241,316,287,328,385,374,376,396,379,313,316,362,389,425,412,517,475,418,293,314,331,260,341,434,598,525,519,598,592,731,776,820,752,861,839,773,841,867,812,773,764,835,755,720,622,619,554,514,576,921,1095,1220,1243,1687,1778,1939,1802,1822,1859,1680,1775,1674,1729,1854,1873,1904,2014,2268,2371,2601,2687,2597,2630,2671,2491,2514,2304,2502,2639,2792,2911,3058,2999,3330,3258,3462,3508,3656,3852,3853,4075,4217,4458,4899,4594,4504,4809,5017,5433,6345,6439,7124,6327,8339,7672,8077,9497,10366,10350,11258,12239,12989,14912,13200,15465,15018,14707,15808,16765,18153,18545,18990,19642,23454,23473,21766,24104,25135,28356
2711,Emergency Medicine,Medicine,Health Sciences,0,0,0,0,0,0,0,0,0,0,7,21,0,0,0,0,0,0,0,0,0,0,0,0,0,0,0,0,0,0,0,0,0,0,1,0,0,6,1,0,0,0,0,0,1,1,1,0,0,0,0,1,0,0,0,0,0,0,0,1,0,0,0,0,0,0,0,0,1,0,0,0,1,0,0,0,0,0,1,0,0,1,0,0,0,5,1,0,0,0,0,0,1,1,2,0,0,3,0,7,6,8,9,9,6,10,2,6,6,3,5,6,5,2,8,7,6,7,7,6,6,4,8,21,7,13,15,11,28,21,29,30,23,16,18,18,22,28,31,49,36,44,59,60,46,42,70,69,80,69,52,57,54,92,87,95,81,65,65,61,57,59,74,55,62,54,46,56,73,80,62,95,91,94,75,96,97,90,101,92,101,108,97,90,87,129,94,128,151,116,140,117,153,153,173,175,143,170,186,198,198,223,296,240,264,256,274,244,265,286,286,310,307,315,328,282,215,216,260,267,270,298,310,310,382,383,461,439,558,387,493,541,509,539,507,531,492,503,565,527,561,441,436,472,412,516,876,939,1099,947,1249,1453,1500,1490,1474,1596,1497,1631,1552,1535,1523,1748,1681,1772,1602,1978,2188,2158,2364,2481,2553,2524,2365,2493,2470,2532,2606,2710,2741,2936,3033,3165,2972,3392,3408,3538,3769,3872,4087,4426,4517,4510,4703,4748,4837,4783,5261,5101,5771,5614,6990,5905,6654,7903,8200,8887,10095,11335,11825,12071,13395,14186,15460,15531,16908,18256,18373,18964,18863,19552,21239,20081,18567,18728,18964,21960
2712,"Endocrinology, Diabetes and Metabolism",Medicine,Health Sciences,0,0,0,0,0,0,0,0,0,0,0,0,0,0,0,0,0,0,0,0,0,0,0,0,0,0,0,0,0,0,0,0,0,0,0,0,0,2,0,0,0,0,0,0,0,0,0,0,0,0,0,0,0,0,0,0,0,0,0,0,0,0,0,0,0,2,1,0,0,0,0,0,0,0,0,0,0,0,1,0,0,1,0,0,0,1,0,0,2,0,0,0,0,0,0,0,0,0,1,2,6,1,0,0,4,2,3,2,1,0,1,10,2,2,8,4,4,2,4,1,1,7,5,3,6,5,5,3,11,12,9,5,9,10,10,11,11,9,11,13,5,14,23,22,20,20,26,25,19,19,21,16,14,16,29,17,20,27,27,34,25,32,30,19,21,22,19,18,34,28,32,32,27,21,37,45,39,51,53,55,48,72,40,55,62,62,68,48,68,88,74,57,99,85,113,116,100,100,97,100,113,120,104,91,118,97,91,115,124,155,147,172,149,242,201,178,166,147,128,213,218,257,311,390,513,419,498,532,531,612,524,555,744,787,734,849,869,921,870,861,898,779,699,563,518,600,941,1204,1333,1524,2120,2848,2939,3110,3048,3287,3288,3463,3456,3546,3678,3757,3951,3887,3651,4461,5176,5415,5783,6231,6277,6194,6337,6481,6698,6913,7012,7278,7876,7774,8306,8276,8107,8401,8867,8818,9361,9583,9738,10027,10735,9900,10571,11151,11361,11535,12624,12772,13829,13249,17034,14951,16016,18441,19460,20350,23634,24967,29659,29329,31047,31730,34336,34969,37014,39839,38242,39552,40424,43875,47139,44766,43463,46465,49040,55647
2713,Epidemiology,Medicine,Health Sciences,1,1,0,0,0,0,0,0,0,0,0,0,0,0,0,0,0,0,0,0,0,0,3,0,0,0,0,0,0,1,0,0,0,0,0,0,0,3,0,0,0,0,0,0,1,0,1,0,1,0,0,0,1,0,0,0,0,0,0,0,0,0,0,0,0,0,0,0,0,1,0,0,0,0,0,1,1,0,0,0,0,0,0,0,1,1,1,2,3,2,7,0,1,3,1,0,2,4,3,9,14,4,7,20,10,8,8,8,6,8,4,14,9,13,10,8,8,8,10,3,7,9,6,11,8,6,13,21,30,34,25,39,32,25,34,33,26,50,47,41,31,63,108,90,72,86,69,55,84,72,51,69,74,76,70,101,90,85,83,81,71,71,72,76,71,81,100,102,85,95,104,100,98,119,114,127,144,121,155,154,146,184,189,193,194,210,184,228,210,250,329,305,369,317,325,341,325,318,368,345,413,412,461,455,507,502,469,493,566,554,602,650,738,783,725,592,572,519,649,810,729,821,791,818,920,959,1065,1268,1232,1224,1272,1305,1317,1324,1342,1417,1416,1485,1615,1595,1629,1502,1383,1343,1254,1647,2387,2798,3465,3470,4339,4563,4835,4910,4843,5043,5072,5598,5379,5870,6179,6279,6446,7518,8210,8368,8863,9304,10227,10493,11195,10733,10793,11198,11227,11905,12300,12816,13650,14116,14926,15272,15767,16345,17200,18272,18872,20290,21208,22377,23348,23399,23280,24502,24709,27479,28259,28707,31417,30098,38569,36123,38345,45627,48926,52015,60711,62430,71157,78106,80663,84562,89380,93859,96834,101973,100680,102764,106928,113391,123736,116194,110016,118338,119260,130714
2714,Family Practice,Medicine,Health Sciences,0,0,0,0,0,0,0,0,0,0,0,2,0,0,0,0,0,0,0,0,0,0,0,0,0,0,0,0,0,0,0,0,0,0,0,0,0,0,0,0,0,0,0,0,0,0,0,0,0,0,0,0,0,0,0,0,0,0,0,0,0,0,0,0,0,0,0,0,0,0,0,0,0,0,0,0,0,0,0,0,0,0,0,0,0,0,0,0,0,0,0,0,0,0,0,0,0,2,0,1,0,1,1,2,0,0,0,0,0,0,0,0,0,0,0,0,1,0,0,0,0,0,0,2,0,2,0,2,1,4,1,2,2,0,1,3,0,2,0,0,1,2,3,1,4,7,4,1,4,1,6,5,12,9,4,3,6,0,3,1,2,0,2,2,0,4,2,2,3,1,0,0,3,5,1,5,7,2,1,20,7,6,5,10,5,8,1,5,6,2,9,12,7,6,5,9,7,8,9,13,6,5,11,7,8,9,7,17,8,8,4,7,8,9,5,4,5,12,8,9,18,25,12,13,20,21,33,40,39,57,55,25,19,32,32,30,34,31,25,31,27,26,27,23,15,31,44,46,39,39,40,69,59,60,50,49,60,60,49,53,76,79,79,61,55,68,87,91,99,123,114,109,111,100,111,152,167,133,178,183,194,226,237,250,242,224,223,272,252,310,353,343,329,351,360,390,410,461,442,455,565,562,607,672,803,886,1000,1067,1309,1364,1494,1742,1905,2107,2269,2446,2527,2607,2632,2817,2848,2673,2438,2663,2756,3787
2715,Gastroenterology,Medicine,Health Sciences,0,0,0,0,0,0,0,0,0,0,0,0,0,0,0,0,0,0,0,0,0,0,0,0,0,0,0,0,0,0,0,0,0,0,0,0,0,0,0,0,0,0,0,0,0,0,0,0,0,0,0,0,0,0,0,0,0,0,0,1,0,0,0,0,0,0,0,0,0,0,0,0,0,0,0,0,0,0,0,0,0,0,0,0,0,0,0,0,0,0,0,0,0,0,0,0,1,0,0,1,0,0,0,0,1,0,0,0,0,1,0,0,1,1,0,1,0,1,0,0,0,0,1,0,1,2,0,1,1,2,3,3,6,4,3,1,1,0,6,1,0,0,4,3,5,1,4,3,2,4,8,8,4,6,9,1,3,6,3,4,5,2,7,2,3,8,4,3,7,3,7,3,1,8,8,8,10,9,20,15,12,6,13,16,9,6,14,11,19,21,15,14,9,13,13,19,18,18,25,24,38,34,43,35,58,32,43,35,45,38,41,40,53,51,55,40,43,32,20,32,49,55,69,64,83,57,80,93,102,68,76,84,122,103,101,106,102,112,130,122,116,94,81,83,63,92,171,228,295,302,360,438,460,451,401,489,481,515,463,552,601,575,595,552,501,584,834,843,911,955,994,937,981,949,1057,1022,1158,1180,1422,1204,1434,1445,1443,1521,1657,1605,1813,1879,1943,2102,2145,2127,2078,2056,2214,2877,2614,2753,3547,3279,4981,4912,4341,5662,6108,6128,7336,6950,8365,8499,8115,8718,8952,9190,9178,9844,9230,9657,9080,9631,10531,9507,9097,10370,10532,12103
2716,Genetics,Medicine,Health Sciences,0,0,0,0,0,0,0,0,0,0,0,0,0,0,0,0,0,0,0,0,0,0,0,0,0,0,0,1,0,0,0,0,0,0,0,0,0,0,0,0,0,0,0,0,0,0,0,0,0,0,0,0,0,0,0,0,0,0,0,0,0,0,0,0,0,0,0,0,0,0,0,0,0,0,0,0,0,0,0,0,0,0,0,0,0,0,0,0,0,0,0,0,1,0,0,1,0,0,0,0,3,0,1,1,1,2,1,0,0,0,0,0,1,0,0,2,0,1,1,1,0,2,2,0,0,2,0,3,4,3,0,8,2,2,6,5,1,2,9,6,6,9,6,5,6,11,8,10,4,3,6,7,9,8,6,12,2,9,7,9,13,12,7,4,4,10,6,12,24,13,17,19,13,14,13,18,28,14,27,20,20,16,27,32,24,28,27,31,36,36,23,36,36,38,41,48,34,59,52,67,62,63,60,69,60,63,81,71,78,92,121,89,90,127,100,67,86,63,59,73,94,100,120,116,130,141,164,178,185,191,187,210,210,214,235,222,216,224,212,224,203,172,199,179,141,220,273,385,457,515,614,691,795,800,872,930,957,1015,1024,1097,1144,1260,1264,1396,1435,1618,1774,1894,1996,2219,2119,2072,2232,2248,2435,2440,2672,2792,2948,3135,3081,3349,3404,3563,3455,3646,3811,4256,4021,4265,4114,4172,4283,4317,4379,4414,4869,5011,5280,4891,5864,5569,5953,7256,8592,9374,10678,11380,13343,14421,14387,15658,16512,17229,18766,19561,20051,20238,20835,22702,24324,22474,22291,29723,24504,25249
2717,Geriatrics and Gerontology,Medicine,Health Sciences,0,0,0,0,0,0,0,0,0,0,0,0,0,0,0,0,0,0,0,0,0,0,0,0,0,0,0,0,0,0,0,0,0,0,1,0,0,0,0,0,0,0,0,0,0,0,0,0,0,0,0,0,0,0,0,0,0,0,0,0,0,0,0,0,0,0,0,0,0,0,0,0,0,0,0,0,0,0,0,0,0,0,0,0,0,0,0,0,0,0,0,0,0,0,0,0,0,0,0,0,0,0,0,1,0,0,0,0,0,0,0,0,1,0,0,0,0,0,1,0,0,0,0,0,0,1,0,0,0,2,0,1,1,1,0,1,1,3,2,1,0,6,9,3,3,2,5,1,5,0,0,2,7,1,1,1,2,6,2,6,3,3,3,0,4,2,1,4,9,5,4,3,4,1,5,1,1,6,5,6,4,5,8,2,10,3,8,4,5,4,5,3,14,14,21,9,5,8,10,10,8,8,9,9,11,10,3,14,10,14,10,10,36,19,23,79,26,22,65,19,15,16,14,26,20,30,38,40,38,37,61,27,36,32,34,26,38,48,52,44,55,45,39,47,36,81,118,145,116,96,102,151,176,161,188,180,202,189,221,235,247,231,255,288,260,277,307,307,332,340,400,431,428,437,476,585,556,610,616,643,635,687,730,753,825,758,801,830,913,944,1091,1071,1090,1134,1169,1283,1403,1449,1392,1564,1961,1735,2093,2194,2347,2601,2996,3284,3596,4027,4683,5199,5941,6455,6844,7462,7640,8596,8455,8984,9689,9210,8867,9076,9848,11014
2718,Health Informatics,Medicine,Health Sciences,0,0,0,0,0,0,0,0,0,0,0,0,0,0,0,0,0,0,0,0,0,0,0,0,0,0,0,0,0,0,0,0,0,0,0,0,0,0,0,0,0,0,0,0,0,0,0,0,0,0,0,0,0,0,0,0,0,0,0,0,0,0,0,0,0,0,0,0,0,0,0,0,0,0,0,0,0,0,0,0,0,0,0,0,0,0,0,0,0,0,0,0,0,0,0,0,0,0,0,0,0,0,0,0,0,0,0,0,0,0,0,0,0,0,0,0,0,0,0,0,0,0,0,0,0,0,0,0,0,0,0,0,0,0,0,0,0,0,0,0,0,0,0,0,0,0,0,0,0,0,0,0,0,0,0,1,1,0,0,0,0,0,0,0,0,0,0,0,0,0,1,0,0,0,0,0,1,0,0,1,0,0,1,0,0,0,0,0,0,0,0,0,0,0,0,0,1,1,0,1,0,0,0,0,0,0,1,0,0,0,0,0,1,0,0,0,0,0,0,0,0,0,0,0,0,2,0,0,0,0,1,0,2,0,0,1,1,0,1,0,0,0,0,1,1,0,0,0,2,5,1,2,3,2,4,3,0,3,5,2,7,2,3,5,6,6,5,3,7,8,9,9,9,8,6,4,7,10,12,14,16,13,15,21,13,38,42,38,46,28,35,33,27,30,26,27,26,49,52,41,72,57,51,57,62,78,76,82,98,119,120,112,156,176,179,317,373,540,806,1462,2094,2538,3363,11287,16284,27302
2720,Hematology,Medicine,Health Sciences,0,0,0,0,0,0,0,0,0,0,0,0,0,0,0,0,0,0,0,0,0,0,0,0,0,0,0,0,0,0,0,0,0,0,0,0,0,0,0,0,0,0,0,0,0,0,0,0,0,0,0,0,0,0,0,0,0,0,0,0,0,0,0,0,0,0,0,0,0,0,0,0,0,0,0,0,0,0,0,0,0,0,0,0,0,0,0,0,0,0,1,0,0,0,0,0,0,0,0,0,0,0,0,1,0,1,1,0,1,2,0,1,0,0,0,0,0,1,0,0,0,0,1,0,0,0,0,1,1,2,0,1,2,1,0,0,0,0,0,5,1,0,6,3,4,3,2,4,5,3,5,3,3,1,4,6,5,8,4,5,2,2,4,7,10,7,5,8,7,4,0,7,8,4,5,9,13,12,8,10,17,11,13,12,14,14,11,15,13,13,16,7,13,14,21,17,19,22,29,22,36,37,33,42,46,47,45,34,37,55,50,56,63,67,70,45,51,43,41,68,66,101,106,113,107,128,117,134,240,164,171,227,198,212,182,222,192,238,257,243,227,196,220,244,191,313,488,567,653,682,813,816,926,921,1042,1082,1207,1142,1190,1344,1298,1377,1479,1338,1241,1733,2023,2240,2349,2381,2565,2461,2471,2467,2540,2881,2657,3310,3244,3698,3500,4144,3832,4035,4516,4806,5219,6313,5750,6113,6692,6756,7083,7103,7415,7286,8043,8260,9111,8717,10373,9333,10505,12058,13542,14136,15205,16536,17724,19601,18318,19584,19896,20929,21057,22877,22013,22676,22711,25494,25911,24934,25750,32642,27122,30756
2721,Hepatology,Medicine,Health Sciences,0,0,0,0,0,0,0,0,0,0,0,0,0,0,0,0,0,0,0,0,0,0,0,0,0,0,0,0,0,0,0,0,0,0,0,0,0,1,0,0,0,0,0,0,0,0,0,0,0,0,0,0,0,1,0,0,0,0,0,0,0,0,0,0,0,0,0,0,0,0,0,0,0,0,0,0,0,0,0,0,0,0,0,0,0,0,0,0,0,0,0,0,1,0,0,0,0,0,0,0,2,0,0,0,1,0,1,0,0,0,0,0,0,0,0,0,0,0,0,0,1,0,1,0,0,0,0,0,0,0,0,0,4,2,1,2,2,1,3,4,0,3,2,3,0,7,1,1,1,2,4,2,3,4,0,3,3,4,2,1,1,4,7,1,2,3,2,2,0,5,2,7,6,5,2,7,2,5,8,4,5,14,5,4,9,7,8,12,8,13,17,8,12,7,12,9,10,9,13,14,16,27,19,15,17,18,15,15,13,21,14,14,23,19,25,14,12,7,13,22,16,23,11,27,33,22,25,35,37,32,34,41,53,35,44,40,47,42,45,57,43,28,51,54,34,76,132,195,198,218,238,330,376,458,436,440,362,418,451,521,488,615,581,664,689,715,828,792,903,906,1043,1039,1036,1042,996,1051,1172,1170,1258,1249,1351,1393,1588,1596,1694,1959,2027,2219,2357,2762,3232,3782,3935,4827,5662,6368,5706,5940,6646,6155,8035,7955,7931,9239,9752,10086,10829,10659,12170,12211,12955,13827,14660,15371,16431,17082,16954,16760,16724,16618,16816,15520,14788,16415,15462,17218
2723,Immunology and Allergy,Medicine,Health Sciences,0,0,0,0,0,0,0,0,0,0,0,0,0,0,0,0,0,0,0,0,0,0,0,0,0,0,0,0,0,0,0,0,0,0,0,0,0,0,0,0,0,0,0,0,0,0,0,0,0,0,0,0,0,0,0,0,0,0,0,0,0,0,0,0,0,0,0,0,0,0,0,0,0,0,0,0,0,0,0,0,0,0,0,0,0,0,0,0,1,0,1,0,0,0,1,0,0,1,0,3,0,1,2,3,2,2,0,0,0,0,0,0,1,0,0,1,0,0,0,0,0,0,0,0,1,1,0,6,6,3,2,2,1,0,3,2,2,0,1,7,3,2,4,3,1,4,4,9,1,5,5,2,5,6,7,11,3,6,11,3,8,3,4,12,3,1,7,4,4,3,7,6,7,12,7,10,11,8,7,10,12,13,9,14,13,20,9,21,14,14,9,16,18,14,19,13,16,24,19,25,30,36,33,32,25,34,40,44,43,29,69,57,77,85,150,42,65,70,37,50,54,54,95,107,89,101,133,104,135,130,149,152,193,162,173,170,185,182,181,188,170,134,133,143,83,97,125,131,194,175,220,279,255,232,254,265,265,273,275,345,367,348,375,387,374,449,495,513,503,552,596,531,545,568,571,629,697,747,809,854,1001,1081,1215,1280,1384,1590,1636,1859,2184,2245,2493,2912,3078,3392,3800,4046,4713,4521,4710,4287,4650,4529,4896,5210,5386,5176,5718,5837,6328,7528,6258,6655,6764,7071,7016,7383,7120,6827,6881,6872,8396,6834,6267,8298,6579,6882
2724,Internal Medicine,Medicine,Health Sciences,0,0,0,0,0,0,0,0,0,0,0,0,0,0,0,0,0,0,0,0,0,0,0,0,0,0,0,0,0,0,0,0,0,0,0,0,0,0,0,0,0,0,0,0,0,0,0,0,0,0,0,0,0,0,0,0,0,0,0,0,0,0,0,0,0,0,0,0,0,0,0,0,0,0,0,0,0,0,0,0,0,0,0,0,0,0,0,0,0,0,0,0,0,0,0,0,0,0,0,0,0,1,0,0,0,0,1,0,0,0,0,1,0,0,0,1,1,0,0,0,0,0,1,0,0,0,1,2,2,4,4,3,5,1,2,1,2,3,1,1,0,2,1,2,0,2,1,1,2,1,2,0,0,1,0,2,1,1,1,1,1,5,1,2,3,3,1,5,6,5,3,5,2,1,5,3,4,2,1,5,7,2,3,3,5,5,2,5,5,6,7,3,6,5,4,4,4,6,4,4,7,5,11,7,7,11,8,7,13,8,10,9,18,18,12,6,10,10,4,4,6,6,7,10,19,21,21,33,20,32,28,28,36,40,27,36,34,49,66,38,67,63,49,49,36,46,129,190,200,207,243,322,323,351,292,343,296,327,305,281,358,374,371,352,292,377,565,548,588,610,694,696,673,735,761,817,712,758,647,762,747,803,768,791,823,773,951,1083,1047,1093,1232,1185,1287,1274,1207,1307,1455,1595,1759,1668,2239,1965,2083,2570,2821,2834,3128,3357,3539,3920,4030,4199,4835,4631,4585,4955,5046,5199,5177,5491,6098,5683,5193,5707,5697,5768
2725,Infectious Diseases,Medicine,Health Sciences,1,0,0,0,0,0,0,0,0,0,0,0,0,0,0,0,0,1,0,0,0,0,1,0,0,0,0,0,1,1,0,1,0,0,0,0,0,5,0,0,0,0,0,0,0,0,0,0,0,0,0,0,2,0,0,2,0,0,0,0,0,0,0,0,0,0,0,0,1,1,0,0,0,0,0,0,0,0,3,0,0,0,1,1,0,0,3,0,2,1,1,3,0,0,2,0,1,0,1,3,10,7,5,5,1,1,7,5,2,3,2,5,8,4,14,7,4,9,5,1,4,7,4,12,6,10,8,8,13,18,18,20,17,16,13,23,18,20,29,23,23,22,35,19,33,26,33,42,30,55,31,23,36,54,37,42,48,45,44,44,32,41,24,33,28,39,49,58,51,65,75,60,83,84,62,89,60,82,84,128,122,109,112,114,119,126,120,130,149,188,217,227,228,207,224,216,219,296,379,370,311,396,319,341,378,381,360,367,468,492,471,514,555,658,630,486,474,460,505,536,585,700,634,747,761,752,959,944,971,1003,1035,942,939,1008,1115,1102,1042,1103,1184,1067,1050,961,858,863,890,1131,1623,1945,2239,2284,2778,2783,3046,3074,2921,2954,2932,2946,2963,2996,3048,2939,2859,2845,2732,3089,3626,3655,3872,3928,4270,3781,3587,3713,3935,3724,4051,4048,4266,4211,4884,4788,4934,5382,5397,5536,5928,6418,7473,7745,8522,8282,8467,8554,9244,10131,10765,10558,12609,11495,14842,13183,14115,17298,18700,19182,21492,22967,26232,27695,28153,29856,32362,33559,37497,39275,38352,38063,37190,40156,84455,88871,74810,60803,51541,50873
2726,Microbiology,Medicine,Health Sciences,0,0,0,0,0,0,0,0,0,0,0,0,0,0,0,0,0,0,0,0,0,0,0,0,0,0,0,0,0,0,0,0,0,0,0,0,0,0,0,0,0,0,0,0,0,0,0,0,0,0,0,0,0,0,0,0,0,0,0,0,0,0,0,0,0,0,0,0,0,0,0,0,0,0,0,0,0,0,0,0,0,0,0,0,0,0,0,0,0,0,0,0,0,0,0,0,0,0,0,0,0,0,0,0,0,0,0,0,1,0,0,0,0,0,0,0,0,0,0,0,0,0,0,0,0,0,0,0,0,0,0,0,0,0,0,0,0,0,0,0,0,0,0,0,0,0,0,0,0,0,0,0,0,0,0,0,0,0,0,1,1,0,0,3,0,0,0,0,0,0,0,1,2,1,1,1,0,0,1,0,2,1,9,6,13,2,14,5,6,15,13,9,27,10,6,11,18,12,10,10,15,18,16,15,13,15,14,16,7,5,15,16,14,34,17,13,8,9,21,20,22,20,24,22,23,11,31,41,37,31,39,42,29,25,35,33,35,25,36,36,43,30,38,43,41,47,60,82,91,113,99,119,107,124,118,120,99,101,107,109,112,106,122,96,95,126,147,165,193,179,194,164,172,161,183,153,157,185,189,168,193,187,195,184,195,197,198,205,209,222,254,196,226,247,209,224,283,223,290,243,329,271,315,373,421,345,361,393,582,791,689,562,570,553,600,655,631,654,568,688,755,726,804,755,815,680
2727,Nephrology,Medicine,Health Sciences,1,0,0,0,0,0,0,0,0,0,0,0,0,0,0,0,0,0,0,0,0,0,0,0,0,0,0,0,0,0,0,0,0,0,0,0,0,0,0,0,0,0,0,0,0,0,0,0,0,0,0,0,0,0,0,0,0,0,0,0,0,0,0,0,0,0,0,0,0,0,0,0,0,0,0,0,0,0,0,0,0,1,0,0,0,0,0,0,0,0,0,0,0,0,0,0,0,0,0,1,1,3,2,1,4,7,0,4,3,0,0,2,0,2,3,7,6,2,1,1,0,0,3,1,0,2,2,2,8,8,4,6,8,7,4,6,7,6,10,7,8,12,10,14,10,13,15,12,19,17,12,12,11,12,16,13,10,21,12,13,11,14,17,21,17,14,15,12,15,17,25,23,21,22,15,36,32,35,36,41,36,36,33,62,30,38,41,37,45,37,42,48,53,53,51,58,51,88,75,48,67,69,71,65,85,94,90,99,92,109,111,102,109,108,122,115,100,121,100,93,94,154,166,183,215,193,256,232,292,264,243,296,303,293,317,309,328,279,292,296,290,228,215,205,147,191,275,400,488,498,627,722,841,877,883,869,935,989,1029,1172,1236,1273,1315,1292,1306,1549,1913,1925,2024,2196,2229,2247,2185,2307,2332,2317,2367,2574,2546,2519,2965,2927,2723,2884,2765,2946,2900,3069,3071,3449,3330,3382,3283,3386,3495,3595,4319,3990,4608,4301,5588,5000,5505,6251,6659,7228,8142,8909,12436,10652,10973,12136,12956,13226,13588,15314,14795,15097,14830,16067,17952,17425,16983,17430,18418,22543
2728,Neurology,Medicine,Health Sciences,1,0,0,0,0,1,1,0,1,0,1,10,0,1,0,0,0,0,0,0,0,0,0,0,0,1,0,0,1,0,0,0,0,1,3,0,1,0,1,0,0,1,2,1,0,1,2,1,0,1,1,0,0,2,0,1,0,2,0,1,0,0,0,0,2,1,0,1,0,0,0,0,0,2,0,0,4,0,0,1,1,1,1,0,3,2,4,1,1,2,0,0,3,1,1,2,2,0,0,5,20,9,5,5,9,8,10,8,5,8,11,8,16,11,5,15,14,8,9,17,8,10,10,25,62,78,66,72,82,74,76,56,58,39,58,56,44,75,43,60,74,89,186,177,105,78,81,90,95,90,122,83,113,105,96,136,104,108,144,141,114,132,123,132,130,103,129,150,101,136,152,139,168,146,173,155,169,175,166,215,194,242,203,277,368,374,329,321,359,389,423,393,428,430,536,508,519,501,558,471,534,544,509,530,522,611,565,521,550,602,602,619,706,677,623,629,666,560,575,599,723,789,766,809,779,842,995,1043,1096,1067,1042,1063,1064,1026,1129,1078,1154,1038,1135,1158,1023,1067,976,921,936,946,1304,1361,1374,1529,1876,2177,2216,2165,2127,2355,2362,2406,2304,2424,2535,2811,2653,2812,2764,3392,3886,4116,4222,4253,4467,4653,4585,4286,4308,4760,4939,5171,5232,5543,5652,5924,5894,6347,6383,6771,7124,7887,8181,8675,9097,9076,8951,9384,9867,10200,10724,11867,12307,11928,14715,13309,14821,16857,17621,18950,21127,24415,25353,25755,26397,27751,30110,31600,32458,33971,33485,35262,36405,37397,45977,48170,46547,49589,47189,49749
2729,Obstetrics and Gynecology,Medicine,Health Sciences,0,0,0,0,0,0,0,0,0,0,0,0,0,0,0,0,0,0,0,0,0,0,0,1,0,0,0,0,0,0,0,0,1,0,0,0,0,0,0,0,0,1,0,0,1,0,1,0,0,0,1,0,0,0,0,0,0,0,0,0,0,1,0,0,0,0,0,0,0,0,0,1,0,0,3,0,0,0,0,0,0,1,0,0,1,0,0,1,0,0,1,1,1,1,0,0,0,0,0,3,7,4,0,1,3,1,2,1,0,0,2,2,4,4,2,5,9,2,6,3,4,5,4,3,9,9,9,5,14,15,26,7,8,14,13,18,18,18,20,17,28,35,39,42,48,34,39,33,31,40,27,28,28,26,30,38,34,40,53,62,56,48,34,51,95,41,36,48,39,46,46,70,66,38,49,77,73,67,68,82,63,87,65,56,73,93,93,123,117,90,123,150,85,106,155,197,157,142,179,141,189,161,196,200,257,156,166,148,150,187,161,159,153,173,174,86,89,109,56,56,105,177,250,226,218,219,268,293,259,265,251,241,268,261,258,290,315,308,257,292,277,242,248,215,142,255,481,574,671,723,854,896,929,869,939,908,849,900,855,871,859,902,993,933,917,997,1210,1145,1266,1317,1424,1317,1283,1311,1318,1353,1551,1536,1550,1745,1834,1852,1836,1882,2106,2207,2272,2485,2561,2941,2910,3192,3064,3433,3486,4016,4423,4182,4806,4444,6253,6013,5877,7018,7894,8288,9112,9529,10596,11803,12658,13302,14240,14963,15699,16583,16890,17223,18258,19661,26186,28118,24441,24639,23189,25378
2730,Oncology,Medicine,Health Sciences,0,0,0,0,0,1,1,0,1,0,0,0,0,0,0,0,0,0,0,0,0,0,0,1,0,0,0,0,1,0,0,0,0,0,1,0,0,0,0,0,0,1,0,0,0,0,1,0,0,0,0,0,0,15,0,0,0,0,0,1,0,0,1,0,0,1,1,0,0,0,0,0,0,0,0,0,0,0,0,1,1,0,0,2,0,1,0,0,3,0,1,0,1,0,1,0,3,1,0,1,4,1,1,2,2,1,2,0,0,2,4,0,0,1,3,0,2,0,2,3,2,3,4,4,3,2,8,19,16,10,5,11,9,10,16,18,17,20,14,21,20,22,16,30,16,17,29,27,20,27,31,24,29,36,19,28,26,29,30,27,32,16,31,18,27,22,23,35,29,18,41,30,34,37,53,35,48,47,49,64,83,47,59,43,53,53,68,69,97,75,98,105,90,74,111,126,102,105,140,116,146,122,188,170,210,166,143,162,182,188,206,220,233,249,231,149,144,125,123,148,174,247,287,295,332,351,353,375,395,396,410,389,452,385,418,472,460,512,482,408,410,411,307,313,318,344,643,798,1037,988,1326,1611,1793,1744,1881,1930,1890,2032,2043,2234,2207,2464,2634,3064,3120,3264,3840,4207,4258,4651,5163,5122,5610,5667,5934,6291,6759,7289,7815,8189,8360,8723,8957,9425,10098,10723,11721,11982,14395,13633,19331,14541,17580,16078,17420,21635,23926,21690,22237,22137,26754,25327,27185,29888,35753,34783,38858,40439,44071,48048,48952,52827,60454,57033,59166,63531,64767,69613,69218,76282,100984,95257,91079,139203,96865,102637
2731,Ophthalmology,Medicine,Health Sciences,0,0,0,0,0,0,0,0,0,0,0,0,0,0,0,0,0,0,0,0,0,0,0,0,0,0,0,0,0,0,0,0,0,0,0,0,0,1,0,1,0,0,0,0,0,1,0,0,0,0,0,0,1,0,0,0,0,0,0,0,0,0,0,0,0,0,0,0,0,0,0,0,0,1,0,0,0,0,0,0,0,1,0,1,1,0,2,0,2,1,1,0,0,2,0,1,0,0,1,4,7,2,2,5,3,1,1,3,4,0,2,3,4,6,5,4,10,6,4,3,4,3,3,4,2,6,15,9,23,20,32,18,12,20,20,16,18,14,26,33,36,37,49,27,44,34,33,50,43,41,31,31,42,37,54,63,59,64,58,60,69,47,68,68,81,79,63,59,58,71,66,73,70,72,73,83,87,88,89,106,138,114,131,143,109,141,149,135,151,111,139,153,146,156,162,180,191,194,215,219,266,304,293,291,346,393,374,342,314,408,353,365,354,454,358,421,338,383,400,460,452,480,453,435,524,579,552,585,661,922,732,579,657,640,638,629,575,541,519,535,516,546,571,512,548,613,918,961,977,908,1050,1234,1244,1318,1206,1404,1374,1369,1349,1362,1348,1590,1594,1687,1824,1964,2383,2363,2519,2529,2754,2556,2652,2488,2570,2858,3098,3469,3279,3499,3688,3577,3645,4113,3821,4131,4229,4580,4592,4676,5128,4983,5159,5372,5051,5561,5761,5998,6308,6251,7836,7454,9274,10533,11378,12406,13547,14489,15981,15996,18555,16606,18002,18944,20260,21063,20402,20768,20955,21592,25614,24384,21718,20932,21266,21571
2732,Orthopedics and Sports Medicine,Medicine,Health Sciences,0,0,0,0,0,0,0,0,0,0,0,0,0,0,0,0,0,0,0,0,0,1,0,0,0,0,0,0,0,0,0,0,0,0,0,0,0,0,0,0,0,0,0,0,0,0,0,0,0,0,0,0,0,0,0,0,0,0,0,0,0,0,0,0,0,0,0,0,0,0,0,0,0,0,0,0,0,0,0,0,0,0,0,0,0,0,0,0,0,0,1,0,0,0,0,0,0,0,0,0,7,0,1,1,1,0,0,2,1,1,0,0,2,0,0,1,2,0,0,1,1,1,0,0,1,1,0,0,4,1,3,1,2,0,5,1,0,1,4,8,5,3,4,6,7,3,4,6,0,5,4,4,5,1,7,7,6,13,19,8,6,3,4,5,3,9,8,5,8,7,11,9,7,6,4,6,8,9,11,9,12,9,13,14,8,15,5,15,26,15,7,9,28,22,23,35,17,19,9,24,18,20,33,25,17,15,20,16,30,42,25,21,27,35,31,19,22,21,26,18,21,27,46,49,44,61,49,67,63,54,87,64,86,78,76,88,75,69,97,92,79,78,74,54,60,77,118,127,133,127,256,212,223,227,259,312,312,328,347,364,359,392,442,479,436,593,631,673,711,777,968,827,809,904,949,983,1021,1164,1144,1175,1370,1508,1537,1510,1790,1846,1920,2117,2202,2548,2794,2791,3086,3145,3421,3555,4369,4396,4725,5007,5909,5910,6509,7676,8469,9137,10289,10481,11984,12623,13683,14704,15023,16037,17455,17973,18556,19821,19880,20456,21977,20787,19590,19506,20746,24021
2733,Otorhinolaryngology,Medicine,Health Sciences,0,0,0,0,0,0,0,0,0,0,0,0,0,0,0,0,0,0,0,0,0,0,0,0,0,0,0,0,0,0,0,0,0,0,0,0,0,0,0,0,0,0,0,0,0,0,0,0,0,0,0,0,0,0,0,1,0,0,0,0,0,0,0,0,0,0,0,0,0,0,0,0,0,0,0,0,0,0,0,0,0,0,0,0,0,0,0,0,0,0,0,0,0,0,1,0,0,0,0,0,0,0,0,1,0,0,0,0,0,0,0,0,0,0,0,0,0,0,0,0,0,1,0,0,2,0,0,0,0,2,2,2,2,3,1,1,0,4,3,1,2,3,7,3,4,3,2,4,2,3,3,2,2,3,1,2,3,3,5,11,3,5,4,6,4,2,9,8,4,12,12,12,11,15,8,14,11,8,7,5,13,11,17,18,20,15,12,25,23,39,31,33,44,28,39,49,63,90,134,122,113,104,93,109,109,109,111,112,113,106,117,132,117,94,145,102,99,80,89,97,109,112,128,138,158,165,158,211,209,202,221,191,205,224,180,183,174,156,186,156,162,172,164,125,147,128,211,293,348,297,316,409,357,382,387,383,349,412,464,447,477,464,482,525,540,601,637,681,675,708,822,689,750,694,706,777,867,872,926,984,1078,1051,1084,1142,1189,1374,1212,1278,1500,1563,1555,1723,1656,1609,1916,2081,2299,2326,2447,2456,3143,2779,2936,3495,4227,4359,4415,5024,5252,5783,6085,6286,6720,7108,7418,7626,8079,7833,8203,8438,10106,9107,8810,10065,9390,10793
2734,Pathology and Forensic Medicine,Medicine,Health Sciences,2,0,0,0,0,1,2,0,0,1,0,2,0,0,0,0,0,0,0,0,0,0,0,0,0,1,0,0,1,0,0,0,0,1,0,0,0,1,0,0,0,1,0,0,0,1,0,0,0,0,1,1,0,2,0,1,0,1,0,1,0,2,0,0,2,0,0,1,0,1,0,0,0,1,0,0,1,0,1,1,1,4,2,1,6,2,1,1,4,1,1,3,3,1,1,1,1,0,2,6,7,7,4,7,4,4,5,3,6,5,5,3,9,12,4,7,5,8,8,8,12,9,8,11,12,15,16,19,34,28,27,17,18,22,27,28,21,33,31,39,88,69,69,63,84,54,74,59,63,59,64,72,76,76,87,81,82,72,93,103,88,100,60,92,86,91,91,69,102,101,100,100,104,119,88,117,117,111,141,147,146,131,134,173,154,174,193,180,187,213,198,208,180,228,245,268,242,281,251,251,288,325,346,355,375,344,336,346,356,377,383,388,457,395,422,322,254,264,279,289,361,450,456,447,538,466,558,619,634,689,695,646,734,698,661,697,750,662,680,690,659,565,563,480,447,588,954,1108,1357,1349,1811,2136,2108,2139,2108,2167,2247,2317,2135,2345,2383,2361,2528,2769,2674,2982,3533,3721,3918,4151,4345,4200,4191,4263,4342,4551,4713,5421,5551,5661,6152,6288,6528,6988,7376,7498,7883,8494,8655,9335,9875,10002,10058,10301,10657,11792,12822,13158,15011,14218,17888,16444,17784,20336,22002,23146,25434,27021,30352,31578,32761,35037,36909,37738,39425,40911,39150,40572,40408,41238,46479,43018,41218,48112,43269,47292
2735,"Pediatrics, Perinatology and Child Health",Medicine,Health Sciences,0,0,0,1,0,1,0,1,0,0,0,3,0,0,0,0,1,1,0,0,0,0,0,0,0,0,0,0,0,0,0,0,0,0,0,0,0,0,0,0,0,1,0,1,2,0,0,1,1,0,0,0,1,0,1,1,0,0,0,1,1,1,0,1,0,0,1,0,0,0,0,2,0,2,0,1,0,0,0,0,0,3,0,1,13,2,0,0,0,1,0,4,3,0,1,0,1,1,1,4,14,2,7,5,5,6,1,5,2,4,7,11,2,7,6,8,11,8,17,2,4,2,11,13,18,20,17,27,28,28,19,27,23,26,18,38,20,24,29,39,27,31,48,33,49,64,83,73,63,74,67,48,42,95,85,94,65,106,103,69,72,104,86,43,73,61,73,82,120,91,85,92,132,97,150,139,148,130,155,139,132,126,125,138,163,154,166,180,175,187,154,131,147,159,192,205,206,207,195,175,228,234,309,282,258,251,293,306,344,394,354,399,444,364,381,356,365,333,250,252,361,395,511,491,507,506,573,639,600,614,705,732,689,714,760,775,725,848,809,794,738,746,680,605,562,729,1097,1319,1498,1552,2002,2190,2252,2264,2351,2508,2483,2650,2794,3056,3092,3273,3537,4469,4856,4558,5023,5014,5460,5775,6425,6002,6079,6270,6682,6822,7082,7441,7721,7927,8585,8610,8646,8869,9611,9680,9557,10363,10388,11165,11476,11156,11158,11263,11397,11945,13888,13141,14762,13365,16759,15625,16508,18847,20360,21666,24181,25430,28923,30945,32541,35071,38165,40580,44387,47454,49715,53332,59220,65806,66366,62791,60161,66203,62430,59418
2736,Pharmacology,Medicine,Health Sciences,0,0,0,0,1,0,0,0,0,0,0,0,0,0,0,0,0,0,0,0,0,0,0,0,0,0,0,2,0,1,0,0,0,1,0,0,0,0,1,0,0,0,0,1,0,0,1,1,0,1,0,0,1,1,0,0,0,0,0,0,1,0,0,0,0,0,0,1,0,0,0,0,0,0,0,1,1,0,0,0,0,0,0,0,1,0,1,0,2,1,1,2,1,1,1,0,2,0,0,1,5,2,1,4,4,5,3,0,7,2,2,2,2,0,5,3,4,3,6,3,5,1,5,3,5,9,8,9,10,6,8,22,8,7,21,12,15,19,25,27,12,19,30,33,31,19,30,30,31,40,35,35,25,21,26,37,27,29,38,14,39,31,27,28,37,33,34,36,45,40,30,30,26,46,41,38,47,44,53,58,64,62,57,81,48,52,49,70,51,67,91,53,68,68,77,75,71,74,66,88,112,94,98,92,93,83,91,96,127,148,149,151,147,160,148,116,136,138,126,152,141,148,163,187,225,212,226,278,294,303,305,308,317,321,354,401,393,395,390,396,462,373,360,398,401,518,794,1004,1089,1039,1485,1566,1567,1812,1871,1777,1697,1908,2009,2060,2342,2290,2248,2521,2492,2913,2927,3422,3476,3755,4311,4401,4524,4738,5042,5407,5575,5992,6130,6430,7036,7294,7481,7727,8214,8276,8432,8475,8754,8963,9563,9177,9256,9084,9246,10231,10652,10660,12109,11846,14872,14477,16302,18232,20727,21274,23561,25136,26582,28300,29655,30757,32640,32129,32581,33075,32538,32632,33143,36362,38682,37837,37116,46165,37216,41615
2737,Physiology,Medicine,Health Sciences,0,0,0,0,0,0,0,0,0,0,0,0,0,1,0,0,0,0,0,0,0,0,0,0,0,0,0,1,1,0,0,0,0,0,1,0,0,1,2,0,0,0,0,0,0,1,1,0,1,0,0,0,0,1,0,0,0,1,0,0,0,0,1,0,0,1,0,0,0,0,0,1,0,1,0,0,0,0,1,0,1,0,0,0,0,0,3,0,0,1,1,0,0,1,0,1,1,1,1,3,14,4,3,4,3,3,5,2,3,1,1,5,6,9,6,7,2,4,7,4,7,4,3,8,4,5,5,6,12,16,11,14,19,20,22,32,16,19,42,33,46,34,59,61,35,44,52,80,53,63,56,44,56,59,72,52,55,125,150,134,124,116,112,114,108,116,135,111,129,140,144,121,147,144,162,136,156,164,187,162,152,145,123,159,146,156,165,182,190,172,175,217,217,263,265,268,283,321,353,366,342,408,393,367,455,467,473,467,464,564,561,581,595,717,652,556,569,503,532,576,607,868,868,900,1011,1052,1137,1220,1262,1293,1228,1315,1472,1421,1465,1560,1544,1368,1440,1313,1280,1125,1111,1083,959,1136,1818,2253,2487,2405,3252,3518,3571,3635,3951,4012,4112,4056,4383,4597,4771,5110,5255,5314,5536,6158,7487,7746,8097,8582,8974,8701,8870,8871,9216,9946,10154,10954,11294,11132,12231,12728,12563,12916,13504,14135,14705,15483,15975,17446,18653,18619,19422,19732,21049,22655,24216,24508,27085,25550,31118,28207,30259,33604,35906,36435,40772,41400,46864,49631,49860,52760,55194,57968,59806,65231,64106,65756,74075,71467,76468,70703,68560,73082,78359,87687
2738,Psychiatry and Mental health,Medicine,Health Sciences,0,0,0,1,0,0,0,0,0,0,0,4,0,0,0,0,0,0,0,1,0,0,0,0,0,0,0,1,0,0,2,0,0,0,2,0,0,0,0,0,0,0,0,0,0,0,0,0,0,0,0,1,0,0,0,0,0,0,0,0,0,0,0,0,0,3,0,0,0,0,0,2,0,0,0,0,0,0,0,1,0,1,0,0,1,0,0,0,1,2,0,0,1,1,0,0,1,1,0,4,8,9,3,5,5,10,8,10,2,3,4,4,7,7,4,7,7,7,7,4,3,2,8,5,10,8,9,12,10,18,21,19,9,15,16,21,17,24,36,14,27,14,25,29,31,31,55,41,30,25,35,33,33,46,59,43,87,45,37,33,45,36,25,31,28,33,39,43,51,40,41,37,68,56,58,87,52,57,76,68,90,89,70,94,76,82,84,114,124,105,140,138,134,109,126,139,142,146,158,165,200,196,172,179,186,213,197,197,244,263,248,220,266,294,279,219,213,196,191,214,262,298,312,341,326,375,454,422,395,384,377,394,410,382,476,494,465,479,539,425,490,490,446,412,422,389,705,865,962,980,1185,1394,1457,1487,1541,1619,1690,1705,1750,1764,1703,1875,1896,1771,1710,2057,2394,2422,2688,2661,2880,2771,2907,2950,2989,3220,3460,3615,4032,4084,4265,4498,4719,4955,5310,5594,5832,6525,6779,7651,7805,8109,8520,8524,9118,10268,11269,11945,12791,13099,16073,15325,16784,18769,19957,21159,24310,25371,27982,28187,31122,30588,33975,35232,35682,37748,38104,40503,39804,41612,43887,42295,39716,43063,43525,53549
2739,"Public Health, Environmental and Occupational Health",Medicine,Health Sciences,0,0,1,2,0,2,1,0,0,0,1,1,0,0,0,0,0,0,0,1,0,1,1,3,1,0,0,1,0,0,1,1,0,1,2,2,0,2,0,0,0,0,0,1,3,8,0,1,3,1,2,0,1,0,0,0,0,1,0,2,0,5,14,39,14,0,1,7,11,2,2,8,0,1,1,39,3,2,9,3,2,1,2,1,13,7,16,8,12,16,18,9,19,10,10,4,40,15,18,33,75,35,28,35,55,86,23,12,40,13,19,28,31,27,24,30,67,49,72,22,22,42,29,51,81,109,95,79,214,130,133,135,130,132,139,126,142,143,157,188,300,311,234,262,310,357,367,315,320,317,320,286,320,308,287,287,334,326,301,308,337,301,297,224,272,265,300,350,357,367,357,336,317,339,330,383,464,454,537,550,548,614,673,581,676,650,707,741,777,719,761,859,866,923,828,815,1055,1035,1099,1253,1339,1266,1232,1264,1267,1259,1300,1282,1343,1393,1418,1514,1622,1735,1804,1379,1232,1325,1404,1573,1635,1762,1992,1954,2023,2188,2512,2669,2906,2829,2688,2806,2602,2488,2554,2623,2517,2459,2535,2511,2288,2207,2057,2020,1948,2107,2889,3045,3323,3283,4108,4399,4544,4527,4479,4480,4475,4645,4729,4974,5178,5501,5427,5729,5895,6401,7802,8110,8711,9599,10582,9364,9589,10080,10076,10428,10927,11376,12138,12989,13791,13819,13704,14551,15200,15853,16867,17777,19033,20380,21523,21644,22424,23957,25227,27405,29298,31816,34173,35291,42257,41590,45256,51556,56950,60423,66823,70298,77762,85193,92558,94692,102492,108393,115111,121353,128463,127632,128332,134014,142242,131553,119040,124056,125838,137869
2740,Pulmonary and Respiratory Medicine,Medicine,Health Sciences,2,0,1,1,0,0,0,0,0,1,0,0,0,0,0,0,0,0,0,0,0,1,0,0,0,0,1,0,2,0,0,1,0,0,0,0,0,4,2,0,1,1,0,4,0,0,0,1,0,1,0,0,2,3,0,0,0,1,1,2,0,0,0,0,1,1,0,0,0,0,0,0,0,0,0,0,1,0,0,0,0,3,1,0,1,3,1,3,1,3,3,1,2,2,3,1,5,6,0,8,10,6,7,4,8,1,3,4,8,7,11,10,8,10,12,27,15,9,7,16,19,15,17,29,11,17,27,32,45,63,57,59,58,62,57,66,39,40,63,63,58,74,107,99,92,87,96,118,103,142,81,90,117,110,108,114,130,128,127,118,113,115,96,104,102,72,126,99,124,142,150,113,152,139,162,167,192,195,195,200,214,226,234,207,203,274,260,288,291,315,307,283,296,331,298,363,339,361,414,413,483,479,481,610,594,543,507,499,597,611,573,577,630,692,640,473,423,472,534,553,617,743,730,874,1047,1095,1187,1246,1261,1210,1381,1248,1385,1259,1444,1575,1453,1487,1494,1556,1419,1313,1361,1159,1135,1416,2287,2967,3509,3604,4730,5442,5570,5906,6116,6386,6475,6680,6665,6908,7157,7381,7616,7921,7558,9096,10520,10945,11389,11720,12289,11904,12151,12379,13089,13243,13600,14897,15235,15865,16900,17977,17667,19328,20063,22028,21388,22756,24304,24175,29889,25295,28641,25972,27710,32053,36040,31199,33721,32700,40434,36970,40486,46866,54373,55878,62097,65837,74387,77375,81570,87571,92991,94426,95547,101063,100255,104011,105044,113375,129662,122847,118100,142637,127131,139451
2741,"Radiology, Nuclear Medicine and Imaging",Medicine,Health Sciences,0,0,0,0,0,1,0,0,0,0,0,0,1,1,0,0,1,0,0,1,0,0,0,0,0,0,0,0,0,1,0,0,0,0,0,0,0,0,0,0,0,0,1,0,1,0,0,0,1,1,0,0,4,3,0,1,0,0,0,0,0,1,0,0,0,1,0,0,0,0,0,1,0,2,0,1,0,0,0,0,0,1,0,0,1,2,2,1,2,0,2,0,1,1,1,0,1,2,3,3,9,8,4,1,3,6,5,7,4,2,8,6,4,6,7,3,7,13,6,5,6,8,10,9,12,17,25,22,29,37,29,38,27,22,38,45,33,42,35,33,41,49,71,74,65,52,65,73,66,56,72,65,60,78,66,77,65,89,74,76,83,61,54,55,57,71,75,66,65,105,86,80,81,98,89,75,117,95,115,100,108,134,104,136,137,159,149,170,149,140,163,171,155,147,193,173,265,244,280,232,223,313,332,337,351,365,409,420,390,470,455,510,477,585,493,450,391,396,457,505,536,586,634,653,778,738,794,913,934,972,1002,948,1016,988,926,982,983,909,979,912,879,877,821,804,787,956,1375,1557,1787,1818,2244,2512,2692,2806,2825,2994,3155,3427,3701,4076,4151,4270,4450,4708,4622,5074,5937,6279,6507,6728,6985,6909,7347,7657,8066,8430,8457,9231,9584,9952,10689,11364,12118,12962,14047,14897,15471,15974,16210,17018,17882,18002,18132,17731,18467,20296,20713,20369,21134,20651,24131,23862,28228,30262,32161,35237,38970,40314,43563,47429,48042,50734,52931,54078,56155,60151,59218,57120,60111,65715,74863,82765,69639,80031,79297,80422
2742,Rehabilitation,Medicine,Health Sciences,0,0,0,0,0,0,0,0,1,0,0,0,0,0,0,0,0,0,0,0,1,0,0,0,0,0,0,0,0,0,0,0,0,0,0,0,0,0,0,0,0,0,0,0,0,0,0,0,0,0,0,0,0,0,0,0,2,0,0,1,0,0,0,0,0,0,0,0,0,0,0,0,0,0,1,0,0,0,0,1,0,2,0,0,0,0,0,0,0,1,0,0,0,0,0,1,0,0,0,1,2,2,1,3,0,1,2,0,2,1,1,1,1,2,4,3,0,0,1,0,6,2,3,2,0,4,3,3,8,4,4,8,3,1,3,2,3,9,13,12,7,10,10,9,9,10,12,15,8,14,11,20,21,16,17,18,19,33,20,16,17,17,28,19,26,16,22,28,16,23,27,14,26,26,28,19,23,32,25,20,48,24,29,38,37,43,29,30,45,47,49,51,37,38,58,53,43,63,60,75,83,78,52,60,72,78,62,72,76,92,82,69,77,93,77,99,96,103,129,115,105,111,138,131,127,123,163,165,192,188,208,190,195,211,205,180,202,196,232,219,234,214,203,193,239,238,318,334,395,405,503,559,573,682,620,610,625,651,619,650,584,588,702,655,676,746,842,818,909,994,1102,910,983,951,999,1034,1038,982,1191,1183,1180,1250,1355,1340,1403,1394,1540,1761,1888,1800,1959,1962,2031,2221,2311,2480,2625,2860,3022,3135,4174,3834,4305,4866,5453,5607,6624,7320,7629,8424,9055,10049,10462,11140,11605,12092,12211,12669,13608,14120,14309,14222,14192,14585,16300,19225
2743,Reproductive Medicine,Medicine,Health Sciences,0,0,0,0,1,1,0,0,0,11,3,18,9,2,15,1,5,0,0,1,0,0,0,0,0,0,0,2,0,1,0,0,1,1,2,0,1,0,0,0,0,1,0,1,0,0,1,1,1,0,0,1,11,0,0,0,1,0,1,0,0,0,0,5,0,3,4,5,1,2,3,1,0,0,0,0,0,2,0,0,0,0,2,0,120,4,11,3,7,2,5,28,0,10,2,2,4,4,3,2,15,15,9,9,13,13,6,20,16,16,4,17,11,10,12,16,9,15,16,7,11,12,11,24,25,21,21,31,28,24,37,50,20,21,52,56,48,36,59,85,70,48,62,43,50,56,59,124,137,102,219,162,189,212,217,166,272,177,173,164,109,147,164,220,248,229,129,130,168,94,128,117,131,130,176,175,644,174,131,245,310,197,235,254,200,201,188,223,238,248,269,227,247,251,244,366,396,391,468,426,446,419,395,402,483,450,541,502,427,532,597,547,555,496,487,545,577,506,411,437,486,552,618,548,626,636,471,530,586,609,686,629,681,644,641,694,682,704,863,842,1846,809,646,654,679,679,829,1045,1104,1100,1293,1384,1237,1467,1401,1489,1270,1509,1438,1491,1719,1657,1722,1915,1992,2057,2485,2701,2626,2536,2921,3072,2874,3162,3208,3384,3716,3615,3927,4135,4609,4603,4567,4741,5032,5083,5175,6111,6179,6740,6876,6870,6977,8254,8270,8581,9075,9862,9882,10131,12807,12153,12751,12896,14283,14616,15827,15949,18190,18831,19899,22450,22615,23839,24713,24909,23542,25722,24181,25947,27236,24408,23270,27609,26225,28048
2745,Rheumatology,Medicine,Health Sciences,0,0,0,0,0,0,2,1,1,0,0,0,0,0,0,0,0,0,0,0,0,0,0,0,0,1,0,3,0,0,0,0,0,0,0,0,0,2,0,2,0,0,0,1,0,0,0,0,0,0,1,0,0,0,1,1,2,1,0,0,0,0,1,0,0,0,0,0,0,0,0,0,0,0,0,0,0,1,1,1,2,0,0,1,0,2,1,3,0,0,1,2,1,1,1,0,9,0,0,2,6,6,2,7,5,6,1,1,3,0,2,11,8,8,2,9,4,6,7,8,4,3,4,8,4,8,13,12,26,21,17,28,14,21,37,22,20,8,17,26,34,31,46,48,32,29,28,33,43,34,34,37,52,46,39,48,47,68,53,61,49,43,36,54,52,40,69,58,68,79,70,60,77,71,83,80,105,80,107,108,112,104,106,107,132,116,169,141,166,155,175,145,144,146,171,196,185,200,256,217,247,245,303,303,311,249,244,284,306,323,326,394,366,438,364,247,207,196,209,258,306,392,428,490,559,537,567,586,692,590,614,610,600,634,672,626,653,643,636,613,561,528,508,474,421,565,947,1220,1400,1438,1954,2219,2159,2166,2130,2313,2255,2189,2375,2393,2336,2527,2387,2589,2543,2930,3478,3528,3780,3860,4073,3931,3897,3956,3849,4167,4315,4565,4808,4725,5014,5349,5395,5803,5833,6042,6340,6765,7023,7378,7631,7610,7741,8204,8259,8756,9724,10028,11313,10628,14245,13236,14042,16687,18108,18951,21395,22377,24702,25843,26469,27738,30638,31121,32556,33024,33535,33536,33180,34973,37906,34808,34349,36058,36838,41255
2746,Surgery,Medicine,Health Sciences,0,0,0,0,0,1,1,0,0,0,0,2,0,1,0,0,0,0,0,0,1,1,1,0,0,1,2,1,0,1,1,0,2,2,2,1,0,4,6,1,4,4,5,2,0,5,0,1,1,2,1,0,3,4,2,1,3,5,1,2,1,4,2,0,2,2,0,3,0,12,0,2,0,2,0,2,1,4,1,0,2,1,1,1,4,8,8,8,7,4,13,2,12,10,1,4,10,9,10,29,39,32,19,41,24,26,29,34,19,29,28,33,33,27,33,44,43,35,46,28,36,44,47,68,97,108,163,159,192,202,185,138,136,137,189,194,180,179,231,229,221,314,360,343,266,305,310,325,297,340,326,323,302,367,334,376,411,484,510,429,387,403,370,374,339,370,432,418,446,509,480,474,609,492,549,590,656,655,783,762,740,721,779,820,782,849,804,1019,1048,1043,1060,1021,1150,1141,1159,1246,1244,1393,1572,1470,1808,1888,1917,2098,2113,2017,1999,1971,1997,2164,2281,2266,2250,2636,2298,1805,1689,1620,1651,1829,2091,2497,2758,2888,3214,2909,3534,3707,3862,3783,3778,3652,3873,3766,3973,3984,4024,3780,3908,3844,3570,3280,3132,2804,2610,3240,5247,6466,7798,8020,9792,10849,11392,11711,11719,11993,11986,11984,11738,12371,12353,12621,13034,13663,13583,15163,17711,17615,18599,19903,20775,19558,20183,20352,20618,21592,22287,23461,24509,24821,27653,27631,28268,28953,31417,32120,33602,36368,38422,40820,42985,41790,42648,44429,45530,49123,53549,53717,61050,56817,73426,65931,70888,82352,89312,91230,104081,106143,121883,124566,129642,133680,142114,146743,148903,154609,153528,160407,163128,169614,183405,175366,167737,176195,181381,200412
2747,Transplantation,Medicine,Health Sciences,0,0,0,0,0,0,0,0,0,0,0,0,0,0,0,0,0,0,0,0,0,0,0,0,0,0,0,0,0,0,0,0,0,0,0,0,0,0,0,0,0,0,0,0,0,0,0,0,0,0,0,0,0,0,0,0,0,0,0,0,0,0,0,0,0,0,0,0,0,0,0,0,0,0,0,0,0,0,0,0,0,0,0,0,0,0,0,0,0,0,0,0,0,0,0,0,0,0,0,0,2,0,0,0,0,0,0,0,0,0,0,0,0,0,1,0,0,0,0,0,0,0,0,1,0,1,0,6,1,2,0,1,2,0,1,1,3,2,0,1,1,5,1,3,0,2,1,1,0,3,4,2,2,1,2,1,4,1,2,1,4,0,0,0,0,0,2,1,2,1,5,2,1,1,4,2,2,4,3,3,4,5,3,5,2,2,1,9,8,13,4,9,0,3,3,4,5,3,10,6,6,5,3,10,6,15,5,6,10,4,11,10,16,9,9,21,7,17,15,13,15,15,17,32,29,14,34,21,23,18,20,13,21,13,19,11,12,15,12,8,12,11,7,5,11,15,21,28,36,39,63,81,101,94,106,99,116,102,255,272,300,284,180,150,205,276,287,313,356,428,428,422,348,349,345,293,335,374,394,440,416,485,449,486,542,631,595,936,914,985,829,925,987,925,1086,1125,1161,1154,1745,1576,1691,1657,1715,1769,2400,2192,2688,2177,2884,2522,2932,2657,3202,2838,3738,3286,3017,2846,3302,3162,3155,2916,2940,2806,3154,3789
2748,Urology,Medicine,Health Sciences,0,1,0,0,0,0,1,0,0,0,0,0,0,0,0,0,0,0,0,0,0,0,0,0,0,0,0,1,0,1,0,0,0,0,0,0,0,0,0,0,0,0,0,0,0,0,0,0,0,1,0,0,0,0,0,0,2,0,0,0,0,0,0,0,1,0,0,0,0,1,0,0,0,0,0,0,0,0,0,0,0,0,1,0,0,0,1,0,1,1,0,0,1,0,0,1,2,0,0,2,4,2,3,0,0,6,2,2,2,8,3,1,2,1,2,3,3,3,2,3,1,0,4,4,3,5,6,13,10,10,9,7,16,11,16,6,10,11,12,10,12,14,23,15,19,15,25,28,14,19,14,30,26,22,25,24,20,29,40,28,27,25,28,20,23,24,24,30,43,30,41,42,33,41,42,48,52,51,50,48,66,42,53,72,43,63,70,56,79,72,78,46,66,79,77,72,87,53,97,79,86,107,91,92,118,98,87,74,86,113,102,107,104,115,126,90,88,89,81,101,124,155,146,149,161,151,214,177,223,246,214,243,255,252,261,275,247,275,226,217,238,239,211,178,177,198,366,425,469,408,553,584,605,649,637,642,665,670,687,712,670,709,753,848,990,980,1045,1086,1266,1305,1335,1279,1325,1332,1403,1374,1442,1534,1517,1550,1743,1707,1699,1697,1837,1911,1960,2310,2146,2250,2262,2210,2183,2382,2495,2816,3113,3108,3398,3323,3926,3779,4178,4406,5007,5493,6283,6631,7154,7455,7711,7780,8527,8693,8624,8891,9243,9478,9905,10121,10487,9927,9828,10128,10365,11924
2802,Behavioral Neuroscience,Neuroscience,Life Sciences,0,0,0,0,0,0,0,0,0,0,0,0,0,0,0,0,0,0,0,0,0,0,0,0,0,0,0,0,0,0,0,0,0,0,0,0,0,0,0,0,0,0,0,0,0,0,0,0,0,0,0,0,0,0,0,0,0,0,0,0,0,0,0,0,0,0,0,0,0,0,0,0,0,0,0,0,0,0,0,0,0,0,0,0,0,0,0,0,0,0,0,0,0,0,0,0,0,0,0,0,0,0,0,0,0,0,0,0,0,0,0,0,0,0,0,1,0,0,0,0,0,0,0,0,0,0,0,0,0,0,0,0,0,0,0,0,0,0,0,0,0,0,0,0,0,0,0,0,0,0,0,0,0,0,0,0,0,0,0,0,0,0,0,0,0,0,0,0,0,0,0,0,0,0,0,0,0,1,0,0,0,0,0,0,1,0,0,0,1,0,0,0,0,0,0,0,0,0,0,1,2,1,1,0,3,0,1,0,0,0,1,2,1,0,1,1,1,2,2,4,3,3,4,6,2,3,7,6,7,6,15,11,9,9,14,11,17,17,26,24,27,25,17,15,11,12,31,29,36,46,68,82,81,129,95,88,114,140,160,152,126,198,177,195,221,257,299,308,368,420,457,437,415,471,505,550,542,525,631,539,568,659,717,733,859,906,1020,1085,1071,1164,1231,1144,1219,1157,1237,1245,1301,1391,1463,1407,1578,1431,1602,1757,1825,1897,2030,2256,2855,2443,2406,2431,2470,2431,2533,2719,2636,2640,2558,2818,2973,2684,2459,2575,2616,2719
2803,Biological Psychiatry,Neuroscience,Life Sciences,0,0,0,0,0,0,0,0,0,0,0,0,0,0,0,0,0,0,0,0,0,0,0,0,0,0,0,0,0,0,0,0,0,0,0,0,0,0,0,0,0,0,0,0,0,0,0,0,0,0,0,0,0,0,0,0,0,0,0,0,0,0,0,0,0,0,0,0,0,0,0,0,0,0,0,0,0,0,0,0,0,0,0,0,0,0,0,0,0,0,0,0,0,0,0,0,0,0,0,0,0,0,0,0,0,0,0,0,0,0,0,0,0,0,0,0,0,0,0,0,0,0,0,0,0,0,0,0,0,0,0,0,0,1,0,0,0,0,0,1,0,0,0,0,0,0,1,1,0,0,0,0,0,0,0,0,0,0,0,1,0,0,0,0,0,0,0,0,0,0,0,1,0,1,0,0,1,3,1,1,1,2,0,3,2,0,0,1,0,1,2,1,1,3,3,3,2,4,2,0,3,2,0,0,4,1,2,2,4,1,5,0,3,4,4,2,1,0,2,2,9,7,6,4,3,7,3,3,8,1,2,12,11,12,4,15,5,12,7,8,8,18,10,4,6,3,8,13,16,34,33,43,36,36,46,33,40,51,50,86,84,98,91,63,65,74,121,146,129,150,131,141,139,127,164,167,163,128,212,210,199,210,182,177,248,247,242,239,287,290,382,391,314,277,312,348,474,395,426,393,466,406,473,601,592,670,705,799,1056,1054,1151,1297,1502,1590,1721,1990,1997,2262,2359,2664,2881,3100,2954,3554,3420,3942
2804,Cellular and Molecular Neuroscience,Neuroscience,Life Sciences,1,0,0,0,0,0,0,0,0,0,0,0,0,0,0,0,0,0,0,0,0,0,0,0,0,0,0,0,0,0,0,0,0,0,0,0,0,0,0,0,0,1,0,0,0,0,0,0,0,0,0,0,0,0,0,0,0,0,0,0,0,0,0,0,0,1,0,0,0,0,1,0,0,0,0,0,0,0,0,0,0,1,0,0,0,0,0,0,0,0,3,0,1,1,0,0,0,2,1,4,8,0,2,0,0,1,0,1,3,1,1,4,1,0,0,2,2,2,1,0,1,7,0,4,5,2,2,7,4,5,8,5,7,8,10,6,7,12,9,3,5,2,14,12,13,9,12,15,13,11,16,12,10,15,17,11,14,14,11,18,15,9,11,18,16,15,17,19,25,28,24,15,24,26,21,31,34,32,24,45,38,57,32,45,46,50,39,59,67,48,63,57,49,56,71,58,51,79,67,62,97,95,96,103,93,90,94,104,133,114,95,128,116,151,137,109,125,113,95,126,133,149,167,201,221,216,246,237,282,263,250,214,267,250,236,260,298,294,295,286,288,251,259,198,178,172,288,313,396,382,485,542,592,635,672,719,771,929,1061,1103,1190,1407,1320,1535,1641,1744,2213,2465,2683,3069,3298,3562,3849,4339,4588,5001,5656,6011,6914,7445,8078,8749,9018,9213,9684,10430,11016,11417,12362,12688,14061,13658,14779,14385,14991,15660,16383,16476,16560,16185,17355,15942,17096,17954,17793,17926,19522,19489,21233,21265,20767,21512,21805,21964,22662,22681,22356,21928,24131,22894,23868,22127,20564,22046,22008,23706
2805,Cognitive Neuroscience,Neuroscience,Life Sciences,0,0,0,1,0,0,0,0,0,0,1,0,0,1,0,0,0,0,0,0,0,0,0,0,0,0,0,0,0,0,0,1,0,0,1,1,0,1,1,0,0,1,0,1,1,1,0,0,0,0,1,0,0,0,0,0,0,1,0,0,0,0,0,0,0,0,0,0,0,0,0,0,0,0,0,0,1,1,1,1,0,0,0,0,0,0,0,0,0,1,0,1,1,1,1,0,0,1,1,2,10,2,5,3,0,3,5,2,2,1,2,5,3,2,5,4,2,3,3,4,4,1,4,1,7,5,6,6,6,7,11,8,16,13,14,21,20,34,19,18,18,13,28,30,25,31,27,38,31,25,30,23,32,28,35,21,40,31,36,27,28,31,19,16,18,24,43,31,51,52,38,32,46,37,56,73,59,81,93,91,85,123,91,109,98,108,100,121,146,113,153,137,175,153,142,180,178,161,173,173,194,213,227,230,208,203,192,177,236,273,218,234,216,260,217,220,196,200,197,212,246,238,314,298,281,282,311,315,366,333,388,360,416,414,475,489,514,489,484,418,423,416,383,375,369,357,470,574,694,763,789,882,947,996,1085,1097,1073,1179,1253,1440,1547,1783,1908,2052,2509,2702,2976,3444,3547,4143,4278,4231,4381,4564,4766,4963,5379,5658,6009,6170,6521,6792,6724,6943,7212,7762,7883,8236,8466,9005,9830,9845,10525,10410,10858,11776,13396,13916,14783,14814,17654,17756,20318,21602,23993,25053,27932,29686,33837,36524,45558,43442,45287,50569,50584,52672,52848,56380,58423,61596,63474,63770,59640,63812,63618,80298
2806,Developmental Neuroscience,Neuroscience,Life Sciences,0,0,0,0,0,0,0,0,0,0,0,0,0,0,0,0,0,0,0,0,0,0,0,0,0,0,0,0,0,0,0,0,0,0,0,0,0,0,0,0,0,0,0,0,0,0,0,0,0,0,0,0,0,0,0,0,0,0,0,0,0,0,0,0,0,0,0,0,0,0,0,0,0,0,0,0,0,0,0,0,0,0,0,0,0,0,0,0,0,0,0,0,0,0,0,0,0,0,0,0,0,0,0,0,0,0,0,0,0,1,0,0,0,0,0,0,0,0,0,0,0,0,0,0,0,0,0,0,1,1,0,0,0,0,0,0,2,2,0,0,0,1,0,1,1,0,1,3,1,2,0,0,1,3,0,0,5,2,0,0,1,2,2,3,2,2,1,4,10,4,2,2,2,1,2,1,4,6,0,6,4,1,2,4,2,3,5,2,10,2,9,6,1,7,5,5,6,9,7,2,6,3,3,3,11,8,4,4,3,11,9,13,8,13,11,13,22,17,7,10,11,17,26,21,26,39,33,22,18,21,25,30,23,26,25,31,38,45,27,40,38,37,38,41,34,41,59,70,94,90,113,140,136,146,161,145,181,190,157,199,225,219,245,280,314,354,395,379,419,435,454,443,524,540,511,554,612,673,661,640,748,770,759,753,893,851,918,962,964,1040,1177,1153,1088,1187,1245,1272,1446,1603,1618,1420,1755,1607,1962,2256,2346,2462,2863,2991,3227,3402,3461,3529,3565,3734,3500,3499,3564,3480,3293,3479,3336,3170,2854,3042,3139,3341
2807,Endocrine and Autonomic Systems,Neuroscience,Life Sciences,0,0,0,0,0,0,0,0,0,0,0,0,0,0,0,0,0,0,0,0,0,0,0,0,0,0,0,0,0,0,0,0,0,0,0,0,0,0,0,0,0,0,0,0,0,0,0,0,0,0,0,0,0,0,0,0,0,0,0,0,0,0,0,0,0,0,0,0,0,0,0,0,0,0,0,0,0,0,0,0,0,0,0,0,0,0,0,0,0,0,0,0,0,0,0,0,0,1,0,0,0,0,0,0,0,0,0,1,2,0,0,0,0,0,0,1,1,0,0,0,0,0,0,0,0,0,0,0,2,1,3,3,0,0,4,1,1,3,1,1,0,1,4,2,1,0,1,2,2,2,1,2,2,2,6,6,5,3,3,0,6,3,3,6,0,1,1,2,0,3,6,3,3,7,1,10,3,5,9,6,6,8,6,6,3,7,4,5,15,7,8,8,9,5,13,11,7,9,16,4,17,13,15,17,18,13,16,17,18,19,25,33,26,35,22,24,27,29,27,16,29,20,44,35,46,56,60,67,64,83,72,69,75,83,70,89,84,78,91,95,110,84,70,60,60,54,73,103,123,121,149,163,173,176,233,211,238,280,281,295,321,336,329,382,394,501,568,591,644,716,829,775,869,944,950,1051,1118,1225,1270,1353,1464,1721,1577,1600,1722,1853,1950,1979,2097,2149,2317,2143,2384,2399,2479,2603,3042,3423,3881,3908,4169,4448,4418,4913,4859,4952,5635,5713,6021,6006,5879,6013,6016,6254,6367,6283,5921,6139,5810,6136,6468,6199,5723,5981,5475,6127
2808,Neurology,Neuroscience,Life Sciences,0,0,0,1,0,0,0,0,0,0,0,0,0,1,0,0,0,0,0,0,0,1,0,0,0,0,0,0,0,1,1,0,1,0,10,0,0,0,1,0,0,0,0,0,0,0,0,1,0,0,0,1,2,0,1,0,0,3,0,0,0,0,0,0,1,5,0,1,0,1,0,1,0,0,0,1,0,0,0,0,0,0,2,0,2,1,4,0,1,1,2,0,1,3,3,2,0,1,0,5,9,6,8,12,7,10,4,9,5,10,6,8,5,5,8,11,5,6,9,10,7,15,11,13,19,12,26,25,16,28,20,24,20,22,26,17,48,42,25,44,52,31,54,26,39,49,30,39,40,45,43,34,50,42,49,52,51,62,59,56,53,71,48,51,47,46,79,44,59,50,71,55,80,109,99,90,115,110,147,139,171,200,141,141,183,185,172,206,206,155,172,231,214,209,237,298,245,299,293,231,359,365,348,343,309,309,327,282,364,323,326,331,306,315,294,243,261,226,227,297,355,391,392,428,440,427,642,613,622,608,572,558,559,523,574,608,592,523,531,447,452,448,365,360,375,379,495,619,707,745,1041,1174,1327,1358,1347,1394,1357,1415,1488,1524,1551,1730,1737,1769,1922,2160,2375,2603,2575,2710,2790,2750,2700,2653,2670,2651,2746,2978,2864,2956,2986,3102,3022,3009,3047,3230,3298,3497,3651,3681,3883,3882,3985,3847,3948,4346,4755,4765,5236,4685,6099,5747,6655,7899,8199,8502,9067,10140,11296,11395,12105,12857,13599,14902,15853,16128,14998,16507,16784,18777,19503,19730,20011,22303,25400,27268
2809,Sensory Systems,Neuroscience,Life Sciences,0,0,0,0,0,0,0,0,0,0,0,0,0,0,0,0,0,0,0,0,0,0,0,0,0,0,0,0,0,0,0,0,0,0,0,0,0,0,0,0,0,0,0,0,0,0,0,0,0,0,0,0,0,0,0,0,0,0,0,0,0,0,0,0,0,0,0,0,0,0,0,0,0,0,0,0,1,0,0,0,0,0,0,0,0,0,0,0,0,0,0,0,0,0,0,0,0,0,0,1,1,0,0,0,1,0,0,1,0,0,1,0,1,0,0,0,0,0,0,0,0,1,0,0,1,0,2,0,0,2,3,0,2,3,1,0,2,1,0,0,3,1,2,1,3,1,3,3,4,9,3,1,2,1,2,1,3,3,1,3,4,4,1,4,0,0,5,2,1,3,3,1,3,4,8,1,1,8,3,4,7,9,14,8,5,8,16,9,8,9,3,2,10,7,9,8,13,13,14,20,13,15,12,17,13,13,12,9,15,14,16,19,20,15,25,13,11,14,14,21,12,18,42,19,29,28,35,39,32,36,38,33,47,57,41,54,48,67,69,50,48,53,44,42,25,44,53,73,85,70,106,107,111,136,142,156,144,143,183,182,229,238,220,241,273,292,357,362,417,441,509,498,508,565,607,653,637,640,720,690,829,858,840,965,944,1028,1058,1209,1220,1256,1396,1385,1513,1562,1747,1656,1908,2085,2177,2222,2544,2315,2664,3149,3250,3398,3866,4083,4433,4675,4941,4969,5145,5144,5387,5562,5470,5435,5519,5675,7062,6896,6470,6244,6202,6653
2910,"Issues, ethics and legal aspects",Nursing,Health Sciences,0,0,0,0,0,0,0,0,0,0,0,0,0,0,0,0,0,0,0,0,0,0,0,0,0,0,0,0,0,0,0,0,0,0,0,0,0,0,0,0,0,0,0,0,0,0,0,0,0,0,0,0,0,0,0,0,0,0,0,0,0,0,0,0,0,0,0,0,0,0,0,0,0,1,0,0,0,1,0,0,0,0,0,0,0,0,0,0,0,0,0,0,0,0,1,0,0,0,0,0,1,1,1,1,0,1,1,0,2,1,0,1,0,0,0,0,1,0,1,0,0,0,1,0,1,0,1,2,5,0,2,5,1,1,2,2,3,2,2,1,6,6,5,5,3,7,4,19,9,8,4,8,11,7,6,7,9,30,27,22,12,12,10,13,12,7,7,6,6,6,8,12,11,6,19,18,16,9,6,26,17,14,8,17,20,21,22,46,59,43,55,46,51,27,31,41,56,47,41,46,42,72,60,78,79,77,85,92,87,104,156,158,141,135,190,131,156,169,185,193,181,172,160,222,180,171,216,221,215,209,202,203,229,202,189,185,159,210,175,186,197,194,261,309,245,292,266,322,280,300,334,350,340,394,337,317,400,309,304,406,361,287,337,390,395,458,537,555,715,670,720,721,752,764,827,832,866,907,1103,1085,1133,1116,1207,1269,1262,1292,1258,1466,1565,1622,1677,1698,1628,1704,1764,1725,1567,1845,1717,1775,1831,1781,2157,2169,2303,2310,2361,2523,2717,3243,3280,3667,3785,3684,3839,3949,4096,3798,3525,3322,3272,2315,1949,1942,2194,2359
2911,Leadership and Management,Nursing,Health Sciences,0,0,0,0,0,0,0,0,0,0,0,0,0,0,0,0,0,0,0,0,0,0,0,0,0,0,0,0,0,0,0,0,0,0,0,0,0,0,0,0,0,0,0,0,0,0,0,0,0,0,0,0,0,0,0,0,0,0,0,0,0,0,0,0,0,0,0,0,0,0,0,0,0,0,0,0,0,0,0,0,0,0,0,0,0,0,0,0,0,0,0,0,0,0,0,0,0,0,0,0,0,0,0,0,0,0,0,0,0,0,0,0,0,0,0,0,0,0,0,0,0,0,0,0,0,0,0,0,0,0,0,0,0,0,0,0,0,0,0,1,0,0,0,0,1,0,1,0,0,0,0,0,0,0,0,0,0,0,0,0,0,0,0,0,0,0,0,1,0,0,0,1,0,0,0,0,0,0,1,0,2,0,0,0,0,0,0,0,1,0,0,2,0,0,0,0,0,0,0,0,0,1,0,1,1,0,0,2,0,2,5,2,2,5,2,1,12,13,9,7,8,7,8,9,8,6,9,17,6,19,5,9,8,5,9,4,3,9,5,8,8,10,6,8,10,7,14,17,12,20,20,27,29,27,25,32,17,40,36,42,58,54,36,39,26,33,60,40,51,70,133,59,75,67,86,82,96,90,107,88,134,112,115,119,116,126,106,121,138,130,181,143,161,138,151,189,256,254,297,299,349,365,534,605,720,880,1021,1267,1335,1636,1789,2133,2268,2420,2467,2855,3033,3203,3416,3610,3421,2576,2027,2141,2925,2654
2916,Nutrition and Dietetics,Nursing,Health Sciences,0,1,0,0,0,0,0,0,0,0,0,0,0,0,0,0,0,0,0,0,0,0,0,0,0,1,0,0,0,0,0,0,0,0,1,0,0,0,0,1,1,0,0,0,0,0,0,0,0,0,0,0,0,2,0,0,0,0,0,0,0,0,0,0,0,0,0,0,0,1,0,3,0,0,0,0,0,0,1,0,0,1,0,0,0,0,0,0,0,1,1,1,1,0,1,1,1,0,1,2,7,4,0,2,1,4,4,0,1,3,1,2,2,1,0,0,1,2,1,1,1,0,10,2,3,1,8,6,7,8,7,14,8,13,13,6,4,18,17,14,13,10,12,21,18,14,18,34,41,29,39,33,28,31,28,25,30,35,30,16,25,14,19,10,14,12,14,25,22,33,38,26,21,41,24,33,36,38,33,38,42,47,41,59,65,54,58,61,57,61,88,67,79,67,79,91,84,77,83,87,90,99,107,100,136,103,126,136,122,153,145,150,152,215,159,168,198,193,159,170,209,230,247,279,294,347,334,367,414,385,417,545,638,731,790,916,1033,1061,1177,1101,1119,845,961,817,642,683,954,1015,1206,1225,1575,1463,1553,1691,1678,1642,1749,1793,1849,2087,2385,2179,2217,2356,2348,2582,2848,3118,3236,3666,4250,3603,3692,3666,3909,4043,4335,4675,4838,5218,6371,5964,5857,6272,6532,6748,7443,7584,8004,8154,9346,8572,8458,8773,8994,9079,9836,9977,10696,10229,12966,11687,12566,13888,15204,15289,16995,17926,20146,23452,23290,24716,25942,27619,29043,29941,29241,30289,30851,32600,35839,34186,30548,32726,38373,42406
2922,Research and Theory,Nursing,Health Sciences,0,0,0,0,0,0,0,0,0,0,0,0,0,0,0,0,0,0,0,0,0,0,0,0,0,0,0,0,0,0,0,0,0,0,0,0,0,0,0,0,0,0,0,0,0,0,0,0,0,0,0,0,0,0,0,0,0,0,0,0,0,0,0,0,0,0,0,0,0,0,0,0,0,0,0,0,0,0,0,0,0,0,0,0,0,0,0,0,0,0,0,0,0,0,0,0,0,0,0,0,0,0,0,0,0,0,0,0,0,0,0,0,0,0,0,0,0,0,0,0,0,0,0,0,0,1,0,0,0,0,0,0,0,0,0,0,0,0,0,0,0,0,0,0,0,0,0,0,1,0,0,0,0,0,0,0,1,0,0,0,1,0,0,0,0,0,0,0,0,0,0,0,0,0,0,0,0,0,0,0,1,0,0,1,0,0,0,1,3,1,1,0,1,0,0,0,3,1,0,1,0,1,3,8,1,10,3,5,1,2,4,1,5,5,6,3,6,5,9,3,4,4,2,8,8,10,6,4,15,8,7,8,9,5,10,7,8,8,10,10,10,6,21,13,13,19,13,16,11,10,15,10,12,21,13,13,15,10,13,16,17,26,31,26,28,30,36,50,65,59,56,60,63,54,60,56,82,73,99,88,112,114,133,118,126,116,157,178,208,192,221,236,229,291,287,291,320,339,326,342,335,395,458,480,598,580,630,662,793,803,882,968,1061,1095,993,1253,1289,1341,1303,1294,1295,1294,1265,1287,1679,2840
3003,Pharmaceutical Science,"Pharmacology, Toxicology and Pharmaceutics",Life Sciences,0,0,0,0,0,0,0,0,0,0,0,0,0,0,0,0,0,0,0,0,0,0,0,0,0,0,0,0,0,0,0,0,0,0,0,0,0,0,0,0,0,0,0,0,0,0,0,0,0,0,0,0,0,4,0,0,0,0,0,0,0,0,0,0,0,0,0,0,0,0,0,0,0,0,0,0,0,0,0,0,0,0,0,0,1,0,0,0,0,0,0,0,1,0,0,0,0,0,0,0,1,0,0,0,0,1,1,1,0,0,0,0,0,0,1,0,0,0,0,0,0,0,2,1,0,0,3,2,2,1,0,3,3,5,4,7,4,5,2,1,10,1,1,5,9,5,4,8,10,14,7,5,8,5,11,9,8,14,12,10,10,14,18,12,13,12,12,21,22,6,19,32,9,14,11,21,23,20,21,15,31,29,18,39,20,12,16,28,27,34,28,24,28,26,30,25,31,21,38,40,48,37,43,37,45,33,49,57,62,63,73,74,79,84,60,64,49,46,63,48,61,84,76,78,116,113,106,120,131,143,112,145,159,200,213,188,215,194,219,192,174,164,116,113,106,94,176,227,278,393,524,525,605,580,634,716,709,802,834,940,1097,1176,1188,1447,1521,1607,1646,1724,1957,1899,3102,2974,2929,3220,3289,3388,3385,3133,3300,3160,3273,3222,3269,3216,3368,3659,3293,3203,3201,3376,3825,3444,3281,3139,3253,3497,3854,3324,3660,3265,3893,3703,4063,4318,4910,5258,5331,5485,5776,6292,7268,7867,8719,8968,9021,9294,9345,8626,8144,8711,9915,9448,9381,9976,9690,12267
3004,Pharmacology,"Pharmacology, Toxicology and Pharmaceutics",Life Sciences,0,0,0,0,0,0,0,0,0,0,0,0,0,0,0,1,0,0,0,0,1,0,0,0,1,0,0,0,0,0,0,0,0,0,0,0,0,0,1,1,1,0,0,0,0,0,0,0,0,0,1,0,0,2,0,0,0,1,0,0,0,0,0,0,0,0,0,0,1,0,0,0,0,0,0,0,0,0,0,0,0,1,2,0,1,0,0,2,0,0,1,0,1,1,0,0,0,1,2,3,6,5,1,2,3,2,3,0,1,0,2,5,6,1,7,2,2,2,4,0,4,4,10,14,39,24,19,53,56,56,28,37,35,42,59,101,101,86,79,54,72,66,94,103,113,108,107,101,107,91,83,78,67,105,114,120,248,104,78,95,102,98,75,123,117,118,133,96,78,115,115,74,89,114,127,133,126,158,162,148,182,177,94,223,112,92,98,117,78,88,99,116,106,114,162,149,156,145,189,140,224,190,219,218,188,244,253,252,245,242,241,267,292,253,283,256,200,209,181,202,175,244,277,261,326,319,302,354,329,340,354,362,396,376,407,355,351,458,418,428,437,391,369,311,316,379,448,543,590,618,853,824,948,956,1006,1080,1103,1082,1170,1265,1420,1269,1323,1664,1923,1817,1766,1821,1995,2077,2388,2161,2189,2274,2390,2436,2725,2807,3129,2828,3228,3104,3322,3295,3441,3568,3695,3797,3906,4045,4322,4224,4202,4160,4353,4587,5018,4699,5366,5128,6303,6732,7502,8508,9560,10237,11513,13092,14059,15224,16166,18737,17747,17726,16956,15707,15359,15124,14394,15646,16867,15616,14864,17324,15134,16646
3005,Toxicology,"Pharmacology, Toxicology and Pharmaceutics",Life Sciences,2,0,0,0,0,0,0,0,0,0,0,0,0,0,0,0,0,0,0,0,0,0,0,0,0,0,0,0,0,0,0,0,0,0,0,0,0,0,0,0,0,0,0,0,0,0,0,0,0,0,0,0,0,1,0,0,0,0,0,0,0,0,0,0,0,0,0,0,0,0,0,0,0,0,0,0,0,0,0,0,0,0,0,0,0,0,0,0,0,0,0,0,0,0,0,0,0,0,0,0,0,0,0,1,0,0,0,0,0,1,1,0,0,0,0,0,0,0,0,0,0,0,1,1,2,1,0,1,1,2,4,1,1,1,2,1,0,2,2,3,1,1,2,1,0,3,4,1,2,1,2,0,8,1,6,2,2,4,4,2,5,5,3,4,13,2,3,1,3,4,1,3,6,2,9,3,3,5,6,4,6,8,6,6,7,26,20,9,8,11,13,9,14,10,12,7,16,16,11,10,14,11,17,16,14,18,12,11,10,15,17,14,14,33,21,15,17,15,16,13,21,28,18,33,36,45,59,30,24,37,32,43,34,47,43,48,52,40,46,55,44,35,30,45,23,41,52,65,124,99,141,119,126,137,118,144,143,123,141,135,149,150,193,203,210,263,248,302,277,310,369,404,471,474,442,486,483,590,580,590,623,601,639,590,666,632,886,959,1080,1091,1171,1158,1167,1140,1139,1291,1337,1467,1464,1372,1653,1638,1770,1808,2028,2238,4229,2574,2750,2577,2787,3620,3370,3471,3701,3571,3557,3600,3549,3417,3846,3368,3371,3571,3578,4727
3102,Acoustics and Ultrasonics,Physics and Astronomy,Physical Sciences,0,0,0,0,0,0,0,0,0,0,0,0,0,0,0,0,0,0,0,0,0,0,0,0,0,0,0,0,0,0,0,0,0,0,0,0,0,0,0,0,0,0,0,0,0,0,0,0,0,0,0,0,0,0,0,0,0,0,0,0,0,0,0,0,0,0,0,0,0,0,0,0,0,0,0,0,0,0,0,0,0,0,0,0,0,0,0,0,0,0,0,0,0,0,0,0,0,0,0,0,0,0,0,0,0,0,0,0,0,0,0,0,0,0,0,0,0,0,0,0,0,0,0,0,0,0,0,0,0,0,0,0,0,0,0,0,0,0,0,0,0,0,0,0,0,0,0,0,0,0,0,0,0,0,0,0,0,0,0,0,0,0,0,0,0,0,0,0,0,0,0,0,0,0,0,0,0,0,0,0,0,0,0,0,0,0,0,0,0,0,0,0,0,0,0,0,0,0,0,0,0,0,0,0,0,0,0,0,0,0,1,0,0,0,0,0,0,0,0,0,0,0,0,1,0,0,0,0,0,0,1,0,0,0,0,0,0,0,1,0,0,0,0,2,1,0,0,0,0,0,0,1,0,0,1,1,0,1,0,3,3,5,6,8,4,9,13,14,20,21,16,23,27,28,27,39,30,34,51,42,48,48,48,51,51,41,62,82,87,115,140,146,139,164,111,139,195,161,168,152,164,191,194,235,274,296,310,350,292,342,401,457,515,547,587,753,827,853,875,1082,937,1052,1153,1221,1119,1241
3103,Astronomy and Astrophysics,Physics and Astronomy,Physical Sciences,2,1,0,2,7,3,3,5,0,1,3,5,2,1,3,6,6,4,3,7,5,4,2,5,3,4,3,3,7,3,4,5,3,8,2,12,3,5,12,5,2,12,7,3,4,1,3,3,6,7,8,2,12,17,0,5,0,7,0,10,1,39,4,7,17,5,11,7,10,46,1,24,7,5,8,5,7,6,5,6,3,8,5,19,16,10,17,12,7,6,12,5,9,19,9,7,6,6,15,34,81,28,48,49,26,36,32,27,40,64,31,48,30,25,29,82,31,28,51,40,46,70,78,190,133,154,186,192,143,136,130,266,187,281,188,195,183,230,135,142,179,149,163,199,217,241,402,382,383,358,407,458,477,475,515,507,395,505,513,487,490,463,571,447,423,470,453,506,510,546,609,569,734,847,704,666,660,802,942,893,921,1095,1139,1073,1196,1079,1273,956,1082,1292,1244,1296,1236,1270,1195,1279,1414,1220,1259,1317,1331,1256,1270,1425,1296,1361,1370,1294,1411,1477,1524,1559,1244,1277,1396,1134,1104,1081,1208,1129,1274,1453,1657,1555,1670,1702,1637,1889,1854,1792,1879,1972,1992,1948,1849,1789,1986,1755,1788,1818,1592,1423,1267,1164,990,967,1513,1345,1691,1888,2028,2020,1920,1913,2074,2294,2376,2654,2891,3284,3903,4369,4880,5635,5780,6724,7161,7849,8338,9799,10635,11268,12054,12998,14246,13566,13659,14449,13634,15322,15795,16223,15771,16418,17188,18103,18825,19260,20177,20411,21014,21315,21823,23374,24175,24048,26258,27954,30058,31449,33430,42600,39783,46864,44803,46089,50820,52941,53602,55864,55007,94620,58577,60581,76060,65522,65290,65122,68778,74734,65981,62352,61375,69885,62617,83710
3104,Condensed Matter Physics,Physics and Astronomy,Physical Sciences,0,0,0,0,0,0,0,0,0,0,0,0,0,0,0,0,0,0,0,0,0,0,0,0,0,0,0,0,0,0,0,0,0,0,0,0,0,0,0,0,0,0,0,0,0,0,0,0,0,0,0,0,0,0,0,0,0,0,0,0,0,0,0,0,0,0,0,0,0,0,0,0,0,0,1,0,0,0,0,0,0,0,0,0,0,0,0,0,0,0,0,0,0,0,0,0,0,0,0,0,1,0,0,0,0,1,0,1,0,0,0,0,0,0,0,0,0,0,0,0,0,1,0,0,0,0,0,0,0,1,0,2,1,0,1,1,0,0,1,2,1,0,1,1,2,0,0,1,2,0,1,0,3,3,3,1,2,5,2,1,0,0,3,1,1,0,1,0,1,2,7,1,4,1,4,2,0,3,3,3,2,4,1,12,2,6,4,1,4,5,4,2,0,1,1,3,39,9,12,11,6,5,7,5,12,14,17,14,12,12,9,20,18,34,36,23,16,12,13,13,12,21,37,33,28,47,45,43,38,44,53,47,49,45,34,54,56,44,48,55,51,62,39,30,20,22,39,46,85,121,150,145,186,202,210,209,260,286,343,432,523,578,721,897,1130,1222,1407,1645,1850,1835,1948,2155,2363,2738,3054,2817,2808,3081,3066,3205,3594,3753,3628,3904,4277,4683,4886,8277,10493,11234,11591,12906,11679,12181,13903,12017,13691,14006,13238,14049,15143,14993,15668,15441,14838,17645,17429,16326,15105,14812,14888,15061,15482,15575,15581,15339,15586,15206,14893,15971,20610,15000,14783,16058,14747,15595
3105,Instrumentation,Physics and Astronomy,Physical Sciences,0,0,0,0,0,0,0,0,0,0,0,0,0,0,0,0,0,0,0,0,0,0,0,0,0,0,0,0,0,0,0,0,0,0,0,0,0,0,0,0,0,0,0,0,0,0,0,0,0,0,0,0,0,0,0,0,0,0,0,0,0,0,0,0,0,0,0,0,0,0,0,0,0,0,0,0,0,0,0,0,0,0,0,0,0,0,0,0,0,0,0,0,0,0,0,0,0,0,0,0,2,0,0,0,0,0,0,0,0,0,0,0,0,0,0,1,0,0,0,0,0,0,0,0,0,0,0,0,0,1,0,1,0,0,0,0,0,0,0,0,0,0,1,0,1,0,0,2,1,0,2,0,1,0,0,3,1,3,3,1,1,0,2,1,0,3,2,0,0,4,1,1,1,2,1,3,3,2,4,3,1,3,2,3,4,7,6,1,3,2,10,5,6,8,10,11,10,16,16,14,10,12,14,10,11,9,3,7,11,11,12,15,9,12,10,7,24,16,25,18,23,16,41,30,28,29,29,29,29,27,33,28,26,34,33,42,55,43,36,40,49,41,25,19,24,23,63,34,57,34,65,65,63,60,60,61,82,101,122,107,127,147,161,171,217,222,255,305,406,437,468,463,553,664,652,889,767,856,986,1136,1088,1077,1249,1332,1378,1201,1512,1792,1672,1659,1894,1843,1796,2273,2593,2454,2611,2980,2666,2777,2776,2721,2814,3104,3364,3162,3849,3544,3880,3561,4027,4386,4138,3965,4200,4616,4169,4169,4341,4791,4032,3450,3196,3800,5763,5218
3106,Nuclear and High Energy Physics,Physics and Astronomy,Physical Sciences,0,0,0,0,0,0,0,0,0,0,0,0,0,0,0,0,0,0,0,0,0,0,0,0,0,0,0,0,0,0,0,0,0,1,0,0,0,0,0,0,0,0,0,0,0,0,0,0,0,0,0,0,0,1,0,0,0,0,0,0,0,0,0,0,0,0,0,0,0,0,0,0,0,0,1,0,0,0,0,0,0,0,0,0,0,0,0,0,0,0,0,0,1,0,0,0,0,0,1,0,1,0,0,0,1,0,0,0,1,0,0,0,0,0,0,0,0,0,0,0,0,0,0,2,5,4,4,4,0,3,0,6,1,2,0,5,1,2,2,2,6,3,5,3,5,7,8,2,5,10,5,8,7,16,18,25,7,17,11,6,9,10,17,12,12,13,10,11,6,5,10,10,10,12,11,10,5,11,6,5,7,19,13,8,16,14,6,9,14,17,18,25,16,16,37,20,20,20,28,34,25,10,14,17,14,14,15,14,18,22,34,40,17,23,21,21,17,13,28,21,21,26,30,34,36,27,35,27,46,30,32,48,72,81,85,93,151,145,149,126,103,76,67,40,45,42,88,153,261,474,425,495,542,632,766,731,1038,1165,1487,1430,1868,2013,2445,2908,2811,3420,3837,4328,4771,4993,5450,5927,6549,8287,8085,8286,7737,8075,8137,8922,8556,10034,8754,10059,10129,10896,11247,11368,11636,12282,12860,13033,14680,14887,15900,18146,18028,19396,20991,22215,22139,24798,24917,26910,25796,28700,27374,29483,30933,40367,30869,32814,35314,37046,34389,36257,41399,36825,34130,35225,31371,32985,34189,36521,32389,39390
3107,"Atomic and Molecular Physics, and Optics",Physics and Astronomy,Physical Sciences,0,0,0,0,0,0,0,0,0,0,0,0,1,0,0,0,0,0,0,0,0,0,0,0,0,0,0,0,0,0,0,0,0,0,0,0,0,0,0,0,0,0,1,0,0,0,1,1,0,0,0,0,1,13,0,0,0,0,0,1,0,1,0,1,0,0,0,0,0,0,0,1,0,0,0,0,0,0,1,0,1,0,0,1,0,0,1,1,2,1,0,0,0,0,0,0,0,0,1,9,28,13,10,23,16,13,15,12,11,3,6,16,5,7,6,12,9,7,5,4,3,20,21,15,7,17,38,6,23,17,17,13,19,26,25,19,24,22,29,19,27,36,35,33,29,30,32,53,27,40,34,44,35,48,39,44,41,57,45,42,48,37,32,34,33,38,43,40,27,51,106,48,45,48,68,74,91,94,95,111,126,108,107,112,136,112,87,106,122,114,115,148,139,130,139,153,153,185,166,154,186,209,244,218,229,253,216,228,240,227,313,246,311,283,312,232,200,218,199,231,282,269,399,487,486,539,610,681,694,732,848,729,819,807,859,903,855,793,790,773,621,580,440,399,337,380,589,712,944,1218,1451,1552,1714,1815,1872,2054,2256,2509,3028,3149,3648,4086,4763,5670,5944,7134,7838,8846,9463,10575,10804,11363,12405,13187,13881,14508,14221,14297,14794,15141,15852,16776,16536,17895,19031,20728,21817,23274,24213,25637,27761,29650,31025,34007,33686,33925,37300,36212,38770,36883,40449,40354,51191,49812,50914,57020,57193,57295,55112,56584,57195,59390,59849,59620,60160,60978,61470,60709,61788,61233,61092,59013,59031,62769,58120,71755
3108,Radiation,Physics and Astronomy,Physical Sciences,0,0,0,0,0,0,0,0,0,0,0,0,0,1,0,0,0,0,0,0,0,0,0,0,0,0,0,0,0,0,0,0,0,0,0,0,0,0,0,0,0,0,0,0,0,0,0,0,0,0,0,0,0,2,0,0,0,0,0,2,0,0,0,0,0,0,0,0,0,0,0,0,0,0,0,0,0,0,0,0,0,0,0,0,0,0,0,0,0,0,0,0,0,0,0,0,0,0,0,0,0,0,1,0,1,0,0,0,1,0,0,0,0,0,1,1,0,0,0,0,0,2,2,1,0,0,3,0,3,1,1,3,2,1,1,0,1,2,2,1,3,3,4,6,3,4,3,5,1,1,9,2,6,11,5,4,5,3,7,9,11,6,4,2,2,5,5,2,4,4,4,2,1,8,4,7,9,10,10,9,3,8,9,6,4,5,6,9,18,4,15,5,9,10,12,12,36,24,21,22,19,22,20,25,56,44,49,63,47,53,52,49,53,71,88,65,56,46,44,57,56,73,97,96,133,129,136,136,141,165,192,161,223,256,293,291,310,327,295,322,256,208,165,172,134,153,273,413,594,815,1014,1046,1103,1166,1273,1277,1695,1755,2344,2513,3049,3195,3390,3853,3451,3667,3910,4313,4554,4574,4613,4810,4945,4958,4876,4814,4114,3964,4007,4116,4232,4362,4106,4412,4229,4382,4739,4562,4540,4572,4840,4707,5367,5333,5392,5947,5700,5916,5591,5838,6276,6562,8025,7404,8279,9449,9687,10138,10482,11593,11312,12251,12393,13381,14185,14477,14375,13383,13140,13104,13095,11160,12462,12239,12043,12073
3109,Statistical and Nonlinear Physics,Physics and Astronomy,Physical Sciences,3,0,0,0,2,0,1,1,3,3,2,1,1,0,0,0,0,0,1,2,1,1,0,1,0,0,1,0,0,1,0,1,0,0,0,4,0,1,0,2,0,2,0,0,1,3,3,0,2,0,2,1,4,4,0,1,0,2,0,3,1,2,0,1,2,0,0,3,0,0,0,0,0,2,1,2,2,5,1,2,0,2,2,3,2,0,0,1,2,3,2,0,1,4,1,3,0,1,3,7,21,6,13,20,11,14,11,4,12,9,7,6,10,7,5,17,6,5,16,8,8,12,9,12,14,14,21,31,17,18,45,21,28,41,17,14,20,48,32,26,22,25,38,57,22,45,45,79,51,48,40,92,69,66,65,47,62,73,42,55,54,43,47,55,61,42,55,49,57,77,81,112,131,113,113,117,136,115,198,166,242,180,148,167,159,152,194,185,178,167,190,210,197,187,193,197,191,222,172,215,195,205,218,241,230,269,192,215,259,249,272,245,282,263,287,238,211,198,191,191,247,292,351,326,365,440,396,434,475,478,478,446,495,451,473,511,511,468,501,454,403,365,342,338,271,302,404,452,509,685,819,940,899,921,995,959,1000,1080,1225,1328,1582,1618,1664,2130,2334,2418,2550,2658,2760,2819,2948,3021,3286,3438,3362,3503,3530,3612,3977,3874,3981,4194,4236,4582,4853,4869,5182,5444,5599,5889,6383,6518,6846,7553,7498,7913,8677,8943,9195,9524,10674,11719,13555,13931,14364,16274,17126,17672,18956,19513,20480,22364,22620,24086,25113,24321,25536,25175,26930,26348,26834,27339,26865,28924,28375,39015
3200,General Psychology,Psychology,Social Sciences,0,0,0,1,0,0,0,0,0,0,0,1,0,0,0,0,0,0,0,0,0,0,0,0,0,0,0,0,0,0,0,0,0,0,0,0,0,0,0,0,0,0,0,0,0,0,0,0,0,0,0,0,0,0,0,0,0,0,0,0,0,0,0,0,0,0,0,0,0,0,0,0,0,0,0,0,0,0,0,0,0,0,0,0,0,0,1,0,0,0,0,0,0,0,0,0,0,1,0,1,4,1,5,1,0,1,1,2,4,3,1,2,2,3,3,0,2,1,3,0,0,0,2,0,2,4,3,4,1,3,5,2,4,3,3,5,5,7,3,3,13,10,5,3,10,10,28,8,8,17,15,19,16,14,21,14,28,25,15,20,17,196,29,31,33,12,18,17,29,18,18,31,30,41,45,29,29,39,45,33,44,50,49,37,45,57,65,91,71,103,82,102,100,97,114,132,154,152,146,142,153,175,166,185,201,197,185,202,191,187,254,213,298,194,203,212,199,213,180,262,285,349,332,377,423,444,513,558,583,622,579,556,587,537,546,585,600,597,564,656,609,529,576,371,393,392,468,416,519,498,655,600,665,587,526,529,592,617,597,545,623,643,702,675,756,785,905,923,907,902,920,1018,961,1051,1062,1040,1202,1091,1080,1138,1194,1177,1098,1068,1262,1112,1079,1264,1243,1235,1330,1291,1403,1364,1340,1416,1394,1407,1487,1438,2156,2205,2263,2426,2000,2046,2249,2336,2345,3036,3051,7600,3464,4136,3531,3719,3402,3911,3238,3690,2945,1980,1851,2110,2132,2095
3202,Applied Psychology,Psychology,Social Sciences,0,0,0,0,0,0,0,0,0,0,0,0,0,0,0,0,0,0,0,0,0,0,0,0,0,0,0,0,0,0,0,0,0,0,0,0,0,0,0,0,0,0,0,0,0,0,0,0,1,0,0,0,0,0,0,0,0,0,0,0,0,0,0,0,0,0,0,0,0,0,0,0,0,0,0,0,0,0,0,0,0,0,0,0,0,0,0,0,0,0,0,1,0,0,0,0,0,0,0,0,6,1,0,0,0,3,0,1,1,0,0,0,1,1,0,0,0,0,1,0,0,0,0,0,0,0,0,2,2,0,0,2,0,0,2,1,1,1,15,27,12,0,1,1,5,3,2,4,2,1,1,1,2,3,6,10,20,7,5,3,1,9,4,2,0,1,4,4,0,1,1,6,3,3,3,4,8,8,11,0,4,4,6,8,8,4,8,5,8,5,11,6,7,17,12,8,7,19,2,9,15,13,14,15,13,11,8,9,19,15,25,39,28,35,50,43,42,62,37,34,46,49,69,34,46,32,44,58,46,55,51,56,53,77,73,90,75,95,85,83,106,106,109,134,122,151,207,193,242,276,337,321,314,345,370,359,346,322,320,358,352,372,415,414,494,502,564,563,626,760,764,757,794,828,870,897,1065,980,1056,983,994,1046,1164,1101,1083,1124,1189,1160,1244,1317,1369,1395,1451,1463,1446,1599,1733,1710,1812,1999,2315,2295,2579,2896,3197,3147,3833,4131,4739,5117,6028,6372,7176,7719,8352,8516,8949,9320,9532,9438,10617,9579,8932,10109,11951,14284
3203,Clinical Psychology,Psychology,Social Sciences,1,0,0,0,0,0,0,3,0,0,3,2,2,1,0,0,0,1,0,0,1,0,0,1,0,0,0,2,0,1,0,1,0,1,0,0,0,0,0,2,0,0,1,0,0,2,0,2,0,0,1,1,1,2,0,1,0,1,0,2,0,0,0,0,0,1,0,2,2,1,0,1,0,0,0,0,2,0,0,0,0,0,1,0,1,0,3,1,4,3,0,2,5,1,4,0,4,1,1,7,46,16,13,6,15,10,20,12,17,11,11,11,13,13,12,13,12,11,15,15,8,16,17,19,25,32,17,18,41,34,39,31,69,40,26,34,26,43,29,37,62,77,72,63,64,83,94,116,75,62,109,94,99,98,133,145,153,128,159,151,149,150,191,169,162,142,164,167,224,171,219,184,230,227,254,234,275,286,290,261,260,296,253,272,265,302,343,362,346,321,374,299,360,308,382,392,439,424,437,459,521,503,516,523,484,612,535,494,565,629,581,642,621,637,633,494,569,522,493,556,646,668,729,818,803,833,912,959,915,877,914,979,1062,1102,1046,1201,1187,1138,1228,1121,1008,940,982,881,984,1178,1637,1708,1988,2028,2234,2506,2509,2521,2770,2713,2792,2905,3070,3253,3458,3584,3602,4174,4541,4878,5058,5155,5752,6067,6360,6291,6542,7091,7095,7490,8008,8795,9217,9697,10097,10275,10704,11086,11492,12252,13251,13703,14814,15665,16443,16609,17453,18230,18882,19797,21730,22367,24046,24320,28854,29817,32889,35195,38756,40045,46026,50218,54513,58713,65828,71499,75431,81442,85341,88329,91542,96720,99762,97581,118416,116888,102124,102885,105034,115551
3204,Developmental and Educational Psychology,Psychology,Social Sciences,0,0,0,0,0,1,0,2,0,0,0,0,0,0,0,0,0,0,0,0,0,0,0,0,0,0,1,0,0,0,0,0,0,0,0,0,0,0,0,0,0,0,0,0,0,0,0,0,0,0,0,0,0,1,0,0,0,0,0,0,0,0,0,0,0,0,0,0,0,0,0,0,0,0,0,0,0,0,0,0,0,0,0,0,0,0,0,0,0,2,2,0,0,1,0,0,0,1,0,1,17,1,2,0,1,0,1,1,1,2,0,1,1,1,0,0,0,5,4,3,3,3,3,0,3,1,2,3,1,5,7,4,2,2,2,3,6,2,5,9,5,12,2,7,6,2,13,23,10,8,18,16,18,15,13,19,20,21,29,23,34,12,17,15,5,10,12,26,19,57,71,75,61,68,70,77,74,75,76,76,75,85,89,75,83,35,38,43,56,60,65,52,39,51,83,89,107,106,154,139,117,129,118,128,160,154,115,133,166,159,182,188,185,170,186,194,178,180,170,134,182,195,241,236,236,233,267,263,256,285,305,287,306,307,314,313,329,385,417,355,342,333,281,304,275,287,387,409,457,484,538,548,594,592,694,688,728,715,874,888,987,1146,1238,1454,1768,1902,2024,2316,2709,3040,3367,3440,3462,3837,3811,3923,4150,4196,4464,4555,4880,5046,5048,5094,5363,5351,5497,5534,5819,6088,6355,6269,6651,6838,6794,6903,7799,7837,8588,8747,10161,10273,11882,12532,13749,15164,16895,18531,21276,24041,26906,29088,31824,33979,36068,38417,38743,39435,41206,43969,44593,40393,35694,38189,40712,54709
3205,Experimental and Cognitive Psychology,Psychology,Social Sciences,0,0,0,0,0,0,0,1,1,0,3,2,0,0,0,0,0,0,0,0,1,0,0,0,0,0,0,0,1,0,1,0,0,0,0,0,0,3,2,1,1,0,2,0,0,0,0,0,1,0,0,0,0,0,2,0,0,0,0,0,0,0,0,0,2,0,0,0,3,0,1,0,0,0,1,0,2,1,0,0,0,0,0,0,1,3,1,2,0,3,1,1,0,1,1,0,0,0,4,13,43,5,7,9,9,6,6,8,4,5,2,9,7,10,3,11,5,9,6,3,12,6,7,7,9,10,10,17,24,8,12,3,18,10,13,8,11,15,9,20,18,11,13,12,11,16,26,52,29,22,25,25,41,42,41,31,37,45,35,30,27,32,30,30,28,30,39,49,33,30,34,70,41,54,60,61,62,73,105,70,77,90,92,102,106,88,106,93,93,108,131,97,127,178,130,145,130,142,165,169,172,161,160,166,171,179,178,162,209,173,214,222,234,228,229,268,260,205,202,209,281,251,270,282,321,321,348,356,407,388,427,411,377,479,452,454,468,547,514,514,535,425,439,391,332,375,464,537,584,644,712,729,762,812,841,910,942,1006,1123,1162,1326,1337,1432,1721,1874,1995,2109,2368,2830,2940,3195,3282,3543,3496,3659,3860,4147,4009,4470,4555,4710,4822,4659,4930,5093,5192,5437,5861,6009,6471,6876,6821,7176,7297,7789,8159,8675,9355,9452,10175,12125,12580,14240,15039,16539,18102,20879,22817,24331,26628,29712,32227,33283,37027,37572,38596,39165,41101,42424,43008,44721,42199,39754,43469,44327,59607
3206,Neuropsychology and Physiological Psychology,Psychology,Social Sciences,0,0,0,0,0,0,0,1,0,0,0,0,0,0,0,0,0,0,0,0,0,0,0,0,0,0,0,0,0,0,0,0,0,0,0,0,0,0,0,0,0,0,0,0,0,0,0,0,0,0,0,0,0,0,0,0,0,0,0,0,0,0,0,0,0,0,0,0,0,0,0,0,0,0,0,0,0,0,0,0,0,0,0,0,1,0,0,0,0,0,0,0,0,0,0,0,0,0,0,0,2,2,2,0,0,0,0,0,0,0,0,0,0,0,0,1,0,0,0,0,2,2,0,0,0,0,1,0,0,1,0,1,2,0,1,1,2,0,0,1,0,0,1,1,0,0,0,7,2,0,1,1,0,1,1,1,1,1,0,3,2,0,1,3,3,3,2,3,2,4,4,5,2,2,6,1,1,4,6,4,3,1,2,1,3,5,3,5,3,3,6,7,1,3,8,8,6,5,5,6,8,15,9,15,16,29,23,11,22,18,19,24,17,24,22,16,22,12,17,12,13,22,21,19,13,25,26,22,29,34,22,12,22,21,35,26,12,10,15,14,19,17,23,28,26,31,70,57,46,59,65,71,63,85,95,92,91,100,103,103,130,155,121,120,168,157,179,187,215,223,194,221,218,253,264,244,307,322,375,455,497,523,551,539,573,561,621,628,636,685,743,751,734,811,783,870,904,956,993,1059,1177,1137,1267,1356,1369,1483,1743,1745,1708,2006,2145,2183,2445,2714,2875,3273,3241,3476,3439,3441,3284,3120,2446,2701,3106,4390
3207,Social Psychology,Psychology,Social Sciences,1,1,1,4,0,2,1,6,0,1,1,3,0,1,0,0,2,0,0,0,0,1,0,0,0,0,0,1,0,0,0,0,1,0,0,1,0,1,1,1,1,1,2,1,3,5,2,2,4,0,0,3,1,0,2,1,0,2,1,2,0,0,2,4,5,0,0,1,0,0,0,7,1,1,1,3,5,3,2,5,0,0,1,1,1,2,0,7,9,10,5,3,10,11,3,2,10,3,6,4,47,14,11,17,6,13,17,33,30,37,44,20,12,22,11,18,20,14,10,14,9,11,16,33,24,29,20,31,38,42,42,31,46,33,37,26,29,34,42,45,41,34,43,35,45,73,65,78,78,63,71,80,53,77,88,58,71,74,78,82,74,77,90,54,68,74,65,69,74,110,113,93,98,118,128,117,119,144,186,146,180,167,154,172,168,205,199,233,210,257,242,221,260,263,273,331,344,300,351,411,410,442,482,494,462,552,531,549,522,563,571,629,574,586,496,503,456,505,457,520,654,664,716,706,758,755,893,878,854,843,925,851,862,868,905,874,901,969,1005,1008,979,868,760,693,688,712,945,1085,1263,1318,1403,1545,1466,1675,1774,1904,1828,1934,1994,2207,2391,2504,2619,2846,3081,3452,3780,3998,4295,4938,5759,5341,5802,5961,6243,6492,7054,7413,7692,7838,8366,8600,8440,8530,9022,9322,10085,9952,10726,11077,11812,12373,12690,13382,14136,14998,16040,16642,18111,19078,23214,23620,26449,28951,31201,33320,38734,42366,46757,51434,58757,62877,66034,72431,75340,78450,79610,83015,83878,86989,90179,81583,74280,80768,87479,108338
3300,General Social Sciences,Social Sciences,Social Sciences,0,0,0,0,0,0,0,0,2,0,0,0,0,0,0,0,1,0,0,0,0,1,0,0,0,0,0,0,0,1,1,0,0,1,0,0,0,1,1,0,0,0,0,0,0,0,0,1,0,0,0,0,0,0,0,0,1,0,0,0,0,0,0,0,0,0,0,0,0,0,1,0,0,0,0,0,0,0,0,0,0,0,0,0,1,0,0,6,0,0,0,1,0,0,1,2,0,0,0,0,11,10,5,9,10,3,7,2,2,0,7,3,6,3,6,3,6,4,3,4,3,8,5,3,25,2,10,33,35,36,42,39,27,28,20,32,19,23,21,36,32,29,32,30,11,8,11,3,8,4,10,9,12,12,6,11,10,9,9,18,14,12,25,20,13,16,16,15,13,9,30,12,12,18,33,29,28,24,24,22,30,28,21,45,34,24,35,27,36,30,34,40,48,47,69,97,50,46,57,69,98,96,78,77,100,303,80,66,85,77,76,93,97,96,79,75,58,69,62,71,112,156,133,140,180,138,131,146,125,156,202,194,185,204,184,225,181,196,177,204,227,230,250,301,268,344,318,327,344,360,376,334,392,421,449,446,474,475,576,602,666,644,678,689,769,806,786,845,885,1004,1530,1041,1182,1246,1331,1402,1454,1551,1525,1748,1845,1875,1842,1992,2136,2384,2690,2692,3125,3274,3574,3428,3776,4481,4828,5292,6231,6395,7199,7863,8582,8996,9350,10281,10671,11490,12542,13516,14203,15534,16859,18730,19255,20108,22025,22014,23196,22401,23206,21720,21609,16971,11199,11952,13396,15419
3302,Archeology,Social Sciences,Social Sciences,0,0,0,0,0,1,0,0,0,1,0,0,0,0,0,0,0,0,0,0,0,0,1,0,0,0,0,0,0,0,0,0,1,0,0,0,0,0,0,0,0,0,0,0,0,0,0,1,0,0,0,0,0,1,0,0,0,0,0,0,0,0,0,1,0,0,0,0,1,0,0,0,0,0,0,0,0,1,0,0,0,0,1,0,0,1,1,0,0,3,1,1,1,0,0,2,1,0,3,6,6,6,10,2,4,1,1,1,3,2,9,6,2,1,3,5,3,2,3,3,5,6,7,6,2,6,15,12,10,7,13,14,18,12,12,14,10,17,15,21,29,10,13,19,14,34,31,64,53,47,52,36,43,50,36,59,48,55,55,39,43,35,63,51,41,36,39,73,79,90,40,45,44,46,51,52,58,68,61,86,100,44,64,61,67,64,83,108,90,62,90,65,65,65,71,83,86,99,74,99,162,78,86,108,121,134,103,132,140,146,146,155,164,166,127,139,126,113,110,130,143,116,148,158,127,164,163,172,139,179,206,168,167,196,166,194,222,193,207,187,163,155,171,143,135,124,113,138,155,176,214,210,199,223,231,241,251,263,295,317,339,288,338,391,373,359,340,329,436,411,395,369,355,395,443,437,456,449,444,493,489,485,451,399,430,472,520,511,471,463,542,500,614,591,598,626,631,657,605,655,793,832,825,854,942,905,1001,1218,1279,1347,1516,1584,1895,1772,1932,2052,2413,2504,2363,2602,2865,2297,2093,2026,1941,2358
3303,Development,Social Sciences,Social Sciences,0,0,0,0,0,0,0,0,0,0,0,0,0,0,0,0,0,0,0,0,0,0,0,0,0,0,0,0,0,0,0,0,0,0,0,0,0,0,0,0,0,0,0,0,0,0,0,0,0,0,0,0,0,0,0,0,0,0,0,0,0,0,0,0,0,0,0,0,0,0,0,0,0,0,0,0,0,0,0,0,0,0,0,0,0,0,0,0,0,0,0,0,0,0,0,0,0,0,0,0,1,0,1,0,0,0,1,0,0,1,0,0,0,0,0,0,1,0,0,0,1,3,1,1,0,1,0,1,1,2,1,0,1,1,0,0,2,0,2,0,3,1,1,3,7,2,3,0,1,4,2,1,1,3,4,3,4,0,4,4,0,2,5,1,1,3,2,4,3,5,1,5,2,0,1,2,4,2,4,8,5,10,5,10,6,8,9,1,9,6,11,4,10,3,7,9,12,5,10,13,17,13,8,20,9,23,14,20,18,18,20,14,16,16,16,26,20,22,16,22,27,30,31,23,27,35,31,42,29,32,50,36,32,47,45,55,47,44,58,48,62,55,63,44,69,78,80,92,84,89,132,148,127,136,167,161,180,213,270,326,318,331,383,495,587,624,643,686,679,749,869,756,886,865,870,986,1044,1111,1174,1310,1451,1357,1407,1428,1512,1586,1810,1808,2020,2093,2367,2212,2623,2694,2854,3140,3413,3704,4063,4511,4895,5133,5441,5987,6404,6889,7871,8758,9197,10465,12052,13163,13911,15749,16537,17702,17116,17179,17379,19170,19466,15996,13502,13637,14518,11613
3304,Education,Social Sciences,Social Sciences,2,2,0,0,3,1,17,2,14,0,13,6,1,2,1,3,0,4,1,14,4,2,0,7,0,7,7,13,0,23,0,1,14,0,2,0,3,6,2,18,13,0,6,14,30,1,1,5,8,2,1,8,7,1,6,1,5,1,4,5,2,10,0,1,18,3,1,0,1,0,0,2,4,1,1,10,9,0,0,2,1,0,2,2,9,1,6,4,6,9,13,3,6,4,4,0,9,1,7,6,153,22,25,22,12,7,23,24,26,27,41,26,46,27,20,25,18,20,32,22,27,14,18,24,51,46,62,70,83,107,109,113,76,69,89,79,65,73,123,125,160,131,162,89,120,166,192,305,293,231,221,178,200,252,311,325,380,410,236,305,287,270,208,222,194,192,225,257,271,216,280,270,319,311,286,394,375,376,310,405,475,436,451,483,505,447,504,555,607,634,706,628,671,783,860,896,861,736,778,916,1274,1247,1421,1423,1278,1638,1583,1804,1769,1957,1854,1974,2047,2087,1971,1843,1886,1794,1741,1904,2168,2084,2273,2406,2537,2785,2777,2948,2806,3079,3085,3026,2711,2736,2704,2756,2814,2973,3160,2986,2965,2970,2754,2564,2439,2597,2974,3198,3414,3581,4014,4077,4146,4432,4620,4866,4728,5091,5277,5616,6362,5957,6365,7132,7882,8649,9237,10382,11630,15633,19184,16343,17856,17966,18153,19325,19544,19211,19850,20761,22178,21943,21009,21364,22483,22787,23660,25109,26565,28470,30359,30790,33046,36540,38359,42067,45888,49884,53467,57924,67474,72908,81424,88347,94999,108066,121497,138049,154664,176858,204387,222116,241418,261394,270172,285297,295962,308977,308512,323540,329450,286616,264619,300736,289937,355169
3305,"Geography, Planning and Development",Social Sciences,Social Sciences,6,1,2,1,2,0,0,0,0,1,0,5,0,0,1,3,0,1,1,2,0,1,2,0,2,4,2,2,4,2,3,3,4,4,2,4,0,3,3,2,5,3,4,2,3,0,0,3,2,0,6,2,2,1,0,3,3,3,0,2,4,7,1,1,2,6,1,1,4,2,0,1,1,1,2,6,2,3,1,0,2,3,0,3,1,3,2,1,5,5,5,3,3,6,2,7,0,3,7,10,52,24,13,18,24,13,17,13,25,22,23,17,20,18,15,16,18,17,24,19,35,35,26,45,29,36,65,58,42,33,75,53,37,61,65,45,40,55,38,59,92,60,96,83,74,82,78,100,102,62,105,116,129,140,113,115,113,128,116,121,188,140,130,174,159,119,156,145,150,136,197,147,163,224,205,246,196,189,245,241,337,258,233,258,290,384,370,354,396,365,410,409,327,399,381,407,422,405,438,453,645,548,562,618,612,700,683,523,570,630,686,589,658,665,608,585,552,559,551,462,680,694,711,715,759,817,814,798,855,851,907,881,918,836,891,954,863,811,846,823,805,738,636,718,660,653,709,742,889,885,1038,991,1008,1073,1052,1105,1039,1081,1100,1176,1282,1341,1363,1555,1640,1600,1628,1798,1720,1832,2220,1972,2117,2097,2161,2284,2304,2445,2386,2577,2774,2746,2380,2588,2683,2915,3030,3313,3268,3606,4074,4129,4406,4556,4930,5136,5602,5753,6178,6627,7598,8084,8498,9406,9840,10857,11842,14943,14760,16526,18347,19767,20599,22650,23914,24686,27485,29005,29328,30785,31412,25599,22588,24254,23263,25508
3306,Health,Social Sciences,Social Sciences,0,0,0,0,0,0,0,0,0,0,0,0,0,0,0,0,0,0,0,0,0,0,0,0,0,0,0,0,0,0,0,0,0,0,0,0,0,0,0,0,0,0,0,0,0,0,0,0,0,0,0,0,0,0,0,0,0,0,0,0,0,1,0,0,0,0,0,0,0,0,0,0,0,1,0,0,0,0,1,0,0,0,0,0,0,0,0,1,0,0,0,0,0,0,0,0,0,0,0,3,30,33,15,5,17,14,14,13,7,3,3,8,7,8,4,7,1,3,6,3,2,4,5,2,3,1,3,2,11,5,7,13,6,3,11,10,7,7,9,14,20,26,19,7,2,12,12,8,10,8,14,16,21,51,28,28,20,21,17,28,20,13,19,32,16,13,28,43,34,28,20,37,19,29,10,24,15,30,18,39,49,31,36,31,28,36,27,56,57,33,53,58,65,64,87,62,105,115,164,176,88,117,123,88,86,136,59,70,88,90,134,80,78,77,123,127,111,104,115,75,99,123,142,114,140,133,179,144,151,151,157,174,153,124,132,154,141,126,142,105,133,131,126,128,100,104,171,203,212,217,296,313,318,297,370,378,349,355,351,360,410,387,479,544,487,518,548,530,597,795,772,625,731,709,695,791,872,931,996,1056,1129,1156,1263,1379,1510,1619,1778,1833,2077,2354,2288,2589,2846,2973,3303,3346,3802,4002,4710,4998,5776,5807,6263,6932,7316,8069,8986,9985,11176,12128,13174,15061,16770,18163,19668,20631,21855,22558,23937,25821,31127,35130,30897,30952,28645,32107
3307,Human Factors and Ergonomics,Social Sciences,Social Sciences,0,0,0,0,0,0,0,0,0,0,0,0,0,0,0,0,0,0,0,0,0,0,0,0,0,0,0,0,0,0,0,0,0,0,0,0,0,0,0,0,0,0,0,0,0,0,0,0,0,0,0,0,0,0,0,0,0,0,0,0,0,0,0,0,0,0,0,0,0,0,0,0,0,0,0,0,0,0,0,0,0,0,0,0,0,0,0,0,0,0,0,0,0,0,0,0,0,0,0,0,1,0,0,0,0,0,0,0,0,0,0,0,0,0,0,1,0,0,0,0,0,0,0,0,0,0,0,0,0,0,0,0,0,0,0,0,0,0,0,0,0,0,0,0,0,1,0,1,0,0,0,0,1,0,0,1,0,0,0,0,1,0,0,0,0,0,0,0,1,0,0,0,0,0,0,1,1,0,0,2,0,0,0,0,0,1,0,1,0,0,0,0,2,1,1,0,1,1,0,6,2,1,1,0,3,6,4,10,12,15,4,3,5,7,8,8,18,10,9,2,8,8,11,13,7,10,13,17,17,8,14,7,15,10,13,16,9,6,11,18,11,13,6,8,1,4,14,11,11,22,23,17,20,21,18,21,25,21,32,40,25,29,22,30,28,30,26,50,52,73,115,61,70,98,87,110,120,101,129,102,138,139,132,143,160,140,174,134,159,152,171,160,180,233,265,292,336,322,312,501,557,677,825,895,1082,1198,1401,1691,1829,2301,2573,2954,3415,4130,4608,5440,6644,8079,9271,10294,9930,8995,8872,11556,11784,13484
3308,Law,Social Sciences,Social Sciences,0,0,0,0,1,3,0,3,2,0,1,4,1,0,1,0,0,0,0,3,1,0,0,0,0,1,1,4,1,0,1,1,4,4,1,0,0,0,3,1,1,0,0,4,0,2,1,2,2,2,7,4,2,1,0,3,3,4,3,3,0,2,2,2,2,12,1,4,3,12,1,4,1,3,2,6,2,3,1,3,1,4,2,1,82,10,24,6,10,15,12,103,22,20,12,5,7,11,58,12,89,60,30,36,40,38,84,42,79,31,53,32,34,22,31,24,34,51,47,49,37,52,46,54,85,76,67,106,89,67,91,66,87,115,128,71,104,80,117,118,141,193,137,139,127,144,162,170,231,115,148,216,256,268,253,260,241,251,204,247,307,427,255,254,223,218,238,326,329,356,424,331,344,463,395,321,1415,448,333,443,470,588,538,586,576,511,620,701,658,652,749,706,741,798,845,846,1355,1104,1073,1357,1652,1733,1523,1636,1685,1872,1771,1655,2099,1979,1953,2184,2142,2015,2024,1424,1290,1463,1347,1462,1777,1867,1981,2040,1959,2199,2508,2549,2630,2713,2456,2660,2568,2128,2085,2141,2219,2044,2113,2148,2399,1682,1282,1052,949,929,1150,1564,1884,2253,2610,2307,2413,2786,2813,2856,2677,3009,2836,2984,3300,3260,3983,3554,3662,3607,3675,4014,4099,4502,5145,4709,4785,5133,5228,5388,5481,5912,6243,6318,6612,6700,6473,6800,7030,7459,7847,8392,8776,9319,9955,10205,11348,11968,12880,14197,15226,16552,18440,19904,23101,24330,26105,28262,32101,36097,39566,45486,47949,53702,62474,65786,70514,77766,86617,88664,101985,98870,96661,98947,99090,86291,71887,83941,77915,82157
3309,Library and Information Sciences,Social Sciences,Social Sciences,0,0,0,0,0,0,1,0,0,0,0,0,0,0,0,0,0,0,0,0,0,0,0,0,0,0,0,0,0,0,0,0,0,0,0,0,0,0,0,0,0,0,0,0,0,0,0,0,0,0,0,0,0,0,0,0,0,0,0,0,0,0,0,0,0,0,0,0,0,0,0,0,0,0,0,0,0,0,0,0,0,0,0,0,0,0,0,0,0,0,0,0,0,0,0,0,0,0,0,0,2,0,0,0,0,0,0,1,1,2,1,1,0,0,1,0,0,0,1,1,0,0,0,0,1,3,1,1,0,0,1,0,2,1,1,2,2,1,4,2,1,3,2,4,2,4,2,5,6,8,5,2,5,13,5,10,10,4,7,6,7,10,12,8,7,6,2,7,12,6,2,12,9,8,12,13,16,26,20,24,27,32,19,23,24,11,17,19,19,72,64,85,71,64,76,92,143,70,103,84,63,81,77,84,84,79,78,90,85,109,113,72,106,73,92,96,111,78,72,73,82,106,83,76,98,85,85,139,125,130,137,163,135,160,144,149,164,156,182,211,207,192,236,206,179,196,232,211,238,244,319,308,268,308,329,300,268,264,271,310,362,406,433,462,481,417,464,528,533,731,812,688,686,747,781,894,871,859,928,878,895,965,870,846,967,920,909,969,1073,1169,1291,1257,1305,1427,1396,1458,1389,1541,1492,1607,1887,1999,2166,2265,2393,2611,3074,4006,5292,8101,10691,12201,13319,14553,14108,15892,16240,15972,15927,12938,16507,5842,2328,2131,2238,2833
3310,Linguistics and Language,Social Sciences,Social Sciences,0,0,0,0,0,0,0,0,0,0,0,0,0,0,0,0,0,0,0,0,1,0,0,0,0,0,0,0,0,0,0,0,0,0,1,0,0,0,0,0,0,0,1,0,1,0,0,0,0,0,0,0,0,0,0,0,0,0,0,0,0,0,0,0,0,1,0,0,0,0,0,0,0,0,0,0,0,0,0,1,0,0,0,0,0,0,0,1,0,0,0,1,0,1,0,0,1,0,0,0,11,3,2,3,1,5,3,2,2,2,5,2,4,2,4,1,3,3,4,3,4,10,10,5,4,5,9,5,7,1,12,3,2,6,5,3,4,6,9,4,9,8,10,8,10,13,11,5,9,12,24,30,17,31,29,24,27,19,25,31,26,16,19,28,32,31,31,30,26,30,25,14,33,43,52,37,38,33,44,55,46,43,35,50,50,56,46,68,66,61,80,62,52,59,82,59,85,70,87,74,79,96,114,124,105,129,93,95,100,127,100,122,127,128,110,101,100,101,94,115,129,150,108,146,153,148,166,165,167,210,189,186,163,200,182,196,239,219,237,195,180,168,142,137,153,173,200,272,302,317,377,337,334,393,433,413,509,499,568,514,596,581,602,706,721,729,762,806,937,1021,1493,1257,1371,1449,1487,1558,1539,1554,1603,1689,1805,1796,1647,1614,1842,1867,2178,2094,2100,2159,2441,2574,2860,2932,3280,3397,3820,4068,4231,4430,5124,5314,5807,6588,6608,7200,8534,9170,10136,11474,12641,13303,14409,14865,15676,16536,17704,17733,16739,17495,17375,14312,12237,12699,12660,14730
3311,Safety Research,Social Sciences,Social Sciences,0,0,0,0,0,0,0,1,0,0,0,0,0,0,0,0,0,0,0,0,0,0,0,0,0,0,0,0,0,0,0,0,0,0,0,0,0,0,0,0,0,0,0,0,1,0,0,0,0,0,0,0,0,0,0,0,0,0,0,2,0,0,0,0,0,0,0,0,0,0,0,1,0,0,0,0,0,0,0,0,1,0,0,0,0,0,0,0,1,0,0,0,0,0,0,0,0,0,0,0,16,4,2,0,1,0,1,1,3,5,4,2,3,3,2,0,1,1,4,3,0,2,2,1,3,2,3,1,7,4,5,1,3,3,3,2,4,2,3,5,4,7,7,8,5,3,11,5,7,9,10,4,15,11,8,13,13,17,16,12,10,18,6,8,12,9,8,8,11,18,11,11,16,7,17,9,17,21,18,10,21,20,26,18,18,21,17,25,22,26,30,30,24,29,26,44,29,39,26,33,42,24,50,40,59,76,65,68,60,95,82,65,70,65,66,65,72,76,112,67,111,93,85,79,112,102,131,113,123,140,126,167,146,136,128,157,193,215,204,191,219,201,200,194,174,189,226,245,267,287,349,284,333,367,390,393,372,393,447,475,825,603,584,647,730,762,904,1031,1115,1291,1840,1359,1509,1551,1632,1672,1936,1847,2019,2139,2990,2369,2279,2300,2473,2646,2843,3027,3283,3351,4287,3927,4807,5338,5903,6319,6646,7000,7597,8305,9672,9968,11426,12112,13083,13669,15430,16837,18406,20239,21980,23596,24920,26020,27206,27350,27604,27853,28875,28384,29662,24790,23001,24156,29439,43533
3312,Sociology and Political Science,Social Sciences,Social Sciences,7,7,3,0,5,3,9,7,8,4,10,32,4,14,4,2,4,4,0,2,5,6,5,3,2,3,3,556,5,1,4,2,7,2,2,0,0,2,8,6,4,10,6,3,7,16,3,3,14,2,18,11,8,6,5,3,4,7,3,15,7,6,12,5,4,25,5,12,12,6,10,22,5,7,8,7,7,11,15,26,10,6,6,5,28,11,25,34,14,54,33,63,57,46,21,25,32,53,43,53,383,193,125,125,142,102,106,82,91,95,122,131,122,106,103,153,121,119,126,106,124,155,151,170,201,162,341,186,204,244,231,251,205,200,294,217,208,209,241,269,316,278,256,309,342,311,417,540,521,464,660,626,754,678,838,804,702,797,788,811,875,757,844,766,799,731,839,1135,1001,1008,1140,855,1097,1078,1158,1231,1362,1168,1273,1397,1849,1572,1579,1719,1796,1979,1822,2002,2103,2087,2272,2094,1972,2242,2486,2640,2751,2921,2970,3062,4112,3593,3865,3768,3745,4181,4129,4191,4521,4462,4845,5011,5046,5284,5101,4628,4600,4267,4213,4749,5366,5404,5732,5421,5915,6323,6644,6939,7219,7566,7892,7824,7912,7253,7360,7874,7955,8358,8328,8263,7611,7017,7170,6298,6166,6281,7068,8075,8669,9035,10311,10029,10223,10982,11511,12219,12103,12881,13076,13992,15441,15656,16596,17911,18785,19951,20849,22744,25597,27865,32347,28173,29541,30946,32658,33862,35102,37446,38760,40200,41678,41827,39061,40979,44097,44109,47675,49989,53458,57923,60329,62633,66110,70196,74941,80236,85329,90435,96570,103512,123629,132213,151002,163919,179135,195732,215855,261445,267851,297409,332047,351250,370273,403824,433183,442568,472974,501955,490165,502196,526638,456001,406094,425496,418127,454963
3313,Transportation,Social Sciences,Social Sciences,0,0,0,1,0,0,0,0,0,0,0,0,0,0,0,0,0,0,0,0,0,0,0,0,0,0,0,0,0,0,0,0,0,0,0,1,0,0,0,1,0,0,0,0,0,0,1,0,1,1,3,0,1,0,0,0,0,0,0,0,0,0,0,0,0,0,0,0,0,2,0,0,0,1,0,0,0,0,0,0,0,0,0,2,1,0,1,0,3,2,0,0,3,1,0,0,1,1,0,3,7,2,1,2,0,6,2,3,3,1,2,3,7,3,2,3,2,1,6,1,4,2,1,9,12,11,6,11,16,19,17,10,17,12,29,23,17,12,13,24,28,34,32,25,19,20,37,48,55,69,68,53,74,65,71,81,78,50,60,58,61,47,67,56,38,51,48,50,49,34,55,54,79,76,67,90,127,65,62,67,157,83,77,118,82,100,115,114,142,150,148,148,154,154,179,191,258,271,303,227,338,267,341,287,220,349,352,346,346,327,437,361,306,320,356,358,365,365,314,374,453,481,522,426,400,476,420,487,438,583,586,484,531,521,549,608,644,665,634,605,624,536,555,462,470,515,563,507,507,559,747,658,751,743,660,797,723,751,787,897,958,969,1067,1374,1505,1417,1301,1334,1428,1529,1818,1806,1874,1979,2336,2178,2573,2539,2687,2736,2792,2893,2839,2910,2980,3032,2975,3128,3259,3686,3717,3705,4314,4734,4981,5169,5582,5296,5838,5725,6962,7147,7695,8551,9463,10279,11047,12200,12855,14758,16928,17935,20206,21878,24749,24777,24496,23664,24786,23549,25699,21487,19287,21054,19375,23376
3314,Anthropology,Social Sciences,Social Sciences,16,14,14,12,18,10,6,7,5,7,9,21,7,13,4,5,12,9,5,7,7,8,4,4,7,7,5,53,9,4,5,6,4,17,8,12,1,8,13,13,23,11,8,6,66,9,30,6,8,9,13,10,48,10,9,15,4,15,8,14,7,10,11,9,4,26,8,110,6,10,17,32,11,24,8,18,16,8,7,25,6,7,12,15,14,31,12,24,22,34,25,21,54,26,21,19,69,14,35,50,245,162,150,111,128,104,99,69,88,142,100,121,95,80,107,101,101,118,149,108,163,203,172,159,168,185,160,170,162,190,216,175,136,169,171,214,204,220,211,257,308,289,249,218,212,278,312,400,286,275,502,505,544,600,566,618,585,607,686,646,692,520,515,531,665,575,586,690,604,567,681,454,637,708,741,780,802,762,817,845,1159,878,871,916,1014,1054,1127,1276,1247,1189,1378,1241,1267,1441,1393,1412,1558,1485,1545,1529,1949,1701,1682,1740,1737,1764,1941,2004,1918,2043,2272,2157,2235,2095,1991,1890,1804,1542,1448,1505,1876,1866,2165,2058,2426,2443,2653,2784,2802,2953,3233,3055,3198,2993,2878,3277,3619,3345,3455,3346,7937,2612,2457,2370,1954,2026,2432,2575,2904,3145,3645,3540,3749,3885,4004,4234,4246,4442,4438,4584,5342,5356,5530,6195,6250,6406,6444,6943,7392,7937,8841,7975,8299,8725,9099,9447,9821,10197,10782,11144,11644,11172,10360,10346,11282,11014,11884,11609,12127,12695,13481,13702,14812,14801,15814,16104,17093,17633,18262,19062,21995,23357,23655,25766,27279,28247,31605,37131,35364,40908,47964,52746,52748,56629,83921,68238,88195,66481,65097,60575,62109,53199,47198,50625,53518,47841
3315,Communication,Social Sciences,Social Sciences,0,0,0,0,0,0,0,0,0,0,0,0,0,0,0,0,0,0,0,0,0,0,0,0,0,0,0,0,0,0,0,0,0,0,0,1,0,0,0,1,0,0,0,0,0,0,0,0,0,0,0,0,0,0,0,0,0,0,0,0,0,0,0,0,0,0,0,0,0,0,0,0,0,0,0,0,1,0,0,0,0,0,0,0,0,0,0,0,0,1,0,0,0,0,0,0,0,0,1,0,16,6,2,1,0,0,0,0,0,3,1,1,2,1,0,0,0,1,1,0,0,2,1,0,3,0,1,1,1,2,0,1,1,2,0,1,5,3,3,10,5,2,3,2,2,2,9,8,13,9,13,13,20,6,12,12,9,15,8,15,7,8,2,7,10,3,15,4,12,7,10,4,10,9,11,19,27,18,35,22,39,19,8,17,24,17,17,33,13,22,27,24,24,26,33,27,15,28,20,33,24,50,32,41,26,64,30,39,45,51,41,37,30,30,32,42,49,50,35,68,46,56,59,72,84,108,97,113,99,132,157,159,130,130,106,175,179,205,228,209,181,180,183,175,159,154,224,283,283,269,304,289,280,293,340,304,335,373,357,405,395,385,427,474,463,453,520,518,596,722,1420,823,927,956,1086,1052,1086,1212,1258,1241,1320,1350,1405,1448,1600,1597,1881,1785,1913,2226,2491,2608,2725,2960,3206,3530,4015,4408,4991,5126,6497,6786,8002,8803,9944,11600,12762,14989,17774,20768,23649,26747,28090,29720,31623,32306,33862,34039,33672,34526,37538,30385,24926,26215,25786,30140
3316,Cultural Studies,Social Sciences,Social Sciences,2,1,2,0,2,1,0,3,0,1,2,8,0,0,0,0,0,0,0,0,1,0,1,1,0,1,0,1,0,0,0,4,1,0,0,1,0,1,2,4,1,1,2,0,1,5,0,1,5,0,4,5,2,1,6,0,6,3,2,1,2,0,0,1,0,5,1,5,6,7,1,1,1,1,7,1,2,4,1,3,2,1,1,1,2,2,5,5,1,8,3,3,10,5,6,0,3,2,7,6,67,35,35,29,39,34,41,20,23,31,30,22,21,32,22,30,19,27,40,32,63,30,20,49,31,46,57,26,47,35,35,33,30,29,51,42,57,25,57,53,53,50,51,56,48,52,78,120,99,81,88,107,121,104,106,107,101,111,107,102,124,141,126,107,142,129,135,147,130,144,145,120,140,145,148,198,194,180,177,194,284,190,230,207,206,208,251,268,303,315,276,256,324,331,342,366,409,366,444,437,783,606,556,594,748,769,638,613,644,684,805,729,905,753,682,560,590,599,564,660,871,865,950,806,1002,1068,1040,1142,1208,1237,1332,1186,1232,1263,1254,1352,1371,1353,1324,1328,1279,1049,1099,1077,984,1008,1180,1194,1353,1380,1602,1417,1548,1628,1785,1841,1745,1877,2066,2187,2504,2308,2491,2757,3035,3037,3154,3341,3579,3842,4463,4111,4289,4555,4582,5038,5058,5118,5404,5528,5903,5887,5524,5605,6157,6254,7029,7167,7576,8174,8584,9246,10073,10679,11446,12089,12830,13729,14667,15997,19093,19745,22078,24655,26086,27982,31086,34450,38289,41361,49430,50642,52525,58009,61741,62955,67091,72994,70913,75671,76265,63297,57528,59745,56769,71423
3317,Demography,Social Sciences,Social Sciences,1,0,1,0,0,0,0,2,1,0,0,3,1,0,0,0,0,0,0,0,0,0,0,1,0,1,0,1,1,1,0,0,0,0,0,0,0,0,1,0,0,1,1,0,3,0,1,1,1,0,0,1,3,1,0,1,3,0,1,1,0,1,0,0,0,0,0,1,0,0,0,1,0,0,1,1,3,0,0,0,0,0,1,1,16,2,1,2,1,1,3,7,3,5,0,0,1,0,0,0,32,25,17,13,8,4,7,10,17,29,67,30,39,34,25,23,12,13,11,16,59,67,37,45,53,45,28,36,26,34,31,26,22,33,30,34,32,25,18,41,28,34,34,29,41,29,35,62,35,38,51,49,51,67,65,54,66,54,59,65,53,67,76,80,53,57,57,83,72,60,82,74,63,64,81,87,87,73,82,119,128,142,148,162,154,157,155,181,176,193,176,124,160,170,166,185,200,169,199,180,306,214,230,203,217,264,239,201,249,284,309,255,311,271,283,317,245,252,248,308,304,285,307,342,359,386,430,447,423,480,523,510,515,497,495,513,618,536,617,577,643,555,569,612,574,678,771,799,816,826,970,1010,997,1107,1225,1124,1127,1045,1246,1276,1476,1414,1438,1550,1827,1765,1822,1816,2070,2443,3105,2389,2459,2710,2723,2913,3175,3501,3742,3980,4396,4279,4337,4414,4651,5068,5296,5559,5731,6235,6502,6400,6714,7157,7431,7986,8087,8853,9313,9973,11751,12821,14171,15402,17004,19350,22003,29788,28333,31052,36605,39167,42543,45614,49671,52140,54877,60245,62618,68061,67621,65532,61599,68209,62312,60309
3318,Gender Studies,Social Sciences,Social Sciences,0,0,0,0,0,0,0,0,1,0,0,1,1,0,0,0,1,0,0,0,0,0,0,0,0,0,0,0,0,0,0,0,0,0,0,0,0,0,0,0,0,0,0,0,0,0,0,0,0,0,0,0,0,0,0,0,0,0,0,1,0,0,0,0,0,3,0,0,0,0,0,0,0,0,1,0,0,0,0,0,1,1,1,0,0,0,0,0,2,1,3,2,0,0,1,3,0,0,1,0,32,1,3,3,3,3,0,2,0,5,4,3,4,7,3,6,1,7,3,1,5,6,6,3,9,3,6,15,15,9,10,12,12,9,8,12,7,19,14,13,19,29,33,36,39,59,69,59,53,69,82,66,56,60,58,52,43,50,43,27,57,33,42,31,53,20,60,66,63,54,46,68,49,49,81,63,79,68,88,65,62,65,49,74,88,126,121,110,124,145,127,111,176,189,188,246,271,183,187,173,192,196,236,202,222,230,234,227,234,244,315,237,271,321,333,271,230,274,287,250,294,272,276,262,259,310,317,294,335,409,424,428,401,411,417,429,473,455,448,424,534,450,451,417,372,426,456,516,536,559,686,567,599,560,516,596,621,618,581,675,947,642,780,761,895,876,977,1044,1215,1474,1993,1860,1770,1999,2206,2407,2595,2767,3056,3224,3273,3376,3313,3455,3513,3769,3822,3997,4241,4389,4694,5174,5374,5940,6676,7059,7318,7610,8085,8698,10020,10332,11253,12239,13301,14197,15602,17587,19177,20392,23249,24113,26305,29669,31750,32066,35637,36981,38334,39708,41076,37451,33286,37528,38380,46254
3319,Life-span and Life-course Studies,Social Sciences,Social Sciences,0,0,0,0,0,0,0,0,0,0,0,0,0,0,0,0,0,0,0,0,0,0,0,0,0,0,0,0,0,0,0,0,0,0,0,0,0,0,0,0,0,0,0,0,0,0,0,0,0,0,0,0,0,0,0,0,0,0,0,0,0,0,0,0,0,0,0,0,0,0,0,0,0,0,0,0,0,0,0,0,0,0,0,0,0,0,0,0,0,0,0,0,0,0,0,0,0,0,0,0,3,0,0,1,0,1,0,0,0,0,1,0,0,0,0,1,1,0,0,0,1,1,0,0,0,0,0,0,0,0,0,0,0,1,0,1,1,0,2,1,2,0,0,3,0,3,0,1,0,1,0,0,0,0,0,0,1,0,1,2,0,0,0,0,1,0,1,1,0,0,3,1,0,1,4,0,3,2,0,3,2,2,3,0,1,1,1,1,2,2,0,2,5,2,2,1,1,5,2,2,18,9,5,3,8,29,6,6,6,6,6,5,7,8,4,7,5,1,4,5,11,8,7,4,15,10,10,7,12,13,15,6,9,15,9,3,15,7,9,8,12,11,8,11,7,13,8,7,9,18,17,17,23,17,25,21,23,23,23,28,26,33,24,30,48,36,54,51,60,70,99,77,118,108,99,102,79,77,84,99,108,121,124,118,124,131,135,168,182,251,282,266,400,363,404,435,522,630,807,772,780,925,1049,1378,1412,1294,1556,1527,1612,1886,2180,2246,2401,2626,2850,2999,2965,3175,3119,3035,2796,2115,1430,1607,2102,3016
3320,Political Science and International Relations,Social Sciences,Social Sciences,3,7,11,3,15,10,31,10,16,1,6,23,1,7,7,3,16,2,1,8,9,4,1,6,1,44,10,118,9,30,8,8,17,4,3,3,1,6,27,11,13,11,9,3,25,21,15,12,12,8,14,10,50,2,28,9,21,21,30,18,22,14,29,14,44,51,21,60,54,68,16,61,7,7,10,75,20,13,38,32,10,30,7,9,323,26,88,48,79,53,102,223,97,97,51,68,100,74,117,103,456,269,195,196,293,158,166,161,209,143,187,193,183,182,214,183,159,178,270,181,217,236,199,312,297,374,417,462,349,359,281,365,348,272,401,297,298,370,344,465,550,411,385,535,449,403,619,652,576,653,802,877,785,1035,1114,1020,1076,1174,989,980,977,1341,1392,1296,1091,1063,1003,1145,1002,1055,1254,948,1236,1225,1301,1284,2939,1311,1309,1481,1774,1690,1493,1631,1675,1955,1994,1968,2090,2062,2191,2224,2317,2425,2699,2969,3120,3158,3322,3505,4295,4219,4185,4309,4492,4967,4979,4868,5314,5402,5691,5598,6261,5958,6357,6421,6202,6439,6156,6179,6410,6309,6568,6366,6562,6902,7251,7281,7957,8000,8372,8422,8856,8121,7984,8302,8861,8750,8830,9009,8537,8003,7511,7010,6640,6810,6998,7895,8922,9356,10116,11269,10625,10902,11566,12110,12312,13076,13742,14217,16151,16270,16895,18679,19483,19937,20368,21693,23044,23782,27673,24552,25572,25610,26598,27526,28903,29635,30846,30882,32479,32867,30957,32360,35307,35376,36543,38840,40987,43696,45951,48373,51314,53965,56128,60378,63996,68229,72728,77057,91177,92907,100425,108355,117336,124620,135636,167702,163083,183956,210835,221811,234553,260841,293888,280663,309312,326849,294962,298218,315430,252110,218140,232088,218896,245514
3321,Public Administration,Social Sciences,Social Sciences,0,0,0,0,0,0,0,0,0,0,0,0,0,0,0,0,0,0,0,0,0,0,0,0,0,0,0,0,0,0,0,0,0,0,0,1,0,0,0,0,0,0,0,0,0,0,0,0,1,0,0,0,0,0,0,0,0,0,0,0,0,0,0,0,0,0,0,0,0,0,0,0,0,0,0,0,0,0,0,0,0,0,0,0,0,0,0,0,0,0,0,0,0,1,0,0,0,2,0,0,2,1,0,0,0,2,0,0,0,1,0,1,0,0,1,0,0,0,0,1,0,0,0,0,0,1,1,1,1,1,2,1,1,2,4,1,2,1,0,2,4,0,1,2,1,5,2,8,13,10,12,1,5,4,3,9,1,4,6,10,9,11,8,9,4,12,8,22,10,14,13,13,16,6,7,4,9,13,12,12,16,14,7,12,10,9,37,18,10,18,29,35,27,44,44,32,34,30,44,68,75,71,94,83,89,75,76,74,85,84,79,122,120,114,88,103,102,108,102,155,206,184,198,240,190,206,221,199,264,239,228,276,219,251,267,271,263,305,321,394,378,355,356,287,264,283,324,391,433,497,528,540,477,494,511,516,592,668,681,725,784,810,742,744,791,823,892,969,1078,1173,1306,1250,1460,1451,1526,1603,1766,1894,2042,2075,2159,2161,2254,2216,2333,2275,2336,2547,2563,2765,2802,2851,2975,3135,3244,3273,3567,3693,3961,4025,4555,4764,5049,5363,5801,6562,6489,7420,7904,8873,9701,9660,9953,11067,11241,11065,11722,12691,11578,10985,10277,8119,7406,7527,7667,8016
3322,Urban Studies,Social Sciences,Social Sciences,0,0,0,0,0,0,0,0,0,0,0,0,0,0,0,0,1,0,0,0,0,0,0,0,0,0,0,0,0,0,0,0,0,0,0,0,0,0,0,1,0,0,0,0,0,0,0,0,0,0,0,0,0,0,0,0,0,0,0,0,0,0,0,0,0,0,0,0,0,0,0,0,0,1,0,1,1,0,0,2,0,0,0,0,5,0,0,0,0,2,0,0,0,0,1,0,0,0,1,0,33,18,7,8,5,1,3,3,2,2,2,3,8,1,2,3,6,7,2,2,5,10,7,11,6,6,8,10,5,5,10,7,16,15,11,7,6,10,7,16,8,11,15,9,16,12,36,32,49,26,37,23,44,17,22,30,28,90,36,38,50,25,33,33,36,34,53,40,37,43,73,40,39,41,33,63,51,39,46,59,118,98,67,73,96,95,104,99,107,99,127,141,109,107,103,116,152,140,155,161,220,156,166,181,180,209,196,173,200,190,225,230,220,232,236,169,176,152,147,224,246,197,242,224,247,273,330,266,329,350,443,328,377,499,353,459,451,468,435,416,319,358,312,288,299,341,373,435,506,545,594,599,662,660,668,731,793,800,876,993,1119,1056,1138,1174,1335,1283,1411,1554,1801,2097,2399,2044,2199,2127,2252,2342,2607,2739,2809,2858,3002,3156,3086,3351,3513,3367,3765,4037,4178,4570,4775,4937,5271,5468,6053,6337,6742,7308,7672,8287,10176,10913,12825,14075,15570,18234,20582,23835,26095,29153,32799,35182,38942,41623,44668,46301,49689,50658,48905,49618,48304,40315,33490,34371,34743,36372
3402,Equine,Veterinary,Health Sciences,0,0,0,0,0,0,0,0,0,0,0,0,0,0,0,0,0,0,0,0,1,0,0,0,0,0,0,0,0,0,0,0,0,0,0,1,0,0,0,0,0,0,0,0,0,0,0,0,0,0,0,0,0,1,0,0,0,0,0,0,0,0,0,0,0,0,0,0,0,0,0,0,0,0,0,0,0,0,0,0,0,0,0,0,0,0,0,0,2,0,0,0,0,0,0,0,0,0,0,1,5,0,1,1,0,0,0,0,1,1,0,0,1,0,1,0,2,0,1,0,0,0,0,0,2,0,0,0,0,2,1,4,2,1,1,0,0,1,3,4,1,2,4,4,2,1,2,2,4,4,2,6,8,5,4,5,6,4,4,3,3,2,1,3,4,2,5,1,4,12,10,4,4,2,2,3,14,10,10,10,18,13,13,14,21,15,15,15,11,12,25,20,22,13,21,23,12,15,23,15,19,15,14,24,19,24,40,28,16,16,20,24,27,33,26,19,17,26,14,18,15,25,30,17,30,19,22,23,25,37,29,44,47,39,50,33,32,51,46,42,64,33,20,22,15,15,30,53,47,43,72,47,52,36,44,33,46,47,58,62,75,52,52,61,54,70,95,110,103,109,185,145,175,161,165,206,177,198,202,229,301,261,301,274,331,386,421,361,426,432,517,505,514,583,572,650,582,646,659,686,672,685,828,847,986,999,1254,1148,1343,1420,1729,1533,1565,1668,1797,1720,1635,1791,1594,1917,1843,1962,1722,1791,1901,1819
3404,Small Animals,Veterinary,Health Sciences,0,0,0,0,0,0,0,0,0,0,0,0,0,0,0,0,0,0,0,0,0,0,0,0,0,0,0,0,0,0,0,0,0,0,0,0,0,0,0,0,0,0,0,0,0,0,0,0,0,0,0,1,0,0,0,0,1,0,0,0,0,0,0,0,0,0,0,0,0,0,0,0,0,0,1,0,0,0,0,0,0,0,0,0,1,2,0,1,0,0,0,3,0,0,0,0,1,0,1,0,3,0,1,2,1,1,3,1,0,2,1,0,1,0,1,2,2,0,2,1,0,2,0,0,2,2,2,2,7,3,3,5,7,2,5,2,6,8,5,6,7,5,18,8,3,11,6,7,14,11,14,12,5,9,15,10,14,14,8,10,13,15,7,9,9,9,8,15,11,16,10,12,14,17,10,20,17,20,20,18,26,32,41,28,22,33,41,29,35,39,38,40,45,33,38,32,60,51,61,50,81,61,76,60,81,88,84,89,102,98,110,107,164,149,128,86,122,106,141,110,141,132,171,193,213,219,255,260,322,305,376,426,463,450,463,444,416,480,494,461,530,373,377,329,261,357,505,627,675,635,1028,908,862,939,941,1050,1036,1125,1132,1260,1565,1364,1287,1568,1638,1652,1841,2026,2251,2188,2784,2312,2178,2224,2147,2268,2406,2401,2633,2568,3473,2747,2752,2694,2913,2913,3074,3047,2993,3252,4004,3077,3216,3424,3385,3508,3976,3916,4277,3953,4975,4451,4740,5194,5438,5806,6566,7005,7807,9021,9310,8944,9564,9905,10558,10772,10302,10761,10743,10916,11170,10391,9788,10464,9965,12440
3500,General Dentistry,Dentistry,Health Sciences,0,0,0,0,0,0,0,0,0,0,0,0,0,0,0,0,0,0,0,0,0,0,0,0,0,0,0,0,0,0,0,0,0,0,0,0,0,0,0,0,0,0,0,0,0,0,0,0,0,0,0,0,0,0,0,0,0,0,0,0,0,0,0,0,0,0,0,0,0,0,0,0,0,0,0,0,0,0,0,0,0,0,0,0,0,0,0,0,0,0,0,0,0,0,0,0,0,1,0,0,0,0,0,0,0,0,0,0,0,0,0,0,0,0,0,0,0,0,0,0,0,0,0,0,0,0,0,0,0,0,0,0,0,0,0,0,0,0,0,1,0,0,0,1,0,1,0,1,1,1,2,2,3,3,2,1,4,1,6,0,2,1,1,0,2,0,2,1,3,2,1,1,3,4,1,5,3,3,1,0,3,1,5,5,3,8,2,5,6,6,7,7,5,4,10,11,11,2,10,6,7,5,4,12,9,6,4,4,7,5,6,4,3,6,2,8,12,7,5,6,15,10,9,11,22,20,6,12,9,10,10,20,13,14,24,14,33,20,19,24,6,12,14,10,14,25,29,23,45,25,41,41,34,37,36,34,23,16,27,34,34,34,17,42,76,245,95,113,141,133,155,154,163,158,148,128,157,136,156,126,158,139,146,191,191,215,219,179,217,220,221,245,231,183,188,188,230,191,252,231,285,298,330,369,399,410,447,502,585,704,875,943,1009,1113,1106,1329,1430,1535,1768,1861,6101,5169,4102,3361,2915,2804
3504,Oral Surgery,Dentistry,Health Sciences,0,0,0,0,0,0,0,0,0,0,0,0,0,0,0,0,0,0,0,0,1,0,0,0,0,0,0,0,0,0,0,0,0,0,0,0,0,0,0,0,0,0,0,0,0,0,0,0,0,0,0,0,0,0,0,0,0,0,0,0,0,0,0,0,0,0,0,0,0,0,0,0,0,0,0,0,0,0,0,0,0,0,0,0,0,0,0,0,1,0,0,0,0,0,0,0,0,0,0,0,2,0,1,0,1,0,0,0,0,0,0,0,1,1,0,0,0,0,1,0,0,0,0,0,0,2,3,3,2,2,2,3,2,2,5,2,1,2,6,6,3,1,13,8,9,6,11,10,6,4,8,12,21,20,11,10,4,14,17,7,8,12,4,3,8,5,3,6,14,12,13,21,28,8,14,21,19,6,17,14,13,13,23,25,36,20,22,25,29,26,31,26,22,43,37,32,42,38,40,39,35,37,39,46,36,38,39,34,47,47,46,38,61,47,47,73,58,71,69,75,70,107,107,97,107,103,87,112,115,116,120,122,131,134,134,140,141,106,109,115,112,113,82,101,80,121,284,333,328,337,409,490,434,435,478,411,312,325,313,321,377,382,385,480,554,834,987,1124,1149,1135,1290,1235,1252,1162,1202,1266,1250,1373,1489,1310,1405,1456,1444,1600,1695,2002,2024,1987,2155,2469,2513,2549,2269,2294,2356,2496,2795,2943,3043,2973,3651,3507,4218,4533,4987,5485,6224,7003,7555,8425,9418,10588,10945,11912,12686,13333,13264,14076,14692,15069,15850,15611,14353,15080,16195,18306
3505,Orthodontics,Dentistry,Health Sciences,0,0,0,0,0,0,0,0,0,0,0,0,0,0,0,0,0,0,0,0,0,0,0,0,0,0,0,0,0,0,0,0,0,0,0,0,0,0,0,0,0,0,0,0,0,0,0,0,0,0,0,0,0,0,0,0,0,0,0,0,0,0,0,0,0,0,0,0,0,0,0,0,0,0,0,0,0,0,0,0,0,0,0,0,0,0,0,0,0,0,0,0,0,0,0,0,0,0,0,0,0,1,0,1,0,0,0,0,0,0,0,0,0,0,0,0,0,0,0,0,0,0,0,0,0,1,1,0,0,2,0,1,0,1,1,0,0,0,1,2,0,0,4,1,1,4,1,1,2,1,1,3,4,2,1,1,3,2,3,0,1,0,2,2,0,3,2,4,3,9,3,2,3,1,1,0,2,3,5,0,4,6,3,9,8,6,2,5,7,9,5,3,8,5,6,5,3,4,7,11,11,4,3,4,12,6,4,6,6,7,3,10,6,4,2,15,9,17,18,13,14,25,27,14,20,26,18,25,21,17,28,32,39,46,30,37,41,34,32,40,32,38,41,43,34,30,63,72,78,93,91,103,88,108,90,104,87,92,103,113,134,124,140,140,163,233,280,320,313,335,369,407,418,430,441,501,494,577,644,644,628,638,717,676,793,859,925,943,1101,1331,1343,1331,1470,1314,1437,1469,1544,1757,1860,1895,2311,2439,2672,3062,3323,3750,4100,4724,4881,5669,6087,6522,6701,7288,7489,7974,7817,8133,8612,8342,8751,9367,8867,9136,9431,11832
3506,Periodontics,Dentistry,Health Sciences,0,0,0,0,0,0,0,0,0,0,0,0,0,0,0,0,0,0,0,0,0,0,0,0,0,0,0,0,0,0,0,0,0,0,0,0,0,0,0,0,0,0,0,0,0,0,0,0,0,0,0,0,0,0,0,0,0,0,0,0,0,0,0,0,0,0,0,0,0,0,0,0,0,0,0,0,0,0,0,0,0,0,0,0,0,0,0,0,0,1,1,0,0,0,0,0,1,1,0,0,0,0,1,1,1,1,2,0,0,0,0,0,0,1,0,0,0,3,0,1,0,0,1,0,1,1,0,1,0,5,1,3,3,1,1,0,2,2,2,1,5,2,4,3,4,1,16,2,3,9,4,6,4,8,5,8,8,7,6,5,6,5,7,8,6,5,9,8,6,3,5,6,3,9,3,5,13,10,9,7,8,14,12,12,16,17,16,17,17,20,18,17,16,18,25,21,19,18,19,28,31,30,21,29,37,39,32,33,54,40,51,37,38,52,40,53,29,43,37,36,55,75,84,96,81,72,63,104,87,101,91,99,101,102,75,94,88,114,122,110,96,82,91,67,94,102,198,228,210,208,259,331,296,314,278,254,256,260,244,261,341,359,308,506,533,630,685,807,863,919,1008,917,871,944,1008,921,1004,1103,1225,1137,1186,1263,1295,1356,1585,1533,1692,1546,1728,1870,1941,1793,1713,1614,1721,1683,2013,1822,2071,1937,2462,2501,2675,3303,3390,3775,3976,4313,4801,5936,6115,6720,7519,7835,8535,9052,8855,9353,9931,10524,12097,12069,11075,11726,11471,14001
3600,General Health Professions,Health Professions,Health Sciences,0,0,1,0,0,3,0,7,0,1,1,4,0,0,0,1,0,1,0,1,0,1,0,1,0,0,1,0,0,0,0,1,1,1,2,0,0,0,0,0,2,0,1,0,1,5,0,1,1,1,1,0,3,1,0,2,0,0,0,1,0,0,3,9,4,2,0,2,4,0,0,4,0,0,1,3,6,3,2,6,2,3,4,1,5,7,2,8,5,11,5,11,13,12,2,3,9,12,12,21,101,89,44,55,35,14,35,26,20,21,28,14,18,25,22,14,24,17,30,35,19,32,18,41,38,66,54,88,74,122,84,113,98,59,86,77,117,147,123,147,146,195,208,191,243,285,252,214,286,214,297,333,301,296,322,296,327,507,453,426,360,346,374,268,312,335,313,389,437,404,397,425,458,427,525,664,612,700,683,746,759,751,789,845,878,899,1042,1185,1184,1043,1124,1118,1242,1193,1320,1307,1398,1480,1423,1341,1593,1514,1551,1547,1607,1548,1424,1558,1615,1567,1769,1784,1802,1817,1789,1518,1517,1705,1816,1815,1685,1816,1961,1909,1853,2039,2158,2282,2390,2463,2551,2480,2488,2573,2467,2525,2584,2444,2541,2567,2415,2322,2172,2100,2141,2396,3518,3592,3758,3660,4706,5226,5301,5349,4765,4863,4983,5096,5093,5077,5335,5469,5824,6073,6220,7692,9462,8935,10627,11125,12121,11062,11549,11567,11936,12963,13546,13983,15371,15860,16052,16476,16431,17321,17447,17976,19137,21066,22966,23680,24502,25026,25683,27946,29058,31316,31794,34521,36374,37142,43951,43582,48058,53162,58942,61224,66652,76764,82617,95660,99757,104930,116729,127000,136378,142898,149531,153618,152781,155754,167563,141597,122168,129844,130426,131981
3603,Complementary and Manual Therapy,Health Professions,Health Sciences,0,0,0,0,0,0,0,0,0,0,0,0,0,0,0,0,0,0,0,0,0,0,0,0,0,0,0,0,0,0,0,0,0,0,0,0,0,0,0,0,0,0,0,0,0,0,0,0,0,0,0,0,1,0,0,0,0,0,0,2,0,0,0,0,0,1,1,1,0,0,0,0,0,0,1,0,0,1,0,0,0,0,0,0,0,0,1,1,0,0,2,0,0,0,0,0,0,0,0,0,2,1,0,1,0,4,5,0,1,0,0,1,2,1,1,2,1,3,1,4,0,1,0,0,3,1,0,2,1,4,2,1,0,5,7,5,3,4,3,1,5,6,7,1,8,4,10,4,3,8,8,4,7,7,5,5,4,7,4,7,4,10,9,6,8,10,3,4,8,14,8,14,7,10,5,10,14,12,10,14,12,11,16,15,12,10,10,16,20,24,12,15,20,18,16,17,13,29,20,18,36,19,26,34,33,37,36,43,29,38,33,41,28,26,24,24,23,17,16,13,35,49,53,43,48,47,63,68,68,62,65,72,51,60,53,57,92,92,69,77,55,49,48,41,39,44,99,87,157,124,241,315,410,336,368,333,300,288,302,268,287,287,305,387,402,385,432,419,529,501,566,564,515,488,509,519,540,539,561,515,547,555,564,666,701,776,792,786,807,857,895,830,759,724,725,798,983,960,1019,898,1156,1040,1213,1405,1372,1441,1580,1791,1844,1909,2035,2246,2251,2533,2612,2725,2609,2835,2898,3039,3371,3419,3203,3404,3777,4744
3604,Emergency Medical Services,Health Professions,Health Sciences,0,0,0,0,0,0,0,0,0,0,0,1,0,0,0,0,0,0,0,0,0,0,0,0,0,0,0,0,0,0,0,0,0,0,0,0,0,0,0,0,1,0,0,0,0,0,0,0,0,0,4,0,0,1,0,3,0,1,0,1,0,0,0,2,0,0,0,0,0,0,0,0,0,0,0,0,1,0,0,1,0,0,0,0,0,0,0,0,0,0,1,0,0,2,0,0,1,0,0,1,1,0,0,1,2,3,0,0,2,0,2,2,3,5,4,2,1,1,0,1,2,0,2,3,3,0,3,11,19,54,17,14,12,10,10,6,7,7,12,10,16,12,31,29,23,30,34,41,44,36,24,33,37,51,33,35,39,48,40,39,21,27,22,32,24,37,34,30,67,42,40,33,39,59,96,83,80,81,117,106,126,107,135,147,143,141,132,176,149,154,202,166,174,207,202,160,156,177,160,137,156,123,129,133,189,136,144,142,134,192,176,177,175,177,254,330,235,313,358,354,218,244,312,249,283,298,324,338,358,358,371,347,393,386,355,366,371,348,358,450,436,521,439,406,389,514,671,638,644,583,735,977,959,936,901,890,1023,928,966,919,997,1060,1133,1155,1287,1416,1774,1783,2028,2153,2257,2048,2181,2188,2147,2232,2267,2215,2542,2641,2686,2581,2678,2873,2779,3093,3061,3238,3375,3439,3624,3808,3469,3650,3695,3999,4166,4106,4543,4633,5772,5649,6754,7606,8075,9648,10461,11084,11906,12756,13556,14659,14894,15332,15618,16178,15387,15748,15639,16165,19751,16740,14370,14883,16294,17205
3605,Health Information Management,Health Professions,Health Sciences,0,0,0,0,0,0,0,0,0,0,0,1,0,0,0,0,0,0,0,0,0,0,0,0,0,1,0,0,0,0,0,0,0,0,0,0,0,0,0,0,0,0,0,0,0,0,0,0,0,0,1,0,0,0,0,0,0,1,0,0,0,0,0,0,0,0,0,0,0,0,0,0,0,0,0,0,1,0,0,0,0,1,0,0,0,0,0,0,1,0,0,0,0,0,0,0,1,1,0,2,6,4,1,3,1,3,2,0,2,3,0,2,0,2,1,1,0,1,1,1,0,0,0,1,1,2,2,5,6,13,11,15,4,6,7,0,9,17,9,9,13,13,26,19,17,12,18,14,14,9,14,11,14,11,17,21,18,21,25,43,57,58,45,26,24,19,18,53,116,102,138,151,122,118,97,73,35,47,41,54,69,82,84,132,73,79,107,144,154,112,97,96,91,92,89,98,112,105,73,86,123,130,109,96,177,90,108,103,99,72,80,95,91,97,89,92,89,78,99,98,73,85,85,113,107,120,123,159,148,157,150,146,133,170,152,166,146,162,171,122,130,150,136,165,163,197,294,357,696,271,377,428,426,440,435,403,381,413,365,401,454,461,452,437,433,500,661,644,719,892,930,787,929,871,950,1022,1141,1139,1271,1361,1527,1540,1664,1684,1759,1714,1800,1884,1987,2121,2446,2393,2510,2875,2984,3197,3022,3334,3412,3448,4032,4073,4774,5053,5574,6209,6679,7527,8181,9443,10324,11272,11895,13047,13612,14875,14689,14467,14508,15677,16924,14927,14916,17229,21246,28119
3607,Medical Laboratory Technology,Health Professions,Health Sciences,0,0,0,0,0,0,0,0,0,0,0,0,0,0,0,0,0,0,0,0,0,0,0,0,0,0,0,0,0,0,0,0,0,0,0,0,0,0,0,0,0,0,0,0,0,0,0,0,0,0,0,0,0,0,0,0,0,0,0,0,0,0,0,0,0,0,0,0,0,0,0,0,0,0,0,0,0,0,0,0,0,0,0,0,0,0,0,0,0,0,0,0,0,0,0,0,0,0,0,0,0,0,0,0,0,0,0,0,0,0,0,1,0,0,0,0,0,0,0,0,1,0,0,0,0,0,1,0,0,2,0,0,0,0,1,0,0,0,0,1,2,2,3,0,1,2,11,2,12,16,0,4,5,3,3,3,3,2,2,1,0,2,3,1,1,4,1,0,2,1,2,1,2,6,6,2,3,4,4,3,3,2,4,4,6,5,1,2,2,4,8,5,4,3,4,4,9,5,6,12,9,8,7,6,12,20,9,18,12,12,7,11,7,11,12,9,23,23,13,24,19,15,24,24,15,23,27,30,39,21,26,29,38,31,21,32,31,33,30,33,35,38,63,58,60,66,123,137,166,118,188,215,219,216,195,185,206,184,213,202,202,190,201,184,146,236,335,341,427,420,486,485,460,465,460,551,543,601,710,760,788,665,677,737,719,759,820,806,860,909,980,956,929,887,997,1019,1055,1016,1147,1093,1307,1225,1450,1684,1813,1901,2133,2270,2618,2728,3027,3154,3302,3453,3175,3715,3069,3269,3348,3191,2904,2235,1975,2094,2823,2692
3608,Medical Terminology,Health Professions,Health Sciences,0,0,0,0,0,0,2,0,2,0,0,0,0,0,0,0,0,0,0,0,0,0,0,0,0,0,0,0,1,4,0,0,2,0,0,0,0,0,1,1,1,0,0,0,3,0,0,0,0,1,0,0,1,1,0,0,0,0,0,0,0,2,0,4,2,0,0,0,0,0,0,1,0,0,0,0,0,0,0,1,0,0,0,0,0,0,0,0,0,0,0,0,0,0,0,0,0,0,0,0,1,1,0,1,2,0,0,1,0,0,1,2,1,2,0,2,2,0,2,1,1,1,0,2,6,6,3,14,7,5,5,2,4,3,0,0,5,13,21,31,25,26,17,25,50,29,43,6,11,4,11,16,16,11,17,33,31,25,27,19,25,43,37,31,14,29,17,15,19,23,16,22,39,27,26,21,36,21,27,18,18,15,25,31,23,23,47,24,38,25,33,47,40,32,46,46,42,48,27,51,66,63,53,86,69,61,54,68,74,49,51,43,36,40,61,53,64,43,74,81,68,74,74,81,76,86,84,97,110,76,81,63,72,80,82,110,132,123,77,91,72,73,97,65,68,94,99,134,183,163,220,187,187,203,129,170,186,194,179,193,220,168,188,174,254,192,339,253,303,272,334,230,225,243,250,268,278,243,306,329,338,277,279,275,307,373,366,379,349,384,443,440,424,439,485,463,448,501,498,514,659,623,689,750,796,971,926,1032,987,1304,1146,1185,1123,1269,1255,1192,1250,1421,1002,1052,850,585,427,390,400,600
3609,Occupational Therapy,Health Professions,Health Sciences,0,0,0,0,0,0,0,0,0,0,0,0,0,0,0,0,0,0,0,0,0,0,0,0,0,0,0,0,0,0,0,0,0,0,0,0,0,0,0,0,0,0,0,0,0,0,0,0,0,0,0,0,0,0,0,0,0,0,0,0,0,0,0,0,0,0,0,0,1,0,0,0,0,0,0,0,0,0,0,0,0,0,0,0,0,0,0,0,0,0,0,0,0,0,0,0,0,0,0,0,2,2,0,0,0,0,0,0,0,0,0,0,0,0,0,0,0,0,0,1,0,1,0,1,1,0,0,1,0,2,2,1,0,0,2,2,1,1,3,3,3,1,1,2,2,2,1,6,4,5,2,3,3,4,3,2,10,4,6,7,6,7,12,9,8,1,5,6,12,11,17,22,32,34,9,11,5,4,4,4,5,6,5,10,7,5,13,9,6,8,11,9,5,21,7,9,13,19,14,18,18,15,13,14,20,33,17,21,16,28,23,28,21,20,23,32,34,44,42,38,45,39,37,43,24,50,74,65,70,82,87,74,75,87,116,129,115,96,105,117,104,110,143,124,107,125,201,165,206,189,187,217,193,233,238,228,235,282,283,279,279,283,286,297,417,384,589,428,490,479,678,592,520,602,590,631,622,658,735,829,867,973,992,1075,1110,1180,1279,1413,1426,1481,1513,1554,1642,1713,1859,1966,2036,2338,2375,2613,3008,3085,3448,3858,4322,4414,5350,5755,6489,7233,8470,8907,10568,11575,13020,15348,16315,17662,18332,19701,18135,14941,13050,14831,16074,18390
3611,Pharmacy,Health Professions,Health Sciences,0,0,0,0,0,0,0,1,0,0,0,1,0,0,0,1,0,0,1,0,0,0,1,0,0,0,0,1,0,0,0,1,0,1,0,0,0,0,1,0,0,0,0,0,0,0,0,0,0,0,3,0,0,0,0,0,0,0,0,0,0,0,0,0,0,0,0,0,0,0,0,0,0,0,0,0,2,0,0,0,0,1,0,0,2,0,3,2,0,0,0,0,1,0,1,0,1,2,1,8,4,1,0,4,1,8,5,1,0,4,2,2,1,3,3,4,2,3,2,1,2,1,1,5,7,11,7,5,23,18,17,24,13,13,11,25,24,20,15,24,27,44,36,28,43,71,61,40,54,46,48,26,37,30,38,40,60,55,66,67,50,43,49,36,30,31,33,56,63,58,46,53,47,59,61,58,57,53,76,47,77,52,64,69,111,114,103,138,119,143,145,139,169,203,180,188,192,193,221,222,186,188,179,156,242,215,199,234,235,271,286,251,254,312,311,232,239,221,223,207,275,249,255,277,299,293,264,312,326,276,276,299,341,320,285,368,376,326,363,360,292,299,262,248,224,244,402,458,480,463,540,661,685,683,702,652,665,609,713,618,654,629,675,775,692,860,1059,1060,1120,1267,1305,1253,1311,1239,1243,1584,1509,1450,1777,1744,1770,1785,1889,1824,1993,2125,2213,2250,2463,2481,2546,2554,2349,2514,2568,2749,2764,2837,3027,2992,3775,3586,3972,4451,4843,5204,5352,6002,6362,6433,6977,7558,7983,8272,8518,8797,8684,9033,9093,9031,9035,7996,6744,7006,8174,8909
3612,"Physical Therapy, Sports Therapy and Rehabilitation",Health Professions,Health Sciences,0,0,0,0,0,0,0,0,0,0,0,0,0,0,0,0,0,0,0,0,0,0,0,0,0,0,0,0,0,0,0,0,0,0,0,0,0,0,0,0,0,0,0,0,0,1,0,0,0,0,0,0,0,0,1,0,0,0,0,0,0,0,0,0,0,0,0,0,0,0,0,0,0,0,0,0,0,0,0,0,1,0,0,0,0,0,1,1,0,0,1,1,2,1,0,1,3,2,0,7,5,7,3,9,7,6,2,1,1,0,0,1,0,0,1,2,1,1,2,11,5,4,1,3,2,4,3,10,8,6,4,5,3,2,10,4,12,4,18,15,9,6,18,14,4,13,20,8,9,4,10,43,56,56,46,34,46,47,28,48,53,43,58,65,67,61,61,94,65,85,54,67,73,67,71,63,113,95,84,92,97,81,101,120,110,139,103,140,154,67,73,66,67,79,75,86,81,96,90,119,113,143,130,164,173,202,166,214,188,196,220,259,283,286,252,176,181,145,212,183,242,242,293,247,250,329,319,393,387,386,416,369,390,355,302,315,328,388,330,319,261,238,239,224,210,115,134,175,213,287,450,473,460,490,482,498,541,470,562,565,572,575,574,599,645,743,727,814,882,898,979,919,927,873,975,910,997,996,1085,1172,1134,1168,1034,1040,1101,1037,1179,1306,1239,1410,1403,1486,1495,1658,1807,1821,1965,2183,2340,2459,3076,3310,3696,4501,4917,5664,6331,7537,8537,9638,11314,12756,14170,17495,17716,19683,19252,19382,20142,21607,21778,20405,19443,20043,20383,24286
3614,Radiological and Ultrasound Technology,Health Professions,Health Sciences,0,0,0,0,0,0,0,0,0,0,0,0,0,0,0,0,0,0,0,0,0,0,0,0,0,0,0,0,0,0,0,0,0,0,0,0,0,0,0,0,0,0,0,0,0,0,0,0,0,0,0,0,0,0,0,0,0,0,0,0,0,0,0,0,0,0,0,0,0,0,0,0,0,0,0,0,0,0,0,0,0,0,0,0,0,0,0,0,0,0,0,0,0,0,0,0,0,0,0,0,0,0,1,0,0,0,0,0,0,0,0,0,0,1,0,0,1,1,0,0,0,0,0,0,0,0,1,0,1,2,0,0,1,0,2,0,1,2,3,2,0,4,3,0,1,2,1,4,9,9,5,5,17,4,2,3,8,8,6,3,14,11,6,0,3,8,1,9,4,10,10,9,4,4,6,7,5,5,4,6,4,5,7,6,3,1,5,13,10,8,20,11,19,15,16,23,15,20,8,12,32,11,25,39,36,42,39,38,29,40,36,48,38,36,53,44,55,58,28,58,40,47,47,40,44,70,110,66,75,75,69,67,82,47,67,58,66,94,100,85,89,85,111,92,77,117,165,163,214,191,193,245,241,262,249,276,258,280,327,325,419,396,394,394,419,422,473,486,521,634,650,596,655,687,709,741,702,817,886,1025,1058,1170,1187,1305,1263,1186,1312,1409,1698,1682,1856,1869,2163,2063,2285,2278,2424,2371,2545,2622,2888,2989,3050,3236,3729,4175,4475,4622,5381,5624,6391,6789,7561,7852,8053,8442,8801,9087,9421,9611,10162,9308,8752,9159,9971,10781
3616,Speech and Hearing,Health Professions,Health Sciences,0,0,0,0,0,1,0,0,1,0,0,1,0,0,0,0,0,0,0,0,0,0,0,0,0,0,1,0,0,0,0,0,0,0,0,0,0,0,1,0,0,0,0,1,0,0,0,0,0,0,0,0,0,0,0,0,0,0,0,1,0,0,1,0,0,0,1,0,0,0,0,0,0,0,0,0,0,0,1,0,0,0,0,0,0,0,1,0,0,1,0,0,0,3,0,0,4,0,0,5,14,2,2,3,2,4,2,2,2,2,5,3,4,4,5,2,6,8,8,6,2,4,2,3,9,4,9,8,14,6,6,18,35,6,5,9,5,13,9,7,14,7,18,13,12,14,15,23,24,13,17,21,13,28,27,25,21,16,31,27,17,31,30,16,15,23,24,16,23,17,34,21,34,39,44,55,50,64,62,59,67,87,71,80,105,83,65,99,97,104,114,103,147,105,114,145,136,160,129,133,171,206,164,161,189,177,165,178,172,172,160,171,166,212,172,166,164,176,179,165,178,263,245,231,224,218,240,291,307,318,359,296,362,307,333,349,315,345,327,370,374,304,332,283,323,342,515,540,572,600,684,763,782,776,770,795,836,884,918,934,1029,1021,1061,1220,1092,1256,1586,1665,1865,1957,2198,2122,2217,2219,2423,2433,2642,2529,2721,2760,2682,2727,2730,2806,2904,2901,3238,3328,3380,3572,3661,3608,3598,3754,3901,3892,4234,4485,4527,4653,5326,5111,5687,6187,6730,7033,7626,8310,9595,10498,11272,11977,13178,14043,14820,15236,15594,16404,16725,17243,17133,15400,13621,15860,16956,18464
