subfield_id,subfield,field,domain,1700,1701,1702,1703,1704,1705,1706,1707,1708,1709,1710,1711,1712,1713,1714,1715,1716,1717,1718,1719,1720,1721,1722,1723,1724,1725,1726,1727,1728,1729,1730,1731,1732,1733,1734,1735,1736,1737,1738,1739,1740,1741,1742,1743,1744,1745,1746,1747,1748,1749,1750,1751,1752,1753,1754,1755,1756,1757,1758,1759,1760,1761,1762,1763,1764,1765,1766,1767,1768,1769,1770,1771,1772,1773,1774,1775,1776,1777,1778,1779,1780,1781,1782,1783,1784,1785,1786,1787,1788,1789,1790,1791,1792,1793,1794,1795,1796,1797,1798,1799,1800,1801,1802,1803,1804,1805,1806,1807,1808,1809,1810,1811,1812,1813,1814,1815,1816,1817,1818,1819,1820,1821,1822,1823,1824,1825,1826,1827,1828,1829,1830,1831,1832,1833,1834,1835,1836,1837,1838,1839,1840,1841,1842,1843,1844,1845,1846,1847,1848,1849,1850,1851,1852,1853,1854,1855,1856,1857,1858,1859,1860,1861,1862,1863,1864,1865,1866,1867,1868,1869,1870,1871,1872,1873,1874,1875,1876,1877,1878,1879,1880,1881,1882,1883,1884,1885,1886,1887,1888,1889,1890,1891,1892,1893,1894,1895,1896,1897,1898,1899,1900,1901,1902,1903,1904,1905,1906,1907,1908,1909,1910,1911,1912,1913,1914,1915,1916,1917,1918,1919,1920,1921,1922,1923,1924,1925,1926,1927,1928,1929,1930,1931,1932,1933,1934,1935,1936,1937,1938,1939,1940,1941,1942,1943,1944,1945,1946,1947,1948,1949,1950,1951,1952,1953,1954,1955,1956,1957,1958,1959,1960,1961,1962,1963,1964,1965,1966,1967,1968,1969,1970,1971,1972,1973,1974,1975,1976,1977,1978,1979,1980,1981,1982,1983,1984,1985,1986,1987,1988,1989,1990,1991,1992,1993,1994,1995,1996,1997,1998,1999,2000,2001,2002,2003,2004,2005,2006,2007,2008,2009,2010,2011,2012,2013,2014,2015,2016,2017,2018,2019,2020,2021,2022,2023,2024,2025
1100,General Agricultural and Biological Sciences,Agricultural and Biological Sciences,Life Sciences,0,0,0,0,0,0,0,0,0,0,0,0,0,0,0,0,0,0,0,0,0,0,0,0,0,0,0,0,0,0,0,0,0,0,0,0,0,0,0,0,0,0,0,0,0,0,0,0,0,0,0,0,0,0,0,0,0,0,0,0,0,0,0,0,0,0,0,0,0,0,0,0,1,0,0,0,0,0,0,2,0,0,0,5,0,0,0,0,0,8,0,0,0,0,0,0,2,2,0,23,18,0,3,0,2,3,1,25,3,0,0,0,0,15,28,3,0,0,0,1,9,9,4,0,0,0,6,1,10,1,0,45,3,0,31,1,2,61,49,14,102,7,25,8,13,3,71,4,8,35,47,18,4,6,6,54,13,31,12,5,16,8,574,2,7,18,8,10,131,20,44,30,6,40,49,94,105,18,8,64,44,8,104,104,139,59,72,31,50,178,23,34,58,290,104,191,184,636,426,83,241,212,102,271,244,458,203,197,336,502,211,704,1043,401,300,419,593,449,365,531,663,664,823,1671,556,615,1070,550,2361,1368,1215,1140,720,2083,862,832,1075,1264,1723,2531,1722,1224,1650,2483,1314,3982,2340,1587,2464,1919,3299,4485,2093,3661,5815,5058,3427,9770,3212,4803,5980,5721,6446,7677,9122,7808,11525,7508,8518,8537,16788,11817,17320,15844,11930,14730,17773,17995,17391,25327,45930,19624,18945,20228,30336,21068,32979,26144,26590,26358,38353,44754,39526,37383,45923,56162,46665,52932,47020,108782,69804,76201,71551,69094,71877,74239,80250,75333,89867,101941,102143,99285,116209,120363,119508,123469,123868,136559,135491,135949,146499,117134,91914,65012,39507,13844
1102,Agronomy and Crop Science,Agricultural and Biological Sciences,Life Sciences,0,0,0,0,0,0,0,0,0,0,0,0,0,0,0,0,0,0,0,0,0,0,0,0,0,0,0,0,0,0,0,0,0,0,0,0,0,0,0,0,0,0,0,0,0,0,0,0,0,0,0,0,0,0,0,0,0,0,0,0,0,0,0,0,0,0,0,0,0,0,0,0,0,0,0,0,0,0,0,0,0,0,0,0,0,0,0,0,0,2,0,0,0,0,0,0,0,0,0,0,0,0,0,0,0,0,0,0,0,0,0,18,0,0,0,0,0,6,0,0,0,0,0,0,4,0,1,0,1,0,0,0,0,0,0,0,3,13,7,0,5,0,2,1,0,1,1,84,0,4,7,7,0,10,4,153,9,43,12,3,3,9,11,4,28,5,16,1,0,10,5,31,3,4,3,24,21,1,13,55,50,5,14,41,27,259,37,16,288,58,36,31,82,51,16,27,42,110,65,544,150,131,157,68,100,84,192,260,154,239,484,1038,307,316,827,1611,233,892,270,395,340,1491,483,679,1046,708,1841,1332,830,1427,1428,1461,1463,1314,2013,1929,1857,2065,2936,2961,2908,2151,2834,5617,2134,2308,2352,3559,3379,5536,5615,7248,6366,6814,7651,8397,10397,14180,12031,14189,17096,17487,17638,31798,17816,22609,29961,23944,25615,33116,34472,31853,38503,38322,42475,44213,49016,50143,46232,64118,72099,58140,63663,62113,75183,70717,77979,82218,91599,89179,104558,129073,95223,105060,106064,114437,102936,129203,115241,125889,153429,142327,147120,172278,158324,161487,167054,172039,180771,182005,186869,183389,182471,165649,172743,171244,162767,177339,172385,164331,163734,135279,104467,70810,50793,19260
1103,Animal Science and Zoology,Agricultural and Biological Sciences,Life Sciences,0,0,0,0,0,0,0,0,0,0,0,0,0,0,0,0,0,0,0,0,0,0,0,0,0,0,0,0,0,0,0,0,0,0,0,0,0,0,0,0,0,0,0,0,0,0,0,0,15,0,0,0,0,0,0,0,0,0,14,0,0,0,0,0,0,0,0,0,0,0,0,0,0,0,0,0,0,0,0,0,35,0,0,0,0,0,0,0,0,0,0,0,0,9,0,0,0,18,2,0,0,12,20,0,0,0,23,0,8,0,2,2,0,0,0,0,0,0,0,1,0,0,0,0,0,0,1,7,0,0,4,150,3,2,32,0,0,10,5,0,2,0,0,2,2,1,2,1,18,5,9,13,7,7,3,15,5,2,2,4,1,4,5,2,2,12,4,15,17,13,50,94,7,10,30,43,31,9,36,22,36,33,45,1017,24,60,42,25,48,41,64,101,267,34,82,71,60,106,57,206,119,54,120,125,41,413,228,292,368,375,1763,486,835,1083,956,510,541,581,623,852,1162,451,1410,3369,1358,1694,1680,2225,1867,3348,2582,2862,4005,3930,4435,6339,4601,4179,6647,5132,5404,5073,5107,4511,4588,4671,6206,5503,8421,8849,11255,9792,10958,13527,19055,17947,15282,21872,23696,22262,23778,27389,32896,35054,32972,37176,35988,40223,43382,42815,64111,52976,59915,56727,55536,61365,495204,64013,66267,72889,69000,70053,76666,70688,72574,72386,74807,70261,70128,80579,85907,87140,88594,91390,95467,96932,105262,116198,123371,120821,142251,128324,149760,167566,154261,164623,165538,177841,165439,160749,191895,168212,168714,166342,173874,182599,178165,177882,181767,192588,213018,172060,136049,96117,65250,23981
1104,Aquatic Science,Agricultural and Biological Sciences,Life Sciences,0,0,0,0,1,0,0,0,0,0,0,0,0,0,0,0,0,4,0,0,0,0,0,0,0,0,0,0,0,0,0,0,0,0,31,0,0,0,0,0,0,0,0,0,0,0,0,0,0,0,0,0,0,0,2,0,0,0,0,0,0,0,0,0,0,0,0,2,0,0,3,0,0,0,0,0,0,0,34,0,0,0,0,0,0,0,0,0,0,3,0,6,0,10,37,0,0,8,15,2,3,44,0,85,0,0,2,0,0,0,0,0,3,0,0,1,2,0,0,0,0,0,813,0,18,0,0,0,654,4,7,12,13,132,85,0,81,10,130,83,164,122,119,114,52,28,194,35,21,149,37,40,154,107,31,275,421,223,166,201,67,52,46,97,58,121,367,216,138,131,156,28,150,198,181,196,169,153,826,126,336,237,179,397,217,109,62,132,219,353,243,123,78,556,288,308,668,243,238,380,283,397,409,605,534,655,497,1064,619,1094,782,1240,1010,676,778,706,663,835,376,430,533,1832,1216,1538,1010,929,1014,1106,1218,765,2067,1795,1774,1246,918,1701,1629,1619,1812,1881,1402,954,1446,1069,1115,1339,1488,1657,1523,2493,8127,3782,3571,3704,5079,5392,5276,5083,5689,6056,5959,5999,7128,8817,9171,7055,11333,15232,13389,18965,17593,17339,20230,23290,21059,22352,29029,26596,29205,34985,38253,35811,39129,34999,35697,41158,39627,42284,40336,48980,42195,46477,48815,54975,55254,61947,56125,64177,70294,67590,75444,81670,79448,100492,83482,89157,101697,100795,100982,110477,106411,122500,115372,109893,113272,127601,124970,122289,123945,128992,141349,115684,89653,64692,41235,14840
1105,"Ecology, Evolution, Behavior and Systematics",Agricultural and Biological Sciences,Life Sciences,12,4,0,1,0,8,0,0,0,0,0,0,0,0,0,0,0,1,1,4,0,1,0,0,1,0,1,0,0,55,3,0,1,2,52,0,0,78,3,0,0,0,3,16,268,86,0,7,0,0,43,37,27,0,7,5,0,2,3,0,0,6,7,124,29,2,4,9,342,35,20,33,3,0,0,972,48,25,3,11,9,308,2,7,3,22,253,38,75,49,322,80,82,71,107,2,28,115,82,41,65,248,241,112,61,47,168,206,467,88,115,87,102,117,70,4,50,168,388,340,154,786,98,299,252,646,697,218,2744,285,554,437,790,622,382,523,1108,1119,2089,1107,937,527,742,1183,439,878,509,797,682,555,920,952,698,1533,1459,503,752,758,1162,1465,1329,1052,1653,1512,1355,1178,1235,1432,1496,2100,1618,1906,1282,2135,2278,1959,2406,2940,4525,2517,2171,2008,2649,2699,2538,3221,2510,3118,3053,2577,4164,2771,4362,4640,3062,4061,6316,4442,3800,4105,7700,4183,4301,5300,7184,6522,9563,6355,6458,7795,8338,11374,7747,9174,10882,8057,9564,7568,6693,5527,8561,7686,8926,9069,10673,10602,16850,10055,9971,10339,13053,15292,15584,17021,14054,16815,17367,16304,17746,16292,18028,14148,14349,16691,9889,10550,10788,13373,26021,19056,25761,27870,33387,32539,33569,33933,37499,35740,47538,35245,44311,47162,50780,55687,63597,58970,80769,78604,70681,83062,89954,104809,100828,98922,111468,115758,118527,151654,142238,156909,164798,173364,187365,178125,177455,198828,194914,204439,210316,228370,253760,228659,265894,266185,277851,289169,320723,308980,348353,364614,438900,428851,450133,442577,478027,475533,532086,526870,516097,561818,555403,498190,476271,478073,453820,445315,434738,410467,396009,371616,325862,272979,188751,138330,84354,31237
1106,Food Science,Agricultural and Biological Sciences,Life Sciences,0,0,0,0,0,0,0,0,0,0,0,0,0,0,0,0,0,0,0,0,0,0,0,0,0,0,0,0,0,0,3,0,0,0,0,0,0,0,0,0,0,0,0,0,0,0,0,0,0,0,4,0,0,0,0,0,5,0,0,0,0,0,0,21,0,0,0,0,0,0,3,0,0,1,0,0,0,0,10,0,0,0,0,0,0,0,0,6,5,0,0,0,0,0,23,0,13,0,1,122,25,3,21,1,10,5,66,2,4,2,16,16,8,2,16,59,18,30,0,4,103,1,4,0,4,25,3,17,28,52,5,155,100,289,14,33,2,50,35,60,80,17,99,17,3,21,12,27,19,27,93,41,76,24,18,153,30,10,37,177,131,19,10,52,77,16,70,13,128,137,68,55,49,76,217,84,53,106,98,69,104,241,91,195,230,191,371,229,139,322,385,304,306,193,215,211,279,299,336,299,434,2692,412,771,638,616,674,992,1153,727,1022,787,1993,1008,1171,747,1298,1092,864,1976,2374,1297,1894,1678,1908,1714,3942,2216,3032,2326,3265,2652,3749,14764,4021,5732,4114,5958,5106,4751,4427,10430,4569,5510,5119,8709,6791,7747,9493,11745,18370,12904,20648,15381,16973,16090,18068,21659,40255,16904,25180,23797,26631,31937,37469,48681,38827,40664,39320,42795,52381,46983,52196,64329,68165,62189,66658,80581,70451,72973,82200,89271,92088,122051,100412,115427,109491,114387,116746,137022,144933,139375,165715,175176,166806,200981,212647,228769,250938,270735,323222,345934,385356,442857,438959,436242,465636,481517,473286,508324,535305,535311,529655,540211,577197,579964,557592,599662,602719,606102,664514,564655,445510,332503,226177,86311
1107,Forestry,Agricultural and Biological Sciences,Life Sciences,0,0,0,0,0,0,0,0,0,0,0,0,0,0,0,0,0,0,0,0,0,0,0,0,0,0,0,0,0,0,0,0,0,0,0,0,0,0,0,4,0,0,0,0,0,0,0,0,0,0,0,0,0,0,0,36,0,0,5,0,0,0,0,176,0,0,0,0,8,0,0,0,0,0,0,1,0,8,0,0,0,0,0,0,0,0,0,0,0,0,1,0,0,0,0,0,0,1,0,19,21,2,15,0,282,16,0,0,0,8,0,0,0,0,1,0,0,0,0,8,3,0,33,0,0,41,0,16,61,54,19,1,3,16,11,0,5,32,4,6,7,2,2,1,0,20,9,16,2,26,13,67,39,193,7,40,3,9,18,30,12,17,13,16,41,31,15,16,299,62,4,5,218,10,50,13,28,11,32,99,51,22,38,118,21,53,71,43,10,27,26,62,47,25,101,387,390,72,93,74,41,20,93,71,99,82,140,65,119,174,160,104,93,173,228,115,168,145,153,579,246,365,367,1854,188,189,363,1315,269,450,865,247,417,458,252,634,704,2640,1541,743,530,364,292,2353,274,1232,766,624,944,590,1584,1912,1898,3290,2100,1967,1603,2602,2672,1423,2304,2609,3520,3040,2931,5338,4042,2172,2236,3076,4489,4627,4463,3918,3864,4621,10987,4335,6344,5775,11639,5221,5195,9429,7802,8249,9514,10028,19160,9681,13731,11750,15016,13815,12832,14546,18963,16223,18372,14403,20558,18582,23222,25520,23341,26159,26159,23422,26964,30382,31640,29177,27150,28297,27659,25992,27922,31220,29299,30243,29410,23806,18926,13515,7653,3004
1108,Horticulture,Agricultural and Biological Sciences,Life Sciences,0,0,0,0,0,0,0,0,0,0,0,0,0,0,0,0,0,0,0,0,0,0,0,0,0,0,0,0,0,0,0,0,0,0,0,0,0,0,0,0,0,0,0,0,0,0,0,0,0,0,0,0,0,0,0,0,0,0,0,0,0,0,0,0,0,0,0,0,0,0,0,0,0,0,0,0,0,0,0,0,0,0,0,0,0,0,0,0,0,0,0,0,0,0,0,0,0,0,0,0,0,0,0,0,0,0,0,0,0,0,0,0,0,0,0,0,0,0,0,0,0,0,0,0,0,0,0,1,0,0,0,0,0,0,0,0,0,10,0,0,0,0,0,0,0,0,1,1,0,0,0,0,0,0,0,0,0,0,0,0,4,2,0,0,2,0,0,0,0,1,0,0,0,0,0,0,0,0,0,1,1,0,0,10,1,0,0,7,2,3,0,0,0,1,1,0,3,0,0,5,0,21,2,3,2,27,35,0,40,6,0,1,47,6,28,3,14,13,1,18,19,20,12,11,9,17,78,88,3,13,31,22,57,106,38,68,69,20,99,64,87,101,48,139,33,49,81,182,108,105,285,250,169,265,135,260,198,229,138,188,555,469,426,230,905,244,108,225,283,400,528,581,614,204,524,719,447,792,462,419,640,587,4582,787,339,938,686,1372,811,996,1278,615,1058,1080,1796,1654,1243,3335,1623,1581,2702,2431,2254,3052,5112,2571,4020,5667,5396,4587,4742,5724,4727,5804,5317,5226,6111,6362,7350,5056,6268,5543,4376,2808,2251,853
1109,Insect Science,Agricultural and Biological Sciences,Life Sciences,27,0,0,0,5,0,0,0,0,0,0,0,0,0,0,0,0,0,0,0,0,0,0,0,0,0,0,0,0,0,0,0,0,0,0,0,0,0,0,0,0,0,0,0,0,6,0,0,0,0,0,0,0,0,0,0,0,0,0,0,0,0,2,3,0,0,0,0,0,1,0,0,0,0,0,0,0,3,1,0,0,0,0,0,0,0,0,0,0,0,0,0,44,1,4,0,0,1,1,5,282,64,10,10,3,164,96,0,0,0,11,17,0,30,109,0,0,75,4,0,38,26,14,2,3,71,37,10,14,46,120,21,6,28,240,114,18,54,15,31,159,56,12,240,93,133,41,62,177,1,41,30,102,214,199,165,37,84,78,90,104,98,40,48,41,136,58,116,239,82,138,114,234,100,162,128,35,116,303,253,151,150,215,175,282,278,210,240,162,435,980,200,373,490,489,195,503,511,618,358,380,372,722,531,599,669,551,778,707,3070,1462,1023,1158,1392,2403,1843,1821,1362,955,1135,1713,2148,1817,1505,1910,2136,2526,2237,4451,3320,2995,3604,3393,4047,4410,3930,5829,5181,3672,3773,5935,3827,3878,4363,3562,4048,5419,6029,6706,5164,8805,9264,7961,10583,9311,14320,10744,12357,14580,22365,18517,18707,19069,20906,22065,25778,25531,28581,31040,37133,37110,37496,49230,35197,38697,39796,42944,45655,47598,48543,52499,56990,59865,61386,62955,63151,75493,77674,77857,79373,102282,98525,102538,103348,104585,112435,116391,121966,149115,143311,182471,179678,192371,193289,224876,218940,220574,214335,226960,253465,247250,243690,255649,267165,253981,247857,254464,262954,251175,257752,252448,206086,152851,110660,69228,24525
1110,Plant Science,Agricultural and Biological Sciences,Life Sciences,147,5,5,92,2,4,5,0,6,11,8,0,7,36,0,5,5,0,2,17,4,1,0,7,2,0,4,41,12,4,10,5,0,11,10,17,0,77,45,3,62,38,37,1,4,13,28,14,36,27,5,11,7,489,47,15,39,3,3619,12,42,247,147,90,183,3,491,5035,83,17,96,114,92,15,4,45,614,471,20,112,53,126,105,177,45,34,161,359,121,443,423,71,397,83,122,291,80,237,586,132,677,487,362,238,454,345,953,431,212,148,649,538,116,142,157,319,578,271,715,785,746,525,711,354,1181,623,602,501,739,572,343,336,566,601,566,651,710,612,705,481,1112,809,692,609,742,360,701,974,838,583,703,479,472,698,488,1148,856,1393,820,674,556,789,1078,807,1395,1083,1321,929,1343,674,1595,685,1270,1639,1143,2356,2223,3269,2794,1269,1168,1385,1402,1619,1913,1738,1359,1766,2311,2475,3299,2012,2374,2454,1868,2413,3908,2415,2931,2613,4427,5876,3467,4688,4103,4915,5350,5741,12516,5222,6307,7087,10422,6461,7902,8367,5668,8599,7998,6697,8579,7781,8665,10418,9836,27398,19442,16142,14038,13958,18181,18146,17230,19422,23105,24830,24083,27056,35237,26584,28866,27917,24933,20031,21287,19818,24983,29658,30324,32920,61356,51390,56424,49592,61533,61716,68376,82165,74801,79935,99716,106615,103641,115621,128973,135719,147959,136481,154030,166074,211244,206592,199533,260254,210427,238259,249496,274400,296780,298431,398677,342629,396910,408932,430111,426962,442515,497102,500513,548821,630991,673236,707029,736512,748702,836998,861612,940165,1005410,1023284,1287478,1287809,1502097,1500948,1604689,1642732,1688465,1700619,1725519,1769810,1798060,1775103,1793353,1784580,1760117,1754921,1701695,1762182,1729069,1759242,1781002,1498263,1205726,861028,557364,208485
1111,Soil Science,Agricultural and Biological Sciences,Life Sciences,0,0,0,0,0,0,0,0,0,0,0,0,0,0,0,0,0,0,0,0,0,0,0,0,0,0,0,0,0,0,0,0,0,0,0,0,0,0,0,0,0,2,0,0,0,0,0,0,0,0,0,0,0,0,0,0,0,0,0,0,0,0,0,0,0,0,0,0,0,0,0,0,0,0,0,0,0,0,0,0,0,0,0,0,0,0,0,0,0,0,0,0,0,0,1,0,0,0,0,0,0,0,2,5,0,0,1,0,0,0,0,3,0,0,0,45,0,0,0,0,0,4,0,0,0,0,0,0,1,0,0,0,0,1,0,0,15,0,0,0,0,0,8,0,1,0,1,0,14,3,3,1,7,3,0,1,0,1,22,1,1,3,5,0,6,0,7,8,11,8,48,26,8,17,4,1,12,6,0,5,32,1,111,22,11,8,4,53,9,10,43,15,149,30,13,70,9,5,53,16,82,33,49,17,101,301,50,195,35,122,127,289,148,204,132,323,204,275,177,115,560,215,341,348,503,485,267,873,762,522,597,894,3200,872,1132,1290,2562,1302,2891,1962,2285,1637,967,1270,1213,15451,1313,1423,4555,3032,3635,5263,2460,2887,4109,5119,6781,4743,7986,4420,9992,6659,8537,7177,10659,11250,9034,7266,8397,8500,13330,17460,14538,17777,11103,16401,21169,26409,33903,28349,37015,30568,54197,39021,45474,56909,50694,70021,56251,62479,79495,71201,81397,85530,103641,133056,135272,141522,158942,146627,196134,167412,210384,199244,229916,230328,224814,232034,242297,248760,291279,267601,266137,286027,294491,312472,309100,322041,323479,303115,317630,264154,211195,158293,101736,36870
1200,General Arts and Humanities,Arts and Humanities,Social Sciences,0,0,0,0,0,0,0,0,0,0,0,0,0,0,0,0,0,0,0,0,0,0,0,0,0,0,0,0,0,0,0,0,0,0,0,0,0,0,0,0,1,0,0,0,0,0,0,0,0,0,0,0,0,0,1,0,0,0,0,0,0,0,0,0,0,0,0,0,0,0,0,0,3,0,0,2,0,0,0,0,0,0,28,0,0,0,0,0,0,0,0,0,0,0,0,0,0,0,0,0,2,1,0,0,0,38,0,1,0,63,1,1,0,5,0,0,6,0,0,6,6,1,0,6,0,4,0,69,0,3,2,0,5,0,0,0,0,0,5,2,0,8,0,1,0,10,2,0,0,8,0,0,0,0,33,2,5,0,0,2,6,0,5,4,2,2,0,1,0,8,0,0,7,3,27,4,0,4,3,0,7,2,12,1,19,11,1,3,32,140,7,115,21,14,74,2,18,193,9,16,9,1,14,48,9,7,10,1,36,24,136,34,76,17,44,116,83,6,19,33,97,74,34,26,167,169,32,107,123,120,223,73,105,85,61,44,418,73,68,95,19,100,90,105,48,34,44,130,96,59,61,128,219,284,1024,288,264,304,420,236,383,485,690,258,199,440,638,714,721,607,508,810,1369,5665,604,1104,1183,1569,590,1120,1368,1368,783,1384,1166,1802,1183,2039,2390,1825,2001,1419,2335,1897,1970,1912,2106,2066,2028,2263,2712,2625,2238,1922,3186,2495,2750,2833,2648,2422,1975,2150,1934,2175,2023,1561,1510,1623,1151,1007,1120,603,705,298,174,40
1202,History,Arts and Humanities,Social Sciences,21,2,4,38,64,9,1,0,22,5,4,1,61,3,13,3,18,39,1,5,37,1,2,49,25,0,2,5,1,0,3,6,30,20,41,27,1,2,1,99,23,7,27,10,27,30,12,14,8,6,1,4,52,26,0,12,38,40,6,2,0,53,1,45,3,0,177,5,1,4,3,6,48,437,25,72,2,3,19,13,49,2,15,7,1,161,46,25,329,21,16,6,6,27,4,29,30,74,52,109,320,68,273,187,101,71,141,231,140,96,180,264,255,180,393,65,208,89,112,69,64,490,319,304,307,206,297,322,251,135,225,205,95,194,205,136,716,603,367,302,332,397,494,541,400,413,337,559,406,408,720,807,740,525,870,489,867,834,815,678,680,603,406,865,886,417,372,1539,777,592,1349,834,1861,1059,1163,973,1286,940,1283,1352,964,1188,1642,1116,1339,1324,1918,1275,1769,1889,3507,2639,1647,2760,3625,2904,2903,1825,2877,3103,2906,2688,4696,3324,3977,3042,3490,14519,3873,3911,4527,4283,3966,5243,5306,3823,3196,2623,4190,3572,4540,4684,7228,10469,5240,7521,6253,7438,7517,8837,9069,6570,9866,8576,10367,9987,23178,15173,10895,12310,9921,8458,9150,14274,6726,8751,13362,11395,11970,19492,14659,21249,19113,15553,15036,18940,19272,19323,23651,18977,23017,25368,21594,27893,27655,31063,28869,35219,32086,41588,44886,39883,34588,38038,44523,39659,52074,47187,53081,50047,51216,57897,63393,55622,61716,94960,90880,75829,83430,101053,96755,111074,116202,112625,117917,124679,129653,112895,115443,116694,138426,123293,139327,128314,135289,126296,126885,143406,126972,124451,128661,120418,124278,124882,107574,108975,106400,120954,82031,70839,64013,38550,26056,23034,14830,5628
1203,Language and Linguistics,Arts and Humanities,Social Sciences,0,2,1,0,0,1,4,0,0,0,1,0,0,0,0,0,0,0,0,0,0,2,0,8,0,0,0,0,0,0,0,0,6,3,1,1,0,1,2,0,0,0,37,1,0,0,0,2,0,0,0,1,1,1,3,29,1,11,0,0,0,0,0,0,1,1,2,4,0,4,0,0,0,13,4,0,3,0,3,30,38,8,4,1,5,5,4,0,13,12,17,1,36,10,0,5,7,0,353,36,159,20,76,20,71,183,201,121,22,2,66,7,31,9,8,23,105,85,33,48,66,106,42,46,80,206,230,31,642,129,199,45,432,139,45,191,312,199,92,162,311,160,119,336,205,224,469,318,247,72,415,355,201,371,567,141,224,452,178,280,384,503,409,714,586,287,589,1299,313,952,368,266,543,578,772,816,868,1416,583,1092,1313,1390,1198,2403,1765,1322,1832,1148,1580,1532,1325,2783,2394,2276,1843,2528,1939,1993,1319,1686,2234,2431,2002,2847,2977,2412,3463,2468,3789,2686,3799,3569,3619,4434,2442,2131,3744,2732,1581,1529,2294,2862,3489,5260,3778,4199,5214,6177,5392,9261,5606,5899,5774,4062,6136,6559,4189,5201,4982,5719,4656,3945,4040,2876,3765,4265,4306,5484,6065,7306,11364,10382,12275,14307,15753,13158,11879,30106,16512,20051,24056,16347,16830,18207,33903,27231,24184,36379,30762,27660,48462,37473,50813,60184,70289,61186,60128,60519,67195,69979,78751,80570,82068,103235,91520,116832,122626,149248,137056,125310,130741,148586,163316,147717,172889,185182,188708,212726,216352,195431,239970,254264,243997,282048,256244,269688,286884,258092,267062,273333,282057,253525,284308,291731,274128,252606,206691,208036,177259,161845,154343,108111,81993,50189,33701,12760
1204,Archeology,Arts and Humanities,Social Sciences,1,3,0,32,14,6,0,0,6,5,9,0,0,0,0,0,2,12,1,11,15,2,1,0,5,20,0,0,1,0,0,17,0,0,0,5,0,0,64,5,2,0,4,0,0,0,2,3,5,6,1,1,1,55,2,37,14,22,11,6,3,22,1,7,36,0,0,57,2,8,1,54,1,13,73,0,2,5,49,10,17,0,12,2,56,54,63,14,4,32,2,34,6,30,13,4,3,0,32,5,58,348,23,326,57,36,57,42,20,155,51,103,26,75,91,123,98,294,78,92,137,234,138,48,182,224,126,134,174,226,186,220,214,150,269,301,246,183,166,394,394,277,376,299,419,443,237,593,270,820,214,613,653,293,412,458,159,519,643,251,569,276,490,444,674,603,391,394,397,823,586,415,525,925,593,560,417,607,755,733,1286,2022,1911,1563,939,1163,973,1214,1074,1271,1663,981,1451,1624,1832,1442,2168,2411,2038,2406,3136,3143,3394,2466,7309,2714,4025,2693,2384,3170,3730,3732,3844,4323,4879,3087,2888,2597,2253,2831,3426,3365,4889,7349,6446,24710,6172,7685,6740,6159,6557,9177,9016,6848,7860,9177,7600,8055,11264,8301,6883,6579,6308,4794,5096,4536,6423,7464,9546,8221,11558,12535,11913,11247,19934,15843,14377,17115,19414,17568,19994,18652,18821,31798,22101,26311,25173,26425,36323,31624,32096,31030,33041,36390,38274,36148,42591,40781,42628,45317,44115,44778,51831,52618,51505,58887,63641,56057,61107,61855,73905,61749,79922,66609,78853,87788,77852,83995,88130,94815,107428,103135,114524,113744,112089,107009,130191,127232,128038,122906,135443,128966,128256,137918,128093,121981,118165,116174,106228,96695,87155,68288,46819,37069,26173,9868
1205,Classics,Arts and Humanities,Social Sciences,1,0,0,0,1,0,0,0,7,0,0,1,0,0,0,0,0,0,3,4,0,0,1,0,0,0,0,3,0,0,1,0,0,0,0,0,0,6,3,0,0,0,0,0,0,0,1,0,0,1,0,0,0,3,1,3,0,0,0,1,2,0,1,3,3,0,1,0,0,0,1,0,0,3,0,1,0,1,0,2,0,1,0,0,5,1,0,2,0,5,2,0,0,0,1,4,1,11,4,8,22,10,38,19,1,33,10,62,25,62,11,559,8,10,16,6,44,8,126,13,130,9,96,12,145,8,31,11,641,180,156,53,62,15,42,47,184,47,273,261,64,45,82,108,87,44,29,63,181,172,45,24,56,146,71,249,75,205,131,240,114,103,56,173,126,161,66,277,194,221,206,148,247,219,364,858,259,189,86,713,621,196,447,314,647,579,528,752,355,540,464,594,899,802,940,553,759,1395,784,996,649,1005,842,877,963,1006,1384,1286,1218,1126,1350,1776,1577,1605,1448,688,730,670,719,628,1335,1065,1652,1431,1669,2197,2631,2904,2683,2718,2298,2037,2379,2758,2189,2963,2678,3133,3096,2551,2940,3189,2559,1762,1720,2010,1793,2130,2601,2918,3349,4525,3720,5193,5698,5460,6323,5983,6527,5793,6115,5392,7721,6456,8380,9554,9295,14286,9940,12005,12387,14697,11702,11743,14773,14406,14508,14691,15756,16699,18053,15416,16577,16511,19319,19748,22309,18225,20490,23491,27857,23548,25398,25774,28348,33142,29912,28349,27564,28870,34756,29168,31842,31566,31988,31117,31068,32663,28820,28491,29081,26348,30060,28951,26944,23802,25111,24167,16503,14237,14237,7333,4208,5898,5297,1767
1206,Conservation,Arts and Humanities,Social Sciences,0,0,0,0,0,0,0,0,0,0,0,0,0,0,0,0,0,0,0,0,0,0,0,0,0,0,0,0,0,0,0,0,0,2,0,0,0,0,0,0,0,0,0,0,0,0,0,0,0,0,0,0,0,0,0,0,0,2,0,0,0,0,0,0,0,0,0,0,0,0,0,0,0,0,0,0,0,0,0,0,0,0,0,2,0,0,14,0,0,0,30,0,0,1,0,0,57,0,0,0,87,1,2,0,5,5,3,96,0,15,0,0,4,6,0,0,42,3,0,6,0,2,0,0,0,4,2,0,1,51,1,5,14,4,3,2,2,8,10,34,21,3,0,6,19,6,34,1,0,33,6,54,494,288,4,24,3,122,8,35,4,13,15,9,23,18,5,13,8,7,10,13,11,4,8,15,19,34,87,10,9,170,31,24,51,20,14,51,118,72,32,101,33,273,320,107,12,8,101,49,111,112,32,39,76,34,57,71,51,35,172,31,140,39,63,63,62,92,46,40,71,117,127,132,223,229,116,132,247,146,113,648,410,187,190,269,321,201,613,186,231,375,351,381,313,264,426,607,519,640,606,366,527,2848,312,483,814,1231,526,1365,1768,1272,1102,1065,1219,1023,1604,1375,1138,4309,2597,2060,1984,2438,2199,3137,2228,5075,10418,3048,3846,3934,4572,5225,3806,5044,7848,6289,6509,6794,8531,9046,10202,9575,9765,9002,10940,10425,10420,11349,14421,15330,16382,14962,16219,17231,19999,20172,16879,23140,20902,23955,22464,21421,21856,23975,23864,26988,24240,24053,23447,21055,14381,11574,8245,2953
1207,History and Philosophy of Science,Arts and Humanities,Social Sciences,4,1,4,2,7,19,11,2,16,0,23,8,0,3,17,0,15,0,0,7,3,0,0,6,68,30,0,49,4,1,2,1,9,0,83,143,10,11,9,59,5,15,2,42,4,6,1,16,10,9,18,9,22,7,13,9,0,9,1,6,8,1,111,2,1,184,5,8,5,12,16,21,0,30,195,19,9,4,33,2,18,2,2,24,26,73,48,3,2,29,190,9,35,7,33,4,6,37,47,101,117,214,1102,288,90,67,199,637,59,252,90,111,69,84,56,1300,121,101,153,103,66,69,229,243,311,242,156,222,78,139,501,189,673,219,288,236,161,284,196,186,601,297,367,712,495,416,2271,286,405,476,496,634,769,245,370,446,394,397,1076,10425,4149,762,465,675,868,487,622,460,598,2684,2458,1849,1603,964,995,1281,878,799,1878,897,2498,2116,608,1438,1175,1305,1434,1590,2583,5853,1007,1829,2172,4059,3749,1575,3946,3102,2125,1359,3749,3562,4924,4161,2384,8961,4051,2187,2602,3360,4279,2683,3636,4060,3547,3372,2879,2184,1623,2263,4209,5365,3220,4420,3863,4503,5232,4069,6897,8210,6535,5526,4443,5537,6285,6905,6754,8808,11171,7620,4157,6413,4792,4748,3276,5924,3767,5533,13418,10223,12209,15428,7840,23066,14211,10086,17015,13988,13021,38326,21798,17813,11606,28931,28079,23793,20159,18711,20193,20568,36198,21940,22665,27154,30179,30837,37971,35816,29914,48520,45287,46471,44659,52145,43774,71814,41849,42596,51579,67118,56381,48692,102691,53507,74330,59837,76490,66348,64163,67404,71852,66153,78418,65376,74425,66081,80468,81466,67537,84828,85843,77691,68076,86847,69037,61684,58597,62045,56744,50375,42512,26660,20210,14306,8379,3142
1208,Literature and Literary Theory,Arts and Humanities,Social Sciences,76,1,3,1,5,57,0,0,0,0,12,24,0,0,0,0,0,0,0,0,0,0,11,0,0,0,0,0,2,0,4,2,0,0,5,0,0,0,1,0,0,8,2,0,19,0,0,0,5,202,3,1,5,5,0,3,0,11,5,4,0,4,0,2,1,7,2,3,17,105,4,74,0,6,3,0,9,0,206,2,15,2,9,4,12,9,10,76,0,63,43,570,103,32,7,11,1,16,10,165,127,27,123,26,151,101,92,162,102,147,36,78,90,113,180,20,68,880,262,116,194,343,68,41,330,82,247,120,87,84,56,81,148,162,182,270,140,129,133,140,260,144,166,268,265,540,197,273,271,175,285,643,183,398,743,301,438,768,356,568,259,419,299,435,372,1297,740,199,599,879,591,428,385,449,653,672,772,1173,471,429,842,608,1988,595,1094,648,917,1697,1396,1556,1615,1749,1224,1319,1200,1261,1118,1785,1651,1380,1171,1490,1496,1169,2180,1826,3697,3637,2228,2027,2774,2098,2208,2613,1878,2239,2352,1422,1682,2115,2525,2502,2591,3021,3883,3796,2631,5888,4064,3702,5609,3610,4782,6607,5275,4271,5941,4071,4846,4602,6434,5899,4926,4938,3894,3774,5207,6743,6841,6978,9074,7253,9110,13287,14695,17153,12139,16367,16011,16518,24376,18157,20811,17906,17066,22920,23682,23775,40110,34103,36426,33600,37851,36792,37226,39923,42296,44820,50334,55042,63399,64459,70355,75304,87479,79670,82706,99127,90337,104865,115961,131306,137950,133384,146409,126529,150245,149565,142435,148427,178277,175587,181263,213729,187505,186141,183763,189555,186313,201371,191523,193842,189301,226396,202570,190321,181871,174583,156202,139337,130460,99109,67047,49293,33417,12175
1209,Museology,Arts and Humanities,Social Sciences,0,0,0,0,4,5,0,0,1,0,1,2,1,0,2,0,0,0,0,0,0,0,0,0,0,0,3,0,2,0,0,6,0,0,0,0,35,0,0,0,0,0,0,0,1,0,0,0,23,0,1,7,0,0,0,0,0,35,0,0,1,0,6,1,1,0,2,0,74,2,0,0,0,2,6,5,3,27,38,27,0,1,17,4,0,1,19,1,4,0,0,0,0,0,1,0,0,1,8,0,4,33,5,2,12,7,1,54,6,24,5,1,4,2,4,34,4,5,56,3,50,93,16,134,10,23,6,38,3,4,2,5,2,1,49,11,8,21,19,21,11,7,15,30,64,8,35,17,11,21,28,38,86,147,89,102,54,28,36,66,37,32,46,29,124,59,41,54,31,23,54,29,44,64,174,73,101,125,102,173,184,59,78,37,68,250,65,484,112,141,313,1013,114,218,297,327,214,137,176,2025,237,419,162,307,204,554,281,501,368,350,211,223,391,501,822,222,373,279,424,373,233,310,428,1094,964,496,1044,1296,994,1186,1443,1254,980,934,541,2784,1537,715,1530,958,416,805,493,1013,984,338,967,404,660,1006,1211,667,1071,983,1051,1107,1657,3017,1905,2160,1447,1323,953,1786,1627,3739,3145,1646,3247,4349,3841,3323,2788,5742,4763,3060,3924,4742,4415,5172,6443,6713,9117,4462,6875,8807,9838,8478,9182,11303,12451,11075,14166,13210,13191,15959,19733,17985,21103,20011,24530,16167,23788,22070,25470,26548,26647,29033,24489,28513,30176,27862,30931,34287,30479,33058,61390,29250,28865,29775,29579,17566,17091,11147,9212,2469
1210,Music,Arts and Humanities,Social Sciences,0,0,0,0,0,6,0,0,0,0,0,2,0,0,0,0,0,0,0,0,0,3,0,0,0,0,0,0,0,0,0,0,0,0,0,0,0,0,0,0,0,0,0,0,0,0,0,0,1,0,0,2,0,0,22,1,1,5,0,2,0,0,0,0,0,0,0,0,0,0,0,0,0,0,0,1,0,0,0,0,0,0,0,0,0,0,1,0,6,0,0,0,0,0,0,0,0,0,0,0,6,0,1,0,0,5,24,6,1,3,3,7,1,16,1,1,0,1,0,1,0,1,1,27,0,0,0,38,8,6,141,14,0,36,26,24,13,2,136,0,2,5,4,9,5,79,6,4,14,3,55,37,17,13,34,21,45,32,21,120,53,9,14,21,12,15,30,27,17,43,12,7,102,74,123,63,29,68,303,244,179,223,133,58,111,235,65,252,94,90,263,145,293,170,424,279,181,230,209,132,317,394,575,1384,182,426,355,126,312,329,369,454,247,337,326,367,359,289,224,468,971,938,617,434,766,844,757,855,1335,683,778,786,981,1339,2576,1431,1003,1042,881,796,1322,1737,1663,1387,684,1117,1761,1597,2207,1602,2580,2315,2320,1874,2648,2670,3091,4469,3549,3976,4100,3020,4432,5706,5097,6788,5129,6454,5706,9489,7615,8390,7064,8315,7836,7801,10589,8520,9754,9065,15262,16909,13412,14556,17690,14367,24090,15382,18181,23524,22559,28075,26365,35252,32951,46004,33989,35325,37684,41976,40105,38083,43713,45200,46755,44868,49365,45446,43373,47330,44651,46278,47774,45635,41964,41183,42121,42316,31313,32468,28820,21022,12854,9441,5147,1590
1211,Philosophy,Arts and Humanities,Social Sciences,1,0,2,3,4,4,5,0,6,12,13,1,0,17,2,5,2,15,0,1,34,3,20,0,80,1,1,0,1,8,0,0,0,0,2,3,0,45,2,86,5,0,22,1,3,4,7,2,1572,17,1,2,0,8,122,29,0,229,6,22,49,2,40,2886,843,28,0,0,1,35,0,21,125,0,203,0,10,2,6,83,12,1,5,19,8,9,0,11,175,2134,1,0,0,29,9,574,9,71,121,8,284,219,419,154,103,86,379,85,10,189,221,320,47,128,50,36,37,86,421,57,262,85,50,90,171,205,65,51,152,149,399,820,223,180,245,2233,41,320,253,1079,126,278,133,2298,368,192,514,462,119,660,123,204,361,125,1082,395,357,361,886,708,477,1595,287,782,837,943,361,382,414,410,518,456,704,403,495,418,953,921,848,555,797,783,1193,1826,766,974,821,3308,1238,2471,1187,1643,3267,2777,2719,2928,2916,2960,2200,2668,3608,3725,2197,2369,3272,3043,3230,5277,3825,2468,3026,3560,6437,3631,3299,1787,3011,2333,3002,2901,2478,3607,5744,8201,8887,7763,7368,10088,6422,7877,7394,7476,5887,9140,11386,14774,14193,9015,7231,9347,9629,12961,5615,5982,6160,6836,11256,8732,11841,17225,10193,13749,16560,19275,40337,26970,47331,22985,23787,30546,42822,30396,41973,47455,31851,42937,53611,56970,66541,53261,58381,59081,46207,71905,51543,82888,67604,59951,82318,87818,76665,81130,96221,91081,122554,102140,122430,122064,122058,123379,131516,148957,157380,142918,169504,175254,185669,165964,190879,184838,220047,192468,227968,204762,219643,214626,234854,239119,210777,229994,239274,225031,215476,243468,215136,211960,181506,184258,167804,128564,135939,96432,69106,50201,31970,9579
1212,Religious studies,Arts and Humanities,Social Sciences,0,0,0,0,0,130,0,2,0,0,0,0,0,0,0,0,0,0,0,0,0,0,0,0,0,0,0,0,0,0,5,0,0,0,0,0,0,0,0,0,0,0,75,3,0,0,0,1,1,0,0,0,0,0,0,0,0,0,0,1,0,1,4,131,0,5,9,0,0,1,0,0,0,0,0,0,0,56,0,0,0,0,0,0,0,0,1,0,0,2,3,120,1,0,0,0,0,0,0,1,42,43,4,82,0,12,6,40,109,3,44,22,24,38,62,7,69,5,77,16,22,15,26,7,11,140,3,53,14,127,73,36,118,38,22,100,21,9,73,31,60,51,31,85,217,17,65,120,72,34,138,203,64,53,55,15,14,104,97,171,55,280,112,100,175,105,76,75,97,125,121,33,314,111,99,126,167,85,53,197,107,182,264,205,241,155,606,304,176,276,475,525,420,590,361,555,641,604,582,1759,1023,807,696,427,566,929,1077,813,726,873,1020,1233,942,938,883,586,757,521,839,793,812,1496,1212,1310,1182,1554,1264,2553,1241,3134,1887,1266,1346,1847,1318,1517,2097,1559,1743,2786,1858,1286,1429,2539,1556,1223,1776,1948,2857,2959,2895,5395,5085,3854,5727,5145,5860,9058,6093,7164,8343,7707,10517,9828,12812,10806,12099,10567,10609,11204,14480,11697,10174,15830,15170,15076,15669,17038,16402,18230,18571,22319,23954,20390,24402,22905,28021,25622,28367,30942,32703,36652,35815,44990,45638,40154,38971,47383,43523,41591,46212,44292,45338,47470,50220,44540,46738,49435,48443,51936,52175,45053,47869,47277,46758,49103,42692,44450,35431,37090,35833,26580,17024,11084,7464,3181
1213,Visual Arts and Performing Arts,Arts and Humanities,Social Sciences,0,0,0,0,0,0,0,2,2,0,0,0,0,1,0,0,0,4,0,0,1,0,0,0,0,11,0,0,0,0,0,5,2,0,0,0,0,0,0,0,0,0,0,0,0,0,0,0,0,0,0,1,2,0,0,0,0,0,0,0,0,0,0,0,0,0,0,0,0,0,0,1,5,1,0,8,0,3,1,0,6,0,1,0,0,0,1,0,0,7,7,26,6,1,0,43,0,44,0,1,60,0,3,4,149,1,12,0,26,16,116,135,11,25,64,18,4,60,3,192,5,49,6,24,9,91,117,36,14,104,62,9,14,4,8,10,14,8,38,240,11,11,5,15,92,31,34,21,4,25,23,227,58,124,12,340,65,182,54,53,68,192,43,82,32,29,32,423,94,777,257,130,54,68,38,54,85,93,583,160,230,95,284,210,74,201,123,85,141,150,317,405,300,489,302,364,949,257,279,294,452,701,482,488,326,356,225,2034,539,457,591,1028,2027,507,533,699,506,540,1310,626,960,442,1466,3359,2159,953,1653,787,960,1084,1122,1541,2104,1309,1069,1790,1463,1744,1475,2620,2464,2153,1807,2134,1893,1080,1847,2741,3290,2824,4785,3075,4016,2582,2493,3184,2919,4771,4279,4653,7771,6638,6286,5590,11571,6654,7985,7695,14928,12783,9700,10597,10761,14330,15271,14498,13227,14047,15168,17929,17941,16585,17596,17711,21078,28494,33427,24144,28872,29035,32379,35205,33524,38567,44317,39908,57730,42812,50557,45827,60002,53302,53962,66804,53683,57332,57296,62574,58913,58166,70962,53387,75830,61633,49778,45176,44861,44233,41399,34106,38557,21337,16647,10497,7598,2967
1302,Aging,"Biochemistry, Genetics and Molecular Biology",Life Sciences,0,0,0,0,0,0,0,0,0,0,0,0,0,0,0,0,0,0,0,0,0,0,0,0,0,0,0,0,0,0,0,0,0,0,0,0,0,0,0,0,0,0,0,0,0,0,0,0,0,0,0,0,0,0,0,0,0,0,0,0,0,0,0,0,0,0,0,0,0,0,0,0,0,0,0,0,0,0,0,0,0,0,0,0,0,0,0,0,0,0,0,0,0,0,0,0,0,0,0,0,0,0,1,0,0,0,0,0,0,0,0,0,0,0,0,0,0,0,0,0,0,0,0,0,0,0,0,0,0,0,0,0,0,0,0,0,0,0,0,0,0,0,0,0,0,0,0,0,0,0,0,0,0,0,0,0,0,0,0,0,0,0,1,1,0,0,0,0,0,0,12,0,0,23,0,0,1,0,0,4,0,4,4,0,3,0,0,12,0,0,0,3,0,0,0,1,0,7,0,1,0,0,0,0,0,7,0,0,8,19,0,0,0,1,0,253,48,0,3,17,1,96,100,130,501,54,64,96,67,60,73,110,95,52,48,136,41,199,2186,453,40,49,99,0,113,23,49,427,378,163,260,160,199,553,403,185,861,499,580,613,1695,1209,2181,903,1213,646,1543,938,4018,1114,2357,973,1121,2196,16882,5830,5402,9672,5761,8785,11557,10995,9972,14207,8046,11120,19353,10647,17354,15447,19132,22819,32336,48447,37574,38563,35970,41944,51800,60014,82491,63803,65633,83031,71833,73160,78069,68612,70536,78444,70027,65926,66272,84297,63125,58484,57772,55484,43929,48465,36132,31894,28950,25595,11574,4100
1303,Biochemistry,"Biochemistry, Genetics and Molecular Biology",Life Sciences,0,0,0,0,0,0,0,0,0,0,0,0,0,0,0,0,0,0,0,0,0,0,0,0,0,0,0,0,0,0,0,0,0,0,0,0,0,0,0,0,0,0,0,0,0,0,0,0,0,0,0,0,0,0,0,0,0,0,0,0,0,0,0,0,0,0,0,0,0,0,0,0,0,0,0,0,0,0,0,0,0,0,0,0,0,3,0,1,0,0,6,0,0,0,0,0,1,0,0,0,0,0,0,11,0,0,61,0,0,0,4,0,0,4,0,0,124,0,0,0,0,38,0,1,0,9,0,0,0,0,0,0,2,7,7,5,5,59,88,4,7,1,1,44,0,282,6,2,6,24,0,5,11,11,12,3,51,8,2,2,11,27,7,13,5,18,28,30,34,42,47,29,69,70,79,43,131,261,42,118,174,98,826,174,40,91,95,115,144,113,205,128,298,152,396,156,340,93,327,344,260,583,346,478,359,545,481,419,599,628,964,460,820,791,1309,355,135,138,284,245,448,527,680,1039,1187,1403,1445,1288,1218,1276,1257,1268,1842,2302,1687,5912,1988,2148,2524,2541,2439,2066,1306,1819,1685,2082,2259,3746,2809,5357,6400,7596,7930,9292,9441,8927,11108,11534,14475,41165,17605,16536,26132,29699,24677,24993,37535,36643,32074,43590,37997,41098,43163,49493,44935,46362,54270,46964,52240,56377,65419,58837,79225,58297,60393,64015,56699,60163,66352,63720,76784,66936,78511,75266,81255,88141,82515,78578,85803,92008,104368,96505,105456,110248,118758,105990,125263,111848,129007,124273,118194,126311,123709,131723,126008,126825,105256,118569,111028,103702,100193,73939,58423,43181,28603,10368
1304,Biophysics,"Biochemistry, Genetics and Molecular Biology",Life Sciences,0,0,0,0,0,0,0,0,0,0,0,0,0,0,0,0,0,0,0,0,0,0,0,0,0,0,0,0,0,0,0,0,0,0,0,0,0,0,0,0,0,0,0,0,0,0,0,0,0,0,0,0,0,0,0,0,0,0,0,0,0,0,0,0,0,0,0,0,0,0,0,0,0,0,0,0,0,0,0,57,0,0,0,0,0,0,0,0,0,0,0,0,0,0,0,0,0,0,0,0,0,0,0,1,0,1,0,2,0,1,0,1,0,0,26,0,1,0,4,0,0,0,0,0,0,0,2,0,7,0,2,1,0,0,0,1,3,2,1,0,0,1,5,0,0,0,5,5,0,16,9,17,31,3,2,0,0,2,0,0,8,8,7,2,14,9,1,17,31,6,57,5,2,2724,34,44,8,75,25,60,29,30,37,60,2,97,103,303,611,62,79,33,89,187,118,21,39,179,21,146,77,203,57,42,443,8196,304,357,166,181,200,114,390,399,237,91,119,94,262,305,2595,163,249,322,467,308,275,541,1830,726,627,497,1082,1035,1076,791,1548,2147,943,979,542,1347,1823,578,605,665,782,2364,4216,2007,2826,4705,2524,4863,4382,4406,3386,2771,5396,4782,9170,7462,8142,11256,13558,10478,10874,13253,12512,16280,15316,19024,20234,17875,20073,14683,22204,18755,18920,21450,22640,22340,23388,24079,29415,22483,24538,32018,31658,32426,34545,42973,36798,44488,43802,54862,56776,56313,76288,75942,84966,94688,101854,100867,114977,117919,153562,122281,145711,128253,132161,137487,278480,132709,148106,231356,141522,140854,134812,124864,123977,106552,73711,56816,36222,17143
1305,Biotechnology,"Biochemistry, Genetics and Molecular Biology",Life Sciences,0,0,0,0,0,0,0,0,0,0,0,0,0,0,0,0,0,0,0,0,0,0,0,0,0,0,0,0,0,0,0,0,0,0,0,0,0,0,0,0,0,0,0,0,0,0,0,0,0,0,0,0,0,0,0,0,0,0,0,0,0,0,0,0,0,6,0,0,0,0,0,0,0,0,0,0,0,0,0,0,0,0,0,0,0,0,0,0,0,0,0,1,0,0,0,0,0,0,113,1,0,0,1,43,3,0,0,0,0,0,0,0,0,0,0,0,0,0,0,0,0,12,0,0,0,0,9,1,0,0,0,0,3,0,0,21,3,0,0,11,11,15,119,3,0,4,0,1,0,53,1,10,4,2,10,4,1,174,57,0,16,2,67,0,10,1,14,319,22,60,106,23,82,35,48,47,152,49,55,45,102,75,181,80,106,404,112,73,73,103,44,80,61,54,106,83,138,90,237,168,141,145,161,149,130,193,184,1017,212,144,808,149,273,382,436,299,418,131,252,311,268,318,297,572,705,717,842,524,491,2644,868,1153,1824,877,951,1142,2111,1509,1723,2347,2877,1443,3175,1925,1365,2217,3076,3525,3250,4082,4888,4744,5176,7725,7165,11441,10091,9983,9149,9301,11916,13614,9036,13198,14729,16770,22998,20227,21659,20855,23904,26105,24443,29784,31853,51820,36809,40890,38760,33969,39560,46942,47171,54148,54876,50667,55205,66452,76165,76414,97199,102854,88311,97224,93025,98615,118849,111988,125478,126518,144918,133508,157847,166885,168650,164588,177584,166258,157360,168055,161083,152417,150879,157262,153208,147897,144249,141310,132312,140815,134437,115767,84927,62916,39728,15217
1306,Cancer Research,"Biochemistry, Genetics and Molecular Biology",Life Sciences,0,0,0,0,0,0,0,0,0,0,0,0,0,0,0,0,0,0,0,0,0,0,0,0,0,0,0,0,0,0,0,0,0,0,0,0,0,0,0,0,0,0,0,0,0,0,0,0,0,0,0,0,0,0,0,0,0,0,0,0,0,0,0,0,0,0,0,0,0,0,0,0,0,0,0,0,0,0,0,0,0,0,0,0,0,0,0,0,0,1,0,0,0,0,0,0,0,0,0,0,0,0,1,0,0,0,0,0,0,0,0,0,0,0,0,0,0,14,7,0,0,0,0,0,0,0,0,0,0,92,0,0,6,17,1,2,1,0,0,4,1,10,3,0,0,0,0,0,2,0,19,1,0,9,42,11,1,5,0,2,0,0,0,1,18,3,3,10,2,13,5,0,29,14,0,4,30,35,1,4,10,33,28,29,9,4,26,27,20,22,20,37,24,30,91,26,38,39,26,72,40,37,172,25,42,150,92,1043,179,527,64,137,87,136,146,81,147,398,249,172,261,240,348,331,211,584,309,714,418,1884,632,344,1003,945,496,1171,1489,1809,1419,1003,1154,955,1926,1614,4343,745,3345,2927,3290,3218,4018,4460,6142,7074,6194,17001,12778,11603,9879,14001,12020,11500,16193,12873,12465,16153,16946,22294,18284,23570,24994,21063,26488,29989,36846,52711,64925,64500,74312,69360,90954,91546,92842,103510,106618,113559,118178,113863,128155,127585,156949,162623,179002,177476,204081,237642,259826,274016,303111,344888,374596,386899,406503,426829,451930,514962,529092,573735,658015,701846,713096,761519,779346,869769,895986,839945,803300,862708,822749,779091,707460,518507,365858,234053,138803,50315
1307,Cell Biology,"Biochemistry, Genetics and Molecular Biology",Life Sciences,0,0,0,0,0,0,0,0,0,0,0,0,0,0,0,0,0,0,1,0,0,0,0,0,0,0,0,0,0,9,0,0,0,0,0,0,0,0,0,0,0,0,0,0,0,0,0,0,0,0,0,0,0,0,0,0,0,0,0,0,0,0,0,0,0,0,0,0,0,0,0,0,0,0,0,0,0,0,0,0,0,0,0,0,0,0,0,0,36,0,52,0,0,0,0,0,0,7,0,0,1,1,1,0,0,1,0,0,4,0,0,0,0,8,0,104,0,0,2,5,4,0,2,76,0,0,0,1,5,19,0,2,42,4,102,0,5,3,18,4,6,22,23,30,35,1,1,232,5,50,53,12,141,46,81,15,8,46,32,227,64,19,5,32,80,50,23,25,51,342,65,149,153,163,180,91,106,57,353,205,202,243,472,319,324,294,300,707,313,344,182,221,469,574,438,884,2846,456,556,428,719,658,856,806,1139,1335,880,1138,971,2481,3670,1775,2204,2544,1143,1704,1383,1815,1277,1285,1840,2351,3444,3500,3947,4598,5342,4337,4628,4657,5096,4355,4562,6616,4840,6142,7439,7076,8082,7160,9349,11654,8865,6741,6742,6889,8187,8874,12062,15653,14784,14220,14775,19980,19802,26441,23980,29694,27327,33156,43665,46340,108618,55753,57884,64869,64321,80186,77831,87059,89417,100906,104371,114065,115311,148035,136474,134879,143911,146824,179195,191455,196048,200463,205588,221572,245177,257064,263209,283980,303155,325219,365471,367867,387776,425738,457592,465180,546449,566669,634204,619771,653035,681469,702265,644517,701446,675243,665232,688035,665732,671718,635269,606882,598179,574918,521831,530120,483851,437272,411312,329236,236346,159756,100341,36817
1308,Clinical Biochemistry,"Biochemistry, Genetics and Molecular Biology",Life Sciences,0,0,0,0,0,0,0,0,0,0,0,0,0,0,0,0,0,0,0,0,0,0,0,0,0,0,0,0,0,0,0,0,0,0,0,0,0,0,0,0,0,0,0,0,0,0,0,0,0,0,0,0,0,0,0,0,0,0,0,0,0,0,0,0,0,0,0,0,0,0,0,0,0,0,0,0,0,0,0,0,0,0,0,0,0,0,0,0,0,0,0,0,0,0,0,0,0,0,0,0,0,0,0,0,0,0,0,0,0,0,0,0,0,0,0,0,0,0,0,0,0,0,0,0,0,3,3,0,0,17,0,0,2,0,1,0,3,10,0,1,14,4,3,10,1,30,6,4,220,1,1,1,7,6,3,0,16,6,1,4,0,32,8,46,14,21,62,14,10,44,13,124,82,18,49,47,37,70,55,57,77,89,52,59,155,182,146,131,66,67,49,159,188,240,337,146,185,235,265,227,236,237,337,225,289,466,231,227,471,589,622,610,899,739,703,554,781,301,322,457,605,679,1061,3348,1270,1527,988,1466,1373,1466,1136,1331,1048,1575,2020,1834,2821,3027,6110,3288,3047,3257,2539,2230,12246,4176,3264,4014,8159,5479,8521,7195,7625,11631,8316,10363,11142,14579,11591,12788,18971,15097,19326,22432,22221,25211,44154,30248,37441,29948,33794,32495,36283,33740,31082,35372,38709,44847,37090,35841,64672,47481,39659,42559,44495,41262,44736,48425,45678,48816,52639,66873,54513,74250,59788,68333,71020,69139,80885,85051,109967,118651,96496,112157,103557,115213,111627,101900,106055,105276,114653,102590,103491,111378,106912,105024,96138,89874,89600,84960,78929,58679,47107,33547,19795,8337
1309,Developmental Biology,"Biochemistry, Genetics and Molecular Biology",Life Sciences,0,0,0,0,0,0,0,0,0,0,0,0,0,0,0,0,0,0,0,0,0,0,0,0,0,0,0,0,0,0,0,0,0,0,0,0,0,0,0,0,0,0,0,0,0,0,0,0,0,0,0,0,0,0,0,0,0,0,0,0,0,0,0,0,0,0,0,0,0,0,0,0,0,0,0,0,0,0,0,0,0,2,0,0,0,0,0,0,0,0,0,0,0,0,0,0,0,0,0,0,0,0,0,0,0,0,0,0,0,0,0,0,0,0,4,4,2,0,0,0,0,0,0,0,0,0,0,0,0,0,0,0,0,0,5,0,0,0,0,1,0,1,0,0,0,0,0,13,0,0,0,0,0,9,9,9,1,11,4,0,0,0,0,2,2,0,1,10,0,0,9,150,8,2,1,24,4,12,1,5,9,43,17,32,4,32,8,33,8,16,3,33,16,22,82,15,322,15,26,2,88,56,40,23,281,62,17,31,50,79,14,21,100,79,57,69,53,23,48,35,60,166,111,103,222,130,276,425,227,307,201,206,242,120,193,189,437,291,502,350,276,128,148,187,248,232,258,308,220,1065,565,415,695,1723,587,1204,1409,1020,1678,1254,874,1826,2519,3248,4729,3455,3397,2930,3346,4902,5127,5652,5183,5760,6436,8956,9863,12882,11355,12045,15807,15723,15196,14201,16461,19252,15829,14138,17307,13826,15009,18519,20685,17552,15828,18410,20546,28408,23577,26584,29130,24482,30734,30949,34867,34413,33248,27495,38659,36603,34819,32967,31743,34398,26749,24508,33328,24277,22621,19179,17865,17079,11550,8675,5319,2002
1310,Endocrinology,"Biochemistry, Genetics and Molecular Biology",Life Sciences,0,0,0,0,0,0,0,0,0,0,0,0,0,0,0,0,0,0,0,0,0,0,0,0,0,0,0,0,0,0,0,0,0,0,0,0,0,0,0,0,0,0,0,0,0,0,0,0,0,0,0,0,0,0,0,0,0,0,0,0,0,0,0,0,0,0,0,0,0,0,0,0,0,0,0,0,0,0,0,0,0,0,0,0,0,0,0,0,0,0,0,0,0,0,0,0,0,0,0,0,25,0,0,0,0,0,0,0,0,1,0,0,0,0,12,0,1,0,0,1,0,2,0,2,187,2,0,0,2,0,1,87,139,45,18,0,3,7,5,5,13,11,4,12,0,1,11,7,274,55,65,4,50,12,38,939,131,78,12,6,7,11,35,9,19,11,40,20,20,43,20,44,8,65,15,13,14,38,16,15,24,22,26,32,427,122,47,49,27,112,794,78,165,289,458,299,509,328,332,192,217,382,148,168,151,151,152,266,229,207,303,418,420,641,436,528,566,577,327,514,384,560,602,564,962,587,1465,722,768,726,986,1029,784,1045,1376,2336,1368,1751,1297,963,1369,1264,1175,1264,1293,1189,1752,1858,1889,1807,2688,2879,2451,2628,2607,2570,3915,3766,4217,3791,3910,4493,4090,5841,6243,14271,7433,7566,10856,10155,14151,12100,15874,13913,15612,16430,13499,23588,24198,25316,26972,31258,29651,41130,32836,38738,33287,39658,42247,38432,45567,52618,57584,55499,58190,74750,74388,70988,87786,83167,96726,91840,98256,103720,115835,111799,114812,100246,100979,110807,104270,107253,103574,100958,101262,98632,87628,87397,77515,77042,68694,52982,40083,28780,18297,7366
1311,Genetics,"Biochemistry, Genetics and Molecular Biology",Life Sciences,0,0,0,0,0,15,0,0,0,0,0,0,0,2,43,0,0,0,0,0,0,0,0,0,5,0,0,0,3,0,0,0,0,0,0,0,8,0,0,0,0,1,0,0,0,0,0,0,6,0,0,0,1,6,0,1,0,2,0,0,25,0,0,0,0,1,0,0,0,2,12,3,0,0,0,1,0,0,0,34,0,45,11,11,0,0,1,17,0,54,1,4,5,1,6,47,149,23,10,8,35,52,207,10,10,46,26,22,0,8,10,9,56,9,0,7,9,430,426,186,20,228,6,280,5,45,6,35,38,494,62,53,194,311,142,34,102,195,289,99,304,136,91,93,215,79,85,341,161,286,234,517,212,127,1745,83,197,532,326,225,199,390,1325,695,301,497,287,371,328,450,553,835,1317,887,563,431,478,524,578,790,850,697,946,769,777,582,775,1242,1090,1158,1489,1326,1967,1672,1026,1798,2764,3174,1830,2050,2000,1691,2631,2329,2736,2521,2477,2594,4524,4179,5320,4491,5888,4111,4083,4485,3304,3904,2758,3526,4921,5632,8474,5849,5890,7388,13184,8539,9253,8624,26797,18474,10351,10047,11581,11352,13600,13686,13449,15123,20938,11920,15530,20467,13533,12334,12867,14740,18243,25572,35566,37516,33738,32399,33896,41140,35160,44405,44691,56869,58330,70748,69739,76987,99764,98731,104936,111589,133029,127058,143025,166546,170720,191338,174948,205011,204647,224618,230180,259791,260192,261777,289134,341200,366416,386766,364098,495906,445662,488488,537858,589980,599540,632998,728893,742850,841627,846789,895624,939445,1098612,1096415,1156285,1205760,1205555,1264870,1243209,1318490,1313036,1340070,1371408,1277697,1201218,1176805,1149754,1208258,1060456,1020508,980410,893699,802379,686547,480765,344082,203243,74674
1312,Molecular Biology,"Biochemistry, Genetics and Molecular Biology",Life Sciences,0,0,0,0,4,0,0,0,0,0,0,0,12,1,1,0,0,0,0,0,3,0,0,0,0,0,0,0,0,0,0,0,0,0,0,0,0,0,2,0,0,0,0,0,0,1,0,0,0,0,0,0,0,10,0,0,0,1,0,0,0,0,0,0,0,0,0,0,0,1,0,11,0,0,0,0,1,0,0,0,0,0,0,1,13,0,1,17,0,0,37,6,36,6,3,0,0,0,9,7,35,7,16,2,0,40,21,15,14,16,2,10,25,1,54,12,15,11,0,16,95,9,2,23,13,21,337,18,20,55,23,57,80,78,327,183,79,157,91,180,73,40,151,99,94,76,181,336,96,87,111,99,75,197,269,196,108,160,293,248,392,188,285,136,226,283,435,730,299,283,556,243,297,409,669,672,3391,1929,550,787,803,2170,610,1305,873,1174,932,1263,1044,7076,1265,2045,1832,1810,1796,2366,1569,1953,2923,2468,4109,3252,2966,2584,3799,4631,4486,7560,4318,3839,4196,5545,5144,5946,5250,4332,5011,5503,3916,9029,6892,7389,8702,7465,10190,16148,15501,11071,15384,17830,17051,16655,18528,17979,19386,23539,26338,25695,28211,30440,32206,36349,25393,24648,23078,35361,31817,43229,50449,83555,73579,407604,103156,146723,122776,136453,159494,219462,194733,193931,217274,253841,266732,352252,343633,410875,445893,477084,521514,528001,587722,633272,721875,694000,773921,808217,810336,870394,897418,985229,1089051,1130324,1230726,1308692,1366993,1456949,1507846,1832900,1847806,2120898,2451935,2346091,2449092,2645570,2963429,3185661,3370125,3780282,4101200,4217565,4937192,5075977,5159068,5618006,5671738,5542784,5460717,5576826,5757941,5688822,5697451,5655739,5876552,5682412,5661686,5510513,5383973,5348321,5186397,5082746,4768279,4008907,2954166,2092954,1350990,492148
1313,Molecular Medicine,"Biochemistry, Genetics and Molecular Biology",Life Sciences,0,0,0,0,0,0,0,0,0,0,0,0,0,0,0,0,0,0,0,0,0,0,0,0,0,0,0,0,0,0,0,0,0,0,0,0,0,0,0,0,0,0,0,0,0,0,0,0,0,0,0,0,0,0,0,0,0,0,0,0,0,0,0,0,0,0,0,0,0,0,0,0,0,0,0,0,0,0,0,0,0,0,0,0,0,0,0,0,0,0,0,0,0,0,0,0,0,0,0,0,0,0,0,0,0,0,0,0,0,0,0,0,0,0,0,0,0,0,0,0,0,0,0,0,0,0,0,0,0,0,0,0,0,0,0,0,2,0,0,0,0,0,0,0,0,0,0,0,0,0,0,0,0,0,0,0,0,0,0,0,0,0,0,0,0,0,0,0,0,0,36,0,7,0,0,0,7,0,0,0,0,4,0,0,0,0,7,4,0,0,0,0,0,0,0,0,0,2,4,5,0,0,4,13,0,3,12,17,113,10,215,11,0,26,24,7,31,11,9,8,10,0,6,14,0,17,63,8,12,17,21,49,43,80,21,7,185,142,262,124,199,80,200,56,70,581,385,964,776,670,910,745,919,824,877,1956,395,399,1126,316,1371,1677,867,1377,2066,1874,1880,2133,7113,3694,4651,6529,5293,6901,6940,12432,9150,8884,9153,10964,16688,11525,14057,19257,15108,20417,18391,25678,22158,24001,27503,31547,32145,32273,36876,46202,48834,47008,51134,68892,85735,98242,100347,102998,117251,144640,149557,161480,182883,186001,193740,231742,215037,236826,225487,240560,249969,259412,255359,268856,234936,200422,156105,113793,74962,30615
1314,Physiology,"Biochemistry, Genetics and Molecular Biology",Life Sciences,0,0,0,0,0,0,0,0,0,0,0,0,0,0,0,0,0,0,0,0,0,0,0,0,0,0,0,0,0,0,0,0,0,0,0,0,0,0,0,0,0,0,0,0,0,0,0,0,0,0,0,0,0,0,0,0,0,0,0,0,0,0,0,0,0,0,0,0,0,0,0,0,0,0,0,0,0,0,0,0,0,0,0,0,0,0,0,0,0,0,0,0,8,0,0,0,0,0,0,0,0,0,0,0,0,0,0,0,0,0,0,0,0,0,0,0,0,0,0,0,0,0,0,0,0,0,0,0,0,0,0,0,13,2,0,0,0,495,1,0,0,0,1,4,0,15,4,0,0,19,0,8,50,0,24,0,7,0,1,0,0,0,0,1,0,0,0,3,0,0,0,7,4,0,0,12,4,4,77,6,20,1,31,27,83,7,27,29,25,14,26,12,32,27,28,14,125,68,48,60,72,79,281,71,21,47,186,149,121,143,185,72,284,133,290,587,102,154,190,317,346,502,224,377,650,672,343,378,635,1012,1221,583,1344,738,1353,1018,1228,927,1071,1882,1248,866,1503,584,460,899,1072,1149,560,2492,1737,1601,1789,1683,1711,1806,2109,1797,2678,3526,3902,3827,5175,15479,4825,5952,7735,11123,9392,9502,16740,14235,14056,14975,15719,16812,15096,14251,20290,20523,22449,23343,22564,25038,24035,26152,29093,26568,27252,28639,31717,32443,37345,54863,52246,64007,68970,73184,75129,68655,84946,97015,79382,91914,83814,75037,90573,89638,83554,76285,69527,71585,73192,67098,63889,55968,58427,57923,56144,53477,55476,38111,30298,20221,13398,5486
1315,Structural Biology,"Biochemistry, Genetics and Molecular Biology",Life Sciences,0,0,0,0,0,0,0,0,0,0,0,0,0,0,0,0,0,0,0,0,0,0,0,0,0,0,0,0,0,0,0,0,0,0,0,0,0,0,0,0,0,0,0,0,0,0,0,0,0,0,0,0,0,4,0,0,0,0,0,0,0,0,0,0,0,0,0,0,0,0,0,0,0,0,0,0,0,0,0,0,0,0,0,0,0,0,0,0,0,0,0,0,0,0,0,0,0,0,0,0,0,0,0,0,0,0,0,0,0,0,0,0,0,0,0,0,0,0,0,0,0,0,0,0,0,0,0,0,0,0,0,0,0,0,0,0,0,0,0,0,0,0,0,0,0,0,0,0,0,0,0,0,0,2,0,0,3,0,1,0,0,0,0,0,0,0,0,0,4,1,0,0,1,0,0,13,0,0,0,9,0,0,0,0,46,0,0,0,16,0,0,0,0,0,0,0,0,0,0,0,0,32,1,26,1,5,0,0,0,0,5,22,19,29,2,0,0,0,0,0,2,0,1,3,1,0,5,37,3,3,20,55,7,1,163,12,66,0,23,3,2,140,184,70,30,113,33,163,119,1286,77,116,43,23,230,329,1007,391,513,231,908,287,1089,285,728,67,213,844,843,346,4956,3160,2363,1260,1751,1750,1669,1075,1507,1984,1708,3023,3413,2174,2433,2114,2592,3798,4523,2337,3304,4114,6070,4440,3750,4692,5312,5119,3841,13205,6025,6850,8190,14923,13020,18460,18307,12948,17609,24728,20588,21830,30197,23696,22506,35968,27848,44434,25445,26487,27941,21340,13462,10714,6392,1916
1402,Accounting,"Business, Management and Accounting",Social Sciences,0,0,0,0,7,0,0,0,0,0,0,0,0,0,0,0,0,0,0,0,0,0,0,0,0,0,0,0,0,0,0,0,0,0,0,0,0,0,0,0,0,0,0,0,0,0,0,0,0,0,0,0,0,0,0,0,0,0,0,0,0,0,0,0,0,0,0,0,0,0,0,0,0,0,0,0,0,0,0,0,0,0,0,0,0,0,1,0,0,0,0,0,0,0,0,0,0,0,0,0,10,2,11,0,0,0,4,2,2,5,2,0,0,0,0,0,2,2,0,2,31,2,0,22,0,0,8,3,3,2,0,3,5,5,3,1,1,2,3,2,57,1,1,6,27,3,0,61,2,2,4,22,1,14,6,109,8,11,14,10,9,620,33,2,12,5,7,19,8,18,33,28,80,303,17,8,23,0,20,12,62,10,15,11,93,8,76,95,40,67,25,1299,120,67,47,112,151,217,271,50,191,158,91,53,143,146,265,149,384,272,661,768,346,142,252,189,225,200,283,740,283,502,1076,532,229,388,313,3346,665,742,698,300,1352,680,550,533,1271,1024,1721,563,942,349,479,241,418,449,363,508,1008,991,1318,882,1099,1826,3077,1733,2700,1349,5803,2627,6025,16540,4517,15329,9712,6358,11403,9616,27311,7844,10147,10606,14308,9055,20369,13233,16548,28565,18175,30077,39068,41336,32165,77951,76022,75441,91916,58866,128019,100478,126819,126158,103711,135753,151554,165421,181883,230830,233203,280659,289993,309152,345337,408592,319104,352880,355209,391250,405502,370228,399378,389357,358262,358240,351099,321918,349100,333784,320966,305043,310638,246213,184827,132356,81946,27747
1403,Business and International Management,"Business, Management and Accounting",Social Sciences,0,0,0,0,0,0,0,0,0,0,0,0,0,0,0,0,0,0,0,0,0,0,0,0,0,0,0,0,0,0,0,0,0,0,0,0,0,0,0,0,0,0,0,0,0,0,0,0,0,0,0,0,0,0,0,0,0,0,0,0,0,0,0,0,0,0,0,0,0,0,0,0,0,0,0,0,0,0,0,0,0,0,0,0,0,0,0,0,0,0,0,0,0,0,0,0,0,0,0,0,0,0,0,0,0,0,0,0,0,0,0,0,0,0,0,0,0,0,0,0,0,0,0,0,0,0,0,0,0,0,1,0,0,0,0,0,0,0,0,0,0,0,0,0,0,0,0,0,0,0,0,0,0,0,0,0,0,0,0,0,0,1,0,0,0,0,0,0,0,0,0,2,0,0,0,0,0,0,0,0,0,0,0,1,0,0,0,0,0,0,0,0,0,0,1,0,0,0,0,1,36,0,0,0,0,0,1,7,0,0,5,0,0,1,0,1,0,0,1,0,10,1,6,1,3,2,9,22,0,13,2,0,2,0,1,8,1,5,7,3,3,21,316,1,0,1,62,1,0,1,77,62,8,14,232,17,294,175,33,4,603,241,937,13,145,125,190,372,159,2067,372,705,388,283,125,405,327,814,805,8658,1189,1470,1004,710,874,4986,1473,1902,1420,876,1741,2563,2615,1645,1099,7773,1943,4365,2696,4128,4030,4559,9065,6805,7265,12741,13487,18192,21447,19461,26236,25848,24427,24808,21187,25205,32276,33493,36132,31044,41410,36435,28038,20032,18056,6046
1404,Management Information Systems,"Business, Management and Accounting",Social Sciences,0,0,0,0,0,0,0,0,0,0,0,0,0,0,0,0,0,0,0,0,0,0,0,0,0,0,0,0,0,0,0,0,0,0,0,0,0,0,0,0,0,0,0,0,0,0,0,0,0,0,0,0,0,0,0,0,0,0,0,1,0,0,0,0,0,0,0,0,0,0,0,0,0,0,0,0,0,0,0,0,0,0,0,0,0,0,0,0,0,0,0,0,0,0,0,0,0,0,0,0,0,0,48,0,0,10,0,0,0,8,0,0,0,0,0,0,0,0,0,2,0,2,0,19,0,0,0,0,1,4,0,0,2,32,0,0,0,2,0,0,0,4,0,0,0,7,0,1,0,2,0,0,1,1,0,0,2,0,0,0,0,0,1,0,2,0,0,2,0,4,4,27,136,2,1,14,221,4,2,18,17,125,0,58,3,0,0,26,41,0,0,7,4,3,8,1,11,13,20,62,14,29,34,28,27,7,237,27,4,30,56,19,25,91,27,26,12,11,38,15,45,35,87,108,198,100,19,231,88,112,119,320,469,386,43,251,294,136,1190,995,44,142,90,33,460,435,85,1328,924,1608,367,3015,4589,1817,2001,3442,2540,2377,5905,2540,4922,9312,9039,7583,6444,8633,9815,9889,14746,10519,9915,17825,11982,18963,16777,23030,14196,32137,26614,36111,33159,32823,43389,32401,66257,69182,62359,74471,73108,71746,96648,84318,113799,117873,124274,125451,122193,156723,157696,196429,229357,195402,243199,271698,265937,264205,270384,271146,273872,257469,247559,264300,243983,252748,244508,235712,257718,258380,269337,251732,232189,192901,145590,115743,99781,48900
1405,Management of Technology and Innovation,"Business, Management and Accounting",Social Sciences,0,0,0,0,0,0,0,0,0,0,0,0,0,0,0,0,0,0,0,0,0,0,0,0,0,0,0,0,0,0,0,0,0,0,0,0,0,0,0,0,0,0,0,0,0,0,0,0,0,0,0,0,0,0,0,0,0,0,0,0,0,0,0,0,0,0,0,0,0,0,0,0,0,0,0,0,0,0,0,0,0,0,0,0,0,0,0,0,0,0,0,0,0,0,0,0,0,0,0,0,1,0,0,0,0,0,0,0,1,0,0,0,0,0,0,1,0,1,0,0,0,0,0,0,0,0,0,0,0,0,1,0,5,0,5,0,0,1,3,4,0,0,0,1,7,1,4,15,14,1,3,2,1,29,1,11,13,1,2,9,10,5,2,13,0,2,5,1,5,1,4,6,28,3,34,98,0,12,8,46,42,0,32,2,7,1,5,10,2,6,100,6,12,14,22,13,6,8,83,9,38,16,3,107,45,14,22,109,34,242,57,34,69,68,228,15,42,155,99,98,97,157,141,242,157,82,382,192,175,564,220,276,216,121,355,278,466,452,590,603,319,351,493,224,607,484,149,569,355,473,967,1027,1053,975,2697,1440,1675,1656,1085,2389,2168,6089,2758,1601,5371,2541,2878,2603,3548,7229,9169,10898,16262,5496,5022,7754,6244,16218,10967,23095,13892,14055,15053,17027,17846,30180,24083,26411,41483,36293,40804,39764,50866,54134,65856,51506,77247,71512,82537,83361,163437,125922,141533,183973,172313,178751,176430,229022,182435,189308,183738,195106,184681,196631,176052,167975,174862,192013,189376,173274,184654,146468,99194,73508,51355,17740
1406,Marketing,"Business, Management and Accounting",Social Sciences,0,0,0,0,0,0,0,0,0,0,0,0,0,0,0,0,0,0,0,0,0,0,0,0,0,0,0,0,0,0,0,0,0,0,0,0,0,0,0,0,0,0,0,0,0,0,0,0,0,0,1,0,0,0,0,0,0,0,0,0,0,0,0,0,0,0,0,0,0,0,0,0,0,0,0,0,0,0,0,0,0,0,0,0,0,0,0,0,0,0,0,0,0,0,0,0,0,0,0,0,1,0,0,29,11,0,0,0,0,1,0,1,0,0,12,0,0,0,9,0,0,0,2,216,161,5,0,0,0,0,1,0,0,3,0,0,11,13,0,0,0,3,0,1,0,13,2,7,2,63,101,0,1,7,1,3,16,30,1,25,5,1,12,43,8,4,7,315,16,4,6,4,1,3,70,3,14,4,13,6,6,22,3,10,7,117,66,14,92,98,32,94,63,66,123,294,67,63,65,294,111,277,46,123,88,244,214,48,89,127,229,117,381,92,152,148,217,161,92,130,209,1745,244,960,247,812,424,537,248,312,901,1475,1458,761,1026,655,567,716,605,688,645,618,540,374,354,463,426,352,620,968,1114,1384,758,1476,1301,1515,1393,5411,3865,4157,3287,4665,5306,3727,3873,6837,13566,13073,10502,13438,15601,19573,16209,13556,23095,17332,18948,18889,28311,21752,25109,25152,37403,38487,33765,45852,38764,54227,56046,66783,63707,79143,71739,115288,127980,97995,95961,115179,123129,125323,173266,154124,158824,202027,184763,187845,203693,207898,202266,223529,235213,253480,247824,231962,228872,291181,269940,294485,286275,320069,327356,279640,227983,171677,105592,49193
1407,Organizational Behavior and Human Resource Management,"Business, Management and Accounting",Social Sciences,0,0,0,2,0,0,0,0,0,0,0,0,0,0,0,0,0,0,0,0,0,0,0,0,0,0,0,0,0,0,0,0,0,0,0,0,0,0,0,0,0,0,0,0,0,0,0,0,0,0,0,0,0,0,0,0,0,0,0,0,0,0,0,0,0,0,0,0,0,0,0,0,0,0,0,0,0,0,0,118,0,0,0,0,0,0,0,0,0,0,3,0,0,0,0,0,0,0,0,0,1,0,0,0,0,0,0,0,0,0,0,3,0,0,3,0,0,0,1,0,0,0,0,0,1,0,1,0,2,2,0,2,3,1,8,6,1,0,0,103,0,3,1,0,7,5,2,5,1,913,3,0,0,24,0,1,14,28,0,1,1,0,1,2,2,0,1,2,8,2,6,34,0,1,1,3,40,6,3,1,8,12,4,17,9,11,18,2398,8,22,368,16,11,132,58,7,19,148,18,32,105,19,29,173,63,22,46,212,34,71,51,171,261,116,213,22,192,88,82,78,237,102,165,610,83,178,694,382,246,208,171,234,268,294,169,238,310,1530,423,1292,1519,427,1052,1353,627,459,3283,1484,1826,2802,1784,3418,2008,1319,2283,4361,4675,5101,9326,4379,4136,5459,9128,5025,7540,11793,14632,14651,11055,15728,16844,23921,16883,16780,31174,39134,50208,70242,33901,59979,55620,48427,62606,112114,72652,113122,102205,108081,117143,131735,195266,195647,172662,235143,256615,280319,255716,278815,266590,305248,398280,374733,415379,389543,404207,438421,423418,442612,439165,439431,476820,480464,413890,403817,371136,358352,357367,378044,329048,316611,325188,268584,178261,126786,71492,24126
1408,Strategy and Management,"Business, Management and Accounting",Social Sciences,0,0,0,0,0,0,0,0,0,0,0,0,0,0,0,0,0,0,0,0,0,0,0,0,0,0,0,0,0,0,0,0,0,0,0,0,0,0,0,0,0,0,0,0,0,0,0,0,0,0,0,0,0,0,0,0,0,0,0,0,0,0,0,0,0,0,0,0,0,0,0,0,0,0,0,0,0,0,0,0,0,0,0,0,0,0,0,0,0,0,0,0,0,0,0,0,0,0,0,0,6,6,5,2,1,0,3,1,10,6,0,0,0,0,0,35,0,0,0,46,0,0,12,4,0,3,2,2,3,0,2,2,0,2,6,1,6,60,8,73,77,38,6,76,25,3,37,18,65,17,122,18,33,33,6,10,30,17,12,32,13,26,9,54,9,16,52,18,40,24,83,76,9,10,38,393,84,81,44,46,52,62,128,21,73,57,141,375,276,220,84,258,155,98,148,76,266,81,364,456,200,229,276,1704,985,240,265,484,412,723,405,551,5737,2983,647,356,952,288,354,446,504,2262,1210,1590,921,1103,1020,983,1638,1688,962,1263,4752,1675,1465,1135,1533,2095,3455,2547,1871,1391,945,606,607,5282,803,2530,2469,3840,9255,10823,9810,2472,2897,6029,8447,3773,5261,9151,13641,9392,16932,16225,14350,10535,12199,21599,19629,20363,42570,23476,22141,55923,23794,41436,31406,73565,50736,51380,64711,53253,59280,71285,114559,133594,125193,88199,126840,143480,213432,276904,218323,224777,251081,295806,339401,349861,420772,366450,448676,482680,464365,476071,554699,498292,541498,560174,542149,561847,541519,511362,584317,510807,498921,530695,509555,587706,588255,552362,605575,502260,403337,293590,174884,58341
1409,"Tourism, Leisure and Hospitality Management","Business, Management and Accounting",Social Sciences,0,0,0,0,0,0,0,0,0,0,0,0,0,0,0,0,0,0,0,0,0,0,0,0,0,0,0,0,0,0,0,0,0,0,0,0,0,0,0,0,0,0,0,0,0,0,0,0,0,0,0,0,0,0,0,0,0,0,0,0,0,0,0,0,0,0,0,0,0,0,0,0,0,0,0,0,0,0,0,0,0,0,0,0,0,0,0,0,0,0,0,0,0,0,0,0,0,0,0,0,0,0,0,0,0,0,0,0,0,0,0,0,0,0,0,0,0,0,0,0,0,0,0,3,0,0,29,0,0,5,0,0,2,0,0,0,0,0,0,0,0,0,0,0,1,0,0,0,9,0,2,0,0,2,0,0,0,1,1,0,0,0,0,18,0,2,0,0,0,25,2,0,0,0,0,0,0,12,0,26,8,5,0,3,1,0,0,10,0,8,10,0,0,2,1,2,2,40,4,14,1,6,2,5,15,10,24,12,24,11,38,35,7,22,6,31,48,7,1,21,2,12,4,7,5,4,10,7,116,20,9,10,20,46,77,25,31,20,41,10,41,2,25,14,10,1541,412,43,38,61,35,53,115,366,1038,63,50,100,127,138,411,172,230,186,1025,268,327,154,671,278,456,538,429,695,499,370,998,1455,1501,853,2692,918,1904,2455,1586,3094,941,1372,1996,3451,3955,4213,5586,6622,4921,6406,4843,8933,6214,9535,10668,11627,8526,14614,12948,16000,17448,15480,17414,18137,17834,17736,15252,17423,15336,18417,15114,16259,14780,15164,14997,10563,6830,4846,3447,1250
1410,Industrial relations,"Business, Management and Accounting",Social Sciences,0,0,0,0,0,0,0,0,0,0,0,0,0,0,0,0,0,0,0,0,0,0,0,0,0,0,0,0,0,0,0,0,0,0,0,0,0,0,0,0,0,0,0,0,0,0,0,0,0,0,0,0,0,0,0,0,0,0,0,0,0,0,0,0,0,0,0,0,0,0,0,0,0,0,0,0,0,0,0,0,0,0,0,0,0,0,0,0,0,0,0,0,0,0,0,0,0,0,0,0,0,0,0,0,0,0,0,0,0,0,0,0,0,0,0,0,0,0,1,0,0,0,0,0,1,0,0,0,0,0,0,0,0,0,0,2,0,0,0,0,0,0,0,0,0,0,0,0,27,2,0,1,0,0,0,0,0,2,0,0,1,0,1,0,0,0,0,1,0,0,0,2,0,0,0,0,0,4,2,0,0,25,3,15,21,2,1,1,3,7,19,6,0,1,4,23,5,2,8,5,6,22,1,6,2,13,36,44,5,2,26,48,22,23,4,12,7,19,35,27,6,30,92,13,9,68,19,24,4,49,16,37,1,36,7,101,29,8,77,70,49,11,1,1,0,17,3,28,92,10,130,286,62,101,94,130,31,264,178,217,265,85,110,86,410,106,204,280,139,114,180,189,207,159,249,333,1059,166,419,445,329,191,579,423,189,208,479,503,468,344,642,426,659,957,554,783,595,504,912,757,1161,1594,1632,1126,1644,1419,1698,1630,1421,1603,1424,1853,1834,1183,1206,1098,1332,1114,1338,924,747,361,180,80,133,34
1502,Bioengineering,Chemical Engineering,Physical Sciences,0,0,0,0,0,0,0,0,0,0,0,0,0,0,0,0,0,0,0,0,0,0,0,0,0,0,0,0,0,0,0,0,0,0,0,0,0,0,0,0,0,0,0,0,0,0,0,0,0,0,0,0,0,0,0,0,0,0,0,0,0,0,0,0,0,0,0,0,0,0,0,0,0,0,0,0,0,0,0,0,0,0,0,0,0,0,0,0,0,0,0,0,0,0,0,0,0,0,0,0,0,0,0,0,0,0,0,0,0,0,0,0,0,0,0,0,0,0,0,0,0,0,0,0,0,0,0,1,0,0,0,0,0,0,0,0,0,0,0,0,0,1,5,1,0,0,0,0,2,0,0,0,0,0,0,0,0,0,0,0,0,0,0,4,0,0,0,0,13,0,1,0,0,41,0,0,0,1,0,10,1,7,0,1,1,13,25,8,4,2,2,22,5,3,15,12,20,2,2,6,48,37,84,112,12,36,92,33,36,44,86,199,71,67,96,18,69,525,8,101,428,209,153,530,595,428,350,401,609,519,506,701,629,1319,1356,734,775,1122,919,911,685,495,777,315,556,843,1089,1146,1227,1597,3348,1758,7637,5155,4979,4350,8112,4213,12077,34460,6447,6581,9002,5494,8149,8484,7694,11391,12293,10675,13789,14344,10247,16886,14386,13026,14743,16580,20331,15695,21078,18549,20950,27452,20868,19214,20071,30319,24675,25679,23655,25477,24341,36308,36643,36245,28960,41124,36263,62553,45357,38110,44768,47777,41094,42785,65074,39700,45235,37138,39154,36783,40016,35398,36356,36322,30117,28910,33735,29455,32511,26980,19241,15666,13365,5868
1503,Catalysis,Chemical Engineering,Physical Sciences,0,0,0,0,0,0,0,0,0,0,0,0,0,0,0,0,0,0,0,0,0,0,0,0,0,0,0,0,0,0,0,0,0,0,0,0,0,0,0,0,0,0,0,0,0,0,0,0,0,0,0,0,0,4,0,0,0,0,0,0,0,0,0,0,0,0,0,0,0,0,0,0,0,0,0,0,0,0,0,0,0,0,0,0,0,0,0,0,0,0,0,0,0,0,0,0,0,0,0,0,0,0,0,58,0,0,0,0,0,0,1,0,0,0,1,21,0,0,0,14,0,0,0,1,2,0,0,0,0,11,0,46,0,1,0,1,2,1,1,0,1,9,2,3,2,4,1,0,5,0,0,2,3,1,2,5,2,99,1,0,4,266,8,10,11,6,11,109,0,36,34,10,20,61,38,39,31,12,61,60,34,509,60,26,131,16,18,85,33,4,38,79,131,596,119,84,32,163,325,214,156,209,173,308,223,417,304,494,336,179,252,227,314,606,367,1482,161,223,270,207,628,517,557,723,600,683,883,1226,816,927,1146,2130,1040,1305,1980,1313,1184,2078,737,1425,3662,1512,798,1256,600,1067,1732,2012,1743,2342,3608,2967,3440,4590,4991,3798,4252,5292,4832,4979,6085,8445,8158,7873,10510,9093,11195,11252,13541,12113,12763,12235,14332,15907,12626,21046,15389,15338,16078,22978,23021,25124,29745,20512,21812,29173,32883,32361,30059,34419,32589,33164,31133,38510,41979,47811,47854,53348,48551,77160,79497,93790,116826,122851,155974,140360,156148,182397,154884,162788,168520,205929,156064,167429,177530,175194,179229,191083,210393,220751,234886,203619,170128,147341,110010,46794
1504,Chemical Health and Safety,Chemical Engineering,Physical Sciences,0,0,0,0,0,0,0,0,0,0,0,0,0,0,0,0,0,0,0,0,0,0,0,0,0,0,0,0,0,0,0,0,0,0,0,0,0,0,0,0,0,0,0,0,0,0,0,0,0,0,0,0,0,0,0,0,0,0,0,0,0,0,0,0,0,0,0,0,0,0,0,0,0,0,0,0,0,0,0,0,0,0,0,0,0,0,0,0,0,0,0,0,0,0,0,0,0,0,0,0,0,0,0,1,0,0,0,0,0,0,0,0,0,0,0,0,0,0,0,0,0,0,0,0,0,0,0,0,0,0,0,0,0,0,2,0,0,0,0,0,0,0,0,0,0,0,0,0,0,16,1,1,0,0,0,0,0,0,0,0,0,0,1,0,0,0,3,0,0,0,0,11,0,0,0,14,1,0,0,1,1,0,0,0,0,0,0,0,0,0,0,0,10,3,2,0,2,100,24,2,2,5,4,5,14,3,14,17,13,3,23,86,9,4,19,8,10,13,21,11,16,441,6,15,31,62,104,77,90,26,36,37,61,51,46,98,1444,154,50,33,185,176,43,171,179,468,103,425,257,532,225,326,523,209,311,306,651,247,427,251,380,407,232,402,821,414,821,1525,437,1784,318,441,1768,837,798,2117,1956,1082,1454,2067,2079,2343,1909,1439,2278,1880,3545,3926,3790,2287,2312,2599,2719,3281,2853,3079,2928,2963,2877,2196,2882,2576,2870,3042,2580,3198,2111,3557,2602,3403,2697,2240,3938,3260,2037,1692,1577,2147,2512,1961,2343,1166,1119,1198,725,270
1506,Filtration and Separation,Chemical Engineering,Physical Sciences,0,0,0,0,0,0,0,0,0,0,0,0,0,0,0,0,0,0,0,0,0,0,0,0,0,0,0,0,0,0,0,0,0,0,0,0,0,0,0,0,0,0,0,0,0,0,0,0,0,0,0,0,0,0,0,0,0,0,0,0,0,0,0,0,0,0,0,0,0,0,0,0,0,0,0,0,0,0,0,0,0,0,0,0,0,0,0,0,0,0,0,0,0,0,0,0,0,0,0,0,0,0,0,1,0,0,0,0,1,0,0,0,0,0,0,0,0,0,0,0,0,0,0,0,0,0,0,0,0,0,5,0,0,0,1,0,0,0,1,0,0,0,0,0,2,3,0,0,0,0,0,0,0,0,11,0,0,0,2,12,0,31,13,12,0,7,7,1,4,35,7,24,49,4,13,11,49,30,12,23,26,0,38,18,13,18,50,23,65,1519,38,54,52,61,160,36,82,66,83,114,70,105,42,106,93,114,175,68,206,72,221,69,77,70,139,43,47,65,170,56,207,347,330,462,328,395,552,919,514,632,827,1134,817,1812,979,1551,1101,2987,1542,735,801,773,464,308,314,565,404,585,1690,1833,1355,2686,2372,1782,4070,2353,3454,2451,2853,2437,3316,3350,3570,3532,6681,6564,6079,7248,8219,6546,6631,11268,8306,7063,7605,6387,6062,7435,7412,9387,9357,7942,12595,50423,9377,11743,10953,12082,14422,13213,13526,8550,15067,13531,10780,14870,11455,12564,14398,11575,12147,9965,10438,9810,10768,12101,13674,13677,10834,11555,11381,11933,12083,13387,9568,10805,10484,9435,10416,8342,6189,4936,3689,3683,2043,753
1507,Fluid Flow and Transfer Processes,Chemical Engineering,Physical Sciences,0,0,0,0,0,0,0,0,0,0,0,0,0,0,0,0,0,0,0,0,0,0,0,0,0,0,0,0,0,0,0,0,0,0,0,0,0,0,0,0,0,0,0,0,0,0,0,0,0,0,0,0,0,0,0,0,0,0,0,0,0,0,0,0,0,0,0,0,0,0,0,0,0,0,0,0,0,0,0,0,0,0,0,0,0,0,0,0,0,0,0,0,0,0,0,0,0,0,0,0,0,0,0,0,0,0,0,0,0,0,0,1,0,0,0,0,0,0,0,0,0,0,0,0,0,0,0,0,0,0,13,0,0,0,0,0,0,0,0,0,0,0,0,0,0,0,0,0,1,0,0,13,1,0,0,0,1,0,3,0,3,0,0,0,0,0,0,2,0,2,2,1,0,0,33,1,2,0,125,18,9,2,6,0,2,6,2,3,14,5,20,123,79,44,35,1388,41,11,17,22,60,103,51,19,30,49,35,70,62,79,79,185,117,209,308,52,575,403,97,49,231,133,1595,258,124,232,1969,264,388,1987,714,1927,769,1158,1083,1981,1609,820,1720,1296,857,403,2337,1681,902,815,1419,2578,6196,2751,6652,9139,10327,10439,10812,14884,12439,10130,11297,9185,9438,25302,14942,14099,13780,18739,23739,22713,18261,19171,22972,30605,29347,21471,30634,29724,31312,35137,31292,28125,44858,47141,33604,34393,34707,32524,44581,37852,53518,47873,52832,47938,49277,43377,57657,53391,62590,67823,76917,79607,88447,74499,80707,87898,83253,100899,95941,93768,111460,93964,105183,97837,96348,100502,101068,93274,99613,92302,92753,88606,84276,70386,57872,42820,33937,14008
1508,Process Chemistry and Technology,Chemical Engineering,Physical Sciences,0,0,0,0,0,0,0,0,0,0,0,0,0,0,0,0,0,0,0,0,0,0,0,0,0,0,0,0,0,0,0,0,0,0,0,0,0,0,0,0,0,0,0,0,0,0,0,0,0,0,0,0,0,1,0,0,0,0,0,0,0,0,0,0,0,0,0,0,0,0,0,0,0,0,0,0,0,0,0,0,0,0,0,0,0,0,0,0,0,1,0,0,0,0,0,0,0,0,0,0,0,0,0,0,0,0,0,0,0,0,0,0,0,0,0,0,0,0,0,0,0,0,0,0,0,0,0,0,0,0,1,0,0,0,0,0,0,0,0,0,0,0,0,0,14,0,0,0,0,0,0,0,0,0,0,0,0,0,0,0,0,0,0,0,0,0,0,0,0,0,0,0,0,0,0,0,4,0,0,8,11,0,0,6,11,1,9,0,7,0,7,6,2,2,0,1,0,7,18,9,16,57,20,7,12,21,9,19,0,11,15,4,40,0,12,1,23,19,8,8,8,81,282,29,89,164,30,138,50,59,54,67,116,148,59,175,50,39,367,48,121,155,78,73,35,214,135,865,104,234,282,188,437,447,599,441,960,992,821,772,1026,1193,1062,1282,1054,1578,1397,1357,1706,4978,2189,2242,2657,2425,2963,2328,3209,4167,4100,3914,4404,2946,4998,5244,5426,6321,5867,9332,6827,7140,6251,9714,9905,8705,10478,13773,21201,16307,18430,19077,24294,25321,24089,27121,31396,33760,30702,37068,34571,42085,48576,58567,56170,60866,62784,67642,64228,68021,65999,56703,53859,46711,38149,28250,18828,6559
1602,Analytical Chemistry,Chemistry,Physical Sciences,0,0,0,0,0,0,0,0,0,0,0,0,0,0,0,0,0,0,0,0,0,0,0,0,0,0,0,0,0,0,0,0,0,0,0,0,0,0,0,0,0,0,0,0,0,0,0,0,0,0,0,0,0,0,0,0,0,0,0,0,0,0,0,0,0,0,0,0,0,0,0,0,0,0,0,0,0,0,0,0,0,0,0,0,0,0,0,0,0,0,0,0,0,0,0,0,0,0,3,0,1,0,0,0,0,0,0,0,0,0,0,0,0,66,0,0,11,0,0,0,0,19,0,0,12,13,0,1,0,1,1,4,2,6,0,1,0,3,0,7,13,2,4,0,2,5,1,3,3,15,1,3,0,3,4,3,4,0,1,1,1,19,4,6,36,9,3,275,50,14,18,22,14,13,20,16,24,75,31,72,30,134,52,106,38,133,256,105,57,114,96,130,38,79,1614,41,156,163,205,375,323,290,958,284,381,152,227,189,274,337,378,136,297,266,345,391,419,760,263,368,352,687,389,598,1327,1477,930,1084,1122,2956,1459,1192,2326,1524,1812,2239,2106,1893,2464,4906,2847,4409,2502,2294,4548,2487,6391,3277,6070,7569,8845,6459,9493,10768,11262,10853,10719,10899,10864,13034,15682,13083,14148,47207,14104,14644,19565,18997,18493,23246,20375,25280,21377,22580,27003,35769,35168,36361,35040,45569,36304,41719,48076,35777,40487,44554,59709,62735,67167,60733,55999,56548,60435,80742,69338,84911,81084,94044,100829,107238,133482,148864,143360,144984,168053,175609,174154,178796,178196,174695,184858,190446,191977,192142,179526,191182,187700,186661,182871,182779,179198,149206,131372,91815,71919,31150
1603,Electrochemistry,Chemistry,Physical Sciences,0,0,0,0,0,0,0,0,0,0,0,0,0,0,0,0,0,0,0,0,0,0,0,0,0,0,0,0,0,0,0,0,0,0,0,0,0,0,0,0,0,0,0,0,0,0,0,0,0,0,0,0,0,0,0,0,0,0,0,0,0,0,0,0,0,0,0,0,0,0,0,0,0,0,0,0,0,0,0,0,0,0,0,0,0,0,0,0,0,0,0,0,0,0,0,0,0,0,0,0,0,0,0,1,0,0,0,0,0,3,0,0,0,0,0,0,0,0,0,0,0,0,0,0,0,0,0,0,0,5,0,1,0,17,183,7,3,2,0,170,4,1,2,5,1,4,3,0,0,0,1,1,0,0,0,2,0,0,15,21,12,0,435,0,4,0,4,0,0,8,1,2,8,8,68,26,2,10,63,12,42,36,29,14,147,41,23,70,57,36,35,82,75,34,120,70,110,74,309,246,237,963,706,326,574,466,463,631,570,248,359,315,396,3142,373,392,576,180,146,1626,1102,453,685,1398,2770,1061,1080,1045,1476,1561,1879,2008,3573,2567,3720,2145,10304,1917,2325,3377,2281,4404,3241,1977,1410,2314,1447,10604,3634,13878,4599,7747,14917,7346,8266,11202,17505,8381,12180,10590,11925,14761,17241,15569,26180,23317,22447,26192,29600,28178,32104,27688,70654,35396,47708,34240,29914,39505,34952,45008,67420,48081,43345,58930,54733,60926,54506,48776,48924,43266,51686,55707,57891,56547,64551,75152,53337,52154,51860,54819,54573,56582,66074,61656,56765,65546,52799,52761,59421,52104,51987,56051,52313,51721,54240,55237,51993,59210,46680,50792,48529,46252,35835,27013,20761,8269
1604,Inorganic Chemistry,Chemistry,Physical Sciences,0,0,0,0,0,0,0,0,0,0,0,0,0,0,0,0,0,0,0,0,0,0,0,0,0,0,0,0,0,0,0,0,0,0,0,0,0,0,0,0,0,0,0,0,0,0,0,0,0,0,0,0,0,1,0,0,0,0,0,0,0,0,0,0,0,0,0,0,0,0,0,0,0,0,0,0,0,0,0,0,0,0,0,0,0,0,0,0,0,0,0,0,0,0,0,0,0,0,0,0,3,0,4,109,0,1,0,0,0,0,0,0,42,0,0,0,2,0,0,0,0,0,0,1,0,0,0,6,3,4,2,0,2,4,8,1,6,18,2,4,170,12,24,2,28,6,66,24,17,39,15,41,10,12,54,20,17,47,328,132,225,125,129,59,216,12,70,43,75,66,106,97,109,218,238,212,188,255,212,195,240,145,295,240,295,341,395,567,378,435,853,248,386,398,728,679,394,487,794,601,1204,860,533,650,1132,1064,818,1214,1088,1107,1489,1538,1178,1278,968,727,982,523,23480,2211,1470,1468,1638,3581,1797,2445,2702,3595,2543,5073,4332,3562,6634,4218,3933,3203,3119,4582,4609,5553,2990,2597,2929,3007,1705,2882,3097,6407,7171,9144,9458,10876,14805,15759,15394,17474,24225,24639,20316,25013,24313,33304,27843,36001,41823,43931,47243,48257,50927,60203,54315,58610,58200,58559,62575,58894,124542,68309,69876,64681,83426,83061,79829,79617,94934,87945,95870,92546,110643,103618,109406,133997,128738,134555,155148,167511,177795,178420,190970,234578,229443,249761,257237,308016,333254,344618,341273,344542,374879,424961,412994,474672,439707,447102,472549,463549,441709,484126,461299,441790,424540,340510,258154,206691,145771,58897
1605,Organic Chemistry,Chemistry,Physical Sciences,0,145,0,0,0,0,0,0,0,0,0,0,0,0,0,0,0,0,0,0,0,0,0,0,0,0,0,0,0,0,0,0,0,0,0,0,0,0,0,0,0,0,0,0,0,0,0,0,0,0,0,0,0,4,0,0,0,0,0,0,0,0,0,0,0,0,0,0,0,0,0,0,0,0,0,0,0,0,0,0,0,0,0,0,0,0,0,0,0,0,0,0,0,0,0,0,0,0,0,0,209,338,9,3,1,0,79,0,2,0,1,0,6,0,5,7,3,5,1,3,0,1,7,7,4,24,9,26,39,91,9,157,50,30,73,92,78,129,64,98,12,62,121,46,51,70,136,261,53,455,123,55,127,91,86,93,61,159,272,206,196,92,195,405,130,92,124,211,299,439,359,257,213,1022,393,340,511,679,918,849,659,1099,1563,1323,2516,2163,1371,2164,2605,1626,1875,1850,2095,2167,5790,2330,2062,3801,3079,3025,2581,3799,2595,3161,3834,3635,3281,4420,4302,5629,5568,4255,4823,3566,4350,2608,2731,2735,1882,2866,5165,4794,7200,6142,10056,8659,8282,7330,9974,10373,11169,11731,13330,15029,15407,17210,18174,24333,16750,20561,24394,17095,13591,16205,17204,20260,23286,37042,43376,45262,59557,60669,61764,62363,88118,78791,94092,86154,93593,99344,103764,120984,133219,169655,173301,179385,169921,203657,215240,206841,225449,238592,262534,258308,244359,259019,284121,288905,285820,289967,336423,335900,329713,344440,371737,380072,391964,383265,383435,417212,473361,579471,550727,545677,549775,637691,651847,631833,718283,737375,817185,874573,937267,946477,1003274,1095138,1100505,1111442,1128750,1150251,1138684,1221509,1133742,1129755,1226524,1085318,1056782,1017034,950945,887218,835408,678848,514844,388995,264348,104524
1606,Physical and Theoretical Chemistry,Chemistry,Physical Sciences,0,0,0,0,0,0,0,0,0,0,0,0,0,0,1,0,0,0,0,0,0,0,0,0,48,0,0,0,0,0,0,0,0,0,0,2,0,0,0,0,0,0,0,0,0,0,0,0,1,0,1,0,0,20,0,6,0,5,0,0,0,0,0,0,31,0,0,2,0,0,0,3,3,0,0,0,0,10,0,2,0,0,0,5,10,0,8,24,0,48,8,3,3,13,0,0,0,15,3,18,75,43,95,33,59,12,13,69,605,95,105,278,347,156,392,31,42,19,58,50,124,52,20,27,108,111,56,78,60,206,34,35,137,149,271,56,197,295,94,437,451,329,456,528,296,354,163,267,911,427,1406,458,243,611,435,2568,508,737,767,904,809,601,533,658,1623,764,2411,744,842,1768,1251,761,1085,1844,1301,1450,1393,1447,1868,2625,2328,2035,2229,2792,2794,3182,2960,4425,3986,3017,3754,3531,2521,4420,7215,5001,3927,3629,3922,5961,6431,6527,7622,7476,8818,7925,6443,9761,5695,6577,7893,5558,9039,8200,5197,4496,17035,6712,3707,4390,8640,12318,12460,11802,14813,22684,15712,21972,18664,24050,22196,25525,25757,20362,31571,27034,22668,25911,20280,22862,17157,31379,15900,15127,11764,10679,19724,17312,40391,42376,39106,47637,36723,68015,44579,60915,48077,72900,51708,52523,54607,64559,85386,83114,84414,85902,83621,89557,86324,91522,100711,103246,125329,94265,89613,104955,104711,103297,96102,97829,174617,91270,109036,102917,100924,127759,101301,131007,145706,121717,157959,137612,150202,134539,123017,166249,151660,152759,154587,151576,144473,153614,165281,144589,139655,146950,157570,169591,146508,136181,140722,151497,127563,112978,119730,93559,123272,87344,88210,73768,67958,59699,36833,30219,30597,7126
1607,Spectroscopy,Chemistry,Physical Sciences,0,0,0,0,0,0,0,0,0,0,0,0,0,0,0,0,0,0,0,0,0,0,0,0,0,0,0,0,0,0,0,0,0,0,0,0,0,0,0,0,0,0,0,0,0,0,0,0,0,0,0,0,0,6,0,0,0,0,0,0,0,0,0,0,0,0,0,0,0,0,0,0,0,0,0,0,0,0,0,0,0,0,0,0,0,0,0,0,0,0,0,0,0,0,0,0,0,0,0,0,11,0,4,0,0,0,0,0,2,8,33,0,7,0,2,0,39,0,0,72,2,4,1,5,0,1,6,5,14,10,0,6,0,12,30,11,5,27,16,61,11,3,16,9,12,9,19,24,18,8,12,11,22,51,42,32,47,23,5,36,64,398,41,28,195,56,6,44,35,71,69,339,86,43,188,85,111,171,77,115,71,180,233,239,248,483,263,315,385,290,440,374,541,384,528,286,518,632,705,581,608,565,853,485,721,610,755,585,941,768,2060,1181,850,975,1070,564,906,477,1268,885,1416,1356,1703,2301,4620,3314,3356,3988,3851,5423,5574,6621,5325,6656,11687,7860,9161,9431,8375,8209,10091,10593,8674,9386,7099,7248,15879,11412,29543,22264,32855,42740,37887,36325,36331,51269,48034,46319,57098,63433,63019,77770,81223,107403,129989,125436,114725,110921,126615,127163,125409,140004,151587,153126,161615,180887,157802,176123,164536,176296,187665,215009,200814,232710,203931,215660,209431,206356,227349,219850,241194,216580,224892,260709,265523,249838,258814,291029,287019,284453,309636,322593,342160,388389,388268,410986,397144,387286,395871,358579,379147,385534,368278,356004,350160,358629,310899,296534,271447,274357,255264,204134,154313,118778,84136,33776
1702,Artificial Intelligence,Computer Science,Physical Sciences,0,0,0,0,0,0,0,0,0,0,0,0,0,0,0,0,0,0,0,14,0,0,0,0,0,0,0,0,0,1,0,0,0,0,0,0,0,0,0,0,0,0,0,1,0,0,0,0,0,0,0,0,0,7,0,4,0,0,0,18,0,3,0,0,0,0,0,0,0,0,0,18,0,0,0,0,0,0,1,0,0,0,0,3,0,0,0,6,0,0,3,0,0,2,0,0,2,0,2,0,54,24,5,11,4,1,4,17,3,35,5,17,672,5,26,8,16,21,4,9,1,40,6,39,37,20,44,5,111,18,90,9,28,186,8,14,7,13,67,23,62,24,19,191,52,69,10,6,62,56,112,58,124,82,40,117,43,149,803,162,77,23,187,77,21,115,143,173,82,250,98,149,186,4762,124,203,198,158,158,348,309,250,204,84,452,624,384,407,174,321,163,300,218,1069,429,528,616,473,287,666,928,1275,683,628,1325,666,1139,893,1373,741,1639,1896,1656,1356,533,700,1059,1855,2006,1396,2085,1841,4105,1575,3327,1873,2261,3642,6050,4018,3473,6024,9070,3374,2940,5167,10817,8603,4890,4705,8170,6145,5999,5446,11355,5992,12186,23209,23560,13253,27214,25209,31450,17112,20434,22477,33805,28481,55304,51781,81552,50934,53637,53090,65395,138434,85364,121939,95101,140105,114880,121177,118634,132421,118054,172385,164448,182841,191315,190195,198275,213552,243689,290340,238727,359774,435414,376772,494134,590225,540855,544490,696413,648208,732321,907760,973463,930516,924863,959570,979238,1172921,1517692,1271433,1273142,1365460,1398214,1488841,1280913,1492491,1402390,1322130,1391452,1433627,1675042,1553333,1790760,1990604,2171659,2296815,2219154,1861114,1486588,1311816,866051,310510
1703,Computational Theory and Mathematics,Computer Science,Physical Sciences,0,0,0,0,0,0,0,0,0,0,0,0,0,0,0,0,0,0,0,0,0,0,0,0,0,0,0,0,0,0,0,0,0,0,0,0,0,0,0,0,0,0,0,0,0,0,0,0,0,0,0,0,0,5,0,0,0,0,0,0,0,0,0,4,0,0,0,0,0,0,0,0,0,0,0,0,0,0,0,0,0,0,0,0,0,0,0,0,0,0,0,0,0,0,0,0,0,0,0,0,1,0,0,1,6,0,0,0,5,0,0,0,0,1,0,40,0,14,1,0,0,0,8,0,110,0,3,6,2,9,5,198,352,4,3,83,105,2,0,5,2,7,62,35,22,9,76,19,34,2,334,30,2,4,5,3,3,214,221,27,10,15,15,2,6,2,50,3,96,25,1,37,113,276,110,75,14,88,644,99,280,682,3388,1759,112,1927,98,124,80,58,153,117,98,182,352,298,222,339,164,190,410,276,489,179,558,837,354,1385,1304,705,1441,1708,1897,930,1146,504,860,841,731,292,997,765,4633,2828,1435,1104,1211,2440,2174,1766,3803,3931,5546,6797,5949,7291,10664,16675,9377,9535,6380,5676,5790,22362,5625,5320,4761,9308,11937,14025,18006,34650,18853,20490,24878,44395,58538,21888,31811,40029,50167,42389,42581,50075,69648,74542,100964,79937,80148,105895,109112,92644,106947,104014,123703,132928,135405,120886,130407,131000,150646,143212,146154,143164,185913,199352,171807,177920,180238,209677,238758,234564,244019,234833,293156,264318,299515,307216,342407,303339,364369,361774,507559,436836,450930,471595,465448,448234,424452,480969,418566,435017,425591,376643,355080,360420,330800,361326,352813,309638,378366,300843,233211,182272,117001,43117
1704,Computer Graphics and Computer-Aided Design,Computer Science,Physical Sciences,0,0,0,0,0,0,0,0,0,0,0,0,0,0,0,0,0,0,0,0,0,0,0,0,0,0,0,0,0,0,0,0,0,0,0,0,0,0,0,0,0,0,0,0,0,0,0,0,0,0,0,0,0,0,0,0,0,0,0,0,0,0,0,0,0,0,0,0,0,0,0,0,0,0,0,0,0,0,0,0,0,0,0,0,0,0,0,0,0,0,0,0,0,0,0,0,0,0,0,0,0,0,6,0,0,0,0,0,0,0,0,0,0,0,0,0,0,0,0,0,0,0,0,0,1,1,0,0,0,5,0,0,3,0,0,0,0,0,0,0,0,0,0,0,0,0,0,0,0,0,0,0,0,0,0,3,0,0,0,0,0,0,3,1,0,0,0,0,0,0,0,3,0,0,2,0,2,5,3,0,13,0,0,0,0,1,9,1,2,0,0,5,5,0,10,3,3,35,9,5,14,6,2,11,11,5,18,8,14,1,14,2,107,5,3,4,43,7,422,49,16,22,43,56,48,32,46,34,133,37,180,189,258,117,132,196,186,106,138,790,263,287,139,300,315,170,401,273,256,341,500,2880,1837,396,331,498,725,273,398,1957,1078,2977,1924,1222,2075,1582,1761,1457,2335,2673,3044,4503,2694,3556,4174,7010,6773,7331,9735,10140,9579,13093,17949,18669,24237,29049,31902,49288,30333,30587,30949,39999,46603,37578,38773,45081,58626,57175,60566,59202,51372,58298,75800,71131,62566,69368,58415,54858,48622,52667,41649,39810,36543,33758,28276,27870,29809,21892,23737,19229,25948,26693,25483,18016,17636,3368
1705,Computer Networks and Communications,Computer Science,Physical Sciences,0,0,0,0,0,0,0,0,0,0,0,0,0,0,0,0,0,0,0,0,0,0,0,0,0,0,0,0,0,0,0,0,0,0,0,0,0,0,0,0,0,0,0,0,0,0,0,0,0,0,0,0,26,0,0,0,0,0,0,0,0,0,0,0,0,0,0,0,0,0,0,0,0,0,0,0,0,0,0,0,0,0,0,0,0,0,0,0,0,0,0,0,0,0,0,0,0,0,0,0,50,1,2,0,0,0,1,0,0,0,0,1,0,0,2,0,0,0,0,0,0,0,0,0,0,0,26,0,2,0,5,0,3,3,0,0,0,2,8,0,2,2,20,4,9,8,3,4,0,1,3,9,9,0,0,21,5,4,2,39,0,0,7,2,7,13,3,37,43,0,1,20,9,72,3,2,8,28,20,13,18,55,63,65,21,13,29,36,9,385,240,17,13,95,128,112,41,228,61,327,74,156,35,141,37,70,124,167,1157,321,104,83,104,145,236,213,772,81,52,117,365,242,609,301,506,336,226,814,297,445,351,786,501,608,1560,2150,725,1591,3692,1238,1517,1495,1014,403,1774,582,3022,3074,2040,1893,2877,2354,4915,2108,2614,3357,9369,17145,8491,6338,20156,11101,22793,13758,15559,12337,21716,25531,38548,33334,34543,29510,29789,35331,36724,49299,48044,66289,72361,77168,71057,81321,73451,89772,101136,127971,120609,149019,154582,169866,185652,178035,203495,257777,271228,277709,278806,311723,402505,455147,445309,498275,1102699,924287,899963,918670,846050,810834,824219,771643,767136,695378,699203,737958,722801,682762,724277,755536,770042,727490,682739,547945,437792,335421,233939,76517
1706,Computer Science Applications,Computer Science,Physical Sciences,0,0,0,0,0,0,0,0,0,0,0,0,0,0,0,0,0,0,0,0,0,0,0,0,0,0,0,0,0,0,0,0,0,0,0,0,0,0,0,0,0,0,0,0,0,0,0,0,0,0,0,0,0,0,0,0,0,0,0,0,0,0,0,0,0,0,0,0,0,0,0,0,0,0,0,0,0,0,0,0,0,0,0,0,0,0,0,0,0,0,0,0,0,0,0,0,0,0,0,0,0,0,0,0,0,0,0,0,14,0,2,0,0,0,0,0,0,1,0,0,0,0,0,0,14,0,0,0,0,0,0,0,0,0,0,0,0,0,0,0,0,0,0,0,0,0,0,16,9,0,1,0,1,2,0,3,1,1,15,0,99,1,1,0,0,0,2,0,0,0,1,0,1,5,5,4,5,2,8,3,4,59,11,1,8,5,2,0,12,16,31,4,1,2,3,25,5,6,7,27,11,35,27,4,3,51,17,9,2,129,22,34,17,138,21,94,53,40,25,55,227,146,237,107,121,642,81,107,84,23,111,66,50,68,144,594,165,1391,48,33,66,121,72,58,32,182,27,86,105,122,283,336,313,83,735,578,188,541,1238,790,2334,1603,3214,1416,785,1344,672,1248,18195,1083,26626,2463,2249,3473,3722,3148,4437,2996,5127,4259,10369,9134,5114,6173,7582,8561,16507,8914,11440,10246,11992,11463,12013,16595,12084,11519,21214,17520,23404,23586,31182,28630,52437,58837,47430,55535,71740,66829,71314,66784,93248,87224,113812,122333,140349,140280,143659,152296,146310,155102,160908,129467,105245,97008,81379,28390
1707,Computer Vision and Pattern Recognition,Computer Science,Physical Sciences,0,0,0,0,0,0,0,0,0,1,0,0,0,0,0,0,0,0,0,0,0,0,5,0,0,6,0,0,0,0,0,0,0,0,0,0,0,0,0,0,0,0,0,0,0,0,0,0,0,0,0,0,0,0,0,0,0,1,0,0,0,0,0,0,0,0,0,0,0,0,0,0,0,0,0,2,0,0,0,0,0,0,0,0,0,0,0,0,0,0,0,0,0,0,0,0,1,0,2,1,0,0,0,0,0,2,27,0,0,9,3,0,0,0,11,34,0,0,42,0,34,9,0,0,0,0,0,3,1,3,0,1,1,50,4,1,0,1,2,0,0,0,0,34,0,33,7,3,31,1,2,8,1,49,71,2,4,6,9,44,45,11,7,15,13,6,29,4,4,23,7,246,10,20,38,216,62,50,89,334,1207,144,104,26,50,76,249,15,37,40,40,113,160,18,62,65,81,28,29,365,83,103,204,55,227,48,43,280,195,181,260,97,140,350,99,169,90,155,177,124,280,285,872,380,276,275,1404,333,467,463,1012,772,678,2262,1043,960,1954,1880,595,1164,791,1131,1348,612,487,582,718,1741,3332,11071,2410,3340,3172,3381,3575,2686,3074,7200,4234,7436,7893,9444,17845,8486,7035,11021,20268,9037,21464,22878,15191,27304,42195,65006,38005,37634,39874,33371,50113,88200,47069,80159,76922,85476,85708,71767,119046,124323,151642,144677,134975,169352,247051,187035,223960,256397,297002,301621,434764,347057,445177,430279,966142,697888,736577,762508,747708,727400,771278,885854,841013,850057,835983,811317,1132264,1395927,1575549,1751672,1625643,1427104,1356915,1176530,1004113,793450,482327,126740
1708,Hardware and Architecture,Computer Science,Physical Sciences,0,0,0,0,0,0,0,0,0,0,0,0,0,0,0,0,0,0,0,0,0,0,0,0,0,0,0,0,0,0,0,0,0,0,0,0,0,0,0,0,0,0,0,0,0,0,0,0,0,0,0,0,0,0,0,0,0,0,0,0,0,0,0,0,0,0,0,0,0,0,0,0,0,0,0,0,0,0,0,0,0,0,0,0,0,0,0,0,0,0,0,0,0,0,0,0,0,0,0,0,7,0,0,0,0,0,0,0,0,0,0,0,0,0,0,0,0,0,0,0,0,0,0,0,0,0,0,0,0,0,0,0,0,0,0,0,0,0,0,0,0,0,0,0,0,0,0,0,0,0,0,0,0,0,0,0,0,0,0,0,0,0,0,0,0,0,1,0,0,0,0,0,1,0,0,0,0,0,0,0,0,4,0,0,0,0,0,0,0,0,0,0,0,0,3,0,0,27,0,322,1,0,0,0,0,0,5,0,0,0,14,1,0,0,0,0,0,0,0,30,1,1,5,3,2,6,6,4,6,37,1,3,8,3,15,37,20,12,5,5,112,3,8,17,9,7,41,42,82,110,119,487,304,148,386,272,810,416,386,2099,618,1850,2831,1778,2271,1787,2366,9147,3146,7430,4165,7592,11356,6587,8019,8220,9699,11401,15099,13696,13227,19379,21199,20743,21001,27324,33869,38889,44857,62322,76036,58519,61347,70682,75245,125239,83668,89305,95550,85242,96627,88737,290979,197708,137078,163993,138931,141034,149301,148774,151366,157072,118786,114285,114805,102159,107041,95699,108219,84155,56596,46297,35086,40434,22287,7005
1709,Human-Computer Interaction,Computer Science,Physical Sciences,0,0,0,0,0,0,0,0,0,0,0,0,0,0,0,0,0,0,0,0,0,0,0,0,0,0,0,0,0,0,0,0,0,0,0,0,0,0,0,0,0,0,0,0,0,0,0,0,0,0,0,0,0,0,0,0,0,0,0,0,0,0,0,0,0,0,0,0,0,0,0,0,0,0,0,0,0,0,0,0,0,0,0,0,0,0,0,0,0,0,0,0,0,0,0,0,0,0,0,0,0,0,0,0,0,0,0,0,0,0,0,0,0,0,0,0,0,0,0,0,0,0,0,0,0,0,0,0,0,0,0,0,0,1,0,0,0,1,0,0,0,0,0,0,0,0,0,0,0,0,0,0,0,0,0,0,0,0,0,0,0,0,0,0,0,0,0,0,0,0,15,0,0,0,0,0,0,0,1,1,0,0,1,0,0,0,1,0,0,15,1,0,1,6,5,43,1,0,172,21,0,303,13,1,0,16,25,34,0,3,11,2,91,39,1,13,5,17,14,9,2,109,5,27,4,139,28,69,93,33,37,113,22,107,17,60,84,117,1,133,40,9,44,44,47,147,114,156,81,199,138,116,255,165,193,364,610,296,464,685,1669,493,1234,4208,2982,2720,3197,2484,2115,2577,4230,1595,1152,4118,1776,5056,5192,2218,5014,8369,3029,5337,8036,7582,7394,9354,12782,11936,15541,13862,20849,26482,35127,59082,30761,39811,46401,57411,47797,58624,62510,69408,101678,101966,89694,103705,114070,108976,120852,135651,118846,123533,136314,136812,131103,136042,152471,154678,170847,166193,155801,140071,133795,104764,60374,18684
1710,Information Systems,Computer Science,Physical Sciences,0,0,0,0,0,0,0,0,0,2,0,0,0,0,0,0,0,0,0,0,0,0,0,0,0,0,0,0,0,0,0,0,0,0,0,0,0,0,75,0,0,0,0,0,0,0,0,0,0,0,0,0,0,0,0,0,0,0,0,0,0,0,0,0,0,0,0,0,0,0,0,0,2,0,0,0,0,0,0,0,0,0,0,0,0,0,0,0,0,0,0,0,0,0,0,0,0,0,1,0,15,1,1,0,0,0,0,4,0,0,0,1,4,1,3,0,0,0,5,0,7,1,0,27,0,0,31,1,0,0,3,2,32,1,2,1,7,0,4,10,1,22,9,0,46,0,1,1,3,1,1,18,142,3,1001,6,2,0,0,5,3,14,0,4,5,8,1,2,0,84,2,2,12,1,4,7,67,36,16,24,6,17,138,15,20,335,203,46,35,20,122,91,150,53,165,161,32,119,370,119,98,392,859,188,126,137,93,77,177,319,420,146,423,204,182,185,329,253,148,396,117,1298,258,881,947,294,270,705,516,1360,809,861,398,840,1385,379,1134,1323,2898,2413,2510,822,1262,604,1512,655,2476,2359,1582,1205,1710,1794,2438,3427,3701,2954,2505,8967,2796,3695,3321,5833,8160,5816,8816,15182,12541,16363,11473,13947,15969,18516,26033,11701,13953,16921,16171,32841,50699,97774,38144,32651,20849,62366,135586,54767,41947,81714,70724,93034,88263,66818,83652,114027,124803,112587,162862,148148,263175,216180,618526,284641,391483,364905,392004,423465,432639,496015,558809,562971,662945,620456,597719,620547,593073,621920,666749,758972,832359,884634,974021,801775,607458,436155,282209,87229
1711,Signal Processing,Computer Science,Physical Sciences,0,0,0,0,0,0,0,0,0,0,0,0,0,0,0,0,0,0,0,0,0,0,0,0,0,0,0,0,0,0,0,0,0,0,0,0,0,0,0,0,0,0,0,0,0,0,0,0,0,0,0,0,0,0,0,0,0,0,0,0,0,0,0,0,0,0,0,0,0,0,0,0,0,0,0,0,0,0,0,0,0,0,0,0,0,0,0,0,0,0,0,0,0,0,0,0,0,0,0,0,0,0,0,0,0,0,0,2,0,0,0,0,0,0,0,0,0,0,0,0,0,0,0,0,0,0,0,0,0,0,1,5,0,2,0,0,0,0,0,1,0,0,0,0,2,0,0,1,2,1,0,10,0,1,0,1,0,0,0,0,0,0,0,0,1,0,0,1,0,0,2,0,2,0,3,0,0,3,11,10,9,4,0,5,0,0,9,1,1,26,37,0,32,0,2,2,0,5,3,39,180,4,0,1,16,101,20,1,5,7,2,28,419,0,2,7,10,10,3,5,4,22,30,33,388,75,1242,102,609,81,288,543,295,408,298,44,225,278,518,976,669,398,219,35,96,202,294,610,1523,1888,2127,1217,5426,5143,1494,2273,2942,3056,4677,1195,3377,3279,4483,3499,4373,5773,4211,8568,8761,11099,17939,24992,21732,18426,20907,23638,25438,51791,19303,33282,28134,24173,23079,27387,42875,39989,46852,37073,40531,45446,60450,53621,60188,66943,96943,99740,98667,101600,141959,124254,148943,132846,280258,220592,231277,230962,218741,231225,193677,200976,208748,203185,237125,208677,216364,204369,210570,223080,235176,214008,197275,163617,132115,102513,71342,22111
1712,Software,Computer Science,Physical Sciences,0,0,0,0,0,0,0,0,0,0,0,0,0,0,0,0,0,0,0,0,0,0,0,0,0,0,0,0,0,0,0,0,0,0,0,0,0,0,0,0,0,0,0,0,0,0,0,0,0,0,0,0,1,0,0,0,0,0,0,0,0,0,0,0,0,0,0,0,0,0,0,0,0,0,0,0,0,0,0,0,0,0,0,0,0,0,0,0,0,0,0,0,0,0,0,0,0,0,0,0,1,0,0,0,0,0,0,0,0,0,0,0,0,0,0,0,0,0,0,0,0,0,0,0,0,0,0,0,0,0,0,0,1,0,0,0,0,0,0,1,0,0,0,0,0,0,0,0,0,0,0,0,0,0,0,0,0,0,0,0,0,0,0,0,0,0,0,0,0,0,0,3,0,1,0,0,0,0,1,0,0,0,0,0,0,0,1,0,0,1,0,0,0,8,0,1,3,0,0,106,0,0,0,0,1,3,0,1,0,3,0,0,1,62,23,2,0,0,6,0,2,5,8,10,2,0,10,23,59,26,1,2,10,2,16,16,1,9,8,10,2,46,32,13,6,1,79,38,8,30,57,144,150,108,72,35,141,70,147,59,1829,306,336,537,508,307,1590,547,264,1002,744,1694,3080,2258,2925,7161,8565,4064,8002,8990,9252,3207,6447,15384,11708,11286,14281,10762,16518,13932,23025,22570,16953,24011,26435,28276,28088,28649,30703,46073,34620,34665,78399,63056,56940,69722,66177,58899,61982,54582,54587,55574,61752,50798,49617,40780,45890,42472,41448,33180,28802,22979,19380,20895,15749,3556
1800,General Decision Sciences,Decision Sciences,Social Sciences,0,0,0,0,0,0,0,0,0,0,0,0,0,0,0,0,0,0,0,0,0,0,0,0,0,0,0,0,0,0,0,0,0,0,0,0,0,0,0,0,0,0,3,0,0,0,0,0,0,0,0,0,0,0,0,0,0,0,0,0,0,0,0,0,0,0,0,0,0,0,0,0,0,0,0,0,0,0,0,0,0,0,0,0,0,0,0,0,0,0,0,0,0,0,0,0,0,0,0,0,0,0,0,0,0,0,0,0,0,0,0,0,0,0,0,0,0,0,0,0,0,0,0,2,0,0,0,0,0,0,0,4,0,0,1,0,0,0,4,0,0,0,0,0,1,0,0,0,0,0,1,1,0,3,4,0,0,1,0,0,1,0,11,0,0,0,1,15,0,0,0,2,1,3,0,0,4,1,0,1,11,1,0,2,12,1,1,2,7,2,3,3,3,3,1,3,1,24,69,7,19,0,3,1,1,9,9,29,3,31,21,2,63,36,36,1,16,0,0,18,0,11,3,38,2,2,4,13,12,218,282,4,55,35,23,67,1,127,26,52,50,107,82,230,7,595,511,601,3144,2262,1296,828,35,976,7023,334,7622,873,586,1402,4949,949,728,3804,3342,2608,1854,5050,5068,4939,5647,10433,10831,3618,9907,45966,7735,28283,12484,59562,25136,35218,45238,29590,14752,24125,32018,34077,73911,28522,28843,44129,52413,35963,29863,27309,37937,41432,43020,53084,58668,46672,53092,59070,51424,51213,65587,61385,64663,58758,55671,57568,43390,53338,42512,42313,37065,35856,28235,25619,21724,15079,10682,7652,3561,1101
1802,Information Systems and Management,Decision Sciences,Social Sciences,0,0,0,0,0,0,0,0,0,0,0,0,0,0,0,0,0,0,0,0,0,0,0,0,0,0,0,0,0,0,0,0,0,0,0,0,0,0,0,0,0,0,0,0,0,0,0,0,0,0,0,0,0,0,0,0,0,0,0,0,0,0,0,0,0,0,0,0,0,0,0,0,0,0,0,0,0,0,0,0,0,0,0,0,0,0,0,0,0,0,0,0,0,0,0,0,0,0,0,0,0,2,0,0,0,0,0,0,7,1,0,0,0,5,93,0,0,0,0,0,0,0,0,0,0,0,0,0,3,5,0,1,0,48,0,1,0,13,0,0,270,4,0,74,0,0,110,19,1,0,5,13,1,2,2,1,26,2,1,1,1,0,4,0,1,30,2,10,3,3,37,0,0,6,1233,6,40,6,23,10,14,30,8,104,40,6,7,377,18,1,8,10,56,45,15,172,30,20,2,37,16,134,57,6,34,281,65,22,67,26,427,125,90,198,333,14332,141,830,2404,2004,68,319,154,155,1384,58,118,126,172,183,545,150,124,112,142,124,207,167,477,1026,886,980,368,145,301,3757,1445,607,513,1417,2006,1925,4328,1056,982,2338,993,1683,776,1980,2609,4101,2420,2186,4511,4372,3151,3378,2448,5523,4995,3858,8687,7598,6734,6135,10786,12498,8407,12439,8314,10524,20524,16505,22457,26872,25655,27258,55776,118075,38036,82629,65838,51154,54262,99948,59368,71964,74641,93370,129541,113529,126869,253302,152011,162942,171525,175839,180180,165873,213697,178668,194114,178526,228270,194770,183236,200801,205619,234366,171486,138090,106565,81021,56569,20273
1803,Management Science and Operations Research,Decision Sciences,Social Sciences,0,0,0,0,0,0,0,0,0,0,0,0,0,0,0,0,0,0,0,0,0,0,0,0,0,0,0,0,0,0,0,0,0,0,0,0,0,0,0,0,0,0,0,0,0,0,0,0,0,0,0,0,0,14,0,0,0,0,0,0,0,0,0,0,0,0,0,0,0,0,0,0,0,0,0,0,0,0,0,0,0,0,0,0,0,0,0,0,0,0,0,0,0,0,0,0,0,0,0,0,19,0,0,0,0,0,0,0,0,0,0,0,170,0,0,0,0,0,0,0,0,0,0,1,0,0,0,0,0,10,0,0,0,0,4,1,0,0,17,0,3,6,14,6,0,3,0,0,0,2,1,300,27,7,16,0,0,1,1,10,3,0,0,16,0,5,1,3,2,0,4,402,6,36,1,156,0,0,0,201,17,8,12,2,322,5,0,0,15,0,126,28,19,8,40,5,11,11,34,53,150,270,27,74,27,72,474,51,160,252,141,13,135,211,250,36,99,112,531,310,43,2368,74,208,336,178,2109,205,393,579,359,4536,845,1334,483,626,5726,1614,3149,1109,5331,2216,2545,3513,2472,27962,10619,2793,5892,5337,22246,74393,22058,14548,21630,17752,16426,40098,21783,42991,65891,31547,53950,45042,36688,50702,49278,50445,55706,57360,53746,65663,72707,76916,66442,87591,100967,105842,143097,140257,124171,281784,169911,158957,166177,143402,154984,176701,226553,237979,327493,206550,224613,248548,292191,282679,317319,300068,307006,437112,414153,376821,454010,455205,410726,440839,479173,519030,471984,456826,480920,434549,441352,447071,426475,408893,407030,400050,417319,417774,381650,296161,260791,178010,116794,39151
1804,"Statistics, Probability and Uncertainty",Decision Sciences,Social Sciences,0,0,0,0,0,0,0,0,0,0,0,0,0,0,0,0,0,0,0,0,0,0,0,0,0,0,0,0,0,0,0,0,0,0,0,0,0,0,0,0,0,0,0,0,0,0,0,0,0,0,0,0,0,0,0,0,0,0,0,0,0,0,0,0,0,0,0,0,0,0,0,0,0,0,0,0,0,0,0,0,0,0,0,0,0,0,0,0,0,0,0,0,0,0,0,0,0,0,1,0,0,0,0,0,0,0,0,0,0,1,0,0,0,0,1,0,0,0,0,0,0,0,1,0,0,0,4,0,0,0,0,1,6,0,0,7,5,4,1,1,3,11,3,0,0,1,0,1,0,0,1,2,6,3,2,2,1,6,6,5,17,25,5,2,1,20,1,10,6,6,4,17,16,32,10,30,40,16,31,968,267,32,48,63,8,2,274,18,19,997,27,38,32,31,34,131,106,47,25,171,116,148,214,138,77,122,171,379,92,571,275,75,172,264,128,470,356,122,82,607,125,393,409,796,784,364,4408,711,1131,2514,745,2125,1441,1682,9302,1344,1263,1818,2026,1308,1901,1885,1151,930,6079,1423,1041,3111,3229,3634,3755,6797,4156,14747,11119,4887,6465,3154,3391,7650,50398,13711,6482,9545,9134,17088,13246,12036,21698,16828,17595,23061,17684,22678,16503,21893,23041,97872,22662,53103,29622,28400,29898,42372,37162,33969,94098,48796,68232,52807,67026,69565,68543,75256,96661,80462,104936,144227,94838,107687,151352,153366,182733,203424,147566,218254,174941,319671,272256,499923,291435,263673,230908,219394,259432,310701,259844,208639,210200,253500,193651,298223,100323,71786,48280,19264
1902,Atmospheric Science,Earth and Planetary Sciences,Physical Sciences,0,0,0,0,0,1,0,0,0,5,0,0,0,0,1,0,0,1,0,0,0,0,0,2,0,0,1,0,0,0,0,0,2,2,5,0,0,0,0,0,0,0,1,0,0,0,1,0,0,1,0,0,2,2,0,1,0,1,0,1,0,0,0,0,0,0,0,0,0,3,0,3,0,2,0,2,20,16,0,0,5,1,0,0,1,0,1,0,589,0,1,0,0,0,27,15,0,0,3,5,9,0,384,0,0,10,0,6,2,2,4,2,4,0,4,24,93,30,1,64,273,26,2,13,1,8,6,9,37,42,159,24,33,1159,10,49,38,117,30,126,212,45,145,56,51,42,244,125,157,404,277,80,162,108,291,117,64,119,315,199,285,208,431,247,359,620,187,245,168,274,199,333,239,629,651,611,207,1342,374,606,294,376,364,479,395,475,564,717,731,527,498,458,560,641,492,1156,2474,562,750,1220,1031,681,913,509,1350,1055,1211,1462,767,1256,1402,2655,1144,1762,1481,1820,801,877,717,706,2399,3640,8055,3194,2106,3319,2275,2734,3525,3493,5416,3555,3642,4749,4632,7004,5861,6142,5541,8127,3650,4074,6781,2991,2425,1832,5064,4944,15737,22674,17486,19862,16936,19562,18743,20272,22882,18820,29181,30532,27202,37399,36218,36507,50302,52938,57659,54732,64728,84207,74534,85733,104055,96836,112105,107031,121748,121365,142812,151033,152606,144590,174962,178024,177904,188276,210345,236963,226235,240751,253591,256360,295343,322573,330746,348157,385092,439365,451075,488309,564661,558989,576553,658763,602846,671974,685867,736813,733354,715018,708120,725560,707777,708845,663453,680387,636656,594215,619149,564220,554108,433112,305228,199463,127429,44573
1904,Earth-Surface Processes,Earth and Planetary Sciences,Physical Sciences,0,0,0,0,0,0,0,0,0,0,0,0,0,0,0,0,0,0,0,0,0,0,0,0,0,0,0,0,0,0,0,0,0,0,0,0,0,0,0,0,0,2,0,0,0,0,0,0,0,0,0,0,0,0,0,0,0,0,0,0,0,0,0,0,0,0,0,0,0,0,0,0,0,0,0,0,4,0,0,0,0,0,0,0,48,0,0,0,0,0,0,0,0,0,0,0,0,0,1,1,1,0,0,9,3,0,0,0,0,0,0,14,0,0,35,0,3,8,1,0,0,2,76,1,153,24,57,43,1,57,12,2,17,5,23,73,22,31,4,255,58,24,27,3,2,56,101,61,7,84,61,68,32,22,26,30,33,159,214,365,22,50,79,37,89,57,60,30,87,42,19,91,39,81,43,244,33,154,84,87,701,30,35,110,97,81,89,89,238,834,180,201,238,134,215,4289,120,242,95,371,242,238,471,249,140,185,416,244,255,231,485,568,224,211,1149,379,380,356,426,227,343,325,702,637,169,1217,715,1006,511,864,1246,767,1555,805,874,1879,1363,1753,2620,1710,1570,9145,1538,716,1047,1366,1497,1465,1553,3317,5297,3770,3655,4277,4908,9869,4123,14923,6939,7247,8437,12263,10754,10651,15672,15909,14659,16855,17006,23145,25814,22877,27216,24877,25450,28033,27345,37134,37659,37111,44429,42710,45290,44097,48662,52853,53231,52492,61131,53043,60170,63287,69207,70120,67364,72628,69137,67142,72774,82466,103328,94828,97566,103242,96457,94654,109262,108888,109826,102299,101221,115239,103042,96967,101642,98214,90146,88092,95194,86474,84715,67997,49265,35010,22389,8232
1906,Geochemistry and Petrology,Earth and Planetary Sciences,Physical Sciences,0,0,0,0,1,0,0,0,9,0,0,0,0,0,0,0,0,0,0,0,0,0,0,0,0,0,0,0,1,0,0,0,0,0,0,0,0,0,0,0,0,0,0,0,0,0,0,0,0,0,16,0,0,0,0,0,0,0,0,0,0,1,0,0,0,0,0,0,0,0,0,0,0,0,0,0,0,0,0,0,0,0,1,0,2,0,0,0,0,0,0,0,0,0,0,0,2,0,2,1,1,3,73,0,17,6,0,7,0,42,1,24,39,3,27,25,91,10,6,0,4,15,1,25,0,9,28,78,58,248,648,7,21,108,16,41,131,21,39,8,38,131,4,17,39,72,45,42,39,33,5,32,42,46,62,141,43,41,147,104,24,96,66,12,41,44,98,63,168,128,62,34,53,38,234,45,38,118,206,79,141,190,171,98,63,200,150,85,195,202,279,286,109,184,131,242,266,168,141,174,252,216,217,529,141,319,422,203,328,326,315,654,473,243,634,552,1749,293,323,574,1079,624,518,720,619,800,1039,707,1631,964,1110,726,1216,1051,1014,1440,931,1243,2194,1405,847,773,1003,555,578,645,767,1093,877,2724,2248,3026,3447,5421,4499,4839,3560,4023,5862,5435,9424,16439,7541,10836,20968,7467,11934,14541,12363,13970,15895,14656,17613,17325,17450,17575,20618,22031,20668,31840,29496,23720,30622,26070,36278,32905,34567,32605,40276,45494,47760,37543,42626,51100,43938,48598,62851,51663,51922,60374,63690,62208,74533,77911,84625,75928,83389,79612,82307,87808,93752,86463,92845,93906,89612,94031,96925,87416,102089,102671,105568,80871,61294,44745,32089,11483
1907,Geology,Earth and Planetary Sciences,Physical Sciences,0,0,0,0,0,0,0,0,0,0,0,0,0,0,0,0,0,0,0,0,0,0,0,0,0,0,0,0,0,0,0,0,0,0,0,0,0,0,0,0,0,0,0,0,0,0,0,0,0,0,1,0,0,0,0,0,0,26,0,0,0,0,0,8,0,0,0,0,0,0,0,0,0,0,0,0,0,0,16,0,0,0,0,0,0,0,12,0,0,0,0,0,0,0,0,0,0,0,0,0,0,0,1,0,0,0,0,0,0,0,2,6,0,0,3,1,3,6,0,0,16,0,5,4,3,0,172,2,0,0,2,0,4,30,1,0,0,3,1,13,34,11,2,9,2,124,2,28,2,7,66,58,52,14,20,86,13,3,4,11,12,2,157,177,30,13,75,157,15,98,104,35,27,58,28,106,466,52,277,107,80,52,78,177,269,92,55,52,170,252,256,309,73,110,143,301,141,159,226,263,195,130,486,139,115,304,210,636,438,268,509,424,267,394,324,408,220,108,232,292,279,377,517,492,652,412,714,656,462,1011,538,727,823,668,570,1068,904,928,1156,1101,938,843,498,503,376,382,830,812,1173,1518,1308,1356,1392,2204,4135,2662,1486,3144,2444,3763,3811,6107,5002,5635,5295,6898,6054,6901,7524,9944,11085,10051,11689,11859,25620,16754,16468,16213,17735,17989,23497,17281,21700,24851,20523,20099,32538,22177,26492,34627,28367,31787,23236,30473,25090,24551,24653,25008,22392,23747,29054,29303,27558,29995,32548,32658,33260,33467,39688,38090,43835,50404,51124,60566,59109,64636,57726,74775,73984,66025,63183,57453,45179,34677,24030,8423
1908,Geophysics,Earth and Planetary Sciences,Physical Sciences,0,0,0,0,0,0,0,0,0,0,0,0,0,0,0,0,0,0,0,0,0,0,0,0,0,0,0,0,0,0,0,0,0,0,0,0,0,0,0,0,0,0,0,0,0,1,0,0,4,0,2,0,0,0,0,1,0,0,0,0,11,5,0,4,0,0,0,0,0,0,0,0,0,0,0,0,0,0,0,0,0,0,0,0,0,0,0,0,0,0,0,3,0,0,0,0,0,0,0,0,0,10,0,0,0,50,0,6,0,0,0,47,0,0,181,99,4,0,18,1,0,19,17,20,167,19,0,28,25,23,5,30,16,32,169,28,160,30,5577,65,79,24,2,5,560,214,54,45,70,161,113,120,8,113,241,6,4,32,36,13,85,134,16,11,13,16,24,29,52,42,80,38,159,81,118,79,94,132,83,98,103,118,102,171,580,264,132,231,123,315,192,329,219,747,833,231,208,523,89,574,533,137,467,442,707,194,482,402,439,664,538,594,928,692,1085,788,1025,465,342,330,408,507,1078,708,1086,1136,904,1020,1595,1521,1325,1409,3498,2149,2116,3355,2328,2874,3717,3161,4294,2269,11642,2242,5382,3532,1996,5394,3870,4517,7558,5500,21376,13379,6310,13878,16287,11843,15315,20153,27114,23694,29067,28280,39259,42973,45195,56825,72108,76154,89546,94231,92202,99274,98757,121294,115359,141914,148664,175860,152742,207952,197219,199101,276777,213322,260573,250547,270057,313034,300288,300420,321919,361296,332816,397006,362079,354128,424501,396901,459631,451075,492550,546654,560781,496678,552083,544486,526932,529360,511478,554835,503659,497737,483281,475092,413278,407342,370428,352838,316121,261256,186231,125790,72870,24672
1910,Oceanography,Earth and Planetary Sciences,Physical Sciences,0,0,0,0,0,0,0,0,0,2,0,0,0,0,0,17,0,0,0,0,0,0,0,0,0,0,0,0,1,1,0,0,0,0,0,0,0,0,0,0,0,0,0,0,9,0,0,0,1,0,0,0,0,1,0,0,0,0,0,0,0,0,9,0,0,6,0,0,14,10,0,1,0,0,6,0,1,0,5,0,2,2,0,0,0,0,3,0,0,0,0,0,0,0,8,0,0,18,316,9,9,3,7,1,1,6,2,0,2,6,0,6,28,7,61,31,0,4,24,140,4,14,50,1,15,94,6,10,47,40,53,478,83,81,53,172,8,109,43,10,40,56,101,81,157,75,676,108,200,63,334,366,263,229,129,602,128,210,1262,253,388,528,504,434,591,650,167,382,203,224,366,992,306,443,616,269,428,576,652,872,860,1009,737,383,804,739,1594,2433,406,822,503,840,1108,861,528,863,581,893,1168,703,910,1216,949,813,1144,3512,1241,1942,1318,1926,1886,1678,3135,1722,2532,1284,1118,928,1015,916,1627,1633,1196,1312,1367,3114,1835,2180,2089,2492,2245,2456,3646,3231,2600,4326,3873,3912,4916,5472,3017,2405,3170,4591,1756,2507,3316,5483,6950,10411,10643,9150,13748,12704,10783,18863,12662,21701,18152,19646,22780,27774,23914,30258,28703,34658,40512,56014,44583,60800,56617,54151,69142,69606,83251,86589,96390,119673,117212,103549,118749,137437,140552,155903,141247,158084,161553,155417,169581,150450,179879,202391,180404,212530,229602,222011,251550,265999,276555,285907,307765,326016,361232,351101,336746,332880,350041,349921,383287,360805,351142,354081,333201,342528,319599,303537,288940,277762,249533,265184,230641,193310,161859,104825,66035,22292
1911,Paleontology,Earth and Planetary Sciences,Physical Sciences,0,0,0,0,0,0,0,0,0,0,0,0,0,0,1,0,0,0,0,0,0,0,0,0,0,0,0,0,11,0,0,0,0,0,0,0,0,0,0,0,0,0,0,4,0,0,0,0,0,0,0,0,0,0,0,0,0,0,0,0,0,0,0,0,0,0,0,0,0,37,0,0,0,0,0,0,0,0,0,0,0,0,0,0,0,0,1,0,0,48,0,0,0,1,2,3,0,0,19,0,11,0,0,1,85,2,0,4,0,1,0,38,142,8,13,0,137,0,10,4,99,247,345,2,127,149,17,6,104,265,47,15,140,64,272,37,7,65,144,105,218,313,1215,477,217,360,504,239,485,993,692,594,207,373,381,319,260,436,328,515,688,390,659,330,430,695,638,711,788,1025,844,517,847,829,824,1016,1738,1232,1224,1213,1967,1360,905,925,1109,1083,976,1487,2012,2902,1775,1794,1512,734,1173,1341,1207,1112,1267,1804,1523,1469,1481,1916,2088,1738,1434,1391,1722,2222,1964,2134,1784,1641,2230,1752,1419,1672,1265,1128,1465,2030,1954,2171,3048,2794,3130,2202,2465,2288,2662,3206,4613,2567,2838,3409,6759,4397,8960,3529,2938,4046,4042,8311,3130,3781,6987,3398,2855,3914,3661,4876,15764,6846,5518,7741,6760,10072,7431,9227,8053,10981,16007,15640,14941,17668,15892,23088,20070,26901,24246,31929,34094,34773,27446,33997,29751,45236,43347,40984,38728,47064,54355,46034,50952,54038,63401,60000,66155,66477,80141,78188,89052,109398,82602,92106,106323,102556,111490,125673,124085,151492,142694,158057,182653,168467,181967,189635,182405,193499,192725,192864,189609,173430,178149,177361,152880,172983,129271,114584,106624,80832,54452,38131,22818,8407
1912,Space and Planetary Science,Earth and Planetary Sciences,Physical Sciences,0,0,0,0,0,0,0,0,0,0,0,0,0,0,0,0,0,0,0,0,0,0,0,0,0,0,0,0,0,0,0,0,0,0,0,0,0,0,0,0,0,0,0,0,0,0,0,0,2,0,0,0,0,1,0,0,0,0,0,0,0,0,0,0,0,0,0,0,0,2,3,0,0,1,0,3,0,1,0,1,0,0,1,0,0,0,0,4,0,0,0,0,1,0,0,0,0,0,0,8,0,0,0,1,0,1,0,0,0,80,2,0,2,0,1,2,0,7,3,0,0,11,2,0,1,0,0,4,0,4,0,2,0,0,1,0,1,0,0,9,1,2,0,8,3,166,6,8,2,6,36,9,10,11,25,4,9,6,29,1,2,2,11,33,29,124,5,68,16,15,7,5,10,21,8,107,22,5,19,13,18,8,8,20,18,27,34,11,75,26,110,42,25,36,32,61,38,218,43,69,121,88,163,61,63,134,94,69,60,53,77,106,83,100,73,52,178,82,87,153,178,208,94,242,146,158,89,151,207,159,150,165,313,307,184,501,263,465,292,447,347,146,181,191,143,507,237,249,182,308,299,198,238,568,191,258,692,209,329,161,351,321,352,432,753,589,383,318,335,1106,454,807,614,1541,712,342,840,777,1337,744,756,1507,806,1441,1402,911,1376,1881,1106,2294,1796,2799,4213,1633,1521,1251,2507,4615,2858,4005,3243,3473,4133,3161,4545,4552,6710,5748,5299,6884,8092,6696,6627,7648,7351,6757,7788,8931,7487,7105,7520,5250,3571,3149,1669,575
2000,"General Economics, Econometrics and Finance","Economics, Econometrics and Finance",Social Sciences,0,0,0,0,0,0,0,0,0,0,0,0,0,0,0,0,0,0,0,0,0,0,0,0,0,0,0,0,0,0,0,0,0,0,0,0,0,0,0,0,0,0,0,0,0,0,0,0,0,0,0,0,0,0,0,0,0,0,0,0,0,0,0,0,0,0,0,0,0,0,0,0,0,0,0,0,0,0,0,0,0,0,0,0,0,0,0,0,0,0,0,0,0,0,0,0,0,0,0,0,0,7,0,0,2,0,37,0,48,2,9,0,35,0,0,0,11,37,0,0,23,334,2,0,79,1,2,0,0,0,9,4,495,6,11,30,1,7,23,0,30,0,0,0,0,0,4,6,0,1,0,2,4,10,0,15,21,119,6,3,9,7,4,4,3,7,40,4,21,17,12,5,9,1986,26,2,40,17,34,160,3,8,88,37,17,43,23,78,58,104,48,19,849,80,140,54,104,124,32,439,212,141,301,407,148,93,944,896,249,206,208,188,1259,157,791,363,319,967,115,150,1384,9130,233,1447,1831,541,581,639,2048,785,827,860,1463,4098,14553,2818,30387,9203,3732,1386,1416,2282,1120,721,848,2525,3222,1847,4607,3599,7214,6978,5225,4211,6525,4491,29566,5918,9868,6936,6038,16711,14352,9733,15572,16688,19699,16652,14028,15078,17019,24538,24035,34035,28373,23081,35476,38873,51190,42971,58463,50671,75911,67022,64977,58589,124770,113823,113779,107616,124970,115154,122251,128063,119769,155414,150397,167038,157992,205695,185729,236091,208377,250992,239051,274342,236771,235563,228852,220540,231244,221776,216572,193153,199260,186558,172785,168281,149967,185147,147522,112580,86320,64552,42996,14459
2002,Economics and Econometrics,"Economics, Econometrics and Finance",Social Sciences,2,10,0,0,0,6,1,1,0,2,15,24,28,0,2,0,0,1,3,0,0,0,0,0,1,0,2,3,5,0,0,32,0,0,0,14,0,0,0,0,0,0,5,1,0,0,0,1,3,0,0,1,3,1,0,14,0,0,0,1,0,14,2,0,0,0,4,1,82,18,84,9,0,3,56,21,1,8,14,3,2,0,0,6,1,0,1,2,1,1,2,1,1,3,0,69,21,0,83,3,134,90,12,8,26,39,77,28,47,21,12,26,20,32,16,43,53,16,82,42,48,32,16,52,126,56,36,157,135,17,38,67,19,33,67,21,153,202,585,76,209,458,274,63,158,701,51,273,51,113,126,123,353,180,59,79,66,321,173,208,129,181,423,333,172,125,624,272,274,176,311,403,205,133,1567,388,315,146,267,357,423,541,171,323,709,253,860,762,627,1230,1337,3908,1635,1672,1233,2266,1019,1162,1141,1336,1318,1232,1209,1142,1555,3489,1505,1288,1792,2577,4915,3854,2640,4290,3283,3119,1555,1948,1953,1470,2817,2180,3615,3185,3639,5717,4812,4209,4703,10713,4700,4918,9095,22436,17228,11644,14523,38918,14502,20945,6082,14590,7968,7118,8323,7666,13283,17027,35617,17457,21858,37478,20504,28303,50481,53299,28365,57178,83741,57271,54822,53618,69013,61576,79512,76738,97977,83896,97876,102452,118754,132626,153418,181451,194151,191308,291583,199570,210600,228122,243432,260604,347979,322611,296454,332789,378461,364685,430940,483292,564785,548443,573172,562764,583085,714628,707608,679389,719493,792360,868251,868238,975933,940543,907844,876084,924398,929154,940813,1009835,1015422,998790,953738,990113,927877,876724,965020,922899,894583,890508,1243612,1014583,822428,629436,343955,109711
2003,Finance,"Economics, Econometrics and Finance",Social Sciences,0,0,0,7,0,0,0,0,0,0,0,0,1,0,0,0,0,0,0,0,0,0,0,0,1,0,0,0,0,0,0,0,0,0,0,0,0,0,0,0,0,0,0,0,9,0,0,0,0,0,0,0,10,0,0,0,0,0,0,1,0,0,0,0,0,7,0,0,0,0,0,0,2,3,0,3,0,0,8,0,1,0,0,1,0,0,0,0,4,0,4,0,0,0,0,0,10,0,0,0,29,0,0,48,0,5,0,2,27,1,81,14,2,1,5,0,3,0,0,3,0,10,6,28,0,2,13,3,2,52,28,2,10,12,3,4,0,18,21,3,5,41,36,26,29,18,15,9,11,2,23,3,56,3,5,28,33,21,14,15,16,60,65,61,36,33,23,9,54,4,13,32,183,28,26,61,41,9,47,104,17,29,113,22,49,53,602,203,290,43,55,204,108,132,206,157,259,241,62,394,91,290,188,213,84,118,485,192,280,576,298,1739,235,657,389,236,529,139,582,373,393,483,1199,1261,660,540,1073,429,6641,1427,613,1449,1899,1049,2264,1375,1384,1301,1272,2495,1955,1593,789,544,1043,1324,1128,980,1907,1976,3146,3247,2665,10811,3174,2965,4822,4513,8931,10225,6338,7656,11897,11203,9729,27402,9288,11665,17622,20645,34900,25987,29641,51118,46113,38964,54154,60908,42554,92856,57207,85923,66369,74374,84030,108825,101441,114177,117006,127400,177041,165052,197243,230308,165508,223147,262823,261820,278826,321007,354495,356762,381058,414236,374506,371859,389546,384785,384336,415606,425762,375763,415723,381912,348898,308470,296465,290473,258370,240042,249014,179588,130515,99063,65695,21378
2100,General Energy,Energy,Physical Sciences,0,0,0,0,0,0,0,0,0,0,0,0,0,0,0,0,0,0,0,0,0,0,0,0,0,0,0,0,0,0,0,0,0,0,0,0,0,0,0,0,0,0,0,0,0,0,0,0,0,0,0,0,0,0,0,0,0,0,0,0,0,0,0,0,0,0,0,0,0,0,0,0,0,0,0,0,0,0,0,0,0,0,0,0,0,0,0,0,0,0,0,0,0,0,0,0,0,0,0,0,0,0,0,0,0,0,0,1,0,0,0,0,0,0,0,0,0,0,0,0,0,0,0,0,0,1,0,0,0,0,0,0,0,0,0,5,0,0,0,3,0,0,0,0,0,0,1,0,0,0,0,0,0,0,2,0,0,18,0,0,0,0,0,0,0,0,0,0,0,0,0,0,0,0,0,0,0,0,0,3,7,16,0,1,2,2,5,0,4,2,0,6,0,2,0,0,0,0,22,19,2,0,0,1,18,1,18,29,1,7,5,2,6,2,0,2,9,2,4,497,6,5,8,23,33,6,18,41,16,7,14,12,9,12,13,4,9,36,51,7,10,25,3,16,10,6,12,16,33,326,81,31,11,51,138,629,22,199,455,81,188,69,67,150,33,219,77,43,185,85,422,449,199,1279,1333,947,1365,8235,3207,1201,1351,898,996,845,734,865,677,533,740,779,1405,694,722,1238,1292,2142,4786,1287,2187,1849,2503,2089,2543,3512,4902,5847,6186,5771,8014,11686,14544,13783,14484,12232,15875,14082,14965,12601,11154,11596,14707,12692,12569,9231,7341,2613
2102,Energy Engineering and Power Technology,Energy,Physical Sciences,0,0,0,0,0,0,0,0,0,0,0,0,0,0,0,0,0,0,0,0,0,0,0,0,0,0,0,0,0,0,0,0,0,0,0,0,0,0,0,0,0,0,0,0,0,0,0,0,0,0,0,0,0,0,0,0,0,0,0,0,0,0,0,0,0,0,0,0,0,0,0,0,0,0,0,0,0,0,0,2,0,0,0,0,0,0,0,0,0,0,0,0,0,0,0,0,0,0,0,0,1,0,0,0,0,0,0,0,0,0,0,0,0,0,0,0,0,0,0,0,0,0,0,0,0,0,0,0,0,0,0,0,0,0,0,0,0,0,0,0,1,40,42,0,0,0,0,0,0,0,0,0,0,0,0,0,0,0,0,0,0,0,0,0,0,0,0,0,0,0,0,0,0,0,0,0,0,0,4,1,1,8,0,0,3,0,0,3,4,0,1,2,62,0,0,1,6,20,4,0,5,9,7,3,81,1,17,1,4,0,0,0,5,0,0,2,3,20,8,0,7,20,9,97,15,15,13,2,24,3,18,93,70,168,26,13,9,50,15,7,53,20,2,7,0,8,32,69,88,35,35,182,45,44,122,110,306,30,65,380,169,39,344,84,169,314,342,170,163,397,586,189,684,776,1032,713,693,1088,863,1322,3558,948,626,1218,1342,1867,1234,1372,1532,1494,2902,1428,1725,1551,1691,2386,3047,2742,3265,4274,4050,3989,11217,7335,16815,14042,16636,16759,26472,26942,29547,37918,46502,40724,40511,47073,61179,62140,68479,77954,84304,90210,88254,85923,67775,25938
2103,Fuel Technology,Energy,Physical Sciences,0,0,0,0,0,0,0,0,0,0,0,0,0,0,0,0,0,0,0,0,0,0,0,0,0,0,0,0,0,0,0,0,0,0,0,0,0,0,0,0,0,0,0,0,0,0,0,0,0,0,0,0,0,0,0,0,0,0,0,0,0,0,0,0,0,0,0,0,0,0,0,0,0,0,0,0,0,0,0,0,0,0,0,0,0,0,0,0,0,0,0,0,0,0,0,0,0,0,0,0,0,2,0,0,0,0,0,0,1,0,0,0,0,0,0,0,0,0,11,1,0,0,0,0,0,0,0,5,0,0,0,0,0,0,0,0,0,0,0,1,0,4,0,0,0,1,2,0,1,2,0,2,0,0,0,2,1,0,1,1,3,4,52,1,0,1,1,1,1,0,0,1,0,2,0,0,1,0,0,2,1,17,2,2,3,0,24,0,0,5,2,3,2,0,118,1,0,12,2,18,7,1,17,12,18,9,20,17,20,25,8,47,3,152,85,89,67,25,40,142,49,10,139,17,88,105,69,57,110,109,87,252,544,62,80,94,33,175,131,687,147,121,109,175,197,78,216,181,470,234,1539,306,197,346,291,910,504,203,248,294,158,320,367,1839,290,494,693,327,809,389,617,364,953,676,1095,2295,3013,1714,2875,2404,2416,2476,3091,2357,1544,1480,2702,1301,1723,1945,1129,1591,2000,2539,2133,1827,1979,1074,1147,811,1050,1615,2261,1109,1384,1094,1132,1247,1323,1219,1326,1799,2030,1954,1792,2572,1914,2512,2664,2354,1738,1600,1360,1128,1025,412
2104,Nuclear Energy and Engineering,Energy,Physical Sciences,0,0,0,0,0,0,0,0,0,0,0,0,0,0,0,0,0,0,0,0,0,0,0,0,0,0,0,0,0,0,0,0,0,0,0,0,0,0,0,0,0,0,0,0,0,0,0,0,0,0,0,0,0,0,0,0,0,0,0,0,0,0,0,0,0,0,0,0,0,0,0,0,0,0,0,0,0,0,0,0,0,0,0,0,0,0,0,0,0,0,0,0,0,0,0,0,0,0,0,0,0,0,0,0,0,0,0,0,0,0,0,0,0,0,0,0,0,0,0,0,0,0,0,0,0,0,0,0,0,0,0,0,0,0,0,0,0,0,0,0,0,0,0,0,0,0,0,0,0,0,0,0,0,0,0,0,0,0,0,0,0,0,0,0,0,0,0,0,0,0,0,0,0,0,0,0,0,0,0,0,0,0,0,0,0,0,0,0,0,0,0,0,0,0,0,0,0,0,0,1,0,0,3,0,0,0,0,0,0,0,0,0,3,2,0,0,0,0,0,0,0,0,0,3,0,0,0,3,2,0,0,8,0,2,2,0,0,251,34,6,14,6,0,0,1,38,10,57,1,101,7,24,34,11,28,61,13,87,99,22,187,30,164,26,246,158,45,181,168,112,283,77,277,214,78,603,93,70,173,314,168,162,117,106,58,590,142,922,271,86,143,120,80,181,134,200,271,125,218,64,120,146,223,172,188,355,513,372,433,431,292,662,816,425,956,1022,1245,1698,1571,1581,1856,1230,1240,884,678,145
2105,"Renewable Energy, Sustainability and the Environment",Energy,Physical Sciences,0,0,0,0,0,0,0,0,0,0,0,0,0,0,0,0,0,0,0,0,0,0,0,0,0,0,0,0,0,0,0,0,0,0,0,0,0,0,0,0,0,0,1,0,0,0,0,2,18,0,0,0,0,24,0,0,0,1,0,0,0,0,0,0,0,0,0,0,0,0,0,0,0,0,0,2,0,0,0,0,0,0,0,0,0,0,0,0,0,0,0,0,0,0,0,0,0,0,0,0,0,1,0,4,0,0,28,3,7,0,0,3,0,0,0,0,0,4,0,0,0,0,1,59,3,259,261,3,0,3,4,4,9,5,35,2,6,15,3,14,0,4,2,3,5,7,3,4,5,12,3,0,10,30,14,1,4,11,3,2,4,75,2,2,7,2,63,4,20,40,30,3,54,5,8,34,5,30,85,39,51,54,2297,95,48,34,55,58,64,111,166,121,119,90,144,188,112,463,243,175,283,225,154,259,260,324,452,436,285,693,126,1006,505,498,264,314,412,443,139,152,446,340,681,603,643,1188,992,986,1019,1248,1266,11547,1898,1636,1734,2108,1445,1800,1699,3054,3275,2588,2741,1069,1529,869,2745,1842,4943,3776,4056,6581,4181,7040,6953,9340,12797,12945,11362,7685,9727,10411,12540,13911,16542,17164,25108,18176,23478,20420,21070,34404,30753,33055,33030,42952,39077,46280,47824,52236,62522,57511,69795,61505,72246,66604,61595,65231,64636,67396,78099,104315,78331,97574,97651,132763,125428,149865,174821,159307,187127,230043,261249,299385,355173,394906,412509,488949,545223,636049,749913,881144,985445,1056583,1179601,1288604,1371830,1497913,1592647,1669654,1623949,1482557,1256178,1016287,707664,272352
2200,General Engineering,Engineering,Physical Sciences,0,0,0,0,0,0,0,0,0,0,0,0,0,0,0,0,0,0,0,0,0,0,0,0,0,0,0,0,0,0,0,0,0,0,0,0,0,0,0,0,0,0,0,0,0,0,0,0,0,0,0,0,0,0,0,0,0,0,0,0,0,0,0,0,0,0,0,0,0,0,0,0,0,0,0,0,0,0,0,0,0,0,0,0,0,0,0,0,0,0,0,0,0,0,0,0,0,0,0,0,0,0,0,0,0,0,0,0,0,0,0,0,0,0,0,0,0,0,0,0,0,0,0,0,0,0,0,0,0,0,0,0,0,0,0,0,0,0,0,0,0,0,0,0,0,0,0,0,0,0,0,0,0,0,0,0,0,0,0,0,0,0,0,2,0,0,0,0,0,0,0,0,0,0,0,0,0,0,0,1,0,0,0,0,0,0,0,0,0,2,0,4,0,0,0,0,0,0,0,0,0,1,0,0,0,11,0,0,0,1,0,1,4,0,0,0,0,0,6,1,0,29,15,2,0,1,0,1,2,1,2,0,0,0,0,17,7,13,1,1,1,0,1,0,1,0,0,0,3,1,0,3,2,0,0,5,43,77,3,145,37,30,45,19,31,115,54,972,34,212,156,117,39,4,256,28,68,267,123,97,106,647,94,60,471,582,140,244,93,182,96,127,154,83,450,156,171,160,188,340,396,1088,863,1055,1624,1926,2313,2259,2339,2213,2610,2976,2732,2414,2117,1031,953,929,866,544,791,616,299,329,617,255
2202,Aerospace Engineering,Engineering,Physical Sciences,0,0,0,0,0,0,0,0,0,0,0,0,0,0,0,0,0,0,0,0,0,1,0,0,0,0,0,0,0,0,0,0,0,0,0,0,0,0,0,0,0,0,0,0,0,0,0,0,0,0,0,0,0,2,0,0,0,4,0,0,0,0,0,0,0,0,0,0,0,2,0,1,0,0,0,0,0,0,0,0,0,0,0,0,0,0,4,0,0,0,0,0,0,0,0,0,0,0,42,2,33,0,0,21,80,3,0,37,3,61,2,2,5,34,29,0,6,150,14,0,0,0,0,0,24,2,1,7,3,2,5,28,4,64,9,15,7,87,8,8,6,11,16,36,15,49,11,16,16,17,19,41,17,12,31,55,21,40,19,246,48,36,209,92,26,171,53,75,283,56,26,18,45,125,43,63,42,64,113,176,278,74,95,105,91,612,85,125,102,604,349,219,221,194,278,239,201,218,178,664,409,200,257,254,267,357,421,428,315,361,456,430,715,1920,600,1434,1153,439,836,529,1365,1038,1812,1668,2408,4256,2113,2295,2445,1755,3424,3701,2540,4580,4588,3800,7541,5320,5868,3819,3878,3362,2176,2724,2567,3661,8446,8524,11376,8344,14693,22395,18959,21143,15389,19821,23705,21948,24720,32542,37694,40282,33266,40036,46056,56736,56316,60712,53890,57199,66222,64533,61236,56963,66676,66459,76388,70958,74071,88947,80094,106432,113382,91190,93866,95583,123571,112880,111522,125320,123605,133021,167336,184976,205829,172676,199807,209640,230973,240641,278682,287756,431567,426296,449367,426406,470758,471567,450767,471097,487615,529144,553112,565199,589638,580703,625194,665342,708021,721379,702349,616543,534290,418308,306488,109330
2203,Automotive Engineering,Engineering,Physical Sciences,0,0,0,0,0,0,0,0,0,0,0,0,0,0,0,0,0,0,0,0,0,0,0,0,0,0,0,0,0,0,0,0,0,0,0,0,0,0,0,0,0,0,0,0,0,0,0,0,0,0,0,0,0,0,0,0,0,0,0,0,0,0,0,0,0,0,0,0,0,0,0,0,0,0,0,0,0,0,0,0,0,0,0,0,0,0,0,0,0,0,0,0,0,0,0,0,0,0,0,0,14,0,0,0,0,0,0,0,0,0,0,8,0,0,0,0,0,1,0,0,0,0,0,0,0,0,0,0,1,0,0,0,0,0,0,1,0,0,0,0,0,0,0,24,0,8,0,0,0,0,1,2,2,2,2,1,0,1,1,0,2,0,0,0,0,1,0,1,0,1,1,0,0,2,1,3,3,1,1,3,1,0,2,119,42,44,5,5,6,6,10,41,5,1,14,29,3,12,68,192,49,21,25,88,62,4,107,89,157,31,27,28,46,53,9,78,38,16,20,175,75,114,44,183,42,128,225,153,296,92,303,421,260,167,274,439,565,334,335,1899,1595,699,192,108,295,336,681,235,2697,583,1097,1871,1086,1375,1517,2199,3691,5232,3097,1635,2801,3129,3432,3602,5777,5158,4518,5594,6085,5957,7664,13380,8732,11329,11663,15496,15063,14693,20695,18325,16335,14847,20715,20772,23373,25876,18365,23870,23790,27265,28345,28045,30805,38145,38942,44764,50618,50845,58531,66701,77854,73417,112562,104054,103948,115616,106380,110136,119280,145379,142210,179279,190848,192483,261569,279592,312719,389996,424348,462257,489449,437637,382083,314955,224424,86842
2204,Biomedical Engineering,Engineering,Physical Sciences,0,0,0,0,0,0,0,0,0,0,0,0,0,0,0,1,0,0,0,0,0,0,0,0,0,0,0,0,0,0,0,0,0,1,0,0,0,0,0,1,0,1,0,2,0,2,0,0,1,0,0,0,0,4,0,0,0,6,0,50,0,0,0,0,0,0,0,0,0,1,0,0,0,0,3,0,0,0,3,0,0,2,0,10,0,9,0,0,192,0,2,0,9,0,0,1,1,0,0,1,20,3,50,13,18,20,14,1,2,23,0,21,25,76,19,0,16,0,3,9,29,35,8,2,36,17,52,50,240,237,94,21,57,63,6,73,174,4,324,16,49,257,146,518,157,21,6,7,15,202,31,130,248,79,233,48,18,2046,21,29,134,157,203,81,358,54,121,106,550,173,66,553,503,79,36,456,207,164,702,1786,481,279,4659,389,258,360,2960,420,730,1146,466,755,1237,4367,939,443,851,795,672,527,933,1217,2053,865,1126,864,1677,1110,1121,1542,1620,1755,1747,2216,1399,1272,1231,2071,805,2390,2274,2955,5239,3054,2655,5216,7861,5060,4530,6900,4504,6781,9552,8922,9850,12922,17054,8611,19761,9394,14901,11273,17038,9462,10465,17911,10929,23690,31570,29508,31192,42471,29959,78004,65836,36485,40269,53265,45036,63741,75405,74163,73131,78513,89621,102814,91919,112520,107734,126522,150286,141782,149223,155092,144961,191574,175173,186839,198265,218796,221954,223279,252558,254147,259856,270394,280625,317858,298286,322951,416409,386774,414945,436657,458520,510226,592775,575108,660015,723082,865545,880315,1042937,1155942,1161116,1273684,1476613,1495404,1611472,1725312,1915415,1957111,2002142,2088063,2176652,2240739,2377375,2433156,2544267,2565604,2586109,2223612,1806066,1390634,952497,349206
2205,Civil and Structural Engineering,Engineering,Physical Sciences,0,0,0,0,0,0,0,0,0,0,0,0,0,0,0,0,0,0,0,0,0,0,0,0,0,0,0,0,0,0,0,0,0,0,0,0,0,0,0,0,0,0,0,0,0,0,0,0,0,0,1,0,0,2,0,7,0,0,0,0,0,0,1,0,0,0,0,0,0,0,0,0,0,3,4,0,0,0,0,0,0,0,0,0,0,0,0,0,0,0,0,0,0,0,0,0,7,0,0,0,42,115,3,3,11,1,0,12,0,3,0,10,0,0,3,1,3,3,11,3,3,3,2,2,0,1,35,2,2,6,2,9,37,7,3,8,14,5,18,6,16,16,16,9,824,8,43,98,10,5,23,68,9,11,33,37,195,84,33,40,90,6,82,152,1075,18,38,20,374,41,432,31,79,30,174,367,69,153,575,58,168,65,922,341,51,223,133,201,791,137,241,88,7373,516,200,455,791,156,163,258,1000,188,209,173,1390,420,332,1324,487,384,656,3808,1004,614,931,864,724,560,238,669,556,1418,2088,1625,1440,1847,4277,3152,4517,2665,3118,2141,2829,3936,24436,3769,2147,2975,3592,5297,3482,16354,3217,12384,7634,4728,5906,7741,12591,6052,10867,26185,27995,12742,22977,11483,15594,14747,19766,18837,26392,21337,30081,30298,27344,33743,34907,37872,61042,44466,59226,57362,61599,55436,59197,64637,72211,67186,76146,72190,105166,81909,85177,83387,111509,115600,134103,113338,118096,125241,147408,151461,154693,170989,193070,190421,227017,233651,233331,256765,295230,322693,345490,417109,416905,418491,480189,472807,481067,501840,534059,568385,593885,652641,679483,672051,741676,812329,859385,876234,934299,831850,717685,578141,392520,156940
2206,Computational Mechanics,Engineering,Physical Sciences,0,0,1,0,0,0,0,0,0,0,0,0,0,0,0,0,0,0,0,0,0,0,0,0,0,0,0,0,0,23,0,0,0,0,0,0,0,0,21,0,0,0,0,0,0,0,0,0,0,0,0,0,0,0,0,0,0,0,0,0,0,0,0,3,0,0,0,0,0,0,0,0,0,0,0,0,0,0,0,0,0,0,0,0,0,0,0,0,2,0,0,0,0,2,0,0,0,4,8,7,30,47,2,33,2,12,3,23,1,34,8,7,27,16,9,4,15,6,11,1,28,1,9,13,3,39,58,227,10,4,56,32,22,65,151,73,9,122,55,340,34,35,104,51,142,112,55,1289,154,130,157,111,50,643,64,220,149,479,234,173,645,155,134,1798,219,590,167,140,726,317,898,194,207,282,475,342,376,473,3861,2764,899,766,325,2875,417,867,741,881,788,669,653,889,2969,903,965,629,627,965,6227,1140,2121,2985,1203,1468,1596,2250,1622,3349,2731,1819,3219,3340,3480,2576,3505,2319,5678,4524,2516,1388,2675,5208,7266,8848,6373,6296,8278,6214,8149,8207,10958,9532,13062,16023,11279,10327,10899,10442,12007,11200,6765,8213,7057,4613,3502,3056,5846,7141,15829,22925,19205,27807,18068,29897,25314,26538,37716,41475,43208,45436,41296,59944,59127,48963,63667,98243,70950,86781,87867,81945,86938,105721,130967,122196,135321,127033,114998,143428,166578,150985,149105,189935,188805,191140,206663,194817,226731,257345,272818,257473,260137,284463,312728,298006,336365,316484,353756,352446,381848,386543,438785,398026,469615,473288,450182,527933,552559,504084,551965,561812,589088,527826,505302,499612,503998,462540,468226,466572,464742,438455,391517,321217,257452,197784,131200,46736
2207,Control and Systems Engineering,Engineering,Physical Sciences,0,0,0,0,0,0,0,0,0,0,0,0,0,0,0,0,0,0,0,0,0,0,0,0,0,0,0,0,0,0,0,0,0,0,0,0,0,0,0,0,0,0,0,0,0,0,0,0,0,0,0,0,0,0,0,0,0,0,0,0,0,0,0,0,0,0,0,0,0,0,0,0,0,0,0,0,0,0,0,0,0,0,0,0,0,0,0,0,0,0,0,0,0,0,0,0,0,0,0,0,70,0,2,0,0,0,0,0,0,0,0,0,0,3,0,0,0,0,1,0,0,0,1,0,3,0,0,2,0,0,1,0,0,9,0,6,7,3,0,0,0,4,1,2,0,0,2,2,17,0,7,31,259,3,5,9,6,0,3,4,0,91,5,11,800,27,3,58,259,94,7,11,6,40,17,44,137,13,93,166,47,76,67,36,14,186,108,69,41,1525,101,44,371,51,89,246,162,137,164,143,644,77,311,227,225,229,179,224,275,725,883,283,478,517,247,276,140,281,725,151,617,3097,1284,687,1139,1080,964,1543,2394,1618,3126,4893,1412,1003,4132,1190,4781,3593,2546,1441,1967,2223,6757,5010,2495,1923,1666,3484,3436,4300,11883,6039,9758,11192,9109,36123,13854,16251,14357,17281,22689,28316,31771,38202,31670,49742,42467,40742,39346,40906,66115,56945,66447,50852,110924,66068,72052,134207,91456,73331,83790,118576,101430,98259,119935,129590,156184,172933,172279,200630,181226,209859,194693,217053,221323,283999,255005,291043,281418,293652,358218,324472,584852,498373,462454,484877,511626,520493,542458,563581,598287,607506,615494,620062,677841,673348,694306,762421,762312,758581,736302,636094,534336,412621,292537,100155
2208,Electrical and Electronic Engineering,Engineering,Physical Sciences,0,0,0,0,0,0,0,0,0,0,0,0,0,0,0,0,0,0,0,0,0,0,0,0,0,0,0,0,0,0,0,0,0,0,0,0,0,0,0,0,0,0,0,0,0,0,0,0,0,0,0,0,0,276,0,0,0,0,0,0,0,0,0,0,0,0,0,0,0,0,0,0,0,0,0,0,0,0,0,0,0,4,0,0,0,0,0,0,7,0,0,0,0,0,0,0,0,0,0,1,14,0,1,77,0,3,17,0,2,0,0,0,26,1,56,1,3,0,0,5,2,3,0,5,0,0,1,4,0,0,3,4,11,55,42,5,895,5,33,20,32,0,7,1,9,9,55,21,0,21,70,26,8,39,32,15,17,14,29,5,254,28,15,16,27,40,38,10,72,21,12,14,105,74,70,18,55,206,39,1061,86,154,152,183,149,166,242,252,385,124,270,202,201,370,277,197,2381,711,444,544,955,434,648,457,586,399,458,1204,1402,5692,704,824,818,1050,3083,708,939,546,1648,1207,1440,1411,1923,2921,3092,3595,3900,4564,9009,5591,18064,4928,10654,5624,10577,9114,7120,9935,6025,12148,8631,6199,8561,4657,8161,5850,15398,11911,97412,39358,25053,25858,36207,26156,38213,36652,41293,47721,47641,62473,60661,76138,86276,102329,101380,123078,152158,129915,135823,135578,169184,154999,161950,176094,194178,183052,193995,215410,205187,231509,278369,289665,306403,296744,333971,330851,374511,411996,419588,494897,526484,566838,567085,608232,675573,770698,849269,870630,933903,1027872,1123414,1187449,2121457,1852034,1872795,2020639,2059706,2062340,2199983,2327934,2501349,2697366,2802967,2929466,3372271,3372813,3555565,3686996,3798409,3747435,3656760,3123915,2607690,2080611,1465030,539531
2209,Industrial and Manufacturing Engineering,Engineering,Physical Sciences,0,0,0,0,0,0,0,0,0,0,0,0,0,0,0,0,0,0,0,0,0,0,0,0,0,0,0,0,0,0,0,0,0,0,0,0,0,0,0,0,0,0,0,0,0,0,0,0,0,0,0,0,0,0,0,0,0,0,0,0,0,0,0,0,0,0,0,0,0,0,0,0,0,0,0,0,0,0,0,0,0,0,0,0,0,0,0,0,0,1,0,0,0,0,0,0,0,0,0,0,5,0,0,0,1,0,0,0,0,0,0,0,0,0,0,0,0,0,16,0,0,1,0,0,0,0,154,42,0,1,0,0,29,3,0,0,2,1,1,2,0,3,0,47,0,8,1,292,2,2,2,0,5,57,0,5,2,2,1,2,1,3,2,3,1,0,1,3,4,383,6,4,3,40,1,2,1,8,31,3,3,6,1,4,41,19,18,8,3,39,10,35,18,21,13,28,25,28,38,91,167,90,47,9,54,26,55,951,102,82,120,49,70,151,141,64,49,141,44,243,118,526,511,199,466,636,1467,296,254,1079,481,201,316,389,325,351,571,442,299,1131,1677,1892,242,676,981,472,1305,958,397,1700,1634,2037,3346,2454,8750,6700,4752,3558,5371,12441,14579,8711,15715,14935,14880,11838,10400,12058,18048,18785,13090,15644,21814,23714,22638,24631,32122,33004,30326,32047,27092,32166,44566,52811,35725,46351,45404,59048,57910,70153,73657,80587,87855,127898,93967,119608,117577,113316,120040,131737,117351,116977,178794,166185,167234,169587,180286,167931,178317,185010,166993,175160,177968,193206,207887,207225,242524,286586,327941,343565,346914,323944,269664,208392,160389,56406
2210,Mechanical Engineering,Engineering,Physical Sciences,0,0,0,0,0,0,0,0,0,0,0,0,0,0,0,0,0,0,0,0,0,0,0,0,0,0,0,0,0,11,0,0,0,0,0,0,0,0,0,0,0,0,0,0,0,0,0,0,0,0,0,0,0,4,0,0,0,0,0,0,0,0,0,0,0,0,0,0,0,0,0,0,0,0,0,0,0,0,0,0,0,0,0,0,0,0,5,0,0,0,2,0,0,0,0,0,0,0,0,5,18,4,6,2,3,45,3,1,37,0,1,32,1,0,3,3,12,4,4,145,24,1,0,2,207,8,9,20,27,34,19,72,3,17,15,10,11,9,99,20,26,359,21,114,93,12,26,69,45,53,1241,17,39,14,101,30,73,281,166,127,142,72,33,223,157,62,128,257,72,105,345,131,333,89,144,279,185,374,265,263,195,422,921,301,620,381,201,292,245,2357,489,401,495,630,584,891,530,2731,1622,611,895,2960,573,1150,2136,976,1035,2416,1524,2547,3731,3350,2344,2077,1093,1847,1230,1080,1154,1432,2810,13392,3855,4199,5658,5650,10000,4308,8356,7580,6833,5631,8232,7322,10190,7133,8872,7255,38744,11335,18038,7955,6425,10020,5116,8715,8098,9551,19479,19185,24151,42145,26355,33456,35192,27059,31235,30242,40863,68734,58101,65449,53537,72389,70449,82362,74779,90779,83003,90377,117533,111354,113066,106449,119762,112576,131619,135267,138791,148945,156584,155181,177594,183278,201574,201434,198001,214063,225366,235512,246404,299331,303249,290541,304451,358933,374344,409805,411641,449085,505967,547779,679129,698474,739546,761009,822862,806478,868426,878533,927008,1040896,1058563,1151240,1252221,1296011,1428424,1500049,1615514,1573524,1598825,1406486,1212075,958347,709826,278584
2211,Mechanics of Materials,Engineering,Physical Sciences,0,0,0,0,0,0,0,0,0,0,0,0,0,0,0,0,0,0,0,0,0,0,0,0,0,0,0,0,0,0,0,0,0,0,0,0,0,0,0,0,0,0,0,0,0,0,0,0,0,0,0,0,0,0,0,0,0,0,0,0,0,0,0,0,0,0,0,0,0,0,0,0,0,0,0,0,0,0,0,0,0,0,0,0,0,0,0,0,0,0,0,0,0,0,0,0,0,0,29,0,57,0,8,25,0,0,10,1,0,0,0,4,0,11,0,5,1,1,4,23,0,0,2,1,0,0,1,1,7,3,53,4,9,0,1,0,0,2,0,13,2,31,10,83,19,35,0,1188,10,3,26,67,2,4,49,6,7,812,12,22,22,74,7,95,3,37,19,19,15,25,3,34,17,28,15,64,28,21,21,460,428,52,77,120,63,94,56,88,370,371,78,58,64,362,87,30,101,139,210,109,1466,105,123,292,1947,261,367,670,495,418,322,572,428,329,935,361,684,2307,293,538,668,456,2123,1249,2013,3126,1851,3018,1138,8472,2889,2236,6196,4239,8409,4312,10491,8365,3665,5926,6795,5343,3541,3007,2708,14120,7619,24206,12847,16770,17162,37412,18272,32271,22413,21506,35343,35017,27882,47899,35763,43860,60355,79085,67435,82720,74425,82061,122944,83856,96904,108425,107194,126832,121404,135693,126366,142436,152037,162533,168147,172034,152495,171115,197069,235114,211018,217272,228446,213730,251439,256254,318491,278048,264890,307094,315455,308235,346152,362422,406376,386849,458843,457414,458898,456072,482192,454677,462590,458180,465937,467719,517066,528478,533408,544944,573375,574635,594869,576672,565329,472943,396756,312365,226290,87947
2212,Ocean Engineering,Engineering,Physical Sciences,0,0,0,0,0,0,0,0,0,0,0,0,0,0,0,0,0,0,0,0,0,0,1,0,0,0,0,0,0,0,0,0,0,0,0,0,0,0,0,0,0,0,0,0,0,0,0,1,0,0,0,0,0,0,0,0,0,0,0,0,0,0,0,0,0,0,1,0,0,0,0,0,0,0,0,0,0,0,0,0,0,0,0,0,0,0,57,0,0,0,0,0,0,0,0,0,0,0,0,0,3,0,51,0,6,0,0,0,2,298,0,3,7,1,1,13,47,14,1,1,0,0,3,237,0,0,1,6,5,2,1,1,257,12,3,1,7,5,36,323,5,2,14,213,4,70,10,3,0,8,1,74,1,5,2,5,94,34,21,3,6,1,13,20,55,1894,10,25,9,70,3,49,11,13,111,23,28,93,17,1011,53,244,69,226,58,73,54,69,19,123,126,100,151,148,59,227,442,217,498,315,225,254,499,179,155,1663,256,111,190,233,347,241,1614,896,518,1044,317,702,303,339,342,280,599,818,1121,610,1101,695,1857,1037,1333,1654,1791,1143,916,3804,1448,2649,1520,1605,1602,3797,4131,833,964,4910,2009,1862,3495,4324,6086,10099,9305,7937,7403,8793,22114,22421,13291,14200,14175,32680,18648,16525,19821,22402,22800,31849,19009,25308,32012,30136,36357,36645,38201,35046,36647,39288,39244,49030,53186,51532,57813,56198,56509,50202,66050,65149,70075,72342,78840,91947,89260,88374,88739,110734,118646,104280,115718,113688,151764,150162,184732,176379,193013,198625,208336,215149,218929,240844,263363,260200,265559,263908,293688,293084,316793,328063,348606,341325,346876,296091,255295,195634,135986,52573
2213,"Safety, Risk, Reliability and Quality",Engineering,Physical Sciences,0,0,0,0,0,0,0,0,0,0,0,0,0,0,0,0,0,0,0,0,0,0,0,0,0,0,0,0,0,0,0,0,0,0,0,0,0,0,0,0,0,0,0,0,0,0,0,0,0,0,0,0,0,0,0,0,0,0,0,0,0,0,0,0,0,0,0,0,0,0,0,0,0,0,0,0,0,0,0,0,0,0,0,0,0,0,3,0,0,0,0,0,0,0,0,0,0,0,0,0,0,0,0,0,0,1,0,1,0,2,0,0,0,0,0,0,0,0,0,0,0,0,0,2,0,0,0,1,0,0,0,0,0,17,0,0,1,0,0,0,1,0,0,1,9,3,0,16,1,1,81,0,0,0,0,2,0,1,2,7,1,0,0,1,0,3,2,11,0,1,0,1,4,0,2,1,1,1,3,1,11,15,4,1,3,2,5,1,7,5,1,4,0,2,10,2,19,7,7,7,136,13,1,45,52,28,61,28,33,11,57,12,137,26,63,50,12,28,38,25,22,156,9,264,64,37,160,56,54,580,295,72,70,170,1114,57,381,215,94,62,562,222,165,155,96,329,1279,828,515,677,871,824,959,1115,1266,4479,3548,2388,2714,3571,1845,9159,5533,3660,4294,5033,7603,4301,9744,8334,8267,8238,7165,9080,17049,11962,14825,19328,14276,20606,18383,33651,22429,22368,27636,22572,23948,24312,29162,28072,27516,36738,39486,35511,44022,45235,54577,47624,57965,59874,62639,61117,86937,97463,80535,95277,117571,91960,99726,111691,118136,133413,119890,123535,119349,129611,124025,132373,132073,139812,137717,120610,114459,79585,54796,20672
2214,Media Technology,Engineering,Physical Sciences,0,0,0,0,0,0,0,0,0,0,0,0,0,0,0,0,0,0,0,0,0,0,0,0,0,0,0,0,0,0,0,0,0,0,0,0,0,0,0,0,0,0,0,0,0,0,0,0,0,0,0,0,0,0,0,0,0,0,0,0,0,0,0,0,0,0,0,0,0,0,0,0,0,0,0,0,0,0,0,0,0,0,0,0,0,0,0,0,0,0,0,0,0,0,0,0,0,0,0,0,14,0,0,0,0,0,0,0,0,0,0,0,0,0,0,0,0,0,0,0,0,0,0,0,0,0,0,0,0,0,0,0,0,0,0,0,0,0,0,0,0,0,0,0,0,0,0,0,0,0,0,0,0,0,9,1,3,1,1,0,0,0,0,3,0,0,1,0,0,0,17,23,55,949,6,0,0,2,2,5,7,6,9,1,2,1,4,5,9,32,1,2,6,18,4,33,15,8,19,37,19,12,19,28,12,48,81,23,56,14,26,90,75,41,96,45,27,209,153,112,53,69,31,87,123,177,69,201,179,214,150,112,113,178,259,216,243,137,193,294,165,357,356,182,170,300,784,427,410,659,623,1502,997,1342,898,1752,755,554,1608,2398,916,1216,1181,3598,2447,3058,5590,7446,6224,5214,7566,8224,5646,11134,8072,6228,6544,7516,6564,8245,8718,9392,12227,8842,15224,16848,14880,15536,16508,38180,17488,16676,22697,23680,40341,31035,44274,50131,49393,63245,65708,77661,132890,113627,109279,134006,145109,128704,125079,137604,153037,157907,149482,152366,156112,171546,185304,212764,217758,215962,265045,202297,162845,131896,97031,30998
2215,Building and Construction,Engineering,Physical Sciences,0,0,0,0,0,0,0,0,0,0,0,0,0,0,0,0,0,0,0,0,0,0,0,0,0,0,0,0,0,0,0,0,0,0,0,0,0,0,0,0,0,0,0,0,0,0,0,0,0,0,0,0,0,0,0,0,0,0,0,0,0,0,0,0,0,0,0,0,0,0,2,0,0,0,0,0,0,0,0,0,0,0,0,0,10,0,0,0,0,0,0,0,0,0,0,0,0,0,1,0,1,0,0,2,0,0,8,0,0,0,1,0,0,0,2,1,1,5,34,0,0,0,0,2,8,0,0,0,1,0,5,0,1,0,0,1,0,11,1,6,3,17,2,2,2,0,2,39,2,2,9,0,1,2,28,39,3,24,9,1,5,2,6,21,43,112,66,10,0,53,12,3,4,9,41,62,5,32,21,9,4,66,7,5,7,12,48,42,8,21,6,27,22,33,22,193,36,17,1226,60,386,30,107,111,58,204,138,296,158,164,75,134,158,161,79,69,78,182,192,276,219,359,226,469,1016,517,441,743,384,688,727,949,589,1658,1182,2092,1446,847,1123,946,1064,1922,1024,840,757,2746,1069,1484,1482,2042,2902,3251,8584,4553,4832,4362,5332,3716,5918,4921,5795,4859,7111,8943,13634,10171,9559,11631,10836,14390,12761,11822,16800,15676,12244,10656,22800,30704,16916,23332,22529,22808,29293,32493,36749,32705,38366,31450,41845,43522,34835,47916,61535,59823,59210,64648,73540,88768,93770,100217,112776,138668,172440,174353,193586,193080,238930,217167,258761,272888,304402,329946,352362,392115,424261,441691,483257,518202,541631,578971,602496,509116,420390,324533,225248,81716
2216,Architecture,Engineering,Physical Sciences,0,0,0,0,0,0,0,2,0,0,0,0,0,0,0,19,0,0,0,0,0,0,0,0,0,0,0,0,0,0,0,0,0,0,0,0,0,0,0,0,0,0,0,0,25,0,0,0,0,0,0,0,0,0,3,1,0,0,0,0,0,0,0,0,0,0,0,0,0,0,0,0,0,0,0,0,0,0,0,0,0,0,0,0,0,0,0,0,0,0,0,0,0,0,0,0,0,0,0,0,3,0,0,0,0,0,0,1,0,1,0,0,0,0,0,0,3,0,0,0,0,0,0,6,0,0,0,7,33,0,26,0,5,5,0,1,4,0,0,1,0,2,0,0,0,0,38,0,1,2,0,0,144,2,3,27,146,3,426,0,1,6,4,2,5,7,22,7,2,22,0,0,60,16,3,4,0,48,41,2,16,5,6,276,5,67,10,93,13,90,54,55,43,74,37,32,22,19,24,138,63,61,35,67,617,39,3,40,177,60,89,43,116,59,44,86,70,157,114,98,129,24,132,228,106,126,164,108,36,422,207,303,405,75,185,138,216,153,209,200,354,274,287,693,32,175,317,410,194,792,1271,202,328,462,564,823,8117,638,945,1281,1220,5442,1098,1062,3413,3797,2874,1618,1102,7544,2596,2917,3021,1463,3430,3216,2851,7392,3159,8447,3069,2405,4227,3432,5469,6975,3081,3252,3004,4709,5180,8204,5284,5578,7290,12304,7830,11150,8460,9593,10042,11986,11291,9490,10670,10908,10232,10057,10812,11777,14861,10941,12455,16879,15502,11448,10550,10500,8802,12354,19843,5223,3549,4675,4164,1306
2302,Ecological Modeling,Environmental Science,Physical Sciences,2,0,1,0,0,0,0,0,0,0,0,0,0,1,0,0,0,0,6,0,0,0,0,0,0,0,0,0,0,0,0,0,0,0,0,0,0,0,0,0,0,0,0,0,0,0,0,0,0,0,0,0,0,0,0,0,0,0,0,0,0,0,0,0,0,0,129,0,0,0,0,0,0,0,0,0,0,0,0,0,0,0,0,0,0,0,0,0,0,0,0,0,0,0,0,0,0,0,10,1,0,0,0,0,9,0,1,0,0,2,0,1,0,0,50,0,1,0,0,7,23,0,0,0,0,22,1,51,0,91,348,78,0,1,19,0,3,0,38,20,2,3,2,4,9,292,7,0,0,3,35,32,31,48,28,0,2,30,99,21,32,81,29,19,22,111,43,28,29,38,40,167,51,46,258,135,19,186,60,53,92,19,77,3655,117,403,146,243,139,52,44,50,87,38,56,142,233,294,138,101,1495,41,890,283,77,120,121,1535,262,152,123,390,106,157,192,70,213,862,78,181,220,109,159,251,171,472,336,181,269,124,303,824,416,325,650,615,408,591,487,527,234,402,371,1662,684,12199,412,453,837,659,783,790,501,927,725,779,1566,739,4681,1600,1471,4065,1729,3301,1565,2779,1686,1831,4685,5897,2996,3173,4318,2814,3599,3741,3959,5064,4192,6072,4973,5823,5248,6765,6046,4486,8884,12566,18820,7615,10624,12821,11472,13926,11261,16078,12154,22574,24912,30141,81287,30034,57730,61892,72766,98150,116915,88182,108842,123090,144074,124716,117816,123034,122656,107348,120033,104336,97884,113548,99331,90111,60386,46210,26592,9350
2303,Ecology,Environmental Science,Physical Sciences,0,0,0,4,0,15,0,0,2,0,0,0,0,0,0,0,0,0,0,0,0,0,0,0,0,11,0,0,0,0,0,3,0,4,0,0,0,0,0,0,0,0,2,0,0,0,0,1,1,9,0,0,5,6,0,6,0,8,0,1,1,0,0,0,18,0,1,35,20,49,0,10,5,0,0,0,65,0,4,17,62,57,286,82,17,51,3,61,22,0,67,5,4,2,1,1,3,41,29,10,22,293,40,12,2,36,30,26,8,12,131,30,13,20,0,11,209,26,8,112,95,160,128,27,151,204,158,124,204,228,178,109,183,95,748,46,286,120,349,826,266,111,137,457,476,1032,50,746,202,278,242,291,254,467,174,513,270,367,244,251,833,514,382,561,569,668,550,507,962,720,1302,557,807,605,1459,856,1050,1013,2185,865,1266,894,1284,637,783,780,712,841,1343,1277,1209,1944,1560,1906,2476,1901,1596,1849,2360,1768,3204,3305,3332,2368,2345,3889,3267,3658,2584,4016,4567,3796,3893,4285,4543,5593,3783,4441,3430,3202,5058,3807,5373,4414,6472,6338,9403,6981,8847,7206,7683,13356,14454,11709,11721,12829,16256,13646,14078,13868,18854,15346,17896,13830,8993,11117,11331,20554,18970,25600,31883,26792,27787,41378,37524,38114,39238,51115,43031,51933,60408,56997,69653,69342,77323,85946,100146,117062,112860,126024,402342,128823,153358,166572,181508,187325,182888,286332,225345,259835,240888,241921,248492,271601,297493,313052,296830,316403,322625,335544,390142,379812,405152,444045,450882,508594,489789,567982,604967,621732,748797,760214,860645,863136,855547,897763,964978,978943,946254,958468,970103,996034,983245,964589,961403,951888,948918,936576,919516,911429,857076,735539,553710,399434,247833,83745
2304,Environmental Chemistry,Environmental Science,Physical Sciences,0,0,0,0,0,0,0,0,0,0,0,0,0,0,0,0,0,0,0,0,0,0,0,0,0,0,0,0,0,0,0,0,0,0,0,0,0,0,0,0,0,0,0,0,1,0,0,0,0,0,0,0,0,0,0,0,0,0,0,0,0,0,0,0,0,0,0,0,0,0,0,0,0,0,0,0,0,0,0,0,0,0,0,0,0,0,0,0,0,0,0,0,0,0,0,0,0,0,0,0,7,1,19,2,0,2,2,4,17,8,0,2,1,16,0,0,0,3,1,13,0,1,3,0,0,0,0,2,0,0,0,0,39,59,94,21,17,38,13,36,6,14,17,19,17,33,41,18,48,8,31,44,46,38,17,114,82,32,18,26,41,18,82,83,77,8,40,42,67,118,145,467,325,228,287,233,320,422,171,292,388,820,718,279,1072,412,490,1128,707,488,462,1032,599,944,741,571,533,442,671,571,566,810,794,935,904,968,1379,775,858,1077,804,843,1406,760,743,979,662,641,352,466,699,1079,1323,2093,1178,1753,2108,1587,1438,1407,2186,2462,3635,2436,3780,2195,2968,2608,4137,2277,3227,3495,2901,2569,1365,1530,2388,3811,5421,6056,8671,7285,6932,13036,9645,17694,9467,9957,10397,11818,11639,11224,14641,13635,19060,19579,18215,21028,19738,25635,27840,27313,30688,32567,37715,42870,46250,47547,45415,57894,56451,60428,69764,68953,75944,71813,74967,79910,91026,91092,115571,96455,107559,117383,129960,142619,143952,155313,193703,191089,231460,235181,291735,302562,283827,310613,308953,334239,334719,327884,308519,324282,272448,294986,285554,291431,293488,286468,294101,288325,307702,254525,203669,153790,104816,39115
2305,Environmental Engineering,Environmental Science,Physical Sciences,0,0,0,0,0,0,0,0,0,0,0,0,0,0,0,0,0,0,0,0,0,0,0,0,0,0,0,0,0,0,0,0,0,0,0,0,0,0,0,0,0,0,0,0,0,0,0,0,0,0,0,0,0,0,0,0,0,0,0,0,0,0,0,0,0,0,0,0,0,0,0,0,123,0,0,0,0,0,0,0,0,0,0,0,1,0,0,0,0,0,0,0,0,0,0,0,0,0,0,3,11,0,0,1,0,0,1,1,0,0,0,0,0,0,0,0,0,1,0,0,0,0,0,0,0,0,0,1,0,2,86,0,0,191,1,0,0,1,0,0,0,0,6,7,1,0,3,2,2,0,5,1,0,0,3,2,1,2,0,3,2,2,0,66,55,2,4,4,1,5,5,1,8,0,10,6,4,7,7,3,1,2,2,2,9,11,6,7,165,9,54,27,35,7,58,24,51,81,32,128,62,85,53,450,114,69,58,57,255,24,35,142,37,178,438,103,172,96,107,76,89,97,372,175,239,410,306,324,292,310,467,658,1017,2191,714,4821,664,538,1619,986,1663,752,330,985,602,2361,2437,949,1123,2024,8492,4037,3479,8363,8051,9481,4427,14388,5668,6191,7672,5748,9103,15686,13110,11760,10699,14598,13859,21494,22390,21875,28930,26227,26344,30172,28364,30529,35894,37338,54995,53873,68204,43893,58355,60505,65538,59650,93126,82637,92768,90714,101525,107077,105086,120004,137107,125652,169368,175149,182376,187155,222196,261744,265269,306505,311352,312463,342517,403336,403887,442796,449897,458783,489969,496593,538501,572519,568124,595624,610135,547332,445056,344238,238916,89023
2306,Global and Planetary Change,Environmental Science,Physical Sciences,1,1,0,0,0,0,0,0,0,0,0,0,0,0,0,0,0,1,0,0,0,0,0,0,1,5,0,4,7,0,0,0,0,2,0,1,0,0,3,0,0,1,0,0,0,0,0,4,1,15,0,0,0,1,0,1,0,0,0,0,0,1,0,0,0,0,0,12,2,1,0,1,6,2,2,90,1,45,49,0,3,1,0,14,0,0,136,0,13,10,0,7,2,8,0,0,0,0,0,0,0,29,0,0,1,2,9,2,0,5,0,0,0,0,0,37,6,0,13,15,22,0,38,2,5,419,33,111,5,26,11,1,2,41,1,38,6,11,18,4,1,67,43,34,55,59,36,37,25,122,98,62,71,226,161,209,111,68,196,68,98,80,56,236,390,70,39,283,95,253,329,482,309,237,182,267,280,294,579,393,468,402,392,561,879,356,279,667,495,402,458,601,553,960,436,866,1103,1165,516,7089,1260,632,718,762,1348,1954,1004,1095,1304,1819,1733,1454,1016,1434,1406,1254,1236,1053,1176,1340,2397,2543,2327,2408,1913,2650,2020,3140,3345,4757,3140,4294,4202,3359,3645,5295,4231,3705,7232,5169,5194,7422,4070,4993,4149,4596,5255,7871,22598,7829,14148,14148,10734,13759,22541,13715,14420,26963,16012,17820,29814,22737,26664,44144,27674,41433,36159,37055,42686,44596,61282,54913,61275,82697,65673,69381,88092,92100,92410,90173,123424,126920,141338,146372,202891,162654,160269,174314,179620,223114,238006,219941,273575,286009,302803,338602,404940,422465,461389,488739,614236,666516,675484,710889,736303,835498,875369,944308,949503,960544,930020,1039269,1031681,1104559,1068454,1041107,1026389,1010289,1042255,983102,1142253,887043,682009,497120,297574,99527
2307,"Health, Toxicology and Mutagenesis",Environmental Science,Physical Sciences,0,0,0,0,0,0,0,0,0,0,0,0,0,0,0,0,0,0,0,0,0,0,0,0,0,0,0,0,0,0,0,0,0,0,0,0,0,0,0,0,0,0,0,0,0,0,0,0,0,0,2,0,14,0,0,1,0,2,0,0,0,0,0,0,0,0,0,0,3,0,0,0,0,0,0,0,0,0,0,0,0,0,2,0,0,0,0,0,0,0,0,0,0,0,0,0,1,0,3,0,2,0,0,1,0,0,0,0,0,0,0,3,0,0,0,0,10,1,0,12,0,0,0,3,0,0,5,0,6,0,1,12,46,2,2,0,2,0,11,2,8,5,15,52,8,711,0,24,9,3,1,9,2,0,1,40,24,6,5,4,2,21,13,125,6,12,144,3,22,27,29,68,5,40,17,49,46,76,51,35,117,50,55,41,165,95,147,106,83,120,87,421,233,130,444,119,73,70,104,184,493,203,136,360,184,406,163,388,171,351,836,411,855,524,394,892,557,400,276,807,432,479,1049,1036,961,894,1139,1624,995,1219,1611,1177,2121,2101,1479,2794,1591,1594,2001,4000,2696,1766,2174,2304,1981,2679,3205,2860,3343,5499,4711,4144,6506,9504,7021,8206,7485,7863,7125,10370,9859,12182,8660,12356,17776,23568,18405,20831,20690,26807,30832,48966,49026,46190,56538,49898,52282,58586,63285,70428,71991,76712,90853,87196,99391,107130,99519,116397,108101,122524,123918,150040,142991,159769,170032,232406,215999,240720,269197,260864,364123,359657,455768,468379,444959,508280,526736,536084,514779,529174,530565,544816,556168,570289,606966,635327,594411,626307,642688,645366,679695,546622,423697,293848,190383,65299
2308,"Management, Monitoring, Policy and Law",Environmental Science,Physical Sciences,0,0,0,0,0,0,0,0,0,0,0,0,3,0,0,0,0,0,0,0,0,0,1,0,5,0,0,0,0,2,0,0,12,0,0,0,0,0,0,8130,0,0,0,5,0,10,0,0,0,1,0,0,1,0,0,0,0,0,0,0,0,0,2,0,0,0,0,0,0,1,0,1,0,2,0,0,1,1,4,0,0,0,2,0,0,0,12,0,0,2,3,2,0,3,2,0,0,1,3,87,30,9,0,31,10,5,40,0,2,8,72,7,0,7,11,4,3,17,13,15,31,50,10,1,47,11,63,40,158,24,9,44,10,14,42,32,32,11,14,89,52,62,63,86,82,32,118,113,147,137,16,42,108,125,118,107,286,18,418,85,165,75,36,25,70,109,221,106,133,279,397,90,193,228,182,273,205,689,74,195,413,299,208,153,178,388,286,312,180,600,484,256,274,290,404,285,559,406,406,321,460,361,541,779,447,772,581,463,674,1202,751,1080,6134,583,1066,660,826,655,426,749,1641,826,1673,1250,1137,1918,2345,1140,1605,1363,1707,1871,1203,2296,1577,1596,2107,2728,2605,2481,1810,1650,1999,2372,1537,1478,1656,2480,4412,2247,8834,4132,9600,4176,9675,4715,10287,6200,10258,5278,10137,8136,8474,10044,9795,12958,14884,19681,14345,19036,19386,19012,18488,30697,25151,32096,21092,27086,38771,44896,50767,37085,42808,46769,40899,52521,55680,78466,46933,69830,79790,72770,94924,90552,109689,133218,117364,148155,120324,149821,174750,176092,190914,185200,182220,214543,204973,211418,214610,228536,232148,262074,260207,267086,267310,262475,263865,293631,313506,309437,311173,253309,215654,162458,108226,42262
2309,Nature and Landscape Conservation,Environmental Science,Physical Sciences,0,0,0,0,0,0,15,0,0,0,0,0,0,0,0,0,0,0,0,0,0,4,0,0,0,0,5,0,0,0,0,0,0,0,0,0,0,48,0,0,0,0,1,0,0,0,0,0,0,0,0,0,1,0,0,0,0,0,0,2,0,0,0,1,0,0,0,1,0,1,0,3,0,1,133,36,0,2,2,3,0,3,0,0,4,0,4,0,2,0,2,50,1,526,2,0,247,0,0,0,69,0,24,1,223,6,8,0,82,24,260,3,3,93,2,5,0,0,65,3,55,41,0,21,6,32,0,31,28,29,15,3,50,856,21,5,22,2,6,61,84,85,50,17,158,170,162,61,23,72,151,156,239,34,87,92,173,65,278,142,58,88,166,132,349,154,645,226,166,212,199,1053,213,206,150,162,344,281,638,283,281,411,540,320,372,363,710,730,390,686,536,576,400,469,331,1565,822,608,476,934,996,1188,823,795,1365,1390,1139,2012,1520,1578,2460,2273,1251,1930,1330,1555,895,892,1941,1391,1745,2801,3737,2088,1904,3457,3268,1910,3513,3102,4658,3458,3468,4050,4550,4935,5757,4060,3796,4397,5907,5047,3498,7853,4514,3403,2845,5892,8983,6950,10798,13881,7903,7731,11112,10539,10632,9675,15040,14273,18331,18713,20543,18357,24750,29091,26387,27470,31264,31253,41550,40227,38849,55175,62373,50168,51834,61936,60914,65186,83351,86039,91676,104328,119057,113847,118718,133735,141023,145976,166560,171183,195945,184558,213025,221230,237479,258677,275532,284544,333734,347500,363409,402312,389980,418465,390910,398312,372929,356089,361814,353724,324165,327116,301497,286527,276058,255861,233775,219229,204833,164761,114858,81627,48684,16367
2310,Pollution,Environmental Science,Physical Sciences,0,0,0,0,0,0,0,0,0,0,0,0,0,0,0,0,0,0,0,0,0,0,0,0,0,0,0,0,0,0,0,0,0,0,0,0,0,0,0,0,0,0,0,0,0,0,0,0,0,0,0,0,0,1,0,0,0,0,0,0,0,0,0,0,0,0,0,0,0,0,0,0,0,0,0,0,0,0,0,0,0,0,0,0,0,0,0,0,0,0,0,0,0,0,0,0,0,0,0,0,1,0,0,0,0,0,0,0,0,0,0,0,0,0,0,0,0,0,0,0,0,0,21,5,0,0,0,0,0,0,0,0,0,0,2,0,0,4,0,0,0,5,58,2,5,1,4,0,10,2,2,4,1,1,23,0,8,0,0,1,1,4,2,15,16,12,0,33,1,9,22,8,12,4,7,10,7,35,12,16,31,15,9,23,139,9,195,106,55,29,82,132,18,38,74,10,46,426,22,24,173,58,84,54,58,80,33,74,135,105,168,97,74,208,152,116,239,143,38,286,100,248,284,212,537,212,509,492,366,507,887,2047,665,755,727,1362,719,900,506,782,696,759,802,674,793,703,835,3474,1463,1820,1931,2786,3671,2529,6390,3527,5008,3889,10085,5056,8640,4416,5008,6875,10782,14488,8877,14916,15615,18495,21100,25007,21394,26753,26086,27135,36164,40411,47219,36922,51712,50759,44505,49061,49977,52835,57107,58269,63184,69491,86252,79721,91746,96267,104858,139248,139057,155959,167436,187044,215246,218148,256380,286418,281239,303710,332469,352113,345894,390557,391654,397932,411672,463734,492584,560841,603903,684000,726049,805474,905608,796041,645821,474111,316305,109793
2311,Industrial and Manufacturing Engineering,Environmental Science,Physical Sciences,0,0,0,0,0,0,0,0,0,0,0,0,0,0,0,0,0,0,0,0,0,0,0,0,0,0,0,0,0,0,0,0,0,0,0,0,0,0,0,0,0,0,0,0,0,0,0,0,0,0,0,0,0,0,0,0,0,0,0,0,0,0,0,0,0,0,0,0,0,0,0,0,0,0,0,0,0,0,0,0,0,0,0,0,0,0,0,0,0,0,0,0,0,0,0,0,0,0,0,0,0,0,0,0,0,0,0,0,0,1,0,2,0,0,0,0,0,0,0,0,0,0,0,0,0,0,0,0,0,0,11,1,0,0,0,0,1,0,0,0,0,0,0,0,0,22,5,0,0,1,0,0,2,2,0,0,0,9,6,4,17,0,0,0,8,2,20,17,1,8,6,12,5,28,28,0,12,1,23,6,25,20,15,13,28,22,4,20,8,44,31,36,46,147,115,30,56,100,484,212,46,46,109,140,76,198,124,162,71,296,205,184,161,245,390,174,199,242,196,137,366,292,372,570,614,655,602,661,1040,995,925,1553,1055,1001,758,1231,15105,1513,1768,2360,1118,1795,1021,1320,1423,854,3003,2954,2712,5092,4057,4672,6462,5269,7664,8218,6973,7880,6224,6482,7784,10861,29346,11289,11611,13952,11487,17067,13190,15476,14524,15716,15658,19919,21446,21649,18988,16276,25390,22643,32359,26211,30432,22302,34745,28024,28557,33754,31344,28210,33405,31791,40039,48006,60961,59131,64983,65715,65557,69966,65387,79533,83267,90615,87701,99733,107378,110378,118674,130466,127561,135426,141309,161435,178080,172481,182054,191038,193802,212478,223395,189431,155743,116070,88228,33982
2312,Water Science and Technology,Environmental Science,Physical Sciences,0,0,0,0,0,0,0,0,0,0,0,0,0,0,0,0,0,0,0,0,0,0,0,0,0,0,0,0,0,0,0,0,0,0,0,0,0,0,0,0,0,0,0,0,0,0,0,0,0,0,0,0,0,0,0,0,0,0,0,0,0,0,0,0,0,0,0,0,0,1,0,0,0,0,0,0,0,0,0,0,0,0,0,0,0,0,0,0,0,0,0,0,0,0,1,0,0,14,0,0,0,0,0,0,0,0,0,0,0,0,0,0,0,19,0,0,0,5,5,0,0,2,0,1,0,0,11,2,0,0,2,0,1,1,1,0,13,0,2,9,0,3,3,3,1,0,6,2,0,45,22,36,13,28,1,25,5,8,0,2,7,0,11,9,2,5,10,1,1,57,6,18,3,6,8,13,29,10,29,185,21,55,31,134,7,57,42,136,94,21,56,67,34,40,82,120,61,52,92,82,236,208,174,203,314,319,295,278,153,384,264,242,314,306,472,731,2637,6927,484,471,801,604,430,1625,581,2029,747,2407,1682,1067,1548,1142,1733,1748,2503,1961,1827,2752,2067,2063,2431,1860,3485,2351,1536,1779,4547,2270,2686,3501,5560,4260,5588,4147,5019,6940,5373,7158,8707,12642,9091,6972,10297,12539,13520,17973,30043,15034,27358,18427,53008,21041,29711,24387,34076,29540,30664,31014,32035,48169,47532,40186,43220,48401,61760,53365,56841,64428,59606,63939,142567,75791,98240,104102,92384,122365,123098,130722,157504,182253,185278,213404,253973,315526,316101,380204,416387,417656,441531,490530,498164,508711,527025,547064,576547,615845,628330,675667,746452,765591,837597,704359,561691,416723,271842,98609
2402,Applied Microbiology and Biotechnology,Immunology and Microbiology,Life Sciences,0,0,0,0,0,0,0,0,0,0,0,0,0,0,0,0,0,0,0,0,0,0,0,0,0,0,0,0,0,0,0,0,0,0,0,0,0,0,0,0,0,0,0,0,0,0,0,0,0,0,0,0,0,0,0,0,0,0,0,0,0,0,0,0,0,0,0,0,0,0,0,0,0,0,0,0,0,0,0,0,0,0,0,0,0,0,0,0,0,0,0,0,0,0,0,0,0,0,0,0,13,0,0,0,0,1,0,3,0,0,0,0,0,0,0,0,0,0,0,0,0,0,0,0,0,0,0,0,0,0,0,0,0,0,0,0,0,0,0,0,0,0,0,0,0,0,0,0,0,0,0,0,0,0,0,0,0,0,0,0,0,0,0,0,0,0,0,0,0,0,0,0,0,0,0,1,0,0,0,0,0,0,1,0,6,0,0,0,1,0,0,0,0,2,0,0,1,0,0,1,0,1,3,3,0,0,0,17,4,0,0,4,11,12,14,1,30,6,3,0,36,7,18,39,23,6,18,32,0,21,19,15,125,33,5,3,18,23,174,7,93,104,10,30,121,73,31,275,216,113,280,193,342,293,159,157,188,557,134,227,369,479,181,197,322,969,490,385,526,609,768,365,1164,670,747,756,1207,1467,1200,1453,675,1024,988,3330,1563,938,1796,4250,1848,2858,2682,4081,2875,3551,3314,3024,6131,10812,10621,9656,13741,15788,12399,14958,12986,24263,19110,19564,17558,18985,21433,31109,25448,28030,46469,44770,52273,54134,54769,55293,61138,51026,50281,29510,19096,6497
2403,Immunology,Immunology and Microbiology,Life Sciences,0,0,0,0,0,0,0,0,0,0,0,0,0,0,0,0,0,0,0,0,0,0,0,0,0,0,0,0,0,0,0,0,0,0,0,0,0,0,0,0,0,0,0,0,0,0,0,0,0,0,0,0,0,1,0,0,0,0,0,0,0,0,0,0,0,0,0,0,0,0,0,0,0,0,0,0,0,0,0,0,0,0,0,0,0,0,7,0,0,0,0,0,0,0,0,0,0,0,0,0,0,0,0,0,0,0,3,0,0,0,0,0,0,0,0,0,0,0,0,0,0,2,0,0,0,16,0,0,0,4,0,3,0,0,14,0,0,14,1,0,3,0,0,0,11,2,2,113,13,39,6,26,3,3,39,1,0,7,13,2,131,3,2,214,34,63,1,4,4,9,30,15,4,16,6,4,219,37,4,40,21,71,119,105,20,49,54,94,201,89,81,273,154,294,167,176,205,200,141,251,546,321,217,150,541,387,443,402,845,906,445,543,736,383,606,733,434,918,282,242,547,1001,2305,1524,1052,1625,942,1298,1545,1797,1660,4826,2488,2567,1779,2541,1967,2499,2188,2154,2631,2093,2319,1588,2274,2180,2957,3549,4411,5032,5573,4936,7145,9707,11499,8790,24596,14945,11388,16074,16904,18069,23361,22080,34092,32016,46215,42105,57924,57722,65259,91018,103494,108676,123528,145749,138127,148730,149739,150326,179672,191219,196144,256906,271387,302064,346275,324430,359830,385381,427083,469150,465812,534581,585564,635590,654474,684967,730680,803929,868174,935024,1010858,1021332,1045511,1107358,1105983,1108025,1153796,1187433,1157907,1068268,1060812,1077606,1077644,1026125,991985,982403,940752,960141,908219,740810,552427,396399,244630,95758
2404,Microbiology,Immunology and Microbiology,Life Sciences,0,0,0,0,0,0,0,0,0,0,0,0,0,0,0,0,0,0,0,0,0,0,0,0,0,0,0,0,0,0,0,0,0,0,0,0,0,0,0,0,0,0,0,0,0,0,0,0,0,0,0,0,0,4,0,0,0,0,0,0,0,0,0,0,0,8,0,0,0,0,0,0,0,3,0,0,0,0,0,0,0,0,0,0,0,0,0,0,0,0,0,0,2,0,0,0,0,0,0,0,24,3,1,4,4,1,17,18,19,0,1,0,0,0,51,5,0,3,0,0,0,2,16,1,4,15,4,3,0,2,2,20,2,1,29,0,53,772,7,16,30,6,3,1,0,221,0,1,8,40,46,12,7,0,3,5,14,39,0,6,54,1,2,11,7,10,0,1,5,10,1,5,17,29,12,2,6,284,1,5,11,36,5,1,14,18,68,28,24,72,44,34,39,25,67,119,60,21,53,102,146,163,42,78,57,177,156,135,203,291,353,182,286,486,213,123,133,226,464,274,209,575,306,384,557,518,620,472,493,625,1120,1301,779,2404,829,1006,1400,1732,1604,2199,2062,1415,1427,1176,1664,1349,2166,2448,3092,2297,2701,2424,3540,4025,3626,4240,4336,4124,5245,3769,6121,5047,6085,8584,7424,9571,11697,11704,12087,17801,16243,16530,20885,23294,19949,26453,23240,29353,31124,26678,31694,33115,35416,43928,41998,43447,43463,52644,54989,63241,70112,71911,80980,91065,72425,95508,94226,108890,121930,143036,137965,134367,148968,154535,153923,164485,170471,143390,151304,143606,156781,151147,146300,149683,147054,151210,144543,139052,139219,129670,127843,105012,79088,57570,37147,15094
2405,Parasitology,Immunology and Microbiology,Life Sciences,0,0,0,0,0,0,0,0,0,0,0,0,0,0,0,0,0,0,0,0,0,0,0,0,0,0,0,0,0,0,0,0,0,0,0,0,0,0,0,0,0,0,0,0,0,0,0,0,0,0,0,0,0,0,0,0,0,0,0,0,0,0,0,0,0,0,0,0,0,0,0,0,0,0,0,0,0,0,0,0,0,0,0,0,0,0,0,0,0,0,0,0,0,0,0,0,0,0,0,0,0,0,0,1,0,0,0,0,0,0,0,3,0,0,0,0,0,0,2,0,39,0,0,0,0,0,0,0,0,3,0,1,1,2,3,0,0,2,0,0,1,1,1,14,2,0,6,0,0,10,0,0,0,3,0,0,0,0,10,3,22,5,7,4,0,2,2,30,4,7,26,23,13,3,1,4,4,0,13,21,89,10,20,21,6,2,11,21,145,8,32,11,45,25,33,21,146,40,105,134,49,223,152,98,156,221,254,794,532,373,461,521,650,691,343,431,659,331,457,1303,676,706,549,933,904,820,1129,990,1276,804,1136,1464,1234,1111,2086,1418,1488,2136,1839,2274,1832,2399,1515,1453,2188,1995,2864,2588,4431,4108,4266,4519,4811,5707,5593,5634,7371,5760,6196,5799,7753,7981,7824,7719,7106,12041,12114,14118,14115,13379,14957,15892,19914,21450,20159,21317,22334,25856,25274,30788,32289,32020,35127,42479,39666,50425,53453,54300,56408,63709,65803,90400,82669,86549,92211,98722,112233,119705,122388,122048,139942,144012,146971,157369,177183,156708,185182,161407,179969,192779,182381,174579,176226,173871,186414,170449,155249,150109,136733,127810,121100,94059,71303,44352,28045,9344
2406,Virology,Immunology and Microbiology,Life Sciences,0,0,0,0,0,0,0,0,0,0,0,0,0,0,0,0,0,0,0,0,0,0,8,0,0,0,0,0,0,0,0,0,0,0,0,0,0,0,0,0,0,0,0,0,0,0,0,0,0,0,0,0,0,0,0,0,0,0,0,0,0,0,0,0,0,0,0,0,0,0,0,0,0,0,0,0,0,0,0,0,0,0,0,0,0,0,0,0,0,0,0,0,0,0,0,0,0,0,0,8,1,1,0,0,0,0,1,0,0,23,0,2,0,0,0,0,0,2,0,0,2,0,0,0,0,0,0,0,3,0,2,1,0,0,0,0,0,36,1,0,7,24,0,0,0,0,3,0,9,1,4,2,0,0,2,1,0,0,2,0,4,0,0,2,1,12,44,0,0,1,2,0,3,178,5,5,0,19,20,0,1,1,40,3,7,4,55,21,13,26,14,6,22,24,17,100,37,9,27,13,42,22,72,68,68,69,41,20,29,110,47,263,57,197,53,91,170,139,165,92,52,191,45,83,176,175,171,166,254,218,188,373,529,366,265,389,740,715,294,802,458,217,399,291,411,405,202,364,873,658,704,738,570,770,1368,1380,981,1010,1439,1613,2245,1102,3563,2425,2791,2129,2910,4020,3361,3776,6099,4546,6662,6332,4165,6238,4646,7430,6765,7028,7173,8960,6902,9508,11919,18750,39197,66514,93451,97115,102422,104823,116026,116900,118030,141250,158079,173035,179514,163769,159864,141805,150417,154032,158733,160822,148329,140555,157505,152250,147513,135778,131596,135729,110972,107294,102200,87150,80827,72743,64135,43132,91358,49615,25766,8719
2500,General Materials Science,Materials Science,Physical Sciences,0,0,0,0,0,0,0,0,0,0,0,0,0,0,0,0,0,0,0,0,0,0,0,0,0,0,0,0,0,0,0,0,0,0,0,2,0,0,0,0,0,0,0,0,0,0,0,0,0,0,0,0,0,0,0,0,0,0,0,0,0,0,0,0,0,0,0,0,0,0,0,0,0,0,0,0,0,0,0,0,0,0,0,0,0,0,0,0,0,0,40,0,0,0,0,0,0,0,0,0,3,0,0,0,0,1,0,0,0,0,0,0,1,0,0,3,0,0,0,0,0,0,0,0,0,1,2,0,18,3,9,1,0,0,3,0,0,3,4,1,5,0,13,6,1,0,9,0,8,0,1,0,3,3,10,2,0,4,0,0,0,0,3,2,1,1,0,0,1,0,4,3,1,2,4,1,7,2,2,7,11,7,4,3,10,42,5,2,7,10,25,16,88,80,187,200,48,321,40,39,112,164,35,28,26,49,40,26,20,45,97,145,48,50,63,57,107,48,78,73,132,158,294,421,127,124,587,150,1049,357,384,347,669,289,414,577,659,566,1366,495,275,642,318,554,429,749,2863,1106,1343,3016,995,1470,4082,2317,2208,2125,4566,2341,23143,18610,4074,4871,3943,6845,7230,10631,8985,10237,7738,10895,9765,7052,8709,9017,7291,8020,8874,11386,8638,8234,19025,8264,8849,11492,10654,15186,11430,16487,10362,10694,12816,14881,21076,13368,13987,14434,17522,14978,17751,12528,14374,14978,22029,31467,18904,14254,13236,20708,12404,16110,10353,10314,16250,11823,10846,12407,31105,17864,16489,12446,10926,10758,5785,6292,4863,3278
2502,Biomaterials,Materials Science,Physical Sciences,0,0,0,0,0,0,0,0,0,0,0,0,0,0,0,0,0,0,0,0,0,0,0,0,0,0,0,0,0,0,0,0,0,0,0,0,0,0,0,0,0,0,0,0,0,0,0,0,0,0,0,0,0,1,0,0,0,0,0,0,0,0,0,0,0,0,0,0,0,0,0,0,0,0,0,0,0,0,0,0,0,0,0,0,0,0,0,0,0,0,0,0,0,0,1,0,0,0,0,3,0,0,0,67,0,0,0,0,60,9,0,0,0,3,0,0,170,0,0,4,88,2,0,5,101,19,8,92,3,2,1,1,0,5,110,7,1,9,102,22,7,10,78,11,517,91,14,38,11,181,11,14,14,31,20,134,0,25,9,36,9,134,47,91,187,111,54,84,126,37,170,85,46,27,122,107,46,115,174,66,206,111,212,526,240,551,160,154,70,131,156,234,180,120,239,176,419,623,490,292,206,405,314,396,770,476,473,991,336,434,417,439,582,1013,685,497,412,316,317,424,679,938,2023,947,1532,1344,3506,1461,1524,1681,2725,2062,2598,2632,5412,3581,3047,3644,3189,3050,3154,2925,2663,3690,2309,2251,3481,3359,5873,6014,8229,9848,10158,11814,14178,16842,14677,15550,20248,24162,17848,23536,27109,18499,26590,24188,31587,29070,43989,28726,30409,35373,32521,36189,33275,36559,36925,38793,39749,57501,50138,45751,50406,52433,54109,63461,61305,63364,68978,71914,83916,88699,88461,100082,109176,120124,142783,133723,153687,189682,221473,273915,290576,391344,396719,446098,487191,504304,580419,616800,714546,684987,708639,723138,735240,749098,769825,777058,757916,772691,790027,642306,516598,384846,269797,100605
2503,Ceramics and Composites,Materials Science,Physical Sciences,0,0,0,0,0,0,0,0,0,0,0,0,0,0,0,0,0,0,0,0,0,0,0,0,0,0,0,0,0,0,0,0,0,0,0,0,0,0,0,0,0,0,0,0,0,0,0,0,0,0,0,0,0,0,0,0,0,0,0,0,0,0,0,0,0,0,0,0,0,0,0,0,0,0,0,0,0,0,0,0,0,0,0,0,0,0,0,0,0,0,0,0,0,0,0,0,0,0,0,0,0,0,0,0,0,0,0,0,0,1,0,0,0,0,0,0,0,0,0,0,0,0,0,0,1,0,0,0,0,0,1,0,0,0,0,0,0,5,0,0,0,0,0,2,0,0,1,4,1,0,0,0,2,0,0,0,0,5,1,12,0,1,0,1,0,0,22,0,1,0,2,0,2,0,0,21,0,77,2,1,4,4,13,5,1,3,0,0,6,168,7,11,28,40,32,13,0,26,62,9,10,31,0,35,24,15,28,44,139,50,12,0,26,31,46,8,57,6,35,59,108,565,174,28,223,4550,48,185,518,469,229,601,350,533,722,625,824,504,1526,496,810,1450,695,489,358,229,247,1141,645,3148,1480,3572,2447,3855,3645,2718,3829,4217,4297,5121,6678,6729,6012,7019,7451,12132,8184,9634,10956,21196,15095,18502,23767,17302,22411,21690,28640,25025,23077,26448,30415,29944,40127,38383,38791,42027,44712,42335,41595,50762,64372,64631,60925,60665,83872,68414,66229,69272,71613,77539,86864,79018,76785,82920,79049,79396,80591,88582,98094,71484,75421,74144,82067,75395,78785,77184,77956,79453,76367,77371,71036,59166,50831,36441,26595,10966
2504,"Electronic, Optical and Magnetic Materials",Materials Science,Physical Sciences,0,0,0,0,0,0,0,0,0,0,0,0,0,0,0,0,0,0,0,0,0,0,0,0,0,0,0,0,0,0,0,0,0,0,0,0,0,0,0,0,0,0,0,0,0,0,0,0,0,0,0,0,0,0,0,0,0,0,0,0,0,0,0,0,0,0,0,0,0,0,0,0,0,0,0,0,0,0,0,0,2,0,0,0,0,0,0,0,0,0,0,0,0,0,0,0,0,0,0,0,0,0,0,0,2,2,0,0,0,0,0,0,0,2,0,0,0,0,0,0,0,4,3,20,0,9,6,15,52,0,0,5,30,8,1,0,9,7,1,96,18,6,19,5,3,10,13,54,0,4,26,9,31,2,17,4,3,484,4,25,27,9,36,11,1,3,6,15,4,11,6,6,57,22,29,12,115,15,29,58,131,8,134,104,38,170,52,444,123,226,119,52,135,254,160,76,99,121,64,201,43,121,216,116,279,171,163,224,119,140,370,159,1080,108,284,493,107,153,151,68,449,1787,358,843,391,4611,719,820,1034,2187,3805,2743,1838,3250,3535,2692,2250,1828,3974,1590,1313,1469,695,996,487,380,3776,3115,12623,6563,10013,12584,11896,8633,16303,20383,14715,17695,16584,13127,21629,26777,23079,25852,29908,32751,37353,36954,44174,50116,56823,56129,69477,72319,69271,71304,67337,67735,64826,70152,100767,80465,84907,78023,96998,104564,89649,99505,102229,107046,116348,149794,131810,161586,155319,186597,207012,241199,267185,271240,303324,314517,342108,388998,401590,448050,524233,483874,666386,594083,618610,704105,722568,751251,784985,767954,782198,793468,814058,810952,769755,644656,544156,438444,321039,122963
2505,Materials Chemistry,Materials Science,Physical Sciences,0,0,0,0,0,0,0,0,0,0,0,0,0,0,0,0,0,0,0,0,0,0,0,0,0,0,0,0,0,0,0,0,0,0,0,0,0,0,0,0,0,0,0,0,0,0,0,0,0,0,0,0,3,10,0,0,0,0,5,0,0,0,0,0,0,0,0,0,0,0,0,0,0,0,0,0,0,0,0,0,0,0,0,0,0,0,0,0,0,0,0,0,0,0,0,0,0,0,0,0,11,6,0,2,4,2,0,0,20,0,3,0,0,0,2,1,0,3,2,0,1,0,0,3,0,28,1,96,5,5,16,87,3,6,16,21,14,75,8,24,43,27,159,11,13,25,15,20,16,26,22,27,9,24,71,55,73,86,13,1861,110,25,100,53,31,52,434,56,69,59,283,1020,807,169,119,556,103,208,164,310,228,266,419,880,646,381,665,247,326,1525,528,603,1288,820,763,573,553,917,2725,1368,1961,571,1183,1160,2291,1862,1838,1686,1158,1628,924,1850,2087,3703,2654,2384,989,1285,1905,997,1624,2211,3191,3593,3828,5580,6201,4574,10769,5505,10593,8401,7191,8619,14289,23998,10655,10923,12564,24583,7859,20302,11468,4734,9207,6405,15028,22167,26382,48128,38543,50168,48891,82373,81252,75088,73450,110623,119826,100482,84436,108943,126945,167096,168834,175469,156808,179337,204225,220033,235800,202404,226942,217109,193513,222965,243281,243220,252660,259227,279634,319978,286718,311051,347188,347712,346338,386862,413589,407946,485726,527981,582803,688020,701242,749998,860412,957862,1056595,1162261,1305438,1354452,1582621,1761855,1880224,1990326,2092293,2407246,2439095,2602370,2678557,2700632,2748322,2755644,2915737,2811301,2763999,2823484,2832936,2784926,2679070,2244046,1814459,1444471,1036862,408745
2506,Metals and Alloys,Materials Science,Physical Sciences,0,0,0,0,0,0,0,0,0,0,0,0,0,0,0,0,0,0,0,0,0,0,0,0,0,0,0,0,0,0,0,0,0,0,0,0,0,0,0,0,0,0,0,0,0,0,0,0,0,0,0,0,0,0,0,0,0,0,0,0,0,0,0,0,0,0,0,0,0,0,0,0,0,0,0,0,0,0,0,0,0,0,0,0,0,0,0,0,0,0,0,0,0,0,0,0,0,0,0,0,0,0,0,0,0,0,0,0,0,0,0,0,0,0,0,0,0,0,0,0,0,0,0,0,0,0,0,0,0,0,0,0,0,0,0,0,0,0,0,0,0,0,0,0,0,0,0,0,0,0,0,0,0,0,0,0,0,0,0,0,0,0,0,0,0,0,0,0,0,0,0,0,0,0,0,19,0,0,0,0,0,0,0,0,0,0,0,0,0,0,0,1,0,2,0,0,0,0,3,0,1,0,0,0,5,0,2,16,7,0,3,27,19,9,7,18,0,33,2,65,0,27,4,26,2,2,175,15,62,14,8,20,18,31,52,18,169,54,20,38,51,67,31,1,42,163,98,77,1257,412,195,128,204,168,301,325,731,555,496,752,1255,1737,2197,1574,1649,1516,2915,2452,2184,2107,4894,4073,6508,3297,6353,4144,5644,4830,8629,8847,9463,7204,8753,10865,6397,7541,7558,9415,7938,7727,7173,7182,8593,8375,9034,10769,11393,11546,10403,11825,11375,15318,16996,17625,17892,14496,19752,16936,21463,19317,25203,22965,28526,21223,23306,27469,28132,27931,29412,27970,25993,22779,20484,16776,12801,5161
2507,Polymers and Plastics,Materials Science,Physical Sciences,0,0,0,0,0,0,0,0,0,0,0,0,0,0,0,0,0,0,0,0,0,0,0,0,0,0,0,0,0,0,0,0,0,0,0,0,0,0,0,0,0,0,0,0,0,0,0,0,0,0,0,0,0,1,0,0,0,0,0,0,0,0,0,0,0,0,0,0,0,0,0,0,0,0,0,0,0,0,0,0,0,0,0,0,0,0,0,0,0,0,0,0,0,0,0,0,0,0,0,0,0,0,0,1,0,9,1,0,0,0,0,0,0,0,0,0,0,0,0,0,0,0,0,0,0,0,1,0,0,0,1,0,0,1,0,21,1,0,0,0,0,1,33,0,0,0,2,1,1,0,1,2,0,7,0,1,0,0,10,2,0,0,2,24,4,1,2,0,1,16,19,4,7,7,66,19,9,19,57,2,20,65,30,8,54,13,8,50,14,19,60,25,9,36,62,39,59,58,37,77,69,74,49,54,45,85,119,143,146,92,198,132,22,75,269,249,48,132,175,133,142,209,261,620,680,1282,964,640,1383,771,828,715,963,962,1048,882,1613,1212,1118,1761,1712,6356,2365,7298,2366,4904,8501,5690,5325,6129,10711,7033,9168,8754,9650,13056,13006,15156,16719,21571,25260,19608,31495,25962,32338,31508,35608,38929,32890,40383,44434,38723,38710,50417,40425,42712,42810,41256,51704,60661,60532,65932,65496,65875,78548,82693,80592,99981,86754,102637,104232,113720,117643,132284,143949,158013,173742,185224,211836,229496,256254,299918,291194,330515,327712,359993,349174,390519,367219,358551,365791,378236,388390,387202,378171,385553,374144,371790,389738,411203,399872,343061,284663,228064,172939,64326
2508,"Surfaces, Coatings and Films",Materials Science,Physical Sciences,0,0,0,0,0,0,0,0,0,0,0,0,0,0,0,0,0,0,0,0,0,0,0,0,0,0,0,0,0,0,0,0,0,0,0,0,0,0,0,0,0,0,0,0,0,0,0,0,0,0,0,0,0,0,0,0,0,0,0,0,0,0,0,0,0,0,0,0,0,0,0,0,0,0,0,0,0,0,0,0,0,0,0,0,0,0,0,0,0,0,0,0,0,0,0,0,0,0,0,0,0,0,0,0,0,0,1,0,0,0,2,0,0,0,0,0,0,0,0,0,0,0,0,0,0,1,0,0,0,2,0,0,1,0,0,0,0,0,2,1,1,0,3,0,1,13,0,4,0,1,0,1,0,19,1449,3,0,1,22,0,0,2,11,1,0,1,0,0,5,15,9,2,12,8,212,15,4,26,3,6,21,2,97,136,12,21,35,107,42,11,24,14,77,79,15,24,841,761,168,122,1535,149,240,452,344,430,261,1200,290,480,298,236,483,271,288,163,348,1001,60,541,281,7321,598,925,783,1912,1266,7445,2755,3423,5391,9252,4153,2739,17904,3730,2763,3563,3351,2608,3827,2015,1550,1243,14631,1802,2658,2669,7151,4722,6679,5196,12412,7669,14103,7606,17874,9732,13167,12289,17358,26175,13757,19414,15559,23596,19550,23569,20750,37816,32882,29073,42802,40617,37764,43089,47076,45861,29707,46376,39489,49307,45394,48137,44728,45132,49623,46937,52801,46756,55154,60048,82115,63706,60335,93813,77503,93745,78544,85656,90128,83194,97716,124921,132153,136920,134554,168038,148848,153570,182098,170781,162918,166376,179521,159121,159155,169278,168467,160505,153641,119783,100524,73180,48810,17749
2602,Algebra and Number Theory,Mathematics,Physical Sciences,0,0,0,0,0,0,0,0,0,0,0,0,0,0,0,0,0,0,0,0,0,0,0,0,0,0,0,0,0,0,0,0,0,0,0,0,0,0,0,0,0,0,0,0,0,0,0,0,0,0,0,0,0,0,0,0,0,0,0,0,0,0,0,0,0,0,0,0,0,0,0,0,0,0,0,0,0,0,0,0,0,0,0,0,0,0,0,0,0,0,0,0,0,0,0,0,0,0,0,0,0,0,1,0,0,2,0,0,35,0,0,0,0,0,2,0,0,0,0,0,0,0,0,1,0,0,0,8,0,3,1,0,0,0,1,0,0,0,4,3,7,0,2,1,20,0,3,4,23,0,0,0,1,2,2,0,7,0,14,1,18,51,8,2,0,0,0,1,49,16,209,622,58,52,4,4,11,17,286,70,1,125,103,13,114,54,8,225,36,66,0,68,49,53,302,18,411,70,41,59,238,448,104,353,244,319,223,84,102,244,58,149,247,979,227,71,749,7503,1168,50,136,427,752,1264,1562,123,456,618,2324,985,1013,797,871,1792,2620,2742,3491,4143,1294,2305,2301,2127,1739,1871,1048,1598,2266,2702,4959,7004,3993,6725,4659,5373,9971,5316,8923,10935,7809,7799,14340,18782,11724,16581,16703,17393,25403,19620,21596,28107,24456,26258,36308,28791,31311,28437,36134,29997,29350,22660,21233,36488,24259,26285,27884,25003,22485,30790,39643,26462,31128,27858,27556,33819,39658,48477,32319,33699,38581,33163,43913,41885,34515,41186,40461,36992,39257,38310,40544,41618,37655,34643,36214,32000,30060,33878,29685,22356,27350,20979,19131,13759,12128,8912,5715,1947
2604,Applied Mathematics,Mathematics,Physical Sciences,0,0,0,0,0,0,0,0,0,0,0,0,0,0,0,0,0,0,0,0,0,0,0,0,0,0,0,0,0,0,0,0,0,0,0,0,0,0,0,0,0,0,0,0,0,0,0,0,0,0,0,0,0,3,0,0,0,0,0,0,0,0,0,0,0,0,0,0,0,0,0,0,0,0,0,0,0,0,0,0,0,0,0,0,0,0,0,0,0,0,0,0,0,0,0,0,0,0,0,0,0,0,0,0,0,0,0,0,0,1,0,0,0,0,0,0,0,0,0,1,15,0,0,0,0,8,6,0,1,0,3,0,2,4,2,1,4,0,1,26,1,337,15,12,0,18,6,16,6,13,17,118,9,219,10,40,21,202,2,9,64,5,5,1,5,11,25,24,28,9,26,18,7,46,41,59,41,342,56,146,53,253,25,187,277,28,245,457,329,89,43,447,60,105,83,283,26,319,226,102,4212,380,741,913,452,263,303,176,678,450,1222,314,348,1889,428,771,1902,484,1330,1508,850,1604,2082,12569,3250,857,2410,1161,2476,2616,1262,2089,13108,3888,3643,3281,3986,2317,4851,5828,4033,6898,2830,6769,28854,2551,3242,8907,3793,23636,8234,14193,20883,12447,19670,16368,19004,19432,24764,22211,22858,25324,32624,30926,55035,74844,42230,53684,52947,66290,50962,88247,67878,61759,56680,65267,70701,68216,51230,70179,89320,64936,80470,70040,80922,72561,112869,78976,91162,87521,93168,108718,107247,96612,115528,105438,124042,120410,124842,126126,140052,144171,150421,177109,149667,166110,167973,178364,176126,177524,180418,189330,173997,174589,175734,156252,166588,156209,153481,153290,140274,106900,84312,54861,31961,11001
2605,Computational Mathematics,Mathematics,Physical Sciences,0,0,0,0,0,0,0,0,0,0,0,0,0,0,0,0,0,0,0,0,0,0,0,0,0,0,0,0,0,0,0,0,0,0,0,0,0,0,0,0,0,0,0,0,0,0,0,0,0,0,0,0,0,0,0,0,0,0,0,0,0,0,0,0,0,0,0,0,0,0,0,0,0,0,0,0,0,0,0,0,0,0,0,0,0,0,0,0,0,0,0,0,0,0,0,0,0,0,0,0,0,0,0,0,0,0,0,0,0,0,0,0,0,0,0,0,0,0,0,0,0,0,0,0,0,0,0,0,0,0,0,0,0,0,0,0,0,0,0,0,0,0,0,0,0,0,0,0,0,0,0,0,0,0,0,0,0,0,0,0,0,0,0,0,0,0,0,0,0,0,0,0,0,0,0,0,0,0,0,0,0,0,0,0,0,0,0,0,0,0,0,0,0,0,0,0,0,0,0,0,0,0,0,0,0,0,0,0,0,0,0,0,0,0,0,0,0,0,0,0,0,0,0,1,6,77,4,5,19,0,8,0,0,0,0,8,7,1,0,2,1,13,10,33,36,0,8,2,11,132,0,34,0,0,16,4,22,58,28,169,62,0,20,314,51,175,130,212,9,9,279,415,681,3251,1773,3864,949,3401,3375,661,1895,1159,989,1970,327,1582,1138,1351,752,1222,1554,792,1177,2141,1060,489,756,1098,1205,1679,7557,1793,3161,3764,3009,5624,6562,4148,9063,22436,9454,14033,8695,16752,14289,17515,14646,14820,13902,11490,11166,10048,7716,4574,3345,1072
2607,Discrete Mathematics and Combinatorics,Mathematics,Physical Sciences,0,0,0,0,0,0,0,0,0,0,0,0,0,0,0,0,0,0,0,0,0,0,0,0,0,0,0,0,0,0,0,0,0,0,0,0,0,0,0,0,0,0,0,0,0,0,0,0,0,0,0,0,0,0,0,0,0,0,0,0,0,0,0,0,0,0,0,0,0,0,0,0,0,0,0,0,0,0,0,0,0,0,0,0,0,0,0,0,0,0,0,0,0,0,0,0,0,0,0,0,0,0,0,0,0,0,0,0,0,0,0,0,0,0,0,0,0,0,0,0,0,0,0,0,0,0,0,0,10,0,0,0,0,0,0,0,0,0,0,0,0,0,0,0,0,0,0,0,0,0,0,9,0,0,0,0,8,0,0,2,0,5,0,1,1,0,0,0,0,0,14,27,0,0,0,12,0,1,15,0,0,1,11,9,0,37,2,4,0,2,3,4,1,71,49,20,91,12,52,37,190,17,79,69,161,110,30,98,211,86,70,946,22,257,2,10,191,143,32,30,11,41,106,22,335,95,43,214,82,17,90,122,119,273,619,233,75,816,1361,829,614,997,26,214,153,278,157,472,293,1528,1153,1844,1957,1455,1543,3163,1730,2609,2909,4582,2514,3975,3527,4731,6664,6100,5834,4505,6301,6396,6848,9921,11816,12519,15400,13299,11399,10306,12299,13219,14497,13477,14634,11960,12439,13162,13191,15472,15341,12501,17928,13804,16410,17266,18332,21590,28555,23663,22399,24296,25740,28293,23304,26085,26336,31580,31625,28695,32228,33099,27867,29447,28831,26012,22820,20573,21862,15069,14906,12872,11244,8655,7945,5698,3917,1075
2608,Geometry and Topology,Mathematics,Physical Sciences,0,0,0,0,0,0,5,0,2,0,0,0,0,3,0,1,0,5,0,0,0,0,0,1,0,0,1,0,3,24,0,0,0,0,0,0,0,0,0,0,0,0,0,0,462,0,0,0,0,0,0,0,0,0,0,1,0,0,0,0,0,0,0,0,0,0,0,0,0,0,0,8,0,0,0,14,1,0,0,0,0,0,0,0,0,1,1,0,0,0,0,7,0,0,0,0,0,0,0,16,6,8,1,44,1,0,8,4,16,7,0,1,10,23,2,1,0,4,11,1,2,5,2,0,4,10,112,47,129,31,10,9,21,8,48,115,65,55,155,81,201,6,32,32,260,110,106,24,653,76,68,332,309,285,5,103,37,162,44,105,121,165,82,148,114,233,124,40,355,365,196,789,90,476,242,652,693,611,1138,477,1933,312,546,723,802,796,1751,1602,114,503,1882,352,581,1366,582,340,482,990,376,585,818,12778,1342,575,8689,1351,1382,1186,1271,4289,1448,2916,823,1369,1152,2168,1520,513,1012,1127,1676,2384,2288,1040,5703,2707,3074,2959,2712,2199,6188,4865,3224,4681,4812,5555,11584,5327,3475,3773,4701,2606,4565,3045,2857,2443,4328,5698,8269,7524,8439,9202,10325,10100,12944,14932,14623,25365,16473,19629,19120,22206,24340,26236,29403,23298,36726,33521,37846,43380,42610,45732,49064,55609,56974,50727,50151,47870,53732,54354,56001,60324,65622,75080,78470,81452,89603,85147,103115,108624,126333,103026,107750,116498,137034,116943,125208,119066,136553,136989,142869,158446,133234,153388,147306,146416,157214,154824,159029,151077,148212,141534,134943,134275,123642,115324,120534,93086,97879,81893,71872,58983,51669,33611,21563,7317
2610,Mathematical Physics,Mathematics,Physical Sciences,0,0,0,0,0,0,0,2,0,0,0,0,0,0,0,0,0,0,0,0,0,0,0,0,0,0,4,0,0,0,0,0,0,0,0,0,0,0,0,0,0,0,0,0,0,0,0,0,0,0,0,0,0,0,0,0,0,0,0,0,0,0,0,0,0,0,0,0,0,0,0,0,0,0,0,0,0,0,1,0,0,0,0,0,0,0,0,0,0,0,0,0,0,3,0,0,0,0,0,0,0,4,0,1,0,0,4,0,0,1,0,0,0,0,0,0,71,0,2,0,3,0,0,0,1,0,0,0,17,0,3,2,1,0,28,6,5,17,0,3,0,0,0,18,18,3,1,4,60,0,29,86,17,19,7,15,51,79,1,2,46,6,18,31,0,17,19,3,14,87,53,30,9,2,7,3,2,154,33,97,164,1062,277,26,74,42,33,48,95,104,125,24,212,74,345,994,540,705,312,264,244,164,195,2089,138,669,2075,779,681,119,501,1111,694,898,617,370,1470,254,1158,311,668,710,2942,912,958,969,2435,2858,1531,1364,3273,2155,2286,2620,1697,4515,5729,2570,3847,2358,4152,5788,2224,4434,1335,4524,13050,8115,6585,8876,7908,12709,9154,10222,17500,15876,14682,20480,18756,19499,24657,23083,26200,31190,43085,87237,41671,59437,45084,47496,53149,59430,80717,78935,71984,75664,71058,81284,68420,73346,77797,85214,93998,77361,89894,92618,93643,122604,92770,100584,101450,101894,102851,120052,107942,125240,132100,131411,127479,148162,136692,142911,144103,155469,139118,139420,148776,147016,140516,132401,142564,124250,122847,114579,103889,104200,97267,80808,92224,65475,61044,42827,37295,25668,18999,5929
2611,Modeling and Simulation,Mathematics,Physical Sciences,0,0,0,0,0,0,0,0,0,0,0,0,0,0,0,0,0,0,0,0,0,0,0,0,0,0,0,0,0,0,0,0,0,0,0,0,0,0,0,0,0,0,0,0,0,0,0,0,0,0,0,0,0,0,0,0,0,0,0,0,0,0,0,0,0,0,0,0,0,0,0,0,0,0,0,0,0,0,0,0,0,0,0,0,0,0,0,0,0,0,0,0,0,0,0,0,0,0,0,0,0,0,0,0,0,0,0,0,0,0,0,0,0,0,0,0,0,0,4,0,0,0,0,0,0,0,0,0,0,0,0,0,0,0,0,0,1,0,1,0,0,0,2,0,0,25,0,6,0,0,8,0,1,0,0,0,0,0,0,0,0,0,0,1,2,0,0,1,14,0,0,5,0,0,0,0,2,0,1,0,0,1,1,1,4,8,2,0,9,0,6,0,0,4,19,4,28,4,7,20,18,62,8,16,1,68,75,14,12,37,58,155,261,15,105,16,17,22,63,20,58,830,36,115,180,16,67,12167,727,98,116,262,1097,604,58,873,144,36,73,730,180,488,86,63,133,398,336,58,57,291,202,1341,542,699,3216,1309,678,623,1571,2421,2559,2102,521,1250,5738,1386,1885,2446,1826,3213,5199,8080,4823,6100,7588,6573,6831,7946,8438,5005,7591,9226,6937,6685,8564,7616,11037,12793,10519,8474,50173,11625,13847,21698,10094,19281,19069,19316,21044,30955,49701,28332,41163,46446,55472,56803,98779,81335,80739,95132,86536,94348,78352,88234,90864,90317,92580,90617,89306,102321,754510,273239,129779,68360,34952,32049
2612,Numerical Analysis,Mathematics,Physical Sciences,0,0,0,0,0,0,0,0,0,0,0,0,0,0,0,0,0,0,0,0,0,0,0,0,0,0,0,0,0,0,0,0,0,0,0,0,0,0,0,0,0,0,0,0,0,0,0,0,0,0,0,0,0,0,0,0,0,0,0,0,0,0,0,0,0,0,0,0,0,0,0,0,0,0,0,0,0,0,1,0,0,0,0,0,0,0,0,0,0,0,0,0,0,0,0,0,0,0,0,0,0,0,0,0,0,0,0,0,0,0,0,0,0,0,0,1,0,0,0,0,0,0,0,0,0,0,0,12,0,13,0,14,0,0,4,6,0,2,0,3,0,41,0,6,0,50,35,0,0,0,0,1,1,0,0,4,1,18,5,0,0,11,1,3,4,11,35,10,4,81,39,9,20,10,1,20,15,58,608,42,95,86,2,51,169,229,0,38,19,113,23,27,53,318,63,801,16,307,80,72,131,45,1217,315,20,144,233,320,148,1015,680,526,563,287,578,205,140,262,773,234,401,305,92,126,230,341,540,803,971,664,864,674,475,472,1706,749,1425,1273,669,782,1506,2677,1551,1604,940,4075,3285,652,1957,5544,4358,5954,2712,6092,9927,6479,15255,9072,8685,14988,12104,15189,13841,54289,35697,19892,62603,31993,28042,33904,40507,35336,40509,45687,40219,28729,34584,50023,46173,31035,49232,37736,35497,61217,37970,42322,47536,60320,51976,75129,55390,48255,55757,76894,62092,97391,94011,109396,79584,90271,97537,67998,69374,80885,91418,89237,74881,62822,66598,66869,63575,63155,51967,50714,45381,41645,38304,44110,41521,34606,28323,24763,20509,16127,9992,2941
2613,Statistics and Probability,Mathematics,Physical Sciences,0,0,0,0,0,0,0,0,0,0,0,65,0,0,0,0,0,0,0,0,0,0,0,0,0,0,0,0,0,0,0,0,0,0,0,0,0,0,0,0,0,0,0,0,0,0,0,0,8,0,0,0,0,0,0,14,0,1,0,0,0,0,0,0,0,0,0,0,0,0,0,0,0,0,0,0,0,0,0,0,0,0,0,0,0,0,0,0,0,1,0,0,0,0,0,0,0,0,0,0,23,0,0,1,20,0,0,0,1,0,0,1,0,0,0,0,0,0,4,0,0,0,0,0,1,0,0,0,0,1,0,2,1,3,0,2,0,0,35,3,19,2,35,30,15,10,32,65,14,31,32,140,9,11,66,13,6,22,7,2,28,19,15,10,10,224,0,118,21,23,2,0,16,17,15,22,2,18,26,31,6,25,18,58,163,16,68,149,52,104,156,103,48,129,148,222,77,396,343,211,604,125,30,528,66,1284,251,326,3987,1209,132,5308,683,844,633,137,2091,190,489,260,521,3944,11774,4205,875,724,3218,5807,4152,574,5418,1567,1595,6983,6420,2855,9391,6066,14403,24395,6099,7161,3749,6873,6180,20437,5632,26949,15483,34095,17039,21918,29669,17997,17564,29714,25790,39031,77311,42830,54422,31063,31371,38119,44135,48801,44859,110002,59143,61174,79116,49366,81725,150471,144427,134120,98233,91987,131545,186804,168995,174541,162947,253896,154237,145468,214313,200359,231879,207994,248942,190602,348939,223766,249016,357579,302871,261517,277810,256598,338490,354186,346908,357978,362407,328494,380294,399593,379915,431117,396398,389962,314815,372827,340242,283351,270736,313012,227057,189220,201142,167149,104769,75237,41085,15147
2614,Theoretical Computer Science,Mathematics,Physical Sciences,1,0,0,1,0,0,4,5,11,0,0,0,1,0,0,7,0,3,3,5,0,0,28,2,0,0,1,3,0,101,1,0,0,5,0,11,0,0,1,0,1,0,4,2,0,0,0,0,2,54,5,2,3,3,0,0,0,4,0,5,0,0,0,0,0,0,0,0,0,1,0,3,0,0,0,0,3,2,54,69,1,0,0,0,0,0,0,1,2,0,2,1,0,0,2,1,3,1,101,3,29,477,103,34,17,288,27,0,3,59,106,55,555,15,80,109,10,50,13,84,14,40,55,19,96,87,258,359,232,260,95,25,182,92,108,122,60,413,181,113,218,74,136,161,347,105,598,244,163,127,910,280,517,150,314,151,264,262,270,816,255,449,103,398,88,221,473,454,236,118,436,340,669,701,998,436,496,833,1347,1151,750,1094,1031,842,707,555,917,938,344,1206,1651,2545,1594,1868,1832,703,1263,1225,923,1581,1567,1267,3589,3027,683,2955,2188,1842,7268,2462,1552,1739,1496,1860,1642,2561,3994,2065,1796,3237,2327,3158,3493,2106,3181,4456,3346,4909,9032,3109,5474,5628,3508,3254,3449,8182,5249,5781,6869,2996,2301,2753,3091,956,2875,3367,2048,1433,1997,6870,6266,6414,4507,4295,5912,6377,5037,6682,7249,2872,12608,3800,6443,8079,9554,7665,10162,6319,7042,10886,8743,17104,6915,9749,9041,15221,12253,21689,7937,9696,10924,9487,9101,7486,12096,11289,10297,10679,7914,10188,14350,15148,9096,11595,9444,11126,13055,11803,7957,11547,10140,12008,11358,10036,9900,9765,12988,9591,13262,15744,8719,20181,9454,9585,9542,6089,5946,4951,7077,4322,8521,3343,2404,1560,1071,407
2702,Anatomy,Medicine,Health Sciences,4,5,1,0,0,0,1,0,0,0,0,0,0,0,16,0,0,1,0,0,0,0,4,0,0,0,1,0,0,0,0,0,0,0,0,0,0,0,0,1,1,0,0,0,0,4,0,0,0,0,0,0,2,0,0,6,0,0,0,0,0,0,0,0,0,0,0,0,0,0,0,0,0,0,1,0,0,0,0,0,0,0,0,0,3,0,1,2,0,0,2,0,0,0,0,0,0,0,0,1,11,39,5,0,73,0,16,8,0,1,0,10,21,22,10,47,0,30,0,17,6,33,4,24,809,8,2,260,111,88,5,34,12,81,8,12,7,2,1373,45,1,92,27,24,22,50,18,190,15,44,121,102,156,424,38,14,13,160,66,56,58,55,40,51,100,76,17,241,169,42,113,80,51,164,164,854,129,85,323,63,113,300,148,71,63,119,184,291,465,270,208,121,161,149,236,385,232,240,378,426,470,215,277,603,517,533,151,888,471,583,391,190,444,482,370,317,450,938,543,224,823,644,555,538,758,853,980,970,478,752,1209,1281,925,890,1604,1114,888,744,2664,1166,2180,957,861,1616,1243,388,1007,1446,2278,2774,2391,2370,3099,3965,3217,3825,2545,14679,2766,2388,2798,6545,3322,4152,5769,5235,6556,5424,9837,4455,4054,5895,6112,5677,5706,3369,4366,5265,4715,4911,4114,5665,4699,3597,4407,6191,4589,8086,6957,5588,5913,3919,6610,5305,7949,4113,5019,5372,6267,3262,4936,7083,5595,4046,3386,8279,3861,5478,4388,4428,3833,2478,5484,3929,3976,3382,5105,4785,3973,3855,4716,2927,2371,2131,1098,878
2703,Anesthesiology and Pain Medicine,Medicine,Health Sciences,0,0,0,0,0,0,0,0,0,0,0,0,0,0,0,0,0,0,0,0,0,0,0,0,0,0,0,0,0,0,2,0,0,0,0,0,0,0,0,0,0,0,0,0,0,0,0,0,0,0,0,0,0,0,0,0,0,1,0,0,0,0,0,0,0,0,0,0,0,0,0,0,0,0,0,0,0,0,0,0,0,0,0,0,0,0,0,0,0,0,0,0,0,0,0,0,0,0,0,0,0,0,0,0,0,0,0,0,0,0,0,0,0,0,0,0,0,0,0,0,0,0,1,0,0,0,0,0,0,0,0,0,0,0,0,0,0,0,0,0,1,0,0,0,2,0,38,19,0,2,2,4,1,1,4,0,2,0,0,0,4,0,0,0,30,0,0,3,2,1,5,2,2,26,1,47,12,4,20,1,3,2,0,11,2,19,15,16,30,9,6,19,1,3,5,41,25,14,13,515,69,15,4,10,31,33,86,12,46,77,69,106,55,235,125,93,77,74,61,51,144,16,425,309,288,201,179,233,330,470,581,214,306,438,455,307,417,820,523,717,439,635,920,662,591,895,908,1288,1309,1628,1861,2844,1786,1889,2092,2418,2511,2343,3609,2644,4931,3487,3140,4070,4524,6113,6600,6822,6325,7419,8945,11386,10474,10360,14933,12772,15654,12621,14138,14942,17073,28574,23262,26902,28426,29966,29077,42869,37736,36455,45040,49632,56837,57922,60847,60769,72692,72238,77562,81976,87656,82422,88838,103804,94987,92723,89914,85361,95158,96953,89432,95635,79343,83223,79509,86752,76270,76850,66025,62601,57481,45243,36098,27083,16473,6785
2704,Biochemistry,Medicine,Health Sciences,0,0,0,0,0,0,0,0,0,0,0,0,0,0,0,0,0,0,0,0,0,0,0,0,0,0,0,0,0,0,0,0,0,0,0,0,0,0,0,0,0,0,0,0,0,0,0,0,0,0,0,0,0,1,0,0,0,0,0,0,0,0,0,0,0,0,0,0,0,0,0,0,0,0,0,0,0,0,0,0,0,0,0,0,0,0,0,0,0,0,0,0,0,0,0,0,0,0,0,0,0,0,5,0,0,0,0,0,0,0,0,0,0,0,0,0,0,0,193,5,0,0,0,0,0,0,0,0,1,0,0,0,0,1,0,0,0,1,397,0,0,0,0,0,0,0,0,0,0,0,2,0,0,0,0,0,0,0,0,0,0,0,0,0,0,0,0,0,0,3,0,0,0,0,2,1,3,0,4,4,2,0,6,15,0,0,0,1,3,10,0,34,0,0,0,2,0,8,1,16,0,2,0,19,24,11,125,133,2,11,31,19,31,131,54,173,17,39,41,174,136,167,160,249,517,447,127,192,274,282,494,315,445,1205,796,697,576,907,1449,1388,1195,1192,951,1572,921,1183,1112,1505,1562,1550,1403,2315,2312,2244,2064,2404,1964,2690,3310,6404,3970,3058,3355,4280,3951,5258,3855,4165,8144,6653,6224,9560,7483,8753,6208,9727,9383,9735,24527,11940,12507,20365,15653,22718,19926,21688,21138,27952,27230,40733,46220,50303,64271,73599,73005,93885,107148,113454,111802,165513,174189,165518,183701,191638,229812,208828,192115,207453,206366,202322,223524,209731,193174,202099,200659,199144,193705,189082,162974,167871,171787,141812,113804,77061,42739,16472
2705,Cardiology and Cardiovascular Medicine,Medicine,Health Sciences,0,0,0,0,0,0,0,0,5,0,0,0,0,0,0,0,0,0,0,0,0,0,0,0,0,0,0,0,0,0,0,0,0,0,0,0,0,0,0,0,0,0,0,0,0,0,0,0,0,0,0,0,0,0,0,0,0,0,0,0,0,3,0,0,0,0,0,0,0,0,0,0,0,0,0,0,0,0,0,0,0,0,0,0,0,0,2,0,0,0,0,0,0,0,1,0,0,0,0,0,0,0,0,0,0,0,0,0,0,1,0,0,12,0,2,0,1,0,0,104,0,0,0,0,0,11,0,2,47,29,14,2,131,29,9,3,1,20,45,77,2,10,4,4,21,17,330,45,3,4,51,3,86,14,207,19,17,53,4,10,51,101,6,17,33,5,98,34,157,28,66,198,15,136,49,39,17,99,44,610,190,369,175,257,50,260,208,418,133,194,89,69,75,157,454,538,155,484,310,315,225,439,497,256,444,309,1026,1075,631,562,1391,1065,1127,2320,2217,1311,825,1259,834,988,5073,2165,2107,2247,2028,2307,2156,3340,3676,4821,5266,4743,3346,4474,6371,5379,6714,5937,6242,9054,6499,8177,5241,6025,7031,5333,8950,9280,10652,14535,18152,22474,23010,24632,25800,49419,30436,31722,34442,34345,43287,46221,45433,52345,56691,57163,66552,73171,89686,93861,94816,107030,110172,120439,128759,130204,144028,199364,172521,185325,181239,196866,205232,241833,232981,285174,276514,308232,312789,321149,368580,416847,419812,457414,468475,518090,580038,593834,630588,668296,786921,788805,868092,943275,971183,975217,921442,888483,968895,985196,985484,994771,997789,1045878,989142,970368,969900,987875,911828,851801,836168,691991,491586,375099,234597,91339
2706,Critical Care and Intensive Care Medicine,Medicine,Health Sciences,0,0,0,0,0,0,0,0,0,1,0,0,0,0,0,0,0,0,0,0,0,0,0,0,0,0,0,0,0,0,0,0,0,0,0,0,0,0,0,0,0,0,0,0,0,0,0,0,0,0,0,0,0,0,0,0,0,0,0,0,0,0,0,0,0,0,0,0,0,0,0,0,0,0,0,0,0,0,0,0,0,0,0,0,0,0,3,0,0,0,0,0,0,0,0,0,0,0,0,0,0,0,0,0,0,0,0,5,12,0,0,0,0,0,0,0,0,0,0,0,2,0,0,1,0,1,0,9,9,11,1,3,4,0,2,1,0,3,3,10,0,1,0,191,7,20,4,7,1,0,18,0,0,0,0,5,6,1,4,0,0,0,0,1,0,3,3,7,0,9,9,5,1,28,110,380,21,8,2,9,17,9,19,30,29,120,6,11,2,7,17,56,58,22,5,1357,93,155,68,35,5,6,48,28,15,51,20,22,269,196,511,130,169,68,301,30,114,103,78,287,140,123,119,61,178,151,164,112,295,192,304,173,229,203,358,836,307,357,461,282,640,864,567,561,436,597,1382,681,1314,923,986,1251,1010,2152,2212,2278,1931,2836,2865,3281,2704,2682,2953,2282,3502,2321,3658,4465,5608,4402,5733,3974,5759,4926,6338,5648,4336,6167,8740,5577,8208,8949,9095,8737,9229,8706,11583,14727,15934,24793,27947,28706,33809,36833,37496,45723,45666,45224,53038,63103,64058,76755,70515,78598,85965,88087,89369,98760,126842,121990,126306,118521,135197,137146,136323,132358,130343,133386,128217,112818,139039,98020,69803,50351,30445,12329
2707,Complementary and alternative medicine,Medicine,Health Sciences,0,0,0,0,0,0,0,0,0,0,0,0,0,0,0,0,0,0,0,0,0,0,0,0,0,0,0,0,0,0,0,0,0,0,0,0,0,0,0,0,0,0,0,0,0,0,0,0,0,0,0,0,0,0,0,2,0,0,0,1,0,0,0,0,0,0,0,0,0,0,0,0,1,0,0,0,0,0,0,1,0,0,0,0,0,0,0,0,0,0,0,0,0,0,0,0,0,0,0,0,0,0,0,1,1,0,4,3,1,0,2,3,0,0,1,3,7,0,5,0,7,0,2,10,27,1,8,3,4,5,28,4,4,4,103,7,11,5,8,61,10,3,8,57,14,15,37,30,29,24,15,29,80,43,6,58,4,24,13,13,33,12,6,36,30,25,30,72,95,55,266,60,43,30,87,97,95,58,33,90,77,55,248,67,62,94,52,81,34,125,94,187,49,91,100,115,90,96,86,155,402,158,312,222,129,97,278,308,257,230,248,695,233,261,252,255,142,112,1451,947,1710,810,523,580,904,599,676,988,944,655,817,937,1077,1317,976,947,755,1358,1657,1185,1267,1257,1915,819,1172,1095,1283,1480,2289,3683,2320,3506,2215,2732,3325,4412,9574,3459,2527,3467,5664,4686,4548,8097,9328,7545,8108,10165,12078,8690,14611,13376,12047,13632,12369,14628,15212,13575,15823,12575,22602,17969,22113,23116,25639,33564,29847,31671,28897,31821,38149,39300,43473,51271,46861,53901,60186,66609,88313,93933,115671,114448,148066,139196,141296,149917,141630,153100,147532,157867,182167,175856,183371,180933,182521,175519,168454,169772,164037,161059,171467,144263,113644,79380,55121,21672
2708,Dermatology,Medicine,Health Sciences,0,2,0,0,0,0,0,0,0,0,0,0,1,0,0,0,0,0,0,0,0,0,1,0,0,0,0,0,0,0,0,0,8,0,0,0,0,0,0,1,0,0,0,2,6,0,0,0,0,0,0,0,4,5,0,3,0,1,0,0,0,0,0,0,0,0,0,0,0,0,0,0,0,0,0,0,0,0,0,0,0,0,0,0,0,0,0,0,15,0,2,9,0,0,0,0,0,13,0,2,0,0,0,0,4,1,1,0,0,0,16,1,34,0,5,48,0,2,0,3,2,2,51,0,2,0,8,1,14,3,11,19,19,19,90,11,31,0,7,2,21,23,36,44,6,10,6,9,197,129,41,14,18,25,17,16,9,8,48,12,95,93,37,81,23,45,260,77,101,111,140,96,171,120,140,74,268,203,296,205,395,132,88,165,191,282,222,338,172,258,198,417,370,2212,595,391,438,326,920,500,318,560,725,483,872,447,690,787,645,717,904,842,1048,1337,995,335,645,720,694,724,846,2131,1588,1628,1658,3223,3256,1932,3720,3256,3150,3523,3289,3558,2824,2310,2949,3221,3721,4458,3305,3407,2650,2054,2306,2073,3272,3665,5840,4671,9607,6550,6897,6243,7557,8305,10383,7596,7323,7767,9556,11248,10347,11092,12865,14459,17719,16272,13860,18805,17092,16968,18156,17923,22160,28472,27988,29231,27709,42050,39610,39804,40174,43669,44019,48606,65283,53764,51815,68663,63867,67597,70645,72813,88828,90420,100568,112578,105707,116419,132485,141484,139763,150059,151550,164546,179128,173033,185765,214158,175863,178701,171267,182612,185000,193856,185976,185390,185261,187452,217729,163524,115972,91336,56926,20923
2711,Emergency Medicine,Medicine,Health Sciences,0,0,0,0,0,0,0,0,0,0,25,1,0,0,0,0,0,0,0,0,0,0,0,0,0,0,0,0,0,0,0,0,0,0,0,0,0,0,0,0,0,0,0,0,0,0,0,0,0,0,0,0,0,0,0,0,0,0,0,0,0,0,0,0,0,0,0,0,0,0,0,0,0,0,0,0,0,0,0,0,0,0,0,0,0,5,0,0,0,0,0,0,0,0,0,0,0,0,0,0,1,2,11,3,0,1,0,0,1,0,1,29,13,0,0,1,1,1,5,1,1,0,0,99,0,0,11,1,16,1,8,3,19,0,2,7,2,10,4,6,24,9,16,17,7,71,16,8,15,23,122,87,28,8,18,32,48,9,26,95,52,57,19,31,18,77,24,84,41,60,26,24,40,53,50,108,47,110,110,180,94,41,66,98,89,382,62,66,240,177,186,167,96,114,161,218,161,94,185,211,239,220,428,225,283,418,492,205,419,409,464,517,374,1105,463,448,382,702,430,616,1185,672,767,855,1296,1321,1151,989,1283,960,1702,1433,2137,1672,1765,2154,5237,2368,2377,1919,1888,1679,1437,2025,1762,2052,2912,3052,3890,3204,5145,4341,3515,4836,7419,5689,6381,5650,5869,4582,10197,7910,7932,9570,13127,12371,13287,17872,14208,15683,21771,18625,14715,18877,25927,21931,25712,20995,19744,24878,32197,30791,27157,37739,38812,40612,47201,49976,53679,53629,63510,65666,69070,66109,65188,70335,74000,74682,86353,91290,106589,103413,119646,131048,121848,137173,151166,143543,155682,159787,185696,159349,160993,167809,161389,192300,155603,148738,142958,136766,139100,108424,78104,54889,32247,13018
2712,"Endocrinology, Diabetes and Metabolism",Medicine,Health Sciences,0,0,0,0,0,0,0,0,0,0,0,0,0,0,0,0,0,0,0,0,0,0,0,0,0,0,0,0,0,0,0,0,0,0,0,0,0,0,0,0,0,0,0,0,0,0,0,0,0,0,0,0,0,0,0,0,0,0,0,0,0,0,0,0,0,0,0,0,0,0,0,0,0,0,0,0,0,0,0,0,0,0,0,0,0,0,0,0,0,0,0,0,0,0,0,0,0,0,0,0,0,0,0,0,3,0,0,1,0,0,1,13,0,1,8,20,0,0,0,1,0,2,5,3,0,1,32,18,5,0,2,1,13,10,0,2,4,3,9,4,1,2,13,6,8,6,17,9,1,0,11,6,7,0,10,40,54,209,11,13,2,15,28,4,3,1,1,9,34,67,10,28,34,9,29,148,28,56,37,39,47,40,19,86,66,88,242,74,412,95,71,619,154,174,239,374,2013,135,286,268,155,463,286,553,316,211,521,315,317,818,738,690,1546,1586,872,1088,936,822,458,685,1317,1269,2280,2713,2565,2968,2965,3410,3197,4399,3318,4105,5516,6595,4523,5430,7734,7134,7258,7906,8134,8514,6908,6196,6183,5527,7832,8831,13303,19708,22796,24209,24828,30296,24854,35765,32037,37369,34982,61794,41676,46029,57275,63321,52280,59268,65937,72949,74688,75056,78507,88552,135226,105983,106251,116251,117888,123783,124564,131147,133935,141642,138730,155273,160554,164731,179490,203677,229451,210927,253123,248789,273953,325360,313008,335517,338477,382737,449124,433997,466824,497727,568559,565796,604021,633592,631640,598147,718724,674178,660118,601912,619604,659295,600565,630313,589131,621869,577045,546119,531538,433355,355034,260542,168477,69265
2713,Epidemiology,Medicine,Health Sciences,1,0,0,0,0,0,0,0,0,0,0,0,0,0,0,0,0,0,0,0,0,0,0,0,0,0,0,0,0,0,0,0,0,0,0,0,0,0,0,0,0,0,0,0,0,0,0,0,0,0,0,0,0,0,0,0,0,0,0,0,0,0,0,0,0,0,0,0,0,2,0,0,0,0,0,1,0,0,0,0,0,0,0,0,0,0,0,0,0,0,11,0,0,0,0,0,0,0,0,1,0,0,8,5,1,0,7,3,18,2,0,6,6,2,75,0,5,1,0,0,0,7,0,18,60,5,3,74,9,3,40,11,12,2,23,19,10,23,85,19,16,28,429,167,47,25,61,62,150,21,161,32,44,6,126,76,110,44,82,169,42,145,59,32,121,45,273,63,261,83,126,40,54,85,187,92,116,107,143,181,580,155,94,144,275,1390,456,468,230,262,342,296,519,721,378,396,689,482,1267,887,1314,692,634,784,973,1373,1072,1847,1584,1799,1723,1866,2333,2094,1821,1605,1433,1588,1442,1798,1900,3011,3274,3569,4706,4625,4594,4706,7606,6316,7573,12282,9631,5908,7068,7876,7600,10497,12264,10863,9886,12044,10390,10052,15783,14482,15841,18982,21275,23537,28312,26395,27973,34137,34739,38787,39835,52984,42610,44789,49082,53118,52935,62411,65183,71343,80833,89718,93238,102690,114268,115645,122054,132060,143920,176672,167448,183608,187403,201664,241864,256519,275766,299548,307919,351965,356558,418485,403922,442603,494260,507831,552323,621369,603146,677113,682019,758513,810081,873302,1042242,1085659,1130738,1335246,1352713,1400882,1470896,1502076,1560622,1640056,1673073,1616546,1562724,1716578,1584247,1641062,1554995,1609148,1483092,1402137,1357326,1087182,798128,603630,380250,140881
2714,Family Practice,Medicine,Health Sciences,0,0,0,0,0,0,0,0,0,0,0,0,0,0,0,0,0,0,0,0,0,0,0,0,0,0,0,0,0,0,0,0,0,0,0,0,0,0,0,0,0,0,0,0,0,0,0,0,0,0,0,0,0,0,0,0,0,0,0,0,0,0,0,0,0,0,0,0,0,0,0,0,0,0,0,0,0,0,0,0,0,0,0,0,0,0,0,0,0,0,0,0,0,0,0,0,0,0,0,0,0,0,0,0,0,0,0,0,0,0,0,0,0,0,0,0,0,0,0,0,0,0,0,0,0,5,0,0,0,0,0,0,0,0,0,0,0,1,0,0,0,0,0,0,3,0,15,17,0,0,0,0,3,0,0,0,0,0,0,0,0,0,1,1,0,0,0,0,0,0,0,0,0,0,0,0,1,0,0,11,0,15,0,0,0,0,0,0,0,0,1,10,6,2,7,10,1,2,4,5,2,1,1,0,705,9,32,11,9,373,86,59,5,4,3,1,1,4,3,21,2,51,21,4,11,51,66,59,76,32,22,37,46,29,134,3,27,66,29,21,55,30,26,8,45,42,82,121,73,60,81,173,92,200,142,147,375,350,171,489,795,312,637,967,542,176,218,391,382,808,473,534,1050,1392,1930,2331,1554,1078,2377,1652,4413,4378,4519,1717,3806,7891,8885,4420,4270,7108,9176,10581,10879,10155,7024,7902,9952,10859,10054,14869,14791,16475,18988,27126,32279,35278,35532,35447,41931,40654,29841,50266,36513,44599,39735,38896,37402,35013,32864,30631,26051,22091,15895,13213,8038,4063
2715,Gastroenterology,Medicine,Health Sciences,0,0,0,0,0,0,0,0,0,0,0,0,0,0,0,0,0,0,0,0,0,0,0,0,0,0,0,0,0,0,0,0,0,0,0,0,0,0,0,0,0,0,0,0,0,0,0,0,0,0,0,0,0,0,0,0,0,0,0,0,0,0,0,0,0,0,0,0,0,0,0,0,0,0,0,0,0,0,0,0,0,0,0,0,0,0,0,0,0,0,0,0,0,0,0,0,0,0,0,0,0,0,0,0,0,0,0,0,0,0,0,0,0,0,0,5,0,0,0,0,0,0,0,0,0,0,0,0,1,1,0,0,5,1,1,0,0,0,28,1,0,0,0,1,0,0,6,3,0,0,0,2,0,0,1,0,0,12,1,0,0,0,0,0,0,5,0,0,11,8,1,0,0,0,1,3,6,0,0,0,0,0,7,14,15,10,1,2,5,23,1,5,2,15,5,12,17,28,170,58,42,17,151,62,196,55,97,108,95,50,200,489,240,141,119,37,164,146,55,64,145,72,400,182,372,241,403,203,327,229,394,510,979,1046,1016,711,546,468,1772,741,1050,740,598,410,532,876,819,1061,2548,1574,2262,2576,1873,3206,2716,2956,2726,3556,5131,3380,5824,6001,4956,4549,5348,6273,7619,9172,8283,10117,11901,12570,11629,14631,16594,14597,20408,20297,22592,19137,23058,24413,27692,23394,30126,27357,32582,34225,40811,38249,42000,43598,51519,46761,51215,62936,73137,81799,90450,100372,115765,118832,129003,138595,143801,163399,183923,151334,162559,157306,141964,153484,149336,146505,139173,141869,135738,135355,117959,110256,107736,81739,61558,40593,26042,9796
2716,Genetics,Medicine,Health Sciences,0,0,0,0,0,0,0,0,0,0,0,0,0,0,0,0,0,0,0,0,0,0,0,0,0,0,0,0,0,0,0,0,0,0,0,0,0,0,0,0,0,0,0,0,0,0,0,0,0,0,0,0,0,0,0,0,0,0,0,0,0,0,0,0,0,0,0,0,0,0,0,0,0,0,0,0,0,0,0,0,0,0,0,0,0,0,0,0,0,0,0,0,0,0,0,0,0,0,0,0,0,0,0,0,0,0,2,0,0,0,0,0,0,0,0,0,0,0,0,0,0,0,0,0,0,0,0,0,0,0,0,0,0,0,2,0,0,0,5,2,12,14,0,2,38,1,41,10,0,0,0,4,7,0,6,87,0,49,0,1,25,90,2,9,0,10,4,65,39,6,8,15,17,23,8,19,13,4,54,44,54,60,21,29,172,80,54,25,378,160,62,121,108,287,77,110,53,268,134,199,281,108,225,204,142,106,243,135,202,272,1024,529,279,550,254,278,214,181,114,293,324,526,513,871,664,1677,1508,1475,860,1713,1067,1725,1580,1561,2390,1610,1722,2024,1889,2140,2737,1380,1273,1906,1903,2147,1551,3118,3072,7900,5480,9359,6776,7170,9202,10421,11876,13090,24714,13359,18989,19644,17443,19190,22175,22653,25327,20635,23196,29901,29533,35681,34489,33593,39105,39604,42928,44807,51001,52896,61221,56762,59757,60950,60544,80055,68751,70180,78486,80080,88591,83400,94119,100663,104619,112661,104534,131225,128653,156361,172502,186128,204412,227800,245672,325241,313023,313577,367160,363771,373288,344713,357274,371348,346696,352331,332631,345189,312429,292133,281609,229531,159742,111160,67131,25961
2717,Geriatrics and Gerontology,Medicine,Health Sciences,0,0,0,0,0,0,0,0,0,0,0,0,0,0,0,0,0,0,0,0,0,0,0,0,0,0,0,0,0,0,0,0,0,0,0,0,0,0,0,0,0,0,0,0,0,0,0,0,0,0,0,0,0,0,0,0,0,0,0,0,0,0,0,0,0,0,0,0,0,0,0,0,0,0,0,0,0,0,0,0,0,0,0,0,0,0,0,0,0,0,0,0,0,0,0,0,0,0,0,0,0,0,0,1,0,0,0,0,0,0,0,0,0,0,0,0,0,0,0,0,0,0,0,0,0,0,0,0,0,0,0,2,1,0,0,1,1,0,0,0,0,0,0,1,1,0,0,0,0,0,0,0,1,2,0,0,0,1,0,0,4,0,0,0,0,0,0,0,0,0,0,2,0,0,1,0,0,0,0,3,0,27,2,0,25,3,1,0,0,0,0,0,10,0,10,1,0,1,0,2,0,0,0,2,2,0,1,9,4,0,0,0,4,5,7,8,4,4,30,0,0,9,3,1,5,9,355,89,6,191,42,7,16,3,5,26,8,50,6,182,134,28,33,50,75,275,147,824,76,198,46,468,771,74,225,714,599,607,1234,415,159,487,595,455,878,1648,705,671,2856,913,5314,1565,1410,1430,3041,2272,3314,3246,2656,6075,3715,4496,3674,3732,5784,5276,4731,7785,8224,7720,13723,11918,12944,15372,10870,19476,19412,25651,19652,29110,43161,64764,47773,55441,72209,80842,92827,108892,110374,119489,133966,131184,145486,155002,137116,153183,149110,161233,147454,144774,143251,110323,79977,56568,36665,13237
2718,Health Informatics,Medicine,Health Sciences,0,0,0,0,0,0,0,0,0,0,0,0,0,0,0,0,0,0,0,0,0,0,0,0,0,0,0,0,0,0,0,0,0,0,0,0,0,0,0,0,0,0,0,0,0,0,0,0,0,0,0,0,0,0,0,0,0,0,0,0,0,0,0,0,0,0,0,0,0,0,0,0,0,0,0,0,0,0,0,0,0,0,0,0,0,0,0,0,0,0,0,0,0,0,0,0,0,0,0,0,0,0,0,0,0,0,0,0,0,0,0,0,0,0,0,0,0,0,0,0,0,0,0,0,0,0,0,0,0,0,0,0,0,0,0,0,0,0,0,0,0,0,0,0,0,0,0,0,0,0,0,0,0,0,0,1,0,0,0,0,0,0,0,0,0,0,0,0,0,0,0,0,0,0,0,0,0,0,0,0,0,0,0,0,0,0,0,0,0,0,0,0,0,0,0,0,1,0,0,3,0,0,0,0,0,0,1,0,0,0,0,0,0,0,0,0,0,0,0,0,0,0,0,0,0,0,0,0,0,0,0,0,0,0,0,0,0,0,0,0,0,0,0,0,0,0,0,0,4,2,0,13,6,0,24,1,0,7,0,0,46,0,3,14,0,7,0,0,7,53,19,17,487,3,3,79,320,20,9,70,159,69,338,76,260,715,1073,245,380,32,115,128,478,170,88,465,99,519,204,140,193,658,325,291,105,882,592,119,791,321,371,1190,378,774,3492,2065,3354,11472,39903,61136,68602,65463,68604,329493,171018,63883
2720,Hematology,Medicine,Health Sciences,0,0,0,0,0,0,0,0,0,0,0,0,0,0,0,0,0,0,0,0,0,0,0,0,0,0,0,0,0,0,0,0,0,0,0,0,0,0,0,0,0,0,0,0,0,0,0,0,0,0,0,0,0,0,0,0,0,0,0,0,0,0,0,0,0,0,0,0,0,0,0,0,0,0,0,0,0,0,0,0,0,0,0,0,0,0,0,0,0,0,0,0,0,0,0,0,0,0,0,0,0,0,0,0,0,7,9,0,1,0,0,0,0,0,0,0,0,0,0,0,0,0,0,0,0,0,0,0,5,7,0,0,0,0,0,0,0,0,0,0,0,0,5,0,0,0,0,0,0,0,0,5,0,0,0,3,0,8,1,1,0,0,8,0,3,138,9,3,14,0,0,1,3,93,9,3,27,9,2,10,37,9,19,19,40,70,6,107,53,16,12,22,31,74,61,25,29,65,132,35,140,622,41,215,177,114,95,102,162,124,156,445,214,231,234,129,289,159,502,558,147,464,729,566,718,844,759,669,1846,1140,1075,1451,1376,1452,863,2142,1492,2371,5099,1961,2540,2035,1986,2694,2034,3371,4394,4723,4396,4979,6699,5821,9864,9446,6764,9602,10247,13162,8932,12892,13043,16973,16896,17512,19688,21924,24668,27109,33506,27443,28880,35331,36797,40285,46144,48908,42615,58103,60749,64115,65406,78281,84031,92880,100107,116565,129820,143753,146313,159206,176471,169357,183896,193723,213606,223412,256717,281322,286820,283013,328591,353556,400500,428046,395171,414246,416901,402214,400041,447060,399329,407180,370616,380431,372868,359996,350011,339900,311921,294398,314722,237931,181450,122377,73998,27290
2721,Hepatology,Medicine,Health Sciences,0,0,0,0,0,0,0,0,0,0,0,0,0,0,0,0,0,0,0,0,0,0,0,0,0,0,0,0,0,0,0,0,0,0,0,0,0,0,0,0,0,0,0,0,0,0,0,0,0,0,0,0,0,0,0,0,0,0,0,0,0,0,0,0,0,0,0,0,0,0,0,0,0,0,0,0,0,0,0,0,0,0,0,0,0,0,0,0,0,0,0,0,0,0,0,0,0,0,0,0,0,0,0,0,0,0,8,0,0,0,0,0,0,0,0,0,0,0,0,0,0,0,0,0,0,0,0,0,0,0,0,0,0,0,2,0,5,3,2,3,0,0,1,0,0,3,0,32,0,0,0,0,82,0,0,1,0,0,0,0,0,4,4,0,0,0,0,0,0,2,0,0,0,0,0,3,2,0,2,49,6,6,3,5,5,2,1,17,0,24,7,5,58,1,39,8,10,7,9,20,21,46,14,72,24,318,365,126,32,44,35,36,60,19,55,33,25,14,59,28,395,56,38,91,228,92,172,263,176,80,101,107,142,966,753,267,695,376,573,506,276,343,383,470,553,1106,1937,1006,1211,1434,2516,1944,2629,3211,2691,2870,3601,3165,3989,3514,3223,4020,4693,5313,8354,6054,5601,8294,6281,8283,12254,10111,10352,19519,12209,14879,20707,18584,19343,18165,19786,20652,24714,27951,37394,45566,38858,47325,45805,66197,78739,105303,120866,125425,139935,158635,180892,187197,180477,223605,242294,240023,270573,270857,264173,298466,277042,285706,314235,295946,309850,303977,306335,309615,330933,303001,287247,283213,283358,233090,226581,188693,126798,92562,56816,20877
2723,Immunology and Allergy,Medicine,Health Sciences,0,0,0,0,0,0,0,0,0,0,0,0,0,0,0,0,0,0,0,0,0,0,0,0,0,0,0,0,0,0,0,0,0,0,0,0,0,0,0,0,0,0,0,0,0,0,0,0,0,0,0,0,0,0,0,0,0,0,0,0,0,0,0,0,0,0,0,0,0,0,0,0,0,0,0,0,0,0,0,0,0,0,0,0,0,0,0,0,0,0,0,0,0,0,0,0,0,0,0,0,0,0,0,0,0,0,0,0,0,0,0,0,0,0,0,0,0,0,0,0,0,0,0,0,0,0,0,1,0,0,0,0,6,0,0,0,0,0,0,4,1,0,0,0,15,0,0,0,0,0,0,0,0,2,1,1,0,1,2,6,1,3,21,57,1,0,18,1,2,0,0,25,1,36,15,43,80,16,2,32,13,2,14,56,160,65,8,49,30,23,100,53,21,59,39,43,92,63,73,89,183,80,76,72,56,112,114,157,93,68,625,373,258,472,460,85,230,287,219,149,309,513,568,623,500,647,646,516,685,435,825,999,1040,1071,899,1350,1105,1569,1044,1000,1191,823,739,658,1007,831,763,740,950,738,1804,4203,1411,2468,1710,2042,1340,2186,2672,2488,2574,2563,4115,4599,4525,4627,5569,7466,8741,7649,7818,11624,8142,9691,13471,10488,12760,14844,20038,22089,31753,29411,35320,41986,43342,52915,60628,81438,90670,105240,134612,137816,162592,163132,189969,201358,202522,193092,201203,197454,180002,195471,199734,203987,188745,172265,154605,164522,168389,189028,146346,147649,128512,121215,129093,120710,110064,105542,99880,92167,87899,71634,49590,37149,21709,6912
2724,Internal Medicine,Medicine,Health Sciences,0,0,0,0,0,0,0,0,0,0,0,0,0,0,0,0,0,0,0,0,0,0,0,0,0,0,0,0,0,0,0,0,0,0,0,0,0,0,0,0,0,0,0,0,0,0,0,0,0,0,0,0,0,0,0,0,0,0,0,0,0,0,0,0,0,0,0,0,0,0,0,0,0,0,0,0,0,0,0,0,0,0,0,0,0,0,0,0,0,0,0,0,0,0,0,0,0,0,0,0,0,0,0,0,0,0,0,0,0,0,0,0,0,0,0,0,0,0,0,0,0,0,2,0,0,0,0,0,0,0,4,0,0,0,0,0,0,1,0,0,0,2,0,0,0,0,0,0,0,0,6,0,0,0,0,0,90,1,0,5,8,0,0,0,0,0,0,8,1,3,4,0,1,2,0,48,0,110,2,11,2,0,4,0,0,12,0,0,1,1,17,0,4,6,5,3,6,3,27,0,2,0,57,27,18,15,5,8,159,25,210,9,81,133,15,9,52,91,33,0,78,3,22,159,832,516,30,161,99,138,84,310,174,124,436,481,507,420,581,238,591,1241,730,469,147,429,639,1073,1298,1786,1187,1706,1922,2770,1579,1818,1337,2662,1741,2326,2441,2432,2692,2901,3591,2869,3494,3676,4526,6397,6312,7587,7956,7785,8960,7738,8106,10630,6318,7310,8420,8322,9643,10321,8231,9185,13691,12154,17027,16952,21553,23895,29997,21773,28785,26228,32885,36590,37704,36238,48970,51978,50473,58017,57904,71197,57800,62385,74207,61565,65605,57890,73072,59309,60848,54512,59106,53050,50574,54367,62871,38086,25923,20707,11742,4274
2725,Infectious Diseases,Medicine,Health Sciences,2,0,0,0,0,0,0,0,0,0,0,0,0,0,0,0,0,0,0,0,0,0,32,0,0,0,0,0,0,0,0,2,0,0,0,0,0,0,0,0,0,0,0,0,0,0,0,0,0,0,0,0,3,0,0,11,0,0,0,0,0,0,0,0,0,0,0,0,3,0,0,0,0,0,0,0,0,0,6,0,0,0,0,0,0,0,0,0,0,0,0,1,0,0,0,0,0,0,0,0,92,0,0,1,0,0,8,0,0,0,0,0,0,8,12,0,12,2,78,0,1,14,0,1,2,4,25,0,18,23,11,5,6,9,5,2,8,27,9,3,3,12,19,2,16,7,15,60,9,22,35,11,12,36,0,24,107,27,5,13,17,8,17,9,2,2,3,135,35,42,70,36,69,19,14,53,81,75,73,243,104,125,398,44,85,71,137,93,100,237,179,257,148,386,154,250,224,538,653,269,220,339,269,620,742,511,794,420,742,980,794,2179,900,1176,1064,904,835,888,860,1279,1267,1922,1551,2570,1777,1993,3149,1841,2625,3014,2472,3024,3284,3020,2940,2548,3705,4090,4784,4014,4212,4014,4358,3475,6177,4621,6031,8290,9594,8150,9053,7878,13770,10861,10785,11260,13675,15447,13752,16137,17013,19845,20827,18920,21735,23458,27378,26547,27965,29221,34166,32877,36651,36786,46891,48512,48394,52267,63406,60121,70245,67852,84168,82940,83591,94042,98819,109323,125177,139297,169497,174973,175108,196116,227451,249878,240867,279264,335741,345186,402119,414432,460477,548861,565895,592463,615136,588166,618268,644949,652130,655716,658401,683468,680148,660800,637426,596918,554704,526103,3684019,1586461,807566,344363,167360,55313
2726,Microbiology,Medicine,Health Sciences,0,0,0,0,0,0,0,0,0,0,0,0,0,0,0,0,0,0,0,0,0,0,0,0,0,0,0,0,0,0,0,0,0,0,0,0,0,0,0,0,0,0,0,0,0,0,0,0,0,0,0,0,0,0,0,0,0,0,0,0,0,0,0,0,0,0,0,0,0,0,0,0,0,0,0,0,0,0,0,0,0,0,0,0,0,0,0,0,0,0,0,0,0,0,0,0,0,0,0,0,0,0,0,0,0,0,0,0,0,0,0,0,0,0,0,0,0,0,0,0,0,0,0,0,0,0,0,0,0,0,0,0,0,0,0,0,0,0,0,0,0,0,0,0,0,0,0,0,0,0,0,0,0,0,0,0,0,0,0,0,0,0,0,0,0,0,0,0,0,0,0,0,0,0,0,0,0,0,46,0,0,0,29,0,18,18,12,1,0,11,7,115,72,11,8,7,21,12,24,26,12,28,10,23,39,61,37,25,14,47,88,47,22,86,73,40,48,28,63,49,67,79,106,79,42,119,131,114,187,94,92,207,59,114,109,98,241,110,156,206,342,188,118,165,235,337,246,341,351,672,610,677,483,632,716,586,511,991,1110,550,1189,801,1367,571,1847,643,6416,1498,2585,1211,1921,1519,1213,2367,3098,2428,2983,3111,2319,1713,2263,2309,3243,4104,2563,2219,2608,2363,2416,2339,3490,2876,3351,3207,4108,3305,4939,3145,4431,3734,8015,3573,4016,6978,5271,5036,5445,4834,4192,5335,4327,5607,4927,4002,5666,4866,3587,4285,3571,2804,3532,2653,2575,1390,1052,323
2727,Nephrology,Medicine,Health Sciences,0,0,0,0,0,0,0,0,0,0,0,0,0,0,0,0,0,0,0,0,0,0,0,0,0,0,0,0,0,0,0,0,0,0,0,0,0,0,0,0,0,0,0,0,0,0,0,0,0,0,0,0,0,0,0,0,0,0,0,0,0,0,0,0,0,0,0,0,0,0,0,0,0,0,0,0,0,0,0,0,0,0,0,0,0,0,0,0,0,0,0,0,0,0,0,0,0,0,0,2,0,2,0,0,0,0,0,2,0,0,0,0,0,0,0,0,3,0,0,0,0,0,0,0,0,0,0,2,7,1,3,1,12,0,0,54,4,1,0,0,4,36,0,10,4,0,16,24,2,10,2,7,2,2,10,445,1,31,34,2,153,71,81,2,0,9,13,9,4,10,4,7,17,10,34,44,214,16,56,25,47,15,15,2484,21,67,75,74,219,203,83,59,97,71,95,197,209,359,1063,258,258,152,207,107,798,312,319,449,366,645,565,555,511,441,641,561,526,1388,449,646,598,1867,1803,2252,2196,1790,1800,2598,2389,1865,2164,2106,3358,1598,3001,2551,3253,2518,3021,3715,2674,3466,1796,1658,1974,2567,2883,3507,6039,6350,7516,9789,9374,7643,8483,7809,8590,11150,8742,11294,17581,13274,14099,14341,17658,20999,20725,24681,22332,23775,25598,24193,28927,28762,32423,30126,34782,35285,35223,32953,41634,38873,47966,49097,46479,52252,46936,55615,57850,59633,60419,66324,69666,83740,83290,90764,106671,175540,130752,145114,171495,176869,221969,234293,268551,264132,257439,251866,328975,316543,275936,289583,292591,300389,288104,283870,269760,264644,235009,227121,229830,182676,140696,103489,75991,27076
2728,Neurology,Medicine,Health Sciences,0,0,0,0,0,0,0,0,0,0,0,0,0,0,0,0,0,0,0,0,0,0,0,0,0,0,0,0,2,0,0,0,0,0,0,0,0,0,0,0,0,0,0,0,0,0,0,0,0,0,0,0,0,0,0,1,0,5,0,0,0,0,0,0,7,0,0,1,0,0,0,0,0,0,0,0,1,0,0,5,1,0,0,0,0,0,0,0,1,0,0,0,0,0,2,0,0,0,0,0,3,0,1,0,1,0,2,1,0,54,0,69,1,1,22,10,0,27,0,0,6,2,77,6,57,24,8,26,28,26,34,15,39,31,24,4,53,19,36,20,5,10,22,106,140,41,69,85,27,16,27,10,297,29,21,39,34,18,66,84,54,76,35,527,48,83,84,56,322,67,138,153,78,250,161,48,181,172,181,151,211,231,250,268,133,450,132,484,278,265,262,173,823,651,436,455,447,833,656,204,626,424,942,1066,995,626,1184,772,1324,1006,1573,936,897,1136,1267,1718,754,1276,1149,1812,1477,1180,2053,3186,2347,3531,2404,7428,3728,3202,3208,4071,5631,3841,4180,3893,5009,4920,7191,7356,6659,6465,4541,6269,8610,5503,5677,5888,7312,10589,9694,12072,11252,12961,16277,13812,20294,16568,16037,20017,20925,19088,21743,23938,23872,30840,40408,37278,37505,41658,48764,53590,55978,56858,78762,64889,72493,82108,78686,85951,93698,99156,96222,110770,134398,137609,160382,169303,178546,192955,222603,209274,222607,238496,252145,251947,273680,322138,324896,333370,411389,381977,426755,464787,458661,480877,492375,498727,557964,560020,575755,559963,531116,575582,518435,528459,529242,543790,485413,461124,695604,559675,395445,250933,150114,51885
2729,Obstetrics and Gynecology,Medicine,Health Sciences,0,0,0,0,0,0,0,0,0,0,0,0,0,0,0,0,0,0,0,0,0,0,0,1,0,0,0,0,0,0,0,0,0,0,0,0,0,0,0,0,0,1,0,0,0,0,0,0,0,0,0,0,0,0,0,0,0,0,0,0,0,0,0,0,0,0,0,0,0,0,0,0,0,0,0,0,0,0,0,0,0,0,0,0,0,0,0,0,0,0,0,0,0,0,0,0,0,0,0,0,0,0,0,0,0,0,0,0,0,0,0,0,0,0,1,84,0,0,0,0,1,2,1,2,0,0,1,0,36,1,4,1,2,0,1,25,8,3,5,20,25,22,15,20,12,13,5,8,29,33,9,11,179,9,0,10,3,9,381,20,9,21,3,3,49,67,2,15,35,15,62,48,48,10,14,25,44,16,5,20,18,78,28,53,42,47,41,49,40,33,48,52,71,45,112,110,339,123,97,110,167,79,90,145,152,198,152,144,183,421,117,268,357,279,201,514,106,91,150,72,524,674,633,507,523,1014,986,2056,684,847,986,752,835,2323,1146,1139,1367,1121,1659,1887,1834,2005,1328,1664,1166,1066,2640,1908,2924,3457,2803,3628,3147,5430,5101,4810,4517,5827,4373,5345,4163,5415,6649,6055,8242,8191,9455,10951,8738,7946,11369,10554,13066,15559,11728,16538,18862,19910,18857,20786,26817,26024,29484,30531,32691,41779,41186,41007,43765,52915,66674,70047,63731,84115,79890,96857,100619,104923,107746,126563,152892,148572,150822,173465,186603,186657,176564,198607,215762,224961,233122,209532,216649,240987,245282,258565,227671,238715,255911,226553,391504,241742,167572,106388,57180,20752
2730,Oncology,Medicine,Health Sciences,0,0,0,0,0,0,0,0,0,0,0,0,0,0,0,0,0,0,0,0,0,0,0,0,0,0,0,0,0,0,0,0,0,0,0,0,0,0,0,0,0,1,0,0,0,0,0,0,0,0,0,0,0,0,0,0,0,0,0,0,0,0,0,0,0,0,0,0,0,0,0,0,0,0,0,0,0,0,0,0,0,0,0,0,0,0,0,0,0,0,0,0,0,0,0,0,0,0,0,0,2,0,0,0,0,35,0,0,0,0,0,0,0,0,0,0,0,0,1,0,0,0,3,3,0,1,1,25,2,18,1,6,5,4,10,42,8,22,0,12,3,120,4,29,10,5,49,20,5,7,2,11,2,4,9,349,43,62,10,20,5,31,120,1,54,15,133,131,37,22,83,24,101,150,85,45,64,89,161,177,46,75,106,55,100,168,319,98,238,169,409,209,182,122,265,500,127,261,255,222,319,176,360,473,619,948,1179,577,1581,8459,545,679,797,957,2036,561,319,543,440,450,1075,682,1310,1566,1906,1534,3652,2113,1444,2586,2260,2203,3223,2255,2625,5320,4232,3217,3465,4005,4318,3913,2216,3306,2728,2718,3703,4408,8024,7310,10564,11504,12828,13559,18512,13129,15418,16914,22057,19667,20873,24600,29738,31465,38312,38982,53653,42881,53081,68184,81137,84611,83455,100408,100544,114463,117248,126468,138891,149542,154103,159764,168629,174353,213429,218294,239302,258693,278477,330206,354930,394304,472310,557262,614500,674252,681307,758572,792871,884788,963182,973797,1074664,1071384,1137097,1148031,1164563,1128752,1182416,1279576,1212772,1364750,1271221,1281701,1340964,1425101,1460027,1500680,1626544,1430464,1654549,1356608,919405,626074,419183,147956
2731,Ophthalmology,Medicine,Health Sciences,0,0,0,0,0,0,0,0,0,0,0,0,0,0,0,0,0,0,0,0,0,0,0,0,0,0,0,0,0,0,0,0,0,0,0,0,0,0,0,0,0,0,0,0,0,0,0,0,0,0,0,0,0,0,0,0,0,0,0,0,0,0,0,0,0,0,0,0,0,0,0,0,0,0,0,0,0,0,0,0,0,0,0,0,0,0,3,0,0,1,0,0,0,0,0,0,0,0,0,1,1,11,0,0,0,0,0,0,0,0,0,0,3,1,0,0,9,3,1,0,0,5,0,0,0,4,5,0,15,15,4,11,14,9,22,1,18,10,18,35,4,10,8,1,3,16,14,56,355,2,5,12,9,26,62,158,10,130,50,169,41,19,158,167,45,403,504,10,70,301,165,117,42,43,103,89,110,244,128,159,179,120,197,261,285,229,178,446,147,378,227,273,215,197,219,265,131,327,388,621,450,299,398,690,436,778,295,397,520,602,636,776,922,909,432,610,824,1501,1301,624,809,1266,957,1038,1292,1164,1836,1669,1321,2181,4438,5734,1906,2188,1939,2613,2792,2935,3657,2294,1810,3285,3770,2729,3010,2463,3727,3592,6070,4364,7004,6812,6809,6870,6829,8235,8939,9349,9179,9265,11222,12593,14853,15688,14017,15120,19549,17377,17040,17592,26334,29985,22809,26351,28518,28922,33509,36908,38789,41165,48551,48275,52551,58968,68258,62003,65324,76331,73346,84998,91299,109696,95245,94966,108063,118918,122488,125662,144076,148218,159121,165396,182088,193910,196898,223941,238121,213250,231495,215365,258719,227857,242610,239404,249217,248858,238350,241749,206624,185351,229802,176148,117417,81207,48629,18379
2732,Orthopedics and Sports Medicine,Medicine,Health Sciences,0,0,0,0,0,0,0,0,0,0,0,0,0,0,0,0,0,0,0,0,0,0,0,0,0,0,0,0,0,0,0,0,0,0,0,0,0,0,0,0,0,0,0,0,0,0,0,0,0,0,0,0,0,0,0,0,0,0,0,0,0,0,0,0,0,0,0,0,0,0,0,0,0,0,0,0,0,0,0,0,0,0,0,0,0,0,0,0,0,0,0,0,0,0,0,0,0,0,0,0,0,0,0,0,0,0,0,0,1,0,0,0,11,0,0,0,5,0,0,0,0,0,0,0,0,0,0,0,0,0,0,0,0,0,0,0,0,0,0,3,0,0,0,0,36,0,5,0,0,0,0,0,1,0,0,1,40,2,0,0,1,0,4,1,2,0,0,1,3,3,14,4,9,12,0,2,1,0,6,20,16,0,16,7,1,8,2,12,11,38,5,0,38,93,49,24,9,63,31,113,9,40,44,35,11,19,33,42,128,37,9,50,28,135,162,96,141,18,56,47,395,144,108,312,1021,432,145,480,368,148,893,333,526,1182,756,493,555,259,5951,577,445,437,546,402,381,912,664,1110,1285,1961,2133,2767,4062,3239,6821,2831,4980,3186,4841,5674,5676,5191,7347,6036,6395,11251,7998,9130,10567,10445,19337,11759,12238,16538,14887,16265,18906,22340,22400,24634,33000,33052,53171,40708,41711,51883,54708,60521,68395,65005,83170,89142,95355,112580,121666,127314,132044,163787,173314,145124,197842,202077,216481,227384,243698,247460,265840,256393,274696,262763,283949,266176,251773,268613,271340,268161,259401,261662,238159,211466,209283,169390,121101,86751,52076,20524
2733,Otorhinolaryngology,Medicine,Health Sciences,0,0,0,0,0,0,0,0,0,0,0,0,0,0,0,0,0,0,0,0,0,0,0,0,0,0,0,0,0,0,0,0,0,0,0,0,0,0,0,0,0,0,0,0,0,0,0,0,0,0,0,0,0,0,0,12,0,0,0,0,0,0,0,0,0,0,0,0,0,0,0,0,0,0,0,0,0,0,0,0,0,0,0,0,0,0,0,0,0,0,0,0,0,0,1,0,0,0,0,0,0,0,0,0,0,0,0,0,0,0,0,0,0,0,0,0,0,0,0,0,0,0,0,0,0,0,0,0,0,41,0,0,7,3,1,0,0,1,22,1,1,3,3,1,2,0,0,5,0,0,3,0,0,68,4,0,0,0,4,0,0,7,2,1,0,0,0,0,1,8,29,0,6,12,7,0,5,1,16,0,2,52,465,18,30,11,14,35,6,30,38,49,58,22,24,22,30,84,57,76,65,49,81,59,142,133,201,75,147,101,235,96,87,85,179,140,98,184,123,83,652,279,306,222,349,471,458,716,477,864,681,752,553,3030,1129,578,826,582,962,863,664,1317,458,555,780,407,724,1144,893,1281,1749,1511,1350,1285,1110,2096,1951,2529,2589,2005,2930,3150,3266,3139,2969,3869,3472,4335,3941,4175,6802,5180,8445,7380,7706,8725,9293,9722,10556,11467,15857,13631,13365,17441,18253,21043,19224,18028,23265,28955,31531,30711,36303,36975,43295,41459,44025,54493,59098,53748,73199,70109,70679,77390,92669,93263,95729,88000,110080,110643,115098,110282,110834,108472,107534,113978,115561,102091,93142,100000,99049,72184,50967,35032,21256,9496
2734,Pathology and Forensic Medicine,Medicine,Health Sciences,4,0,0,0,0,1,0,0,0,1,0,0,0,0,0,0,0,0,0,0,0,0,0,0,0,0,0,0,0,0,0,0,0,4,0,0,0,0,0,0,0,0,0,0,0,1,0,0,0,0,7,0,0,2,0,0,0,0,0,2,0,1,0,0,1,0,0,0,0,18,0,0,0,3,0,0,11,0,0,70,0,28,1,0,0,0,0,0,11,0,1,6,0,0,0,0,0,0,0,0,0,1,0,4,0,0,5,0,28,5,0,3,1,3,5,14,0,3,2,2,1,7,39,8,0,10,0,2,23,512,30,7,37,6,36,24,4,42,64,44,465,164,116,78,265,117,77,48,128,156,219,100,63,343,110,137,121,145,108,312,126,234,71,173,207,216,154,173,243,330,196,175,373,190,196,205,241,318,186,318,422,140,401,421,216,344,829,692,386,390,446,458,549,715,692,567,886,973,822,810,632,499,639,648,757,843,1331,911,700,795,1157,1497,1416,778,938,629,632,428,708,954,755,2291,2159,2065,2283,2238,2180,2460,2275,2652,4049,3344,4463,3666,5497,3072,3595,4893,4125,4603,4475,4019,4315,3211,3598,3515,4670,5679,7471,8487,11771,13576,12479,13579,14479,12488,11934,15233,19693,15672,16073,23598,23299,23254,25289,42164,32217,36641,34938,44982,39096,50107,55778,54110,64510,67773,69329,87450,82093,89602,110276,107569,120409,149049,142656,147314,160896,160799,183373,200209,224493,227662,254227,299511,293676,343688,341063,399172,427521,459913,508873,516898,541800,560620,574688,607290,626987,636207,644660,622056,668137,650436,625062,637803,618103,608807,556371,577305,549208,514681,487168,385925,311655,206545,123573,48304
2735,"Pediatrics, Perinatology and Child Health",Medicine,Health Sciences,0,0,0,1,0,0,0,0,0,0,0,0,0,0,0,0,0,10,0,0,0,0,0,0,0,0,0,0,0,0,0,0,0,0,0,0,0,0,0,0,0,0,0,0,0,0,0,0,1,0,0,0,0,0,0,0,0,0,0,0,0,0,0,0,0,0,1,0,0,0,0,14,0,0,0,0,0,0,0,0,0,0,0,0,0,0,0,0,0,0,0,0,1,0,0,0,0,0,0,0,0,0,1,0,0,6,0,0,0,0,11,3,0,0,2,6,6,8,4,0,1,0,2,1,28,5,76,10,9,105,7,2,12,99,6,7,9,2,19,36,4,29,6,25,19,45,367,54,12,68,29,28,156,34,2,14,56,20,69,238,292,63,44,10,70,219,19,37,30,198,22,84,50,54,313,120,51,86,76,39,281,53,42,226,172,176,123,213,60,334,117,183,130,231,136,298,432,336,159,582,440,1542,445,248,746,316,514,2555,422,1319,444,1247,1670,1988,897,952,1099,1157,618,686,1221,1594,1644,2101,1814,1844,2664,3244,3195,2634,3279,3960,3131,3910,3405,5662,3376,7248,5556,5674,4244,12436,6584,3150,3599,5065,7228,7006,7668,8184,12247,12430,11613,16517,13775,15233,14515,16383,19084,26049,20309,24614,30046,41587,33235,32066,41806,40789,48426,43398,51758,57814,61048,64573,65805,71508,100809,83659,89884,91570,114304,106794,114883,119136,114908,128768,131330,147938,178418,160917,169588,165284,190429,185883,192396,211797,216819,255255,255631,262411,307033,335179,310491,351652,382355,435341,428267,390746,430087,444241,421844,424868,439462,588528,445685,447806,438968,435970,431153,401960,385143,304928,235574,146391,84258,30041
2736,Pharmacology,Medicine,Health Sciences,0,0,0,0,0,0,0,0,0,0,0,0,0,0,0,0,0,0,0,0,0,0,0,0,0,0,0,1,0,0,0,0,0,0,0,0,0,0,0,0,0,0,0,0,0,0,0,0,0,0,0,0,0,0,0,0,0,0,0,0,0,0,0,0,0,0,0,0,0,0,0,0,0,0,0,0,0,0,0,0,0,0,0,0,1,0,0,0,0,0,0,7,0,0,0,0,0,0,0,0,5,0,0,0,0,2,0,0,0,0,0,1,0,0,18,0,7,3,0,0,0,0,11,0,0,4,0,17,16,20,1,7,2,2,27,32,3,3,14,23,11,0,7,48,32,5,5,1,20,49,97,20,0,4,3,3,1,10,23,12,15,3,17,22,20,26,18,40,34,31,53,64,154,75,47,88,88,29,74,64,79,193,142,219,77,317,632,155,51,104,234,268,163,185,237,224,163,93,123,219,212,344,206,298,293,312,168,210,726,486,818,658,486,381,640,191,425,456,343,436,416,619,608,956,1269,793,868,1295,1437,1396,1537,1397,1548,2558,2131,2457,3242,3055,2634,3096,4564,2972,2731,2804,4219,4007,4630,8187,10115,9521,10664,11216,10233,14405,14364,12250,12368,16309,15188,18233,18515,46943,23510,25116,24090,31820,28698,34730,35702,44706,45986,65239,68632,69814,84828,185334,93854,102223,108932,117576,119999,121125,133541,147183,139403,143852,154271,151960,149880,146630,165393,187032,191935,202463,211111,248975,249941,271411,324356,358525,417578,433401,459468,496294,473981,511375,535418,505020,515307,499121,527530,514321,510646,491721,478920,500953,512168,499247,510592,470732,469343,384495,277993,199604,128348,47437
2737,Physiology,Medicine,Health Sciences,0,0,0,0,0,0,0,0,0,0,0,0,0,0,0,0,0,0,0,0,0,0,0,0,0,0,0,0,0,0,0,0,0,0,10,0,0,0,0,0,0,0,0,0,0,0,0,0,1,0,0,0,0,0,0,0,0,0,0,0,0,0,0,0,0,2,0,0,0,0,0,0,0,29,0,0,0,0,0,0,17,0,0,0,0,0,0,0,0,0,1,0,0,0,0,0,0,0,36,0,0,0,0,0,0,1,0,0,6,0,0,2,6,14,11,0,37,0,0,0,49,0,0,0,69,5,7,6,2,1,1,3,34,33,6,398,31,18,15,20,35,45,299,25,21,11,14,59,11,6,11,15,18,38,118,77,116,124,156,209,139,132,123,314,147,92,139,136,126,206,314,431,237,142,465,248,230,335,518,221,300,218,197,1307,174,327,649,239,249,536,2318,410,686,701,658,1374,919,642,1011,2833,1432,931,958,995,1172,1197,1736,3204,1529,2148,3044,2006,2590,3775,2078,2152,6395,1884,3687,3962,2632,4904,5335,5886,5591,6091,6355,10031,7041,7643,7779,7083,11760,8866,8287,11300,10920,11219,14140,11716,11662,10471,11231,10366,10305,11873,15171,19750,23114,30571,29101,36628,30784,35289,35991,40304,43917,41174,47668,47196,70254,66808,81628,74763,77994,89392,80417,105554,114297,131691,124372,138098,134452,151879,155300,169923,179001,200182,193758,212434,239006,242585,241556,260483,275814,298649,308443,364946,404948,445238,515512,604273,627766,689796,723165,801899,804922,864530,886167,969671,1066456,1056284,1084735,1134553,1179583,1126947,1142908,1106575,1200510,1227014,1182519,1173997,1185723,1280271,1202205,1170653,1201654,1147900,1116988,1064778,1024659,820236,627273,431172,302881,107686
2738,Psychiatry and Mental health,Medicine,Health Sciences,0,0,0,5,0,0,0,0,0,0,0,0,0,0,0,0,0,0,0,0,0,0,0,0,0,0,0,0,0,0,42,0,0,0,3,0,0,0,0,0,0,0,0,0,0,0,0,0,0,0,0,0,0,0,0,0,0,0,0,0,0,0,0,0,0,1,0,0,0,0,0,0,0,0,0,0,0,0,0,0,0,0,0,0,0,0,0,0,0,4,0,0,0,0,0,0,0,0,0,0,0,1,378,0,3,47,0,0,0,0,1,1,392,2,0,0,0,0,1,0,0,0,1,2,16,1,11,1,9,0,28,12,2,11,4,5,4,9,2,14,39,1,11,9,76,13,27,40,3,5,8,2,14,116,39,7,18,54,35,56,88,17,182,27,70,16,36,370,128,26,2,42,50,93,224,136,301,40,109,120,87,215,147,119,100,89,104,65,107,172,1191,105,242,188,109,141,114,424,220,348,202,494,695,328,302,329,410,1241,522,1316,492,469,701,979,542,350,579,313,505,446,526,4264,2686,924,862,1032,1183,2400,2176,2384,1379,1795,1372,1945,2203,1650,3340,3473,3878,3099,3334,4782,4265,3004,6329,3716,3917,2732,4123,4683,6850,9655,7958,6120,13386,9142,8832,12353,11222,11367,12175,11992,18668,14701,17407,24051,17646,34462,22161,26981,34153,29372,43056,43987,42979,60990,64418,70213,77574,69283,91602,88218,125423,111770,136812,124105,132453,172494,167789,185063,227855,235161,250426,263376,310445,321070,353100,443022,414048,475293,558036,570109,596650,644506,671978,753624,720804,737478,732902,706835,742616,704289,678888,713198,650038,667921,619484,647158,588589,533190,504536,410980,312891,221900,141373,55979
2739,"Public Health, Environmental and Occupational Health",Medicine,Health Sciences,0,0,0,5,0,1,0,0,0,0,0,0,0,0,0,0,0,0,0,0,0,0,4,6,3,0,0,1,0,0,0,0,0,0,14,1,0,0,0,0,0,0,0,8,0,0,0,1,1,1,0,0,0,0,0,0,0,0,0,0,0,1,0,1,4,0,0,0,0,0,0,0,0,2,2,0,17,0,2,0,1,0,0,14,0,46,4,0,7,2,6,0,3,1,0,0,3,2,13,0,7,17,8,4,8,9,16,35,0,8,5,17,15,15,1,6,248,17,12,4,15,13,3,50,61,21,5,9,55,56,72,30,97,48,27,49,229,65,173,35,151,95,60,166,69,63,155,147,33,77,72,48,111,313,129,134,182,224,84,90,117,472,55,161,81,249,108,466,184,143,217,236,166,212,417,670,515,627,768,304,980,603,577,698,560,748,823,986,946,790,954,4505,1927,847,954,1276,755,1159,1320,1063,1902,1451,1487,1300,1850,1260,2085,1600,1760,5871,3689,2294,2630,3825,2832,2023,1940,1907,2079,2080,3047,4278,4704,5140,7570,4954,6081,6342,9354,5421,6251,7998,7107,9295,8927,10241,6391,9679,10327,7776,7856,8425,7899,8384,8829,8619,10262,11614,12958,9977,14329,17874,21696,20302,21036,23029,24754,25157,30263,28167,27710,26470,32096,37493,40467,43103,48340,49074,71224,72004,65182,74590,80374,84842,93509,108620,130557,125564,132385,146414,142409,152945,156443,185307,187446,204444,231039,263173,257758,283681,344382,335032,371833,380773,400286,457961,470539,531708,589380,643485,764006,762003,884199,952465,1021441,1004490,1099108,1086654,1175878,1142325,1220577,1182742,1208072,1243924,1236507,1249715,1345759,1318006,1196116,1130369,1224689,932503,655050,454268,283849,107626
2740,Pulmonary and Respiratory Medicine,Medicine,Health Sciences,0,0,0,0,0,0,0,0,0,0,0,0,0,0,0,0,0,0,0,0,0,0,0,0,0,0,0,0,1,0,0,0,0,0,0,0,0,0,0,0,0,1,0,0,0,0,0,0,0,0,0,0,1,4,0,0,0,0,0,0,0,0,0,0,0,0,0,0,0,0,0,0,0,0,0,0,0,0,0,0,0,1,0,0,0,0,7,0,0,0,0,0,3,0,0,0,0,2,0,0,16,0,0,0,0,0,0,0,2,0,160,5,3,4,18,5,15,1,1,4,3,1,77,7,14,4,114,4,54,240,20,40,46,43,20,37,20,26,50,26,88,40,50,42,43,17,44,69,24,77,944,19,39,208,77,18,253,79,86,36,47,34,74,89,42,100,238,76,180,121,243,246,156,129,503,119,210,237,321,476,492,194,254,470,280,589,354,219,258,358,442,325,467,745,419,485,546,604,1077,1114,608,621,829,1212,732,2254,1341,1140,1437,1561,1361,2574,1935,1792,1599,1836,1057,1661,1656,2264,2855,3043,3280,4424,4525,4597,4479,3894,6204,5959,7225,6676,6858,9334,8770,9981,8384,9577,9241,11122,9230,11462,10232,7413,9610,9439,14146,17545,25055,25886,32112,37197,35201,37934,41799,39830,45102,43408,52401,54000,58172,60892,58982,76396,72389,80115,83966,108579,103540,98855,113703,112243,134712,138485,146868,162146,169362,184213,199586,202838,240504,242903,268289,281492,294522,304421,321081,369684,352331,396185,422140,462076,494631,545788,580659,630445,634292,692463,727851,759662,863741,867482,951408,1008267,1086693,1152710,1177217,1172732,1219935,1245067,1272927,1246293,1296681,1346636,1293580,1335923,1326218,1327249,1260686,1227474,1477659,1122931,842602,597766,366459,136781
2741,"Radiology, Nuclear Medicine and Imaging",Medicine,Health Sciences,0,0,0,0,0,0,0,0,0,0,0,0,0,0,0,0,0,0,0,1,0,0,0,0,0,0,0,0,0,0,0,0,0,0,0,0,0,0,0,0,0,0,0,0,0,0,0,0,41,0,0,0,1,0,0,0,0,0,0,0,0,2,0,0,0,0,0,0,0,0,0,1,0,0,0,1,0,0,0,0,0,0,0,0,0,0,0,0,0,0,0,0,0,0,0,0,0,0,47,1,1,3,0,0,0,5,0,0,0,0,0,0,0,0,8,0,25,14,0,0,1,3,3,0,0,3,1,34,12,24,1,204,9,12,21,44,12,41,8,33,6,12,11,99,26,85,89,30,144,57,35,73,92,12,12,42,50,17,83,83,54,20,66,17,9,23,45,21,35,1240,41,27,119,80,83,104,153,159,179,134,121,270,135,127,105,154,189,141,237,133,408,438,96,333,227,246,462,703,694,308,478,805,287,502,561,565,1123,702,1971,1068,849,1270,2731,1028,747,678,672,912,1657,1035,1473,1424,1680,2117,2739,2046,2363,2579,3121,3205,3122,4194,4237,3658,4612,3805,4656,4200,5627,5705,7689,6392,6253,7827,6849,8987,7566,7955,13322,12991,27251,15558,14827,19722,16983,18115,22716,22750,25332,27115,31783,32948,39110,45166,51280,57318,50851,60041,55492,69128,66242,71391,80185,92619,88567,106786,111560,118602,129277,204089,176848,193975,230970,271802,297560,289311,308019,303143,339938,364834,363213,346038,366035,383271,390925,404649,396109,415025,434381,491607,513514,554042,589035,608120,619478,650037,679811,723871,743568,724107,755383,713323,746918,726172,704845,710521,672333,682944,703240,665400,848661,615834,453649,337234,216678,81215
2742,Rehabilitation,Medicine,Health Sciences,0,0,0,0,0,0,0,0,0,0,0,0,0,0,0,0,0,0,0,0,0,0,0,0,0,0,0,0,0,0,0,0,0,0,0,0,0,0,0,0,0,0,0,0,0,0,0,0,0,0,0,0,0,0,0,0,0,0,0,1,0,0,0,0,0,0,0,0,0,0,0,0,0,0,0,0,0,0,0,0,0,0,0,0,0,0,0,0,0,0,0,0,0,0,0,0,0,0,0,1,1,0,0,0,0,0,1,0,0,0,0,0,1,0,3,0,0,0,13,0,0,4,14,0,0,0,0,0,12,0,2,108,99,0,0,0,0,8,19,1,21,4,4,0,0,2,1,3,3,0,0,18,1,3,1,1,0,2,1,1,1,4,247,4,84,17,2,53,19,18,38,4,52,133,53,11,8,114,14,10,33,26,62,443,128,101,87,90,90,22,175,106,63,74,112,69,62,565,118,236,82,71,90,322,173,144,88,38,304,215,175,178,569,254,119,143,360,213,212,319,183,320,397,379,314,202,434,596,476,747,346,435,722,661,664,715,690,600,686,502,563,835,865,794,1227,803,763,909,2020,1721,1303,2262,1639,2616,2681,3040,4784,2213,2497,3107,2828,2531,6763,7671,4891,4724,5101,5731,6701,7183,10876,8641,8675,6243,9401,10096,14491,9257,10230,15521,16824,21072,18871,23412,23408,25615,27552,31582,38387,45198,41673,40501,52241,57362,59027,62262,56642,72979,77815,93292,102462,102986,107937,132957,132736,137762,133236,162974,155134,153697,145284,160246,153242,159705,173222,171711,172539,175043,184119,176038,203510,177547,153997,114694,78854,27665
2743,Reproductive Medicine,Medicine,Health Sciences,0,0,0,0,0,0,0,0,0,0,0,1,3,1,0,0,0,0,0,0,0,0,0,0,0,0,0,0,0,0,0,0,0,0,0,0,0,0,0,0,0,1,0,2,0,0,0,0,0,0,0,0,0,0,0,0,0,0,0,0,0,0,0,0,0,0,0,0,0,0,0,0,0,0,0,0,0,0,0,0,0,0,0,0,0,0,0,1,0,0,0,0,0,179,0,0,0,0,0,2,0,149,0,46,0,0,0,3,0,0,0,0,0,0,0,0,3,6,0,0,0,1,0,1,26,0,0,3,2,3,2,8,1,6,9,3,11,11,11,11,14,12,10,18,3,9,15,23,12,28,24,13,54,9,42,15,33,10,5,15,18,8,18,17,18,409,24,53,58,9,18,12,24,40,34,42,112,33,44,43,62,46,27,57,53,37,47,150,24,46,72,75,51,73,334,135,256,93,104,120,107,117,107,325,290,278,273,296,316,194,306,499,762,616,390,166,328,250,199,315,722,722,1414,867,700,1655,1042,7432,1147,1367,1548,2080,1432,2011,1751,1961,1516,2607,1930,2917,2939,2062,1828,2267,2355,1943,2455,2979,3267,7681,8276,6821,4383,4419,4328,6924,7111,5841,6598,8542,7493,9109,10466,12113,13192,14209,12592,17712,17100,15669,32232,29243,26156,37431,36674,46513,48944,44032,49472,52834,59204,61780,62974,62373,77963,74350,73744,86600,93713,104552,100568,128832,122308,137364,131276,149607,155571,170994,173221,176185,199734,189684,226087,244521,250073,238433,263033,242182,289182,274077,260176,261378,254121,240915,242498,246727,243604,231268,229992,226972,225495,171218,137504,101955,60313,24033
2745,Rheumatology,Medicine,Health Sciences,0,0,0,0,0,0,0,0,0,0,0,0,0,0,0,0,0,0,0,0,0,0,0,0,0,0,0,1,0,0,0,0,0,0,0,0,0,0,0,0,0,0,0,263,0,0,0,0,0,0,2,0,0,0,0,0,0,0,0,0,0,0,0,0,0,0,0,0,0,0,0,0,0,0,0,0,0,3,2,0,0,0,0,0,0,0,0,22,0,0,0,0,0,0,0,0,0,0,0,1,2,0,3,1,0,0,0,0,23,0,0,0,675,13,0,22,2,2,1,1,100,0,0,0,1,1,3,4,7,19,3,17,12,7,118,2,6,2,1,18,132,12,26,27,98,7,87,12,33,19,6,10,138,6,152,51,79,19,44,46,42,125,15,18,21,114,43,67,188,243,87,220,328,104,229,51,134,329,272,193,215,173,517,142,158,77,644,237,330,189,438,352,387,264,281,591,412,777,415,287,422,661,590,646,937,796,629,746,921,877,1322,956,1125,1282,1046,723,652,512,446,874,1043,1914,1788,2045,2064,2602,2034,2605,2703,1978,3125,3540,3112,5690,2828,4314,3071,4765,4138,4000,4404,4906,5999,4538,2135,3671,4699,5079,10594,13160,9703,15465,14354,15375,15649,18450,18668,17797,18320,23274,21207,21220,24715,24752,27606,28212,33102,34945,38901,40860,43760,50885,45097,52041,49006,55010,63761,68214,63857,67129,92264,82772,103918,93613,102598,109697,120016,121059,169790,149425,166514,172499,186832,205092,224474,259225,250838,294743,312930,337339,375464,394082,421451,490359,480514,488906,489357,487581,498112,526487,526467,493984,489123,467237,452830,441367,438720,420136,389244,384423,364215,296940,234151,162545,99168,37607
2746,Surgery,Medicine,Health Sciences,0,0,0,0,0,0,1,0,0,0,0,0,0,3,0,0,0,0,0,0,0,0,0,0,0,0,0,0,0,0,0,0,0,0,1,141,0,0,1,0,4,0,0,0,0,0,0,0,0,19,0,0,0,2,0,0,14,180,0,0,0,2,6,0,0,0,0,2,0,13,0,12,0,10,0,0,243,15,0,0,17,5,10,0,15,16,6,2,24,0,0,0,0,1,0,78,0,40,1,2,8,20,3,25,4,4,12,3,5,25,6,9,65,150,387,31,314,62,48,1,7,299,13,99,261,84,33,93,81,170,412,210,967,135,770,280,92,270,103,157,139,320,481,480,169,514,358,200,151,142,887,113,450,289,592,196,318,597,486,533,200,560,585,1186,359,747,421,771,1545,841,2152,1228,810,722,1435,1095,1400,2091,1505,1425,1141,1430,1834,1902,1552,1621,1928,2171,7099,3726,1969,2778,3015,3978,3369,3397,3431,3106,3238,4120,3379,4830,6026,5109,5139,4787,4944,13561,6642,6214,6739,9067,8195,8599,5752,4790,5354,4507,3928,5489,8607,10165,11759,12516,13144,15970,15037,16469,17455,18911,16909,15851,22240,18044,18316,18012,21199,21426,22792,20648,21348,19736,20050,19872,16112,19115,25591,29087,46136,44926,55652,53511,60081,68811,68005,70124,68616,71086,72950,78150,84930,87391,88668,99308,104094,115182,127510,140018,151972,171781,185989,188039,192821,228929,232577,246135,280478,284557,298124,326146,378408,357224,394862,417730,477146,482443,567498,550034,611835,635575,722694,731526,813508,902310,904915,953575,1038998,1096400,1169831,1209379,1354540,1443580,1538944,1596346,1665956,1705790,1727315,1723821,1790459,1810451,1754455,1749099,1731973,1834603,1771360,1740792,1698516,1683941,1551016,1474024,1398039,1145764,854953,605348,380264,145211
2747,Transplantation,Medicine,Health Sciences,0,0,0,0,0,0,0,0,0,0,0,0,0,0,0,0,0,0,0,0,0,0,0,0,0,0,0,0,0,0,0,0,0,0,0,0,0,0,0,0,0,0,0,0,0,0,0,0,0,0,0,0,0,0,0,0,0,0,0,0,0,0,0,0,0,0,0,0,0,0,0,0,0,0,0,0,0,0,0,0,0,0,0,0,0,0,0,0,0,0,0,0,0,0,0,0,0,0,0,0,0,0,0,0,0,0,0,0,0,0,0,0,0,0,0,0,0,0,0,0,0,0,0,0,0,0,0,0,0,1,0,0,49,0,0,0,11,0,0,0,0,0,4,2,0,1,0,0,0,233,0,0,0,0,0,0,11,0,0,0,0,0,0,0,0,0,0,0,0,2,5,0,0,3,0,0,4,0,0,0,0,111,4,1,17,1,0,0,1,7,0,6,0,1,1,2,19,34,13,4,13,45,2,25,221,30,60,153,207,1,313,12,151,33,17,67,5,120,17,28,27,47,66,182,178,119,97,23,64,73,425,79,86,133,329,69,47,60,13,91,24,154,97,393,223,510,96,69,1162,136,476,357,799,751,615,739,835,716,1794,1826,2429,1747,1866,2399,2412,2234,3114,2485,3841,5427,2632,3581,3140,2855,3858,2462,2850,2920,6276,5315,3669,5688,4108,7935,5640,8082,7928,9906,10779,13816,10829,12991,13627,19130,20543,26830,23594,28551,36727,40649,41708,47905,45053,53119,58615,59821,48486,49924,52828,57670,55648,52139,45679,45276,45912,42479,42013,36172,36334,33267,29408,23727,16472,12445,7457,2924
2748,Urology,Medicine,Health Sciences,0,0,0,0,0,0,0,0,0,0,0,0,0,0,0,0,0,0,0,0,0,0,0,0,0,0,0,0,0,1,0,0,0,0,0,0,0,0,0,0,0,0,0,0,0,0,0,0,0,0,0,0,0,0,0,0,0,0,0,0,0,0,0,0,0,0,0,0,0,0,0,0,0,0,0,0,0,0,0,0,0,0,0,0,0,0,0,0,38,2,0,0,0,0,0,26,0,0,0,12,1,0,47,0,0,2,0,0,0,11,0,0,3,0,0,16,2,0,2,1,0,0,22,0,1,7,35,12,12,1,27,4,13,28,16,60,18,18,4,2,283,7,72,2,6,14,3,117,2,2,4,38,4,3,14,30,36,13,22,5,10,21,5,6,4,24,15,23,56,45,9,114,62,29,95,65,32,71,84,168,49,78,82,63,44,81,302,51,385,175,113,100,82,161,92,799,149,483,209,303,318,506,1059,240,290,428,189,229,453,386,608,375,1339,849,544,373,343,715,484,732,1100,662,1166,846,989,821,840,950,1554,1554,969,1859,2151,1864,1757,2525,1775,2229,2272,1521,2410,1812,2138,1968,1159,3623,3402,2386,3702,4760,4475,5898,4371,4919,4611,4762,6394,5520,5786,6429,6296,6650,6720,17434,7555,8283,7139,7287,10199,11474,11819,10739,15001,14112,14910,17519,17059,19859,18260,16701,20689,16955,24181,22503,23957,21906,33404,31353,31130,31849,37664,33572,45286,49956,54993,53720,62369,66727,75865,76891,76401,90023,91980,103504,104759,107291,124025,102252,111077,120223,102794,108298,114108,115041,102552,101031,101714,94497,91025,86996,82860,66258,50239,38611,24498,10287
2802,Behavioral Neuroscience,Neuroscience,Life Sciences,0,0,0,0,0,0,0,0,0,0,0,0,0,0,0,0,0,0,0,0,0,0,0,0,0,0,0,0,0,0,0,0,0,0,0,0,0,0,0,0,0,0,0,0,0,0,0,0,0,0,0,0,0,0,0,0,0,0,0,0,0,0,0,0,0,0,0,0,0,0,0,0,0,0,0,0,0,0,0,0,0,0,0,0,0,0,0,0,0,0,0,0,0,0,0,0,0,0,0,0,0,0,0,0,0,0,0,0,0,0,0,0,0,0,0,0,0,0,0,0,0,0,0,0,0,0,0,0,0,0,0,0,0,0,0,0,0,0,0,0,0,0,0,0,0,0,0,0,0,0,0,0,0,0,0,0,0,0,0,0,0,0,0,0,0,0,0,0,0,0,0,0,0,0,0,0,0,1,0,0,0,0,0,0,0,0,0,0,1,0,0,0,0,0,0,0,0,0,0,0,0,225,0,0,15,0,9,0,0,0,0,15,0,0,652,0,25,0,30,37,5,29,413,42,0,159,61,216,39,5,200,55,151,243,275,113,381,156,333,648,653,375,430,182,206,182,482,369,393,544,2759,1071,836,1555,1301,1365,1433,2216,3724,2391,1479,2855,3433,4731,5034,4943,4651,6441,7827,7528,10514,10000,8537,13453,8539,12702,13169,12067,14263,11573,17376,13911,28431,28185,31892,36673,37283,45668,37738,41652,44456,48002,60294,59701,59564,69273,64104,69850,91553,91604,124161,86636,109935,104830,119410,116338,105469,111794,155958,141919,104376,104052,94034,82830,80600,79036,74666,70915,59035,50563,48161,31630,22740,16456,10795,4027
2803,Biological Psychiatry,Neuroscience,Life Sciences,0,0,0,0,0,0,0,0,0,0,0,0,0,0,0,0,0,0,0,0,0,0,0,0,0,0,0,0,0,0,0,0,0,0,0,0,0,0,0,0,0,0,0,0,0,0,0,0,0,0,0,0,0,0,0,0,0,0,0,0,0,0,0,0,0,0,0,0,0,0,0,0,0,0,0,0,0,0,0,0,0,0,0,0,0,0,0,0,0,0,0,0,0,0,0,0,0,0,0,0,0,0,0,0,0,0,0,0,0,0,0,0,0,0,0,0,0,0,0,0,0,0,0,0,0,0,0,0,0,0,0,0,0,0,0,0,0,0,0,1,0,0,0,0,0,0,0,0,0,0,0,0,0,0,0,0,0,0,0,0,0,0,0,0,0,0,0,0,0,0,0,0,0,0,0,0,0,0,0,9,1,8,0,5,16,0,0,0,0,4,26,3,8,0,19,9,16,35,12,0,25,12,0,0,14,49,11,31,9,4,49,0,1,15,33,2,6,0,3,9,43,92,21,40,20,29,20,9,46,13,1,141,70,39,4,162,20,36,7,5,134,111,78,110,19,23,38,225,195,452,580,634,265,282,288,297,482,1261,579,1091,1106,726,1061,475,1364,938,1740,3813,1501,1410,1464,2833,2776,2783,3264,2397,3496,6000,3775,3258,4069,7175,4505,4012,4938,5030,5295,5896,5780,7261,6938,9331,10266,8950,9015,13214,12626,14257,12817,17011,13876,23732,24477,24640,24269,28357,27845,40834,40302,52109,49451,54141,65497,75307,64133,74305,71664,73087,78418,71813,74456,61216,49111,37051,23516,10144
2804,Cellular and Molecular Neuroscience,Neuroscience,Life Sciences,0,0,0,0,0,0,0,0,0,0,0,0,0,0,0,0,0,0,0,0,0,0,0,0,0,0,0,0,0,0,0,0,0,0,0,0,0,0,0,0,0,0,0,0,0,0,0,0,0,0,0,0,0,0,0,0,0,0,0,0,0,0,0,0,0,0,0,0,0,0,0,0,0,0,0,0,0,0,0,0,0,0,0,0,0,0,0,0,0,0,1,0,0,4,0,0,0,0,0,0,0,0,0,0,0,0,0,1,1,0,0,2,0,0,0,0,0,0,0,0,0,0,0,0,236,0,0,3,0,1,0,0,2,14,1,2,10,2,7,2,0,1,473,19,24,6,45,11,1,38,3,1,3,0,46,18,8,162,27,13,16,7,14,15,96,72,11,53,23,47,44,271,300,49,63,42,126,155,122,86,132,191,55,116,248,164,213,216,251,207,276,430,246,224,400,390,136,328,361,290,578,305,152,520,430,261,430,1372,1312,680,479,758,748,1039,1945,506,1715,689,1971,509,1224,780,1332,1388,2342,1877,2370,2289,3545,2567,3181,1503,3300,3069,4261,2870,4452,4653,4990,6405,4916,3700,5273,4058,3746,2975,4489,4575,7790,10510,7489,11926,35602,15733,17788,20533,22500,31530,30640,31908,32953,46050,42178,51582,60936,60342,80451,79777,86074,101991,100831,134725,147956,173850,174177,185685,227663,253347,273302,283601,326396,347685,342351,356986,379427,406613,425507,457196,483315,494474,547141,560176,607241,665734,669770,709724,733260,755466,784673,812595,855080,782117,825599,824782,819669,788291,746547,739858,743472,698797,686328,669386,617219,598786,576349,543312,483143,460377,429825,364750,338506,273574,205580,149785,92630,35683
2805,Cognitive Neuroscience,Neuroscience,Life Sciences,0,0,0,0,0,0,0,0,0,0,0,0,0,0,0,0,0,0,0,0,0,0,0,0,0,0,0,0,0,0,0,0,0,0,0,1,0,0,0,0,0,0,0,0,0,0,0,0,0,0,0,0,0,0,0,0,0,11,0,0,0,0,0,0,0,0,0,0,0,0,0,0,0,0,0,0,0,2294,3,0,0,0,0,0,0,0,0,0,0,0,0,0,0,0,0,0,0,2,0,0,2,0,43,0,0,0,3,0,0,0,0,0,0,59,23,2,0,0,0,52,0,0,11,2,1,0,0,1,31,15,75,70,2,5,1,49,13,6,2,59,34,2,17,61,177,55,151,102,6,86,39,12,74,12,55,92,30,267,96,6,33,458,10,46,16,11,99,376,39,132,17,59,87,29,1422,993,45,307,75,518,854,340,143,164,514,1048,272,240,407,428,341,606,976,435,837,505,1180,848,1080,1169,1158,383,556,2708,984,717,632,8266,1171,675,628,1803,1460,3187,1134,1067,946,1420,991,1244,2138,2481,1185,1240,2869,1229,2027,2232,2592,2190,5904,2857,4992,3838,4109,6120,6326,18536,6220,8268,7376,6593,3067,12349,5775,3223,5897,8517,13440,18620,31546,19324,20423,20050,21159,25691,23483,25599,30381,34984,28983,34009,64125,58092,64622,86584,86539,105359,110820,104771,121188,162927,137758,169955,176081,201752,198348,221502,251358,239268,279803,256655,338045,276991,326190,349275,357440,365436,383427,384668,444545,468827,490848,494497,554811,636921,632233,720953,798931,873461,1011341,1060824,1079633,1072987,1208723,1212153,1285208,1321505,1310774,1324331,1371221,1374680,1318154,1371437,1295534,1217394,1107740,1118147,1011905,940727,859248,692208,528396,374697,214017,76750
2806,Developmental Neuroscience,Neuroscience,Life Sciences,0,0,0,0,0,0,0,0,0,0,0,0,0,0,0,0,0,0,0,0,0,0,0,0,0,0,0,0,0,0,0,0,0,0,0,0,0,0,0,0,0,0,0,0,0,0,0,0,0,0,0,0,0,0,0,0,0,0,0,0,0,0,0,0,0,0,0,0,0,0,0,0,0,0,0,0,0,0,0,0,0,0,0,0,0,0,0,0,0,0,0,0,0,0,0,0,0,0,0,0,0,0,0,0,0,0,0,0,0,0,0,0,0,0,0,0,0,0,0,0,0,0,0,0,0,0,0,0,0,4,0,0,0,0,0,0,0,0,0,0,0,0,0,0,0,0,0,15,0,1,0,0,0,1,0,0,2,5,0,0,0,0,0,0,2,0,1,1,7,9,0,1,0,2,1,1,0,59,0,6,0,0,0,0,0,13,3,6,14,1,43,4,0,239,2,5,0,115,1,2,1,1,2,34,7,27,1,0,2,30,47,30,31,27,7,44,50,121,3,158,90,50,64,50,166,209,98,51,103,523,58,221,154,286,120,358,173,846,150,953,661,670,407,611,301,276,334,549,776,704,1181,1603,684,1155,2782,1142,2166,1792,2476,1916,3507,4859,3098,4985,4820,9802,6646,4787,7785,8938,6162,10684,12879,13866,9171,12517,11485,15744,16534,17440,23926,19511,14886,16825,22305,20064,23352,17371,28296,26247,27959,30773,32895,42560,38115,43406,47180,61972,62328,94883,92864,88141,112488,111976,109847,117039,124368,114457,114861,113435,101533,102043,80491,92376,81457,83117,76030,61119,58687,55968,41273,34602,24473,16007,10081,4047
2807,Endocrine and Autonomic Systems,Neuroscience,Life Sciences,0,0,0,0,0,0,0,0,0,0,0,0,0,0,0,0,0,0,0,0,0,0,0,0,0,0,0,0,0,0,0,0,0,0,0,0,0,0,0,0,0,0,0,0,0,0,0,0,0,0,0,0,0,0,0,0,0,0,0,0,0,0,0,0,0,0,0,0,0,0,0,0,0,0,0,0,0,0,0,0,0,0,0,0,0,0,0,0,0,0,0,0,0,0,0,0,0,0,0,0,0,0,0,0,0,0,0,0,0,0,0,0,0,0,0,0,1,0,0,0,0,0,0,0,0,0,0,0,6,0,5,1,0,0,22,0,1,0,0,0,0,0,13,0,0,0,0,0,0,0,0,0,0,0,1,3,12,3,0,0,0,299,0,3,0,0,0,0,0,69,4,0,0,2,0,21,0,4,27,6,0,1,0,14,13,44,12,11,84,16,20,25,70,2,298,186,7,42,111,41,28,89,22,320,111,92,139,104,147,224,165,345,617,341,889,169,356,706,224,264,478,106,472,579,435,240,343,520,393,829,784,779,719,1293,952,739,1037,1128,1828,1345,2493,1806,1828,1128,739,662,3698,1219,1027,2255,1754,4965,4490,4582,4801,3446,6706,4132,3681,4527,8293,7503,7069,9823,8527,11316,13357,11702,13069,18550,18969,21448,27914,24504,27298,29380,37691,35446,38629,47563,50533,48576,53087,50816,58049,51168,53711,54266,54280,61734,60701,67170,68292,81692,81662,107220,150127,190516,197040,195746,234590,247513,256028,234999,231551,240083,219938,212302,218044,198382,200708,183179,183718,168609,172362,146792,146514,136325,127872,115307,102086,88252,59073,40886,23980,9676
2808,Neurology,Neuroscience,Life Sciences,0,0,0,0,0,0,0,0,0,0,0,0,0,0,0,0,0,0,0,0,0,0,0,0,0,0,0,0,0,2,0,0,0,0,1,0,0,0,0,0,0,0,0,0,0,0,0,1,0,0,0,0,3,0,0,0,0,12,0,0,0,0,0,0,0,69,0,0,0,3,0,0,0,0,0,4,0,0,0,0,0,0,0,0,0,0,1,0,0,0,2,0,1,19,2,1,0,21,0,0,0,15,2,26,0,36,0,2,1,33,133,12,1,0,9,32,3,0,4,9,2,37,2,2,196,71,100,25,54,35,5,19,32,18,391,5,66,73,42,66,172,55,71,7,586,17,45,198,16,46,42,85,98,72,12,84,7,56,271,66,152,21,153,48,49,101,234,201,90,589,141,54,180,471,300,284,915,612,1043,926,344,330,263,433,700,619,296,1473,1638,346,784,650,1081,1120,1785,2362,811,948,901,1032,1363,697,2278,1129,1791,2017,1092,1356,1713,1865,2238,3086,1221,961,1161,892,658,1630,1504,755,1016,2477,1752,2980,2465,1776,2793,3046,4865,3339,3486,3192,2675,3902,2861,4531,3467,3756,4447,2865,3864,3644,3643,3302,3449,2335,4298,5369,4772,7998,6777,11109,9193,7810,8602,8247,9277,9460,10118,9418,9903,12680,12198,12348,17454,18800,35538,27207,26567,33105,43153,38761,44845,39480,45912,46747,45031,52925,42980,49954,49485,49671,47403,46813,53027,60215,65383,60022,89439,67468,82199,83911,93612,101142,100602,108871,114276,121684,150991,143713,173269,170175,176064,204107,194125,227099,208801,231048,241848,258895,257586,263835,288405,297709,299107,337562,329173,345310,360958,347999,340455,280577,243563,180327,115812,45396
2809,Sensory Systems,Neuroscience,Life Sciences,0,0,0,0,0,0,0,0,0,0,0,0,0,0,0,0,0,0,0,0,0,0,0,0,0,0,0,0,0,0,0,0,0,0,0,0,0,0,0,0,0,0,0,0,0,0,0,0,0,0,0,0,0,0,0,0,0,0,0,0,0,0,0,0,0,0,0,0,0,0,0,0,0,0,0,0,0,0,0,0,0,0,0,0,0,0,0,0,0,0,0,0,0,0,0,0,0,0,0,0,0,0,0,0,0,0,0,0,0,0,0,0,3,0,0,0,0,0,0,0,0,6,0,0,3,0,1,0,0,0,0,0,1,10,0,0,6,0,0,0,3,0,1,0,2,0,0,0,1,10,0,1,0,0,0,0,0,0,0,0,0,0,1,0,0,0,1,1,0,6,113,0,1,5,7,0,2,2,1,32,21,31,87,8,2,5,15,29,14,100,1,1,18,16,22,13,63,1,27,17,45,65,53,111,39,88,15,21,117,44,69,63,465,193,54,44,115,37,76,7,61,208,414,124,376,353,420,183,245,200,603,1104,489,596,603,780,381,615,643,1252,857,1060,1602,137,332,375,631,642,691,935,1912,1360,1674,2270,2258,3513,2879,3563,2725,2541,3934,4792,4521,6028,6497,9130,9714,9316,9764,11244,11057,15090,14638,16501,15559,20147,18907,20862,26158,24918,26749,22300,30335,36575,38804,35677,36111,43214,48915,46472,52040,55436,56515,60501,56257,62783,79375,87982,89516,105755,111411,109758,132340,157777,142421,154558,164719,161046,153790,160045,150964,138502,131244,132524,132069,127309,115761,109747,97690,91401,128991,77640,57667,35434,21582,6846
2910,"Issues, ethics and legal aspects",Nursing,Health Sciences,0,0,0,0,0,0,0,0,0,0,0,0,0,0,0,0,0,0,0,0,0,0,0,0,0,0,0,0,0,0,0,0,0,0,0,0,0,0,0,0,0,0,0,0,0,0,0,0,0,0,0,0,0,0,0,0,0,0,0,0,0,0,0,0,0,0,0,0,0,0,0,0,0,0,0,0,0,0,0,0,0,0,0,0,0,0,0,0,0,0,0,0,0,0,0,0,0,0,0,0,0,0,77,0,0,0,0,0,0,0,0,0,0,0,0,0,0,0,1,0,0,0,5,0,0,0,0,0,2,0,0,1,0,1,0,0,0,0,0,0,0,0,1,0,10,0,0,0,0,0,18,1,0,0,0,0,0,6,3,383,0,3,0,0,0,0,0,0,0,2,0,0,11,3,22,1,2,0,0,6,0,0,5,38,5,4,24,1,4,15,4,2,18,14,4,5,4,3,34,26,52,29,33,55,40,21,25,109,49,32,18,48,299,16,324,35,27,78,35,409,826,224,118,122,46,38,117,67,345,97,743,52,155,105,129,72,47,113,42,172,439,306,44,64,82,460,504,342,139,113,94,263,1573,188,137,249,226,880,367,310,429,916,802,905,858,1159,1384,585,921,908,2423,2012,2265,1158,1228,2619,1882,4495,3535,3419,4257,4157,2744,5218,9043,7323,8083,21662,5085,10098,6741,7454,10910,6570,11626,7268,6459,8911,8139,7723,10662,7800,11146,7160,10938,9284,11362,10955,7432,8787,10913,14467,11123,16389,11830,8884,20445,10767,7535,7335,7965,6560,4141,2821,1685,996
2911,Leadership and Management,Nursing,Health Sciences,0,0,0,0,0,0,0,0,0,0,0,0,0,0,0,0,0,0,0,0,0,0,0,0,0,0,0,0,0,0,0,0,0,0,0,0,0,0,0,0,0,0,0,0,0,0,0,0,0,0,0,0,0,0,0,0,0,0,0,0,0,0,0,0,0,0,0,0,0,0,0,0,0,0,0,0,0,0,0,0,0,0,0,0,0,0,0,0,0,0,0,0,0,0,0,0,0,0,0,0,0,0,0,0,0,0,0,0,0,0,0,0,0,0,0,0,0,0,0,0,0,0,0,0,0,0,0,0,0,0,0,0,0,0,0,0,0,0,0,0,0,0,0,0,0,0,0,0,0,0,0,0,0,0,0,0,0,0,0,0,0,0,0,0,0,0,0,0,0,0,0,2,0,0,0,0,0,0,0,0,0,0,0,0,0,0,0,0,0,0,0,6,0,0,0,0,0,0,0,0,0,0,0,0,0,0,0,0,0,0,2,0,0,3,32,3,1,29,24,5,1,0,46,8,3,1,1,23,2,17,0,3,4,6,10,1,5,12,7,45,52,1,8,145,69,27,13,16,46,15,25,44,68,74,40,101,42,37,129,66,200,235,89,97,44,171,196,162,74,779,367,70,207,160,562,258,227,134,279,524,475,326,199,536,863,358,679,677,625,487,1040,687,766,434,686,662,783,1414,1545,1348,1581,2053,2005,2320,1717,2034,2706,2850,3159,4196,4569,4837,5855,6038,6728,6084,6293,6676,6518,5949,6167,4582,3275,2080,1972,741
2916,Nutrition and Dietetics,Nursing,Health Sciences,0,0,0,0,0,0,0,0,0,0,0,0,0,0,0,0,0,0,0,0,0,0,0,0,0,0,0,0,0,0,0,0,0,0,0,0,0,0,0,0,0,0,0,0,0,0,0,0,0,0,0,0,0,0,0,0,0,0,0,0,0,0,0,0,0,0,0,0,0,5,0,2,0,0,0,0,0,0,2,0,0,0,0,0,0,0,0,0,0,0,0,0,0,0,0,0,0,0,0,0,116,0,0,6,2,7,0,0,1,0,2,4,0,0,0,0,0,0,0,3,1,0,0,85,7,0,0,2,10,0,1,2,28,4,15,1,0,0,9,3,1,3,3,6,4,0,1,3,17,17,14,4,66,7,7,11,4,10,3,8,6,0,3,2,3,1,1,2,8,10,5,38,13,47,15,126,15,12,54,4,33,42,95,145,43,38,56,55,32,15,152,35,115,38,102,96,128,130,94,61,209,250,110,136,524,445,189,376,301,433,235,344,385,524,766,333,1034,518,473,546,1122,868,1642,1589,1191,2084,1654,2181,2981,2945,3395,3367,5624,6011,5237,5876,7608,6647,6654,8178,6994,6439,6626,5119,3938,3922,5535,7219,8695,11346,12107,9745,13268,16928,16992,17763,68686,18436,19543,94851,32227,25393,29787,30869,28000,38412,38817,45281,42010,54793,55516,56399,63044,71015,69239,74930,82674,84543,93173,101646,112572,124995,125028,128625,149404,136206,156555,158182,166756,172920,196909,218722,201097,212988,215632,227244,246565,276998,275835,310366,373542,337740,414647,424424,403776,413823,447321,450923,482465,490640,472723,482962,477635,523328,501787,485499,473058,559700,488311,459779,485696,388042,295048,213840,134335,50501
2922,Research and Theory,Nursing,Health Sciences,0,0,0,0,0,0,0,0,0,0,0,0,0,0,0,0,0,0,0,0,0,0,0,0,0,0,0,0,0,0,0,0,0,0,0,0,0,0,0,0,0,0,0,0,0,0,0,0,0,0,0,0,0,0,0,0,0,0,0,0,0,0,0,0,0,0,0,0,0,0,0,0,0,0,0,0,0,0,0,0,0,0,0,0,0,0,0,0,0,0,0,0,0,0,0,0,0,0,0,0,0,0,0,0,0,0,0,0,0,0,0,0,0,0,0,0,0,0,0,0,0,0,0,0,0,0,0,0,0,0,0,0,0,0,0,0,0,0,0,0,0,0,0,0,0,0,0,0,1,0,0,0,0,0,0,0,0,0,0,0,907,0,0,0,0,0,0,0,0,0,0,0,0,0,0,0,0,0,0,0,0,0,0,0,0,0,0,0,0,0,0,0,0,0,0,0,0,0,0,0,0,0,0,2,0,2,0,17,0,0,1,0,2,1,1,0,1,0,0,0,2,1,1,0,7,1,0,0,0,1,2,0,2,5,10,4,1,44,0,78,11,4,1,43,0,78,1,0,0,3,2,1,5,15,3,4,5,0,29,28,5,23,97,28,26,33,117,38,219,60,211,232,797,86,139,127,207,173,3057,164,292,797,502,1815,689,1074,5065,1521,1375,1857,2243,2137,2924,4275,3800,4705,5502,4547,5416,6300,10551,10332,20455,15915,16869,17012,21704,23243,26215,21882,24677,27599,29777,27151,21151,25867,22499,26255,25739,25233,23570,19667,16470,10780,8126,3237
3003,Pharmaceutical Science,"Pharmacology, Toxicology and Pharmaceutics",Life Sciences,0,0,0,0,0,0,0,0,0,0,0,0,0,0,0,0,0,0,0,0,0,0,0,0,0,0,0,0,0,0,0,0,0,0,0,0,0,0,0,0,0,0,0,0,0,0,0,0,0,0,0,0,0,0,0,0,0,0,0,0,0,0,0,0,0,0,0,0,0,0,0,0,0,0,0,0,0,0,0,0,0,0,0,0,0,0,0,0,0,0,0,0,0,0,0,0,0,0,0,0,0,0,0,0,0,0,0,1,0,0,0,0,0,0,30,0,0,0,0,0,0,0,0,0,0,0,1,0,0,0,0,0,3,3,2,1,1,0,1,0,2,0,0,2,0,0,0,3,0,0,125,2,0,2,3,0,0,0,0,0,0,3,15,4,2,4,6,24,2,22,5,88,61,2,0,12,18,8,71,5,47,178,32,61,43,10,49,104,96,319,77,188,49,57,131,127,134,91,165,182,384,116,123,320,212,99,320,275,228,279,644,332,276,331,392,823,218,290,407,220,229,757,322,522,514,1001,645,1473,703,929,586,1147,1432,1656,2108,2655,1993,1999,1489,2845,1956,1966,2048,1544,1360,794,3411,5331,3674,5616,7573,5828,8892,8045,6876,8491,9503,10422,9494,11276,13218,17971,15657,19851,15873,24859,17661,21698,20923,24688,22855,25982,22717,23153,21444,26533,23593,22975,26083,24425,45908,28836,31775,31280,35541,36050,36791,44575,41066,45345,50058,55249,56282,53248,59809,72376,71643,74948,78611,80048,95397,118614,118006,120834,139948,124630,149303,164523,163684,158020,167728,193527,202135,201801,207588,202726,196279,196381,187176,179951,187380,151612,117293,93811,58899,23587
3004,Pharmacology,"Pharmacology, Toxicology and Pharmaceutics",Life Sciences,0,0,0,0,0,0,0,0,0,0,0,0,0,0,0,0,0,0,0,0,0,0,0,0,50,0,0,0,0,0,0,0,0,0,0,0,0,0,0,1,0,0,0,0,0,0,0,0,0,0,0,0,0,0,0,0,0,0,0,0,0,0,0,0,0,0,0,0,0,0,0,0,0,0,0,0,0,0,0,0,0,0,3,0,0,0,0,2,0,0,0,0,0,0,0,0,0,0,0,1,0,0,0,0,0,0,0,0,1,0,0,0,18,0,1,0,0,0,0,0,0,0,1,1,6,2,2,2,1,258,0,6,14,4,40,8,23,18,7,285,23,8,17,5,17,5,14,9,14,64,11,31,12,8,13,9,22,24,8,5,106,26,22,13,7,4,6,7,21,64,22,28,45,17,19,95,76,59,37,59,89,71,161,92,101,132,157,173,51,112,134,179,77,187,166,302,573,195,227,136,205,250,196,240,132,265,382,292,269,694,354,412,341,262,595,469,283,224,368,505,267,451,466,633,757,531,522,780,586,1280,2042,1246,2635,1011,1047,1140,1582,2046,1378,1375,1448,1479,1416,2643,1314,2007,2226,4521,3389,19768,6393,4180,5333,9946,6120,14007,4946,5608,7286,8874,8024,8095,15309,10757,24843,14557,17036,21236,22648,20028,22934,24513,25447,30958,29979,35150,38572,39463,40896,44327,45711,44988,47727,49439,49171,52160,56329,52585,55067,64176,65405,63297,65822,73876,81524,85539,85836,99682,96284,105984,126037,124892,142848,154656,161050,175084,165713,162368,164132,172505,165672,163677,156112,162959,153716,149390,141760,147804,144636,144511,143441,117905,87354,62109,39791,15484
3005,Toxicology,"Pharmacology, Toxicology and Pharmaceutics",Life Sciences,0,0,0,0,0,0,0,0,0,0,0,0,0,0,0,0,0,0,0,0,0,0,0,0,0,0,0,0,0,0,0,0,0,0,0,0,0,0,0,0,0,0,0,0,0,0,0,0,0,0,0,0,0,0,0,0,0,0,0,0,0,0,0,0,0,0,0,0,0,0,0,0,0,0,0,0,0,0,0,0,0,0,0,0,0,0,0,0,0,0,0,0,0,0,0,0,0,0,0,0,0,0,0,0,0,0,0,0,0,0,0,0,0,0,0,0,0,0,0,0,0,0,0,3,0,0,0,0,0,5,2,0,0,0,1,1,0,0,0,0,0,0,0,48,0,0,0,0,0,0,0,0,3,0,0,0,0,0,2,0,2,0,8,0,0,0,0,0,0,0,0,2,1,0,14,1,0,0,24,4,12,9,6,11,5,8,11,5,2,5,13,5,98,10,7,165,42,6,22,3,8,0,58,26,58,17,5,14,36,39,150,16,77,141,81,25,34,14,23,37,96,184,75,153,157,269,382,109,140,95,100,256,240,139,312,366,439,514,426,456,274,228,232,590,116,317,401,920,1655,696,894,555,853,1089,1258,894,1544,1139,1522,896,1122,1593,2172,2083,2007,2634,2631,3694,3708,3966,3800,7806,7623,5732,5236,7351,8085,9637,10031,10778,9475,21116,9478,8106,11478,12984,13702,14461,14204,15774,17712,19041,21074,20378,21647,23083,21249,27702,36612,30238,38720,41423,42655,47432,51342,45910,47900,44787,48457,47413,53076,62830,59679,60344,59431,55310,58103,55127,48804,49493,44584,34706,25168,19530,13543,5583
3102,Acoustics and Ultrasonics,Physics and Astronomy,Physical Sciences,0,0,0,0,0,0,0,0,0,0,0,0,0,0,0,0,0,0,0,0,0,0,0,0,0,0,0,0,0,0,0,0,0,0,0,0,0,0,0,0,0,0,0,0,0,0,0,0,0,0,0,0,0,0,0,0,0,0,0,0,0,0,0,0,0,0,0,0,0,0,0,0,0,0,0,0,0,0,0,0,0,0,0,0,0,0,0,0,0,0,0,0,0,0,0,0,0,0,0,0,0,0,0,0,0,0,0,0,0,0,0,0,0,0,0,0,0,0,0,0,0,0,0,0,0,0,0,0,0,0,0,0,0,0,0,0,0,0,0,0,0,0,0,0,0,0,0,0,0,0,0,0,0,0,0,0,0,0,0,0,0,0,0,0,0,0,0,0,0,0,0,0,0,0,0,0,0,0,0,0,0,0,0,0,0,0,0,0,0,0,0,0,0,0,0,0,0,0,0,0,0,0,0,0,0,0,0,0,0,0,0,0,0,0,0,0,0,0,0,0,0,0,0,3,0,0,0,0,0,0,6,0,0,0,0,0,0,0,2,0,0,0,0,22,19,0,0,0,0,0,0,148,0,0,11,0,0,7,0,6,19,147,15,66,24,64,116,142,211,206,3228,577,325,297,526,3554,324,864,717,825,726,690,757,939,3412,4615,3966,13776,5870,4063,4574,4232,2940,3058,4468,4217,4869,4777,3292,5720,5279,4440,3437,4169,8231,7941,5777,6832,8352,8220,15250,10992,17303,13930,13613,18847,16917,15782,16031,16370,13109,12394,11080,8757,4794,1787
3103,Astronomy and Astrophysics,Physics and Astronomy,Physical Sciences,0,1,0,5,1,71,3,3,0,5,2,0,13,0,13,17,25,9,22,9,18,8,0,4,3,0,1,0,109,0,2,41,4,3,2,3,0,1,2,7,0,3,5,1,3,1,1,0,25,3,1,2,6,12,0,46,0,10,0,27,0,44,1,12,3,5,7,2,6,30,0,42,5,2,34,12,13,4,6,9,11,33,234,79,228,510,295,40,17,32,24,34,25,29,14,144,11,55,32,22,315,203,122,707,42,6461,22,22,98,80,152,76,59,21,82,16,4,37,12,25,14,17,218,121,320,59,87,128,158,70,201,86,219,250,325,373,698,324,264,112,109,49,383,271,547,213,209,463,157,341,413,469,268,221,86,219,547,414,512,1215,1513,393,377,302,309,233,229,402,218,721,754,579,367,414,665,498,781,660,2399,1871,1015,938,686,845,962,594,10513,574,868,700,1193,1404,2367,1106,1225,1155,1497,2297,1345,1958,1539,1633,2046,1757,2142,1266,4990,2783,2651,2350,3127,3515,2436,2952,1820,3071,3394,4668,3900,3929,6612,6420,4750,6315,7803,5232,6158,6751,3526,9096,7205,14391,5533,7591,7235,10021,7356,10032,14441,22562,6714,8265,8278,8824,7922,7698,11573,9834,12308,14864,21052,23472,21443,26364,19043,33417,27215,32011,44711,47524,51923,68286,78474,78459,88337,89481,101633,112568,132545,150948,163205,160068,158495,195728,203837,180698,186146,198410,200148,227753,255746,236734,269494,244237,287077,271756,256752,263476,287567,311651,301053,306263,364063,404229,412871,455030,508248,577812,714081,692246,748298,903676,895960,1029247,1020579,1050385,1148040,1045104,1044799,1098994,1081862,1102193,1088236,1072549,1029121,948825,1095128,916630,895135,808781,759458,554676,447512,365837,225443,92090
3104,Condensed Matter Physics,Physics and Astronomy,Physical Sciences,0,0,0,0,0,0,0,0,0,0,0,0,0,0,0,0,0,0,0,0,0,0,0,0,0,0,0,0,0,0,0,0,0,0,0,0,0,0,0,0,0,0,0,0,0,0,0,0,0,0,0,0,0,0,0,0,0,0,0,0,0,0,0,0,0,0,0,0,0,0,0,0,0,0,0,0,0,0,0,0,0,0,0,0,0,0,0,0,0,0,0,0,0,0,0,0,0,0,0,0,21,0,0,0,0,0,0,0,0,0,0,0,0,0,0,0,0,0,0,0,0,4,0,0,0,0,0,0,0,3,0,0,1,0,0,1,0,0,0,1,0,0,0,10,0,0,0,5,2,0,0,0,0,77,1,0,1,0,4,0,0,0,1,0,10,0,0,0,0,0,0,0,14,0,0,0,0,1,4,0,12,44,0,4,1,56,0,1,0,8,22,0,0,0,6,0,82,17,93,4,104,101,1,604,27,98,379,65,52,45,66,238,268,1740,665,218,76,40,55,77,54,214,507,1533,289,366,2748,1680,492,538,883,310,1886,830,403,786,1977,1502,694,12578,1727,3385,462,301,6888,725,1460,1226,2781,3822,8055,6482,21975,8058,8403,8137,15555,22932,15757,19273,21269,34657,42246,48147,60063,46815,62264,55999,64535,57863,56070,60883,71164,74077,83660,91452,74874,79218,77856,86919,86358,98811,103504,174906,123647,133263,160953,254163,300726,286075,261304,262256,247440,260224,260997,258185,288042,276379,268286,272799,273214,320891,279563,274054,267797,270030,259388,254319,238337,252616,246701,228752,232795,232662,230132,237510,227865,223866,209268,198050,182427,148684,125326,91940,61295,21906
3105,Instrumentation,Physics and Astronomy,Physical Sciences,0,0,0,0,0,0,0,0,0,0,0,0,0,0,0,0,0,0,0,0,0,0,0,0,0,0,0,0,0,0,0,0,0,0,0,0,0,0,0,0,0,0,0,0,0,0,0,0,0,0,0,0,0,0,0,0,0,0,0,0,0,0,0,0,0,0,0,0,0,0,0,0,0,0,0,0,0,0,0,0,0,0,0,0,0,0,0,0,0,0,0,0,0,0,0,0,0,0,0,0,2,0,0,0,0,0,0,0,0,0,0,0,0,0,0,0,0,0,0,0,0,0,0,0,0,0,0,0,0,0,0,0,0,0,0,0,0,0,0,0,0,0,0,0,0,0,0,0,0,0,1,0,0,0,0,3,0,0,0,0,2,0,1,0,0,0,0,0,0,6,0,0,0,1,0,0,0,0,0,0,3,2,0,0,0,0,0,0,0,0,2,0,3,1,6,6,3,12,8,13,7,6,5,19,19,11,174,14,1,6,25,209,16,6,222,14,54,32,9,3,33,22,654,24,19,287,1336,19,244,251,49,27,34,45,356,46,190,1570,151,112,96,199,70,17,56,167,129,307,117,376,275,940,379,241,770,342,689,809,2331,695,1396,2334,2874,1408,2048,2074,2961,2383,2260,3298,4998,3136,11871,4184,5125,5025,8409,6567,7411,7047,13482,10387,8704,12407,13160,12113,13637,16831,15359,18312,13578,23782,19804,20800,27168,29494,31988,18266,17312,17579,15897,16013,12753,22731,20889,13743,20012,19536,17852,22473,23912,25360,32218,23835,25065,25569,23390,20191,21537,27691,22258,17368,14255,12421,15921,6109
3106,Nuclear and High Energy Physics,Physics and Astronomy,Physical Sciences,0,0,0,0,0,0,0,0,0,0,0,0,0,0,0,0,0,0,0,0,0,0,0,0,0,0,0,0,0,0,0,0,0,32,0,0,0,0,0,0,0,0,0,0,0,0,0,0,0,0,0,0,0,0,0,0,0,0,0,0,0,0,0,0,0,0,0,0,0,0,0,0,0,0,1,0,0,0,0,0,0,0,0,0,0,0,0,0,0,0,0,0,0,0,0,0,0,0,13,0,0,0,0,0,0,0,0,0,7,0,0,0,0,0,0,0,0,0,0,0,0,0,0,0,3,3,2,0,0,0,0,8,0,0,0,0,1,0,16,0,1,0,1,0,0,0,0,1,0,0,0,0,0,0,3,0,0,3,3,0,1,0,20,0,0,1,2,1,0,0,0,1,3,0,0,1,2,2,10,7,16,0,5,0,3,21,2,0,4,1,8,9,12,6,2,104,4,4,8,16,135,9,0,7,38,11,18,35,53,48,79,1395,21,19,4,7,12,52,127,37,29,237,45,24,77,61,185,52,169,150,62,134,311,1074,2609,800,2323,3058,2652,2978,3101,1527,688,261,333,290,1603,3411,4962,8769,9112,11643,10629,17938,24813,21118,30636,32783,44515,29188,40367,35729,57757,52307,83277,78117,89348,98188,90341,113379,91980,105414,122050,152218,173363,155221,159328,195023,200657,231103,224305,234420,223066,238072,257766,267554,268479,255706,262827,245637,271077,297137,306921,310743,357543,409887,429530,419440,578592,524834,524841,556636,565193,554800,560780,576866,550499,543979,615931,586782,585722,572699,658622,624790,594480,562301,603095,502039,486967,427524,1197787,313582,247116,192374,114216,42441
3107,"Atomic and Molecular Physics, and Optics",Physics and Astronomy,Physical Sciences,0,0,0,0,0,0,0,0,0,0,0,0,0,0,0,0,0,0,0,0,0,0,0,0,0,0,0,0,0,0,0,0,0,0,0,0,0,0,0,0,0,0,10,0,0,0,4,0,0,0,0,0,9,3,0,0,0,0,0,2,0,0,0,0,0,0,0,0,0,0,0,4,0,0,0,0,0,0,1,0,3,0,0,6,0,0,116,0,1,0,0,0,0,0,0,0,0,0,0,2,134,14,3,12,14,14,4,7,5,88,3,41,1,3,2,13,0,5,5,0,0,7,80,43,0,26,19,1,15,5,5,12,203,42,84,20,608,7,8,7,9,98,2,97,93,206,213,18,153,7,152,82,922,996,17,11,27,566,93,70,216,176,23,415,89,351,29,232,6,306,112,73,49,32,79,437,76,191,139,263,244,208,146,395,694,254,334,766,502,889,599,403,474,840,515,416,824,1885,770,658,1465,2924,1551,636,1428,5906,678,1449,12583,4329,2980,5188,3665,2814,2753,2201,1054,1042,1845,1726,1894,8067,3490,4324,5147,5000,19825,19655,28189,20745,22159,15550,14629,13815,20624,48220,22669,20768,23402,19956,18143,14496,9183,8543,4565,6355,10155,22425,41342,44159,54965,45485,49417,48290,79375,67230,67665,115760,105335,100342,115969,155183,165556,178139,196238,271059,221968,227575,259883,281110,308954,274443,307761,322099,313462,322924,423148,356630,347114,353099,428629,426633,460485,455872,554006,588121,570047,566822,734875,647463,701407,692016,832534,931435,846052,822484,1344199,843606,971209,1079245,966992,966147,1020396,980416,1078007,1124868,1100579,1100302,1078439,1080505,1158020,1180415,1041184,981467,945675,931624,961968,890338,866543,808943,759093,576468,425073,325153,207780,79841
3108,Radiation,Physics and Astronomy,Physical Sciences,0,0,0,0,0,0,0,0,0,0,0,0,0,0,0,0,0,0,0,0,0,0,0,0,0,0,0,0,0,0,0,0,0,0,0,0,0,0,0,0,0,0,0,0,0,0,0,0,0,0,0,0,0,0,0,0,0,0,0,14,0,0,0,0,0,0,0,0,0,0,0,0,0,0,0,0,0,0,0,0,0,0,0,0,0,0,0,0,0,0,0,0,0,0,0,0,0,0,0,0,0,0,2,0,0,0,0,0,0,0,0,0,0,0,1,2,0,0,0,0,0,0,2,0,0,0,0,0,0,1,0,0,0,0,0,0,0,2,0,0,0,0,0,1,1,1,0,3,0,0,1,0,1,2,0,0,4,0,0,15,3,0,6,6,3,0,0,0,3,1,0,0,0,3,4,0,5,7,6,1,2,39,4,3,32,6,10,23,1,0,371,0,4,11,3,96,85,110,674,20,12,76,175,54,283,151,117,211,465,180,231,181,153,1660,281,319,155,83,331,423,247,462,738,670,1076,1168,1298,745,3921,1020,1530,1819,3397,2455,7270,5207,4406,7480,3805,4471,3762,4033,1421,1649,1279,2748,7273,8575,7938,11431,23079,12415,17538,27439,14464,16425,18124,16300,22507,19214,28832,19325,22019,23207,24482,25236,30659,34279,35552,54106,37966,36909,41319,38640,43492,44680,37626,49119,40179,43693,43741,41585,46640,48830,42718,51247,43008,51723,48945,53375,47992,57596,62391,57053,56410,77231,64125,68248,70715,79895,88380,79194,103380,100344,102095,117840,124351,112216,114400,120922,128562,119335,119667,119483,120945,109210,95945,98517,100189,87408,81163,64367,48223,36767,24669,9637
3109,Statistical and Nonlinear Physics,Physics and Astronomy,Physical Sciences,0,0,0,0,3,0,7,1,3,1,2,28,22,0,0,0,0,0,117,17,6,0,0,2,0,0,0,0,0,0,0,0,0,0,0,6,0,0,0,7,0,0,0,0,1,4,6,0,2,0,4,156,12,14,0,0,0,0,0,3,0,5,0,0,8,0,0,14,0,0,0,0,0,5,5,31,4,7,0,2,0,1,12,15,10,0,0,4,16,2,9,0,0,1,0,1,0,5,1,5,12,2,46,67,3,18,8,3,1,2,2,0,9,9,3,0,151,1,57,0,13,17,2,32,3,9,39,18,42,6,29,74,403,100,42,5,17,81,14,7,17,27,28,133,10,37,172,59,7,280,35,144,236,773,164,922,260,534,29,460,613,58,224,41,290,27,273,2471,665,67,1017,288,430,447,687,261,257,992,3822,743,796,2330,1667,818,1308,1243,546,908,605,1359,898,653,533,635,1165,1552,921,1413,1107,677,1225,1153,1958,1783,1500,4113,5834,2113,2641,2779,2702,2911,3205,1754,6419,2641,1721,904,1199,1332,1989,4879,6466,3380,6510,9621,5840,6933,11169,9551,10721,17884,16700,12579,8823,4915,7527,15015,10358,7387,12748,4519,4570,11109,2919,12475,15716,9975,27475,24011,22455,34502,21641,30324,61355,19872,20674,50992,61455,72462,48163,61993,40415,56703,68404,56350,72222,75736,74302,61099,73590,57809,76397,132649,62561,99655,95095,140309,109765,104817,90333,104715,111108,138504,143009,157148,123179,132360,142884,180020,177589,154303,154237,238258,218571,193695,196549,216528,249342,269271,274565,307404,355319,323116,343101,357253,349269,346062,355260,355237,388412,350219,320470,330381,321378,292752,336661,303966,338391,282845,270032,244917,193464,149146,99166,34993
3200,General Psychology,Psychology,Social Sciences,0,0,0,1,0,0,0,0,0,0,0,0,0,0,0,0,0,0,0,0,0,0,0,0,0,0,0,0,0,0,0,0,0,0,0,0,0,0,0,0,0,0,0,0,0,0,0,0,0,0,0,0,0,0,0,0,0,0,0,0,0,0,0,0,0,0,0,0,0,0,0,0,0,0,0,0,0,0,0,0,0,0,0,0,0,0,0,0,0,0,0,0,0,0,0,0,0,0,0,39,0,1,0,0,0,47,3,0,0,19,3,0,0,0,5,0,0,0,1,0,0,0,0,0,139,0,1,1,0,1,2,0,0,2,2,2,0,0,0,2,0,21,2,19,0,63,23,12,1,9,46,0,6,2,7,874,9,4,1,2,0,241,1,2,3,3,15,2,4,13,13,4,2,473,716,50,62,229,51,51,128,28,58,182,180,168,526,235,198,149,4342,13801,1417,298,1254,591,644,1301,865,2127,403,921,470,1112,1102,854,1221,1065,1652,1177,1266,704,946,9043,1484,477,969,511,706,11645,838,2133,928,2341,1938,1616,2609,2142,1492,1237,7159,2946,13310,2571,5689,5280,3259,3558,3336,4028,2568,1986,2123,3949,2893,2282,6227,1834,8077,5282,8826,6847,7565,22390,12410,4480,4176,11747,7053,5452,9058,6984,10164,7418,6876,6010,18216,16468,13582,5299,7262,6244,13327,7924,9688,14198,12562,12622,16313,9124,13938,26156,9895,8435,13689,25849,12362,11249,13486,11483,18751,11745,15564,14186,15992,16717,13374,17957,14366,12536,15945,16544,14005,11994,12106,11970,11081,15434,15095,11511,18668,7751,13948,17600,18195,10901,8049,10223,8205,6176,5253,7441,3333,1740,3015,625
3202,Applied Psychology,Psychology,Social Sciences,0,0,0,0,0,0,0,0,0,0,0,0,0,0,0,0,0,0,0,0,0,0,0,0,0,0,0,0,0,0,0,0,0,0,0,0,0,0,0,0,0,0,0,0,0,0,0,0,0,0,0,0,0,0,0,0,0,0,0,0,0,0,0,0,0,0,0,0,0,0,0,0,0,0,0,0,0,0,0,0,0,0,0,0,0,0,0,0,0,0,0,0,0,0,0,0,0,0,0,0,3,0,0,0,0,0,0,0,0,0,0,0,0,0,0,0,0,0,0,0,0,0,0,0,0,0,0,0,0,0,0,5,0,0,1,0,0,1,0,0,0,0,0,0,0,0,0,3,0,0,0,0,0,0,0,0,0,0,0,327,0,0,0,0,0,0,1,2,0,0,0,1,0,1,0,10,6,1,2,0,0,0,10,8,0,2,0,0,1,44,1,0,8,39,89,20,0,12,4,181,4,216,0,27,14,147,21,1,6967,4,136,135,234,57,77,29,79,105,188,103,49,187,121,131,157,55,175,120,243,361,221,114,134,277,469,663,1042,2937,1078,1117,902,1221,1829,21564,2290,1870,2503,3071,2323,4181,3463,3635,4831,4950,5452,17170,4087,5425,12382,13219,12718,3793,6657,6199,15254,13446,9705,8329,14362,7188,12543,18665,10809,9657,24530,17666,15982,18679,27009,23452,17508,22981,21425,32130,32746,45591,35542,42895,56445,56299,83922,153445,62527,54858,108816,69329,87582,69224,75761,117806,100218,94013,109502,100924,110071,92772,127914,123747,118992,127446,138203,135813,118708,147517,127447,126482,134907,147465,126171,117255,130415,96979,70476,58515,34085,14283
3203,Clinical Psychology,Psychology,Social Sciences,0,0,0,0,0,0,0,0,0,0,0,0,0,1,0,0,0,1,0,0,0,0,0,0,0,0,0,6,0,0,0,0,0,0,0,0,0,0,0,0,0,0,0,0,0,1,0,0,0,0,0,0,0,1,0,0,0,0,0,0,0,0,0,0,0,0,0,0,1,0,0,2,0,0,0,0,0,0,0,0,0,0,0,0,0,0,0,0,0,0,0,0,0,0,0,0,1,161,0,1,2,0,2,0,1,111,3,349,11,240,0,7,5,3,0,4,1,6,42,0,4,1,18,7,44,28,11,3,53,26,18,26,60,4,15,12,10,32,66,11,69,58,37,52,210,176,52,135,7,18,28,47,35,29,111,237,99,85,44,158,166,67,70,24,44,154,114,29,66,159,179,146,78,67,127,135,72,185,100,80,163,150,2071,141,165,230,262,320,349,419,549,250,361,719,388,2280,576,206,504,316,634,458,574,541,1881,4126,1029,570,1022,2606,1284,2580,1339,965,3764,2076,1780,3894,1001,902,5632,1377,8466,5631,2450,2490,3459,1872,3019,3766,2917,4761,4676,6196,3313,8755,11403,5425,12855,21034,7088,6816,5198,5870,8788,6797,15760,11320,14110,14680,15984,31860,18220,24482,31961,20978,26262,25781,24521,33027,62206,43181,42635,42622,39200,67825,67395,61343,74036,63875,96475,69261,74107,101257,91988,116105,124921,131238,166895,178610,186019,161307,186630,205946,223255,270957,274927,301505,325343,367698,402157,428867,412845,457504,483963,527248,549672,574631,586860,598915,714590,749438,781664,885275,887083,920814,926336,969789,939379,940254,987933,969672,928351,981363,954866,951362,879218,873742,855427,750981,1659112,1002518,585464,348360,203339,70225
3204,Developmental and Educational Psychology,Psychology,Social Sciences,0,0,0,0,0,0,0,0,0,0,0,0,0,0,0,0,0,0,0,0,0,0,0,0,0,0,0,0,0,0,0,0,0,0,0,0,0,0,0,0,0,0,0,0,0,0,0,0,0,0,0,0,0,0,0,0,0,0,0,0,0,0,0,0,0,0,0,0,0,0,0,0,0,0,0,0,0,0,0,0,0,0,0,0,0,0,0,0,0,0,0,0,0,0,0,0,0,0,0,0,6,0,0,0,0,0,0,61,0,0,0,0,0,0,0,0,0,2,4,0,2,0,1,0,0,1,0,11,0,3,4,2,0,3,0,0,0,1,15,2,1,1,1,4,0,0,0,5,1,0,4,15,5,28,56,1,1,0,85,2,4,4,5,25,3,14,0,30,1,0,13,4,10,8,194,9,18,0,238,57,258,10,313,11,233,3,12,84,64,22,58,47,179,248,140,76,728,714,87,203,124,850,102,400,420,232,49,259,127,373,412,1412,442,739,388,846,359,261,529,127,2357,460,786,1314,726,745,2465,974,1481,1359,1360,1316,1556,2186,1519,3356,4083,3427,4093,7192,3010,4741,2919,4184,5863,2729,10109,4079,6855,6937,13890,6730,7357,19402,12772,11238,27018,21455,53813,19856,17267,25474,40038,30477,32137,37526,62898,52891,58624,78615,56069,77913,56729,88382,78895,97216,95481,143109,171491,171427,143482,133771,136160,147244,169040,154373,180235,169230,188997,186962,237859,236763,227519,247604,253053,226391,288814,260274,303292,297513,360621,355755,355238,476505,432892,427536,408225,499219,469482,441446,446929,430803,446374,444169,419283,379684,345458,351806,333009,286926,286620,231771,162348,110865,76019,24751
3205,Experimental and Cognitive Psychology,Psychology,Social Sciences,0,0,0,0,0,0,0,0,56,0,0,0,0,0,0,0,0,0,0,0,0,0,0,0,0,0,0,0,4,0,0,0,0,0,0,0,0,1,0,0,0,0,0,0,0,0,0,0,0,0,0,0,0,0,0,0,0,0,0,0,0,0,0,0,0,0,0,0,0,0,2,0,0,0,0,0,0,0,0,0,0,0,0,0,0,1,0,0,0,0,1,0,0,0,72,0,0,0,0,4,13,0,21,8,7,5,1,60,0,4,0,0,4,290,0,2,3,1,0,1,24,2,1,0,2,1,0,12,7,1,29,0,35,25,4,11,10,6,0,5,0,65,1,1,3,2,88,17,0,39,19,29,3,6,47,15,15,234,6,246,17,18,9,14,70,33,19,54,138,4,4,109,93,70,34,234,114,72,94,292,426,438,57,210,3346,187,254,178,112,973,487,392,182,357,677,3546,309,284,1357,172,466,546,275,418,5046,949,578,827,451,1722,2420,1226,754,888,883,3130,2451,1857,1341,1470,1847,1099,4033,2232,1593,1552,2965,21804,2714,3370,1827,1481,6075,4081,3557,20789,12725,3411,3082,8803,3672,6478,4985,3251,7256,4012,4200,8329,4682,6494,18245,13502,23698,13042,16819,16289,12776,39523,23473,16932,29836,69806,34560,38242,45645,39271,61634,71677,77099,90357,71361,74959,88247,84004,93398,128223,112563,91135,119885,111214,137679,145170,144017,205832,159594,174368,186860,176570,244482,250368,255281,242181,245592,266723,261660,277275,306869,347600,356132,342871,441465,414251,442689,478850,485373,523433,583056,563186,555227,552931,570405,585394,583248,552049,552164,532571,502936,520956,472468,435117,411362,328615,245322,198070,115535,41989
3206,Neuropsychology and Physiological Psychology,Psychology,Social Sciences,0,0,0,0,0,0,0,2,0,0,0,0,0,0,0,0,0,0,0,0,0,0,0,0,0,0,0,0,0,0,0,0,0,0,0,0,0,0,0,0,0,0,0,0,0,0,0,0,0,0,0,0,0,0,0,0,0,0,0,0,0,0,0,0,0,0,0,0,0,0,0,0,0,0,0,0,0,0,0,0,0,0,0,0,1,0,0,0,0,0,0,0,0,0,0,0,0,0,0,0,0,1,1,0,0,0,0,0,0,0,0,0,0,0,0,0,0,0,0,0,0,5,0,0,0,0,0,0,0,0,0,0,0,0,0,0,0,0,0,3,0,0,1,0,0,0,0,0,0,0,0,0,0,1,0,0,0,1,0,1,0,0,0,0,0,0,0,4,0,0,2,2,0,0,0,0,0,0,1,1,0,0,15,0,0,0,0,1,6,0,2,8,0,28,0,60,1,1,1,1,3,4,14,10,2,14,3,0,4,7,6,0,7,33,14,88,8,4,96,29,1,10,168,1,0,10,69,29,1233,54,12,10,36,82,17,101,74,854,40,26,23,14,128,69,39,22,206,206,47,73,4983,193,1128,664,511,356,1336,218,613,761,859,8089,601,3009,1531,2004,1433,1542,2126,22469,782,2005,2426,2927,4557,3771,5413,3456,3893,5250,5741,5572,5948,5004,7045,5714,9037,12907,7471,13047,15274,17579,12127,12258,15220,12164,14338,14871,17173,17479,18891,16011,21014,25389,15734,26350,24092,18113,19508,29427,23026,19115,23373,19983,21774,20282,23894,18655,16147,15877,21857,14199,10126,6685,4359,1664
3207,Social Psychology,Psychology,Social Sciences,0,3,0,0,0,3,0,0,0,0,0,0,0,0,0,0,0,0,0,0,0,2,0,0,0,0,0,0,0,0,0,0,3,0,0,9,0,3,0,0,1,0,2,0,1,0,7,0,2,0,0,129,0,0,0,4,0,0,0,2,0,0,0,1,3,0,0,0,0,0,0,3,0,1,0,0,1,980,0,0,0,0,0,0,0,107,0,1,3,45,1,0,0,0,10,0,0,1,0,4,12,1,12,179,454,7,14,2,13,125,210,6,0,19,209,1,208,26,63,1,5,21,7,15,152,37,18,6,4,20,31,89,19,83,60,61,191,59,69,19,35,22,115,4,57,368,54,123,130,142,81,251,75,70,125,101,60,45,37,142,255,205,47,72,147,132,81,85,282,110,172,127,12091,96,104,96,260,201,237,718,245,450,192,230,166,385,209,391,731,469,410,248,554,277,1098,1132,2469,1253,1885,800,922,962,730,1065,755,1109,2340,2090,1178,1346,2628,3720,2670,1289,2171,2106,2227,1772,687,1052,2088,2135,2040,3580,2975,3028,5246,5527,4433,4219,4689,4306,8178,4036,6618,8238,7252,8250,7490,6351,8382,4760,5837,5479,6305,4303,9621,6456,13804,10066,15779,21055,19591,22494,18985,17886,17717,17053,52833,38414,27516,35950,46527,48493,43428,47355,48490,68913,64775,98209,84446,73944,93072,102851,153136,110201,137566,161641,157916,171506,196462,178584,190927,237628,257854,291608,324970,275845,418599,472981,321805,375251,427038,387907,452756,484707,462163,499649,502105,600040,818353,795505,768818,820682,827361,837438,915033,874878,962312,923407,952360,873771,853207,1007765,845747,797435,761379,785514,715663,652796,666813,537697,401321,258839,168418,64435
3300,General Social Sciences,Social Sciences,Social Sciences,0,0,0,0,0,0,0,0,0,0,0,0,0,0,0,0,0,0,0,0,0,0,0,0,0,0,0,0,0,0,0,0,0,0,0,0,0,0,0,0,0,0,0,0,0,0,0,0,0,0,0,0,0,0,0,0,0,0,0,0,0,0,0,0,0,0,0,0,0,0,0,0,0,0,0,0,0,0,0,0,0,0,0,0,0,0,0,0,0,0,0,3,0,0,27,0,0,0,0,0,0,0,0,0,10,1,0,1,1,0,0,1,4,0,0,0,388,17,0,0,13,1,0,1,18,1,219,3,4,10,4,2,0,0,3,3,34,0,1,0,1,6,1,0,2,1,0,7,0,0,0,0,53,0,0,19,0,0,1,10,0,9,1,1,0,3,2,1,4,3,4,1,8,23,6,13,16,8,505,1,10,8,0,11,20,2,7,15,164,46,30,5,90,18,23,61,25,59,19,60,86,53,47,105,24,58,76,21,40,121,225,80,32,40,49,100,39,35,4,54,45,156,262,32,93,176,222,301,96,199,107,148,556,509,187,422,124,1965,271,147,239,662,212,503,251,816,194,286,599,528,430,916,519,774,825,2308,489,561,1016,2431,1372,3875,1840,5237,1429,1337,3024,2786,1181,2511,2495,1744,5098,2695,4244,3838,4818,4404,3251,6463,3683,4045,5170,4415,4749,6508,9204,6027,6576,8419,8551,8039,5841,11120,9978,12863,11311,17056,17799,21565,19981,14574,20421,23414,16615,16521,16183,19705,16660,20284,15894,17959,19798,26516,24345,22865,22567,23763,25180,22750,23665,17158,13721,12103,9733,3889
3302,Archeology,Social Sciences,Social Sciences,0,0,0,0,0,1,0,0,0,0,0,0,0,0,0,0,0,0,0,0,0,0,0,0,0,0,0,0,0,0,0,0,0,0,0,0,0,0,0,0,0,0,0,0,0,0,0,1,0,0,0,0,0,0,0,0,0,0,0,0,0,0,0,0,0,0,0,0,2,0,0,0,0,0,0,0,0,0,0,0,0,0,3,0,0,1,8,0,0,0,0,1,0,0,0,17,5,0,0,0,1,1,4,7,11,0,0,0,13,1,1,0,1,0,0,0,3,0,2,51,0,2,19,0,1,11,13,0,4,15,1,2,22,7,0,3,0,15,49,5,58,2,10,9,5,49,13,5,3,15,6,16,20,15,31,2,18,4,32,9,6,39,20,27,13,37,6,7,28,15,48,68,16,11,21,320,12,34,40,59,24,21,91,101,38,354,26,129,81,68,33,55,1173,72,78,42,158,61,1025,860,175,63,48,119,67,193,186,185,198,103,77,166,169,257,296,204,96,81,81,133,145,148,199,186,76,1993,426,227,250,354,610,497,260,257,246,329,288,822,707,347,324,197,256,266,174,260,102,318,591,507,1104,474,757,487,379,1374,960,641,982,1408,508,1852,1400,1078,1592,1348,952,1008,1782,2083,2570,1397,2055,1605,2084,1430,2524,2740,3066,2684,2940,2930,3742,3603,5102,2533,5316,4327,3364,4101,3754,4070,3926,5471,4255,4592,3704,5103,4877,5570,6079,5385,4663,6868,4992,4181,4670,4337,5264,5530,5870,4889,5968,5716,5197,4526,5949,5646,4231,4644,3427,2272,1800,1396,775,338
3303,Development,Social Sciences,Social Sciences,0,0,0,0,0,0,0,0,0,0,0,0,0,0,0,0,0,0,0,0,0,0,0,0,0,0,0,0,0,0,0,0,0,0,0,0,0,0,0,0,0,0,0,0,0,0,0,0,0,0,0,0,0,0,0,0,0,0,0,0,0,0,0,0,0,0,0,0,0,0,0,0,0,0,0,0,0,0,0,0,0,0,0,0,0,0,0,0,0,0,0,0,0,0,0,0,0,0,0,0,0,0,0,0,0,0,0,0,0,0,0,0,0,0,0,0,0,0,0,0,0,2,0,3,0,0,0,0,0,0,0,0,0,0,0,0,2,0,0,0,4,0,0,0,0,0,1,0,0,0,0,0,4,0,1,0,0,0,0,0,0,0,1695,0,0,0,0,0,0,1,0,1,0,0,0,1,0,3,0,0,1,0,0,3,1,0,2,0,4,2,0,0,10,0,2,113,5,0,8,6,10,18,7,9,22,12,24,5,3,64,12,4,7,23,11,27,12,28,3,37,151,25,251,12,14,37,49,51,22,339,113,54,53,35,101,28,2785,166,78,175,185,56,157,79,97,53,136,437,257,133,214,360,737,176,423,1072,509,598,978,846,1017,983,1989,1884,3406,3445,2380,3893,2704,4693,9846,3766,3444,4235,4168,5007,5001,4492,7025,5045,7485,5904,13145,9340,10859,12169,12705,16883,11569,10257,20876,19886,29622,22556,45320,26404,36944,32655,44693,52707,53589,57944,44220,52980,56478,63758,58552,55661,65039,65733,66125,59496,56369,62732,59793,59313,53862,63233,50868,51056,44714,34862,25682,18441,12621,4504
3304,Education,Social Sciences,Social Sciences,0,0,0,0,0,0,0,0,0,0,8,0,0,1,36,0,0,0,0,0,0,0,0,3,0,0,0,4,0,1,0,0,0,0,0,0,0,1,0,0,0,0,0,10,0,0,1,50,1,0,9,1,0,13,0,0,0,101,0,3579,0,1,0,1,0,0,0,0,35,0,0,0,0,0,134,0,4,0,0,0,0,0,0,0,1,1,0,0,0,0,1,0,0,1,0,0,2,0,0,1,75,3,46,36,0,3,34,4,68,2,6,2,57,20,29,23,17,26,37,28,4,1,9,5,85,11,133,11,43,36,22,20,49,23,43,26,13,14,21,51,151,63,19,11,108,162,52,57,221,38,74,34,114,69,82,78,39,178,84,83,87,75,74,102,227,21,266,173,171,96,184,69,198,83,112,203,375,74,342,259,123,116,87,115,75,267,193,206,412,229,275,443,384,427,668,1353,908,2228,801,1528,643,455,2704,1176,2122,1520,911,2096,2447,1800,8386,2966,1107,4681,1861,1652,2480,8123,1182,1852,2080,1750,3491,2695,1835,4031,6179,5605,5286,8269,9501,6267,8230,8625,10397,7246,6010,4479,6513,8450,9056,6855,7036,9264,6480,13479,6962,9058,6743,10876,15295,14961,13562,14800,16285,14753,32029,15695,24882,18550,28768,25039,44773,36701,35944,56898,51474,63889,127516,69624,90767,81158,66311,100168,86052,112797,121694,122481,153121,119025,177735,173050,176813,199865,193983,219083,276297,295507,244297,309290,293804,384744,378938,394954,433501,459165,520748,494063,618114,616051,692000,722448,777369,803401,844008,925279,941757,957977,1001477,1015769,1001691,983603,952489,1037177,999419,933412,951641,1063464,970142,994829,1051994,823554,565101,421828,251653,82833
3305,"Geography, Planning and Development",Social Sciences,Social Sciences,6,0,1,0,0,0,0,0,0,0,0,2,0,0,2,5,0,0,0,0,0,0,3,0,3,1,0,0,6,47,0,13,7,10,0,2,0,13,1,0,1,1,1,0,13,0,0,4,0,0,2,0,0,2,0,0,0,0,0,0,0,46,0,0,3,0,1,0,4,0,0,1,0,1,1,37,28,5,0,0,0,2,0,0,0,13,4,0,7,14,3,0,0,2,0,9,0,5,46,11,17,57,5,271,18,0,10,15,4,154,18,5,6,5,76,15,14,33,15,52,15,164,16,14,13,24,181,101,43,48,28,80,19,102,61,39,4,24,16,50,152,44,26,16,37,140,138,168,119,63,89,108,43,82,227,416,114,156,201,87,312,125,39,75,805,75,56,60,126,54,404,159,66,292,141,335,124,99,259,240,395,187,293,124,397,431,257,711,457,411,576,419,341,388,270,383,694,347,534,1451,1029,347,790,978,2959,696,609,1355,579,642,779,527,858,1525,582,657,583,711,719,428,1165,3977,1044,1012,1072,1343,1014,647,1031,952,915,1480,1338,1578,1730,1420,1313,849,1965,1574,1848,1262,818,2281,1146,1241,1321,1802,1591,4372,3102,3954,2738,4598,2903,1940,2713,4598,4167,4468,2405,4266,3226,5314,6125,5291,7992,6259,18464,7700,9209,7846,9049,9492,8181,8318,13387,10167,9741,13239,21262,15330,12808,12602,13537,15836,13430,18059,18833,21501,25188,24703,34317,34834,34966,39008,47826,42260,48371,47107,49334,49830,52781,66434,58541,65616,78363,78624,90389,73259,94916,90911,79664,84378,78923,83948,82834,81010,77704,74958,69421,54263,35044,27969,17262,5368
3306,Health,Social Sciences,Social Sciences,0,0,0,0,0,0,0,0,0,0,0,0,0,0,0,0,0,0,0,0,0,0,0,0,0,0,0,0,0,0,0,0,0,0,0,0,0,0,0,0,0,0,0,0,0,0,0,0,0,0,0,0,0,0,0,0,0,0,0,0,0,0,0,0,0,0,0,0,0,0,0,0,0,0,0,0,0,0,2,0,0,0,0,0,0,0,0,3,0,0,0,0,0,0,0,0,0,0,0,0,6,132,1,1,0,0,3,0,0,0,0,11,7,0,0,0,0,0,0,3,0,2,3,0,0,0,0,3,2,1,14,6,1,0,5,0,0,4,1,5,1,0,1,9,0,0,1,4,45,0,1,1,0,4,0,34,0,2,0,1,2,1,0,4,0,0,6,8,6,29,22,12,2,47,1,9,4,16,1,7,82,7,5,4,12,23,82,12,8,19,60,431,42,11,24,9,98,37,21,143,84,255,47,64,283,39,311,74,170,52,158,40,65,144,170,147,125,80,75,33,156,215,139,152,163,223,232,193,532,180,263,160,331,125,122,358,607,336,332,287,351,343,192,306,276,321,204,249,609,2025,675,1797,818,488,1494,1481,664,1102,4906,1289,1509,1783,2362,1953,2472,5762,3262,4261,3125,4542,7559,6332,6711,8274,8130,9052,14639,8753,16565,26208,20773,24589,23336,25722,36201,54365,49087,48595,69859,58509,58914,73106,118551,88708,98504,91769,128787,131484,145488,148192,177960,171900,210371,216902,238164,223235,225593,214158,232837,229850,251268,248340,266977,257995,248156,279119,241738,252382,262871,225097,345759,348664,197803,112629,70945,19066
3307,Human Factors and Ergonomics,Social Sciences,Social Sciences,0,0,0,0,0,0,0,0,0,0,0,0,0,0,0,0,0,0,0,0,0,0,0,0,0,0,0,0,0,0,0,0,0,0,0,0,0,0,0,0,0,0,0,0,0,0,0,0,0,0,0,0,0,0,0,0,0,0,0,0,0,0,0,0,0,0,0,0,0,0,0,0,0,0,0,0,0,0,0,0,0,0,0,0,0,0,0,0,0,0,0,0,0,0,0,0,0,0,0,0,0,0,0,0,0,0,0,0,0,0,0,0,0,0,0,0,0,0,0,0,0,0,0,0,0,0,0,0,0,0,0,0,0,0,0,0,0,0,0,0,0,0,0,0,0,0,0,0,0,0,0,0,0,0,0,0,0,0,0,0,0,0,0,0,0,0,0,0,0,0,0,0,0,0,0,0,0,0,0,0,0,0,0,0,0,1,0,0,0,0,0,0,0,0,0,0,0,2,0,85,0,0,0,0,1,0,0,5,0,0,2,0,19,1,0,0,3,6,3,1,3,18,8,1,0,10,3,78,1,1,12,1,2,54,17,21,1,38,1,10,11,0,28,0,0,2,1,18,25,6,66,20,154,48,45,75,32,50,43,46,8,13,9,206,62,67,31,424,249,1703,401,1124,500,287,508,537,321,716,627,323,1156,644,415,1142,981,1102,1509,4467,1513,1102,2097,34866,1622,3285,42246,4266,7507,8447,5628,13709,13396,16502,11858,15916,18785,16145,17784,23585,17603,20225,22460,20081,20111,19403,26547,20052,25233,28243,28720,31951,37358,28964,23872,14830,7455,2163
3308,Law,Social Sciences,Social Sciences,0,0,0,0,2,0,0,0,0,0,0,0,6,0,9,0,0,0,0,0,0,0,0,0,0,0,1,0,0,0,0,0,0,0,1,0,0,0,0,0,0,0,0,0,0,0,0,0,3,7,1,899,0,0,0,0,0,0,0,0,0,0,0,0,0,0,24,0,1,11,0,2,0,0,0,0,0,496,0,0,0,0,0,0,0,0,0,0,1,92,4,2,0,2,0,2,0,3,1,0,64,0,19,12,32,7,4,19,10,1,3,9,0,4,68,30,5,85,16,3,25,30,24,110,30,3,13,55,8,45,43,12,153,10,52,17,32,25,57,48,598,50,75,129,122,25,49,59,37,80,23,55,55,24,20,52,123,124,25,88,97,119,426,45,165,151,162,97,90,116,112,59,73,148,108,89,253,126,130,157,170,790,68,91,154,358,333,267,184,422,1048,724,266,536,336,1023,345,311,387,632,755,516,2453,814,879,785,1316,719,673,1007,821,1268,1218,833,1762,1816,779,2634,640,779,828,3264,3214,1294,1298,1656,1865,2256,2121,2387,1039,3860,4139,8332,2493,1983,2183,4089,2972,2819,2403,2748,2129,1793,789,1865,1919,2929,3281,2827,4761,5023,7172,3321,4089,7539,5374,5277,7677,4282,7495,9242,5981,7298,6492,7339,11222,9755,11352,13017,13627,15456,15146,20098,13420,23222,18155,20648,21825,32270,26131,22841,28574,33148,32629,31358,34247,36263,46385,41328,41660,47179,48054,50798,58303,68010,74226,67256,68788,73361,83638,84087,85904,109108,96360,98217,97763,105841,108283,114167,109843,108170,118978,116703,110297,109595,119080,133383,116030,107690,115891,83010,59160,47475,29182,10154
3309,Library and Information Sciences,Social Sciences,Social Sciences,0,0,0,0,0,0,3,0,0,0,0,0,0,0,0,0,0,0,0,0,0,0,0,0,0,0,0,0,0,0,0,0,0,0,0,0,0,0,0,0,0,0,0,0,0,0,0,0,0,0,0,0,0,0,0,0,0,0,0,0,0,0,0,0,0,0,0,0,0,0,0,0,0,0,0,0,0,0,0,0,0,0,0,0,0,0,0,0,0,0,0,0,0,0,0,0,0,0,0,0,0,0,0,0,0,0,0,0,0,21,55,0,0,0,0,0,0,0,0,0,0,0,0,0,0,6,0,0,0,0,0,0,0,0,0,0,1,0,0,0,0,7,0,1,0,0,0,0,4,38,0,0,0,0,0,1,0,0,1,19,3,0,48,1,21,0,0,0,0,3,0,9,0,0,1,0,0,19,0,7,4,4,0,0,2,7,39,7,1,5,26,5,53,8,22,28,35,17,32,116,61,37,30,11,67,10,26,44,60,33,98,19,16,63,86,10,54,64,54,50,100,223,19,29,108,68,21,758,160,154,101,156,160,132,351,166,248,174,194,177,203,246,279,107,155,110,379,338,515,382,603,285,418,261,287,638,327,512,393,307,304,526,427,353,348,1238,972,805,1582,1371,1044,1323,1605,1960,1770,1726,2277,1934,2062,1816,2077,1973,2424,2094,2526,2242,3040,2949,3353,3420,3911,5795,4586,7182,6300,7947,9324,9439,8572,10780,10014,13649,13582,14107,14135,15172,16984,15575,17713,16504,19237,16791,13426,17305,12550,14415,14159,13405,10613,8613,9788,7719,5144,2860,1548,628
3310,Linguistics and Language,Social Sciences,Social Sciences,0,0,0,0,0,0,0,0,0,0,0,0,0,0,0,0,0,0,0,0,1,0,0,0,0,0,0,0,0,0,0,0,0,0,0,0,0,0,0,0,0,0,0,0,0,0,0,0,0,0,0,0,0,0,0,0,0,0,0,0,0,0,0,0,0,0,0,0,0,0,0,0,0,0,0,0,0,0,0,0,0,0,0,0,0,0,0,0,0,0,0,0,0,0,0,0,0,0,0,0,0,2,0,2,0,4,0,3,0,0,0,0,4,0,27,0,19,0,0,1,0,0,5,5,2,3,6,3,5,0,6,0,0,70,0,0,28,52,1,3,1,2,2,1,2,4,3,0,12,50,29,9,12,180,5,23,7,1,5,24,12,1,4,8,12,43,30,1,10,142,321,15,25,52,19,15,37,176,5,9,108,58,8,17,74,70,21,98,65,330,33,40,53,182,109,70,64,105,51,38,131,104,199,180,69,67,65,190,87,241,197,660,224,200,191,124,202,92,191,169,89,318,107,431,91,557,397,564,517,296,532,383,228,647,653,273,475,492,496,742,1301,1159,576,490,1055,458,412,602,1470,1289,1053,595,724,1317,1325,1780,1923,1721,1839,3601,2078,1858,3758,3651,5769,3810,5540,7980,10221,6505,9211,6408,13863,8278,7485,16766,16643,18152,12297,12710,16413,18987,20155,19983,24095,23571,21729,27239,32087,30376,25803,35620,49428,38835,32594,33800,42776,54429,46452,64474,72597,57307,66745,75877,57577,71994,85198,71824,75358,82101,82879,80769,83410,81577,75754,82745,73344,77346,54131,54301,49576,35782,28662,17300,9887,3525
3311,Safety Research,Social Sciences,Social Sciences,0,0,0,0,0,0,0,0,0,0,0,0,0,0,0,0,0,0,0,0,0,0,0,0,0,0,0,0,0,0,0,0,0,0,0,0,0,0,0,0,0,0,0,0,0,0,0,0,0,0,0,0,0,0,0,0,0,0,0,0,0,0,0,0,0,0,0,0,0,0,0,0,0,0,0,0,0,0,0,0,0,0,0,0,0,0,0,0,0,0,0,0,0,0,0,0,0,0,0,0,0,0,0,0,0,0,0,0,0,1,0,7,1,1,0,0,0,0,2,0,0,0,3,1,0,0,1,0,2,3,1,0,0,1,1,13,1,0,0,163,9,1,0,3,0,0,4,4,2,3,2,0,1,2,3,0,1,0,4,0,1,3,1,0,1,61,8,1,0,8,0,0,4,89,1,1,2,8,3,0,5,10,5,6,6,5,0,3,32,80,12,7,86,12,17,28,17,23,41,20,4,14,87,99,63,45,33,49,53,255,96,48,108,49,73,39,151,154,67,35,99,149,93,44,304,156,281,328,447,944,146,148,404,349,213,431,356,2419,552,500,702,439,605,674,672,606,744,517,3829,949,3162,1406,1785,4438,4976,2142,2869,2008,8695,5836,10793,3197,3625,4794,4002,33411,6288,8850,8155,5051,17344,8226,18226,10261,15389,10211,20208,15083,17691,14164,20607,28274,40947,23531,25090,32767,48666,36127,43279,44079,51606,47900,55303,63416,79423,86340,86173,83762,113689,112673,149422,136227,145511,164880,177102,181098,187734,193234,185538,215931,200721,219410,215284,203377,194466,186859,207544,201522,199579,204278,209147,168573,125525,104475,73471,31375
3312,Sociology and Political Science,Social Sciences,Social Sciences,4,10,0,0,0,0,22,45,0,12,4,18,0,3,242,6,0,0,0,0,1,1,2,1,0,1,58,0,0,0,1,0,0,0,1,0,0,1,1,1,23,2,1,1,0,1,0,0,8,0,8,170,1,25,0,0,3,41,0,84,0,3,22,2,0,6,0,69,24,0,13,14,85,21,25,6,47,8,207,15,64,2,10,25,34,1078,23,7,5,22,1,1,31,0,134,0,4,2,2,2,233,136,704,970,157,78,289,171,57,96,67,171,74,312,26,292,267,398,279,77,393,331,147,285,400,62,165,160,58,476,355,79,529,184,153,377,238,341,181,239,595,410,144,571,832,860,403,1575,711,1180,924,504,348,328,425,544,708,457,609,1040,1154,587,380,1028,732,720,552,895,421,731,1097,2110,722,574,1605,1011,631,800,1399,1302,925,1702,970,1884,1433,1607,1033,964,2424,2285,2258,2585,2788,2489,3385,5835,4294,3170,3326,4150,5325,3326,7954,5833,5904,5574,5672,6440,8026,7002,5993,5714,6894,10118,6490,5737,19881,5470,3525,6602,10013,7672,10190,12415,7200,10917,11601,14947,19780,13454,14852,18987,16788,18840,24768,24756,20371,21404,36652,19050,27803,19264,18770,28600,22659,20576,29632,31090,23901,31833,54422,67761,37759,50704,70146,49467,53968,67981,80830,77776,102660,68542,89047,120495,139362,157872,135786,180041,229630,200417,201420,213965,225093,214550,240859,289239,282396,331831,365726,391298,402184,381250,382884,418595,440950,473159,591410,526774,629808,660416,718638,764599,809001,923427,925146,1053466,1123098,1206472,1220981,1335800,1652265,1571750,1717166,1771782,1812910,1826586,1980414,2121947,2003298,2049325,2137805,2096272,2085377,2120248,2105641,2032986,1986412,2189293,2058567,1884469,2095471,1554379,1103486,760967,446668,160750
3313,Transportation,Social Sciences,Social Sciences,0,0,0,0,0,0,0,0,0,0,0,0,0,0,0,0,0,0,0,0,0,0,0,0,0,0,0,0,0,0,0,0,0,0,0,0,0,0,0,0,0,0,0,0,0,0,0,0,0,0,0,0,1,0,0,0,0,0,0,0,0,0,0,0,0,0,0,0,0,0,0,0,0,0,0,0,0,0,0,0,0,0,0,0,0,0,2,0,0,0,0,0,0,0,0,0,0,0,0,0,0,3,0,0,0,0,0,1,0,0,1,0,2,0,0,3,2,3,0,0,0,0,0,7,22,27,0,0,23,8,6,1,1,3,8,5,5,3,8,6,19,17,5,15,1,1,7,18,9,4,26,12,22,30,20,48,7,9,1,5,14,33,3,5,8,1,0,18,13,16,34,19,20,63,10,37,40,48,21,9,42,55,46,18,44,53,60,67,23,59,14,29,23,46,75,130,100,132,138,209,335,53,124,182,42,140,77,114,129,102,179,264,119,143,72,133,175,109,111,125,200,210,135,387,219,378,126,223,509,363,318,336,398,632,1259,411,475,709,584,270,3744,967,476,214,738,337,327,523,1112,753,1228,928,651,552,1935,848,8343,2694,1223,1210,2285,2896,3981,2668,2848,2963,2476,4844,4459,6325,4272,6545,7983,6675,17494,7626,12363,12522,10224,12382,14584,10495,18280,13302,16429,9490,14329,18724,18491,12712,13582,18410,18911,21534,23966,25433,33234,42317,38179,33782,42588,52462,63365,84204,77185,94307,99164,104359,101144,125933,139829,133388,151671,145132,157416,160060,164521,152480,159092,152087,160324,141303,99611,69407,44123,15784
3314,Anthropology,Social Sciences,Social Sciences,9,2,0,3,208,4,4,76,1,11,1,6,0,42,4,0,0,3,11,4,4,8,1,6,8,0,1,31,41,2,11,11,0,0,20,13,5,36,0,10,136,6,4,4,36,21,0,0,7,74,70,290,4,9,13,4,1,70,4,10,4,3,194,11,1,66,5,7,24,13,10,18,17,45,32,16,49,23,24,5,0,53,32,41,0,100,2,32,204,91,259,168,44,50,104,67,19,34,20,239,134,158,1021,300,190,222,143,98,238,196,582,137,209,224,199,296,524,165,622,726,511,210,551,490,442,404,499,259,244,249,717,1633,399,370,267,1005,368,234,311,432,465,667,377,453,164,924,318,1545,660,733,549,328,398,885,547,618,745,405,390,7269,706,298,674,726,727,626,396,572,794,578,803,570,832,1043,757,909,665,620,1769,1334,1226,1139,1295,2014,852,1796,1438,1497,1767,1745,1990,1417,1786,1628,1585,1861,2877,3125,2563,2904,2431,2580,2425,3307,2999,3647,2890,3910,3832,3367,3718,3299,4195,3371,3265,3270,3468,2866,2461,2186,4840,2993,4792,4089,5654,5692,4767,6668,6660,7056,7060,6963,7731,6719,6551,9345,11508,10333,16680,8744,12158,8961,8193,10041,6979,7104,7731,11364,11050,10758,13177,11690,13503,15084,15261,18429,24931,18792,19197,17507,25517,26118,26058,26422,42803,32144,36889,36184,41564,41365,45949,56130,55618,50285,58394,62213,61505,56798,65931,72990,66501,69912,69550,89820,83640,76474,87001,104832,106172,103960,105563,106988,126226,129550,126901,154462,143810,168146,150078,164613,177266,161838,183277,170264,181814,189480,191383,203557,177336,190740,208130,194334,199353,196078,170294,162401,154535,156287,131924,109136,101956,66294,44998,31328,19289,6169
3315,Communication,Social Sciences,Social Sciences,0,0,0,0,0,0,0,0,0,0,0,0,0,0,0,0,0,0,0,0,0,0,0,0,0,0,0,0,0,0,0,0,0,0,0,0,0,0,0,0,0,0,0,0,0,0,0,0,0,0,0,0,0,0,0,0,0,0,0,0,0,0,0,0,0,0,0,0,0,0,0,0,0,0,0,0,0,0,0,0,0,0,0,0,0,0,0,0,0,0,0,0,0,0,0,0,0,0,0,0,0,0,1,1,0,0,0,0,0,0,0,0,0,0,0,0,0,0,1,0,0,19,0,0,0,0,0,4,0,0,0,0,6,0,0,3,0,3,0,0,0,0,0,0,0,0,0,0,1,0,1,0,1,0,0,0,0,0,1,32,2,0,0,0,3,4,2,0,2,8,5,0,0,33,5,46,1,2,20,0,0,9,0,12,29,0,47,6,1,12,2,1,4,2,11,22,897,902,1,104,94,64,4,61,3,23,10,8,59,13,54,135,6,78,20,14,30,43,83,20,53,114,37,140,141,154,114,670,225,398,212,345,377,295,132,195,275,1276,906,374,801,844,381,241,553,2126,350,1174,1582,2932,7528,1222,1917,2067,3262,8586,6148,4530,1990,6737,2976,3699,8668,8266,22666,6375,6547,6985,9005,7706,7633,8664,15546,10726,14754,14253,15048,16372,12979,16278,23470,28252,25138,33461,18709,18036,31327,25662,29551,33036,48964,50676,73259,76656,52863,52607,71058,79888,91642,104674,132789,142998,145008,164977,175316,200267,197068,204649,187371,227847,235631,240816,238973,236308,248020,226324,220027,227865,199908,177911,180894,144701,91392,61675,38033,11655
3316,Cultural Studies,Social Sciences,Social Sciences,1,3,0,0,0,0,0,68,0,0,1,0,0,0,0,0,0,0,0,0,0,0,2,1,0,0,0,7,0,0,0,1,2,0,0,0,0,0,2,0,0,0,12,0,0,0,0,1,0,0,55,1,0,0,0,0,10,0,0,0,0,0,0,0,0,0,0,122,13,20,0,33,0,0,80,0,3,2,0,0,0,0,6,13,0,15,0,5,0,2,4,0,0,548,0,0,0,0,8,5,15,152,84,32,0,5,57,3,57,63,9,3,12,6,18,43,44,44,49,28,12,25,0,6,13,65,408,40,28,11,46,33,7,25,194,16,59,35,70,43,46,14,18,142,42,128,188,62,47,66,21,388,51,14,84,106,13,38,17,185,84,119,65,83,55,115,76,146,14,246,359,548,172,71,182,180,298,203,70,159,134,131,147,181,325,147,165,155,620,753,163,304,463,344,482,929,810,317,352,494,636,609,1086,865,949,698,958,915,760,1395,1564,1263,1593,1423,1037,702,2499,1157,475,775,1383,1611,2029,3471,1941,1975,2437,1952,1507,2034,2576,1934,2221,1579,1837,1925,1742,1440,2730,2908,2087,1570,1382,2069,1393,1261,2088,2087,2864,3094,5069,4612,2879,4023,4932,5672,7013,4960,4621,6358,10470,6318,9023,7334,11063,11361,10987,12565,11586,14144,17830,13652,17227,14899,19228,19701,18737,17343,19390,19557,20972,24316,41450,23368,30772,32228,47470,36970,41914,41153,69262,89850,70354,66179,68971,75341,74056,91485,82757,85248,110730,91050,112215,111218,89649,95247,99558,96223,102311,93149,115010,107898,104767,106188,100624,95115,106272,144391,102406,89572,81064,57811,45135,38596,20846,7525
3317,Demography,Social Sciences,Social Sciences,1,0,1,0,0,0,0,2,0,0,0,4,0,0,0,0,0,0,0,0,0,0,0,0,0,0,0,0,2,0,0,0,0,0,0,0,0,0,0,0,0,0,0,0,1,0,1,0,0,0,0,1,16,1,0,1,0,0,2,0,0,3,0,0,0,0,0,22,0,0,0,0,0,0,0,14,10,0,0,0,0,0,0,1,0,6,0,8,1,0,0,0,3,12,0,0,3,0,0,0,3,2,0,0,0,24,0,8,5,43,14,73,30,24,4,3,2,4,14,59,6,33,43,14,9,4344,13,51,0,42,21,19,11,303,219,141,36,48,28,16,680,58,74,15,26,13,7,28,13,38,53,572,25,44,51,43,29,243,67,88,526,46,139,47,27,14,53,213,47,22,138,151,161,54,298,111,91,35,176,55,80,96,276,90,175,146,176,171,126,736,106,256,438,85,123,137,91,124,309,171,209,173,264,362,256,268,257,330,489,358,608,308,347,199,405,307,305,222,277,259,301,392,3135,338,386,426,1229,566,1156,2466,1241,906,1045,842,1714,1229,1734,1895,1357,1474,1850,1383,1586,964,1029,1382,1909,3760,3298,2998,2585,3000,2816,5838,3289,2962,6083,6325,7134,6166,7150,5495,5059,7402,9917,7140,9856,8710,10267,11167,14247,14626,56104,20084,16945,19766,25332,26516,26930,28578,29300,35066,39358,39848,51173,46294,44187,45267,52375,53325,72815,60708,90516,81916,70566,83246,76475,84162,102735,97800,133203,142058,144890,157064,164073,162447,180801,159960,186928,175269,199316,177289,185984,200403,194411,191377,192573,185379,195428,189592,202018,162365,124812,84221,46927,16224
3318,Gender Studies,Social Sciences,Social Sciences,0,0,0,0,0,0,0,0,0,0,0,0,0,0,0,0,0,0,0,0,0,0,0,0,0,0,0,0,0,0,0,0,0,0,0,0,0,0,0,0,0,0,0,0,0,0,0,0,0,0,0,0,0,0,0,0,0,0,0,0,0,0,0,0,0,1,0,0,0,0,0,0,0,0,3,0,0,0,0,0,0,1,0,0,0,0,0,0,0,0,0,14,0,0,4,0,0,0,0,0,12,0,2,1,0,30,0,1,0,0,9,0,1,1,0,0,0,1,0,0,0,0,46,9,7,1,0,6,27,8,2,1,17,30,1,2,0,34,1,30,16,11,19,11,50,3,5,7,5,44,8,7,66,9,34,12,7,14,7,6,3,3,13,47,46,2,24,79,8,48,18,10217,2470,44,210,149,40,14,20,29,152,7,356,502,6,211,156,37,254,419,266,59,160,99,107,129,666,132,134,44,49,399,217,106,174,74,731,414,295,427,377,368,1080,317,396,163,369,341,371,287,511,494,2252,634,532,520,754,465,1571,1406,775,724,955,576,451,582,1410,1058,6194,2271,1081,745,1128,1339,534,641,824,2049,6362,1400,2087,2063,3055,4330,3942,2553,3703,3434,3013,5464,5760,4522,13965,5343,5367,5252,7947,12727,9709,11710,14318,17852,19728,29954,33487,35598,41096,45615,54635,46345,46284,57883,48509,55615,59943,67124,80063,92424,94511,93587,115915,160849,141607,129396,150238,167889,154585,175171,163402,184042,214252,191948,240125,232944,237570,233721,228101,255871,241546,235387,251040,229585,226121,254027,229703,230606,242090,235238,262473,233827,215918,174022,120356,85006,49923,16521
3319,Life-span and Life-course Studies,Social Sciences,Social Sciences,0,0,0,0,0,0,0,0,0,0,0,0,0,0,0,0,0,0,0,0,0,0,0,0,0,0,0,0,0,0,0,0,0,0,0,0,0,0,0,0,0,0,0,0,0,0,0,0,0,0,0,0,0,0,0,0,0,0,0,0,0,0,0,0,0,0,0,0,0,0,0,0,0,0,0,0,0,0,0,0,0,0,0,0,0,0,0,0,0,0,0,0,0,0,0,0,0,0,0,0,0,0,0,4,0,0,0,0,0,0,0,0,0,0,0,0,0,0,0,0,0,0,0,0,0,0,0,0,0,0,0,0,0,0,0,0,0,0,50,0,0,0,0,1,0,0,0,0,0,0,0,0,0,0,0,0,0,0,0,0,0,0,0,0,0,0,0,0,0,0,0,0,0,0,1,0,5,0,0,5,0,4,0,0,0,0,0,0,2,4,0,0,3,0,0,0,2,0,1,0,14,0,20,0,0,4,3,4,32,0,4,3,7,1,0,12,3,0,0,3,1,5,7,0,22,14,20,2,10,0,10,3,5,2,12,12,55,0,3,3,98,27,1,13,0,127,5,0,4,22,0,2,1,1,14,6,9,3,15,17,227,9,163,5,57,7,19,58,19,54,426,96,99,397,142,98,140,126,118,102,95,154,331,80,126,109,511,310,730,298,536,1406,821,381,573,1391,815,1152,1129,1190,2424,1790,1775,1809,1897,2419,2869,1780,1914,2730,2329,2693,2509,2095,2878,2972,3492,5133,4569,4949,5016,5106,2206,2492,1543,998
3320,Political Science and International Relations,Social Sciences,Social Sciences,1,2,2,0,4,0,0,0,0,0,285,6,0,0,1,0,36,0,5,0,0,0,0,6,0,1,0,0,0,0,0,0,2,0,1,0,0,0,0,0,2,0,0,19,0,7,5,13,3,0,6,22,25,3,51,0,0,307,2,3,1,0,0,12,0,19,15,2,0,863,6,3,85,1,0,0,11968,0,0,1246,1,60,21,0,4,3,0,2,464,36,2,2,5,51,25,1,6,18,8,9,75,41,128,25,85,211,245,55,36,45,773,129,244,170,76,248,42,109,170,111,48,801,95,395,265,112,87,125,85,162,116,114,1013,127,292,357,278,277,510,203,155,150,271,137,705,322,238,553,624,327,1062,337,382,1344,433,439,486,392,463,2804,340,1617,313,354,565,751,453,357,701,588,630,441,737,425,1157,1032,841,998,530,791,850,765,1189,3218,829,4220,1838,1234,1332,1795,1566,2209,1958,1854,2708,3579,3305,4543,1892,3043,4707,2856,3529,3366,9844,3113,3341,5672,5755,4489,5518,5552,4716,5516,4816,4583,6639,5889,5406,4963,7837,7651,9299,9229,7086,7734,8711,11915,13103,10559,11303,11434,8954,12091,11718,12557,14432,16107,16934,14270,17293,15119,11660,16679,18343,12814,20760,16426,20807,30679,28108,23355,30739,29105,33738,32107,50406,39142,40919,57845,55248,65460,64235,81641,68230,88365,81375,85390,85459,105009,108511,105020,116126,117628,111387,148637,135798,188507,142335,157436,172390,173028,183334,203246,224837,211511,219646,231901,266674,270256,351453,353752,387409,426419,463156,514300,532250,562299,592530,626309,666343,682995,751061,753038,770425,828463,802744,802386,796773,806189,837644,795443,810935,821293,775542,738736,742780,903232,721575,631650,568122,419706,300272,211942,142994,52619
3321,Public Administration,Social Sciences,Social Sciences,0,0,0,0,0,0,0,0,0,0,0,0,0,0,0,0,0,0,0,0,0,0,0,0,0,0,0,0,0,0,0,0,0,0,0,210,0,0,0,0,0,0,0,0,0,0,0,0,0,0,0,0,0,0,0,0,0,0,0,0,0,0,0,0,0,0,0,0,0,0,0,0,0,0,0,0,0,0,0,0,0,0,0,0,0,0,0,0,0,0,0,0,0,0,0,0,0,0,0,0,0,0,0,0,0,11,0,0,0,0,0,0,0,0,6,0,0,0,0,0,0,0,0,0,0,0,0,0,0,0,0,0,3,0,4,0,8,0,0,1,0,0,0,0,0,10,0,6,5,26,2,0,4,0,0,0,0,0,0,0,0,3,0,1,0,3,3,3,3,93,0,25,9,0,6,8,10,2,4,43,9,35,0,74,5,0,97,67,40,3,16,40,42,147,253,27,70,31,28,51,63,41,74,88,49,71,102,35,107,71,67,160,133,126,216,233,65,648,280,424,422,313,354,174,281,322,1091,645,251,399,282,730,725,1827,314,362,654,850,490,742,807,3195,413,438,565,520,1232,1341,1628,3619,5672,5570,2541,1600,1488,3852,4902,9347,2436,3213,2676,3873,2963,3691,3370,6704,6299,4164,9191,11374,6862,6794,9434,9692,9020,13010,11441,14661,30037,15658,19223,27182,20152,26319,31647,23818,27545,29959,30689,34090,41588,46943,43923,47402,50037,60313,67705,63236,66293,70001,87260,83354,74845,94168,98656,91724,94053,97465,83519,90825,94009,88336,87225,82461,79131,78820,73747,64848,66081,60680,57378,37384,26078,22320,10864,3414
3322,Urban Studies,Social Sciences,Social Sciences,0,0,0,0,0,0,0,0,0,0,0,0,0,0,0,0,23,0,0,0,0,0,0,0,0,0,0,0,0,0,0,0,0,0,0,0,0,0,0,0,0,0,0,0,0,0,0,0,0,0,0,0,0,0,0,0,0,0,0,0,0,0,0,0,0,0,0,0,0,0,0,0,0,0,0,13,0,0,0,0,0,0,0,0,0,0,0,0,0,1,0,0,0,0,0,0,0,0,0,0,20,2,3,148,0,0,0,1,0,1,0,2,0,0,3,8,2,23,1,0,0,2,0,2,3,53,10,60,64,8,0,0,2,12,7,1,0,15,1,30,19,5,18,2,46,0,4,12,65,4,4,9,8,2,6,0,97,6,17,172,7,58,15,75,2,7,75,14,13,14,22,11,5,68,9,162,5,11,9,20,26,83,9,8,66,76,65,112,34,29,58,119,107,97,615,26,129,74,96,83,99,112,120,176,143,84,68,196,148,261,131,158,172,169,190,108,737,111,131,96,152,346,143,160,131,107,431,209,378,712,778,564,356,454,565,946,349,750,595,621,1269,635,413,754,527,422,531,1343,1380,895,2217,935,1876,1391,1497,1797,1650,1401,2001,5878,3371,6436,3979,2906,7073,4681,4705,9214,6516,23466,10895,7590,8727,23508,9545,9605,11047,12408,15528,12808,14592,10852,20753,16055,19241,17797,21359,23866,25491,29387,36039,36626,31454,37166,41090,43789,45150,49036,59821,53777,77262,72776,110349,92015,92008,99573,91026,92298,92931,118773,119007,110201,118137,120530,106684,117446,104800,101567,85304,87125,83872,61501,40858,29373,21008,8404
3402,Equine,Veterinary,Health Sciences,0,0,0,0,0,0,0,0,0,0,0,0,0,0,0,0,0,0,0,0,0,0,0,0,0,0,0,0,0,0,0,0,0,0,0,0,0,0,0,0,0,0,0,0,0,0,0,0,0,0,0,0,0,1,0,0,0,0,0,0,0,0,0,0,0,0,0,0,0,0,0,0,0,0,0,0,0,0,0,0,0,0,0,0,0,0,0,0,0,0,0,0,0,0,0,0,0,0,0,0,0,0,2,0,0,0,0,0,1,0,0,0,0,0,0,0,0,0,0,0,0,0,0,0,1,0,0,0,0,0,0,4,0,1,2,0,0,0,1,14,0,5,1,0,0,6,2,0,0,2,0,0,3,0,1,1,89,2,2,0,0,0,0,0,2,0,1,0,16,12,47,1,25,1,2,1,15,0,1,4,13,1,7,7,17,32,4,12,11,14,40,168,15,65,61,41,57,83,41,3,0,36,18,31,40,55,221,42,60,23,14,72,132,93,79,559,12,45,2,111,40,57,53,52,80,30,646,78,205,206,56,222,180,175,278,66,67,321,61,89,69,41,86,36,35,93,126,36,286,135,119,203,225,161,229,173,330,146,339,430,579,276,218,493,417,312,938,1292,948,1187,2667,1522,2144,1869,2575,3481,2393,2606,3241,4207,4764,4981,6742,8132,6505,8207,9679,7026,8888,8129,10485,13145,11002,13823,12521,14200,11709,12555,14511,19133,14327,18139,19390,18917,20953,22376,23085,20233,22001,21350,26226,19516,19109,17229,16947,14831,13196,14003,13031,12288,11207,8608,5964,4406,2619,956
3404,Small Animals,Veterinary,Health Sciences,0,0,0,0,0,0,0,0,0,0,0,0,0,0,0,0,0,0,0,0,0,0,0,0,0,0,0,0,0,0,0,0,0,0,0,0,0,0,0,0,0,0,0,0,0,0,0,0,0,0,0,0,0,0,0,0,0,0,0,0,0,0,0,0,0,0,0,0,0,0,0,0,0,0,0,0,0,0,0,0,0,0,0,0,0,1,0,1,0,0,0,5,0,0,0,0,0,0,1,0,0,0,1,2,0,0,0,0,0,0,0,0,0,0,0,0,0,0,0,0,0,0,0,0,0,0,0,1,2,0,0,5,2,0,3,0,1,0,1,3,1,2,28,6,135,6,0,0,22,0,0,0,0,10,1,7,1,1,10,0,14,2,2,2,5,5,5,9,2,0,0,0,1,18,82,31,17,26,180,24,21,31,27,125,5,29,9,23,42,26,133,167,110,43,62,74,180,228,216,123,68,263,98,107,402,356,160,166,312,146,350,387,324,430,489,370,759,383,551,235,921,687,1186,983,1292,1074,1548,1297,1281,1960,1649,2658,2340,2234,1542,2520,3623,2148,2456,3007,2711,3129,2721,1750,1381,1793,2424,3988,4430,3657,6657,8253,6874,5715,8042,7161,7478,14720,6815,8801,10873,12548,13574,10896,14256,15500,14314,18850,18091,20213,24916,25445,23931,26697,23938,25248,28062,26063,32642,32513,35596,35465,33679,44474,38960,48522,43227,41690,43257,45203,51156,47474,59675,71174,57353,62847,67907,83729,72032,77436,99383,95615,99320,95852,97151,113352,125100,113170,114019,118026,134874,137765,114977,113439,118561,104486,104191,97219,93656,89832,104192,66574,50395,39298,22032,8246
3500,General Dentistry,Dentistry,Health Sciences,0,0,0,0,0,0,0,0,0,0,0,0,0,0,0,0,0,0,0,0,0,0,0,0,0,0,0,0,0,0,0,0,0,0,0,0,0,0,0,0,0,0,0,0,0,0,0,0,0,0,0,0,0,0,0,0,0,0,0,0,0,0,0,0,0,0,0,0,0,0,0,0,0,0,0,0,0,0,0,0,0,0,0,0,0,0,0,0,0,0,0,0,0,0,0,0,0,0,0,0,0,0,0,0,0,0,0,0,0,0,0,0,0,0,0,0,0,0,0,0,0,0,0,0,0,0,0,0,0,0,0,0,0,0,0,0,0,0,0,0,0,0,0,0,0,0,0,0,0,0,0,0,1,0,0,0,0,0,0,0,0,0,0,0,0,0,1,0,0,0,0,0,0,0,0,0,0,2,0,0,0,0,0,0,0,0,0,0,0,0,0,0,0,0,3,28,0,0,0,0,6,0,0,0,8,0,0,0,0,0,2,0,55,2,0,4,4,7,0,0,0,1,2,2,2,5,2,6,95,51,22,82,13,10,15,10,88,27,52,239,3,23,15,83,229,25,53,105,70,108,668,176,411,329,103,179,97,71,48,226,245,205,87,369,249,570,296,442,640,576,482,632,446,565,592,721,693,643,713,244,657,778,524,962,939,1154,1011,1028,1997,1726,1471,1537,2430,1744,1677,2537,1438,1664,2510,2418,3587,2963,2923,3725,4317,3080,2331,3467,4659,3181,5215,5034,3495,4988,3960,5592,6706,5551,6240,7533,68118,26128,12960,7609,4105,1530
3504,Oral Surgery,Dentistry,Health Sciences,0,0,0,0,0,0,0,0,0,0,0,0,0,0,0,0,0,0,0,0,0,0,0,0,0,0,0,0,0,0,0,0,0,0,0,0,0,0,0,0,0,0,0,0,0,0,0,0,0,0,0,0,0,0,0,0,0,0,0,0,0,0,0,0,0,0,0,0,0,0,0,0,0,0,0,0,0,0,0,0,0,0,0,0,0,0,0,0,0,0,0,0,0,0,0,0,0,0,0,0,0,0,0,0,1,0,0,0,0,0,0,0,0,1,0,0,0,0,0,0,0,0,0,0,0,0,0,7,1,0,0,0,1,1,4,2,1,0,2,0,0,0,2,5,0,0,30,6,0,2,0,0,1,3,8,1,0,2,0,0,0,0,1,0,4,0,0,2,0,10,0,2,1,0,1,3,0,27,25,11,10,30,3,37,14,1,16,15,7,8,2,16,43,27,51,52,2,23,37,6,10,18,17,42,85,28,6,9,30,76,31,35,114,82,20,78,21,98,165,142,134,125,74,184,177,196,345,549,408,797,579,491,484,811,600,756,698,720,723,834,607,693,459,546,1216,354,1209,1204,1079,1462,1631,2203,1816,6903,2454,4323,4063,2971,3604,2683,4176,5148,3907,6531,4764,8952,7469,8950,8278,12491,12328,13398,19048,11309,14620,14619,15000,13646,13215,15310,15486,24949,20467,28806,25839,29316,31364,36875,32692,33959,44049,43746,52394,51046,53710,59669,64426,74160,77015,80845,90657,94835,105698,116655,133051,114789,137041,135273,149989,162776,154564,158020,151697,152469,159182,140611,136842,133188,137614,128125,116776,103057,82920,62078,39465,15117
3505,Orthodontics,Dentistry,Health Sciences,0,0,0,0,0,0,0,0,0,0,0,0,0,0,0,0,0,0,0,0,0,0,0,0,0,0,0,0,0,0,0,0,0,0,0,0,0,0,0,0,0,0,0,0,0,0,0,0,0,0,0,0,0,0,0,0,0,0,0,0,0,0,0,0,0,0,0,0,0,0,0,0,0,0,0,0,0,0,0,0,0,0,0,0,0,0,0,0,0,0,0,0,0,0,0,0,0,0,0,0,0,1,0,0,0,0,0,0,0,0,0,0,0,0,0,0,0,0,0,0,0,0,0,0,0,0,0,0,0,2,0,0,0,0,0,0,0,0,1,1,0,0,0,1,0,0,0,0,0,0,0,0,0,4,0,0,1,0,0,0,0,0,0,0,0,0,0,14,0,0,1,0,1,5,0,0,0,0,3,0,1,0,0,1,5,0,0,0,4,971,4,13,4,0,0,3,0,5,9,0,2,0,0,1,7,0,3,5,1,12,3,4,114,4,0,77,32,38,70,2,46,8,26,23,37,110,58,87,97,57,61,124,565,312,443,61,139,327,140,215,371,338,720,1627,279,704,629,419,1607,804,1218,1288,1499,1086,1195,1855,1473,1140,5488,3148,2603,4098,2142,2801,1671,4256,4051,6214,5451,4500,7013,6358,7702,9347,7607,11680,10221,10875,12731,10769,14476,13247,18415,14145,23972,19131,19133,21947,21283,27098,31672,34547,40691,33281,39729,41102,46856,56569,65637,65342,66867,77624,82503,106962,107751,109012,108355,118411,113885,134593,129996,116151,112165,115345,120775,123597,113451,109629,103771,99931,94984,82833,66230,47792,29393,11304
3506,Periodontics,Dentistry,Health Sciences,0,0,0,0,0,0,0,0,0,0,0,0,0,0,0,0,0,0,0,0,0,0,0,0,0,0,0,0,0,0,0,0,0,0,0,0,0,0,0,0,0,0,0,0,0,0,0,0,0,0,0,0,0,0,0,0,0,0,0,0,0,0,0,0,0,0,0,0,0,0,0,0,0,0,0,0,0,0,0,0,0,0,0,0,0,0,0,0,0,0,0,0,0,0,0,0,0,0,0,0,0,0,3,0,1,0,0,0,0,0,0,0,0,0,0,0,0,0,0,0,0,0,0,0,0,0,0,0,0,1,0,0,3,0,0,0,0,36,0,0,0,0,1,0,8,0,0,1,0,0,0,1,0,1,3,3,1,0,0,0,2,6,0,0,2,0,168,0,4,1,0,1,0,35,1,0,268,2,2,2,6,4,9,3,3,16,10,6,6,8,5,140,3,11,24,85,9,13,25,6,34,20,16,44,7,85,102,111,20,197,31,76,39,274,50,121,36,56,54,66,147,98,108,210,474,273,91,286,265,494,393,264,457,512,270,240,366,1265,1493,606,701,841,589,726,762,424,930,622,1048,2356,1135,2058,1238,2603,1456,1417,1550,1564,1567,3614,4131,3857,3197,11137,12104,8907,7649,14350,6836,6514,14650,14548,12548,10546,14412,18365,17165,18283,18965,20237,21901,23126,25477,22961,32739,29074,39325,30191,35331,31135,40177,41702,39597,45356,51405,42843,59601,58268,67099,60340,84485,84777,88146,102012,99263,119811,108404,118420,112572,130946,130800,126255,130614,138887,134432,134047,125605,146026,138532,128384,135936,110056,81481,59504,36923,15259
3600,General Health Professions,Health Professions,Health Sciences,0,0,1,0,0,2,0,0,0,1,0,0,0,0,0,2,0,0,0,0,0,0,0,0,0,0,0,0,0,0,0,4,0,0,0,0,0,0,0,0,0,0,0,0,0,0,0,0,0,3,0,0,2,17,0,1,0,0,0,0,0,0,0,1,1,0,0,1,97,0,0,0,0,0,4,9,0,0,0,7,3,4,0,0,0,8,0,8,23,1,0,4,0,1,0,0,0,0,2,0,38,106,117,599,53,41,1,8,2,0,3,3,97,11,0,13,18,35,14,13,11,19,11,55,85,14,18,17,27,124,92,182,39,105,59,323,39,56,138,316,51,125,70,327,117,1115,76,252,129,122,65,91,159,105,169,175,173,435,135,408,334,109,671,261,79,100,184,344,188,200,151,169,403,218,696,530,188,711,386,613,376,544,399,621,807,601,608,865,723,767,745,768,546,706,842,698,670,1272,847,1232,1345,1692,1521,1410,1211,2158,1077,2095,1907,3843,6068,7722,4857,2097,1370,1577,1769,1479,1722,2191,3861,3754,3332,3502,2631,2991,7516,4127,5354,7380,3467,6782,4360,4788,3528,3560,6792,6605,25298,4872,3982,4873,3135,2893,5432,8538,4290,6731,10442,8424,11882,12607,9707,14238,11237,14658,13995,10643,14229,28491,19004,13733,24567,24683,24833,26965,29078,29635,31386,46447,33188,38605,51751,46004,69676,60312,60268,106266,67679,83715,86888,97749,110051,165448,118744,114634,139882,143675,210262,184164,229400,214244,287126,260790,276992,330747,327322,371264,392965,423295,522280,564303,591487,590498,636203,686233,843863,679219,662844,720161,752239,732372,803048,819689,768707,838913,788932,843419,756277,752154,891639,621310,444654,287940,180930,68903
3603,Complementary and Manual Therapy,Health Professions,Health Sciences,0,0,0,0,0,0,0,0,0,0,0,0,0,0,0,0,0,0,0,0,0,0,0,0,0,0,0,0,0,0,0,0,0,0,0,0,0,0,0,0,0,0,0,0,0,0,0,0,0,0,0,0,0,0,0,0,0,0,0,2,0,0,0,0,0,1,0,0,0,0,0,0,0,0,0,0,0,0,0,0,0,0,0,0,0,0,0,0,0,0,0,0,0,0,0,0,0,0,0,0,1,0,0,0,0,3,0,0,0,0,0,0,0,0,0,1,0,0,0,0,0,0,0,0,6,114,0,1,0,3,1,0,0,1,3,0,0,0,0,0,0,0,0,0,1,0,0,0,0,0,2,0,4,1,5,0,0,1,0,0,0,26,10,16,3,0,0,39,63,3,9,41,1,4,0,5,7,7,59,7,3,3,9,8,3,6,23,28,30,115,19,11,7,0,10,41,52,14,104,21,32,6,34,18,31,77,30,106,81,59,78,175,36,14,119,26,15,26,95,9,398,133,87,121,68,59,326,113,157,100,348,140,99,149,241,147,529,414,406,267,192,374,210,135,110,61,424,344,648,707,1279,832,1116,777,1033,1166,1311,1089,607,827,1198,1765,966,1442,2106,1458,3217,2205,2089,2774,2881,3535,4383,4250,5177,4670,4206,4813,6568,5972,6518,5596,5407,8390,6804,9248,8220,8804,9048,12518,10598,10505,13845,11317,11860,12755,14794,18601,14726,15727,18725,22199,23058,21252,20275,19967,25613,25289,29119,27612,30801,29819,26580,27556,29208,28800,26439,24873,27391,24103,25529,23253,15776,14182,8790,3261
3604,Emergency Medical Services,Health Professions,Health Sciences,0,0,0,0,0,0,0,0,0,0,0,0,0,0,0,0,0,0,0,0,0,0,0,0,0,0,0,0,0,0,0,0,0,0,0,0,0,0,0,0,0,0,0,0,0,0,0,0,0,0,2,0,0,0,0,2,0,0,0,2,0,0,0,1,0,0,0,0,0,0,0,0,0,0,0,0,0,0,0,0,0,0,0,0,0,0,0,0,0,0,1,0,0,0,0,0,0,0,0,0,0,0,0,0,0,2,0,0,0,0,0,0,3,6,0,0,0,0,0,0,0,0,0,0,4,0,15,2,3,52,0,0,37,20,3,0,1,2,1,0,1,0,2,9,4,0,18,24,18,2,7,2,1,8,9,12,9,2,6,0,4,0,8,5,25,9,14,3,31,25,148,3,2,23,11,7,26,21,24,6,66,46,14,32,26,29,32,147,20,60,19,376,136,31,44,16,39,63,15,108,94,50,87,64,142,106,176,94,220,76,94,52,241,175,157,173,221,205,316,486,145,134,237,252,436,365,490,545,440,422,694,523,489,590,440,360,550,416,498,800,1310,962,947,1500,959,1010,969,710,1337,948,1536,1814,2093,1148,1944,3024,1805,2579,2354,2061,2758,2613,2930,2799,4156,4233,7024,4684,7168,7991,8138,8284,9489,9351,11841,10310,12209,16672,15101,13600,16447,17288,19000,19686,19296,22948,21576,24572,25527,24831,33329,37493,31634,33639,41962,50989,47051,48095,52482,58946,83454,79725,102140,109434,106299,113658,148198,112915,136727,137829,137099,124544,117109,125474,116162,124521,108370,111514,103963,98962,139420,82447,58613,43114,25772,10227
3605,Health Information Management,Health Professions,Health Sciences,0,0,0,0,0,0,0,0,0,0,0,0,0,0,0,0,0,0,0,0,0,0,0,0,0,0,0,0,0,0,0,0,0,0,0,0,0,0,0,0,0,0,0,0,0,0,0,0,0,0,0,0,0,0,0,0,0,0,0,0,0,0,0,0,0,0,0,0,0,0,0,0,0,0,0,0,0,0,0,0,0,0,0,0,0,0,0,0,1,0,0,0,0,0,0,0,0,0,0,0,1,0,0,7,0,0,1,0,0,0,0,0,0,0,0,0,0,0,0,1,0,0,0,4,0,0,0,1,0,0,7,1,0,0,0,0,8,2,0,1,1,3,5,52,15,6,17,0,2,20,2,2,2,2,4,2,9,14,55,6,3,1,7,26,3,0,1,2,6,76,1,37,5,2,17,1,5,17,27,9,6,5,26,95,2,1,92,2,1,30,9,7,7,34,17,7,224,39,47,20,46,18,26,24,41,39,53,127,15,31,32,105,90,49,16,76,37,77,74,181,48,48,155,99,69,134,73,154,74,90,230,155,97,185,84,153,192,210,194,129,176,314,112,420,181,724,901,254,431,280,876,493,594,1471,1565,1320,494,808,844,971,1430,943,4585,798,2347,1035,11015,1777,2969,2097,2575,2413,2063,2361,2845,4722,2859,3782,7431,3780,3538,5337,26877,4611,7170,9450,9532,5722,11654,8894,9763,13459,26483,14976,19187,19441,17510,19916,29842,19186,38358,29798,32382,43655,43981,83257,50202,75067,57715,61241,73142,83747,61634,75478,75375,75447,84273,82092,85664,106813,104449,87009,70348,53267,42928,14971
3607,Medical Laboratory Technology,Health Professions,Health Sciences,0,0,0,0,0,0,0,0,0,0,0,0,0,0,0,0,0,0,0,0,0,0,0,0,0,0,0,0,0,0,0,0,0,0,0,0,0,0,0,0,0,0,0,0,0,0,0,0,0,0,0,0,0,0,0,0,0,0,0,0,0,0,0,0,0,0,0,0,0,0,0,0,0,0,0,0,0,0,0,0,0,0,0,0,0,0,0,0,0,0,0,0,0,0,0,0,0,0,0,0,0,0,0,0,0,0,0,0,0,0,0,0,0,0,0,0,0,0,0,0,0,0,0,0,0,0,0,0,0,0,0,0,0,0,0,0,0,0,0,0,0,0,0,0,0,0,0,0,0,0,0,0,0,0,0,0,0,0,0,0,0,0,0,0,0,0,0,0,0,0,1,0,0,5,4,0,6,0,0,0,2,0,1,0,1,10,1,0,1,0,0,0,0,0,0,8,209,4,7,1,0,0,0,1,8,2,1,1,5,7,4,0,0,11,8,9,12,89,12,7,14,33,26,114,8,18,11,14,10,23,0,93,55,38,15,94,7,140,34,37,13,59,64,543,68,133,120,101,176,390,202,117,183,298,113,325,320,1808,177,156,518,319,186,1112,700,919,746,874,776,638,801,1117,974,1655,910,1006,1175,857,1607,1337,1032,4333,2485,1515,1349,2685,2215,4028,1935,3319,3177,2472,3217,2309,4322,4993,3804,2484,4946,3014,3360,3636,4317,6079,8793,5414,6620,5463,6215,4806,7882,6265,6804,6630,10082,7487,8352,8619,7949,7485,7854,5257,5265,4044,3169,1025
3608,Medical Terminology,Health Professions,Health Sciences,0,0,0,0,0,0,0,0,0,0,0,0,0,0,0,0,0,0,0,0,0,0,0,0,0,0,0,0,1,0,0,0,0,0,0,0,0,0,0,0,0,0,0,0,0,0,0,0,0,0,0,0,0,0,0,0,0,0,0,0,0,0,0,0,0,0,0,0,0,0,0,0,0,0,0,0,0,0,0,0,0,0,0,0,0,0,0,0,0,0,0,0,0,0,0,0,0,0,0,0,0,0,0,0,0,0,0,0,0,0,0,0,0,0,0,0,1,0,0,0,0,0,0,0,9,2,14,5,0,32,2,0,0,1,0,0,0,0,1,6,4,1,0,2,0,3,0,0,2,1,1,2,2,4,0,0,1,51,5,3,2,8,13,0,1,0,2,1,1,13,2,8,2,11,11,1,3,0,4,6,10,4,2,1,23,5,8,0,2,0,14,2,7,2,4,15,5,4,2,21,3,1513,14,16,1,16,4,15,128,3,9,9,7,8,9,19,4,2,5,57,14,49,86,26,14,15,29,171,40,23,10,34,66,82,55,14,142,46,18,50,45,57,25,11,34,15,56,87,122,79,125,203,10,265,47,203,378,126,115,139,422,58,148,303,79,1999,249,119,317,82,187,188,92,677,61,508,207,248,250,286,142,361,2114,288,245,287,222,267,141,6404,581,310,331,322,425,1671,336,303,920,535,799,679,408,1916,809,3133,603,1133,1332,728,455,594,492,1387,914,539,465,1816,313,411,161,203,239,170,59,15
3609,Occupational Therapy,Health Professions,Health Sciences,0,0,0,0,0,0,0,0,0,0,0,0,0,0,0,0,0,0,0,0,0,0,0,0,0,0,0,0,0,0,0,0,0,0,0,0,0,0,0,0,0,0,0,0,0,0,0,0,0,0,0,0,0,0,0,0,0,0,0,0,0,0,0,0,0,0,0,0,0,0,0,0,0,0,0,0,0,0,0,0,0,0,0,0,0,0,0,0,0,0,0,0,0,0,0,0,0,0,0,0,0,0,0,0,0,0,0,0,0,0,0,0,0,0,0,0,0,0,0,2,0,0,0,0,1,0,0,0,0,2,0,0,0,0,0,0,0,0,0,0,0,0,0,0,1,0,2,0,1,1,1,0,5,0,14,0,0,2,0,0,0,1,1,1,1,0,2,0,0,0,1,0,0,0,28,0,0,2,1,0,0,3,0,6,61,0,11,0,0,2,0,4,59,1,1,13,5,2,4,28,26,6,1,18,1,5,6,31,0,1,6,99,8,5,26,29,34,119,86,17,275,27,39,49,14,20,36,18,32,29,98,55,83,91,106,311,41,60,54,43,263,301,156,161,337,253,809,388,1216,602,179,1272,340,285,377,656,551,602,787,1493,861,614,912,481,479,1105,1175,875,2688,1911,2316,1959,1585,2762,2450,3030,2574,4053,2818,3657,6603,7387,7632,8338,8199,7989,8647,9830,16709,10812,15004,16335,14231,18448,18644,21370,19788,24492,24764,30169,31627,32612,39613,39127,45786,39396,51763,46761,49956,50717,51822,59832,54675,58116,55347,59523,57573,60428,59348,59475,58311,44425,32316,23554,13784,4824
3611,Pharmacy,Health Professions,Health Sciences,0,0,0,0,0,0,0,0,0,0,0,0,0,0,0,0,0,0,0,0,0,0,0,0,0,0,0,0,0,0,0,0,0,0,0,0,0,0,0,0,0,0,0,0,0,0,0,0,0,0,0,0,0,0,0,0,0,0,0,0,0,0,0,0,0,0,0,0,0,0,0,0,0,0,0,0,0,0,0,0,0,9,0,0,0,0,10,0,0,0,0,0,0,0,0,0,0,0,0,0,0,0,0,2,0,317,3,0,0,3,0,0,0,1,0,1,0,0,2,0,0,0,0,1,0,1,16,0,24,2,4,42,9,0,14,4,3,12,8,3,4,7,3,4,115,15,46,18,2,92,33,32,9,1,7,24,10,30,6,13,142,42,24,4,14,10,7,7,71,8,41,52,42,15,11,10,11,61,33,4,39,10,67,38,128,18,38,72,13,125,44,53,54,70,113,58,154,73,79,212,74,198,75,121,99,198,333,55,121,233,157,316,226,455,244,274,214,464,323,211,309,344,276,446,302,341,286,508,639,778,361,582,542,540,367,892,616,330,669,681,537,602,381,576,428,562,801,1340,1003,1867,1102,1194,1802,2123,2570,2244,1555,1929,2227,2899,3099,2231,3749,3834,6161,3264,5824,4256,5167,7082,7603,8198,10968,6350,7247,8554,8397,9943,12066,12295,14595,12193,15256,13345,14938,20650,17590,18176,17084,19958,24013,30305,20028,27349,31702,25540,25927,24929,36187,32115,32269,38121,39437,42306,42655,45554,42898,43919,44918,45472,48902,53839,47814,49500,47712,41297,45177,44400,38567,39274,35072,32829,19430,16735,8753,5072
3612,"Physical Therapy, Sports Therapy and Rehabilitation",Health Professions,Health Sciences,0,0,0,0,0,0,0,0,0,0,0,0,0,0,0,0,0,0,0,0,0,0,0,0,0,0,0,0,0,0,0,0,0,0,0,0,0,0,0,0,0,0,0,0,0,0,0,0,0,0,0,0,0,0,0,0,0,0,0,0,0,0,0,0,0,0,0,0,0,0,0,0,0,0,0,0,0,0,0,0,0,0,0,0,0,0,0,0,0,0,0,0,0,0,0,0,0,0,0,0,0,3,0,0,0,0,0,0,0,0,0,0,0,0,0,0,0,0,0,0,0,3,0,0,0,0,1,0,0,0,11,1,0,0,86,0,13,0,4,8,5,0,0,1,1,389,12,0,0,0,1,0,1,3,3,1,74,14,3,128,138,14,11,30,65,19,15,50,30,36,27,23,9,24,24,25,83,45,47,44,46,77,99,105,92,87,59,229,78,46,147,87,290,111,200,159,93,189,173,1023,284,249,402,830,229,257,334,330,268,482,340,325,262,653,815,647,266,181,807,393,235,1039,734,665,621,967,444,565,652,1034,1248,1065,1336,1334,576,955,941,951,580,890,496,661,591,979,287,141,145,598,496,660,927,1496,1672,946,865,2180,1615,497,1208,1234,1109,991,1430,1421,2635,2550,1387,3678,1824,1999,2855,1759,3093,1669,3584,2222,3086,3052,2148,2874,4843,5253,8482,5817,4773,6987,12429,9641,18110,22394,27614,32233,16082,26859,43102,41195,39483,50602,39565,46521,59432,59218,72735,76763,85826,85961,98013,89534,102285,97193,108350,101687,108039,107720,105091,103360,116818,96550,104604,91527,93420,77522,57256,36411,25373,8180
3614,Radiological and Ultrasound Technology,Health Professions,Health Sciences,0,0,0,0,0,0,0,0,0,0,0,0,0,0,0,0,0,0,0,0,0,0,0,0,0,0,0,0,0,0,0,0,0,0,0,0,0,0,0,0,0,0,0,0,0,0,0,0,0,0,0,0,0,0,0,0,0,0,0,0,0,0,0,0,0,0,0,0,0,0,0,0,0,0,0,0,0,0,0,0,0,0,0,0,0,0,0,0,0,0,0,0,0,0,0,0,0,0,0,0,0,0,5,0,0,0,0,0,0,0,0,0,0,0,0,0,0,0,0,0,0,0,0,0,0,0,0,0,0,0,0,0,0,0,0,0,0,0,0,0,0,0,0,0,0,2,0,0,0,0,0,0,0,1,0,0,0,24,1,0,7,0,3,0,0,0,0,1,0,0,9,0,0,0,0,0,0,0,0,2,0,1,0,1,2,0,0,0,0,0,1,2,0,0,1,34,42,13,6,10,97,0,44,24,34,15,25,53,12,52,74,146,66,14,30,61,14,27,35,70,32,28,168,116,139,42,221,759,115,184,82,188,165,118,219,228,120,159,182,410,126,581,290,286,182,342,246,373,485,482,383,978,527,741,608,934,1848,1365,1152,5092,1523,1099,2744,2380,1890,8749,2172,2345,3276,3827,3022,3840,3850,3428,4037,3710,4010,12300,5706,12858,7740,9041,7934,14255,14439,15272,11134,18656,15714,17286,21044,24644,20130,23320,23303,24777,30770,34101,36125,33284,54995,40032,42250,50760,47777,61165,51542,60889,57375,62232,66194,62177,62925,66701,67813,72220,74187,73553,70315,69670,76250,64510,51995,37910,24184,9261
3616,Speech and Hearing,Health Professions,Health Sciences,0,0,0,0,0,0,0,0,3,0,0,0,0,0,0,0,0,0,0,0,0,0,0,0,0,0,0,0,0,0,0,0,0,0,0,0,0,0,0,0,0,0,0,0,0,0,0,0,0,0,0,0,0,0,0,0,0,0,0,0,0,0,0,0,0,0,1,0,0,0,0,0,0,0,0,0,0,0,0,0,0,0,0,0,0,0,0,0,0,0,0,0,0,0,0,0,0,0,0,1,6,2,0,1,0,5,1,0,0,0,1,0,4,1,0,0,2,0,0,0,0,0,0,1,3,0,0,0,15,7,1,13,14,7,4,0,3,3,2,0,1,2,5,1,9,15,8,30,6,31,1,104,0,1,31,1,1,20,52,9,0,9,4,0,1,3,10,4,10,18,10,3,10,45,47,394,31,52,37,23,86,18,39,27,62,17,108,39,29,79,32,31,36,80,64,65,70,156,127,184,183,237,201,114,198,68,119,219,93,280,191,977,135,247,103,185,486,133,158,563,561,450,479,369,838,312,513,630,702,503,877,636,901,566,791,642,668,799,693,1190,1174,1174,550,642,815,717,940,815,1984,1292,2634,1865,2369,2186,2835,4998,5364,3265,5107,4565,4470,3260,4502,6025,4068,5173,6333,5737,7039,8610,7566,8102,9269,11531,11416,11543,15638,12169,14810,15763,16851,19151,16980,16836,22661,20038,26201,27622,27710,34601,34391,37703,43900,36795,35021,39390,35346,42183,40671,50045,60735,54781,62718,60720,62896,65534,69959,71012,86364,76781,74714,79542,83079,92173,86610,85287,97308,89205,91843,82218,83784,71854,51454,37560,24127,8554
