topic,sign,phase,peak_month,dominant_planet,dom_share,sun_share,top_aspect,phase_stable,r2_full,r2_ins,r2_oos,r2_oos_strict
3d printers,Gemini,70.0,December,pluto,0.276,0.015,pluto-chiron,1,0.8152,0.0493,-8.8817,-8.8817
abu dhabi,Virgo,150.0,December,uranus,0.245,0.029,uranus-pluto,1,0.4576,0.3512,-6.6951,-6.6951
acapulco,Sagittarius,245.0,June,uranus,0.299,0.038,uranus-pluto,1,0.4291,0.743,0.6783,0.6783
accessories,Scorpio,230.0,December,pluto,0.294,0.022,uranus-pluto,1,0.9866,0.9922,0.9893,0.9893
accident,Capricorn,285.0,August,chiron,0.281,0.022,pluto-chiron,1,0.8631,0.8168,-4.1088,-4.1088
accommodations,Leo,135.0,October,uranus,0.261,0.019,uranus-pluto,1,0.7067,0.9649,0.6612,0.6612
accounting,Virgo,160.0,December,pluto,0.253,0.021,uranus-pluto,1,0.9507,0.966,0.9429,0.9429
acne,Cancer,115.0,August,pluto,0.3,0.018,neptune-pluto,1,0.9433,0.929,-8.589,-8.589
acquisitions,Libra,180.0,September,pluto,0.274,0.032,uranus-pluto,1,0.6443,0.7777,0.3816,0.3816
acting,Sagittarius,245.0,June,pluto,0.474,0.009,uranus-pluto,1,0.758,0.8794,0.3907,0.3907
action,Gemini,60.0,October,pluto,0.348,0.002,uranus-pluto,1,0.7333,0.4544,-0.422,-0.422
action cameras,Gemini,85.0,December,uranus,0.305,0.023,uranus-pluto,1,0.6416,0.5069,-21.2431,-21.2431
action figures,Gemini,75.0,June,pluto,0.315,0.017,neptune-pluto,1,0.8652,0.7596,-3.2896,-3.2896
activities,Virgo,165.0,November,pluto,0.33,0.016,saturn-pluto,1,0.7654,0.9173,0.9067,0.9067
acupuncture,Taurus,35.0,April,pluto,0.335,0.011,uranus-pluto,1,0.3456,0.6987,-6.9119,-6.9119
acura,Capricorn,270.0,March,chiron,0.233,0.044,neptune-chiron,1,0.8849,0.9619,0.9521,0.9521
add,Libra,195.0,April,pluto,0.443,0.032,jupiter-pluto,1,0.8584,0.9492,0.8277,0.8277
add-ons,Pisces,335.0,April,chiron,0.373,0.008,pluto-chiron,1,0.4841,0.3099,-0.6379,-0.6379
adelaide,Cancer,110.0,January,pluto,0.374,0.035,uranus-pluto,1,0.8771,0.8674,-0.4961,-0.4961
adhd,Virgo,160.0,January,chiron,0.219,0.023,pluto-chiron,1,0.7631,0.8502,0.6546,0.6546
adoption,Cancer,110.0,May,pluto,0.251,0.012,uranus-pluto,1,0.4794,0.8574,0.7087,0.7087
adventure films,Virgo,155.0,November,pluto,0.252,0.009,neptune-pluto,1,0.7899,0.8994,0.8015,0.8015
adventure games,Gemini,85.0,July,pluto,0.206,0.024,pluto-node,1,0.9057,0.9597,0.9418,0.9418
adventure travel,Scorpio,215.0,June,pluto,0.305,0.022,neptune-pluto,1,0.8015,0.905,0.6047,0.6047
advertising,Cancer,110.0,January,chiron,0.278,0.016,neptune-chiron,1,0.9261,0.9778,0.9623,0.9623
advocacy,Aquarius,305.0,November,uranus,0.362,0.05,uranus-chiron,1,0.6633,0.7538,0.7516,0.7516
aerospace,Scorpio,230.0,April,pluto,0.362,0.026,uranus-pluto,1,0.6281,0.4331,0.4026,0.4026
africa,Cancer,105.0,May,chiron,0.354,0.023,neptune-chiron,1,0.4915,0.8741,-0.9605,-0.9605
african music,Cancer,95.0,April,pluto,0.298,0.012,pluto-chiron,1,0.8064,0.9515,0.8695,0.8695
africans,Gemini,65.0,April,pluto,0.306,0.014,uranus-pluto,1,0.8891,0.9766,0.9606,0.9606
aging,Aries,25.0,March,pluto,0.308,0.041,uranus-pluto,1,0.886,0.9608,0.9363,0.9363
agra,Leo,125.0,June,chiron,0.187,0.026,pluto-chiron,1,0.9715,0.9899,0.9579,0.9579
agriculture,Capricorn,295.0,September,pluto,0.265,0.003,pluto-chiron,1,0.9486,0.9781,0.9783,0.9783
aichi,Gemini,85.0,June,pluto,0.32,0.021,uranus-pluto,1,0.782,0.9711,0.6059,0.6059
aids,Sagittarius,260.0,January,pluto,0.283,0.016,pluto-chiron,1,0.8911,0.9724,0.694,0.694
air conditioners,Leo,135.0,June,neptune,0.254,0.04,neptune-pluto,1,0.6513,0.8561,0.7113,0.7113
air filters,Virgo,160.0,July,chiron,0.263,0.01,pluto-chiron,1,0.5792,-0.5785,-4.5564,-4.5564
air force,Virgo,155.0,January,pluto,0.251,0.029,pluto-chiron,1,0.7794,0.5208,0.6639,0.6639
air freight,Leo,130.0,April,pluto,0.24,0.015,pluto-chiron,1,0.6696,-0.4626,0.1125,0.1125
air travel,Virgo,170.0,June,pluto,0.342,0.02,uranus-pluto,1,0.3313,-0.6195,-1.584,-1.584
airport parking,Taurus,45.0,June,pluto,0.336,0.012,pluto-chiron,1,0.78,0.9578,0.986,0.986
akita,Aquarius,325.0,February,pluto,0.306,0.013,uranus-pluto,1,0.9273,0.9764,0.8807,0.8807
alabama,Aries,25.0,October,chiron,0.342,0.029,pluto-chiron,1,0.8978,0.9933,0.8983,0.8983
alagoas,Leo,135.0,August,chiron,0.215,0.02,pluto-chiron,1,0.4357,0.6253,-4.8111,-4.8111
alaska,Libra,180.0,January,pluto,0.195,0.029,uranus-pluto,1,0.7393,0.8568,0.3494,0.3494
albania,Pisces,330.0,March,uranus,0.319,0.027,uranus-neptune,1,0.4245,0.5436,-0.1565,-0.1565
alberta,Libra,195.0,April,pluto,0.286,0.015,uranus-pluto,1,0.8236,0.9078,0.7941,0.7941
alcohol treatment,Taurus,30.0,March,pluto,0.326,0.018,pluto-chiron,1,0.8194,0.9664,0.931,0.931
alfa romeo,Aquarius,305.0,February,pluto,0.242,0.014,neptune-pluto,1,0.8443,0.9825,0.9644,0.9644
algarve,Pisces,350.0,May,chiron,0.235,0.095,pluto-chiron,1,0.7743,0.9045,0.3879,0.3879
alicante,Gemini,80.0,July,pluto,0.296,0.014,pluto-chiron,1,0.8655,0.7817,-0.0231,-0.0231
allergies,Sagittarius,265.0,May,uranus,0.352,0.01,uranus-pluto,1,0.219,-0.6357,-1.8953,-1.8953
alsace,Leo,125.0,November,pluto,0.27,0.052,uranus-pluto,1,0.7331,0.9568,0.2756,0.2756
alternative,Cancer,110.0,May,pluto,0.187,0.007,pluto-node,1,0.7562,0.6287,-27.878,-27.878
alternative energy,Virgo,160.0,March,pluto,0.226,0.045,pluto-chiron,1,0.8472,0.963,0.0581,0.0581
alternative music,Libra,180.0,August,pluto,0.202,0.019,pluto-node,1,0.8793,0.8195,0.8567,0.8567
alumni,Pisces,350.0,January,pluto,0.253,0.009,pluto-chiron,1,0.917,0.9847,0.7678,0.7678
alzheimer's disease,Aquarius,325.0,December,pluto,0.28,0.006,pluto-chiron,1,0.8884,0.953,0.8939,0.8939
amalfi coast,Cancer,115.0,June,neptune,0.259,0.022,neptune-pluto,1,0.7992,0.9308,0.8509,0.8509
amateur,Virgo,170.0,January,pluto,0.309,0.021,pluto-chiron,1,0.9444,0.9394,-0.5902,-0.5902
amazonas,Scorpio,230.0,July,uranus,0.223,0.045,uranus-pluto,1,0.2263,0.7626,-2.1266,-2.1266
american football,Libra,195.0,January,chiron,0.224,0.025,pluto-chiron,1,0.9464,0.987,0.9133,0.9133
amphibians,Leo,120.0,April,pluto,0.227,0.022,uranus-pluto,1,0.5614,0.3448,0.4334,0.4334
amsterdam,Taurus,30.0,January,pluto,0.263,0.04,pluto-chiron,1,0.9659,0.9918,0.9872,0.9872
analytics,Gemini,65.0,April,uranus,0.19,0.027,uranus-chiron,1,0.8605,0.8673,0.9691,0.9691
anatomy,Aries,0.0,January,pluto,0.285,0.052,neptune-pluto,1,0.5706,0.6522,-2.4976,-2.4976
ancestry,Pisces,340.0,September,pluto,0.285,0.041,pluto-chiron,1,0.7065,-0.2736,-41.4198,-41.4198
andalucia,Aquarius,310.0,February,pluto,0.267,0.069,neptune-pluto,1,0.8297,0.968,0.7852,0.7852
andhra pradesh,Cancer,100.0,June,chiron,0.305,0.012,pluto-chiron,1,0.8642,0.9359,0.4871,0.4871
andorra,Capricorn,290.0,September,uranus,0.233,0.064,uranus-pluto,1,0.3726,0.2846,0.3877,0.3877
android apps,Pisces,350.0,December,pluto,0.24,0.02,uranus-pluto,1,0.9188,0.9783,0.06,0.06
android os,Aries,5.0,November,uranus,0.297,0.012,uranus-pluto,1,0.9348,0.6951,0.9316,0.9316
angola,Cancer,110.0,January,chiron,0.256,0.016,neptune-chiron,1,0.4431,0.9305,-0.4745,-0.4745
animal products,Taurus,30.0,March,pluto,0.299,0.02,uranus-pluto,1,0.6046,0.8993,0.8809,0.8809
animal sports,Scorpio,235.0,January,pluto,0.315,0.011,uranus-pluto,1,0.8929,0.9203,-1.9494,-1.9494
animal welfare,Taurus,40.0,November,chiron,0.301,0.029,uranus-chiron,1,0.4087,0.2854,0.4749,0.4749
animals,Gemini,85.0,November,pluto,0.212,0.053,uranus-pluto,1,0.7066,0.9301,-0.2639,-0.2639
animated films,Cancer,95.0,March,pluto,0.26,0.02,pluto-chiron,1,0.8825,0.7599,-2.7536,-2.7536
animation,Gemini,85.0,April,pluto,0.357,0.001,jupiter-pluto,1,0.8361,0.8006,0.219,0.219
animation software,Sagittarius,255.0,April,chiron,0.232,0.019,pluto-chiron,1,0.6461,0.6665,-2.3726,-2.3726
anime,Libra,190.0,May,pluto,0.307,0.019,pluto-node,1,0.9163,0.9245,0.844,0.844
ankara,Taurus,35.0,October,chiron,0.211,0.002,pluto-chiron,1,0.7675,0.9549,-2.0311,-2.0311
antalya,Aquarius,300.0,May,chiron,0.283,0.03,pluto-chiron,1,0.3213,0.209,-11.8902,-11.8902
anthropology,Libra,190.0,January,chiron,0.329,0.02,uranus-chiron,1,0.6113,0.3515,0.3442,0.3442
antigua,Libra,185.0,November,chiron,0.241,0.007,pluto-chiron,1,0.5384,0.8725,0.2706,0.2706
antiques,Scorpio,220.0,January,pluto,0.287,0.03,uranus-pluto,1,0.4896,0.7312,0.5968,0.5968
antivirus,Sagittarius,265.0,July,pluto,0.285,0.007,pluto-node,1,0.8154,0.9251,0.9439,0.9439
anxiety,Libra,195.0,May,chiron,0.26,0.022,uranus-chiron,1,0.6157,0.9572,0.1465,0.1465
aomori,Taurus,55.0,January,chiron,0.368,0.022,uranus-chiron,1,0.4373,-0.5868,0.4716,0.4716
apparel,Taurus,55.0,July,node,0.193,0.029,uranus-node,1,0.6199,0.9472,0.7263,0.7263
apple ios,Capricorn,290.0,August,pluto,0.273,0.019,neptune-pluto,1,0.6428,0.3383,0.341,0.341
aquaculture,Sagittarius,250.0,March,pluto,0.296,0.016,uranus-pluto,1,0.5544,0.2359,-3.845,-3.845
aquaria,Taurus,30.0,May,pluto,0.345,0.019,uranus-pluto,1,0.511,0.8516,-5.1924,-5.1924
aquariums,Capricorn,285.0,February,chiron,0.286,0.045,pluto-chiron,1,0.8402,0.9714,0.4392,0.4392
aquitaine,Taurus,50.0,April,pluto,0.324,0.025,pluto-chiron,1,0.3471,0.8826,-0.8089,-0.8089
arcade,Pisces,335.0,April,chiron,0.228,0.063,pluto-chiron,1,0.5935,0.2932,0.8158,0.8158
architecture,Libra,205.0,March,pluto,0.296,0.022,pluto-chiron,1,0.6188,0.46,0.6468,0.6468
argentina,Scorpio,215.0,July,uranus,0.265,0.045,uranus-chiron,1,0.2198,0.2761,-5.8811,-5.8811
arizona,Sagittarius,250.0,January,neptune,0.294,0.04,neptune-pluto,1,0.7237,0.9625,0.7063,0.7063
arkansas,Aries,5.0,October,neptune,0.229,0.027,neptune-chiron,1,0.8243,0.7538,-0.5717,-0.5717
armenia,Cancer,105.0,June,pluto,0.339,0.019,neptune-pluto,1,0.4052,0.6403,-1.4932,-1.4932
army,Pisces,340.0,May,pluto,0.287,0.006,pluto-node,1,0.7228,0.43,0.833,0.833
art,Scorpio,230.0,December,pluto,0.356,0.014,pluto-chiron,1,0.772,-0.0146,-9.1626,-9.1626
arthritis,Taurus,40.0,May,pluto,0.401,0.015,pluto-chiron,1,0.9456,0.9699,0.9341,0.9341
artificial intelligence,Aries,10.0,June,pluto,0.25,0.029,uranus-pluto,1,0.8501,0.7659,0.9488,0.9488
arts,Sagittarius,255.0,June,pluto,0.319,0.017,pluto-chiron,1,0.819,0.3455,-2.7284,-2.7284
aruba,Sagittarius,255.0,February,pluto,0.348,0.022,uranus-pluto,1,0.9078,0.9765,0.0261,0.0261
asia,Pisces,355.0,September,uranus,0.309,0.011,uranus-pluto,1,0.2694,0.272,-1.2345,-1.2345
asians,Cancer,110.0,August,pluto,0.32,0.018,uranus-pluto,1,0.6232,0.8041,-2.9904,-2.9904
asmr videos,Cancer,105.0,June,pluto,0.263,0.008,pluto-chiron,1,0.9608,0.9859,0.8787,0.8787
asset,Taurus,55.0,April,pluto,0.207,0.01,uranus-pluto,1,0.9178,0.9706,0.9561,0.9561
assisted living,Scorpio,225.0,November,pluto,0.26,0.046,uranus-pluto,1,0.5095,0.1146,0.4459,0.4459
assistive technology,Pisces,340.0,April,chiron,0.267,0.049,uranus-chiron,1,0.454,0.9128,0.1411,0.1411
asthma,Aquarius,310.0,December,pluto,0.345,0.018,uranus-pluto,1,0.9126,0.9679,0.8829,0.8829
astrology,Pisces,345.0,June,uranus,0.268,0.017,uranus-pluto,1,0.9743,0.979,0.7695,0.7695
astronomy,Sagittarius,250.0,January,pluto,0.215,0.012,pluto-chiron,1,0.873,0.9023,0.9313,0.9313
asturias,Taurus,50.0,September,pluto,0.242,0.024,pluto-chiron,1,0.9746,0.9946,0.972,0.972
athens,Pisces,335.0,August,chiron,0.369,0.036,pluto-chiron,1,0.8542,0.9914,0.9464,0.9464
athleisure,Virgo,170.0,November,pluto,0.24,0.016,pluto-chiron,1,0.7185,0.7652,0.2834,0.2834
atlanta,Pisces,345.0,July,pluto,0.249,0.027,pluto-chiron,1,0.7756,0.9003,0.9056,0.9056
atlantic city,Aries,15.0,July,pluto,0.289,0.031,pluto-chiron,1,0.938,0.989,0.745,0.745
atlantic provinces,Cancer,105.0,October,pluto,0.294,0.017,uranus-pluto,1,0.3718,0.3859,-0.9115,-0.9115
atmospheric science,Libra,205.0,December,pluto,0.38,0.002,uranus-pluto,1,0.8234,0.9349,0.6013,0.6013
atms,Cancer,100.0,November,pluto,0.227,0.046,pluto-node,1,0.4677,0.739,-4.0816,-4.0816
auckland,Leo,140.0,January,chiron,0.211,0.038,pluto-chiron,1,0.779,0.9541,0.1407,0.1407
auctions,Pisces,355.0,February,chiron,0.267,0.017,pluto-chiron,1,0.6328,0.7241,0.8729,0.8729
audi,Scorpio,230.0,January,pluto,0.353,0.022,pluto-chiron,1,0.9455,0.9931,0.8567,0.8567
audio,Scorpio,220.0,October,chiron,0.24,0.018,pluto-chiron,1,0.8285,0.4703,-0.8467,-0.8467
audio equipment,Leo,145.0,December,neptune,0.251,0.055,jupiter-neptune,1,0.3915,0.7465,0.7027,0.7027
audiobooks,Pisces,345.0,March,uranus,0.294,0.014,uranus-pluto,1,0.8808,0.9903,0.7851,0.7851
auditing,Leo,130.0,April,chiron,0.233,0.01,pluto-chiron,1,0.9542,0.9771,0.8539,0.8539
augmented,Scorpio,235.0,July,pluto,0.258,0.015,pluto-chiron,1,0.7615,0.9421,0.3911,0.3911
australia,Libra,180.0,November,neptune,0.243,0.063,neptune-pluto,1,0.3828,0.3152,-1.4042,-1.4042
australian football,Scorpio,210.0,August,pluto,0.307,0.042,pluto-chiron,1,0.9122,0.9918,0.7946,0.7946
austria,Cancer,115.0,June,pluto,0.292,0.028,uranus-pluto,1,0.2681,0.5277,0.0218,0.0218
auto body repair,Virgo,160.0,April,chiron,0.23,0.021,pluto-chiron,1,0.6045,0.9443,0.7892,0.7892
auto exterior,Taurus,40.0,June,pluto,0.266,0.003,uranus-pluto,1,0.5303,0.5616,-1.0477,-1.0477
auto financing,Gemini,80.0,December,chiron,0.241,0.013,uranus-chiron,1,0.7364,0.8863,0.7305,0.7305
auto insurance,Sagittarius,260.0,August,uranus,0.447,0.044,uranus-chiron,1,0.3764,0.0445,-2.366,-2.366
auto interior,Aries,15.0,June,pluto,0.265,0.042,pluto-chiron,1,0.7443,-0.3548,-6.8015,-6.8015
auto leasing,Pisces,340.0,March,chiron,0.422,0.035,uranus-chiron,1,0.5332,0.8974,0.625,0.625
auto racing,Taurus,30.0,January,chiron,0.359,0.01,pluto-chiron,1,0.8985,0.9616,-1.5652,-1.5652
automotive industry,Gemini,70.0,December,pluto,0.353,0.01,pluto-chiron,1,0.7285,0.9025,0.7804,0.7804
autos,Aquarius,300.0,August,pluto,0.313,0.014,neptune-pluto,1,0.9032,0.9682,0.817,0.817
auvergne,Virgo,165.0,September,node,0.215,0.035,pluto-node,1,0.8471,0.9855,0.6613,0.6613
aviation industry,Taurus,30.0,May,pluto,0.295,0.005,pluto-chiron,1,0.7895,0.9253,0.86,0.86
azores,Capricorn,270.0,June,pluto,0.278,0.026,neptune-pluto,1,0.6874,0.673,-12.2676,-12.2676
b,Pisces,355.0,August,pluto,0.225,0.061,neptune-pluto,1,0.7209,0.939,0.595,0.595
babies,Leo,145.0,July,pluto,0.246,0.016,uranus-pluto,1,0.8195,-0.0098,-6.6198,-6.6198
baby,Taurus,30.0,May,chiron,0.202,0.031,pluto-chiron,1,0.7113,-0.0795,-0.3329,-0.3329
baby care,Capricorn,280.0,September,chiron,0.238,0.015,pluto-chiron,1,0.6091,0.7322,-106.1445,-106.1445
baby feeding,Cancer,110.0,May,uranus,0.249,0.029,uranus-pluto,1,0.8674,0.968,0.9162,0.9162
baby food,Cancer,105.0,June,pluto,0.293,0.028,uranus-pluto,1,0.9401,0.9789,0.7732,0.7732
baby formula,Gemini,70.0,May,pluto,0.334,0.023,uranus-pluto,1,0.5233,0.5088,0.342,0.342
baby safety,Aries,15.0,May,chiron,0.261,0.052,pluto-chiron,1,0.57,0.3659,-1.6427,-1.6427
baby strollers,Libra,190.0,October,pluto,0.38,0.05,pluto-chiron,1,0.2722,0.5864,-1.7403,-1.7403
bachelor,Scorpio,215.0,February,chiron,0.266,0.04,pluto-chiron,1,0.4647,0.6222,-25.8354,-25.8354
backpacks,Libra,205.0,August,pluto,0.261,0.012,neptune-pluto,1,0.7486,0.5497,-0.3098,-0.3098
badminton,Pisces,335.0,September,uranus,0.228,0.022,uranus-pluto,1,0.3209,0.4379,-1.4756,-1.4756
bahamas,Capricorn,270.0,June,pluto,0.303,0.022,neptune-pluto,1,0.3296,0.9032,-1.1064,-1.1064
bahia,Scorpio,225.0,September,pluto,0.373,0.013,uranus-pluto,1,0.4678,0.8739,0.5916,0.5916
bahrain,Aries,10.0,March,chiron,0.296,0.057,pluto-chiron,1,0.2508,0.0472,0.066,0.066
baja california,Taurus,40.0,May,chiron,0.276,0.024,pluto-chiron,1,0.567,0.9447,0.3206,0.3206
bakeries,Capricorn,270.0,April,pluto,0.239,0.036,uranus-pluto,1,0.5406,0.9439,0.9495,0.9495
balearic islands,Gemini,65.0,June,pluto,0.27,0.018,uranus-pluto,1,0.7783,0.6668,0.8758,0.8758
bali,Capricorn,295.0,December,pluto,0.306,0.005,uranus-pluto,1,0.9046,0.9197,0.9892,0.9892
ballet,Virgo,160.0,January,pluto,0.287,0.033,pluto-chiron,1,0.9861,0.9959,0.9875,0.9875
baltics,Taurus,55.0,April,uranus,0.241,0.028,uranus-chiron,1,0.4253,0.6488,0.6512,0.6512
bandung,Capricorn,285.0,October,pluto,0.332,0.003,pluto-chiron,1,0.8777,0.8659,0.736,0.736
bangalore,Aries,15.0,May,pluto,0.237,0.018,pluto-chiron,1,0.9118,0.9815,0.9607,0.9607
bangkok,Gemini,60.0,September,chiron,0.245,0.024,uranus-chiron,1,0.4419,0.8885,-16.5041,-16.5041
bangladesh,Aries,0.0,August,uranus,0.25,0.017,uranus-chiron,1,0.8459,0.933,0.809,0.809
banking,Virgo,165.0,November,uranus,0.26,0.028,saturn-uranus,1,0.9857,0.9924,0.9544,0.9544
bankruptcy,Scorpio,210.0,June,chiron,0.376,0.013,uranus-chiron,1,0.2055,0.7128,-13.5263,-13.5263
barbados,Capricorn,295.0,July,pluto,0.21,0.006,uranus-pluto,1,0.6652,0.9048,-0.6714,-0.6714
barcelona,Taurus,35.0,March,pluto,0.287,0.019,pluto-chiron,1,0.5116,0.9082,0.6359,0.6359
bari,Aries,15.0,October,pluto,0.317,0.017,uranus-pluto,1,0.5348,0.9072,0.8312,0.8312
bars,Aries,0.0,August,neptune,0.239,0.007,neptune-chiron,1,0.7569,0.9651,0.8299,0.8299
baseball,Scorpio,215.0,June,pluto,0.318,0.034,pluto-chiron,1,0.8919,0.9104,-1.4388,-1.4388
basketball,Sagittarius,245.0,January,pluto,0.252,0.02,pluto-chiron,1,0.8636,0.9561,-0.3464,-0.3464
basketball equipment,Cancer,115.0,February,pluto,0.363,0.041,uranus-pluto,1,0.5321,0.9218,0.8774,0.8774
bath,Taurus,30.0,January,pluto,0.206,0.03,pluto-chiron,1,0.8659,0.9908,0.8132,0.8132
bathroom,Capricorn,290.0,June,pluto,0.331,0.006,uranus-pluto,1,0.7986,0.7343,0.6805,0.6805
baton rouge,Leo,125.0,July,uranus,0.28,0.037,uranus-pluto,1,0.4459,0.925,0.885,0.885
battle royale games,Aries,0.0,August,pluto,0.204,0.027,pluto-chiron,1,0.8178,0.8412,-3.5686,-3.5686
bavaria,Sagittarius,245.0,June,pluto,0.32,0.042,pluto-chiron,1,0.5963,0.8744,0.5963,0.5963
bbq,Virgo,160.0,June,pluto,0.424,0.038,pluto-chiron,1,0.8289,0.6946,-0.5635,-0.5635
beaches,Pisces,330.0,May,pluto,0.372,0.045,uranus-pluto,1,0.9181,0.9761,0.8272,0.8272
beauty,Libra,180.0,January,chiron,0.243,0.037,uranus-chiron,1,0.4253,0.8695,0.6714,0.6714
beauty pageants,Aries,5.0,January,pluto,0.302,0.02,uranus-pluto,1,0.9243,0.9955,0.9165,0.9165
bed,Taurus,40.0,May,chiron,0.261,0.038,pluto-chiron,1,0.6187,0.824,-1.009,-1.009
bedding,Aquarius,315.0,April,pluto,0.222,0.017,pluto-node,1,0.5239,0.4887,-3.0062,-3.0062
bedroom,Aries,20.0,June,chiron,0.257,0.007,pluto-chiron,1,0.7527,-0.0371,-3.4056,-3.4056
beds,Leo,145.0,January,uranus,0.209,0.01,uranus-pluto,1,0.9261,0.9789,0.9479,0.9479
beef,Cancer,95.0,September,uranus,0.253,0.027,uranus-pluto,1,0.5447,0.0985,-3.5642,-3.5642
belarus,Cancer,95.0,June,pluto,0.331,0.023,uranus-pluto,1,0.3361,0.4473,0.2122,0.2122
belgium,Leo,120.0,July,pluto,0.381,0.025,uranus-pluto,1,0.3544,0.4373,-0.7676,-0.7676
belief,Pisces,340.0,April,neptune,0.226,0.063,neptune-chiron,1,0.8215,0.9826,0.897,0.897
belize,Aquarius,305.0,January,neptune,0.204,0.021,neptune-chiron,1,0.6333,0.8896,-0.3977,-0.3977
belo horizonte,Virgo,155.0,July,pluto,0.247,0.023,uranus-pluto,1,0.7789,0.9809,0.8949,0.8949
benefits,Gemini,75.0,June,pluto,0.257,0.018,uranus-pluto,1,0.8818,0.9656,0.9593,0.9593
bentley,Aries,10.0,July,chiron,0.224,0.031,pluto-chiron,1,0.7164,0.954,0.8015,0.8015
berlin,Virgo,155.0,January,pluto,0.215,0.028,uranus-pluto,1,0.9205,0.9871,0.9815,0.9815
bermuda,Leo,140.0,July,pluto,0.242,0.017,neptune-pluto,1,0.482,0.8591,0.7744,0.7744
beverages,Gemini,70.0,May,pluto,0.298,0.045,uranus-pluto,1,0.7105,0.8935,0.8365,0.8365
bhutan,Scorpio,235.0,June,chiron,0.279,0.005,pluto-chiron,1,0.9568,0.9464,0.8799,0.8799
bicycles,Cancer,110.0,July,pluto,0.221,0.022,uranus-pluto,1,0.9425,0.9781,0.9626,0.9626
bihar,Taurus,50.0,June,pluto,0.291,0.01,uranus-pluto,1,0.9624,0.9879,0.983,0.983
bike accessories,Scorpio,220.0,June,uranus,0.246,0.018,uranus-chiron,1,0.9772,0.9942,0.9909,0.9909
bike frames,Taurus,50.0,June,pluto,0.395,0.021,pluto-chiron,1,0.2178,-2.6441,-1.8656,-1.8656
bike helmets,Scorpio,235.0,June,uranus,0.225,0.036,uranus-chiron,1,0.5632,0.8082,-0.206,-0.206
bike parts,Cancer,90.0,August,uranus,0.232,0.016,uranus-neptune,1,0.8839,0.9788,0.9721,0.9721
bike rentals,Sagittarius,245.0,June,pluto,0.301,0.009,neptune-pluto,1,0.7099,0.9327,0.8283,0.8283
bilbao,Capricorn,295.0,April,pluto,0.287,0.024,pluto-chiron,1,0.3222,0.7097,0.5375,0.5375
billiards,Libra,190.0,January,pluto,0.264,0.025,pluto-chiron,1,0.9488,0.9877,-0.1661,-0.1661
billing,Taurus,55.0,June,uranus,0.328,0.011,uranus-pluto,1,0.9747,0.989,0.9213,0.9213
binoculars,Leo,130.0,January,pluto,0.259,0.022,pluto-chiron,1,0.7188,0.905,0.415,0.415
biographies,Virgo,165.0,December,pluto,0.276,0.059,neptune-pluto,1,0.5551,0.9063,-3.0788,-3.0788
biological sciences,Virgo,175.0,June,neptune,0.261,0.051,neptune-pluto,1,0.6726,0.7359,0.8497,0.8497
biotech,Pisces,350.0,June,pluto,0.192,0.021,neptune-pluto,1,0.7356,0.8257,0.8074,0.8074
birds,Scorpio,235.0,April,pluto,0.158,0.009,pluto-chiron,1,0.8507,0.8766,-3.1995,-3.1995
birmingham (al),Aquarius,310.0,March,chiron,0.286,0.025,saturn-chiron,1,0.6014,0.8007,-0.7694,-0.7694
birmingham (uk),Capricorn,295.0,June,pluto,0.25,0.027,pluto-chiron,1,0.7228,0.97,0.6412,0.6412
birth control,Aquarius,325.0,July,chiron,0.238,0.022,pluto-chiron,1,0.6977,0.9254,0.9417,0.9417
birthdays,Virgo,170.0,June,pluto,0.212,0.04,pluto-chiron,1,0.5782,-0.3284,-6.6555,-6.6555
bisexual,Sagittarius,245.0,July,pluto,0.31,0.004,uranus-pluto,1,0.6517,0.2617,0.1694,0.1694
bizarre,Scorpio,210.0,April,pluto,0.259,0.029,pluto-chiron,1,0.8625,0.9337,0.2379,0.2379
blackberry os,Leo,130.0,April,chiron,0.283,0.008,pluto-chiron,1,0.7967,0.8382,0.0881,0.0881
blenders,Pisces,355.0,January,pluto,0.319,0.007,pluto-chiron,1,0.7295,0.9379,0.8094,0.8094
blindness,Taurus,55.0,January,chiron,0.349,0.037,uranus-chiron,1,0.5964,0.9821,-0.8659,-0.8659
blood sugar,Pisces,330.0,July,pluto,0.218,0.022,pluto-node,1,0.9487,0.9905,0.9712,0.9712
blues,Pisces,340.0,January,pluto,0.237,0.011,saturn-pluto,1,0.9609,0.9523,0.8979,0.8979
bmw,Scorpio,225.0,January,pluto,0.319,0.027,pluto-node,1,0.9407,0.9877,0.9776,0.9776
bmx bikes,Pisces,340.0,August,pluto,0.29,0.039,pluto-chiron,1,0.9734,0.9768,0.9547,0.9547
board games,Capricorn,270.0,December,pluto,0.376,0.029,uranus-pluto,1,0.7611,0.761,0.6688,0.6688
boating,Cancer,95.0,June,pluto,0.301,0.039,neptune-pluto,1,0.7727,0.9214,0.2499,0.2499
boats,Gemini,65.0,July,pluto,0.263,0.04,uranus-pluto,1,0.8694,0.9719,0.4086,0.4086
bodrum,Capricorn,290.0,August,pluto,0.356,0.044,pluto-chiron,1,0.452,0.8024,0.5035,0.5035
body mounted,Scorpio,225.0,December,uranus,0.318,0.017,uranus-chiron,1,0.7352,0.9045,0.6015,0.6015
body products,Cancer,115.0,May,pluto,0.319,0.022,uranus-pluto,1,0.9062,0.9785,0.5475,0.5475
bodybuilding,Taurus,35.0,January,pluto,0.276,0.009,uranus-pluto,1,0.9814,0.9981,0.9332,0.9332
bogota,Gemini,65.0,July,pluto,0.267,0.058,uranus-pluto,1,0.9039,0.9967,0.9584,0.9584
bolivia,Aries,10.0,August,pluto,0.255,0.027,neptune-pluto,1,0.2283,0.6554,0.1162,0.1162
bollywood,Pisces,330.0,November,uranus,0.241,0.026,uranus-node,1,0.8901,-1.164,0.1964,0.1964
bollywood music,Pisces,340.0,April,neptune,0.263,0.008,uranus-neptune,1,0.7828,0.8966,0.6963,0.6963
bologna,Scorpio,235.0,January,chiron,0.248,0.021,uranus-chiron,1,0.6503,0.8063,0.3793,0.3793
bonaire,Leo,135.0,January,uranus,0.265,0.026,uranus-chiron,1,0.5863,0.8934,-0.0151,-0.0151
bonds,Leo,125.0,April,chiron,0.254,0.021,pluto-chiron,1,0.7728,0.9599,-0.1436,-0.1436
bookkeeping,Cancer,90.0,October,pluto,0.262,0.025,uranus-pluto,1,0.8983,0.9334,0.9374,0.9374
books,Taurus,45.0,March,pluto,0.353,0.013,pluto-chiron,1,0.9356,0.9798,0.924,0.924
boots,Leo,125.0,January,pluto,0.239,0.058,neptune-pluto,1,0.873,0.8772,0.3737,0.3737
bora bora,Aries,5.0,September,chiron,0.273,0.017,pluto-chiron,1,0.4929,0.3358,-15.2001,-15.2001
bordeaux,Scorpio,230.0,January,neptune,0.232,0.005,neptune-chiron,1,0.6918,0.8619,-1.0409,-1.0409
botswana,Libra,195.0,October,pluto,0.262,0.04,pluto-chiron,1,0.4588,0.7936,-1.3581,-1.3581
bottled water,Aries,15.0,May,chiron,0.199,0.083,pluto-chiron,1,0.7193,0.9772,0.4127,0.4127
bowling,Scorpio,235.0,February,chiron,0.255,0.032,pluto-chiron,1,0.935,0.8202,-1.4859,-1.4859
boxing,Virgo,175.0,January,pluto,0.31,0.013,pluto-chiron,1,0.9245,0.8734,-1.5175,-1.5175
boxing gloves,Pisces,355.0,March,pluto,0.263,0.003,pluto-chiron,1,0.4229,0.4335,-0.3667,-0.3667
brake service,Virgo,155.0,June,pluto,0.333,0.015,pluto-chiron,1,0.9017,0.9801,0.8972,0.8972
brandenburg,Leo,140.0,January,pluto,0.203,0.025,pluto-chiron,1,0.968,0.9927,0.9599,0.9599
brasilia,Scorpio,230.0,August,pluto,0.201,0.029,uranus-pluto,1,0.6245,0.8799,0.1192,0.1192
brazil,Leo,125.0,July,pluto,0.302,0.011,neptune-pluto,1,0.3613,0.5443,-1.3887,-1.3887
brazilian music,Cancer,105.0,June,pluto,0.203,0.033,pluto-node,1,0.8926,0.9592,0.3965,0.3965
bread makers,Aquarius,310.0,December,pluto,0.32,0.014,uranus-pluto,1,0.615,0.7079,0.5468,0.5468
breakfast foods,Taurus,45.0,June,pluto,0.339,0.029,saturn-pluto,1,0.7929,0.9652,0.6813,0.6813
breastfeeding,Capricorn,270.0,June,pluto,0.251,0.008,uranus-pluto,1,0.8886,0.9178,0.9207,0.9207
bremen,Aries,5.0,January,pluto,0.252,0.021,neptune-pluto,1,0.8106,0.9423,0.9587,0.9587
bridal wear,Aries,5.0,December,uranus,0.219,0.031,uranus-pluto,1,0.4657,0.9143,-0.7516,-0.7516
brisbane,Aquarius,300.0,January,pluto,0.39,0.048,uranus-pluto,1,0.622,0.9647,0.7243,0.7243
bristol,Capricorn,275.0,August,pluto,0.235,0.057,pluto-chiron,1,0.7341,0.9174,0.1708,0.1708
british columbia,Aquarius,305.0,March,neptune,0.216,0.013,neptune-pluto,1,0.6552,0.7361,0.7102,0.7102
broadcast,Scorpio,230.0,June,uranus,0.194,0.035,uranus-neptune,1,0.694,0.9027,-3.1277,-3.1277
broadway,Aries,0.0,May,chiron,0.275,0.033,pluto-chiron,1,0.9025,0.981,0.9298,0.9298
browser games,Libra,205.0,July,pluto,0.192,0.031,pluto-node,1,0.7545,0.9225,0.9065,0.9065
brunei,Aquarius,315.0,October,uranus,0.383,0.024,uranus-pluto,1,0.2166,0.0998,-0.1957,-0.1957
budapest,Cancer,105.0,July,pluto,0.215,0.038,uranus-pluto,1,0.4801,0.9308,-0.3244,-0.3244
buddhism,Taurus,30.0,February,pluto,0.243,0.019,neptune-pluto,1,0.6776,0.8073,-0.6615,-0.6615
buenos aires,Taurus,30.0,April,pluto,0.206,0.049,pluto-chiron,1,0.8851,0.9655,0.5224,0.5224
buick,Aquarius,320.0,March,pluto,0.279,0.023,neptune-pluto,1,0.9316,0.9895,0.9476,0.9476
building materials,Virgo,155.0,December,uranus,0.287,0.008,uranus-chiron,1,0.8841,0.9722,0.7087,0.7087
building toys,Virgo,150.0,November,pluto,0.222,0.01,uranus-pluto,1,0.8946,0.9151,0.9557,0.9557
buildings,Pisces,350.0,January,pluto,0.301,0.015,neptune-pluto,1,0.8704,0.985,0.9474,0.9474
bulgaria,Aquarius,300.0,May,pluto,0.299,0.045,uranus-pluto,1,0.7469,0.9826,0.8879,0.8879
burgers,Leo,140.0,June,pluto,0.289,0.014,uranus-pluto,1,0.6511,0.8584,0.8157,0.8157
bursa,Virgo,155.0,January,pluto,0.329,0.026,pluto-chiron,1,0.4706,0.7027,-5.9018,-5.9018
business,Scorpio,230.0,June,pluto,0.298,0.013,pluto-chiron,1,0.9052,0.9441,0.9783,0.9783
business attire,Aquarius,310.0,September,pluto,0.279,0.035,uranus-pluto,1,0.6127,0.5831,-8.481,-8.481
business cards,Gemini,85.0,April,pluto,0.286,0.022,pluto-chiron,1,0.523,-1.6333,-5.0461,-5.0461
business education,Virgo,165.0,April,pluto,0.245,0.038,uranus-pluto,1,0.7996,0.9215,0.9475,0.9475
business finance,Sagittarius,255.0,December,uranus,0.305,0.004,uranus-pluto,1,0.8888,0.8826,0.9014,0.9014
business formation,Pisces,355.0,October,neptune,0.241,0.024,uranus-neptune,1,0.7835,0.8847,0.9109,0.9109
business news,Cancer,115.0,June,pluto,0.236,0.029,neptune-pluto,1,0.9578,0.9755,0.9118,0.9118
business operations,Scorpio,230.0,January,uranus,0.232,0.026,uranus-neptune,1,0.6359,0.9348,0.9435,0.9435
business opportunities,Sagittarius,245.0,June,pluto,0.296,0.018,pluto-chiron,1,0.24,0.373,0.2093,0.2093
business plans,Taurus,40.0,December,pluto,0.231,0.02,pluto-node,1,0.6451,0.8145,0.0656,0.0656
business process,Gemini,70.0,December,pluto,0.277,0.012,uranus-pluto,1,0.8884,0.9669,0.9684,0.9684
business services,Pisces,345.0,October,pluto,0.261,0.03,uranus-pluto,1,0.8042,0.8377,0.8363,0.8363
business travel,Gemini,85.0,June,pluto,0.28,0.025,uranus-pluto,1,0.8863,0.9537,0.9468,0.9468
butchers,Gemini,85.0,January,pluto,0.317,0.034,pluto-node,1,0.8234,0.9539,0.2152,0.2152
c,Libra,195.0,October,pluto,0.21,0.007,neptune-pluto,1,0.8555,0.9519,0.6826,0.6826
cabinetry,Pisces,335.0,December,uranus,0.331,0.028,uranus-chiron,1,0.5175,0.8908,0.9259,0.9259
cable,Sagittarius,265.0,March,pluto,0.363,0.032,pluto-node,1,0.5666,-0.374,-0.5013,-0.5013
cad,Taurus,35.0,April,uranus,0.219,0.042,uranus-pluto,1,0.6975,0.2261,-0.6961,-0.6961
cadillac,Gemini,60.0,January,pluto,0.215,0.023,saturn-pluto,1,0.9489,0.9772,0.8007,0.8007
cadiz,Capricorn,280.0,February,pluto,0.298,0.067,pluto-chiron,1,0.6471,0.6614,-1.0331,-1.0331
cairns,Cancer,105.0,June,pluto,0.303,0.009,pluto-chiron,1,0.7911,0.9443,-0.8337,-0.8337
cairo,Scorpio,225.0,December,chiron,0.245,0.032,uranus-chiron,1,0.4021,0.5624,-41.4861,-41.4861
calculators,Pisces,335.0,February,chiron,0.346,0.031,neptune-chiron,1,0.1403,0.6447,-0.8451,-0.8451
calendar,Capricorn,290.0,November,uranus,0.304,0.031,uranus-pluto,1,0.864,0.947,0.8765,0.8765
calendars,Libra,205.0,November,neptune,0.273,0.035,uranus-neptune,1,0.4981,0.6483,0.417,0.417
calgary,Aquarius,310.0,July,pluto,0.297,0.04,neptune-pluto,1,0.7972,0.9557,-0.2764,-0.2764
california,Taurus,45.0,August,pluto,0.295,0.034,pluto-chiron,1,0.5964,0.8015,0.1554,0.1554
california central coast,Gemini,75.0,June,pluto,0.237,0.046,pluto-chiron,1,0.6464,0.6307,0.7063,0.7063
calling cards,Scorpio,210.0,December,chiron,0.24,0.016,neptune-chiron,1,0.3423,0.0841,-0.4205,-0.4205
cam,Sagittarius,245.0,January,pluto,0.362,0.021,pluto-node,1,0.8901,0.9372,0.8015,0.8015
cambodia,Leo,135.0,September,uranus,0.344,0.01,uranus-chiron,1,0.5545,0.4959,0.1524,0.1524
camcorders,Sagittarius,260.0,February,pluto,0.245,0.022,pluto-node,1,0.8065,0.9749,0.6925,0.6925
camera,Scorpio,210.0,October,pluto,0.425,0.025,neptune-pluto,1,0.6047,0.0573,0.6998,0.6998
camera lenses,Gemini,75.0,December,pluto,0.215,0.022,uranus-pluto,1,0.8385,0.4217,-2.559,-2.559
cameras,Libra,200.0,April,chiron,0.257,0.028,uranus-chiron,1,0.4304,0.4919,-14.9997,-14.9997
campaigns,Leo,145.0,December,chiron,0.208,0.017,uranus-chiron,1,0.6011,0.5124,-1.1755,-1.1755
campania,Virgo,160.0,January,pluto,0.236,0.057,pluto-chiron,1,0.8996,0.9624,0.8651,0.8651
campers,Capricorn,270.0,April,chiron,0.218,0.011,uranus-chiron,1,0.438,0.6773,-0.124,-0.124
camping,Leo,130.0,June,chiron,0.282,0.006,pluto-chiron,1,0.9041,0.9787,0.9684,0.9684
canada,Capricorn,285.0,March,pluto,0.251,0.03,uranus-pluto,1,0.4048,-0.0673,-0.2933,-0.2933
canary islands,Gemini,60.0,January,uranus,0.28,0.047,uranus-neptune,1,0.2994,0.3153,-4.9467,-4.9467
canberra,Capricorn,280.0,August,chiron,0.297,0.067,neptune-chiron,1,0.7408,0.9041,0.7703,0.7703
cancer,Aries,15.0,October,chiron,0.282,0.021,neptune-chiron,1,0.4373,-0.7115,-6.0965,-6.0965
cancun,Taurus,45.0,April,pluto,0.28,0.051,pluto-chiron,1,0.75,0.8664,-0.0883,-0.0883
candy,Aries,5.0,January,pluto,0.212,0.022,pluto-chiron,1,0.8405,0.9576,0.5252,0.5252
cantabria,Libra,180.0,May,pluto,0.318,0.028,pluto-chiron,1,0.8529,0.9498,0.4162,0.4162
cape town,Pisces,355.0,March,pluto,0.225,0.04,uranus-pluto,1,0.5437,0.8464,-0.9818,-0.9818
capoeira,Taurus,35.0,August,pluto,0.301,0.025,pluto-chiron,1,0.9483,0.9914,0.8342,0.8342
cappadocia,Leo,140.0,May,neptune,0.223,0.033,neptune-pluto,1,0.4104,0.5049,-0.172,-0.172
car audio,Gemini,75.0,April,pluto,0.314,0.028,pluto-node,1,0.949,0.986,0.8533,0.8533
car electronics,Gemini,70.0,December,pluto,0.223,0.047,uranus-pluto,1,0.6712,0.8321,0.7374,0.7374
car video,Cancer,100.0,May,chiron,0.345,0.036,pluto-chiron,1,0.8089,0.9156,0.8669,0.8669
caracas,Virgo,175.0,January,pluto,0.279,0.03,neptune-pluto,1,0.8086,0.9667,0.4466,0.4466
card games,Sagittarius,255.0,June,pluto,0.341,0.012,uranus-pluto,1,0.5648,0.9166,-0.5674,-0.5674
cargo trucks,Virgo,160.0,August,pluto,0.331,0.04,uranus-pluto,1,0.2351,0.8043,0.0744,0.0744
caribbean,Leo,125.0,April,chiron,0.235,0.039,pluto-chiron,1,0.6742,0.9618,0.9349,0.9349
caribbean music,Gemini,70.0,April,pluto,0.243,0.047,pluto-chiron,1,0.8682,0.9862,0.9336,0.9336
carinthia,Sagittarius,250.0,January,chiron,0.261,0.049,pluto-chiron,1,0.5431,0.552,-0.0456,-0.0456
carnival,Pisces,340.0,March,pluto,0.243,0.064,pluto-node,1,0.8126,0.9736,0.2475,0.2475
carpets,Scorpio,210.0,January,pluto,0.184,0.049,pluto-chiron,1,0.7398,0.9838,0.6006,0.6006
carpooling,Aries,15.0,February,uranus,0.299,0.021,uranus-pluto,1,0.4159,0.0409,-1.4798,-1.4798
cartoons,Gemini,65.0,November,pluto,0.252,0.008,pluto-chiron,1,0.7353,0.8405,0.9195,0.9195
casual games,Cancer,110.0,July,chiron,0.247,0.006,pluto-chiron,1,0.7537,-0.8204,-1.8274,-1.8274
casual shoes,Aquarius,300.0,November,uranus,0.294,0.023,uranus-pluto,1,0.9251,0.9502,0.955,0.955
catering,Taurus,50.0,June,chiron,0.291,0.013,pluto-chiron,1,0.8931,0.9698,0.8502,0.8502
cats,Virgo,175.0,January,pluto,0.317,0.009,pluto-chiron,1,0.9787,0.9848,0.4824,0.4824
caucasus,Gemini,80.0,January,pluto,0.212,0.025,pluto-chiron,1,0.6996,0.9553,-0.2442,-0.2442
cayman islands,Pisces,330.0,March,pluto,0.288,0.029,uranus-pluto,1,0.8327,0.9683,0.85,0.85
cd,Gemini,70.0,August,pluto,0.204,0.03,pluto-node,1,0.926,0.974,0.8267,0.8267
ceara,Scorpio,235.0,July,neptune,0.264,0.014,neptune-pluto,1,0.619,0.1468,-3.1446,-3.1446
cebu,Scorpio,235.0,February,chiron,0.243,0.05,neptune-chiron,1,0.4548,0.7335,0.4772,0.4772
celebrities,Scorpio,210.0,January,pluto,0.284,0.023,uranus-pluto,1,0.7247,0.7597,0.5425,0.5425
central,Cancer,110.0,January,pluto,0.315,0.012,pluto-chiron,1,0.8543,0.6329,-15.5722,-15.5722
central america,Scorpio,230.0,August,saturn,0.183,0.021,saturn-chiron,1,0.7731,0.9638,0.7676,0.7676
central asia,Capricorn,285.0,February,chiron,0.213,0.009,pluto-chiron,1,0.4586,0.3246,-2.1427,-2.1427
central florida,Sagittarius,265.0,January,chiron,0.239,0.033,pluto-chiron,1,0.8192,0.9521,0.3172,0.3172
central france,Cancer,90.0,June,uranus,0.384,0.044,uranus-pluto,1,0.2946,0.734,0.4364,0.4364
central mexico,Libra,205.0,August,pluto,0.191,0.021,pluto-chiron,1,0.669,0.9616,0.5036,0.5036
ceramics,Libra,180.0,January,pluto,0.357,0.028,saturn-pluto,1,0.4998,0.5169,0.5602,0.5602
certification,Gemini,65.0,April,pluto,0.265,0.03,neptune-pluto,1,0.9264,0.9825,0.9533,0.9533
chad,Sagittarius,245.0,September,neptune,0.276,0.013,neptune-pluto,1,0.7368,-0.4637,0.591,0.591
charity,Aquarius,315.0,November,pluto,0.24,0.016,pluto-chiron,1,0.3952,0.3126,-0.2573,-0.2573
charters,Scorpio,235.0,May,pluto,0.332,0.046,pluto-chiron,1,0.9179,0.9854,0.833,0.833
chatbots,Taurus,35.0,June,chiron,0.227,0.021,pluto-chiron,1,0.7511,0.6605,0.8687,0.8687
cheerleading,Libra,190.0,January,chiron,0.28,0.015,pluto-chiron,1,0.9522,0.9581,0.0734,0.0734
cheese,Aquarius,315.0,March,pluto,0.259,0.023,pluto-chiron,1,0.7701,0.7865,-0.7537,-0.7537
chemicals industry,Capricorn,280.0,June,chiron,0.291,0.023,uranus-chiron,1,0.7078,0.8626,0.5259,0.5259
chemistry,Aquarius,320.0,December,uranus,0.257,0.017,uranus-pluto,1,0.9658,0.9795,0.9582,0.9582
chennai,Leo,140.0,August,pluto,0.29,0.028,uranus-pluto,1,0.4483,0.8555,0.3344,0.3344
chess,Pisces,355.0,March,pluto,0.248,0.025,pluto-chiron,1,0.8642,0.8681,0.9189,0.9189
chevrolet,Capricorn,270.0,December,pluto,0.448,0.017,pluto-node,1,0.8827,0.9876,0.7779,0.7779
chhattisgarh,Aries,5.0,December,neptune,0.246,0.009,uranus-neptune,1,0.922,0.9856,0.8943,0.8943
chiang mai,Cancer,100.0,January,uranus,0.267,0.008,uranus-pluto,1,0.6656,0.912,-1.5653,-1.5653
chiapas,Aries,20.0,August,pluto,0.223,0.037,neptune-pluto,1,0.7659,0.9649,0.7828,0.7828
chiba,Capricorn,275.0,July,pluto,0.228,0.011,neptune-pluto,1,0.6593,0.9737,0.2626,0.2626
chicago,Sagittarius,255.0,January,neptune,0.231,0.002,neptune-pluto,1,0.9604,0.9884,0.9747,0.9747
chihuahua,Aquarius,325.0,September,pluto,0.264,0.027,pluto-chiron,1,0.8717,0.9682,0.8435,0.8435
child car seats,Libra,195.0,September,pluto,0.279,0.03,neptune-pluto,1,0.5149,0.5145,-0.1651,-0.1651
child care,Pisces,335.0,March,pluto,0.242,0.01,pluto-chiron,1,0.5206,0.6796,-6.6112,-6.6112
children's books,Pisces,330.0,December,pluto,0.25,0.021,uranus-pluto,1,0.8571,0.9217,0.9421,0.9421
children's music,Capricorn,290.0,November,uranus,0.234,0.012,uranus-pluto,1,0.8581,0.9547,0.9266,0.9266
chile,Gemini,85.0,July,pluto,0.232,0.01,uranus-pluto,1,0.5535,0.9246,0.7436,0.7436
china,Gemini,80.0,June,pluto,0.228,0.023,pluto-node,1,0.4808,-1.0651,-0.8374,-0.8374
chinese cuisine,Pisces,330.0,December,pluto,0.333,0.012,uranus-pluto,1,0.6823,-0.2366,-4.2734,-4.2734
chinese martial arts,Aquarius,310.0,March,pluto,0.229,0.033,neptune-pluto,1,0.6587,0.9208,0.648,0.648
chinese medicine,Libra,200.0,April,pluto,0.278,0.031,pluto-chiron,1,0.4555,-0.2431,0.0397,0.0397
chips,Libra,180.0,April,pluto,0.381,0.014,uranus-pluto,1,0.6028,0.7699,-0.1945,-0.1945
choreography videos,Aries,25.0,September,chiron,0.279,0.009,pluto-chiron,1,0.7862,0.9677,0.9737,0.9737
christian,Taurus,55.0,March,pluto,0.308,0.011,neptune-pluto,1,0.6314,0.8909,0.6951,0.6951
christianity,Sagittarius,255.0,March,pluto,0.269,0.036,pluto-node,1,0.8611,0.9512,0.3275,0.3275
chrysler,Sagittarius,260.0,February,uranus,0.244,0.041,uranus-pluto,1,0.5366,0.9767,0.8936,0.8936
chubu,Sagittarius,255.0,December,uranus,0.271,0.014,uranus-pluto,1,0.7179,0.957,0.9076,0.9076
cincinnati,Aries,25.0,August,uranus,0.26,0.025,uranus-pluto,1,0.4724,0.7012,-0.0842,-0.0842
circus,Libra,180.0,January,chiron,0.269,0.036,neptune-chiron,1,0.5214,0.5111,-5.165,-5.165
cis,Virgo,170.0,June,chiron,0.339,0.029,uranus-chiron,1,0.4052,0.9321,-0.3448,-0.3448
citroen,Gemini,85.0,February,pluto,0.333,0.009,uranus-pluto,1,0.8878,0.9785,0.9232,0.9232
city,Libra,205.0,January,pluto,0.229,0.017,uranus-pluto,1,0.891,0.9235,0.5697,0.5697
city building games,Cancer,95.0,April,uranus,0.181,0.057,uranus-neptune,1,0.7938,0.1479,-0.9569,-0.9569
civil engineering,Leo,140.0,September,pluto,0.219,0.02,uranus-pluto,1,0.9708,0.9877,0.9458,0.9458
civil rights,Capricorn,275.0,March,pluto,0.334,0.043,uranus-pluto,1,0.7171,0.9236,-0.2086,-0.2086
classic films,Scorpio,215.0,November,pluto,0.337,0.021,neptune-pluto,1,0.6662,0.9049,0.0359,0.0359
classic rock,Capricorn,295.0,October,node,0.219,0.004,pluto-node,1,0.8324,0.8248,0.7425,0.7425
classical music,Aries,10.0,October,chiron,0.211,0.031,uranus-chiron,1,0.7062,0.4468,0.0772,0.0772
classifieds,Taurus,50.0,January,pluto,0.263,0.017,pluto-chiron,1,0.8531,0.955,-0.6928,-0.6928
clean beauty,Sagittarius,250.0,January,chiron,0.222,0.047,uranus-chiron,1,0.3709,0.6384,-0.231,-0.231
cleaning agents,Pisces,340.0,November,uranus,0.252,0.011,uranus-neptune,1,0.7804,0.8526,0.8575,0.8575
cleaning services,Scorpio,235.0,June,pluto,0.333,0.01,pluto-chiron,1,0.7789,0.8546,0.4965,0.4965
cleansing,Sagittarius,250.0,December,pluto,0.401,0.027,uranus-pluto,1,0.7344,0.8462,-0.4989,-0.4989
clerical,Leo,135.0,June,pluto,0.289,0.048,pluto-chiron,1,0.6242,0.7159,0.2717,0.2717
climate change,Scorpio,235.0,December,pluto,0.32,0.041,uranus-pluto,1,0.4767,0.1755,-4.578,-4.578
climate control,Libra,200.0,November,pluto,0.274,0.031,uranus-pluto,1,0.8952,0.9474,0.8781,0.8781
climbing,Scorpio,215.0,January,pluto,0.247,0.02,pluto-chiron,1,0.9138,0.9551,0.6059,0.6059
clip art,Gemini,75.0,January,pluto,0.196,0.023,pluto-chiron,1,0.8616,0.9456,0.8007,0.8007
clocks,Gemini,85.0,July,pluto,0.178,0.041,pluto-chiron,1,0.96,0.9945,0.9374,0.9374
cloud computing,Leo,120.0,December,pluto,0.251,0.009,uranus-pluto,1,0.8454,0.9296,0.8301,0.8301
cloud storage,Libra,200.0,December,pluto,0.267,0.017,neptune-pluto,1,0.9566,0.9765,0.9842,0.9842
clubs,Gemini,85.0,July,pluto,0.349,0.007,uranus-pluto,1,0.9525,0.9525,0.5688,0.5688
coatings,Sagittarius,250.0,April,chiron,0.267,0.026,pluto-chiron,1,0.6666,0.9076,-0.1829,-0.1829
cochin,Gemini,75.0,August,chiron,0.198,0.027,uranus-chiron,1,0.3877,-1.3441,-0.2274,-0.2274
codecs,Pisces,340.0,July,pluto,0.28,0.027,pluto-node,1,0.8192,0.9806,0.7702,0.7702
coffee,Scorpio,225.0,May,uranus,0.231,0.014,uranus-chiron,1,0.406,0.1676,-0.1001,-0.1001
coffee tables,Scorpio,215.0,December,uranus,0.291,0.017,uranus-pluto,1,0.2173,0.4373,0.753,0.753
cold,Leo,125.0,January,neptune,0.267,0.059,neptune-chiron,1,0.6735,0.7566,-1.5701,-1.5701
collaboration,Cancer,115.0,April,pluto,0.271,0.015,neptune-pluto,1,0.744,0.8304,0.8554,0.8554
collectibles,Sagittarius,240.0,December,uranus,0.313,0.055,uranus-pluto,1,0.5293,0.7876,0.6106,0.6106
collections,Scorpio,225.0,October,pluto,0.261,0.014,pluto-chiron,1,0.8882,0.9112,0.9742,0.9742
college sports,Virgo,150.0,January,chiron,0.224,0.029,uranus-chiron,1,0.7379,0.7814,0.1847,0.1847
colleges,Virgo,155.0,June,chiron,0.25,0.071,uranus-chiron,1,0.8589,0.9118,0.5357,0.5357
cologne,Sagittarius,240.0,November,chiron,0.28,0.004,pluto-chiron,1,0.4735,0.6565,-2.4306,-2.4306
colombia,Libra,205.0,July,pluto,0.259,0.03,uranus-pluto,1,0.5541,0.8362,0.2362,0.2362
colorado,Cancer,115.0,January,uranus,0.223,0.019,uranus-chiron,1,0.5894,0.9038,-0.835,-0.835
coloring,Capricorn,270.0,June,pluto,0.255,0.017,uranus-pluto,1,0.7788,0.8302,0.3251,0.3251
columbus (oh),Leo,140.0,January,chiron,0.177,0.03,uranus-chiron,1,0.4788,0.9092,0.7482,0.7482
combat sports,Sagittarius,250.0,January,pluto,0.179,0.055,pluto-chiron,1,0.7708,0.3765,0.5359,0.5359
comedy films,Cancer,95.0,September,pluto,0.257,0.028,pluto-chiron,1,0.8908,0.9314,0.9019,0.9019
comics,Pisces,330.0,April,pluto,0.259,0.014,pluto-chiron,1,0.7963,0.4217,-7.0903,-7.0903
commentary,Aries,20.0,June,chiron,0.276,0.016,pluto-chiron,1,0.7723,0.8803,-4.7074,-4.7074
commercial properties,Aries,25.0,April,pluto,0.314,0.012,neptune-pluto,1,0.9018,0.9317,0.9171,0.9171
commercial vehicles,Cancer,95.0,October,uranus,0.282,0.024,uranus-pluto,1,0.8133,0.9853,0.9558,0.9558
commodities,Virgo,170.0,April,pluto,0.285,0.022,pluto-chiron,1,0.6726,0.7148,0.4932,0.4932
communications,Libra,190.0,February,pluto,0.264,0.02,pluto-node,1,0.7666,0.8624,-1.5403,-1.5403
company earnings,Virgo,160.0,June,pluto,0.221,0.012,uranus-pluto,1,0.8959,0.9362,0.9223,0.9223
company news,Cancer,110.0,June,chiron,0.193,0.038,pluto-chiron,1,0.967,0.9786,0.9761,0.9761
comparisons,Leo,125.0,January,pluto,0.222,0.017,uranus-pluto,1,0.2858,0.401,0.194,0.194
compensation,Gemini,65.0,April,pluto,0.36,0.027,pluto-chiron,1,0.8759,0.7849,-1.839,-1.839
components,Cancer,100.0,December,pluto,0.275,0.031,pluto-node,1,0.9391,0.9701,0.972,0.972
computer,Sagittarius,245.0,April,pluto,0.345,0.012,pluto-node,1,0.6222,0.6014,0.351,0.351
computer components,Leo,140.0,October,pluto,0.33,0.041,uranus-pluto,1,0.8243,0.9441,0.9376,0.9376
computer drives,Capricorn,285.0,December,uranus,0.335,0.039,uranus-neptune,1,0.4855,0.939,0.1704,0.1704
computer education,Gemini,85.0,June,pluto,0.285,0.014,pluto-chiron,1,0.9513,0.9726,0.9628,0.9628
computer hardware,Gemini,60.0,September,pluto,0.275,0.033,neptune-pluto,1,0.6846,0.6182,0.383,0.383
computer memory,Virgo,160.0,December,pluto,0.287,0.022,uranus-pluto,1,0.46,0.5727,-1.3199,-1.3199
computer monitors,Capricorn,280.0,December,pluto,0.244,0.025,uranus-pluto,1,0.6868,0.6102,0.859,0.859
computer peripherals,Sagittarius,260.0,November,neptune,0.339,0.009,neptune-pluto,1,0.6482,0.9394,0.6476,0.6476
computer science,Cancer,95.0,May,chiron,0.21,0.034,pluto-chiron,1,0.9393,0.9634,0.9081,0.9081
computer security,Gemini,70.0,April,pluto,0.227,0.039,uranus-pluto,1,0.4735,0.6504,0.7617,0.7617
computer servers,Gemini,80.0,September,chiron,0.31,0.025,pluto-chiron,1,0.6879,0.8352,0.213,0.213
computers,Aquarius,315.0,January,pluto,0.259,0.031,pluto-node,1,0.7862,0.9623,0.9608,0.9608
concerts,Leo,135.0,January,pluto,0.292,0.007,pluto-chiron,1,0.917,0.9737,0.5572,0.5572
condiments,Aquarius,325.0,June,pluto,0.326,0.038,uranus-pluto,1,0.6929,0.9429,0.8231,0.8231
conditioners,Leo,120.0,June,chiron,0.295,0.041,uranus-chiron,1,0.6724,0.6668,-0.2079,-0.2079
condos,Taurus,50.0,April,chiron,0.246,0.062,uranus-chiron,1,0.6236,0.1665,-2.2725,-2.2725
consoles,Capricorn,290.0,September,pluto,0.272,0.014,neptune-pluto,1,0.7827,0.9535,0.8993,0.8993
constitutional law,Libra,190.0,December,pluto,0.278,0.01,uranus-pluto,1,0.8852,0.9758,0.9159,0.9159
construction,Pisces,340.0,December,pluto,0.37,0.022,pluto-chiron,1,0.8562,0.7715,0.8727,0.8727
consulting,Taurus,45.0,April,pluto,0.244,0.027,uranus-pluto,1,0.8345,0.9324,0.5606,0.5606
contacts,Libra,190.0,October,pluto,0.341,0.035,pluto-chiron,1,0.8656,0.4929,-3.5758,-3.5758
content management,Gemini,75.0,April,neptune,0.227,0.023,neptune-pluto,1,0.5679,0.317,-2.4049,-2.4049
contests,Sagittarius,250.0,August,chiron,0.292,0.057,pluto-chiron,1,0.8179,0.908,0.7762,0.7762
contracting,Taurus,45.0,March,pluto,0.35,0.01,pluto-chiron,1,0.7756,0.9475,0.9392,0.9392
control equipment,Aries,0.0,December,chiron,0.265,0.034,neptune-chiron,1,0.3203,0.7681,0.7234,0.7234
conventions,Aquarius,315.0,February,chiron,0.243,0.058,uranus-chiron,1,0.6862,0.671,0.6837,0.6837
convertibles,Gemini,75.0,April,chiron,0.234,0.039,pluto-chiron,1,0.5791,0.9521,0.9404,0.9404
cooking,Sagittarius,240.0,April,pluto,0.387,0.002,uranus-pluto,1,0.9614,0.9781,0.8486,0.8486
cooking tutorials,Sagittarius,255.0,December,pluto,0.241,0.031,pluto-chiron,1,0.4855,0.4496,0.5076,0.5076
cooktops,Scorpio,220.0,November,uranus,0.257,0.021,uranus-pluto,1,0.5357,0.8267,0.6867,0.6867
cookware,Capricorn,295.0,December,uranus,0.244,0.035,uranus-pluto,1,0.9363,0.9474,0.7272,0.7272
copenhagen,Capricorn,280.0,November,neptune,0.274,0.007,uranus-neptune,1,0.4337,0.6132,-0.1458,-0.1458
cordoba,Sagittarius,245.0,January,pluto,0.231,0.025,pluto-node,1,0.8507,0.9855,0.695,0.695
corporate,Leo,145.0,January,neptune,0.213,0.01,neptune-chiron,1,0.9324,0.8765,-1.5638,-1.5638
corporate events,Pisces,330.0,October,pluto,0.302,0.032,neptune-pluto,1,0.3725,0.841,0.9043,0.9043
corporate law,Scorpio,210.0,June,pluto,0.33,0.02,pluto-chiron,1,0.8765,0.9255,0.9495,0.9495
corporate training,Aries,0.0,October,uranus,0.279,0.025,uranus-chiron,1,0.2766,0.1395,-15.2411,-15.2411
corrections,Aquarius,325.0,January,chiron,0.358,0.014,pluto-chiron,1,0.6696,0.3103,-5.193,-5.193
corsica,Aries,25.0,August,uranus,0.159,0.04,uranus-neptune,1,0.6765,0.9481,0.8025,0.8025
cosmetic surgery,Capricorn,280.0,February,pluto,0.298,0.028,pluto-chiron,1,0.8989,0.9869,0.5455,0.5455
cosmetics,Capricorn,270.0,December,pluto,0.276,0.026,pluto-node,1,0.8063,0.9122,-2.885,-2.885
cosmetology,Leo,145.0,August,pluto,0.214,0.02,pluto-chiron,1,0.5154,0.4048,0.5595,0.5595
cosplay,Capricorn,270.0,August,pluto,0.383,0.01,neptune-pluto,1,0.7264,0.9163,-2.3824,-2.3824
costa rica,Virgo,170.0,July,uranus,0.255,0.034,uranus-pluto,1,0.2357,0.4225,-1.4572,-1.4572
costumes,Taurus,55.0,October,pluto,0.312,0.03,uranus-pluto,1,0.4546,0.8577,0.3484,0.3484
counseling,Pisces,345.0,August,uranus,0.276,0.03,uranus-pluto,1,0.6561,0.8256,-0.8151,-0.8151
countertops,Aquarius,315.0,March,pluto,0.251,0.016,pluto-chiron,1,0.8413,0.8933,0.9689,0.9689
country music,Taurus,35.0,April,pluto,0.271,0.025,pluto-chiron,1,0.6435,0.2358,-0.1842,-0.1842
coupes,Aries,15.0,April,pluto,0.206,0.066,uranus-pluto,1,0.7113,0.8718,0.6926,0.6926
coupons,Capricorn,280.0,June,chiron,0.283,0.021,pluto-chiron,1,0.6576,0.611,-2.1766,-2.1766
couriers,Cancer,110.0,January,chiron,0.322,0.076,neptune-chiron,1,0.494,0.8345,0.6501,0.6501
courts,Cancer,115.0,October,pluto,0.237,0.05,uranus-pluto,1,0.5237,0.8435,-3.5914,-3.5914
craft supplies,Leo,140.0,June,chiron,0.268,0.015,pluto-chiron,1,0.9202,0.9801,0.3858,0.3858
crafts,Scorpio,230.0,September,chiron,0.233,0.011,pluto-chiron,1,0.8556,0.7102,-4.8147,-4.8147
credit,Gemini,65.0,June,uranus,0.239,0.011,uranus-neptune,1,0.8663,0.9273,0.749,0.749
credit cards,Taurus,55.0,June,pluto,0.244,0.016,pluto-chiron,1,0.909,0.9724,0.915,0.915
crete,Pisces,335.0,June,pluto,0.335,0.051,uranus-pluto,1,0.8413,0.9453,-0.8434,-0.8434
cricket,Capricorn,295.0,February,uranus,0.263,0.023,uranus-neptune,1,0.7895,0.8645,0.5947,0.5947
crime,Virgo,160.0,June,pluto,0.329,0.02,pluto-chiron,1,0.9455,0.9599,0.9073,0.9073
criminal law,Cancer,115.0,June,pluto,0.209,0.023,pluto-chiron,1,0.7643,0.7844,-2.0119,-2.0119
crops,Pisces,345.0,October,chiron,0.296,0.03,uranus-chiron,1,0.4923,0.8191,0.2045,0.2045
crossovers,Scorpio,210.0,January,node,0.197,0.007,pluto-node,1,0.8279,0.95,-0.0251,-0.0251
cruises,Aquarius,325.0,April,chiron,0.277,0.031,pluto-chiron,1,0.7866,0.8337,0.6586,0.6586
cuba,Pisces,350.0,July,neptune,0.188,0.036,neptune-pluto,1,0.8826,0.9251,0.9005,0.9005
cuernavaca (morelos),Taurus,40.0,May,chiron,0.226,0.002,uranus-chiron,1,0.7535,0.9737,0.9133,0.9133
cuisines,Taurus,35.0,March,chiron,0.272,0.018,pluto-chiron,1,0.6594,-1.3842,0.2354,0.2354
culinary training,Gemini,60.0,June,chiron,0.299,0.022,pluto-chiron,1,0.4293,0.5403,0.2364,0.2364
cult,Pisces,355.0,September,pluto,0.286,0.021,pluto-chiron,1,0.9211,0.9764,0.9239,0.9239
culture festivals,Sagittarius,255.0,December,pluto,0.44,0.037,pluto-chiron,1,0.5552,0.926,0.7148,0.7148
currencies,Pisces,355.0,June,pluto,0.258,0.006,pluto-chiron,1,0.515,0.7571,0.8514,0.8514
curtains,Leo,125.0,January,chiron,0.281,0.012,pluto-chiron,1,0.4403,0.493,-3.3931,-3.3931
custom,Virgo,160.0,July,pluto,0.291,0.019,uranus-pluto,1,0.3891,0.334,-1.1715,-1.1715
custom homes,Libra,205.0,November,pluto,0.246,0.027,uranus-pluto,1,0.4339,0.8941,0.8731,0.8731
customer relationship management (crm),Leo,135.0,May,chiron,0.246,0.008,pluto-chiron,1,0.1426,0.0079,-0.3715,-0.3715
customer services,Aries,20.0,September,neptune,0.304,0.024,neptune-pluto,1,0.3226,0.7424,0.5129,0.5129
cutlery,Virgo,175.0,December,pluto,0.248,0.047,pluto-chiron,1,0.6191,0.7165,-6.1806,-6.1806
cutting accessories,Aries,10.0,December,uranus,0.251,0.022,uranus-pluto,1,0.7128,0.9534,0.8311,0.8311
cycling,Libra,190.0,July,pluto,0.245,0.009,pluto-chiron,1,0.5512,0.0798,-0.3902,-0.3902
cyprus,Sagittarius,245.0,May,pluto,0.358,0.007,neptune-pluto,1,0.5616,0.8743,0.0653,0.0653
dairy,Aries,5.0,March,chiron,0.251,0.025,uranus-chiron,1,0.8781,0.9762,0.9526,0.9526
dance,Virgo,170.0,January,pluto,0.273,0.056,neptune-pluto,1,0.9287,0.9754,0.9336,0.9336
dance games,Leo,125.0,April,pluto,0.217,0.054,uranus-pluto,1,0.5878,0.8285,0.6183,0.6183
data backup,Virgo,170.0,June,uranus,0.269,0.005,uranus-pluto,1,0.969,0.9847,0.9673,0.9673
data management,Gemini,75.0,December,pluto,0.227,0.023,neptune-pluto,1,0.8881,0.9626,0.98,0.98
data sheets,Libra,190.0,April,pluto,0.282,0.016,neptune-pluto,1,0.8908,0.9788,0.9544,0.9544
dating,Scorpio,220.0,June,pluto,0.376,0.026,neptune-pluto,1,0.3253,0.1979,-8.3461,-8.3461
day trading,Pisces,340.0,April,pluto,0.266,0.023,uranus-pluto,1,0.8799,0.8656,0.6715,0.6715
debit,Leo,120.0,October,uranus,0.218,0.005,uranus-pluto,1,0.9882,0.9952,0.9932,0.9932
debt collection,Capricorn,270.0,November,pluto,0.361,0.04,neptune-pluto,1,0.3479,-1.8988,-4.0726,-4.0726
defense,Aquarius,325.0,April,pluto,0.224,0.01,neptune-pluto,1,0.7495,0.7657,0.2237,0.2237
defense industry,Sagittarius,245.0,December,pluto,0.266,0.007,neptune-pluto,1,0.8934,0.8887,0.9556,0.9556
delaware,Aquarius,320.0,May,pluto,0.254,0.019,pluto-chiron,1,0.9051,0.9921,0.5001,0.5001
delhi,Aquarius,305.0,May,uranus,0.214,0.031,uranus-pluto,1,0.9215,0.9823,0.8964,0.8964
denim wear,Cancer,100.0,October,uranus,0.347,0.022,uranus-chiron,1,0.5762,0.3088,-3.3795,-3.3795
denver,Aquarius,315.0,January,pluto,0.323,0.017,pluto-chiron,1,0.9249,0.9322,0.6312,0.6312
deodorants,Taurus,50.0,June,chiron,0.246,0.028,pluto-chiron,1,0.6218,0.8061,0.5529,0.5529
depression,Capricorn,275.0,December,pluto,0.224,0.016,pluto-chiron,1,0.8693,0.6507,-6.3809,-6.3809
derivatives,Aquarius,300.0,December,uranus,0.405,0.036,uranus-pluto,1,0.8762,0.9345,0.8635,0.8635
design,Scorpio,220.0,June,uranus,0.24,0.004,uranus-chiron,1,0.9778,0.9754,0.915,0.915
design education,Capricorn,270.0,June,pluto,0.305,0.02,uranus-pluto,1,0.8961,0.9782,0.9496,0.9496
desktop computers,Leo,130.0,December,uranus,0.26,0.04,uranus-chiron,1,0.5332,0.8105,0.0031,0.0031
desktop publishing,Taurus,30.0,December,uranus,0.259,0.034,uranus-pluto,1,0.2707,0.5981,0.5666,0.5666
desserts,Cancer,100.0,November,pluto,0.309,0.012,uranus-pluto,1,0.8851,0.5138,-10.1804,-10.1804
detoxification,Scorpio,210.0,February,pluto,0.233,0.022,uranus-pluto,1,0.4278,0.4401,-19.8037,-19.8037
detroit,Virgo,165.0,July,pluto,0.317,0.034,pluto-chiron,1,0.8696,0.9563,-0.165,-0.165
development,Aries,20.0,April,pluto,0.255,0.015,pluto-chiron,1,0.8309,0.8943,0.9507,0.9507
development tools,Capricorn,295.0,March,pluto,0.322,0.026,uranus-pluto,1,0.5854,0.8158,0.6878,0.6878
developmental disabilities,Aries,20.0,March,uranus,0.326,0.024,saturn-uranus,1,0.2083,0.3585,0.5124,0.5124
device drivers,Cancer,95.0,October,chiron,0.208,0.011,pluto-chiron,1,0.8043,-0.6668,-3.372,-3.372
dhaka,Leo,130.0,November,uranus,0.271,0.009,uranus-pluto,1,0.9382,0.9718,0.6882,0.6882
diabetes,Taurus,50.0,September,pluto,0.272,0.019,pluto-chiron,1,0.9049,0.921,0.9397,0.9397
diapering,Aries,10.0,October,chiron,0.339,0.038,uranus-chiron,1,0.5877,0.9643,0.7717,0.7717
diaspora,Sagittarius,240.0,September,pluto,0.269,0.029,uranus-pluto,1,0.5175,0.1209,-6.829,-6.829
dice games,Virgo,150.0,December,uranus,0.235,0.028,uranus-chiron,1,0.6289,0.1116,0.4679,0.4679
dictionaries,Sagittarius,250.0,December,uranus,0.313,0.028,uranus-pluto,1,0.5217,0.8589,0.6739,0.6739
diesel vehicles,Aries,20.0,October,uranus,0.337,0.022,uranus-neptune,1,0.6113,0.9558,0.8241,0.8241
digital arts,Scorpio,215.0,December,uranus,0.279,0.018,uranus-pluto,1,0.4847,0.5013,-3.244,-3.244
dining,Virgo,160.0,May,chiron,0.249,0.024,pluto-chiron,1,0.9292,0.9627,0.8391,0.8391
dining furniture,Aquarius,315.0,June,uranus,0.273,0.009,uranus-neptune,1,0.8533,0.9827,0.8922,0.8922
directories,Leo,145.0,April,pluto,0.334,0.056,uranus-pluto,1,0.4698,0.6125,0.281,0.281
disabled,Leo,140.0,April,pluto,0.326,0.038,pluto-chiron,1,0.6454,0.9018,0.2282,0.2282
disaster preparedness,Aries,15.0,September,uranus,0.288,0.024,uranus-pluto,1,0.4256,0.2825,0.1947,0.1947
discount,Capricorn,285.0,October,uranus,0.258,0.051,uranus-pluto,1,0.9537,0.9738,0.9829,0.9829
discount offers,Libra,190.0,October,neptune,0.293,0.011,uranus-neptune,1,0.8906,0.9237,0.8416,0.8416
discrimination,Leo,130.0,February,pluto,0.314,0.002,pluto-chiron,1,0.6368,0.7203,0.4778,0.4778
dishwashers,Capricorn,285.0,December,pluto,0.277,0.035,pluto-node,1,0.8684,0.9806,-0.8371,-0.8371
displays,Cancer,110.0,November,pluto,0.257,0.033,pluto-chiron,1,0.7544,0.9401,-0.1601,-0.1601
distance learning,Virgo,175.0,August,chiron,0.214,0.021,pluto-chiron,1,0.5647,0.035,-1.3936,-1.3936
distance running,Aries,10.0,May,pluto,0.321,0.04,pluto-chiron,1,0.7595,0.9793,0.9453,0.9453
distributed,Scorpio,225.0,December,pluto,0.205,0.031,uranus-pluto,1,0.7634,0.5865,0.8672,0.8672
divination,Sagittarius,245.0,August,chiron,0.284,0.03,uranus-chiron,1,0.5215,-1.7904,-7.7898,-7.7898
diving,Capricorn,290.0,August,chiron,0.318,0.035,pluto-chiron,1,0.7347,0.931,0.8872,0.8872
divorce,Scorpio,225.0,March,pluto,0.326,0.015,pluto-chiron,1,0.3664,0.1683,0.8962,0.8962
diy,Cancer,105.0,September,pluto,0.307,0.014,pluto-node,1,0.9509,0.2993,-0.8426,-0.8426
dj resources,Taurus,35.0,November,neptune,0.263,0.037,neptune-pluto,1,0.7656,0.8982,0.8637,0.8637
document,Libra,200.0,December,uranus,0.243,0.015,uranus-chiron,1,0.9576,0.9825,0.9634,0.9634
documentary films,Cancer,95.0,July,pluto,0.198,0.016,uranus-pluto,1,0.8049,0.9595,-1.2795,-1.2795
dodge,Libra,200.0,March,pluto,0.301,0.023,uranus-pluto,1,0.891,0.9631,0.5547,0.5547
dogs,Leo,140.0,July,pluto,0.325,0.02,uranus-pluto,1,0.694,0.9792,0.6331,0.6331
doha,Sagittarius,245.0,January,pluto,0.299,0.038,pluto-chiron,1,0.4871,0.8143,0.7956,0.7956
dolls,Aries,25.0,August,pluto,0.247,0.035,pluto-chiron,1,0.8657,0.8655,-0.6895,-0.6895
domain registration,Sagittarius,250.0,August,uranus,0.332,0.017,saturn-uranus,1,0.3107,0.7345,0.7947,0.7947
dominica,Aquarius,305.0,January,pluto,0.284,0.016,uranus-pluto,1,0.7015,0.7006,-0.2208,-0.2208
dominican republic,Aries,5.0,June,pluto,0.238,0.022,uranus-pluto,1,0.4582,0.4091,0.1534,0.1534
doors,Cancer,95.0,July,pluto,0.3,0.01,uranus-pluto,1,0.9539,0.9033,0.0548,0.0548
downloads,Gemini,75.0,July,pluto,0.247,0.016,pluto-chiron,1,0.954,0.9925,0.9727,0.9727
drama films,Virgo,175.0,June,pluto,0.365,0.044,uranus-pluto,1,0.489,0.8236,-0.7147,-0.7147
drawing,Scorpio,210.0,September,uranus,0.218,0.005,uranus-neptune,1,0.9839,0.9854,0.9664,0.9664
dresses,Taurus,35.0,February,pluto,0.283,0.033,pluto-chiron,1,0.7828,0.577,-17.9697,-17.9697
dressings,Gemini,75.0,July,chiron,0.253,0.028,pluto-chiron,1,0.614,0.7522,0.8171,0.8171
drink,Leo,120.0,January,chiron,0.263,0.034,pluto-chiron,1,0.7195,0.7538,-3.3421,-3.3421
driver education,Aries,15.0,September,uranus,0.335,0.048,uranus-chiron,1,0.2019,0.6404,-0.88,-0.88
driving,Cancer,90.0,December,pluto,0.319,0.017,uranus-pluto,1,0.7187,0.8179,0.9418,0.9418
driving laws,Taurus,35.0,March,pluto,0.259,0.047,uranus-pluto,1,0.5553,0.7768,0.7885,0.7885
drones,Sagittarius,250.0,June,chiron,0.259,0.016,pluto-chiron,1,0.7398,0.4465,0.4388,0.4388
drugs,Sagittarius,240.0,January,pluto,0.25,0.02,pluto-chiron,1,0.9242,0.9697,0.9633,0.9633
drums,Gemini,70.0,January,chiron,0.227,0.026,pluto-chiron,1,0.9711,0.9907,0.8951,0.8951
dryers,Aries,5.0,February,uranus,0.271,0.025,uranus-pluto,1,0.2539,-0.2272,-0.9006,-0.9006
dubai,Scorpio,215.0,February,pluto,0.333,0.004,uranus-pluto,1,0.7185,0.8126,0.699,0.699
dublin,Pisces,350.0,April,pluto,0.308,0.024,pluto-chiron,1,0.9348,0.9962,0.9822,0.9822
duets,Leo,130.0,November,pluto,0.262,0.03,uranus-pluto,1,0.9168,0.9894,0.9218,0.9218
dusseldorf,Scorpio,215.0,March,chiron,0.229,0.009,pluto-chiron,1,0.7175,0.9658,0.1059,0.1059
dvd,Gemini,70.0,July,chiron,0.212,0.011,pluto-chiron,1,0.9238,0.9895,0.0127,0.0127
dvd players,Taurus,55.0,January,chiron,0.291,0.019,saturn-chiron,1,0.4454,0.8155,-1.027,-1.027
dyes,Cancer,90.0,June,pluto,0.267,0.041,pluto-node,1,0.8871,0.9372,0.7572,0.7572
ear nose,Sagittarius,260.0,August,pluto,0.439,0.019,saturn-pluto,1,0.3718,0.3797,-0.4384,-0.4384
early childhood education,Cancer,90.0,March,pluto,0.216,0.035,uranus-pluto,1,0.4529,0.1259,0.6105,0.6105
east asia,Taurus,55.0,April,neptune,0.206,0.016,neptune-chiron,1,0.3498,0.278,-4.1618,-4.1618
east france,Sagittarius,255.0,April,chiron,0.24,0.045,pluto-chiron,1,0.2394,0.5392,-3.7076,-3.7076
east india,Taurus,35.0,September,pluto,0.29,0.022,pluto-chiron,1,0.6025,-3.2108,-1.6789,-1.6789
east midlands,Libra,205.0,July,pluto,0.309,0.055,pluto-chiron,1,0.8713,0.9765,0.912,0.912
east timor,Libra,180.0,July,pluto,0.276,0.013,pluto-chiron,1,0.8298,0.9761,-0.0199,-0.0199
easter,Cancer,105.0,April,pluto,0.392,0.064,uranus-pluto,1,0.5257,0.6971,0.4425,0.4425
eastern africa,Aries,15.0,March,pluto,0.374,0.015,uranus-pluto,1,0.5733,0.928,0.8301,0.8301
eating disorders,Aquarius,320.0,February,pluto,0.311,0.006,pluto-chiron,1,0.9194,0.9912,0.9207,0.9207
ecology,Virgo,155.0,April,chiron,0.216,0.021,pluto-chiron,1,0.6337,0.7067,0.7751,0.7751
economics,Pisces,335.0,December,uranus,0.261,0.012,uranus-pluto,1,0.953,0.943,0.9687,0.9687
economy news,Virgo,160.0,June,uranus,0.315,0.007,uranus-pluto,1,0.5293,0.7876,0.3949,0.3949
ecotourism,Gemini,80.0,April,uranus,0.283,0.041,uranus-pluto,1,0.6309,0.3928,0.4463,0.4463
ecuador,Leo,145.0,September,pluto,0.338,0.018,uranus-pluto,1,0.4387,0.3543,0.2684,0.2684
edgy,Scorpio,230.0,December,pluto,0.256,0.04,pluto-chiron,1,0.7869,0.6769,-0.3814,-0.3814
edinburgh,Aquarius,320.0,September,pluto,0.266,0.034,pluto-chiron,1,0.9009,0.9697,0.8494,0.8494
edmonton,Aries,25.0,July,pluto,0.321,0.017,pluto-chiron,1,0.8645,0.9462,0.4142,0.4142
education,Pisces,355.0,March,pluto,0.271,0.018,uranus-pluto,1,0.9035,0.9279,0.7034,0.7034
education jobs,Aries,10.0,June,chiron,0.249,0.014,uranus-chiron,1,0.8591,0.9678,0.7994,0.7994
educational games,Aquarius,320.0,June,uranus,0.301,0.016,uranus-neptune,1,0.8106,0.7094,0.5373,0.5373
eggs,Aries,15.0,March,pluto,0.204,0.029,neptune-pluto,1,0.8233,0.9332,0.689,0.689
egypt,Sagittarius,240.0,January,uranus,0.261,0.029,uranus-pluto,1,0.542,0.9247,0.7558,0.7558
el paso,Cancer,95.0,September,pluto,0.231,0.036,neptune-pluto,1,0.8443,0.9334,0.2973,0.2973
el salvador,Taurus,35.0,August,pluto,0.276,0.006,neptune-pluto,1,0.584,0.0192,-1.0896,-1.0896
elections,Pisces,335.0,November,neptune,0.221,0.058,uranus-neptune,1,0.2976,0.0378,0.1454,0.1454
electric,Virgo,150.0,October,pluto,0.314,0.031,pluto-node,1,0.9106,0.9233,0.4852,0.4852
electric skateboards,Aquarius,325.0,September,pluto,0.384,0.02,pluto-chiron,1,0.5034,0.2085,-1.0104,-1.0104
electrical,Leo,135.0,November,pluto,0.352,0.011,neptune-pluto,1,0.919,0.9733,0.9468,0.9468
electrical test,Taurus,40.0,October,pluto,0.253,0.03,uranus-pluto,1,0.6928,0.9,0.4408,0.4408
electricity,Pisces,330.0,December,pluto,0.351,0.028,saturn-pluto,1,0.7837,0.8697,0.897,0.897
electronic accessories,Libra,185.0,November,chiron,0.261,0.037,uranus-chiron,1,0.7348,0.9556,0.9401,0.9401
electronic components,Capricorn,285.0,December,pluto,0.315,0.022,pluto-chiron,1,0.8892,0.9278,0.844,0.844
electronic music,Aquarius,300.0,September,node,0.261,0.023,pluto-node,1,0.8311,0.8856,0.6357,0.6357
electronics,Sagittarius,260.0,December,pluto,0.287,0.013,neptune-pluto,1,0.9288,0.9117,0.9698,0.9698
email,Virgo,155.0,June,pluto,0.295,0.018,uranus-pluto,1,0.9776,0.988,0.9744,0.9744
email marketing,Aries,0.0,June,pluto,0.254,0.052,uranus-pluto,1,0.8583,0.7816,0.8644,0.8644
emergency,Gemini,70.0,April,chiron,0.244,0.01,neptune-chiron,1,0.6366,0.8149,-2.2689,-2.2689
emergency services,Cancer,95.0,August,uranus,0.256,0.025,uranus-chiron,1,0.2865,0.8655,-0.5107,-0.5107
employment law,Taurus,45.0,March,uranus,0.226,0.018,uranus-pluto,1,0.4624,0.8657,0.8897,0.8897
end tables,Virgo,170.0,April,pluto,0.264,0.033,pluto-chiron,1,0.4763,0.4929,-5.4517,-5.4517
energy,Aries,10.0,October,chiron,0.239,0.019,neptune-chiron,1,0.6782,0.6578,0.2994,0.2994
energy drinks,Libra,190.0,June,pluto,0.229,0.035,pluto-chiron,1,0.6516,0.682,-4.7388,-4.7388
engine,Virgo,170.0,March,pluto,0.299,0.016,pluto-node,1,0.9307,0.9613,0.9129,0.9129
engineering,Cancer,105.0,June,pluto,0.258,0.017,uranus-pluto,1,0.9645,0.9773,0.9756,0.9756
england,Sagittarius,260.0,July,uranus,0.308,0.03,uranus-pluto,1,0.2935,0.3136,0.2336,0.2336
entertainment,Pisces,340.0,February,pluto,0.268,0.032,pluto-chiron,1,0.8516,0.9626,0.963,0.963
entertainment industry,Aquarius,325.0,March,pluto,0.298,0.043,pluto-chiron,1,0.4503,0.8245,0.755,0.755
entertainment media,Cancer,110.0,October,pluto,0.258,0.009,neptune-pluto,1,0.9136,0.9424,0.968,0.968
entertainment news,Gemini,75.0,June,chiron,0.208,0.022,neptune-chiron,1,0.8992,0.8828,0.8259,0.8259
entomology,Taurus,45.0,December,pluto,0.254,0.022,uranus-pluto,1,0.8408,0.9579,0.9377,0.9377
environment,Cancer,110.0,May,pluto,0.248,0.013,pluto-chiron,1,0.8573,0.8711,0.8421,0.8421
environmental issues,Libra,195.0,March,chiron,0.204,0.017,uranus-chiron,1,0.5432,0.7796,-106.0049,-106.0049
equestrian,Aquarius,315.0,August,chiron,0.394,0.026,uranus-chiron,1,0.3723,0.3263,0.1142,0.1142
equipment,Capricorn,290.0,April,pluto,0.368,0.015,uranus-pluto,1,0.7198,0.7519,0.7382,0.7382
escrow,Leo,125.0,December,chiron,0.209,0.035,uranus-chiron,1,0.4953,-0.6102,-0.7647,-0.7647
espirito santo,Libra,195.0,July,pluto,0.297,0.015,pluto-node,1,0.8712,0.9423,0.9457,0.9457
ethics,Leo,120.0,December,pluto,0.241,0.012,uranus-pluto,1,0.8646,0.9226,0.9604,0.9604
ethiopia,Libra,185.0,November,pluto,0.269,0.012,uranus-pluto,1,0.7635,0.8785,0.8852,0.8852
ethnic,Gemini,65.0,October,pluto,0.249,0.004,uranus-pluto,1,0.6767,0.6703,0.6962,0.6962
etiquette,Cancer,100.0,November,chiron,0.282,0.03,pluto-chiron,1,0.5998,0.8635,0.6075,0.6075
europe,Leo,145.0,January,pluto,0.277,0.026,pluto-node,1,0.9549,0.9691,0.9486,0.9486
event,Taurus,40.0,October,pluto,0.252,0.023,pluto-chiron,1,0.7216,0.7909,-0.5097,-0.5097
event planning,Leo,120.0,March,pluto,0.287,0.009,uranus-pluto,1,0.5521,0.5519,0.7699,0.7699
events,Pisces,350.0,January,pluto,0.354,0.029,pluto-chiron,1,0.5817,0.8531,0.8087,0.8087
exams,Aries,20.0,April,pluto,0.3,0.031,uranus-pluto,1,0.9242,0.9579,0.9172,0.9172
exchange traded funds,Pisces,350.0,March,pluto,0.37,0.019,pluto-chiron,1,0.6221,0.7157,0.7077,0.7077
exchanges,Pisces,350.0,February,uranus,0.353,0.015,uranus-neptune,1,0.6553,0.6628,0.0178,0.0178
executive,Scorpio,210.0,December,pluto,0.273,0.012,uranus-pluto,1,0.844,0.9286,0.844,0.844
executive branch,Libra,180.0,December,uranus,0.302,0.044,uranus-chiron,1,0.4125,0.1819,-14.5211,-14.5211
exotic pets,Aries,0.0,September,neptune,0.247,0.02,neptune-pluto,1,0.4258,0.6624,-8.6353,-8.6353
experimental,Pisces,345.0,November,pluto,0.232,0.02,uranus-pluto,1,0.7008,0.6479,-0.7254,-0.7254
export,Virgo,150.0,April,uranus,0.246,0.025,uranus-pluto,1,0.8145,0.9106,0.8794,0.8794
expos,Capricorn,295.0,May,chiron,0.228,0.079,pluto-chiron,1,0.798,0.9512,0.8528,0.8528
extensions,Aries,0.0,July,pluto,0.307,0.016,neptune-pluto,1,0.8611,0.9133,-0.1575,-0.1575
extremadura,Sagittarius,240.0,February,pluto,0.298,0.046,pluto-chiron,1,0.8499,0.9735,0.9247,0.9247
extreme sports,Cancer,100.0,January,chiron,0.272,0.02,uranus-chiron,1,0.9475,0.9916,0.7873,0.7873
eye makeup,Libra,185.0,November,pluto,0.346,0.016,neptune-pluto,1,0.8612,0.9297,0.4724,0.4724
eyeglasses,Capricorn,285.0,April,pluto,0.312,0.011,pluto-chiron,1,0.7443,0.8386,0.0619,0.0619
eyewear,Gemini,60.0,April,pluto,0.248,0.021,pluto-chiron,1,0.7192,0.7088,-2.5986,-2.5986
face,Libra,180.0,April,chiron,0.262,0.037,pluto-chiron,1,0.7072,0.52,-0.548,-0.548
face care products,Capricorn,285.0,June,chiron,0.221,0.045,pluto-chiron,1,0.9126,0.9828,0.8458,0.8458
face lotions,Sagittarius,250.0,December,uranus,0.307,0.022,uranus-pluto,1,0.7051,0.8454,0.6014,0.6014
face makeup,Sagittarius,260.0,October,uranus,0.37,0.025,uranus-neptune,1,0.6938,0.4493,-2.2762,-2.2762
facial hair removal,Gemini,70.0,December,pluto,0.315,0.027,uranus-pluto,1,0.9391,0.9675,0.7782,0.7782
factory automation,Aquarius,325.0,September,pluto,0.212,0.036,neptune-pluto,1,0.4622,0.5465,0.7536,0.7536
family,Cancer,115.0,January,chiron,0.31,0.015,pluto-chiron,1,0.9327,0.5743,0.6441,0.6441
family films,Cancer,110.0,November,pluto,0.336,0.004,pluto-chiron,1,0.3145,0.7561,-1.4161,-1.4161
family law,Taurus,45.0,October,chiron,0.255,0.04,neptune-chiron,1,0.5581,0.1198,0.5236,0.5236
family travel,Taurus,40.0,April,pluto,0.246,0.056,pluto-chiron,1,0.8782,0.9349,0.4261,0.4261
fan fiction,Cancer,100.0,August,neptune,0.247,0.031,neptune-pluto,1,0.7095,0.882,0.6259,0.6259
fantasy,Scorpio,235.0,March,pluto,0.28,0.022,pluto-node,1,0.9453,0.9695,0.9561,0.9561
fantasy books,Taurus,35.0,April,pluto,0.271,0.009,neptune-pluto,1,0.9284,0.97,0.8856,0.8856
fantasy films,Aries,0.0,October,pluto,0.238,0.017,pluto-chiron,1,0.5836,0.9306,0.508,0.508
fantasy shows,Gemini,85.0,July,chiron,0.247,0.046,uranus-chiron,1,0.1998,0.7952,-4.1036,-4.1036
fantasy sports,Virgo,175.0,October,uranus,0.25,0.017,uranus-chiron,1,0.5261,-0.0448,-14.6543,-14.6543
farms,Leo,140.0,April,pluto,0.236,0.011,neptune-pluto,1,0.9096,0.96,0.8501,0.8501
fashion,Libra,195.0,December,pluto,0.333,0.044,uranus-pluto,1,0.7505,0.9022,-0.8269,-0.8269
fashion designers,Aquarius,310.0,February,pluto,0.305,0.018,pluto-chiron,1,0.3393,0.9566,0.6972,0.6972
fashion games,Leo,125.0,September,pluto,0.258,0.025,uranus-pluto,1,0.5093,0.6857,0.6964,0.6964
fashion modeling,Sagittarius,245.0,January,pluto,0.322,0.02,saturn-pluto,1,0.8777,0.9916,0.8147,0.8147
fast food,Sagittarius,250.0,May,pluto,0.248,0.026,neptune-pluto,1,0.8257,0.07,-1.1897,-1.1897
fasteners,Cancer,115.0,June,pluto,0.293,0.007,uranus-pluto,1,0.8642,0.7057,0.7667,0.7667
fauna,Libra,185.0,October,pluto,0.265,0.013,pluto-chiron,1,0.6977,0.8811,0.2973,0.2973
fencing,Scorpio,225.0,August,pluto,0.304,0.005,pluto-chiron,1,0.4229,0.6255,-1.3064,-1.3064
ferrari,Libra,200.0,January,pluto,0.279,0.003,pluto-chiron,1,0.9647,0.9741,0.4935,0.4935
fiat,Scorpio,230.0,February,pluto,0.292,0.021,pluto-chiron,1,0.9229,0.9829,0.496,0.496
fiber,Scorpio,215.0,June,pluto,0.396,0.028,neptune-pluto,1,0.9332,0.9647,0.8426,0.8426
field,Taurus,30.0,September,neptune,0.224,0.029,neptune-pluto,1,0.926,0.9491,0.5676,0.5676
fighting games,Leo,125.0,June,pluto,0.409,0.017,uranus-pluto,1,0.483,0.6302,-3.0357,-3.0357
fiji,Capricorn,285.0,August,pluto,0.309,0.027,pluto-chiron,1,0.396,0.2033,-6.6717,-6.6717
file sharing,Scorpio,215.0,January,pluto,0.202,0.034,uranus-pluto,1,0.7081,0.8675,0.1709,0.1709
film,Capricorn,290.0,December,pluto,0.358,0.005,pluto-node,1,0.8674,0.9378,-0.4165,-0.4165
film festivals,Virgo,155.0,December,pluto,0.337,0.03,neptune-pluto,1,0.3688,0.5882,0.775,0.775
filtering,Leo,120.0,April,uranus,0.231,0.022,uranus-pluto,1,0.8061,-0.9371,-0.601,-0.601
finance,Cancer,110.0,June,neptune,0.197,0.011,neptune-chiron,1,0.9709,0.9926,0.9543,0.9543
finance jobs,Virgo,175.0,June,pluto,0.252,0.016,pluto-chiron,1,0.9329,0.9906,0.9834,0.9834
financial aid,Gemini,60.0,September,pluto,0.274,0.021,pluto-chiron,1,0.5122,0.8499,0.1007,0.1007
financial planning,Aquarius,315.0,December,uranus,0.352,0.021,uranus-pluto,1,0.8622,0.7894,0.8734,0.8734
financial software,Taurus,35.0,June,pluto,0.307,0.031,uranus-pluto,1,0.4319,0.7987,0.7485,0.7485
fine dining,Aquarius,315.0,December,chiron,0.242,0.015,neptune-chiron,1,0.7917,0.9475,0.8071,0.8071
finishing,Capricorn,280.0,December,pluto,0.369,0.042,neptune-pluto,1,0.2635,0.0596,-1.2348,-1.2348
finland,Gemini,60.0,May,pluto,0.331,0.019,uranus-pluto,1,0.5983,0.7657,-0.9558,-0.9558
fire,Virgo,170.0,April,pluto,0.208,0.006,uranus-pluto,1,0.7073,0.4706,-5.993,-5.993
fish,Capricorn,280.0,April,pluto,0.38,0.019,uranus-pluto,1,0.7084,0.9019,-0.4261,-0.4261
fishing,Gemini,85.0,June,pluto,0.367,0.032,neptune-pluto,1,0.7707,0.6652,0.192,0.192
fitness,Aries,5.0,March,pluto,0.217,0.03,uranus-pluto,1,0.7476,0.5137,-2.8523,-2.8523
fitness challenges,Sagittarius,240.0,December,pluto,0.333,0.018,pluto-chiron,1,0.6588,0.7664,0.2281,0.2281
fitness equipment,Sagittarius,255.0,April,pluto,0.385,0.025,uranus-pluto,1,0.7123,-0.3141,-2.9482,-2.9482
fittings,Aries,15.0,June,pluto,0.289,0.008,uranus-pluto,1,0.9742,0.9916,0.9873,0.9873
flanders,Cancer,95.0,February,chiron,0.172,0.025,pluto-chiron,1,0.8832,0.982,0.9325,0.9325
flash drives,Virgo,155.0,November,pluto,0.287,0.004,pluto-chiron,1,0.4392,0.8032,0.2725,0.2725
flevoland,Gemini,75.0,April,chiron,0.281,0.051,uranus-chiron,1,0.2802,0.3908,-2.7246,-2.7246
floor care,Virgo,175.0,April,chiron,0.229,0.048,pluto-chiron,1,0.5942,0.7391,0.0218,0.0218
flooring,Scorpio,220.0,April,pluto,0.434,0.007,pluto-chiron,1,0.9161,0.9098,0.7541,0.7541
flora,Cancer,90.0,October,pluto,0.233,0.025,pluto-chiron,1,0.7301,0.8979,-1.133,-1.133
florence,Libra,185.0,December,chiron,0.244,0.016,pluto-chiron,1,0.821,0.8919,-0.4906,-0.4906
florida,Taurus,50.0,July,pluto,0.232,0.02,pluto-chiron,1,0.76,0.8984,0.7827,0.7827
florida keys,Sagittarius,260.0,February,pluto,0.277,0.034,uranus-pluto,1,0.6218,0.876,0.3951,0.3951
flowers,Libra,190.0,April,chiron,0.339,0.004,uranus-chiron,1,0.3535,0.4018,-27.889,-27.889
folk,Virgo,170.0,January,pluto,0.263,0.019,neptune-pluto,1,0.8139,0.6273,0.1591,0.1591
folklore,Virgo,170.0,September,pluto,0.279,0.038,uranus-pluto,1,0.4407,-0.0332,0.1079,0.1079
fonts,Virgo,150.0,April,uranus,0.249,0.041,uranus-pluto,1,0.6994,0.5291,-12.5834,-12.5834
food,Cancer,110.0,June,pluto,0.329,0.03,uranus-pluto,1,0.9726,0.9908,0.9912,0.9912
food allergies,Gemini,75.0,April,pluto,0.268,0.019,neptune-pluto,1,0.4721,-2.0717,-4.3232,-4.3232
food festivals,Scorpio,215.0,November,chiron,0.231,0.004,pluto-chiron,1,0.7178,0.863,0.8187,0.8187
food production,Capricorn,285.0,March,chiron,0.261,0.012,neptune-chiron,1,0.8375,0.8848,-1.8071,-1.8071
food service,Taurus,45.0,June,pluto,0.218,0.019,neptune-pluto,1,0.8067,0.9697,0.8619,0.8619
food shows,Gemini,85.0,April,pluto,0.192,0.027,neptune-pluto,1,0.622,0.5432,-3.9244,-3.9244
footwear,Cancer,90.0,June,pluto,0.242,0.014,pluto-chiron,1,0.9305,0.9827,0.9332,0.9332
ford,Aquarius,300.0,January,pluto,0.368,0.017,neptune-pluto,1,0.9015,0.9903,0.9633,0.9633
foreign exchange,Cancer,95.0,October,pluto,0.269,0.019,pluto-chiron,1,0.7422,0.7926,0.5606,0.5606
forestry,Scorpio,220.0,January,chiron,0.24,0.027,neptune-chiron,1,0.7777,0.9241,-0.7483,-0.7483
formal wear,Pisces,345.0,December,uranus,0.325,0.007,uranus-pluto,1,0.833,0.9246,0.8372,0.8372
forms,Cancer,90.0,June,pluto,0.29,0.002,pluto-chiron,1,0.5789,0.7095,0.5039,0.5039
fortaleza,Virgo,155.0,August,uranus,0.206,0.015,uranus-pluto,1,0.4186,0.4339,0.4365,0.4365
forum,Libra,205.0,January,pluto,0.297,0.019,pluto-chiron,1,0.8541,0.8778,-7.2293,-7.2293
fragrances,Aquarius,310.0,December,pluto,0.25,0.007,uranus-pluto,1,0.9755,0.9869,0.9463,0.9463
france,Capricorn,270.0,June,pluto,0.311,0.022,uranus-pluto,1,0.5556,0.5552,0.7497,0.7497
frankfurt,Taurus,50.0,January,pluto,0.22,0.038,saturn-pluto,1,0.6148,0.2861,-2.0709,-2.0709
fraternities,Virgo,150.0,January,pluto,0.267,0.037,uranus-pluto,1,0.7217,0.9893,0.6209,0.6209
freeware,Aries,25.0,March,chiron,0.217,0.02,pluto-chiron,1,0.7124,0.7724,-0.165,-0.165
freezers,Leo,140.0,January,chiron,0.322,0.055,neptune-chiron,1,0.6699,0.9279,0.5282,0.5282
french cuisine,Cancer,115.0,April,chiron,0.302,0.047,pluto-chiron,1,0.4396,0.6698,-1.0134,-1.0134
french guiana,Sagittarius,265.0,May,chiron,0.214,0.005,uranus-chiron,1,0.398,0.6395,0.1282,0.1282
friendship,Leo,140.0,July,chiron,0.311,0.024,pluto-chiron,1,0.727,0.4055,-2.1358,-2.1358
friesland,Taurus,30.0,February,chiron,0.22,0.001,pluto-chiron,1,0.8346,0.9839,0.9153,0.9153
fruits,Aquarius,305.0,June,uranus,0.23,0.013,uranus-pluto,1,0.9349,0.9438,0.9184,0.9184
fukui,Aquarius,305.0,October,pluto,0.202,0.06,uranus-pluto,1,0.5169,0.7664,-0.8529,-0.8529
fun,Leo,130.0,June,pluto,0.293,0.03,pluto-chiron,1,0.6763,0.9206,-1.1136,-1.1136
funds,Leo,130.0,April,pluto,0.204,0.033,pluto-node,1,0.8803,0.9464,0.6762,0.6762
funny pictures,Leo,125.0,January,pluto,0.247,0.036,saturn-pluto,1,0.9704,0.9936,0.6987,0.6987
futures trading,Cancer,105.0,April,pluto,0.221,0.022,pluto-chiron,1,0.9463,0.9709,0.8681,0.8681
gadgets,Sagittarius,250.0,December,uranus,0.282,0.006,uranus-pluto,1,0.9398,0.9544,0.9466,0.9466
galapagos islands,Taurus,30.0,March,pluto,0.228,0.006,uranus-pluto,1,0.6808,0.8697,0.7956,0.7956
galicia,Leo,135.0,July,pluto,0.306,0.006,uranus-pluto,1,0.8489,0.9838,0.777,0.777
game systems,Aries,5.0,August,pluto,0.266,0.042,pluto-chiron,1,0.8096,0.9847,0.3191,0.3191
games,Aries,0.0,July,pluto,0.31,0.044,neptune-pluto,1,0.7717,0.8749,0.0426,0.0426
gangs,Leo,135.0,September,pluto,0.282,0.016,pluto-chiron,1,0.8637,0.951,-0.1564,-0.1564
garden,Gemini,75.0,May,pluto,0.282,0.04,pluto-chiron,1,0.8073,0.917,0.2541,0.2541
gardening,Gemini,70.0,April,pluto,0.294,0.022,pluto-chiron,1,0.8339,0.8461,0.8539,0.8539
gardens,Cancer,110.0,May,pluto,0.214,0.041,pluto-chiron,1,0.9012,0.9346,0.3166,0.3166
gas,Taurus,55.0,January,pluto,0.236,0.036,pluto-chiron,1,0.4511,-0.1943,-0.3111,-0.3111
gatlinburg,Taurus,35.0,November,uranus,0.315,0.073,uranus-pluto,1,0.1649,0.2064,-0.2043,-0.2043
gay,Scorpio,235.0,July,pluto,0.294,0.018,pluto-chiron,1,0.9536,0.9359,-0.0109,-0.0109
gear,Scorpio,225.0,July,pluto,0.289,0.013,pluto-chiron,1,0.9453,0.9803,0.6936,0.6936
gelderland,Taurus,50.0,July,pluto,0.39,0.007,uranus-pluto,1,0.8677,0.948,-0.0532,-0.0532
gems,Capricorn,290.0,December,chiron,0.283,0.03,node-chiron,1,0.8603,0.7974,-1.6278,-1.6278
genealogy,Pisces,335.0,March,chiron,0.369,0.031,pluto-chiron,1,0.4165,-0.219,-5.1673,-5.1673
generators,Leo,145.0,July,pluto,0.229,0.029,pluto-node,1,0.8354,0.9133,0.8423,0.8423
genetics,Libra,185.0,March,pluto,0.338,0.014,uranus-pluto,1,0.8773,0.8411,0.8501,0.8501
geneva,Aries,0.0,March,pluto,0.32,0.052,uranus-pluto,1,0.4964,0.9536,0.2228,0.2228
genoa,Virgo,160.0,January,neptune,0.206,0.023,neptune-chiron,1,0.56,0.6761,-0.8169,-0.8169
geology,Leo,145.0,January,pluto,0.299,0.014,pluto-chiron,1,0.7552,0.7122,0.0256,0.0256
georgia,Taurus,30.0,August,pluto,0.222,0.02,pluto-chiron,1,0.7767,0.9632,-0.2758,-0.2758
georgia (usa),Gemini,75.0,August,chiron,0.246,0.031,neptune-chiron,1,0.5244,0.8089,-0.3247,-0.3247
gerd,Capricorn,285.0,July,pluto,0.216,0.021,neptune-pluto,1,0.7618,0.4544,0.5226,0.5226
germany,Aries,5.0,June,chiron,0.253,0.01,pluto-chiron,1,0.4613,0.6102,-1.3615,-1.3615
get ready with me videos,Scorpio,225.0,June,pluto,0.3,0.005,pluto-chiron,1,0.7872,0.7484,0.4783,0.4783
ghana,Leo,125.0,June,pluto,0.236,0.017,pluto-chiron,1,0.1682,0.2746,-4.099,-4.099
gift baskets,Libra,185.0,December,uranus,0.286,0.027,uranus-pluto,1,0.3995,0.0676,-12.0242,-12.0242
gifts,Aquarius,310.0,December,uranus,0.253,0.052,uranus-pluto,1,0.5301,0.4244,-0.2561,-0.2561
gifu,Scorpio,230.0,April,pluto,0.308,0.043,uranus-pluto,1,0.1576,-0.0545,0.4094,0.4094
glasgow,Libra,200.0,January,chiron,0.259,0.013,pluto-chiron,1,0.9622,0.9815,0.4418,0.4418
global warming,Virgo,155.0,January,pluto,0.235,0.027,pluto-chiron,1,0.879,0.9323,-0.5804,-0.5804
gmc,Pisces,335.0,February,pluto,0.482,0.028,pluto-node,1,0.7624,0.8884,0.9191,0.9191
goa,Gemini,60.0,March,uranus,0.251,0.031,uranus-pluto,1,0.3519,0.7424,-11.9886,-11.9886
goias,Gemini,65.0,September,pluto,0.273,0.007,neptune-pluto,1,0.541,0.7099,-0.8181,-0.8181
gold coast,Taurus,30.0,January,pluto,0.316,0.022,neptune-pluto,1,0.7942,0.9429,0.7709,0.7709
golf,Pisces,355.0,June,pluto,0.373,0.034,pluto-chiron,1,0.9487,0.9807,0.4472,0.4472
gospel music,Leo,135.0,October,pluto,0.246,0.028,pluto-node,1,0.7891,0.7652,0.4954,0.4954
gossip,Gemini,85.0,January,chiron,0.293,0.025,neptune-chiron,1,0.8521,0.9584,0.2725,0.2725
goth subculture,Scorpio,220.0,June,pluto,0.302,0.02,neptune-pluto,1,0.6788,0.6477,0.7155,0.7155
gourmet,Gemini,70.0,May,pluto,0.26,0.028,pluto-node,1,0.5676,0.8314,-1.0251,-1.0251
government,Leo,140.0,June,pluto,0.283,0.035,uranus-pluto,1,0.8847,0.983,0.9127,0.9127
government contracting,Aries,20.0,June,pluto,0.32,0.017,pluto-chiron,1,0.8621,0.8447,0.7754,0.7754
government grants,Libra,200.0,June,chiron,0.378,0.024,neptune-chiron,1,0.3052,0.862,0.5755,0.5755
gps,Scorpio,235.0,September,uranus,0.18,0.03,uranus-pluto,1,0.3939,0.8147,-0.3551,-0.3551
graduate education,Sagittarius,260.0,May,uranus,0.32,0.008,uranus-pluto,1,0.4648,0.9282,0.8973,0.8973
graduation,Libra,180.0,May,pluto,0.297,0.031,uranus-pluto,1,0.6668,0.7949,0.5416,0.5416
grains,Libra,205.0,December,pluto,0.232,0.007,saturn-pluto,1,0.7661,0.8641,0.7427,0.7427
granada,Capricorn,280.0,September,chiron,0.233,0.046,pluto-chiron,1,0.3592,0.6347,0.5987,0.5987
grants,Scorpio,230.0,March,neptune,0.216,0.016,neptune-pluto,1,0.701,0.313,0.6664,0.6664
graphic design,Taurus,50.0,May,chiron,0.193,0.016,uranus-chiron,1,0.9214,0.9385,0.9596,0.9596
graphics,Libra,190.0,December,pluto,0.198,0.032,pluto-chiron,1,0.7412,0.2909,-0.0393,-0.0393
greece,Capricorn,295.0,May,pluto,0.35,0.014,uranus-pluto,1,0.6844,0.9091,0.1652,0.1652
green,Aries,25.0,August,pluto,0.252,0.013,pluto-node,1,0.9206,0.9671,0.877,0.877
green living,Gemini,80.0,July,pluto,0.261,0.02,pluto-node,1,0.9057,0.9588,0.9358,0.9358
greenville,Taurus,40.0,June,pluto,0.259,0.01,pluto-chiron,1,0.8792,0.9075,0.6307,0.6307
greeting cards,Scorpio,210.0,November,uranus,0.299,0.024,uranus-neptune,1,0.5879,-0.521,-3.9653,-3.9653
grenada,Aries,25.0,July,pluto,0.228,0.05,neptune-pluto,1,0.727,0.9363,0.7445,0.7445
grenadines,Capricorn,275.0,May,pluto,0.246,0.014,uranus-pluto,1,0.4665,0.8081,-5.2754,-5.2754
grilling,Aries,20.0,June,pluto,0.382,0.023,uranus-pluto,1,0.7314,0.7592,-8.6631,-8.6631
grills,Cancer,105.0,July,pluto,0.186,0.014,pluto-chiron,1,0.9183,0.9706,0.6767,0.6767
grocery delivery,Cancer,105.0,June,pluto,0.283,0.011,pluto-chiron,1,0.9466,0.9713,0.9699,0.9699
groningen,Scorpio,230.0,February,pluto,0.329,0.048,uranus-pluto,1,0.7634,0.9511,0.1687,0.1687
guadalajara,Taurus,30.0,August,chiron,0.236,0.035,pluto-chiron,1,0.8066,0.9744,-0.111,-0.111
guadeloupe,Scorpio,230.0,February,pluto,0.332,0.017,pluto-chiron,1,0.6573,0.8881,-0.0602,-0.0602
guam,Capricorn,270.0,July,uranus,0.332,0.025,uranus-neptune,1,0.5764,0.2927,0.8253,0.8253
guanajuato,Scorpio,215.0,October,pluto,0.263,0.027,saturn-pluto,1,0.5938,0.9227,0.3837,0.3837
guatemala,Cancer,90.0,July,uranus,0.339,0.037,uranus-chiron,1,0.2537,0.2971,-3.8591,-3.8591
guerrero,Pisces,335.0,July,pluto,0.314,0.015,uranus-pluto,1,0.8299,0.9112,0.7432,0.7432
guides,Scorpio,225.0,June,pluto,0.286,0.021,uranus-pluto,1,0.625,0.6435,0.6493,0.6493
guitars,Taurus,30.0,January,chiron,0.245,0.023,pluto-chiron,1,0.8601,0.8823,0.9726,0.9726
gujarat,Leo,145.0,May,uranus,0.27,0.005,uranus-pluto,1,0.8762,0.9116,0.5538,0.5538
gunma,Aquarius,300.0,May,pluto,0.25,0.054,saturn-pluto,1,0.4054,0.5275,0.5575,0.5575
guyana,Cancer,100.0,November,chiron,0.258,0.034,pluto-chiron,1,0.2777,0.5366,-0.6998,-0.6998
gymnastics,Libra,200.0,August,chiron,0.381,0.011,pluto-chiron,1,0.6429,0.972,0.9048,0.9048
gymnastics equipment,Taurus,30.0,October,chiron,0.279,0.017,pluto-chiron,1,0.684,0.8526,0.9079,0.9079
gyms,Libra,180.0,June,pluto,0.217,0.037,neptune-pluto,1,0.3267,0.3486,-1.4602,-1.4602
hainan,Sagittarius,260.0,January,chiron,0.313,0.021,pluto-chiron,1,0.3974,-0.9786,-0.807,-0.807
hair accessories,Taurus,55.0,May,uranus,0.401,0.01,uranus-chiron,1,0.9204,0.9258,0.966,0.966
hair care,Taurus,35.0,June,pluto,0.397,0.024,neptune-pluto,1,0.8981,0.9262,0.4326,0.4326
hair cutting,Leo,135.0,June,pluto,0.326,0.022,saturn-pluto,1,0.9272,0.9751,0.6009,0.6009
hair inspiration,Scorpio,235.0,December,chiron,0.252,0.017,pluto-chiron,1,0.4728,0.3548,0.2812,0.2812
hair loss,Capricorn,280.0,June,uranus,0.289,0.008,uranus-pluto,1,0.9346,0.8886,0.8538,0.8538
hair styling tools,Capricorn,290.0,April,pluto,0.354,0.015,uranus-pluto,1,0.5672,0.9183,0.6182,0.6182
halifax,Capricorn,275.0,January,chiron,0.257,0.006,pluto-chiron,1,0.9373,0.9833,0.267,0.267
halloween,Gemini,65.0,October,uranus,0.277,0.049,uranus-pluto,1,0.4333,0.3728,-0.2726,-0.2726
hamburg,Pisces,335.0,March,pluto,0.356,0.019,uranus-pluto,1,0.8239,0.9878,0.9164,0.9164
hand,Sagittarius,260.0,February,neptune,0.237,0.034,uranus-neptune,1,0.7257,0.7444,-0.9993,-0.9993
handbags,Cancer,110.0,October,chiron,0.28,0.037,pluto-chiron,1,0.8227,0.9818,0.6805,0.6805
handball,Libra,200.0,January,pluto,0.285,0.043,pluto-chiron,1,0.6108,0.9465,0.6608,0.6608
handheld game consoles,Aquarius,325.0,December,chiron,0.231,0.03,uranus-chiron,1,0.6173,0.832,0.8758,0.8758
handhelds,Sagittarius,265.0,December,pluto,0.296,0.007,pluto-chiron,1,0.8448,0.8878,0.5942,0.5942
hanoi,Capricorn,280.0,February,pluto,0.196,0.035,neptune-pluto,1,0.6227,0.8659,-1.4566,-1.4566
harare,Scorpio,225.0,October,pluto,0.297,0.029,uranus-pluto,1,0.6771,0.6036,0.6812,0.6812
harbin,Capricorn,275.0,January,pluto,0.302,0.022,uranus-pluto,1,0.6622,0.8872,-0.9958,-0.9958
hard drives,Sagittarius,240.0,January,pluto,0.265,0.024,pluto-node,1,0.8045,0.9708,0.9699,0.9699
hard rock,Gemini,70.0,April,pluto,0.259,0.011,pluto-node,1,0.96,0.9897,0.9508,0.9508
hatchbacks,Aquarius,320.0,June,pluto,0.285,0.021,pluto-chiron,1,0.5724,0.6408,0.7997,0.7997
hawaii,Leo,125.0,October,pluto,0.234,0.042,neptune-pluto,1,0.6304,0.8772,0.4316,0.4316
headaches,Leo,130.0,June,pluto,0.343,0.005,pluto-node,1,0.831,-1.351,-7.1364,-7.1364
headboards,Scorpio,220.0,July,pluto,0.322,0.063,uranus-pluto,1,0.5467,0.875,0.2712,0.2712
headphones,Capricorn,295.0,December,pluto,0.333,0.035,uranus-pluto,1,0.9558,0.9485,-0.0165,-0.0165
headwear,Pisces,335.0,November,uranus,0.249,0.01,uranus-pluto,1,0.4182,0.5776,-2.4993,-2.4993
health,Libra,185.0,April,pluto,0.256,0.011,uranus-pluto,1,0.9122,0.9601,0.8548,0.8548
health education,Taurus,45.0,April,pluto,0.238,0.008,uranus-pluto,1,0.8844,0.877,0.9309,0.9309
health insurance,Capricorn,270.0,October,pluto,0.22,0.036,uranus-pluto,1,0.7881,0.9108,0.8068,0.8068
health news,Aquarius,315.0,November,pluto,0.316,0.022,pluto-chiron,1,0.3761,0.7704,-0.3698,-0.3698
healthy eating,Aries,5.0,March,pluto,0.359,0.023,uranus-pluto,1,0.8016,0.7167,-7.0227,-7.0227
hearing impairment,Sagittarius,265.0,May,uranus,0.2,0.022,uranus-chiron,1,0.6919,0.9651,0.8231,0.8231
heart,Capricorn,290.0,March,pluto,0.205,0.007,pluto-chiron,1,0.9377,0.9792,0.8255,0.8255
heat pumps,Scorpio,220.0,December,pluto,0.325,0.036,pluto-chiron,1,0.6178,0.7862,0.8538,0.8538
heaters,Leo,145.0,December,chiron,0.253,0.045,pluto-chiron,1,0.7287,0.793,-0.4264,-0.4264
heavy machinery,Capricorn,295.0,December,chiron,0.326,0.008,uranus-chiron,1,0.6286,0.3666,-0.8179,-0.8179
hedge funds,Aries,25.0,May,chiron,0.212,0.02,pluto-chiron,1,0.3838,-1.7137,-2.4222,-2.4222
helpdesk,Libra,195.0,January,chiron,0.293,0.023,pluto-chiron,1,0.9367,0.9749,-0.5854,-0.5854
helsinki,Pisces,340.0,August,pluto,0.289,0.058,pluto-chiron,1,0.8668,0.9433,0.8175,0.8175
herbs,Cancer,115.0,April,pluto,0.369,0.027,uranus-pluto,1,0.6427,-0.1307,0.0836,0.0836
hesse,Cancer,90.0,July,chiron,0.219,0.008,pluto-chiron,1,0.8498,0.9927,0.5965,0.5965
high intensity interval training,Pisces,345.0,April,pluto,0.191,0.055,neptune-pluto,1,0.8422,0.9794,0.8622,0.8622
high performance,Pisces,345.0,March,neptune,0.224,0.013,neptune-chiron,1,0.7772,0.949,0.7908,0.7908
hiking,Aries,15.0,June,uranus,0.245,0.011,uranus-pluto,1,0.6503,0.5947,0.8668,0.8668
hinduism,Aquarius,320.0,November,pluto,0.209,0.002,uranus-pluto,1,0.7584,0.5985,0.7577,0.7577
hints,Virgo,170.0,January,pluto,0.286,0.011,uranus-pluto,1,0.9743,0.9839,0.4155,0.4155
hip-hop,Virgo,165.0,January,chiron,0.267,0.011,pluto-chiron,1,0.9453,0.9198,-2.8046,-2.8046
hiroshima,Pisces,355.0,July,pluto,0.277,0.01,uranus-pluto,1,0.702,0.8232,0.5822,0.5822
history,Virgo,170.0,March,chiron,0.244,0.008,pluto-chiron,1,0.7625,-0.0806,-3.247,-3.247
hiv,Aries,25.0,November,uranus,0.224,0.005,uranus-pluto,1,0.4361,-0.3015,-11.8723,-11.8723
ho chi minh city,Scorpio,235.0,May,pluto,0.241,0.023,uranus-pluto,1,0.492,0.7934,0.9364,0.9364
hobbies,Scorpio,220.0,October,pluto,0.307,0.023,uranus-pluto,1,0.7897,0.9124,0.7757,0.7757
hockey,Virgo,165.0,January,pluto,0.29,0.039,pluto-chiron,1,0.8785,0.8733,-1.2064,-1.2064
hockey equipment,Capricorn,275.0,January,pluto,0.243,0.055,pluto-chiron,1,0.6036,0.8586,0.7802,0.7802
hokkaido,Libra,200.0,November,pluto,0.243,0.016,uranus-pluto,1,0.7265,0.7818,0.333,0.333
holidays,Virgo,150.0,December,pluto,0.246,0.077,pluto-chiron,1,0.4604,0.8505,0.6011,0.6011
home,Cancer,95.0,April,pluto,0.339,0.012,neptune-pluto,1,0.579,0.5552,-0.3423,-0.3423
home alarm,Pisces,340.0,September,chiron,0.253,0.043,uranus-chiron,1,0.3612,0.2758,-16.1524,-16.1524
home appliances,Libra,185.0,December,pluto,0.217,0.018,pluto-chiron,1,0.8873,0.9733,0.8933,0.8933
home automation,Gemini,60.0,December,uranus,0.234,0.024,uranus-pluto,1,0.8142,0.1789,-1.0353,-1.0353
home cleaning,Leo,130.0,June,pluto,0.232,0.025,uranus-pluto,1,0.9753,0.9962,0.967,0.967
home furnishings,Pisces,355.0,June,pluto,0.267,0.043,pluto-chiron,1,0.3886,0.879,0.5657,0.5657
home improvement,Pisces,335.0,October,pluto,0.253,0.019,pluto-chiron,1,0.9494,0.9877,0.1852,0.1852
home office,Aries,5.0,March,uranus,0.236,0.028,uranus-pluto,1,0.7385,0.8897,0.747,0.747
home refinancing,Capricorn,280.0,December,chiron,0.265,0.031,uranus-chiron,1,0.8309,0.8684,0.5574,0.5574
home safety,Aries,0.0,October,chiron,0.285,0.036,uranus-chiron,1,0.5989,0.6938,0.1491,0.1491
home storage,Virgo,175.0,June,uranus,0.276,0.015,uranus-chiron,1,0.7097,0.9408,0.2204,0.2204
home theater systems,Pisces,345.0,October,neptune,0.233,0.021,neptune-chiron,1,0.5705,0.7571,-3.2864,-3.2864
homeschooling,Capricorn,290.0,March,chiron,0.225,0.052,uranus-chiron,1,0.428,0.362,-0.6223,-0.6223
honda,Aries,10.0,June,pluto,0.327,0.006,neptune-pluto,1,0.8711,0.8339,-1.4474,-1.4474
honduras,Capricorn,295.0,August,uranus,0.258,0.041,uranus-pluto,1,0.3112,0.2877,-0.2175,-0.2175
honeymoons,Virgo,170.0,November,pluto,0.282,0.046,pluto-chiron,1,0.3025,-0.1925,-0.6314,-0.6314
hong kong,Pisces,340.0,September,pluto,0.263,0.022,neptune-pluto,1,0.7408,0.8709,-0.2223,-0.2223
horror books,Capricorn,280.0,October,pluto,0.253,0.015,neptune-pluto,1,0.8836,0.9647,0.8891,0.8891
horror films,Cancer,115.0,August,pluto,0.23,0.037,neptune-pluto,1,0.7932,0.9286,-1.0834,-1.0834
horror games,Libra,195.0,June,pluto,0.293,0.012,pluto-chiron,1,0.9476,0.9572,0.8546,0.8546
horses,Cancer,115.0,May,pluto,0.205,0.031,pluto-chiron,1,0.9507,0.9939,0.9491,0.9491
horticulture,Taurus,30.0,April,uranus,0.257,0.021,uranus-pluto,1,0.9428,0.984,0.9202,0.9202
hosiery,Cancer,100.0,January,chiron,0.375,0.024,uranus-chiron,1,0.865,0.7069,0.9432,0.9432
hospitality industry,Aries,25.0,September,uranus,0.329,0.03,uranus-pluto,1,0.567,0.8084,0.7653,0.7653
hospitals,Leo,145.0,March,uranus,0.259,0.003,uranus-pluto,1,0.1666,-1.8015,-7.5011,-7.5011
hosting,Gemini,60.0,April,pluto,0.191,0.024,jupiter-pluto,1,0.652,0.3126,0.556,0.556
hotels,Taurus,45.0,May,chiron,0.272,0.057,pluto-chiron,1,0.5769,0.7028,0.8597,0.8597
house painting,Leo,130.0,April,pluto,0.344,0.045,uranus-pluto,1,0.6312,0.8813,0.3174,0.3174
housing,Taurus,40.0,June,pluto,0.278,0.01,uranus-pluto,1,0.8213,0.9696,0.844,0.844
how-to,Sagittarius,255.0,March,chiron,0.245,0.038,pluto-chiron,1,0.7019,0.6197,-9.2417,-9.2417
hsinchu,Gemini,65.0,September,uranus,0.239,0.027,uranus-pluto,1,0.7394,0.8876,0.8891,0.8891
human resources,Taurus,50.0,March,pluto,0.299,0.039,neptune-pluto,1,0.672,0.6594,0.7517,0.7517
human rights,Libra,205.0,January,pluto,0.285,0.021,neptune-pluto,1,0.5624,0.4673,0.3149,0.3149
humanities,Gemini,85.0,May,uranus,0.34,0.021,uranus-chiron,1,0.7387,0.7199,0.6537,0.6537
hummer,Sagittarius,245.0,February,pluto,0.258,0.026,pluto-chiron,1,0.9094,0.9918,0.5079,0.5079
humor,Sagittarius,240.0,January,pluto,0.292,0.003,pluto-chiron,1,0.9742,0.994,0.9527,0.9527
hunan,Cancer,115.0,February,uranus,0.227,0.023,uranus-chiron,1,0.7561,0.7245,0.6054,0.6054
hungary,Cancer,95.0,June,pluto,0.24,0.036,uranus-pluto,1,0.5687,0.8636,0.0262,0.0262
hunger,Scorpio,210.0,April,pluto,0.257,0.03,pluto-chiron,1,0.6843,0.9,-2.1798,-2.1798
hunting,Leo,140.0,November,pluto,0.225,0.062,pluto-chiron,1,0.9561,0.9783,0.6867,0.6867
hvac,Leo,140.0,June,pluto,0.245,0.016,pluto-chiron,1,0.871,0.8338,0.9428,0.9428
hybrid,Virgo,165.0,May,pluto,0.262,0.009,uranus-pluto,1,0.8196,0.7593,0.1218,0.1218
hyderabad,Virgo,175.0,June,pluto,0.299,0.022,uranus-pluto,1,0.9363,0.9671,0.9528,0.9528
hydropower,Taurus,35.0,April,pluto,0.233,0.039,pluto-chiron,1,0.7247,0.7318,0.4336,0.4336
hygiene,Aries,0.0,December,pluto,0.355,0.018,uranus-pluto,1,0.9515,0.969,0.9637,0.9637
hyogo,Taurus,40.0,November,pluto,0.25,0.022,uranus-pluto,1,0.5556,0.8364,-10.7896,-10.7896
hypertension,Virgo,155.0,March,pluto,0.403,0.007,uranus-pluto,1,0.7943,0.8808,0.9194,0.9194
hyundai,Aquarius,315.0,June,pluto,0.403,0.017,pluto-chiron,1,0.8811,0.9462,0.9108,0.9108
ibaraki,Aries,5.0,April,chiron,0.301,0.027,uranus-chiron,1,0.3643,0.7174,-55.2337,-55.2337
ice cream,Leo,135.0,June,pluto,0.316,0.05,pluto-chiron,1,0.3724,-0.9769,-0.8471,-0.8471
ice skating,Scorpio,235.0,January,neptune,0.396,0.051,neptune-pluto,1,0.5645,0.7627,-0.1389,-0.1389
idaho,Libra,205.0,December,uranus,0.304,0.029,uranus-pluto,1,0.3905,0.5066,-38.2701,-38.2701
illinois,Leo,130.0,January,pluto,0.256,0.033,pluto-chiron,1,0.8856,0.9595,0.2238,0.2238
illustration,Aquarius,315.0,December,pluto,0.243,0.016,uranus-pluto,1,0.9169,0.9535,0.9342,0.9342
image sharing,Sagittarius,265.0,May,chiron,0.247,0.008,pluto-chiron,1,0.696,0.9459,0.9152,0.9152
immigration,Capricorn,295.0,February,uranus,0.235,0.021,uranus-chiron,1,0.4841,0.6991,-0.356,-0.356
immigration policy,Capricorn,280.0,March,uranus,0.308,0.016,uranus-pluto,1,0.4899,0.4766,0.4161,0.4161
import,Cancer,105.0,April,uranus,0.289,0.033,uranus-pluto,1,0.56,-0.2103,-0.3248,-0.3248
india,Cancer,95.0,August,pluto,0.246,0.028,uranus-pluto,1,0.9357,0.9532,0.4348,0.4348
indian cuisine,Sagittarius,260.0,October,chiron,0.237,0.029,pluto-chiron,1,0.6127,0.9303,0.9159,0.9159
indiana,Libra,190.0,June,pluto,0.298,0.026,pluto-chiron,1,0.7695,0.9168,0.439,0.439
indianapolis,Aries,15.0,August,pluto,0.16,0.107,uranus-pluto,1,0.6082,0.9367,0.7141,0.7141
indie,Cancer,110.0,April,chiron,0.196,0.021,uranus-chiron,1,0.7457,0.821,0.414,0.414
indie films,Cancer,100.0,July,chiron,0.191,0.009,pluto-chiron,1,0.8504,0.9773,0.5137,0.5137
indigenous peoples,Aquarius,300.0,November,uranus,0.325,0.022,uranus-pluto,1,0.6688,0.6862,0.6617,0.6617
indonesia,Aquarius,300.0,November,pluto,0.284,0.02,uranus-pluto,1,0.9522,0.9344,0.4199,0.4199
industrial,Gemini,65.0,April,pluto,0.268,0.022,pluto-chiron,1,0.847,0.9353,-0.0828,-0.0828
industrial music,Leo,120.0,September,pluto,0.219,0.013,pluto-node,1,0.9339,0.9785,0.9498,0.9498
infertility,Aquarius,320.0,June,pluto,0.364,0.028,uranus-pluto,1,0.7667,0.8905,0.9122,0.9122
infiniti,Leo,130.0,January,chiron,0.188,0.067,node-chiron,1,0.7513,0.9039,0.84,0.84
inheritance,Pisces,345.0,November,chiron,0.27,0.002,pluto-chiron,1,0.5113,0.7124,0.2761,0.2761
injury,Gemini,80.0,January,chiron,0.242,0.022,neptune-chiron,1,0.2467,0.6061,-1.5763,-1.5763
ink,Taurus,35.0,April,neptune,0.182,0.019,uranus-neptune,1,0.878,0.9764,0.5145,0.5145
inland empire,Cancer,115.0,January,pluto,0.296,0.022,pluto-chiron,1,0.937,0.9902,0.5886,0.5886
input devices,Virgo,165.0,June,neptune,0.277,0.054,neptune-pluto,1,0.8564,0.8976,0.8183,0.8183
insects,Cancer,110.0,June,pluto,0.287,0.053,pluto-node,1,0.9272,0.9429,0.9215,0.9215
instant messaging,Capricorn,280.0,January,chiron,0.329,0.014,pluto-chiron,1,0.791,0.929,-0.794,-0.794
instruction,Scorpio,225.0,September,chiron,0.227,0.021,uranus-chiron,1,0.6687,0.9286,0.5272,0.5272
insurance,Virgo,175.0,November,pluto,0.302,0.024,neptune-pluto,1,0.8621,0.959,0.8912,0.8912
intellectual property,Aries,25.0,March,pluto,0.266,0.017,uranus-pluto,1,0.7836,0.8109,0.8096,0.8096
intelligence,Cancer,95.0,May,uranus,0.277,0.041,uranus-chiron,1,0.6031,0.7892,0.9205,0.9205
interior decor,Scorpio,215.0,December,pluto,0.301,0.008,neptune-pluto,1,0.8726,0.9414,0.7705,0.7705
interior design,Aquarius,315.0,June,pluto,0.345,0.02,pluto-chiron,1,0.9699,0.9668,0.9011,0.9011
international relations,Leo,130.0,December,uranus,0.233,0.024,uranus-neptune,1,0.8965,0.9588,0.9373,0.9373
internet,Libra,190.0,July,pluto,0.517,0.011,pluto-node,1,0.8216,0.9089,0.8423,0.8423
internet software,Leo,135.0,September,pluto,0.225,0.035,uranus-pluto,1,0.821,0.9811,0.6803,0.6803
internships,Cancer,115.0,April,pluto,0.359,0.016,neptune-pluto,1,0.913,0.9687,0.9531,0.9531
investigations,Sagittarius,240.0,January,neptune,0.192,0.029,neptune-chiron,1,0.8642,0.9956,0.9045,0.9045
investing,Pisces,350.0,March,pluto,0.263,0.028,uranus-pluto,1,0.9392,0.922,0.9609,0.9609
investment banking,Taurus,45.0,October,chiron,0.198,0.016,neptune-chiron,1,0.6699,0.6399,0.4913,0.4913
invoicing,Taurus,50.0,April,uranus,0.262,0.037,uranus-chiron,1,0.7259,0.876,0.9341,0.9341
ios apps,Cancer,95.0,December,pluto,0.177,0.036,neptune-pluto,1,0.7907,0.8821,0.7714,0.7714
iowa,Leo,120.0,January,chiron,0.228,0.048,neptune-chiron,1,0.6228,0.9164,-0.0764,-0.0764
iraq,Virgo,155.0,January,chiron,0.286,0.014,pluto-chiron,1,0.9184,0.9248,-1.4343,-1.4343
ireland,Leo,125.0,May,pluto,0.311,0.034,neptune-pluto,1,0.3785,0.6125,0.0184,0.0184
ishikawa,Virgo,155.0,June,pluto,0.199,0.026,pluto-node,1,0.8962,0.8823,0.6565,0.6565
islam,Aries,0.0,March,pluto,0.305,0.02,pluto-chiron,1,0.238,0.3573,-2.1733,-2.1733
islands,Cancer,105.0,April,pluto,0.242,0.021,saturn-pluto,1,0.8027,0.849,-0.4554,-0.4554
isps,Cancer,105.0,February,pluto,0.234,0.024,uranus-pluto,1,0.3746,0.3535,0.4482,0.4482
israel,Libra,185.0,October,uranus,0.357,0.033,uranus-neptune,1,0.2646,0.8217,-0.2748,-0.2748
istanbul,Leo,125.0,January,pluto,0.328,0.032,pluto-chiron,1,0.4956,0.8904,-1.315,-1.315
isuzu,Libra,185.0,December,pluto,0.235,0.012,uranus-pluto,1,0.9768,0.9899,0.9732,0.9732
it,Aries,0.0,January,pluto,0.225,0.003,uranus-pluto,1,0.9629,0.9947,0.924,0.924
italian cuisine,Cancer,110.0,April,pluto,0.246,0.037,pluto-chiron,1,0.4316,0.8295,0.8147,0.8147
italy,Gemini,75.0,June,pluto,0.257,0.011,pluto-chiron,1,0.3388,0.2346,-0.0616,-0.0616
izmir,Scorpio,210.0,April,pluto,0.343,0.046,uranus-pluto,1,0.4451,-1.0129,-5.721,-5.721
jacksonville,Aries,0.0,August,pluto,0.267,0.049,uranus-pluto,1,0.5444,0.6032,-2.2864,-2.2864
jaguar,Taurus,40.0,September,pluto,0.226,0.02,neptune-pluto,1,0.8666,0.9622,0.6466,0.6466
jaipur,Scorpio,215.0,December,uranus,0.281,0.024,uranus-chiron,1,0.6713,0.8613,0.8389,0.8389
jakarta,Aries,5.0,October,chiron,0.249,0.027,neptune-chiron,1,0.4453,-1.008,-42.4573,-42.4573
jalisco,Gemini,80.0,July,pluto,0.222,0.017,pluto-node,1,0.8445,0.9298,0.7374,0.7374
jamaica,Pisces,340.0,July,pluto,0.274,0.035,neptune-pluto,1,0.8735,0.944,0.6952,0.6952
jams,Virgo,160.0,January,pluto,0.254,0.022,uranus-pluto,1,0.9557,0.9911,0.9346,0.9346
japan,Aquarius,300.0,March,uranus,0.294,0.032,uranus-pluto,1,0.386,0.9248,0.4131,0.4131
japanese cuisine,Aquarius,305.0,November,pluto,0.239,0.027,pluto-chiron,1,0.5268,-0.3751,-1.2777,-1.2777
japanese martial arts,Virgo,160.0,May,pluto,0.354,0.005,uranus-pluto,1,0.8507,0.9495,0.7029,0.7029
japanese pop,Gemini,70.0,January,pluto,0.331,0.015,uranus-pluto,1,0.9396,0.9111,-0.279,-0.279
java (indonesia),Cancer,90.0,April,pluto,0.237,0.035,uranus-pluto,1,0.7652,0.9848,0.8899,0.8899
java (programming language),Aries,15.0,October,pluto,0.277,0.022,uranus-pluto,1,0.7638,0.9526,0.033,0.033
jazz,Virgo,165.0,November,node,0.245,0.02,pluto-node,1,0.8601,0.9579,0.9041,0.9041
jeddah,Cancer,115.0,January,pluto,0.246,0.005,pluto-chiron,1,0.2306,0.1631,-8.0652,-8.0652
jeep,Libra,200.0,January,pluto,0.397,0.006,pluto-chiron,1,0.4486,0.5958,-18.539,-18.539
jeju,Sagittarius,250.0,June,uranus,0.369,0.009,uranus-neptune,1,0.5597,0.1327,0.0329,0.0329
jellies,Taurus,35.0,June,uranus,0.339,0.012,uranus-pluto,1,0.5138,0.4807,0.373,0.373
jerusalem,Scorpio,235.0,March,saturn,0.224,0.017,saturn-chiron,1,0.6757,0.9582,0.722,0.722
jewelry,Aquarius,320.0,September,pluto,0.404,0.003,pluto-chiron,1,0.7215,0.299,-3.7811,-3.7811
jobs,Cancer,100.0,October,chiron,0.237,0.031,pluto-chiron,1,0.1618,0.5388,-15.8349,-15.8349
johannesburg,Cancer,90.0,May,chiron,0.249,0.016,pluto-chiron,1,0.51,0.8871,-0.082,-0.082
jordan,Scorpio,220.0,April,pluto,0.298,0.026,pluto-chiron,1,0.8529,0.5033,-2.0904,-2.0904
journalism,Aquarius,300.0,December,pluto,0.388,0.043,saturn-pluto,1,0.7001,0.7518,0.6513,0.6513
judaism,Leo,130.0,January,chiron,0.206,0.007,uranus-chiron,1,0.6869,0.9737,-0.7142,-0.7142
judiciary,Pisces,345.0,December,pluto,0.261,0.018,uranus-pluto,1,0.9434,0.9373,0.9571,0.9571
juice,Sagittarius,255.0,May,pluto,0.28,0.027,uranus-pluto,1,0.7363,0.7814,-1.6134,-1.6134
juicers,Pisces,350.0,February,pluto,0.371,0.024,pluto-chiron,1,0.6682,0.8845,0.0275,0.0275
jujutsu,Taurus,40.0,June,pluto,0.285,0.014,neptune-pluto,1,0.778,0.8059,0.6885,0.6885
justice,Leo,120.0,April,pluto,0.261,0.016,pluto-chiron,1,0.7833,0.9734,0.3807,0.3807
kagoshima,Gemini,65.0,August,chiron,0.289,0.015,uranus-chiron,1,0.2258,0.2917,0.5745,0.5745
kalimantan,Virgo,170.0,December,neptune,0.218,0.013,neptune-chiron,1,0.8511,0.8708,0.7052,0.7052
kansai,Gemini,75.0,June,chiron,0.338,0.017,pluto-chiron,1,0.8176,0.908,-10.6387,-10.6387
kansas,Aquarius,310.0,January,pluto,0.233,0.023,neptune-pluto,1,0.9651,0.9909,0.9638,0.9638
kansas city,Libra,200.0,November,pluto,0.261,0.022,uranus-pluto,1,0.7431,0.8006,-0.1184,-0.1184
kanto,Leo,130.0,July,chiron,0.316,0.012,pluto-chiron,1,0.642,0.6487,0.0042,0.0042
kaohsiung,Leo,140.0,June,uranus,0.279,0.036,uranus-pluto,1,0.1973,0.3427,0.3208,0.3208
karachi,Taurus,35.0,April,pluto,0.205,0.042,pluto-chiron,1,0.7019,0.794,0.8463,0.8463
karate,Aquarius,320.0,July,pluto,0.228,0.076,pluto-chiron,1,0.7396,0.9382,0.6106,0.6106
karnataka,Taurus,40.0,June,chiron,0.307,0.008,pluto-chiron,1,0.7639,0.7444,0.867,0.867
kauai,Leo,130.0,May,pluto,0.263,0.019,neptune-pluto,1,0.5124,0.6961,0.528,0.528
kawasaki,Leo,135.0,June,pluto,0.351,0.026,pluto-node,1,0.8944,0.9721,-0.3737,-0.3737
kazakhstan,Scorpio,225.0,November,pluto,0.371,0.029,pluto-chiron,1,0.2517,0.2937,-1.3228,-1.3228
kentucky,Sagittarius,245.0,April,pluto,0.436,0.023,uranus-pluto,1,0.6631,0.5735,0.0722,0.0722
kenya,Gemini,85.0,June,chiron,0.278,0.029,uranus-chiron,1,0.6144,0.503,0.9122,0.9122
kerala,Capricorn,290.0,June,chiron,0.274,0.034,uranus-chiron,1,0.8196,0.7727,0.1018,0.1018
keyboards,Scorpio,235.0,January,pluto,0.272,0.038,neptune-pluto,1,0.4609,0.3529,0.2015,0.2015
kia,Virgo,175.0,June,uranus,0.251,0.008,uranus-pluto,1,0.8817,0.9394,0.9395,0.9395
kickboxing,Cancer,110.0,January,pluto,0.275,0.009,pluto-chiron,1,0.972,0.9817,0.7215,0.7215
kiev,Gemini,60.0,January,chiron,0.272,0.038,pluto-chiron,1,0.3316,0.4138,-3.3118,-3.3118
kinshasa,Gemini,65.0,February,pluto,0.293,0.009,uranus-pluto,1,0.5311,0.3483,0.3475,0.3475
kitchen,Pisces,335.0,June,pluto,0.332,0.028,uranus-pluto,1,0.9421,0.965,0.649,0.649
kitchen hoods,Aquarius,305.0,March,pluto,0.272,0.021,uranus-pluto,1,0.7224,0.714,0.7655,0.7655
kitchen utensils,Virgo,170.0,September,pluto,0.223,0.045,uranus-pluto,1,0.8535,0.9354,0.7701,0.7701
kobe,Scorpio,210.0,January,chiron,0.259,0.049,pluto-chiron,1,0.584,0.875,0.7243,0.7243
kochi,Sagittarius,250.0,April,pluto,0.284,0.015,uranus-pluto,1,0.9244,0.9891,0.8925,0.8925
kolkata,Cancer,95.0,August,chiron,0.318,0.018,uranus-chiron,1,0.7653,0.9659,0.5523,0.5523
konya,Libra,180.0,February,neptune,0.278,0.047,uranus-neptune,1,0.4028,0.2801,0.3022,0.3022
korean cuisine,Libra,180.0,April,uranus,0.341,0.036,uranus-pluto,1,0.4316,0.274,0.1918,0.1918
korean pop,Cancer,100.0,September,pluto,0.223,0.017,uranus-pluto,1,0.841,0.9687,0.2806,0.2806
krakow,Aries,20.0,July,pluto,0.29,0.022,pluto-chiron,1,0.729,0.9535,0.4892,0.4892
kuala lumpur,Gemini,75.0,September,uranus,0.255,0.022,uranus-pluto,1,0.3341,0.5696,-2.8003,-2.8003
kuwait,Pisces,355.0,May,pluto,0.264,0.016,uranus-pluto,1,0.5452,0.4008,-0.2646,-0.2646
kyoto,Capricorn,270.0,March,pluto,0.186,0.045,neptune-pluto,1,0.7152,0.7977,-2.5421,-2.5421
kyrgyzstan,Pisces,355.0,June,neptune,0.222,0.021,neptune-pluto,1,0.2779,0.1794,0.1794,0.1794
kyushu,Capricorn,285.0,November,uranus,0.279,0.041,uranus-chiron,1,0.4362,-0.3019,0.1987,0.1987
la rioja,Pisces,355.0,May,pluto,0.268,0.042,pluto-chiron,1,0.8776,0.9572,0.4164,0.4164
labor,Taurus,45.0,September,pluto,0.23,0.047,neptune-pluto,1,0.7532,0.8432,0.8707,0.8707
labrador,Aquarius,315.0,June,chiron,0.332,0.012,pluto-chiron,1,0.8888,0.6356,0.3781,0.3781
lacrosse,Cancer,90.0,April,pluto,0.418,0.056,uranus-pluto,1,0.8793,0.9511,-0.0153,-0.0153
lagos,Gemini,70.0,June,pluto,0.411,0.029,pluto-chiron,1,0.4944,0.4908,0.529,0.529
lahore,Gemini,85.0,March,uranus,0.292,0.036,uranus-pluto,1,0.5151,0.6043,-4.9418,-4.9418
lake tahoe,Leo,125.0,August,uranus,0.261,0.005,uranus-pluto,1,0.5866,0.5691,0.0403,0.0403
lakes,Leo,125.0,June,pluto,0.346,0.023,uranus-pluto,1,0.6927,0.8907,-0.1986,-0.1986
lamborghini,Capricorn,295.0,September,neptune,0.22,0.018,neptune-pluto,1,0.509,0.9069,0.9098,0.9098
lamps,Aquarius,325.0,February,chiron,0.296,0.034,neptune-chiron,1,0.3968,0.7705,0.6002,0.6002
land,Gemini,70.0,April,pluto,0.331,0.025,neptune-pluto,1,0.735,0.7352,0.308,0.308
land rover,Libra,205.0,January,pluto,0.233,0.038,pluto-chiron,1,0.8852,0.9647,0.8132,0.8132
landscape design,Scorpio,225.0,April,chiron,0.316,0.011,uranus-chiron,1,0.7169,0.4093,0.6873,0.6873
language resources,Aries,0.0,October,neptune,0.31,0.004,uranus-neptune,1,0.7933,0.6381,0.9136,0.9136
laos,Libra,190.0,November,chiron,0.212,0.042,pluto-chiron,1,0.2424,0.1887,-1.1299,-1.1299
laptops,Scorpio,220.0,September,pluto,0.284,0.023,pluto-chiron,1,0.8631,0.6583,0.7656,0.7656
las vegas,Taurus,55.0,September,pluto,0.232,0.041,pluto-chiron,1,0.7765,0.9738,0.8714,0.8714
latin america,Gemini,75.0,November,chiron,0.354,0.032,neptune-chiron,1,0.7217,0.9245,0.5451,0.5451
latin music,Libra,190.0,July,pluto,0.207,0.023,neptune-pluto,1,0.8356,0.9424,0.6846,0.6846
latin pop,Cancer,115.0,July,chiron,0.267,0.009,pluto-chiron,1,0.8364,0.7816,0.3855,0.3855
latinos,Libra,185.0,October,node,0.223,0.018,pluto-node,1,0.9073,0.9901,0.9762,0.9762
latvia,Aquarius,310.0,May,pluto,0.306,0.019,uranus-pluto,1,0.4467,0.8159,-0.0651,-0.0651
laundry,Virgo,175.0,August,pluto,0.221,0.02,uranus-pluto,1,0.36,0.8491,-3.1128,-3.1128
law,Sagittarius,250.0,January,pluto,0.331,0.022,pluto-node,1,0.5703,0.3541,-1.7748,-1.7748
law enforcement,Aquarius,300.0,March,pluto,0.26,0.042,neptune-pluto,1,0.6075,0.9303,0.5907,0.5907
lawn,Cancer,100.0,June,pluto,0.347,0.066,pluto-chiron,1,0.8362,0.8817,0.6892,0.6892
lawn mowers,Sagittarius,240.0,June,pluto,0.321,0.077,pluto-chiron,1,0.8578,0.9583,0.7567,0.7567
lazio,Scorpio,230.0,January,pluto,0.249,0.017,pluto-chiron,1,0.6136,0.8823,0.8138,0.8138
learning,Cancer,110.0,April,pluto,0.304,0.018,pluto-chiron,1,0.9194,0.9565,0.8678,0.8678
lebanon,Taurus,35.0,July,pluto,0.356,0.03,uranus-pluto,1,0.4207,0.7365,-0.5624,-0.5624
legal,Gemini,85.0,May,chiron,0.24,0.025,uranus-chiron,1,0.5759,0.4537,-1.2242,-1.2242
legal education,Virgo,170.0,June,pluto,0.23,0.013,neptune-pluto,1,0.9455,0.9653,0.9755,0.9755
legal services,Capricorn,275.0,October,chiron,0.274,0.03,pluto-chiron,1,0.4291,0.8916,0.8585,0.8585
legislative branch,Leo,120.0,December,pluto,0.267,0.017,uranus-pluto,1,0.5107,-0.0245,-0.6737,-0.6737
leisure,Taurus,50.0,March,pluto,0.332,0.012,uranus-pluto,1,0.7643,0.6802,-0.1078,-0.1078
lending,Aries,25.0,October,chiron,0.365,0.04,neptune-chiron,1,0.5245,0.9068,0.6433,0.6433
lesbian,Scorpio,210.0,February,chiron,0.252,0.016,pluto-chiron,1,0.9648,0.9439,-0.9988,-0.9988
lesson plans,Cancer,90.0,October,pluto,0.305,0.039,pluto-chiron,1,0.5616,0.3073,-11.3846,-11.3846
lexus,Aquarius,300.0,March,pluto,0.204,0.021,neptune-pluto,1,0.7647,0.9376,0.3924,0.3924
liberties,Gemini,60.0,August,pluto,0.248,0.02,uranus-pluto,1,0.8196,0.9667,0.3462,0.3462
libraries,Leo,120.0,April,uranus,0.174,0.027,uranus-pluto,1,0.7104,0.6489,0.7212,0.7212
life hacks,Taurus,50.0,August,pluto,0.219,0.013,uranus-pluto,1,0.878,0.6238,0.6443,0.6443
life insurance,Scorpio,230.0,June,pluto,0.269,0.008,uranus-pluto,1,0.8928,0.8776,0.9695,0.9695
life simulation games,Aquarius,305.0,June,pluto,0.307,0.01,pluto-chiron,1,0.4953,0.8832,0.6619,0.6619
lighting,Virgo,170.0,October,pluto,0.225,0.007,neptune-pluto,1,0.5044,0.8765,0.3797,0.3797
liguria,Aries,5.0,October,pluto,0.249,0.053,uranus-pluto,1,0.6906,0.9266,0.1647,0.1647
lille,Pisces,335.0,January,chiron,0.228,0.019,uranus-chiron,1,0.7375,0.4535,0.8033,0.8033
lima,Sagittarius,255.0,July,uranus,0.195,0.027,uranus-chiron,1,0.65,0.3197,-4.4502,-4.4502
limburg,Capricorn,275.0,January,neptune,0.23,0.046,neptune-chiron,1,0.8516,0.8901,0.7115,0.7115
limousin,Taurus,50.0,August,pluto,0.198,0.062,neptune-pluto,1,0.6772,0.9027,-0.5189,-0.5189
lincoln,Libra,185.0,January,pluto,0.251,0.061,uranus-pluto,1,0.8668,0.9748,0.8063,0.8063
linux,Libra,185.0,April,chiron,0.199,0.033,pluto-chiron,1,0.6917,0.8116,0.1118,0.1118
lip makeup,Leo,120.0,December,chiron,0.192,0.025,uranus-chiron,1,0.8271,0.9153,0.6501,0.6501
lip sync videos,Cancer,100.0,May,chiron,0.32,0.023,pluto-chiron,1,0.5897,0.8082,0.5214,0.5214
liquidators,Virgo,160.0,June,chiron,0.4,0.018,uranus-chiron,1,0.2943,-0.1484,-0.7898,-0.7898
lisbon,Capricorn,295.0,July,pluto,0.257,0.028,uranus-pluto,1,0.6654,0.802,0.2473,0.2473
listings,Sagittarius,240.0,September,pluto,0.346,0.059,pluto-chiron,1,0.5376,0.0671,0.1871,0.1871
literature,Taurus,30.0,December,uranus,0.285,0.019,uranus-pluto,1,0.7259,0.9113,0.8647,0.8647
lithuania,Taurus,50.0,May,neptune,0.243,0.034,uranus-neptune,1,0.3604,0.8662,0.5884,0.5884
little rock,Cancer,105.0,November,chiron,0.236,0.039,pluto-chiron,1,0.899,0.9914,0.8507,0.8507
live comedy,Cancer,100.0,June,pluto,0.239,0.037,neptune-pluto,1,0.6449,0.6722,-1.5982,-1.5982
live video streaming,Gemini,70.0,October,uranus,0.266,0.016,uranus-pluto,1,0.8687,0.8011,-1.4441,-1.4441
liverpool,Leo,120.0,March,pluto,0.294,0.049,uranus-pluto,1,0.267,0.085,-3.2683,-3.2683
livestock,Pisces,355.0,April,pluto,0.258,0.009,uranus-pluto,1,0.7039,0.699,0.7547,0.7547
living room furniture,Pisces,340.0,June,pluto,0.239,0.02,uranus-pluto,1,0.7835,0.7493,-0.4513,-0.4513
loans,Virgo,150.0,December,chiron,0.288,0.046,uranus-chiron,1,0.4842,0.6857,0.5912,0.5912
lobbying,Sagittarius,250.0,January,pluto,0.307,0.009,uranus-pluto,1,0.4672,-0.2597,-2.0394,-2.0394
local government,Aquarius,315.0,December,uranus,0.317,0.014,uranus-pluto,1,0.8808,0.9079,0.8387,0.8387
local guides,Gemini,80.0,February,uranus,0.284,0.023,uranus-chiron,1,0.4013,0.1599,-1.8668,-1.8668
local news,Pisces,355.0,June,pluto,0.267,0.013,pluto-chiron,1,0.9248,0.9751,0.8503,0.8503
locks,Taurus,50.0,May,pluto,0.401,0.03,neptune-pluto,1,0.8676,0.5529,-0.1676,-0.1676
locksmiths,Gemini,70.0,August,pluto,0.297,0.041,uranus-pluto,1,0.181,0.3447,-1.0397,-1.0397
logistics,Virgo,160.0,October,pluto,0.265,0.022,neptune-pluto,1,0.6651,0.5847,0.5435,0.5435
london (uk),Aquarius,300.0,August,pluto,0.265,0.015,uranus-pluto,1,0.8306,0.9124,0.3574,0.3574
long term care,Pisces,335.0,May,pluto,0.223,0.037,pluto-chiron,1,0.5121,0.3813,0.6942,0.6942
lorraine,Gemini,75.0,October,pluto,0.325,0.039,uranus-pluto,1,0.4805,0.6589,-0.8603,-0.8603
los angeles,Aries,0.0,October,pluto,0.29,0.012,neptune-pluto,1,0.7111,0.9623,0.7044,0.7044
los cabos,Aquarius,315.0,August,neptune,0.265,0.052,neptune-pluto,1,0.5387,0.8527,-2.5683,-2.5683
lots,Aries,5.0,February,pluto,0.349,0.018,neptune-pluto,1,0.9324,0.9879,0.9382,0.9382
louisiana,Leo,125.0,May,pluto,0.25,0.05,pluto-node,1,0.8905,0.9403,0.7103,0.7103
lounge wear,Libra,195.0,December,chiron,0.293,0.004,pluto-chiron,1,0.7169,0.9212,0.7125,0.7125
low cost,Aries,10.0,December,pluto,0.36,0.021,uranus-pluto,1,0.9399,0.9788,0.9566,0.9566
low fat,Virgo,165.0,February,pluto,0.258,0.052,pluto-chiron,1,0.8902,0.9357,0.4257,0.4257
lubricants,Aquarius,320.0,December,uranus,0.335,0.041,uranus-pluto,1,0.8013,0.9145,0.7717,0.7717
luggage,Taurus,55.0,June,chiron,0.268,0.028,pluto-chiron,1,0.8893,0.9487,0.8309,0.8309
luxembourg,Taurus,40.0,September,pluto,0.212,0.06,pluto-chiron,1,0.349,0.1378,0.2094,0.2094
luxury travel,Gemini,85.0,June,chiron,0.225,0.03,uranus-chiron,1,0.9453,0.9734,0.9659,0.9659
luxury vehicles,Cancer,95.0,June,pluto,0.418,0.009,saturn-pluto,1,0.6766,0.9152,0.6613,0.6613
lyon,Pisces,355.0,April,chiron,0.361,0.005,neptune-chiron,1,0.4978,0.1835,-0.2038,-0.2038
lyric videos,Libra,200.0,August,node,0.212,0.009,uranus-node,1,0.8352,0.9051,0.8523,0.8523
mac os,Leo,125.0,September,pluto,0.195,0.028,saturn-pluto,1,0.8383,0.9736,0.8738,0.8738
macau,Libra,195.0,June,pluto,0.263,0.005,pluto-chiron,1,0.9448,0.9802,0.791,0.791
machine learning,Cancer,115.0,June,pluto,0.242,0.016,pluto-chiron,1,0.9325,0.9368,0.9304,0.9304
madagascar,Gemini,70.0,December,neptune,0.254,0.085,neptune-chiron,1,0.6113,0.831,0.5344,0.5344
madeira,Aquarius,300.0,August,pluto,0.313,0.008,neptune-pluto,1,0.3139,-0.3229,-3.6305,-3.6305
madhya pradesh,Pisces,355.0,November,neptune,0.273,0.009,neptune-pluto,1,0.895,0.9769,0.8415,0.8415
madrid,Cancer,110.0,April,pluto,0.269,0.019,uranus-pluto,1,0.4518,0.6488,0.4612,0.4612
magazines,Pisces,330.0,November,pluto,0.21,0.015,uranus-pluto,1,0.6965,0.8037,-3.2301,-3.2301
magic,Scorpio,230.0,September,pluto,0.187,0.02,pluto-node,1,0.7477,0.9559,0.8586,0.8586
maharashtra,Virgo,165.0,June,chiron,0.24,0.022,pluto-chiron,1,0.9302,0.9626,0.8824,0.8824
mail,Aquarius,310.0,April,pluto,0.251,0.017,uranus-pluto,1,0.4683,-1.911,-29.4313,-29.4313
maine,Pisces,330.0,September,pluto,0.25,0.013,uranus-pluto,1,0.952,0.9574,0.9818,0.9818
maintenance,Sagittarius,255.0,May,pluto,0.367,0.016,pluto-chiron,1,0.8958,0.9311,0.9222,0.9222
make-up,Sagittarius,265.0,January,pluto,0.257,0.011,uranus-pluto,1,0.9699,0.9818,0.8602,0.8602
malawi,Scorpio,230.0,January,pluto,0.28,0.013,pluto-chiron,1,0.4767,0.5148,0.1183,0.1183
malaysia,Scorpio,210.0,September,uranus,0.272,0.016,uranus-pluto,1,0.773,0.8161,0.4445,0.4445
maldives,Taurus,50.0,February,chiron,0.2,0.072,uranus-chiron,1,0.4293,0.6515,0.041,0.041
mali,Capricorn,280.0,December,pluto,0.31,0.009,uranus-pluto,1,0.8046,0.7589,0.55,0.55
malta,Capricorn,290.0,July,pluto,0.271,0.016,uranus-pluto,1,0.4919,0.9629,-0.538,-0.538
malware,Pisces,350.0,April,uranus,0.209,0.025,uranus-pluto,1,0.7241,-0.2646,-3.1113,-3.1113
management,Sagittarius,250.0,April,pluto,0.286,0.007,pluto-chiron,1,0.923,0.9689,0.9414,0.9414
management jobs,Virgo,155.0,June,pluto,0.24,0.034,pluto-chiron,1,0.9082,0.9777,0.9396,0.9396
manchester,Taurus,50.0,March,pluto,0.224,0.049,neptune-pluto,1,0.42,0.1672,-0.63,-0.63
mandopop,Aries,20.0,April,uranus,0.219,0.016,uranus-pluto,1,0.5929,0.6384,0.767,0.767
manga,Cancer,105.0,April,pluto,0.333,0.008,uranus-pluto,1,0.9274,0.8044,-9.8899,-9.8899
manicures,Aquarius,305.0,August,pluto,0.29,0.058,pluto-chiron,1,0.5095,0.9636,0.649,0.649
manila,Leo,130.0,July,pluto,0.273,0.029,uranus-pluto,1,0.3093,0.9241,-0.3503,-0.3503
manitoba,Aquarius,325.0,March,chiron,0.399,0.032,neptune-chiron,1,0.7656,0.9222,0.8942,0.8942
manufactured homes,Taurus,55.0,April,pluto,0.41,0.019,uranus-pluto,1,0.6827,0.9553,0.8379,0.8379
manufacturing,Pisces,335.0,December,pluto,0.294,0.009,uranus-pluto,1,0.9376,0.8937,0.9325,0.9325
maps,Aquarius,315.0,September,chiron,0.227,0.014,pluto-chiron,1,0.4533,0.8917,-0.3944,-0.3944
maranhao,Scorpio,220.0,December,pluto,0.228,0.027,pluto-chiron,1,0.4777,0.902,-0.9364,-0.9364
marche,Taurus,30.0,November,uranus,0.242,0.062,uranus-neptune,1,0.5778,0.8706,-1.8435,-1.8435
mardi gras,Capricorn,290.0,February,pluto,0.298,0.045,neptune-pluto,1,0.5618,0.7189,-1.7168,-1.7168
marines,Scorpio,210.0,March,chiron,0.333,0.027,uranus-chiron,1,0.8565,0.9801,0.8994,0.8994
maritime transport,Scorpio,215.0,April,neptune,0.224,0.028,uranus-neptune,1,0.3181,0.7997,0.6635,0.6635
marketing,Aries,5.0,May,pluto,0.201,0.04,neptune-pluto,1,0.8973,0.8666,0.8976,0.8976
marriage,Gemini,85.0,April,pluto,0.28,0.016,uranus-pluto,1,0.8962,0.9008,0.9351,0.9351
marseille,Virgo,150.0,January,chiron,0.253,0.036,uranus-chiron,1,0.7394,0.7872,0.8618,0.8618
martial arts,Virgo,155.0,January,pluto,0.35,0.018,pluto-chiron,1,0.9619,0.9793,0.2483,0.2483
martial arts films,Aries,5.0,December,pluto,0.215,0.029,neptune-pluto,1,0.2654,0.8815,-1.8895,-1.8895
martinique,Scorpio,225.0,January,pluto,0.329,0.022,uranus-pluto,1,0.7401,0.9422,0.0455,0.0455
maryland,Pisces,355.0,March,pluto,0.198,0.019,neptune-pluto,1,0.8019,0.9792,0.1144,0.1144
maserati,Aquarius,315.0,February,pluto,0.307,0.016,uranus-pluto,1,0.7847,0.9657,0.9696,0.9696
massachusetts,Leo,125.0,April,chiron,0.196,0.059,neptune-chiron,1,0.7946,0.951,0.6966,0.6966
massage therapy,Pisces,355.0,July,pluto,0.246,0.019,pluto-chiron,1,0.7011,-0.4993,-3.2474,-3.2474
maternity,Cancer,110.0,June,pluto,0.278,0.016,pluto-chiron,1,0.973,0.9907,0.9682,0.9682
mathematics,Sagittarius,245.0,October,uranus,0.309,0.014,uranus-chiron,1,0.9756,0.9776,0.9883,0.9883
mato grosso,Taurus,45.0,July,pluto,0.307,0.02,neptune-pluto,1,0.7793,0.561,0.7711,0.7711
mato grosso do sul,Leo,125.0,September,uranus,0.368,0.02,uranus-pluto,1,0.4554,0.2681,-2.887,-2.887
mattresses,Aries,25.0,June,pluto,0.195,0.044,uranus-pluto,1,0.798,0.9279,0.9589,0.9589
maui,Scorpio,220.0,July,chiron,0.236,0.019,neptune-chiron,1,0.6425,0.988,-0.3353,-0.3353
mazda,Capricorn,290.0,March,pluto,0.267,0.017,neptune-pluto,1,0.8396,0.9527,-1.2261,-1.2261
measurement,Capricorn,295.0,March,pluto,0.228,0.025,uranus-pluto,1,0.9772,0.9852,0.9901,0.9901
meat,Sagittarius,240.0,January,pluto,0.293,0.011,pluto-chiron,1,0.9119,0.5504,-0.2363,-0.2363
media players,Sagittarius,255.0,February,uranus,0.218,0.033,uranus-chiron,1,0.5209,0.7403,-1.5719,-1.5719
media studies,Sagittarius,255.0,March,chiron,0.283,0.013,uranus-chiron,1,0.4587,0.8342,0.2503,0.2503
medical devices,Taurus,50.0,December,pluto,0.354,0.005,uranus-pluto,1,0.6917,0.9398,0.8391,0.8391
medical facilities,Cancer,90.0,June,neptune,0.236,0.033,neptune-chiron,1,0.8468,0.9681,0.9549,0.9549
medical jobs,Virgo,160.0,June,pluto,0.302,0.035,pluto-chiron,1,0.9311,0.9848,0.9569,0.9569
medical literature,Capricorn,275.0,December,chiron,0.214,0.021,neptune-chiron,1,0.7837,0.839,0.7158,0.7158
medical procedures,Aries,10.0,October,chiron,0.305,0.063,neptune-chiron,1,0.407,0.4964,-0.6325,-0.6325
medical research,Aquarius,320.0,June,pluto,0.293,0.018,neptune-pluto,1,0.8013,0.9129,0.8702,0.8702
medical tourism,Aries,10.0,March,uranus,0.341,0.037,uranus-pluto,1,0.4308,0.1433,0.3443,0.3443
medical training,Gemini,75.0,April,pluto,0.259,0.029,pluto-chiron,1,0.7294,0.68,0.1373,0.1373
medications,Cancer,100.0,March,pluto,0.256,0.027,uranus-pluto,1,0.5985,-0.6425,0.4093,0.4093
meditation,Pisces,335.0,December,pluto,0.302,0.023,pluto-node,1,0.9691,0.9575,0.8779,0.8779
melbourne,Taurus,40.0,January,pluto,0.264,0.01,pluto-chiron,1,0.9365,0.9571,0.3891,0.3891
memorabilia,Cancer,110.0,April,uranus,0.286,0.049,uranus-neptune,1,0.4724,0.8538,0.0324,0.0324
memory cards,Aquarius,305.0,February,chiron,0.34,0.037,pluto-chiron,1,0.5155,0.9326,0.5149,0.5149
memphis,Aries,0.0,January,pluto,0.253,0.018,pluto-chiron,1,0.9193,0.857,0.3969,0.3969
men's clothing,Aquarius,310.0,June,pluto,0.274,0.01,uranus-pluto,1,0.9443,0.935,0.9106,0.9106
men's health,Pisces,355.0,June,uranus,0.233,0.014,uranus-pluto,1,0.921,0.9555,0.8995,0.8995
mental health,Aquarius,300.0,June,pluto,0.299,0.017,uranus-pluto,1,0.927,0.8952,0.9762,0.9762
mercedes-benz,Pisces,335.0,March,pluto,0.307,0.015,pluto-node,1,0.8248,0.7535,-0.7418,-0.7418
merchant services,Cancer,105.0,June,uranus,0.276,0.034,uranus-pluto,1,0.385,0.6994,0.8797,0.8797
mercury,Cancer,90.0,November,pluto,0.279,0.037,neptune-pluto,1,0.7725,0.9632,0.8844,0.8844
merida,Virgo,165.0,June,pluto,0.316,0.016,pluto-chiron,1,0.8221,0.9673,-0.5199,-0.5199
mersin,Leo,135.0,January,pluto,0.226,0.032,pluto-chiron,1,0.4994,0.7111,-0.2729,-0.2729
messaging,Libra,185.0,January,pluto,0.324,0.012,uranus-pluto,1,0.9722,0.9923,0.8002,0.8002
messengers,Gemini,60.0,July,chiron,0.177,0.05,node-chiron,1,0.7381,0.9363,0.501,0.501
metal (music),Leo,145.0,July,pluto,0.234,0.015,pluto-node,1,0.9354,0.9789,0.9591,0.9591
metals,Leo,140.0,November,pluto,0.325,0.04,neptune-pluto,1,0.6983,0.8236,0.857,0.857
mexican cuisine,Gemini,70.0,September,chiron,0.241,0.017,pluto-chiron,1,0.4152,0.8979,0.3191,0.3191
mexico,Gemini,65.0,August,pluto,0.306,0.058,uranus-pluto,1,0.7612,0.8594,0.5546,0.5546
mexico city,Aries,10.0,August,pluto,0.206,0.006,saturn-pluto,1,0.8976,0.9872,0.6197,0.6197
michigan,Cancer,110.0,November,chiron,0.303,0.013,neptune-chiron,1,0.8123,0.8282,0.3277,0.3277
michoacan,Taurus,55.0,January,pluto,0.248,0.037,neptune-pluto,1,0.7911,0.9661,0.6464,0.6464
microwaves,Libra,180.0,March,pluto,0.294,0.043,uranus-pluto,1,0.6045,0.8403,0.1033,0.1033
middle africa,Virgo,175.0,October,chiron,0.261,0.023,pluto-chiron,1,0.5546,0.9412,-2.2971,-2.2971
middle east,Scorpio,230.0,December,neptune,0.215,0.05,neptune-pluto,1,0.791,0.9707,0.0244,0.0244
middle eastern,Libra,195.0,January,chiron,0.335,0.04,pluto-chiron,1,0.5495,0.7473,-2.7427,-2.7427
midwest (usa),Cancer,110.0,June,chiron,0.288,0.001,uranus-chiron,1,0.7855,0.8464,0.6371,0.6371
mie,Pisces,330.0,December,pluto,0.347,0.016,uranus-pluto,1,0.9085,0.9633,0.9107,0.9107
migraines,Sagittarius,260.0,June,uranus,0.201,0.018,uranus-chiron,1,0.7624,-2.9925,0.0042,0.0042
milan,Libra,195.0,January,chiron,0.215,0.032,uranus-chiron,1,0.8062,0.9186,-0.1421,-0.1421
military,Gemini,65.0,January,pluto,0.173,0.012,neptune-pluto,1,0.71,0.4615,-2.9105,-2.9105
military history,Scorpio,235.0,April,pluto,0.289,0.037,uranus-pluto,1,0.4504,-0.014,0.3254,0.3254
milwaukee,Pisces,350.0,April,pluto,0.29,0.024,uranus-pluto,1,0.3204,0.3903,0.2205,0.2205
minas gerais,Taurus,30.0,December,uranus,0.37,0.013,uranus-pluto,1,0.3041,0.2464,-2.9951,-2.9951
mindfulness,Sagittarius,245.0,December,pluto,0.302,0.009,uranus-pluto,1,0.9603,0.951,0.9323,0.9323
minecraft,Aquarius,305.0,September,chiron,0.269,0.015,uranus-chiron,1,0.6221,-0.5357,-0.5892,-0.5892
mini,Scorpio,225.0,November,pluto,0.463,0.007,saturn-pluto,1,0.6006,0.5832,-1.8149,-1.8149
miniatures,Pisces,355.0,December,pluto,0.338,0.008,uranus-pluto,1,0.7914,0.5283,-0.0435,-0.0435
mining,Cancer,110.0,April,pluto,0.331,0.078,pluto-chiron,1,0.607,0.8355,-2.6058,-2.6058
minivans,Libra,200.0,January,chiron,0.257,0.018,pluto-chiron,1,0.724,0.8735,-0.9355,-0.9355
minnesota,Libra,195.0,January,pluto,0.208,0.031,pluto-chiron,1,0.5302,0.8271,-0.1336,-0.1336
mississippi,Gemini,85.0,January,pluto,0.323,0.004,pluto-chiron,1,0.9543,0.9758,0.8752,0.8752
missouri,Sagittarius,240.0,March,saturn,0.199,0.01,saturn-chiron,1,0.3728,0.9245,0.4036,0.4036
mitsubishi,Capricorn,295.0,January,pluto,0.412,0.02,neptune-pluto,1,0.9139,0.9344,0.6917,0.6917
mixed martial arts,Capricorn,275.0,January,pluto,0.276,0.011,pluto-chiron,1,0.9536,0.966,-0.8068,-0.8068
miyagi,Gemini,75.0,October,chiron,0.17,0.048,uranus-chiron,1,0.8277,0.9267,-3.3951,-3.3951
miyazaki,Leo,145.0,April,pluto,0.245,0.015,pluto-node,1,0.8732,0.9574,0.831,0.831
mlm,Scorpio,210.0,December,chiron,0.238,0.036,neptune-chiron,1,0.9274,0.9703,0.8306,0.8306
moba games,Scorpio,210.0,September,chiron,0.289,0.003,pluto-chiron,1,0.8885,0.6889,0.9202,0.9202
mobile,Aquarius,320.0,June,chiron,0.235,0.034,pluto-chiron,1,0.9508,0.9613,0.8033,0.8033
mobile apps,Taurus,45.0,June,uranus,0.239,0.022,uranus-chiron,1,0.9818,0.9881,0.9287,0.9287
mobile os,Aries,0.0,November,chiron,0.245,0.019,pluto-chiron,1,0.9108,0.9543,0.8952,0.8952
mobile payments,Leo,145.0,June,neptune,0.229,0.049,neptune-pluto,1,0.5331,0.9384,0.8894,0.8894
mobile phone repair,Aquarius,320.0,July,pluto,0.3,0.035,neptune-pluto,1,0.892,0.9463,0.7314,0.7314
mobile phones,Taurus,30.0,August,pluto,0.316,0.019,uranus-pluto,1,0.8514,0.8546,-6.2448,-6.2448
mobile themes,Pisces,355.0,February,pluto,0.238,0.017,pluto-chiron,1,0.6752,0.7957,-3.974,-3.974
mobility equipment,Aquarius,305.0,May,pluto,0.421,0.003,pluto-chiron,1,0.882,0.8385,0.819,0.819
model trains,Virgo,160.0,January,pluto,0.278,0.039,pluto-chiron,1,0.9562,0.9911,0.9112,0.9112
modeling,Scorpio,220.0,January,pluto,0.276,0.007,pluto-node,1,0.8064,0.9653,0.8435,0.8435
moisturizers,Aries,0.0,February,pluto,0.292,0.043,uranus-pluto,1,0.5447,0.4445,0.7053,0.7053
moldova,Leo,120.0,May,chiron,0.365,0.029,pluto-chiron,1,0.4078,0.7688,-0.1837,-0.1837
molise,Pisces,355.0,January,chiron,0.251,0.044,neptune-chiron,1,0.5307,0.8806,0.4714,0.4714
monaco,Sagittarius,245.0,May,uranus,0.274,0.048,uranus-pluto,1,0.4244,0.7702,-1.4619,-1.4619
money transfer,Aquarius,300.0,December,pluto,0.199,0.009,pluto-chiron,1,0.983,0.9976,0.9723,0.9723
mongolia,Aquarius,325.0,March,pluto,0.269,0.01,uranus-pluto,1,0.281,0.5215,-0.8577,-0.8577
monitoring,Scorpio,220.0,December,pluto,0.316,0.015,pluto-chiron,1,0.7665,0.6832,0.5564,0.5564
monitoring software,Scorpio,215.0,April,chiron,0.252,0.019,pluto-chiron,1,0.6744,0.7753,-3.7435,-3.7435
montana,Taurus,30.0,August,pluto,0.276,0.02,uranus-pluto,1,0.9198,0.9817,0.7092,0.7092
montenegro,Capricorn,285.0,July,pluto,0.309,0.034,pluto-chiron,1,0.8003,0.9682,0.3837,0.3837
monterrey,Cancer,115.0,December,pluto,0.256,0.037,neptune-pluto,1,0.5738,0.9178,0.783,0.783
montpellier,Gemini,85.0,January,pluto,0.3,0.029,pluto-chiron,1,0.426,0.1626,-1.0417,-1.0417
montreal,Pisces,335.0,July,pluto,0.336,0.01,pluto-chiron,1,0.9513,0.9945,0.8796,0.8796
mopeds,Capricorn,295.0,July,chiron,0.282,0.02,pluto-chiron,1,0.9367,0.9669,0.6108,0.6108
mortgages,Taurus,35.0,February,chiron,0.408,0.017,pluto-chiron,1,0.2803,0.0582,-0.3946,-0.3946
moscow,Leo,145.0,October,pluto,0.294,0.033,uranus-pluto,1,0.7308,0.8264,0.3674,0.3674
motivational,Pisces,345.0,November,pluto,0.28,0.025,pluto-node,1,0.9732,0.9847,0.4995,0.4995
motor sports,Capricorn,280.0,September,pluto,0.318,0.021,uranus-pluto,1,0.804,0.959,0.6131,0.6131
motorcycle racing,Taurus,45.0,July,pluto,0.311,0.01,pluto-chiron,1,0.9781,0.9913,0.6589,0.6589
motorcycles,Capricorn,275.0,July,pluto,0.325,0.03,pluto-chiron,1,0.9218,0.9675,0.106,0.106
mountain,Libra,205.0,January,pluto,0.343,0.007,pluto-chiron,1,0.9752,0.9947,0.9576,0.9576
mountain bikes,Sagittarius,265.0,July,chiron,0.301,0.038,pluto-chiron,1,0.9215,0.9665,0.9632,0.9632
movie,Cancer,110.0,June,pluto,0.28,0.02,uranus-pluto,1,0.9056,0.9362,0.4447,0.4447
movie memorabilia,Scorpio,215.0,June,chiron,0.266,0.029,pluto-chiron,1,0.4805,0.0525,0.0328,0.0328
movie reference,Libra,190.0,June,chiron,0.275,0.04,pluto-chiron,1,0.6554,0.9095,0.4745,0.4745
movie reviews,Aries,5.0,November,chiron,0.214,0.035,pluto-chiron,1,0.554,0.43,-2.9366,-2.9366
movies,Gemini,75.0,August,pluto,0.458,0.015,pluto-node,1,0.9385,0.8523,-0.9341,-0.9341
moving,Capricorn,270.0,July,chiron,0.287,0.009,pluto-chiron,1,0.7182,0.8705,0.8119,0.8119
mozambique,Virgo,150.0,November,uranus,0.24,0.029,uranus-chiron,1,0.1713,0.0449,-0.4907,-0.4907
mp3,Cancer,90.0,August,pluto,0.221,0.021,pluto-chiron,1,0.8719,0.8949,0.7934,0.7934
mugla,Capricorn,295.0,February,pluto,0.3,0.023,uranus-pluto,1,0.3884,-0.4885,-5.3181,-5.3181
mukbang videos,Scorpio,225.0,June,pluto,0.257,0.013,pluto-chiron,1,0.9685,0.9923,0.9448,0.9448
mumbai,Virgo,160.0,June,pluto,0.27,0.052,pluto-chiron,1,0.8882,0.9311,0.9081,0.9081
munich,Gemini,80.0,April,pluto,0.349,0.052,neptune-pluto,1,0.3721,0.7726,0.0934,0.0934
murcia,Capricorn,290.0,January,pluto,0.328,0.007,pluto-chiron,1,0.7101,0.8911,-0.1928,-0.1928
museums,Gemini,70.0,April,pluto,0.254,0.009,pluto-chiron,1,0.5411,0.2501,0.3352,0.3352
music,Leo,125.0,January,pluto,0.283,0.005,pluto-node,1,0.9115,0.9288,0.7933,0.7933
music art,Virgo,160.0,October,pluto,0.242,0.03,neptune-pluto,1,0.8517,0.9842,0.8268,0.8268
music composition,Aries,20.0,March,chiron,0.194,0.022,pluto-chiron,1,0.5768,0.8123,-1.5686,-1.5686
music education,Taurus,40.0,February,pluto,0.276,0.004,neptune-pluto,1,0.4615,0.0385,-3.571,-3.571
music equipment,Leo,135.0,February,uranus,0.314,0.006,saturn-uranus,1,0.3921,0.8777,-3.3799,-3.3799
music festivals,Scorpio,215.0,June,pluto,0.274,0.003,pluto-chiron,1,0.7142,0.8059,-0.3328,-0.3328
music performances,Cancer,90.0,November,pluto,0.312,0.038,pluto-chiron,1,0.5466,0.7648,0.0622,0.0622
music reference,Libra,185.0,June,pluto,0.281,0.014,neptune-pluto,1,0.6258,0.9637,0.8305,0.8305
music software,Scorpio,235.0,December,pluto,0.307,0.018,pluto-chiron,1,0.7413,0.9257,0.6648,0.6648
music videos,Scorpio,220.0,May,pluto,0.317,0.006,pluto-chiron,1,0.9312,0.9864,0.7131,0.7131
musical films,Cancer,100.0,January,chiron,0.306,0.028,pluto-chiron,1,0.8376,0.9399,-0.0539,-0.0539
musical instruments,Aquarius,325.0,December,pluto,0.269,0.019,uranus-pluto,1,0.8086,0.7604,0.6826,0.6826
musical theater,Libra,190.0,January,pluto,0.302,0.031,pluto-node,1,0.9106,0.9843,0.4076,0.4076
mutual funds,Taurus,55.0,November,chiron,0.24,0.008,pluto-chiron,1,0.9255,0.9608,0.7526,0.7526
myanmar,Scorpio,235.0,October,uranus,0.365,0.005,uranus-chiron,1,0.7715,0.9152,0.9156,0.9156
myrtle beach,Scorpio,220.0,June,pluto,0.337,0.068,pluto-chiron,1,0.8671,0.9616,0.6142,0.6142
mystery books,Leo,140.0,December,pluto,0.208,0.043,pluto-node,1,0.7889,0.9685,0.9509,0.9509
mystery films,Aquarius,320.0,February,chiron,0.195,0.033,pluto-chiron,1,0.6347,0.2196,-9.2562,-9.2562
myth,Pisces,335.0,February,chiron,0.339,0.009,uranus-chiron,1,0.3911,0.5696,0.1432,0.1432
nagano,Scorpio,220.0,February,neptune,0.258,0.049,neptune-pluto,1,0.7987,0.9328,-0.0941,-0.0941
nagasaki,Aries,5.0,July,pluto,0.255,0.033,uranus-pluto,1,0.3147,0.4527,-0.5093,-0.5093
nagoya,Taurus,45.0,June,uranus,0.193,0.075,uranus-pluto,1,0.4559,0.928,0.525,0.525
nail care,Scorpio,230.0,March,pluto,0.227,0.018,pluto-chiron,1,0.64,0.5604,-1.4591,-1.4591
nails,Taurus,40.0,July,pluto,0.241,0.016,pluto-node,1,0.9674,0.9949,0.9165,0.9165
nairobi,Pisces,345.0,June,chiron,0.323,0.007,pluto-chiron,1,0.5043,0.6164,-1.1601,-1.1601
name days,Sagittarius,245.0,January,chiron,0.217,0.016,uranus-chiron,1,0.8108,0.8554,-0.3355,-0.3355
nantes,Capricorn,295.0,January,pluto,0.287,0.017,uranus-pluto,1,0.6885,0.2076,-0.2971,-0.2971
naples,Taurus,55.0,October,chiron,0.255,0.025,pluto-chiron,1,0.352,0.2323,-4.3207,-4.3207
nara,Cancer,100.0,June,chiron,0.252,0.026,uranus-chiron,1,0.6968,0.6608,0.5422,0.5422
nashville,Aries,0.0,April,chiron,0.219,0.095,pluto-chiron,1,0.6569,0.6918,-0.0248,-0.0248
nassau,Aries,5.0,August,uranus,0.191,0.067,uranus-pluto,1,0.7245,0.9792,0.6694,0.6694
native americans,Virgo,160.0,November,pluto,0.249,0.03,uranus-pluto,1,0.8159,0.9686,0.5351,0.5351
natural foods,Virgo,160.0,August,pluto,0.229,0.046,uranus-pluto,1,0.7518,0.5004,-0.527,-0.527
natural medicine,Libra,195.0,November,pluto,0.316,0.011,uranus-pluto,1,0.7323,0.7812,0.7292,0.7292
navarra,Capricorn,275.0,January,pluto,0.312,0.003,pluto-chiron,1,0.938,0.9824,0.8789,0.8789
navigation,Leo,145.0,May,pluto,0.258,0.004,pluto-chiron,1,0.6487,0.4163,-8.1586,-8.1586
navy,Scorpio,210.0,May,pluto,0.312,0.029,neptune-pluto,1,0.8012,0.8991,0.903,0.903
nebraska,Aries,10.0,October,chiron,0.209,0.046,pluto-chiron,1,0.7724,0.9053,-0.4379,-0.4379
necklaces,Leo,130.0,August,pluto,0.284,0.02,neptune-pluto,1,0.6058,0.9096,0.0295,0.0295
nepal,Aquarius,315.0,August,uranus,0.371,0.018,uranus-pluto,1,0.7981,0.9341,0.9327,0.9327
net,Aries,0.0,April,pluto,0.275,0.026,neptune-pluto,1,0.7927,0.813,0.8284,0.8284
network monitoring,Gemini,85.0,December,chiron,0.29,0.004,pluto-chiron,1,0.7123,0.2042,-0.5414,-0.5414
network news,Capricorn,285.0,December,pluto,0.242,0.05,uranus-pluto,1,0.5704,0.3813,0.7413,0.7413
network security,Virgo,160.0,April,pluto,0.305,0.012,uranus-pluto,1,0.7963,0.8602,0.7645,0.7645
network storage,Capricorn,285.0,December,uranus,0.206,0.028,jupiter-uranus,1,0.6811,0.9151,-0.8193,-0.8193
networking,Pisces,355.0,April,pluto,0.229,0.019,uranus-pluto,1,0.7732,0.575,-6.2924,-6.2924
neuroscience,Virgo,150.0,March,pluto,0.253,0.016,pluto-chiron,1,0.7418,0.3201,0.6775,0.6775
nevada,Virgo,175.0,January,chiron,0.278,0.012,pluto-chiron,1,0.6564,0.1043,-2.7168,-2.7168
nevis,Pisces,345.0,August,pluto,0.324,0.02,uranus-pluto,1,0.8836,0.9797,0.5981,0.5981
new brunswick,Scorpio,210.0,March,pluto,0.224,0.011,uranus-pluto,1,0.7572,0.6965,-2.0898,-2.0898
new england,Libra,195.0,October,chiron,0.198,0.023,uranus-chiron,1,0.5139,0.5471,0.6922,0.6922
new haven,Aries,25.0,November,chiron,0.357,0.016,pluto-chiron,1,0.5989,0.9284,0.3426,0.3426
new homes,Capricorn,295.0,March,pluto,0.275,0.022,pluto-chiron,1,0.6815,0.6981,0.8302,0.8302
new jersey,Virgo,165.0,June,chiron,0.196,0.036,saturn-chiron,1,0.7919,0.9614,0.0469,0.0469
new orleans,Aquarius,310.0,February,neptune,0.187,0.027,uranus-neptune,1,0.9166,0.9877,0.8288,0.8288
new south wales,Libra,180.0,October,pluto,0.277,0.055,uranus-pluto,1,0.1729,0.5372,-23.9087,-23.9087
new year,Scorpio,215.0,December,uranus,0.285,0.05,uranus-pluto,1,0.4604,0.4475,0.312,0.312
new york city,Libra,200.0,January,pluto,0.227,0.033,uranus-pluto,1,0.9281,0.988,0.9368,0.9368
new york state,Scorpio,215.0,November,pluto,0.337,0.022,pluto-chiron,1,0.6075,0.9328,0.5964,0.5964
new zealand,Sagittarius,255.0,December,uranus,0.317,0.043,uranus-pluto,1,0.172,0.1834,-0.0322,-0.0322
newfoundland,Virgo,175.0,January,pluto,0.245,0.023,pluto-chiron,1,0.9643,0.9963,0.9339,0.9339
news,Virgo,175.0,June,pluto,0.238,0.027,pluto-chiron,1,0.9162,0.9683,0.7374,0.7374
news industry,Libra,190.0,June,uranus,0.265,0.022,uranus-pluto,1,0.8469,0.9563,0.8571,0.8571
newspapers,Taurus,35.0,October,chiron,0.402,0.029,pluto-chiron,1,0.3956,0.8457,0.1562,0.1562
nicaragua,Leo,125.0,August,pluto,0.25,0.038,uranus-pluto,1,0.4639,0.6906,0.2906,0.2906
nice,Cancer,100.0,July,pluto,0.263,0.036,pluto-chiron,1,0.8071,0.9809,0.1354,0.1354
niger,Aquarius,305.0,October,chiron,0.258,0.023,pluto-chiron,1,0.4794,-0.0756,0.2044,0.2044
nigeria,Cancer,105.0,June,pluto,0.311,0.049,uranus-pluto,1,0.1343,-0.3325,-0.324,-0.324
nightlife,Gemini,60.0,August,chiron,0.24,0.039,uranus-chiron,1,0.4738,0.8735,-51.4457,-51.4457
nintendo,Libra,205.0,January,pluto,0.311,0.02,uranus-pluto,1,0.4785,-0.2184,-0.9464,-0.9464
nissan,Capricorn,280.0,January,pluto,0.4,0.018,uranus-pluto,1,0.9499,0.9862,0.7836,0.7836
nonfiction,Aries,25.0,January,pluto,0.321,0.017,uranus-pluto,1,0.5221,0.3185,0.4215,0.4215
nordic countries,Sagittarius,255.0,June,uranus,0.339,0.046,uranus-chiron,1,0.5165,0.8318,0.8935,0.8935
normandy,Virgo,170.0,June,pluto,0.271,0.042,uranus-pluto,1,0.6819,0.9287,0.1075,0.1075
north carolina,Gemini,85.0,April,neptune,0.279,0.029,neptune-pluto,1,0.7236,0.7756,0.2659,0.2659
north dakota,Scorpio,210.0,January,pluto,0.258,0.032,uranus-pluto,1,0.458,0.9393,0.0518,0.0518
north east england,Capricorn,285.0,June,chiron,0.234,0.071,pluto-chiron,1,0.1898,0.7232,0.4503,0.4503
north florida,Sagittarius,255.0,January,uranus,0.337,0.013,uranus-chiron,1,0.4685,0.5712,-0.0476,-0.0476
north india,Cancer,105.0,May,pluto,0.218,0.038,uranus-pluto,1,0.9211,0.9659,0.9651,0.9651
north korea,Gemini,75.0,April,chiron,0.215,0.049,pluto-chiron,1,0.2687,0.5358,-1.6179,-1.6179
northeast india,Taurus,45.0,April,chiron,0.257,0.032,neptune-chiron,1,0.9031,0.9306,0.5254,0.5254
northern africa,Aquarius,310.0,February,chiron,0.292,0.035,pluto-chiron,1,0.2001,-0.5964,-0.7363,-0.7363
northern ireland,Virgo,175.0,July,pluto,0.265,0.042,uranus-pluto,1,0.4399,0.8701,0.3806,0.3806
northern territory,Aries,0.0,September,chiron,0.229,0.037,pluto-chiron,1,0.2291,0.4095,-1.9539,-1.9539
northwest china,Sagittarius,260.0,January,chiron,0.329,0.019,pluto-chiron,1,0.3833,-0.4965,-0.0842,-0.0842
notebooks,Taurus,55.0,August,uranus,0.286,0.04,uranus-pluto,1,0.7904,0.683,0.8272,0.8272
nova scotia,Aquarius,320.0,April,pluto,0.242,0.036,uranus-pluto,1,0.8392,0.8579,0.6008,0.6008
nuclear energy,Aquarius,320.0,February,pluto,0.334,0.02,pluto-chiron,1,0.421,0.3002,-1.7281,-1.7281
nuevo leon,Taurus,45.0,August,pluto,0.25,0.017,pluto-node,1,0.9224,0.9758,0.7276,0.7276
nursery,Gemini,70.0,August,uranus,0.254,0.03,uranus-pluto,1,0.8575,0.858,-0.3497,-0.3497
nursery rhymes,Taurus,45.0,August,pluto,0.247,0.036,uranus-pluto,1,0.8572,0.9034,0.4942,0.4942
nursing,Virgo,150.0,June,pluto,0.272,0.034,pluto-chiron,1,0.9502,0.98,0.9419,0.9419
nusa tenggara,Pisces,355.0,December,neptune,0.259,0.027,uranus-neptune,1,0.766,0.9264,0.8653,0.8653
nutrition,Gemini,60.0,June,chiron,0.289,0.038,pluto-chiron,1,0.8327,0.9356,0.8757,0.8757
oahu,Sagittarius,265.0,April,pluto,0.321,0.023,uranus-pluto,1,0.847,0.8949,0.8388,0.8388
oaxaca,Aries,10.0,July,uranus,0.266,0.019,uranus-pluto,1,0.5718,0.8269,0.5494,0.5494
obesity,Sagittarius,250.0,March,pluto,0.293,0.017,pluto-node,1,0.8844,0.9792,0.2478,0.2478
obgyn,Gemini,60.0,January,chiron,0.248,0.011,pluto-chiron,1,0.8096,0.1325,-5.8823,-5.8823
occitanie,Leo,145.0,June,chiron,0.316,0.012,pluto-chiron,1,0.671,0.7985,0.6594,0.6594
occult,Pisces,350.0,August,pluto,0.329,0.043,pluto-chiron,1,0.4976,0.8456,-0.15,-0.15
occupational health,Gemini,65.0,November,chiron,0.249,0.044,pluto-chiron,1,0.5561,0.8495,0.8893,0.8893
ocean city (md),Libra,205.0,July,pluto,0.259,0.034,neptune-pluto,1,0.5712,0.7347,-1.4483,-1.4483
oceania,Capricorn,290.0,April,uranus,0.323,0.022,uranus-pluto,1,0.4822,0.5767,-3.2378,-3.2378
oddly satisfying videos,Gemini,60.0,September,chiron,0.271,0.019,uranus-chiron,1,0.6146,-0.5299,-4.9653,-4.9653
odz,Taurus,45.0,January,pluto,0.243,0.029,uranus-pluto,1,0.7575,-0.2414,-1.5927,-1.5927
offbeat,Capricorn,295.0,December,pluto,0.304,0.018,uranus-pluto,1,0.7439,0.8413,0.8374,0.8374
office,Leo,135.0,January,neptune,0.218,0.013,neptune-chiron,1,0.7502,0.7074,-1.2972,-1.2972
office chairs,Aries,5.0,June,pluto,0.237,0.037,uranus-pluto,1,0.4815,0.9329,0.7045,0.7045
office furniture,Aries,0.0,June,pluto,0.233,0.033,uranus-pluto,1,0.6739,0.8979,0.7865,0.7865
office services,Taurus,55.0,May,uranus,0.248,0.078,uranus-pluto,1,0.5943,0.9618,0.9209,0.9209
office supplies,Gemini,65.0,July,uranus,0.229,0.035,uranus-pluto,1,0.6929,0.2775,-0.7073,-0.7073
ohio,Taurus,40.0,November,chiron,0.19,0.067,uranus-chiron,1,0.7534,0.6568,-18.1005,-18.1005
oil,Capricorn,285.0,June,pluto,0.371,0.019,pluto-chiron,1,0.9158,0.9748,0.9691,0.9691
oil changes,Gemini,80.0,September,uranus,0.372,0.025,uranus-chiron,1,0.2877,0.6792,0.6755,0.6755
oils,Taurus,55.0,March,pluto,0.311,0.011,uranus-pluto,1,0.9293,0.0449,0.0841,0.0841
oita,Aries,0.0,October,neptune,0.239,0.027,neptune-chiron,1,0.2803,-0.5432,-0.1626,-0.1626
okayama,Virgo,160.0,June,pluto,0.279,0.039,uranus-pluto,1,0.3348,0.4421,-1.963,-1.963
okinawa,Leo,120.0,June,pluto,0.363,0.016,pluto-node,1,0.8828,0.8255,0.4905,0.4905
oklahoma,Cancer,105.0,May,pluto,0.35,0.028,pluto-chiron,1,0.4145,0.902,-0.0409,-0.0409
oldies,Aries,0.0,August,pluto,0.305,0.009,neptune-pluto,1,0.8901,0.672,-1.0372,-1.0372
omaha,Pisces,335.0,August,pluto,0.227,0.068,pluto-chiron,1,0.6894,0.9336,0.6728,0.6728
oman,Gemini,65.0,January,neptune,0.226,0.024,neptune-pluto,1,0.4304,0.4089,0.7048,0.7048
online media,Leo,130.0,April,pluto,0.215,0.011,pluto-chiron,1,0.8323,0.8696,0.6723,0.6723
online tools,Taurus,30.0,June,uranus,0.293,0.011,uranus-chiron,1,0.6954,0.1765,0.4473,0.4473
online video,Libra,180.0,September,chiron,0.215,0.027,pluto-chiron,1,0.7306,0.3139,-7.147,-7.147
ontario,Aries,25.0,June,pluto,0.243,0.017,uranus-pluto,1,0.9063,0.8901,0.3054,0.3054
open online courses,Libra,190.0,August,pluto,0.314,0.013,pluto-chiron,1,0.7519,0.9303,0.5718,0.5718
open source,Taurus,55.0,April,chiron,0.26,0.011,pluto-chiron,1,0.766,0.7837,0.9239,0.9239
opera,Gemini,85.0,January,pluto,0.292,0.012,pluto-node,1,0.975,0.9974,0.9808,0.9808
operating systems,Taurus,45.0,December,chiron,0.176,0.026,pluto-chiron,1,0.6837,0.4589,-5.0658,-5.0658
opinion,Pisces,335.0,February,chiron,0.302,0.019,pluto-chiron,1,0.7959,0.7248,0.4736,0.4736
optical devices,Sagittarius,255.0,November,neptune,0.282,0.02,uranus-neptune,1,0.8208,0.9016,0.7403,0.7403
optometry,Scorpio,210.0,May,neptune,0.228,0.039,neptune-pluto,1,0.7154,0.9234,0.8084,0.8084
oral,Libra,190.0,February,pluto,0.286,0.033,pluto-chiron,1,0.873,0.882,-2.8173,-2.8173
orange county (ca),Cancer,115.0,January,chiron,0.323,0.025,uranus-chiron,1,0.385,0.4192,-0.4579,-0.4579
oregon,Taurus,45.0,November,uranus,0.275,0.016,uranus-chiron,1,0.5868,0.7868,-0.0349,-0.0349
organic,Aquarius,320.0,December,uranus,0.398,0.039,uranus-pluto,1,0.9627,0.9722,0.9415,0.9415
organization,Aquarius,305.0,July,pluto,0.287,0.016,pluto-chiron,1,0.8499,0.9297,0.7777,0.7777
organizations,Libra,180.0,February,pluto,0.279,0.013,uranus-pluto,1,0.6259,0.4173,0.5518,0.5518
organized crime,Aquarius,315.0,February,uranus,0.308,0.027,uranus-neptune,1,0.4964,0.0259,-1.2358,-1.2358
orissa,Pisces,355.0,August,pluto,0.249,0.053,neptune-pluto,1,0.6832,0.7396,-43.4338,-43.4338
osaka,Aries,5.0,July,pluto,0.235,0.022,pluto-chiron,1,0.3059,0.8061,-0.587,-0.587
outdoor furniture,Virgo,155.0,May,neptune,0.306,0.022,uranus-neptune,1,0.7874,0.8858,0.9049,0.9049
outdoor toys,Scorpio,220.0,June,neptune,0.251,0.029,neptune-pluto,1,0.743,0.9584,0.7958,0.7958
outdoors,Sagittarius,255.0,December,chiron,0.285,0.036,pluto-chiron,1,0.8805,0.9661,0.9661,0.9661
outerwear,Leo,120.0,December,uranus,0.302,0.023,uranus-pluto,1,0.4315,0.4719,-5.6185,-5.6185
outfit inspiration,Aries,15.0,November,chiron,0.231,0.02,uranus-chiron,1,0.8861,0.9517,0.7972,0.7972
outsourcing,Sagittarius,265.0,February,chiron,0.36,0.05,pluto-chiron,1,0.4755,0.571,0.3651,0.3651
ovens,Capricorn,295.0,December,pluto,0.401,0.054,pluto-node,1,0.7675,0.9172,0.9205,0.9205
overijssel,Virgo,170.0,April,uranus,0.344,0.008,uranus-pluto,1,0.1687,0.0748,-3.675,-3.675
pacific islands,Gemini,65.0,January,chiron,0.253,0.053,uranus-chiron,1,0.3017,0.7758,0.0164,0.0164
pacific northwest,Capricorn,275.0,December,chiron,0.2,0.009,pluto-chiron,1,0.5132,0.3599,0.2569,0.2569
packaging,Libra,190.0,December,pluto,0.326,0.007,uranus-pluto,1,0.91,0.9434,0.82,0.82
pagan,Leo,130.0,January,pluto,0.273,0.014,neptune-pluto,1,0.8624,0.9448,0.9194,0.9194
pain management,Aries,0.0,March,pluto,0.189,0.015,neptune-pluto,1,0.6684,0.6033,0.8552,0.8552
paintball,Virgo,170.0,August,pluto,0.287,0.018,pluto-chiron,1,0.9739,0.9737,0.2456,0.2456
painting,Libra,205.0,June,pluto,0.373,0.013,neptune-pluto,1,0.9087,0.9557,0.9457,0.9457
pakistan,Scorpio,235.0,August,pluto,0.312,0.041,neptune-pluto,1,0.6208,0.8434,0.469,0.469
paleontology,Aries,10.0,March,pluto,0.361,0.013,pluto-chiron,1,0.6935,0.8602,0.7174,0.7174
palermo,Sagittarius,240.0,January,chiron,0.237,0.012,pluto-chiron,1,0.6822,0.4699,0.7806,0.7806
pamukkale,Capricorn,270.0,July,pluto,0.375,0.019,uranus-pluto,1,0.4928,0.4491,-15.0791,-15.0791
panama,Cancer,110.0,August,pluto,0.285,0.01,uranus-pluto,1,0.3333,0.8217,0.1992,0.1992
para,Cancer,105.0,July,pluto,0.357,0.006,uranus-pluto,1,0.9807,0.8334,-2.1754,-2.1754
paraguay,Taurus,50.0,August,pluto,0.28,0.042,uranus-pluto,1,0.1831,0.2368,-3.6157,-3.6157
paraiba,Sagittarius,265.0,May,pluto,0.201,0.012,neptune-pluto,1,0.8102,0.9585,0.0516,0.0516
parana,Cancer,95.0,July,pluto,0.365,0.039,pluto-chiron,1,0.5309,0.9291,-0.6042,-0.6042
paranormal,Virgo,150.0,November,pluto,0.36,0.044,pluto-chiron,1,0.5039,0.7836,-3.1931,-3.1931
parasites,Capricorn,270.0,March,pluto,0.229,0.018,uranus-pluto,1,0.5799,0.7281,0.1266,0.1266
parasitic diseases,Aquarius,320.0,December,pluto,0.29,0.019,neptune-pluto,1,0.7444,0.7085,0.7693,0.7693
paris,Aquarius,315.0,January,pluto,0.306,0.041,uranus-pluto,1,0.7979,0.9456,0.1574,0.1574
parking,Gemini,75.0,June,chiron,0.233,0.02,pluto-chiron,1,0.8647,0.9629,0.8874,0.8874
party,Leo,130.0,September,pluto,0.266,0.031,neptune-pluto,1,0.7686,0.9138,0.3054,0.3054
party games,Scorpio,210.0,December,pluto,0.225,0.083,saturn-pluto,1,0.5704,0.6459,0.2049,0.2049
pasta,Gemini,85.0,December,pluto,0.296,0.03,uranus-pluto,1,0.9355,0.967,0.7783,0.7783
patio,Gemini,85.0,May,pluto,0.313,0.031,pluto-chiron,1,0.6521,0.742,-4.9391,-4.9391
pattaya,Pisces,350.0,March,pluto,0.271,0.039,uranus-pluto,1,0.6113,0.9298,0.0563,0.0563
pays de la loire,Aries,25.0,December,pluto,0.291,0.056,uranus-pluto,1,0.2559,0.5927,0.5319,0.5319
pdas,Aries,25.0,April,uranus,0.27,0.017,uranus-neptune,1,0.362,0.7427,0.186,0.186
pediatrics,Sagittarius,265.0,April,pluto,0.355,0.003,pluto-chiron,1,0.9655,0.975,0.9599,0.9599
pedicures,Aries,20.0,July,chiron,0.294,0.022,pluto-chiron,1,0.6153,0.7734,-0.0831,-0.0831
penang,Virgo,160.0,April,pluto,0.348,0.013,saturn-pluto,1,0.2567,-0.0291,-12.277,-12.277
pennsylvania,Libra,200.0,June,chiron,0.281,0.051,pluto-chiron,1,0.495,0.8936,-0.2547,-0.2547
pensacola,Sagittarius,250.0,July,pluto,0.246,0.038,pluto-chiron,1,0.8823,0.9668,0.6008,0.6008
pension,Taurus,35.0,June,uranus,0.297,0.038,uranus-chiron,1,0.9368,0.9785,0.9731,0.9731
people,Cancer,110.0,July,pluto,0.257,0.031,neptune-pluto,1,0.8716,0.9861,0.5638,0.5638
people search,Aries,20.0,April,pluto,0.239,0.013,pluto-chiron,1,0.8808,0.9645,0.9334,0.9334
percussion,Capricorn,280.0,February,pluto,0.27,0.009,pluto-node,1,0.9121,0.9868,0.9543,0.9543
performing arts,Leo,120.0,June,pluto,0.363,0.021,neptune-pluto,1,0.7068,0.9799,0.4782,0.4782
perfumes,Capricorn,285.0,November,pluto,0.282,0.025,uranus-pluto,1,0.9715,0.9782,0.9635,0.9635
pernambuco,Aries,20.0,June,chiron,0.242,0.018,pluto-chiron,1,0.5752,0.7796,-0.7071,-0.7071
personal training,Aries,0.0,March,pluto,0.203,0.036,pluto-chiron,1,0.8856,0.9733,0.9718,0.9718
personals,Leo,140.0,January,pluto,0.257,0.033,pluto-chiron,1,0.7414,0.8166,-1.9738,-1.9738
perth,Leo,145.0,January,chiron,0.311,0.025,neptune-chiron,1,0.717,0.9721,0.6464,0.6464
peru,Leo,130.0,July,pluto,0.305,0.049,pluto-chiron,1,0.5744,0.7881,0.3965,0.3965
pest control,Taurus,35.0,July,uranus,0.28,0.011,uranus-chiron,1,0.3126,0.7447,-0.3263,-0.3263
pet food,Aquarius,305.0,June,uranus,0.337,0.005,uranus-chiron,1,0.6604,0.8492,-0.0119,-0.0119
pet names,Taurus,30.0,May,pluto,0.345,0.051,pluto-chiron,1,0.4041,0.5356,-0.3828,-0.3828
pets,Scorpio,230.0,August,uranus,0.209,0.028,uranus-pluto,1,0.404,0.8593,0.6985,0.6985
peugeot,Aquarius,310.0,April,pluto,0.322,0.004,neptune-pluto,1,0.8058,0.9693,0.8695,0.8695
pharmaceuticals,Leo,120.0,April,pluto,0.301,0.021,pluto-chiron,1,0.7388,0.9442,0.6246,0.6246
pharmacy,Leo,125.0,June,uranus,0.279,0.024,uranus-pluto,1,0.9598,0.9753,0.9719,0.9719
philadelphia,Cancer,95.0,November,chiron,0.235,0.012,neptune-chiron,1,0.9454,0.9665,0.8581,0.8581
philippines,Capricorn,270.0,July,uranus,0.209,0.02,uranus-pluto,1,0.6024,-0.3105,0.1119,0.1119
philosophy,Scorpio,220.0,January,pluto,0.292,0.023,pluto-node,1,0.6093,0.4482,0.7661,0.7661
phoenix,Gemini,60.0,March,chiron,0.249,0.033,saturn-chiron,1,0.658,0.9733,0.8879,0.8879
photo,Cancer,105.0,June,pluto,0.251,0.011,pluto-chiron,1,0.9804,0.9932,0.948,0.948
photo software,Gemini,70.0,April,pluto,0.262,0.007,pluto-chiron,1,0.858,0.8126,-2.5056,-2.5056
photographic,Sagittarius,265.0,January,pluto,0.205,0.013,neptune-pluto,1,0.9081,0.9841,0.9459,0.9459
phuket,Capricorn,295.0,January,chiron,0.267,0.01,neptune-chiron,1,0.7598,0.9055,-0.98,-0.98
physical therapy,Aries,5.0,March,uranus,0.276,0.049,uranus-chiron,1,0.2121,0.6054,-33.1138,-33.1138
physics,Capricorn,290.0,February,uranus,0.232,0.005,uranus-pluto,1,0.9684,0.9825,0.93,0.93
pianos,Libra,195.0,January,pluto,0.246,0.024,pluto-chiron,1,0.9301,0.9928,0.9572,0.9572
piaui,Pisces,350.0,September,pluto,0.341,0.031,uranus-pluto,1,0.4075,0.6827,-0.1256,-0.1256
picardy,Pisces,350.0,March,chiron,0.3,0.004,saturn-chiron,1,0.3855,0.88,0.1012,0.1012
pickup trucks,Libra,190.0,November,pluto,0.355,0.022,uranus-pluto,1,0.3588,0.6434,-3.2528,-3.2528
piedmont,Libra,195.0,February,pluto,0.258,0.036,pluto-chiron,1,0.944,0.9475,-0.4575,-0.4575
pigments,Cancer,100.0,January,pluto,0.342,0.005,uranus-pluto,1,0.7,0.7482,0.7636,0.7636
pilates,Leo,120.0,April,pluto,0.297,0.006,uranus-pluto,1,0.8094,0.831,0.6028,0.6028
pittsburgh,Libra,195.0,January,pluto,0.259,0.03,uranus-pluto,1,0.8387,0.9755,0.8483,0.8483
pizzerias,Sagittarius,265.0,June,uranus,0.23,0.049,uranus-pluto,1,0.5591,-1.4596,-8.9468,-8.9468
planning,Cancer,115.0,December,pluto,0.287,0.002,uranus-pluto,1,0.9533,0.97,0.9709,0.9709
plastics,Pisces,350.0,August,pluto,0.269,0.04,uranus-pluto,1,0.4605,0.7586,-0.1909,-0.1909
platform games,Virgo,175.0,April,uranus,0.258,0.029,uranus-pluto,1,0.5867,-0.4703,-0.5737,-0.5737
playroom,Taurus,55.0,November,pluto,0.352,0.021,pluto-chiron,1,0.7038,0.9094,0.7894,0.7894
plumbing,Aries,10.0,March,pluto,0.361,0.023,uranus-pluto,1,0.8762,0.8622,0.9631,0.9631
podcasts,Taurus,55.0,May,uranus,0.243,0.009,uranus-chiron,1,0.9724,0.956,0.9174,0.9174
poetry,Sagittarius,260.0,January,pluto,0.365,0.023,uranus-pluto,1,0.6778,0.4709,0.5386,0.5386
poisoning,Taurus,50.0,April,pluto,0.344,0.027,pluto-chiron,1,0.563,0.5523,-1.4566,-1.4566
poland,Libra,200.0,September,chiron,0.228,0.043,neptune-chiron,1,0.5456,0.6212,-0.9318,-0.9318
polar regions,Cancer,95.0,October,neptune,0.244,0.013,neptune-pluto,1,0.5083,0.9154,0.4643,0.4643
policy,Aries,10.0,April,pluto,0.27,0.036,pluto-chiron,1,0.8807,0.9733,0.9785,0.9785
political science,Aries,10.0,December,uranus,0.245,0.018,uranus-pluto,1,0.9549,0.9609,0.9645,0.9645
politics,Taurus,35.0,February,pluto,0.256,0.025,neptune-pluto,1,0.6387,0.7593,0.7849,0.7849
politics (left),Scorpio,220.0,June,chiron,0.333,0.022,neptune-chiron,1,0.5759,0.8769,0.9167,0.9167
politics (right),Virgo,165.0,October,uranus,0.226,0.06,uranus-pluto,1,0.2193,-0.6001,-0.519,-0.519
polymers,Libra,200.0,February,uranus,0.255,0.022,uranus-chiron,1,0.7257,0.7701,-10.6806,-10.6806
polynesia,Aquarius,315.0,July,pluto,0.227,0.037,pluto-chiron,1,0.6195,0.8914,0.2192,0.2192
pontiac,Scorpio,225.0,April,pluto,0.295,0.017,pluto-chiron,1,0.9788,0.9904,0.7811,0.7811
pop music,Scorpio,235.0,March,pluto,0.233,0.011,pluto-node,1,0.86,0.9782,0.9249,0.9249
pork,Aries,15.0,June,chiron,0.337,0.02,pluto-chiron,1,0.5701,-1.5839,-29.5957,-29.5957
porsche,Gemini,60.0,May,pluto,0.242,0.014,pluto-chiron,1,0.7488,0.9677,0.5794,0.5794
portfolio management,Leo,140.0,April,pluto,0.449,0.021,pluto-chiron,1,0.8521,0.9404,0.8332,0.8332
portfolios,Gemini,80.0,December,chiron,0.228,0.029,saturn-chiron,1,0.3715,0.2567,0.5946,0.5946
portland (or),Leo,130.0,July,uranus,0.227,0.028,uranus-chiron,1,0.7369,0.9724,0.8158,0.8158
porto,Taurus,55.0,April,pluto,0.215,0.026,uranus-pluto,1,0.5675,0.4327,0.0086,0.0086
porto alegre,Gemini,65.0,July,pluto,0.231,0.028,neptune-pluto,1,0.8537,0.9664,0.2511,0.2511
portugal,Pisces,335.0,June,pluto,0.351,0.011,uranus-pluto,1,0.2551,0.2972,-0.1659,-0.1659
pottery,Capricorn,275.0,January,pluto,0.315,0.025,pluto-chiron,1,0.5405,0.5556,0.8585,0.8585
potty training,Aries,10.0,June,pluto,0.28,0.014,neptune-pluto,1,0.8155,0.7278,0.4875,0.4875
poultry,Aquarius,325.0,December,pluto,0.283,0.021,uranus-pluto,1,0.9707,0.9806,0.7765,0.7765
poverty,Capricorn,275.0,January,pluto,0.237,0.03,neptune-pluto,1,0.7098,0.7161,-0.7748,-0.7748
power supplies,Capricorn,295.0,December,neptune,0.305,0.016,uranus-neptune,1,0.5372,0.2454,-4.1264,-4.1264
power tools,Gemini,75.0,December,pluto,0.292,0.018,pluto-chiron,1,0.6105,0.0779,-0.0659,-0.0659
prague,Capricorn,280.0,July,pluto,0.293,0.023,pluto-chiron,1,0.8423,0.9768,0.677,0.677
prank videos,Gemini,75.0,November,chiron,0.251,0.025,pluto-chiron,1,0.7612,0.8821,-7.6552,-7.6552
precious metals,Aries,10.0,February,chiron,0.304,0.02,uranus-chiron,1,0.5943,0.2217,0.7005,0.7005
pregnancy,Gemini,85.0,May,pluto,0.267,0.031,uranus-pluto,1,0.9636,0.9847,0.9373,0.9373
preschool,Taurus,45.0,December,pluto,0.194,0.021,pluto-node,1,0.8801,0.9615,0.5804,0.5804
presentation software,Virgo,155.0,December,pluto,0.256,0.013,pluto-chiron,1,0.6774,0.6629,-2.6897,-2.6897
presentations,Aries,0.0,January,pluto,0.212,0.004,neptune-pluto,1,0.8403,0.9631,0.7626,0.7626
preserves,Capricorn,270.0,July,pluto,0.366,0.033,uranus-pluto,1,0.5721,0.7787,0.5015,0.5015
previews,Pisces,345.0,January,pluto,0.289,0.008,pluto-chiron,1,0.9709,0.9836,-0.2148,-0.2148
primary,Sagittarius,265.0,December,uranus,0.284,0.036,uranus-pluto,1,0.9281,0.9656,0.944,0.944
prince edward island,Virgo,170.0,April,pluto,0.256,0.026,uranus-pluto,1,0.4468,0.5873,-1.073,-1.073
printers,Gemini,85.0,March,pluto,0.217,0.007,pluto-chiron,1,0.8066,0.173,-6.7113,-6.7113
printing,Capricorn,285.0,December,pluto,0.248,0.013,uranus-pluto,1,0.9072,0.833,0.7846,0.7846
prisons,Gemini,70.0,March,neptune,0.18,0.012,neptune-chiron,1,0.8786,0.9765,0.7727,0.7727
processors,Sagittarius,255.0,January,pluto,0.294,0.032,saturn-pluto,1,0.6052,0.7962,0.59,0.59
procurement,Cancer,115.0,April,pluto,0.272,0.029,neptune-pluto,1,0.8956,0.9339,0.9619,0.9619
product design,Gemini,65.0,April,pluto,0.341,0.012,neptune-pluto,1,0.8503,0.9045,0.8829,0.8829
product reviews,Aries,0.0,April,pluto,0.246,0.035,pluto-chiron,1,0.6033,0.8925,-1.2368,-1.2368
productivity software,Scorpio,225.0,November,pluto,0.324,0.018,uranus-pluto,1,0.5531,0.7843,0.9192,0.9192
professional,Leo,135.0,December,pluto,0.233,0.017,uranus-pluto,1,0.6201,0.6915,-2.4119,-2.4119
professional wrestling,Libra,200.0,January,chiron,0.287,0.003,pluto-chiron,1,0.8938,0.9506,-4.132,-4.132
programming,Gemini,80.0,December,pluto,0.258,0.023,pluto-chiron,1,0.8699,0.8434,0.9001,0.9001
programs,Libra,180.0,January,pluto,0.327,0.017,uranus-pluto,1,0.6862,0.8134,0.7076,0.7076
progressive,Gemini,60.0,July,pluto,0.273,0.022,pluto-node,1,0.9182,0.983,0.8724,0.8724
project management,Virgo,170.0,December,pluto,0.252,0.023,uranus-pluto,1,0.8803,0.8677,0.9273,0.9273
project management software,Libra,180.0,December,uranus,0.247,0.041,uranus-pluto,1,0.7999,0.8682,0.7941,0.7941
projectors,Libra,200.0,July,pluto,0.3,0.026,pluto-chiron,1,0.6097,0.9369,0.5302,0.5302
property management,Gemini,80.0,February,pluto,0.354,0.053,neptune-pluto,1,0.6224,0.2044,-0.1694,-0.1694
protection,Leo,135.0,September,chiron,0.293,0.038,uranus-chiron,1,0.4011,-0.2409,0.3712,0.3712
protocols,Virgo,175.0,April,chiron,0.233,0.029,pluto-chiron,1,0.6612,-0.374,0.3197,0.3197
providence,Gemini,65.0,January,uranus,0.231,0.034,uranus-chiron,1,0.8867,0.9373,0.9064,0.9064
psychology,Virgo,155.0,December,pluto,0.304,0.019,uranus-pluto,1,0.9498,0.9876,0.9681,0.9681
public finance,Libra,205.0,April,pluto,0.397,0.003,uranus-pluto,1,0.837,0.8171,0.8864,0.8864
public health,Scorpio,235.0,December,chiron,0.267,0.014,pluto-chiron,1,0.7642,0.8794,0.8186,0.8186
public policy,Libra,190.0,April,pluto,0.328,0.029,pluto-chiron,1,0.7632,0.7461,0.7438,0.7438
public records,Libra,180.0,May,chiron,0.226,0.018,uranus-chiron,1,0.5022,0.328,-17.78,-17.78
public relations,Cancer,100.0,March,saturn,0.188,0.026,saturn-pluto,1,0.5973,0.7733,0.0511,0.0511
public safety,Aquarius,305.0,February,neptune,0.265,0.01,neptune-pluto,1,0.6242,0.9281,-0.4535,-0.4535
public speaking,Sagittarius,250.0,December,uranus,0.222,0.012,uranus-pluto,1,0.6892,0.4206,-1.7272,-1.7272
publications,Cancer,105.0,June,pluto,0.382,0.022,uranus-pluto,1,0.9162,0.9345,0.8949,0.8949
publishing,Pisces,330.0,April,pluto,0.336,0.027,pluto-node,1,0.8072,0.7617,0.9508,0.9508
puebla,Aquarius,305.0,July,pluto,0.206,0.031,uranus-pluto,1,0.622,0.5112,0.8325,0.8325
puerto rico,Libra,190.0,September,pluto,0.313,0.015,saturn-pluto,1,0.9248,0.9416,0.7134,0.7134
puerto vallarta,Pisces,340.0,May,pluto,0.288,0.086,uranus-pluto,1,0.7519,0.894,-0.5003,-0.5003
puglia,Pisces,345.0,August,chiron,0.302,0.022,neptune-chiron,1,0.7342,0.8782,0.8457,0.8457
pune,Gemini,80.0,May,pluto,0.285,0.032,uranus-pluto,1,0.9401,0.9855,0.974,0.974
punjab (india),Libra,185.0,May,pluto,0.338,0.051,neptune-pluto,1,0.6559,0.8684,-0.4662,-0.4662
punk (music),Aries,15.0,July,chiron,0.205,0.063,pluto-chiron,1,0.8054,0.974,0.4386,0.4386
puppets,Aries,0.0,July,pluto,0.291,0.016,uranus-pluto,1,0.9617,0.8395,0.8713,0.8713
purses,Libra,180.0,July,pluto,0.227,0.036,pluto-chiron,1,0.2868,-0.0152,-8.7117,-8.7117
puzzles,Taurus,50.0,December,pluto,0.302,0.016,uranus-pluto,1,0.8615,0.9066,0.7523,0.7523
quality control,Leo,135.0,December,pluto,0.252,0.055,pluto-chiron,1,0.3412,-23.9592,-314.9446,-314.9446
quebec,Pisces,340.0,January,chiron,0.237,0.019,pluto-chiron,1,0.8827,0.9859,0.9472,0.9472
quebec city,Capricorn,295.0,August,chiron,0.312,0.01,pluto-chiron,1,0.5321,0.8216,0.253,0.253
queensland,Aquarius,320.0,February,neptune,0.241,0.025,neptune-chiron,1,0.3844,0.6532,-2.1317,-2.1317
quick tips,Aries,25.0,March,chiron,0.281,0.05,pluto-chiron,1,0.5794,0.7001,0.7187,0.7187
quintana roo,Gemini,60.0,July,pluto,0.307,0.057,pluto-chiron,1,0.5858,0.922,0.5412,0.5412
quito,Sagittarius,265.0,December,chiron,0.271,0.041,uranus-chiron,1,0.4863,0.5553,-4.0839,-4.0839
quotations,Gemini,65.0,December,uranus,0.223,0.027,uranus-pluto,1,0.8973,0.9541,0.9194,0.9194
r,Capricorn,290.0,January,saturn,0.244,0.016,saturn-pluto,1,0.7587,0.6596,-0.449,-0.449
rabbits,Sagittarius,265.0,February,pluto,0.318,0.019,uranus-pluto,1,0.9683,0.9911,0.9085,0.9085
racing games,Cancer,110.0,July,pluto,0.329,0.019,neptune-pluto,1,0.8696,0.9769,0.8971,0.8971
racketball,Sagittarius,240.0,February,pluto,0.31,0.049,neptune-pluto,1,0.4836,0.8376,0.3553,0.3553
radio,Leo,135.0,April,pluto,0.217,0.027,neptune-pluto,1,0.8713,0.9313,0.7327,0.7327
radio control,Cancer,95.0,January,chiron,0.246,0.024,uranus-chiron,1,0.8935,0.9787,0.9501,0.9501
rail,Capricorn,290.0,June,pluto,0.324,0.013,pluto-chiron,1,0.8009,0.6414,0.9013,0.9013
rail freight,Leo,140.0,November,pluto,0.295,0.028,neptune-pluto,1,0.2108,0.66,0.4778,0.4778
railroads,Virgo,170.0,January,chiron,0.248,0.019,uranus-chiron,1,0.8093,0.2902,-1.706,-1.706
rajasthan,Cancer,105.0,June,uranus,0.237,0.006,uranus-pluto,1,0.9234,0.9823,0.8817,0.8817
ram trucks,Libra,195.0,January,uranus,0.207,0.021,uranus-neptune,1,0.5722,0.9471,0.8635,0.8635
ranches,Cancer,90.0,December,uranus,0.279,0.036,uranus-chiron,1,0.222,0.7085,0.6729,0.6729
ranges,Capricorn,295.0,March,pluto,0.34,0.044,uranus-pluto,1,0.6768,0.9048,0.0026,0.0026
rap,Leo,130.0,December,pluto,0.344,0.013,pluto-chiron,1,0.9204,0.9896,0.9102,0.9102
razors,Virgo,170.0,March,pluto,0.323,0.021,saturn-pluto,1,0.9694,0.9794,0.9359,0.9359
rc aircraft,Scorpio,225.0,January,pluto,0.339,0.011,pluto-chiron,1,0.911,0.9896,0.3862,0.3862
real estate,Pisces,355.0,March,chiron,0.251,0.034,pluto-chiron,1,0.7468,0.7483,0.9244,0.9244
real estate law,Taurus,40.0,March,uranus,0.246,0.085,uranus-neptune,1,0.5041,0.9351,0.8898,0.8898
real estate title,Aries,15.0,November,uranus,0.282,0.03,uranus-pluto,1,0.8384,0.9352,0.8946,0.8946
recife,Taurus,35.0,July,chiron,0.25,0.015,pluto-chiron,1,0.5137,0.9823,-1.1276,-1.1276
recipe videos,Leo,140.0,June,pluto,0.303,0.015,pluto-chiron,1,0.9081,0.9367,0.8243,0.8243
recipes,Capricorn,285.0,June,chiron,0.282,0.01,pluto-chiron,1,0.933,0.9709,0.6996,0.6996
record labels,Scorpio,210.0,January,chiron,0.29,0.022,pluto-chiron,1,0.2262,-2.0118,-0.5598,-0.5598
recorders,Gemini,80.0,April,neptune,0.212,0.018,neptune-chiron,1,0.6909,0.974,0.5367,0.5367
recovery,Virgo,175.0,August,pluto,0.316,0.034,pluto-chiron,1,0.3563,-5.4493,-15.7822,-15.7822
recruitment,Pisces,330.0,October,pluto,0.234,0.017,uranus-pluto,1,0.8839,0.9334,0.4638,0.4638
recycling,Gemini,65.0,March,pluto,0.305,0.015,uranus-pluto,1,0.7963,0.9708,0.8772,0.8772
reference,Gemini,75.0,April,pluto,0.277,0.029,neptune-pluto,1,0.9181,0.9599,0.9577,0.9577
refrigerators,Capricorn,290.0,July,pluto,0.311,0.036,uranus-pluto,1,0.7859,0.6291,-3.8626,-3.8626
reggae,Gemini,80.0,September,pluto,0.248,0.018,pluto-chiron,1,0.84,0.9639,0.711,0.711
reggaeton,Cancer,115.0,September,pluto,0.308,0.008,pluto-node,1,0.8885,0.9782,0.9256,0.9256
regional planning,Virgo,160.0,June,uranus,0.272,0.026,uranus-pluto,1,0.7933,0.9371,0.8046,0.8046
registration,Cancer,100.0,June,chiron,0.217,0.03,uranus-chiron,1,0.9497,0.9497,0.9663,0.9663
relationships,Libra,185.0,December,pluto,0.322,0.015,uranus-pluto,1,0.7497,0.7814,0.2542,0.2542
religion,Cancer,100.0,July,pluto,0.281,0.015,pluto-chiron,1,0.9649,0.9985,0.9727,0.9727
religious music,Sagittarius,250.0,January,pluto,0.206,0.028,pluto-node,1,0.8364,0.9357,0.4796,0.4796
relocation,Cancer,115.0,April,pluto,0.322,0.024,uranus-pluto,1,0.5247,0.3731,-1.7513,-1.7513
remote access,Taurus,35.0,March,pluto,0.208,0.008,uranus-pluto,1,0.681,-0.5123,-0.1343,-0.1343
renault,Scorpio,230.0,January,pluto,0.349,0.026,neptune-pluto,1,0.7754,0.9702,0.9398,0.9398
renewable,Capricorn,285.0,March,pluto,0.258,0.024,pluto-chiron,1,0.7908,0.7114,0.5637,0.5637
rennes,Taurus,45.0,February,uranus,0.248,0.043,uranus-pluto,1,0.2837,0.3646,-0.6828,-0.6828
repair,Scorpio,230.0,June,pluto,0.326,0.009,pluto-chiron,1,0.8697,0.9041,0.7302,0.7302
replacement,Virgo,160.0,June,pluto,0.289,0.012,uranus-pluto,1,0.9575,0.9794,0.9521,0.9521
repossession,Leo,135.0,October,pluto,0.215,0.054,pluto-chiron,1,0.3722,0.4863,0.7623,0.7623
reproductive health,Sagittarius,245.0,May,pluto,0.328,0.009,pluto-chiron,1,0.9122,0.9175,0.9082,0.9082
reptiles,Virgo,155.0,June,pluto,0.355,0.015,uranus-pluto,1,0.4796,0.4826,-0.7624,-0.7624
resale,Taurus,30.0,June,pluto,0.243,0.021,uranus-pluto,1,0.9769,0.9862,0.9873,0.9873
reservations,Leo,130.0,March,pluto,0.29,0.02,saturn-pluto,1,0.938,0.9966,0.8773,0.8773
resources,Aquarius,320.0,December,uranus,0.268,0.03,uranus-neptune,1,0.9444,0.9512,0.9457,0.9457
restaurants,Aries,15.0,June,pluto,0.241,0.025,uranus-pluto,1,0.9541,0.9633,0.9175,0.9175
resumes,Leo,120.0,May,uranus,0.25,0.053,uranus-pluto,1,0.4012,0.7364,0.1251,0.1251
retail jobs,Virgo,150.0,June,pluto,0.232,0.015,pluto-chiron,1,0.5721,0.9672,0.8944,0.8944
retail trade,Gemini,70.0,November,pluto,0.31,0.023,uranus-pluto,1,0.6057,0.8854,0.8428,0.8428
retailers,Scorpio,235.0,December,pluto,0.435,0.034,neptune-pluto,1,0.7852,0.9437,0.5906,0.5906
retirement,Gemini,70.0,April,chiron,0.232,0.049,pluto-chiron,1,0.4891,0.6824,0.8651,0.8651
reunion,Gemini,60.0,March,chiron,0.327,0.037,pluto-chiron,1,0.6984,0.9798,0.8809,0.8809
reunions,Taurus,30.0,October,chiron,0.215,0.05,neptune-chiron,1,0.4275,0.8358,-2.2434,-2.2434
reviews,Aquarius,315.0,June,pluto,0.375,0.031,saturn-pluto,1,0.9002,0.9066,-3.1836,-3.1836
rhode island,Virgo,165.0,June,pluto,0.26,0.01,pluto-chiron,1,0.889,0.9424,0.5308,0.5308
rings,Libra,200.0,January,uranus,0.259,0.02,uranus-chiron,1,0.451,0.8449,-1.0498,-1.0498
ringtones,Gemini,85.0,November,uranus,0.276,0.02,uranus-pluto,1,0.9076,0.9854,0.3485,0.3485
rio de janeiro,Sagittarius,240.0,January,saturn,0.217,0.024,saturn-chiron,1,0.8453,0.9947,0.9246,0.9246
rio grande do norte,Cancer,115.0,April,uranus,0.301,0.023,uranus-chiron,1,0.3953,0.4593,-1.9334,-1.9334
risk management,Gemini,85.0,April,pluto,0.389,0.028,pluto-chiron,1,0.8545,0.9411,0.7555,0.7555
rivers,Libra,185.0,November,chiron,0.276,0.035,pluto-chiron,1,0.7011,0.7849,-4.2772,-4.2772
riviera maya,Pisces,350.0,April,pluto,0.259,0.067,uranus-pluto,1,0.688,0.6885,-1.5744,-1.5744
riyadh,Libra,195.0,November,uranus,0.307,0.048,uranus-pluto,1,0.3743,0.3509,-0.184,-0.184
road bikes,Libra,200.0,July,pluto,0.333,0.015,neptune-pluto,1,0.8647,0.9691,0.694,0.694
robotics,Aquarius,315.0,February,pluto,0.323,0.044,uranus-pluto,1,0.7249,0.931,0.6051,0.6051
rock music,Cancer,95.0,July,pluto,0.228,0.033,pluto-node,1,0.9204,0.978,0.9384,0.9384
rocky mountains,Libra,185.0,March,chiron,0.219,0.021,neptune-chiron,1,0.7908,0.9815,0.4893,0.4893
rodents,Libra,180.0,February,chiron,0.234,0.042,pluto-chiron,1,0.7191,0.3894,-7.8868,-7.8868
roleplaying games,Cancer,115.0,June,pluto,0.281,0.022,pluto-chiron,1,0.4334,0.507,0.6366,0.6366
roller skating,Taurus,50.0,April,pluto,0.28,0.028,neptune-pluto,1,0.5058,0.7938,0.9293,0.9293
rollerblading,Leo,135.0,July,chiron,0.266,0.014,pluto-chiron,1,0.9672,0.9685,-0.2864,-0.2864
rolls-royce,Pisces,350.0,June,chiron,0.222,0.007,pluto-chiron,1,0.945,0.927,0.8545,0.8545
romance,Scorpio,235.0,January,chiron,0.305,0.019,pluto-chiron,1,0.4658,-0.1557,-2.0473,-2.0473
romance books,Virgo,150.0,June,pluto,0.284,0.015,uranus-pluto,1,0.9527,0.9903,0.9276,0.9276
romance films,Aries,10.0,September,pluto,0.254,0.019,pluto-chiron,1,0.8714,0.8108,0.7301,0.7301
romania,Aquarius,320.0,May,pluto,0.411,0.004,uranus-pluto,1,0.7276,0.9793,0.6685,0.6685
rome,Gemini,75.0,July,pluto,0.152,0.063,neptune-pluto,1,0.8914,0.9762,0.2139,0.2139
rondonia,Leo,145.0,April,neptune,0.179,0.046,saturn-neptune,1,0.7535,0.9867,0.7377,0.7377
roofing,Cancer,115.0,June,pluto,0.423,0.064,uranus-pluto,1,0.8003,0.6,0.8713,0.8713
roommates,Cancer,95.0,April,pluto,0.278,0.01,uranus-pluto,1,0.4484,-0.3873,0.0923,0.0923
rotterdam,Libra,185.0,January,pluto,0.265,0.021,pluto-chiron,1,0.9555,0.9778,0.5155,0.5155
royalty,Scorpio,215.0,June,pluto,0.229,0.041,pluto-chiron,1,0.9636,0.9658,0.9808,0.9808
rugby,Virgo,165.0,September,pluto,0.239,0.024,pluto-chiron,1,0.8123,0.9701,0.6634,0.6634
rugs,Cancer,110.0,November,pluto,0.218,0.04,pluto-chiron,1,0.6966,0.3331,-2.5944,-2.5944
running,Aquarius,305.0,July,pluto,0.202,0.018,pluto-node,1,0.7408,0.8416,0.8296,0.8296
russia,Leo,135.0,June,pluto,0.259,0.045,uranus-pluto,1,0.325,0.4226,-10.8275,-10.8275
rwanda,Scorpio,235.0,April,pluto,0.347,0.018,uranus-pluto,1,0.6771,0.6254,0.7056,0.7056
saab,Aquarius,305.0,March,chiron,0.254,0.028,uranus-chiron,1,0.4104,0.0428,-1.7089,-1.7089
saarland,Pisces,345.0,March,pluto,0.318,0.011,uranus-pluto,1,0.8728,0.9353,0.6011,0.6011
safety,Gemini,60.0,September,pluto,0.255,0.039,pluto-chiron,1,0.8402,0.9184,-0.0454,-0.0454
saga,Taurus,40.0,July,node,0.195,0.037,pluto-node,1,0.9044,0.9614,0.8642,0.8642
saint lucia,Libra,180.0,January,uranus,0.308,0.03,uranus-pluto,1,0.4299,0.193,-1.8541,-1.8541
saint petersburg,Cancer,95.0,June,uranus,0.238,0.029,uranus-pluto,1,0.3985,0.5338,-5.9654,-5.9654
saint vincent,Scorpio,235.0,January,neptune,0.223,0.033,neptune-node,1,0.7352,0.9611,0.8443,0.8443
saitama,Scorpio,220.0,May,uranus,0.253,0.015,uranus-pluto,1,0.7705,0.9424,0.7814,0.7814
salads,Aquarius,300.0,August,pluto,0.314,0.036,pluto-chiron,1,0.4834,0.6605,-0.1574,-0.1574
salerno,Sagittarius,240.0,March,pluto,0.293,0.019,pluto-chiron,1,0.9419,0.9825,0.2538,0.2538
sales,Capricorn,275.0,December,pluto,0.259,0.019,uranus-pluto,1,0.859,0.9182,0.87,0.87
salsa,Leo,135.0,August,pluto,0.235,0.018,pluto-node,1,0.9354,0.9607,0.9205,0.9205
salt lake city,Leo,120.0,April,pluto,0.219,0.023,neptune-pluto,1,0.7314,0.9217,0.1983,0.1983
salvador,Scorpio,230.0,July,pluto,0.252,0.042,uranus-pluto,1,0.5363,0.8555,0.7842,0.7842
salzburg,Cancer,110.0,October,chiron,0.266,0.014,uranus-chiron,1,0.2069,-0.0564,-0.1242,-0.1242
samples,Aries,20.0,April,neptune,0.216,0.017,neptune-pluto,1,0.7153,0.936,0.0005,0.0005
san antonio,Cancer,110.0,May,pluto,0.346,0.03,neptune-pluto,1,0.5458,0.9467,0.3908,0.3908
san diego,Gemini,60.0,July,pluto,0.377,0.003,uranus-pluto,1,0.8285,0.953,-0.0314,-0.0314
san francisco bay area,Capricorn,285.0,February,uranus,0.265,0.016,uranus-chiron,1,0.2898,0.4921,-0.2058,-0.2058
san joaquin valley,Aquarius,300.0,December,chiron,0.232,0.038,pluto-chiron,1,0.8325,0.932,0.5309,0.5309
san marino,Pisces,345.0,September,uranus,0.326,0.054,uranus-pluto,1,0.272,0.6515,-0.0869,-0.0869
santa catarina,Virgo,175.0,December,chiron,0.34,0.044,pluto-chiron,1,0.2129,-0.9909,-1.7512,-1.7512
santiago,Aries,15.0,August,pluto,0.247,0.03,pluto-node,1,0.9332,0.99,0.5618,0.5618
sao paulo,Pisces,330.0,July,pluto,0.323,0.035,pluto-chiron,1,0.5333,0.1876,-1.7237,-1.7237
sapporo,Capricorn,280.0,February,uranus,0.354,0.056,uranus-pluto,1,0.28,-0.0196,-2.9824,-2.9824
sardinia,Pisces,335.0,June,pluto,0.339,0.048,pluto-chiron,1,0.5237,0.687,-30.9117,-30.9117
saskatchewan,Cancer,100.0,October,chiron,0.307,0.035,uranus-chiron,1,0.9046,0.9311,0.9519,0.9519
satire,Pisces,335.0,February,chiron,0.297,0.025,pluto-chiron,1,0.6698,0.884,-5.1377,-5.1377
saturn,Leo,120.0,May,pluto,0.33,0.017,pluto-chiron,1,0.6701,0.9665,-0.6461,-0.6461
saudi arabia,Libra,195.0,November,pluto,0.32,0.038,uranus-pluto,1,0.2895,0.3755,-4.648,-4.648
saunas,Scorpio,235.0,January,pluto,0.275,0.017,pluto-chiron,1,0.806,0.8129,-0.1167,-0.1167
savannah,Taurus,40.0,July,chiron,0.223,0.02,pluto-chiron,1,0.7426,0.9426,0.3982,0.3982
savings accounts,Aries,0.0,June,pluto,0.29,0.014,uranus-pluto,1,0.9188,0.9132,0.8753,0.8753
saxony,Gemini,60.0,October,uranus,0.253,0.032,uranus-pluto,1,0.445,0.7299,0.4575,0.4575
scandals,Pisces,330.0,August,pluto,0.28,0.024,uranus-pluto,1,0.9162,0.9484,0.6204,0.6204
scanners,Scorpio,230.0,January,pluto,0.211,0.025,neptune-pluto,1,0.8454,0.9632,0.9162,0.9162
scheduling software,Virgo,150.0,January,pluto,0.322,0.032,uranus-pluto,1,0.3749,0.5891,0.6224,0.6224
schleswig-holstein,Taurus,50.0,August,pluto,0.346,0.067,neptune-pluto,1,0.3606,0.8109,0.451,0.451
school supplies,Scorpio,210.0,August,pluto,0.352,0.02,uranus-pluto,1,0.6619,0.5369,-0.1561,-0.1561
science,Pisces,340.0,December,uranus,0.34,0.018,uranus-pluto,1,0.9265,0.9371,0.9343,0.9343
science fiction,Leo,120.0,October,node,0.218,0.007,pluto-node,1,0.8623,0.7684,-1.9977,-1.9977
science shows,Aries,25.0,December,pluto,0.23,0.028,pluto-node,1,0.508,0.6047,-0.5413,-0.5413
scion,Libra,195.0,July,pluto,0.355,0.021,pluto-chiron,1,0.9091,0.9568,0.4951,0.4951
scooter,Capricorn,270.0,July,chiron,0.261,0.02,pluto-chiron,1,0.9581,0.9776,0.8354,0.8354
scooters,Sagittarius,255.0,July,pluto,0.23,0.012,pluto-chiron,1,0.8919,0.9562,0.2479,0.2479
scotland,Cancer,90.0,September,neptune,0.271,0.01,neptune-pluto,1,0.6495,0.5816,0.1123,0.1123
screens,Virgo,155.0,April,pluto,0.326,0.004,pluto-node,1,0.6006,0.7859,0.8004,0.8004
screws,Virgo,175.0,April,pluto,0.346,0.014,pluto-chiron,1,0.3655,0.7348,-5.3058,-5.3058
scripting languages,Taurus,40.0,March,uranus,0.306,0.014,uranus-chiron,1,0.5265,0.6943,0.2767,0.2767
sculpture,Pisces,335.0,February,pluto,0.351,0.01,uranus-pluto,1,0.4346,0.9139,0.4138,0.4138
seafood,Libra,200.0,December,chiron,0.252,0.013,uranus-chiron,1,0.9318,0.9722,0.8725,0.8725
search engines,Capricorn,270.0,January,pluto,0.289,0.052,uranus-pluto,1,0.4122,0.7137,-3.0675,-3.0675
seat,Taurus,40.0,May,chiron,0.292,0.035,uranus-chiron,1,0.3679,0.5341,0.2977,0.2977
security,Cancer,95.0,January,pluto,0.247,0.023,uranus-pluto,1,0.5342,0.6887,-0.1801,-0.1801
security services,Taurus,50.0,June,uranus,0.243,0.047,uranus-neptune,1,0.7201,0.9338,0.7621,0.7621
security systems,Aries,0.0,July,pluto,0.214,0.029,uranus-pluto,1,0.7784,0.6111,-0.587,-0.587
sedans,Cancer,95.0,April,pluto,0.376,0.016,uranus-pluto,1,0.6274,0.83,0.3903,0.3903
seed,Gemini,65.0,June,pluto,0.321,0.012,pluto-chiron,1,0.9186,0.9479,0.0018,0.0018
self-help,Aries,25.0,June,pluto,0.276,0.016,pluto-chiron,1,0.8738,0.7803,0.8962,0.8962
seniors,Aries,0.0,March,pluto,0.276,0.026,uranus-pluto,1,0.3207,0.5266,0.839,0.839
seoul,Capricorn,295.0,February,pluto,0.279,0.049,pluto-chiron,1,0.3585,0.3888,-0.2774,-0.2774
separation,Capricorn,280.0,February,pluto,0.282,0.048,uranus-pluto,1,0.4842,0.6226,-2.8713,-2.8713
serbia,Scorpio,215.0,June,chiron,0.318,0.055,pluto-chiron,1,0.3113,0.2504,-0.201,-0.201
sergipe,Gemini,70.0,April,uranus,0.295,0.023,uranus-pluto,1,0.286,0.3143,-5.2146,-5.2146
service providers,Taurus,50.0,October,chiron,0.329,0.011,neptune-chiron,1,0.4921,0.8822,0.6863,0.6863
services,Gemini,70.0,May,pluto,0.23,0.034,pluto-chiron,1,0.8965,0.9565,0.9189,0.9189
seville,Capricorn,285.0,February,pluto,0.256,0.014,uranus-pluto,1,0.8324,0.9555,0.9337,0.9337
sex education,Scorpio,235.0,January,neptune,0.287,0.024,neptune-pluto,1,0.4467,0.4433,-0.1319,-0.1319
sexual enhancement,Pisces,345.0,November,uranus,0.258,0.024,uranus-chiron,1,0.8161,0.868,0.7649,0.7649
shakes,Aquarius,305.0,March,chiron,0.205,0.045,pluto-chiron,1,0.7449,0.9167,0.5339,0.5339
shampoos,Taurus,30.0,May,chiron,0.247,0.03,uranus-chiron,1,0.6469,0.1915,-9.8866,-9.8866
shanghai,Cancer,90.0,June,neptune,0.221,0.017,uranus-neptune,1,0.6119,0.8622,0.1402,0.1402
shares,Sagittarius,255.0,December,uranus,0.238,0.009,uranus-pluto,1,0.9445,0.9375,0.95,0.95
shareware,Leo,135.0,March,chiron,0.284,0.045,pluto-chiron,1,0.3563,0.8132,0.1174,0.1174
shavers,Cancer,115.0,July,neptune,0.255,0.016,neptune-pluto,1,0.596,0.6781,0.2528,0.2528
sheet music,Leo,125.0,January,pluto,0.312,0.013,neptune-pluto,1,0.3459,0.7493,-2.5668,-2.5668
sheffield,Leo,130.0,January,chiron,0.377,0.029,uranus-chiron,1,0.6554,0.861,-0.7575,-0.7575
shelving,Pisces,330.0,December,pluto,0.318,0.023,uranus-pluto,1,0.8749,0.6774,0.762,0.762
shiga,Capricorn,295.0,July,pluto,0.3,0.001,pluto-chiron,1,0.7594,0.8207,-2.868,-2.868
shikoku,Scorpio,235.0,February,chiron,0.329,0.044,uranus-chiron,1,0.4488,0.9087,0.1519,0.1519
shipping,Pisces,340.0,March,pluto,0.252,0.018,neptune-pluto,1,0.7895,0.9335,0.8326,0.8326
shirts,Libra,185.0,June,chiron,0.346,0.031,uranus-chiron,1,0.7307,0.9152,0.3585,0.3585
shooter games,Libra,205.0,December,chiron,0.2,0.025,saturn-chiron,1,0.8193,0.2223,-1.1166,-1.1166
shooting,Scorpio,225.0,March,neptune,0.255,0.028,neptune-pluto,1,0.5772,0.8932,0.3535,0.3535
shopping,Sagittarius,255.0,June,pluto,0.242,0.012,pluto-chiron,1,0.9355,0.9667,0.8482,0.8482
shopping hauls,Taurus,30.0,June,chiron,0.256,0.008,pluto-chiron,1,0.4866,0.7663,0.1578,0.1578
shorts,Virgo,175.0,June,pluto,0.266,0.003,pluto-chiron,1,0.9428,0.9212,0.9744,0.9744
show tunes,Virgo,150.0,July,chiron,0.221,0.025,pluto-chiron,1,0.6607,0.6797,-2.6532,-2.6532
sicily,Cancer,90.0,June,pluto,0.276,0.021,uranus-pluto,1,0.6643,0.3729,0.1675,0.1675
signage,Virgo,175.0,April,uranus,0.268,0.004,uranus-pluto,1,0.6804,0.5744,-0.0076,-0.0076
silent films,Sagittarius,265.0,January,chiron,0.235,0.006,pluto-chiron,1,0.8385,0.9901,0.9018,0.9018
silicon valley,Scorpio,210.0,April,chiron,0.298,0.022,neptune-chiron,1,0.6064,0.218,0.1369,0.1369
simulation games,Leo,125.0,July,pluto,0.324,0.019,neptune-pluto,1,0.8584,0.9544,-0.2276,-0.2276
sinaloa,Gemini,65.0,April,pluto,0.237,0.035,pluto-node,1,0.9445,0.9571,0.8067,0.8067
singapore,Gemini,60.0,September,pluto,0.258,0.047,pluto-chiron,1,0.7534,0.825,0.2697,0.2697
skateboarding,Pisces,340.0,August,pluto,0.292,0.015,pluto-chiron,1,0.9858,0.9847,0.6487,0.6487
skeptics,Pisces,340.0,September,chiron,0.293,0.027,pluto-chiron,1,0.8066,0.9902,0.884,0.884
ski resorts,Capricorn,270.0,December,pluto,0.308,0.032,uranus-pluto,1,0.7246,0.7929,0.7747,0.7747
skiing,Scorpio,225.0,January,pluto,0.243,0.052,neptune-pluto,1,0.8025,0.8531,0.0951,0.0951
skin,Leo,120.0,June,pluto,0.368,0.013,pluto-chiron,1,0.8787,0.8881,-1.0901,-1.0901
skin conditions,Pisces,355.0,December,neptune,0.204,0.075,neptune-pluto,1,0.3306,0.8468,0.6839,0.6839
skins,Pisces,330.0,March,chiron,0.223,0.031,saturn-chiron,1,0.7032,0.9522,0.6856,0.6856
skirts,Taurus,50.0,June,chiron,0.246,0.044,pluto-chiron,1,0.9583,0.9676,-0.9487,-0.9487
skoda,Sagittarius,265.0,January,pluto,0.302,0.023,neptune-pluto,1,0.5643,0.2337,-1.144,-1.144
sleep disorders,Aries,20.0,November,chiron,0.283,0.053,neptune-chiron,1,0.3199,0.3443,0.0466,0.0466
sleepwear,Gemini,75.0,June,pluto,0.25,0.04,uranus-pluto,1,0.5014,0.751,-4.0169,-4.0169
small business,Pisces,335.0,December,pluto,0.285,0.005,uranus-pluto,1,0.9465,0.9642,0.9862,0.9862
smart phones,Aquarius,310.0,July,chiron,0.211,0.002,uranus-chiron,1,0.785,0.9057,0.7425,0.7425
smart watches,Gemini,65.0,October,pluto,0.251,0.009,uranus-pluto,1,0.8649,0.9474,-0.4279,-0.4279
smoking,Pisces,335.0,February,pluto,0.291,0.004,uranus-pluto,1,0.9278,0.9676,0.6795,0.6795
smoking cessation,Pisces,355.0,December,uranus,0.364,0.002,uranus-chiron,1,0.2996,0.937,0.1089,0.1089
snack foods,Cancer,110.0,December,neptune,0.257,0.006,neptune-pluto,1,0.6681,0.8878,0.3474,0.3474
snowboarding,Libra,185.0,January,chiron,0.273,0.036,neptune-chiron,1,0.7511,0.7268,-1.7926,-1.7926
snowboarding gear,Libra,195.0,January,pluto,0.329,0.029,pluto-chiron,1,0.3924,0.417,-5.1043,-5.1043
soccer,Libra,200.0,July,chiron,0.239,0.025,pluto-chiron,1,0.9366,0.9362,0.6868,0.6868
soccer equipment,Pisces,345.0,June,chiron,0.265,0.007,uranus-chiron,1,0.6599,0.9013,0.7295,0.7295
social issues,Scorpio,210.0,November,pluto,0.308,0.025,pluto-node,1,0.7816,0.6596,0.6109,0.6109
social media marketing,Pisces,355.0,February,pluto,0.33,0.057,uranus-pluto,1,0.7833,0.7406,0.8923,0.8923
social networks,Capricorn,275.0,December,pluto,0.247,0.034,pluto-chiron,1,0.6964,0.6535,-1.5307,-1.5307
social sciences,Taurus,35.0,October,pluto,0.218,0.046,neptune-pluto,1,0.8725,0.9452,0.9667,0.9667
social services,Pisces,340.0,December,uranus,0.306,0.014,saturn-uranus,1,0.4822,0.6432,0.283,0.283
society,Leo,125.0,April,chiron,0.205,0.024,node-chiron,1,0.826,0.9305,0.516,0.516
socks,Libra,185.0,January,chiron,0.225,0.037,pluto-chiron,1,0.7971,0.6625,0.5391,0.5391
sofas,Libra,205.0,September,pluto,0.346,0.014,pluto-chiron,1,0.6479,0.6774,-8.8094,-8.8094
sofia,Capricorn,275.0,August,chiron,0.242,0.015,pluto-chiron,1,0.8236,0.6724,0.4646,0.4646
soft drinks,Gemini,60.0,May,pluto,0.287,0.014,uranus-pluto,1,0.697,0.897,0.0656,0.0656
software,Gemini,75.0,April,pluto,0.295,0.027,pluto-node,1,0.7644,0.6274,0.7463,0.7463
solar power,Scorpio,230.0,June,uranus,0.266,0.004,uranus-pluto,1,0.3165,0.5518,-0.8216,-0.8216
somalia,Leo,135.0,January,pluto,0.307,0.016,neptune-pluto,1,0.8033,0.8802,0.2561,0.2561
song lyrics,Cancer,115.0,July,pluto,0.274,0.02,pluto-chiron,1,0.8226,0.9157,-0.1224,-0.1224
sony playstation,Scorpio,215.0,December,chiron,0.249,0.026,neptune-chiron,1,0.5322,0.9542,0.3814,0.3814
sororities,Taurus,40.0,August,pluto,0.259,0.016,neptune-pluto,1,0.6668,0.9867,0.7807,0.7807
soul,Aries,10.0,May,chiron,0.156,0.061,node-chiron,1,0.8744,0.9373,0.8866,0.8866
sound,Libra,200.0,April,pluto,0.506,0.033,uranus-pluto,1,0.7157,0.2043,0.301,0.301
soundtracks,Gemini,65.0,August,pluto,0.268,0.017,pluto-node,1,0.9102,0.9852,0.9345,0.9345
soups,Sagittarius,265.0,December,uranus,0.314,0.065,uranus-pluto,1,0.6,0.7511,-0.8991,-0.8991
south africa,Taurus,50.0,May,uranus,0.329,0.037,uranus-pluto,1,0.2039,-0.1274,-0.6003,-0.6003
south america,Taurus,30.0,February,uranus,0.297,0.033,uranus-pluto,1,0.4171,0.6754,-5.9961,-5.9961
south asia,Leo,135.0,June,neptune,0.156,0.094,neptune-chiron,1,0.5736,0.6926,0.3939,0.3939
south australia,Cancer,100.0,November,uranus,0.229,0.05,uranus-chiron,1,0.2141,0.4306,-0.349,-0.349
south dakota,Leo,120.0,May,pluto,0.283,0.034,pluto-chiron,1,0.6461,0.9433,-0.3108,-0.3108
south korea,Virgo,165.0,June,pluto,0.285,0.014,pluto-chiron,1,0.2596,0.4938,-0.9203,-0.9203
south west england,Pisces,355.0,April,chiron,0.308,0.054,neptune-chiron,1,0.2527,0.2697,0.0003,0.0003
southeast asia,Leo,130.0,May,chiron,0.219,0.007,pluto-chiron,1,0.8099,0.2975,0.9076,0.9076
southern africa,Cancer,100.0,May,pluto,0.203,0.041,pluto-chiron,1,0.3825,0.1257,0.51,0.51
southern california,Gemini,70.0,July,pluto,0.234,0.005,pluto-node,1,0.9435,0.9912,0.9438,0.9438
space technology,Aries,5.0,September,pluto,0.314,0.029,uranus-pluto,1,0.4066,0.2372,-0.7891,-0.7891
spain,Leo,130.0,July,pluto,0.238,0.027,pluto-chiron,1,0.4939,0.5618,-0.8797,-0.8797
spas,Aries,10.0,May,chiron,0.267,0.022,saturn-chiron,1,0.8408,0.9284,0.0895,0.0895
speakers,Capricorn,270.0,December,chiron,0.294,0.019,pluto-chiron,1,0.4649,0.6994,0.7567,0.7567
special,Libra,190.0,January,pluto,0.311,0.062,uranus-pluto,1,0.8706,0.9056,0.4329,0.4329
special needs,Cancer,115.0,January,pluto,0.213,0.029,saturn-pluto,1,0.9507,0.987,0.9547,0.9547
special occasions,Sagittarius,240.0,June,uranus,0.186,0.041,uranus-neptune,1,0.3328,0.2339,-1.0037,-1.0037
spices,Gemini,80.0,June,pluto,0.279,0.006,pluto-chiron,1,0.7206,0.8163,0.1287,0.1287
spirituality,Virgo,170.0,June,pluto,0.317,0.014,uranus-pluto,1,0.8002,0.7995,0.9213,0.9213
spoofs,Pisces,330.0,January,chiron,0.284,0.013,pluto-chiron,1,0.9379,0.9518,-0.5068,-0.5068
sport scores,Capricorn,285.0,November,neptune,0.347,0.008,neptune-pluto,1,0.5423,0.7138,-0.311,-0.311
sport wrestling,Cancer,100.0,January,pluto,0.319,0.019,pluto-chiron,1,0.9506,0.9821,0.2486,0.2486
sporting goods,Virgo,160.0,September,pluto,0.304,0.002,uranus-pluto,1,0.4285,0.9346,0.6466,0.6466
sports,Capricorn,285.0,January,uranus,0.341,0.009,uranus-pluto,1,0.7889,0.7985,0.6377,0.6377
sports cars,Pisces,330.0,July,pluto,0.305,0.032,pluto-chiron,1,0.8365,0.9648,0.7503,0.7503
sports games,Leo,130.0,November,pluto,0.179,0.029,pluto-chiron,1,0.7887,0.8449,0.4862,0.4862
sports news,Aries,25.0,August,uranus,0.286,0.013,uranus-pluto,1,0.7699,0.8676,0.7706,0.7706
squash,Scorpio,225.0,January,pluto,0.37,0.025,uranus-pluto,1,0.6228,0.5408,0.5513,0.5513
sri lanka,Aquarius,320.0,August,pluto,0.244,0.02,pluto-chiron,1,0.6329,0.6057,0.5289,0.5289
staffing,Pisces,355.0,December,uranus,0.287,0.027,uranus-neptune,1,0.7218,0.758,0.45,0.45
state,Scorpio,230.0,January,pluto,0.278,0.02,pluto-chiron,1,0.617,0.8507,0.6337,0.6337
stationery,Sagittarius,260.0,June,pluto,0.293,0.009,pluto-chiron,1,0.9463,0.9669,0.8088,0.8088
stations,Gemini,65.0,April,pluto,0.39,0.026,uranus-pluto,1,0.3614,0.77,0.3384,0.3384
statistics,Leo,140.0,December,uranus,0.264,0.023,uranus-neptune,1,0.7402,0.8709,0.7399,0.7399
stereo systems,Scorpio,215.0,April,chiron,0.191,0.037,saturn-chiron,1,0.6504,0.9209,0.5808,0.5808
steroids,Taurus,30.0,January,pluto,0.31,0.022,uranus-pluto,1,0.9679,0.9881,0.7617,0.7617
stock photography,Aries,10.0,June,pluto,0.375,0.029,neptune-pluto,1,0.4693,0.7527,0.2434,0.2434
stockholm,Aries,25.0,January,pluto,0.225,0.002,pluto-chiron,1,0.9274,0.9848,0.6674,0.6674
stocks,Aries,0.0,February,pluto,0.189,0.018,neptune-pluto,1,0.8778,0.922,0.9194,0.9194
storage,Pisces,340.0,June,pluto,0.311,0.022,pluto-chiron,1,0.9663,0.9712,0.9171,0.9171
stoves,Cancer,90.0,December,pluto,0.213,0.04,neptune-pluto,1,0.5003,-0.7762,-2.7036,-2.7036
strasbourg,Capricorn,275.0,February,pluto,0.255,0.028,neptune-pluto,1,0.2841,0.0955,0.8076,0.8076
strategic planning,Gemini,75.0,December,chiron,0.246,0.023,pluto-chiron,1,0.716,0.537,0.5667,0.5667
strategy games,Cancer,100.0,April,pluto,0.215,0.025,uranus-pluto,1,0.8701,0.9895,0.7522,0.7522
street food,Cancer,90.0,June,uranus,0.193,0.023,uranus-pluto,1,0.9828,0.9941,0.9142,0.9142
strength training equipment,Libra,205.0,June,pluto,0.278,0.016,pluto-chiron,1,0.8267,0.9544,0.6446,0.6446
stress,Pisces,335.0,August,chiron,0.257,0.023,pluto-chiron,1,0.7881,0.7049,-4.459,-4.459
student loans,Sagittarius,255.0,June,pluto,0.307,0.03,neptune-pluto,1,0.6173,0.2585,0.2754,0.2754
studio photography,Sagittarius,260.0,December,pluto,0.305,0.035,uranus-pluto,1,0.591,0.6755,-0.7198,-0.7198
study abroad,Cancer,95.0,April,pluto,0.231,0.033,neptune-pluto,1,0.8556,0.9051,0.9677,0.9677
stuffed toys,Leo,140.0,December,uranus,0.222,0.047,uranus-pluto,1,0.5519,0.6949,0.364,0.364
stuttgart,Aquarius,300.0,January,pluto,0.24,0.039,neptune-pluto,1,0.7211,0.9345,0.6865,0.6865
styling products,Cancer,115.0,November,pluto,0.234,0.043,pluto-chiron,1,0.3128,-4.0239,0.2124,0.2124
subaru,Virgo,170.0,January,neptune,0.226,0.027,neptune-node,1,0.9457,0.9855,0.6501,0.6501
subcultures,Aquarius,325.0,January,chiron,0.283,0.072,uranus-chiron,1,0.3352,0.777,-1.5464,-1.5464
substance abuse,Taurus,50.0,March,pluto,0.236,0.025,pluto-chiron,1,0.7096,0.8701,-0.5337,-0.5337
sudan,Sagittarius,255.0,August,pluto,0.295,0.025,uranus-pluto,1,0.3878,0.2505,-15.9658,-15.9658
suits,Taurus,35.0,July,uranus,0.3,0.026,uranus-pluto,1,0.6922,0.872,-1.0484,-1.0484
sulawesi,Sagittarius,260.0,November,uranus,0.29,0.002,uranus-pluto,1,0.5394,0.748,0.6566,0.6566
sumatra,Sagittarius,260.0,December,pluto,0.321,0.022,pluto-chiron,1,0.5585,0.7982,-0.4748,-0.4748
sunglasses,Scorpio,235.0,April,pluto,0.393,0.016,uranus-pluto,1,0.7797,0.8308,-5.0365,-5.0365
superhero films,Aquarius,325.0,April,uranus,0.268,0.016,uranus-pluto,1,0.4039,0.5243,-0.2604,-0.2604
supplements,Gemini,60.0,April,pluto,0.388,0.025,pluto-chiron,1,0.9023,0.8515,0.7955,0.7955
supplies,Scorpio,210.0,July,pluto,0.308,0.027,uranus-pluto,1,0.7058,0.6407,0.6751,0.6751
supply chain management,Leo,130.0,April,pluto,0.176,0.025,pluto-chiron,1,0.8177,0.9099,0.8531,0.8531
surf,Sagittarius,260.0,July,pluto,0.348,0.015,pluto-chiron,1,0.9688,0.9489,0.75,0.75
surfing,Pisces,350.0,August,pluto,0.294,0.039,uranus-pluto,1,0.9753,0.9888,0.8188,0.8188
surgery,Taurus,50.0,April,pluto,0.35,0.025,pluto-node,1,0.6562,0.9299,-7.5159,-7.5159
suriname,Gemini,70.0,January,pluto,0.194,0.016,pluto-chiron,1,0.6469,0.7224,0.2025,0.2025
surveys,Gemini,75.0,July,chiron,0.266,0.014,pluto-chiron,1,0.8319,0.9342,-1.3346,-1.3346
sustainable fashion,Sagittarius,240.0,December,pluto,0.289,0.026,pluto-chiron,1,0.7845,0.7991,0.4964,0.4964
suvs,Cancer,115.0,December,neptune,0.232,0.023,uranus-neptune,1,0.8526,0.8242,0.9688,0.9688
suzuki,Taurus,50.0,May,pluto,0.282,0.023,neptune-pluto,1,0.8924,0.6655,-0.3507,-0.3507
swap meets,Taurus,55.0,June,neptune,0.292,0.046,uranus-neptune,1,0.6002,0.937,0.8901,0.8901
sweden,Cancer,100.0,May,pluto,0.284,0.016,pluto-chiron,1,0.4622,0.7465,-1.5437,-1.5437
sweepstakes,Aries,15.0,July,chiron,0.314,0.028,pluto-chiron,1,0.5445,0.4234,-8.6495,-8.6495
sweets,Virgo,150.0,September,uranus,0.29,0.017,uranus-pluto,1,0.5842,0.5262,-7.5826,-7.5826
swim,Leo,135.0,July,pluto,0.28,0.01,pluto-chiron,1,0.7079,0.9216,-0.7769,-0.7769
swimming,Pisces,340.0,July,chiron,0.246,0.032,pluto-chiron,1,0.5199,0.923,0.3599,0.3599
swimwear,Gemini,70.0,June,pluto,0.296,0.033,uranus-pluto,1,0.768,0.7879,0.0245,0.0245
switzerland,Taurus,30.0,June,uranus,0.395,0.018,uranus-pluto,1,0.3237,0.5288,-0.4484,-0.4484
sydney,Libra,195.0,January,pluto,0.229,0.03,pluto-chiron,1,0.7051,-4.1991,-0.0153,-0.0153
symbian os,Taurus,35.0,February,chiron,0.269,0.022,pluto-chiron,1,0.5356,0.4524,-7.016,-7.016
syria,Capricorn,295.0,October,chiron,0.298,0.029,neptune-chiron,1,0.4739,0.9028,-0.4565,-0.4565
t-shirts,Aquarius,320.0,July,pluto,0.304,0.016,pluto-chiron,1,0.8685,0.9676,0.2795,0.2795
table games,Libra,195.0,September,pluto,0.233,0.051,neptune-pluto,1,0.2884,0.3616,-0.2002,-0.2002
table tennis,Pisces,355.0,September,chiron,0.255,0.019,pluto-chiron,1,0.7701,0.9512,0.6036,0.6036
tablet pcs,Sagittarius,265.0,December,chiron,0.257,0.028,pluto-chiron,1,0.5454,0.7055,0.5136,0.5136
tabs,Virgo,175.0,April,pluto,0.285,0.045,uranus-pluto,1,0.7887,0.9294,0.8341,0.8341
tack,Virgo,170.0,January,chiron,0.214,0.019,pluto-chiron,1,0.8119,0.9827,0.0639,0.0639
taekwondo,Pisces,355.0,September,chiron,0.503,0.03,uranus-chiron,1,0.6664,0.9577,0.9671,0.9671
tai chi,Aquarius,320.0,January,pluto,0.242,0.03,pluto-node,1,0.8752,0.971,0.7643,0.7643
taichung,Libra,190.0,August,chiron,0.314,0.025,pluto-chiron,1,0.2826,-0.0852,-4.5151,-4.5151
tainan,Capricorn,295.0,February,neptune,0.22,0.042,neptune-chiron,1,0.4442,0.5516,-9.6276,-9.6276
taipei,Taurus,45.0,September,uranus,0.335,0.032,uranus-pluto,1,0.3524,0.247,-0.5984,-0.5984
taiwan,Pisces,345.0,June,pluto,0.271,0.027,pluto-chiron,1,0.4488,0.3288,-0.5558,-0.5558
tajikistan,Aquarius,310.0,October,uranus,0.34,0.027,uranus-pluto,1,0.2736,0.3342,0.1295,0.1295
talk radio,Aquarius,315.0,January,uranus,0.199,0.047,uranus-neptune,1,0.5426,0.3584,0.8668,0.8668
tallahassee,Scorpio,235.0,January,pluto,0.311,0.012,uranus-pluto,1,0.9234,0.9932,0.8032,0.8032
tamaulipas,Aquarius,325.0,March,uranus,0.255,0.083,uranus-chiron,1,0.6146,-0.4816,-2.2298,-2.2298
tamil nadu,Aries,25.0,May,chiron,0.289,0.012,uranus-chiron,1,0.9504,0.9033,0.9779,0.9779
tanning,Cancer,110.0,May,pluto,0.302,0.021,uranus-pluto,1,0.6669,0.9315,-0.3155,-0.3155
tanzania,Gemini,80.0,June,pluto,0.297,0.021,uranus-pluto,1,0.5868,0.743,0.3387,0.3387
tasmania,Taurus,45.0,April,pluto,0.251,0.011,saturn-pluto,1,0.7234,0.9348,-1.9104,-1.9104
tax preparation,Aquarius,325.0,January,pluto,0.361,0.018,uranus-pluto,1,0.578,0.8501,0.8177,0.8177
taxi,Aries,15.0,June,neptune,0.196,0.053,uranus-neptune,1,0.5438,0.5655,0.8049,0.8049
tea,Aquarius,325.0,June,pluto,0.273,0.012,uranus-pluto,1,0.6774,0.8522,-4.575,-4.575
teaching,Gemini,75.0,April,pluto,0.274,0.032,pluto-chiron,1,0.7782,0.8253,0.6451,0.6451
team sports,Capricorn,290.0,February,pluto,0.256,0.017,pluto-chiron,1,0.3173,0.3982,-1.4763,-1.4763
technical jobs,Taurus,35.0,June,chiron,0.231,0.021,pluto-chiron,1,0.9193,0.9844,0.8995,0.8995
technical support,Taurus,40.0,October,chiron,0.328,0.023,pluto-chiron,1,0.7717,0.8958,-5.8483,-5.8483
technology,Libra,180.0,April,chiron,0.252,0.052,pluto-chiron,1,0.5841,0.5357,-0.4056,-0.4056
technology news,Sagittarius,250.0,December,pluto,0.268,0.008,neptune-pluto,1,0.6532,0.6998,0.7245,0.7245
tel aviv,Gemini,85.0,October,pluto,0.352,0.036,uranus-pluto,1,0.6313,0.9436,-0.0374,-0.0374
telangana,Capricorn,275.0,November,uranus,0.242,0.014,uranus-pluto,1,0.8577,0.9612,0.6638,0.6638
telecom,Aquarius,320.0,January,chiron,0.251,0.051,pluto-chiron,1,0.5591,0.8102,0.0433,0.0433
telemarketing,Aries,0.0,July,pluto,0.246,0.058,neptune-pluto,1,0.8198,0.9814,0.9238,0.9238
televisions,Virgo,175.0,January,neptune,0.276,0.011,neptune-chiron,1,0.2936,0.6492,-1.1411,-1.1411
templates,Taurus,35.0,November,pluto,0.233,0.014,pluto-chiron,1,0.6835,0.1337,0.4442,0.4442
temporary,Aquarius,305.0,February,pluto,0.228,0.054,pluto-chiron,1,0.4112,-2.4643,-3.0669,-3.0669
tennessee,Leo,135.0,November,pluto,0.251,0.018,neptune-pluto,1,0.6932,0.7062,-2.8379,-2.8379
tennis,Sagittarius,255.0,June,pluto,0.372,0.005,pluto-chiron,1,0.9103,0.95,-1.1287,-1.1287
tesla motors,Taurus,50.0,July,neptune,0.201,0.016,neptune-pluto,1,0.7662,0.8914,-0.1317,-0.1317
texas,Pisces,355.0,July,pluto,0.264,0.021,pluto-chiron,1,0.9371,0.9655,0.7029,0.7029
text,Aquarius,320.0,March,pluto,0.259,0.02,pluto-chiron,1,0.624,0.1418,-5.9199,-5.9199
textiles,Scorpio,230.0,October,uranus,0.225,0.015,uranus-chiron,1,0.9558,0.9709,0.943,0.943
thai cuisine,Pisces,355.0,February,uranus,0.329,0.013,uranus-chiron,1,0.201,0.6913,0.5535,0.5535
thailand,Pisces,350.0,November,uranus,0.255,0.026,uranus-pluto,1,0.748,0.4224,-22.3466,-22.3466
thanksgiving,Cancer,115.0,November,uranus,0.268,0.051,uranus-pluto,1,0.2999,0.3108,-0.0781,-0.0781
theater,Taurus,35.0,January,pluto,0.323,0.021,pluto-node,1,0.9715,0.9929,0.9494,0.9494
theme parks,Capricorn,275.0,June,pluto,0.301,0.015,uranus-pluto,1,0.7127,0.9279,0.8699,0.8699
themes,Libra,200.0,April,pluto,0.278,0.006,pluto-node,1,0.9535,0.9872,0.9691,0.9691
theology,Leo,130.0,March,pluto,0.196,0.004,uranus-pluto,1,0.7569,0.7066,0.752,0.752
theory,Leo,140.0,December,pluto,0.17,0.029,pluto-chiron,1,0.8393,0.9115,0.8313,0.8313
thrift stores,Pisces,355.0,June,pluto,0.275,0.031,pluto-chiron,1,0.6586,0.8907,0.8429,0.8429
throat,Leo,135.0,January,chiron,0.331,0.016,neptune-chiron,1,0.6426,0.7254,0.6415,0.6415
tijuana,Cancer,95.0,July,uranus,0.23,0.019,uranus-neptune,1,0.858,0.9539,0.0098,0.0098
tile games,Scorpio,210.0,August,chiron,0.302,0.01,pluto-chiron,1,0.5093,0.9066,0.8447,0.8447
time,Pisces,345.0,November,pluto,0.206,0.011,uranus-pluto,1,0.9193,0.9795,0.801,0.801
tires,Aquarius,310.0,March,pluto,0.232,0.014,neptune-pluto,1,0.6627,0.9468,0.8688,0.8688
toaster ovens,Capricorn,295.0,December,uranus,0.345,0.018,uranus-neptune,1,0.6726,0.7859,0.4785,0.4785
toasters,Gemini,85.0,January,pluto,0.326,0.011,uranus-pluto,1,0.9748,0.9944,0.8212,0.8212
tobago,Gemini,80.0,July,pluto,0.24,0.044,uranus-pluto,1,0.2758,0.4403,0.4213,0.4213
tochigi,Aquarius,300.0,September,pluto,0.233,0.032,uranus-pluto,1,0.4231,0.6066,0.6112,0.6112
toddler toys,Sagittarius,255.0,December,pluto,0.302,0.019,uranus-pluto,1,0.855,0.9198,0.6688,0.6688
toddlers,Capricorn,275.0,June,chiron,0.195,0.009,neptune-chiron,1,0.8129,0.934,0.8687,0.8687
tohoku,Aries,0.0,March,uranus,0.334,0.025,uranus-chiron,1,0.4334,0.469,-2.534,-2.534
toiletries,Gemini,65.0,June,pluto,0.235,0.057,neptune-pluto,1,0.6557,0.6634,0.7657,0.7657
tokushima,Aquarius,305.0,June,pluto,0.282,0.012,pluto-chiron,1,0.3862,0.8677,0.9127,0.9127
tokyo,Capricorn,295.0,July,pluto,0.258,0.027,neptune-pluto,1,0.5267,0.3612,0.7117,0.7117
toner,Pisces,335.0,December,pluto,0.328,0.005,uranus-pluto,1,0.9039,0.9074,-1.5472,-1.5472
toothbrushes,Taurus,30.0,December,chiron,0.291,0.022,uranus-chiron,1,0.7047,0.9212,0.8218,0.8218
toothpaste,Leo,130.0,June,neptune,0.196,0.005,uranus-neptune,1,0.7044,0.1134,-6.6342,-6.6342
tops,Sagittarius,245.0,March,pluto,0.263,0.012,pluto-chiron,1,0.4244,0.7362,-6.353,-6.353
tottori,Scorpio,215.0,June,pluto,0.286,0.052,neptune-pluto,1,0.6952,0.549,0.8122,0.8122
toulouse,Aries,25.0,February,chiron,0.218,0.021,pluto-chiron,1,0.6851,0.9569,-1.8296,-1.8296
tourist destinations,Cancer,95.0,June,pluto,0.249,0.015,uranus-pluto,1,0.6298,0.8105,0.7257,0.7257
towing,Pisces,355.0,April,chiron,0.235,0.012,pluto-chiron,1,0.6916,-0.3184,-15.2432,-15.2432
townhomes,Cancer,90.0,March,chiron,0.227,0.023,uranus-chiron,1,0.5756,0.6572,0.7368,0.7368
toxic substances,Scorpio,215.0,January,pluto,0.305,0.01,uranus-pluto,1,0.4353,0.4644,0.3686,0.3686
toy vehicles,Aries,25.0,December,pluto,0.258,0.024,uranus-pluto,1,0.8721,0.9776,0.9779,0.9779
toy weapons,Gemini,70.0,August,pluto,0.257,0.029,pluto-chiron,1,0.4686,0.7219,-0.1806,-0.1806
toyama,Aries,25.0,May,chiron,0.289,0.017,pluto-chiron,1,0.826,0.9172,0.9167,0.9167
toyota,Capricorn,275.0,January,pluto,0.358,0.009,pluto-chiron,1,0.6513,0.8183,0.8066,0.8066
toys,Leo,135.0,August,pluto,0.336,0.025,uranus-pluto,1,0.9146,0.9165,-5.5419,-5.5419
track,Aries,25.0,April,pluto,0.352,0.015,pluto-node,1,0.7599,0.9677,0.4157,0.4157
tracking,Leo,120.0,April,chiron,0.328,0.009,pluto-chiron,1,0.7417,0.8877,0.4975,0.4975
traditional music,Scorpio,230.0,January,pluto,0.286,0.012,pluto-node,1,0.8508,0.9576,0.9609,0.9609
traffic,Sagittarius,245.0,January,pluto,0.281,0.004,pluto-chiron,1,0.9258,0.989,0.6526,0.6526
traffic safety,Gemini,65.0,June,chiron,0.248,0.015,pluto-chiron,1,0.429,0.3719,-5.5833,-5.5833
trailers,Gemini,60.0,July,pluto,0.271,0.013,pluto-node,1,0.8929,0.9796,0.9425,0.9425
training,Gemini,70.0,April,pluto,0.252,0.013,neptune-pluto,1,0.9504,0.9726,0.9702,0.9702
transgender,Scorpio,220.0,May,pluto,0.243,0.02,pluto-chiron,1,0.7638,0.7967,-10.357,-10.357
transmission,Scorpio,225.0,April,pluto,0.38,0.016,uranus-pluto,1,0.7809,0.7104,-1.2054,-1.2054
transmission repair,Leo,130.0,April,chiron,0.238,0.006,saturn-chiron,1,0.8281,0.9664,0.6887,0.6887
transport,Virgo,170.0,December,pluto,0.352,0.021,uranus-pluto,1,0.6936,0.8985,0.5189,0.5189
transportation,Libra,205.0,February,pluto,0.342,0.012,pluto-chiron,1,0.8611,0.8807,0.9668,0.9668
travel,Cancer,115.0,May,pluto,0.307,0.02,uranus-pluto,1,0.9551,0.9718,0.9825,0.9825
travel agencies,Libra,200.0,May,uranus,0.245,0.037,uranus-neptune,1,0.4676,0.8952,0.922,0.922
travel guides,Scorpio,215.0,April,uranus,0.28,0.018,uranus-chiron,1,0.6391,0.9027,0.501,0.501
travel shows,Gemini,75.0,July,chiron,0.252,0.034,pluto-chiron,1,0.7493,0.9368,0.7517,0.7517
treatment,Aries,10.0,June,pluto,0.283,0.013,uranus-pluto,1,0.9761,0.9837,0.9668,0.9668
trinidad,Sagittarius,255.0,February,chiron,0.233,0.024,neptune-chiron,1,0.4451,0.6774,0.253,0.253
trivia,Aquarius,325.0,May,uranus,0.257,0.031,uranus-pluto,1,0.9301,0.9323,0.7835,0.7835
tropical music,Libra,195.0,July,pluto,0.301,0.025,neptune-pluto,1,0.6592,0.4691,0.131,0.131
trucking,Pisces,335.0,January,pluto,0.23,0.008,pluto-node,1,0.7838,0.832,-4.0018,-4.0018
trucks,Leo,145.0,January,pluto,0.273,0.018,pluto-chiron,1,0.967,0.9887,0.509,0.509
try on videos,Leo,120.0,December,chiron,0.215,0.053,uranus-chiron,1,0.6383,0.8426,-0.5417,-0.5417
tucson,Pisces,350.0,February,neptune,0.246,0.03,uranus-neptune,1,0.5212,0.7592,0.7859,0.7859
tulsa,Libra,195.0,September,pluto,0.253,0.044,pluto-chiron,1,0.4827,0.5715,0.155,0.155
tuning,Gemini,70.0,January,pluto,0.26,0.015,uranus-pluto,1,0.99,0.9945,0.9769,0.9769
turin,Libra,200.0,March,pluto,0.226,0.038,neptune-pluto,1,0.6254,0.952,0.1904,0.1904
turkey,Gemini,75.0,November,pluto,0.199,0.084,uranus-pluto,1,0.3166,-0.0368,-4.7311,-4.7311
tuscany,Virgo,165.0,July,chiron,0.213,0.01,pluto-chiron,1,0.8057,0.9464,0.2686,0.2686
tutorials,Pisces,335.0,July,neptune,0.206,0.012,neptune-node,1,0.8966,0.964,0.7218,0.7218
tv,Scorpio,210.0,June,pluto,0.393,0.024,pluto-chiron,1,0.9718,0.984,0.6502,0.6502
tv awards,Libra,185.0,June,pluto,0.283,0.008,uranus-pluto,1,0.6601,0.9372,0.7395,0.7395
tv comedies,Cancer,115.0,June,pluto,0.335,0.069,pluto-chiron,1,0.3208,0.7718,-0.5714,-0.5714
tv commercials,Cancer,100.0,January,chiron,0.288,0.012,pluto-chiron,1,0.9551,0.9903,0.5607,0.5607
tv crime,Leo,140.0,June,pluto,0.247,0.021,pluto-node,1,0.9144,0.9131,0.9289,0.9289
tv documentary,Gemini,65.0,July,pluto,0.241,0.022,pluto-node,1,0.8904,0.9714,0.9286,0.9286
tv dramas,Virgo,170.0,September,pluto,0.206,0.034,uranus-pluto,1,0.9327,-0.4333,-0.8582,-0.8582
tv game shows,Virgo,155.0,June,chiron,0.254,0.01,pluto-chiron,1,0.8257,0.9795,-0.255,-0.255
tv industry,Leo,125.0,December,uranus,0.265,0.06,uranus-chiron,1,0.6018,0.8453,-1.0218,-1.0218
tv networks,Capricorn,290.0,June,chiron,0.259,0.023,pluto-chiron,1,0.2705,-0.2633,0.5363,0.5363
tv production,Leo,130.0,December,neptune,0.223,0.02,neptune-chiron,1,0.8727,0.9501,0.8163,0.8163
tv reality shows,Leo,125.0,August,pluto,0.21,0.023,neptune-pluto,1,0.6263,0.818,0.1195,0.1195
tv sci-fi,Taurus,35.0,January,pluto,0.317,0.018,pluto-chiron,1,0.3838,0.9058,0.645,0.645
tv shows,Taurus,30.0,September,pluto,0.279,0.027,neptune-pluto,1,0.6415,0.8242,-0.7817,-0.7817
tv streaming,Cancer,105.0,August,pluto,0.197,0.043,pluto-chiron,1,0.8879,0.8157,0.7458,0.7458
tv talent,Gemini,75.0,July,pluto,0.265,0.014,neptune-pluto,1,0.777,0.9361,0.803,0.803
tv talk shows,Pisces,355.0,August,pluto,0.249,0.051,neptune-pluto,1,0.7148,0.9625,0.8789,0.8789
tycoon games,Aquarius,315.0,July,chiron,0.303,0.005,uranus-chiron,1,0.5529,0.1487,0.1123,0.1123
tyrol,Sagittarius,255.0,February,pluto,0.225,0.033,uranus-pluto,1,0.9222,0.9873,0.9376,0.9376
uganda,Sagittarius,260.0,February,uranus,0.313,0.046,uranus-pluto,1,0.3748,0.6242,-0.0116,-0.0116
umbria,Capricorn,295.0,July,pluto,0.246,0.034,pluto-chiron,1,0.8649,0.9846,0.8898,0.8898
unboxing videos,Sagittarius,265.0,November,pluto,0.312,0.026,pluto-chiron,1,0.8155,0.763,-0.2019,-0.2019
undergarments,Virgo,160.0,June,uranus,0.221,0.033,uranus-pluto,1,0.8171,0.9863,0.9705,0.9705
unemployment,Scorpio,225.0,April,uranus,0.187,0.034,uranus-chiron,1,0.4908,-0.9915,-19.5716,-19.5716
uniforms,Gemini,70.0,September,pluto,0.238,0.038,neptune-pluto,1,0.8649,0.968,0.8264,0.8264
unions,Capricorn,285.0,February,pluto,0.31,0.045,uranus-pluto,1,0.5154,0.9203,0.2662,0.2662
united arab emirates,Gemini,85.0,November,chiron,0.252,0.025,pluto-chiron,1,0.3126,0.2772,0.572,0.572
united kingdom,Gemini,60.0,May,chiron,0.25,0.021,pluto-chiron,1,0.3267,0.2747,-7.4047,-7.4047
universities,Taurus,55.0,June,pluto,0.196,0.039,pluto-chiron,1,0.8883,0.9634,0.6699,0.6699
unix,Libra,190.0,December,pluto,0.204,0.031,pluto-node,1,0.8252,0.9482,0.866,0.866
unwanted body,Aquarius,310.0,August,pluto,0.311,0.031,pluto-chiron,1,0.7366,0.7403,0.3104,0.3104
urban,Taurus,30.0,July,pluto,0.305,0.014,pluto-node,1,0.9577,0.9891,0.9791,0.9791
usa,Leo,145.0,October,pluto,0.335,0.057,pluto-chiron,1,0.4986,0.8137,0.4194,0.4194
used vehicles,Capricorn,290.0,December,uranus,0.23,0.016,uranus-pluto,1,0.9048,0.9831,0.9574,0.9574
utah,Virgo,175.0,February,pluto,0.341,0.026,pluto-chiron,1,0.7211,0.8727,-0.4404,-0.4404
utilities,Scorpio,215.0,September,pluto,0.195,0.021,pluto-chiron,1,0.89,0.9808,0.5544,0.5544
utrecht,Aquarius,305.0,January,chiron,0.245,0.016,neptune-chiron,1,0.8172,0.946,0.9755,0.9755
uttar pradesh,Cancer,100.0,April,chiron,0.247,0.033,pluto-chiron,1,0.9166,0.8712,0.943,0.943
vaccines,Scorpio,225.0,March,pluto,0.208,0.017,pluto-chiron,1,0.7196,0.7938,-0.6901,-0.6901
vacuums,Leo,130.0,May,pluto,0.31,0.026,uranus-pluto,1,0.6534,0.3165,-0.9672,-0.9672
valencia,Capricorn,290.0,January,pluto,0.28,0.058,pluto-chiron,1,0.5398,0.9406,0.4037,0.4037
van life,Gemini,60.0,January,pluto,0.205,0.046,pluto-node,1,0.7976,0.6871,0.0587,0.0587
vans,Capricorn,290.0,July,pluto,0.269,0.012,saturn-pluto,1,0.8407,0.9055,-0.2549,-0.2549
variety shows,Sagittarius,255.0,July,pluto,0.241,0.031,uranus-pluto,1,0.501,0.9083,0.3507,0.3507
vatican city,Virgo,165.0,April,pluto,0.235,0.053,pluto-chiron,1,0.4643,0.8655,0.3845,0.3845
vegan cuisine,Cancer,90.0,December,uranus,0.256,0.029,uranus-chiron,1,0.5064,-2.6037,-1.9621,-1.9621
vegetables,Sagittarius,265.0,June,pluto,0.242,0.002,uranus-pluto,1,0.9716,0.9574,0.9854,0.9854
vegetarian cuisine,Capricorn,290.0,June,chiron,0.288,0.012,pluto-chiron,1,0.8262,0.8889,0.6742,0.6742
vehicle,Taurus,45.0,April,pluto,0.341,0.047,pluto-chiron,1,0.7569,0.8707,0.5289,0.5289
vehicle codes,Aries,5.0,August,pluto,0.383,0.013,pluto-chiron,1,0.5553,-0.0166,-0.1121,-0.1121
vehicle insurance,Sagittarius,265.0,November,uranus,0.247,0.006,uranus-neptune,1,0.9499,0.9728,0.9586,0.9586
vehicle modification,Pisces,355.0,March,pluto,0.335,0.012,pluto-chiron,1,0.8135,0.8117,0.724,0.724
vehicle parts,Pisces,335.0,November,pluto,0.269,0.019,neptune-pluto,1,0.7448,0.7622,0.6784,0.6784
vehicle repair,Gemini,80.0,August,uranus,0.218,0.057,uranus-pluto,1,0.4897,0.7317,0.5094,0.5094
vehicle wheels,Leo,125.0,December,uranus,0.245,0.045,uranus-chiron,1,0.5142,-4.627,-20.9155,-20.9155
vehicles,Aries,15.0,October,pluto,0.371,0.005,uranus-pluto,1,0.7757,0.9176,0.9602,0.9602
veneto,Leo,145.0,January,pluto,0.347,0.013,uranus-pluto,1,0.864,0.9631,0.9099,0.9099
venezuela,Aries,5.0,July,pluto,0.225,0.04,neptune-pluto,1,0.4077,0.8792,-0.1753,-0.1753
venice,Virgo,150.0,October,neptune,0.173,0.025,uranus-neptune,1,0.7861,0.8943,0.5777,0.5777
vents,Scorpio,230.0,April,saturn,0.179,0.019,saturn-chiron,1,0.5706,0.9226,-1.0684,-1.0684
venture capital,Taurus,40.0,April,pluto,0.339,0.01,neptune-pluto,1,0.8769,0.9255,0.9056,0.9056
veracruz,Pisces,345.0,April,pluto,0.321,0.032,uranus-pluto,1,0.6631,0.9834,-0.302,-0.302
vermont,Virgo,160.0,January,pluto,0.261,0.021,uranus-pluto,1,0.6095,0.9555,-0.5089,-0.5089
veterans,Libra,200.0,November,pluto,0.318,0.034,uranus-pluto,1,0.3517,0.6708,0.2015,0.2015
victoria (au),Libra,200.0,November,pluto,0.32,0.024,neptune-pluto,1,0.5452,0.9218,-4.097,-4.097
victoria (bc),Leo,145.0,June,pluto,0.299,0.026,pluto-node,1,0.7367,0.9554,0.5187,0.5187
video,Cancer,95.0,May,pluto,0.222,0.015,pluto-chiron,1,0.9026,0.4449,-6.3956,-6.3956
video cards,Leo,120.0,May,pluto,0.293,0.039,neptune-pluto,1,0.6657,0.9372,0.6713,0.6713
video chat,Gemini,80.0,August,neptune,0.27,0.018,neptune-pluto,1,0.7392,0.8468,-1.397,-1.397
video equipment,Libra,190.0,April,pluto,0.24,0.03,pluto-chiron,1,0.4925,0.871,0.4873,0.4873
video game cheats,Taurus,35.0,July,pluto,0.277,0.019,uranus-pluto,1,0.8518,0.9489,0.3449,0.3449
video game development,Pisces,335.0,December,pluto,0.33,0.021,uranus-pluto,1,0.5717,0.8442,0.8476,0.8476
video game mods,Cancer,115.0,May,chiron,0.209,0.034,uranus-chiron,1,0.605,0.9684,0.4325,0.4325
video games,Libra,200.0,December,chiron,0.342,0.044,pluto-chiron,1,0.6148,0.8148,-2.0259,-2.0259
video players,Leo,135.0,January,chiron,0.232,0.024,saturn-chiron,1,0.7699,0.9667,0.2069,0.2069
video services,Cancer,110.0,October,chiron,0.251,0.021,pluto-chiron,1,0.6357,0.7421,0.6556,0.6556
video sharing,Virgo,165.0,December,chiron,0.313,0.011,uranus-chiron,1,0.5778,0.8506,0.8896,0.8896
video shopping,Virgo,165.0,June,neptune,0.19,0.009,uranus-neptune,1,0.9515,0.9617,0.8979,0.8979
video software,Capricorn,280.0,June,pluto,0.243,0.018,pluto-chiron,1,0.7568,-1.1999,0.7099,0.7099
videos,Taurus,55.0,August,pluto,0.382,0.01,pluto-chiron,1,0.7987,0.9846,0.2267,0.2267
vienna,Sagittarius,255.0,January,pluto,0.267,0.012,neptune-pluto,1,0.8366,0.9779,0.758,0.758
viet nam,Virgo,175.0,September,pluto,0.191,0.036,pluto-chiron,1,0.9243,0.934,0.3719,0.3719
vineyards,Aries,10.0,June,pluto,0.198,0.055,neptune-pluto,1,0.5894,0.5842,0.4342,0.4342
virgin islands,Capricorn,295.0,March,pluto,0.292,0.018,uranus-pluto,1,0.7541,0.9357,-1.5175,-1.5175
virginia,Aquarius,320.0,August,chiron,0.359,0.023,pluto-chiron,1,0.7525,0.9067,0.3157,0.3157
virtual assistants,Taurus,30.0,June,pluto,0.338,0.026,uranus-pluto,1,0.8592,0.8614,0.9535,0.9535
virtual reality,Aquarius,325.0,January,pluto,0.297,0.013,uranus-pluto,1,0.6721,0.6834,-1.0911,-1.0911
virtual tours,Gemini,65.0,March,uranus,0.287,0.019,uranus-pluto,1,0.419,0.2948,0.4777,0.4777
virtual worlds,Cancer,100.0,July,pluto,0.214,0.025,pluto-chiron,1,0.8221,0.9454,0.6641,0.6641
visa,Taurus,45.0,June,chiron,0.205,0.022,uranus-chiron,1,0.9413,0.9714,0.7943,0.7943
vision care,Aquarius,325.0,June,uranus,0.28,0.013,uranus-chiron,1,0.3156,0.3566,-1.7421,-1.7421
vision loss,Aries,0.0,December,pluto,0.298,0.014,pluto-chiron,1,0.8717,0.9548,0.9245,0.9245
visual art,Scorpio,230.0,December,pluto,0.254,0.021,neptune-pluto,1,0.3297,-0.0089,0.1254,0.1254
visual arts,Taurus,45.0,March,pluto,0.348,0.01,uranus-pluto,1,0.2823,0.3307,-3.4127,-3.4127
vitamins,Taurus,50.0,April,pluto,0.283,0.007,uranus-pluto,1,0.9765,0.9895,0.9854,0.9854
vlogs,Leo,130.0,June,pluto,0.213,0.012,pluto-chiron,1,0.9749,0.9927,0.9794,0.9794
vocals,Scorpio,210.0,April,pluto,0.281,0.032,pluto-chiron,1,0.7341,0.9274,-1.2718,-1.2718
vocational,Sagittarius,250.0,June,neptune,0.284,0.041,neptune-pluto,1,0.7131,0.7072,0.7129,0.7129
voice,Gemini,65.0,November,pluto,0.219,0.019,uranus-pluto,1,0.8761,0.8471,-0.0923,-0.0923
volkswagen,Capricorn,280.0,February,chiron,0.233,0.028,pluto-chiron,1,0.412,0.8906,-0.7061,-0.7061
volleyball,Aquarius,325.0,August,chiron,0.318,0.023,pluto-chiron,1,0.5453,0.6745,0.8036,0.8036
volvo,Taurus,45.0,January,pluto,0.227,0.018,neptune-pluto,1,0.6218,0.9339,0.3908,0.3908
vorarlberg,Aries,20.0,November,pluto,0.342,0.014,neptune-pluto,1,0.7335,0.9455,0.9408,0.9408
vpn,Gemini,80.0,June,pluto,0.197,0.038,pluto-chiron,1,0.9327,0.9796,0.958,0.958
wagons,Aries,5.0,July,pluto,0.259,0.027,pluto-chiron,1,0.7166,0.951,-3.3388,-3.3388
wakayama,Virgo,175.0,August,uranus,0.237,0.025,uranus-chiron,1,0.3383,0.5172,0.9472,0.9472
wales,Capricorn,290.0,September,pluto,0.452,0.022,neptune-pluto,1,0.2543,0.2338,-3.6213,-3.6213
walking,Leo,125.0,December,pluto,0.289,0.021,uranus-pluto,1,0.8444,0.9792,0.517,0.517
wallpapers,Taurus,55.0,August,pluto,0.255,0.016,neptune-pluto,1,0.7683,0.3811,0.5042,0.5042
warehousing,Cancer,100.0,April,pluto,0.35,0.023,jupiter-pluto,1,0.7283,0.7419,0.7395,0.7395
wargaming,Aries,5.0,December,pluto,0.193,0.015,uranus-pluto,1,0.7343,0.568,-1.0555,-1.0555
warranties,Libra,200.0,December,uranus,0.253,0.022,uranus-pluto,1,0.7777,0.914,0.7585,0.7585
warsaw,Aries,5.0,October,uranus,0.264,0.055,uranus-neptune,1,0.5901,0.9278,0.5469,0.5469
washers,Capricorn,290.0,April,pluto,0.261,0.022,neptune-pluto,1,0.6776,0.9315,0.8677,0.8677
washington dc,Sagittarius,255.0,January,pluto,0.312,0.038,uranus-pluto,1,0.3626,0.7873,-0.5395,-0.5395
washington state,Leo,125.0,November,neptune,0.218,0.038,neptune-pluto,1,0.6199,0.8175,-0.3511,-0.3511
waste management,Pisces,330.0,January,chiron,0.221,0.036,uranus-chiron,1,0.6463,0.641,0.7217,0.7217
watches,Virgo,155.0,December,chiron,0.217,0.037,pluto-chiron,1,0.9168,0.8997,0.806,0.806
water,Scorpio,235.0,August,pluto,0.338,0.016,neptune-pluto,1,0.4865,0.8378,-1.3105,-1.3105
water activities,Taurus,35.0,May,uranus,0.251,0.019,uranus-chiron,1,0.7898,0.9136,0.96,0.96
water filters,Leo,130.0,June,pluto,0.305,0.012,uranus-pluto,1,0.758,0.4304,0.1695,0.1695
water sports,Cancer,100.0,June,pluto,0.363,0.019,neptune-pluto,1,0.8959,0.9425,-3.8036,-3.8036
water supply,Taurus,40.0,April,pluto,0.268,0.02,uranus-pluto,1,0.9438,0.9729,0.9717,0.9717
watercraft,Aries,0.0,July,pluto,0.248,0.068,pluto-chiron,1,0.6262,0.9746,0.9502,0.9502
wearable technology,Taurus,40.0,December,pluto,0.311,0.003,pluto-chiron,1,0.5777,0.5168,0.1401,0.1401
weather,Virgo,175.0,November,pluto,0.286,0.014,pluto-chiron,1,0.6831,0.8624,0.5075,0.5075
weaves,Taurus,50.0,July,node,0.16,0.029,pluto-node,1,0.9314,0.9855,0.8413,0.8413
web apps,Cancer,95.0,April,chiron,0.27,0.034,pluto-chiron,1,0.6586,0.9171,-0.0861,-0.0861
web browsers,Scorpio,235.0,April,pluto,0.279,0.057,pluto-chiron,1,0.1548,0.5683,0.1923,0.1923
web design,Pisces,335.0,April,uranus,0.246,0.02,jupiter-uranus,1,0.6707,0.2432,-1.5333,-1.5333
web hosting,Capricorn,280.0,June,uranus,0.236,0.024,uranus-chiron,1,0.5915,0.398,0.1558,0.1558
web series,Capricorn,270.0,June,chiron,0.238,0.02,saturn-chiron,1,0.9536,0.9903,0.8616,0.8616
web services,Aquarius,315.0,April,pluto,0.225,0.019,pluto-chiron,1,0.8057,0.8338,0.8404,0.8404
weddings,Capricorn,290.0,July,pluto,0.286,0.052,pluto-chiron,1,0.9615,0.9915,0.8967,0.8967
weight loss,Leo,120.0,May,pluto,0.324,0.024,uranus-pluto,1,0.9321,0.9642,0.441,0.441
weights,Taurus,50.0,April,pluto,0.395,0.036,pluto-chiron,1,0.4037,0.2683,-0.9942,-0.9942
welfare,Pisces,335.0,December,uranus,0.269,0.046,uranus-pluto,1,0.8775,0.924,0.9234,0.9234
wellington,Aquarius,305.0,January,pluto,0.291,0.031,uranus-pluto,1,0.2475,0.3908,0.5503,0.5503
west asia,Taurus,50.0,August,pluto,0.219,0.033,neptune-pluto,1,0.5121,0.5546,-0.0821,-0.0821
west france,Aries,5.0,July,pluto,0.329,0.006,uranus-pluto,1,0.8683,0.9769,0.9269,0.9269
west midlands,Scorpio,210.0,July,pluto,0.308,0.036,pluto-chiron,1,0.8927,0.9709,0.7976,0.7976
west virginia,Gemini,80.0,August,neptune,0.19,0.038,neptune-node,1,0.7943,0.982,0.4252,0.4252
western africa,Gemini,80.0,August,chiron,0.273,0.024,uranus-chiron,1,0.3613,0.4499,-0.1534,-0.1534
western australia,Libra,180.0,October,uranus,0.269,0.013,uranus-neptune,1,0.2215,0.1873,-23.5214,-23.5214
western europe,Gemini,80.0,November,uranus,0.297,0.015,uranus-pluto,1,0.3449,0.5651,-12.6894,-12.6894
western films,Scorpio,215.0,December,chiron,0.191,0.026,pluto-chiron,1,0.7921,-0.592,-2.9733,-2.9733
wholesalers,Taurus,40.0,October,uranus,0.24,0.024,uranus-pluto,1,0.9368,0.9812,0.9867,0.9867
wigs,Aries,5.0,December,pluto,0.228,0.022,neptune-pluto,1,0.8032,0.9442,0.6411,0.6411
wildlife,Cancer,95.0,March,pluto,0.343,0.011,pluto-chiron,1,0.796,0.8529,0.6887,0.6887
wind power,Pisces,335.0,March,pluto,0.266,0.026,pluto-node,1,0.9534,0.9852,0.9529,0.9529
window treatments,Aquarius,320.0,September,pluto,0.229,0.054,pluto-chiron,1,0.1685,-1.0763,-0.3944,-0.3944
windows,Sagittarius,255.0,July,pluto,0.225,0.019,pluto-node,1,0.8034,0.8957,0.9337,0.9337
windows mobile os,Aquarius,325.0,November,pluto,0.305,0.017,pluto-chiron,1,0.2343,-0.9952,0.3912,0.3912
windows os,Capricorn,270.0,July,node,0.217,0.022,pluto-node,1,0.7871,0.958,0.972,0.972
winnipeg,Aquarius,325.0,January,chiron,0.235,0.022,pluto-chiron,1,0.8653,0.9862,0.9419,0.9419
winter sports,Scorpio,230.0,January,pluto,0.233,0.03,neptune-pluto,1,0.6791,0.7259,-2.821,-2.821
wireless,Sagittarius,250.0,December,pluto,0.473,0.07,uranus-pluto,1,0.7842,0.4966,-0.1999,-0.1999
wireless accessories,Libra,205.0,October,uranus,0.299,0.041,uranus-pluto,1,0.6041,0.8933,0.6464,0.6464
wisconsin,Sagittarius,260.0,January,chiron,0.222,0.025,uranus-chiron,1,0.6485,0.8619,0.2799,0.2799
women's clothing,Aquarius,305.0,November,chiron,0.322,0.004,uranus-chiron,1,0.945,0.966,0.9766,0.9766
women's health,Pisces,345.0,June,chiron,0.272,0.02,pluto-chiron,1,0.8941,0.9207,0.8921,0.8921
wood,Libra,205.0,October,chiron,0.228,0.039,pluto-chiron,1,0.5185,0.9506,-0.3559,-0.3559
word games,Cancer,100.0,August,pluto,0.264,0.028,neptune-pluto,1,0.4556,0.881,0.0821,0.0821
work,Libra,180.0,April,uranus,0.243,0.029,uranus-chiron,1,0.3837,0.5625,0.2157,0.2157
world music,Gemini,85.0,July,chiron,0.218,0.021,saturn-chiron,1,0.8942,0.9718,0.8796,0.8796
world news,Libra,200.0,June,pluto,0.326,0.032,pluto-chiron,1,0.6288,0.6279,0.6201,0.6201
wrestling,Libra,200.0,February,chiron,0.252,0.025,pluto-chiron,1,0.9649,0.9666,0.4191,0.4191
writing,Aquarius,325.0,December,pluto,0.281,0.009,neptune-pluto,1,0.9318,0.9682,0.9589,0.9589
wroclaw,Cancer,90.0,June,pluto,0.346,0.033,uranus-pluto,1,0.8997,0.9781,0.73,0.73
xbox,Libra,185.0,November,pluto,0.265,0.004,pluto-node,1,0.8908,0.9925,0.8745,0.8745
yamagata,Cancer,115.0,January,chiron,0.24,0.01,pluto-chiron,1,0.9455,0.9886,0.3281,0.3281
yamanashi,Taurus,40.0,September,pluto,0.272,0.07,uranus-pluto,1,0.7884,0.887,-2.1802,-2.1802
yemen,Sagittarius,240.0,February,chiron,0.299,0.052,uranus-chiron,1,0.6184,0.9594,-0.0309,-0.0309
yoga,Leo,135.0,April,pluto,0.303,0.005,pluto-chiron,1,0.8606,0.8495,0.7342,0.7342
yokohama,Capricorn,285.0,June,pluto,0.23,0.03,pluto-node,1,0.7961,0.9377,0.6505,0.6505
yorkshire,Taurus,30.0,September,chiron,0.267,0.022,pluto-chiron,1,0.7628,0.9708,0.7978,0.7978
young adult books,Sagittarius,240.0,December,chiron,0.359,0.032,uranus-chiron,1,0.2948,-0.682,-0.0624,-0.0624
yucatan,Pisces,340.0,August,chiron,0.444,0.058,uranus-chiron,1,0.6893,0.9139,0.8411,0.8411
yucatan peninsula,Leo,140.0,December,uranus,0.31,0.036,uranus-pluto,1,0.3226,0.8387,0.7228,0.7228
zambia,Leo,145.0,January,uranus,0.216,0.024,uranus-neptune,1,0.3597,0.8265,0.6094,0.6094
zeeland,Libra,180.0,January,uranus,0.274,0.025,uranus-pluto,1,0.6005,0.9579,0.1588,0.1588
zimbabwe,Cancer,105.0,August,uranus,0.364,0.03,uranus-pluto,1,0.172,0.3625,-0.2435,-0.2435
zoos,Aquarius,320.0,April,neptune,0.292,0.01,neptune-pluto,1,0.5889,0.8713,-0.5116,-0.5116
