topic,tier,sign,phase,lamps,r2_val,r2_test,season_led,test_std
3d printers,full,Leo,141.88,"jupiter,node,uranus,chiron",-0.3209,-7.0367,False,4.36
abruzzo,relaxed,Cancer,109.45,"saturn,pluto,sun,mercury",-944764732.4794,-1380843415.7241,False,0.0
abstract strategy games,relaxed,Pisces,350.75,"jupiter,node,saturn,uranus",0.0435,-80192254.0647,False,0.0
abu dhabi,full,Scorpio,239.83,"saturn,mars,node,mercury",0.2401,-0.8962,False,5.68
academic conferences,relaxed,Aquarius,307.19,"venus,jupiter,mercury,uranus",-1204473.1032,-0.1529,False,0.46
acapulco,full,Sagittarius,247.4,"node,jupiter,mars,saturn",0.1236,0.1211,True,3.24
accessories,full,Taurus,38.86,"uranus,chiron,node,neptune",0.1201,-14.5742,False,3.71
accident,full,Aquarius,315.01,"node,uranus,saturn,chiron",0.2594,-3.6169,False,5.18
accommodations,full,Aries,6.47,"chiron,neptune,saturn,pluto",0.4229,-0.1884,False,20.63
accounting,full,Taurus,30.73,"chiron,uranus,neptune,node",0.3358,-9.3409,False,6.51
acne,full,Gemini,77.61,"node,jupiter,uranus,venus",0.7121,0.0592,True,4.19
acquisitions,full,Virgo,156.25,"jupiter,node,mercury,venus",-0.6011,-2.5116,False,1.4
acting,full,Aquarius,322.83,"node,saturn,chiron,neptune",-2.1677,-7.7489,False,4.21
action,full,Aries,3.63,"chiron,uranus,mars,neptune",0.0679,-4.5769,False,3.46
action cameras,full,Scorpio,230.29,"saturn,jupiter,mars,sun",0.1058,-30.9684,False,2.38
action figures,full,Capricorn,275.33,"node,jupiter,chiron,uranus",0.2441,-5.5529,False,5.01
activities,full,Aquarius,322.8,"jupiter,pluto,saturn,chiron",0.303,-10.709,False,6.26
acupuncture,full,Capricorn,287.22,"saturn,node,jupiter,neptune",0.1605,-13.0314,False,5.34
acura,full,Leo,134.4,"saturn,node,jupiter,mars",-0.0098,-1.3568,False,1.27
adana,relaxed,Scorpio,238.19,"saturn,sun,pluto,mercury",-3.3077,-8.4319,False,0.94
add,full,Pisces,352.3,"chiron,neptune,jupiter,mars",-9.2904,-9.5515,False,5.93
add-ons,full,Capricorn,297.69,"chiron,uranus,venus,pluto",-0.0305,-0.0966,False,7.75
adelaide,full,Aquarius,323.62,"uranus,node,venus,sun",0.1423,-4.2288,False,3.18
adhd,full,Pisces,341.28,"node,jupiter,uranus,neptune",0.8061,-6.7255,False,6.77
adhesives,full,Taurus,55.97,"chiron,uranus,neptune,pluto",0.009,-3.598,False,2.16
administrative jobs,full,Aries,1.83,"mercury,chiron,node,saturn",-0.3833,-3.5589,False,3.39
admissions tests,full,Gemini,80.88,"jupiter,uranus,neptune,sun",-93478590.8292,-0.3456,False,4.03
adoption,full,Sagittarius,251.71,"saturn,jupiter,chiron,neptune",0.2484,-3.1801,False,2.01
adventure films,full,Scorpio,225.8,"saturn,mars,pluto,neptune",0.3118,-2.5966,False,4.07
adventure games,full,Pisces,341.67,"uranus,chiron,sun,mercury",-0.8194,-27.9523,False,2.39
adventure travel,full,Aries,6.58,"chiron,uranus,neptune,venus",0.4498,-2.1963,False,15.44
advertising,full,Virgo,173.82,"saturn,jupiter,node,pluto",-0.2668,-3.2039,False,1.81
advocacy,full,Aries,6.15,"chiron,uranus,neptune,jupiter",0.0082,-1.1223,False,18.42
aegean islands,full,Taurus,32.77,"chiron,node,neptune,mars",-0.0218,0.004,True,25.71
aegean turkey,full,Gemini,80.72,"sun,saturn,node,pluto",0.0792,-0.3257,False,2.05
aerospace,full,Pisces,339.94,"chiron,uranus,venus,neptune",-0.5669,-1.2206,False,12.13
affiliate programs,full,Pisces,349.34,"jupiter,node,saturn,uranus",-0.0007,-1.5507,False,5.36
afghanistan,full,Leo,121.24,"saturn,mars,mercury,sun",0.1586,-0.1889,False,4.37
africa,full,Virgo,151.35,"saturn,mars,node,jupiter",-0.5883,-0.1959,False,1.45
african music,full,Scorpio,220.35,"saturn,node,pluto,chiron",-0.2734,-1.2981,False,1.69
african-americans,full,Gemini,86.01,"node,uranus,chiron,neptune",0.21,-4.3299,False,2.01
africans,full,Pisces,337.08,"uranus,jupiter,sun,mercury",0.1088,-29.1834,False,2.71
aftermarket auto parts,full,Scorpio,226.8,"saturn,pluto,neptune,sun",-1345293601.9718,-0.3217,False,4.63
aging,full,Aries,13.74,"chiron,uranus,mars,neptune",-0.4732,-4.3108,False,7.76
agra,full,Aquarius,312.29,"saturn,mars,node,jupiter",0.5837,-0.5552,False,8.2
agricultural equipment,full,Capricorn,281.8,"saturn,pluto,mars,sun",-0.0421,-0.9881,False,8.56
agriculture,full,Taurus,44.91,"node,chiron,uranus,neptune",0.2305,-14.2788,False,8.3
agritourism,full,Aquarius,306.97,"saturn,mars,jupiter,pluto",0.1659,-0.0545,False,6.75
agrochemicals,full,Aries,29.84,"node,uranus,sun,mercury",0.3542,-3.1444,False,3.39
ahmedabad,full,Capricorn,299.82,"node,chiron,uranus,saturn",0.3652,-0.377,False,14.8
aichi,full,Aquarius,315.21,"uranus,chiron,venus,node",0.2367,-1.1968,False,4.04
aids,full,Scorpio,234.47,"saturn,mars,pluto,neptune",-2.8114,-17.0192,False,1.1
air conditioners,full,Taurus,50.84,"node,jupiter,mars,venus",0.3069,0.2098,True,13.96
air filters,full,Cancer,97.29,"jupiter,node,venus,sun",-0.52,-3.2806,False,4.19
air force,full,Capricorn,293.87,"saturn,uranus,chiron,pluto",-0.1112,-2.0808,False,5.47
air freight,full,Pisces,350.8,"chiron,uranus,venus,pluto",0.1215,-1.1975,False,4.34
air travel,full,Pisces,331.68,"saturn,mars,chiron,node",-0.7891,-6.9393,False,3.52
airport parking,full,Aquarius,309.17,"mars,saturn,pluto,venus",-0.1749,-11.569,False,3.44
akita,full,Sagittarius,250.37,"node,neptune,pluto,sun",-0.2937,-2.3924,False,5.36
alabama,full,Virgo,154.88,"saturn,pluto,node,mars",0.2321,-0.2464,False,3.46
alagoas,full,Pisces,351.9,"chiron,jupiter,mars,neptune",0.0576,-1.1977,False,3.25
alaska,full,Sagittarius,251.98,"saturn,node,pluto,chiron",-0.2045,-5.6351,False,4.28
albania,full,Scorpio,225.22,"node,saturn,mars,jupiter",0.0692,-1.3729,False,21.42
alberta,full,Capricorn,283.67,"node,chiron,uranus,neptune",0.1107,-0.0178,False,3.16
albuquerque-santa fe,relaxed,Virgo,167.11,"saturn,mars,jupiter,sun",1.0,1.0,False,0.0
alcohol testing,full,Taurus,52.06,"node,uranus,chiron,neptune",-0.265,-2.9216,False,4.79
alcohol treatment,full,Aries,28.6,"chiron,neptune,node,uranus",0.3452,-8.7422,False,5.98
alfa romeo,full,Leo,141.28,"saturn,node,jupiter,pluto",0.3218,-0.6877,False,1.68
algarve,full,Leo,138.02,"saturn,jupiter,node,pluto",-0.1215,-0.9094,False,6.16
algeria,relaxed,Libra,195.03,"saturn,node,pluto,mars",-1.3268,-9.2692,False,0.59
alicante,full,Aquarius,308.21,"node,uranus,chiron,neptune",0.1593,-48.7874,False,2.34
allergies,full,Capricorn,291.0,"saturn,jupiter,mars,chiron",-0.4136,-9.429,False,2.24
alsace,full,Capricorn,298.47,"chiron,uranus,neptune,sun",-2.1442,-21.7735,False,1.02
alternative,full,Pisces,339.07,"saturn,chiron,pluto,neptune",0.2053,-3.595,False,4.21
alternative energy,full,Pisces,337.13,"uranus,venus,mars,node",-35.3751,-36.2326,False,2.57
alternative music,full,Leo,141.7,"saturn,jupiter,node,pluto",-0.0203,-1.4304,False,2.21
alternative vehicles,full,Sagittarius,258.69,"sun,mercury,venus,mars",0.133,-0.5462,False,4.63
alumni,full,Virgo,172.63,"saturn,pluto,neptune,venus",-0.2575,-0.4849,False,1.49
alzheimer's disease,full,Capricorn,291.19,"node,uranus,chiron,saturn",0.0285,-13.0035,False,5.25
amalfi coast,full,Taurus,49.94,"venus,mercury,sun,mars",-0.3821,-5.1187,False,17.75
amateur,full,Cancer,106.6,"saturn,jupiter,node,mars",-15.6062,-3.2769,False,1.67
amazonas,full,Scorpio,233.9,"saturn,mars,node,pluto",0.3084,-0.7204,False,2.11
american football,full,Sagittarius,268.11,"chiron,uranus,saturn,neptune",-4.2556,-12.7537,False,1.31
american football equipment,full,Taurus,45.87,"node,jupiter,chiron,mercury",-0.0599,-0.1175,False,26.17
amphibians,full,Pisces,339.56,"saturn,mars,mercury,neptune",-1.7883,-0.898,False,8.69
amsterdam,full,Virgo,170.74,"saturn,node,pluto,jupiter",-0.4188,-1.6753,False,1.48
analytics,full,Aries,8.97,"chiron,mars,venus,neptune",0.0699,-9.4184,False,6.43
anatomy,full,Capricorn,292.23,"jupiter,node,saturn,chiron",-0.237,-3.1914,False,3.33
ancestry,full,Virgo,175.91,"saturn,mars,mercury,jupiter",-0.8635,-0.5974,False,4.21
andalucia,full,Leo,141.01,"saturn,node,neptune,chiron",0.0276,-0.1187,False,6.18
andhra pradesh,full,Capricorn,292.8,"saturn,jupiter,pluto,mars",-0.0101,-2.7415,False,12.8
andorra,full,Capricorn,290.03,"node,jupiter,uranus,chiron",0.0669,-0.1209,False,2.62
android apps,full,Scorpio,235.29,"saturn,mars,pluto,neptune",0.5255,-0.52,False,3.65
android os,full,Sagittarius,254.81,"saturn,mars,pluto,sun",-0.2386,-0.3161,False,5.15
angola,full,Virgo,163.77,"saturn,node,mars,pluto",-0.5354,-2.9993,False,2.22
anhui,relaxed,Aquarius,327.69,"chiron,uranus,venus,sun",-1165506.2889,-0.0329,False,17.39
animal products,full,Aquarius,304.8,"saturn,pluto,jupiter,neptune",0.0188,-0.3494,False,4.91
animal sports,full,Cancer,107.98,"saturn,jupiter,node,chiron",0.0132,-0.2634,False,5.62
animal welfare,full,Pisces,358.82,"chiron,uranus,neptune,mars",-0.3861,-5.6135,False,6.09
animals,relaxed,Cancer,105.6,"jupiter,saturn,uranus,chiron",-0.3791,-317.341,False,0.93
animated films,full,Scorpio,231.93,"saturn,mars,pluto,sun",-1.7476,-14.6804,False,5.52
animated gifs,relaxed,Scorpio,211.85,"saturn,mars,node,pluto",-5315415865.0896,-0.0486,False,0.17
animation,full,Pisces,358.31,"chiron,neptune,uranus,mars",-1.066,-9.1006,False,5.33
animation software,full,Scorpio,235.34,"saturn,pluto,node,neptune",0.3137,-6.1981,False,4.44
anime,full,Pisces,348.99,"node,chiron,pluto,neptune",-0.8203,-10.5443,False,4.58
ankara,full,Libra,189.93,"saturn,node,pluto,venus",-0.0181,-0.0328,False,8.41
anniversaries,full,Aquarius,316.11,"saturn,pluto,venus,sun",0.0859,-0.8846,False,3.46
antalya,full,Aquarius,308.96,"node,saturn,jupiter,mars",-0.0539,-0.3245,False,5.63
anthropology,full,Aquarius,323.18,"uranus,chiron,mars,neptune",-0.4334,-4.2402,False,5.78
anti-aging skin care products,relaxed,Capricorn,277.99,"saturn,uranus,jupiter,sun",1.0,-0.0665,False,23.26
antigua,full,Pisces,339.34,"chiron,uranus,jupiter,sun",-0.702,-48.3573,False,2.05
antiperspirants,full,Pisces,337.39,"venus,chiron,neptune,pluto",0.0014,-0.4028,False,11.62
antiques,full,Capricorn,289.63,"node,saturn,chiron,jupiter",0.3334,-3.3597,False,4.27
antivirus,full,Virgo,164.44,"saturn,pluto,node,neptune",0.3819,-5.739,False,3.16
anxiety,full,Capricorn,294.81,"saturn,node,pluto,jupiter",-0.0415,-0.2157,False,19.72
aomori,full,Scorpio,238.07,"uranus,node,mars,chiron",-0.017,-5.2445,False,6.41
aosta valley,full,Libra,190.91,"node,uranus,neptune,saturn",-0.1322,-2.8957,False,2.06
apparel,full,Libra,208.36,"jupiter,saturn,neptune,pluto",0.1004,-0.4067,False,2.57
apparel services,relaxed,Gemini,75.05,"saturn,chiron,uranus,pluto",-63806891.2934,-1.4467,False,0.35
apple ios,full,Leo,134.88,"jupiter,node,mercury,sun",0.1717,0.0811,True,6.69
appraisals,full,Taurus,54.15,"jupiter,uranus,node,mars",0.1283,-0.2088,False,21.55
aquaculture,full,Pisces,340.64,"chiron,uranus,mars,venus",-2.4119,-5.7663,False,5.36
aquaria,full,Cancer,99.41,"jupiter,chiron,node,uranus",0.2963,-6.4823,False,2.06
aquariums,full,Libra,200.6,"chiron,saturn,jupiter,neptune",0.5045,-0.5471,False,4.01
aquitaine,full,Aquarius,329.82,"uranus,chiron,venus,mars",-0.0581,-4.6352,False,2.46
arabs,relaxed,Libra,183.51,"saturn,node,pluto,neptune",-4704459928.9133,-17362201448.9271,False,0.0
aragon,relaxed,Virgo,170.34,"saturn,pluto,neptune,sun",0.0093,-0.0794,False,0.51
arcade,full,Pisces,330.97,"jupiter,uranus,node,chiron",0.1592,-15.1262,False,1.84
archaeology,full,Pisces,344.23,"uranus,jupiter,mars,sun",-1.1202,-0.3237,False,22.09
architecture,full,Pisces,336.77,"chiron,uranus,venus,mars",-1.5044,-10.2823,False,6.2
argentina,full,Cancer,115.35,"saturn,jupiter,node,mars",0.2691,-0.1791,False,16.83
arizona,full,Sagittarius,254.63,"node,chiron,saturn,uranus",0.4361,-6.9096,False,2.34
arkansas,full,Scorpio,218.1,"pluto,saturn,chiron,neptune",-0.0453,-2.7293,False,6.84
armchairs,relaxed,Libra,192.18,"node,saturn,venus,sun",0.0083,-0.043,False,0.86
armenia,full,Scorpio,213.43,"node,saturn,pluto,mars",0.0909,-0.6874,False,1.23
army,full,Pisces,338.66,"node,uranus,jupiter,saturn",0.0913,-34.2356,False,4.16
art,full,Aquarius,329.17,"chiron,uranus,neptune,pluto",0.2532,-2.9722,False,4.67
art museums,full,Taurus,46.2,"node,uranus,chiron,neptune",-0.1438,-1.3725,False,6.27
arthritis,full,Aries,22.7,"chiron,uranus,neptune,mars",0.4987,-3.3621,False,4.18
artificial intelligence,full,Pisces,355.28,"mars,venus,chiron,neptune",-0.5404,-10.9656,False,13.54
arts,full,Capricorn,294.5,"node,uranus,saturn,jupiter",-0.2424,-2.574,False,4.17
aruba,full,Aquarius,325.95,"node,uranus,chiron,venus",-0.3896,-2.5805,False,3.41
asia,full,Pisces,338.94,"node,jupiter,uranus,chiron",0.1438,-0.4036,False,9.53
asians,relaxed,Cancer,107.42,"saturn,node,mercury,uranus",-11.8818,-52.8226,False,0.68
asmr videos,full,Capricorn,298.34,"saturn,jupiter,pluto,sun",0.5065,-7.0549,False,10.69
asset,full,Aries,17.8,"chiron,uranus,neptune,node",-0.7941,-7.2132,False,4.95
assisted living,full,Aries,13.99,"jupiter,uranus,chiron,mars",-0.0005,-1.2956,False,8.79
assistive technology,full,Pisces,333.62,"chiron,uranus,sun,mars",-0.0322,-14.6126,False,3.11
asthma,full,Capricorn,292.47,"saturn,jupiter,pluto,chiron",0.1658,-5.7345,False,5.01
astrology,full,Gemini,61.72,"node,uranus,chiron,neptune",-0.684,-7.5596,False,10.89
astronomy,full,Virgo,158.68,"saturn,node,jupiter,pluto",-0.123,-1.9256,False,4.31
asturias,full,Leo,141.43,"saturn,node,pluto,jupiter",0.1041,-0.6737,False,1.14
athens,relaxed,Sagittarius,245.23,"chiron,pluto,jupiter,sun",-3.1712,-12.6374,False,0.65
athleisure,full,Gemini,73.21,"node,saturn,uranus,chiron",0.1374,-3.3835,False,6.43
athletic apparel,full,Taurus,41.74,"uranus,sun,mercury,venus",-0.0804,-0.2817,False,1.82
athletic shoes,full,Aries,21.88,"chiron,uranus,node,neptune",0.3125,-0.057,False,1.62
atlanta,full,Pisces,332.46,"uranus,node,venus,jupiter",-0.0846,-5.5198,False,4.14
atlantic city,full,Virgo,162.08,"saturn,node,jupiter,mars",-0.2204,-0.2568,False,1.98
atlantic provinces,full,Taurus,46.8,"node,jupiter,saturn,sun",0.0108,0.1415,True,29.66
atmospheric science,full,Aquarius,300.53,"saturn,jupiter,pluto,sun",0.0308,-1.2627,False,20.85
atms,full,Aries,13.98,"chiron,neptune,uranus,saturn",0.0411,-9.5425,False,4.69
auckland,full,Libra,189.98,"pluto,node,saturn,chiron",-0.2553,-0.2954,False,15.38
auctions,full,Pisces,336.37,"uranus,jupiter,chiron,neptune",0.1969,-17.6304,False,5.21
audi,full,Scorpio,229.98,"saturn,chiron,neptune,pluto",0.0851,-2.8051,False,4.79
audio,full,Aries,8.97,"chiron,uranus,sun,mercury",-1.0887,-4.1011,False,2.62
audio equipment,full,Pisces,357.39,"chiron,neptune,uranus,saturn",-0.1245,-8.0148,False,9.5
audio file formats,full,Aries,5.17,"saturn,mars,pluto,chiron",0.0322,-0.3075,False,16.24
audio shopping,relaxed,Aries,2.57,"node,sun,uranus,chiron",-0.1811,-12.473,False,0.5
audiobooks,full,Aries,7.11,"chiron,uranus,node,pluto",0.7642,-0.4459,False,11.58
auditing,full,Pisces,357.03,"saturn,chiron,pluto,neptune",0.2175,-4.0442,False,9.92
augmented,full,Virgo,176.99,"saturn,jupiter,node,pluto",0.4005,-0.5115,False,6.63
australia,full,Libra,181.24,"node,saturn,pluto,mercury",0.0588,-0.236,False,13.66
australian football,relaxed,Capricorn,288.1,"uranus,node,chiron,sun",-3.9969,-3.681,False,0.75
austria,full,Gemini,70.89,"saturn,mercury,jupiter,sun",0.2776,-0.7101,False,5.58
autism spectrum disorders,full,Capricorn,285.03,"node,uranus,chiron,pluto",0.0403,0.0689,True,3.16
auto batteries,full,Taurus,53.8,"node,saturn,sun,mercury",-0.0563,-1.4427,False,1.38
auto body repair,full,Virgo,170.39,"saturn,node,pluto,jupiter",-0.0824,-3.1639,False,2.73
auto brakes,full,Taurus,30.09,"saturn,pluto,neptune,chiron",0.1848,-2.6425,False,2.28
auto exterior,full,Cancer,90.04,"node,uranus,mercury,chiron",0.5565,-3.9263,False,7.16
auto financing,full,Aquarius,300.99,"saturn,jupiter,pluto,sun",0.1095,-0.1918,False,22.24
auto glass repair,full,Gemini,73.95,"node,uranus,chiron,neptune",0.0611,-2.542,False,6.32
auto insurance,full,Scorpio,224.41,"mars,saturn,chiron,pluto",0.4344,-1.4324,False,7.7
auto interior,full,Leo,127.44,"chiron,uranus,jupiter,sun",-2.5601,-56.0316,False,3.22
auto leasing,full,Taurus,48.77,"node,uranus,mars,chiron",-0.1001,-1.3975,False,3.45
auto racing,full,Cancer,115.77,"saturn,jupiter,pluto,sun",-0.5382,-2.878,False,4.23
automotive electronic components,relaxed,Aries,27.65,"jupiter,uranus,node,chiron",-0.0333,1.0,False,0.0
automotive industry,full,Pisces,359.88,"chiron,neptune,saturn,pluto",0.3649,-1.5336,False,12.13
autonomous vehicles,full,Gemini,62.81,"node,mars,uranus,chiron",0.078,-1.9501,False,7.08
autos,full,Scorpio,223.54,"saturn,node,pluto,chiron",0.5591,-1.159,False,1.66
auvergne,relaxed,Virgo,164.65,"saturn,node,pluto,jupiter",0.2926,-1.3789,False,0.74
aviation industry,full,Capricorn,293.47,"saturn,jupiter,pluto,mercury",0.0181,-9.9689,False,10.43
azerbaijan,relaxed,Scorpio,216.75,"saturn,pluto,sun,mercury",0.0272,-0.1835,False,0.88
azores,full,Pisces,339.71,"uranus,node,venus,chiron",0.01,-0.4086,False,11.56
b,full,Libra,186.76,"node,saturn,pluto,neptune",0.0665,-1.6304,False,2.2
babies,full,Capricorn,289.05,"saturn,uranus,chiron,pluto",-0.3928,-7.3762,False,1.39
baby,full,Sagittarius,268.03,"node,jupiter,saturn,chiron",-7.8668,-22.7726,False,2.19
baby care,full,Pisces,355.67,"jupiter,node,chiron,uranus",0.1558,-1.1092,False,8.13
baby feeding,full,Aquarius,317.63,"saturn,jupiter,node,chiron",0.0537,-1.6756,False,3.78
baby food,full,Aquarius,300.04,"saturn,pluto,sun,mercury",0.278,-4.6229,False,6.65
baby formula,full,Pisces,353.05,"jupiter,mars,sun,mercury",-0.196,-22.0311,False,3.47
baby safety,full,Aquarius,322.95,"jupiter,node,uranus,chiron",0.0512,-1.6031,False,2.96
baby showers,relaxed,Scorpio,231.6,"node,pluto,neptune,chiron",-0.1215,-0.6577,False,0.43
baby strollers,full,Capricorn,271.38,"saturn,jupiter,pluto,sun",0.1529,-6.9916,False,1.69
bachelor,full,Aquarius,307.62,"venus,saturn,sun,pluto",0.2677,-4.4234,False,11.84
bachelorette parties,full,Aquarius,313.32,"pluto,chiron,neptune,uranus",0.0331,-0.0446,False,1.26
backpacks,full,Cancer,96.26,"saturn,mars,pluto,sun",-0.0761,-1.1043,False,6.01
badminton,full,Pisces,346.5,"saturn,uranus,node,chiron",0.0796,-0.4079,False,6.14
bahamas,full,Sagittarius,249.3,"saturn,node,jupiter,mars",-0.2882,-7.7383,False,2.32
bahia,full,Scorpio,217.94,"saturn,pluto,mars,jupiter",0.2238,-2.0778,False,4.99
bahrain,full,Aquarius,319.55,"mercury,node,venus,sun",0.0789,-0.0296,False,20.69
baja california,full,Virgo,156.96,"saturn,mars,uranus,sun",-0.0433,-0.1382,False,1.81
baked goods,full,Gemini,67.07,"node,uranus,chiron,saturn",-0.4199,-0.8836,False,12.13
bakeries,full,Aries,10.96,"chiron,uranus,neptune,venus",0.0858,-2.4965,False,5.66
balearic islands,full,Taurus,55.29,"node,chiron,saturn,mars",-0.1206,-4.5249,False,17.09
bali,full,Aries,25.16,"chiron,uranus,neptune,node",0.6813,-2.528,False,7.19
ballet,full,Virgo,152.34,"saturn,node,pluto,chiron",0.5156,-0.8199,False,1.15
baltics,full,Pisces,348.88,"chiron,uranus,venus,neptune",0.0335,-6.5056,False,5.63
baltimore metro,full,Aries,12.33,"jupiter,saturn,chiron,pluto",0.0765,0.0205,True,3.97
bandung,full,Aries,4.78,"chiron,neptune,mars,saturn",0.1578,-0.8709,False,9.19
bangalore,full,Taurus,32.67,"chiron,node,uranus,neptune",0.5384,-6.3229,False,8.15
bangkok,full,Leo,148.27,"saturn,jupiter,node,mars",-0.9693,-7.2574,False,2.37
bangladesh,full,Taurus,36.03,"node,chiron,uranus,neptune",0.3466,-0.5072,False,13.02
banking,full,Taurus,48.68,"node,uranus,chiron,neptune",-0.0138,-33.4919,False,3.78
bankruptcy,full,Leo,142.17,"saturn,node,venus,pluto",0.1482,-5.2678,False,1.35
barbados,full,Leo,129.71,"saturn,node,mars,mercury",-0.1565,-0.2856,False,4.45
barbecues,full,Capricorn,278.97,"saturn,jupiter,mars,pluto",0.2293,-6.6613,False,3.71
barbuda,relaxed,Aquarius,316.4,"pluto,saturn,neptune,sun",-0.0341,-0.0335,False,0.86
barcelona,full,Libra,188.95,"saturn,jupiter,node,pluto",0.0224,-0.0503,False,7.07
bari,full,Aries,10.5,"jupiter,chiron,uranus,node",0.8365,-0.5904,False,3.16
bars,full,Leo,131.95,"saturn,jupiter,node,sun",0.1707,-2.0019,False,2.35
baseball,full,Aquarius,300.31,"node,uranus,chiron,venus",-0.2651,-0.443,False,5.79
basilicata,relaxed,Sagittarius,249.07,"node,chiron,neptune,uranus",-0.0447,-7.599,False,0.33
basketball,full,Leo,134.31,"saturn,jupiter,node,mars",-0.2902,-0.8772,False,4.44
basketball equipment,full,Gemini,61.59,"node,uranus,chiron,neptune",-0.1594,-5.5081,False,5.65
basque country,full,Pisces,355.22,"uranus,sun,jupiter,chiron",0.1686,-0.1211,False,17.02
bath,full,Libra,189.13,"pluto,jupiter,node,saturn",-1.0747,-0.5033,False,1.45
bathroom,full,Capricorn,286.14,"node,jupiter,uranus,pluto",-0.8666,-13.5784,False,2.93
baton rouge,relaxed,Leo,137.01,"saturn,jupiter,venus,pluto",0.0087,-12.6364,False,0.5
battle royale games,full,Gemini,72.19,"node,jupiter,saturn,sun",0.8445,-0.7577,False,6.1
bavaria,full,Capricorn,289.2,"node,chiron,uranus,neptune",0.0716,-39.8045,False,1.03
bbq,full,Aries,20.28,"chiron,uranus,neptune,mercury",0.338,-2.4258,False,7.9
beaches,full,Leo,140.49,"saturn,node,mars,jupiter",-1.2306,-0.0875,False,4.1
beauty,full,Pisces,339.6,"chiron,uranus,mars,pluto",-0.2947,-2.3176,False,1.69
beauty pageants,full,Capricorn,283.22,"uranus,node,chiron,mars",-1.121,-3.5236,False,1.38
beauty professionals,full,Gemini,65.5,"node,uranus,chiron,neptune",0.0126,0.0072,True,16.88
beauty services,full,Cancer,106.65,"jupiter,sun,mercury,venus",-0.0232,-0.1715,False,1.9
bed,full,Sagittarius,255.64,"node,uranus,chiron,jupiter",0.5006,-0.4139,False,2.95
bed linens,full,Aries,16.4,"uranus,node,chiron,neptune",0.0628,-0.0224,False,4.42
bedding,full,Pisces,330.42,"saturn,neptune,chiron,venus",-0.115,-0.2474,False,8.55
bedroom,full,Capricorn,291.12,"node,chiron,uranus,jupiter",-3.3415,-41.1836,False,1.22
beds,full,Sagittarius,264.01,"neptune,node,pluto,sun",0.1174,-0.9206,False,1.75
beef,full,Pisces,350.38,"uranus,saturn,chiron,neptune",-0.0563,-0.6486,False,5.81
beijing,relaxed,Aquarius,302.11,"node,jupiter,uranus,chiron",-0.0507,-88.1219,False,0.17
belarus,full,Sagittarius,249.37,"node,saturn,mars,jupiter",0.0409,-1.4221,False,1.48
belgium,full,Cancer,110.21,"node,jupiter,saturn,mars",0.2263,-1.8213,False,4.34
belief,full,Sagittarius,261.07,"chiron,node,uranus,neptune",-2.3091,-2.6912,False,1.82
belize,full,Pisces,336.53,"uranus,node,chiron,sun",0.0307,-0.0596,False,4.36
belo horizonte,full,Sagittarius,260.46,"pluto,node,chiron,uranus",-0.0404,-0.3413,False,1.35
benefits,full,Capricorn,292.6,"saturn,pluto,sun,mercury",0.1754,-15.2512,False,5.74
benelux,relaxed,Sagittarius,253.94,"node,chiron,mars,neptune",-0.9526,-0.1162,False,0.66
bentley,relaxed,Virgo,171.21,"node,chiron,neptune,uranus",-0.3941,-11.3226,False,0.96
berlin,full,Sagittarius,255.39,"saturn,jupiter,pluto,neptune",0.3188,-1.2427,False,1.58
bermuda,full,Capricorn,277.64,"saturn,node,chiron,neptune",0.1895,-11.1669,False,2.19
beverages,full,Pisces,333.55,"chiron,neptune,saturn,node",0.3026,-0.836,False,10.25
bhutan,full,Taurus,39.97,"chiron,node,uranus,neptune",0.4799,-4.3182,False,15.13
bicycles,relaxed,Virgo,150.55,"saturn,jupiter,pluto,neptune",0.178,-5.3275,False,0.48
big island (hawaii),full,Pisces,331.92,"uranus,venus,node,mercury",0.1885,-0.0849,False,16.26
bihar,full,Aquarius,318.75,"saturn,jupiter,sun,mercury",-0.1627,-0.4392,False,3.41
bike accessories,full,Taurus,47.07,"chiron,node,uranus,neptune",0.2782,-18.3734,False,4.19
bike frames,full,Gemini,68.34,"jupiter,node,venus,mercury",0.2611,-11.6094,False,2.39
bike helmets,full,Capricorn,286.91,"saturn,pluto,neptune,sun",-0.0123,-0.0125,False,14.06
bike parts,full,Taurus,41.2,"node,jupiter,uranus,chiron",0.339,-14.4132,False,4.05
bike rentals,full,Aries,16.54,"chiron,neptune,node,saturn",0.5298,-1.8214,False,12.01
bilbao,full,Sagittarius,260.26,"uranus,sun,mercury,chiron",0.1321,-4.7948,False,4.24
billiards,full,Aquarius,329.89,"node,uranus,chiron,mars",-0.8285,-3.0196,False,4.44
billing,full,Gemini,63.74,"uranus,chiron,node,neptune",0.4071,-1.9111,False,7.52
binoculars,full,Scorpio,233.37,"uranus,node,chiron,pluto",0.1939,-3.2983,False,1.33
biographies,full,Aquarius,321.87,"uranus,chiron,mars,sun",0.5168,-4.1679,False,10.17
biological sciences,full,Taurus,35.18,"chiron,neptune,node,mars",0.1763,-0.4299,False,4.94
biotech,full,Pisces,357.22,"chiron,node,neptune,uranus",-0.646,-2.7698,False,9.41
birds,full,Pisces,333.23,"uranus,chiron,mercury,pluto",-0.3789,-2.6913,False,5.46
birdwatching,full,Aquarius,302.13,"pluto,sun,jupiter,venus",-0.0612,-0.8625,False,19.59
birmingham (al),full,Leo,149.17,"saturn,pluto,uranus,chiron",-0.0136,-0.5127,False,7.07
birmingham (uk),full,Leo,149.81,"saturn,jupiter,pluto,chiron",-0.0275,-1.2418,False,3.4
birth control,full,Scorpio,223.3,"jupiter,chiron,pluto,saturn",0.2313,-1.7378,False,3.12
birthdays,full,Sagittarius,260.62,"jupiter,saturn,mars,pluto",0.4982,-2.9113,False,3.81
bisexual,full,Gemini,82.93,"jupiter,saturn,node,chiron",0.4153,-13.085,False,2.71
bizarre,full,Sagittarius,252.16,"chiron,jupiter,uranus,neptune",0.6976,-4.8571,False,1.34
black sea turkey,full,Aquarius,302.45,"saturn,pluto,jupiter,chiron",-0.011,-1.158,False,3.73
blackberry os,relaxed,Scorpio,232.08,"node,chiron,neptune,pluto",-2086023053.8874,-20.4562,False,0.24
blenders,full,Leo,149.61,"chiron,node,uranus,saturn",0.2404,-0.0555,False,2.94
blindness,relaxed,Libra,201.1,"saturn,node,pluto,chiron",-0.0222,-1.3459,False,0.92
blogging resources,full,Scorpio,237.84,"jupiter,saturn,sun,mercury",-5983661814.953,-0.0323,False,9.57
blood conditions,full,Pisces,348.96,"jupiter,node,saturn,pluto",0.0489,-1.8581,False,2.85
blood sugar,full,Leo,144.77,"saturn,jupiter,pluto,chiron",-0.1695,-2.7497,False,1.68
blu-ray players,full,Scorpio,223.14,"saturn,sun,mercury,venus",-0.0124,-0.027,False,1.7
blues,full,Virgo,163.11,"saturn,node,pluto,jupiter",-0.1489,-24.7657,False,1.39
bluetooth accessories,full,Taurus,54.49,"node,uranus,mercury,chiron",-0.1438,-7.0521,False,1.55
bmw,full,Libra,205.25,"pluto,chiron,saturn,neptune",-1.0142,-11.4953,False,1.78
bmx bikes,relaxed,Sagittarius,263.37,"node,chiron,uranus,neptune",0.1416,-26.6108,False,0.56
board games,full,Aries,7.06,"chiron,uranus,neptune,pluto",0.1353,-2.7843,False,6.69
boating,full,Capricorn,275.59,"uranus,node,jupiter,sun",-0.2428,0.0972,True,4.25
boats,full,Leo,140.39,"saturn,jupiter,node,pluto",0.2608,-0.5205,False,1.41
bodrum,full,Virgo,159.26,"jupiter,node,saturn,mercury",-0.1144,0.0047,True,1.92
body art,full,Libra,209.26,"chiron,saturn,pluto,neptune",0.1619,-0.1714,False,18.78
body care,full,Aries,18.63,"jupiter,node,uranus,mars",-5.5369,-16.02,False,1.11
body mounted,full,Taurus,49.52,"node,jupiter,saturn,pluto",-0.0929,-1.3632,False,19.6
body products,full,Taurus,44.65,"uranus,chiron,node,jupiter",-0.5612,-0.2096,False,9.91
body soaps,full,Gemini,64.66,"node,uranus,chiron,saturn",-0.0041,-2.5566,False,10.48
body sprays,full,Gemini,73.47,"node,uranus,chiron,neptune",0.2006,-3.3897,False,3.51
bodybuilding,full,Virgo,175.33,"saturn,pluto,node,chiron",-0.9446,0.2552,True,2.56
bogota,full,Virgo,153.39,"saturn,node,pluto,chiron",0.1768,-0.1394,False,2.71
bolivia,full,Scorpio,226.46,"jupiter,saturn,node,venus",0.0209,-0.0255,False,11.65
bollywood,full,Cancer,95.58,"node,jupiter,mars,uranus",0.4991,-2.4013,False,3.62
bollywood music,full,Aquarius,311.41,"saturn,jupiter,chiron,neptune",-1.3591,-3.1366,False,2.79
bologna,full,Sagittarius,259.96,"node,chiron,uranus,neptune",-0.0094,0.0502,True,4.28
bonaire,full,Leo,126.05,"saturn,jupiter,node,pluto",-0.0417,-0.0922,False,14.99
bonds,full,Leo,128.11,"saturn,jupiter,sun,pluto",0.0903,-0.2537,False,8.19
book retailers,relaxed,Aries,27.65,"jupiter,uranus,node,chiron",-0.0333,-0.065,False,21.21
bookkeeping,full,Aries,29.33,"uranus,chiron,node,jupiter",0.1976,-2.2066,False,9.8
books,full,Aries,7.06,"chiron,uranus,neptune,node",-0.0691,-0.4273,False,5.3
boots,full,Leo,146.45,"saturn,node,pluto,jupiter",-0.4897,-0.8097,False,10.54
bora bora,full,Pisces,336.64,"node,uranus,jupiter,sun",0.05,-15.1209,False,2.27
bordeaux,full,Leo,132.47,"saturn,node,mars,pluto",-0.1214,-0.3142,False,1.41
border issues,full,Taurus,48.56,"node,uranus,chiron,saturn",-0.0903,-0.9572,False,7.1
bosnia and herzegovina,full,Scorpio,238.95,"node,pluto,neptune,sun",0.004,-0.1251,False,2.41
boston metro,full,Libra,200.81,"chiron,jupiter,neptune,pluto",-0.387,-0.9837,False,1.24
botswana,full,Pisces,340.41,"uranus,jupiter,venus,chiron",0.0712,-1.3453,False,12.24
bottled water,full,Cancer,111.14,"saturn,jupiter,node,pluto",-0.5753,-2.1096,False,1.45
bowling,full,Aquarius,310.08,"node,uranus,sun,mercury",0.2971,-1.3429,False,7.99
bowling equipment,full,Taurus,31.42,"chiron,neptune,venus,node",-0.0044,-0.8333,False,25.07
boxing,full,Leo,130.04,"saturn,mars,jupiter,node",0.2612,-2.5433,False,3.06
boxing gloves,full,Pisces,351.56,"jupiter,node,saturn,uranus",-0.3233,-2.5624,False,4.5
brainteasers,full,Leo,149.59,"node,saturn,chiron,venus",0.0063,-4.6322,False,7.44
brake service,full,Taurus,45.47,"chiron,uranus,jupiter,neptune",0.6822,-0.952,False,12.54
branch locations,full,Gemini,89.09,"jupiter,node,saturn,chiron",-0.3153,-6.0272,False,2.67
brand management,full,Pisces,347.39,"chiron,neptune,saturn,pluto",0.2664,-6.3343,False,2.02
brandenburg,full,Leo,145.02,"saturn,jupiter,pluto,uranus",0.2815,0.0294,True,3.73
brasilia,full,Virgo,179.3,"saturn,node,jupiter,pluto",-0.242,-2.0446,False,3.31
brazil,full,Leo,140.76,"saturn,node,mars,pluto",0.186,-0.3525,False,5.01
brazilian music,full,Virgo,158.03,"saturn,node,mars,sun",-0.935,-7.2278,False,5.41
bread makers,full,Aquarius,302.18,"saturn,chiron,neptune,sun",-0.0948,-0.4478,False,23.04
breakfast foods,full,Aquarius,306.04,"chiron,uranus,neptune,pluto",-0.2836,-0.2062,False,8.2
breastfeeding,full,Pisces,334.85,"node,chiron,pluto,neptune",0.546,-0.173,False,10.11
bremen,full,Leo,146.08,"saturn,mercury,pluto,chiron",0.0823,0.0155,True,2.12
bridal wear,full,Capricorn,293.99,"saturn,pluto,sun,neptune",-0.0089,-0.0345,False,6.85
brisbane,full,Cancer,110.75,"saturn,pluto,jupiter,chiron",-0.0506,-0.1947,False,2.09
bristol,full,Capricorn,299.63,"node,uranus,chiron,neptune",0.0335,-20.6144,False,1.14
british columbia,full,Taurus,40.3,"node,chiron,saturn,uranus",-0.0597,-0.6136,False,2.97
brittany,relaxed,Aquarius,317.38,"node,uranus,mercury,chiron",-0.2845,-20.5942,False,0.62
broadcast,full,Capricorn,285.74,"uranus,chiron,neptune,sun",0.3343,-6.3087,False,4.34
broadway,relaxed,Virgo,170.68,"saturn,node,pluto,chiron",-0.0878,-1.9441,False,0.7
brokerages,full,Taurus,57.46,"saturn,mars,uranus,jupiter",-1.1091,-14.1134,False,1.31
broward-fort lauderdale,relaxed,Aries,27.65,"jupiter,uranus,node,chiron",-0.0333,1.0,False,0.0
browser games,full,Libra,208.76,"saturn,node,pluto,mars",0.3225,-2.2291,False,2.25
brunei,full,Taurus,50.53,"mars,node,saturn,sun",0.0072,-0.1762,False,17.23
brussels,relaxed,Leo,145.33,"jupiter,saturn,uranus,chiron",-0.0359,-0.386,False,0.5
bucharest,relaxed,Leo,142.65,"saturn,sun,node,jupiter",-4.7051,-11.5917,False,0.35
budapest,full,Cancer,108.93,"jupiter,saturn,node,uranus",0.2001,-23.8992,False,2.92
buddhism,full,Virgo,171.4,"node,saturn,pluto,chiron",-0.9755,-18.2871,False,7.43
buenos aires,full,Virgo,177.05,"saturn,node,pluto,chiron",-0.003,-0.2755,False,3.26
buick,full,Virgo,150.28,"saturn,node,jupiter,pluto",-0.1168,-2.7201,False,2.41
building materials,full,Taurus,34.53,"chiron,uranus,node,pluto",0.3906,-0.2619,False,7.06
building toys,full,Taurus,51.44,"uranus,node,chiron,neptune",0.0215,0.1949,True,8.31
buildings,full,Aquarius,318.97,"uranus,chiron,pluto,neptune",0.5741,-7.3244,False,2.61
bulgaria,full,Leo,134.17,"saturn,jupiter,mars,sun",-0.2747,-28.3093,False,1.1
burgenland,relaxed,Virgo,177.42,"pluto,chiron,jupiter,neptune",-0.2326,-3.5863,False,0.44
burgers,full,Aries,6.18,"chiron,uranus,neptune,mars",0.0683,-2.661,False,4.01
burgundy,relaxed,Aquarius,323.21,"uranus,chiron,sun,mercury",-0.0107,-10.4354,False,0.7
burkina faso,full,Sagittarius,256.9,"venus,saturn,neptune,pluto",0.2003,-1.0899,False,6.36
burners,relaxed,Leo,146.61,"jupiter,node,mars,mercury",-3.3713,-33.6045,False,0.17
bursa,full,Virgo,179.24,"saturn,node,pluto,jupiter",-0.2546,-0.3613,False,3.97
busan,relaxed,Capricorn,274.09,"saturn,mars,pluto,sun",-0.1125,-4.1957,False,0.7
business,full,Capricorn,288.32,"jupiter,venus,mars,sun",-1.7048,-92.9508,False,4.22
business attire,full,Libra,180.0,"node,jupiter,mars,sun",-0.282,-1.5435,False,4.6
business cards,full,Pisces,331.28,"chiron,uranus,venus,sun",-0.4912,0.1271,True,6.54
business education,full,Taurus,38.76,"chiron,uranus,neptune,node",0.4358,-5.1756,False,8.09
business finance,full,Pisces,354.19,"chiron,saturn,uranus,pluto",0.074,-0.8886,False,15.23
business formation,full,Taurus,36.87,"chiron,neptune,node,uranus",0.1119,-2.3815,False,16.66
business news,full,Taurus,35.51,"node,chiron,uranus,neptune",-2.264,-12.7639,False,11.63
business operations,full,Aries,28.25,"uranus,chiron,node,neptune",0.2297,-5.8603,False,9.97
business opportunities,full,Leo,131.69,"saturn,node,mars,chiron",0.1147,-4.354,False,4.72
business plans,full,Sagittarius,258.59,"saturn,mars,pluto,sun",0.2057,-6.9567,False,7.33
business process,full,Aries,18.76,"chiron,neptune,uranus,saturn",0.3545,-2.3645,False,7.2
business services,full,Cancer,108.47,"uranus,node,jupiter,chiron",0.1314,-0.3286,False,17.72
business travel,full,Aries,24.63,"chiron,neptune,uranus,mars",0.3436,-8.3715,False,8.94
butchers,full,Capricorn,286.47,"chiron,neptune,uranus,pluto",0.0386,-2.2372,False,5.81
c,full,Aquarius,310.76,"uranus,node,chiron,pluto",-0.1384,-3.1409,False,5.07
cabinetry,full,Aquarius,309.95,"saturn,pluto,mars,neptune",-0.4209,-0.3975,False,4.56
cable,full,Pisces,339.56,"pluto,chiron,uranus,neptune",-0.0117,-5.977,False,3.43
cad,full,Scorpio,234.3,"saturn,mars,venus,mercury",-0.1714,-17.7799,False,2.97
cadillac,full,Scorpio,239.57,"node,chiron,saturn,neptune",0.4505,-0.5293,False,1.74
cadiz,full,Capricorn,290.51,"saturn,pluto,node,chiron",0.0112,-1.5075,False,4.45
cairns,full,Virgo,155.36,"saturn,node,pluto,mars",-0.7566,-2.3895,False,1.88
cairo,full,Leo,140.74,"saturn,jupiter,pluto,chiron",-0.0241,-0.6827,False,11.06
calabria,relaxed,Cancer,103.28,"saturn,mars,node,pluto",-2.3115,-26.0143,False,0.29
calculators,full,Aquarius,326.9,"chiron,venus,pluto,saturn",0.1001,0.2213,True,6.88
calendar,full,Aries,28.14,"node,uranus,neptune,pluto",0.166,-1.8203,False,9.24
calendars,full,Scorpio,231.64,"sun,saturn,jupiter,venus",0.2323,-0.807,False,16.82
calgary,full,Leo,147.88,"saturn,jupiter,sun,mercury",-0.0373,-4.5674,False,1.52
california,relaxed,Sagittarius,251.58,"node,chiron,neptune,uranus",-2.1372,-2.1806,False,0.86
california central coast,full,Taurus,51.63,"node,chiron,mars,jupiter",-0.2066,-1.4744,False,25.12
calling cards,full,Gemini,86.85,"jupiter,node,uranus,chiron",0.1787,-0.1281,False,20.41
cam,full,Libra,208.58,"saturn,chiron,pluto,neptune",-0.1141,-5.4248,False,4.21
cambodia,full,Leo,135.33,"node,saturn,sun,jupiter",-0.3493,-2.5241,False,11.68
camcorders,full,Virgo,156.66,"saturn,jupiter,pluto,chiron",0.2405,-0.4647,False,6.9
camera,full,Pisces,335.77,"node,uranus,chiron,neptune",-0.0836,-1.1082,False,6.11
camera lenses,full,Sagittarius,240.57,"saturn,mars,pluto,sun",0.0016,-16.0324,False,3.36
cameras,full,Libra,201.72,"saturn,node,mars,pluto",0.0645,-0.8169,False,1.76
cameroon,full,Capricorn,289.91,"uranus,chiron,neptune,pluto",-0.0102,-0.0631,False,7.09
campaigns,full,Aquarius,308.93,"saturn,pluto,mars,node",-0.1226,-5.7763,False,7.21
campania,full,Sagittarius,264.88,"node,chiron,uranus,jupiter",0.4357,-0.8513,False,2.14
campers,full,Aquarius,329.89,"uranus,mercury,mars,jupiter",-0.6259,-1.2951,False,2.11
camping,full,Aries,13.24,"jupiter,chiron,uranus,venus",0.3549,-10.5114,False,7.19
canada,full,Pisces,336.77,"node,uranus,jupiter,venus",0.2671,-0.2466,False,9.36
canadian prairies,full,Sagittarius,258.57,"saturn,node,chiron,neptune",0.0619,-0.0589,False,18.29
canary islands,full,Leo,149.47,"saturn,node,mars,jupiter",0.0295,-3.4896,False,1.63
canberra,full,Aquarius,326.06,"node,uranus,chiron,sun",0.0898,-106.811,False,1.07
cancer,full,Leo,124.59,"node,mars,uranus,chiron",-0.7479,-0.8567,False,3.47
cancun,full,Aquarius,308.25,"node,uranus,chiron,venus",0.2583,-32.204,False,2.17
candy,full,Aquarius,317.96,"uranus,chiron,sun,mercury",0.2785,-1.6869,False,1.82
cantabria,relaxed,Aquarius,312.4,"node,uranus,chiron,jupiter",-3.5316,-112.8999,False,0.92
cantopop,full,Taurus,40.82,"jupiter,mars,uranus,sun",0.0085,-0.1191,False,6.9
cape town,full,Virgo,175.69,"node,pluto,jupiter,chiron",-0.0915,-5.7036,False,7.29
capoeira,relaxed,Scorpio,225.83,"chiron,pluto,uranus,jupiter",-54.3294,-34.811,False,0.94
cappadocia,full,Pisces,334.23,"node,chiron,mars,neptune",0.1942,-119.6285,False,1.74
car audio,full,Virgo,157.17,"saturn,node,jupiter,pluto",-0.3391,-22.4772,False,2.54
car electronics,full,Sagittarius,254.55,"mars,chiron,neptune,saturn",-0.5804,-15.6651,False,7.15
car rentals,full,Aries,28.26,"chiron,node,uranus,neptune",0.4777,-2.7312,False,3.97
car video,full,Aquarius,326.48,"jupiter,node,uranus,saturn",0.4518,-1.031,False,4.06
caracas,full,Libra,198.04,"chiron,neptune,saturn,uranus",-0.1804,-1.1368,False,4.55
card games,full,Sagittarius,253.1,"node,saturn,pluto,sun",0.2364,-1.2246,False,20.22
cardio training equipment,full,Aquarius,312.77,"saturn,sun,uranus,chiron",-0.4486,-1.5276,False,5.45
career resources,full,Gemini,63.88,"node,uranus,chiron,neptune",0.0082,-0.5537,False,5.73
cargo trucks,full,Capricorn,287.19,"saturn,pluto,jupiter,sun",0.0007,-1.4548,False,4.95
caribbean,relaxed,Virgo,167.92,"saturn,jupiter,pluto,neptune",0.0065,-6.1965,False,0.61
caribbean cuisine,full,Pisces,351.42,"saturn,uranus,node,jupiter",0.1358,-0.4126,False,16.14
caribbean music,relaxed,Gemini,80.87,"saturn,jupiter,node,pluto",0.408,-15.614,False,0.9
carinthia,full,Scorpio,233.24,"saturn,mercury,sun,mars",0.4258,0.5878,True,11.26
carnival,full,Virgo,156.95,"saturn,node,pluto,mars",-0.6016,-0.6408,False,12.45
carpets,relaxed,Virgo,156.33,"saturn,node,jupiter,pluto",0.3533,-0.3367,False,0.58
carpooling,full,Libra,186.73,"node,jupiter,uranus,chiron",0.3153,-0.1081,False,2.86
cartoons,full,Capricorn,288.32,"jupiter,node,chiron,pluto",-1.3654,-5.401,False,2.9
cash advances,full,Aries,21.09,"jupiter,saturn,chiron,node",-0.243,-0.5315,False,4.27
castile and leon,relaxed,Capricorn,277.99,"saturn,uranus,jupiter,sun",1.0,-0.0323,False,14.44
castile-la mancha,relaxed,Pisces,330.64,"chiron,node,sun,mercury",-5655237845.9079,-73533878392.2206,False,0.0
casual apparel,relaxed,Capricorn,277.99,"saturn,uranus,jupiter,sun",1.0,-0.0323,False,17.4
casual games,full,Pisces,349.76,"jupiter,node,uranus,chiron",-0.0393,-2.5625,False,3.81
casual shoes,full,Taurus,32.91,"chiron,uranus,neptune,node",0.2968,-6.982,False,9.31
catalonia,relaxed,Libra,189.75,"saturn,node,mars,venus",-1.183,-6.3896,False,0.61
catering,full,Taurus,56.02,"chiron,neptune,uranus,mars",0.4537,-1.6244,False,11.26
cats,full,Aquarius,305.6,"node,uranus,jupiter,chiron",-0.5838,-18.0861,False,1.51
caucasus,full,Libra,191.69,"node,saturn,pluto,chiron",-0.5182,-3.5357,False,14.67
cayman islands,full,Virgo,160.85,"saturn,node,pluto,chiron",0.0216,-1.2793,False,5.51
cd,full,Virgo,178.96,"node,saturn,pluto,mercury",0.5629,-8.4435,False,1.37
ceara,full,Cancer,104.56,"mars,chiron,mercury,neptune",0.1496,-2.6277,False,7.13
cebu,full,Virgo,150.17,"saturn,mars,node,pluto",-0.6919,-1.4554,False,1.21
celebrities,full,Capricorn,293.11,"node,jupiter,chiron,uranus",0.3966,-0.289,False,2.2
central,full,Aquarius,327.05,"node,uranus,neptune,chiron",0.2206,-1.1376,False,5.24
central america,full,Virgo,157.85,"saturn,node,jupiter,mercury",-0.2898,-3.2197,False,2.14
central anatolia,relaxed,Aries,27.65,"jupiter,uranus,node,chiron",-0.0333,1.0,False,0.0
central asia,full,Aquarius,324.09,"chiron,venus,mars,sun",-1.4192,-10.7763,False,5.98
central florida,full,Aquarius,313.55,"uranus,node,chiron,sun",-0.3554,-0.8315,False,2.39
central france,full,Taurus,45.2,"jupiter,mars,sun,uranus",-0.2232,-0.6205,False,7.59
central mexico,full,Scorpio,221.7,"saturn,pluto,neptune,chiron",0.2658,-24.2911,False,1.13
centre-val de loire,full,Scorpio,223.25,"node,chiron,uranus,neptune",-34599612.6951,-0.0323,False,1.04
ceramics,full,Aquarius,323.75,"chiron,venus,sun,mars",-0.8228,-12.2034,False,5.97
certification,full,Taurus,33.1,"chiron,uranus,neptune,node",-0.3221,-5.8626,False,4.73
chad,full,Sagittarius,268.71,"jupiter,saturn,node,chiron",0.6448,0.5635,True,4.6
champagne-ardenne,relaxed,Aries,27.65,"jupiter,uranus,node,chiron",-0.0333,-0.1691,False,25.38
changchun,full,Cancer,99.62,"jupiter,mars,uranus,chiron",0.1023,0.0264,True,14.44
charity,full,Virgo,161.11,"saturn,venus,jupiter,uranus",0.044,-0.3371,False,14.82
charlotte metro,relaxed,Cancer,118.68,"saturn,sun,pluto,mercury",-0.7222,-1.9091,False,0.47
charters,full,Libra,185.47,"uranus,node,chiron,pluto",-0.0745,-0.3242,False,2.52
chat providers,relaxed,Gemini,89.61,"jupiter,saturn,pluto,sun",-2637466850.4672,-2.0673,False,0.87
chatbots,full,Cancer,90.29,"saturn,jupiter,node,pluto",0.6195,-10.1525,False,17.28
checking services,full,Capricorn,280.46,"saturn,jupiter,pluto,sun",0.0154,0.0069,True,2.79
cheerleading,relaxed,Capricorn,293.36,"node,uranus,chiron,mercury",-1.8923,-350.7639,False,0.36
cheese,full,Aries,0.45,"saturn,node,jupiter,uranus",-1.989,-24.7766,False,4.49
chemicals industry,full,Taurus,40.88,"node,jupiter,saturn,mars",-0.0024,-0.9978,False,24.32
chemistry,full,Taurus,42.24,"node,chiron,uranus,neptune",-1.5422,-15.3414,False,9.81
chengdu,full,Leo,123.34,"node,saturn,mars,jupiter",-0.0876,-0.0574,False,16.21
chennai,full,Taurus,58.25,"chiron,uranus,neptune,saturn",0.2488,-0.4556,False,2.56
chess,full,Aries,8.37,"node,uranus,neptune,chiron",-0.7481,-1.7614,False,12.97
chevrolet,full,Aquarius,325.51,"uranus,chiron,sun,mercury",-3.2117,-20.9616,False,3.37
chhattisgarh,full,Aquarius,308.92,"saturn,jupiter,mars,pluto",0.2576,-1.3946,False,10.98
chiang mai,full,Libra,185.13,"jupiter,saturn,node,sun",-0.2317,-17.7043,False,3.34
chiapas,full,Virgo,160.86,"saturn,node,jupiter,pluto",0.0622,-1.3329,False,3.26
chiba,full,Libra,181.78,"node,saturn,mars,pluto",-0.1686,-0.3389,False,11.84
chicago,full,Libra,190.77,"saturn,jupiter,node,pluto",0.2565,-0.2492,False,1.59
chihuahua,full,Leo,142.13,"saturn,sun,pluto,uranus",0.1919,-2.6516,False,1.41
child car seats,full,Gemini,83.62,"node,uranus,saturn,chiron",0.1862,0.0066,True,19.12
child care,full,Aquarius,317.53,"uranus,mercury,chiron,pluto",-1.1731,-4.5636,False,6.28
child internet safety,full,Aquarius,323.69,"node,neptune,chiron,pluto",0.1361,-0.0535,False,1.22
children's books,full,Capricorn,284.47,"saturn,jupiter,pluto,mars",0.0219,-27.9006,False,7.58
children's clothing,full,Pisces,352.26,"chiron,neptune,saturn,pluto",-0.0273,-2.0993,False,3.46
children's music,full,Taurus,42.55,"node,uranus,chiron,saturn",0.0694,-4.8485,False,7.93
chile,full,Virgo,157.34,"saturn,node,mars,jupiter",0.1077,-0.4192,False,2.25
china,full,Capricorn,275.81,"saturn,chiron,mars,neptune",0.1231,-2.1236,False,11.32
chinese cuisine,full,Pisces,354.76,"jupiter,node,uranus,chiron",0.1343,-6.1704,False,5.13
chinese martial arts,full,Leo,128.91,"node,saturn,jupiter,uranus",0.1865,-14.4109,False,4.03
chinese medicine,full,Pisces,347.12,"chiron,uranus,venus,mars",-0.2533,-3.7343,False,7.73
chips,full,Aquarius,310.29,"jupiter,node,venus,sun",-0.5438,-5.8234,False,7.35
chongqing,full,Sagittarius,251.91,"node,jupiter,uranus,pluto",-0.4429,-0.3382,False,13.79
choreography videos,full,Scorpio,230.52,"saturn,mars,chiron,neptune",0.5034,-12.7075,False,1.33
christchurch,relaxed,Libra,189.45,"saturn,pluto,chiron,uranus",-2.1927,-21.9409,False,0.24
christian,full,Sagittarius,265.65,"chiron,node,saturn,jupiter",0.2751,-2.616,False,2.09
christian holidays,full,Aquarius,310.05,"uranus,chiron,jupiter,neptune",0.0134,-0.1715,False,3.73
christianity,full,Aquarius,318.77,"uranus,chiron,venus,pluto",-0.5614,-16.9146,False,6.58
christmas,full,Scorpio,225.71,"sun,mercury,node,chiron",0.5598,0.4329,True,11.93
chrysler,relaxed,Virgo,169.42,"saturn,pluto,jupiter,chiron",0.0023,-1.0364,False,0.88
chubu,full,Taurus,32.64,"node,uranus,chiron,neptune",0.3107,-0.752,False,11.57
chugoku,full,Capricorn,280.12,"saturn,jupiter,sun,pluto",0.3173,-0.325,False,22.29
cincinnati,full,Scorpio,237.65,"node,chiron,neptune,uranus",-0.0337,-0.1864,False,8.37
circus,full,Leo,149.65,"saturn,pluto,node,neptune",-0.1934,-0.523,False,4.57
cis,full,Sagittarius,264.45,"node,saturn,chiron,neptune",0.3815,-0.2941,False,23.59
citroen,full,Aquarius,309.09,"node,chiron,saturn,pluto",0.1586,0.0752,True,2.45
city,full,Virgo,175.79,"node,chiron,pluto,saturn",-0.2938,-0.2311,False,2.97
city building games,full,Sagittarius,240.95,"saturn,mars,pluto,neptune",-1.0514,-3.9089,False,4.68
civil engineering,full,Taurus,35.81,"chiron,neptune,node,uranus",0.4873,0.0445,True,7.2
civil rights,full,Virgo,155.48,"saturn,node,jupiter,pluto",0.0869,-2.9274,False,6.21
classic films,full,Pisces,333.86,"chiron,uranus,sun,mercury",-1.0822,-3.727,False,14.1
classic rock,full,Pisces,339.45,"saturn,jupiter,node,pluto",-0.0046,-0.3125,False,8.66
classic vehicles,full,Pisces,342.58,"saturn,jupiter,node,sun",-0.1436,-10.5499,False,4.14
classical music,full,Aquarius,307.04,"chiron,mars,venus,neptune",0.0104,-37.3141,False,2.15
classifieds,full,Cancer,108.2,"saturn,jupiter,pluto,sun",-3.0843,-2.6492,False,1.99
classroom equipment,relaxed,Aries,27.65,"jupiter,uranus,node,chiron",-0.4346,-0.1801,False,30.12
classroom resources,full,Aries,16.93,"venus,node,sun,mercury",-1.945,-3.5188,False,1.65
clean beauty,relaxed,Libra,195.98,"node,jupiter,venus,uranus",-1.8606,-0.3045,False,0.93
cleaning agents,full,Aquarius,306.97,"saturn,jupiter,pluto,sun",-0.1061,-0.5059,False,14.9
cleaning services,full,Gemini,70.51,"jupiter,uranus,sun,chiron",0.4624,-1.8668,False,17.75
cleansing,full,Taurus,50.27,"uranus,chiron,jupiter,node",-0.0909,-30.2424,False,2.62
clerical,full,Aries,8.63,"chiron,neptune,uranus,saturn",0.1658,-0.3088,False,22.55
climate change,full,Libra,182.4,"jupiter,uranus,mars,chiron",0.1235,-5.5127,False,3.58
climate control,full,Aries,27.69,"node,jupiter,uranus,mars",-0.914,-5.14,False,5.98
climbing,full,Leo,144.26,"saturn,node,jupiter,mars",0.2888,-0.7059,False,3.25
clip art,full,Pisces,344.29,"uranus,jupiter,mars,sun",-1.2463,-10.0896,False,3.84
clocks,full,Virgo,161.32,"saturn,pluto,node,mars",-6.8418,-1.2614,False,1.17
clothing accessories,full,Taurus,48.13,"mars,node,jupiter,saturn",-0.2771,-1.1214,False,2.67
cloud computing,full,Aries,25.62,"uranus,jupiter,mars,sun",0.3322,-6.4599,False,8.6
cloud storage,full,Aries,28.29,"uranus,chiron,node,neptune",0.2637,-13.1203,False,6.0
clubs,full,Leo,130.58,"saturn,jupiter,mars,pluto",0.0067,-0.1278,False,4.69
coatings,full,Scorpio,227.35,"saturn,mars,pluto,neptune",-0.3732,-6.7185,False,7.29
cochin,full,Aquarius,322.64,"chiron,uranus,mars,neptune",-0.6977,-2.0827,False,7.44
codecs,relaxed,Leo,140.99,"saturn,jupiter,node,pluto",0.4668,-7.4841,False,0.79
coffee,full,Sagittarius,267.62,"saturn,node,uranus,pluto",-0.152,-12.5157,False,2.27
coffee tables,full,Gemini,79.04,"node,jupiter,uranus,sun",0.4753,-1.7679,False,2.2
coin-op games,relaxed,Cancer,102.18,"jupiter,sun,mercury,venus",-6571472.0858,-27182086425.6236,False,0.0
cold,relaxed,Libra,186.89,"saturn,jupiter,node,pluto",0.1242,-10.9493,False,0.61
collaboration,full,Pisces,332.19,"jupiter,mars,chiron,node",0.1775,-6.0561,False,10.02
collectible card games,relaxed,Virgo,154.24,"jupiter,mars,venus,uranus",-40277342.3469,-0.1843,False,1.22
collectibles,full,Capricorn,296.17,"chiron,uranus,neptune,pluto",-0.0331,-0.4784,False,5.19
collections,full,Pisces,357.08,"chiron,neptune,uranus,node",0.095,-8.0248,False,8.52
college financing,full,Aries,13.64,"saturn,node,neptune,jupiter",-0.2552,0.0946,True,26.64
college sports,full,Cancer,118.61,"saturn,jupiter,node,mars",-0.033,-1.0832,False,15.6
colleges,full,Aquarius,315.92,"saturn,node,jupiter,pluto",-0.3284,-0.2747,False,21.7
collision,relaxed,Sagittarius,248.8,"node,chiron,neptune,uranus",-0.1097,-1.5576,False,0.75
cologne,full,Virgo,152.38,"saturn,jupiter,mars,uranus",0.0848,-3.8699,False,4.09
colombia,full,Virgo,172.29,"node,saturn,jupiter,pluto",-0.0262,-0.0199,False,10.49
colorado,full,Leo,126.55,"saturn,jupiter,pluto,uranus",-0.0048,0.0076,True,3.49
coloring,full,Sagittarius,264.67,"saturn,mars,node,pluto",0.5464,-15.8538,False,2.37
columbus (oh),full,Virgo,169.59,"saturn,pluto,neptune,chiron",-0.0265,-0.0469,False,2.72
combat sports,full,Virgo,163.98,"saturn,mars,pluto,uranus",0.1583,-9.2294,False,6.08
comedy films,full,Cancer,116.88,"jupiter,node,uranus,chiron",0.4272,-136.7925,False,1.74
comics,full,Pisces,349.87,"saturn,venus,mars,chiron",-0.6476,-13.5842,False,5.66
commentary,full,Libra,197.8,"node,saturn,pluto,chiron",-0.1464,-25.3412,False,1.85
commercial distribution,full,Taurus,38.85,"node,jupiter,uranus,chiron",-0.2851,0.0583,True,3.02
commercial lending,full,Aries,11.33,"chiron,jupiter,saturn,neptune",0.2953,-42.2796,False,2.55
commercial properties,full,Aquarius,316.49,"saturn,node,jupiter,sun",0.2255,-3.0766,False,11.91
commercial vehicles,full,Taurus,47.61,"chiron,neptune,node,uranus",0.3064,-6.8696,False,4.69
commodities,full,Aries,17.8,"chiron,uranus,neptune,mars",-0.2881,-1.788,False,9.22
communications,full,Aquarius,325.81,"uranus,chiron,venus,mars",-0.2023,-7.5432,False,6.26
communications equipment,full,Libra,204.25,"jupiter,uranus,sun,mercury",-56438008.1444,-0.0951,False,5.88
compact cars,relaxed,Pisces,358.4,"jupiter,mercury,mars,sun",-1.1755,-78364777228.8782,False,0.0
company earnings,full,Taurus,39.68,"node,jupiter,mars,pluto",-0.1344,-5.5862,False,11.76
company news,full,Aquarius,317.04,"saturn,jupiter,pluto,neptune",0.5877,-0.3816,False,7.45
comparisons,full,Sagittarius,264.99,"saturn,chiron,neptune,jupiter",0.2616,-4.1856,False,9.89
compensation,full,Virgo,177.27,"jupiter,node,chiron,neptune",-0.2421,-4.0681,False,3.28
competitive video gaming,full,Capricorn,271.53,"sun,mercury,venus,mars",-0.0469,-0.0213,False,1.69
components,full,Taurus,30.67,"chiron,neptune,uranus,saturn",0.3389,-7.5135,False,4.55
computer,full,Pisces,342.87,"uranus,jupiter,chiron,node",0.4113,-3.8166,False,6.13
computer components,full,Taurus,35.86,"chiron,uranus,neptune,node",0.2378,-5.5031,False,10.22
computer desks,full,Gemini,71.91,"saturn,node,pluto,sun",0.2314,-1.8329,False,2.88
computer drives,full,Leo,135.23,"jupiter,node,mars,venus",-0.2031,-6.31,False,2.79
computer education,full,Taurus,39.85,"chiron,node,uranus,neptune",0.3007,-8.1245,False,9.98
computer hardware,full,Scorpio,229.36,"chiron,uranus,mars,sun",-0.1084,-5.5923,False,7.25
computer memory,full,Virgo,162.93,"jupiter,saturn,sun,uranus",-0.259,-7.5158,False,7.9
computer monitors,full,Pisces,349.68,"chiron,uranus,sun,mercury",0.4843,-0.5483,False,3.85
computer peripherals,full,Aquarius,302.58,"saturn,pluto,jupiter,mercury",0.0733,-0.5698,False,14.28
computer science,full,Taurus,33.93,"chiron,uranus,node,neptune",0.2004,-5.9461,False,10.81
computer security,full,Aquarius,328.43,"jupiter,chiron,venus,mars",0.071,-12.584,False,7.55
computer servers,full,Cancer,110.35,"jupiter,node,sun,mercury",0.5314,-33.5762,False,2.74
computers,full,Leo,135.54,"saturn,jupiter,node,pluto",0.1796,-9.2104,False,1.12
concerts,full,Capricorn,299.58,"chiron,neptune,saturn,uranus",0.4902,-6.0355,False,1.73
condiments,full,Taurus,41.18,"chiron,uranus,jupiter,neptune",0.2023,-1.3303,False,14.22
conditioners,full,Taurus,51.0,"node,jupiter,mars,venus",0.3103,0.044,True,10.84
condos,full,Aquarius,329.0,"uranus,sun,jupiter,venus",-0.0308,-4.9291,False,3.5
conferencing software,full,Taurus,42.57,"sun,node,mars,mercury",-0.0551,-0.2103,False,2.89
congo (dr),relaxed,Virgo,160.64,"saturn,node,jupiter,mars",-0.0151,-0.1784,False,1.51
connecticut,full,Libra,189.39,"node,chiron,neptune,pluto",0.448,-1.034,False,1.27
consoles,full,Scorpio,221.13,"saturn,pluto,chiron,neptune",0.5784,-4.2158,False,3.57
constitutional law,full,Pisces,356.85,"chiron,node,uranus,pluto",0.6362,-1.5012,False,11.66
construction,full,Pisces,336.07,"chiron,uranus,neptune,mars",-0.2183,-13.9904,False,4.86
construction consulting,full,Pisces,340.12,"chiron,mercury,neptune,saturn",-0.2394,-0.2246,False,7.72
consulates,full,Aries,29.35,"node,pluto,jupiter,sun",-0.2921,-0.626,False,11.59
consulting,full,Taurus,30.19,"chiron,jupiter,uranus,neptune",0.4573,-0.1543,False,7.84
consumer advocacy,full,Libra,187.4,"jupiter,uranus,sun,mercury",-43075052.8568,-0.1389,False,18.62
consumer electronics,full,Aquarius,317.62,"node,uranus,mars,mercury",0.1033,-0.2585,False,2.81
consumer resources,full,Cancer,112.65,"saturn,node,uranus,chiron",-0.066,-0.5633,False,3.86
contacts,full,Pisces,334.63,"mars,venus,chiron,saturn",-0.9979,-0.9546,False,3.98
content management,full,Leo,131.4,"jupiter,mars,chiron,neptune",-0.0728,-7.7603,False,4.24
contests,relaxed,Aquarius,305.23,"node,uranus,jupiter,chiron",-10.4915,-197.7702,False,0.65
continuing education,full,Aquarius,309.91,"pluto,saturn,mercury,sun",-0.0007,-1.0304,False,1.48
contracting,full,Pisces,357.07,"chiron,uranus,jupiter,venus",0.2928,-7.9923,False,7.32
control equipment,full,Gemini,85.17,"jupiter,node,uranus,chiron",0.1808,-0.2976,False,8.69
convenience stores,full,Taurus,55.74,"jupiter,node,saturn,uranus",0.2165,-0.1085,False,3.62
conventions,full,Taurus,39.42,"node,uranus,mars,chiron",0.2089,-3.6736,False,16.56
convertibles,full,Gemini,81.06,"saturn,node,jupiter,pluto",0.2781,-6.2583,False,1.5
cooking,full,Gemini,63.95,"uranus,chiron,node,neptune",-0.9711,-6.3346,False,4.52
cooking fats,relaxed,Aries,27.65,"jupiter,uranus,node,chiron",-0.8801,-0.365,False,29.85
cooking tutorials,full,Aries,10.77,"chiron,neptune,uranus,saturn",0.1601,0.1185,True,24.91
cooktops,full,Capricorn,273.73,"saturn,jupiter,node,pluto",0.5858,-7.6335,False,5.57
cookware,full,Gemini,60.72,"uranus,chiron,node,neptune",-1.5347,-3.2807,False,7.58
copenhagen,full,Cancer,111.35,"saturn,mars,jupiter,pluto",0.054,-1.514,False,5.2
copiers,full,Cancer,106.87,"saturn,mars,node,uranus",0.1429,0.0933,True,4.38
cordoba,full,Virgo,175.2,"saturn,node,jupiter,mars",0.4585,-1.009,False,1.9
corporate,full,Pisces,339.16,"node,uranus,pluto,saturn",0.6732,-0.2975,False,4.75
corporate events,full,Gemini,73.98,"jupiter,mars,sun,mercury",-0.0014,-8.6057,False,5.2
corporate gifts,full,Aquarius,322.4,"saturn,jupiter,node,sun",0.0639,-0.6517,False,18.77
corporate law,full,Pisces,343.32,"chiron,pluto,node,neptune",0.3978,-0.0137,False,10.41
corporate training,full,Aquarius,313.67,"uranus,chiron,venus,sun",0.0742,-2.369,False,3.39
corrections,full,Libra,196.77,"pluto,node,jupiter,mars",-0.0999,-3.4517,False,6.85
corsica,full,Leo,143.77,"saturn,jupiter,node,mars",-0.7485,-0.0782,False,2.68
cosmetic dentistry,full,Gemini,81.36,"node,pluto,sun,mercury",0.224,-2.4046,False,2.45
cosmetic procedures,full,Aquarius,301.35,"node,saturn,venus,chiron",-0.1252,-0.0531,False,2.9
cosmetic surgery,full,Leo,140.72,"uranus,chiron,saturn,jupiter",-0.0271,-0.67,False,2.39
cosmetics,full,Leo,131.03,"jupiter,saturn,node,mars",0.5733,-2.0708,False,6.61
cosmetology,full,Gemini,76.62,"venus,jupiter,sun,mercury",0.1154,-0.9715,False,6.62
cosplay,full,Leo,147.44,"jupiter,saturn,node,sun",-0.0048,-0.3927,False,3.04
costa rica,full,Virgo,154.9,"saturn,node,mars,mercury",-0.146,-0.0158,False,8.47
costumes,full,Aquarius,303.35,"chiron,neptune,sun,mercury",-0.3641,-0.3414,False,3.88
cote d'ivoire,full,Aries,28.01,"chiron,neptune,node,uranus",-0.0115,-0.107,False,19.7
counseling,full,Pisces,349.67,"venus,jupiter,sun,mercury",-0.7022,-1.6353,False,14.31
counseling services,full,Taurus,45.79,"node,jupiter,sun,mercury",-0.3108,-2.1153,False,5.03
counterterrorism,full,Cancer,101.62,"saturn,jupiter,node,chiron",-0.2875,-4.6385,False,4.7
countertops,full,Sagittarius,253.17,"saturn,pluto,mars,node",0.3672,-5.1347,False,4.29
country music,full,Leo,144.84,"venus,jupiter,sun,mercury",0.0254,-26.7384,False,3.65
coupes,full,Libra,185.18,"node,mars,chiron,neptune",-4.5298,-6.8091,False,1.03
coupons,full,Aquarius,327.24,"saturn,mars,chiron,node",-0.9642,-0.4467,False,5.55
couriers,relaxed,Virgo,168.72,"saturn,sun,mercury,pluto",-0.6729,-0.0926,False,0.86
courts,relaxed,Cancer,95.95,"jupiter,mars,node,uranus",-4.2185,-1013.7361,False,0.5
covid-19,full,Aries,25.41,"node,venus,jupiter,pluto",-0.4091,-82.1492,False,1.65
craft supplies,full,Aquarius,315.21,"saturn,pluto,mars,neptune",-0.4968,-5.0076,False,13.19
crafts,full,Capricorn,279.14,"saturn,jupiter,mars,pluto",0.6946,-0.8728,False,5.45
credit,full,Aries,11.21,"node,chiron,neptune,sun",0.4819,-0.5031,False,5.12
credit cards,full,Aries,5.96,"chiron,node,neptune,pluto",0.7257,-1.835,False,7.44
credit reporting,full,Aquarius,313.6,"saturn,uranus,node,jupiter",-0.0069,-0.0102,False,9.03
crete,full,Leo,124.9,"saturn,jupiter,node,mars",-0.0299,-0.736,False,9.66
cricket,full,Aries,16.86,"chiron,uranus,node,neptune",0.3202,-1.8489,False,14.46
cricket equipment,full,Taurus,50.26,"node,saturn,mars,jupiter",-0.1443,-2.1083,False,5.72
crime,full,Aries,28.83,"uranus,chiron,neptune,node",0.5163,-10.5133,False,4.34
crimea,relaxed,Cancer,96.17,"jupiter,uranus,chiron,neptune",0.0929,-25.5047,False,0.78
criminal law,full,Pisces,339.63,"node,uranus,chiron,jupiter",0.5919,-2.4478,False,4.81
croatia,full,Leo,129.79,"saturn,node,mars,jupiter",0.0427,-0.0616,False,14.03
crops,full,Aries,13.86,"chiron,neptune,uranus,node",0.1532,-0.1894,False,20.11
crossovers,relaxed,Virgo,164.01,"node,saturn,jupiter,pluto",-1.2127,-43.7789,False,0.24
crowdfunding,relaxed,Gemini,85.95,"jupiter,node,saturn,uranus",-0.3397,-691.2416,False,0.45
cruiser bicycles,full,Taurus,51.55,"venus,jupiter,node,chiron",0.1004,-3.066,False,1.69
cruises,full,Pisces,344.63,"node,uranus,venus,chiron",0.2306,-3.3835,False,7.13
cuba,full,Leo,144.41,"saturn,jupiter,node,mars",0.009,-0.5879,False,1.79
cuernavaca (morelos),full,Leo,147.19,"saturn,mars,pluto,chiron",-0.2386,-0.4971,False,1.06
cuisines,full,Pisces,356.6,"chiron,uranus,neptune,pluto",0.2597,-1.1891,False,19.47
culinary training,full,Capricorn,287.71,"saturn,jupiter,pluto,sun",0.0058,-0.4575,False,22.93
cult,full,Virgo,154.83,"saturn,jupiter,node,pluto",-0.0608,-0.3253,False,3.26
culture festivals,full,Aries,24.57,"chiron,neptune,jupiter,node",0.3767,-1.0014,False,13.4
curacao,full,Pisces,341.95,"saturn,mars,node,jupiter",0.0367,-11.3931,False,2.81
currencies,full,Pisces,339.59,"uranus,chiron,pluto,neptune",-0.1065,-9.2066,False,8.32
curtains,full,Pisces,342.81,"uranus,jupiter,mars,chiron",-0.3468,-3.8824,False,2.7
custom,full,Pisces,357.71,"uranus,node,jupiter,saturn",-1.584,-85.9257,False,3.29
custom homes,full,Pisces,352.3,"chiron,neptune,mars,pluto",-0.5546,-6.0977,False,6.14
customer relationship management (crm),full,Taurus,46.54,"node,saturn,venus,jupiter",-0.1841,-0.6942,False,5.62
customer services,full,Pisces,353.39,"chiron,uranus,node,venus",0.2655,-5.3627,False,3.66
customer support systems,relaxed,Capricorn,292.84,"node,saturn,pluto,neptune",-801870906.6252,-2293530.3496,False,0.0
cutlery,full,Gemini,83.28,"uranus,jupiter,mars,chiron",0.4197,-24.9019,False,4.37
cutting accessories,full,Capricorn,295.14,"saturn,mars,jupiter,chiron",-0.596,-6.6677,False,4.7
cycling,full,Aquarius,306.96,"uranus,node,chiron,neptune",-0.0832,-0.2374,False,4.48
cycling apparel,full,Leo,121.87,"node,jupiter,chiron,uranus",-0.0,-0.0101,False,2.32
cyprus,full,Scorpio,238.44,"node,uranus,chiron,pluto",-0.0826,-0.9308,False,2.08
czech republic,full,Cancer,94.78,"mars,saturn,jupiter,venus",0.2127,-4.0252,False,3.3
daegu,relaxed,Virgo,169.36,"node,chiron,neptune,pluto",-0.0107,-0.4031,False,0.5
daejeon,full,Sagittarius,265.75,"venus,saturn,mars,chiron",0.1093,-0.169,False,16.33
daewoo motors,relaxed,Leo,142.63,"pluto,sun,mercury,venus",0.089,-0.6297,False,0.87
dairy,full,Sagittarius,263.09,"saturn,node,jupiter,mars",-19.7413,-75.1977,False,3.75
dallas-fort worth,full,Gemini,85.47,"jupiter,mars,chiron,uranus",-0.1817,-2.8867,False,1.84
dance,full,Scorpio,231.97,"saturn,node,pluto,uranus",0.6989,-0.8035,False,2.73
dance games,relaxed,Leo,144.49,"saturn,node,uranus,sun",0.4296,-5.6362,False,0.96
data backup,full,Taurus,32.24,"chiron,uranus,neptune,node",0.7129,-0.2648,False,7.38
data formats,full,Pisces,356.59,"chiron,neptune,saturn,pluto",0.428,-0.1164,False,10.89
data management,full,Aries,3.45,"chiron,neptune,mars,saturn",0.2603,-7.049,False,6.55
data sheets,full,Taurus,30.19,"chiron,neptune,uranus,mars",0.0638,-0.8377,False,9.5
dating,full,Aquarius,326.3,"saturn,neptune,chiron,node",-0.0555,-0.0315,False,3.3
day trading,full,Capricorn,280.64,"venus,jupiter,mercury,mars",-4.1344,-10.1716,False,15.92
debit,full,Aquarius,308.48,"saturn,mars,sun,mercury",0.0679,-8.1174,False,5.45
debt collection,full,Aquarius,316.58,"jupiter,chiron,neptune,uranus",0.0154,-15.1031,False,1.57
debt management,full,Aries,22.97,"saturn,pluto,neptune,sun",0.2915,-2.301,False,4.15
defense,full,Aquarius,325.1,"jupiter,chiron,mars,neptune",-0.04,-2.1297,False,17.08
defense industry,full,Aquarius,315.7,"saturn,uranus,jupiter,chiron",0.1466,-2.267,False,11.32
delaware,full,Sagittarius,264.24,"node,chiron,uranus,neptune",0.0644,-0.1191,False,5.37
delhi,full,Aquarius,305.61,"saturn,jupiter,mars,pluto",0.0922,-2.3013,False,8.14
delicatessens,relaxed,Cancer,101.26,"saturn,chiron,pluto,neptune",0.0035,-1131557094.7441,False,0.0
deltona-daytona beach,full,Pisces,359.23,"jupiter,node,mercury,uranus",-14725220368.7155,-0.0323,False,1.22
demographics,full,Capricorn,277.83,"node,chiron,saturn,neptune",0.0126,-0.5712,False,1.12
denim wear,full,Sagittarius,258.0,"saturn,pluto,node,sun",0.3614,0.4096,True,9.7
denmark,full,Cancer,100.31,"saturn,mars,jupiter,venus",0.2533,-8.6058,False,2.74
dental care,relaxed,Capricorn,273.04,"node,chiron,uranus,neptune",-0.6869,-1.4899,False,0.77
denver,full,Sagittarius,253.96,"neptune,node,chiron,pluto",0.1609,-0.4217,False,7.52
deodorants,full,Gemini,61.65,"node,uranus,chiron,neptune",-0.001,-0.8947,False,9.12
department stores,full,Taurus,47.81,"node,saturn,uranus,chiron",-0.0188,-0.8761,False,2.01
depression,full,Pisces,346.47,"mars,chiron,neptune,venus",-0.8473,-2.0083,False,7.51
derivatives,full,Aries,23.53,"uranus,chiron,node,neptune",0.1902,-1.2911,False,15.5
design,full,Taurus,54.28,"node,chiron,uranus,neptune",-1.9165,-11.301,False,11.88
design education,full,Taurus,40.2,"chiron,node,uranus,neptune",0.4279,-11.3645,False,9.34
desktop computers,full,Libra,194.44,"saturn,node,mercury,sun",-0.0237,-1.0806,False,3.57
desktop publishing,full,Taurus,59.11,"chiron,uranus,neptune,saturn",0.2122,-1.112,False,9.22
desserts,full,Cancer,101.64,"node,jupiter,uranus,chiron",0.4113,-0.6797,False,3.91
detoxification,full,Leo,139.25,"jupiter,node,saturn,uranus",-0.8543,-10.3381,False,2.87
detroit,full,Gemini,69.11,"chiron,uranus,neptune,jupiter",-0.6671,-17.1815,False,2.81
development,full,Pisces,352.3,"chiron,neptune,mars,uranus",-0.2435,-21.9486,False,6.41
development tools,full,Pisces,350.1,"chiron,neptune,uranus,saturn",0.3748,-1.6244,False,15.53
developmental disabilities,full,Pisces,349.62,"node,jupiter,uranus,chiron",0.0549,-0.9793,False,10.73
device drivers,full,Pisces,346.09,"chiron,mars,neptune,venus",-2.2051,-0.5578,False,4.29
dhaka,full,Aquarius,323.99,"saturn,jupiter,pluto,neptune",0.6524,-0.4379,False,9.27
diabetes,full,Aries,26.54,"chiron,neptune,uranus,mars",0.5148,-3.2597,False,4.88
diapering,relaxed,Aquarius,329.34,"uranus,sun,mercury,venus",-1.8653,-31.2036,False,0.7
diaspora,full,Pisces,359.81,"chiron,neptune,jupiter,venus",-0.3354,-2.4798,False,5.92
dice games,full,Pisces,344.75,"chiron,uranus,mars,venus",0.4141,-2.5081,False,4.3
dictionaries,full,Aries,17.67,"uranus,jupiter,chiron,pluto",0.1529,-0.966,False,14.24
die-cast,full,Taurus,43.24,"node,uranus,chiron,mercury",-0.2967,-3.3303,False,5.56
diesel vehicles,full,Aries,22.71,"chiron,neptune,node,uranus",0.3822,-0.1025,False,7.75
digestive disorders,full,Aquarius,327.58,"saturn,jupiter,pluto,sun",0.3824,-0.0476,False,10.49
digital arts,full,Capricorn,293.56,"mars,saturn,pluto,neptune",-0.65,-0.2865,False,15.39
digital currencies,full,Capricorn,278.35,"mercury,saturn,sun,chiron",-1.1434,-0.9857,False,8.57
digital slr cameras,relaxed,Pisces,332.77,"uranus,chiron,sun,mercury",0.1329,-0.0323,False,0.87
digital wallets,full,Gemini,72.13,"venus,chiron,uranus,neptune",-0.5775,-0.6223,False,4.93
dining,full,Taurus,34.06,"jupiter,chiron,uranus,node",0.0069,-3.2687,False,4.13
dining furniture,full,Taurus,55.78,"node,uranus,chiron,neptune",-0.0399,-4.4008,False,5.57
direct mail marketing,full,Gemini,88.31,"node,mars,venus,uranus",0.0077,-0.3553,False,1.69
directories,full,Pisces,339.85,"venus,saturn,chiron,pluto",0.1944,-0.4877,False,9.55
disabled,full,Aries,15.64,"uranus,chiron,neptune,mars",-0.2697,-1.3051,False,3.1
disaster preparedness,full,Aquarius,319.19,"chiron,neptune,saturn,pluto",0.0771,-0.8977,False,11.91
discount,full,Taurus,36.79,"chiron,node,uranus,neptune",-0.8138,-18.0865,False,6.99
discount offers,full,Taurus,43.23,"node,jupiter,chiron,saturn",0.1005,-2.8068,False,15.53
discrimination,full,Aquarius,309.17,"saturn,node,pluto,chiron",-0.005,-1.0803,False,6.01
dishwashers,full,Libra,195.24,"node,jupiter,saturn,mars",-0.6063,-0.9819,False,1.76
displays,full,Virgo,175.73,"saturn,node,pluto,venus",-2.5485,-10.7346,False,2.13
distance learning,full,Taurus,39.83,"chiron,jupiter,node,uranus",-0.6955,-25.3413,False,1.9
distance running,full,Virgo,162.15,"saturn,node,pluto,mars",0.1431,-0.5001,False,3.53
distributed,full,Pisces,330.27,"mars,venus,mercury,sun",0.0048,-4.0529,False,12.17
divination,full,Leo,140.48,"chiron,neptune,uranus,pluto",0.0041,-1.329,False,1.39
diving,full,Cancer,99.57,"pluto,chiron,neptune,sun",0.1054,-0.8881,False,1.7
divorce,full,Aquarius,327.43,"node,jupiter,uranus,venus",0.0525,-1.2223,False,6.11
diy,full,Sagittarius,251.11,"saturn,mars,sun,mercury",0.6007,-105.0427,False,1.83
dj resources,full,Aries,17.43,"chiron,mars,neptune,node",0.4314,-0.1456,False,9.11
document,full,Cancer,114.15,"chiron,uranus,jupiter,mars",0.5894,-1.336,False,6.97
documentary films,relaxed,Libra,191.15,"node,saturn,mars,sun",0.1395,-3.5656,False,0.17
dodge,full,Virgo,178.0,"node,chiron,pluto,jupiter",0.0842,-0.5824,False,2.08
dogs,full,Scorpio,220.7,"chiron,saturn,pluto,neptune",0.632,-1.4366,False,1.41
doha,full,Aquarius,321.94,"jupiter,node,saturn,chiron",0.1914,-0.0642,False,5.68
dolls,relaxed,Cancer,119.78,"saturn,node,pluto,neptune",0.2598,-1.5433,False,0.38
domain registration,full,Taurus,36.09,"jupiter,uranus,node,sun",-0.103,-3.6817,False,4.21
domestic services,full,Taurus,34.4,"chiron,node,neptune,jupiter",-0.0782,-0.8527,False,18.28
dominica,full,Leo,142.4,"saturn,jupiter,mars,pluto",0.3084,-0.8861,False,5.51
dominican republic,full,Leo,147.44,"saturn,mars,node,pluto",0.0504,-0.9276,False,8.16
dongguan,relaxed,Virgo,174.85,"saturn,node,pluto,mars",-0.0439,-0.1179,False,5.75
doors,full,Virgo,153.11,"saturn,node,jupiter,pluto",-0.043,-1.4281,False,10.16
download managers,full,Gemini,63.42,"node,sun,mercury,venus",0.0947,-0.2567,False,4.55
downloads,relaxed,Leo,140.98,"saturn,node,pluto,neptune",0.393,-2.1634,False,0.75
drama films,full,Pisces,341.25,"chiron,neptune,jupiter,node",0.4341,-0.2792,False,10.26
drawing,full,Taurus,44.35,"node,chiron,neptune,uranus",-0.6919,-27.9597,False,8.51
drenthe,relaxed,Leo,125.6,"saturn,node,mercury,pluto",0.1517,-0.7162,False,0.47
dress-up,full,Capricorn,296.33,"chiron,node,neptune,saturn",-0.3686,-3.7681,False,7.95
dresses,full,Capricorn,294.6,"saturn,node,jupiter,uranus",-0.1396,-4.1889,False,3.61
dressings,full,Pisces,359.48,"chiron,mars,neptune,mercury",-1.5439,-0.8065,False,7.61
drink,full,Aquarius,323.59,"node,uranus,jupiter,venus",0.4066,-29.1967,False,2.05
driver education,full,Gemini,71.7,"chiron,neptune,uranus,saturn",0.0829,-0.0136,False,4.87
driving,full,Pisces,340.06,"jupiter,uranus,node,chiron",0.6596,-10.3035,False,6.81
driving instruction,full,Gemini,84.1,"node,saturn,jupiter,pluto",0.1747,-0.1164,False,3.33
driving laws,full,Aries,25.31,"node,uranus,chiron,neptune",0.3226,-2.1201,False,7.41
drones,full,Scorpio,237.97,"saturn,mars,jupiter,pluto",-0.6348,-3.0811,False,17.27
drug,relaxed,Sagittarius,257.83,"node,chiron,neptune,uranus",-0.0294,-47120318198.3176,False,0.0
drug laws,full,Capricorn,276.39,"saturn,pluto,jupiter,sun",0.0813,-1.0904,False,3.28
drugs,full,Libra,180.91,"saturn,jupiter,node,pluto",0.1041,-0.4861,False,2.85
drums,relaxed,Leo,125.79,"saturn,jupiter,node,pluto",-0.2129,-1.1528,False,0.66
drunk driving law,relaxed,Aries,27.65,"jupiter,uranus,node,chiron",-0.0333,-0.484,False,29.2
dryers,full,Scorpio,214.52,"node,saturn,mars,venus",-0.3051,-15.1795,False,3.59
dubai,full,Pisces,338.06,"chiron,jupiter,mars,neptune",0.0334,-3.1713,False,10.14
dublin,full,Leo,141.04,"saturn,node,pluto,jupiter",-2.144,-1.2409,False,3.48
duets,full,Virgo,171.47,"saturn,pluto,jupiter,venus",0.1995,-0.0733,False,1.86
dusseldorf,full,Virgo,170.75,"saturn,jupiter,node,pluto",-0.098,-1.7833,False,1.46
dvd,relaxed,Libra,201.68,"node,pluto,chiron,neptune",0.2506,-12.6421,False,0.71
dvd drives,full,Virgo,163.26,"saturn,sun,mercury,venus",-0.0012,-1.1342,False,1.67
dvd players,full,Libra,180.97,"node,saturn,chiron,pluto",0.2942,-0.0956,False,1.45
dvd storage media,relaxed,Capricorn,277.99,"saturn,uranus,jupiter,sun",1.0,-0.0323,False,17.4
dvrs,full,Pisces,342.13,"venus,saturn,mercury,node",0.0569,-2.7003,False,4.39
dyes,full,Scorpio,216.34,"saturn,node,mars,pluto",-0.895,-2.4618,False,2.65
e-book readers,relaxed,Pisces,355.37,"jupiter,uranus,sun,mercury",-1274279570.7888,1.0,False,0.0
e-books,full,Capricorn,294.07,"node,mars,venus,mercury",-0.2606,-9.4424,False,1.17
e-commerce services,full,Sagittarius,264.02,"saturn,pluto,sun,mercury",0.0333,-0.9519,False,4.28
ear nose,full,Capricorn,282.28,"saturn,node,neptune,pluto",-0.2768,-1.2425,False,3.98
early childhood education,full,Aries,5.5,"chiron,mars,venus,sun",0.0434,-1.1698,False,3.09
earth sciences,full,Aries,11.71,"chiron,neptune,node,saturn",0.2274,-0.3487,False,6.1
east asia,full,Pisces,344.94,"uranus,chiron,neptune,venus",-0.361,-2.0641,False,5.77
east asian cuisine,full,Aquarius,329.37,"jupiter,sun,mercury,venus",-5163178848.4816,-0.0244,False,17.4
east asian music,full,Taurus,31.78,"node,sun,mercury,venus",0.0354,0.0592,True,7.0
east asians,full,Capricorn,287.04,"saturn,pluto,sun,mercury",-0.0008,-0.5293,False,4.22
east france,full,Libra,187.61,"saturn,venus,pluto,neptune",-0.0192,-1.5312,False,2.34
east india,full,Pisces,350.78,"jupiter,node,uranus,saturn",0.2719,-1.2767,False,4.12
east midlands,full,Leo,141.23,"pluto,chiron,node,neptune",-0.1815,-3.7449,False,3.26
east of england,relaxed,Capricorn,285.5,"saturn,node,sun,mercury",0.024,-0.0541,False,0.9
east timor,full,Sagittarius,253.68,"uranus,node,chiron,sun",-0.4589,-1.4575,False,2.43
easter,full,Pisces,345.87,"sun,uranus,chiron,mars",0.5737,-0.0304,False,12.42
eastern africa,full,Aries,4.5,"chiron,neptune,saturn,pluto",0.5881,0.1908,True,14.59
eastern anatolia,relaxed,Gemini,67.76,"mars,saturn,chiron,pluto",0.0041,-276168333842.8455,False,0.0
eastern china,full,Capricorn,278.95,"mars,venus,saturn,mercury",0.0697,-1.4977,False,1.89
eastern europe,full,Taurus,59.07,"jupiter,pluto,sun,mercury",-3.1502,-72.5539,False,1.33
eastern europeans,full,Cancer,118.81,"venus,jupiter,mercury,saturn",-0.1736,-0.1227,False,3.06
eating disorders,full,Sagittarius,247.24,"uranus,saturn,neptune,pluto",0.6149,-6.0706,False,1.4
ecology,full,Pisces,357.45,"chiron,sun,neptune,mars",-0.0409,-0.6972,False,9.42
economics,full,Aries,18.49,"chiron,uranus,node,pluto",0.5446,-3.0181,False,10.17
economy news,full,Aries,3.0,"jupiter,chiron,uranus,node",0.2177,-1.27,False,12.87
ecotourism,full,Virgo,162.9,"saturn,mars,node,pluto",-0.171,-3.1083,False,16.63
ecuador,full,Aquarius,323.33,"chiron,uranus,sun,mercury",0.0426,-0.4067,False,15.0
edgy,full,Aries,27.93,"chiron,uranus,neptune,mars",-0.1973,-74.1079,False,3.52
edinburgh,full,Leo,141.98,"saturn,jupiter,mercury,pluto",-0.0539,-3.1414,False,2.12
editing services,full,Sagittarius,268.63,"saturn,pluto,venus,sun",-0.9074,-1.3413,False,9.47
edmonton,full,Aquarius,322.11,"node,uranus,jupiter,sun",0.322,-3.652,False,5.01
education,full,Taurus,40.44,"node,neptune,saturn,pluto",0.247,-6.9574,False,9.62
education jobs,full,Taurus,40.63,"chiron,node,neptune,uranus",0.5185,-0.1391,False,10.9
educational games,full,Pisces,351.38,"chiron,uranus,sun,mercury",-0.0616,-2.0353,False,7.53
educational resources,relaxed,Taurus,49.25,"node,uranus,venus,chiron",0.0444,-1.9432,False,1.81
educational software,full,Capricorn,283.1,"saturn,pluto,sun,mercury",-0.1607,-4.29,False,3.23
educational toys,full,Taurus,43.28,"uranus,node,chiron,neptune",-0.0035,-1.2207,False,3.4
egg substitutes,full,Scorpio,238.2,"node,pluto,sun,mercury",-0.0316,-0.0637,False,4.46
eggs,full,Scorpio,220.39,"saturn,jupiter,node,pluto",0.2792,-0.8497,False,4.04
egypt,full,Virgo,156.65,"saturn,jupiter,pluto,chiron",-0.0471,-0.5633,False,1.62
ehime,full,Capricorn,298.66,"saturn,pluto,sun,mercury",-0.0695,-4.3272,False,4.09
el paso,full,Scorpio,214.18,"node,pluto,saturn,jupiter",-0.2421,-4.8441,False,1.45
el salvador,full,Aquarius,313.41,"node,jupiter,uranus,chiron",0.0471,-1.2088,False,4.92
elections,full,Sagittarius,255.23,"saturn,jupiter,venus,chiron",0.0264,-0.5689,False,20.56
electric,full,Taurus,39.23,"node,chiron,uranus,neptune",0.4107,-5.9777,False,2.74
electric bicycles,full,Gemini,65.88,"node,uranus,chiron,neptune",-0.0721,0.0491,True,2.96
electric skateboards,full,Virgo,178.13,"node,jupiter,uranus,venus",0.0189,-3.0094,False,1.32
electrical,full,Aries,4.6,"chiron,uranus,neptune,node",0.4103,-0.864,False,3.91
electrical test,full,Pisces,341.42,"chiron,neptune,mars,jupiter",-0.2147,-9.8636,False,4.69
electricity,full,Pisces,345.78,"chiron,mars,jupiter,neptune",0.2756,-4.7999,False,7.97
electromechanical devices,relaxed,Virgo,164.47,"jupiter,saturn,uranus,chiron",-916233.114,-6486434.3037,False,0.0
electronic accessories,full,Aquarius,303.29,"node,uranus,chiron,saturn",-0.0469,-0.7544,False,4.95
electronic components,full,Taurus,31.85,"chiron,uranus,pluto,neptune",0.1468,-4.0214,False,7.66
electronic music,full,Virgo,158.45,"node,jupiter,saturn,mars",0.4471,-3.5944,False,6.01
electronics,full,Aries,13.57,"chiron,uranus,neptune,mars",0.0827,-29.5277,False,5.45
electronics reference,full,Aquarius,329.95,"chiron,node,sun,mercury",0.0468,-0.1132,False,4.93
email,full,Taurus,33.17,"chiron,uranus,neptune,node",-2.373,-21.319,False,4.31
email marketing,full,Aries,18.16,"chiron,neptune,mars,venus",0.4277,-12.3043,False,13.45
embassies,full,Gemini,64.08,"jupiter,node,mars,saturn",-0.236,-1.146,False,2.02
emergency,full,Virgo,151.37,"chiron,saturn,uranus,neptune",-0.0081,-0.4926,False,6.79
emergency services,full,Virgo,162.02,"saturn,node,pluto,neptune",0.2092,-3.5759,False,2.93
emilia-romagna,full,Taurus,43.84,"node,jupiter,sun,mercury",-0.4966,-0.8251,False,16.15
employment law,full,Aries,3.49,"uranus,pluto,venus,node",0.0958,-5.0309,False,4.89
encyclopedias,full,Virgo,172.14,"saturn,neptune,pluto,sun",-0.0018,-0.0078,False,2.25
end tables,relaxed,Libra,191.95,"node,pluto,saturn,neptune",0.4125,0.0869,False,0.86
endocrine conditions,relaxed,Capricorn,277.99,"saturn,uranus,jupiter,sun",1.0,-0.0323,False,17.4
energy,full,Aquarius,317.11,"node,uranus,chiron,mars",0.0713,-1.0774,False,2.25
energy drinks,full,Gemini,81.09,"saturn,mars,node,jupiter",-1.1012,-2.5905,False,2.31
engine,full,Scorpio,211.81,"node,saturn,chiron,pluto",-1.7757,-33.2357,False,2.08
engineering,full,Aries,27.79,"chiron,uranus,neptune,node",0.4227,-9.7317,False,7.55
england,full,Cancer,113.4,"saturn,mars,node,venus",0.237,-1.1018,False,6.61
enterprise resource planning (erp),full,Capricorn,291.46,"saturn,jupiter,pluto,sun",0.0125,-0.2975,False,31.55
enterprise technology,full,Aquarius,300.08,"node,chiron,uranus,saturn",0.0362,-1.4055,False,4.98
entertainment,full,Taurus,47.08,"node,uranus,chiron,saturn",0.0862,0.0187,True,8.83
entertainment industry,full,Aries,10.58,"jupiter,chiron,uranus,node",0.3467,-1.3951,False,12.48
entertainment media,full,Taurus,35.55,"uranus,node,jupiter,pluto",-0.1676,-4.5496,False,6.92
entertainment media rentals,relaxed,Leo,138.25,"saturn,pluto,venus,sun",-867726.767,-2370.1364,False,0.0
entertainment news,full,Pisces,346.12,"node,chiron,neptune,venus",0.1618,-1.1148,False,11.16
entomology,full,Taurus,48.75,"uranus,jupiter,chiron,neptune",0.5373,-0.2912,False,10.31
environment,full,Aries,9.99,"chiron,neptune,node,uranus",0.2394,-0.993,False,13.17
environmental allergies,relaxed,Aries,27.65,"jupiter,uranus,node,chiron",-0.0333,1.0,False,0.0
environmental issues,full,Aquarius,326.03,"jupiter,saturn,venus,mars",0.1681,0.0711,True,16.5
equestrian,full,Scorpio,226.18,"node,uranus,chiron,neptune",-0.0303,-0.0875,False,2.4
equestrian equipment,relaxed,Aries,27.65,"jupiter,uranus,node,chiron",-0.0689,-0.0323,False,17.4
equipment,full,Virgo,152.08,"venus,jupiter,sun,mercury",-3.1811,-9.541,False,6.52
escrow,full,Sagittarius,257.19,"chiron,uranus,neptune,saturn",0.1875,-12.0031,False,1.83
esoteric traditions,full,Scorpio,221.32,"saturn,pluto,sun,mercury",-232430915.5424,-0.1017,False,8.03
espirito santo,full,Virgo,150.46,"node,jupiter,saturn,mercury",0.6092,-2.6574,False,1.27
espresso makers,full,Aries,11.1,"uranus,node,chiron,neptune",-0.1691,-0.1756,False,3.41
essen (ruhr area),relaxed,Aries,27.65,"jupiter,uranus,node,chiron",-0.0333,1.0,False,0.0
estate planning,full,Aquarius,302.15,"pluto,venus,saturn,sun",0.1876,-5.0727,False,2.14
estonia,full,Leo,133.52,"saturn,jupiter,uranus,sun",0.0412,-1.5646,False,3.54
ethics,full,Aries,23.19,"chiron,uranus,neptune,mars",-0.0325,-13.515,False,6.51
ethiopia,full,Pisces,351.31,"node,uranus,chiron,sun",-0.0845,-0.0392,False,6.62
ethnic,full,Leo,149.84,"node,uranus,chiron,mars",-0.0467,-5.8577,False,9.66
etiquette,full,Scorpio,216.03,"saturn,jupiter,mars,pluto",-1.3585,-10.4945,False,1.14
europe,full,Leo,149.28,"saturn,jupiter,node,pluto",-0.0803,-9.5483,False,1.62
event,full,Pisces,336.64,"saturn,uranus,jupiter,mars",-4.2562,-7.4801,False,5.43
event entertainment,full,Taurus,50.11,"node,uranus,jupiter,chiron",0.0573,-0.2562,False,1.73
event planning,full,Scorpio,212.52,"saturn,mars,pluto,neptune",-0.7401,-11.5283,False,5.85
event ticket sales,relaxed,Libra,204.4,"chiron,pluto,neptune,uranus",-0.0543,-0.0154,False,0.7
events,full,Pisces,336.24,"chiron,jupiter,mars,neptune",-0.9841,-3.2658,False,5.7
exams,full,Taurus,49.1,"node,chiron,uranus,neptune",-0.1433,-4.7907,False,6.14
exchange traded funds,full,Gemini,85.21,"node,uranus,chiron,saturn",0.4488,-8.7418,False,10.28
exchanges,full,Taurus,30.91,"jupiter,uranus,chiron,node",0.1277,-1.0293,False,14.85
executive,full,Pisces,341.08,"chiron,jupiter,mars,neptune",-0.2658,-7.2691,False,9.34
executive branch,full,Libra,200.84,"node,jupiter,saturn,sun",0.3051,-1.1893,False,1.85
exotic pets,full,Pisces,339.35,"jupiter,node,chiron,neptune",0.3147,-11.9779,False,4.57
expatriate communities,relaxed,Capricorn,282.53,"node,mars,uranus,neptune",-6585199779.2076,-6675604581.1597,False,0.0
experimental,full,Pisces,341.54,"saturn,jupiter,node,mars",0.0942,-6.3627,False,5.33
expert content,full,Gemini,76.7,"uranus,chiron,neptune,saturn",-0.1563,-1.199,False,4.39
export,full,Aries,17.07,"chiron,uranus,mars,neptune",-1.6064,-0.6018,False,2.54
expos,full,Leo,130.54,"saturn,jupiter,mars,node",0.3156,-32.9486,False,1.36
extensions,full,Sagittarius,245.24,"node,saturn,pluto,uranus",-1.9267,-0.4046,False,3.39
extremadura,full,Libra,185.31,"chiron,node,uranus,neptune",-0.1562,-0.1965,False,2.32
extreme sports,full,Leo,138.0,"saturn,jupiter,pluto,mars",0.2685,-0.1121,False,1.36
eye exams,full,Taurus,32.27,"chiron,node,neptune,uranus",0.1392,-0.4261,False,4.07
eye makeup,full,Scorpio,238.87,"node,saturn,pluto,mercury",0.4548,-1.96,False,4.15
eyeglasses,full,Pisces,358.54,"chiron,neptune,uranus,mars",-0.0192,-4.8444,False,4.17
eyewear,full,Leo,122.5,"uranus,jupiter,sun,venus",-2.3977,-4.9975,False,4.48
face,relaxed,Capricorn,273.85,"node,chiron,jupiter,uranus",-0.7293,-6.6192,False,0.9
face care products,full,Taurus,58.35,"node,uranus,chiron,saturn",0.0329,-7.1054,False,9.31
face cleansers,full,Gemini,88.76,"node,uranus,chiron,neptune",0.3834,-0.438,False,1.87
face lotions,full,Capricorn,284.75,"saturn,jupiter,pluto,node",0.1115,-0.4337,False,22.12
face makeup,full,Sagittarius,241.42,"saturn,mars,pluto,neptune",0.2168,-4.9206,False,3.08
face masks,relaxed,Capricorn,270.79,"saturn,jupiter,node,mars",0.0644,-17.1098,False,0.65
facial hair removal,full,Capricorn,293.81,"saturn,pluto,mars,sun",0.0203,-2.5888,False,10.95
facilities management,full,Aries,10.65,"saturn,pluto,venus,neptune",0.0255,-0.5816,False,3.32
factory automation,full,Aries,17.87,"chiron,uranus,neptune,venus",-0.4689,-0.542,False,3.26
family,full,Pisces,332.75,"node,saturn,uranus,neptune",-0.0431,-2.4481,False,3.83
family films,full,Pisces,332.81,"pluto,uranus,node,chiron",-0.1488,0.0561,True,14.54
family law,full,Pisces,342.2,"node,chiron,venus,uranus",0.1743,-2.0532,False,8.82
family travel,full,Pisces,340.51,"saturn,jupiter,chiron,pluto",-1.0252,-1.973,False,5.45
family-oriented games,full,Sagittarius,261.26,"pluto,sun,mercury,venus",-940288442.0446,-0.0323,False,1.39
fan fiction,full,Pisces,343.26,"uranus,chiron,sun,mercury",-0.0834,-7.1149,False,2.71
fandom communities,relaxed,Capricorn,277.99,"saturn,uranus,jupiter,sun",1.0,-0.1404,False,28.18
fantasy,full,Leo,136.59,"saturn,jupiter,pluto,node",-0.0022,-1.0365,False,1.8
fantasy books,full,Taurus,31.82,"uranus,chiron,node,neptune",0.4242,-6.3548,False,9.97
fantasy films,full,Cancer,111.11,"saturn,jupiter,node,pluto",0.523,-0.3691,False,4.12
fantasy shows,full,Scorpio,215.66,"saturn,pluto,mars,neptune",-0.0793,-2.9642,False,4.22
fantasy sports,full,Pisces,334.86,"node,jupiter,mars,uranus",0.1441,-0.6326,False,9.07
far eastern russia,relaxed,Aries,27.65,"jupiter,uranus,node,chiron",-0.1445,-0.2258,False,34.92
farmers' markets,relaxed,Aries,27.65,"jupiter,uranus,node,chiron",-0.0333,-0.0323,False,17.4
farms,full,Aries,13.62,"saturn,node,jupiter,uranus",-2.3439,-0.2898,False,6.27
fashion,full,Aquarius,308.01,"uranus,node,chiron,jupiter",-0.1509,-0.4082,False,5.72
fashion designers,full,Scorpio,225.15,"saturn,neptune,chiron,uranus",-0.0479,-0.0738,False,2.16
fashion games,full,Sagittarius,263.58,"node,saturn,chiron,jupiter",0.4593,-0.705,False,2.18
fashion modeling,full,Capricorn,275.0,"chiron,neptune,uranus,node",0.0183,-2.3814,False,1.68
fast food,full,Aquarius,327.77,"node,uranus,mercury,chiron",-0.0686,-1.7561,False,4.23
fasteners,full,Aries,6.68,"chiron,uranus,venus,sun",-0.0578,0.2433,True,5.12
fauna,full,Taurus,33.9,"jupiter,chiron,uranus,neptune",0.2811,-0.0827,False,8.93
fax machines,full,Aries,28.89,"chiron,node,neptune,uranus",-0.2673,-0.0218,False,14.26
feminine hygiene products,full,Taurus,59.33,"node,sun,saturn,chiron",0.1725,-0.4487,False,3.01
fencing,full,Leo,126.67,"saturn,mars,jupiter,node",0.2562,-0.7739,False,3.22
ferrari,full,Aquarius,312.44,"uranus,node,sun,mercury",-0.6642,-39.4951,False,1.38
fiat,full,Virgo,158.97,"saturn,node,pluto,jupiter",-0.1874,-1.4358,False,1.11
fiber,full,Cancer,105.14,"chiron,uranus,jupiter,neptune",0.0032,0.2281,True,8.1
field,full,Aquarius,308.91,"saturn,jupiter,node,pluto",-0.1591,-0.8906,False,3.7
fighting games,full,Capricorn,281.87,"node,pluto,neptune,saturn",-0.1286,-1.4883,False,6.11
fiji,full,Libra,180.99,"pluto,jupiter,saturn,sun",-0.1653,-2.5438,False,7.1
file sharing,full,Scorpio,226.7,"node,saturn,pluto,mars",-0.4624,-17.4923,False,2.3
film,full,Pisces,354.73,"chiron,uranus,neptune,saturn",0.1524,-0.7141,False,3.21
film festivals,full,Sagittarius,253.05,"node,jupiter,uranus,saturn",0.0587,-4.4612,False,8.31
filtering,full,Scorpio,232.46,"saturn,mars,pluto,neptune",-2.0161,-15.2204,False,4.09
finance,full,Aries,7.29,"chiron,uranus,node,neptune",-1.0913,-15.8602,False,9.36
finance jobs,full,Taurus,45.97,"chiron,node,uranus,neptune",-0.2146,-23.3675,False,8.69
financial aid,full,Aries,21.25,"chiron,jupiter,uranus,neptune",0.3441,0.3611,True,5.31
financial crime,full,Aquarius,315.67,"saturn,pluto,sun,node",0.1028,-0.1101,False,14.03
financial markets news,full,Pisces,347.89,"saturn,node,jupiter,uranus",0.135,-0.5106,False,21.06
financial planning,full,Aries,23.07,"chiron,uranus,node,neptune",0.0009,-4.032,False,9.43
financial software,full,Aries,26.16,"chiron,neptune,mercury,uranus",0.231,-0.1941,False,11.27
fine dining,full,Aries,9.72,"chiron,uranus,neptune,mars",0.1175,-1.4422,False,11.81
finishing,full,Sagittarius,261.52,"uranus,saturn,pluto,mars",-0.6637,-13.2306,False,3.14
finland,full,Leo,123.09,"saturn,jupiter,pluto,chiron",0.0008,-0.1527,False,3.52
fire,full,Capricorn,285.8,"jupiter,saturn,uranus,chiron",-0.3754,-6.4267,False,2.99
fireplaces,relaxed,Aquarius,326.93,"chiron,sun,mercury,venus",-5.6926,-4.4997,False,0.59
fiscal policy news,relaxed,Aries,27.65,"jupiter,uranus,node,chiron",-0.0333,-0.0323,False,17.4
fish,full,Aquarius,319.33,"node,jupiter,saturn,uranus",-1.571,-0.2454,False,8.92
fishing,full,Aquarius,326.29,"node,saturn,chiron,uranus",-0.4266,-0.443,False,8.04
fitness,full,Pisces,347.62,"chiron,uranus,venus,sun",0.3712,0.0478,True,15.15
fitness challenges,full,Capricorn,298.41,"node,uranus,chiron,saturn",-0.6715,-0.6809,False,25.96
fitness equipment,full,Pisces,356.1,"chiron,uranus,venus,mars",0.3367,-9.8333,False,2.8
fitness instruction,full,Sagittarius,250.7,"saturn,jupiter,mars,sun",0.2849,-0.1937,False,12.19
fitness video games,full,Taurus,46.3,"node,mercury,sun,saturn",-0.4399,0.0218,True,3.37
fittings,full,Aries,29.44,"uranus,chiron,node,neptune",0.6116,-2.86,False,4.79
flanders,full,Leo,140.95,"chiron,node,neptune,uranus",0.2403,-0.5208,False,2.38
flash drives,full,Virgo,167.07,"node,saturn,mars,pluto",-0.0422,-0.0157,False,3.09
flevoland,full,Taurus,34.1,"jupiter,venus,mars,sun",-0.0306,-20.2612,False,2.42
floor care,relaxed,Sagittarius,242.97,"node,chiron,neptune,uranus",0.1226,-3.9478,False,0.98
flooring,full,Pisces,356.76,"chiron,uranus,pluto,mars",-0.2347,-0.5524,False,4.94
flora,full,Libra,204.83,"node,pluto,chiron,jupiter",-0.0715,-0.0139,False,4.03
florence,relaxed,Scorpio,226.32,"node,saturn,pluto,chiron",-1.8504,-1.1303,False,0.5
florida,full,Virgo,167.43,"saturn,node,pluto,uranus",-0.4335,-2.4927,False,1.54
florida keys,full,Aquarius,325.05,"uranus,jupiter,sun,mercury",-0.1302,-8.9465,False,2.55
florida panhandle,full,Aquarius,310.49,"saturn,jupiter,pluto,sun",0.0974,-1.9,False,6.94
flowers,full,Sagittarius,259.67,"node,jupiter,mars,saturn",-0.2635,-0.5737,False,19.67
flu,full,Capricorn,272.4,"node,jupiter,chiron,uranus",0.1095,-0.2657,False,2.09
fluid handling,relaxed,Scorpio,225.11,"node,saturn,pluto,neptune",-0.0459,1.0,False,0.0
folk,full,Pisces,331.44,"node,uranus,jupiter,chiron",0.2887,-2.1877,False,13.75
folklore,full,Pisces,352.73,"uranus,chiron,neptune,pluto",0.0009,-3.4797,False,2.52
fonts,full,Aries,13.73,"chiron,uranus,neptune,mars",-0.4411,-9.6671,False,4.92
food,full,Taurus,37.7,"uranus,node,chiron,mars",0.607,-5.8732,False,3.21
food allergies,full,Pisces,347.62,"jupiter,node,uranus,chiron",-0.111,-0.5532,False,5.67
food festivals,full,Aries,25.57,"chiron,neptune,node,uranus",0.2554,-1.0119,False,16.45
food mixers,full,Taurus,42.43,"node,sun,mercury,venus",-0.0213,0.0779,True,3.0
food processors,full,Capricorn,278.21,"saturn,chiron,neptune,mercury",0.2727,-1.9517,False,3.75
food production,full,Pisces,353.5,"chiron,saturn,pluto,uranus",0.1235,-2.0787,False,15.46
food service,full,Aries,18.78,"chiron,jupiter,uranus,mars",0.3059,-9.1917,False,5.66
food shows,full,Pisces,338.16,"chiron,uranus,mars,sun",-1.5841,-4.4316,False,5.93
footwear,full,Pisces,342.45,"jupiter,node,saturn,chiron",0.4643,-0.0297,False,6.91
ford,full,Scorpio,212.1,"saturn,node,chiron,pluto",0.1325,-4.3687,False,1.35
foreclosed properties,full,Aries,21.69,"node,mercury,jupiter,sun",-0.6773,-0.2675,False,7.64
foreign exchange,full,Virgo,165.25,"saturn,mercury,mars,pluto",0.2111,-3.7093,False,3.48
foreign language study,full,Leo,127.45,"uranus,jupiter,saturn,node",0.1304,-10.2885,False,2.96
forestry,full,Libra,197.72,"node,saturn,mars,pluto",-0.0037,-5.4402,False,2.82
formal wear,full,Aries,10.51,"jupiter,chiron,uranus,node",0.3929,-8.8487,False,7.1
forms,full,Pisces,358.75,"chiron,mars,neptune,uranus",-2.2627,-1.183,False,7.96
fortaleza,full,Pisces,356.29,"chiron,jupiter,neptune,mars",0.2408,-0.001,False,12.71
forum,full,Aquarius,307.61,"node,uranus,chiron,mercury",-0.0027,-0.8661,False,7.18
fragrances,full,Aries,26.35,"uranus,node,pluto,jupiter",0.2891,-13.2061,False,10.45
france,full,Leo,122.18,"saturn,jupiter,mars,node",0.0732,-0.4533,False,12.05
franche-comte,relaxed,Gemini,70.19,"jupiter,pluto,sun,mercury",-0.0563,-297731000260.6498,False,0.0
frankfurt,full,Pisces,339.51,"saturn,pluto,mars,jupiter",0.0348,-12.3341,False,4.72
fraternal orders,relaxed,Gemini,80.21,"jupiter,sun,mercury,venus",1.0,-132432984637.2079,False,0.0
fraternities,relaxed,Virgo,170.15,"chiron,saturn,neptune,uranus",-0.0683,-2.0856,False,0.93
freeware,full,Aquarius,313.2,"jupiter,venus,sun,mercury",-0.951,-0.1475,False,19.18
freezers,full,Virgo,168.97,"saturn,pluto,sun,node",-4.6441,-2.6206,False,1.13
freight transport,full,Aries,10.15,"chiron,neptune,node,saturn",0.1823,-0.6809,False,4.46
french cuisine,full,Leo,125.69,"uranus,venus,jupiter,sun",-0.1664,-1.2419,False,3.44
french guiana,full,Taurus,56.57,"venus,chiron,mars,neptune",-0.082,-0.0587,False,5.74
friendship,full,Taurus,59.01,"jupiter,chiron,neptune,uranus",0.1344,-16.5491,False,8.63
friesland,full,Leo,146.72,"saturn,node,pluto,chiron",0.2274,-0.6388,False,1.37
friuli-venezia giulia,full,Taurus,46.34,"uranus,saturn,sun,mercury",-0.1171,-0.2052,False,27.03
frozen desserts,full,Gemini,79.7,"node,jupiter,mercury,saturn",0.5198,-0.7575,False,14.28
fruits,full,Pisces,333.77,"node,saturn,jupiter,neptune",-0.1765,-10.3546,False,11.59
fujian,full,Taurus,33.86,"uranus,chiron,node,mars",-0.2807,-5.0775,False,5.93
fukui,relaxed,Libra,201.11,"jupiter,pluto,chiron,neptune",-0.1178,-0.2158,False,0.7
fukuoka,full,Sagittarius,242.2,"node,mars,chiron,neptune",-8.0161,-4.4669,False,1.49
fukushima,relaxed,Scorpio,217.43,"node,saturn,pluto,neptune",0.016,-0.1858,False,0.91
fun,full,Scorpio,220.19,"node,pluto,jupiter,chiron",0.0901,-3.8147,False,1.39
fun tests,full,Leo,146.99,"node,jupiter,uranus,chiron",0.1785,-1.2916,False,2.88
funds,full,Taurus,47.52,"uranus,node,chiron,neptune",0.1289,-2.0517,False,9.83
funny pictures,relaxed,Leo,143.27,"saturn,pluto,mars,neptune",0.1645,-1.1649,False,0.96
furnished rentals,full,Capricorn,296.49,"mercury,mars,pluto,chiron",-0.022,-0.0895,False,3.35
futures trading,full,Taurus,31.11,"chiron,uranus,mars,neptune",-2.5816,-9.1082,False,16.85
gadgets,full,Gemini,64.24,"node,uranus,chiron,neptune",-0.0801,-2.9609,False,7.53
galapagos islands,full,Virgo,172.47,"node,saturn,jupiter,uranus",-0.3576,-2.7434,False,3.28
galicia,full,Scorpio,231.02,"chiron,pluto,node,uranus",-0.1719,-2.6586,False,2.28
galleries,relaxed,Scorpio,224.65,"jupiter,venus,node,pluto",-156430610119.1676,-3.1736,False,0.61
game systems,relaxed,Leo,124.92,"saturn,venus,node,jupiter",-0.0955,-2.482,False,0.78
games,full,Pisces,346.2,"uranus,chiron,pluto,sun",0.13,-4.3757,False,4.13
gaming reference,full,Aries,26.68,"node,chiron,uranus,neptune",-0.172,-0.426,False,1.99
gangs,full,Scorpio,230.86,"chiron,uranus,jupiter,neptune",0.3085,-0.0389,False,2.47
gangwon,full,Capricorn,277.46,"saturn,venus,pluto,sun",0.0217,-0.1453,False,16.9
gansu,full,Aquarius,310.16,"saturn,pluto,jupiter,neptune",-0.0116,-0.0959,False,3.72
garden,full,Aquarius,308.19,"uranus,chiron,mars,pluto",0.3192,-0.2858,False,13.75
garden structures,full,Pisces,341.16,"pluto,mars,uranus,venus",-0.3492,-0.685,False,3.7
garden tv shows,full,Gemini,82.82,"node,uranus,jupiter,chiron",0.1584,-0.6493,False,13.14
gardening,full,Pisces,353.55,"venus,sun,mercury,jupiter",-5.1442,-6.0639,False,12.15
gardens,full,Leo,142.13,"saturn,node,jupiter,pluto",-0.0154,-0.0335,False,2.52
gas,full,Aquarius,326.05,"chiron,jupiter,node,neptune",0.5102,-1.6273,False,5.6
gas prices,relaxed,Pisces,338.79,"node,uranus,mercury,sun",0.2865,-639.101,False,0.92
gatlinburg,full,Aries,19.29,"uranus,mars,saturn,neptune",0.2,-1.5123,False,2.4
gay,full,Leo,123.74,"saturn,mars,pluto,uranus",0.4456,-20.8273,False,1.6
gear,full,Aquarius,326.03,"uranus,node,sun,mercury",-2.6483,-42.0483,False,1.42
gelderland,full,Aquarius,301.96,"node,uranus,chiron,neptune",-0.0092,-21.534,False,2.03
gems,full,Aquarius,321.57,"mars,saturn,chiron,neptune",-0.7321,-2.3856,False,3.13
genealogy,full,Virgo,157.29,"saturn,node,pluto,mars",-1.1744,-4.7432,False,2.52
general reference,full,Aries,25.67,"node,jupiter,uranus,mars",-0.4054,-0.1644,False,8.18
generators,full,Leo,147.4,"saturn,jupiter,node,pluto",-0.0538,-2.7439,False,3.25
genetic disorders,relaxed,Taurus,59.34,"chiron,uranus,neptune,mars",0.2721,-1.4537,False,0.68
genetics,full,Pisces,355.87,"chiron,mars,neptune,venus",0.1786,0.0921,True,5.73
geneva,full,Leo,146.41,"saturn,node,jupiter,mars",-0.0798,-0.2762,False,3.59
genoa,full,Sagittarius,245.23,"node,chiron,uranus,venus",0.0811,-0.6986,False,3.07
geology,full,Scorpio,236.31,"chiron,venus,sun,mars",0.1141,-2.2161,False,7.29
georgia,full,Libra,187.21,"node,pluto,chiron,neptune",0.1047,-1.6312,False,3.98
georgia (usa),full,Libra,193.31,"node,saturn,pluto,venus",-0.0716,-1.932,False,1.22
gerd,full,Aquarius,307.07,"node,jupiter,uranus,chiron",-0.0386,-0.468,False,2.61
geriatrics,full,Capricorn,271.54,"saturn,mars,venus,pluto",-0.3819,-0.0599,False,17.1
german cuisine,full,Taurus,52.52,"node,uranus,chiron,neptune",-0.1292,-0.7035,False,4.98
germany,full,Leo,143.63,"saturn,jupiter,mars,node",-0.0293,-1.1563,False,2.7
get ready with me videos,full,Taurus,42.2,"chiron,mars,neptune,saturn",0.2167,-3.8473,False,22.25
ghana,full,Aquarius,326.97,"jupiter,uranus,chiron,sun",0.0657,-0.0061,False,10.04
gift baskets,full,Scorpio,228.21,"saturn,mercury,sun,venus",0.7202,-0.2625,False,3.8
gifts,full,Sagittarius,260.21,"saturn,mars,venus,chiron",0.1356,-0.5691,False,8.31
gifu,full,Sagittarius,268.54,"node,mercury,uranus,pluto",-0.1313,-6.228,False,5.94
glasgow,full,Capricorn,299.78,"node,uranus,chiron,sun",-0.517,-10.4042,False,1.5
global warming,full,Scorpio,237.18,"node,uranus,mercury,chiron",-0.6985,-7.209,False,1.28
gluten-free diets,relaxed,Cancer,101.12,"jupiter,saturn,pluto,sun",-56795697.2032,-161797752657.3675,False,0.0
gmc,full,Pisces,342.65,"jupiter,chiron,uranus,neptune",0.2877,-15.2494,False,4.69
goa,full,Capricorn,289.71,"pluto,jupiter,saturn,mercury",0.1572,-1.411,False,1.75
goias,full,Scorpio,234.15,"node,chiron,pluto,neptune",-0.0118,-0.0184,False,9.03
gold coast,full,Virgo,179.03,"saturn,jupiter,node,pluto",-0.5388,-0.8384,False,4.33
golf,full,Leo,126.5,"saturn,jupiter,node,pluto",-0.049,-0.2001,False,3.79
golf equipment,full,Taurus,43.98,"node,chiron,uranus,neptune",-0.0254,-1.6716,False,7.18
gospel music,full,Libra,206.3,"saturn,pluto,mars,chiron",-0.6085,-2.9668,False,6.82
gossip,relaxed,Leo,133.93,"saturn,pluto,sun,mars",-0.4082,-0.0404,False,0.51
goth subculture,full,Taurus,31.5,"node,jupiter,mercury,uranus",-0.0639,-1.5163,False,22.11
gourmet,full,Sagittarius,246.6,"saturn,pluto,sun,mercury",0.3033,-0.1988,False,3.04
government,full,Aries,11.12,"jupiter,chiron,node,mars",0.7394,-2.6343,False,8.89
government agencies,full,Aquarius,321.74,"saturn,node,uranus,jupiter",0.2839,-0.3158,False,1.8
government contracting,full,Aquarius,302.33,"saturn,node,chiron,jupiter",-0.1816,-11.6304,False,16.34
government grants,full,Taurus,58.48,"node,mars,venus,uranus",-0.2498,-8.1554,False,4.85
gps,full,Leo,134.84,"node,saturn,mercury,venus",-0.6198,-1.2913,False,1.17
graduate education,full,Aries,28.13,"chiron,uranus,node,mercury",0.1075,-2.5649,False,4.51
graduation,full,Gemini,78.79,"saturn,venus,jupiter,neptune",0.108,0.1733,True,12.1
grains,full,Taurus,32.29,"chiron,neptune,node,uranus",-0.3121,-2.1833,False,9.12
granada,relaxed,Leo,147.23,"jupiter,node,saturn,pluto",0.046,-13.9728,False,0.57
grand rapids-west michigan,relaxed,Aries,27.65,"jupiter,uranus,node,chiron",-0.0333,1.0,False,0.0
grand strand,full,Taurus,31.73,"saturn,pluto,neptune,chiron",0.2897,-0.2143,False,5.1
grand-est,relaxed,Capricorn,277.99,"saturn,uranus,jupiter,sun",1.0,-0.0323,False,17.4
grants,full,Aquarius,327.93,"node,jupiter,uranus,mars",0.2757,-1.1974,False,9.76
graphic design,full,Aries,28.93,"chiron,uranus,mars,neptune",0.0038,-23.9987,False,7.26
graphics,full,Aries,3.76,"chiron,uranus,mars,sun",-0.0109,-0.5622,False,3.69
great plains (usa),relaxed,Libra,200.2,"jupiter,venus,sun,mercury",-40076332205.9422,-31670221226.313,False,0.0
greater cleveland,full,Gemini,61.24,"node,mars,jupiter,uranus",-0.0552,-0.0161,False,3.76
greater hartford,full,Aquarius,305.93,"jupiter,node,pluto,chiron",-0.1287,-0.4853,False,1.41
greater orlando,relaxed,Aries,27.65,"jupiter,uranus,node,chiron",-0.0687,-0.0323,False,17.4
greater st. louis,relaxed,Gemini,76.04,"jupiter,node,saturn,pluto",-93755939.9383,-552598186614.8826,False,0.0
greater toronto,full,Pisces,343.73,"mars,jupiter,saturn,venus",-0.5226,-0.1765,False,3.79
greece,full,Leo,139.78,"saturn,node,jupiter,mars",-0.2962,-1.1535,False,1.81
greek cuisine,full,Taurus,47.9,"node,uranus,chiron,mars",-0.0221,-0.8302,False,9.86
green,full,Virgo,155.49,"saturn,pluto,chiron,neptune",0.024,-0.0255,False,1.89
green living,full,Virgo,153.53,"saturn,pluto,chiron,neptune",-0.3975,-1.2452,False,1.09
greenland,relaxed,Cancer,118.41,"jupiter,venus,sun,mars",-1.3338,-0.9657,False,3.76
greenville,full,Aquarius,310.83,"jupiter,mars,venus,sun",-1.0217,-17.9899,False,9.13
greeting cards,full,Sagittarius,241.45,"jupiter,saturn,sun,mercury",0.6693,-1.6199,False,2.49
grenada,full,Virgo,163.02,"saturn,jupiter,node,uranus",-0.1012,-0.8846,False,6.28
grenadines,full,Aquarius,320.59,"node,uranus,chiron,neptune",0.0063,0.0671,True,5.22
grilling,full,Taurus,55.33,"sun,mercury,venus,jupiter",-1.382,-1.6402,False,9.86
grills,full,Virgo,159.17,"saturn,pluto,mars,neptune",-1.2993,-3.4141,False,1.82
grocery delivery,full,Pisces,333.41,"saturn,neptune,jupiter,node",0.4039,-0.2378,False,10.51
grocery delivery services,relaxed,Aquarius,325.79,"chiron,sun,mercury,venus",-1379139429.2981,1.0,False,0.0
grocery retailers,relaxed,Aries,27.65,"jupiter,uranus,node,chiron",-0.0683,1.0,False,0.0
groningen,full,Scorpio,238.53,"node,uranus,mercury,chiron",-0.2238,-0.5847,False,1.32
guadalajara,full,Scorpio,215.54,"node,chiron,neptune,uranus",-0.0572,-0.0647,False,1.52
guadeloupe,full,Virgo,153.11,"saturn,jupiter,pluto,node",0.0047,-0.44,False,1.71
guam,full,Virgo,151.37,"saturn,mars,mercury,venus",0.0185,-1.4786,False,3.03
guanajuato,full,Sagittarius,257.97,"node,chiron,saturn,neptune",0.0596,-0.4552,False,2.62
guangdong,full,Sagittarius,247.26,"node,jupiter,pluto,saturn",-0.0064,-0.5912,False,3.43
guangxi,full,Aries,6.67,"chiron,neptune,mars,saturn",0.1291,-0.3203,False,3.32
guangzhou,full,Libra,205.36,"uranus,node,jupiter,sun",-0.3737,-0.4541,False,2.41
guatemala,full,Cancer,104.31,"saturn,node,mars,venus",-0.5335,-0.1684,False,3.14
guerrero,full,Virgo,153.14,"saturn,node,pluto,chiron",-0.1103,-10.9312,False,1.27
guided tours,full,Capricorn,278.17,"node,saturn,jupiter,venus",-0.7936,-1.0532,False,8.71
guides,full,Pisces,338.0,"node,uranus,venus,pluto",0.0115,-5.3911,False,6.97
guitars,full,Virgo,163.69,"saturn,mars,node,venus",0.5469,-14.2799,False,1.27
guizhou,full,Gemini,72.17,"saturn,node,mercury,jupiter",0.0302,-0.3804,False,2.97
gujarat,full,Aquarius,303.08,"saturn,node,mars,neptune",0.4539,-0.4132,False,13.77
gunma,full,Gemini,67.43,"node,saturn,jupiter,uranus",0.2417,-0.4925,False,8.2
guyana,full,Cancer,113.01,"saturn,node,mars,venus",0.1154,-0.2284,False,8.43
gwangju,full,Cancer,95.72,"node,mars,venus,jupiter",-0.2876,-0.2885,False,5.37
gyeonggi,relaxed,Virgo,172.09,"node,uranus,chiron,neptune",-0.4422,-0.8203,False,0.46
gymnastics,relaxed,Libra,206.26,"pluto,chiron,jupiter,saturn",-7.5571,-13.477,False,0.87
gymnastics equipment,full,Virgo,158.25,"jupiter,node,venus,uranus",0.3406,0.1597,True,1.31
gyms,full,Pisces,339.22,"saturn,mars,chiron,node",-0.641,-0.9875,False,1.95
hainan,full,Sagittarius,262.91,"saturn,uranus,chiron,pluto",0.0945,-1.7119,False,4.35
hair accessories,full,Aries,28.55,"jupiter,uranus,chiron,mars",-1.1366,-5.1872,False,5.61
hair care,full,Aries,29.06,"jupiter,uranus,chiron,node",-1.813,-1.9895,False,7.38
hair cutting,full,Taurus,58.72,"node,saturn,uranus,chiron",-0.1025,-6.12,False,7.82
hair inspiration,full,Taurus,45.51,"jupiter,uranus,node,chiron",-1.2275,-85.806,False,2.89
hair loss,full,Cancer,90.68,"node,uranus,jupiter,sun",0.2602,-2.5107,False,8.94
hair styling tools,full,Capricorn,284.59,"saturn,node,jupiter,pluto",0.0006,-2.0579,False,9.33
haiti,relaxed,Capricorn,288.29,"saturn,pluto,mars,uranus",-0.4537,-1.933,False,0.35
halifax,relaxed,Capricorn,292.35,"node,uranus,chiron,mercury",-0.6719,-64.8488,False,0.5
halloween,full,Virgo,175.84,"sun,pluto,saturn,chiron",0.6514,0.5153,True,12.63
hamburg,full,Aquarius,300.54,"uranus,node,chiron,venus",-4.4228,-2.0285,False,1.3
hand,full,Aquarius,323.71,"node,chiron,jupiter,uranus",-0.8738,-8.8611,False,1.27
handbags,full,Virgo,153.04,"saturn,pluto,mars,venus",0.0346,-2.8185,False,1.21
handball,full,Leo,140.86,"pluto,saturn,jupiter,chiron",-0.0864,-0.3534,False,2.26
handheld game consoles,full,Capricorn,282.83,"saturn,jupiter,pluto,node",0.0566,-12.1955,False,6.07
handhelds,full,Aquarius,301.54,"saturn,pluto,jupiter,sun",0.0491,-3.3765,False,19.66
hangzhou,full,Libra,186.1,"saturn,jupiter,pluto,chiron",0.0151,-0.2835,False,13.73
hanoi,full,Virgo,151.12,"saturn,jupiter,node,pluto",0.0302,-2.716,False,3.53
harare,full,Aries,19.08,"chiron,neptune,uranus,node",0.3189,-0.6022,False,16.88
harbin,full,Libra,195.99,"pluto,jupiter,node,neptune",0.1011,-0.8316,False,9.95
hard drives,full,Leo,124.47,"saturn,node,jupiter,pluto",0.8259,-0.8909,False,2.73
hard rock,full,Leo,147.72,"saturn,jupiter,node,pluto",-0.0845,-0.6668,False,1.7
hardware modding,full,Aquarius,329.37,"jupiter,sun,mercury,venus",-2421155109.3016,-0.025,False,13.05
hatchbacks,full,Cancer,102.5,"node,jupiter,uranus,venus",0.4519,-15.9155,False,2.94
hauts-de-france,full,Capricorn,273.63,"saturn,jupiter,venus,sun",0.0158,-0.4244,False,23.56
hawaii,full,Capricorn,270.78,"uranus,chiron,neptune,jupiter",0.1082,-8.032,False,2.18
hdtvs,full,Sagittarius,264.79,"node,saturn,sun,mercury",0.0563,-0.3399,False,3.16
headaches,full,Cancer,101.46,"node,jupiter,uranus,mars",0.5684,-1.4204,False,3.63
headboards,full,Leo,130.76,"node,jupiter,mars,uranus",0.4391,-11.5511,False,1.46
headphones,full,Gemini,65.33,"node,jupiter,uranus,sun",0.3345,-2.6367,False,3.72
headwear,full,Libra,207.34,"node,mars,jupiter,mercury",-1.3775,-1.7984,False,4.85
health,full,Aries,22.12,"chiron,uranus,node,neptune",0.6196,-2.3086,False,10.57
health clubs,full,Gemini,86.17,"saturn,mars,jupiter,node",0.2305,-0.6335,False,5.9
health conditions,full,Taurus,45.64,"uranus,node,chiron,neptune",-0.0928,-2.5683,False,4.83
health education,full,Aries,23.41,"uranus,chiron,node,neptune",-0.588,-7.9908,False,13.81
health foundations,full,Aries,16.62,"node,jupiter,uranus,saturn",0.0313,-0.3113,False,21.86
health insurance,full,Cancer,109.58,"jupiter,uranus,saturn,chiron",-0.034,-1.192,False,10.38
health news,full,Aquarius,306.58,"saturn,mars,chiron,pluto",-0.0905,-0.3774,False,4.41
health policy,full,Aries,28.25,"uranus,node,chiron,pluto",-0.6972,-12.1214,False,3.86
healthy eating,full,Pisces,346.02,"chiron,uranus,venus,sun",-0.3896,-4.78,False,4.96
hearing impairment,full,Taurus,39.89,"chiron,jupiter,node,neptune",0.4393,-1.873,False,14.33
heart,full,Virgo,173.41,"saturn,pluto,node,neptune",0.2757,-0.4288,False,1.39
heat pumps,full,Taurus,55.05,"jupiter,uranus,chiron,neptune",0.3548,-1.9162,False,11.36
heaters,full,Scorpio,226.84,"saturn,mercury,sun,venus",0.6323,0.6641,True,9.4
heavy machinery,full,Sagittarius,240.79,"saturn,jupiter,mercury,sun",0.4671,-7.5984,False,6.26
hebei,full,Taurus,56.68,"chiron,uranus,neptune,pluto",0.1277,-0.0007,False,2.66
hedge funds,full,Aries,3.53,"saturn,venus,mars,uranus",0.0212,-2.2255,False,4.34
heilongjiang,full,Gemini,66.43,"chiron,neptune,jupiter,uranus",0.2613,0.0572,True,5.5
helpdesk,relaxed,Aquarius,315.43,"node,uranus,chiron,sun",-0.0818,-270.5594,False,0.73
helsinki,relaxed,Virgo,160.25,"saturn,node,pluto,venus",-0.0021,-4.0972,False,0.7
henan,full,Cancer,112.8,"mars,saturn,jupiter,pluto",0.0082,0.0098,True,2.07
herbs,full,Aquarius,324.96,"jupiter,uranus,chiron,venus",-0.7665,-18.2438,False,4.74
hesse,full,Libra,180.85,"node,saturn,pluto,jupiter",0.322,-0.0049,False,1.36
high intensity interval training,full,Scorpio,222.9,"saturn,node,sun,mercury",0.479,-3.4965,False,4.56
high performance,full,Libra,202.63,"node,pluto,saturn,jupiter",0.0824,-0.9204,False,3.59
hiking,full,Aries,6.85,"chiron,uranus,jupiter,venus",-0.1574,-9.0301,False,4.07
hinduism,full,Pisces,337.66,"chiron,uranus,neptune,venus",-0.3474,-5.5833,False,10.06
hints,full,Virgo,166.91,"saturn,node,jupiter,pluto",-0.3438,-1.8574,False,2.01
hip-hop,full,Cancer,104.19,"saturn,jupiter,node,pluto",-0.4222,-3.1051,False,1.03
hiroshima,full,Leo,148.25,"chiron,node,uranus,saturn",0.0499,-0.0874,False,6.64
historical sites,full,Aquarius,304.35,"saturn,pluto,sun,jupiter",0.3247,-0.3948,False,21.28
history,full,Gemini,66.21,"jupiter,uranus,neptune,pluto",-0.0032,-43.2147,False,2.91
hiv,full,Scorpio,236.32,"venus,sun,mercury,jupiter",-9.5776,-18.8923,False,2.8
ho chi minh city,full,Cancer,119.17,"jupiter,node,saturn,pluto",0.0658,-9.9573,False,8.01
hobbies,full,Capricorn,296.77,"saturn,node,pluto,uranus",-1.6834,-0.906,False,10.91
hockey,full,Libra,209.83,"saturn,jupiter,pluto,sun",-0.9214,-11.4593,False,1.57
hockey equipment,full,Virgo,175.11,"saturn,sun,mercury,chiron",-0.2073,-1.1344,False,2.47
hokkaido,full,Sagittarius,258.86,"saturn,jupiter,pluto,venus",0.4826,-4.4605,False,13.11
holiday supplies,full,Sagittarius,258.83,"saturn,jupiter,node,venus",0.1325,-0.1415,False,19.74
holidays,full,Libra,192.1,"saturn,node,mars,venus",-0.2046,-0.0529,False,3.69
home,full,Aquarius,327.84,"jupiter,node,uranus,mars",-1.2584,-9.6517,False,2.05
home alarm,relaxed,Aquarius,326.12,"chiron,sun,mercury,venus",0.5392,-11.7226,False,0.85
home appliances,full,Taurus,40.16,"uranus,chiron,node,neptune",-3.0395,-10.3999,False,7.66
home automation,full,Virgo,160.01,"saturn,mars,jupiter,pluto",-1.078,-5.3848,False,3.38
home cleaning,full,Aquarius,310.08,"saturn,pluto,jupiter,sun",-0.1435,-10.48,False,6.78
home delivery services,full,Taurus,39.95,"node,chiron,jupiter,saturn",-0.1862,-0.6936,False,12.85
home equity loans,full,Leo,139.59,"node,jupiter,sun,mercury",-1.2395,-1.2768,False,1.93
home financing,full,Capricorn,297.12,"saturn,pluto,mars,sun",-0.0533,-1.3985,False,4.82
home furnishings,full,Gemini,61.32,"node,uranus,chiron,venus",0.0325,-0.7471,False,7.72
home improvement,relaxed,Virgo,157.82,"saturn,node,pluto,mars",-0.5668,-6.4602,False,0.91
home insurance,full,Taurus,46.6,"jupiter,venus,mercury,uranus",0.0252,-0.0553,False,3.26
home office,full,Aquarius,323.4,"jupiter,venus,sun,mercury",-10.9909,-23.4458,False,6.02
home refinancing,full,Gemini,61.47,"node,saturn,jupiter,chiron",0.258,-1.6107,False,17.42
home safety,full,Aquarius,325.62,"uranus,chiron,pluto,neptune",0.2534,-1.2879,False,22.01
home storage,full,Aries,15.95,"chiron,uranus,jupiter,neptune",-0.8735,-0.2303,False,18.1
home swimming pools,full,Gemini,62.71,"jupiter,node,saturn,pluto",0.1034,-17.2416,False,3.98
home theater systems,full,Gemini,75.6,"node,uranus,mercury,chiron",0.0506,-7.3432,False,5.06
homeschooling,full,Aquarius,324.62,"venus,jupiter,sun,mercury",-0.4255,-12.444,False,4.02
honda,full,Capricorn,288.21,"node,uranus,saturn,pluto",-0.4777,-3.9356,False,4.03
honduras,full,Capricorn,294.3,"saturn,mars,node,venus",0.0237,-0.5845,False,8.06
honeymoons,full,Cancer,95.64,"jupiter,node,saturn,chiron",-0.4463,-0.0196,False,12.49
hong kong,full,Libra,201.0,"node,jupiter,saturn,pluto",-0.1324,-1.8293,False,2.59
horror books,full,Aries,29.57,"chiron,uranus,neptune,node",0.5838,-4.6639,False,9.24
horror films,full,Scorpio,222.47,"jupiter,saturn,pluto,mars",-0.6302,-7.9266,False,5.43
horror games,full,Aquarius,315.32,"chiron,uranus,neptune,pluto",0.5226,-2.8454,False,12.27
horses,relaxed,Libra,201.15,"node,chiron,uranus,neptune",-12.0745,-128.5653,False,0.51
horticulture,full,Taurus,34.16,"chiron,uranus,node,neptune",0.5631,-3.3496,False,9.59
hosiery,full,Aquarius,319.17,"jupiter,node,mars,venus",-0.3201,-4.3065,False,10.53
hospitality industry,full,Gemini,87.89,"chiron,uranus,neptune,pluto",0.1179,-0.3392,False,12.08
hospitals,full,Sagittarius,267.2,"saturn,mars,node,jupiter",0.086,-14.2751,False,3.44
hosting,full,Pisces,347.59,"chiron,uranus,mars,venus",-0.7118,-11.3253,False,6.4
hotels,full,Pisces,347.63,"uranus,node,jupiter,saturn",0.7031,-3.4467,False,5.31
house painting,full,Taurus,43.17,"node,jupiter,uranus,chiron",-1.6788,-0.9363,False,2.16
household batteries,relaxed,Aries,27.65,"jupiter,uranus,node,chiron",-0.0333,-0.0323,False,17.4
household cleaning supplies,relaxed,Aries,27.65,"jupiter,uranus,node,chiron",-0.0333,1.0,False,0.0
household fans,relaxed,Scorpio,229.19,"chiron,neptune,pluto,saturn",-1669456888.0107,1.0,False,0.0
household supplies,full,Capricorn,276.09,"saturn,node,pluto,sun",0.018,-0.229,False,2.35
housing,full,Aries,19.53,"jupiter,venus,sun,mercury",-3.2716,-6.4032,False,8.46
houston,relaxed,Scorpio,237.39,"node,chiron,uranus,neptune",-10.3515,-13864693362.6146,False,0.0
how-to,full,Pisces,338.52,"node,uranus,sun,mercury",0.0774,-0.7904,False,15.18
hsinchu,full,Taurus,48.36,"node,chiron,uranus,neptune",-0.0379,-1.9503,False,5.87
hubei,full,Leo,129.06,"node,uranus,chiron,neptune",0.0273,-0.2967,False,3.86
human resources,full,Aquarius,324.44,"venus,mars,mercury,sun",0.1384,-5.2093,False,6.86
human rights,full,Aquarius,301.67,"uranus,venus,chiron,node",0.4188,-2.2324,False,5.92
humanities,full,Capricorn,289.46,"jupiter,mars,venus,sun",-0.7123,-2.7097,False,16.07
hummer,full,Leo,149.55,"saturn,pluto,chiron,neptune",0.0816,-1.9154,False,1.21
humor,relaxed,Sagittarius,268.39,"node,chiron,uranus,neptune",0.363,-0.2711,False,0.85
hunan,full,Scorpio,236.59,"saturn,mars,chiron,pluto",-0.8202,-8.2272,False,2.47
hungary,full,Gemini,81.2,"saturn,mars,sun,jupiter",0.159,-16.0569,False,3.61
hunger,full,Libra,201.54,"node,saturn,pluto,neptune",0.1789,-2.8451,False,1.47
hunting,full,Scorpio,223.85,"pluto,chiron,neptune,sun",0.2722,-2.2547,False,3.21
hvac,full,Aries,15.53,"jupiter,node,uranus,mercury",-0.1296,-2.3038,False,9.67
hybrid,full,Pisces,335.55,"chiron,uranus,neptune,mars",-0.5494,-5.6144,False,8.68
hyderabad,full,Taurus,42.12,"chiron,node,neptune,uranus",0.3147,-5.8496,False,8.83
hydropower,full,Taurus,31.25,"uranus,chiron,jupiter,node",0.0942,-0.1633,False,11.42
hygiene,full,Aries,27.92,"uranus,chiron,node,neptune",0.1886,-1.7799,False,6.97
hyogo,relaxed,Aquarius,307.34,"saturn,pluto,mars,node",-1.938,-1.4245,False,22.29
hypertension,full,Pisces,350.7,"chiron,mars,neptune,venus",-0.3057,-5.5664,False,3.76
hyundai,full,Aries,15.09,"chiron,uranus,jupiter,neptune",0.1676,0.1901,True,6.77
ibaraki,full,Aquarius,302.67,"pluto,mars,chiron,sun",0.2695,-0.5132,False,8.28
ice cream,full,Taurus,35.66,"jupiter,mars,uranus,venus",-0.1675,-2.612,False,5.03
ice skating,full,Sagittarius,262.18,"chiron,mercury,node,sun",0.3139,-6.1863,False,1.86
ice skating equipment,relaxed,Scorpio,211.45,"chiron,jupiter,pluto,neptune",-1064325246.4754,-0.0323,False,0.52
iceland,full,Leo,136.48,"saturn,node,jupiter,mars",0.1598,-0.7291,False,2.03
idaho,full,Capricorn,271.52,"node,chiron,uranus,neptune",0.1262,-0.3413,False,19.23
identity groups,full,Aries,10.63,"saturn,chiron,node,jupiter",0.0828,-0.5818,False,39.02
identity relations,full,Cancer,96.56,"chiron,neptune,saturn,node",-0.1571,-0.0095,False,26.05
identity theft protection,full,Aries,22.24,"venus,uranus,jupiter,sun",-0.0578,-0.5753,False,21.84
ile-de-france,full,Capricorn,292.28,"jupiter,saturn,venus,sun",0.021,-0.1593,False,22.31
illinois,full,Leo,132.24,"saturn,jupiter,pluto,uranus",-0.0042,-0.6257,False,9.17
illustration,full,Aries,23.94,"chiron,uranus,neptune,node",0.458,-2.1967,False,8.24
image sharing,full,Gemini,60.39,"node,uranus,chiron,mars",0.0091,-2.3107,False,3.92
immigration,full,Libra,184.31,"jupiter,pluto,chiron,neptune",-0.4832,-6.4245,False,8.49
immigration policy,full,Scorpio,219.47,"node,jupiter,uranus,chiron",0.2644,-1.0674,False,21.67
immunizations,full,Gemini,70.21,"mars,chiron,neptune,uranus",0.0525,-11.008,False,2.12
import,full,Pisces,335.86,"chiron,venus,node,mars",-1.0949,-3.8132,False,1.63
incheon,full,Libra,193.58,"node,saturn,mars,pluto",-0.2095,-0.2957,False,1.42
india,full,Gemini,67.0,"node,uranus,jupiter,chiron",0.162,0.1975,True,9.75
indian cuisine,full,Taurus,43.35,"jupiter,uranus,node,chiron",0.3429,-4.5926,False,7.18
indian ocean islands,full,Gemini,63.63,"node,jupiter,saturn,sun",0.0728,-0.1142,False,6.15
indiana,full,Aquarius,312.24,"node,uranus,saturn,sun",-13.0579,-10.5639,False,2.6
indianapolis,full,Aquarius,326.24,"uranus,node,sun,mercury",-0.0775,-2.1187,False,2.24
indie,full,Sagittarius,251.8,"saturn,pluto,node,neptune",-0.2308,-3.6603,False,5.24
indie films,relaxed,Libra,186.86,"node,saturn,pluto,chiron",0.4236,-2.4694,False,0.9
indigenous peoples,full,Taurus,50.0,"node,chiron,uranus,neptune",0.0008,-1.5481,False,29.02
individual sports,full,Pisces,331.68,"saturn,jupiter,node,sun",-0.0297,-0.6107,False,11.01
indonesia,full,Cancer,92.53,"node,jupiter,uranus,chiron",0.0404,-25.9905,False,4.16
industrial,full,Virgo,175.2,"node,saturn,mars,pluto",-0.2669,-6.1646,False,2.82
industrial handling,full,Aquarius,318.64,"saturn,jupiter,pluto,sun",0.0929,-0.0685,False,20.88
industrial materials,full,Capricorn,299.5,"saturn,pluto,sun,mercury",-0.0037,-1.0447,False,4.12
industrial measurement,full,Aquarius,326.57,"mercury,saturn,venus,jupiter",0.1523,-0.0777,False,2.73
industrial music,full,Virgo,161.81,"saturn,jupiter,node,pluto",-0.144,-1.5682,False,1.49
industry shows,full,Gemini,78.29,"saturn,mars,uranus,jupiter",-0.4869,-11.1757,False,1.57
infectious diseases,relaxed,Pisces,334.52,"chiron,uranus,node,venus",0.0202,-7.03,False,0.75
infertility,full,Aries,0.83,"chiron,neptune,uranus,node",0.3108,-3.1512,False,6.51
infiniti,relaxed,Virgo,150.45,"saturn,node,pluto,sun",-0.1273,-1.2714,False,0.95
inheritance,full,Aries,10.83,"jupiter,mars,uranus,saturn",0.3274,-0.4747,False,19.25
injury,full,Scorpio,221.82,"saturn,node,pluto,chiron",-0.0313,-0.1247,False,3.23
ink,full,Scorpio,214.96,"saturn,node,pluto,mars",0.6175,-0.1688,False,3.19
inland empire,full,Sagittarius,256.95,"uranus,node,chiron,sun",-1.1345,-1.5109,False,1.45
inner mongolia,full,Cancer,99.31,"node,jupiter,sun,uranus",0.1329,-1.4395,False,4.62
input devices,full,Gemini,68.18,"uranus,chiron,mars,neptune",0.3552,0.0038,True,15.29
insects,full,Scorpio,238.04,"node,neptune,chiron,pluto",-0.1515,-2.5425,False,2.89
instant messaging,full,Leo,122.87,"saturn,pluto,sun,mercury",-0.0093,-0.0351,False,1.41
instruction,full,Libra,206.5,"jupiter,chiron,pluto,neptune",-13.7615,-15.2529,False,1.49
insurance,full,Aries,0.67,"node,chiron,uranus,neptune",0.5979,-8.5939,False,6.08
intellectual property,full,Aries,21.75,"uranus,jupiter,chiron,node",0.3505,-3.9142,False,7.99
intelligence,full,Taurus,38.41,"mars,saturn,venus,mercury",-0.3868,-12.9709,False,4.1
interior decor,full,Aries,26.45,"uranus,chiron,pluto,sun",-0.2413,-0.307,False,8.95
interior design,full,Taurus,57.35,"chiron,uranus,node,neptune",-0.5828,-2.888,False,5.99
internal martial arts,full,Gemini,73.93,"jupiter,node,saturn,chiron",0.0027,-0.7403,False,3.41
international relations,full,Aries,25.25,"chiron,uranus,neptune,node",0.3613,-4.6693,False,6.72
international sports competitions,relaxed,Capricorn,277.99,"saturn,uranus,jupiter,sun",1.0,-0.0323,False,17.4
internet,full,Pisces,334.22,"chiron,uranus,neptune,sun",0.1992,0.382,True,3.89
internet cafes,full,Aquarius,300.03,"saturn,uranus,node,pluto",0.3286,-10.6417,False,1.41
internet software,full,Virgo,151.72,"saturn,node,jupiter,pluto",0.5017,-2.0828,False,1.52
internships,full,Cancer,110.34,"uranus,jupiter,chiron,neptune",0.3867,-1.0962,False,7.25
investigations,full,Pisces,335.68,"uranus,sun,mercury,venus",0.0799,-10.06,False,5.99
investing,full,Taurus,32.52,"pluto,chiron,uranus,saturn",-2.5354,-5.1764,False,6.5
investment banking,full,Pisces,347.26,"chiron,uranus,node,sun",-0.262,-10.8398,False,6.11
invoicing,full,Pisces,342.16,"chiron,node,uranus,venus",0.2145,-1.1644,False,4.62
ios apps,full,Cancer,99.5,"jupiter,node,uranus,chiron",0.448,-45.288,False,2.6
iowa,full,Leo,134.76,"saturn,jupiter,mars,node",0.0014,-0.4117,False,7.42
iran,full,Leo,130.49,"saturn,mars,node,mercury",-3.1633,-0.0942,False,11.59
iraq,full,Cancer,110.01,"saturn,jupiter,node,pluto",-0.2042,-0.9196,False,1.23
ireland,full,Leo,141.38,"saturn,mars,node,jupiter",-0.0086,-0.0913,False,5.04
ishikawa,full,Leo,137.47,"saturn,mars,jupiter,mercury",0.5167,-0.389,False,2.99
islam,full,Aquarius,327.72,"uranus,node,chiron,neptune",0.0774,-0.1412,False,6.47
islamic holidays,full,Leo,133.78,"saturn,pluto,sun,mercury",-0.0037,-0.0314,False,2.74
islands,full,Aquarius,312.84,"node,saturn,chiron,neptune",-0.1063,-0.077,False,4.75
isps,full,Aries,25.95,"uranus,chiron,node,neptune",0.0344,-0.377,False,7.22
israel,full,Taurus,38.9,"uranus,sun,mercury,venus",0.1299,-0.338,False,19.0
istanbul,full,Libra,197.51,"node,saturn,jupiter,mars",-0.148,-1.1909,False,3.55
isuzu,full,Taurus,35.34,"uranus,node,chiron,neptune",0.5154,-3.0738,False,3.75
it,relaxed,Virgo,168.45,"saturn,pluto,jupiter,mars",-0.9209,-2.4772,False,0.84
italian cuisine,full,Aries,28.71,"chiron,uranus,neptune,saturn",-0.2264,-0.2694,False,10.58
italy,full,Taurus,50.13,"mars,node,jupiter,mercury",0.1906,-17.5673,False,2.51
iwate,relaxed,Leo,136.51,"node,saturn,uranus,neptune",-0.0613,-1.6418,False,0.94
izmir,full,Sagittarius,258.53,"saturn,jupiter,chiron,neptune",0.0778,0.2373,True,3.8
jacksonville,full,Leo,141.82,"saturn,sun,mars,mercury",0.3169,-0.5392,False,5.19
jaguar,full,Scorpio,222.12,"node,saturn,pluto,chiron",-0.0917,-0.0483,False,3.02
jaipur,full,Taurus,56.0,"node,chiron,uranus,saturn",-0.1639,-2.0665,False,5.67
jakarta,full,Pisces,331.05,"node,chiron,venus,neptune",0.1919,-11.4504,False,2.57
jalisco,full,Sagittarius,262.49,"node,chiron,saturn,uranus",0.0952,-0.4352,False,7.82
jamaica,full,Virgo,162.72,"saturn,node,mars,pluto",-0.1498,-0.2972,False,4.77
jams,full,Leo,133.23,"saturn,node,jupiter,pluto",0.5175,-4.3323,False,1.3
japan,relaxed,Leo,144.12,"saturn,node,jupiter,pluto",0.0763,-1.0335,False,0.99
japanese cuisine,full,Pisces,344.84,"chiron,uranus,sun,mercury",-0.1033,-0.9248,False,10.2
japanese martial arts,full,Leo,139.35,"saturn,jupiter,mars,pluto",0.4072,-13.3879,False,1.41
japanese pop,full,Aquarius,304.9,"node,uranus,chiron,venus",0.1108,-29.1602,False,3.56
java (indonesia),relaxed,Libra,196.13,"node,saturn,pluto,neptune",0.3186,-9.9354,False,0.82
java (programming language),full,Aries,5.79,"chiron,neptune,saturn,pluto",0.4954,-8.5062,False,6.36
jazz,full,Aquarius,309.85,"saturn,pluto,chiron,neptune",0.0494,-0.0604,False,2.96
jeddah,full,Aquarius,302.16,"jupiter,node,saturn,chiron",0.0284,-0.1345,False,3.81
jeep,full,Pisces,334.17,"uranus,chiron,neptune,node",-0.1698,-0.2966,False,6.5
jeju,full,Cancer,94.37,"node,jupiter,uranus,venus",0.4315,-0.1734,False,19.42
jellies,full,Sagittarius,265.46,"saturn,neptune,pluto,sun",0.3406,-1.4746,False,6.52
jerusalem,full,Scorpio,230.94,"node,saturn,chiron,pluto",0.2548,-0.9732,False,2.65
jewelry,full,Capricorn,279.95,"node,saturn,chiron,jupiter",0.41,-7.9278,False,2.72
jewish culture,full,Capricorn,286.3,"node,saturn,mars,uranus",-0.0378,-4.3664,False,2.52
jewish holidays,full,Leo,144.49,"node,mars,saturn,sun",-0.044,-0.5488,False,2.37
jiangsu,full,Leo,143.78,"node,jupiter,uranus,sun",0.1817,0.0075,True,2.16
jiangxi,relaxed,Aries,19.05,"node,chiron,uranus,neptune",0.0425,-0.2273,False,2.38
jilin,full,Capricorn,277.77,"saturn,venus,jupiter,pluto",0.0816,-0.5705,False,2.9
job listings,full,Aries,5.84,"saturn,mercury,venus,jupiter",-0.1734,-0.9483,False,20.41
jobs,full,Aries,10.35,"jupiter,uranus,neptune,saturn",0.6307,-0.1677,False,1.41
johannesburg,full,Virgo,167.83,"node,saturn,jupiter,pluto",-0.1983,-2.9884,False,7.67
jordan,full,Aquarius,327.32,"node,uranus,jupiter,mars",0.6753,-31.1129,False,4.21
journalism,full,Aries,3.0,"chiron,mars,neptune,uranus",-0.4945,-7.1193,False,9.39
judaism,full,Capricorn,289.8,"saturn,chiron,neptune,pluto",-0.0,-4.0754,False,9.84
judiciary,full,Taurus,47.62,"chiron,node,neptune,uranus",-0.3504,-28.3589,False,10.31
juice,full,Gemini,70.01,"node,saturn,sun,pluto",0.5657,-2.0126,False,4.17
juicers,full,Libra,204.97,"node,jupiter,saturn,mars",-0.0049,-0.3722,False,2.56
jujutsu,relaxed,Pisces,349.17,"node,jupiter,uranus,sun",-2.4627,-4.1291,False,21.98
justice,full,Aquarius,327.42,"uranus,chiron,mars,sun",0.1133,-13.4841,False,2.17
kagawa,relaxed,Scorpio,215.86,"node,saturn,mars,pluto",-21931945754.8988,-18.8454,False,0.17
kagoshima,full,Aries,18.02,"node,sun,uranus,saturn",0.0098,-1.024,False,6.67
kalimantan,full,Capricorn,288.88,"saturn,pluto,sun,mercury",0.0317,-4.4068,False,2.49
kanagawa,full,Sagittarius,250.99,"jupiter,node,mercury,uranus",0.1613,-0.1654,False,4.55
kansai,full,Cancer,109.5,"saturn,jupiter,node,sun",-0.7763,-3.7266,False,3.3
kansas,full,Virgo,154.19,"saturn,node,pluto,mars",-0.094,-0.8739,False,4.02
kansas city,full,Scorpio,217.51,"chiron,neptune,pluto,node",0.0872,-0.8486,False,17.88
kanto,full,Aquarius,320.04,"jupiter,uranus,chiron,sun",-0.1457,-5.2082,False,1.91
kaohsiung,full,Virgo,152.21,"saturn,node,jupiter,sun",-0.6571,-1.3124,False,13.62
karachi,full,Aquarius,321.2,"jupiter,node,saturn,uranus",0.2255,-0.4389,False,9.05
karate,full,Leo,149.49,"saturn,mars,node,jupiter",-0.4175,-0.282,False,1.87
karnataka,full,Capricorn,294.8,"saturn,mars,jupiter,pluto",0.1795,-0.9581,False,12.2
kauai,full,Gemini,84.33,"chiron,uranus,neptune,mars",0.4564,-3.3649,False,3.13
kawasaki,full,Scorpio,216.05,"chiron,node,saturn,pluto",-0.9247,-7.4525,False,5.46
kazakhstan,full,Sagittarius,253.06,"node,jupiter,saturn,venus",0.1824,-4.0802,False,6.25
kentucky,full,Aquarius,316.31,"node,uranus,venus,jupiter",0.1197,0.2205,True,5.33
kenya,full,Pisces,347.8,"node,uranus,neptune,mars",0.1836,-0.1864,False,8.44
kerala,full,Aquarius,300.25,"saturn,mars,pluto,jupiter",0.257,-0.382,False,12.59
keyboards,full,Sagittarius,267.93,"saturn,node,chiron,jupiter",0.753,-2.8799,False,6.11
kia,full,Aquarius,316.82,"saturn,pluto,chiron,neptune",0.1626,-1.0678,False,5.74
kickboxing,full,Cancer,114.0,"saturn,jupiter,node,pluto",0.2005,-8.1032,False,1.09
kids' bikes,relaxed,Aries,27.65,"jupiter,uranus,node,chiron",-0.1462,1.0,False,0.0
kiev,full,Aquarius,319.9,"jupiter,node,uranus,mercury",0.0546,-16.1229,False,2.36
kinshasa,full,Aquarius,312.94,"uranus,chiron,neptune,jupiter",-0.0506,-4.0601,False,11.85
kitchen,full,Taurus,47.74,"node,uranus,chiron,saturn",-0.5654,-6.9341,False,3.01
kitchen hoods,full,Taurus,56.3,"node,mars,jupiter,saturn",0.1715,-2.9496,False,20.96
kitchen utensils,full,Taurus,59.33,"node,uranus,chiron,neptune",-0.287,-0.2123,False,9.54
knowledge management,full,Aquarius,320.22,"chiron,uranus,venus,jupiter",-0.1661,-6.0259,False,1.42
kobe,relaxed,Virgo,170.27,"chiron,node,uranus,jupiter",-4.062,-43.1406,False,0.58
kochi,full,Taurus,39.79,"chiron,node,neptune,uranus",0.4721,-2.4976,False,10.14
kolkata,full,Taurus,34.42,"chiron,neptune,node,uranus",0.4714,-0.2943,False,14.0
konya,full,Cancer,110.89,"jupiter,saturn,node,chiron",-0.5629,-2.4481,False,2.14
korean cuisine,full,Capricorn,271.35,"saturn,mars,pluto,neptune",0.3831,-0.3066,False,14.75
korean pop,full,Virgo,173.87,"saturn,node,pluto,mars",-0.2965,-0.4801,False,2.12
kosher foods,full,Capricorn,285.64,"saturn,pluto,chiron,neptune",0.0396,-0.0548,False,1.47
kosovo,full,Cancer,104.3,"saturn,mars,jupiter,sun",-2.0768,-3.0749,False,1.04
krakow,relaxed,Leo,121.8,"saturn,jupiter,node,mars",-2.3671,-3.6052,False,0.92
kuala lumpur,full,Aquarius,308.94,"saturn,node,jupiter,pluto",0.0081,-2.6384,False,6.71
kumamoto,full,Virgo,166.38,"saturn,pluto,mars,sun",0.3187,-0.0613,False,13.31
kuwait,full,Pisces,337.61,"jupiter,venus,sun,mercury",-0.2295,-7.2414,False,5.15
kyoto,full,Libra,195.54,"node,saturn,mars,pluto",-0.5853,-7.1777,False,2.6
kyrgyzstan,full,Sagittarius,264.05,"mars,saturn,node,jupiter",-0.1581,-0.5023,False,22.01
kyushu,full,Libra,184.19,"saturn,mars,pluto,neptune",-0.4195,-1.7769,False,5.24
la rioja,full,Virgo,166.91,"saturn,node,pluto,chiron",-0.0909,-0.2286,False,4.91
labor,full,Leo,136.45,"saturn,node,sun,pluto",0.1783,-0.468,False,2.19
labor issues,relaxed,Aries,27.65,"jupiter,uranus,node,chiron",-0.4916,-0.6317,False,30.79
labor movement,full,Capricorn,275.21,"saturn,node,pluto,mars",0.1355,-2.9776,False,5.27
labrador,full,Aquarius,310.98,"uranus,chiron,jupiter,mars",0.3181,-5.7625,False,19.27
lacrosse,full,Aquarius,316.3,"uranus,mercury,venus,pluto",-0.9511,-1.1466,False,3.66
lagos,full,Aquarius,317.67,"uranus,node,chiron,pluto",0.053,-0.7952,False,12.92
lahore,full,Capricorn,279.64,"node,saturn,uranus,mars",-0.225,-0.89,False,5.15
lake tahoe,full,Aquarius,301.76,"node,chiron,jupiter,uranus",-0.0748,-0.4916,False,4.59
lakes,full,Pisces,339.43,"node,chiron,uranus,neptune",-0.0766,-0.0415,False,17.38
lamborghini,full,Cancer,113.33,"jupiter,saturn,node,mars",0.8211,-5.6472,False,1.47
lamps,full,Scorpio,221.76,"node,saturn,mercury,pluto",0.2143,-2.6154,False,1.37
land,full,Aquarius,322.87,"node,chiron,uranus,neptune",-0.3803,-29.9564,False,1.9
land rover,full,Sagittarius,252.83,"saturn,node,pluto,chiron",0.4172,-1.1799,False,2.76
landscape design,full,Pisces,358.6,"chiron,jupiter,sun,uranus",0.5798,-0.1471,False,7.81
language resources,full,Aquarius,308.5,"saturn,jupiter,mars,node",0.0063,-3.118,False,7.84
languedoc-roussillon,full,Sagittarius,255.73,"node,sun,chiron,neptune",-0.0088,-0.0914,False,3.73
laos,full,Virgo,163.59,"jupiter,saturn,node,mars",-0.0032,-0.0223,False,7.02
laptops,full,Aries,4.33,"uranus,chiron,neptune,pluto",-0.0509,-5.1925,False,5.79
las vegas,full,Virgo,153.38,"saturn,node,mars,pluto",-0.5478,-0.468,False,2.37
laser vision correction,full,Gemini,88.18,"saturn,node,neptune,sun",-0.0457,-0.0129,False,3.12
last minute travel,full,Aries,9.73,"node,pluto,saturn,sun",0.01,-0.2442,False,3.97
latin america,full,Libra,195.88,"chiron,saturn,neptune,uranus",-1.8097,-4.1166,False,1.73
latin cuisine,full,Capricorn,274.62,"saturn,jupiter,sun,mars",0.0485,-0.2311,False,21.72
latin music,full,Virgo,172.51,"saturn,jupiter,pluto,sun",-0.0454,-0.2326,False,7.5
latin pop,full,Virgo,162.97,"node,jupiter,saturn,mars",-0.0701,-4.7469,False,4.23
latin-americans,relaxed,Libra,200.37,"jupiter,uranus,sun,mercury",-745001105.4243,1.0,False,0.0
latinos,full,Virgo,165.53,"node,saturn,jupiter,mars",-0.279,-11.8124,False,1.04
latvia,full,Cancer,105.19,"saturn,jupiter,mars,node",-0.3211,0.0029,True,4.17
laundry,full,Capricorn,289.45,"uranus,chiron,sun,mercury",-0.0015,-1.2902,False,1.04
law,full,Aquarius,321.17,"uranus,node,chiron,pluto",0.0872,-1.5971,False,5.47
law enforcement,full,Sagittarius,259.72,"saturn,chiron,uranus,neptune",0.162,-18.0178,False,7.15
lawn,full,Aries,19.08,"sun,mercury,jupiter,venus",0.762,0.6643,True,20.81
lawn mowers,full,Cancer,97.53,"saturn,jupiter,mars,sun",0.0848,-1.172,False,7.25
lazio,full,Virgo,155.92,"saturn,venus,mercury,sun",0.0614,-0.2276,False,5.94
lcd tvs,full,Virgo,165.0,"venus,node,pluto,saturn",-0.062,-0.0904,False,2.4
learning,full,Aries,8.84,"chiron,neptune,uranus,node",0.0677,-2.5285,False,5.89
lebanon,full,Scorpio,217.72,"pluto,saturn,chiron,neptune",0.0145,-0.0279,False,3.92
leeds-bradford,relaxed,Cancer,111.74,"saturn,node,jupiter,uranus",0.1004,-2.235,False,0.7
legal,full,Gemini,78.52,"jupiter,saturn,uranus,chiron",0.0485,-87.3205,False,2.4
legal education,full,Aquarius,318.4,"saturn,jupiter,node,sun",0.3918,-0.8813,False,9.34
legal forms,relaxed,Scorpio,229.82,"node,uranus,chiron,neptune",-14815.6857,-0.1139,False,19.35
legal jobs,full,Taurus,30.13,"chiron,neptune,node,uranus",0.4419,-8.6819,False,1.57
legal services,full,Leo,126.86,"saturn,uranus,sun,chiron",0.4046,-0.1542,False,9.5
legal shows,full,Taurus,48.56,"node,jupiter,sun,mercury",-0.3114,-2.7266,False,2.7
legislative branch,full,Libra,198.41,"uranus,node,sun,mercury",0.419,0.4169,True,8.17
leisure,full,Aquarius,314.75,"node,uranus,jupiter,chiron",0.1196,-4.5552,False,3.26
lending,full,Pisces,343.66,"node,chiron,neptune,saturn",0.3916,-0.0263,False,8.74
lesbian,relaxed,Cancer,101.54,"saturn,jupiter,node,mars",-1.6573,-22.5049,False,0.85
lesson plans,full,Sagittarius,251.27,"saturn,mars,neptune,pluto",-0.1948,0.1899,True,8.11
lexus,full,Pisces,339.18,"uranus,chiron,sun,mercury",-4.5506,-20.8481,False,2.86
liaoning,full,Virgo,178.08,"jupiter,pluto,sun,mercury",-0.1106,-0.0501,False,1.94
liberties,full,Leo,135.76,"saturn,jupiter,pluto,node",0.0164,0.1747,True,1.63
libraries,full,Aries,4.26,"chiron,venus,neptune,mars",0.0234,-8.2878,False,5.43
libya,full,Virgo,175.47,"saturn,pluto,neptune,sun",0.0519,-0.2218,False,2.54
liechtenstein,full,Virgo,179.73,"mars,node,venus,saturn",0.2637,-0.0709,False,17.2
life hacks,full,Sagittarius,255.51,"saturn,jupiter,mars,pluto",0.5667,-0.9987,False,4.95
life insurance,full,Pisces,355.33,"chiron,saturn,neptune,uranus",0.4574,-0.77,False,7.57
life simulation games,full,Gemini,83.54,"node,uranus,jupiter,chiron",0.3627,-0.7551,False,7.43
lighting,full,Aquarius,309.15,"saturn,chiron,neptune,node",0.0419,-1.4889,False,2.05
liguria,full,Leo,144.7,"saturn,pluto,jupiter,sun",-0.1594,-0.0501,False,1.92
lille,full,Aquarius,318.0,"uranus,node,jupiter,saturn",0.0394,-0.1783,False,9.98
lima,full,Pisces,343.24,"uranus,chiron,pluto,neptune",0.1646,-2.0848,False,1.85
limburg,full,Virgo,150.74,"saturn,pluto,jupiter,mars",-0.0142,-1.1803,False,1.29
limousin,full,Virgo,177.8,"saturn,node,pluto,venus",-0.1666,-0.3825,False,2.03
lincoln,full,Scorpio,232.88,"node,chiron,neptune,uranus",0.0818,-2.5249,False,1.28
lines of credit,full,Aquarius,314.66,"saturn,pluto,neptune,sun",0.0897,-1.1577,False,4.75
linux,full,Scorpio,232.36,"saturn,mars,pluto,neptune",-3.0573,-18.9578,False,2.41
lip makeup,full,Leo,142.27,"node,jupiter,mars,uranus",0.4806,-3.4426,False,2.37
lip sync videos,relaxed,Leo,140.99,"jupiter,node,saturn,pluto",0.6614,-2.8014,False,0.97
liquidators,full,Taurus,59.04,"node,jupiter,uranus,pluto",0.0898,-0.5137,False,6.85
lisbon,full,Virgo,157.92,"saturn,node,jupiter,pluto",-0.1175,-0.2889,False,8.95
listings,full,Leo,123.92,"jupiter,node,sun,uranus",0.0903,-0.3681,False,11.84
literary classics,full,Libra,205.08,"chiron,pluto,neptune,uranus",-45943113.6955,-0.3869,False,4.77
literature,full,Aries,13.71,"chiron,neptune,saturn,pluto",0.4131,-12.2993,False,4.05
lithuania,full,Cancer,110.59,"saturn,jupiter,mars,node",-0.2369,-3.2453,False,3.33
little rock,relaxed,Virgo,167.56,"saturn,pluto,venus,chiron",-0.6543,-0.1475,False,0.83
live comedy,full,Capricorn,279.5,"saturn,chiron,neptune,pluto",0.0434,-2.662,False,5.31
live sporting events,full,Taurus,32.27,"node,jupiter,chiron,sun",0.0034,-0.0316,False,26.93
live video streaming,full,Gemini,89.6,"node,uranus,chiron,neptune",0.4321,-0.1573,False,9.1
liverpool,full,Aquarius,322.88,"saturn,node,mars,uranus",0.1467,-3.7374,False,5.21
livestock,full,Pisces,338.55,"jupiter,mars,node,chiron",-0.0373,-1.4927,False,8.8
living room furniture,full,Cancer,99.1,"node,jupiter,uranus,neptune",0.4003,-16.3602,False,5.06
loans,full,Pisces,345.49,"chiron,neptune,saturn,mars",0.4135,-1.7366,False,3.86
lobbying,full,Virgo,171.87,"saturn,venus,mars,mercury",-0.0647,-2.0472,False,4.44
local government,full,Aries,6.66,"uranus,chiron,node,pluto",0.1316,-2.6257,False,16.01
local guides,full,Taurus,32.98,"jupiter,uranus,sun,mercury",-0.3349,-0.1343,False,5.26
local news,full,Taurus,40.41,"node,jupiter,saturn,sun",-0.9573,-9.7746,False,9.34
locks,full,Capricorn,281.84,"uranus,node,jupiter,pluto",0.025,-5.7507,False,3.93
locksmiths,full,Gemini,69.66,"jupiter,node,uranus,mars",0.0962,-0.5209,False,7.41
logistics,full,Pisces,338.65,"jupiter,node,uranus,mars",0.4967,-2.3139,False,10.26
lombardy,full,Gemini,62.42,"node,uranus,chiron,neptune",0.0693,-0.5756,False,1.19
london (uk),full,Aquarius,315.01,"node,chiron,uranus,neptune",-0.1359,-1.6259,False,2.47
long distance bus,full,Pisces,333.43,"saturn,uranus,chiron,sun",0.225,-2.0537,False,4.64
long term care,full,Aries,0.85,"chiron,neptune,sun,mercury",0.112,-3.3365,False,4.63
lorraine,full,Sagittarius,263.22,"chiron,jupiter,neptune,uranus",0.0811,-0.0003,False,2.13
los angeles,full,Scorpio,236.38,"saturn,node,pluto,jupiter",0.8534,-0.0508,False,11.26
los cabos,full,Virgo,153.37,"saturn,node,mars,pluto",-0.2648,-0.8374,False,2.11
lots,full,Aquarius,309.17,"uranus,chiron,jupiter,neptune",0.5472,-2.9705,False,3.19
louisiana,full,Virgo,151.58,"saturn,mars,node,venus",0.2761,-0.6006,False,6.28
louisville,relaxed,Scorpio,216.95,"node,pluto,chiron,jupiter",0.0847,-0.6579,False,0.83
lounge wear,full,Capricorn,299.78,"saturn,jupiter,mars,pluto",-0.2551,-0.1964,False,4.01
low cost,full,Aries,20.66,"chiron,uranus,neptune,node",-0.9595,-10.4725,False,4.82
low fat,relaxed,Cancer,105.17,"saturn,jupiter,mars,node",-0.3773,-49.1398,False,0.96
lower austria,relaxed,Aries,27.65,"jupiter,uranus,node,chiron",-0.1442,1.0,False,0.0
lower normandy,relaxed,Scorpio,239.89,"jupiter,saturn,sun,mercury",-8203925704.2414,-17535982.4678,False,0.0
lower saxony,full,Aries,27.83,"node,jupiter,sun,mercury",-0.0164,-5.409,False,8.96
loyalty cards,full,Taurus,56.16,"node,uranus,chiron,neptune",-0.0154,-1.0992,False,4.27
lubricants,full,Aries,24.03,"chiron,uranus,neptune,mars",0.0575,-0.7508,False,12.34
luggage,full,Libra,202.76,"venus,sun,mercury,jupiter",-0.8186,-58.5877,False,6.54
luxembourg,full,Libra,196.65,"mars,venus,node,mercury",0.1923,-1.1056,False,15.03
luxury goods,full,Capricorn,295.12,"chiron,neptune,node,saturn",0.0467,-1.3074,False,14.84
luxury travel,full,Aries,4.57,"chiron,neptune,node,venus",-0.454,-2.652,False,5.2
luxury vehicles,full,Taurus,55.9,"node,uranus,chiron,saturn",0.01,-2.7128,False,14.02
lyon,full,Gemini,65.38,"jupiter,saturn,venus,node",0.1077,-2.1861,False,4.24
lyric videos,full,Scorpio,230.47,"saturn,pluto,chiron,neptune",0.5567,-21.126,False,3.45
mac os,full,Libra,194.17,"saturn,jupiter,node,pluto",0.4033,0.5796,True,1.83
macau,full,Pisces,355.69,"node,uranus,sun,mercury",-3.0137,-9.9802,False,21.23
machine learning,full,Aries,15.21,"chiron,neptune,mars,venus",0.5325,-10.555,False,8.62
madagascar,relaxed,Virgo,165.83,"saturn,pluto,chiron,neptune",0.1512,-1.4353,False,0.56
madeira,full,Sagittarius,258.65,"saturn,node,jupiter,pluto",0.2001,-8.7088,False,2.57
madhya pradesh,full,Aquarius,304.64,"saturn,jupiter,mars,pluto",0.0837,-2.0312,False,12.3
madrid,full,Virgo,172.99,"saturn,jupiter,node,neptune",-0.0614,-0.4976,False,9.67
magazines,full,Aries,9.12,"uranus,jupiter,mars,sun",0.3533,-3.1963,False,4.52
magic,full,Virgo,177.38,"saturn,node,jupiter,pluto",0.2681,-0.1072,False,2.28
maharashtra,full,Aquarius,305.87,"saturn,jupiter,pluto,sun",0.305,-1.6533,False,10.71
mail,full,Pisces,334.08,"node,uranus,chiron,venus",-0.4979,-16.3323,False,1.53
maine,full,Aquarius,313.47,"jupiter,pluto,saturn,node",0.3397,-8.6291,False,9.05
maintenance,full,Aries,8.53,"chiron,uranus,neptune,mars",-0.0569,-1.8095,False,6.31
major kitchen appliances,relaxed,Capricorn,277.99,"saturn,uranus,jupiter,sun",1.0,-0.0661,False,22.36
make-up,full,Leo,134.75,"saturn,mars,pluto,chiron",-0.0045,-2.3246,False,3.86
make-up tutorials,relaxed,Cancer,115.94,"saturn,mars,pluto,sun",-1.1749,-3.4672,False,0.75
makeup removers,full,Capricorn,273.71,"node,pluto,saturn,sun",0.0244,-0.1914,False,1.95
malaga,relaxed,Libra,183.92,"saturn,chiron,neptune,pluto",-1.0043,-3.5652,False,0.51
malawi,full,Pisces,350.27,"jupiter,chiron,node,neptune",0.1596,-2.24,False,7.95
malaysia,full,Aries,21.17,"chiron,uranus,neptune,node",0.1416,-7.3944,False,5.24
maldives,full,Taurus,55.92,"uranus,chiron,jupiter,neptune",0.0945,-0.3909,False,13.69
male impotence,full,Aquarius,310.07,"saturn,jupiter,node,uranus",0.4645,-0.4425,False,2.74
mali,full,Sagittarius,249.19,"jupiter,uranus,neptune,pluto",-0.8018,-0.6274,False,2.69
malta,full,Cancer,115.65,"saturn,jupiter,neptune,sun",0.0093,-15.1933,False,1.29
maluku islands,full,Libra,184.21,"jupiter,node,chiron,uranus",1.0,-0.1028,False,1.85
malware,full,Scorpio,225.14,"saturn,mars,pluto,neptune",-2.1632,-22.6583,False,3.32
management,full,Aries,16.71,"chiron,neptune,uranus,mars",0.1907,-3.9994,False,9.17
management jobs,full,Gemini,67.37,"uranus,jupiter,chiron,neptune",0.545,-3.8326,False,8.5
manchester,full,Virgo,161.61,"saturn,uranus,sun,mercury",0.1193,-0.7358,False,8.49
mandopop,full,Cancer,101.76,"chiron,uranus,neptune,venus",-0.0184,-4.7736,False,3.91
manga,full,Cancer,103.6,"saturn,mars,pluto,chiron",0.0379,-19.5873,False,1.64
manicures,full,Libra,193.58,"saturn,node,jupiter,mars",-1.3554,-2.615,False,2.06
manila,full,Libra,203.83,"saturn,node,pluto,chiron",0.1061,-0.3701,False,7.55
manitoba,full,Sagittarius,263.14,"node,chiron,uranus,jupiter",0.1205,0.0641,True,1.38
manufactured homes,full,Aries,22.5,"uranus,chiron,neptune,pluto",-0.1487,0.2204,True,6.61
manufacturing,full,Aries,16.0,"chiron,neptune,uranus,mars",0.0122,-3.391,False,7.17
maps,full,Cancer,115.22,"jupiter,saturn,venus,sun",-3.8286,-25.2607,False,1.02
maranhao,relaxed,Scorpio,223.88,"saturn,node,pluto,mercury",0.3195,-4.1269,False,0.97
marche,relaxed,Libra,193.85,"node,saturn,venus,pluto",-1.0332,-3.5991,False,0.54
mardi gras,full,Sagittarius,260.24,"chiron,mercury,uranus,venus",-0.2564,0.1087,True,4.92
marine sciences,full,Gemini,68.42,"saturn,sun,node,pluto",0.0019,-0.0017,False,16.42
marines,relaxed,Virgo,160.32,"saturn,pluto,node,chiron",-1.4081,-1.1191,False,0.83
maritime transport,full,Aquarius,305.99,"saturn,sun,pluto,venus",0.2236,-0.0331,False,6.79
marketing,full,Aries,17.91,"chiron,uranus,neptune,mars",0.032,-5.7825,False,12.03
marketing jobs,full,Gemini,82.28,"chiron,neptune,uranus,pluto",0.5194,-1.367,False,1.58
marmara region,relaxed,Leo,129.36,"jupiter,sun,mercury,venus",1.0,-6823853266.8333,False,0.0
marriage,full,Taurus,55.19,"chiron,jupiter,uranus,neptune",-0.4262,-2.205,False,5.39
marseille,full,Virgo,151.86,"saturn,mars,sun,venus",0.1165,-5.6274,False,3.52
martial arts,relaxed,Cancer,110.06,"saturn,jupiter,node,mars",0.5821,-5.3112,False,0.77
martial arts equipment,full,Taurus,46.75,"node,jupiter,uranus,chiron",-0.4807,-1.1629,False,3.93
martial arts films,full,Scorpio,218.88,"node,saturn,venus,mercury",-0.2607,-0.4912,False,4.87
martinique,full,Leo,138.68,"saturn,node,jupiter,mars",-0.0038,-0.0933,False,2.37
maryland,full,Aquarius,311.49,"chiron,uranus,node,neptune",-0.8106,-0.0257,False,13.94
maserati,full,Scorpio,221.68,"saturn,chiron,pluto,neptune",0.3714,-3.462,False,1.66
mass merchants,relaxed,Capricorn,277.99,"saturn,uranus,jupiter,sun",1.0,-0.0997,False,23.65
massachusetts,full,Virgo,172.29,"saturn,node,pluto,chiron",0.3044,-0.4622,False,7.73
massage therapy,full,Sagittarius,258.66,"saturn,mars,pluto,neptune",-1.8842,-0.2993,False,7.0
massively multiplayer games,relaxed,Aquarius,312.92,"saturn,venus,jupiter,mercury",0.0202,-923228397734.8486,False,0.0
maternity,full,Aries,28.41,"chiron,node,neptune,uranus",0.7244,-9.3012,False,5.68
mathematics,full,Taurus,42.44,"node,chiron,uranus,neptune",-0.4482,-24.5179,False,8.18
mato grosso,full,Pisces,338.74,"chiron,uranus,neptune,sun",0.0627,-2.1693,False,13.33
mato grosso do sul,full,Scorpio,232.25,"mars,saturn,node,venus",-1.3237,-7.8775,False,8.79
matrimonial services,full,Cancer,90.32,"jupiter,sun,mercury,venus",-5971289722.3004,-0.0099,False,2.81
mattresses,full,Taurus,31.7,"chiron,uranus,neptune,mars",0.0557,-0.4126,False,8.08
maui,full,Leo,125.05,"saturn,node,uranus,mars",0.0827,-0.038,False,15.27
mazda,full,Aquarius,303.0,"saturn,chiron,neptune,pluto",0.0019,-5.8019,False,2.41
meal kits,full,Aquarius,324.35,"saturn,uranus,jupiter,node",-0.048,-0.2269,False,15.2
measurement,full,Taurus,35.57,"chiron,uranus,node,neptune",0.3351,-20.9838,False,5.68
meat,full,Cancer,107.07,"saturn,uranus,chiron,neptune",-0.0844,-1.4038,False,3.15
mecklenburg-vorpommern,full,Gemini,75.97,"node,jupiter,uranus,chiron",0.0632,-0.1552,False,5.33
media critics,full,Gemini,89.62,"uranus,mars,saturn,chiron",0.356,-7.436,False,5.07
media players,full,Libra,200.28,"saturn,node,pluto,mars",-0.0159,-0.0905,False,3.82
media streaming devices,relaxed,Scorpio,221.05,"saturn,pluto,sun,mercury",-5808205624.9069,-8705912.8401,False,0.0
media studies,full,Leo,143.73,"saturn,node,jupiter,pluto",-0.0512,-0.6714,False,8.45
medical devices,full,Taurus,31.59,"chiron,neptune,uranus,mars",0.2699,-0.8961,False,6.77
medical facilities,full,Aquarius,311.85,"saturn,uranus,mars,chiron",0.0923,-1.4438,False,6.84
medical jobs,full,Pisces,337.36,"saturn,chiron,pluto,neptune",0.6591,-3.4984,False,9.11
medical literature,full,Aquarius,306.41,"saturn,jupiter,pluto,sun",-0.0129,0.354,True,14.65
medical photos,full,Gemini,87.67,"node,sun,uranus,chiron",-0.1539,0.0885,True,3.43
medical procedures,full,Leo,125.63,"saturn,node,mercury,venus",-9.3695,-9.7412,False,1.8
medical research,full,Taurus,34.09,"uranus,chiron,node,neptune",0.2224,-1.9699,False,13.04
medical tests,full,Aries,26.77,"node,chiron,uranus,neptune",0.2692,-1.395,False,1.53
medical tourism,full,Aries,19.66,"saturn,mars,pluto,mercury",-0.027,-2.6894,False,9.37
medical training,full,Pisces,359.61,"chiron,mars,neptune,uranus",-0.3944,-1.0834,False,5.93
medications,full,Pisces,331.9,"chiron,venus,mars,sun",0.0017,-5.8937,False,9.16
meditation,full,Gemini,71.48,"chiron,uranus,neptune,node",-0.0885,-1.4159,False,7.02
mediterranean cuisine,full,Capricorn,296.45,"saturn,pluto,chiron,node",-0.5905,-2.5771,False,18.03
mediterranean europe,full,Pisces,357.37,"chiron,neptune,saturn,pluto",0.1355,-0.4104,False,2.32
mediterranean turkey,full,Taurus,45.92,"node,jupiter,mars,sun",-0.0555,-0.964,False,4.86
melanesia,full,Taurus,36.88,"uranus,chiron,node,neptune",-0.4451,-16.3528,False,2.05
melbourne,full,Cancer,119.57,"saturn,jupiter,node,pluto",-0.0119,-10.3725,False,1.08
memorabilia,full,Sagittarius,263.14,"node,chiron,neptune,uranus",0.0091,-0.0456,False,8.59
memory card readers,relaxed,Aries,27.65,"jupiter,uranus,node,chiron",-0.0333,1.0,False,0.0
memory cards,full,Virgo,174.04,"saturn,node,pluto,mars",0.1501,-0.0244,False,1.85
memphis,full,Virgo,160.85,"saturn,node,pluto,mars",-0.0926,-0.0971,False,7.78
men's clothing,full,Aquarius,300.36,"saturn,jupiter,pluto,sun",-0.0379,-18.4222,False,7.72
men's health,full,Capricorn,293.62,"saturn,jupiter,pluto,sun",0.1384,-7.7782,False,11.46
men's interests,relaxed,Cancer,103.55,"saturn,pluto,chiron,neptune",1.0,-2570880.6757,False,0.0
men's interests (mature),relaxed,Capricorn,277.99,"saturn,uranus,jupiter,sun",1.0,-0.0323,False,17.4
mental health,full,Aries,12.86,"chiron,node,uranus,neptune",0.5606,-6.807,False,10.95
mercedes-benz,full,Virgo,169.18,"saturn,node,mars,pluto",-0.651,-11.1581,False,4.64
merchant services,full,Pisces,342.31,"chiron,saturn,neptune,pluto",0.0551,-0.6038,False,7.68
mercury,full,Sagittarius,260.87,"chiron,pluto,neptune,jupiter",0.6857,0.3283,True,1.97
mergers,full,Libra,206.55,"mars,venus,saturn,sun",-0.2989,-9.589,False,1.02
merida,full,Scorpio,210.39,"chiron,saturn,pluto,neptune",0.3898,-2.9924,False,1.83
merit prizes,full,Sagittarius,264.62,"chiron,neptune,pluto,sun",-0.0366,0.0069,True,1.22
mersin,relaxed,Libra,203.56,"node,saturn,pluto,chiron",-0.0287,-0.2787,False,0.81
messaging,full,Capricorn,291.54,"node,uranus,chiron,jupiter",0.0249,-47.7877,False,1.18
messengers,relaxed,Leo,132.73,"saturn,jupiter,node,pluto",-0.015,-5.5596,False,0.74
metal (music),full,Leo,146.89,"saturn,jupiter,pluto,chiron",0.0605,-10.7537,False,1.32
metals,full,Pisces,333.48,"jupiter,chiron,node,neptune",0.0922,-0.6858,False,16.91
mexican cuisine,full,Taurus,50.15,"node,jupiter,chiron,saturn",-0.0381,-1.0246,False,12.21
mexico,full,Virgo,154.76,"saturn,node,mars,sun",0.1633,-0.0113,False,5.79
mexico city,full,Virgo,169.44,"saturn,pluto,mars,neptune",-0.3175,-1.433,False,2.05
mexico state,full,Scorpio,215.22,"node,chiron,venus,pluto",0.0374,-0.4066,False,2.92
miami-dade,full,Cancer,118.55,"saturn,mercury,mars,sun",-0.1223,-2.0286,False,2.33
michigan,full,Libra,187.4,"saturn,node,venus,mars",0.1834,-0.3906,False,6.57
michoacan,relaxed,Sagittarius,264.25,"node,chiron,neptune,uranus",0.1545,-20.9114,False,0.75
microblogging,full,Capricorn,292.25,"saturn,jupiter,sun,pluto",-0.0559,-0.1823,False,18.27
microcars,full,Taurus,42.68,"uranus,jupiter,chiron,neptune",-0.1364,-0.0004,False,4.17
micronesia,relaxed,Sagittarius,241.78,"jupiter,chiron,neptune,uranus",-8.3568,-8.6627,False,0.5
microwaves,full,Cancer,117.23,"saturn,jupiter,node,pluto",0.2192,-4.0093,False,1.54
middle africa,full,Virgo,177.48,"node,saturn,mars,pluto",-0.145,-1.6574,False,3.21
middle east,full,Libra,186.95,"node,saturn,pluto,chiron",0.1649,-1.6858,False,10.48
middle eastern,relaxed,Scorpio,227.95,"node,chiron,pluto,neptune",-0.0081,-2.522,False,0.73
middle eastern cuisine,relaxed,Pisces,354.39,"mars,saturn,chiron,node",0.0193,-0.353,False,19.51
middle easterners,relaxed,Cancer,96.05,"node,mars,uranus,chiron",0.2574,-95116060883.9367,False,0.0
midi-pyrenees,relaxed,Sagittarius,252.64,"node,mars,saturn,uranus",-5025671753.0658,1.0,False,0.0
midwest (usa),full,Taurus,58.22,"node,chiron,uranus,mars",-0.0016,-2.5581,False,12.08
mie,full,Aries,16.02,"jupiter,venus,sun,mars",-33.9945,-25.7454,False,6.18
migraines,full,Sagittarius,260.12,"saturn,mars,pluto,sun",-1.4937,-4.7251,False,4.01
milan,full,Libra,201.03,"saturn,venus,pluto,mars",0.1249,-1.2958,False,4.99
military,full,Aquarius,327.2,"uranus,node,chiron,jupiter",0.0697,-0.5551,False,4.78
military history,full,Scorpio,215.78,"saturn,node,mars,chiron",-0.5433,-5.9685,False,6.79
milwaukee,full,Pisces,354.19,"jupiter,node,saturn,uranus",0.0021,-5.8693,False,3.83
minas gerais,full,Sagittarius,267.6,"node,saturn,mercury,sun",0.1329,-12.0143,False,2.46
mindfulness,full,Capricorn,272.59,"chiron,neptune,uranus,saturn",-0.2508,-22.7915,False,7.22
minecraft,full,Pisces,350.71,"chiron,uranus,pluto,sun",0.3015,-0.2103,False,21.62
mini,full,Capricorn,287.39,"uranus,pluto,saturn,chiron",0.0725,-5.7579,False,5.26
miniatures,full,Sagittarius,247.78,"saturn,mars,pluto,neptune",0.168,-14.5312,False,4.88
mining,full,Aries,27.01,"chiron,uranus,neptune,node",0.1709,-4.4496,False,4.81
minivans,full,Cancer,109.32,"saturn,node,uranus,chiron",0.5214,-0.0977,False,1.98
minneapolis-saint paul,relaxed,Sagittarius,254.31,"saturn,pluto,chiron,neptune",-47784193.8456,1.0,False,0.0
minnesota,full,Leo,143.69,"saturn,node,pluto,uranus",0.0193,-0.3543,False,14.86
mississippi,full,Virgo,154.3,"saturn,node,pluto,jupiter",-0.0432,-0.0583,False,4.82
missouri,full,Libra,203.42,"saturn,jupiter,node,pluto",0.1321,-1.3089,False,5.4
mitsubishi,full,Capricorn,281.45,"neptune,chiron,uranus,node",-0.3935,-1.7528,False,3.99
mixed martial arts,full,Cancer,108.6,"saturn,jupiter,pluto,sun",-40.5858,-2.6487,False,1.94
miyagi,full,Capricorn,275.5,"saturn,mars,jupiter,pluto",-0.0087,-1.1368,False,3.67
miyazaki,full,Leo,124.9,"saturn,jupiter,node,pluto",-0.0043,-0.2427,False,5.03
mlm,full,Taurus,53.81,"node,uranus,chiron,saturn",0.2853,0.5262,True,13.29
moba games,full,Sagittarius,244.02,"saturn,pluto,sun,mercury",0.3248,0.5537,True,4.76
mobile,full,Gemini,67.84,"node,saturn,uranus,chiron",0.5061,-27.0492,False,4.99
mobile apps,full,Aquarius,304.4,"node,uranus,chiron,saturn",-0.1372,-6.6205,False,2.8
mobile os,full,Capricorn,285.3,"saturn,jupiter,mars,pluto",0.4222,-0.8152,False,8.26
mobile payments,full,Taurus,39.83,"uranus,chiron,node,neptune",0.5513,-1.5866,False,3.28
mobile phone repair,full,Aries,13.21,"chiron,uranus,sun,mercury",-0.0202,-2.0438,False,5.87
mobile phones,full,Gemini,66.35,"node,mars,uranus,jupiter",0.3405,-0.8074,False,4.42
mobile themes,full,Taurus,39.57,"jupiter,node,saturn,mars",-1.1123,-16.7061,False,4.93
mobility equipment,full,Pisces,349.26,"saturn,uranus,node,jupiter",-1.8146,-1.6509,False,13.27
model trains,full,Leo,141.47,"saturn,jupiter,pluto,chiron",-0.0162,-2.1098,False,1.66
modeling,full,Sagittarius,242.35,"saturn,pluto,chiron,node",-1.4537,-22.7929,False,2.21
moisturizers,full,Gemini,65.54,"node,jupiter,uranus,mars",-0.2055,-7.477,False,5.1
moldova,full,Virgo,168.02,"saturn,jupiter,sun,mercury",-0.0195,-0.672,False,2.17
molise,full,Scorpio,216.76,"chiron,saturn,pluto,mars",-0.8036,-6.5945,False,2.02
monaco,full,Virgo,153.82,"saturn,node,jupiter,pluto",-0.0444,-0.5311,False,5.75
money transfer,full,Capricorn,294.98,"saturn,node,mars,pluto",-0.0856,-1.8248,False,5.05
mongolia,full,Capricorn,294.55,"mars,node,jupiter,neptune",0.5312,-1.0864,False,11.78
monitoring,full,Pisces,351.06,"chiron,uranus,node,venus",-0.2043,-1.4714,False,13.46
monitoring software,full,Libra,182.01,"saturn,node,pluto,mars",-0.4737,-1.8207,False,6.33
montana,relaxed,Leo,131.57,"saturn,node,jupiter,pluto",0.4142,-0.1491,False,0.46
montenegro,full,Scorpio,230.97,"uranus,node,chiron,pluto",-0.5271,-0.2645,False,2.08
monterrey,full,Taurus,50.85,"node,saturn,jupiter,mars",-0.5342,-0.9932,False,4.53
montpellier,full,Leo,140.92,"jupiter,uranus,mercury,saturn",0.0598,-0.4428,False,5.53
montreal,relaxed,Aquarius,315.09,"uranus,node,chiron,sun",-0.8052,-76.1635,False,0.73
mopeds,full,Aquarius,310.87,"node,uranus,chiron,jupiter",-2.6046,-37.1066,False,2.16
morocco,full,Virgo,154.51,"saturn,node,jupiter,pluto",-0.0305,-0.1506,False,16.31
mortgages,full,Capricorn,282.12,"node,pluto,jupiter,chiron",-0.2176,-3.1202,False,4.56
moscow,full,Virgo,163.18,"saturn,jupiter,pluto,sun",-0.0465,-0.0557,False,2.91
motivational,full,Aries,27.81,"chiron,uranus,neptune,node",0.5686,0.039,True,9.65
motor sports,full,Sagittarius,261.04,"chiron,jupiter,uranus,neptune",0.576,-10.2146,False,1.1
motor vehicles (by brand),relaxed,Aries,0.09,"jupiter,sun,mercury,venus",-6029667719.424,-6224173129.7603,False,0.0
motor vehicles (by type),relaxed,Libra,192.15,"jupiter,pluto,sun,mercury",-739371767.5271,1.0,False,0.0
motorcycle racing,relaxed,Leo,121.55,"saturn,jupiter,node,pluto",-0.5989,-11.6796,False,0.86
motorcycles,relaxed,Leo,148.91,"chiron,uranus,saturn,jupiter",-0.2502,-22.9677,False,0.83
mountain,full,Leo,147.29,"saturn,node,jupiter,pluto",0.506,0.1234,True,2.44
mountain bikes,full,Sagittarius,256.35,"chiron,uranus,jupiter,neptune",0.4562,-1.1934,False,1.59
mountaineering,relaxed,Sagittarius,248.73,"node,chiron,mars,neptune",0.0955,-0.8116,False,0.58
movie,full,Gemini,80.56,"node,jupiter,uranus,chiron",-0.0446,-0.0797,False,4.78
movie listings,full,Sagittarius,266.36,"saturn,jupiter,mars,mercury",0.397,-0.2846,False,3.64
movie memorabilia,full,Capricorn,278.27,"saturn,jupiter,pluto,sun",0.1822,-1.5699,False,30.01
movie reference,full,Aries,4.95,"chiron,neptune,mars,saturn",0.3935,0.0539,True,13.65
movie reviews,full,Leo,126.96,"jupiter,saturn,node,uranus",0.0296,-4.1175,False,3.59
movies,full,Cancer,96.89,"node,jupiter,uranus,chiron",0.5698,-26.8911,False,3.67
moving,full,Sagittarius,253.59,"node,uranus,chiron,pluto",0.2134,-0.0679,False,1.14
mozambique,full,Taurus,59.03,"jupiter,saturn,mars,uranus",-0.0121,-0.3542,False,6.92
mp3,full,Capricorn,279.33,"saturn,jupiter,mars,pluto",-0.3745,-0.3993,False,5.14
mugla,full,Gemini,81.1,"node,mars,saturn,jupiter",-0.1719,-2.1781,False,3.56
mukbang videos,full,Taurus,38.99,"node,jupiter,saturn,chiron",0.56,-8.7104,False,11.89
multilateral organizations,relaxed,Aries,27.65,"jupiter,uranus,node,chiron",-0.0333,1.0,False,0.0
multimedia software,full,Aries,21.51,"chiron,uranus,node,neptune",0.0782,-0.2654,False,1.73
mumbai,full,Taurus,55.54,"node,uranus,chiron,neptune",0.1498,-1.6638,False,11.68
munich,full,Leo,140.86,"saturn,node,pluto,neptune",0.0205,-0.016,False,4.49
murcia,relaxed,Sagittarius,263.84,"node,uranus,chiron,neptune",-0.9395,-1.3472,False,0.93
musculoskeletal conditions,relaxed,Capricorn,277.99,"saturn,uranus,jupiter,sun",1.0,-0.0323,False,17.4
museums,full,Aquarius,311.94,"venus,chiron,uranus,neptune",-0.1083,-1.3479,False,11.75
music,full,Pisces,338.98,"node,neptune,chiron,pluto",0.4322,-6.5967,False,2.96
music art,full,Scorpio,216.38,"node,saturn,pluto,mars",0.0127,-0.138,False,7.19
music awards,relaxed,Capricorn,284.29,"chiron,uranus,neptune,jupiter",0.245,-2.6376,False,0.54
music composition,full,Scorpio,210.76,"saturn,pluto,chiron,neptune",-1.3438,-2.7517,False,11.91
music education,full,Aquarius,307.25,"jupiter,node,uranus,chiron",-0.0122,-0.4032,False,9.45
music equipment,full,Aquarius,311.8,"chiron,uranus,jupiter,mars",0.2952,-5.8642,False,4.11
music festivals,full,Virgo,178.04,"node,jupiter,saturn,uranus",-0.3726,-1.7927,False,14.99
music performances,relaxed,Scorpio,237.38,"node,chiron,neptune,uranus",0.3618,-0.4933,False,0.7
music recording technology,relaxed,Scorpio,233.52,"node,jupiter,chiron,uranus",0.0145,-0.0323,False,0.52
music reference,full,Capricorn,284.33,"saturn,pluto,venus,sun",0.0997,-1.2539,False,1.53
music software,full,Virgo,153.81,"saturn,neptune,node,chiron",0.3675,-2.1576,False,1.88
music streams,full,Taurus,50.82,"uranus,chiron,mars,neptune",0.0143,-0.3071,False,6.26
music videos,relaxed,Cancer,111.09,"saturn,jupiter,node,mars",0.429,-8.0099,False,0.83
musical films,full,Cancer,106.89,"saturn,jupiter,node,pluto",-0.1584,-9.4315,False,1.11
musical instruments,full,Pisces,339.27,"chiron,uranus,mars,neptune",-0.3315,-3.0602,False,11.6
musical theater,full,Leo,126.18,"saturn,jupiter,node,pluto",0.1091,-1.8838,False,3.08
mutual funds,full,Taurus,38.52,"chiron,node,uranus,neptune",0.2156,-1.3276,False,16.03
myanmar,full,Gemini,77.04,"uranus,jupiter,chiron,mars",0.153,0.2283,True,7.95
myrtle beach,full,Leo,124.03,"saturn,jupiter,mars,mercury",-0.0189,0.0167,True,5.01
mystery books,full,Taurus,55.84,"chiron,uranus,neptune,pluto",0.4996,-0.514,False,6.53
mystery films,full,Pisces,332.67,"jupiter,node,uranus,chiron",-0.1715,-0.1658,False,6.46
myth,full,Scorpio,215.37,"jupiter,chiron,mars,pluto",0.0208,-0.2047,False,20.83
nagano,relaxed,Leo,136.14,"saturn,jupiter,pluto,neptune",-0.7046,-3.3531,False,0.89
nagasaki,full,Leo,121.83,"jupiter,saturn,node,mercury",0.0215,0.1144,True,11.87
nagoya,full,Gemini,81.12,"saturn,jupiter,mars,venus",0.1496,-3.898,False,2.25
nail care,full,Pisces,349.78,"chiron,jupiter,uranus,mars",0.0354,-8.6351,False,4.0
nail care products,full,Capricorn,296.01,"saturn,node,pluto,mars",-2.4659,-0.7191,False,26.38
nails,full,Sagittarius,240.13,"node,chiron,jupiter,neptune",0.513,-2.4773,False,2.32
nairobi,full,Taurus,33.68,"chiron,uranus,neptune,pluto",-0.0508,-0.0465,False,7.28
name days,full,Sagittarius,250.65,"node,chiron,jupiter,uranus",-1.4137,-0.8,False,2.05
nanjing,full,Cancer,119.63,"node,saturn,jupiter,mars",-0.031,0.1065,True,1.39
nantes,full,Libra,196.2,"saturn,mars,pluto,node",0.0415,-0.2017,False,10.88
naples,full,Leo,144.49,"saturn,sun,node,pluto",0.066,-1.0697,False,6.22
nara,full,Aquarius,306.6,"node,saturn,jupiter,uranus",0.1634,-0.3465,False,3.01
nashville,full,Aquarius,311.3,"node,pluto,chiron,neptune",0.0369,-1.0186,False,16.42
nassau,full,Leo,149.42,"saturn,node,mercury,pluto",-3.8455,-5.0182,False,2.1
native americans,full,Leo,147.34,"saturn,jupiter,node,sun",0.0974,0.0815,True,3.47
natural foods,full,Pisces,349.66,"chiron,uranus,pluto,mars",0.2891,-6.2065,False,7.6
natural medicine,full,Sagittarius,263.33,"saturn,mars,pluto,neptune",0.0307,-21.1092,False,5.57
navarra,full,Aquarius,318.31,"uranus,node,sun,mercury",-0.954,-70.1074,False,1.03
navigation,full,Virgo,159.52,"saturn,node,pluto,mars",-2.9255,-19.5756,False,2.38
navy,full,Libra,205.12,"pluto,chiron,neptune,saturn",-0.1387,-0.4993,False,3.8
nebraska,full,Virgo,167.23,"saturn,mars,sun,pluto",0.3488,-0.262,False,7.76
necklaces,full,Cancer,95.45,"saturn,jupiter,node,mars",0.1167,-5.9284,False,4.64
nepal,full,Taurus,31.14,"chiron,node,uranus,neptune",0.4402,-0.0288,False,4.19
net,full,Virgo,159.59,"saturn,pluto,node,mars",-0.5346,-4.0491,False,2.7
netherlands,full,Cancer,104.4,"mars,saturn,jupiter,node",0.1706,-0.1839,False,9.39
network monitoring,full,Scorpio,231.1,"saturn,mars,pluto,mercury",-3.0143,-2.5053,False,13.23
network news,full,Aries,21.39,"mars,chiron,uranus,neptune",0.0589,-1.8938,False,4.95
network security,full,Pisces,350.69,"chiron,mars,venus,neptune",-0.2166,-3.6018,False,12.25
network storage,full,Cancer,102.29,"jupiter,mars,sun,mercury",-0.1348,-8.7584,False,3.58
networking,full,Pisces,338.95,"saturn,mars,pluto,neptune",-0.8168,-7.7797,False,2.77
networking equipment,relaxed,Capricorn,271.07,"saturn,pluto,chiron,neptune",0.0113,-0.033,False,0.35
neurological conditions,full,Aries,28.32,"node,jupiter,uranus,sun",0.0117,-1.0747,False,33.2
neuroscience,full,Taurus,39.27,"chiron,uranus,node,venus",-0.0664,-8.9504,False,5.73
nevada,full,Gemini,71.94,"node,jupiter,uranus,mars",-0.2086,-1.8668,False,2.17
nevis,full,Leo,136.69,"saturn,jupiter,node,mars",-0.1229,-0.6424,False,2.06
new brunswick,full,Aquarius,303.41,"node,uranus,jupiter,chiron",0.1637,-0.8207,False,7.24
new england,full,Leo,131.75,"saturn,mars,node,jupiter",0.0487,-0.5902,False,7.94
new hampshire,full,Virgo,159.83,"saturn,jupiter,mars,chiron",-4.9274,-0.0791,False,2.18
new haven,relaxed,Scorpio,231.08,"node,uranus,chiron,neptune",-0.0263,-1.1137,False,0.46
new homes,full,Pisces,356.72,"jupiter,node,uranus,venus",-4.7256,-3.0737,False,7.0
new jersey,full,Sagittarius,257.21,"node,chiron,neptune,uranus",-0.0905,-0.1423,False,18.02
new mexico,relaxed,Sagittarius,240.75,"node,jupiter,chiron,uranus",-0.0418,-0.8735,False,0.67
new orleans,full,Sagittarius,261.02,"chiron,neptune,uranus,node",-0.6914,-0.0644,False,4.21
new south wales,full,Virgo,177.81,"node,saturn,pluto,chiron",-0.0229,-1.2075,False,2.74
new year,full,Sagittarius,244.94,"sun,saturn,node,mars",0.7022,0.6396,True,30.84
new york city,full,Leo,145.56,"saturn,jupiter,mars,pluto",-0.1159,-0.6616,False,1.2
new york state,relaxed,Virgo,176.03,"node,saturn,chiron,mercury",-0.9075,-52.3259,False,0.17
new zealand,full,Scorpio,214.03,"jupiter,node,mars,venus",0.2347,-0.2578,False,11.38
newborn celebrations,relaxed,Aries,27.65,"jupiter,uranus,node,chiron",-0.0333,-0.0323,False,17.4
newcastle (au),full,Libra,204.29,"saturn,sun,mercury,venus",-0.0006,-0.0168,False,4.38
newfoundland,full,Sagittarius,248.17,"chiron,neptune,uranus,pluto",0.119,-1.9215,False,3.01
news,full,Taurus,53.43,"node,uranus,saturn,chiron",-0.1725,-6.2231,False,10.58
news industry,full,Taurus,41.61,"uranus,chiron,node,neptune",-0.2516,-1.4691,False,12.66
newspapers,full,Scorpio,236.98,"chiron,jupiter,neptune,uranus",0.3645,-0.6734,False,1.43
nicaragua,full,Pisces,358.35,"jupiter,uranus,neptune,saturn",0.3716,-1.0883,False,8.48
nice,full,Sagittarius,244.82,"node,chiron,neptune,uranus",-0.0662,-16.8937,False,1.53
niche interests,full,Aquarius,324.79,"chiron,sun,mercury,venus",-1075411440.5586,-0.0323,False,1.04
niger,full,Aquarius,327.2,"uranus,node,jupiter,chiron",0.0648,-0.4172,False,13.98
nigeria,full,Scorpio,212.5,"jupiter,node,pluto,sun",-0.3416,-4.4764,False,2.39
nightlife,full,Libra,204.43,"node,chiron,jupiter,pluto",-0.9035,-14.88,False,2.47
niigata,full,Sagittarius,247.16,"node,chiron,neptune,uranus",-0.0092,-0.21,False,1.27
ningxia,full,Gemini,86.46,"node,uranus,chiron,neptune",0.5159,-0.1991,False,2.11
nintendo,full,Capricorn,272.66,"saturn,uranus,node,jupiter",0.3619,-5.1682,False,7.27
nissan,full,Aquarius,311.91,"uranus,chiron,neptune,pluto",-0.251,-3.6979,False,1.91
non-believers,full,Capricorn,274.86,"saturn,sun,venus,mercury",0.0809,-0.1125,False,14.14
nonfiction,full,Aries,12.19,"jupiter,chiron,mars,uranus",0.0359,0.0581,True,12.28
nonwovens,full,Gemini,64.13,"node,saturn,uranus,jupiter",0.0256,-0.2723,False,29.98
nord-pas-de-calais,full,Capricorn,290.4,"node,jupiter,pluto,saturn",0.075,-0.0588,False,2.74
nordic countries,full,Aries,9.75,"chiron,neptune,saturn,pluto",0.2414,-12.9582,False,4.54
normandy,full,Virgo,163.42,"saturn,jupiter,pluto,chiron",-0.6561,-0.03,False,2.85
north african music,full,Taurus,57.14,"node,jupiter,uranus,chiron",0.0118,-0.8939,False,5.38
north america,relaxed,Leo,146.14,"saturn,node,chiron,neptune",-1.2687,-1.8866,False,0.7
north american cuisine,relaxed,Capricorn,272.61,"node,pluto,chiron,neptune",-18777187.7155,-7435452765.972,False,0.0
north brabant,relaxed,Virgo,168.5,"jupiter,pluto,mars,chiron",-1.0067,-0.3571,False,0.52
north brazil,relaxed,Capricorn,272.15,"saturn,mars,pluto,chiron",-0.2148,-0.0323,False,0.17
north carolina,full,Aquarius,314.6,"node,uranus,venus,jupiter",0.4156,0.2468,True,11.05
north central china,relaxed,Capricorn,277.99,"saturn,uranus,jupiter,sun",1.0,-0.0323,False,17.4
north chungcheong,relaxed,Virgo,161.58,"mars,node,saturn,jupiter",-2038.2977,-341905.038,False,0.0
north dakota,full,Virgo,169.6,"saturn,pluto,node,mercury",-1.3997,-0.3556,False,7.85
north east england,full,Capricorn,297.86,"saturn,pluto,venus,sun",0.009,-0.373,False,6.27
north florida,full,Capricorn,278.5,"chiron,node,saturn,neptune",-0.0754,-0.3241,False,5.19
north france,full,Virgo,165.5,"saturn,jupiter,mars,neptune",-0.0158,-0.2899,False,1.07
north gyeongsang,relaxed,Capricorn,288.87,"node,chiron,venus,neptune",-186827674.2109,-3855127.5612,False,0.0
north holland,full,Libra,187.4,"sun,jupiter,node,mercury",-0.0052,-0.674,False,1.02
north india,full,Aries,29.85,"uranus,chiron,node,neptune",0.3948,-0.5264,False,6.79
north jeolla,full,Aquarius,329.69,"jupiter,sun,mercury,venus",-0.0316,-0.011,False,1.57
north korea,relaxed,Virgo,151.17,"node,jupiter,saturn,chiron",0.0475,0.0437,False,1.0
north macedonia,full,Pisces,349.94,"saturn,mercury,venus,jupiter",0.0484,-5.0341,False,6.17
north rhine-westphalia,relaxed,Aries,27.65,"jupiter,uranus,node,chiron",-0.2369,-0.2257,False,23.55
north west england,full,Capricorn,276.17,"saturn,node,pluto,sun",0.0323,-1.2094,False,3.19
northeast brazil,full,Capricorn,279.63,"saturn,jupiter,mercury,pluto",0.0199,-0.0183,False,19.94
northeast china,full,Taurus,56.81,"node,venus,mars,uranus",0.2685,-1.9747,False,4.39
northeast india,full,Taurus,48.19,"node,uranus,chiron,neptune",-0.9194,-1.5148,False,11.95
northern africa,full,Leo,136.45,"mars,sun,mercury,venus",0.03,-3.1669,False,3.28
northern ireland,full,Leo,137.67,"saturn,jupiter,sun,node",0.042,-0.2776,False,1.59
northern mexico,full,Pisces,331.47,"pluto,sun,mercury,venus",0.0439,-0.4255,False,3.67
northern territories,full,Aries,12.95,"jupiter,venus,node,chiron",-0.0173,-0.6782,False,4.94
northern territory,full,Scorpio,232.33,"node,saturn,mars,chiron",-0.1608,-2.4745,False,3.35
northwest china,full,Sagittarius,263.02,"jupiter,saturn,node,mercury",0.3316,-1.0062,False,18.65
northwestern russia,full,Leo,136.78,"saturn,uranus,neptune,sun",-3024606587.2435,-0.0034,False,1.62
norway,relaxed,Leo,125.71,"saturn,node,jupiter,uranus",-0.0507,-0.1162,False,0.79
notebooks,full,Sagittarius,260.72,"chiron,neptune,uranus,saturn",-0.0159,-6.3922,False,5.37
nouvelle-aquitaine,full,Scorpio,228.35,"mars,sun,uranus,chiron",-0.0924,-0.3016,False,8.5
nova scotia,full,Aquarius,301.49,"node,uranus,chiron,jupiter",0.0101,-1.6213,False,5.17
nuclear energy,full,Sagittarius,262.26,"chiron,sun,venus,mars",-0.1681,-0.534,False,8.25
nuevo leon,full,Scorpio,229.8,"node,saturn,pluto,uranus",0.5687,-0.7142,False,3.22
nursery,full,Pisces,358.54,"chiron,neptune,uranus,mars",0.3249,-0.7647,False,6.85
nursery rhymes,full,Aries,16.38,"chiron,neptune,uranus,saturn",0.2072,-3.0256,False,9.06
nursing,full,Aquarius,302.65,"pluto,neptune,node,saturn",-1.5134,-13.9282,False,11.83
nusa tenggara,full,Capricorn,287.15,"saturn,sun,pluto,mercury",0.0328,-1.9091,False,8.41
nutrition,full,Aries,10.59,"chiron,uranus,neptune,venus",0.2997,-3.6519,False,3.4
nutrition drinks,full,Aries,20.2,"jupiter,saturn,node,uranus",-0.2164,-0.5872,False,2.83
oahu,full,Pisces,332.11,"uranus,node,venus,pluto",0.137,-1.914,False,5.16
oaxaca,full,Scorpio,228.32,"pluto,jupiter,neptune,node",-1.0285,-9.309,False,2.79
obesity,full,Virgo,160.54,"saturn,node,jupiter,pluto",-0.1185,-0.4951,False,7.19
obgyn,full,Aquarius,321.36,"node,uranus,saturn,venus",0.2031,-44.447,False,2.74
occitanie,full,Gemini,81.88,"node,uranus,chiron,mercury",0.0326,-6.2845,False,5.76
occult,full,Virgo,153.0,"saturn,jupiter,mars,venus",-4.0609,-2.2229,False,1.54
occupational health,full,Taurus,39.32,"mars,chiron,neptune,saturn",0.0463,-7.3699,False,3.85
ocean city (md),full,Sagittarius,244.98,"node,pluto,neptune,sun",-0.0037,-0.2167,False,4.94
oceania,full,Leo,123.17,"jupiter,node,pluto,saturn",0.4031,0.0147,True,4.59
october 31st,relaxed,Capricorn,296.31,"chiron,neptune,mars,uranus",-0.032,-0.1407,False,0.67
oddly satisfying videos,full,Cancer,91.61,"saturn,node,mars,jupiter",0.8146,-1.2324,False,3.72
odz,full,Cancer,105.64,"node,mars,uranus,chiron",0.709,-0.3025,False,6.71
off-grid living,full,Aquarius,329.08,"saturn,pluto,neptune,node",0.3924,-0.7124,False,24.84
off-road vehicles,full,Capricorn,294.25,"node,uranus,chiron,saturn",-0.5723,-0.7299,False,16.91
offbeat,full,Capricorn,277.74,"saturn,mars,pluto,venus",0.0748,-1.9535,False,15.02
office,full,Aquarius,321.77,"node,uranus,pluto,chiron",0.3348,-27.65,False,1.52
office chairs,full,Taurus,42.42,"chiron,node,neptune,uranus",-2.2591,-2.4606,False,4.08
office furniture,full,Aries,8.87,"chiron,uranus,neptune,mars",0.2064,-1.0706,False,4.28
office services,full,Taurus,40.33,"chiron,uranus,neptune,mars",0.5136,-0.503,False,5.46
office supplies,full,Scorpio,228.07,"saturn,mars,pluto,neptune",-0.4173,-0.3322,False,13.08
ohio,full,Virgo,150.69,"saturn,sun,pluto,jupiter",0.0065,-2.8815,False,16.32
oil,full,Taurus,40.64,"uranus,chiron,neptune,mercury",-0.1966,-2.298,False,3.74
oil changes,full,Aries,15.31,"uranus,sun,mercury,venus",0.0102,-4.1328,False,3.99
oils,full,Sagittarius,253.0,"saturn,mars,pluto,sun",0.5632,-2.1641,False,9.57
oita,full,Pisces,345.89,"node,uranus,mars,sun",0.2835,-0.3444,False,2.45
okayama,full,Scorpio,212.71,"node,saturn,chiron,pluto",-0.228,-8.5177,False,5.32
okinawa,full,Aquarius,318.6,"node,uranus,chiron,neptune",0.2072,-35.4067,False,2.57
oklahoma,full,Virgo,158.43,"saturn,node,chiron,neptune",-0.06,-1.1124,False,1.98
oklahoma city,full,Virgo,169.28,"saturn,jupiter,node,mars",-0.0884,-0.9128,False,1.62
oldies,full,Leo,141.69,"saturn,node,mars,mercury",-0.1266,-0.2148,False,9.42
olympics,full,Leo,133.13,"saturn,mars,mercury,pluto",0.2686,-0.052,False,5.68
omaha,relaxed,Virgo,152.43,"saturn,jupiter,venus,pluto",-0.6278,-0.7279,False,0.69
oman,full,Aries,5.86,"jupiter,node,neptune,chiron",0.0504,-1.9518,False,3.55
online communities,full,Aries,5.74,"uranus,node,chiron,neptune",-1.076,-1.056,False,11.52
online goodies,relaxed,Aries,27.65,"jupiter,uranus,node,chiron",-1.5485,-0.3527,False,23.36
online journals,full,Aquarius,317.88,"node,saturn,sun,mercury",-0.682,-3.457,False,1.68
online media,full,Aries,21.86,"chiron,uranus,node,neptune",-3.9956,-3.6651,False,6.37
online tools,full,Pisces,345.87,"chiron,uranus,neptune,sun",-0.0041,-5.4191,False,8.9
online video,full,Aquarius,317.32,"jupiter,chiron,neptune,uranus",-0.0539,-4.3816,False,2.97
ontario,full,Aquarius,318.7,"uranus,node,jupiter,sun",0.1753,-0.8648,False,2.92
open online courses,full,Taurus,50.4,"node,jupiter,chiron,mars",-0.2888,-0.3404,False,21.57
open source,full,Capricorn,287.96,"saturn,mars,pluto,venus",0.1798,-9.5812,False,8.09
opera,relaxed,Virgo,150.89,"saturn,node,jupiter,pluto",0.3389,-0.0498,False,0.97
operating systems,full,Aries,9.1,"saturn,mars,pluto,neptune",-1.2617,-8.6783,False,4.2
opinion,full,Capricorn,287.36,"saturn,jupiter,pluto,venus",0.1234,-0.3096,False,11.75
optical devices,full,Capricorn,294.43,"node,uranus,chiron,saturn",0.0279,-2.2819,False,17.76
optoelectronics,full,Aries,11.76,"chiron,neptune,node,saturn",0.0585,0.0432,True,3.97
optometry,full,Aries,28.78,"jupiter,mars,chiron,uranus",0.1511,-1.1911,False,11.55
oral,relaxed,Leo,145.43,"saturn,jupiter,node,pluto",-1.5384,-5.1558,False,0.67
orange county (ca),full,Capricorn,284.89,"saturn,jupiter,pluto,venus",0.1319,-1.9046,False,3.76
oregon,full,Virgo,158.79,"node,chiron,neptune,saturn",-0.0549,-1.9807,False,3.28
organic,full,Aries,28.61,"uranus,node,jupiter,pluto",0.4554,-2.4364,False,12.81
organization,full,Aries,20.73,"uranus,chiron,neptune,mars",-0.1727,-1.2962,False,4.6
organizations,full,Aquarius,320.45,"venus,sun,mercury,mars",-0.2314,-5.4426,False,4.81
organized crime,full,Cancer,97.42,"node,jupiter,uranus,mars",0.1244,-1.499,False,5.25
orissa,full,Aries,21.73,"chiron,mars,neptune,node",0.3822,-0.8297,False,16.77
osaka,full,Cancer,117.14,"saturn,node,mars,mercury",0.0372,-1.7343,False,3.65
oslo,relaxed,Virgo,156.52,"saturn,jupiter,pluto,sun",-0.1132,-0.0683,False,0.5
ottawa-gatineau,relaxed,Libra,195.02,"venus,sun,jupiter,uranus",0.0811,-17303767801.6876,False,0.0
outdoor furniture,full,Aries,15.77,"chiron,uranus,sun,mercury",0.4934,0.6648,True,14.23
outdoor markets,full,Aquarius,306.96,"mars,mercury,uranus,sun",-862804328.9025,-0.0468,False,18.0
outdoor toys,full,Gemini,84.84,"node,uranus,sun,mars",-4.6456,-5.9453,False,5.87
outdoors,full,Pisces,359.3,"uranus,mars,saturn,jupiter",-3.829,-6.8962,False,3.44
outerwear,full,Scorpio,213.96,"chiron,uranus,pluto,mars",0.0669,-1.3553,False,7.08
outfit inspiration,full,Capricorn,299.99,"saturn,jupiter,pluto,mars",0.2763,-1.2861,False,12.62
outlet stores,full,Gemini,61.02,"node,uranus,chiron,neptune",0.0884,-0.652,False,1.82
outsourcing,full,Cancer,92.67,"saturn,node,jupiter,pluto",-0.0174,-4.2665,False,12.54
ovens,full,Aries,21.79,"chiron,neptune,mars,uranus",-0.2487,-3.2645,False,7.0
overijssel,full,Leo,134.09,"node,saturn,pluto,sun",0.1893,-0.4171,False,4.75
pacific coast (mexico),full,Pisces,356.37,"venus,mercury,saturn,chiron",0.0047,0.0284,True,24.01
pacific islanders,relaxed,Cancer,109.02,"saturn,pluto,sun,mercury",-0.0027,-2414508059.4826,False,0.0
pacific islands,full,Virgo,158.16,"saturn,node,jupiter,pluto",0.1581,-0.3215,False,15.53
pacific northwest,full,Aquarius,320.23,"chiron,uranus,venus,mars",-0.5467,-7.8793,False,7.65
package delivery,full,Taurus,52.56,"jupiter,node,uranus,chiron",-0.2361,-0.1392,False,1.29
packaging,full,Aries,5.91,"chiron,uranus,neptune,node",-2.7412,-4.9287,False,6.08
pagan,full,Capricorn,272.08,"node,saturn,chiron,pluto",-0.6647,0.3995,True,3.77
pain management,full,Leo,131.35,"chiron,uranus,sun,mercury",-0.1416,-10.3664,False,4.88
paintball,relaxed,Aquarius,302.89,"node,uranus,chiron,jupiter",-2.7824,-316.8433,False,0.57
painting,full,Capricorn,289.91,"saturn,pluto,node,uranus",-4.9953,-11.068,False,5.94
pakistan,full,Gemini,81.93,"chiron,jupiter,uranus,mars",0.3478,0.0023,True,13.9
paleontology,full,Aries,15.95,"chiron,mars,neptune,uranus",0.03,-1.7313,False,11.78
palermo,full,Gemini,69.56,"node,jupiter,uranus,chiron",-0.1303,-77.2122,False,1.45
palestine,full,Taurus,44.8,"jupiter,venus,uranus,mercury",0.0564,-0.1822,False,18.6
pamukkale,full,Aquarius,308.95,"node,jupiter,saturn,mars",-0.1092,-1.0436,False,5.63
panama,full,Leo,130.37,"node,saturn,jupiter,mars",-0.3191,-0.3395,False,5.08
pants,relaxed,Leo,138.75,"saturn,pluto,node,chiron",-0.0418,-0.9243,False,0.5
papua new guinea,full,Virgo,166.88,"saturn,node,mars,jupiter",0.101,-0.8989,False,3.61
para,full,Pisces,358.84,"chiron,uranus,pluto,sun",-0.0203,-4.5819,False,2.4
paraguay,full,Leo,122.08,"saturn,node,venus,mars",0.0991,-0.3747,False,3.6
paraiba,full,Libra,185.91,"node,jupiter,pluto,chiron",-0.206,-0.0894,False,1.8
parana,full,Capricorn,272.77,"saturn,node,chiron,mars",0.2187,-1.9689,False,3.24
paranormal,relaxed,Sagittarius,245.54,"node,saturn,sun,mars",-3.6717,-37.4852,False,0.51
parasites,full,Aquarius,309.15,"jupiter,pluto,saturn,chiron",0.2208,-3.3399,False,6.58
parasitic diseases,full,Aquarius,316.63,"saturn,jupiter,chiron,uranus",0.1116,-1.0237,False,23.0
parenting,full,Taurus,31.25,"jupiter,venus,chiron,uranus",0.3888,-0.1767,False,24.96
paris,full,Virgo,154.53,"saturn,node,pluto,mars",0.2705,-0.136,False,7.14
parking,full,Aquarius,310.08,"jupiter,venus,sun,mercury",-1.1274,-47.9198,False,4.84
party,relaxed,Scorpio,239.58,"node,chiron,neptune,pluto",0.0723,-1.8296,False,0.82
party games,full,Scorpio,211.57,"node,saturn,jupiter,sun",0.1787,-0.1669,False,12.93
pasta,full,Capricorn,290.61,"saturn,pluto,mars,sun",0.0649,-7.1168,False,4.51
patio,full,Aries,29.92,"sun,jupiter,venus,mercury",-0.903,-0.7149,False,10.37
pattaya,full,Leo,136.81,"saturn,node,jupiter,mars",-0.9699,-17.88,False,1.7
payment systems,full,Capricorn,290.11,"mars,chiron,neptune,saturn",0.1893,-0.3583,False,15.07
payroll services,full,Capricorn,292.93,"saturn,mercury,sun,pluto",0.0068,-0.8097,False,12.6
pays de la loire,full,Capricorn,273.64,"saturn,mars,pluto,sun",-0.1012,-2.8239,False,9.95
pdas,full,Aquarius,304.21,"saturn,pluto,venus,sun",-0.3329,-0.3926,False,21.14
pediatrics,full,Taurus,33.34,"chiron,uranus,node,neptune",-0.0742,-13.4275,False,4.27
pedicures,full,Cancer,104.66,"saturn,node,mercury,sun",0.2093,-1.0361,False,1.33
penang,full,Pisces,344.42,"node,uranus,mars,sun",0.1028,-6.5937,False,2.79
pennsylvania,full,Capricorn,272.51,"node,chiron,uranus,neptune",0.0536,-0.1853,False,20.38
pensacola,full,Capricorn,299.88,"node,uranus,chiron,jupiter",-0.1279,-4.3494,False,2.19
pension,full,Aquarius,320.31,"saturn,node,jupiter,mars",0.6036,-5.5135,False,8.45
people,full,Virgo,169.31,"saturn,pluto,neptune,uranus",-0.7627,-3.3927,False,1.14
people search,full,Virgo,166.06,"saturn,pluto,jupiter,chiron",0.114,-0.4207,False,2.51
percussion,full,Virgo,154.96,"saturn,node,jupiter,pluto",-0.039,-0.8247,False,3.19
performance vehicles,full,Capricorn,295.94,"saturn,pluto,mars,neptune",-0.0056,-2.4612,False,7.07
performance-enhancing drugs,relaxed,Capricorn,277.99,"saturn,uranus,jupiter,sun",1.0,-0.0323,False,17.4
performing arts,relaxed,Scorpio,231.03,"uranus,node,chiron,neptune",0.1083,-1.1901,False,0.75
perfumes,full,Aries,25.91,"chiron,uranus,neptune,node",0.5794,-5.4811,False,7.7
pernambuco,full,Pisces,351.94,"chiron,neptune,mars,mercury",0.0017,-1.6388,False,3.77
personal aircraft,full,Cancer,100.36,"node,jupiter,uranus,chiron",0.085,-1.1046,False,1.56
personal injury law,full,Virgo,159.94,"jupiter,node,venus,uranus",-0.249,-0.4474,False,5.45
personal listings,relaxed,Scorpio,220.07,"node,pluto,saturn,sun",-16055074.8068,1.0,False,0.0
personal loans,full,Leo,146.42,"jupiter,uranus,chiron,sun",0.3257,-20.5712,False,1.48
personal sites,full,Capricorn,274.12,"saturn,pluto,sun,mercury",-0.2231,-0.1949,False,2.52
personal training,full,Virgo,161.09,"saturn,node,jupiter,pluto",0.1188,-0.9798,False,3.77
personalized items,full,Sagittarius,269.8,"venus,saturn,pluto,sun",0.0371,-0.9098,False,4.66
personals,full,Gemini,80.94,"jupiter,saturn,node,pluto",0.0674,-88.7543,False,3.35
perth,full,Libra,182.62,"saturn,pluto,chiron,neptune",0.1135,-2.5972,False,1.9
peru,full,Cancer,113.9,"node,saturn,jupiter,mars",0.0809,-12.8001,False,3.59
pest control,relaxed,Leo,133.22,"saturn,jupiter,node,mercury",-0.7427,-9.0297,False,0.72
pet food,full,Aries,23.53,"chiron,uranus,jupiter,neptune",-1.6599,-4.9534,False,4.61
pet names,relaxed,Leo,140.3,"node,pluto,saturn,chiron",0.0615,-5.9148,False,0.47
pets,full,Pisces,331.02,"uranus,chiron,neptune,sun",0.4287,-0.8106,False,3.18
peugeot,full,Aquarius,302.68,"saturn,pluto,chiron,neptune",-0.0531,-5.6106,False,2.51
pharmaceuticals,full,Aquarius,303.86,"pluto,chiron,saturn,neptune",-0.0807,-0.868,False,13.8
pharmacy,full,Taurus,58.1,"jupiter,pluto,node,saturn",-1.8454,-47.9655,False,8.93
philadelphia,full,Leo,145.68,"saturn,node,sun,pluto",0.1312,-0.7077,False,5.31
philanthropy,full,Aquarius,318.67,"jupiter,uranus,sun,mercury",0.0652,-1.0385,False,16.26
philippines,full,Cancer,99.2,"jupiter,mercury,sun,node",-1.2662,-2.6573,False,4.51
philosophy,full,Pisces,356.94,"node,uranus,venus,chiron",0.0503,-4.5744,False,4.37
phoenix,relaxed,Scorpio,225.4,"saturn,pluto,node,mars",-0.2518,-13.4969,False,0.43
phone service providers,full,Aquarius,315.59,"saturn,pluto,chiron,neptune",0.0213,-0.0406,False,16.16
photo,full,Aquarius,312.72,"saturn,jupiter,pluto,sun",0.5879,-3.7092,False,4.75
photo equipment,full,Gemini,73.99,"node,uranus,chiron,mars",-0.075,-5.6104,False,1.35
photo printing services,relaxed,Libra,208.52,"chiron,node,pluto,neptune",0.0049,-196797770.5702,False,0.0
photo rating sites,relaxed,Cancer,90.93,"saturn,jupiter,pluto,chiron",1.0,0.1238,False,0.35
photo software,full,Aries,17.34,"chiron,uranus,neptune,mars",-0.1606,-7.9509,False,3.26
photographic,full,Virgo,151.15,"saturn,jupiter,node,pluto",-0.163,-0.8118,False,2.25
phuket,full,Pisces,355.87,"jupiter,sun,venus,mercury",-0.7377,-28.0195,False,3.33
physical disability,relaxed,Libra,188.86,"jupiter,node,mercury,sun",-4.8038,-14.3922,False,0.38
physical therapy,relaxed,Pisces,357.39,"venus,jupiter,sun,mercury",0.0079,-26.8096,False,0.77
physics,full,Taurus,31.37,"node,chiron,neptune,uranus",0.0073,-9.1616,False,9.48
pianos,full,Virgo,176.16,"saturn,node,pluto,jupiter",0.1007,-0.4374,False,4.5
piaui,full,Pisces,345.3,"mars,uranus,jupiter,sun",-0.1053,-0.3639,False,10.16
picardy,full,Libra,195.34,"node,saturn,mars,jupiter",-1.2059,-2.4862,False,1.66
pickleball,full,Taurus,38.78,"chiron,uranus,node,neptune",-0.3096,-2.5705,False,17.84
pickup trucks,full,Aquarius,315.87,"node,chiron,pluto,uranus",-0.5156,0.1592,True,8.57
piedmont,full,Cancer,110.48,"saturn,jupiter,pluto,sun",-0.8149,-0.098,False,3.41
piedmont triad,relaxed,Capricorn,289.0,"node,jupiter,mars,chiron",0.0321,-0.0517,False,0.87
pigments,full,Aquarius,319.04,"chiron,node,uranus,jupiter",-0.2514,-0.0259,False,5.05
pilates,full,Pisces,343.8,"uranus,node,mercury,sun",0.1727,-1.55,False,18.87
pittsburgh,full,Virgo,170.39,"chiron,neptune,uranus,pluto",-0.0238,-0.6954,False,4.06
pizzerias,full,Scorpio,212.02,"node,jupiter,mercury,uranus",0.0248,-0.9341,False,2.59
places of worship,full,Taurus,48.54,"chiron,node,neptune,uranus",0.0091,-0.5886,False,15.83
planning,full,Taurus,33.98,"chiron,uranus,neptune,mars",0.3265,-4.2987,False,5.53
plasma tvs,full,Capricorn,286.91,"saturn,mars,pluto,neptune",0.0051,-0.1239,False,4.07
plastics,full,Cancer,93.18,"saturn,jupiter,node,mars",0.1134,-1.7503,False,7.51
platform games,full,Pisces,353.5,"chiron,uranus,jupiter,venus",0.2285,-4.9549,False,3.08
play equipment,full,Gemini,70.09,"jupiter,node,uranus,chiron",0.1721,-1.9236,False,2.21
playroom,full,Aries,24.27,"uranus,chiron,node,jupiter",-0.0119,-2.8225,False,7.73
plug-in vehicles,relaxed,Aries,27.65,"jupiter,uranus,node,chiron",-0.0333,1.0,False,0.0
plumbing,full,Aquarius,319.54,"saturn,pluto,chiron,uranus",-0.0655,-3.518,False,7.74
plumbing fixtures,full,Aquarius,300.0,"saturn,uranus,node,chiron",0.0367,0.0443,True,2.05
podcasts,full,Aries,5.17,"node,chiron,neptune,saturn",0.6398,-0.7408,False,12.64
poetry,full,Aquarius,309.85,"saturn,jupiter,node,chiron",-0.0752,-1.0668,False,5.07
poisoning,full,Pisces,356.35,"uranus,chiron,mercury,neptune",-0.0434,-8.1362,False,6.09
poitou-charentes,full,Taurus,32.27,"node,jupiter,chiron,sun",-0.0283,-0.0988,False,11.48
poland,full,Libra,190.53,"node,saturn,mars,jupiter",-0.0922,-0.1213,False,7.98
polar regions,full,Aries,24.1,"node,uranus,chiron,neptune",-0.1532,-0.0004,False,6.14
policy,full,Pisces,341.03,"chiron,neptune,mars,saturn",-0.9318,-20.9336,False,3.3
political humor,full,Aquarius,307.37,"node,uranus,sun,mercury",-3.4876,-4.423,False,2.79
political polls,full,Leo,140.26,"uranus,sun,mercury,venus",0.2223,-0.0862,False,24.19
political science,full,Aquarius,327.96,"saturn,jupiter,mars,node",0.5392,-0.6464,False,11.56
politics,full,Aquarius,328.21,"node,uranus,mars,pluto",-0.0391,-4.319,False,8.89
politics (left),full,Aries,26.48,"node,uranus,chiron,mars",-0.0819,-5.1501,False,7.49
politics (right),full,Pisces,356.33,"mars,chiron,uranus,neptune",0.1595,-1.3875,False,6.3
polymers,full,Pisces,357.18,"chiron,neptune,saturn,uranus",0.2236,-1.8468,False,18.23
polynesia,full,Sagittarius,250.29,"saturn,mars,node,jupiter",0.0227,-11.6648,False,2.61
pontiac,relaxed,Virgo,170.98,"uranus,node,jupiter,sun",-48.2115,-72.7065,False,0.61
pop music,full,Leo,149.08,"saturn,jupiter,node,pluto",0.5476,-0.2777,False,3.06
pork,full,Gemini,79.2,"node,saturn,uranus,jupiter",-0.4948,-11.5159,False,1.2
porsche,full,Virgo,158.72,"saturn,node,pluto,chiron",0.2572,-1.2831,False,2.05
portable electronics,full,Taurus,36.15,"node,jupiter,mars,uranus",-0.0921,-0.3872,False,2.39
portable media players,relaxed,Aquarius,318.32,"uranus,chiron,sun,mercury",-1028125313.1037,1.0,False,0.0
portfolio management,full,Pisces,348.28,"chiron,node,uranus,pluto",0.1405,-0.5728,False,5.54
portfolios,full,Aries,2.23,"uranus,jupiter,sun,mercury",-0.4518,-6.6792,False,6.44
portland (or),full,Leo,140.95,"node,chiron,uranus,neptune",0.0828,-5.1868,False,1.78
porto,full,Libra,185.28,"node,chiron,pluto,neptune",-0.0229,-1.0903,False,2.9
porto alegre,full,Virgo,176.29,"saturn,pluto,uranus,neptune",-0.061,-0.0645,False,5.99
portugal,full,Cancer,116.28,"saturn,mars,node,jupiter",0.1178,-0.0917,False,11.43
pottery,full,Capricorn,277.13,"saturn,chiron,node,pluto",0.275,-2.7048,False,7.55
potty training,full,Capricorn,298.73,"jupiter,node,saturn,uranus",-1.1506,-2.6893,False,9.82
poultry,full,Gemini,68.27,"node,uranus,chiron,jupiter",0.2316,-4.0417,False,7.85
poverty,full,Sagittarius,250.16,"node,saturn,chiron,mars",0.2092,-5.4664,False,8.79
power supplies,full,Sagittarius,245.86,"saturn,pluto,mars,neptune",-0.1482,-7.1788,False,3.66
power tools,full,Pisces,333.95,"chiron,uranus,venus,mars",-0.6199,-15.8094,False,4.24
prague,full,Gemini,81.14,"saturn,node,mars,jupiter",-0.0905,-0.8091,False,4.45
prank videos,full,Pisces,359.66,"chiron,neptune,uranus,node",-2.0377,-4.3069,False,10.28
precious metals,full,Scorpio,227.94,"node,saturn,mars,venus",-0.1783,-5.1569,False,9.8
pregnancy,full,Aquarius,306.98,"saturn,pluto,chiron,node",0.641,-1.7051,False,4.37
preschool,full,Capricorn,278.17,"venus,sun,mercury,mars",-4.3345,-13.3652,False,9.43
presentation software,full,Virgo,160.29,"jupiter,node,uranus,mars",-3.0169,-6.8706,False,4.47
presentations,full,Virgo,164.25,"saturn,node,jupiter,pluto",-0.5338,-7.0842,False,4.42
preserves,full,Gemini,72.08,"jupiter,venus,sun,mercury",-0.0438,-0.2354,False,8.36
previews,relaxed,Cancer,118.42,"saturn,jupiter,node,pluto",-1.0773,0.1791,False,0.61
price comparisons,full,Capricorn,282.77,"saturn,jupiter,venus,sun",0.018,-0.0842,False,23.68
primary,full,Aries,8.64,"chiron,uranus,node,neptune",0.4289,-0.6032,False,7.0
prince edward island,full,Sagittarius,264.34,"node,chiron,neptune,saturn",-0.2987,-1.5041,False,2.73
printers,full,Pisces,330.66,"chiron,uranus,venus,node",-1.8516,-25.2715,False,3.1
printing,full,Pisces,339.02,"chiron,venus,node,uranus",-0.7004,-13.9303,False,5.74
printing services,full,Aries,25.26,"node,chiron,uranus,neptune",0.143,-0.6461,False,3.2
prisons,full,Virgo,165.94,"saturn,node,pluto,chiron",0.2704,-0.0273,False,4.56
privacy issues,full,Sagittarius,258.73,"saturn,pluto,sun,mercury",0.2116,-4.8504,False,2.49
private tutoring services,relaxed,Aries,27.65,"jupiter,uranus,node,chiron",-0.069,1.0,False,0.0
processing equipment,full,Capricorn,287.52,"saturn,node,sun,mercury",-0.0321,-2.369,False,4.16
processors,full,Sagittarius,240.79,"saturn,pluto,mercury,mars",0.2529,-1.6861,False,3.9
procurement,full,Aries,3.71,"chiron,mars,neptune,saturn",0.1454,-3.9474,False,7.08
product design,full,Aries,7.95,"chiron,neptune,uranus,mars",0.2448,-9.9912,False,5.43
product liability,full,Aries,7.57,"saturn,chiron,pluto,neptune",0.08,-0.0741,False,11.84
product reviews,full,Taurus,30.56,"jupiter,uranus,chiron,mars",-0.5916,-1.2961,False,2.43
productivity software,full,Aries,15.11,"uranus,node,mars,sun",0.5893,-2.121,False,10.48
professional,full,Aquarius,315.73,"uranus,chiron,neptune,sun",0.0205,-30.8018,False,2.34
professional wrestling,full,Scorpio,224.26,"node,uranus,chiron,mercury",-0.353,-8.8924,False,2.98
programming,full,Pisces,356.43,"chiron,node,venus,mars",-0.7926,-8.102,False,3.63
programs,full,Pisces,342.39,"uranus,chiron,mars,pluto",-0.0151,0.26,True,6.11
progressive,full,Virgo,176.01,"node,saturn,jupiter,mars",0.1439,-0.912,False,1.49
project management,full,Aries,13.7,"chiron,uranus,mars,neptune",0.0957,-4.252,False,10.96
project management software,full,Aquarius,327.84,"saturn,mars,pluto,neptune",0.1473,-1.5471,False,13.84
projection tvs,relaxed,Cancer,90.23,"jupiter,sun,mercury,venus",-5971178903.4208,-0.1055,False,0.87
projectors,full,Virgo,171.88,"saturn,pluto,jupiter,neptune",0.4079,-0.59,False,1.25
promotional giveaways,relaxed,Aquarius,308.86,"uranus,chiron,sun,mercury",-230236767.5096,1.0,False,0.0
promotional products,full,Pisces,358.14,"chiron,neptune,saturn,mercury",0.1788,-0.3265,False,10.25
property development,full,Gemini,61.94,"uranus,node,chiron,neptune",-0.2174,-0.8097,False,7.19
property inspections,relaxed,Aries,27.65,"jupiter,uranus,node,chiron",-0.1461,-0.0926,False,23.41
property management,full,Pisces,343.37,"jupiter,node,uranus,chiron",-0.1709,-2.3517,False,7.15
protection,full,Aquarius,324.51,"jupiter,node,mars,uranus",-0.2445,-1.1207,False,12.08
protective gear,full,Capricorn,293.67,"saturn,mars,pluto,sun",0.1723,-0.6411,False,1.0
protocols,full,Scorpio,236.49,"saturn,mars,venus,mercury",-0.8966,-3.8321,False,8.2
provence-alpes-cote d'azur,relaxed,Taurus,59.23,"jupiter,mercury,venus,sun",-5962648937.7777,-6154992451.9318,False,0.0
providence,full,Leo,137.96,"saturn,jupiter,pluto,chiron",-0.0178,-0.0582,False,2.05
proxying,full,Taurus,51.43,"jupiter,mars,node,venus",0.165,0.0102,True,10.0
psychology,full,Aries,23.87,"chiron,uranus,neptune,node",-0.2843,-13.0304,False,7.61
public finance,full,Aries,16.04,"chiron,node,neptune,saturn",0.2773,-0.1813,False,15.9
public health,full,Aries,19.71,"chiron,uranus,neptune,mars",0.1223,-4.2013,False,2.73
public policy,full,Aries,5.05,"chiron,neptune,mars,saturn",0.2303,-0.5595,False,16.78
public records,full,Taurus,46.42,"jupiter,uranus,mars,chiron",0.638,-30.2022,False,5.93
public relations,full,Aquarius,308.92,"node,saturn,pluto,mars",-0.6147,-1.4471,False,4.39
public safety,full,Leo,143.15,"saturn,jupiter,node,pluto",-0.043,-4.0393,False,8.86
public sector jobs,full,Aries,11.37,"jupiter,venus,chiron,node",-1.3525,-3.5113,False,2.9
public speaking,full,Pisces,340.61,"chiron,uranus,venus,node",-0.0567,-0.8331,False,8.99
publications,full,Pisces,341.42,"saturn,chiron,pluto,venus",-0.007,-0.7383,False,12.4
publishing,full,Pisces,354.18,"chiron,uranus,venus,jupiter",0.083,-10.8139,False,10.86
puebla,full,Leo,147.06,"saturn,uranus,sun,venus",0.0246,-9.6944,False,5.09
puerto rico,full,Scorpio,215.93,"chiron,node,neptune,uranus",-0.0211,-0.0889,False,5.06
puerto vallarta,full,Leo,141.42,"saturn,node,pluto,uranus",-0.1076,-0.1087,False,4.22
puglia,relaxed,Capricorn,295.91,"node,uranus,chiron,neptune",-0.7588,-201.3373,False,0.56
pune,full,Aries,20.52,"chiron,neptune,node,mars",0.7377,-4.6941,False,6.46
punjab (india),full,Gemini,60.58,"saturn,pluto,node,neptune",0.1516,-0.0722,False,12.78
punk (music),relaxed,Virgo,159.77,"saturn,node,jupiter,pluto",-0.2124,-17823055463.7396,False,0.0
puppets,full,Leo,129.37,"saturn,jupiter,pluto,uranus",0.0042,-9.6099,False,1.16
purifiers,full,Taurus,35.13,"uranus,node,chiron,jupiter",-0.3321,-0.1081,False,15.67
purses,full,Aquarius,314.74,"uranus,chiron,pluto,neptune",-0.1057,-4.0448,False,1.82
puzzles,full,Capricorn,281.17,"saturn,node,jupiter,pluto",0.1495,-12.7673,False,6.26
qatar,full,Aries,26.56,"chiron,uranus,mars,node",0.1191,-0.0741,False,18.45
qinghai,full,Cancer,104.04,"node,mars,jupiter,uranus",0.2102,-0.0732,False,3.79
quality control,full,Sagittarius,268.73,"node,mars,venus,mercury",-0.3495,0.0934,True,1.09
quebec,relaxed,Scorpio,229.73,"chiron,neptune,saturn,pluto",0.3532,-16.6242,False,0.87
quebec city,full,Leo,125.47,"saturn,mars,node,jupiter",-0.2637,-0.8248,False,1.67
queensland,full,Virgo,163.02,"saturn,pluto,chiron,neptune",-0.0701,-1.2207,False,1.38
quick tips,full,Sagittarius,258.57,"node,chiron,neptune,uranus",0.1243,-0.6745,False,1.34
quintana roo,full,Libra,185.11,"node,saturn,pluto,sun",0.0218,-0.1102,False,5.11
quito,full,Scorpio,237.56,"uranus,chiron,mercury,sun",-0.0491,-0.3088,False,4.84
quotations,full,Pisces,351.83,"jupiter,saturn,chiron,neptune",0.6148,-0.7946,False,10.51
r,full,Aries,8.95,"node,jupiter,uranus,chiron",-0.2765,-1.9263,False,3.73
rabbits,full,Capricorn,290.13,"node,uranus,chiron,jupiter",0.4747,-4.9052,False,1.57
racing games,full,Scorpio,235.35,"saturn,node,pluto,sun",0.1033,0.4876,True,4.81
racketball,relaxed,Scorpio,237.7,"chiron,neptune,uranus,venus",-0.9509,-1.2842,False,0.79
racquet sports,full,Leo,139.08,"saturn,mercury,pluto,sun",-0.9718,-0.0461,False,7.77
radio,full,Virgo,168.35,"node,saturn,chiron,pluto",-0.2469,-0.0662,False,1.68
radio control,relaxed,Virgo,172.52,"saturn,pluto,chiron,neptune",0.4345,-5.9449,False,0.71
radio equipment,full,Cancer,103.16,"mars,node,uranus,chiron",0.1443,-0.4543,False,1.67
rail,full,Capricorn,293.28,"jupiter,venus,mars,sun",-0.5183,-4.4114,False,14.76
rail freight,full,Aries,0.97,"saturn,pluto,mars,neptune",0.0783,-9.8306,False,2.18
railroads,full,Scorpio,219.86,"node,saturn,mars,venus",0.2765,-4.3709,False,6.06
rajasthan,full,Aquarius,310.41,"saturn,mars,jupiter,node",0.2806,-0.318,False,10.78
raleigh-durham,full,Virgo,150.49,"mercury,sun,chiron,uranus",-0.1046,-0.0089,False,3.52
ram trucks,full,Virgo,172.82,"saturn,jupiter,pluto,node",0.1978,-0.1851,False,3.08
ranches,full,Pisces,344.53,"jupiter,chiron,node,uranus",-0.5707,-2.1803,False,2.97
ranges,full,Libra,201.69,"saturn,jupiter,node,pluto",-0.3588,-2.9551,False,2.61
rap,full,Scorpio,223.93,"saturn,pluto,chiron,neptune",0.7482,-0.3871,False,2.33
razors,relaxed,Aquarius,305.08,"uranus,node,jupiter,mercury",-0.111,-91.4918,False,0.68
rc aircraft,full,Sagittarius,268.95,"chiron,uranus,neptune,venus",-1.8646,-11.2808,False,1.03
real estate,full,Pisces,356.44,"jupiter,chiron,mars,neptune",0.5337,-9.7573,False,9.95
real estate agencies,full,Capricorn,287.27,"mars,saturn,node,sun",0.0859,-0.054,False,8.18
real estate investment trusts,full,Aquarius,322.46,"uranus,chiron,sun,mercury",0.0339,-0.4425,False,3.48
real estate law,full,Capricorn,281.16,"saturn,pluto,mercury,neptune",-0.1026,-10.2758,False,5.68
real estate listings,full,Taurus,33.48,"chiron,neptune,uranus,saturn",0.1316,-1.0084,False,4.89
real estate services,full,Taurus,38.91,"mars,node,uranus,chiron",0.2408,-6.5275,False,5.27
real estate title,full,Capricorn,298.58,"saturn,node,mars,sun",-0.0799,-0.1602,False,10.05
recife,full,Libra,187.3,"saturn,pluto,node,jupiter",-0.6321,-2.029,False,2.32
recipe videos,full,Taurus,50.91,"node,uranus,chiron,neptune",-0.8906,-6.4144,False,7.08
recipes,full,Taurus,58.0,"node,uranus,chiron,jupiter",-0.1795,-3.3736,False,4.93
record labels,full,Cancer,98.29,"jupiter,node,mars,uranus",-0.8033,-0.8508,False,3.2
recorders,full,Cancer,111.11,"node,jupiter,saturn,pluto",0.8913,-0.0799,False,10.15
recording industry,full,Aquarius,304.05,"saturn,chiron,mercury,neptune",0.0247,-1.169,False,3.83
recovery,relaxed,Pisces,343.79,"saturn,uranus,pluto,chiron",-0.8228,-23.6652,False,0.81
recreational aviation,relaxed,Gemini,82.65,"jupiter,node,saturn,uranus",-403103157.3149,-186257194405.948,False,0.0
recruitment,full,Aries,2.41,"saturn,pluto,chiron,neptune",0.5389,-10.6808,False,10.88
recycling,full,Virgo,150.21,"saturn,jupiter,node,pluto",-0.1215,-1.7192,False,2.6
reference,full,Aries,23.45,"chiron,uranus,neptune,node",0.4719,-11.8592,False,4.13
reference tools,full,Taurus,34.56,"jupiter,mars,venus,node",-0.1791,-0.7568,False,6.32
refrigerators,full,Gemini,76.83,"node,jupiter,uranus,chiron",0.34,-23.4815,False,2.81
reggae,full,Virgo,171.33,"saturn,pluto,node,sun",0.1069,-0.7297,False,3.6
reggaeton,full,Libra,196.5,"saturn,jupiter,pluto,node",0.7282,-3.0506,False,2.68
regional mexican music,full,Capricorn,284.91,"saturn,jupiter,pluto,sun",0.0087,-0.1409,False,16.55
regional parks,relaxed,Aries,27.65,"jupiter,uranus,node,chiron",-0.0662,1.0,False,0.0
regional planning,full,Taurus,47.43,"node,chiron,uranus,neptune",0.1989,-1.7874,False,15.08
registration,full,Aquarius,318.17,"saturn,jupiter,pluto,mars",-0.8456,-9.7755,False,6.72
relationships,full,Sagittarius,240.59,"saturn,mars,jupiter,pluto",-0.4635,-1.4384,False,23.19
religion,relaxed,Virgo,166.65,"saturn,node,pluto,jupiter",-0.3401,-0.6838,False,0.95
religious music,full,Virgo,152.66,"saturn,jupiter,node,pluto",0.0784,-3.161,False,5.97
religious study,full,Taurus,43.28,"node,chiron,neptune,saturn",0.0302,-2.0053,False,3.83
religious travel,relaxed,Pisces,336.68,"saturn,uranus,venus,jupiter",0.0311,-0.5754,False,4.33
relocation,full,Pisces,337.81,"chiron,uranus,venus,mars",-0.2547,-20.5895,False,3.72
remote access,full,Pisces,344.74,"chiron,uranus,venus,sun",-4.1241,-7.8871,False,9.34
renault,full,Capricorn,287.29,"saturn,chiron,pluto,neptune",0.0439,-5.5165,False,3.35
renewable,full,Aries,9.1,"chiron,venus,node,mars",-0.4824,-3.5432,False,10.06
rennes,full,Libra,188.56,"mars,jupiter,saturn,venus",0.1479,-0.5306,False,6.38
repair,full,Aries,1.11,"chiron,neptune,uranus,pluto",0.0515,-0.5941,False,9.62
replacement,full,Aries,16.59,"chiron,mars,neptune,uranus",0.2851,-4.6701,False,7.13
repossession,full,Gemini,77.47,"jupiter,venus,chiron,mars",0.0345,-6.1243,False,6.99
reproductive health,full,Aquarius,326.04,"saturn,jupiter,neptune,sun",-0.8968,-3.5893,False,16.69
reproductive rights,full,Taurus,43.34,"jupiter,uranus,node,chiron",0.3398,0.1147,True,3.72
reptiles,full,Pisces,331.28,"uranus,jupiter,node,chiron",-0.6839,-2.2817,False,4.46
resale,full,Taurus,42.01,"chiron,node,uranus,neptune",0.4443,-19.9935,False,5.78
reservations,full,Virgo,159.1,"saturn,node,pluto,chiron",-0.4756,-1.5411,False,1.54
residential rentals,relaxed,Capricorn,277.99,"saturn,uranus,jupiter,sun",1.0,-0.3235,False,36.15
residential sales,relaxed,Aries,27.65,"jupiter,uranus,node,chiron",-0.406,-0.3181,False,33.25
resources,full,Pisces,355.75,"chiron,saturn,neptune,pluto",0.0651,-0.9181,False,12.03
respiratory conditions,full,Aquarius,310.82,"saturn,venus,jupiter,pluto",0.0167,-0.7132,False,30.71
restaurant delivery services,relaxed,Aquarius,329.37,"jupiter,sun,mercury,venus",-6100164046.1191,-6296943531.51,False,0.0
restaurant reviews,relaxed,Aries,23.5,"chiron,mars,neptune,node",0.3122,-2.8925,False,1.33
restaurant supply,full,Capricorn,288.36,"node,saturn,pluto,neptune",-0.0759,-1.3812,False,2.18
restaurants,full,Aries,14.65,"chiron,node,uranus,neptune",0.582,-7.0752,False,4.88
resumes,full,Scorpio,217.41,"node,pluto,chiron,neptune",-0.1777,-1.5785,False,4.42
retail equipment,full,Cancer,116.58,"mars,venus,jupiter,node",0.2226,-1.052,False,1.56
retail jobs,full,Aries,22.64,"chiron,neptune,node,mars",0.5878,0.1477,True,4.88
retail trade,full,Aquarius,317.27,"saturn,pluto,neptune,sun",0.1977,-0.6907,False,11.78
retailers,full,Pisces,352.74,"chiron,uranus,neptune,pluto",-0.0862,-0.2617,False,11.28
retirement,full,Pisces,352.22,"chiron,neptune,sun,mars",-0.0558,-2.0339,False,10.81
reunion,full,Aquarius,316.14,"uranus,node,jupiter,mercury",0.0336,-5.491,False,2.07
reunions,full,Pisces,333.07,"chiron,uranus,sun,mercury",0.398,-1.2354,False,1.34
reviews,full,Aries,6.86,"chiron,uranus,mars,neptune",-0.3045,-0.6867,False,3.76
rhineland-palatinate,relaxed,Scorpio,226.22,"jupiter,pluto,sun,mercury",-0.0024,-5953161047.2258,False,0.0
rhode island,full,Leo,137.18,"saturn,jupiter,pluto,mars",-0.0263,-0.4758,False,8.05
rhone-alpes,relaxed,Capricorn,292.73,"chiron,pluto,neptune,uranus",-0.0673,1.0,False,0.0
richmond-petersburg,relaxed,Aries,27.65,"jupiter,uranus,node,chiron",-0.0333,-0.0323,False,17.4
ride-on toys,full,Sagittarius,268.92,"saturn,mars,pluto,sun",0.0854,-0.0117,False,6.07
rings,full,Libra,205.02,"saturn,pluto,mars,chiron",-0.4142,-2.6422,False,2.01
ringtones,full,Aquarius,312.4,"saturn,jupiter,node,uranus",0.4808,-1.4046,False,6.3
rio de janeiro,relaxed,Libra,184.35,"saturn,chiron,neptune,jupiter",-4.8216,-1.5524,False,0.93
rio grande do norte,full,Taurus,39.15,"jupiter,mars,chiron,uranus",0.1181,-0.0651,False,7.48
rio grande do sul,full,Aquarius,318.87,"uranus,mars,jupiter,chiron",-0.0387,-0.0753,False,16.9
risk management,full,Aries,26.68,"chiron,uranus,mars,venus",0.1255,-2.9068,False,9.51
rivers,full,Scorpio,217.33,"node,pluto,saturn,chiron",-0.2779,-0.4038,False,3.6
riviera maya,full,Libra,182.39,"node,saturn,pluto,mars",-0.1187,-3.1648,False,4.68
riyadh,full,Aries,9.29,"uranus,chiron,saturn,neptune",0.0342,-0.7274,False,14.52
road bikes,full,Sagittarius,260.41,"chiron,node,saturn,neptune",0.0781,-7.4883,False,2.01
roadside assistance,full,Aries,18.45,"jupiter,node,venus,uranus",-0.0851,-5.5156,False,1.78
robotics,full,Virgo,172.06,"node,jupiter,pluto,saturn",-0.0957,-3.6659,False,8.53
rochester-finger lakes,full,Cancer,102.18,"jupiter,sun,mercury,venus",-6571472.0858,-0.5984,False,1.22
rock music,full,Leo,148.4,"saturn,jupiter,pluto,mars",-0.2184,-1.2173,False,1.33
rocky mountains,full,Virgo,177.1,"saturn,node,pluto,jupiter",0.3132,-1.5556,False,5.9
rodents,full,Cancer,102.67,"saturn,jupiter,mars,node",-0.2276,-1.5202,False,2.97
roleplaying games,full,Cancer,98.37,"mars,node,mercury,uranus",-0.7061,-3.07,False,14.73
roller skating,relaxed,Capricorn,289.12,"node,jupiter,uranus,chiron",0.2263,-2.4407,False,0.81
rollerblading,relaxed,Cancer,113.06,"saturn,jupiter,mars,pluto",-0.0614,-2.1195,False,0.57
rollerblading equipment,relaxed,Aries,27.65,"jupiter,uranus,node,chiron",-0.0677,1.0,False,0.0
rolls-royce,full,Aries,6.05,"node,uranus,chiron,mars",-0.8877,-7.892,False,15.96
romance,relaxed,Aquarius,306.02,"saturn,mars,pluto,uranus",0.0589,-0.1953,False,0.55
romance books,full,Taurus,35.81,"node,uranus,chiron,neptune",0.3516,-6.0148,False,11.67
romance films,full,Aquarius,320.82,"node,jupiter,uranus,chiron",-0.4866,-1.5136,False,3.66
romania,full,Aquarius,307.38,"uranus,chiron,node,neptune",0.2792,-1.5501,False,4.83
romantic getaways,full,Pisces,337.19,"saturn,chiron,sun,mercury",0.4025,-0.3924,False,7.72
rome,relaxed,Virgo,172.54,"saturn,node,pluto,chiron",0.054,-0.5676,False,0.92
rondonia,full,Libra,200.88,"saturn,pluto,node,neptune",0.083,-0.3875,False,1.27
roofing,full,Pisces,349.6,"chiron,uranus,mercury,sun",-0.2114,-4.9324,False,7.67
roommates,full,Virgo,178.89,"node,jupiter,sun,venus",-0.0075,-2.4367,False,2.81
rotterdam,full,Sagittarius,248.65,"node,uranus,mercury,chiron",-0.2386,-2.1909,False,1.66
royalty,full,Aries,24.17,"uranus,node,pluto,sun",-1.3296,-15.7872,False,10.2
rugby,full,Aquarius,328.27,"uranus,node,chiron,sun",-2.3908,-3.6282,False,2.47
rugs,full,Scorpio,239.34,"saturn,pluto,sun,mercury",0.3254,-3.9827,False,4.94
running,full,Aquarius,309.13,"saturn,pluto,node,chiron",-0.1721,-22.1457,False,1.62
russia,full,Capricorn,273.24,"node,mars,saturn,venus",0.2425,-5.6709,False,2.24
russian federation,full,Pisces,347.84,"chiron,uranus,jupiter,venus",-0.3117,-4.6933,False,2.34
russian southern district,relaxed,Capricorn,277.99,"saturn,uranus,jupiter,sun",1.0,-0.0323,False,17.4
rvs,full,Aries,2.9,"node,uranus,saturn,chiron",-0.1283,-1.7054,False,1.22
rwanda,full,Pisces,344.58,"chiron,node,neptune,uranus",0.188,-2.4054,False,11.09
saab,full,Capricorn,275.63,"jupiter,venus,sun,mercury",-0.0602,-0.1074,False,6.23
saarland,full,Aquarius,307.44,"node,uranus,sun,chiron",0.0222,-5.4432,False,5.23
sacramento valley,full,Taurus,39.69,"node,uranus,mars,sun",-0.0812,-0.9787,False,3.59
safety,full,Pisces,336.36,"uranus,jupiter,sun,mercury",-0.0554,-21.5547,False,5.09
saga,full,Scorpio,210.37,"node,pluto,chiron,neptune",-0.1171,-2.5108,False,2.42
saint kitts,relaxed,Gemini,85.28,"chiron,node,uranus,venus",0.2223,-0.3745,False,0.86
saint lucia,full,Taurus,39.25,"uranus,node,jupiter,chiron",0.0597,-1.0698,False,12.56
saint petersburg,full,Sagittarius,242.75,"saturn,node,pluto,neptune",0.3014,-3.6683,False,4.23
saint vincent,full,Pisces,333.09,"uranus,venus,sun,mercury",0.0114,-7.8511,False,3.73
saitama,full,Aries,18.19,"chiron,neptune,node,venus",0.4081,-0.1778,False,7.67
salads,relaxed,Leo,131.85,"node,jupiter,mercury,saturn",0.787,-1.8019,False,0.6
salerno,relaxed,Aquarius,303.91,"uranus,node,chiron,jupiter",-0.4756,-577.0127,False,0.43
sales,full,Aries,25.48,"chiron,neptune,mars,uranus",0.2072,-9.6513,False,5.82
salsa,full,Virgo,176.51,"node,saturn,jupiter,mercury",-4.0922,-0.0119,False,2.53
salt lake city,full,Capricorn,284.91,"node,chiron,uranus,neptune",0.058,-1.64,False,1.82
salvador,full,Sagittarius,260.65,"node,saturn,chiron,neptune",0.3886,-0.3207,False,3.02
salzburg,full,Virgo,156.74,"saturn,venus,mars,sun",0.0927,-0.666,False,5.31
same-sex marriage,relaxed,Scorpio,213.96,"node,saturn,pluto,chiron",0.0198,-3.3213,False,0.86
samples,full,Sagittarius,260.77,"saturn,pluto,chiron,neptune",-0.6417,-11.7039,False,3.52
san antonio,full,Virgo,155.58,"saturn,node,pluto,chiron",-0.1258,-1.0495,False,1.86
san diego,full,Leo,146.27,"saturn,jupiter,mars,node",-0.1855,-0.3008,False,1.93
san francisco bay area,full,Scorpio,238.23,"node,uranus,chiron,jupiter",0.0583,-0.0279,False,3.03
san joaquin valley,full,Aquarius,317.56,"saturn,jupiter,pluto,mars",0.4672,-0.0536,False,19.79
san marino,full,Virgo,160.28,"saturn,jupiter,sun,mercury",0.033,-0.3192,False,3.28
sandbox games,relaxed,Cancer,108.0,"jupiter,mercury,neptune,sun",-0.1167,-30.5004,False,0.77
santa catarina,full,Aquarius,302.45,"node,jupiter,uranus,chiron",-0.0497,-0.0438,False,3.59
santiago,full,Scorpio,217.68,"node,pluto,saturn,mars",0.2678,-0.0658,False,1.94
sao paulo,full,Pisces,332.18,"uranus,jupiter,node,sun",0.071,-0.2034,False,13.21
sao paulo (state),relaxed,Gemini,69.2,"jupiter,pluto,sun,mercury",-0.4098,-6.653,False,0.7
sapporo,full,Leo,149.26,"saturn,node,pluto,uranus",-0.0152,-0.7742,False,4.43
sardinia,full,Pisces,338.51,"jupiter,venus,sun,mercury",-0.3562,-1.2616,False,3.41
saskatchewan,relaxed,Leo,140.74,"saturn,jupiter,pluto,mars",-0.0447,0.3213,False,0.86
satellite providers,relaxed,Capricorn,277.99,"saturn,uranus,jupiter,sun",1.0,-0.4952,False,38.1
satire,full,Virgo,150.93,"saturn,jupiter,node,pluto",-0.1629,-15.3195,False,5.06
saturn,full,Sagittarius,246.09,"chiron,saturn,neptune,uranus",0.1149,-1.6717,False,14.1
saudi arabia,full,Pisces,353.98,"chiron,jupiter,mars,mercury",0.0819,-0.3126,False,14.26
saunas,full,Sagittarius,264.24,"uranus,node,venus,chiron",-0.004,-0.7838,False,4.64
savannah,full,Aquarius,321.92,"chiron,node,uranus,mars",0.2547,-1.4886,False,3.73
savings accounts,full,Aquarius,304.78,"saturn,jupiter,pluto,sun",-0.2437,-10.9763,False,11.61
saxony,full,Taurus,41.39,"jupiter,uranus,node,chiron",0.0129,-1.5301,False,9.42
scandals,relaxed,Leo,134.01,"saturn,jupiter,mars,pluto",-1.6018,-130953847489.7692,False,0.0
scanners,full,Sagittarius,268.95,"node,neptune,chiron,uranus",0.145,-0.1011,False,1.95
scheduling software,full,Pisces,339.27,"mars,venus,saturn,pluto",0.0286,-0.1345,False,6.44
schleswig-holstein,full,Sagittarius,264.84,"node,chiron,saturn,neptune",0.1407,0.1719,True,2.81
scholarships,full,Cancer,96.83,"chiron,uranus,neptune,pluto",0.2784,-0.5518,False,1.25
school supplies,full,Gemini,81.05,"saturn,jupiter,pluto,sun",0.3165,-21.9577,False,2.56
science,full,Pisces,333.19,"chiron,neptune,saturn,pluto",-0.8195,-4.7337,False,10.59
science fiction,full,Scorpio,222.55,"saturn,mars,pluto,neptune",-0.6651,-37.695,False,2.77
science shows,full,Scorpio,223.2,"saturn,mars,pluto,venus",-0.7981,-4.916,False,4.36
scientific equipment,full,Cancer,100.18,"node,uranus,venus,chiron",0.1357,0.0055,True,2.19
scientific institutions,relaxed,Aries,27.65,"jupiter,uranus,node,chiron",-0.1057,-0.1023,False,26.86
scientology,relaxed,Cancer,97.75,"saturn,jupiter,node,mars",-1.1255,-19.4893,False,0.24
scion,full,Virgo,156.33,"saturn,node,pluto,mars",-0.8571,-3.9684,False,1.14
scooter,full,Cancer,115.77,"saturn,jupiter,mars,pluto",0.0119,-5.217,False,1.53
scooters,full,Scorpio,220.37,"node,chiron,jupiter,pluto",0.3996,-0.4182,False,1.88
scotland,full,Libra,182.84,"saturn,mars,node,mercury",0.1459,-0.3011,False,6.53
screens,full,Pisces,355.2,"uranus,chiron,mars,pluto",0.4352,-12.08,False,3.13
screws,full,Capricorn,286.95,"saturn,chiron,node,neptune",0.2075,-1.0258,False,5.41
scripting languages,full,Aquarius,306.75,"saturn,jupiter,pluto,sun",0.0861,-0.0511,False,27.06
sculpture,full,Leo,149.24,"saturn,node,mars,neptune",0.164,-0.0138,False,2.02
seafood,full,Taurus,54.52,"node,uranus,chiron,jupiter",0.0922,-12.2318,False,6.18
seafood substitutes,relaxed,Gemini,83.22,"node,venus,uranus,chiron",0.0601,-29867716469.1434,False,0.0
search engine optimization,relaxed,Pisces,335.04,"chiron,uranus,sun,mercury",-18.9385,-12.2619,False,0.78
search engines,full,Scorpio,216.61,"saturn,pluto,mercury,neptune",-0.7875,-6.2188,False,4.21
seasonal events,full,Aries,11.53,"sun,venus,mercury,mars",-0.5498,-0.0194,False,4.55
seasonal jobs,full,Aquarius,326.05,"saturn,jupiter,node,sun",0.3329,-0.494,False,2.93
seat,full,Pisces,331.54,"jupiter,chiron,uranus,neptune",0.2367,-2.9863,False,5.57
seattle-tacoma,full,Pisces,337.38,"mars,node,uranus,chiron",0.0021,-0.0346,False,2.58
secondary schooling (k-12),relaxed,Sagittarius,267.47,"sun,chiron,pluto,neptune",-11700896.7908,1.0,False,0.0
security,full,Aquarius,328.57,"jupiter,venus,sun,mercury",-0.3302,-9.8864,False,5.62
security products,full,Aries,19.26,"chiron,uranus,neptune,node",-0.0236,-1.7647,False,2.84
security services,full,Pisces,353.27,"chiron,neptune,mars,saturn",0.1881,-3.7652,False,8.81
security systems,full,Pisces,331.98,"jupiter,node,uranus,chiron",-0.0242,-1.3335,False,3.25
sedans,full,Aries,15.09,"chiron,uranus,neptune,mars",-0.2384,-0.0778,False,6.25
seed,full,Gemini,70.42,"node,chiron,uranus,jupiter",0.0047,0.0429,True,5.84
self storage,full,Gemini,69.12,"jupiter,uranus,node,mars",0.0514,-1.7419,False,1.95
self-help,full,Taurus,35.46,"chiron,node,neptune,uranus",-0.3939,-14.6532,False,16.94
sendai,relaxed,Virgo,165.82,"saturn,pluto,neptune,sun",-0.5533,-0.0407,False,0.24
senegal,full,Sagittarius,255.07,"saturn,mars,chiron,pluto",0.1196,-0.121,False,12.29
seniors,full,Taurus,56.77,"jupiter,chiron,uranus,node",0.0526,-0.9402,False,5.57
seoul,full,Virgo,153.9,"saturn,node,mercury,sun",0.0022,-0.0075,False,9.37
separation,relaxed,Libra,202.13,"node,saturn,jupiter,mars",0.12,-0.0213,False,0.87
serbia,full,Virgo,150.48,"node,saturn,mars,jupiter",0.0072,-0.136,False,13.21
sergipe,full,Capricorn,279.89,"saturn,mars,chiron,pluto",-0.031,-0.8303,False,13.19
service clubs,full,Aquarius,326.58,"saturn,mercury,venus,uranus",-0.1486,-0.1124,False,24.42
service contracts,full,Pisces,359.51,"chiron,neptune,saturn,pluto",0.2175,-0.1071,False,3.84
service providers,full,Aries,15.98,"chiron,node,uranus,neptune",0.0922,-0.8247,False,6.19
services,full,Aries,20.32,"chiron,uranus,neptune,mars",0.3064,-3.5514,False,5.76
set-top boxes,relaxed,Libra,189.6,"jupiter,sun,mercury,venus",-239372325.9442,1.0,False,0.0
seville,full,Aquarius,311.23,"uranus,chiron,node,sun",0.1343,-0.9997,False,2.85
sex education,full,Capricorn,283.94,"saturn,jupiter,sun,pluto",0.182,-0.4371,False,6.47
sexual enhancement,full,Taurus,46.37,"node,chiron,uranus,neptune",-0.0244,-0.0751,False,15.03
sexually transmitted diseases,relaxed,Scorpio,210.61,"jupiter,venus,sun,mercury",0.0952,-2.6915,False,0.73
shaanxi,relaxed,Taurus,38.07,"chiron,node,neptune,uranus",0.1764,-0.3818,False,1.33
shakes,relaxed,Libra,205.03,"node,saturn,pluto,neptune",-0.1176,-0.3533,False,0.65
shampoos,full,Aries,15.75,"chiron,neptune,mercury,uranus",-0.4342,-25.1502,False,1.01
shandong,full,Cancer,116.33,"jupiter,node,uranus,chiron",0.005,-0.4673,False,1.45
shanghai,full,Pisces,339.49,"uranus,chiron,sun,mercury",-0.0252,-5.3446,False,2.69
shanxi,full,Virgo,158.49,"jupiter,node,uranus,chiron",-0.036,-0.6491,False,1.9
shares,full,Aries,27.28,"node,chiron,uranus,neptune",0.2185,-0.8283,False,11.1
shareware,full,Taurus,51.47,"node,jupiter,uranus,mars",-0.0927,-1.1846,False,11.88
shavers,full,Leo,129.63,"saturn,jupiter,pluto,chiron",0.0028,-1.0727,False,2.53
sheet music,relaxed,Cancer,118.79,"jupiter,node,saturn,venus",0.4399,-2.3281,False,0.94
sheffield,full,Capricorn,270.07,"jupiter,chiron,node,uranus",0.2822,-1.0898,False,7.48
shelving,full,Pisces,358.27,"chiron,uranus,neptune,pluto",0.3468,-4.3972,False,6.84
shenyang,full,Virgo,165.12,"jupiter,saturn,node,venus",-0.7917,-0.2631,False,2.31
shenzhen,full,Leo,125.6,"node,saturn,jupiter,uranus",-0.0458,-0.8698,False,1.45
shiga,full,Libra,199.66,"node,mars,saturn,pluto",0.0936,-1.9804,False,1.6
shikoku,full,Leo,124.65,"saturn,node,jupiter,pluto",0.2272,-0.9687,False,6.66
shimane,full,Taurus,44.81,"node,chiron,uranus,neptune",-0.0309,-0.1633,False,16.97
shipping,full,Sagittarius,261.05,"node,saturn,neptune,mars",0.0028,-1.2557,False,1.9
shirts,full,Pisces,346.27,"jupiter,node,chiron,uranus",0.4506,-0.5535,False,21.57
shizuoka,full,Gemini,82.1,"mars,mercury,saturn,node",0.2433,-0.5147,False,5.24
shooter games,full,Taurus,39.2,"node,chiron,uranus,neptune",0.2914,-0.34,False,3.2
shooting,full,Sagittarius,244.24,"chiron,saturn,neptune,node",-0.0656,-0.3433,False,3.49
shopping,full,Taurus,40.58,"uranus,chiron,neptune,jupiter",0.5751,0.1247,True,8.36
shopping hauls,full,Gemini,78.31,"node,uranus,jupiter,venus",0.5577,-1.4709,False,25.37
shopping portals,relaxed,Taurus,31.91,"node,jupiter,chiron,sun",-12911410558.8235,-1.1168,False,0.52
short-term loans,relaxed,Capricorn,277.99,"saturn,uranus,jupiter,sun",1.0,-0.0323,False,17.4
shorts,full,Aquarius,312.34,"jupiter,venus,sun,mercury",-0.735,-61.9488,False,9.06
show tunes,full,Aquarius,321.48,"node,saturn,chiron,mercury",-0.3167,-4.3727,False,2.03
siberian federal district,relaxed,Aquarius,310.18,"node,pluto,neptune,chiron",-283063744.5917,1.0,False,0.0
sichuan,relaxed,Libra,201.12,"pluto,chiron,neptune,uranus",-0.0283,-0.3459,False,0.67
sicily,full,Aquarius,320.39,"node,uranus,venus,chiron",-0.0378,-0.1096,False,10.12
sightseeing tours,full,Cancer,105.3,"node,uranus,chiron,neptune",0.0093,-0.1976,False,17.08
signage,full,Virgo,159.07,"saturn,mars,node,pluto",-1.2551,-6.7939,False,8.05
silent films,full,Virgo,160.63,"saturn,node,pluto,jupiter",0.4814,-0.4145,False,2.43
silicon valley,full,Leo,142.34,"jupiter,node,mars,uranus",0.2433,-0.0476,False,7.91
silly surveys,relaxed,Scorpio,239.01,"node,saturn,pluto,neptune",-3232882703.945,1.0,False,0.0
simulation games,full,Scorpio,222.04,"saturn,mars,pluto,node",0.0216,-11.2828,False,2.9
sinaloa,full,Sagittarius,245.65,"node,chiron,uranus,neptune",-0.2427,-1.7844,False,2.82
singapore,full,Scorpio,218.98,"chiron,pluto,node,neptune",-0.2023,-2.5254,False,4.76
skateboarding,relaxed,Leo,129.99,"saturn,jupiter,pluto,node",0.0473,-9.2435,False,0.66
skeptics,relaxed,Sagittarius,255.44,"uranus,node,chiron,jupiter",0.5364,-12.8489,False,0.75
ski resorts,full,Sagittarius,255.23,"saturn,mars,venus,sun",0.3993,-1.5691,False,23.97
skiing,full,Sagittarius,255.17,"pluto,saturn,chiron,jupiter",0.1582,-0.5902,False,3.48
skiing equipment,full,Scorpio,237.56,"mars,venus,sun,mercury",0.295,-0.151,False,5.32
skin,full,Aries,15.54,"chiron,uranus,neptune,mars",-0.2075,-4.384,False,5.16
skin conditions,full,Gemini,60.43,"chiron,uranus,neptune,venus",0.3309,-0.429,False,3.84
skins,full,Sagittarius,246.24,"node,saturn,uranus,mercury",0.5401,-1.642,False,1.53
skirts,relaxed,Cancer,117.86,"saturn,node,pluto,chiron",-0.509,-2.5829,False,0.54
skoda,full,Aquarius,329.91,"saturn,neptune,chiron,mercury",-0.2394,-0.3414,False,11.58
sleep disorders,full,Gemini,81.58,"jupiter,uranus,chiron,neptune",0.1041,-1.2784,False,8.71
sleepwear,full,Aries,20.87,"node,uranus,chiron,neptune",-0.2034,-0.0248,False,20.92
slovakia,full,Leo,141.83,"saturn,jupiter,mars,pluto",0.0363,-0.1023,False,7.24
slovenia,full,Leo,132.15,"saturn,mars,jupiter,venus",0.3768,-0.0893,False,5.67
small business,full,Taurus,33.13,"uranus,chiron,node,neptune",-2.2244,-14.2337,False,5.57
small kitchen appliances,full,Aquarius,322.84,"mercury,node,saturn,sun",-2.8324,-5.2933,False,1.3
smart phones,full,Cancer,101.29,"jupiter,node,mercury,uranus",0.2181,-76.5477,False,1.58
smart watches,full,Aries,15.66,"uranus,chiron,node,pluto",0.4061,0.4329,True,12.61
smoking,relaxed,Sagittarius,261.01,"node,chiron,uranus,neptune",-0.0599,-10.2162,False,0.96
smoking cessation,full,Aries,5.66,"chiron,neptune,uranus,saturn",0.4161,-2.6437,False,6.72
snack foods,full,Capricorn,287.95,"saturn,jupiter,pluto,sun",0.1497,-1.1845,False,13.51
snowboarding,full,Leo,147.03,"saturn,pluto,jupiter,chiron",0.0147,-0.0571,False,1.4
snowboarding gear,full,Sagittarius,256.94,"sun,chiron,neptune,mercury",0.5794,0.6072,True,6.45
soccer,full,Virgo,170.41,"chiron,jupiter,pluto,uranus",-0.2716,-1.8921,False,1.36
soccer equipment,full,Gemini,70.91,"node,uranus,venus,chiron",0.2632,-4.3462,False,5.37
social bookmarking,relaxed,Pisces,349.91,"jupiter,venus,saturn,chiron",-0.0067,-1.4767,False,0.77
social issues,full,Aries,0.81,"mars,chiron,venus,mercury",0.0614,-0.8983,False,14.78
social media marketing,full,Taurus,39.04,"chiron,mars,uranus,neptune",0.1865,-7.7976,False,14.52
social network apps,full,Capricorn,281.31,"saturn,jupiter,pluto,sun",0.145,-0.2135,False,15.06
social networks,full,Libra,196.57,"node,jupiter,saturn,mars",-0.1531,-1.1065,False,15.01
social sciences,full,Taurus,38.18,"uranus,chiron,node,neptune",-0.2424,-3.6012,False,7.33
social services,full,Capricorn,282.37,"mars,venus,sun,mercury",-0.4999,-6.992,False,6.37
socially responsible investing,relaxed,Capricorn,277.99,"saturn,uranus,jupiter,sun",1.0,-0.0323,False,17.4
society,full,Virgo,156.19,"saturn,mars,pluto,node",0.036,-3.9418,False,1.84
socks,full,Taurus,40.47,"node,jupiter,uranus,mars",0.0038,-2.1585,False,7.7
sofas,full,Pisces,352.39,"chiron,uranus,sun,mercury",0.4371,-4.8202,False,3.72
sofia,full,Sagittarius,245.83,"saturn,mars,pluto,neptune",-0.52,-4.8217,False,2.55
soft drinks,full,Pisces,358.11,"jupiter,chiron,mars,mercury",0.5185,-1.2368,False,9.03
softball equipment,full,Pisces,341.23,"saturn,mars,mercury,uranus",-0.0788,-0.0995,False,25.32
software,full,Aries,11.89,"chiron,uranus,venus,mars",-0.0539,-1.2859,False,3.53
software utilities,full,Aries,29.46,"node,venus,chiron,neptune",-0.1188,-1.2602,False,19.37
solar power,full,Pisces,344.14,"chiron,jupiter,mars,neptune",-0.0473,-0.8146,False,1.82
somalia,full,Leo,132.61,"saturn,node,pluto,uranus",-0.0059,-0.0337,False,3.2
song lyrics,full,Capricorn,290.33,"node,saturn,chiron,neptune",-0.2856,-0.4447,False,1.57
sony playstation,full,Aquarius,327.81,"uranus,chiron,mars,sun",0.0966,-18.0339,False,1.9
sororities,full,Virgo,156.63,"node,saturn,pluto,mercury",0.2152,-0.9037,False,1.89
soul,full,Virgo,158.32,"saturn,jupiter,pluto,mars",-0.9597,-0.036,False,2.3
sound,full,Pisces,334.51,"chiron,uranus,jupiter,neptune",0.6725,-21.6093,False,4.19
sound libraries,full,Taurus,42.37,"mercury,node,pluto,jupiter",-0.2727,-1.3531,False,2.59
soundtracks,relaxed,Virgo,156.18,"saturn,node,jupiter,pluto",0.6977,-2.8572,False,0.61
soups,full,Sagittarius,259.14,"saturn,chiron,mars,neptune",0.3728,-1.3463,False,11.38
south (usa),full,Scorpio,238.51,"chiron,uranus,pluto,sun",-0.0735,-0.1312,False,5.85
south africa,full,Pisces,338.47,"jupiter,mercury,chiron,neptune",0.0377,-0.4145,False,5.41
south america,relaxed,Libra,193.19,"jupiter,node,saturn,mars",-3.9626,-1.8763,False,0.43
south asia,full,Aries,13.98,"uranus,node,jupiter,pluto",0.1034,-0.261,False,10.37
south asian cuisine,full,Aquarius,314.3,"uranus,chiron,neptune,jupiter",0.0095,-0.1386,False,2.64
south asian film,full,Gemini,60.55,"node,saturn,chiron,neptune",-0.1445,-1.5658,False,1.84
south asian music,full,Taurus,43.12,"node,uranus,jupiter,neptune",-0.1797,-1.3621,False,4.91
south asians,relaxed,Virgo,172.33,"saturn,node,jupiter,sun",-0.2567,-0.0769,False,0.75
south australia,full,Virgo,172.3,"saturn,node,jupiter,sun",0.341,-0.1038,False,16.24
south brazil,full,Gemini,60.56,"sun,saturn,jupiter,mercury",0.1035,-0.0895,False,17.18
south carolina,relaxed,Cancer,101.88,"saturn,jupiter,pluto,sun",-28145003.1824,-0.0374,False,0.66
south central china,full,Sagittarius,266.94,"saturn,jupiter,sun,mercury",0.3162,-1.2187,False,3.6
south chungcheong,relaxed,Cancer,106.52,"saturn,pluto,sun,mercury",1.0,1.0,False,0.0
south dakota,full,Capricorn,284.05,"chiron,node,neptune,saturn",-0.0132,-0.1041,False,14.37
south east england,full,Aquarius,325.89,"venus,mars,jupiter,saturn",0.1241,-0.0035,False,4.35
south east france,full,Pisces,334.27,"jupiter,uranus,mars,sun",-0.0086,-0.0104,False,1.91
south gyeongsang,relaxed,Aries,27.65,"jupiter,uranus,node,chiron",-0.0333,1.0,False,0.0
south holland,relaxed,Sagittarius,260.31,"node,pluto,sun,mercury",0.0058,-5.7182,False,0.73
south india,full,Aries,19.77,"chiron,node,uranus,neptune",0.0791,-0.0147,False,5.37
south jeolla,relaxed,Taurus,39.69,"jupiter,sun,mercury,venus",-0.0076,-92931742165.6092,False,0.0
south korea,full,Aries,6.42,"jupiter,chiron,mercury,neptune",0.331,-0.3739,False,14.01
south west england,full,Taurus,45.68,"node,uranus,chiron,venus",0.0274,-2.8704,False,6.85
south west france,full,Taurus,45.31,"venus,node,uranus,chiron",0.0192,-0.8399,False,30.47
southeast asia,full,Pisces,354.57,"chiron,uranus,venus,sun",-0.1176,-2.1827,False,8.7
southeast asian cuisine,relaxed,Aquarius,312.46,"chiron,pluto,neptune,uranus",-48097184.9308,-0.0309,False,0.35
southeast asian music,full,Aries,28.4,"node,sun,chiron,jupiter",-0.3362,-0.0622,False,9.85
southeast asians,relaxed,Aries,27.65,"jupiter,uranus,node,chiron",-1.6051,-0.2559,False,27.18
southeast brazil,relaxed,Aries,27.65,"jupiter,uranus,node,chiron",-0.0333,-0.0654,False,21.51
southeast china,full,Aquarius,305.73,"saturn,pluto,sun,mercury",-0.1885,-0.512,False,4.84
southeastern anatolia,relaxed,Scorpio,222.62,"saturn,pluto,sun,mercury",-345459361.4185,1.0,False,0.0
southeastern europe,relaxed,Capricorn,293.82,"sun,uranus,chiron,pluto",0.0388,-665721907.1421,False,0.0
southern africa,full,Leo,120.62,"node,jupiter,uranus,chiron",-0.0005,-5.3204,False,8.87
southern california,full,Virgo,158.11,"saturn,node,jupiter,pluto",0.1205,-0.7222,False,3.1
southern florida,full,Libra,200.57,"node,saturn,venus,pluto",-1.7831,-0.8072,False,1.1
southern thailand,full,Taurus,36.19,"chiron,saturn,neptune,pluto",0.1573,-1.6953,False,2.37
southwest (usa),full,Aquarius,311.01,"saturn,jupiter,venus,sun",0.2114,-1.2583,False,2.69
southwest china,full,Taurus,45.79,"saturn,mercury,node,jupiter",-0.1792,-1.8277,False,3.83
southwestern ontario,full,Capricorn,276.16,"saturn,jupiter,sun,mercury",0.0336,-0.1025,False,16.64
space technology,full,Leo,146.63,"saturn,jupiter,mars,node",0.083,-0.7449,False,3.68
spain,full,Leo,149.2,"saturn,mars,node,pluto",0.1894,-0.2684,False,6.48
spanish cuisine,full,Taurus,51.42,"node,uranus,chiron,neptune",-0.2697,-0.3447,False,15.2
spas,full,Aquarius,303.58,"node,chiron,neptune,uranus",0.3564,-10.6371,False,1.01
speakers,relaxed,Libra,205.66,"node,saturn,mars,venus",-2.4841,-7.7852,False,0.61
special,full,Capricorn,299.35,"node,chiron,uranus,jupiter",-0.4448,-0.4767,False,3.73
special education,full,Taurus,40.66,"jupiter,saturn,pluto,uranus",-0.1619,-2.9678,False,1.35
special event items,relaxed,Aquarius,311.3,"node,chiron,neptune,uranus",0.0049,-108450810.726,False,0.0
special needs,relaxed,Virgo,164.64,"saturn,pluto,jupiter,chiron",-0.3619,-4.6764,False,0.92
special occasions,full,Virgo,173.64,"saturn,node,pluto,neptune",-0.1171,-0.8805,False,7.02
specialty foods,relaxed,Capricorn,277.99,"saturn,uranus,jupiter,sun",1.0,-0.0582,False,18.92
specialty travel,full,Libra,200.71,"jupiter,uranus,sun,mercury",-964965349.1503,-0.0995,False,25.56
spices,full,Gemini,64.07,"chiron,node,neptune,mars",-0.2568,-8.5799,False,3.76
spirituality,full,Aries,2.2,"chiron,mars,venus,neptune",-0.4048,-8.0736,False,9.77
spoofs,relaxed,Cancer,119.97,"saturn,node,jupiter,pluto",-0.6437,-3.1994,False,0.24
sport scores,full,Capricorn,298.07,"node,chiron,uranus,saturn",0.0098,-0.0439,False,21.55
sport wrestling,relaxed,Cancer,118.19,"saturn,jupiter,node,pluto",-0.5975,-4.65,False,0.78
sporting goods,full,Virgo,177.72,"saturn,node,pluto,sun",0.039,-0.6477,False,3.66
sports,full,Aquarius,304.89,"node,saturn,uranus,pluto",0.0886,-0.9966,False,9.5
sports cars,full,Leo,122.2,"saturn,jupiter,node,mars",0.2707,-0.4301,False,2.52
sports coaching,full,Taurus,49.37,"jupiter,uranus,chiron,node",0.1532,0.0303,True,1.43
sports drinks,full,Aquarius,307.26,"saturn,pluto,mercury,neptune",0.0419,-1.2385,False,5.55
sports games,full,Virgo,156.41,"saturn,jupiter,pluto,venus",-0.0588,-1.0402,False,5.69
sports highlights videos,full,Aries,9.24,"node,jupiter,uranus,chiron",-0.042,-0.0968,False,2.61
sports management games,full,Scorpio,236.66,"jupiter,node,saturn,pluto",-5038455749.1475,-0.1276,False,3.5
sports memorabilia,full,Gemini,68.27,"node,uranus,saturn,chiron",0.0913,-16.428,False,2.93
sports news,full,Pisces,341.69,"node,chiron,neptune,saturn",0.275,-0.8149,False,14.22
spreadsheet software,full,Capricorn,292.79,"saturn,node,pluto,jupiter",-0.0373,-3.4521,False,5.11
squash,full,Pisces,331.78,"uranus,saturn,neptune,jupiter",0.2238,-0.8445,False,6.78
sri lanka,full,Aries,11.78,"node,chiron,neptune,saturn",0.2655,-2.2589,False,14.35
staffing,full,Taurus,38.09,"chiron,uranus,node,neptune",-0.0657,-0.978,False,10.8
standardized,full,Virgo,155.72,"node,jupiter,mars,venus",-0.5123,-3.1519,False,1.07
state,full,Virgo,157.05,"saturn,venus,mars,pluto",0.0953,-0.4385,False,1.58
station wagons,full,Gemini,77.2,"node,uranus,chiron,neptune",-0.0235,-2.4803,False,3.4
stationery,full,Aquarius,324.34,"saturn,jupiter,neptune,pluto",0.6264,-2.7284,False,17.97
stations,full,Aquarius,319.13,"sun,uranus,venus,neptune",0.3114,-0.1136,False,4.39
statistics,full,Pisces,350.94,"chiron,jupiter,pluto,uranus",0.317,-2.1739,False,13.74
stereo systems,relaxed,Leo,148.69,"saturn,pluto,chiron,neptune",0.1523,-0.1167,False,0.67
steroids,full,Libra,201.17,"node,uranus,chiron,neptune",-0.5414,-0.1177,False,2.09
stews,relaxed,Virgo,155.56,"saturn,pluto,chiron,neptune",-0.0383,-1.4041,False,0.69
stock photography,full,Sagittarius,264.38,"saturn,pluto,mars,sun",0.2364,-1.4627,False,13.91
stockholm,relaxed,Leo,123.16,"saturn,jupiter,node,pluto",0.0582,-32.1591,False,0.6
stocks,full,Pisces,350.52,"node,chiron,saturn,pluto",-2.8071,-0.2669,False,8.72
storage,full,Aries,14.74,"chiron,uranus,jupiter,neptune",-1.3983,-0.0182,False,5.82
stoves,full,Capricorn,276.5,"saturn,jupiter,sun,pluto",0.0789,-16.8041,False,1.74
strasbourg,full,Leo,122.46,"saturn,mars,node,jupiter",0.0999,-0.2383,False,6.64
strategic planning,full,Libra,203.87,"saturn,mars,pluto,neptune",-0.5787,-3.5502,False,3.58
strategy games,full,Virgo,179.54,"node,saturn,jupiter,pluto",0.0368,-0.3064,False,2.56
street food,full,Taurus,34.83,"chiron,uranus,node,neptune",0.7554,-0.4942,False,5.61
strength training equipment,full,Taurus,39.71,"node,chiron,uranus,venus",-1.6504,-3.4239,False,16.03
stress,full,Aquarius,320.02,"node,uranus,sun,mercury",0.4778,-112.8943,False,2.11
student loans,full,Leo,120.61,"node,jupiter,uranus,chiron",0.0397,-3.0535,False,8.47
student societies,relaxed,Aries,27.65,"jupiter,uranus,node,chiron",-0.0333,-0.0991,False,25.61
studio photography,full,Aquarius,327.33,"chiron,venus,pluto,mars",-1.49,-0.6018,False,7.77
study abroad,full,Taurus,38.36,"chiron,uranus,neptune,pluto",0.3204,-5.5526,False,6.87
study grants,full,Capricorn,281.71,"node,uranus,chiron,neptune",-0.009,-0.0162,False,3.23
stuffed toys,full,Aries,3.9,"chiron,neptune,uranus,saturn",-0.0686,-0.4666,False,8.9
stuttgart,full,Capricorn,275.17,"node,chiron,uranus,neptune",0.0212,0.0489,True,3.72
style,relaxed,Libra,200.94,"jupiter,node,sun,mercury",-63.4958,-64.6734,False,0.17
styling products,full,Cancer,107.21,"node,jupiter,uranus,mars",-0.6039,-0.8193,False,6.75
styling services,relaxed,Scorpio,231.8,"jupiter,node,saturn,pluto",-1362914954.933,1.0,False,0.0
styria,relaxed,Taurus,32.53,"mars,uranus,chiron,neptune",-0.0268,-714302557076.75,False,0.0
subaru,full,Leo,143.35,"saturn,jupiter,pluto,node",-0.0389,0.3291,True,2.05
subcompacts,relaxed,Gemini,74.07,"jupiter,uranus,neptune,pluto",0.0753,-287335577163.6896,False,0.0
subcultures,full,Cancer,95.32,"jupiter,node,mars,uranus",0.102,-1.279,False,6.16
substance abuse,full,Libra,200.39,"node,saturn,mars,pluto",-0.218,-7.2945,False,2.6
sudan,full,Capricorn,278.41,"chiron,uranus,neptune,pluto",-0.3636,-0.7302,False,8.11
suits,full,Scorpio,232.87,"saturn,mars,pluto,neptune",-2.3345,-12.2918,False,2.45
sulawesi,full,Gemini,70.93,"chiron,uranus,node,neptune",-0.2181,-1.5056,False,3.3
sumatra,full,Gemini,73.13,"saturn,pluto,neptune,node",0.1684,-1.2496,False,3.92
sun care products,full,Taurus,38.84,"jupiter,node,mars,uranus",0.1777,-1.3826,False,4.23
sunglasses,full,Cancer,119.37,"saturn,jupiter,node,mars",-0.1368,-0.1532,False,2.84
superhero films,full,Cancer,97.9,"node,jupiter,chiron,mercury",-0.2221,-0.0656,False,21.94
supplements,full,Aries,6.1,"chiron,mars,neptune,uranus",-0.5933,-4.8022,False,7.69
supplies,full,Cancer,102.52,"node,jupiter,mercury,venus",0.596,-6.3309,False,2.68
supply chain management,full,Pisces,351.95,"chiron,mars,venus,neptune",-0.303,-9.2574,False,5.53
surf,full,Leo,126.77,"saturn,jupiter,pluto,mars",-0.1342,-28.6636,False,1.75
surfing,full,Leo,130.92,"saturn,jupiter,pluto,mercury",0.0847,-5.1081,False,1.08
surgery,full,Aquarius,307.87,"saturn,node,neptune,chiron",0.3025,-0.2795,False,4.4
suriname,full,Pisces,330.54,"uranus,node,pluto,chiron",0.0086,-0.2285,False,4.7
surveys,full,Scorpio,213.24,"node,saturn,pluto,neptune",0.5291,-0.5788,False,1.32
sustainable fashion,full,Capricorn,278.42,"saturn,jupiter,pluto,sun",0.6056,-4.9151,False,15.25
suvs,full,Aries,19.28,"chiron,node,uranus,neptune",0.2274,-1.0416,False,3.81
suzuki,full,Cancer,115.89,"saturn,jupiter,node,uranus",-0.0318,-0.3175,False,2.49
swap meets,full,Taurus,34.11,"mars,node,uranus,chiron",0.0143,-3.503,False,7.35
sweden,full,Virgo,154.55,"saturn,node,mars,pluto",-0.0227,0.0885,True,1.68
sweepstakes,full,Pisces,340.98,"jupiter,uranus,chiron,sun",0.0605,-4.3513,False,3.14
sweets,full,Capricorn,270.14,"saturn,jupiter,node,chiron",0.2881,-2.8936,False,6.1
swim,full,Aries,9.05,"node,pluto,chiron,neptune",0.0638,-3.4699,False,2.87
swimming,full,Scorpio,216.55,"saturn,pluto,node,chiron",-0.2001,-0.4315,False,6.74
swimwear,full,Virgo,166.72,"saturn,node,pluto,jupiter",-0.1104,-0.1641,False,5.54
switzerland,full,Taurus,49.86,"sun,mercury,node,neptune",0.2429,-0.3663,False,12.95
sydney,full,Aquarius,326.27,"node,jupiter,uranus,venus",0.3349,-0.348,False,6.23
symbian os,full,Sagittarius,250.9,"node,chiron,neptune,uranus",0.0964,-2.3777,False,2.16
syria,full,Libra,184.26,"node,jupiter,saturn,mars",0.1732,-0.0766,False,5.1
t-shirts,full,Cancer,119.88,"saturn,mars,mercury,sun",0.3326,-0.3671,False,2.42
table games,full,Cancer,108.69,"node,mars,jupiter,sun",0.2355,-1.2881,False,7.62
table tennis,full,Leo,141.02,"pluto,chiron,neptune,mars",0.1661,-1.3942,False,2.67
table tennis equipment,full,Aries,22.3,"node,uranus,chiron,neptune",0.071,-0.2816,False,4.88
tablet pcs,full,Aries,28.71,"chiron,node,neptune,uranus",-0.0463,-0.0527,False,27.39
tabloid news,full,Taurus,30.82,"saturn,sun,mercury,venus",-0.0475,-0.2251,False,1.21
tabs,full,Taurus,53.11,"node,saturn,mars,pluto",-0.0582,-13.6633,False,2.22
tack,full,Sagittarius,261.04,"chiron,node,neptune,uranus",-0.2536,-0.0919,False,12.38
taekwondo,relaxed,Virgo,171.2,"pluto,chiron,neptune,node",-0.1061,-0.9921,False,0.77
tahiti,relaxed,Leo,140.59,"node,saturn,pluto,chiron",0.1935,-5.3554,False,0.39
tai chi,relaxed,Scorpio,230.73,"uranus,chiron,sun,mercury",0.1558,-102.8605,False,0.86
taichung,full,Scorpio,239.89,"saturn,mars,chiron,neptune",-0.1806,-3.719,False,4.48
tainan,full,Taurus,50.86,"saturn,mars,jupiter,node",-0.2618,-0.4335,False,11.41
taipei,full,Libra,190.16,"node,jupiter,mars,venus",0.1652,-0.2361,False,14.42
taiwan,full,Sagittarius,257.08,"uranus,node,jupiter,venus",-0.0073,-0.1375,False,4.57
tajikistan,full,Pisces,350.76,"node,jupiter,chiron,neptune",0.038,-0.1541,False,8.26
talk radio,full,Scorpio,212.75,"node,venus,mercury,sun",-1.4963,-18.3725,False,2.14
tallahassee,full,Virgo,150.84,"saturn,node,pluto,chiron",0.0819,-0.3172,False,5.77
tamaulipas,full,Sagittarius,242.59,"jupiter,node,uranus,chiron",-0.0617,-0.5482,False,6.68
tamil nadu,full,Aquarius,311.69,"saturn,pluto,jupiter,mars",-0.2272,-0.1338,False,4.25
tampa bay area,full,Aquarius,320.73,"saturn,pluto,neptune,chiron",-0.2482,-0.1781,False,5.87
tanning,full,Leo,145.88,"saturn,mars,node,pluto",-0.0763,-0.4159,False,6.61
tanzania,full,Pisces,358.63,"chiron,jupiter,neptune,sun",0.091,-0.6235,False,8.93
tasmania,full,Capricorn,289.5,"node,saturn,chiron,neptune",0.222,-1.5248,False,6.46
tax preparation,full,Pisces,333.88,"mars,chiron,saturn,neptune",-0.5398,-1.2574,False,6.37
taxi,relaxed,Leo,124.46,"node,saturn,jupiter,pluto",-1.1628,-116.5039,False,0.59
tea,full,Capricorn,286.7,"jupiter,saturn,uranus,pluto",0.2116,-1.5274,False,4.34
teaching,full,Pisces,354.4,"chiron,neptune,uranus,node",0.0879,-0.1596,False,3.77
team sports,full,Sagittarius,248.18,"uranus,jupiter,venus,node",-0.0422,-0.3962,False,5.17
technical jobs,full,Aquarius,311.92,"saturn,jupiter,node,sun",0.5093,-2.6456,False,7.7
technical reference,relaxed,Taurus,55.96,"node,chiron,pluto,neptune",-0.0,-0.4796,False,0.9
technical support,full,Aries,10.04,"chiron,node,neptune,uranus",0.316,-7.8569,False,8.17
technology,full,Virgo,172.12,"saturn,node,pluto,chiron",-0.0618,-0.5927,False,4.97
technology news,full,Aries,14.32,"uranus,chiron,neptune,mars",0.0442,-1.5756,False,4.4
tehran,full,Aquarius,313.94,"node,uranus,jupiter,chiron",0.3034,-0.1241,False,3.48
tel aviv,full,Pisces,343.61,"uranus,jupiter,sun,mercury",-0.5046,-0.2915,False,16.76
telangana,full,Capricorn,289.87,"node,uranus,chiron,saturn",0.0477,-1.6391,False,12.98
telecom,full,Leo,126.09,"saturn,jupiter,node,mars",0.0285,-3.2943,False,1.32
teleconferencing,full,Pisces,358.62,"chiron,neptune,saturn,pluto",0.1738,-0.2941,False,3.77
telemarketing,full,Aquarius,315.21,"uranus,chiron,node,sun",-1.7137,-0.8264,False,2.51
telescopes,full,Cancer,117.39,"node,saturn,mars,jupiter",0.1128,-6.78,False,1.11
televisions,full,Scorpio,230.14,"saturn,mars,chiron,pluto",0.2256,-1.7555,False,2.96
templates,full,Scorpio,226.14,"saturn,mars,pluto,neptune",-0.8704,-10.5693,False,2.97
temporary,full,Capricorn,290.47,"jupiter,uranus,sun,mercury",0.1189,-2.2292,False,3.39
tennessee,full,Leo,121.09,"saturn,node,mercury,uranus",-0.0881,-3.1276,False,6.28
tennis,full,Sagittarius,257.56,"uranus,node,chiron,sun",-0.9888,-4.5303,False,2.27
tennis equipment,full,Capricorn,290.34,"node,uranus,saturn,chiron",-0.0268,-3.9969,False,6.41
tesla motors,full,Virgo,162.99,"jupiter,saturn,node,mars",0.0687,-0.1266,False,3.29
texas,full,Virgo,150.94,"saturn,node,pluto,jupiter",-0.0628,-1.254,False,5.72
text,full,Sagittarius,251.49,"saturn,node,pluto,mars",-1.3295,-4.3858,False,5.33
textile arts,full,Aquarius,317.17,"saturn,mars,pluto,chiron",-0.5277,-0.4826,False,28.8
textiles,full,Pisces,355.99,"chiron,saturn,uranus,neptune",-2.2218,-9.5684,False,9.66
thai cuisine,full,Aquarius,306.58,"saturn,mars,pluto,chiron",0.5765,-0.6322,False,5.92
thailand,full,Sagittarius,252.63,"mars,venus,mercury,sun",0.1853,-1.5603,False,5.99
thanksgiving,full,Libra,201.31,"sun,mercury,venus,saturn",0.3558,0.5418,True,15.35
theater,full,Virgo,152.65,"saturn,node,jupiter,pluto",-0.0467,0.0581,True,1.46
theater showtimes,full,Scorpio,225.47,"venus,jupiter,node,mercury",-1.1159,-0.1965,False,1.54
theme parks,full,Leo,138.57,"jupiter,saturn,node,pluto",-0.0152,-1.0576,False,4.67
themes,full,Scorpio,216.03,"node,chiron,uranus,neptune",0.1046,-9.7397,False,1.36
theology,full,Aquarius,313.62,"venus,sun,mercury,jupiter",0.164,-4.4239,False,10.41
theory,full,Virgo,165.32,"saturn,node,pluto,mars",-1.5142,-0.7326,False,4.11
thrift stores,full,Aries,7.47,"chiron,neptune,mars,saturn",0.3267,-0.403,False,5.51
thriller,relaxed,Leo,127.46,"saturn,sun,pluto,mercury",-0.1007,-0.5644,False,0.61
throat,full,Capricorn,270.46,"node,jupiter,chiron,saturn",0.2915,0.2886,True,1.4
thuringia,full,Cancer,113.96,"saturn,uranus,venus,chiron",-0.1365,0.0026,True,1.32
thyroid conditions,relaxed,Scorpio,228.97,"chiron,neptune,uranus,jupiter",-115606575.4332,-0.0323,False,0.52
tianjin,relaxed,Scorpio,228.09,"saturn,pluto,sun,mercury",0.0334,-2.155,False,0.54
tibet,full,Virgo,160.0,"saturn,jupiter,node,mars",-0.5998,-0.5549,False,1.42
tijuana,full,Virgo,169.69,"saturn,uranus,sun,mercury",-0.5178,0.0022,True,3.81
tile games,full,Aquarius,311.78,"saturn,pluto,neptune,sun",0.3247,-0.2911,False,7.31
time,relaxed,Virgo,167.45,"saturn,pluto,chiron,neptune",-0.5557,-4.1822,False,0.68
timeshares,full,Aquarius,311.2,"jupiter,node,saturn,uranus",0.0876,-0.3319,False,10.06
tiny home movement,full,Pisces,338.78,"chiron,uranus,sun,mercury",0.059,-0.0625,False,2.0
tires,full,Pisces,342.74,"uranus,chiron,venus,sun",-1.05,-8.6837,False,1.75
toaster ovens,full,Taurus,37.21,"node,jupiter,sun,mercury",-0.6806,-0.6675,False,27.75
toasters,full,Leo,130.77,"saturn,jupiter,node,pluto",-2.2379,-0.2556,False,1.58
tobago,full,Leo,129.78,"saturn,jupiter,node,venus",0.0639,-0.0941,False,2.16
tocantins,full,Aquarius,301.03,"saturn,pluto,uranus,chiron",0.1322,-4.443,False,1.03
tochigi,full,Taurus,33.84,"node,chiron,neptune,jupiter",0.0795,-3.6513,False,5.64
toddler toys,full,Taurus,59.34,"node,uranus,chiron,neptune",0.1019,-5.925,False,9.2
toddlers,full,Aries,25.5,"jupiter,uranus,chiron,node",0.6791,-0.8332,False,6.28
tohoku,full,Virgo,163.95,"saturn,pluto,neptune,node",-0.0555,-0.4664,False,2.83
toiletries,full,Aries,6.58,"chiron,neptune,sun,uranus",0.2244,-0.7202,False,6.49
tokushima,full,Pisces,341.04,"saturn,jupiter,pluto,mars",0.0445,-3.3664,False,4.64
tokyo,full,Aquarius,328.29,"node,uranus,jupiter,saturn",0.0425,-59.6178,False,2.04
toner,full,Capricorn,290.34,"saturn,pluto,sun,mercury",-0.0991,-1.7839,False,6.1
toothbrushes,full,Capricorn,296.49,"saturn,jupiter,pluto,neptune",0.195,-0.6614,False,7.14
toothpaste,full,Cancer,104.46,"node,saturn,mars,uranus",0.6955,-0.9135,False,3.96
tops,full,Taurus,42.99,"uranus,chiron,mercury,neptune",-0.1653,-21.0446,False,2.46
tottori,full,Taurus,47.1,"node,chiron,mars,uranus",-0.404,-1.1973,False,20.72
toulouse,full,Libra,197.4,"node,chiron,pluto,neptune",-0.1008,-0.4629,False,3.86
tourist boards,relaxed,Aquarius,323.85,"chiron,sun,mercury,venus",0.0291,-6443149.252,False,0.0
tourist destinations,full,Taurus,55.67,"chiron,uranus,mars,neptune",0.0685,-0.0258,False,12.37
towing,full,Pisces,341.64,"chiron,uranus,venus,pluto",-0.1461,-0.8439,False,2.92
townhomes,full,Taurus,37.63,"jupiter,node,uranus,mars",-1.9103,-1.1115,False,3.16
toxic substances,full,Capricorn,295.84,"saturn,jupiter,pluto,neptune",0.0325,-0.2086,False,27.67
toy vehicles,full,Taurus,57.37,"node,chiron,jupiter,saturn",-0.4427,-24.3689,False,8.3
toy weapons,full,Capricorn,295.35,"node,chiron,saturn,pluto",-0.0525,-19.2506,False,1.5
toyama,full,Pisces,353.35,"node,chiron,pluto,uranus",0.6186,-2.4839,False,10.64
toyota,full,Pisces,340.01,"node,uranus,chiron,neptune",0.3548,-0.0201,False,3.04
toys,full,Gemini,84.54,"node,uranus,chiron,venus",0.4669,-0.0877,False,3.88
track,full,Capricorn,271.48,"saturn,node,pluto,neptune",0.0516,-2.8715,False,2.57
tracking,full,Pisces,355.88,"chiron,neptune,mars,uranus",-0.5669,-1.6467,False,8.98
trade fairs,full,Aquarius,308.17,"node,jupiter,uranus,sun",0.0486,0.1132,True,2.52
traditional music,full,Virgo,166.76,"node,saturn,jupiter,pluto",0.4971,-0.6693,False,2.66
traffic,full,Leo,140.85,"saturn,jupiter,node,pluto",-0.2099,-5.8395,False,1.78
traffic safety,full,Libra,203.48,"saturn,node,mars,pluto",-0.6375,-2.4701,False,2.42
trailers,relaxed,Libra,190.78,"node,saturn,jupiter,uranus",0.6487,-1.4358,False,0.66
training,full,Sagittarius,243.82,"node,chiron,saturn,neptune",-0.3476,-2.8811,False,2.3
transgender,full,Pisces,355.62,"chiron,mars,neptune,venus",-0.208,-0.3242,False,13.42
translation tools,full,Aries,25.4,"node,sun,mercury,venus",-0.0282,-3.7139,False,4.83
transmission,full,Leo,147.5,"venus,sun,mercury,jupiter",-0.0278,-1.6986,False,7.71
transmission repair,full,Libra,181.3,"node,saturn,pluto,mars",-0.3154,-5.2802,False,2.46
transport,full,Pisces,357.52,"chiron,neptune,uranus,mars",-0.0547,-3.6511,False,5.86
transportation,full,Sagittarius,264.46,"saturn,mars,venus,pluto",-0.6784,-27.4573,False,2.88
travel,full,Aries,24.63,"chiron,uranus,neptune,mars",0.4246,-4.1954,False,6.27
travel agencies,full,Aries,13.11,"node,uranus,chiron,mercury",-0.0835,-2.0827,False,4.5
travel guides,full,Pisces,348.01,"saturn,sun,pluto,neptune",0.4524,0.2386,True,20.66
travel insurance,full,Pisces,345.69,"chiron,node,jupiter,neptune",0.0234,-0.3868,False,1.41
travel shows,full,Libra,186.24,"saturn,node,mars,pluto",-0.1843,-0.0941,False,5.13
travelogues,full,Capricorn,292.99,"saturn,pluto,sun,neptune",-0.062,-0.4845,False,6.75
treatment,full,Taurus,37.99,"chiron,uranus,node,neptune",0.7366,-6.3721,False,3.02
treatment centers,full,Pisces,353.45,"chiron,neptune,saturn,pluto",0.1653,-0.2794,False,4.03
trentino-alto adige,full,Gemini,62.22,"node,venus,chiron,saturn",0.0191,-0.139,False,27.68
trinidad,relaxed,Leo,140.87,"saturn,node,pluto,chiron",0.0583,-5.6687,False,0.76
trivia,full,Aries,28.13,"chiron,uranus,neptune,node",-0.8793,-5.397,False,9.56
tropical music,full,Virgo,158.51,"jupiter,node,saturn,uranus",-0.5813,-1.0345,False,8.21
trucking,full,Pisces,342.09,"node,jupiter,uranus,mars",0.4287,-0.845,False,6.66
trucks,full,Libra,201.79,"saturn,jupiter,pluto,node",-0.099,-4.0311,False,1.74
try on videos,full,Virgo,155.92,"saturn,sun,node,pluto",-0.5588,-0.9779,False,8.96
tucson,full,Pisces,350.43,"chiron,node,neptune,pluto",0.1485,-9.6944,False,2.63
tulsa,full,Sagittarius,254.76,"node,chiron,uranus,jupiter",0.0495,-3.1164,False,14.0
tuning,relaxed,Leo,141.13,"saturn,jupiter,pluto,node",-0.5676,-15.2102,False,0.43
tunisia,full,Virgo,174.57,"saturn,node,mars,jupiter",-0.0268,-0.0409,False,5.5
turin,full,Scorpio,222.19,"node,chiron,neptune,pluto",-0.8341,-0.0978,False,3.27
turkey,full,Capricorn,279.18,"chiron,jupiter,node,uranus",0.0947,-0.1566,False,10.71
turkmenistan,full,Aquarius,320.4,"jupiter,uranus,mars,saturn",0.0896,-0.0299,False,16.58
tuscany,full,Virgo,175.52,"saturn,pluto,uranus,sun",-0.0275,-6.6063,False,2.41
tutorials,full,Virgo,171.47,"node,saturn,jupiter,pluto",0.1418,-1.9403,False,3.52
tv,full,Aquarius,306.12,"saturn,node,pluto,neptune",-2.3739,-6.7965,False,3.77
tv awards,full,Virgo,155.78,"saturn,node,jupiter,pluto",-0.0205,-1.9416,False,3.54
tv comedies,full,Taurus,31.47,"uranus,chiron,neptune,mercury",0.0728,0.0301,True,17.41
tv commercials,relaxed,Leo,134.9,"saturn,pluto,jupiter,neptune",-4.3628,-3.0968,False,0.39
tv crime,full,Aries,10.09,"chiron,uranus,neptune,jupiter",0.5138,-0.2758,False,5.75
tv documentary,full,Libra,193.08,"saturn,node,jupiter,mars",-0.1122,-10.2252,False,1.88
tv dramas,full,Sagittarius,253.34,"saturn,jupiter,mars,pluto",0.6935,-7.0799,False,9.36
tv family-oriented shows,relaxed,Aquarius,307.05,"pluto,chiron,neptune,uranus",-149535177.3187,-35215.055,False,0.0
tv fan edits,full,Taurus,43.66,"node,mars,sun,jupiter",0.0023,-0.1282,False,20.09
tv game shows,full,Virgo,175.49,"chiron,saturn,uranus,neptune",-1.0011,0.0033,True,4.19
tv guides,full,Gemini,65.99,"node,venus,uranus,chiron",-0.3474,-3.3238,False,11.48
tv industry,full,Taurus,48.31,"jupiter,uranus,node,venus",-1.3906,-0.7865,False,8.09
tv medical shows,full,Capricorn,280.77,"saturn,pluto,sun,mercury",-0.0622,-3.4907,False,4.74
tv networks,full,Gemini,72.13,"node,jupiter,uranus,mars",0.2319,0.1092,True,2.94
tv production,full,Aries,17.6,"chiron,node,uranus,neptune",0.4315,-0.785,False,8.86
tv reality shows,full,Scorpio,216.63,"saturn,pluto,neptune,chiron",0.4833,-1.8945,False,3.85
tv sci-fi,full,Aries,3.42,"chiron,uranus,neptune,node",0.1888,-1.6013,False,10.74
tv shows,full,Libra,186.46,"jupiter,node,pluto,chiron",0.6016,-1.3658,False,20.27
tv soap operas,full,Gemini,78.87,"node,saturn,sun,uranus",0.1058,-0.7693,False,3.48
tv streaming,full,Taurus,32.56,"chiron,neptune,saturn,pluto",0.1448,-0.6252,False,7.38
tv talent,full,Leo,139.87,"saturn,node,uranus,sun",-0.0389,-0.0412,False,1.96
tv talk shows,full,Virgo,166.2,"node,saturn,pluto,chiron",0.532,-0.3825,False,2.54
tycoon games,full,Aries,2.75,"uranus,venus,mars,sun",-1.0117,-3.8993,False,4.3
tyrol,full,Virgo,150.75,"saturn,jupiter,node,pluto",0.4013,-1.0767,False,1.39
uganda,full,Aries,9.44,"chiron,saturn,neptune,uranus",0.1691,-0.4941,False,2.49
ukraine,full,Aquarius,320.98,"jupiter,sun,mercury,venus",-0.1002,-5.6985,False,3.96
ulsan,full,Taurus,46.74,"jupiter,chiron,uranus,node",-0.0156,0.0098,True,9.92
ultimate fighting championship (ufc),full,Aquarius,315.12,"node,uranus,mercury,chiron",0.5124,-21.4216,False,1.43
umbria,full,Aquarius,318.08,"node,uranus,chiron,sun",-2.191,-4.3228,False,3.04
unboxing videos,full,Taurus,33.4,"chiron,uranus,neptune,jupiter",-0.3075,-2.0223,False,7.13
undergarments,full,Taurus,53.7,"node,uranus,jupiter,chiron",-0.0016,-1.5899,False,6.58
underwater activities,full,Cancer,91.43,"saturn,mars,pluto,sun",-0.042,-0.0472,False,1.17
unemployment,full,Pisces,331.34,"jupiter,mars,venus,sun",-0.7922,-1.9603,False,1.87
uniforms,full,Sagittarius,247.71,"node,chiron,saturn,neptune",0.0727,-0.3097,False,3.25
unions,full,Virgo,178.75,"saturn,pluto,jupiter,chiron",-0.083,-1.2782,False,2.55
united arab emirates,full,Capricorn,279.76,"node,saturn,pluto,sun",0.0595,-0.5113,False,9.3
united kingdom,full,Capricorn,280.62,"node,chiron,neptune,pluto",-0.0126,-0.6445,False,1.39
universities,full,Aries,15.38,"chiron,mars,uranus,jupiter",-1.0972,-14.6907,False,8.05
unix,full,Scorpio,212.35,"saturn,mars,node,pluto",-0.2578,-7.415,False,2.5
unwanted body,full,Capricorn,289.46,"saturn,jupiter,pluto,mars",-0.0188,-4.0384,False,3.57
upper austria,full,Taurus,34.72,"node,uranus,chiron,neptune",-0.0849,-0.5612,False,31.4
upstate south carolina,full,Taurus,31.84,"node,jupiter,uranus,sun",-0.1245,-1.067,False,27.44
urban,relaxed,Libra,183.62,"chiron,node,uranus,neptune",0.0474,-43.3369,False,0.76
urban transit,full,Aries,3.34,"saturn,venus,sun,pluto",0.016,-0.8436,False,20.12
uruguay,full,Virgo,159.39,"saturn,node,mars,venus",0.1301,-0.0508,False,6.37
usa,full,Virgo,169.11,"node,chiron,saturn,neptune",-0.0089,-0.0185,False,1.62
used vehicles,full,Capricorn,298.42,"saturn,jupiter,pluto,mars",-0.8823,-6.2103,False,8.31
utah,full,Capricorn,283.51,"chiron,pluto,neptune,uranus",0.0009,-0.4964,False,2.17
utilities,full,Scorpio,218.68,"node,saturn,pluto,chiron",0.4784,-0.0875,False,3.03
utility bags,full,Taurus,50.04,"node,uranus,jupiter,saturn",0.0026,-0.0433,False,23.18
utrecht,full,Sagittarius,249.45,"pluto,saturn,chiron,neptune",-0.3522,-2.5252,False,1.22
uttar pradesh,full,Aquarius,319.87,"saturn,jupiter,mars,sun",0.2473,-0.0217,False,10.01
uzbekistan,full,Taurus,50.9,"saturn,chiron,neptune,uranus",0.1121,-0.1847,False,16.23
vacation offers,full,Scorpio,222.62,"saturn,pluto,sun,mercury",-345459361.4185,-0.3176,False,3.99
vacation properties,full,Virgo,171.01,"node,pluto,chiron,saturn",-0.0335,-0.1807,False,1.91
vacation rentals,full,Gemini,70.03,"mars,node,jupiter,saturn",-0.0565,-1.9999,False,3.45
vaccines,relaxed,Libra,199.83,"node,saturn,mars,uranus",0.0749,-91.6768,False,0.52
vacuums,full,Aquarius,316.7,"node,uranus,jupiter,mars",0.3741,-2.4829,False,2.98
valencia,full,Scorpio,231.16,"node,saturn,chiron,uranus",-0.0356,-0.4949,False,4.88
valentine's day,full,Capricorn,287.46,"saturn,sun,jupiter,mercury",0.1649,0.0672,True,23.04
valves hoses,full,Gemini,89.83,"jupiter,sun,mercury,venus",-0.0493,-0.0001,False,2.96
van life,full,Capricorn,293.65,"node,chiron,uranus,venus",-0.1681,-0.6633,False,4.81
vancouver,relaxed,Capricorn,298.1,"saturn,pluto,chiron,uranus",-799654855.488,-5.3456,False,0.17
vans,full,Sagittarius,266.94,"jupiter,saturn,mars,node",-1.958,-1.3711,False,4.41
variety shows,full,Sagittarius,259.59,"saturn,node,jupiter,neptune",0.5931,-2.4298,False,2.53
vatican city,full,Pisces,340.77,"chiron,mars,venus,node",-0.1073,-0.395,False,13.53
vegan cuisine,full,Cancer,110.39,"node,uranus,chiron,neptune",0.6702,-0.1903,False,3.31
vegetables,full,Taurus,40.85,"node,chiron,uranus,neptune",0.2601,-1.7124,False,2.86
vegetarian cuisine,full,Gemini,75.13,"node,uranus,saturn,chiron",0.1628,-3.3215,False,12.59
vehicle,full,Capricorn,272.58,"saturn,neptune,pluto,jupiter",0.1414,-22.2249,False,4.74
vehicle codes,full,Cancer,92.98,"node,mars,saturn,mercury",0.6871,-2.8553,False,1.6
vehicle dealers,full,Pisces,352.53,"neptune,pluto,sun,mercury",-0.0524,-0.8452,False,4.45
vehicle financing,full,Capricorn,280.05,"venus,node,pluto,mars",0.0795,0.0366,True,3.01
vehicle fueling,relaxed,Aries,27.65,"jupiter,uranus,node,chiron",-0.0333,-0.0323,False,17.4
vehicle fuels,full,Cancer,90.32,"jupiter,sun,mercury,venus",-5971289722.3004,-0.1597,False,4.14
vehicle insurance,full,Aquarius,311.77,"saturn,jupiter,node,sun",-0.0405,-6.2302,False,8.27
vehicle licensing,full,Sagittarius,245.52,"uranus,sun,mercury,venus",-12923170880.5546,-0.04,False,19.63
vehicle modification,full,Capricorn,287.94,"saturn,jupiter,sun,pluto",-0.053,-6.0473,False,11.4
vehicle parts,full,Capricorn,287.95,"saturn,jupiter,pluto,sun",0.0138,-6.2826,False,17.45
vehicle repair,full,Taurus,33.92,"jupiter,chiron,uranus,venus",0.0969,0.2,True,15.45
vehicle shopping,full,Aquarius,312.93,"saturn,mars,mercury,pluto",-0.2952,-0.1328,False,3.91
vehicle shows,full,Taurus,52.35,"node,pluto,sun,mercury",0.0433,-3.1158,False,3.3
vehicle simulators,relaxed,Aries,27.65,"jupiter,uranus,node,chiron",-0.0333,1.0,False,0.0
vehicle specs,full,Sagittarius,260.83,"jupiter,saturn,sun,mercury",0.1027,-2.1991,False,25.02
vehicle wheels,full,Pisces,331.42,"saturn,chiron,venus,neptune",-0.5177,-13.1741,False,2.27
vehicles,full,Aquarius,302.5,"jupiter,uranus,saturn,pluto",-0.1893,-17.1062,False,6.06
veneto,full,Capricorn,290.68,"node,chiron,uranus,jupiter",0.4635,-0.4946,False,3.4
venezuela,full,Leo,145.17,"jupiter,node,saturn,pluto",-0.0157,-0.1387,False,11.52
venice,full,Virgo,163.08,"saturn,jupiter,node,uranus",-0.1313,-0.4314,False,6.85
vents,full,Libra,205.21,"node,saturn,venus,pluto",-0.2939,-1.849,False,3.06
venture capital,full,Taurus,30.84,"uranus,chiron,node,neptune",0.1643,-9.3606,False,10.16
veracruz,full,Gemini,81.13,"saturn,node,mars,sun",-2.6997,-9.547,False,1.6
vermont,full,Sagittarius,258.86,"chiron,neptune,uranus,saturn",0.4047,-0.5885,False,12.94
veterans,full,Libra,180.42,"saturn,jupiter,mars,venus",0.0048,0.0964,True,3.77
veterinarians,full,Capricorn,287.8,"saturn,jupiter,pluto,sun",-0.1444,-4.872,False,2.48
victoria (au),full,Pisces,343.88,"uranus,chiron,mercury,sun",0.3721,-11.4212,False,1.18
victoria (bc),full,Leo,147.67,"saturn,jupiter,pluto,node",-0.0656,-1.7544,False,3.98
video,full,Pisces,339.02,"node,chiron,saturn,mars",-7.0353,-0.9813,False,3.77
video cards,full,Leo,122.43,"saturn,node,mars,pluto",0.2134,-4.2195,False,2.62
video chat,full,Leo,130.02,"jupiter,saturn,mars,uranus",-2.549,-31.4461,False,5.41
video equipment,full,Scorpio,227.84,"saturn,node,pluto,neptune",0.2939,-8.2483,False,3.74
video file formats,full,Aquarius,303.19,"node,mars,venus,saturn",-0.2638,-3.6287,False,1.61
video game cheats,relaxed,Leo,139.26,"saturn,pluto,chiron,neptune",0.0482,-1.1015,False,0.17
video game development,full,Aquarius,304.27,"chiron,uranus,neptune,pluto",0.072,-2.7084,False,14.45
video game emulation,full,Cancer,107.68,"mars,chiron,mercury,neptune",0.0026,0.0056,True,3.34
video game mods,full,Libra,182.35,"node,pluto,mars,saturn",-0.162,-0.6691,False,2.25
video game playthroughs,full,Taurus,39.73,"node,jupiter,venus,neptune",-0.0479,-0.9487,False,22.1
video game retailers,relaxed,Cancer,92.58,"jupiter,pluto,sun,mercury",-146663460.6369,-161904027936.6683,False,0.0
video game streams,full,Taurus,56.33,"jupiter,node,saturn,venus",-0.0897,-0.5198,False,4.43
video games,full,Libra,188.16,"node,saturn,pluto,mercury",0.2453,-1.7844,False,1.0
video players,relaxed,Libra,183.03,"node,saturn,chiron,pluto",0.3885,-0.4703,False,0.96
video rentals,full,Pisces,347.56,"saturn,uranus,sun,mars",-0.0288,-0.2022,False,2.11
video services,full,Gemini,66.69,"uranus,jupiter,node,sun",0.1262,-0.2183,False,9.81
video sharing,full,Aries,4.46,"jupiter,mars,chiron,uranus",-1.6054,-3.416,False,5.95
video shopping,full,Aries,16.25,"jupiter,node,chiron,uranus",0.7943,-4.149,False,17.67
video software,full,Pisces,356.09,"chiron,uranus,mars,venus",0.2783,-15.531,False,4.6
videos,full,Sagittarius,240.54,"saturn,pluto,neptune,chiron",0.174,-6.1363,False,3.55
vienna,relaxed,Sagittarius,243.39,"neptune,node,pluto,sun",-0.1151,-8.7937,False,0.82
viet nam,full,Leo,140.66,"node,jupiter,mars,saturn",0.3445,-32.2444,False,2.0
vietnamese cuisine,full,Sagittarius,269.38,"saturn,jupiter,sun,mars",0.0966,-4.6549,False,10.85
vineyards,full,Taurus,53.08,"node,jupiter,uranus,mars",-0.0639,-0.0997,False,14.14
virgin islands,full,Aquarius,329.48,"uranus,node,jupiter,venus",0.3255,-2.2986,False,4.02
virginia,full,Leo,125.22,"node,uranus,chiron,jupiter",-2.4586,-0.7724,False,4.28
virginia beach-hampton roads,relaxed,Libra,205.08,"chiron,pluto,neptune,uranus",-45943113.6955,-0.0323,False,0.52
virtual assistants,full,Aquarius,310.63,"saturn,chiron,neptune,node",-0.0492,-8.6983,False,11.38
virtual reality,full,Leo,136.16,"node,jupiter,uranus,chiron",0.6784,-2.6314,False,2.3
virtual reality devices,full,Leo,141.44,"mars,uranus,sun,mercury",-7370493047.7441,-0.0218,False,17.4
virtual tours,full,Aries,25.88,"uranus,jupiter,node,chiron",-0.4929,-0.3865,False,15.5
virtual worlds,relaxed,Virgo,175.53,"saturn,uranus,sun,mercury",0.0907,-3.0983,False,0.76
visa,full,Aries,27.32,"chiron,node,uranus,neptune",0.3634,-17.548,False,6.48
vision care,full,Aries,29.11,"jupiter,chiron,neptune,uranus",0.4611,-3.8812,False,4.35
vision loss,full,Capricorn,294.1,"saturn,node,chiron,neptune",0.2767,-7.8653,False,10.84
visual art,full,Virgo,156.27,"chiron,venus,mars,node",-0.058,-1.4891,False,13.56
visual arts,full,Scorpio,224.66,"saturn,pluto,neptune,chiron",-0.463,-1.9462,False,11.62
vitamins,full,Aquarius,306.1,"saturn,pluto,mars,sun",0.6062,-2.606,False,4.73
vlogs,full,Taurus,34.5,"uranus,chiron,node,neptune",-0.5038,-23.5496,False,8.77
vocals,full,Scorpio,232.82,"saturn,pluto,jupiter,neptune",0.2824,-18.5231,False,2.72
vocational,full,Pisces,346.75,"saturn,uranus,mars,chiron",-0.1654,-0.616,False,8.05
voice,full,Scorpio,228.34,"saturn,mars,pluto,neptune",-1.8754,-8.5762,False,1.67
volga district,relaxed,Sagittarius,252.64,"node,mars,saturn,uranus",-11195526294.5352,1.0,False,0.0
volkswagen,full,Libra,194.1,"node,saturn,venus,pluto",-0.2347,-4.542,False,1.85
volleyball,full,Sagittarius,243.31,"saturn,node,sun,jupiter",-0.299,-4.9929,False,9.26
volleyball equipment,full,Taurus,48.01,"node,uranus,chiron,neptune",-0.1885,-3.1732,False,3.1
volvo,relaxed,Libra,183.92,"node,pluto,jupiter,mercury",-3.7935,-15.4583,False,0.66
vorarlberg,full,Virgo,163.9,"saturn,jupiter,pluto,sun",-1.3263,-1.0823,False,1.05
vpn,full,Gemini,64.73,"node,uranus,mars,chiron",0.2452,-0.3483,False,5.75
wagons,full,Virgo,169.45,"node,saturn,chiron,neptune",-0.0589,-3.8729,False,4.45
wakayama,full,Cancer,119.99,"saturn,pluto,mars,sun",-0.1439,-6.5352,False,9.68
wales,full,Leo,137.35,"saturn,jupiter,uranus,node",0.0076,-0.7807,False,9.56
walking,full,Libra,180.73,"node,saturn,jupiter,sun",-1.8143,-0.4923,False,1.84
wallonia,full,Gemini,85.05,"saturn,node,uranus,jupiter",0.0499,-0.5846,False,1.5
wallpapers,full,Aquarius,323.81,"jupiter,uranus,mars,chiron",-0.5459,-2.302,False,3.21
warehousing,full,Pisces,338.97,"saturn,mars,pluto,venus",0.2001,-4.0324,False,15.17
wargaming,full,Leo,148.29,"jupiter,node,mars,venus",-0.4168,-3.0343,False,6.65
warranties,full,Aries,22.33,"chiron,neptune,node,sun",0.4856,-1.0266,False,17.02
warsaw,full,Libra,181.31,"node,pluto,mars,chiron",-4.1821,-2.8544,False,1.21
washers,full,Virgo,152.37,"saturn,node,jupiter,pluto",-0.3841,-0.9589,False,4.44
washington dc,full,Sagittarius,260.32,"node,saturn,jupiter,mercury",0.126,-0.1208,False,7.62
washington state,full,Virgo,155.16,"saturn,jupiter,node,sun",0.3347,-0.4145,False,8.3
waste management,full,Capricorn,270.62,"mars,sun,venus,mercury",-0.1405,-2.7488,False,16.84
watchdogs,relaxed,Scorpio,211.71,"saturn,pluto,mars,node",-0.0541,-24248524154.7935,False,0.0
watches,full,Taurus,48.08,"chiron,neptune,uranus,jupiter",0.106,-0.8164,False,3.21
water,full,Aquarius,309.15,"saturn,node,chiron,neptune",-0.1291,-0.2089,False,4.11
water activities,full,Taurus,55.89,"chiron,uranus,mercury,neptune",0.2623,-0.4611,False,10.75
water filters,full,Capricorn,279.48,"chiron,uranus,sun,mercury",-0.0697,-2.3511,False,6.46
water sports,full,Leo,121.97,"saturn,jupiter,mars,node",-0.28,-2.9928,False,2.13
water supply,full,Aries,17.07,"chiron,uranus,neptune,mars",0.3042,-5.5689,False,8.1
watercraft,full,Virgo,162.02,"pluto,node,saturn,sun",0.0959,-0.276,False,2.74
wearable technology,full,Leo,123.36,"jupiter,node,uranus,chiron",-0.578,-0.4981,False,5.4
weather,full,Pisces,336.44,"jupiter,chiron,mars,neptune",0.1757,-2.2877,False,6.87
weaves,full,Virgo,163.45,"saturn,jupiter,pluto,mars",-0.6006,-0.2448,False,5.09
web apps,full,Aries,19.21,"uranus,chiron,jupiter,mars",-2.9549,-3.2621,False,5.32
web browsers,full,Pisces,337.99,"chiron,uranus,mars,mercury",-0.4837,-3.9972,False,4.62
web design,full,Scorpio,225.73,"saturn,pluto,mars,neptune",-2.53,-9.5427,False,7.61
web hosting,full,Scorpio,227.95,"saturn,pluto,mars,neptune",-0.6003,-6.3798,False,7.69
web portals,full,Pisces,334.7,"node,saturn,sun,mercury",-0.0261,-0.1676,False,5.91
web series,full,Taurus,35.26,"node,chiron,jupiter,neptune",-1.7319,-6.5994,False,7.83
web services,full,Virgo,152.74,"node,jupiter,mars,uranus",-1.0236,-0.7856,False,3.04
web stats,full,Pisces,359.97,"uranus,node,sun,mercury",-1.5872,-0.2861,False,3.8
weddings,relaxed,Capricorn,291.11,"node,uranus,chiron,sun",-6.7758,-55.0632,False,0.97
weight loss,full,Taurus,54.91,"uranus,chiron,node,neptune",-0.1882,-0.1135,False,9.2
weights,full,Pisces,357.28,"jupiter,uranus,venus,mars",-0.1948,-1.063,False,8.53
welfare,full,Pisces,350.83,"jupiter,saturn,uranus,neptune",0.4176,-4.3706,False,10.72
wellington,full,Pisces,333.65,"node,uranus,saturn,venus",0.0,-2.5824,False,3.69
west asia,full,Taurus,39.25,"saturn,jupiter,uranus,pluto",0.1799,-9.5048,False,4.53
west bengal,full,Aquarius,307.86,"saturn,jupiter,pluto,node",0.2365,-1.041,False,3.9
west france,full,Leo,142.36,"saturn,jupiter,mars,pluto",-0.152,-0.8136,False,1.43
west india,full,Aries,3.88,"chiron,neptune,node,saturn",0.0406,-4.6578,False,6.26
west midlands,full,Cancer,119.37,"saturn,jupiter,mars,pluto",-0.0902,-0.0948,False,2.31
west palm beach-boca raton,relaxed,Libra,183.1,"jupiter,mars,uranus,sun",-3148898520.0738,-2172235224.9905,False,0.0
west virginia,full,Scorpio,214.41,"chiron,node,uranus,jupiter",0.4939,-0.064,False,17.35
western africa,full,Leo,145.54,"chiron,neptune,mars,sun",-0.3745,-6.8936,False,5.98
western australia,full,Sagittarius,241.08,"saturn,mars,node,jupiter",-0.0004,-0.0038,False,1.54
western europe,full,Capricorn,298.15,"chiron,neptune,uranus,pluto",0.0331,-0.2646,False,3.35
western films,full,Aquarius,309.74,"chiron,uranus,sun,mercury",-0.6957,-1.6957,False,3.46
western new guinea,relaxed,Sagittarius,262.18,"node,chiron,neptune,uranus",1.0,-502262685.2343,False,0.0
wholesalers,full,Taurus,54.63,"node,chiron,uranus,neptune",-1.2804,-17.2237,False,7.04
wigs,full,Sagittarius,243.64,"saturn,jupiter,node,pluto",0.7574,-0.2261,False,4.01
wildlife,full,Pisces,338.16,"chiron,jupiter,mars,neptune",0.1504,-9.2653,False,8.8
wind power,full,Leo,148.75,"saturn,jupiter,node,pluto",-0.5956,-0.153,False,3.16
window treatments,full,Cancer,91.12,"node,mars,jupiter,uranus",0.0189,-0.2011,False,12.42
windows,full,Scorpio,220.93,"saturn,mars,pluto,node",-0.3802,-3.455,False,2.0
windows mobile os,full,Sagittarius,267.77,"saturn,mars,mercury,pluto",0.0512,-1.222,False,2.98
windows os,full,Scorpio,214.24,"saturn,node,pluto,mars",-0.5397,0.2126,True,1.91
wine tourism,full,Capricorn,288.42,"saturn,jupiter,pluto,sun",0.0694,-0.1592,False,23.13
winnipeg,full,Scorpio,231.09,"node,chiron,uranus,neptune",-0.0647,-0.6911,False,3.67
winter sports,full,Sagittarius,259.51,"saturn,pluto,neptune,chiron",0.1159,-1.8191,False,2.12
winter sports equipment,relaxed,Capricorn,277.99,"saturn,uranus,jupiter,sun",1.0,-0.0323,False,17.4
wire services,full,Aries,6.97,"saturn,uranus,mercury,mars",-0.2467,-0.1337,False,27.16
wireless,full,Pisces,338.8,"chiron,uranus,sun,mercury",0.1212,-0.8687,False,3.08
wireless accessories,full,Gemini,76.24,"node,uranus,chiron,neptune",0.2427,-1.4018,False,5.07
wisconsin,full,Scorpio,230.44,"saturn,mars,node,pluto",0.0549,-0.8538,False,8.9
women's clothing,full,Capricorn,296.68,"saturn,jupiter,pluto,sun",0.1571,-8.408,False,3.51
women's health,full,Gemini,71.68,"node,uranus,saturn,chiron",0.2823,-17.9711,False,7.83
wood,full,Pisces,333.83,"uranus,chiron,sun,mercury",0.6599,-0.5995,False,11.46
word games,full,Pisces,343.68,"uranus,chiron,jupiter,mars",0.0532,-2.005,False,6.34
word processing software,full,Aquarius,326.66,"saturn,jupiter,node,sun",0.2315,-0.2371,False,14.7
work,relaxed,Virgo,154.65,"mars,saturn,node,pluto",-2.3758,-6.3845,False,0.57
workwear,relaxed,Aquarius,313.64,"node,saturn,mars,uranus",-0.1528,-0.7136,False,0.5
world localities,relaxed,Leo,123.73,"jupiter,uranus,sun,mercury",-0.0866,-39922171177.6842,False,0.0
world music,full,Virgo,162.07,"saturn,pluto,neptune,chiron",-0.2761,-0.4708,False,1.68
world news,full,Capricorn,272.67,"jupiter,node,saturn,pluto",-0.4228,-3.7703,False,11.61
world wrestling entertainment (wwe),full,Sagittarius,264.81,"saturn,pluto,uranus,chiron",-0.0027,-0.0224,False,2.36
wrestling,relaxed,Aquarius,311.57,"node,uranus,mercury,jupiter",-15.9179,-383.3919,False,0.88
writers resources,relaxed,Leo,138.85,"saturn,pluto,neptune,sun",-695389485.137,-669320677.6218,False,0.0
writing,full,Aries,21.97,"chiron,uranus,node,neptune",0.3947,-7.2388,False,8.96
wroclaw,full,Leo,133.33,"saturn,jupiter,pluto,node",-1.2495,0.1699,True,2.8
wuhan,relaxed,Sagittarius,258.16,"mars,jupiter,sun,mercury",0.2857,-93480295809.1224,False,0.0
wyoming,relaxed,Leo,126.33,"saturn,jupiter,pluto,chiron",0.0051,-0.049,False,0.66
xbox,full,Aquarius,306.81,"node,saturn,pluto,chiron",0.5176,-2.2747,False,3.12
xi'an,relaxed,Capricorn,287.0,"node,uranus,chiron,saturn",0.0163,-0.5497,False,1.12
xinjiang,full,Pisces,339.45,"mars,mercury,saturn,venus",0.0251,0.1374,True,1.29
yamagata,relaxed,Leo,138.2,"saturn,jupiter,pluto,node",0.1687,-2.5463,False,0.46
yamaguchi,relaxed,Cancer,110.25,"saturn,mars,chiron,pluto",0.1576,-39.0534,False,0.5
yamanashi,full,Leo,131.44,"saturn,sun,pluto,mercury",0.1042,-1.7066,False,2.68
yard maintenance,full,Aquarius,311.28,"saturn,jupiter,venus,pluto",0.2565,-0.1824,False,4.51
yemen,full,Scorpio,231.13,"uranus,saturn,chiron,neptune",0.1163,-0.588,False,9.59
yoga,full,Capricorn,299.86,"chiron,uranus,neptune,pluto",-0.3272,-15.3425,False,3.62
yokohama,full,Leo,140.25,"saturn,jupiter,pluto,chiron",0.0024,-0.9884,False,5.2
yorkshire,relaxed,Sagittarius,256.99,"chiron,node,neptune,uranus",0.0951,-3.1651,False,1.0
young adult books,full,Cancer,101.93,"node,uranus,mercury,chiron",0.6397,-4.669,False,2.8
youth camps,full,Aries,9.93,"mercury,node,uranus,chiron",0.1795,-0.0541,False,2.46
youth organizations,relaxed,Libra,186.33,"node,pluto,chiron,neptune",-0.0224,-0.0323,False,0.58
yucatan,full,Leo,124.7,"saturn,mars,jupiter,sun",-0.3135,-0.4534,False,1.75
yucatan peninsula,full,Gemini,64.05,"mars,chiron,uranus,neptune",0.3014,-0.6303,False,7.22
yunnan,full,Capricorn,282.08,"saturn,mercury,node,pluto",-0.0094,-1.5408,False,3.15
zambia,full,Taurus,39.29,"jupiter,uranus,mars,neptune",0.2529,-2.152,False,6.42
zeeland,relaxed,Libra,188.96,"saturn,mars,venus,node",-34.1769,-26.3718,False,0.73
zhejiang,full,Sagittarius,247.01,"saturn,mars,pluto,sun",-0.2138,-0.7779,False,2.82
zimbabwe,full,Aries,4.24,"node,saturn,jupiter,uranus",0.1195,-0.0948,False,15.9
zoos,full,Capricorn,278.91,"saturn,node,jupiter,mars",0.2922,-15.3796,False,1.98
zurich,relaxed,Capricorn,291.26,"node,chiron,uranus,neptune",-0.1387,-1.2811,False,0.73
