topic,phase,sign,conf,dir_acc_test
3d printers,335.97,Pisces,0.0797,0.7391
abu dhabi,290.59,Capricorn,0.1154,0.4762
acapulco,115.52,Cancer,0.1982,0.3
accessories,212.06,Scorpio,0.0942,0.4762
accident,211.62,Scorpio,0.026,0.6111
accommodations,270.62,Capricorn,0.0733,0.7273
accounting,288.17,Capricorn,0.0692,0.6818
acne,194.49,Libra,0.0374,0.4762
acquisitions,249.16,Sagittarius,0.0524,0.5294
acting,56.48,Taurus,0.0299,0.6522
action,230.29,Scorpio,0.0677,0.7
action cameras,226.54,Scorpio,0.1,0.3636
action figures,184.66,Libra,0.0089,0.8696
activities,325.79,Aquarius,0.0068,0.7391
acupuncture,321.53,Aquarius,0.0119,0.6522
acura,24.83,Aries,0.0541,0.6471
add,74.38,Gemini,0.0625,0.65
add-ons,296.07,Capricorn,0.0227,0.55
adelaide,301.43,Aquarius,0.0203,0.7647
adhd,288.15,Capricorn,0.0364,0.6522
adhesives,3.2,Aries,0.0577,0.7778
administrative jobs,64.37,Gemini,0.0255,0.6
admissions tests,277.99,Capricorn,0.0932,0.5
adoption,123.56,Leo,0.0268,0.6
adventure films,204.03,Libra,0.007,0.5789
adventure games,61.2,Gemini,0.0394,0.5714
adventure travel,85.88,Gemini,0.0231,0.375
advertising,328.63,Aquarius,0.0549,0.875
advocacy,305.76,Aquarius,0.0554,0.75
aegean islands,56.28,Taurus,0.0758,0.8
aegean turkey,140.9,Leo,0.1257,0.375
aerospace,65.52,Gemini,0.0383,0.3636
affiliate programs,15.61,Aries,0.1537,0.4375
afghanistan,190.86,Libra,0.0593,0.5
africa,66.44,Gemini,0.0395,0.4667
african music,40.47,Taurus,0.0299,0.5625
african-americans,166.66,Virgo,0.0857,0.3158
africans,60.5,Gemini,0.0392,0.3333
aftermarket auto parts,278.89,Capricorn,0.0551,0.5714
aging,305.86,Aquarius,0.0658,0.6087
agra,262.53,Sagittarius,0.0862,0.4762
agricultural equipment,135.98,Leo,0.0843,0.55
agriculture,177.59,Virgo,0.0459,0.5217
agritourism,24.45,Aries,0.0433,0.5
agrochemicals,255.58,Sagittarius,0.1173,0.4545
ahmedabad,266.6,Sagittarius,0.122,0.6471
aichi,46.15,Taurus,0.0293,0.4375
aids,290.57,Capricorn,0.1261,0.7
air conditioners,105.09,Cancer,0.1209,0.7826
air filters,122.74,Leo,0.0542,0.5833
air force,248.96,Sagittarius,0.0409,0.4762
air freight,27.14,Aries,0.04,0.6667
air travel,91.85,Cancer,0.0738,0.5714
airport parking,142.14,Leo,0.0247,0.7222
akita,351.39,Pisces,0.0476,0.4211
alabama,294.83,Capricorn,0.0395,0.5556
alagoas,228.28,Scorpio,0.053,0.4167
alaska,307.38,Aquarius,0.0461,0.6842
albania,146.02,Leo,0.0113,0.6087
alberta,359.41,Pisces,0.0605,0.7
alcohol testing,255.52,Sagittarius,0.0954,0.5
alcohol treatment,140.92,Leo,0.0186,0.5
alfa romeo,346.37,Pisces,0.0499,0.6
algarve,55.12,Taurus,0.0565,0.85
alicante,113.54,Cancer,0.0606,0.6111
allergies,44.14,Taurus,0.0504,0.75
alsace,282.38,Capricorn,0.0838,0.5714
alternative,41.31,Taurus,0.0231,0.3684
alternative energy,320.67,Aquarius,0.0424,0.7273
alternative music,183.97,Libra,0.0236,0.5789
alternative vehicles,65.09,Gemini,0.1092,0.4
alumni,271.54,Capricorn,0.0306,0.5
alzheimer's disease,335.96,Pisces,0.1043,0.6818
amalfi coast,69.65,Gemini,0.0725,0.8261
amateur,4.51,Aries,0.0085,0.6
amazonas,157.91,Virgo,0.0603,0.7
american football,297.97,Capricorn,0.0329,0.8667
american football equipment,221.83,Scorpio,0.0425,0.7143
amphibians,357.21,Pisces,0.048,0.6364
amsterdam,16.85,Aries,0.0204,0.5882
analytics,24.75,Aries,0.0867,0.6818
anatomy,311.87,Aquarius,0.0671,0.625
ancestry,354.64,Pisces,0.063,0.6
andalucia,11.22,Aries,0.0858,0.6111
andhra pradesh,91.78,Cancer,0.0924,0.381
andorra,239.99,Scorpio,0.0381,0.6818
android apps,104.22,Cancer,0.0217,0.7895
android os,264.2,Sagittarius,0.0249,0.6667
angola,293.67,Capricorn,0.035,0.7333
animal products,249.54,Sagittarius,0.0713,0.3913
animal sports,4.48,Aries,0.0185,0.5
animal welfare,280.35,Capricorn,0.0498,0.7143
animated films,25.59,Aries,0.0454,0.5
animation,12.59,Aries,0.0212,0.4783
animation software,34.78,Taurus,0.0667,0.7143
anime,89.45,Gemini,0.0569,0.4783
ankara,309.47,Aquarius,0.0149,0.5789
anniversaries,129.48,Leo,0.0503,0.6842
antalya,129.64,Leo,0.0204,0.6667
anthropology,285.99,Capricorn,0.0248,0.7619
antigua,88.61,Gemini,0.0357,0.4737
antiperspirants,198.8,Libra,0.0282,0.5556
antiques,0.51,Aries,0.07,0.7143
antivirus,71.77,Gemini,0.0617,0.4667
anxiety,2.54,Aries,0.0395,0.6667
aomori,214.35,Scorpio,0.0336,0.55
aosta valley,192.08,Libra,0.1723,0.4091
apparel,236.43,Scorpio,0.005,0.4
apple ios,198.75,Libra,0.1033,0.8
appraisals,294.3,Capricorn,0.0709,0.75
aquaculture,356.82,Pisces,0.0432,0.4783
aquaria,112.99,Cancer,0.0805,0.5
aquariums,24.38,Aries,0.0367,0.5
aquitaine,335.94,Pisces,0.0488,0.6316
arcade,54.11,Taurus,0.0868,0.6875
archaeology,328.67,Aquarius,0.02,0.5333
architecture,314.81,Aquarius,0.0676,0.5909
argentina,168.57,Virgo,0.0591,0.7778
arizona,318.47,Aquarius,0.0656,0.6667
arkansas,245.61,Sagittarius,0.0512,0.7
armenia,222.89,Scorpio,0.0483,0.9091
army,94.63,Cancer,0.0315,0.6957
art,200.51,Libra,0.0042,0.5652
art museums,314.13,Aquarius,0.1211,0.3636
arthritis,43.59,Taurus,0.0344,0.6818
artificial intelligence,304.88,Aquarius,0.0836,0.8095
arts,100.14,Cancer,0.0584,0.5652
aruba,10.54,Aries,0.0448,0.6818
asia,293.48,Capricorn,0.0862,0.4
asmr videos,177.11,Virgo,0.0989,0.6957
asset,345.85,Pisces,0.0559,0.6957
assisted living,247.97,Sagittarius,0.0538,0.5217
assistive technology,43.15,Taurus,0.0369,0.6
asthma,310.42,Aquarius,0.0717,0.7727
astrology,67.01,Gemini,0.0344,0.5909
astronomy,105.84,Cancer,0.0369,0.5238
asturias,251.02,Sagittarius,0.0316,0.75
athleisure,182.2,Libra,0.1265,0.5789
athletic apparel,17.43,Aries,0.0822,0.25
athletic shoes,120.86,Leo,0.0435,0.3182
atlanta,25.55,Aries,0.046,0.5714
atlantic city,95.18,Cancer,0.0395,0.5238
atlantic provinces,105.89,Cancer,0.0796,0.625
atmospheric science,250.83,Sagittarius,0.1115,0.6957
atms,214.83,Scorpio,0.0198,0.5455
auckland,303.26,Aquarius,0.0679,0.4706
auctions,329.87,Aquarius,0.0428,0.6364
audi,324.01,Aquarius,0.0624,0.7368
audio,146.92,Leo,0.0202,0.5714
audio equipment,280.26,Capricorn,0.0749,0.5
audio file formats,351.22,Pisces,0.0886,0.75
audiobooks,359.66,Pisces,0.0236,0.7368
auditing,326.86,Aquarius,0.0527,0.6522
augmented,309.09,Aquarius,0.0317,0.6957
australia,76.67,Gemini,0.0231,0.7619
austria,137.05,Leo,0.1261,0.8125
autism spectrum disorders,140.1,Leo,0.0718,0.3333
auto batteries,300.13,Aquarius,0.0417,0.5263
auto body repair,41.79,Taurus,0.0213,0.4737
auto brakes,93.36,Cancer,0.1359,0.5238
auto exterior,13.41,Aries,0.0057,0.6364
auto financing,58.25,Taurus,0.1095,0.6522
auto glass repair,155.89,Virgo,0.1046,0.5833
auto insurance,142.54,Leo,0.032,0.55
auto interior,39.18,Taurus,0.0546,0.5217
auto leasing,291.38,Capricorn,0.0345,0.5714
auto racing,235.49,Scorpio,0.0212,0.619
automotive industry,267.86,Sagittarius,0.0729,0.5909
autonomous vehicles,62.0,Gemini,0.0594,0.7143
autos,142.24,Leo,0.0539,0.85
aviation industry,326.32,Aquarius,0.0995,0.5217
azores,72.71,Gemini,0.0411,0.6842
b,35.39,Taurus,0.0084,0.7
babies,190.17,Libra,0.0516,0.6
baby,221.89,Scorpio,0.0195,0.625
baby care,146.05,Leo,0.0368,0.4737
baby feeding,64.42,Gemini,0.0425,0.4091
baby food,85.83,Gemini,0.1078,0.7391
baby formula,336.29,Pisces,0.0194,0.6316
baby safety,106.55,Cancer,0.0853,0.619
baby strollers,51.11,Taurus,0.0696,0.5294
bachelor,339.66,Pisces,0.1063,0.55
bachelorette parties,20.16,Aries,0.0947,0.3846
backpacks,183.48,Libra,0.1379,0.7917
badminton,223.12,Scorpio,0.0572,0.6667
bahamas,343.62,Pisces,0.0462,0.3529
bahia,200.51,Libra,0.0354,0.625
bahrain,68.36,Gemini,0.0316,0.6087
baja california,72.96,Gemini,0.029,0.7143
baked goods,231.35,Scorpio,0.1104,0.4737
bakeries,335.96,Pisces,0.0198,0.5217
balearic islands,75.54,Gemini,0.0774,0.4348
bali,323.76,Aquarius,0.042,0.5417
ballet,290.61,Capricorn,0.0466,0.8
baltics,24.82,Aries,0.0684,0.4348
baltimore metro,291.37,Capricorn,0.0046,0.5238
bandung,244.82,Sagittarius,0.0528,0.4762
bangalore,60.51,Gemini,0.0735,0.6957
bangkok,192.15,Libra,0.0753,0.35
bangladesh,54.32,Taurus,0.0832,0.4783
banking,227.14,Scorpio,0.0961,0.7391
bankruptcy,156.78,Virgo,0.0327,0.5714
barbados,205.87,Libra,0.0054,0.6667
barbecues,88.74,Gemini,0.109,0.6364
barcelona,244.32,Sagittarius,0.0059,0.6364
bari,205.91,Libra,0.1075,0.4762
bars,97.69,Cancer,0.0207,0.3684
baseball,75.44,Gemini,0.1247,1.0
basketball,323.07,Aquarius,0.0665,0.6667
basketball equipment,240.96,Sagittarius,0.0408,0.6957
basque country,71.11,Gemini,0.0321,0.6
bath,277.05,Capricorn,0.0285,0.5882
bathroom,107.7,Cancer,0.053,0.5
battle royale games,31.74,Taurus,0.0638,0.5789
bavaria,32.79,Taurus,0.0829,0.6875
bbq,98.54,Cancer,0.1399,0.6957
beaches,77.67,Gemini,0.0323,0.9091
beauty,344.92,Pisces,0.0952,0.625
beauty pageants,265.03,Sagittarius,0.0027,0.5333
beauty professionals,345.86,Pisces,0.0727,0.0
beauty services,136.81,Leo,0.0859,0.381
bed,91.74,Cancer,0.0298,0.5714
bed linens,240.37,Sagittarius,0.1923,0.4737
bedding,40.61,Taurus,0.0122,0.7
bedroom,98.41,Cancer,0.0276,0.4375
beds,26.81,Aries,0.0551,0.9412
beef,211.41,Scorpio,0.0674,0.7273
belarus,140.96,Leo,0.069,0.5294
belgium,149.13,Leo,0.1721,0.7692
belief,21.86,Aries,0.1053,0.6154
belize,298.8,Capricorn,0.0266,0.75
belo horizonte,41.05,Taurus,0.0091,0.5714
benefits,185.32,Libra,0.0293,0.6087
berlin,214.91,Scorpio,0.0148,0.5
bermuda,209.27,Libra,0.0235,0.55
beverages,86.63,Gemini,0.0413,0.5217
bhutan,86.59,Gemini,0.0505,0.6818
big island (hawaii),16.7,Aries,0.0453,0.5714
bihar,76.51,Gemini,0.0378,0.5455
bike accessories,166.06,Virgo,0.0947,0.7143
bike frames,96.03,Cancer,0.1031,0.5455
bike helmets,99.94,Cancer,0.0975,0.619
bike parts,176.27,Virgo,0.061,0.5789
bike rentals,352.54,Pisces,0.0244,0.5217
bilbao,339.2,Pisces,0.032,0.7895
billiards,311.3,Aquarius,0.0659,0.5455
billing,142.16,Leo,0.1081,0.381
binoculars,161.66,Virgo,0.015,0.4737
biographies,322.45,Aquarius,0.0247,0.619
biological sciences,250.51,Sagittarius,0.0879,0.5217
biotech,118.48,Cancer,0.0382,0.4583
birds,87.96,Gemini,0.0291,0.6316
birdwatching,324.25,Aquarius,0.1932,0.6
birmingham (al),23.83,Aries,0.0316,0.5
birmingham (uk),42.82,Taurus,0.0117,0.7143
birth control,10.28,Aries,0.0447,0.6
birthdays,38.41,Taurus,0.0887,0.45
bisexual,147.92,Leo,0.0416,0.6111
bizarre,60.53,Gemini,0.0483,0.2
black sea turkey,294.96,Capricorn,0.0307,0.4091
blenders,311.68,Aquarius,0.0438,0.4375
blogging resources,249.36,Sagittarius,0.0548,0.5
blood conditions,198.01,Libra,0.0157,0.3333
blood sugar,93.94,Cancer,0.0472,0.8462
blu-ray players,347.07,Pisces,0.0806,0.6
blues,338.58,Pisces,0.0256,0.5455
bluetooth accessories,182.88,Libra,0.1181,0.5238
bmw,334.18,Pisces,0.0468,0.65
board games,333.47,Pisces,0.0642,0.8333
boating,88.79,Gemini,0.0762,0.7143
boats,98.76,Cancer,0.0717,1.0
bodrum,173.24,Virgo,0.1084,0.85
body art,79.67,Gemini,0.0049,0.4
body care,302.76,Aquarius,0.0441,0.6154
body mounted,265.94,Sagittarius,0.1522,0.5217
body products,134.62,Leo,0.0111,0.7143
body soaps,188.96,Libra,0.0921,0.2609
body sprays,209.73,Libra,0.0691,0.3913
bodybuilding,18.26,Aries,0.04,0.3889
bogota,62.88,Gemini,0.0688,0.5
bolivia,189.72,Libra,0.0338,0.913
bollywood,176.37,Virgo,0.0502,0.5455
bollywood music,296.19,Capricorn,0.0228,0.6667
bologna,266.7,Sagittarius,0.0469,0.7727
bonaire,343.91,Pisces,0.0623,0.5714
bonds,357.12,Pisces,0.0067,0.7368
bookkeeping,293.07,Capricorn,0.0165,0.75
books,314.35,Aquarius,0.0511,0.6522
boots,281.51,Capricorn,0.0961,0.6667
bora bora,287.73,Capricorn,0.027,0.55
bordeaux,241.36,Sagittarius,0.0378,0.4286
border issues,149.79,Leo,0.084,0.4783
bosnia and herzegovina,94.92,Cancer,0.0823,0.6
boston metro,213.15,Scorpio,0.0677,0.4444
botswana,4.0,Aries,0.0784,0.5417
bottled water,62.9,Gemini,0.0586,0.625
bowling,339.81,Pisces,0.0852,0.7273
bowling equipment,268.04,Sagittarius,0.0407,0.4545
boxing,197.36,Libra,0.0169,0.7143
boxing gloves,227.64,Scorpio,0.0306,0.7619
brainteasers,110.85,Cancer,0.1188,0.5217
brake service,56.7,Taurus,0.034,0.6
branch locations,43.7,Taurus,0.1233,0.4545
brand management,144.54,Leo,0.0251,0.3889
brandenburg,283.82,Capricorn,0.0635,0.5
brasilia,219.56,Scorpio,0.0722,0.6875
brazil,134.36,Leo,0.0744,0.8824
brazilian music,73.62,Gemini,0.0478,0.85
bread makers,346.27,Pisces,0.1429,0.4783
breakfast foods,77.9,Gemini,0.0198,0.5217
breastfeeding,149.0,Leo,0.0481,0.4737
bremen,286.74,Capricorn,0.019,0.6667
bridal wear,261.81,Sagittarius,0.0553,0.5417
brisbane,343.61,Pisces,0.0665,0.7143
bristol,232.58,Scorpio,0.0343,0.875
british columbia,31.26,Taurus,0.0148,0.619
broadcast,18.98,Aries,0.0376,0.6667
brokerages,354.59,Pisces,0.1137,0.9286
browser games,74.24,Gemini,0.0344,0.45
brunei,258.49,Sagittarius,0.0757,0.5882
budapest,64.06,Gemini,0.0831,0.5
buddhism,332.24,Pisces,0.0355,0.6957
buenos aires,8.16,Aries,0.0278,0.8947
buick,17.44,Aries,0.0471,0.619
building materials,192.34,Libra,0.0585,0.6667
building toys,5.66,Aries,0.0056,0.5
buildings,335.97,Pisces,0.0448,0.5909
bulgaria,139.72,Leo,0.0527,0.7778
burgers,153.45,Virgo,0.0233,0.6842
burkina faso,306.52,Aquarius,0.1076,0.619
bursa,317.12,Aquarius,0.0352,0.6875
business,26.62,Aries,0.0234,0.4762
business attire,5.9,Aries,0.019,0.6667
business cards,36.24,Taurus,0.0464,0.6364
business education,3.35,Aries,0.0282,0.625
business finance,305.0,Aquarius,0.0761,0.75
business formation,258.29,Sagittarius,0.1278,0.9167
business news,58.1,Taurus,0.0626,0.5417
business operations,231.82,Scorpio,0.024,0.75
business opportunities,99.44,Cancer,0.0309,0.5
business plans,293.9,Capricorn,0.0602,0.5455
business process,286.47,Capricorn,0.002,0.75
business services,299.48,Capricorn,0.0343,0.7917
business travel,35.18,Taurus,0.0355,0.5417
butchers,351.05,Pisces,0.0455,0.7222
c,194.18,Libra,0.0059,0.6364
cabinetry,250.69,Sagittarius,0.0857,0.6667
cable,58.62,Taurus,0.006,0.3684
cad,350.48,Pisces,0.0292,0.8
cadillac,223.81,Scorpio,0.043,0.5
cadiz,4.32,Aries,0.1468,0.6667
cairns,75.96,Gemini,0.0306,0.65
cairo,94.37,Cancer,0.0055,0.6
calculators,18.82,Aries,0.0189,0.6364
calendar,278.17,Capricorn,0.1877,0.9091
calendars,277.61,Capricorn,0.0933,0.7619
calgary,166.16,Virgo,0.0311,0.619
california central coast,109.27,Cancer,0.0549,0.5455
calling cards,297.69,Capricorn,0.0642,0.6522
cam,195.74,Libra,0.0262,0.55
cambodia,211.21,Scorpio,0.1197,0.5714
camcorders,3.06,Aries,0.0133,0.4706
camera,177.94,Virgo,0.0328,0.4783
camera lenses,300.22,Aquarius,0.0334,0.4375
cameras,79.96,Gemini,0.0404,0.5
cameroon,114.39,Cancer,0.0315,0.6
campaigns,318.97,Aquarius,0.0723,0.75
campania,307.3,Aquarius,0.0601,0.5556
campers,60.05,Gemini,0.0644,0.8182
camping,129.19,Leo,0.1065,0.6522
canada,53.63,Taurus,0.0186,0.6818
canadian prairies,324.58,Aquarius,0.0267,0.5
canary islands,331.4,Pisces,0.0253,0.5556
canberra,115.51,Cancer,0.0155,0.5
cancer,261.04,Sagittarius,0.0711,0.619
cancun,37.21,Taurus,0.0782,0.5238
candy,304.7,Aquarius,0.0631,0.6667
cantopop,340.67,Pisces,0.0249,0.6
cape town,335.95,Pisces,0.0368,0.6087
cappadocia,315.62,Aquarius,0.0823,0.5294
car audio,38.23,Taurus,0.0328,0.3333
car electronics,341.53,Pisces,0.0382,0.4783
car rentals,116.57,Cancer,0.0501,0.619
car video,148.82,Leo,0.0313,0.6522
caracas,324.51,Aquarius,0.0823,0.8095
card games,75.43,Gemini,0.0341,0.4762
cardio training equipment,72.99,Gemini,0.0605,0.7143
career resources,254.21,Sagittarius,0.0694,0.5
cargo trucks,168.26,Virgo,0.0263,0.6
caribbean cuisine,329.97,Aquarius,0.1045,0.5
carinthia,291.34,Capricorn,0.0991,0.8182
carnival,29.12,Aries,0.0541,0.7619
carpooling,349.91,Pisces,0.2039,0.5
cartoons,301.56,Aquarius,0.0192,0.6316
cash advances,224.49,Scorpio,0.1204,0.6111
casual games,73.26,Gemini,0.0326,0.4348
casual shoes,251.46,Sagittarius,0.0862,0.6522
catering,313.89,Aquarius,0.0504,0.6667
cats,297.86,Capricorn,0.0723,0.4
caucasus,319.6,Aquarius,0.0206,0.625
cayman islands,24.73,Aries,0.0583,0.5909
cd,247.56,Sagittarius,0.0196,0.5
ceara,183.84,Libra,0.0612,0.6667
cebu,346.85,Pisces,0.0636,0.75
celebrities,28.82,Aries,0.0289,0.4286
central,358.94,Pisces,0.0087,0.5455
central america,239.05,Scorpio,0.0593,0.7
central asia,297.05,Capricorn,0.0394,0.5
central florida,254.41,Sagittarius,0.016,0.381
central france,149.52,Leo,0.0636,0.5714
central mexico,115.05,Cancer,0.0276,0.7222
centre-val de loire,278.85,Capricorn,0.0546,0.5
ceramics,298.58,Capricorn,0.0698,0.8182
certification,53.26,Taurus,0.0997,0.5217
chad,181.86,Libra,0.0708,0.5714
changchun,161.13,Virgo,0.0269,0.375
charity,65.06,Gemini,0.0127,0.5263
charters,72.79,Gemini,0.0371,0.7
chatbots,341.06,Pisces,0.0983,0.4348
checking services,16.23,Aries,0.077,0.6667
cheese,33.28,Taurus,0.0653,0.7727
chemicals industry,230.28,Scorpio,0.0578,0.3478
chemistry,276.49,Capricorn,0.0668,0.9545
chengdu,275.84,Capricorn,0.0433,0.4706
chennai,166.8,Virgo,0.0765,0.5556
chess,355.76,Pisces,0.0647,0.6087
chevrolet,314.79,Aquarius,0.0199,0.8421
chhattisgarh,283.67,Capricorn,0.0717,0.5909
chiang mai,56.79,Taurus,0.0504,0.5238
chiapas,309.14,Aquarius,0.0428,0.5238
chiba,163.46,Virgo,0.0543,0.5
chicago,332.99,Pisces,0.041,0.7647
chihuahua,248.41,Sagittarius,0.0331,0.5
child car seats,210.92,Scorpio,0.0684,0.5263
child care,349.63,Pisces,0.0284,0.7083
child internet safety,120.32,Leo,0.0421,0.0
children's books,299.01,Capricorn,0.167,0.8182
children's clothing,219.54,Scorpio,0.1272,0.5238
children's music,254.04,Sagittarius,0.2365,0.7368
chile,154.96,Virgo,0.0533,0.7619
china,148.64,Leo,0.0444,0.5417
chinese cuisine,91.18,Cancer,0.0232,0.5909
chinese martial arts,57.16,Taurus,0.0093,0.5238
chinese medicine,31.89,Taurus,0.0127,0.4783
chips,47.64,Taurus,0.1205,0.8182
chongqing,355.8,Pisces,0.0594,0.3333
choreography videos,215.25,Scorpio,0.0472,0.5833
christian,259.99,Sagittarius,0.0306,0.6
christian holidays,264.98,Sagittarius,0.1717,0.875
christianity,356.16,Pisces,0.0258,0.6364
christmas,298.43,Capricorn,0.2006,1.0
chubu,321.0,Aquarius,0.0689,0.5652
chugoku,308.85,Aquarius,0.0992,0.8421
cincinnati,193.78,Libra,0.0542,0.6
circus,331.26,Pisces,0.1433,0.7222
cis,336.36,Pisces,0.0257,0.4091
citroen,340.7,Pisces,0.0569,0.4091
city,3.86,Aries,0.0166,0.5909
city building games,16.78,Aries,0.0265,0.4783
civil engineering,203.5,Libra,0.1166,0.6522
civil rights,351.88,Pisces,0.0911,0.7826
classic films,247.16,Sagittarius,0.0128,0.4167
classic rock,87.85,Gemini,0.0301,0.3889
classic vehicles,92.79,Cancer,0.0174,0.5714
classical music,283.05,Capricorn,0.1029,0.8333
classifieds,12.97,Aries,0.024,0.4
classroom resources,281.98,Capricorn,0.1366,0.55
cleaning agents,267.09,Sagittarius,0.082,0.5833
cleaning services,96.97,Cancer,0.0869,0.5652
cleansing,49.28,Taurus,0.042,0.5714
clerical,180.86,Libra,0.0368,0.5652
climate change,279.35,Capricorn,0.0774,0.55
climate control,207.14,Libra,0.0397,0.913
climbing,318.74,Aquarius,0.0318,0.5789
clip art,315.81,Aquarius,0.0201,0.3529
clocks,98.87,Cancer,0.0242,0.8889
clothing accessories,142.11,Leo,0.0718,0.6471
cloud computing,301.19,Aquarius,0.0541,0.7143
cloud storage,280.17,Capricorn,0.0524,0.5909
clubs,44.37,Taurus,0.0468,0.65
coatings,41.45,Taurus,0.0365,0.5417
cochin,213.71,Scorpio,0.0515,0.7143
coffee,52.04,Taurus,0.0765,0.5909
coffee tables,218.76,Scorpio,0.1356,0.2
collaboration,94.01,Cancer,0.0114,0.5238
collectibles,150.12,Virgo,0.0053,0.619
collections,238.22,Scorpio,0.014,0.6957
college financing,181.6,Libra,0.1888,0.6471
college sports,305.18,Aquarius,0.0402,0.4783
colleges,145.11,Leo,0.0922,0.6667
cologne,208.13,Libra,0.0451,0.4211
colombia,149.64,Leo,0.0633,0.5455
colorado,237.82,Scorpio,0.0882,0.7143
coloring,75.95,Gemini,0.0846,0.375
columbus (oh),46.02,Taurus,0.0151,0.5238
combat sports,114.06,Cancer,0.0195,0.3182
comedy films,159.65,Virgo,0.0315,0.6875
comics,86.12,Gemini,0.0698,0.5455
commentary,100.77,Cancer,0.0266,0.5217
commercial distribution,301.37,Aquarius,0.02,0.4286
commercial lending,194.78,Libra,0.0778,0.4211
commercial properties,68.15,Gemini,0.006,0.4783
commercial vehicles,269.05,Sagittarius,0.1115,0.5
commodities,12.69,Aries,0.025,0.5714
communications,31.13,Taurus,0.0646,0.5714
communications equipment,157.88,Virgo,0.0563,0.5
company earnings,302.24,Aquarius,0.0372,0.6957
company news,113.99,Cancer,0.0574,0.625
comparisons,322.34,Aquarius,0.0573,0.4545
compensation,8.69,Aries,0.0578,0.619
competitive video gaming,189.47,Libra,0.0169,0.25
components,298.21,Capricorn,0.0481,0.7391
computer,212.31,Scorpio,0.0156,0.8261
computer components,244.7,Sagittarius,0.0618,0.6957
computer desks,49.62,Taurus,0.0602,0.3478
computer drives,282.5,Capricorn,0.0083,0.5263
computer education,269.28,Sagittarius,0.0284,0.6364
computer hardware,167.38,Virgo,0.0386,0.6522
computer memory,302.54,Aquarius,0.0525,0.625
computer monitors,319.69,Aquarius,0.0332,0.6
computer peripherals,203.41,Libra,0.1369,0.6957
computer science,180.3,Libra,0.0317,0.7083
computer security,350.18,Pisces,0.0076,0.7273
computer servers,313.82,Aquarius,0.0207,0.3158
computers,300.87,Aquarius,0.0245,0.5
concerts,4.83,Aries,0.0356,0.75
condiments,56.99,Taurus,0.0624,0.5417
conditioners,112.99,Cancer,0.1302,0.913
condos,54.78,Taurus,0.074,0.5789
conferencing software,104.84,Cancer,0.0789,0.75
connecticut,64.27,Gemini,0.0413,0.625
consoles,324.59,Aquarius,0.0174,0.75
constitutional law,262.81,Sagittarius,0.054,0.6364
construction,325.03,Aquarius,0.0791,0.7
construction consulting,260.29,Sagittarius,0.0645,0.3333
consulates,166.88,Virgo,0.0592,0.6111
consulting,350.03,Pisces,0.02,0.6842
consumer advocacy,171.72,Virgo,0.0777,0.5
consumer electronics,223.96,Scorpio,0.161,0.619
consumer resources,350.82,Pisces,0.1489,0.7143
contacts,231.07,Scorpio,0.0653,0.619
content management,30.49,Taurus,0.0443,0.6522
continuing education,60.17,Gemini,0.1043,0.5
contracting,57.08,Taurus,0.0482,0.3913
control equipment,275.48,Capricorn,0.0378,0.3636
convenience stores,229.32,Scorpio,0.1055,0.4091
conventions,356.0,Pisces,0.0219,0.4783
convertibles,53.47,Taurus,0.0282,0.5263
cooking,76.06,Gemini,0.0334,0.4091
cooking tutorials,231.83,Scorpio,0.1132,0.5217
cooktops,278.81,Capricorn,0.1373,0.5455
cookware,222.59,Scorpio,0.0493,0.6957
copenhagen,241.14,Sagittarius,0.068,0.4667
copiers,87.15,Gemini,0.0515,0.5789
cordoba,325.28,Aquarius,0.0079,0.4091
corporate,330.78,Pisces,0.0356,0.55
corporate events,254.31,Sagittarius,0.0772,0.45
corporate gifts,227.58,Scorpio,0.0917,0.5238
corporate law,346.69,Pisces,0.0369,0.625
corporate training,13.78,Aries,0.0248,0.4762
corrections,251.77,Sagittarius,0.0336,0.5455
corsica,91.05,Cancer,0.0293,0.6667
cosmetic dentistry,308.74,Aquarius,0.1603,0.7143
cosmetic procedures,12.25,Aries,0.1009,0.5217
cosmetic surgery,325.09,Aquarius,0.0173,0.625
cosmetics,284.48,Capricorn,0.0895,0.45
cosmetology,183.35,Libra,0.0288,0.5652
cosplay,178.61,Virgo,0.0334,0.6667
costa rica,156.07,Virgo,0.0616,0.7895
costumes,251.82,Sagittarius,0.1544,0.9333
cote d'ivoire,133.88,Leo,0.0786,0.55
counseling,204.57,Libra,0.0306,0.6667
counseling services,222.98,Scorpio,0.1557,0.5714
counterterrorism,307.62,Aquarius,0.0367,0.625
countertops,4.72,Aries,0.085,0.8
country music,341.32,Pisces,0.0328,0.5238
coupes,35.07,Taurus,0.0312,0.625
coupons,188.4,Libra,0.0452,0.5
covid-19,23.93,Aries,0.1997,0.4286
craft supplies,122.86,Leo,0.0927,0.7083
crafts,137.13,Leo,0.0756,0.7368
credit,116.47,Cancer,0.0446,0.4
credit cards,85.27,Gemini,0.0339,0.5652
credit reporting,111.76,Cancer,0.0787,0.4762
crete,113.12,Cancer,0.0802,0.913
cricket,358.51,Pisces,0.0369,0.6818
cricket equipment,91.99,Cancer,0.1043,0.6364
crime,159.21,Virgo,0.1241,0.6522
criminal law,323.8,Aquarius,0.0219,0.6
croatia,157.2,Virgo,0.0773,0.8667
crops,98.62,Cancer,0.0039,0.381
cruiser bicycles,78.37,Gemini,0.1336,0.5
cruises,34.57,Taurus,0.0535,0.6842
cuba,50.08,Taurus,0.0495,0.6111
cuernavaca (morelos),134.84,Leo,0.0039,0.7647
cuisines,0.41,Aries,0.01,0.3333
culinary training,315.64,Aquarius,0.132,0.5789
cult,144.52,Leo,0.0139,0.3333
culture festivals,182.38,Libra,0.075,0.625
curacao,156.18,Virgo,0.0485,0.8
currencies,27.11,Aries,0.0123,0.4091
curtains,297.75,Capricorn,0.0229,0.5789
custom,110.04,Cancer,0.0522,0.4762
custom homes,321.59,Aquarius,0.054,0.4583
customer relationship management (crm),284.46,Capricorn,0.0628,0.5652
customer services,294.87,Capricorn,0.0264,0.3333
cutlery,253.21,Sagittarius,0.0412,0.4762
cutting accessories,177.14,Virgo,0.0429,0.5417
cycling,133.38,Leo,0.0693,0.8182
cycling apparel,185.28,Libra,0.0939,0.6
cyprus,95.91,Cancer,0.0856,0.7692
czech republic,138.27,Leo,0.1216,0.6471
daejeon,282.89,Capricorn,0.0548,0.7273
dairy,53.72,Taurus,0.0392,0.8182
dallas-fort worth,90.75,Cancer,0.0452,0.4167
dance,332.75,Pisces,0.0871,0.65
data backup,133.81,Leo,0.0712,0.6087
data formats,318.98,Aquarius,0.0375,0.4583
data management,340.77,Pisces,0.035,0.7273
data sheets,37.05,Taurus,0.0432,0.7391
dating,89.15,Gemini,0.0264,0.6522
day trading,22.29,Aries,0.1254,0.7619
debit,228.57,Scorpio,0.182,0.7273
debt collection,303.83,Aquarius,0.0104,0.6667
debt management,104.29,Cancer,0.1508,0.6111
defense,340.15,Pisces,0.0386,0.5652
defense industry,64.81,Gemini,0.0411,0.5
delaware,39.42,Taurus,0.0284,0.5217
delhi,303.35,Aquarius,0.0745,0.5
deltona-daytona beach,307.61,Aquarius,0.0946,0.5
demographics,76.78,Gemini,0.0237,0.1429
denim wear,227.23,Scorpio,0.0899,0.7391
denmark,155.3,Virgo,0.047,0.7857
denver,214.7,Scorpio,0.0325,0.5714
deodorants,148.81,Leo,0.043,0.5
department stores,242.51,Sagittarius,0.0937,0.619
depression,313.9,Aquarius,0.0772,0.6957
derivatives,286.49,Capricorn,0.1138,0.8261
design,284.04,Capricorn,0.0737,0.4783
design education,37.39,Taurus,0.052,0.4783
desktop computers,226.97,Scorpio,0.0107,0.4091
desktop publishing,187.13,Libra,0.103,0.4091
desserts,81.74,Gemini,0.085,0.6818
detoxification,17.6,Aries,0.0342,0.4167
detroit,134.2,Leo,0.1025,0.5
development,13.91,Aries,0.0614,0.6957
development tools,114.75,Cancer,0.0616,0.4348
developmental disabilities,23.51,Aries,0.1084,0.5417
device drivers,228.68,Scorpio,0.0347,0.5652
dhaka,227.13,Scorpio,0.1066,0.4348
diabetes,348.99,Pisces,0.0428,0.5652
diaspora,112.91,Cancer,0.0343,0.5909
dice games,321.47,Aquarius,0.0363,0.5455
dictionaries,277.17,Capricorn,0.0347,0.625
die-cast,335.84,Pisces,0.0247,0.4167
diesel vehicles,262.97,Sagittarius,0.1196,0.375
digestive disorders,286.23,Capricorn,0.0653,0.4545
digital arts,73.28,Gemini,0.0287,0.6842
digital currencies,43.86,Taurus,0.0922,0.5
digital wallets,70.39,Gemini,0.0827,0.5263
dining,131.54,Leo,0.0139,0.35
dining furniture,315.78,Aquarius,0.0215,0.5
direct mail marketing,154.51,Virgo,0.0647,0.4444
directories,358.28,Pisces,0.0397,0.6667
disabled,52.87,Taurus,0.0243,0.4545
disaster preparedness,172.66,Virgo,0.0667,0.75
discount,216.3,Scorpio,0.064,0.6957
discount offers,200.99,Libra,0.1014,0.7826
discrimination,331.08,Pisces,0.062,0.7391
dishwashers,262.01,Sagittarius,0.0091,0.619
displays,289.53,Capricorn,0.0919,0.7059
distance learning,109.95,Cancer,0.1196,0.6316
distance running,42.04,Taurus,0.0508,0.7
distributed,310.45,Aquarius,0.0954,0.8333
divination,218.65,Scorpio,0.0391,0.3
diving,184.34,Libra,0.1387,0.7222
divorce,344.66,Pisces,0.0084,0.5714
diy,174.27,Virgo,0.0816,0.5
dj resources,305.75,Aquarius,0.1979,0.625
document,317.22,Aquarius,0.0264,0.619
dodge,44.45,Taurus,0.0404,0.5714
dogs,145.26,Leo,0.0239,0.6875
doha,296.75,Capricorn,0.106,0.7391
domain registration,125.39,Leo,0.2212,0.6364
domestic services,211.43,Scorpio,0.0394,0.6667
dominica,349.33,Pisces,0.0158,0.8182
dominican republic,122.46,Leo,0.0575,0.6818
doors,41.69,Taurus,0.0326,0.5
download managers,288.51,Capricorn,0.0713,0.4444
drama films,299.46,Capricorn,0.0035,0.5455
drawing,174.73,Virgo,0.0852,0.7826
dress-up,46.68,Taurus,0.0553,0.4286
dresses,268.29,Sagittarius,0.0446,0.8095
dressings,8.72,Aries,0.0637,0.5
drink,325.47,Aquarius,0.0218,0.8235
driver education,142.05,Leo,0.0326,0.5217
driving,304.45,Aquarius,0.0503,0.619
driving instruction,187.13,Libra,0.0111,0.3478
driving laws,97.78,Cancer,0.1016,0.4762
drones,313.03,Aquarius,0.0306,0.3636
drug laws,268.05,Sagittarius,0.0324,0.3478
drugs,219.61,Scorpio,0.0385,0.5
dryers,275.52,Capricorn,0.016,0.619
dubai,333.5,Pisces,0.0907,0.5652
dublin,56.64,Taurus,0.0248,0.5
duets,291.19,Capricorn,0.0538,0.7273
dusseldorf,49.12,Taurus,0.0134,0.7778
dvd drives,315.97,Aquarius,0.0663,0.2667
dvd players,252.46,Sagittarius,0.026,0.6364
dvrs,183.32,Libra,0.0576,0.5
dyes,57.74,Taurus,0.0639,0.619
e-books,146.86,Leo,0.0386,0.6875
e-commerce services,283.88,Capricorn,0.0816,0.8571
ear nose,202.05,Libra,0.0267,0.6364
early childhood education,61.96,Gemini,0.0903,0.6316
earth sciences,229.84,Scorpio,0.0786,0.6818
east asia,288.39,Capricorn,0.0126,0.5217
east asian cuisine,157.89,Virgo,0.0565,0.0
east asian music,254.67,Sagittarius,0.1202,0.7647
east asians,203.97,Libra,0.0732,0.619
east france,273.12,Capricorn,0.0381,0.65
east india,209.78,Libra,0.0746,0.5652
east midlands,83.21,Gemini,0.0225,0.8571
east timor,157.64,Virgo,0.0085,0.5263
easter,73.13,Gemini,0.1262,0.65
eastern africa,167.16,Virgo,0.0802,0.6667
eastern china,16.89,Aries,0.0103,0.5455
eastern europe,274.54,Capricorn,0.0806,0.6429
eastern europeans,26.72,Aries,0.0627,0.3333
eating disorders,326.08,Aquarius,0.0592,0.7143
ecology,6.01,Aries,0.0296,0.8636
economics,339.17,Pisces,0.0547,0.7917
economy news,161.53,Virgo,0.0123,0.4783
ecotourism,339.5,Pisces,0.0533,0.6522
ecuador,225.86,Scorpio,0.0815,0.6818
edgy,16.59,Aries,0.0486,0.5714
edinburgh,203.41,Libra,0.0568,0.6
editing services,298.76,Capricorn,0.1066,0.4667
edmonton,207.17,Libra,0.0024,0.7143
education,319.19,Aquarius,0.0665,0.6087
education jobs,183.25,Libra,0.0868,0.3636
educational games,275.66,Capricorn,0.024,0.7083
educational software,129.49,Leo,0.0788,0.5
educational toys,347.26,Pisces,0.0357,0.4211
egg substitutes,219.2,Scorpio,0.0542,0.0
eggs,55.33,Taurus,0.0825,0.6471
egypt,24.2,Aries,0.079,0.55
ehime,150.15,Virgo,0.0449,0.4348
el paso,195.73,Libra,0.0641,0.5882
el salvador,143.37,Leo,0.0498,0.7619
elections,323.6,Aquarius,0.0568,0.619
electric,212.35,Scorpio,0.0174,0.6
electric bicycles,310.07,Aquarius,0.044,0.5217
electric skateboards,150.26,Virgo,0.1125,0.5
electrical,240.9,Sagittarius,0.0351,0.75
electrical test,318.51,Aquarius,0.0232,0.6364
electricity,243.36,Sagittarius,0.0374,0.7826
electronic accessories,200.63,Libra,0.1339,0.4091
electronic components,202.91,Libra,0.0189,0.6667
electronic music,67.12,Gemini,0.0157,0.4444
electronics,268.08,Sagittarius,0.0854,0.4286
electronics reference,219.22,Scorpio,0.0544,0.7143
email,94.25,Cancer,0.0975,0.6364
email marketing,53.04,Taurus,0.0386,0.4545
embassies,82.69,Gemini,0.0423,0.3889
emergency,11.6,Aries,0.0677,0.3333
emergency services,75.32,Gemini,0.0066,0.3158
emilia-romagna,241.95,Sagittarius,0.0405,0.4583
employment law,275.4,Capricorn,0.0665,0.5909
encyclopedias,119.78,Cancer,0.0573,0.5455
energy,282.64,Capricorn,0.0414,0.6957
energy drinks,43.5,Taurus,0.0289,0.5714
engine,25.88,Aries,0.0455,0.4762
engineering,232.87,Scorpio,0.1247,0.5417
england,98.9,Cancer,0.0905,0.6087
enterprise resource planning (erp),38.13,Taurus,0.0618,0.5882
enterprise technology,240.1,Sagittarius,0.1111,0.5217
entertainment,269.82,Sagittarius,0.0598,0.6818
entertainment industry,15.09,Aries,0.0484,0.4583
entertainment media,215.83,Scorpio,0.065,0.4762
entertainment news,114.92,Cancer,0.0361,0.7273
entomology,293.09,Capricorn,0.0909,0.3478
environment,146.96,Leo,0.0292,0.7826
environmental issues,343.34,Pisces,0.0528,0.65
equestrian,215.85,Scorpio,0.0442,0.4706
equipment,47.37,Taurus,0.1041,0.6
escrow,275.06,Capricorn,0.093,0.9444
esoteric traditions,188.69,Libra,0.0552,0.25
espirito santo,72.54,Gemini,0.0815,0.7368
espresso makers,243.53,Sagittarius,0.1097,0.4444
estate planning,4.15,Aries,0.137,0.4444
estonia,113.99,Cancer,0.0598,0.6471
ethics,287.9,Capricorn,0.0755,0.5909
ethiopia,321.01,Aquarius,0.0185,0.6957
ethnic,242.51,Sagittarius,0.0546,0.75
etiquette,229.25,Scorpio,0.0455,0.5294
europe,275.18,Capricorn,0.0269,0.6316
event,187.2,Libra,0.0734,0.7391
event entertainment,69.17,Gemini,0.038,0.5333
event planning,340.46,Pisces,0.0743,0.5217
events,332.93,Pisces,0.0554,0.619
exams,92.03,Cancer,0.086,0.75
exchange traded funds,330.5,Pisces,0.0383,0.5455
exchanges,38.95,Taurus,0.0295,0.6087
executive,320.89,Aquarius,0.1212,0.5833
executive branch,278.34,Capricorn,0.1349,0.75
exotic pets,92.9,Cancer,0.0557,0.4762
experimental,332.66,Pisces,0.0398,0.5238
expert content,167.4,Virgo,0.2108,0.55
export,350.37,Pisces,0.1353,0.5789
expos,80.14,Gemini,0.0524,0.3125
extensions,11.7,Aries,0.0368,0.6667
extremadura,277.17,Capricorn,0.0596,0.7368
extreme sports,308.68,Aquarius,0.0359,0.4615
eye exams,261.61,Sagittarius,0.1172,0.6087
eye makeup,286.68,Capricorn,0.1083,0.6667
eyeglasses,12.52,Aries,0.0097,0.7273
eyewear,45.97,Taurus,0.0294,0.5
face care products,22.25,Aries,0.0483,0.5
face cleansers,27.28,Aries,0.1157,0.5714
face lotions,196.84,Libra,0.0535,0.4545
face makeup,256.64,Sagittarius,0.1011,0.7391
facial hair removal,352.81,Pisces,0.0354,0.6957
facilities management,339.99,Pisces,0.0664,0.5417
factory automation,54.95,Taurus,0.1054,0.5455
family,182.4,Libra,0.0838,0.5
family films,202.12,Libra,0.016,0.4
family law,240.62,Sagittarius,0.0473,0.5
family travel,104.86,Cancer,0.0579,0.5263
family-oriented games,219.2,Scorpio,0.0543,0.0
fan fiction,107.88,Cancer,0.0271,0.6471
fantasy,13.88,Aries,0.0204,0.6429
fantasy books,27.0,Aries,0.0648,0.5
fantasy films,250.86,Sagittarius,0.0244,0.5909
fantasy shows,91.51,Cancer,0.0282,0.4211
fantasy sports,206.11,Libra,0.1198,0.75
farms,142.91,Leo,0.0483,0.6957
fashion,289.7,Capricorn,0.0911,0.65
fashion designers,338.58,Pisces,0.0112,0.7
fashion games,346.47,Pisces,0.0336,0.5
fashion modeling,227.31,Scorpio,0.0172,0.4706
fast food,44.33,Taurus,0.0382,0.619
fasteners,87.63,Gemini,0.0545,0.5
fauna,182.63,Libra,0.0665,0.4091
fax machines,155.86,Virgo,0.0853,0.6667
feminine hygiene products,181.15,Libra,0.0533,0.4545
fencing,212.15,Scorpio,0.0371,0.7143
ferrari,282.81,Capricorn,0.0184,0.5294
fiat,345.67,Pisces,0.0624,0.7222
fiber,220.42,Scorpio,0.0402,0.6667
field,216.36,Scorpio,0.0292,0.5238
fighting games,54.59,Taurus,0.0216,0.5909
fiji,193.55,Libra,0.0452,0.5
file sharing,351.24,Pisces,0.0097,0.5625
film,290.59,Capricorn,0.0514,0.4737
film festivals,69.73,Gemini,0.0448,0.5417
filtering,16.3,Aries,0.0391,0.6522
finance,78.92,Gemini,0.0268,0.5909
finance jobs,120.63,Leo,0.0887,0.65
financial aid,79.93,Gemini,0.0371,0.6364
financial crime,306.11,Aquarius,0.1007,0.5909
financial markets news,114.92,Cancer,0.0883,0.5789
financial planning,294.11,Capricorn,0.07,0.7143
financial software,69.03,Gemini,0.2624,0.7391
fine dining,305.49,Aquarius,0.0208,0.6667
finishing,265.34,Sagittarius,0.0489,0.7391
finland,132.7,Leo,0.0508,0.6471
fire,161.56,Virgo,0.0602,0.4737
fish,109.52,Cancer,0.03,0.4286
fishing,91.85,Cancer,0.108,0.7391
fitness,37.45,Taurus,0.1094,0.6522
fitness challenges,345.13,Pisces,0.127,0.3043
fitness equipment,44.66,Taurus,0.1022,0.4783
fitness instruction,219.47,Scorpio,0.0978,0.5
fitness video games,11.68,Aries,0.0892,0.5
fittings,144.66,Leo,0.0268,0.5714
flanders,53.01,Taurus,0.022,0.8462
flash drives,341.07,Pisces,0.0153,0.5714
flevoland,343.75,Pisces,0.0312,0.4762
flooring,40.5,Taurus,0.056,0.7143
flora,220.76,Scorpio,0.0223,0.5714
florida,59.14,Taurus,0.0276,0.6667
florida keys,311.87,Aquarius,0.0569,0.8
florida panhandle,30.56,Taurus,0.0882,0.5833
flowers,31.95,Taurus,0.0836,0.7
flu,272.93,Capricorn,0.0425,0.3333
folk,265.62,Sagittarius,0.039,0.6522
folklore,151.1,Virgo,0.1,0.7368
fonts,111.07,Cancer,0.0704,0.4545
food,67.26,Gemini,0.1184,0.6522
food allergies,92.03,Cancer,0.0246,0.5
food festivals,228.57,Scorpio,0.1135,0.7273
food mixers,137.24,Leo,0.0774,0.4444
food processors,194.26,Libra,0.0637,0.6667
food production,243.22,Sagittarius,0.0222,0.75
food service,105.02,Cancer,0.0359,0.5
food shows,33.67,Taurus,0.0163,0.5455
footwear,199.39,Libra,0.042,0.5238
ford,301.31,Aquarius,0.0397,0.7368
foreclosed properties,39.11,Taurus,0.0287,0.6667
foreign exchange,287.52,Capricorn,0.0249,0.6818
foreign language study,140.18,Leo,0.0801,0.7368
forestry,328.56,Aquarius,0.0486,0.4762
formal wear,274.96,Capricorn,0.0484,0.7391
forms,58.13,Taurus,0.0562,0.5833
fortaleza,251.16,Sagittarius,0.0783,0.7083
forum,317.88,Aquarius,0.0628,0.5455
fragrances,311.93,Aquarius,0.0674,0.7619
france,169.05,Virgo,0.0996,0.85
frankfurt,97.18,Cancer,0.0056,0.7083
freeware,178.76,Virgo,0.0159,0.4118
freezers,290.89,Capricorn,0.0154,0.5
freight transport,259.46,Sagittarius,0.0978,0.6522
french cuisine,333.94,Pisces,0.0173,0.55
french guiana,283.6,Capricorn,0.0139,0.5789
friendship,199.5,Libra,0.1172,0.4545
friesland,8.04,Aries,0.0427,0.5238
friuli-venezia giulia,39.47,Taurus,0.0384,0.5833
frozen desserts,91.51,Cancer,0.2054,0.3636
fruits,98.91,Cancer,0.1736,0.65
fujian,310.86,Aquarius,0.0933,0.5217
fukuoka,151.3,Virgo,0.043,0.2
fun,106.16,Cancer,0.0848,0.35
fun tests,227.28,Scorpio,0.0875,0.5
funds,351.8,Pisces,0.1381,0.5455
furnished rentals,95.93,Cancer,0.0573,0.75
futures trading,57.14,Taurus,0.0964,0.3636
gadgets,238.19,Scorpio,0.0175,0.5652
galapagos islands,11.17,Aries,0.0764,0.6
galicia,142.98,Leo,0.0242,0.7222
games,265.4,Sagittarius,0.0233,0.6818
gaming reference,15.64,Aries,0.0795,0.4286
gangs,170.95,Virgo,0.0547,0.7059
gangwon,268.32,Sagittarius,0.0058,0.5417
gansu,172.61,Virgo,0.0756,0.5556
garden,92.98,Cancer,0.0907,0.875
garden structures,25.65,Aries,0.208,0.4762
garden tv shows,108.22,Cancer,0.0475,0.5
gardening,58.6,Taurus,0.207,0.8261
gardens,65.64,Gemini,0.1118,0.6
gas,272.05,Capricorn,0.0351,0.3182
gatlinburg,188.57,Libra,0.0517,0.7826
gay,132.16,Leo,0.0421,0.8571
gear,203.12,Libra,0.013,0.8125
gelderland,130.35,Leo,0.0211,0.5
gems,357.52,Pisces,0.0624,0.6364
genealogy,57.16,Taurus,0.0746,0.4118
general reference,205.28,Libra,0.2009,0.5652
generators,34.57,Taurus,0.0455,0.55
genetics,333.24,Pisces,0.068,0.8182
geneva,71.09,Gemini,0.0939,0.55
genoa,259.58,Sagittarius,0.0625,0.6667
geology,306.1,Aquarius,0.0523,0.7619
georgia,74.42,Gemini,0.0129,0.5714
georgia (usa),108.02,Cancer,0.0256,0.625
gerd,35.82,Taurus,0.0114,0.6316
geriatrics,307.56,Aquarius,0.0539,0.625
german cuisine,199.78,Libra,0.0138,0.5652
germany,151.91,Virgo,0.0913,0.8947
get ready with me videos,162.75,Virgo,0.0882,0.75
ghana,140.01,Leo,0.0329,0.6875
gift baskets,296.27,Capricorn,0.1056,0.9
gifts,337.78,Pisces,0.0885,0.6364
gifu,244.37,Sagittarius,0.0093,0.6316
glasgow,70.19,Gemini,0.0114,0.5714
global warming,294.48,Capricorn,0.0795,0.8333
gmc,331.39,Pisces,0.0563,0.5
goa,23.1,Aries,0.1262,0.55
goias,204.08,Libra,0.1013,0.5789
gold coast,79.41,Gemini,0.0443,0.7619
golf,93.93,Cancer,0.1033,0.8095
golf equipment,340.56,Pisces,0.0601,0.6
gospel music,346.42,Pisces,0.0219,0.5789
goth subculture,219.48,Scorpio,0.084,0.4348
gourmet,10.56,Aries,0.0429,0.5714
government,297.77,Capricorn,0.0487,0.6957
government agencies,338.37,Pisces,0.0365,0.4
government contracting,173.5,Virgo,0.0198,0.5
government grants,321.03,Aquarius,0.0283,0.5909
gps,225.36,Scorpio,0.0723,0.4783
graduate education,14.02,Aries,0.079,0.4286
graduation,100.55,Cancer,0.1203,0.8182
grains,321.32,Aquarius,0.012,0.6957
grand strand,189.88,Libra,0.14,0.4091
grants,213.75,Scorpio,0.0142,0.4783
graphic design,51.89,Taurus,0.0407,0.7273
graphics,314.21,Aquarius,0.0105,0.8095
greater cleveland,3.91,Aries,0.0992,0.5263
greater hartford,169.48,Virgo,0.1086,0.5
greater toronto,92.51,Cancer,0.0612,0.6522
greece,100.69,Cancer,0.0782,0.85
greek cuisine,244.09,Sagittarius,0.0329,0.4762
green,302.06,Aquarius,0.0059,0.6
green living,3.57,Aries,0.0145,0.6
greenville,183.81,Libra,0.0356,0.6522
greeting cards,226.89,Scorpio,0.1847,0.8235
grenada,157.68,Virgo,0.0784,0.5714
grenadines,23.19,Aries,0.0145,0.6
grilling,110.44,Cancer,0.1738,0.8333
grills,162.5,Virgo,0.0271,0.5385
grocery delivery,23.39,Aries,0.1806,0.3913
groningen,210.89,Scorpio,0.0348,0.7273
guadalajara,116.83,Cancer,0.0108,0.7778
guadeloupe,357.95,Pisces,0.1207,0.5882
guam,140.19,Leo,0.0643,0.5
guanajuato,240.15,Sagittarius,0.0324,0.55
guangdong,201.07,Libra,0.0338,0.6923
guangxi,122.15,Leo,0.1099,0.5833
guangzhou,278.02,Capricorn,0.0485,0.3
guatemala,155.69,Virgo,0.0668,0.6957
guerrero,101.25,Cancer,0.0433,0.4737
guided tours,305.0,Aquarius,0.0556,0.3636
guides,8.59,Aries,0.0122,0.3913
guitars,279.22,Capricorn,0.0172,0.8
guizhou,82.41,Gemini,0.086,0.8182
gujarat,238.88,Scorpio,0.0321,0.5909
gunma,117.69,Cancer,0.0313,0.4783
guyana,80.93,Gemini,0.0185,0.4762
gwangju,120.91,Leo,0.0691,0.35
gymnastics equipment,222.73,Scorpio,0.0393,0.625
gyms,149.81,Leo,0.0765,0.7368
hainan,352.5,Pisces,0.0393,0.4211
hair accessories,105.53,Cancer,0.0177,0.4211
hair care,142.81,Leo,0.1134,0.5455
hair cutting,91.55,Cancer,0.0431,0.6818
hair inspiration,284.96,Capricorn,0.0413,0.6364
hair loss,156.32,Virgo,0.0713,0.5417
hair styling tools,255.57,Sagittarius,0.04,0.5833
halloween,247.61,Sagittarius,0.1695,0.9444
hamburg,138.07,Leo,0.0301,0.4615
hand,314.04,Aquarius,0.027,0.7059
handbags,195.8,Libra,0.0245,0.3889
handball,324.14,Aquarius,0.0702,0.7143
handheld game consoles,248.5,Sagittarius,0.0619,0.5217
handhelds,239.7,Scorpio,0.0357,0.6667
hangzhou,201.96,Libra,0.0689,0.4286
hanoi,4.89,Aries,0.0525,0.5
harare,199.51,Libra,0.0708,0.4286
harbin,339.18,Pisces,0.0774,0.7
hard drives,343.45,Pisces,0.0449,0.6667
hard rock,94.75,Cancer,0.0471,0.6
hardware modding,157.89,Virgo,0.0565,0.5
hatchbacks,166.9,Virgo,0.0176,0.5714
hauts-de-france,63.18,Gemini,0.0791,0.6667
hawaii,216.59,Scorpio,0.1441,0.4375
hdtvs,21.16,Aries,0.0541,0.5556
headaches,63.01,Gemini,0.0394,0.3889
headboards,348.92,Pisces,0.0154,0.7222
headphones,239.32,Scorpio,0.0623,0.5217
headwear,226.65,Scorpio,0.0505,0.4348
health,43.42,Taurus,0.0367,0.5417
health clubs,221.51,Scorpio,0.0882,0.45
health conditions,347.43,Pisces,0.0285,0.4545
health education,272.88,Capricorn,0.0388,0.6087
health foundations,286.16,Capricorn,0.1048,0.4762
health insurance,192.93,Libra,0.068,0.6667
health news,144.96,Leo,0.0278,0.25
health policy,20.77,Aries,0.0946,0.7273
healthy eating,347.64,Pisces,0.0802,0.4737
hearing impairment,185.5,Libra,0.1626,0.5833
heart,7.22,Aries,0.0457,0.7059
heat pumps,350.02,Pisces,0.077,0.5652
heaters,280.57,Capricorn,0.138,0.6957
heavy machinery,300.79,Aquarius,0.0429,0.381
hebei,64.35,Gemini,0.0463,0.6364
hedge funds,347.03,Pisces,0.0465,0.5
heilongjiang,34.78,Taurus,0.0145,0.4444
henan,173.6,Virgo,0.0766,0.6
herbs,50.21,Taurus,0.1123,0.6087
hesse,34.53,Taurus,0.0125,0.6667
high intensity interval training,37.64,Taurus,0.0638,0.5217
high performance,345.87,Pisces,0.0261,0.6667
hiking,92.98,Cancer,0.0425,0.5
hinduism,291.47,Capricorn,0.0162,0.6364
hints,328.18,Aquarius,0.0449,0.6842
hip-hop,255.15,Sagittarius,0.1007,0.5
hiroshima,206.09,Libra,0.0218,0.75
historical sites,341.12,Pisces,0.0664,0.5789
history,358.21,Pisces,0.0535,0.619
hiv,280.01,Capricorn,0.1125,0.6842
ho chi minh city,318.25,Aquarius,0.038,0.6316
hobbies,250.9,Sagittarius,0.0662,0.5
hockey,308.12,Aquarius,0.1298,0.7143
hockey equipment,274.68,Capricorn,0.0637,0.7778
hokkaido,238.3,Scorpio,0.0346,0.6364
holiday supplies,92.26,Cancer,0.0671,0.5714
holidays,306.27,Aquarius,0.106,0.8182
home,67.28,Gemini,0.0486,0.7143
home appliances,283.63,Capricorn,0.0556,0.45
home automation,283.4,Capricorn,0.0563,0.5455
home cleaning,108.66,Cancer,0.0592,0.5652
home delivery services,201.79,Libra,0.1403,0.0
home equity loans,213.0,Scorpio,0.1457,0.6429
home financing,262.47,Sagittarius,0.1248,0.4783
home furnishings,45.41,Taurus,0.0564,0.4583
home insurance,96.59,Cancer,0.0857,0.5263
home office,30.41,Taurus,0.1147,0.6818
home refinancing,229.07,Scorpio,0.041,0.6667
home safety,350.61,Pisces,0.0153,0.6087
home storage,84.1,Gemini,0.0565,0.4737
home swimming pools,107.85,Cancer,0.0841,0.875
home theater systems,169.57,Virgo,0.1624,0.5263
homeschooling,69.42,Gemini,0.1438,0.6087
honda,66.99,Gemini,0.0325,0.6111
honduras,160.86,Virgo,0.0587,0.95
honeymoons,190.47,Libra,0.0613,0.619
hong kong,200.77,Libra,0.0716,0.4444
horror books,256.83,Sagittarius,0.0158,0.5455
horror films,63.2,Gemini,0.015,0.7826
horror games,82.71,Gemini,0.1178,0.8571
horticulture,199.72,Libra,0.0072,0.4545
hosiery,199.89,Libra,0.0466,0.5714
hospitality industry,95.32,Cancer,0.0139,0.5417
hospitals,48.22,Taurus,0.0915,0.3158
hosting,8.42,Aries,0.0393,0.7391
hotels,152.75,Virgo,0.0136,0.6522
house painting,54.99,Taurus,0.0903,0.7059
household supplies,152.76,Virgo,0.0852,0.6875
housing,58.65,Taurus,0.0519,0.5
how-to,45.07,Taurus,0.0085,0.5238
hsinchu,181.49,Libra,0.0915,0.5238
hubei,318.41,Aquarius,0.1242,0.5
human resources,342.45,Pisces,0.0476,0.6957
human rights,301.39,Aquarius,0.0444,0.6818
humanities,86.46,Gemini,0.0345,0.6522
hummer,270.67,Capricorn,0.0278,0.3333
hunan,352.81,Pisces,0.0873,0.7
hungary,137.05,Leo,0.1109,0.7647
hunger,330.27,Pisces,0.0581,0.5
hunting,257.43,Sagittarius,0.1076,0.8947
hvac,106.76,Cancer,0.0771,0.7273
hybrid,274.17,Capricorn,0.0533,0.5
hyderabad,264.01,Sagittarius,0.0984,0.6087
hydropower,30.42,Taurus,0.0648,0.6957
hygiene,324.4,Aquarius,0.0601,0.5455
hypertension,325.41,Aquarius,0.0529,0.7727
hyundai,121.45,Leo,0.0286,0.4211
ibaraki,101.11,Cancer,0.0427,0.5
ice cream,129.48,Leo,0.1225,0.8095
ice skating,336.42,Pisces,0.1454,0.75
iceland,114.71,Cancer,0.1061,0.6842
idaho,107.19,Cancer,0.0222,0.6
identity groups,353.47,Pisces,0.0865,0.4286
identity relations,82.64,Gemini,0.1695,0.4444
identity theft protection,55.02,Taurus,0.0218,0.5417
ile-de-france,359.4,Pisces,0.0542,0.3684
illinois,318.83,Aquarius,0.0302,0.5909
illustration,4.45,Aries,0.0637,0.6364
image sharing,313.0,Aquarius,0.0452,0.5652
immigration,336.72,Pisces,0.1095,0.8182
immigration policy,243.57,Sagittarius,0.0307,0.6364
immunizations,271.37,Capricorn,0.0909,0.65
import,345.81,Pisces,0.1082,0.6667
incheon,199.32,Libra,0.0129,0.6875
india,122.35,Leo,0.0421,0.6667
indian cuisine,159.37,Virgo,0.0207,0.5909
indian ocean islands,63.72,Gemini,0.1524,0.6667
indiana,85.27,Gemini,0.0266,0.6842
indianapolis,159.96,Virgo,0.0568,0.7
indie,20.56,Aries,0.0275,0.8095
indigenous peoples,251.27,Sagittarius,0.1946,0.9091
individual sports,17.12,Aries,0.0679,0.6522
indonesia,253.86,Sagittarius,0.0775,0.3043
industrial,20.23,Aries,0.0863,0.5455
industrial handling,31.2,Taurus,0.1088,0.619
industrial materials,134.2,Leo,0.0774,0.5
industrial measurement,356.75,Pisces,0.0746,0.5455
industrial music,6.49,Aries,0.0311,0.9091
industry shows,182.47,Libra,0.0338,0.4444
infertility,291.03,Capricorn,0.0032,0.4167
inheritance,211.39,Scorpio,0.0255,0.619
injury,278.39,Capricorn,0.0478,0.5
ink,20.82,Aries,0.0527,0.5385
inland empire,12.31,Aries,0.0174,0.6667
inner mongolia,259.26,Sagittarius,0.0369,0.5455
input devices,191.9,Libra,0.0809,0.6364
insects,95.6,Cancer,0.1048,0.5
instant messaging,226.73,Scorpio,0.0157,0.2857
instruction,205.34,Libra,0.1376,0.3077
insurance,228.74,Scorpio,0.0602,0.6364
intellectual property,323.13,Aquarius,0.0308,0.5909
intelligence,184.84,Libra,0.0485,0.4667
interior decor,133.3,Leo,0.0229,0.6957
interior design,115.07,Cancer,0.0606,0.4783
internal martial arts,315.6,Aquarius,0.1554,0.4444
international relations,225.3,Scorpio,0.0284,0.5652
internet,47.82,Taurus,0.0065,0.6842
internet cafes,327.61,Aquarius,0.0605,0.35
internet software,86.15,Gemini,0.0378,0.4348
internships,59.95,Taurus,0.0297,0.6818
investigations,15.12,Aries,0.062,0.7
investing,8.98,Aries,0.0897,0.7222
investment banking,247.52,Sagittarius,0.0042,0.7143
invoicing,249.8,Sagittarius,0.0277,0.5
ios apps,238.57,Scorpio,0.0946,0.7059
iowa,288.03,Capricorn,0.0504,0.55
iran,165.17,Virgo,0.0935,0.5294
iraq,27.05,Aries,0.0316,0.2353
ireland,76.81,Gemini,0.041,0.8
ishikawa,283.85,Capricorn,0.0224,0.619
islam,306.7,Aquarius,0.031,0.5217
islamic holidays,327.9,Aquarius,0.1018,0.6667
islands,47.82,Taurus,0.0349,0.6364
isps,272.71,Capricorn,0.1193,0.5909
israel,126.96,Leo,0.0854,0.55
istanbul,303.94,Aquarius,0.0488,0.55
isuzu,278.08,Capricorn,0.0662,0.7619
italian cuisine,310.55,Aquarius,0.0817,0.4091
italy,109.69,Cancer,0.1333,0.6667
izmir,19.0,Aries,0.0632,0.6
jacksonville,173.76,Virgo,0.0519,0.4737
jaguar,65.34,Gemini,0.0103,0.3889
jaipur,301.16,Aquarius,0.1468,0.5238
jakarta,293.54,Capricorn,0.0593,0.55
jalisco,146.11,Leo,0.0114,0.5789
jamaica,101.03,Cancer,0.051,0.7
jams,350.46,Pisces,0.0328,0.5
japanese cuisine,289.51,Capricorn,0.017,0.5
japanese martial arts,108.02,Cancer,0.0176,0.6429
japanese pop,326.92,Aquarius,0.03,0.4444
java (programming language),152.67,Virgo,0.0606,0.7143
jazz,312.53,Aquarius,0.0562,0.8235
jeddah,275.71,Capricorn,0.0251,0.5294
jeep,359.16,Pisces,0.0089,0.4706
jeju,82.61,Gemini,0.1296,0.7333
jellies,252.91,Sagittarius,0.0059,0.45
jerusalem,358.45,Pisces,0.0168,0.6923
jewelry,267.83,Sagittarius,0.0117,0.5
jewish culture,266.24,Sagittarius,0.1409,0.5417
jewish holidays,169.82,Virgo,0.066,0.7143
jiangsu,4.25,Aries,0.0446,0.6154
jilin,55.02,Taurus,0.0139,0.9167
job listings,59.02,Taurus,0.0547,0.3333
jobs,232.03,Scorpio,0.0501,0.8
johannesburg,43.99,Taurus,0.0029,0.4091
jordan,18.81,Aries,0.0391,0.6667
journalism,217.26,Scorpio,0.004,0.7826
judaism,257.16,Sagittarius,0.0262,0.55
judiciary,299.67,Capricorn,0.0619,0.7826
juice,196.22,Libra,0.0189,0.65
juicers,351.46,Pisces,0.084,0.5625
justice,42.55,Taurus,0.0247,0.3529
kagoshima,132.19,Leo,0.0347,0.3636
kalimantan,270.7,Capricorn,0.0849,0.7619
kanagawa,221.81,Scorpio,0.0077,0.1875
kansai,151.82,Virgo,0.0092,0.5417
kansas,309.64,Aquarius,0.0339,0.8421
kansas city,284.22,Capricorn,0.0393,0.8333
kanto,113.53,Cancer,0.0139,0.6316
kaohsiung,216.19,Scorpio,0.0533,0.4583
karachi,85.03,Gemini,0.0459,0.6087
karate,97.07,Cancer,0.0129,0.3636
karnataka,51.28,Taurus,0.1731,0.6
kauai,14.99,Aries,0.0346,0.5455
kawasaki,71.36,Gemini,0.0799,0.3333
kazakhstan,302.54,Aquarius,0.0365,0.6087
kentucky,110.25,Cancer,0.0521,0.7143
kenya,99.88,Cancer,0.0335,0.625
kerala,102.54,Cancer,0.1115,0.4762
keyboards,331.87,Pisces,0.0682,0.4737
kia,147.22,Leo,0.0351,0.7143
kickboxing,320.38,Aquarius,0.0359,0.5833
kiev,329.63,Aquarius,0.0968,0.4545
kinshasa,12.2,Aries,0.0468,0.3333
kitchen,100.35,Cancer,0.0911,0.6316
kitchen hoods,265.88,Sagittarius,0.0477,0.3478
kitchen utensils,143.84,Leo,0.065,0.5652
knowledge management,46.93,Taurus,0.0122,0.6
kochi,301.87,Aquarius,0.0361,0.4
kolkata,285.73,Capricorn,0.0625,0.5238
konya,305.99,Aquarius,0.0656,0.625
korean cuisine,330.55,Pisces,0.0392,0.4783
korean pop,185.2,Libra,0.0182,0.6
kosher foods,67.88,Gemini,0.0374,0.25
kosovo,309.84,Aquarius,0.0173,0.8182
kuala lumpur,276.65,Capricorn,0.0389,0.6957
kumamoto,106.15,Cancer,0.0958,0.6923
kuwait,15.33,Aries,0.0535,0.4091
kyoto,11.47,Aries,0.0804,0.2353
kyrgyzstan,177.91,Virgo,0.0482,0.6087
kyushu,290.65,Capricorn,0.0661,0.619
la rioja,54.08,Taurus,0.0233,0.8
labor,247.65,Sagittarius,0.0518,0.7778
labor movement,211.62,Scorpio,0.0465,0.5652
labrador,30.19,Taurus,0.032,0.5
lacrosse,40.34,Taurus,0.132,0.7059
lagos,205.52,Libra,0.0442,0.3913
lahore,2.21,Aries,0.1702,0.5455
lake tahoe,171.65,Virgo,0.0573,0.8333
lakes,163.57,Virgo,0.0583,0.5
lamborghini,331.61,Pisces,0.0344,0.5385
lamps,279.32,Capricorn,0.1033,0.6111
land,5.39,Aries,0.0614,0.8235
land rover,268.84,Sagittarius,0.0409,0.5789
landscape design,58.15,Taurus,0.0938,0.7273
language resources,38.84,Taurus,0.0565,0.4583
languedoc-roussillon,306.02,Aquarius,0.0818,0.6667
laos,270.02,Capricorn,0.1126,0.5
laptops,153.9,Virgo,0.08,0.7727
las vegas,356.8,Pisces,0.038,0.8889
laser vision correction,337.1,Pisces,0.0975,0.0
last minute travel,126.75,Leo,0.141,0.381
latin america,267.26,Sagittarius,0.0598,0.7647
latin cuisine,61.53,Gemini,0.1215,0.4545
latin music,56.01,Taurus,0.0242,0.4762
latin pop,158.1,Virgo,0.0429,0.5238
latinos,249.98,Sagittarius,0.034,0.4375
latvia,92.4,Cancer,0.0607,0.7
laundry,68.52,Gemini,0.0207,0.5556
law,280.03,Capricorn,0.063,0.5
law enforcement,169.68,Virgo,0.0036,0.6667
lawn,85.96,Gemini,0.2042,1.0
lawn mowers,93.71,Cancer,0.1488,0.8636
lazio,250.45,Sagittarius,0.0302,0.6
lcd tvs,225.61,Scorpio,0.1042,0.7
learning,351.47,Pisces,0.0636,0.6667
lebanon,231.6,Scorpio,0.0826,0.6
legal,7.16,Aries,0.0158,0.25
legal education,149.7,Leo,0.0398,0.5455
legal jobs,106.66,Cancer,0.0606,0.55
legal services,358.83,Pisces,0.0431,0.5417
legal shows,48.04,Taurus,0.0507,0.5789
legislative branch,286.41,Capricorn,0.1815,0.7083
leisure,92.75,Cancer,0.0312,0.6
lending,237.15,Scorpio,0.0318,0.6667
lesson plans,330.35,Pisces,0.0358,0.6087
lexus,5.65,Aries,0.0281,0.4545
liaoning,317.78,Aquarius,0.0726,0.6429
liberties,260.02,Sagittarius,0.021,0.6364
libraries,21.85,Aries,0.0479,0.5652
libya,52.07,Taurus,0.1014,0.1667
liechtenstein,102.09,Cancer,0.0492,0.8889
life hacks,123.57,Leo,0.0521,0.7143
life insurance,338.96,Pisces,0.0183,0.5
life simulation games,142.65,Leo,0.082,0.5
lighting,251.0,Sagittarius,0.0237,0.6471
liguria,341.16,Pisces,0.0272,0.5556
lille,264.55,Sagittarius,0.0386,0.4783
lima,130.27,Leo,0.0671,0.6316
limburg,334.57,Pisces,0.0814,0.7333
limousin,181.62,Libra,0.0551,0.55
lincoln,314.44,Aquarius,0.0306,0.5714
lines of credit,267.87,Sagittarius,0.1088,0.4545
linux,22.87,Aries,0.098,0.6
lip makeup,286.64,Capricorn,0.0348,0.6667
liquidators,45.48,Taurus,0.0674,0.5238
lisbon,210.83,Scorpio,0.0267,0.3571
listings,171.08,Virgo,0.0648,0.7619
literary classics,157.84,Virgo,0.0556,0.5
literature,310.2,Aquarius,0.13,0.6957
lithuania,155.16,Virgo,0.0383,0.9
live comedy,78.56,Gemini,0.0823,0.5
live sporting events,312.03,Aquarius,0.0447,1.0
live video streaming,156.16,Virgo,0.0714,0.5417
liverpool,163.86,Virgo,0.0188,0.7143
livestock,116.27,Cancer,0.0133,0.5652
living room furniture,85.9,Gemini,0.0234,0.5652
loans,237.03,Scorpio,0.0352,0.35
lobbying,295.76,Capricorn,0.1155,0.5238
local government,298.87,Capricorn,0.0728,0.8696
local guides,339.65,Pisces,0.0373,0.35
local news,98.07,Cancer,0.0817,0.4348
locks,114.25,Cancer,0.021,0.6
locksmiths,135.35,Leo,0.1524,0.5455
logistics,158.74,Virgo,0.0251,0.45
lombardy,343.41,Pisces,0.0921,0.6923
london (uk),101.94,Cancer,0.0184,0.5294
long distance bus,267.5,Sagittarius,0.0325,0.5217
long term care,43.23,Taurus,0.1217,0.4783
lorraine,187.29,Libra,0.0625,0.6316
los angeles,270.96,Capricorn,0.0292,0.4737
los cabos,3.64,Aries,0.0092,0.65
lots,326.83,Aquarius,0.0348,0.8
louisiana,173.56,Virgo,0.0155,0.5
lounge wear,253.85,Sagittarius,0.1613,0.5652
low cost,332.72,Pisces,0.0021,0.5714
lower saxony,6.84,Aries,0.0367,0.5909
loyalty cards,329.62,Aquarius,0.0686,0.3333
lubricants,301.92,Aquarius,0.0159,0.7083
luggage,178.47,Virgo,0.0383,0.7273
luxembourg,260.76,Sagittarius,0.0154,0.7273
luxury goods,221.44,Scorpio,0.1426,0.3478
luxury travel,109.76,Cancer,0.0764,0.4762
luxury vehicles,151.24,Virgo,0.1422,0.5
lyon,132.67,Leo,0.0223,0.7143
lyric videos,322.61,Aquarius,0.0087,0.4762
mac os,194.71,Libra,0.0236,0.7333
macau,293.26,Capricorn,0.048,0.4545
machine learning,42.71,Taurus,0.0283,0.3913
madeira,130.41,Leo,0.0788,0.4737
madhya pradesh,276.94,Capricorn,0.1094,0.5833
madrid,111.37,Cancer,0.0274,0.6522
magazines,277.25,Capricorn,0.0159,0.4091
magic,175.66,Virgo,0.0319,0.5263
maharashtra,18.2,Aries,0.0676,0.6667
mail,321.32,Aquarius,0.018,0.5625
maine,211.61,Scorpio,0.0499,0.6087
maintenance,61.57,Gemini,0.049,0.5217
make-up,280.54,Capricorn,0.0586,0.6429
makeup removers,54.22,Taurus,0.1048,0.6667
malawi,307.3,Aquarius,0.0515,0.6842
malaysia,191.96,Libra,0.1087,0.4783
maldives,15.05,Aries,0.0428,0.2105
male impotence,217.69,Scorpio,0.1155,0.4615
mali,310.28,Aquarius,0.0411,0.619
malta,150.08,Virgo,0.0847,0.75
maluku islands,38.57,Taurus,0.1699,1.0
malware,70.08,Gemini,0.0812,0.619
management,330.84,Pisces,0.0616,0.4762
management jobs,125.14,Leo,0.0474,0.5833
manchester,220.76,Scorpio,0.0173,0.6667
mandopop,252.25,Sagittarius,0.0467,0.5909
manga,22.21,Aries,0.055,0.7333
manicures,69.8,Gemini,0.0186,0.5
manila,146.21,Leo,0.0391,0.6842
manitoba,303.81,Aquarius,0.0263,0.7692
manufactured homes,24.18,Aries,0.0432,0.4545
manufacturing,294.96,Capricorn,0.0368,0.5
maps,169.27,Virgo,0.0807,0.4375
mardi gras,11.66,Aries,0.1494,0.7273
marine sciences,314.86,Aquarius,0.0774,0.6667
maritime transport,7.7,Aries,0.0376,0.5217
marketing,7.85,Aries,0.059,0.6087
marketing jobs,206.76,Libra,0.0431,0.4545
marriage,321.07,Aquarius,0.0267,0.6522
marseille,246.62,Sagittarius,0.0571,0.6316
martial arts equipment,211.52,Scorpio,0.0287,0.4583
martial arts films,245.34,Sagittarius,0.0284,0.55
martinique,357.97,Pisces,0.0804,0.55
maryland,336.76,Pisces,0.0248,0.6818
maserati,290.12,Capricorn,0.0557,0.4706
massachusetts,309.09,Aquarius,0.0501,0.4667
massage therapy,139.05,Leo,0.0225,0.5
maternity,47.64,Taurus,0.0417,0.5455
mathematics,223.86,Scorpio,0.0739,0.75
mato grosso,96.2,Cancer,0.014,0.65
mato grosso do sul,234.34,Scorpio,0.0287,0.6522
matrimonial services,5.78,Aries,0.0567,0.0
mattresses,51.26,Taurus,0.0201,0.4545
maui,28.33,Aries,0.1125,0.4737
mazda,4.38,Aries,0.0598,0.6842
meal kits,29.35,Aries,0.1405,0.4762
measurement,296.35,Capricorn,0.0697,0.5455
meat,232.13,Scorpio,0.0214,0.5714
mecklenburg-vorpommern,8.23,Aries,0.0395,0.3913
media critics,193.36,Libra,0.0679,0.6667
media players,3.39,Aries,0.0328,0.45
media studies,296.4,Capricorn,0.0097,0.8636
medical devices,314.77,Aquarius,0.084,0.4091
medical facilities,314.55,Aquarius,0.0551,0.4783
medical jobs,143.22,Leo,0.0578,0.6522
medical literature,314.45,Aquarius,0.036,0.375
medical photos,120.13,Leo,0.0731,0.7
medical procedures,170.12,Virgo,0.0129,0.5263
medical research,330.34,Pisces,0.0165,0.4348
medical tests,163.87,Virgo,0.0118,0.2778
medical tourism,239.53,Scorpio,0.0101,0.5
medical training,92.71,Cancer,0.0066,0.5909
medications,24.88,Aries,0.0475,0.5714
meditation,9.79,Aries,0.0642,0.6667
mediterranean cuisine,136.47,Leo,0.0652,0.5455
mediterranean europe,193.42,Libra,0.0875,0.4783
mediterranean turkey,150.35,Virgo,0.1427,0.4091
melanesia,112.67,Cancer,0.0788,0.5714
melbourne,16.47,Aries,0.0363,0.6667
memorabilia,249.81,Sagittarius,0.0171,0.6667
memory cards,305.1,Aquarius,0.0081,0.5238
memphis,5.33,Aries,0.0108,0.381
men's clothing,224.68,Scorpio,0.2734,0.4545
men's health,304.15,Aquarius,0.1572,0.7273
mental health,321.56,Aquarius,0.0842,0.7917
mercedes-benz,354.28,Pisces,0.0496,0.8125
merchant services,204.76,Libra,0.1055,0.619
mercury,279.69,Capricorn,0.1182,0.5
mergers,319.52,Aquarius,0.0415,0.6154
merida,52.01,Taurus,0.0461,0.8333
merit prizes,187.31,Libra,0.0958,0.0
messaging,310.76,Aquarius,0.0108,0.6875
metal (music),305.3,Aquarius,0.0139,0.6667
metals,256.45,Sagittarius,0.0864,0.7083
mexican cuisine,19.68,Aries,0.0705,0.6087
mexico,179.71,Virgo,0.0812,0.8
mexico city,237.72,Scorpio,0.029,0.4706
mexico state,304.44,Aquarius,0.0402,0.8889
miami-dade,267.6,Sagittarius,0.0817,0.4706
michigan,259.65,Sagittarius,0.0691,0.7143
microblogging,348.86,Pisces,0.0521,0.6
microcars,45.32,Taurus,0.0153,0.3684
microwaves,353.06,Pisces,0.0446,0.8333
middle africa,266.54,Sagittarius,0.0286,0.3333
middle east,318.45,Aquarius,0.0393,0.5652
midwest (usa),61.82,Gemini,0.0708,0.625
mie,50.9,Taurus,0.0258,0.7391
migraines,132.2,Leo,0.0097,0.6842
milan,266.38,Sagittarius,0.0375,0.6364
military,37.16,Taurus,0.0203,0.5
military history,43.97,Taurus,0.0192,0.4091
milwaukee,255.62,Sagittarius,0.026,0.6667
minas gerais,313.83,Aquarius,0.0533,0.7222
mindfulness,0.68,Aries,0.0953,0.9524
minecraft,147.75,Leo,0.0456,0.6842
mini,231.59,Scorpio,0.0274,0.5909
miniatures,1.05,Aries,0.0757,0.6667
mining,50.5,Taurus,0.0667,0.6667
minivans,293.99,Capricorn,0.0252,0.6
minnesota,276.3,Capricorn,0.0723,0.75
mississippi,285.94,Capricorn,0.0277,0.5789
missouri,286.7,Capricorn,0.0329,0.65
mitsubishi,318.34,Aquarius,0.0364,0.5
mixed martial arts,86.44,Gemini,0.0238,0.5833
miyagi,157.88,Virgo,0.1159,0.5238
miyazaki,43.08,Taurus,0.0238,0.6
mlm,283.51,Capricorn,0.162,0.5652
moba games,162.67,Virgo,0.0512,0.7273
mobile,117.51,Cancer,0.1229,0.35
mobile apps,151.9,Virgo,0.0733,0.5882
mobile os,51.51,Taurus,0.0438,0.5652
mobile payments,135.34,Leo,0.0893,0.4091
mobile phone repair,142.18,Leo,0.1135,0.5652
mobile phones,160.78,Virgo,0.0896,0.6667
mobile themes,231.67,Scorpio,0.0389,0.5
mobility equipment,106.34,Cancer,0.0762,0.5833
model trains,301.21,Aquarius,0.0865,0.9333
modeling,338.67,Pisces,0.0374,0.7
moisturizers,354.36,Pisces,0.0565,0.6087
moldova,142.19,Leo,0.0249,0.7333
molise,236.34,Scorpio,0.0233,0.7368
monaco,114.65,Cancer,0.1259,0.7273
money transfer,22.71,Aries,0.0111,0.4545
mongolia,9.51,Aries,0.0957,0.5238
monitoring,10.62,Aries,0.0819,0.6
monitoring software,38.37,Taurus,0.0468,0.4167
montenegro,105.81,Cancer,0.0847,0.5217
monterrey,274.35,Capricorn,0.0404,0.5789
montpellier,276.99,Capricorn,0.04,0.4286
mopeds,100.45,Cancer,0.0419,0.7778
morocco,85.08,Gemini,0.0863,0.55
mortgages,339.02,Pisces,0.0498,0.5
moscow,223.09,Scorpio,0.0023,0.5882
motivational,275.6,Capricorn,0.0294,0.5909
motor sports,281.19,Capricorn,0.0547,0.3529
mountain,70.44,Gemini,0.0152,0.4444
mountain bikes,91.14,Cancer,0.0932,0.7778
movie,127.57,Leo,0.0861,0.619
movie listings,57.42,Taurus,0.0391,0.4286
movie memorabilia,132.79,Leo,0.0705,0.3333
movie reference,337.75,Pisces,0.0621,0.5217
movie reviews,188.84,Libra,0.0353,0.6667
movies,134.33,Leo,0.0766,0.4545
moving,28.23,Aries,0.0319,0.5
mozambique,7.73,Aries,0.078,0.7143
mp3,204.44,Libra,0.1069,0.4545
mugla,69.55,Gemini,0.0254,0.6087
mukbang videos,250.49,Sagittarius,0.1327,0.6087
multimedia software,302.66,Aquarius,0.136,0.4783
mumbai,134.1,Leo,0.0828,0.5417
munich,126.97,Leo,0.0703,0.8182
museums,20.33,Aries,0.0313,0.4762
music,312.58,Aquarius,0.0465,0.6
music art,351.11,Pisces,0.0137,0.3333
music composition,337.59,Pisces,0.0343,0.6818
music education,352.73,Pisces,0.0669,0.6957
music equipment,6.32,Aries,0.0402,0.5
music festivals,56.83,Taurus,0.0339,0.5417
music reference,105.13,Cancer,0.1311,0.5882
music software,338.51,Pisces,0.0569,0.6471
music streams,134.43,Leo,0.0747,0.5
musical films,286.9,Capricorn,0.0059,0.5
musical instruments,313.96,Aquarius,0.061,0.8095
musical theater,354.79,Pisces,0.0359,0.6
mutual funds,11.34,Aries,0.0174,0.7273
myanmar,291.11,Capricorn,0.0839,0.5
myrtle beach,89.96,Gemini,0.1143,0.7368
mystery books,356.98,Pisces,0.0789,0.375
mystery films,2.63,Aries,0.018,0.5
myth,67.37,Gemini,0.13,0.7
nagasaki,228.21,Scorpio,0.0127,0.6364
nagoya,193.94,Libra,0.0909,0.55
nail care,66.22,Gemini,0.0345,0.5652
nail care products,132.38,Leo,0.0843,0.4286
nails,136.13,Leo,0.0209,0.625
nairobi,89.85,Gemini,0.0767,0.4762
name days,14.5,Aries,0.0519,0.7727
nanjing,198.72,Libra,0.0853,0.7333
nantes,293.61,Capricorn,0.0483,0.55
naples,245.21,Sagittarius,0.0418,0.3043
nara,119.65,Cancer,0.0197,0.5455
nashville,338.66,Pisces,0.0833,0.5455
nassau,295.75,Capricorn,0.0111,0.9286
native americans,280.44,Capricorn,0.1043,0.8095
natural foods,19.68,Aries,0.0459,0.6087
natural medicine,48.33,Taurus,0.0053,0.75
navarra,326.33,Aquarius,0.0091,0.4375
navigation,83.22,Gemini,0.0169,0.4783
navy,289.41,Capricorn,0.0094,0.5714
nebraska,248.19,Sagittarius,0.0766,0.7143
necklaces,192.75,Libra,0.0193,0.5455
nepal,188.05,Libra,0.0795,0.619
net,52.22,Taurus,0.0516,0.6111
netherlands,126.29,Leo,0.1083,0.8421
network monitoring,19.15,Aries,0.0335,0.4783
network news,296.05,Capricorn,0.0928,0.5909
network security,301.54,Aquarius,0.0508,0.7143
network storage,345.9,Pisces,0.0103,0.5714
networking,359.6,Pisces,0.0259,0.7
neurological conditions,7.41,Aries,0.0567,0.3478
neuroscience,315.0,Aquarius,0.0423,0.5238
nevada,254.17,Sagittarius,0.0351,0.6111
nevis,173.83,Virgo,0.0531,0.4211
new brunswick,359.18,Pisces,0.0244,0.65
new england,213.16,Scorpio,0.1103,0.4211
new hampshire,132.21,Leo,0.0882,0.3333
new homes,16.65,Aries,0.024,0.6667
new jersey,148.17,Leo,0.0268,0.4737
new orleans,306.11,Aquarius,0.0454,0.6667
new south wales,215.09,Scorpio,0.0561,0.7
new year,299.69,Capricorn,0.1426,1.0
new york city,291.76,Capricorn,0.0156,0.6875
new zealand,17.49,Aries,0.0299,0.619
newcastle (au),49.58,Taurus,0.0598,0.6
newfoundland,322.85,Aquarius,0.0555,0.8182
news,101.3,Cancer,0.1308,0.3043
news industry,148.46,Leo,0.0619,0.6522
newspapers,16.57,Aries,0.0252,0.75
nicaragua,126.3,Leo,0.0743,0.5
nice,137.52,Leo,0.1101,0.5
niche interests,249.31,Sagittarius,0.0542,0.0
niger,295.15,Capricorn,0.0614,0.5238
nigeria,136.36,Leo,0.0577,0.5294
nightlife,99.35,Cancer,0.0822,0.6842
niigata,201.55,Libra,0.0499,0.4
ningxia,250.5,Sagittarius,0.0751,0.25
nintendo,245.24,Sagittarius,0.0232,0.6087
nissan,326.56,Aquarius,0.0343,0.5882
non-believers,358.6,Pisces,0.0353,0.6
nonfiction,301.17,Aquarius,0.0175,0.8182
nonwovens,24.94,Aries,0.0472,0.4167
nord-pas-de-calais,282.36,Capricorn,0.1666,0.4118
nordic countries,90.02,Cancer,0.1375,0.5909
normandy,99.76,Cancer,0.1017,0.8
north african music,221.08,Scorpio,0.0377,0.5
north carolina,76.14,Gemini,0.015,0.4783
north dakota,279.25,Capricorn,0.0564,0.5263
north east england,173.64,Virgo,0.1292,0.6
north florida,335.0,Pisces,0.0341,0.5
north france,112.16,Cancer,0.0403,0.4118
north holland,161.07,Virgo,0.0393,0.5556
north india,88.13,Gemini,0.0757,0.3182
north jeolla,188.69,Libra,0.0551,0.0
north macedonia,102.23,Cancer,0.1234,0.6364
north west england,326.76,Aquarius,0.0735,0.6
northeast brazil,143.08,Leo,0.0896,0.75
northeast china,155.57,Virgo,0.0665,0.3043
northeast india,132.8,Leo,0.0586,0.5652
northern africa,186.8,Libra,0.0683,0.5
northern ireland,192.96,Libra,0.0503,0.8421
northern mexico,119.59,Cancer,0.1408,0.45
northern territories,43.01,Taurus,0.0741,0.4783
northern territory,233.83,Scorpio,0.0148,0.2778
northwest china,332.47,Pisces,0.2281,0.4286
northwestern russia,302.83,Aquarius,0.0023,0.75
notebooks,177.77,Virgo,0.0625,0.7143
nouvelle-aquitaine,239.76,Scorpio,0.1202,0.4737
nova scotia,80.58,Gemini,0.0717,0.5833
nuclear energy,312.84,Aquarius,0.0754,0.3636
nuevo leon,287.8,Capricorn,0.0123,0.5
nursery,188.84,Libra,0.0787,0.6957
nursery rhymes,179.49,Virgo,0.0948,0.5
nursing,266.32,Sagittarius,0.0327,0.6957
nusa tenggara,22.34,Aries,0.0119,0.6957
nutrition,129.82,Leo,0.0349,0.7273
nutrition drinks,213.97,Scorpio,0.0192,0.7647
oahu,25.5,Aries,0.0744,0.6667
oaxaca,178.56,Virgo,0.0336,0.8421
obesity,28.87,Aries,0.0558,0.5
obgyn,339.36,Pisces,0.0236,0.5455
occitanie,148.7,Leo,0.0424,0.8571
occult,147.82,Leo,0.0451,0.5294
occupational health,258.34,Sagittarius,0.0588,0.7826
ocean city (md),119.43,Cancer,0.0939,0.75
oceania,343.88,Pisces,0.0554,0.4444
oddly satisfying videos,194.46,Libra,0.0855,0.7778
odz,167.63,Virgo,0.0061,0.55
off-grid living,44.9,Taurus,0.0666,0.6364
off-road vehicles,308.65,Aquarius,0.0698,0.5909
offbeat,295.76,Capricorn,0.0769,0.7083
office,298.69,Capricorn,0.0515,0.6842
office chairs,175.88,Virgo,0.0243,0.75
office furniture,42.71,Taurus,0.0071,0.6957
office services,66.58,Gemini,0.1457,0.5
office supplies,97.81,Cancer,0.0222,0.9524
ohio,227.2,Scorpio,0.0521,0.5217
oil,102.92,Cancer,0.0649,0.5
oil changes,292.67,Capricorn,0.0176,0.5238
oils,344.04,Pisces,0.0614,0.7391
oita,252.52,Sagittarius,0.0412,0.5882
okayama,58.56,Taurus,0.0149,0.4583
okinawa,119.06,Cancer,0.0134,0.6957
oklahoma,153.09,Virgo,0.0394,0.4762
oklahoma city,54.52,Taurus,0.0409,0.5
oldies,166.41,Virgo,0.0159,0.5882
olympics,140.3,Leo,0.0645,1.0
oman,297.11,Capricorn,0.0318,0.85
online communities,312.39,Aquarius,0.1246,0.6364
online journals,86.95,Gemini,0.1017,0.5
online media,163.73,Virgo,0.0848,0.3478
online tools,77.14,Gemini,0.0589,0.5
online video,144.05,Leo,0.0611,0.8
ontario,66.67,Gemini,0.0682,0.5
open online courses,17.65,Aries,0.0516,0.4583
open source,53.2,Taurus,0.049,0.4348
operating systems,285.42,Capricorn,0.0412,0.6364
opinion,331.59,Pisces,0.1247,0.6667
optical devices,259.93,Sagittarius,0.1979,0.625
optoelectronics,261.26,Sagittarius,0.1428,0.625
optometry,123.52,Leo,0.035,0.6522
orange county (ca),350.01,Pisces,0.0425,0.4762
oregon,263.53,Sagittarius,0.0615,0.7222
organic,333.93,Pisces,0.1151,0.875
organization,99.5,Cancer,0.0086,0.7
organizations,43.94,Taurus,0.0424,0.7
organized crime,61.08,Gemini,0.1033,0.4783
orissa,112.88,Cancer,0.0586,0.5
osaka,223.67,Scorpio,0.0546,0.6316
outdoor furniture,80.09,Gemini,0.2191,0.9048
outdoor markets,336.92,Pisces,0.0578,0.5
outdoor toys,132.44,Leo,0.0441,0.4783
outdoors,278.84,Capricorn,0.0675,0.7
outerwear,260.49,Sagittarius,0.1569,0.7273
outfit inspiration,138.43,Leo,0.0699,0.4167
outlet stores,196.59,Libra,0.1746,0.3333
outsourcing,322.85,Aquarius,0.0329,0.7143
ovens,352.52,Pisces,0.0183,0.6957
overijssel,64.33,Gemini,0.1237,0.7619
pacific coast (mexico),96.65,Cancer,0.042,0.25
pacific islands,23.72,Aries,0.0191,0.5909
pacific northwest,31.37,Taurus,0.0075,0.6818
package delivery,303.65,Aquarius,0.0592,0.3125
packaging,284.53,Capricorn,0.0333,0.7
pagan,318.08,Aquarius,0.0408,0.85
pain management,337.72,Pisces,0.0227,0.6522
painting,65.74,Gemini,0.0779,0.3636
pakistan,132.0,Leo,0.0234,0.5238
paleontology,11.9,Aries,0.0942,0.6364
palermo,281.75,Capricorn,0.0068,0.8333
palestine,191.89,Libra,0.0189,0.7
pamukkale,155.39,Virgo,0.0342,0.5217
panama,243.67,Sagittarius,0.0657,0.7273
papua new guinea,136.39,Leo,0.0452,0.7647
para,86.35,Gemini,0.048,0.5238
paraguay,173.81,Virgo,0.0451,0.7222
paraiba,72.7,Gemini,0.0707,0.75
parana,99.87,Cancer,0.0757,0.3636
parasites,347.91,Pisces,0.0899,0.7
parasitic diseases,322.61,Aquarius,0.0861,0.7826
parenting,0.13,Aries,0.1056,0.5833
paris,325.19,Aquarius,0.0601,0.5
parking,117.82,Cancer,0.0659,0.4348
party games,315.71,Aquarius,0.103,0.75
pasta,351.69,Pisces,0.0774,0.4091
patio,75.17,Gemini,0.1072,0.85
pattaya,6.19,Aries,0.0568,0.7647
payment systems,249.09,Sagittarius,0.213,0.7
payroll services,47.06,Taurus,0.0752,0.5714
pays de la loire,278.68,Capricorn,0.0499,0.65
pdas,200.03,Libra,0.0717,0.5652
pediatrics,322.79,Aquarius,0.0416,0.5
pedicures,97.1,Cancer,0.0263,0.4706
penang,317.83,Aquarius,0.0339,0.5556
pennsylvania,294.15,Capricorn,0.0613,0.35
pensacola,109.65,Cancer,0.0288,0.65
pension,60.67,Gemini,0.0645,0.5
people,32.03,Taurus,0.0193,0.5714
people search,89.41,Gemini,0.0088,0.4762
percussion,303.36,Aquarius,0.0716,0.9091
performance vehicles,241.04,Sagittarius,0.0434,0.619
perfumes,215.71,Scorpio,0.0378,0.6522
pernambuco,78.22,Gemini,0.0116,0.6087
personal aircraft,321.38,Aquarius,0.1173,0.4737
personal injury law,237.76,Scorpio,0.1103,0.5882
personal loans,179.62,Virgo,0.1112,0.4375
personal sites,206.21,Libra,0.0199,0.4667
personal training,17.75,Aries,0.0426,0.8571
personalized items,305.12,Aquarius,0.1125,0.45
personals,126.97,Leo,0.0203,0.5294
perth,236.08,Scorpio,0.0478,0.7143
peru,186.02,Libra,0.0712,0.85
pet food,98.39,Cancer,0.0154,0.7619
pets,149.83,Leo,0.0727,0.4
peugeot,346.22,Pisces,0.0445,0.7647
pharmaceuticals,344.77,Pisces,0.0362,0.6364
pharmacy,150.92,Virgo,0.0584,0.6667
philadelphia,254.83,Sagittarius,0.0635,0.55
philanthropy,98.87,Cancer,0.0441,0.6522
philippines,147.99,Leo,0.1274,0.6
philosophy,331.82,Pisces,0.0484,0.5714
phone service providers,74.36,Gemini,0.0758,0.6364
photo,28.57,Aries,0.0252,0.5
photo equipment,284.44,Capricorn,0.0878,0.5556
photo software,292.32,Capricorn,0.0148,0.5714
photographic,307.12,Aquarius,0.0338,0.6316
phuket,341.04,Pisces,0.0259,0.75
physics,296.08,Capricorn,0.0276,0.75
pianos,295.78,Capricorn,0.0727,0.5652
piaui,272.35,Capricorn,0.0518,0.5714
picardy,338.59,Pisces,0.0288,0.5714
pickleball,96.8,Cancer,0.0847,0.4783
pickup trucks,232.02,Scorpio,0.0125,0.7143
piedmont,62.27,Gemini,0.0237,0.5294
pigments,324.81,Aquarius,0.0513,0.4762
pilates,15.33,Aries,0.1108,0.6364
pittsburgh,244.46,Sagittarius,0.0317,0.6818
pizzerias,68.15,Gemini,0.0518,0.6087
places of worship,226.86,Scorpio,0.0937,0.6818
planning,322.16,Aquarius,0.0668,0.7391
plasma tvs,237.65,Scorpio,0.0392,0.3077
plastics,171.93,Virgo,0.0485,0.6087
platform games,27.26,Aries,0.0292,0.5909
play equipment,224.17,Scorpio,0.0693,0.5909
playroom,304.38,Aquarius,0.0888,0.7273
plumbing,338.1,Pisces,0.0702,0.4762
plumbing fixtures,312.97,Aquarius,0.0901,0.3913
podcasts,28.11,Aries,0.0499,0.5238
poetry,306.55,Aquarius,0.0448,0.8
poisoning,15.47,Aries,0.0332,0.4783
poitou-charentes,204.44,Libra,0.053,0.625
poland,194.91,Libra,0.0689,0.7222
polar regions,221.28,Scorpio,0.1142,0.6087
policy,2.17,Aries,0.0101,0.7391
political humor,173.4,Virgo,0.1026,0.5
political polls,194.82,Libra,0.1483,0.5217
political science,301.27,Aquarius,0.0499,0.7917
politics,347.01,Pisces,0.0607,0.6667
politics (left),347.95,Pisces,0.0532,0.5455
politics (right),1.96,Aries,0.0696,0.4167
polymers,270.36,Capricorn,0.0316,0.6364
polynesia,141.17,Leo,0.0633,0.5
pop music,307.33,Aquarius,0.0085,0.5
pork,119.76,Cancer,0.1683,0.7692
porsche,62.56,Gemini,0.0691,0.5882
portable electronics,91.69,Cancer,0.0443,0.5263
portfolio management,48.94,Taurus,0.0425,0.7391
portfolios,65.39,Gemini,0.019,0.5238
portland (or),84.28,Gemini,0.0373,0.3684
porto,57.63,Taurus,0.0504,0.4375
porto alegre,10.54,Aries,0.0282,0.4286
portugal,154.27,Virgo,0.0734,0.6957
pottery,321.56,Aquarius,0.0852,0.6364
potty training,84.42,Gemini,0.0491,0.6364
poultry,198.66,Libra,0.0345,0.7083
poverty,287.27,Capricorn,0.1125,0.875
power supplies,325.81,Aquarius,0.0174,0.6364
power tools,347.88,Pisces,0.0101,0.5217
prague,68.76,Gemini,0.0222,0.6316
prank videos,253.03,Sagittarius,0.0526,0.65
precious metals,19.28,Aries,0.0368,0.5714
pregnancy,344.85,Pisces,0.0105,0.6364
preschool,306.17,Aquarius,0.0653,0.9091
presentation software,310.89,Aquarius,0.0119,0.7727
presentations,316.73,Aquarius,0.0514,0.7273
preserves,146.35,Leo,0.1818,0.625
price comparisons,21.64,Aries,0.0778,0.7143
primary,314.73,Aquarius,0.0551,0.619
prince edward island,33.66,Taurus,0.0249,0.6667
printers,327.95,Aquarius,0.0262,0.4783
printing,330.71,Pisces,0.0489,0.7619
printing services,346.09,Pisces,0.046,0.381
prisons,344.66,Pisces,0.0292,0.5909
privacy issues,90.83,Cancer,0.0491,0.4545
processing equipment,184.82,Libra,0.1189,0.5909
processors,216.84,Scorpio,0.0151,0.4091
procurement,353.5,Pisces,0.0376,0.7391
product design,342.2,Pisces,0.0462,0.6364
product liability,241.91,Sagittarius,0.1492,0.4348
product reviews,91.81,Cancer,0.1053,0.3889
productivity software,110.08,Cancer,0.0436,0.5
professional,289.18,Capricorn,0.0804,0.5263
professional wrestling,311.6,Aquarius,0.025,0.5
programming,315.85,Aquarius,0.0724,0.7619
programs,4.64,Aries,0.0285,0.8095
progressive,303.99,Aquarius,0.0409,0.8824
project management,300.38,Aquarius,0.1031,0.9167
project management software,311.32,Aquarius,0.0349,0.75
projectors,210.99,Scorpio,0.0734,0.6364
promotional products,3.59,Aries,0.0722,0.4783
property development,173.45,Virgo,0.0997,0.55
property management,3.96,Aries,0.0673,0.6667
protection,89.98,Gemini,0.0389,0.6
protective gear,0.52,Aries,0.108,0.5
protocols,350.54,Pisces,0.024,0.6522
providence,344.04,Pisces,0.028,0.75
proxying,322.79,Aquarius,0.1202,0.5
psychology,285.94,Capricorn,0.0583,0.6842
public finance,345.02,Pisces,0.1332,0.7083
public health,340.89,Pisces,0.035,0.7273
public policy,351.73,Pisces,0.0349,0.8095
public records,162.03,Virgo,0.0196,0.5217
public relations,327.04,Aquarius,0.0314,0.4211
public safety,7.23,Aries,0.0057,0.3478
public sector jobs,9.1,Aries,0.1488,0.3846
public speaking,307.9,Aquarius,0.0533,0.6364
publications,321.67,Aquarius,0.0098,0.5833
publishing,43.92,Taurus,0.0412,0.4783
puebla,115.22,Cancer,0.009,0.6522
puerto rico,243.45,Sagittarius,0.0416,0.4
puerto vallarta,41.12,Taurus,0.0634,0.7273
pune,256.04,Sagittarius,0.0286,0.4348
punjab (india),67.15,Gemini,0.0397,0.5652
puppets,81.71,Gemini,0.0197,0.75
purifiers,271.48,Capricorn,0.0393,0.6923
purses,101.59,Cancer,0.0512,0.6471
puzzles,348.13,Pisces,0.0218,0.35
qatar,290.47,Capricorn,0.1023,0.4
qinghai,64.06,Gemini,0.0533,0.5
quality control,235.53,Scorpio,0.1098,0.6111
quebec city,196.62,Libra,0.048,0.7222
queensland,36.13,Taurus,0.0282,0.6471
quick tips,45.86,Taurus,0.0327,0.4375
quintana roo,15.59,Aries,0.0234,0.7273
quito,329.17,Aquarius,0.0454,0.6364
quotations,293.6,Capricorn,0.0587,0.7391
r,298.69,Capricorn,0.0556,0.5
rabbits,25.33,Aries,0.0441,0.8125
racing games,70.86,Gemini,0.0413,0.6471
racquet sports,156.68,Virgo,0.0509,0.5294
radio,56.89,Taurus,0.0575,0.5
radio equipment,143.6,Leo,0.129,0.4
rail,284.78,Capricorn,0.0331,0.6364
rail freight,151.75,Virgo,0.062,0.4286
railroads,313.94,Aquarius,0.0413,0.5263
rajasthan,71.55,Gemini,0.0758,0.5417
raleigh-durham,33.62,Taurus,0.0788,0.375
ram trucks,20.41,Aries,0.0539,0.7143
ranches,315.81,Aquarius,0.0206,0.3889
ranges,40.6,Taurus,0.0379,0.6667
rap,260.47,Sagittarius,0.0472,0.6316
rc aircraft,340.88,Pisces,0.0276,0.4
real estate,37.41,Taurus,0.0506,0.5652
real estate agencies,219.27,Scorpio,0.055,0.5
real estate investment trusts,307.26,Aquarius,0.0956,0.5714
real estate law,137.19,Leo,0.0828,0.5652
real estate listings,209.25,Libra,0.0485,0.3478
real estate services,55.39,Taurus,0.045,0.6667
real estate title,22.1,Aries,0.0056,0.625
recife,146.66,Leo,0.031,0.6667
recipe videos,92.74,Cancer,0.184,0.6111
recipes,81.96,Gemini,0.1339,0.6667
record labels,321.4,Aquarius,0.0285,0.6364
recorders,7.56,Aries,0.0368,0.6111
recording industry,193.04,Libra,0.0572,0.5652
recruitment,251.48,Sagittarius,0.0143,0.6667
recycling,37.14,Taurus,0.05,0.7273
reference,322.4,Aquarius,0.0835,0.5455
reference tools,104.3,Cancer,0.0567,0.5
refrigerators,67.66,Gemini,0.0846,0.6818
reggae,108.94,Cancer,0.0371,0.5
reggaeton,318.49,Aquarius,0.0396,0.55
regional mexican music,327.92,Aquarius,0.0317,0.4545
regional planning,226.27,Scorpio,0.0792,0.3333
registration,138.59,Leo,0.0532,0.6818
relationships,3.15,Aries,0.0227,0.5714
religious music,317.31,Aquarius,0.0524,0.6087
religious study,168.18,Virgo,0.0479,0.3182
relocation,33.24,Taurus,0.022,0.6667
remote access,23.15,Aries,0.046,0.4545
renault,304.2,Aquarius,0.0295,0.5909
renewable,317.05,Aquarius,0.0772,0.6087
rennes,268.27,Sagittarius,0.0723,0.5417
repair,111.03,Cancer,0.149,0.65
replacement,67.38,Gemini,0.0379,0.381
repossession,188.14,Libra,0.0041,0.6
reproductive health,97.25,Cancer,0.1147,0.6957
reproductive rights,358.41,Pisces,0.04,0.4706
reptiles,51.81,Taurus,0.0593,0.6
resale,174.03,Virgo,0.062,0.6087
reservations,29.39,Aries,0.041,0.3571
resources,338.55,Pisces,0.0839,0.75
respiratory conditions,161.81,Virgo,0.0827,0.5652
restaurant supply,344.75,Pisces,0.0564,0.5789
restaurants,8.09,Aries,0.0364,0.5455
resumes,94.97,Cancer,0.0328,0.5714
retail equipment,242.04,Sagittarius,0.0346,0.5
retail jobs,133.17,Leo,0.0421,0.3913
retail trade,281.4,Capricorn,0.1007,0.5652
retailers,346.48,Pisces,0.0093,0.4783
retirement,286.35,Capricorn,0.0204,0.5652
reunion,44.65,Taurus,0.0241,0.55
reunions,283.95,Capricorn,0.0421,0.4
reviews,80.22,Gemini,0.0237,0.5
rhode island,69.99,Gemini,0.0301,0.5455
ride-on toys,93.85,Cancer,0.0882,0.5
rings,3.53,Aries,0.1975,0.375
ringtones,244.81,Sagittarius,0.0749,0.4545
rio grande do norte,301.86,Aquarius,0.0263,0.7857
rio grande do sul,123.03,Leo,0.1051,0.6667
risk management,9.85,Aries,0.0381,0.6818
rivers,215.92,Scorpio,0.0485,0.3125
riviera maya,30.81,Taurus,0.0649,0.7273
riyadh,312.78,Aquarius,0.0803,0.6667
road bikes,112.9,Cancer,0.0762,0.7727
roadside assistance,187.72,Libra,0.0816,0.619
robotics,309.6,Aquarius,0.0682,0.6818
rochester-finger lakes,336.8,Pisces,0.0567,0.0
rock music,346.73,Pisces,0.0097,0.75
rocky mountains,320.12,Aquarius,0.0219,0.5
rodents,23.45,Aries,0.0195,0.5556
roleplaying games,67.15,Gemini,0.0375,0.3478
rolls-royce,309.22,Aquarius,0.0822,0.4286
romance books,100.03,Cancer,0.0606,0.5
romance films,244.33,Sagittarius,0.0046,0.5789
romania,31.46,Taurus,0.0138,0.7619
romantic getaways,249.45,Sagittarius,0.1515,0.4091
rondonia,80.13,Gemini,0.0225,0.6364
roofing,89.96,Gemini,0.0748,0.6818
roommates,23.21,Aries,0.1541,0.6154
rotterdam,5.91,Aries,0.0306,0.5
royalty,142.82,Leo,0.0869,0.6667
rugby,286.06,Capricorn,0.0574,0.75
rugs,312.57,Aquarius,0.0274,0.5
running,108.37,Cancer,0.0771,0.7778
russia,110.37,Cancer,0.0747,0.6111
russian federation,333.02,Pisces,0.0169,0.5833
rvs,246.69,Sagittarius,0.1513,0.1429
rwanda,341.23,Pisces,0.0715,0.5833
saab,60.68,Gemini,0.1318,0.6111
saarland,82.91,Gemini,0.0405,0.4706
sacramento valley,270.84,Capricorn,0.1158,0.6667
safety,57.38,Taurus,0.0588,0.6
saga,330.58,Pisces,0.0222,0.6087
saint lucia,1.31,Aries,0.0341,0.6667
saint petersburg,54.26,Taurus,0.0206,0.5238
saint vincent,1.42,Aries,0.0278,0.5
saitama,53.16,Taurus,0.0738,0.6087
sales,239.55,Scorpio,0.0784,0.5455
salsa,97.71,Cancer,0.0253,0.4737
salt lake city,51.71,Taurus,0.0416,0.625
salvador,100.71,Cancer,0.0295,0.7727
salzburg,265.82,Sagittarius,0.0987,0.7
samples,20.86,Aries,0.0921,0.6667
san antonio,114.11,Cancer,0.044,0.8333
san diego,161.5,Virgo,0.0617,0.8824
san francisco bay area,8.33,Aries,0.0434,0.6471
san joaquin valley,232.04,Scorpio,0.1057,0.3478
san marino,142.8,Leo,0.0421,0.8571
santa catarina,207.81,Libra,0.062,0.6111
santiago,142.82,Leo,0.0536,0.6667
sao paulo,212.16,Scorpio,0.0203,0.6667
sapporo,338.65,Pisces,0.0746,0.4211
sardinia,105.79,Cancer,0.1406,0.8824
satire,293.22,Capricorn,0.0681,0.6316
saturn,336.23,Pisces,0.0582,0.4783
saudi arabia,141.21,Leo,0.0653,0.5714
saunas,83.34,Gemini,0.0376,0.5556
savannah,2.21,Aries,0.0221,0.7368
savings accounts,2.41,Aries,0.0451,0.6818
saxony,254.09,Sagittarius,0.0656,0.4762
scanners,329.78,Aquarius,0.0266,0.5455
scheduling software,332.48,Pisces,0.1936,0.4583
schleswig-holstein,201.56,Libra,0.0024,0.5238
scholarships,252.22,Sagittarius,0.1507,0.875
school supplies,175.44,Virgo,0.1733,0.85
science,303.64,Aquarius,0.069,0.9048
science fiction,295.71,Capricorn,0.0263,0.3333
science shows,348.88,Pisces,0.0265,0.5652
scientific equipment,54.32,Taurus,0.2381,0.3333
scion,57.74,Taurus,0.0482,0.6875
scooter,139.51,Leo,0.0458,0.6
scooters,150.52,Virgo,0.0717,0.875
scotland,167.92,Virgo,0.0611,0.7778
screens,42.04,Taurus,0.0143,0.4286
screws,51.58,Taurus,0.0413,0.75
scripting languages,284.49,Capricorn,0.0788,0.4737
sculpture,15.78,Aries,0.0832,0.7368
seafood,261.21,Sagittarius,0.1111,0.5455
search engines,284.03,Capricorn,0.019,0.5455
seasonal events,101.23,Cancer,0.1243,0.4286
seasonal jobs,278.92,Capricorn,0.0591,0.4783
seat,20.4,Aries,0.0801,0.5789
seattle-tacoma,336.09,Pisces,0.0017,0.75
security,334.11,Pisces,0.0275,0.6818
security products,141.32,Leo,0.0928,0.4348
security services,311.86,Aquarius,0.0123,0.6
security systems,108.59,Cancer,0.0488,0.5556
sedans,19.88,Aries,0.0212,0.5714
seed,88.3,Gemini,0.0738,0.7
self storage,242.77,Sagittarius,0.0542,0.5263
self-help,108.05,Cancer,0.0601,0.7083
senegal,108.55,Cancer,0.0406,0.7619
seniors,342.07,Pisces,0.0354,0.7368
seoul,356.02,Pisces,0.0375,0.7
serbia,142.09,Leo,0.1257,0.6875
sergipe,32.09,Taurus,0.0701,0.6087
service clubs,143.63,Leo,0.1035,0.2
service contracts,265.28,Sagittarius,0.078,0.45
service providers,14.11,Aries,0.0829,0.5238
services,69.91,Gemini,0.0489,0.45
seville,306.6,Aquarius,0.0212,0.5455
sex education,342.75,Pisces,0.0938,0.4444
sexual enhancement,229.37,Scorpio,0.1248,0.2727
shampoos,81.31,Gemini,0.1097,0.7333
shandong,46.19,Taurus,0.0343,0.5
shanghai,335.3,Pisces,0.0493,0.7
shanxi,254.6,Sagittarius,0.0887,0.7692
shares,276.33,Capricorn,0.0312,0.5833
shareware,345.29,Pisces,0.0615,0.5
shavers,110.46,Cancer,0.0126,0.5455
sheffield,311.59,Aquarius,0.0654,0.6316
shelving,8.6,Aries,0.0363,0.65
shenyang,191.79,Libra,0.0148,0.4545
shenzhen,173.2,Virgo,0.0282,0.3125
shiga,83.61,Gemini,0.0138,0.4615
shikoku,35.93,Taurus,0.0213,0.4
shimane,222.9,Scorpio,0.1553,0.3571
shipping,57.9,Taurus,0.0613,0.75
shirts,111.8,Cancer,0.0968,0.5238
shizuoka,151.42,Virgo,0.071,0.4667
shooter games,1.73,Aries,0.0168,0.5238
shooting,324.32,Aquarius,0.0343,0.4091
shopping,201.83,Libra,0.0857,0.6087
shopping hauls,77.47,Gemini,0.0935,0.625
shorts,108.91,Cancer,0.2033,0.5652
show tunes,53.43,Taurus,0.0529,0.5556
sicily,44.04,Taurus,0.0436,0.6667
sightseeing tours,222.28,Scorpio,0.0852,0.4762
signage,25.23,Aries,0.0329,0.3478
silent films,301.33,Aquarius,0.0281,0.65
silicon valley,89.99,Gemini,0.1242,0.8182
simulation games,105.46,Cancer,0.0276,0.5
sinaloa,292.24,Capricorn,0.027,0.3889
singapore,160.57,Virgo,0.0379,0.5909
ski resorts,292.03,Capricorn,0.2594,0.9167
skiing,325.31,Aquarius,0.1486,1.0
skiing equipment,309.37,Aquarius,0.1758,0.6154
skin,89.1,Gemini,0.0591,0.5417
skin conditions,306.52,Aquarius,0.0702,0.3913
skins,12.68,Aries,0.0421,0.625
skoda,308.47,Aquarius,0.0467,0.6364
sleep disorders,325.07,Aquarius,0.0612,0.6364
sleepwear,272.56,Capricorn,0.0207,0.3913
slovakia,162.56,Virgo,0.1129,0.8
slovenia,129.48,Leo,0.0541,0.7692
small business,246.37,Sagittarius,0.0341,0.6818
small kitchen appliances,312.51,Aquarius,0.1114,0.5882
smart phones,137.13,Leo,0.0316,0.45
smart watches,230.71,Scorpio,0.1587,0.6957
smoking cessation,129.29,Leo,0.0442,0.5217
snack foods,322.89,Aquarius,0.0358,0.2917
snowboarding,310.78,Aquarius,0.155,1.0
snowboarding gear,281.54,Capricorn,0.2227,0.9474
soccer,145.68,Leo,0.0929,0.4545
soccer equipment,106.22,Cancer,0.0779,0.4583
social issues,248.04,Sagittarius,0.0438,0.8261
social media marketing,357.14,Pisces,0.0703,0.6957
social network apps,25.33,Aries,0.0499,0.5
social networks,308.48,Aquarius,0.0318,0.5417
social sciences,204.8,Libra,0.0184,0.7391
social services,1.49,Aries,0.0398,0.6364
society,79.16,Gemini,0.0342,0.5625
socks,306.06,Aquarius,0.1423,0.6818
sofas,31.57,Taurus,0.0149,0.5
sofia,124.06,Leo,0.0713,0.6111
soft drinks,38.14,Taurus,0.0239,0.5
softball equipment,58.5,Taurus,0.1126,0.3333
software,238.09,Scorpio,0.0675,0.6667
software utilities,333.09,Pisces,0.0635,0.625
solar power,123.85,Leo,0.0937,0.7647
somalia,4.7,Aries,0.0285,0.5
song lyrics,170.93,Virgo,0.0209,0.4211
sony playstation,216.47,Scorpio,0.063,0.5714
sororities,352.47,Pisces,0.0062,0.7368
soul,35.25,Taurus,0.0524,0.4286
sound,352.41,Pisces,0.0388,0.5
sound libraries,8.54,Aries,0.085,0.4762
soups,259.21,Sagittarius,0.0703,0.8571
south (usa),233.17,Scorpio,0.0483,0.4444
south africa,30.15,Taurus,0.0456,0.4091
south asia,12.94,Aries,0.0273,0.5652
south asian cuisine,348.11,Pisces,0.0811,0.2857
south asian film,225.07,Scorpio,0.0412,0.35
south asian music,211.42,Scorpio,0.0415,0.5455
south australia,339.53,Pisces,0.0478,0.4762
south brazil,141.38,Leo,0.0817,0.3333
south central china,180.6,Libra,0.0837,0.3684
south dakota,231.57,Scorpio,0.0216,0.5909
south east england,328.59,Aquarius,0.1044,0.6667
south east france,318.54,Aquarius,0.0664,0.5
south india,323.34,Aquarius,0.088,0.5263
south korea,133.23,Leo,0.0633,0.5455
south west england,58.84,Taurus,0.1081,0.6
south west france,149.26,Leo,0.008,0.2857
southeast asia,44.85,Taurus,0.0388,0.7083
southeast asian music,209.7,Libra,0.2603,0.6842
southeast china,57.78,Taurus,0.1307,0.4583
southern africa,57.3,Taurus,0.0427,0.4783
southern california,70.05,Gemini,0.0151,0.5625
southern florida,246.49,Sagittarius,0.0802,0.5714
southern thailand,266.08,Sagittarius,0.0391,0.5263
southwest (usa),41.72,Taurus,0.1153,0.4286
southwest china,88.43,Gemini,0.0625,0.4167
southwestern ontario,65.84,Gemini,0.0777,0.5
space technology,242.63,Sagittarius,0.0142,0.55
spain,135.42,Leo,0.1135,0.7895
spanish cuisine,209.85,Libra,0.1007,0.375
spas,34.7,Taurus,0.0467,0.3333
special,279.96,Capricorn,0.0564,0.8
special education,274.16,Capricorn,0.0525,0.75
special occasions,129.66,Leo,0.0839,0.6667
specialty travel,65.27,Gemini,0.0565,0.25
spices,159.25,Virgo,0.0184,0.4
spirituality,128.77,Leo,0.0152,0.381
sport scores,324.93,Aquarius,0.1414,0.4118
sporting goods,176.54,Virgo,0.0266,0.55
sports,213.4,Scorpio,0.0443,0.6957
sports cars,83.78,Gemini,0.0366,0.2353
sports coaching,30.66,Taurus,0.1509,0.6471
sports drinks,259.67,Sagittarius,0.032,0.6087
sports games,274.3,Capricorn,0.0494,0.75
sports highlights videos,264.6,Sagittarius,0.1766,0.619
sports management games,65.35,Gemini,0.0573,0.6667
sports memorabilia,260.95,Sagittarius,0.095,0.5455
sports news,138.43,Leo,0.0142,0.7826
spreadsheet software,329.72,Aquarius,0.1097,0.6522
squash,280.19,Capricorn,0.0543,0.5833
sri lanka,31.38,Taurus,0.053,0.5909
staffing,246.39,Sagittarius,0.0474,0.9091
standardized,81.75,Gemini,0.0615,0.5556
state,274.71,Capricorn,0.0601,0.6471
station wagons,323.0,Aquarius,0.1498,0.5714
stationery,347.58,Pisces,0.0231,0.4348
stations,69.59,Gemini,0.0692,0.4737
statistics,308.5,Aquarius,0.097,0.8095
steroids,35.37,Taurus,0.0154,0.4211
stock photography,58.5,Taurus,0.1161,0.5455
stocks,7.89,Aries,0.1109,0.5217
storage,75.75,Gemini,0.0534,0.7727
stoves,160.89,Virgo,0.1366,0.7143
strasbourg,258.04,Sagittarius,0.0859,0.6364
strategic planning,318.95,Aquarius,0.0409,0.5789
strategy games,2.93,Aries,0.0499,0.5
street food,122.91,Leo,0.0934,0.5455
strength training equipment,66.42,Gemini,0.14,0.5
stress,98.56,Cancer,0.027,0.7692
student loans,59.54,Taurus,0.062,0.7083
studio photography,315.08,Aquarius,0.067,0.8571
study abroad,58.07,Taurus,0.0245,0.6957
study grants,307.98,Aquarius,0.0563,1.0
stuffed toys,235.88,Scorpio,0.0654,0.6522
stuttgart,305.61,Aquarius,0.0079,0.7
styling products,118.74,Cancer,0.0329,0.5417
subaru,309.38,Aquarius,0.0487,0.8125
subcultures,324.19,Aquarius,0.0859,0.7273
substance abuse,8.18,Aries,0.0497,0.65
sudan,138.35,Leo,0.1007,0.5625
suits,101.32,Cancer,0.0548,0.6
sulawesi,246.71,Sagittarius,0.0332,0.6
sumatra,273.01,Capricorn,0.0474,0.6
sun care products,127.4,Leo,0.0457,0.4545
sunglasses,78.03,Gemini,0.0956,0.7895
superhero films,18.31,Aries,0.1187,0.3636
supplements,40.84,Taurus,0.0777,0.625
supplies,178.5,Virgo,0.132,0.8333
supply chain management,318.92,Aquarius,0.0495,0.4762
surf,135.41,Leo,0.045,0.8182
surfing,167.15,Virgo,0.0778,1.0
surgery,347.87,Pisces,0.0298,0.8182
suriname,111.53,Cancer,0.0342,0.5
surveys,74.33,Gemini,0.0307,0.7
sustainable fashion,319.6,Aquarius,0.0612,0.4783
suvs,332.45,Pisces,0.0222,0.381
suzuki,21.55,Aries,0.023,0.6667
swap meets,319.97,Aquarius,0.0676,0.4091
sweden,73.71,Gemini,0.0383,0.9231
sweepstakes,48.85,Taurus,0.0305,0.4286
sweets,192.27,Libra,0.052,0.7273
swim,144.38,Leo,0.0942,0.75
swimming,165.79,Virgo,0.1267,0.7727
swimwear,64.75,Gemini,0.1228,0.7
switzerland,138.98,Leo,0.1192,0.7
sydney,332.43,Pisces,0.0543,0.4783
symbian os,214.28,Scorpio,0.0738,0.4444
syria,137.88,Leo,0.045,0.4375
t-shirts,108.95,Cancer,0.0793,0.6875
table games,219.79,Scorpio,0.0645,0.65
table tennis,211.24,Scorpio,0.0851,0.7
table tennis equipment,218.67,Scorpio,0.0301,0.6364
tablet pcs,330.43,Pisces,0.0648,0.4545
tabloid news,332.76,Pisces,0.0461,0.0
tabs,3.62,Aries,0.0891,0.4737
tack,309.01,Aquarius,0.0354,0.75
taichung,205.69,Libra,0.0301,0.7368
tainan,44.58,Taurus,0.0056,0.625
taipei,196.28,Libra,0.1183,0.381
taiwan,71.36,Gemini,0.0633,0.5714
tajikistan,244.09,Sagittarius,0.0732,0.7391
talk radio,280.74,Capricorn,0.0412,0.5
tallahassee,334.1,Pisces,0.0354,0.5217
tamaulipas,58.62,Taurus,0.0418,0.6316
tamil nadu,148.99,Leo,0.0073,0.6667
tampa bay area,338.15,Pisces,0.0448,0.4762
tanning,72.85,Gemini,0.1343,0.8
tanzania,119.77,Cancer,0.0371,0.65
tasmania,348.6,Pisces,0.04,0.619
tax preparation,250.25,Sagittarius,0.0972,0.625
tea,84.19,Gemini,0.0552,0.6522
teaching,330.32,Pisces,0.0442,0.75
team sports,29.41,Aries,0.0121,0.6364
technical jobs,288.92,Capricorn,0.0877,0.5909
technical support,178.14,Virgo,0.0689,0.6667
technology,82.66,Gemini,0.0303,0.6667
technology news,205.3,Libra,0.0187,0.5294
tehran,329.13,Aquarius,0.012,0.7
tel aviv,158.09,Virgo,0.0573,0.5
telangana,168.52,Virgo,0.0324,0.3333
telecom,294.11,Capricorn,0.0517,0.6667
teleconferencing,58.44,Taurus,0.163,0.381
telemarketing,27.26,Aries,0.0121,0.9167
telescopes,176.22,Virgo,0.0656,0.6
televisions,315.31,Aquarius,0.0144,0.619
templates,56.75,Taurus,0.0671,0.5882
temporary,319.48,Aquarius,0.1944,0.5294
tennessee,246.45,Sagittarius,0.0764,0.619
tennis,95.11,Cancer,0.0274,0.65
tennis equipment,255.55,Sagittarius,0.1142,0.3333
tesla motors,37.38,Taurus,0.0179,0.4118
texas,61.89,Gemini,0.0204,0.7
text,308.67,Aquarius,0.0566,0.4783
textile arts,359.19,Pisces,0.0265,0.25
textiles,237.66,Scorpio,0.0677,0.7083
thai cuisine,356.06,Pisces,0.0512,0.4762
thailand,221.53,Scorpio,0.0595,0.4167
thanksgiving,281.95,Capricorn,0.1568,1.0
theater,253.07,Sagittarius,0.0215,0.65
theater showtimes,231.57,Scorpio,0.0195,0.6667
theme parks,61.1,Gemini,0.0643,0.5
themes,27.22,Aries,0.0294,0.6923
theology,341.79,Pisces,0.0444,0.4167
theory,306.5,Aquarius,0.0534,0.6842
thrift stores,299.54,Capricorn,0.0202,0.4545
throat,326.86,Aquarius,0.1311,0.7692
thuringia,290.0,Capricorn,0.03,0.5
tibet,358.53,Pisces,0.1197,0.6667
tijuana,210.21,Scorpio,0.0161,0.4737
tile games,216.99,Scorpio,0.087,0.619
timeshares,80.56,Gemini,0.091,0.5
tiny home movement,130.55,Leo,0.1354,0.0
tires,223.3,Scorpio,0.0184,0.2857
toaster ovens,330.15,Pisces,0.1489,0.4545
toasters,28.67,Aries,0.0045,0.5833
tobago,210.47,Scorpio,0.0303,0.7143
tocantins,54.5,Taurus,0.0322,0.6923
tochigi,248.91,Sagittarius,0.0477,0.5
toddler toys,311.59,Aquarius,0.1408,0.7143
toddlers,125.33,Leo,0.0619,0.4348
tohoku,42.7,Taurus,0.0857,0.6111
toiletries,77.4,Gemini,0.1057,0.6957
tokushima,72.28,Gemini,0.0347,0.7917
tokyo,108.43,Cancer,0.0917,0.5882
toner,85.48,Gemini,0.0539,0.3182
toothbrushes,29.75,Aries,0.0343,0.4583
toothpaste,285.54,Capricorn,0.0164,0.45
tops,77.28,Gemini,0.0979,0.5455
tottori,76.76,Gemini,0.089,0.5
toulouse,243.2,Sagittarius,0.0428,0.5625
tourist destinations,68.06,Gemini,0.1026,0.7391
towing,92.76,Cancer,0.0267,0.4444
townhomes,39.78,Taurus,0.031,0.6842
toxic substances,209.42,Libra,0.0432,0.5
toy vehicles,225.5,Scorpio,0.0275,0.4545
toy weapons,171.8,Virgo,0.0113,0.3889
toyama,30.32,Taurus,0.0345,0.8261
toyota,350.76,Pisces,0.0287,0.6
toys,158.51,Virgo,0.0539,0.6087
track,218.02,Scorpio,0.0157,0.6316
tracking,335.64,Pisces,0.0248,0.5455
trade fairs,356.38,Pisces,0.0412,0.5714
traditional music,309.62,Aquarius,0.0551,0.875
traffic,329.9,Aquarius,0.0121,0.7368
traffic safety,129.49,Leo,0.0093,0.5909
training,30.21,Taurus,0.048,0.6667
transgender,5.63,Aries,0.052,0.5714
translation tools,204.14,Libra,0.2074,0.4762
transmission,55.12,Taurus,0.0692,0.5
transmission repair,39.85,Taurus,0.0379,0.6667
transport,283.66,Capricorn,0.1561,0.75
transportation,320.94,Aquarius,0.0875,0.6111
travel,53.58,Taurus,0.0747,0.5
travel agencies,172.89,Virgo,0.0174,0.4762
travel guides,5.44,Aries,0.0435,0.5
travel insurance,65.34,Gemini,0.0642,0.6667
travel shows,54.44,Taurus,0.0396,0.4783
travelogues,116.84,Cancer,0.0418,0.6
treatment,183.81,Libra,0.1024,0.6818
treatment centers,329.47,Aquarius,0.0799,0.2609
trentino-alto adige,95.63,Cancer,0.1265,0.625
trivia,133.05,Leo,0.0022,0.619
tropical music,80.98,Gemini,0.0889,0.4762
trucking,262.99,Sagittarius,0.0282,0.5909
trucks,282.86,Capricorn,0.0443,0.6
try on videos,316.4,Aquarius,0.0601,0.6087
tucson,306.85,Aquarius,0.03,0.7895
tulsa,202.0,Libra,0.0543,0.5714
tunisia,84.62,Gemini,0.0384,0.8571
turin,42.85,Taurus,0.0382,0.5714
turkey,291.09,Capricorn,0.0283,0.6111
turkmenistan,122.79,Leo,0.0266,0.5625
tuscany,129.11,Leo,0.0175,0.6316
tutorials,43.95,Taurus,0.0327,0.6667
tv,124.78,Leo,0.043,0.6087
tv awards,64.05,Gemini,0.0447,0.6111
tv comedies,118.27,Cancer,0.0279,0.6
tv crime,143.11,Leo,0.0599,0.75
tv documentary,53.14,Taurus,0.042,0.381
tv dramas,198.33,Libra,0.0846,0.4783
tv fan edits,314.16,Aquarius,0.0385,0.1667
tv game shows,66.71,Gemini,0.0418,0.3333
tv guides,24.76,Aries,0.0681,0.5909
tv industry,210.42,Scorpio,0.0714,0.6087
tv medical shows,8.29,Aries,0.0534,0.4118
tv networks,312.02,Aquarius,0.0816,0.5
tv production,273.25,Capricorn,0.0121,0.5455
tv reality shows,72.82,Gemini,0.0101,0.5909
tv sci-fi,319.06,Aquarius,0.0926,0.6818
tv shows,65.41,Gemini,0.0156,0.4167
tv soap operas,34.79,Taurus,0.0434,0.5882
tv streaming,137.09,Leo,0.1165,0.5417
tv talent,86.47,Gemini,0.0461,0.4
tv talk shows,23.86,Aries,0.0283,0.2105
tycoon games,44.95,Taurus,0.055,0.5455
tyrol,332.72,Pisces,0.057,0.5333
uganda,321.23,Aquarius,0.0556,0.6667
ukraine,40.4,Taurus,0.1133,0.7368
ulsan,107.91,Cancer,0.0318,0.5882
ultimate fighting championship (ufc),182.24,Libra,0.0096,0.375
umbria,156.84,Virgo,0.0497,0.7778
unboxing videos,192.77,Libra,0.0662,0.5714
undergarments,151.83,Virgo,0.057,0.5
underwater activities,292.86,Capricorn,0.0987,0.5
unemployment,99.7,Cancer,0.096,0.5909
uniforms,138.34,Leo,0.0479,0.6667
unions,351.82,Pisces,0.047,0.6842
united arab emirates,285.99,Capricorn,0.0337,0.5652
united kingdom,86.67,Gemini,0.0949,0.6923
universities,103.36,Cancer,0.0295,0.6667
unix,346.44,Pisces,0.0432,0.65
unwanted body,89.51,Gemini,0.169,0.5789
upper austria,214.0,Scorpio,0.1193,0.4444
upstate south carolina,251.4,Sagittarius,0.0742,0.5652
urban transit,6.49,Aries,0.0785,0.5217
uruguay,165.94,Virgo,0.051,0.6471
usa,180.12,Libra,0.0756,0.5833
used vehicles,213.51,Scorpio,0.101,0.4167
utah,334.66,Pisces,0.0211,0.75
utilities,197.74,Libra,0.0276,0.5263
utility bags,193.66,Libra,0.0289,0.5556
utrecht,329.17,Aquarius,0.04,0.625
uttar pradesh,64.54,Gemini,0.0457,0.5217
uzbekistan,322.31,Aquarius,0.0114,0.381
vacation offers,249.33,Sagittarius,0.0544,0.5
vacation properties,112.56,Cancer,0.0773,0.4286
vacation rentals,146.39,Leo,0.0395,0.625
vacuums,22.51,Aries,0.0195,0.6364
valencia,315.28,Aquarius,0.0257,0.5
valentine's day,355.33,Pisces,0.1687,1.0
valves hoses,337.42,Pisces,0.1082,0.5
van life,315.3,Aquarius,0.0167,0.5714
vans,198.95,Libra,0.0352,0.7143
variety shows,46.45,Taurus,0.0241,0.5238
vatican city,2.32,Aries,0.034,0.5217
vegan cuisine,315.52,Aquarius,0.0458,0.6087
vegetables,65.68,Gemini,0.0328,0.6
vegetarian cuisine,162.6,Virgo,0.078,0.4167
vehicle,20.81,Aries,0.085,0.5238
vehicle codes,291.04,Capricorn,0.054,0.5455
vehicle dealers,41.6,Taurus,0.0759,0.381
vehicle financing,105.44,Cancer,0.0848,0.4
vehicle fuels,5.78,Aries,0.0567,0.3333
vehicle insurance,188.45,Libra,0.1785,0.4545
vehicle licensing,35.32,Taurus,0.0573,0.5
vehicle modification,342.53,Pisces,0.1622,0.7391
vehicle parts,218.21,Scorpio,0.0836,0.4783
vehicle repair,107.15,Cancer,0.0485,0.5417
vehicle shopping,314.43,Aquarius,0.0846,0.5263
vehicle shows,210.77,Scorpio,0.0092,0.5909
vehicle specs,98.38,Cancer,0.0647,0.4348
vehicle wheels,302.93,Aquarius,0.0858,0.4737
vehicles,295.13,Capricorn,0.0231,0.619
veneto,298.25,Capricorn,0.0323,0.3333
venezuela,82.08,Gemini,0.0575,0.6522
venice,248.72,Sagittarius,0.0352,0.6667
vents,36.92,Taurus,0.0576,0.4286
venture capital,24.81,Aries,0.0561,0.5652
veracruz,9.18,Aries,0.0195,0.6
vermont,247.68,Sagittarius,0.0323,0.6316
veterans,308.41,Aquarius,0.1005,0.6111
veterinarians,219.0,Scorpio,0.0659,0.5238
victoria (au),358.08,Pisces,0.0615,0.7333
victoria (bc),113.71,Cancer,0.0312,0.4762
video,155.38,Virgo,0.0207,0.5
video cards,51.46,Taurus,0.0329,0.85
video chat,218.47,Scorpio,0.0228,0.65
video equipment,20.35,Aries,0.0306,0.3182
video file formats,223.26,Scorpio,0.0679,0.5
video game development,261.77,Sagittarius,0.0675,0.4545
video game emulation,189.54,Libra,0.04,0.5
video game mods,16.6,Aries,0.0304,0.4286
video game playthroughs,148.46,Leo,0.1379,0.4545
video game streams,253.92,Sagittarius,0.0664,0.4
video games,322.44,Aquarius,0.0469,0.7778
video rentals,127.35,Leo,0.0562,0.4286
video services,227.13,Scorpio,0.0316,0.5217
video sharing,182.68,Libra,0.01,0.5652
video shopping,176.18,Virgo,0.0442,0.7273
video software,72.18,Gemini,0.0203,0.4286
videos,207.59,Libra,0.0287,0.6
viet nam,184.01,Libra,0.0375,0.5789
vietnamese cuisine,339.35,Pisces,0.1544,0.4167
vineyards,103.9,Cancer,0.0187,0.5238
virgin islands,41.02,Taurus,0.0111,0.7727
virginia,112.96,Cancer,0.0088,0.4615
virtual assistants,349.34,Pisces,0.0489,0.6522
virtual reality,325.39,Aquarius,0.1311,0.7059
virtual reality devices,5.9,Aries,0.0577,0.5
virtual tours,30.83,Taurus,0.1145,0.4783
visa,176.45,Virgo,0.0278,0.55
vision care,11.42,Aries,0.08,0.6364
vision loss,327.0,Aquarius,0.0013,0.4783
visual art,302.01,Aquarius,0.0274,0.6957
visual arts,0.09,Aries,0.018,0.6667
vitamins,346.68,Pisces,0.0362,0.6818
vlogs,163.52,Virgo,0.1313,0.5652
vocals,346.55,Pisces,0.0377,0.6111
vocational,177.68,Virgo,0.0144,0.4762
voice,281.08,Capricorn,0.0775,0.6471
volkswagen,9.63,Aries,0.0746,0.375
volleyball,189.26,Libra,0.0614,0.5417
volleyball equipment,137.66,Leo,0.0761,0.65
vorarlberg,322.02,Aquarius,0.0227,0.4
vpn,74.25,Gemini,0.2062,0.5217
wagons,11.59,Aries,0.0091,0.619
wakayama,77.79,Gemini,0.0618,0.5833
wales,160.47,Virgo,0.046,0.8947
walking,308.75,Aquarius,0.0543,0.5714
wallonia,208.78,Libra,0.0407,0.5294
wallpapers,171.02,Virgo,0.0399,0.6
warehousing,338.2,Pisces,0.037,0.6957
wargaming,312.11,Aquarius,0.033,0.7273
warranties,290.17,Capricorn,0.0752,0.5
warsaw,281.04,Capricorn,0.0437,0.6
washers,43.68,Taurus,0.0741,0.6667
washington dc,32.48,Taurus,0.0458,0.5263
washington state,255.73,Sagittarius,0.0608,0.7273
waste management,10.84,Aries,0.0411,0.7727
watches,335.92,Pisces,0.0104,0.6667
water,154.7,Virgo,0.0532,0.5714
water activities,94.03,Cancer,0.1017,0.6522
water filters,53.24,Taurus,0.039,0.5238
water sports,140.59,Leo,0.0523,0.6842
water supply,19.64,Aries,0.0442,0.75
watercraft,88.84,Gemini,0.0489,0.85
wearable technology,308.17,Aquarius,0.081,0.3182
weather,249.13,Sagittarius,0.0553,0.4783
weaves,112.19,Cancer,0.0074,0.3684
web apps,59.26,Taurus,0.0345,0.625
web browsers,67.0,Gemini,0.0536,0.4348
web design,19.3,Aries,0.049,0.7
web hosting,61.06,Gemini,0.0407,0.619
web portals,157.35,Virgo,0.0214,0.4167
web series,14.98,Aries,0.0771,0.4783
web services,33.15,Taurus,0.0632,0.6316
web stats,84.69,Gemini,0.1234,0.4286
weight loss,97.41,Cancer,0.0919,0.7368
weights,46.09,Taurus,0.0841,0.4348
welfare,286.8,Capricorn,0.036,0.7826
wellington,1.64,Aries,0.0615,0.65
west asia,109.29,Cancer,0.003,0.375
west bengal,45.71,Taurus,0.0668,0.45
west france,153.56,Virgo,0.0337,0.6429
west india,214.39,Scorpio,0.1116,0.7143
west midlands,129.5,Leo,0.0523,0.7
west virginia,220.31,Scorpio,0.0237,0.5
western africa,54.71,Taurus,0.0119,0.3913
western australia,339.9,Pisces,0.0289,0.7059
western europe,268.58,Sagittarius,0.0654,0.3913
western films,332.18,Pisces,0.0348,0.65
wholesalers,199.64,Libra,0.0922,0.8636
wigs,306.25,Aquarius,0.0467,0.5882
wildlife,357.78,Pisces,0.0672,0.5
wind power,356.67,Pisces,0.0248,0.7333
window treatments,181.16,Libra,0.0971,0.4167
windows,94.45,Cancer,0.0292,0.5
windows mobile os,60.57,Gemini,0.0517,0.3889
windows os,135.2,Leo,0.0286,0.4375
wine tourism,125.92,Leo,0.0422,0.375
winnipeg,260.83,Sagittarius,0.024,0.65
winter sports,323.16,Aquarius,0.1403,0.75
wire services,320.67,Aquarius,0.0568,0.4286
wireless,251.3,Sagittarius,0.0541,0.8095
wireless accessories,240.7,Sagittarius,0.0757,0.5652
wisconsin,210.53,Scorpio,0.0571,0.5714
women's clothing,56.84,Taurus,0.1223,0.5909
women's health,69.63,Gemini,0.0395,0.619
wood,196.12,Libra,0.0565,0.5882
word games,296.49,Capricorn,0.0088,0.381
word processing software,277.68,Capricorn,0.1094,0.5909
world music,123.93,Leo,0.0568,0.5455
world news,47.68,Taurus,0.0537,0.6957
world wrestling entertainment (wwe),114.3,Cancer,0.0061,0.3333
writing,320.02,Aquarius,0.063,0.7826
wroclaw,136.41,Leo,0.0414,0.5294
xbox,286.0,Capricorn,0.0315,0.8947
xinjiang,50.68,Taurus,0.0237,0.4444
yamanashi,243.62,Sagittarius,0.0187,0.6667
yard maintenance,116.96,Cancer,0.1176,0.7391
yemen,3.39,Aries,0.0861,0.5909
yoga,37.96,Taurus,0.0961,0.7391
yokohama,68.75,Gemini,0.0052,0.5714
young adult books,21.57,Aries,0.0492,0.45
youth camps,97.47,Cancer,0.0923,0.4444
yucatan,66.24,Gemini,0.0328,0.8
yucatan peninsula,199.85,Libra,0.0909,0.4348
yunnan,98.78,Cancer,0.0133,0.6
zambia,269.47,Sagittarius,0.0343,0.619
zhejiang,88.87,Gemini,0.1072,0.5
zimbabwe,347.21,Pisces,0.056,0.5238
zoos,358.65,Pisces,0.0513,0.4737
