topic,phase,sign,arm,dir_acc_test
3d printers,30.4,Taurus,persist,1.0
abruzzo,160.55,Virgo,persist,1.0
abstract strategy games,160.55,Virgo,persist,1.0
abu dhabi,350.54,Pisces,snaive,0.6667
academic conferences,160.55,Virgo,persist,1.0
acapulco,176.24,Virgo,vote3,0.875
accessories,30.4,Taurus,persist,1.0
accident,241.0,Sagittarius,persist,0.4583
accommodations,37.05,Taurus,persist,1.0
accounting,30.4,Taurus,persist,1.0
acne,30.4,Taurus,persist,1.0
acquisitions,218.3,Scorpio,persist,1.0
acting,30.4,Taurus,persist,1.0
action,30.4,Taurus,persist,1.0
action cameras,218.59,Scorpio,persist,0.625
action figures,30.4,Taurus,persist,1.0
activities,30.4,Taurus,persist,1.0
acupuncture,30.4,Taurus,persist,1.0
acura,30.4,Taurus,persist,1.0
adana,160.55,Virgo,persist,1.0
add,30.4,Taurus,persist,1.0
add-ons,30.4,Taurus,persist,1.0
adelaide,4.52,Aries,vote3,0.75
adhd,30.4,Taurus,persist,1.0
adhesives,160.55,Virgo,persist,1.0
administrative jobs,160.55,Virgo,persist,1.0
admissions tests,160.55,Virgo,persist,0.9583
adoption,30.4,Taurus,persist,1.0
adventure films,30.4,Taurus,persist,1.0
adventure games,30.4,Taurus,persist,1.0
adventure travel,30.4,Taurus,persist,1.0
advertising,160.55,Virgo,persist,1.0
advocacy,355.73,Pisces,persist,1.0
aegean islands,143.74,Leo,vote3,0.5833
aegean turkey,160.55,Virgo,persist,1.0
aerospace,30.4,Taurus,persist,1.0
affiliate programs,142.1,Leo,persist,1.0
afghanistan,163.19,Virgo,persist,0.9583
africa,160.55,Virgo,persist,1.0
african music,30.4,Taurus,persist,1.0
african-americans,160.55,Virgo,persist,1.0
africans,30.4,Taurus,persist,1.0
aftermarket auto parts,160.55,Virgo,persist,1.0
aging,30.4,Taurus,persist,1.0
agra,30.4,Taurus,persist,1.0
agricultural equipment,197.26,Libra,persist,0.7917
agriculture,30.4,Taurus,persist,1.0
agritourism,316.5,Aquarius,snaive,0.5833
agrochemicals,160.55,Virgo,persist,0.9167
ahmedabad,160.55,Virgo,persist,0.9167
aichi,82.23,Gemini,persist,0.6667
aids,282.92,Capricorn,persist,1.0
air conditioners,168.21,Virgo,snaive,0.9167
air filters,30.4,Taurus,persist,1.0
air force,30.4,Taurus,persist,1.0
air freight,30.4,Taurus,persist,1.0
air travel,335.8,Pisces,persist,1.0
airport parking,160.55,Virgo,persist,1.0
akita,30.4,Taurus,persist,1.0
alabama,160.55,Virgo,persist,0.9583
alagoas,30.4,Taurus,persist,1.0
alaska,30.4,Taurus,persist,1.0
albania,160.55,Virgo,persist,0.4583
alberta,68.01,Gemini,persist,0.4167
albuquerque-santa fe,160.55,Virgo,persist,1.0
alcohol testing,160.55,Virgo,persist,0.8333
alcohol treatment,30.4,Taurus,persist,1.0
alfa romeo,30.4,Taurus,persist,0.8333
algarve,148.07,Leo,vote3,0.625
algeria,160.55,Virgo,persist,1.0
alicante,198.84,Libra,persist,1.0
allergies,107.94,Cancer,persist,0.8333
alsace,160.55,Virgo,persist,1.0
alternative,30.4,Taurus,persist,1.0
alternative energy,160.55,Virgo,persist,1.0
alternative music,304.69,Aquarius,vote3,0.75
alternative vehicles,160.55,Virgo,persist,0.9583
alumni,160.55,Virgo,persist,1.0
alzheimer's disease,30.4,Taurus,persist,1.0
amalfi coast,135.91,Leo,persist,1.0
amateur,160.55,Virgo,persist,1.0
amazonas,221.36,Scorpio,persist,1.0
american football,160.55,Virgo,persist,1.0
american football equipment,171.38,Virgo,persist,0.7917
amphibians,30.4,Taurus,persist,1.0
amsterdam,296.72,Capricorn,persist,0.9583
analytics,30.4,Taurus,persist,1.0
anatomy,30.4,Taurus,persist,1.0
ancestry,31.04,Taurus,persist,0.8333
andalucia,54.94,Taurus,vote3,0.7917
andhra pradesh,34.2,Taurus,persist,1.0
andorra,335.09,Pisces,persist,1.0
android apps,30.4,Taurus,persist,1.0
android os,30.4,Taurus,persist,1.0
angola,160.55,Virgo,persist,0.9583
anhui,160.55,Virgo,persist,0.9583
animal products,61.74,Gemini,persist,1.0
animal sports,160.55,Virgo,persist,0.9167
animal welfare,262.11,Sagittarius,snaive,0.6667
animals,198.73,Libra,persist,1.0
animated films,30.4,Taurus,persist,1.0
animated gifs,160.55,Virgo,persist,1.0
animation,30.4,Taurus,persist,1.0
animation software,30.4,Taurus,persist,1.0
anime,30.4,Taurus,persist,1.0
ankara,351.71,Pisces,persist,0.5417
anniversaries,130.93,Leo,vote3,0.9167
antalya,352.22,Pisces,persist,0.9167
anthropology,30.4,Taurus,persist,1.0
anti-aging skin care products,160.55,Virgo,persist,0.9167
antigua,30.4,Taurus,persist,1.0
antiperspirants,160.55,Virgo,persist,0.875
antiques,30.4,Taurus,persist,1.0
antivirus,30.4,Taurus,persist,0.875
anxiety,82.61,Gemini,persist,0.7917
aomori,243.09,Sagittarius,persist,0.9583
aosta valley,160.55,Virgo,persist,1.0
apparel,291.93,Capricorn,persist,0.5417
apparel services,160.55,Virgo,persist,1.0
apple ios,225.08,Scorpio,snaive,0.9167
appraisals,160.55,Virgo,persist,0.7083
aquaculture,30.4,Taurus,persist,1.0
aquaria,171.3,Virgo,persist,1.0
aquariums,30.4,Taurus,persist,0.1667
aquitaine,53.82,Taurus,persist,0.9583
arabs,160.55,Virgo,persist,1.0
aragon,160.55,Virgo,persist,1.0
arcade,65.88,Gemini,persist,0.9583
archaeology,160.55,Virgo,persist,0.875
architecture,30.4,Taurus,persist,1.0
argentina,172.08,Virgo,snaive,0.75
arizona,30.4,Taurus,persist,1.0
arkansas,253.54,Sagittarius,persist,1.0
armchairs,160.55,Virgo,persist,1.0
armenia,243.09,Sagittarius,persist,1.0
army,30.4,Taurus,persist,1.0
art,30.4,Taurus,persist,1.0
art museums,160.55,Virgo,persist,0.7917
arthritis,30.4,Taurus,persist,1.0
artificial intelligence,30.4,Taurus,persist,1.0
arts,30.4,Taurus,persist,1.0
aruba,347.76,Pisces,persist,1.0
asia,335.33,Pisces,snaive,0.625
asians,298.06,Capricorn,persist,1.0
asmr videos,30.4,Taurus,persist,1.0
asset,30.4,Taurus,persist,1.0
assisted living,331.73,Pisces,persist,0.9583
assistive technology,127.12,Leo,persist,0.9167
asthma,30.4,Taurus,persist,1.0
astrology,30.4,Taurus,persist,1.0
astronomy,30.4,Taurus,persist,1.0
asturias,218.3,Scorpio,persist,1.0
athens,160.55,Virgo,persist,1.0
athleisure,7.16,Aries,persist,0.9583
athletic apparel,160.55,Virgo,persist,1.0
athletic shoes,160.55,Virgo,persist,1.0
atlanta,30.4,Taurus,persist,1.0
atlantic city,137.51,Leo,persist,1.0
atlantic provinces,272.29,Capricorn,persist,0.1667
atmospheric science,10.45,Aries,persist,1.0
atms,30.4,Taurus,persist,1.0
auckland,46.38,Taurus,persist,0.9583
auctions,30.4,Taurus,persist,1.0
audi,30.4,Taurus,persist,1.0
audio,30.4,Taurus,persist,1.0
audio equipment,30.4,Taurus,persist,1.0
audio file formats,7.54,Aries,persist,0.9167
audio shopping,160.55,Virgo,persist,1.0
audiobooks,54.12,Taurus,persist,1.0
auditing,44.09,Taurus,persist,1.0
augmented,24.91,Aries,persist,0.4583
australia,30.4,Taurus,persist,1.0
australian football,160.55,Virgo,persist,1.0
austria,184.86,Libra,vote3,0.9167
autism spectrum disorders,160.55,Virgo,persist,1.0
auto batteries,160.55,Virgo,persist,1.0
auto body repair,273.56,Capricorn,vote3,0.6667
auto brakes,160.55,Virgo,persist,1.0
auto exterior,30.4,Taurus,persist,1.0
auto financing,21.57,Aries,persist,0.9167
auto glass repair,77.62,Gemini,persist,0.2917
auto insurance,160.55,Virgo,persist,0.8333
auto interior,30.4,Taurus,persist,1.0
auto leasing,9.55,Aries,persist,1.0
auto racing,160.55,Virgo,persist,0.7917
automotive electronic components,160.55,Virgo,persist,1.0
automotive industry,30.4,Taurus,persist,1.0
autonomous vehicles,127.12,Leo,persist,0.6667
autos,30.4,Taurus,persist,1.0
auvergne,160.55,Virgo,persist,1.0
aviation industry,37.74,Taurus,persist,1.0
azerbaijan,160.55,Virgo,persist,1.0
azores,30.4,Taurus,persist,1.0
b,30.4,Taurus,persist,1.0
babies,30.4,Taurus,persist,1.0
baby,30.4,Taurus,persist,1.0
baby care,30.4,Taurus,persist,1.0
baby feeding,30.4,Taurus,persist,1.0
baby food,30.4,Taurus,persist,1.0
baby formula,30.4,Taurus,persist,1.0
baby safety,126.6,Leo,persist,0.875
baby showers,160.55,Virgo,persist,1.0
baby strollers,214.16,Scorpio,persist,1.0
bachelor,34.2,Taurus,persist,1.0
bachelorette parties,160.55,Virgo,persist,1.0
backpacks,30.4,Taurus,persist,1.0
badminton,347.05,Pisces,vote3,1.0
bahamas,180.14,Libra,persist,0.0
bahia,30.4,Taurus,persist,1.0
bahrain,217.55,Scorpio,persist,0.6667
baja california,160.55,Virgo,persist,1.0
baked goods,48.55,Taurus,persist,0.6667
bakeries,30.4,Taurus,persist,1.0
balearic islands,136.6,Leo,persist,1.0
bali,30.4,Taurus,persist,1.0
ballet,36.87,Taurus,persist,1.0
baltics,207.99,Libra,snaive,1.0
baltimore metro,160.55,Virgo,persist,1.0
bandung,30.4,Taurus,persist,1.0
bangalore,30.4,Taurus,persist,1.0
bangkok,274.71,Capricorn,persist,1.0
bangladesh,30.4,Taurus,persist,1.0
banking,30.4,Taurus,persist,1.0
bankruptcy,160.55,Virgo,persist,1.0
barbados,79.04,Gemini,persist,1.0
barbecues,149.65,Leo,snaive,0.7917
barbuda,160.55,Virgo,persist,1.0
barcelona,354.47,Pisces,persist,0.7917
bari,30.4,Taurus,persist,1.0
bars,30.4,Taurus,persist,0.5833
baseball,143.64,Leo,snaive,0.9583
basilicata,160.55,Virgo,persist,1.0
basketball,12.87,Aries,vote3,0.8333
basketball equipment,30.8,Taurus,persist,1.0
basque country,118.29,Cancer,persist,0.9167
bath,30.4,Taurus,persist,1.0
bathroom,30.4,Taurus,persist,1.0
baton rouge,160.55,Virgo,persist,1.0
battle royale games,30.4,Taurus,persist,1.0
bavaria,107.38,Cancer,persist,1.0
bbq,30.4,Taurus,persist,1.0
beaches,87.65,Gemini,persist,1.0
beauty,30.4,Taurus,persist,0.1667
beauty pageants,160.55,Virgo,persist,1.0
beauty professionals,66.62,Gemini,persist,1.0
beauty services,163.19,Virgo,persist,1.0
bed,127.12,Leo,persist,0.9167
bed linens,160.55,Virgo,persist,1.0
bedding,30.4,Taurus,persist,1.0
bedroom,30.4,Taurus,persist,1.0
beds,116.32,Cancer,persist,1.0
beef,30.4,Taurus,persist,1.0
beijing,160.55,Virgo,persist,1.0
belarus,179.62,Virgo,persist,1.0
belgium,174.82,Virgo,vote3,1.0
belief,0.95,Aries,persist,0.9167
belize,30.4,Taurus,persist,1.0
belo horizonte,351.64,Pisces,persist,0.9583
benefits,30.4,Taurus,persist,1.0
benelux,160.55,Virgo,persist,1.0
bentley,160.55,Virgo,persist,1.0
berlin,210.79,Scorpio,persist,1.0
bermuda,30.4,Taurus,persist,0.5833
beverages,30.4,Taurus,persist,1.0
bhutan,30.4,Taurus,persist,1.0
bicycles,160.55,Virgo,persist,1.0
big island (hawaii),160.55,Virgo,persist,0.9583
bihar,76.93,Gemini,persist,1.0
bike accessories,30.4,Taurus,persist,1.0
bike frames,144.63,Leo,vote3,0.5833
bike helmets,115.3,Cancer,persist,0.5833
bike parts,30.4,Taurus,persist,1.0
bike rentals,197.26,Libra,persist,1.0
bilbao,189.65,Libra,persist,0.9583
billiards,316.89,Aquarius,persist,1.0
billing,30.4,Taurus,persist,1.0
binoculars,311.75,Aquarius,persist,1.0
biographies,30.4,Taurus,persist,1.0
biological sciences,311.36,Aquarius,persist,0.9583
biotech,30.4,Taurus,persist,1.0
birds,30.4,Taurus,persist,1.0
birdwatching,160.55,Virgo,persist,0.4167
birmingham (al),107.07,Cancer,persist,0.5417
birmingham (uk),163.19,Virgo,persist,0.9583
birth control,30.4,Taurus,persist,1.0
birthdays,30.4,Taurus,persist,0.9583
bisexual,30.4,Taurus,persist,1.0
bizarre,160.55,Virgo,persist,1.0
black sea turkey,155.45,Virgo,persist,1.0
blackberry os,160.55,Virgo,persist,1.0
blenders,82.19,Gemini,persist,0.9583
blindness,160.55,Virgo,persist,1.0
blogging resources,160.55,Virgo,persist,0.9583
blood conditions,160.55,Virgo,persist,1.0
blood sugar,107.07,Cancer,persist,0.9167
blu-ray players,160.55,Virgo,persist,1.0
blues,215.18,Scorpio,vote3,0.5833
bluetooth accessories,346.82,Pisces,snaive,0.5417
bmw,30.4,Taurus,persist,1.0
bmx bikes,160.55,Virgo,persist,1.0
board games,30.4,Taurus,persist,1.0
boating,154.36,Virgo,snaive,0.6667
boats,160.55,Virgo,persist,1.0
bodrum,160.55,Virgo,persist,1.0
body art,160.55,Virgo,persist,0.8333
body care,160.55,Virgo,persist,1.0
body mounted,16.8,Aries,persist,0.8333
body products,30.4,Taurus,persist,1.0
body soaps,255.38,Sagittarius,persist,0.75
body sprays,61.21,Gemini,snaive,0.5417
bodybuilding,250.02,Sagittarius,snaive,0.25
bogota,163.24,Virgo,persist,0.9583
bolivia,30.4,Taurus,persist,0.9583
bollywood,30.4,Taurus,persist,1.0
bollywood music,30.4,Taurus,persist,1.0
bologna,197.37,Libra,persist,0.9167
bonaire,46.38,Taurus,persist,0.875
bonds,160.55,Virgo,persist,0.7083
book retailers,160.55,Virgo,persist,1.0
bookkeeping,30.4,Taurus,persist,1.0
books,30.4,Taurus,persist,1.0
boots,311.17,Aquarius,persist,0.625
bora bora,30.4,Taurus,persist,1.0
bordeaux,160.55,Virgo,persist,1.0
border issues,162.85,Virgo,persist,0.5833
bosnia and herzegovina,160.55,Virgo,persist,1.0
boston metro,160.55,Virgo,persist,1.0
botswana,90.16,Cancer,persist,1.0
bottled water,160.85,Virgo,persist,1.0
bowling,9.93,Aries,persist,1.0
bowling equipment,97.01,Cancer,persist,0.875
boxing,30.4,Taurus,persist,1.0
boxing gloves,30.4,Taurus,persist,1.0
brainteasers,160.55,Virgo,persist,0.625
brake service,30.4,Taurus,persist,1.0
branch locations,160.55,Virgo,persist,1.0
brand management,160.55,Virgo,persist,0.875
brandenburg,160.55,Virgo,persist,0.9583
brasilia,273.18,Capricorn,persist,1.0
brazil,163.19,Virgo,persist,1.0
brazilian music,121.91,Leo,persist,1.0
bread makers,26.77,Aries,persist,0.7917
breakfast foods,30.4,Taurus,persist,1.0
breastfeeding,335.8,Pisces,persist,1.0
bremen,160.55,Virgo,persist,1.0
bridal wear,30.4,Taurus,persist,1.0
brisbane,180.94,Libra,persist,1.0
bristol,160.55,Virgo,persist,1.0
british columbia,302.21,Aquarius,persist,1.0
brittany,160.55,Virgo,persist,1.0
broadcast,30.4,Taurus,persist,1.0
broadway,163.19,Virgo,persist,1.0
brokerages,160.55,Virgo,persist,1.0
broward-fort lauderdale,282.92,Capricorn,persist,1.0
browser games,112.15,Cancer,persist,0.9583
brunei,302.48,Aquarius,persist,0.9167
brussels,160.55,Virgo,persist,1.0
bucharest,160.55,Virgo,persist,1.0
budapest,160.55,Virgo,persist,0.9583
buddhism,30.4,Taurus,persist,1.0
buenos aires,30.4,Taurus,vote3,0.9167
buick,30.4,Taurus,persist,1.0
building materials,6.78,Aries,persist,1.0
building toys,30.4,Taurus,persist,1.0
buildings,30.4,Taurus,persist,1.0
bulgaria,251.39,Sagittarius,encdec,1.0
burgenland,160.55,Virgo,persist,1.0
burgers,30.4,Taurus,persist,1.0
burgundy,160.55,Virgo,persist,1.0
burkina faso,160.55,Virgo,persist,0.8333
burners,160.55,Virgo,persist,1.0
bursa,61.19,Gemini,persist,0.9583
busan,160.55,Virgo,persist,1.0
business,30.4,Taurus,persist,1.0
business attire,319.56,Aquarius,persist,1.0
business cards,30.4,Taurus,persist,1.0
business education,30.4,Taurus,persist,1.0
business finance,6.3,Aries,persist,1.0
business formation,329.27,Aquarius,persist,1.0
business news,54.99,Taurus,persist,1.0
business operations,30.4,Taurus,persist,1.0
business opportunities,30.4,Taurus,persist,1.0
business plans,30.4,Taurus,persist,1.0
business process,30.4,Taurus,persist,1.0
business services,30.4,Taurus,persist,1.0
business travel,30.4,Taurus,persist,1.0
butchers,30.4,Taurus,persist,1.0
c,30.4,Taurus,persist,1.0
cabinetry,52.9,Taurus,persist,1.0
cable,30.4,Taurus,persist,1.0
cad,30.4,Taurus,persist,1.0
cadillac,30.4,Taurus,persist,1.0
cadiz,36.37,Taurus,persist,1.0
cairns,160.55,Virgo,persist,0.9583
cairo,160.55,Virgo,persist,1.0
calabria,160.55,Virgo,persist,1.0
calculators,263.52,Sagittarius,vote3,0.875
calendar,30.4,Taurus,persist,1.0
calendars,30.4,Taurus,persist,1.0
calgary,180.94,Libra,persist,0.5417
california,160.55,Virgo,persist,1.0
california central coast,91.6,Cancer,encdec,0.9167
calling cards,29.04,Aries,snaive,0.625
cam,30.4,Taurus,persist,1.0
cambodia,357.7,Pisces,persist,1.0
camcorders,160.55,Virgo,persist,0.7917
camera,30.4,Taurus,persist,1.0
camera lenses,30.4,Taurus,persist,1.0
cameras,30.4,Taurus,persist,1.0
cameroon,160.55,Virgo,persist,1.0
campaigns,30.4,Taurus,persist,1.0
campania,160.55,Virgo,persist,1.0
campers,163.19,Virgo,persist,0.9583
camping,30.4,Taurus,persist,1.0
canada,30.4,Taurus,persist,1.0
canadian prairies,164.38,Virgo,persist,0.9583
canary islands,160.55,Virgo,persist,1.0
canberra,160.55,Virgo,persist,1.0
cancer,30.4,Taurus,persist,1.0
cancun,351.71,Pisces,persist,0.9583
candy,30.4,Taurus,persist,0.8333
cantabria,160.55,Virgo,persist,1.0
cantopop,160.55,Virgo,persist,1.0
cape town,30.4,Taurus,persist,1.0
capoeira,216.27,Scorpio,persist,1.0
cappadocia,160.55,Virgo,persist,1.0
car audio,30.4,Taurus,persist,1.0
car electronics,30.4,Taurus,persist,1.0
car rentals,160.55,Virgo,persist,0.0833
car video,30.4,Taurus,persist,1.0
caracas,9.92,Aries,persist,0.875
card games,30.4,Taurus,persist,1.0
cardio training equipment,140.29,Leo,persist,0.9583
career resources,174.02,Virgo,persist,0.25
cargo trucks,151.17,Virgo,vote3,0.6667
caribbean,160.55,Virgo,persist,1.0
caribbean cuisine,160.55,Virgo,persist,0.0
caribbean music,64.27,Gemini,persist,1.0
carinthia,350.73,Pisces,vote3,0.9583
carnival,81.1,Gemini,persist,1.0
carpets,160.55,Virgo,persist,1.0
carpooling,338.2,Pisces,persist,0.9583
cartoons,30.4,Taurus,persist,1.0
cash advances,160.55,Virgo,persist,1.0
castile and leon,160.55,Virgo,persist,0.9583
castile-la mancha,160.55,Virgo,persist,1.0
casual apparel,160.55,Virgo,persist,0.9583
casual games,30.4,Taurus,persist,1.0
casual shoes,30.4,Taurus,persist,1.0
catalonia,160.55,Virgo,persist,1.0
catering,340.0,Pisces,persist,1.0
cats,357.65,Pisces,persist,0.9167
caucasus,23.12,Aries,persist,1.0
cayman islands,126.47,Leo,persist,1.0
cd,30.4,Taurus,persist,1.0
ceara,30.4,Taurus,persist,1.0
cebu,160.55,Virgo,persist,1.0
celebrities,30.4,Taurus,persist,1.0
central,30.4,Taurus,persist,1.0
central america,26.17,Aries,persist,0.9583
central anatolia,160.55,Virgo,persist,1.0
central asia,30.4,Taurus,persist,1.0
central florida,232.63,Scorpio,persist,0.9167
central france,145.37,Leo,persist,0.625
central mexico,133.88,Leo,persist,1.0
centre-val de loire,160.55,Virgo,persist,1.0
ceramics,30.4,Taurus,persist,1.0
certification,30.4,Taurus,persist,1.0
chad,30.4,Taurus,persist,1.0
champagne-ardenne,160.55,Virgo,persist,0.75
changchun,160.55,Virgo,persist,0.9583
charity,204.79,Libra,persist,0.4583
charlotte metro,160.55,Virgo,persist,1.0
charters,161.02,Virgo,vote3,0.8333
chat providers,160.55,Virgo,persist,1.0
chatbots,351.91,Pisces,persist,1.0
checking services,213.53,Scorpio,persist,1.0
cheerleading,160.55,Virgo,persist,1.0
cheese,30.4,Taurus,persist,1.0
chemicals industry,48.33,Taurus,persist,0.8333
chemistry,9.93,Aries,persist,1.0
chengdu,282.93,Capricorn,persist,0.9583
chennai,162.63,Virgo,persist,0.3333
chess,30.4,Taurus,persist,1.0
chevrolet,30.4,Taurus,persist,1.0
chhattisgarh,331.3,Pisces,persist,1.0
chiang mai,288.15,Capricorn,persist,1.0
chiapas,261.83,Sagittarius,persist,1.0
chiba,282.93,Capricorn,persist,0.875
chicago,30.4,Taurus,persist,1.0
chihuahua,282.93,Capricorn,persist,1.0
child car seats,69.2,Gemini,persist,0.5
child care,30.4,Taurus,persist,1.0
child internet safety,160.55,Virgo,persist,1.0
children's books,30.4,Taurus,persist,1.0
children's clothing,351.54,Pisces,persist,1.0
children's music,30.4,Taurus,persist,1.0
chile,217.92,Scorpio,encdec,0.9583
china,30.4,Taurus,persist,1.0
chinese cuisine,30.4,Taurus,persist,1.0
chinese martial arts,30.4,Taurus,persist,1.0
chinese medicine,30.4,Taurus,persist,1.0
chips,30.4,Taurus,persist,1.0
chongqing,48.55,Taurus,persist,0.9167
choreography videos,242.38,Sagittarius,persist,1.0
christchurch,107.07,Cancer,persist,1.0
christian,30.4,Taurus,persist,1.0
christian holidays,351.54,Pisces,persist,1.0
christianity,30.4,Taurus,persist,1.0
christmas,346.1,Pisces,snaive,1.0
chrysler,346.89,Pisces,persist,1.0
chubu,30.4,Taurus,persist,1.0
chugoku,160.55,Virgo,persist,0.7917
cincinnati,209.45,Libra,persist,0.875
circus,160.55,Virgo,persist,0.9583
cis,160.55,Virgo,persist,0.6667
citroen,30.4,Taurus,persist,1.0
city,30.4,Taurus,persist,1.0
city building games,30.4,Taurus,persist,1.0
civil engineering,30.4,Taurus,persist,1.0
civil rights,33.6,Taurus,snaive,0.8333
classic films,30.4,Taurus,persist,1.0
classic rock,30.4,Taurus,persist,1.0
classic vehicles,160.55,Virgo,snaive,0.9583
classical music,30.4,Taurus,persist,1.0
classifieds,82.61,Gemini,persist,1.0
classroom equipment,189.22,Libra,persist,0.125
classroom resources,160.55,Virgo,persist,1.0
clean beauty,160.55,Virgo,persist,1.0
cleaning agents,23.29,Aries,persist,1.0
cleaning services,160.55,Virgo,persist,1.0
cleansing,30.4,Taurus,persist,1.0
clerical,353.31,Pisces,persist,1.0
climate change,12.87,Aries,persist,1.0
climate control,30.4,Taurus,persist,1.0
climbing,30.4,Taurus,persist,1.0
clip art,30.4,Taurus,persist,1.0
clocks,172.08,Virgo,persist,1.0
clothing accessories,160.55,Virgo,persist,1.0
cloud computing,30.4,Taurus,persist,1.0
cloud storage,30.4,Taurus,persist,1.0
clubs,30.4,Taurus,persist,1.0
coatings,30.4,Taurus,persist,1.0
cochin,30.4,Taurus,persist,1.0
codecs,351.54,Pisces,persist,1.0
coffee,30.4,Taurus,persist,1.0
coffee tables,208.97,Libra,persist,0.875
coin-op games,160.55,Virgo,persist,1.0
cold,160.55,Virgo,persist,1.0
collaboration,30.4,Taurus,persist,1.0
collectible card games,160.55,Virgo,persist,1.0
collectibles,30.4,Taurus,persist,1.0
collections,30.4,Taurus,persist,1.0
college financing,265.16,Sagittarius,snaive,0.7083
college sports,30.97,Taurus,persist,1.0
colleges,110.19,Cancer,persist,1.0
collision,160.55,Virgo,persist,1.0
cologne,324.51,Aquarius,persist,1.0
colombia,304.98,Aquarius,snaive,0.5
colorado,160.55,Virgo,persist,0.9583
coloring,30.4,Taurus,persist,1.0
columbus (oh),127.12,Leo,persist,0.9583
combat sports,217.13,Scorpio,persist,1.0
comedy films,316.8,Aquarius,snaive,0.75
comics,30.4,Taurus,persist,1.0
commentary,30.4,Taurus,persist,1.0
commercial distribution,163.19,Virgo,persist,1.0
commercial lending,160.55,Virgo,persist,1.0
commercial properties,56.31,Taurus,persist,1.0
commercial vehicles,28.07,Aries,persist,1.0
commodities,22.58,Aries,persist,1.0
communications,30.4,Taurus,persist,1.0
communications equipment,160.55,Virgo,persist,0.9583
compact cars,329.68,Aquarius,persist,1.0
company earnings,9.46,Aries,persist,1.0
company news,30.4,Taurus,persist,1.0
comparisons,30.4,Taurus,persist,1.0
compensation,67.04,Gemini,vote3,0.9167
competitive video gaming,160.55,Virgo,persist,1.0
components,30.4,Taurus,persist,1.0
computer,30.4,Taurus,persist,1.0
computer components,30.4,Taurus,persist,1.0
computer desks,160.55,Virgo,persist,1.0
computer drives,30.4,Taurus,persist,0.4583
computer education,30.4,Taurus,persist,1.0
computer hardware,30.4,Taurus,persist,1.0
computer memory,30.4,Taurus,persist,1.0
computer monitors,30.4,Taurus,persist,1.0
computer peripherals,2.44,Aries,snaive,0.875
computer science,30.4,Taurus,persist,1.0
computer security,30.4,Taurus,persist,1.0
computer servers,160.55,Virgo,persist,1.0
computers,351.71,Pisces,persist,0.4167
concerts,228.35,Scorpio,persist,0.4583
condiments,30.4,Taurus,persist,1.0
conditioners,30.4,Taurus,persist,1.0
condos,130.65,Leo,persist,1.0
conferencing software,106.16,Cancer,persist,1.0
congo (dr),160.55,Virgo,persist,1.0
connecticut,160.55,Virgo,persist,1.0
consoles,30.4,Taurus,persist,1.0
constitutional law,350.13,Pisces,persist,1.0
construction,30.4,Taurus,persist,1.0
construction consulting,160.55,Virgo,persist,0.9583
consulates,180.94,Libra,persist,0.2917
consulting,160.55,Virgo,persist,1.0
consumer advocacy,160.55,Virgo,persist,0.7917
consumer electronics,160.55,Virgo,persist,1.0
consumer resources,160.55,Virgo,persist,1.0
contacts,30.4,Taurus,persist,1.0
content management,38.17,Taurus,persist,1.0
contests,160.55,Virgo,persist,1.0
continuing education,106.16,Cancer,persist,1.0
contracting,30.4,Taurus,persist,1.0
control equipment,51.91,Taurus,persist,1.0
convenience stores,160.55,Virgo,persist,0.875
conventions,317.55,Aquarius,snaive,1.0
convertibles,160.98,Virgo,snaive,1.0
cooking,30.4,Taurus,persist,1.0
cooking fats,22.37,Aries,vote3,0.4167
cooking tutorials,167.1,Virgo,persist,0.3333
cooktops,30.4,Taurus,persist,0.9583
cookware,30.4,Taurus,persist,1.0
copenhagen,198.84,Libra,persist,0.9167
copiers,160.55,Virgo,persist,1.0
cordoba,354.9,Pisces,persist,0.9583
corporate,30.4,Taurus,persist,1.0
corporate events,229.27,Scorpio,persist,0.9167
corporate gifts,160.55,Virgo,persist,0.625
corporate law,30.4,Taurus,persist,1.0
corporate training,131.07,Leo,direct,0.7917
corrections,30.4,Taurus,persist,1.0
corsica,187.89,Libra,persist,0.9583
cosmetic dentistry,160.55,Virgo,persist,1.0
cosmetic procedures,160.55,Virgo,persist,1.0
cosmetic surgery,30.4,Taurus,persist,0.8333
cosmetics,30.4,Taurus,persist,1.0
cosmetology,30.4,Taurus,persist,1.0
cosplay,30.4,Taurus,persist,1.0
costa rica,163.86,Virgo,persist,0.9583
costumes,268.32,Sagittarius,snaive,1.0
cote d'ivoire,224.93,Scorpio,persist,0.8333
counseling,223.06,Scorpio,persist,1.0
counseling services,160.55,Virgo,persist,0.9167
counterterrorism,160.55,Virgo,persist,0.9167
countertops,30.4,Taurus,persist,1.0
country music,30.4,Taurus,persist,1.0
coupes,174.82,Virgo,persist,1.0
coupons,30.4,Taurus,persist,1.0
couriers,160.55,Virgo,persist,1.0
courts,160.55,Virgo,persist,1.0
covid-19,98.71,Cancer,vote3,0.6667
craft supplies,30.4,Taurus,persist,1.0
crafts,30.4,Taurus,persist,0.9167
credit,30.4,Taurus,persist,1.0
credit cards,30.4,Taurus,persist,1.0
credit reporting,130.26,Leo,vote3,0.75
crete,181.06,Libra,persist,1.0
cricket,342.1,Pisces,persist,1.0
cricket equipment,160.55,Virgo,persist,0.875
crime,30.4,Taurus,persist,1.0
crimea,160.55,Virgo,persist,1.0
criminal law,17.52,Aries,persist,1.0
croatia,174.82,Virgo,vote3,1.0
crops,160.55,Virgo,persist,0.5
crossovers,160.55,Virgo,persist,1.0
crowdfunding,160.55,Virgo,persist,1.0
cruiser bicycles,160.55,Virgo,persist,1.0
cruises,117.54,Cancer,persist,1.0
cuba,343.51,Pisces,persist,0.375
cuernavaca (morelos),145.37,Leo,persist,1.0
cuisines,30.4,Taurus,persist,1.0
culinary training,27.34,Aries,vote3,0.5417
cult,168.51,Virgo,vote3,0.6667
culture festivals,312.24,Aquarius,snaive,0.7917
curacao,163.19,Virgo,persist,1.0
currencies,30.4,Taurus,persist,1.0
curtains,30.4,Taurus,persist,1.0
custom,30.4,Taurus,persist,1.0
custom homes,30.4,Taurus,persist,1.0
customer relationship management (crm),160.55,Virgo,persist,0.4167
customer services,289.85,Capricorn,persist,1.0
customer support systems,160.55,Virgo,persist,1.0
cutlery,30.4,Taurus,persist,1.0
cutting accessories,67.17,Gemini,persist,1.0
cycling,30.4,Taurus,persist,1.0
cycling apparel,160.55,Virgo,persist,1.0
cyprus,145.37,Leo,persist,1.0
czech republic,160.55,Virgo,vote3,0.9583
daegu,160.55,Virgo,persist,1.0
daejeon,160.55,Virgo,persist,0.8333
daewoo motors,160.55,Virgo,persist,1.0
dairy,30.4,Taurus,persist,1.0
dallas-fort worth,160.55,Virgo,persist,1.0
dance,30.4,Taurus,persist,1.0
dance games,254.44,Sagittarius,persist,1.0
data backup,30.4,Taurus,persist,1.0
data formats,160.55,Virgo,persist,0.625
data management,30.4,Taurus,persist,1.0
data sheets,30.4,Taurus,persist,1.0
dating,30.4,Taurus,persist,1.0
day trading,75.71,Gemini,persist,1.0
debit,30.4,Taurus,persist,1.0
debt collection,127.12,Leo,persist,1.0
debt management,160.55,Virgo,persist,0.9167
defense,30.4,Taurus,persist,1.0
defense industry,89.83,Gemini,persist,1.0
delaware,187.62,Libra,vote3,0.875
delhi,30.4,Taurus,persist,1.0
delicatessens,160.55,Virgo,persist,1.0
deltona-daytona beach,160.55,Virgo,persist,1.0
demographics,160.55,Virgo,persist,1.0
denim wear,30.4,Taurus,persist,1.0
denmark,180.94,Libra,vote3,1.0
dental care,160.55,Virgo,persist,1.0
denver,247.04,Sagittarius,snaive,0.7917
deodorants,329.62,Aquarius,persist,0.9583
department stores,160.55,Virgo,persist,1.0
depression,30.4,Taurus,persist,1.0
derivatives,30.4,Taurus,persist,1.0
design,9.93,Aries,persist,1.0
design education,30.4,Taurus,persist,1.0
desktop computers,30.4,Taurus,persist,0.875
desktop publishing,27.62,Aries,snaive,1.0
desserts,30.4,Taurus,persist,1.0
detoxification,30.4,Taurus,persist,1.0
detroit,196.3,Libra,direct,0.5833
development,30.4,Taurus,persist,1.0
development tools,67.31,Gemini,persist,1.0
developmental disabilities,161.57,Virgo,persist,0.2917
device drivers,30.4,Taurus,persist,1.0
dhaka,30.4,Taurus,persist,1.0
diabetes,30.4,Taurus,persist,1.0
diapering,160.55,Virgo,persist,1.0
diaspora,30.4,Taurus,persist,1.0
dice games,30.4,Taurus,persist,1.0
dictionaries,30.4,Taurus,persist,1.0
die-cast,14.57,Aries,snaive,0.625
diesel vehicles,326.29,Aquarius,persist,0.9167
digestive disorders,77.49,Gemini,persist,0.9167
digital arts,22.58,Aries,persist,1.0
digital currencies,160.55,Virgo,persist,0.7917
digital slr cameras,160.55,Virgo,persist,1.0
digital wallets,160.55,Virgo,persist,0.9583
dining,30.4,Taurus,persist,1.0
dining furniture,30.4,Taurus,persist,1.0
direct mail marketing,282.98,Capricorn,persist,1.0
directories,26.75,Aries,persist,1.0
disabled,30.4,Taurus,persist,1.0
disaster preparedness,256.27,Sagittarius,snaive,0.9167
discount,30.4,Taurus,persist,1.0
discount offers,357.75,Pisces,persist,1.0
discrimination,30.4,Taurus,persist,1.0
dishwashers,298.65,Capricorn,persist,0.8333
displays,289.95,Capricorn,persist,0.9583
distance learning,105.92,Cancer,persist,0.5417
distance running,30.4,Taurus,persist,1.0
distributed,30.4,Taurus,persist,1.0
divination,160.55,Virgo,persist,1.0
diving,160.55,Virgo,persist,1.0
divorce,160.55,Virgo,persist,1.0
diy,30.4,Taurus,persist,1.0
dj resources,30.4,Taurus,persist,1.0
document,30.4,Taurus,persist,1.0
documentary films,160.55,Virgo,persist,1.0
dodge,30.4,Taurus,persist,1.0
dogs,140.06,Leo,persist,0.9167
doha,18.75,Aries,persist,1.0
dolls,160.55,Virgo,persist,1.0
domain registration,160.55,Virgo,persist,0.8333
domestic services,38.91,Taurus,persist,0.0833
dominica,50.13,Taurus,persist,1.0
dominican republic,163.19,Virgo,persist,0.4167
dongguan,160.55,Virgo,persist,0.9583
doors,48.55,Taurus,persist,0.25
download managers,160.55,Virgo,persist,1.0
downloads,207.02,Libra,persist,1.0
drama films,30.4,Taurus,persist,1.0
drawing,356.24,Pisces,persist,1.0
drenthe,160.55,Virgo,persist,1.0
dress-up,160.55,Virgo,persist,0.3333
dresses,30.4,Taurus,persist,1.0
dressings,30.4,Taurus,persist,1.0
drink,30.4,Taurus,persist,1.0
driver education,58.92,Taurus,persist,1.0
driving,30.4,Taurus,persist,1.0
driving instruction,160.55,Virgo,persist,1.0
driving laws,272.85,Capricorn,vote3,0.8333
drones,160.55,Virgo,persist,1.0
drug,160.55,Virgo,persist,1.0
drug laws,282.06,Capricorn,persist,1.0
drugs,30.4,Taurus,persist,0.2917
drums,160.55,Virgo,persist,1.0
drunk driving law,160.55,Virgo,persist,0.5833
dryers,30.4,Taurus,persist,1.0
dubai,30.4,Taurus,persist,1.0
dublin,287.56,Capricorn,persist,0.7917
duets,19.82,Aries,persist,1.0
dusseldorf,160.55,Virgo,persist,1.0
dvd,160.55,Virgo,persist,1.0
dvd drives,160.55,Virgo,persist,1.0
dvd players,160.55,Virgo,persist,1.0
dvd storage media,160.55,Virgo,persist,0.9583
dvrs,160.55,Virgo,persist,1.0
dyes,30.4,Taurus,persist,1.0
e-book readers,160.55,Virgo,persist,1.0
e-books,221.36,Scorpio,persist,1.0
e-commerce services,160.55,Virgo,persist,1.0
ear nose,30.4,Taurus,persist,1.0
early childhood education,106.16,Cancer,persist,0.9167
earth sciences,217.78,Scorpio,persist,0.6667
east asia,30.4,Taurus,persist,1.0
east asian cuisine,163.19,Virgo,persist,1.0
east asian music,48.55,Taurus,persist,0.9583
east asians,351.54,Pisces,persist,0.125
east france,160.55,Virgo,persist,1.0
east india,30.4,Taurus,persist,1.0
east midlands,198.84,Libra,persist,0.75
east of england,160.55,Virgo,persist,1.0
east timor,160.55,Virgo,persist,1.0
easter,57.95,Taurus,direct,0.8333
eastern africa,154.02,Virgo,persist,1.0
eastern anatolia,27.6,Aries,persist,1.0
eastern china,160.55,Virgo,persist,1.0
eastern europe,160.55,Virgo,persist,1.0
eastern europeans,160.55,Virgo,persist,1.0
eating disorders,46.16,Taurus,persist,1.0
ecology,30.4,Taurus,persist,1.0
economics,30.4,Taurus,persist,1.0
economy news,30.4,Taurus,persist,1.0
ecotourism,335.25,Pisces,vote3,1.0
ecuador,41.05,Taurus,persist,0.8333
edgy,30.4,Taurus,persist,1.0
edinburgh,203.64,Libra,persist,0.5
editing services,160.55,Virgo,persist,1.0
edmonton,160.55,Virgo,persist,0.8333
education,30.4,Taurus,persist,1.0
education jobs,30.4,Taurus,persist,1.0
educational games,30.4,Taurus,persist,1.0
educational resources,160.55,Virgo,persist,1.0
educational software,180.44,Libra,persist,0.625
educational toys,114.8,Cancer,persist,0.8333
egg substitutes,160.55,Virgo,persist,1.0
eggs,30.4,Taurus,persist,1.0
egypt,163.19,Virgo,persist,1.0
ehime,290.33,Capricorn,persist,0.2083
el paso,30.4,Taurus,persist,1.0
el salvador,30.4,Taurus,persist,1.0
elections,33.39,Taurus,persist,0.5
electric,30.4,Taurus,persist,1.0
electric bicycles,169.94,Virgo,persist,1.0
electric skateboards,265.11,Sagittarius,persist,1.0
electrical,30.4,Taurus,persist,1.0
electrical test,30.4,Taurus,persist,1.0
electricity,30.4,Taurus,persist,1.0
electromechanical devices,160.55,Virgo,persist,1.0
electronic accessories,29.69,Aries,persist,1.0
electronic components,30.4,Taurus,persist,1.0
electronic music,30.4,Taurus,persist,1.0
electronics,30.4,Taurus,persist,1.0
electronics reference,160.55,Virgo,persist,0.9583
email,30.4,Taurus,persist,1.0
email marketing,110.19,Cancer,persist,1.0
embassies,160.55,Virgo,persist,1.0
emergency,29.69,Aries,persist,1.0
emergency services,200.35,Libra,persist,1.0
emilia-romagna,160.55,Virgo,persist,0.7083
employment law,49.38,Taurus,snaive,1.0
encyclopedias,160.55,Virgo,persist,1.0
end tables,160.55,Virgo,persist,1.0
endocrine conditions,160.55,Virgo,persist,0.9583
energy,30.4,Taurus,persist,1.0
energy drinks,133.72,Leo,direct,0.5833
engine,30.4,Taurus,persist,1.0
engineering,30.4,Taurus,persist,1.0
england,153.31,Virgo,encdec,0.9583
enterprise resource planning (erp),307.04,Aquarius,snaive,0.4583
enterprise technology,160.55,Virgo,persist,0.75
entertainment,30.4,Taurus,persist,1.0
entertainment industry,30.4,Taurus,persist,1.0
entertainment media,29.76,Aries,persist,1.0
entertainment media rentals,160.55,Virgo,persist,1.0
entertainment news,30.4,Taurus,persist,1.0
entomology,34.2,Taurus,persist,1.0
environment,30.4,Taurus,persist,1.0
environmental allergies,160.55,Virgo,persist,1.0
environmental issues,93.16,Cancer,persist,0.2083
equestrian,160.55,Virgo,persist,0.9583
equestrian equipment,127.12,Leo,persist,0.9583
equipment,30.4,Taurus,persist,1.0
escrow,246.16,Sagittarius,persist,0.8333
esoteric traditions,160.55,Virgo,persist,0.875
espirito santo,30.4,Taurus,persist,1.0
espresso makers,160.55,Virgo,persist,1.0
essen (ruhr area),160.55,Virgo,persist,1.0
estate planning,160.55,Virgo,persist,1.0
estonia,160.55,Virgo,persist,0.9583
ethics,30.4,Taurus,persist,1.0
ethiopia,30.4,Taurus,persist,1.0
ethnic,30.4,Taurus,persist,1.0
etiquette,307.33,Aquarius,persist,0.9583
europe,50.13,Taurus,persist,1.0
event,32.27,Taurus,persist,1.0
event entertainment,160.55,Virgo,persist,1.0
event planning,30.4,Taurus,persist,1.0
event ticket sales,160.55,Virgo,persist,1.0
events,30.4,Taurus,persist,1.0
exams,30.4,Taurus,persist,1.0
exchange traded funds,69.06,Gemini,persist,1.0
exchanges,114.46,Cancer,snaive,0.625
executive,30.4,Taurus,persist,1.0
executive branch,160.55,Virgo,persist,1.0
exotic pets,105.92,Cancer,persist,0.7917
expatriate communities,160.55,Virgo,persist,1.0
experimental,51.91,Taurus,persist,1.0
expert content,160.55,Virgo,persist,1.0
export,30.4,Taurus,persist,1.0
expos,132.66,Leo,vote3,0.5
extensions,30.4,Taurus,persist,1.0
extremadura,4.52,Aries,persist,0.9167
extreme sports,160.55,Virgo,persist,1.0
eye exams,45.96,Taurus,persist,0.2083
eye makeup,30.4,Taurus,persist,1.0
eyeglasses,30.4,Taurus,persist,1.0
eyewear,30.4,Taurus,persist,1.0
face,40.48,Taurus,persist,0.875
face care products,30.4,Taurus,persist,1.0
face cleansers,169.35,Virgo,persist,1.0
face lotions,25.36,Aries,persist,0.8333
face makeup,30.4,Taurus,persist,1.0
face masks,175.53,Virgo,persist,1.0
facial hair removal,30.4,Taurus,persist,1.0
facilities management,160.55,Virgo,persist,0.8333
factory automation,121.63,Leo,persist,1.0
family,30.4,Taurus,persist,1.0
family films,30.4,Taurus,persist,1.0
family law,30.4,Taurus,persist,1.0
family travel,42.14,Taurus,persist,1.0
family-oriented games,160.55,Virgo,persist,1.0
fan fiction,110.62,Cancer,persist,0.0833
fandom communities,160.55,Virgo,persist,0.8333
fantasy,93.74,Cancer,persist,0.0833
fantasy books,30.4,Taurus,persist,1.0
fantasy films,88.45,Gemini,persist,0.75
fantasy shows,37.74,Taurus,persist,1.0
fantasy sports,241.96,Sagittarius,snaive,0.6667
far eastern russia,160.55,Virgo,vote3,0.75
farmers' markets,48.55,Taurus,persist,0.9583
farms,30.4,Taurus,persist,1.0
fashion,30.4,Taurus,persist,1.0
fashion designers,30.4,Taurus,persist,0.9167
fashion games,30.4,Taurus,persist,1.0
fashion modeling,340.0,Pisces,snaive,0.875
fast food,30.4,Taurus,persist,1.0
fasteners,30.4,Taurus,persist,1.0
fauna,286.67,Capricorn,snaive,1.0
fax machines,142.6,Leo,persist,0.875
feminine hygiene products,160.55,Virgo,persist,1.0
fencing,160.55,Virgo,persist,0.9167
ferrari,228.77,Scorpio,snaive,0.5417
fiat,30.4,Taurus,persist,1.0
fiber,30.4,Taurus,persist,1.0
field,30.4,Taurus,persist,1.0
fighting games,30.4,Taurus,persist,1.0
fiji,30.4,Taurus,persist,1.0
file sharing,30.4,Taurus,persist,1.0
film,30.4,Taurus,persist,1.0
film festivals,298.75,Capricorn,persist,1.0
filtering,30.4,Taurus,persist,1.0
finance,39.33,Taurus,persist,1.0
finance jobs,30.4,Taurus,persist,1.0
financial aid,7.16,Aries,persist,1.0
financial crime,160.55,Virgo,persist,0.125
financial markets news,174.98,Virgo,persist,0.375
financial planning,78.76,Gemini,persist,0.0
financial software,106.49,Cancer,persist,1.0
fine dining,30.4,Taurus,persist,1.0
finishing,30.4,Taurus,persist,1.0
finland,145.37,Leo,vote3,0.9167
fire,30.4,Taurus,persist,1.0
fireplaces,160.55,Virgo,persist,1.0
fiscal policy news,160.55,Virgo,persist,0.9583
fish,30.4,Taurus,persist,1.0
fishing,30.4,Taurus,persist,1.0
fitness,30.4,Taurus,persist,1.0
fitness challenges,65.31,Gemini,vote3,0.375
fitness equipment,30.4,Taurus,persist,1.0
fitness instruction,301.03,Aquarius,persist,0.2083
fitness video games,160.55,Virgo,persist,1.0
fittings,30.4,Taurus,persist,1.0
flanders,233.24,Scorpio,persist,1.0
flash drives,2.79,Aries,persist,1.0
flevoland,33.93,Taurus,persist,0.9583
floor care,160.55,Virgo,persist,1.0
flooring,30.4,Taurus,persist,1.0
flora,30.4,Taurus,persist,1.0
florence,218.3,Scorpio,persist,1.0
florida,160.55,Virgo,persist,1.0
florida keys,160.55,Virgo,persist,1.0
florida panhandle,177.06,Virgo,vote3,0.5417
flowers,30.4,Taurus,persist,1.0
flu,143.67,Leo,persist,1.0
fluid handling,160.55,Virgo,persist,1.0
folk,30.4,Taurus,persist,1.0
folklore,30.4,Taurus,persist,1.0
fonts,30.4,Taurus,persist,1.0
food,30.4,Taurus,persist,1.0
food allergies,30.4,Taurus,persist,1.0
food festivals,326.28,Aquarius,persist,1.0
food mixers,160.55,Virgo,persist,1.0
food processors,160.55,Virgo,persist,0.9583
food production,3.41,Aries,persist,1.0
food service,30.4,Taurus,persist,1.0
food shows,30.4,Taurus,persist,1.0
footwear,30.4,Taurus,persist,1.0
ford,30.4,Taurus,persist,1.0
foreclosed properties,122.64,Leo,persist,0.2917
foreign exchange,160.55,Virgo,persist,0.5
foreign language study,160.55,Virgo,vote3,1.0
forestry,30.4,Taurus,persist,1.0
formal wear,342.1,Pisces,persist,1.0
forms,30.4,Taurus,persist,1.0
fortaleza,30.4,Taurus,persist,1.0
forum,30.4,Taurus,persist,1.0
fragrances,7.16,Aries,persist,1.0
france,41.65,Taurus,vote3,0.8333
franche-comte,160.55,Virgo,persist,1.0
frankfurt,341.3,Pisces,vote3,0.625
fraternal orders,160.55,Virgo,persist,1.0
fraternities,160.55,Virgo,persist,1.0
freeware,108.65,Cancer,persist,0.9583
freezers,160.55,Virgo,persist,1.0
freight transport,125.82,Leo,persist,0.5
french cuisine,6.39,Aries,persist,0.5
french guiana,110.85,Cancer,snaive,0.375
friendship,30.4,Taurus,persist,1.0
friesland,160.89,Virgo,persist,1.0
friuli-venezia giulia,92.36,Cancer,persist,0.7083
frozen desserts,138.66,Leo,persist,0.9167
fruits,130.26,Leo,persist,1.0
fujian,160.55,Virgo,persist,0.7083
fukui,268.17,Sagittarius,persist,1.0
fukuoka,160.55,Virgo,persist,1.0
fukushima,160.55,Virgo,persist,1.0
fun,30.4,Taurus,persist,1.0
fun tests,159.91,Virgo,persist,1.0
funds,30.4,Taurus,persist,1.0
funny pictures,160.55,Virgo,persist,1.0
furnished rentals,160.55,Virgo,persist,1.0
futures trading,112.41,Cancer,persist,1.0
gadgets,30.4,Taurus,persist,1.0
galapagos islands,30.4,Taurus,persist,1.0
galicia,160.55,Virgo,persist,0.875
galleries,327.26,Aquarius,persist,1.0
game systems,160.55,Virgo,persist,1.0
games,30.4,Taurus,persist,1.0
gaming reference,160.55,Virgo,persist,1.0
gangs,249.11,Sagittarius,persist,0.9583
gangwon,152.77,Virgo,persist,0.8333
gansu,160.55,Virgo,persist,0.9583
garden,201.45,Libra,persist,0.125
garden structures,160.55,Virgo,persist,1.0
garden tv shows,154.25,Virgo,persist,0.3333
gardening,30.4,Taurus,persist,1.0
gardens,149.58,Leo,persist,0.75
gas,30.4,Taurus,persist,1.0
gas prices,160.55,Virgo,persist,1.0
gatlinburg,160.55,Virgo,persist,0.9167
gay,41.05,Taurus,persist,0.0833
gear,160.55,Virgo,persist,1.0
gelderland,197.26,Libra,persist,0.9583
gems,30.4,Taurus,persist,1.0
genealogy,160.55,Virgo,persist,0.9167
general reference,326.49,Aquarius,snaive,0.4583
generators,30.4,Taurus,persist,1.0
genetic disorders,160.55,Virgo,persist,1.0
genetics,30.4,Taurus,persist,1.0
geneva,100.66,Cancer,snaive,0.4167
genoa,263.84,Sagittarius,persist,1.0
geology,30.4,Taurus,persist,1.0
georgia,239.63,Scorpio,persist,0.5833
georgia (usa),160.55,Virgo,persist,1.0
gerd,30.4,Taurus,persist,1.0
geriatrics,160.55,Virgo,persist,0.9583
german cuisine,160.55,Virgo,persist,0.9167
germany,163.19,Virgo,vote3,1.0
get ready with me videos,198.84,Libra,persist,1.0
ghana,127.12,Leo,persist,1.0
gift baskets,329.21,Aquarius,persist,0.9583
gifts,30.4,Taurus,persist,1.0
gifu,30.4,Taurus,persist,1.0
glasgow,160.55,Virgo,persist,1.0
global warming,160.55,Virgo,persist,1.0
gluten-free diets,160.55,Virgo,persist,1.0
gmc,30.4,Taurus,persist,1.0
goa,30.4,Taurus,persist,1.0
goias,309.48,Aquarius,persist,0.625
gold coast,274.71,Capricorn,persist,0.7083
golf,30.4,Taurus,persist,1.0
golf equipment,160.55,Virgo,persist,0.7917
gospel music,30.4,Taurus,persist,1.0
gossip,160.55,Virgo,persist,1.0
goth subculture,252.19,Sagittarius,persist,0.875
gourmet,30.4,Taurus,persist,1.0
government,30.4,Taurus,persist,1.0
government agencies,160.55,Virgo,persist,1.0
government contracting,160.55,Virgo,persist,1.0
government grants,241.24,Sagittarius,direct,0.6667
gps,30.4,Taurus,persist,1.0
graduate education,126.71,Leo,persist,0.9583
graduation,161.98,Virgo,snaive,0.75
grains,30.4,Taurus,persist,1.0
granada,160.55,Virgo,persist,1.0
grand rapids-west michigan,160.55,Virgo,persist,1.0
grand strand,160.55,Virgo,persist,0.9583
grand-est,160.55,Virgo,persist,1.0
grants,2.41,Aries,persist,1.0
graphic design,30.4,Taurus,persist,1.0
graphics,30.4,Taurus,persist,1.0
great plains (usa),236.98,Scorpio,persist,1.0
greater cleveland,160.55,Virgo,persist,1.0
greater hartford,160.55,Virgo,persist,1.0
greater orlando,243.09,Sagittarius,persist,1.0
greater st. louis,160.55,Virgo,persist,1.0
greater toronto,160.55,Virgo,persist,1.0
greece,243.09,Sagittarius,persist,1.0
greek cuisine,160.55,Virgo,persist,0.2917
green,160.55,Virgo,persist,0.875
green living,160.55,Virgo,persist,1.0
greenland,325.75,Aquarius,persist,0.9583
greenville,160.02,Virgo,persist,1.0
greeting cards,227.17,Scorpio,persist,1.0
grenada,82.72,Gemini,snaive,0.5833
grenadines,101.49,Cancer,direct,0.5
grilling,124.31,Leo,persist,1.0
grills,170.65,Virgo,persist,1.0
grocery delivery,65.31,Gemini,persist,1.0
grocery delivery services,160.55,Virgo,persist,1.0
grocery retailers,218.3,Scorpio,persist,1.0
groningen,160.55,Virgo,persist,1.0
guadalajara,192.9,Libra,persist,0.9583
guadeloupe,80.34,Gemini,persist,1.0
guam,160.55,Virgo,persist,1.0
guanajuato,30.4,Taurus,persist,1.0
guangdong,160.55,Virgo,persist,0.9583
guangxi,160.55,Virgo,persist,0.9583
guangzhou,160.55,Virgo,persist,1.0
guatemala,215.66,Scorpio,persist,0.8333
guerrero,30.4,Taurus,persist,1.0
guided tours,160.55,Virgo,persist,0.75
guides,30.4,Taurus,persist,1.0
guitars,160.55,Virgo,persist,1.0
guizhou,160.55,Virgo,persist,1.0
gujarat,30.4,Taurus,persist,1.0
gunma,30.4,Taurus,persist,1.0
guyana,30.4,Taurus,persist,1.0
gwangju,153.91,Virgo,persist,0.9583
gyeonggi,160.55,Virgo,persist,1.0
gymnastics,160.55,Virgo,persist,1.0
gymnastics equipment,282.85,Capricorn,persist,1.0
gyms,183.56,Libra,vote3,0.375
hainan,149.57,Leo,snaive,0.625
hair accessories,52.9,Taurus,persist,1.0
hair care,30.4,Taurus,persist,1.0
hair cutting,30.4,Taurus,persist,1.0
hair inspiration,6.14,Aries,persist,1.0
hair loss,30.4,Taurus,persist,1.0
hair styling tools,8.69,Aries,persist,0.8333
haiti,160.55,Virgo,persist,1.0
halifax,160.55,Virgo,persist,1.0
halloween,296.01,Capricorn,snaive,1.0
hamburg,160.55,Virgo,persist,1.0
hand,22.58,Aries,persist,1.0
handbags,163.19,Virgo,persist,0.9167
handball,48.55,Taurus,persist,1.0
handheld game consoles,25.05,Aries,persist,1.0
handhelds,160.55,Virgo,persist,1.0
hangzhou,160.55,Virgo,persist,0.9167
hanoi,30.35,Taurus,persist,0.0
harare,324.99,Aquarius,persist,1.0
harbin,160.55,Virgo,persist,0.6667
hard drives,30.4,Taurus,persist,0.5417
hard rock,160.55,Virgo,persist,1.0
hardware modding,163.19,Virgo,persist,0.9583
hatchbacks,30.4,Taurus,persist,1.0
hauts-de-france,78.5,Gemini,encdec,0.5833
hawaii,283.86,Capricorn,persist,0.9583
hdtvs,160.55,Virgo,persist,1.0
headaches,30.4,Taurus,persist,1.0
headboards,279.56,Capricorn,persist,1.0
headphones,30.4,Taurus,persist,1.0
headwear,30.4,Taurus,persist,1.0
health,30.4,Taurus,persist,1.0
health clubs,107.07,Cancer,persist,0.0
health conditions,61.29,Gemini,persist,0.7917
health education,15.17,Aries,persist,1.0
health foundations,288.63,Capricorn,persist,0.25
health insurance,12.91,Aries,persist,1.0
health news,162.29,Virgo,persist,0.5
health policy,160.55,Virgo,persist,0.0833
healthy eating,30.4,Taurus,persist,1.0
hearing impairment,358.36,Pisces,persist,1.0
heart,45.12,Taurus,persist,1.0
heat pumps,6.45,Aries,persist,1.0
heaters,30.4,Taurus,persist,0.875
heavy machinery,351.71,Pisces,persist,1.0
hebei,160.55,Virgo,persist,1.0
hedge funds,82.19,Gemini,persist,0.0
heilongjiang,160.55,Virgo,persist,0.9583
helpdesk,160.55,Virgo,persist,1.0
helsinki,180.94,Libra,persist,1.0
henan,160.55,Virgo,persist,1.0
herbs,30.4,Taurus,persist,1.0
hesse,163.26,Virgo,persist,1.0
high intensity interval training,307.16,Aquarius,persist,0.9167
high performance,30.4,Taurus,persist,1.0
hiking,30.4,Taurus,persist,1.0
hinduism,30.4,Taurus,persist,1.0
hints,160.55,Virgo,persist,0.9167
hip-hop,160.55,Virgo,persist,1.0
hiroshima,203.42,Libra,persist,0.7917
historical sites,160.55,Virgo,persist,0.7917
history,30.4,Taurus,persist,1.0
hiv,30.4,Taurus,persist,1.0
ho chi minh city,205.84,Libra,vote3,0.4167
hobbies,30.4,Taurus,persist,1.0
hockey,160.55,Virgo,persist,1.0
hockey equipment,160.55,Virgo,persist,1.0
hokkaido,30.4,Taurus,persist,1.0
holiday supplies,3.17,Aries,persist,0.8333
holidays,346.1,Pisces,snaive,1.0
home,30.4,Taurus,persist,1.0
home alarm,160.55,Virgo,persist,1.0
home appliances,11.14,Aries,persist,1.0
home automation,30.4,Taurus,persist,1.0
home cleaning,30.4,Taurus,persist,1.0
home delivery services,193.87,Libra,vote3,0.6667
home equity loans,160.55,Virgo,persist,1.0
home financing,88.21,Gemini,snaive,0.5417
home furnishings,209.53,Libra,vote3,0.6667
home improvement,160.55,Virgo,persist,1.0
home insurance,127.12,Leo,persist,0.875
home office,30.4,Taurus,persist,1.0
home refinancing,30.4,Taurus,persist,1.0
home safety,30.4,Taurus,persist,1.0
home storage,146.29,Leo,vote3,0.6667
home swimming pools,145.07,Leo,encdec,1.0
home theater systems,30.4,Taurus,persist,0.9583
homeschooling,117.86,Cancer,snaive,0.6667
honda,30.4,Taurus,persist,1.0
honduras,252.76,Sagittarius,direct,0.875
honeymoons,236.17,Scorpio,persist,0.625
hong kong,30.4,Taurus,persist,1.0
horror books,30.4,Taurus,persist,1.0
horror films,30.4,Taurus,persist,1.0
horror games,30.4,Taurus,persist,1.0
horses,150.51,Virgo,persist,1.0
horticulture,30.4,Taurus,persist,1.0
hosiery,2.98,Aries,persist,1.0
hospitality industry,30.4,Taurus,persist,1.0
hospitals,110.19,Cancer,persist,1.0
hosting,30.4,Taurus,persist,1.0
hotels,30.4,Taurus,persist,1.0
house painting,37.74,Taurus,persist,1.0
household batteries,160.55,Virgo,persist,0.9583
household cleaning supplies,160.55,Virgo,persist,1.0
household fans,160.55,Virgo,persist,1.0
household supplies,160.55,Virgo,persist,1.0
housing,30.4,Taurus,persist,1.0
houston,160.55,Virgo,persist,1.0
how-to,160.55,Virgo,persist,1.0
hsinchu,30.4,Taurus,persist,1.0
hubei,56.77,Taurus,persist,0.9583
human resources,9.16,Aries,persist,1.0
human rights,43.66,Taurus,snaive,1.0
humanities,160.55,Virgo,persist,0.875
hummer,243.09,Sagittarius,persist,1.0
humor,160.55,Virgo,persist,1.0
hunan,26.73,Aries,persist,0.9583
hungary,160.55,Virgo,snaive,0.9583
hunger,160.55,Virgo,persist,1.0
hunting,30.4,Taurus,persist,1.0
hvac,30.4,Taurus,persist,1.0
hybrid,30.4,Taurus,persist,1.0
hyderabad,30.4,Taurus,persist,1.0
hydropower,344.32,Pisces,persist,1.0
hygiene,30.4,Taurus,persist,1.0
hyogo,114.8,Cancer,persist,0.25
hypertension,14.08,Aries,persist,1.0
hyundai,30.4,Taurus,persist,1.0
ibaraki,281.8,Capricorn,vote3,0.375
ice cream,84.08,Gemini,persist,1.0
ice skating,160.55,Virgo,persist,1.0
ice skating equipment,160.55,Virgo,persist,1.0
iceland,163.19,Virgo,persist,1.0
idaho,160.55,Virgo,persist,0.9583
identity groups,4.09,Aries,persist,0.625
identity relations,128.66,Leo,persist,0.7917
identity theft protection,160.55,Virgo,persist,0.5
ile-de-france,160.55,Virgo,persist,0.875
illinois,105.54,Cancer,persist,0.0417
illustration,30.4,Taurus,persist,1.0
image sharing,82.7,Gemini,persist,0.9583
immigration,30.4,Taurus,persist,1.0
immigration policy,237.38,Scorpio,persist,0.2917
immunizations,160.55,Virgo,persist,1.0
import,30.4,Taurus,persist,1.0
incheon,106.16,Cancer,persist,1.0
india,30.4,Taurus,persist,1.0
indian cuisine,30.4,Taurus,persist,1.0
indian ocean islands,160.55,Virgo,persist,1.0
indiana,160.55,Virgo,persist,1.0
indianapolis,160.55,Virgo,persist,1.0
indie,30.4,Taurus,persist,1.0
indie films,173.27,Virgo,persist,1.0
indigenous peoples,4.35,Aries,persist,0.9167
individual sports,82.19,Gemini,persist,0.2917
indonesia,30.4,Taurus,persist,1.0
industrial,30.4,Taurus,persist,1.0
industrial handling,0.27,Aries,persist,0.6667
industrial materials,180.94,Libra,persist,0.7917
industrial measurement,160.55,Virgo,persist,1.0
industrial music,160.55,Virgo,persist,1.0
industry shows,160.55,Virgo,persist,1.0
infectious diseases,160.55,Virgo,persist,1.0
infertility,30.4,Taurus,persist,1.0
infiniti,12.11,Aries,persist,0.9167
inheritance,160.55,Virgo,persist,0.4167
injury,306.89,Aquarius,persist,0.9583
ink,288.93,Capricorn,persist,0.9167
inland empire,160.55,Virgo,persist,1.0
inner mongolia,218.3,Scorpio,persist,0.875
input devices,267.26,Sagittarius,persist,1.0
insects,30.4,Taurus,persist,1.0
instant messaging,160.55,Virgo,persist,1.0
instruction,255.63,Sagittarius,persist,0.9583
insurance,30.4,Taurus,persist,1.0
intellectual property,145.37,Leo,persist,1.0
intelligence,37.74,Taurus,persist,1.0
interior decor,30.4,Taurus,persist,1.0
interior design,30.4,Taurus,persist,1.0
internal martial arts,160.55,Virgo,persist,1.0
international relations,30.4,Taurus,persist,1.0
international sports competitions,160.55,Virgo,persist,0.9583
internet,30.4,Taurus,persist,1.0
internet cafes,160.55,Virgo,persist,1.0
internet software,30.4,Taurus,persist,0.7083
internships,116.61,Cancer,persist,1.0
investigations,35.43,Taurus,persist,1.0
investing,7.16,Aries,persist,1.0
investment banking,30.4,Taurus,persist,1.0
invoicing,307.16,Aquarius,persist,1.0
ios apps,30.4,Taurus,persist,0.9583
iowa,82.61,Gemini,persist,0.875
iran,122.46,Leo,persist,0.9167
iraq,160.55,Virgo,persist,1.0
ireland,126.67,Leo,persist,0.875
ishikawa,266.06,Sagittarius,snaive,0.7917
islam,30.4,Taurus,persist,1.0
islamic holidays,160.55,Virgo,persist,1.0
islands,30.4,Taurus,persist,1.0
isps,354.82,Pisces,snaive,0.5
israel,145.37,Leo,persist,0.75
istanbul,30.4,Taurus,persist,0.625
isuzu,30.4,Taurus,persist,1.0
it,288.15,Capricorn,persist,1.0
italian cuisine,69.12,Gemini,persist,1.0
italy,114.8,Cancer,vote3,0.9583
iwate,160.55,Virgo,persist,1.0
izmir,25.36,Aries,persist,0.875
jacksonville,196.7,Libra,persist,0.5417
jaguar,30.4,Taurus,persist,0.9583
jaipur,45.78,Taurus,persist,1.0
jakarta,7.16,Aries,persist,1.0
jalisco,30.4,Taurus,persist,1.0
jamaica,30.4,Taurus,persist,1.0
jams,30.4,Taurus,persist,0.9167
japan,160.55,Virgo,persist,1.0
japanese cuisine,30.4,Taurus,persist,1.0
japanese martial arts,160.55,Virgo,persist,1.0
japanese pop,50.2,Taurus,persist,0.1667
java (indonesia),359.85,Pisces,persist,1.0
java (programming language),30.4,Taurus,persist,1.0
jazz,30.4,Taurus,persist,1.0
jeddah,119.44,Cancer,persist,0.9167
jeep,30.4,Taurus,persist,1.0
jeju,178.57,Virgo,persist,0.7083
jellies,30.4,Taurus,persist,1.0
jerusalem,215.39,Scorpio,persist,0.9583
jewelry,30.4,Taurus,persist,1.0
jewish culture,160.55,Virgo,persist,1.0
jewish holidays,160.55,Virgo,persist,1.0
jiangsu,160.55,Virgo,persist,1.0
jiangxi,160.55,Virgo,persist,1.0
jilin,160.55,Virgo,persist,1.0
job listings,145.37,Leo,persist,0.9167
jobs,160.55,Virgo,persist,1.0
johannesburg,133.88,Leo,vote3,0.5833
jordan,30.4,Taurus,persist,1.0
journalism,30.4,Taurus,persist,1.0
judaism,30.4,Taurus,persist,1.0
judiciary,358.64,Pisces,persist,1.0
juice,30.4,Taurus,persist,1.0
juicers,354.76,Pisces,persist,1.0
jujutsu,50.2,Taurus,persist,0.0
justice,117.24,Cancer,persist,0.9583
kagawa,160.55,Virgo,persist,1.0
kagoshima,237.73,Scorpio,direct,0.8333
kalimantan,69.82,Gemini,persist,1.0
kanagawa,160.55,Virgo,persist,0.875
kansai,354.92,Pisces,persist,1.0
kansas,46.38,Taurus,persist,0.8333
kansas city,339.59,Pisces,vote3,0.6667
kanto,23.08,Aries,persist,1.0
kaohsiung,160.55,Virgo,persist,0.3333
karachi,30.4,Taurus,persist,1.0
karate,218.3,Scorpio,persist,1.0
karnataka,29.69,Aries,persist,1.0
kauai,113.85,Cancer,direct,0.5833
kawasaki,30.4,Taurus,persist,1.0
kazakhstan,348.77,Pisces,vote3,0.5
kentucky,145.37,Leo,persist,0.6667
kenya,30.4,Taurus,persist,1.0
kerala,9.93,Aries,persist,1.0
keyboards,30.4,Taurus,persist,1.0
kia,30.4,Taurus,persist,1.0
kickboxing,127.12,Leo,persist,1.0
kids' bikes,130.98,Leo,persist,1.0
kiev,282.92,Capricorn,persist,1.0
kinshasa,9.93,Aries,persist,1.0
kitchen,30.4,Taurus,persist,1.0
kitchen hoods,74.23,Gemini,persist,0.9167
kitchen utensils,30.4,Taurus,persist,1.0
knowledge management,160.55,Virgo,persist,1.0
kobe,46.38,Taurus,persist,1.0
kochi,30.4,Taurus,persist,1.0
kolkata,160.55,Virgo,persist,1.0
konya,160.55,Virgo,persist,1.0
korean cuisine,30.4,Taurus,persist,0.8333
korean pop,160.55,Virgo,persist,1.0
kosher foods,160.55,Virgo,persist,1.0
kosovo,160.55,Virgo,persist,1.0
krakow,160.55,Virgo,persist,1.0
kuala lumpur,40.37,Taurus,vote3,0.5
kumamoto,160.55,Virgo,persist,0.9167
kuwait,81.02,Gemini,persist,1.0
kyoto,180.94,Libra,persist,1.0
kyrgyzstan,215.63,Scorpio,persist,0.375
kyushu,7.16,Aries,persist,1.0
la rioja,30.4,Taurus,persist,1.0
labor,30.4,Taurus,persist,1.0
labor issues,244.33,Sagittarius,vote3,0.5417
labor movement,306.83,Aquarius,persist,0.625
labrador,160.55,Virgo,persist,1.0
lacrosse,114.8,Cancer,persist,1.0
lagos,30.4,Taurus,persist,1.0
lahore,30.4,Taurus,persist,0.9583
lake tahoe,193.63,Libra,vote3,0.625
lakes,316.8,Aquarius,persist,1.0
lamborghini,30.4,Taurus,persist,1.0
lamps,160.55,Virgo,persist,1.0
land,30.4,Taurus,persist,1.0
land rover,30.4,Taurus,persist,1.0
landscape design,30.4,Taurus,persist,1.0
language resources,101.05,Cancer,snaive,1.0
languedoc-roussillon,160.55,Virgo,persist,1.0
laos,246.29,Sagittarius,persist,0.875
laptops,30.4,Taurus,persist,1.0
las vegas,160.55,Virgo,persist,0.9583
laser vision correction,160.55,Virgo,persist,1.0
last minute travel,160.55,Virgo,persist,1.0
latin america,249.45,Sagittarius,persist,1.0
latin cuisine,124.43,Leo,persist,0.7083
latin music,30.4,Taurus,persist,1.0
latin pop,328.86,Aquarius,persist,1.0
latin-americans,160.55,Virgo,persist,1.0
latinos,30.4,Taurus,persist,0.625
latvia,160.55,Virgo,persist,0.9583
laundry,8.27,Aries,persist,1.0
law,30.4,Taurus,persist,1.0
law enforcement,30.4,Taurus,persist,1.0
lawn,30.4,Taurus,persist,1.0
lawn mowers,182.87,Libra,snaive,0.875
lazio,2.91,Aries,persist,0.9167
lcd tvs,160.55,Virgo,persist,1.0
learning,30.4,Taurus,persist,1.0
lebanon,198.84,Libra,persist,0.9583
leeds-bradford,160.55,Virgo,persist,1.0
legal,30.4,Taurus,persist,1.0
legal education,34.2,Taurus,persist,1.0
legal forms,160.55,Virgo,persist,0.875
legal jobs,160.55,Virgo,persist,1.0
legal services,84.68,Gemini,snaive,1.0
legal shows,160.55,Virgo,persist,1.0
legislative branch,341.69,Pisces,persist,0.6667
leisure,307.79,Aquarius,persist,0.875
lending,14.25,Aries,persist,1.0
lesbian,160.55,Virgo,persist,1.0
lesson plans,30.4,Taurus,persist,1.0
lexus,30.4,Taurus,persist,1.0
liaoning,218.3,Scorpio,persist,1.0
liberties,160.55,Virgo,persist,1.0
libraries,30.4,Taurus,persist,1.0
libya,160.55,Virgo,persist,1.0
liechtenstein,107.07,Cancer,persist,0.9583
life hacks,30.4,Taurus,persist,0.0833
life insurance,30.4,Taurus,persist,1.0
life simulation games,30.4,Taurus,persist,1.0
lighting,30.4,Taurus,persist,1.0
liguria,160.55,Virgo,persist,1.0
lille,336.83,Pisces,persist,0.7917
lima,257.72,Sagittarius,persist,1.0
limburg,243.09,Sagittarius,persist,1.0
limousin,272.76,Capricorn,persist,1.0
lincoln,326.86,Aquarius,persist,0.9583
lines of credit,46.38,Taurus,persist,0.9583
linux,30.4,Taurus,persist,1.0
lip makeup,30.4,Taurus,persist,1.0
lip sync videos,180.94,Libra,persist,1.0
liquidators,163.19,Virgo,snaive,0.9167
lisbon,180.94,Libra,persist,0.9583
listings,30.4,Taurus,persist,1.0
literary classics,160.55,Virgo,persist,0.9583
literature,30.4,Taurus,persist,1.0
lithuania,177.93,Virgo,persist,0.9583
little rock,160.55,Virgo,persist,1.0
live comedy,30.4,Taurus,persist,1.0
live sporting events,82.13,Gemini,persist,0.875
live video streaming,30.4,Taurus,persist,1.0
liverpool,2.89,Aries,snaive,0.6667
livestock,204.38,Libra,persist,1.0
living room furniture,30.4,Taurus,persist,1.0
loans,30.4,Taurus,persist,1.0
lobbying,10.44,Aries,snaive,0.7917
local government,8.65,Aries,snaive,1.0
local guides,347.66,Pisces,persist,0.9583
local news,30.4,Taurus,persist,1.0
locks,30.4,Taurus,persist,1.0
locksmiths,89.17,Gemini,persist,0.6667
logistics,30.4,Taurus,persist,1.0
lombardy,107.07,Cancer,persist,1.0
london (uk),20.17,Aries,persist,0.9167
long distance bus,78.76,Gemini,persist,0.5833
long term care,30.4,Taurus,persist,1.0
lorraine,68.37,Gemini,persist,0.625
los angeles,30.4,Taurus,persist,1.0
los cabos,160.55,Virgo,persist,1.0
lots,30.4,Taurus,persist,1.0
louisiana,30.4,Taurus,persist,1.0
louisville,160.55,Virgo,persist,1.0
lounge wear,32.27,Taurus,persist,0.2917
low cost,30.4,Taurus,persist,1.0
low fat,160.55,Virgo,persist,1.0
lower austria,130.26,Leo,persist,1.0
lower normandy,160.55,Virgo,persist,1.0
lower saxony,160.55,Virgo,persist,0.1667
loyalty cards,160.55,Virgo,persist,0.9583
lubricants,30.4,Taurus,persist,1.0
luggage,30.4,Taurus,persist,1.0
luxembourg,321.45,Aquarius,persist,0.125
luxury goods,160.55,Virgo,persist,0.2083
luxury travel,7.16,Aries,persist,1.0
luxury vehicles,283.58,Capricorn,persist,1.0
lyon,77.56,Gemini,persist,0.9583
lyric videos,30.4,Taurus,persist,1.0
mac os,259.97,Sagittarius,persist,1.0
macau,114.8,Cancer,persist,1.0
machine learning,30.4,Taurus,persist,1.0
madagascar,160.55,Virgo,persist,1.0
madeira,30.4,Taurus,persist,1.0
madhya pradesh,319.06,Aquarius,persist,1.0
madrid,334.94,Pisces,snaive,0.5833
magazines,30.4,Taurus,persist,1.0
magic,30.4,Taurus,persist,1.0
maharashtra,30.4,Taurus,persist,1.0
mail,30.4,Taurus,persist,1.0
maine,30.4,Taurus,persist,1.0
maintenance,30.4,Taurus,persist,1.0
major kitchen appliances,160.55,Virgo,persist,0.9167
make-up,160.55,Virgo,persist,0.2917
make-up tutorials,160.55,Virgo,persist,1.0
makeup removers,160.55,Virgo,persist,1.0
malaga,160.55,Virgo,persist,1.0
malawi,218.3,Scorpio,persist,1.0
malaysia,30.4,Taurus,persist,1.0
maldives,51.15,Taurus,persist,0.9167
male impotence,160.55,Virgo,persist,1.0
mali,30.4,Taurus,persist,1.0
malta,160.55,Virgo,persist,1.0
maluku islands,160.55,Virgo,persist,1.0
malware,131.73,Leo,persist,1.0
management,30.4,Taurus,persist,1.0
management jobs,30.4,Taurus,persist,1.0
manchester,3.53,Aries,snaive,0.4167
mandopop,17.59,Aries,persist,1.0
manga,46.55,Taurus,persist,1.0
manicures,251.46,Sagittarius,persist,1.0
manila,299.14,Capricorn,persist,0.6667
manitoba,282.92,Capricorn,persist,1.0
manufactured homes,30.4,Taurus,persist,1.0
manufacturing,30.4,Taurus,persist,1.0
maps,160.55,Virgo,persist,1.0
maranhao,282.92,Capricorn,persist,1.0
marche,160.55,Virgo,persist,1.0
mardi gras,82.61,Gemini,persist,0.9583
marine sciences,67.3,Gemini,persist,0.9167
marines,160.55,Virgo,persist,1.0
maritime transport,84.27,Gemini,persist,0.4583
marketing,30.4,Taurus,persist,1.0
marketing jobs,160.55,Virgo,persist,1.0
marmara region,160.55,Virgo,persist,1.0
marriage,30.4,Taurus,persist,1.0
marseille,235.09,Scorpio,persist,1.0
martial arts,160.55,Virgo,persist,1.0
martial arts equipment,160.55,Virgo,persist,0.9583
martial arts films,265.67,Sagittarius,persist,0.875
martinique,26.63,Aries,persist,0.9167
maryland,174.57,Virgo,persist,1.0
maserati,316.8,Aquarius,persist,1.0
mass merchants,160.55,Virgo,persist,0.0
massachusetts,160.55,Virgo,persist,0.8333
massage therapy,30.4,Taurus,persist,1.0
massively multiplayer games,3.22,Aries,persist,1.0
maternity,30.4,Taurus,persist,1.0
mathematics,30.4,Taurus,persist,1.0
mato grosso,30.4,Taurus,persist,1.0
mato grosso do sul,30.4,Taurus,persist,1.0
matrimonial services,160.55,Virgo,persist,1.0
mattresses,30.4,Taurus,persist,1.0
maui,137.59,Leo,snaive,0.7917
mazda,30.4,Taurus,persist,1.0
meal kits,160.55,Virgo,persist,0.8333
measurement,30.4,Taurus,persist,1.0
meat,30.4,Taurus,persist,1.0
mecklenburg-vorpommern,222.86,Scorpio,persist,0.8333
media critics,243.09,Sagittarius,persist,1.0
media players,323.25,Aquarius,snaive,0.5833
media streaming devices,160.55,Virgo,persist,1.0
media studies,48.78,Taurus,persist,0.9583
medical devices,201.88,Libra,persist,1.0
medical facilities,90.63,Cancer,persist,1.0
medical jobs,30.4,Taurus,persist,1.0
medical literature,42.14,Taurus,persist,1.0
medical photos,160.55,Virgo,persist,0.9583
medical procedures,160.55,Virgo,persist,1.0
medical research,30.4,Taurus,persist,1.0
medical tests,160.55,Virgo,persist,1.0
medical tourism,33.54,Taurus,persist,1.0
medical training,30.4,Taurus,persist,1.0
medications,30.4,Taurus,persist,1.0
meditation,30.4,Taurus,persist,1.0
mediterranean cuisine,53.71,Taurus,direct,0.5417
mediterranean europe,160.55,Virgo,persist,1.0
mediterranean turkey,229.24,Scorpio,persist,1.0
melanesia,160.55,Virgo,persist,1.0
melbourne,160.55,Virgo,persist,1.0
memorabilia,160.55,Virgo,persist,0.9583
memory card readers,160.55,Virgo,vote3,1.0
memory cards,30.4,Taurus,persist,1.0
memphis,320.74,Aquarius,persist,0.5833
men's clothing,7.16,Aries,persist,1.0
men's health,30.4,Taurus,persist,1.0
men's interests,160.55,Virgo,persist,1.0
men's interests (mature),160.55,Virgo,persist,0.0
mental health,30.4,Taurus,persist,1.0
mercedes-benz,30.4,Taurus,persist,1.0
merchant services,109.72,Cancer,snaive,0.8333
mercury,30.4,Taurus,persist,1.0
mergers,160.55,Virgo,persist,1.0
merida,141.41,Leo,persist,1.0
merit prizes,160.55,Virgo,persist,1.0
mersin,160.55,Virgo,persist,1.0
messaging,66.62,Gemini,persist,0.4583
messengers,160.55,Virgo,persist,1.0
metal (music),312.92,Aquarius,persist,1.0
metals,30.4,Taurus,persist,1.0
mexican cuisine,96.37,Cancer,vote3,0.5417
mexico,332.0,Pisces,direct,0.75
mexico city,52.77,Taurus,persist,0.8333
mexico state,160.55,Virgo,persist,1.0
miami-dade,160.55,Virgo,persist,1.0
michigan,304.28,Aquarius,snaive,0.75
michoacan,244.06,Sagittarius,persist,1.0
microblogging,160.55,Virgo,persist,0.7917
microcars,160.55,Virgo,persist,1.0
micronesia,160.55,Virgo,persist,1.0
microwaves,151.06,Virgo,persist,1.0
middle africa,154.26,Virgo,persist,0.6667
middle east,179.03,Virgo,persist,0.125
middle eastern,160.55,Virgo,persist,1.0
middle eastern cuisine,160.55,Virgo,persist,0.7083
middle easterners,160.55,Virgo,persist,1.0
midi-pyrenees,160.55,Virgo,persist,1.0
midwest (usa),96.91,Cancer,persist,0.9167
mie,30.4,Taurus,persist,1.0
migraines,30.4,Taurus,persist,1.0
milan,21.28,Aries,snaive,0.5417
military,30.4,Taurus,persist,1.0
military history,359.13,Pisces,persist,1.0
milwaukee,30.03,Taurus,persist,1.0
minas gerais,37.74,Taurus,persist,1.0
mindfulness,30.4,Taurus,persist,1.0
minecraft,145.0,Leo,vote3,0.6667
mini,30.4,Taurus,persist,1.0
miniatures,30.4,Taurus,persist,1.0
mining,30.4,Taurus,persist,1.0
minivans,31.26,Taurus,persist,1.0
minneapolis-saint paul,160.55,Virgo,persist,1.0
minnesota,320.13,Aquarius,vote3,0.5
mississippi,326.31,Aquarius,persist,0.7917
missouri,180.94,Libra,persist,0.7917
mitsubishi,30.4,Taurus,persist,1.0
mixed martial arts,160.55,Virgo,persist,1.0
miyagi,30.4,Taurus,persist,1.0
miyazaki,113.42,Cancer,encdec,0.25
mlm,30.4,Taurus,persist,1.0
moba games,30.4,Taurus,persist,0.625
mobile,30.4,Taurus,persist,1.0
mobile apps,30.4,Taurus,persist,1.0
mobile os,30.4,Taurus,persist,1.0
mobile payments,177.06,Virgo,persist,1.0
mobile phone repair,30.4,Taurus,persist,1.0
mobile phones,30.4,Taurus,persist,1.0
mobile themes,30.4,Taurus,persist,1.0
mobility equipment,119.38,Cancer,persist,1.0
model trains,160.55,Virgo,persist,1.0
modeling,30.4,Taurus,persist,1.0
moisturizers,30.4,Taurus,persist,1.0
moldova,218.3,Scorpio,persist,1.0
molise,260.29,Sagittarius,persist,1.0
monaco,145.37,Leo,persist,0.7917
money transfer,30.4,Taurus,persist,1.0
mongolia,30.4,Taurus,persist,1.0
monitoring,37.61,Taurus,persist,1.0
monitoring software,44.3,Taurus,snaive,0.8333
montana,160.55,Virgo,persist,1.0
montenegro,286.57,Capricorn,persist,0.9583
monterrey,26.28,Aries,persist,0.7917
montpellier,29.68,Aries,persist,1.0
montreal,160.55,Virgo,persist,1.0
mopeds,160.55,Virgo,persist,1.0
morocco,163.19,Virgo,persist,1.0
mortgages,94.85,Cancer,vote3,0.5833
moscow,282.98,Capricorn,persist,0.9583
motivational,30.4,Taurus,persist,1.0
motor sports,329.2,Aquarius,persist,1.0
motor vehicles (by brand),180.94,Libra,persist,1.0
motor vehicles (by type),160.55,Virgo,persist,1.0
motorcycle racing,160.55,Virgo,persist,1.0
motorcycles,242.68,Sagittarius,persist,1.0
mountain,30.4,Taurus,persist,0.7083
mountain bikes,174.25,Virgo,persist,1.0
mountaineering,160.55,Virgo,persist,1.0
movie,30.4,Taurus,persist,1.0
movie listings,160.55,Virgo,persist,1.0
movie memorabilia,135.98,Leo,persist,0.875
movie reference,29.05,Aries,persist,1.0
movie reviews,285.44,Capricorn,persist,0.625
movies,30.4,Taurus,persist,1.0
moving,160.55,Virgo,persist,1.0
mozambique,107.07,Cancer,persist,0.7917
mp3,30.4,Taurus,persist,1.0
mugla,30.4,Taurus,persist,0.875
mukbang videos,108.65,Cancer,persist,1.0
multilateral organizations,160.55,Virgo,persist,1.0
multimedia software,160.55,Virgo,persist,1.0
mumbai,30.4,Taurus,persist,1.0
munich,162.0,Virgo,persist,0.9583
murcia,160.55,Virgo,persist,1.0
musculoskeletal conditions,160.55,Virgo,persist,0.9583
museums,30.4,Taurus,persist,1.0
music,30.4,Taurus,persist,1.0
music art,30.4,Taurus,persist,1.0
music awards,160.55,Virgo,persist,1.0
music composition,30.4,Taurus,persist,1.0
music education,30.4,Taurus,persist,1.0
music equipment,30.4,Taurus,persist,1.0
music festivals,46.63,Taurus,vote3,0.8333
music performances,160.55,Virgo,persist,1.0
music recording technology,160.55,Virgo,persist,1.0
music reference,175.35,Virgo,persist,1.0
music software,30.4,Taurus,persist,1.0
music streams,160.55,Virgo,persist,1.0
music videos,160.55,Virgo,persist,1.0
musical films,160.55,Virgo,persist,1.0
musical instruments,30.4,Taurus,persist,1.0
musical theater,9.16,Aries,persist,0.1667
mutual funds,30.4,Taurus,persist,1.0
myanmar,91.92,Cancer,persist,1.0
myrtle beach,174.94,Virgo,snaive,0.7917
mystery books,30.4,Taurus,persist,1.0
mystery films,30.4,Taurus,persist,1.0
myth,216.27,Scorpio,persist,0.8333
nagano,160.55,Virgo,persist,1.0
nagasaki,9.93,Aries,persist,0.8333
nagoya,210.56,Scorpio,encdec,0.875
nail care,30.4,Taurus,persist,1.0
nail care products,48.85,Taurus,persist,0.2083
nails,30.4,Taurus,persist,1.0
nairobi,143.51,Leo,vote3,0.5833
name days,108.57,Cancer,snaive,0.7083
nanjing,160.55,Virgo,persist,1.0
nantes,36.96,Taurus,persist,1.0
naples,52.9,Taurus,persist,1.0
nara,160.55,Virgo,persist,0.875
nashville,141.98,Leo,direct,0.625
nassau,160.55,Virgo,persist,1.0
native americans,279.89,Capricorn,persist,0.75
natural foods,30.4,Taurus,persist,1.0
natural medicine,30.4,Taurus,persist,1.0
navarra,351.24,Pisces,persist,1.0
navigation,30.4,Taurus,persist,1.0
navy,30.4,Taurus,persist,1.0
nebraska,160.55,Virgo,persist,0.75
necklaces,30.4,Taurus,persist,1.0
nepal,30.4,Taurus,persist,1.0
net,30.4,Taurus,persist,1.0
netherlands,160.55,Virgo,persist,0.9583
network monitoring,124.08,Leo,persist,1.0
network news,30.4,Taurus,persist,1.0
network security,30.4,Taurus,persist,1.0
network storage,30.4,Taurus,persist,1.0
networking,30.4,Taurus,persist,1.0
networking equipment,160.55,Virgo,persist,1.0
neurological conditions,49.47,Taurus,snaive,0.375
neuroscience,30.4,Taurus,persist,1.0
nevada,160.55,Virgo,snaive,0.7917
nevis,198.84,Libra,persist,0.0
new brunswick,87.6,Gemini,persist,1.0
new england,311.83,Aquarius,vote3,0.7083
new hampshire,160.55,Virgo,persist,1.0
new haven,160.55,Virgo,persist,1.0
new homes,30.4,Taurus,persist,1.0
new jersey,160.55,Virgo,persist,0.4167
new mexico,160.55,Virgo,persist,1.0
new orleans,295.64,Capricorn,persist,0.9583
new south wales,277.04,Capricorn,persist,0.9167
new year,8.43,Aries,vote3,1.0
new york city,48.55,Taurus,persist,1.0
new york state,160.55,Virgo,persist,1.0
new zealand,42.4,Taurus,snaive,0.75
newborn celebrations,160.55,Virgo,persist,1.0
newcastle (au),160.55,Virgo,persist,0.9583
newfoundland,48.55,Taurus,persist,0.9167
news,30.4,Taurus,persist,1.0
news industry,30.4,Taurus,persist,1.0
newspapers,160.55,Virgo,persist,1.0
nicaragua,30.4,Taurus,persist,1.0
nice,30.4,Taurus,persist,1.0
niche interests,160.55,Virgo,persist,1.0
niger,218.3,Scorpio,persist,0.9583
nigeria,163.19,Virgo,persist,0.9583
nightlife,180.94,Libra,persist,0.3333
niigata,160.55,Virgo,persist,1.0
ningxia,160.55,Virgo,persist,1.0
nintendo,30.4,Taurus,persist,1.0
nissan,30.4,Taurus,persist,1.0
non-believers,87.78,Gemini,persist,0.875
nonfiction,17.06,Aries,persist,0.2083
nonwovens,126.82,Leo,persist,0.625
nord-pas-de-calais,160.55,Virgo,persist,1.0
nordic countries,34.13,Taurus,persist,1.0
normandy,163.19,Virgo,persist,0.9583
north african music,160.55,Virgo,persist,0.7917
north america,160.55,Virgo,persist,1.0
north american cuisine,160.55,Virgo,persist,1.0
north brabant,160.55,Virgo,persist,1.0
north brazil,160.55,Virgo,persist,1.0
north carolina,218.3,Scorpio,persist,0.6667
north central china,160.55,Virgo,persist,0.9583
north chungcheong,160.55,Virgo,persist,1.0
north dakota,160.55,Virgo,persist,0.9167
north east england,222.98,Scorpio,persist,0.625
north florida,160.55,Virgo,persist,0.8333
north france,160.55,Virgo,persist,1.0
north gyeongsang,160.55,Virgo,persist,1.0
north holland,160.55,Virgo,vote3,1.0
north india,30.4,Taurus,persist,1.0
north jeolla,160.55,Virgo,persist,1.0
north korea,127.12,Leo,persist,1.0
north macedonia,145.37,Leo,snaive,0.9167
north rhine-westphalia,114.8,Cancer,persist,0.7917
north west england,160.55,Virgo,persist,1.0
northeast brazil,24.8,Aries,persist,0.9167
northeast china,197.56,Libra,vote3,0.875
northeast india,30.4,Taurus,persist,1.0
northern africa,160.55,Virgo,persist,0.625
northern ireland,160.55,Virgo,persist,1.0
northern mexico,160.55,Virgo,persist,0.9583
northern territories,107.07,Cancer,persist,1.0
northern territory,249.5,Sagittarius,persist,0.9167
northwest china,38.79,Taurus,persist,0.375
northwestern russia,160.55,Virgo,persist,1.0
norway,160.55,Virgo,persist,1.0
notebooks,30.4,Taurus,persist,1.0
nouvelle-aquitaine,291.7,Capricorn,persist,0.9167
nova scotia,130.65,Leo,persist,1.0
nuclear energy,12.24,Aries,persist,1.0
nuevo leon,30.4,Taurus,persist,1.0
nursery,30.4,Taurus,persist,1.0
nursery rhymes,30.4,Taurus,persist,1.0
nursing,324.55,Aquarius,persist,1.0
nusa tenggara,30.4,Taurus,persist,1.0
nutrition,30.4,Taurus,persist,1.0
nutrition drinks,160.55,Virgo,persist,1.0
oahu,30.4,Taurus,persist,1.0
oaxaca,30.4,Taurus,persist,1.0
obesity,30.4,Taurus,persist,1.0
obgyn,93.07,Cancer,persist,1.0
occitanie,30.4,Taurus,persist,1.0
occult,160.55,Virgo,persist,1.0
occupational health,329.68,Aquarius,snaive,1.0
ocean city (md),186.54,Libra,snaive,0.9167
oceania,224.64,Scorpio,snaive,0.875
october 31st,160.55,Virgo,persist,1.0
oddly satisfying videos,30.4,Taurus,persist,0.0
odz,30.4,Taurus,persist,1.0
off-grid living,160.55,Virgo,persist,0.0
off-road vehicles,127.12,Leo,persist,0.3333
offbeat,30.4,Taurus,persist,1.0
office,30.4,Taurus,persist,1.0
office chairs,292.34,Capricorn,persist,1.0
office furniture,30.4,Taurus,persist,1.0
office services,30.4,Taurus,persist,1.0
office supplies,30.4,Taurus,persist,0.9167
ohio,298.96,Capricorn,vote3,0.25
oil,30.4,Taurus,persist,1.0
oil changes,30.4,Taurus,persist,1.0
oils,30.4,Taurus,persist,1.0
oita,160.55,Virgo,persist,0.875
okayama,30.4,Taurus,persist,1.0
okinawa,30.4,Taurus,persist,1.0
oklahoma,160.55,Virgo,persist,1.0
oklahoma city,160.55,Virgo,persist,1.0
oldies,30.4,Taurus,persist,1.0
olympics,160.55,Virgo,persist,0.9583
omaha,160.55,Virgo,persist,1.0
oman,328.62,Aquarius,direct,0.7083
online communities,127.12,Leo,persist,0.4167
online goodies,294.36,Capricorn,persist,0.625
online journals,160.55,Virgo,persist,1.0
online media,30.4,Taurus,persist,1.0
online tools,22.58,Aries,persist,1.0
online video,30.4,Taurus,persist,1.0
ontario,30.4,Taurus,persist,1.0
open online courses,34.2,Taurus,persist,0.8333
open source,7.16,Aries,persist,1.0
opera,354.83,Pisces,persist,1.0
operating systems,30.4,Taurus,persist,1.0
opinion,30.4,Taurus,persist,1.0
optical devices,357.54,Pisces,persist,1.0
optoelectronics,160.55,Virgo,persist,0.9583
optometry,30.4,Taurus,persist,1.0
oral,160.55,Virgo,persist,1.0
orange county (ca),77.91,Gemini,persist,0.2083
oregon,160.55,Virgo,persist,0.8333
organic,30.4,Taurus,persist,1.0
organization,30.4,Taurus,persist,1.0
organizations,9.93,Aries,persist,1.0
organized crime,98.73,Cancer,persist,0.4167
orissa,30.4,Taurus,persist,0.125
osaka,248.91,Sagittarius,snaive,0.7083
oslo,160.55,Virgo,persist,1.0
ottawa-gatineau,265.11,Sagittarius,persist,1.0
outdoor furniture,160.22,Virgo,persist,1.0
outdoor markets,351.54,Pisces,persist,0.9583
outdoor toys,30.4,Taurus,persist,1.0
outdoors,30.4,Taurus,persist,1.0
outerwear,6.52,Aries,persist,1.0
outfit inspiration,30.4,Taurus,persist,1.0
outlet stores,160.55,Virgo,persist,1.0
outsourcing,18.75,Aries,persist,1.0
ovens,30.4,Taurus,persist,1.0
overijssel,160.55,Virgo,persist,0.9583
pacific coast (mexico),130.7,Leo,persist,0.9167
pacific islanders,160.55,Virgo,persist,1.0
pacific islands,160.55,Virgo,persist,0.875
pacific northwest,30.4,Taurus,persist,1.0
package delivery,160.55,Virgo,persist,1.0
packaging,30.4,Taurus,persist,1.0
pagan,30.4,Taurus,persist,1.0
pain management,30.4,Taurus,persist,1.0
paintball,160.55,Virgo,persist,1.0
painting,30.4,Taurus,persist,1.0
pakistan,152.74,Virgo,persist,1.0
paleontology,113.02,Cancer,persist,1.0
palermo,150.76,Virgo,persist,1.0
palestine,145.37,Leo,persist,0.8333
pamukkale,95.41,Cancer,persist,1.0
panama,287.09,Capricorn,snaive,0.7083
pants,160.55,Virgo,persist,1.0
papua new guinea,160.55,Virgo,persist,0.0
para,30.4,Taurus,persist,1.0
paraguay,163.19,Virgo,encdec,0.9583
paraiba,176.18,Virgo,snaive,0.8333
parana,30.4,Taurus,persist,1.0
paranormal,160.55,Virgo,persist,1.0
parasites,30.4,Taurus,persist,1.0
parasitic diseases,25.63,Aries,persist,0.0833
parenting,160.55,Virgo,persist,0.6667
paris,127.12,Leo,persist,0.9167
parking,30.4,Taurus,persist,1.0
party,160.55,Virgo,persist,1.0
party games,30.4,Taurus,persist,1.0
pasta,30.4,Taurus,persist,1.0
patio,30.4,Taurus,persist,1.0
pattaya,303.85,Aquarius,vote3,0.75
payment systems,127.12,Leo,persist,0.9167
payroll services,160.55,Virgo,persist,0.2083
pays de la loire,350.68,Pisces,snaive,0.7917
pdas,79.54,Gemini,vote3,0.625
pediatrics,160.55,Virgo,persist,1.0
pedicures,190.93,Libra,persist,1.0
penang,333.52,Pisces,snaive,0.4167
pennsylvania,282.92,Capricorn,persist,0.8333
pensacola,281.88,Capricorn,persist,0.9167
pension,44.83,Taurus,persist,1.0
people,267.41,Sagittarius,persist,1.0
people search,30.4,Taurus,persist,1.0
percussion,17.43,Aries,snaive,0.875
performance vehicles,160.55,Virgo,persist,0.4583
performance-enhancing drugs,160.55,Virgo,persist,0.9583
performing arts,160.55,Virgo,persist,1.0
perfumes,30.4,Taurus,persist,1.0
pernambuco,30.4,Taurus,persist,1.0
personal aircraft,160.55,Virgo,persist,1.0
personal injury law,160.55,Virgo,persist,0.9167
personal listings,160.55,Virgo,persist,1.0
personal loans,160.55,Virgo,persist,1.0
personal sites,160.55,Virgo,persist,1.0
personal training,30.4,Taurus,persist,1.0
personalized items,56.77,Taurus,persist,1.0
personals,160.55,Virgo,persist,1.0
perth,186.29,Libra,persist,1.0
peru,30.4,Taurus,persist,1.0
pest control,160.55,Virgo,persist,1.0
pet food,30.4,Taurus,persist,1.0
pet names,160.55,Virgo,persist,1.0
pets,30.4,Taurus,persist,1.0
peugeot,30.4,Taurus,persist,1.0
pharmaceuticals,81.66,Gemini,persist,1.0
pharmacy,30.4,Taurus,persist,1.0
philadelphia,236.74,Scorpio,snaive,0.5833
philanthropy,48.55,Taurus,vote3,0.5833
philippines,30.4,Taurus,persist,1.0
philosophy,30.4,Taurus,persist,1.0
phoenix,243.09,Sagittarius,persist,1.0
phone service providers,347.53,Pisces,persist,0.625
photo,30.4,Taurus,persist,1.0
photo equipment,160.55,Virgo,persist,1.0
photo printing services,160.55,Virgo,persist,1.0
photo rating sites,160.55,Virgo,persist,1.0
photo software,30.4,Taurus,persist,1.0
photographic,285.68,Capricorn,persist,0.375
phuket,294.3,Capricorn,vote3,0.3333
physical disability,160.55,Virgo,persist,1.0
physical therapy,106.16,Cancer,persist,1.0
physics,18.75,Aries,persist,1.0
pianos,30.4,Taurus,persist,1.0
piaui,51.52,Taurus,persist,0.7083
picardy,249.44,Sagittarius,persist,1.0
pickleball,160.55,Virgo,persist,1.0
pickup trucks,30.4,Taurus,persist,1.0
piedmont,160.55,Virgo,persist,0.9167
piedmont triad,160.55,Virgo,persist,1.0
pigments,30.4,Taurus,persist,1.0
pilates,91.63,Cancer,direct,1.0
pittsburgh,284.27,Capricorn,persist,0.8333
pizzerias,199.12,Libra,persist,0.9583
places of worship,78.76,Gemini,snaive,0.875
planning,30.4,Taurus,persist,1.0
plasma tvs,160.55,Virgo,persist,1.0
plastics,30.4,Taurus,persist,1.0
platform games,30.4,Taurus,persist,1.0
play equipment,160.55,Virgo,persist,0.9583
playroom,50.2,Taurus,persist,1.0
plug-in vehicles,160.55,Virgo,persist,1.0
plumbing,30.4,Taurus,persist,1.0
plumbing fixtures,160.55,Virgo,persist,1.0
podcasts,77.96,Gemini,persist,1.0
poetry,30.4,Taurus,persist,1.0
poisoning,30.4,Taurus,persist,1.0
poitou-charentes,198.84,Libra,persist,0.875
poland,163.19,Virgo,persist,0.9583
polar regions,311.79,Aquarius,vote3,0.75
policy,30.4,Taurus,persist,1.0
political humor,160.55,Virgo,persist,1.0
political polls,284.27,Capricorn,persist,0.7083
political science,20.06,Aries,persist,1.0
politics,30.4,Taurus,persist,1.0
politics (left),30.05,Taurus,persist,1.0
politics (right),318.91,Aquarius,persist,0.0417
polymers,12.24,Aries,persist,0.9167
polynesia,332.97,Pisces,persist,0.7083
pontiac,163.19,Virgo,persist,1.0
pop music,30.4,Taurus,persist,1.0
pork,160.55,Virgo,persist,1.0
porsche,327.26,Aquarius,persist,0.5
portable electronics,160.55,Virgo,persist,1.0
portable media players,160.55,Virgo,persist,1.0
portfolio management,38.32,Taurus,persist,1.0
portfolios,78.88,Gemini,persist,1.0
portland (or),175.33,Virgo,persist,1.0
porto,96.57,Cancer,persist,1.0
porto alegre,107.58,Cancer,persist,0.9583
portugal,172.08,Virgo,encdec,0.875
pottery,30.4,Taurus,persist,1.0
potty training,30.4,Taurus,persist,1.0
poultry,30.4,Taurus,persist,1.0
poverty,30.4,Taurus,persist,1.0
power supplies,30.4,Taurus,persist,0.9583
power tools,30.4,Taurus,persist,1.0
prague,107.67,Cancer,persist,0.875
prank videos,30.4,Taurus,persist,1.0
precious metals,248.29,Sagittarius,persist,1.0
pregnancy,30.4,Taurus,persist,1.0
preschool,30.4,Taurus,persist,1.0
presentation software,326.31,Aquarius,persist,1.0
presentations,30.03,Taurus,persist,1.0
preserves,163.76,Virgo,persist,1.0
previews,160.55,Virgo,persist,1.0
price comparisons,73.04,Gemini,persist,0.8333
primary,30.4,Taurus,persist,1.0
prince edward island,218.3,Scorpio,persist,0.7917
printers,30.4,Taurus,persist,1.0
printing,30.4,Taurus,persist,1.0
printing services,243.09,Sagittarius,vote3,0.1667
prisons,30.4,Taurus,persist,1.0
privacy issues,48.55,Taurus,persist,1.0
private tutoring services,193.61,Libra,persist,1.0
processing equipment,160.55,Virgo,persist,0.875
processors,30.4,Taurus,persist,1.0
procurement,30.4,Taurus,persist,1.0
product design,51.91,Taurus,persist,1.0
product liability,160.55,Virgo,persist,0.875
product reviews,88.46,Gemini,persist,0.9167
productivity software,107.07,Cancer,snaive,1.0
professional,30.4,Taurus,persist,1.0
professional wrestling,160.55,Virgo,persist,0.9583
programming,30.4,Taurus,persist,1.0
programs,30.4,Taurus,persist,1.0
progressive,326.31,Aquarius,direct,0.875
project management,30.4,Taurus,persist,1.0
project management software,356.24,Pisces,persist,1.0
projection tvs,160.55,Virgo,persist,1.0
projectors,160.55,Virgo,persist,1.0
promotional giveaways,160.55,Virgo,persist,1.0
promotional products,180.94,Libra,persist,0.9167
property development,160.55,Virgo,persist,0.9167
property inspections,98.73,Cancer,persist,0.9583
property management,160.55,Virgo,persist,1.0
protection,66.59,Gemini,persist,1.0
protective gear,160.55,Virgo,persist,1.0
protocols,351.53,Pisces,vote3,0.8333
provence-alpes-cote d'azur,243.09,Sagittarius,persist,1.0
providence,160.55,Virgo,persist,1.0
proxying,160.55,Virgo,persist,0.9167
psychology,30.4,Taurus,persist,1.0
public finance,42.71,Taurus,persist,1.0
public health,107.07,Cancer,persist,0.9583
public policy,18.75,Aries,persist,1.0
public records,61.87,Gemini,persist,0.8333
public relations,30.4,Taurus,persist,1.0
public safety,160.55,Virgo,persist,1.0
public sector jobs,160.55,Virgo,persist,1.0
public speaking,30.4,Taurus,persist,1.0
publications,55.84,Taurus,persist,1.0
publishing,30.4,Taurus,persist,1.0
puebla,30.4,Taurus,persist,0.9583
puerto rico,30.4,Taurus,persist,1.0
puerto vallarta,326.31,Aquarius,persist,1.0
puglia,160.55,Virgo,persist,1.0
pune,30.4,Taurus,persist,1.0
punjab (india),30.4,Taurus,persist,1.0
punk (music),160.55,Virgo,persist,1.0
puppets,160.55,Virgo,persist,1.0
purifiers,160.55,Virgo,persist,1.0
purses,152.77,Virgo,persist,1.0
puzzles,30.4,Taurus,persist,1.0
qatar,160.55,Virgo,persist,1.0
qinghai,160.55,Virgo,persist,0.9583
quality control,317.57,Aquarius,persist,1.0
quebec,180.65,Libra,persist,1.0
quebec city,160.55,Virgo,persist,1.0
queensland,160.55,Virgo,persist,1.0
quick tips,160.55,Virgo,persist,1.0
quintana roo,142.35,Leo,snaive,0.7917
quito,291.22,Capricorn,persist,0.4583
quotations,30.4,Taurus,persist,1.0
r,30.4,Taurus,persist,1.0
rabbits,160.55,Virgo,persist,1.0
racing games,30.4,Taurus,persist,1.0
racketball,160.55,Virgo,persist,1.0
racquet sports,160.55,Virgo,persist,1.0
radio,30.4,Taurus,persist,1.0
radio control,160.55,Virgo,persist,1.0
radio equipment,160.55,Virgo,persist,1.0
rail,96.39,Cancer,persist,1.0
rail freight,351.54,Pisces,persist,0.75
railroads,160.55,Virgo,persist,0.7917
rajasthan,147.39,Leo,persist,1.0
raleigh-durham,160.55,Virgo,persist,1.0
ram trucks,46.38,Taurus,persist,0.8333
ranches,30.4,Taurus,persist,1.0
ranges,30.4,Taurus,persist,1.0
rap,30.4,Taurus,persist,1.0
razors,160.55,Virgo,persist,1.0
rc aircraft,160.55,Virgo,persist,1.0
real estate,30.4,Taurus,persist,1.0
real estate agencies,198.84,Libra,persist,0.9583
real estate investment trusts,160.55,Virgo,persist,1.0
real estate law,30.4,Taurus,persist,1.0
real estate listings,160.55,Virgo,persist,0.75
real estate services,114.8,Cancer,persist,0.9583
real estate title,30.4,Taurus,persist,1.0
recife,333.22,Pisces,persist,0.8333
recipe videos,30.4,Taurus,persist,1.0
recipes,30.4,Taurus,persist,1.0
record labels,47.06,Taurus,persist,0.875
recorders,337.61,Pisces,persist,0.9583
recording industry,26.73,Aries,persist,0.9167
recovery,160.55,Virgo,persist,0.875
recreational aviation,160.55,Virgo,persist,1.0
recruitment,326.31,Aquarius,persist,1.0
recycling,30.4,Taurus,persist,1.0
reference,30.4,Taurus,persist,1.0
reference tools,160.55,Virgo,persist,0.9167
refrigerators,30.4,Taurus,persist,1.0
reggae,30.4,Taurus,persist,1.0
reggaeton,30.4,Taurus,persist,0.4167
regional mexican music,160.55,Virgo,persist,0.9583
regional parks,107.07,Cancer,persist,1.0
regional planning,30.4,Taurus,persist,1.0
registration,30.4,Taurus,persist,1.0
relationships,30.4,Taurus,persist,1.0
religion,348.59,Pisces,persist,1.0
religious music,30.4,Taurus,vote3,1.0
religious study,160.55,Virgo,vote3,0.6667
religious travel,160.55,Virgo,persist,1.0
relocation,30.4,Taurus,persist,1.0
remote access,30.4,Taurus,persist,1.0
renault,30.4,Taurus,persist,1.0
renewable,160.55,Virgo,persist,1.0
rennes,352.81,Pisces,persist,0.9583
repair,30.4,Taurus,persist,1.0
replacement,30.4,Taurus,persist,1.0
repossession,30.4,Taurus,persist,1.0
reproductive health,119.44,Cancer,persist,1.0
reproductive rights,160.55,Virgo,persist,1.0
reptiles,30.4,Taurus,persist,1.0
resale,30.4,Taurus,persist,1.0
reservations,163.19,Virgo,persist,1.0
residential rentals,160.55,Virgo,persist,0.6667
residential sales,183.26,Libra,persist,0.7083
resources,7.16,Aries,persist,1.0
respiratory conditions,166.27,Virgo,persist,0.3333
restaurant delivery services,163.19,Virgo,persist,1.0
restaurant reviews,160.55,Virgo,persist,1.0
restaurant supply,160.55,Virgo,persist,1.0
restaurants,30.4,Taurus,persist,1.0
resumes,200.24,Libra,persist,0.875
retail equipment,160.55,Virgo,persist,1.0
retail jobs,41.94,Taurus,persist,1.0
retail trade,41.5,Taurus,persist,0.9583
retailers,30.4,Taurus,persist,1.0
retirement,30.4,Taurus,persist,1.0
reunion,91.55,Cancer,persist,1.0
reunions,218.3,Scorpio,persist,1.0
reviews,30.4,Taurus,persist,1.0
rhineland-palatinate,160.55,Virgo,persist,1.0
rhode island,160.55,Virgo,persist,1.0
rhone-alpes,160.55,Virgo,persist,1.0
richmond-petersburg,160.55,Virgo,persist,0.9583
ride-on toys,160.55,Virgo,persist,0.9583
rings,38.71,Taurus,persist,1.0
ringtones,30.4,Taurus,persist,1.0
rio de janeiro,347.04,Pisces,persist,1.0
rio grande do norte,321.04,Aquarius,vote3,0.5833
rio grande do sul,160.55,Virgo,persist,0.9583
risk management,93.74,Cancer,snaive,1.0
rivers,160.55,Virgo,persist,0.9583
riviera maya,30.4,Taurus,persist,1.0
riyadh,335.16,Pisces,vote3,0.6667
road bikes,30.4,Taurus,persist,0.9583
roadside assistance,160.55,Virgo,persist,1.0
robotics,30.4,Taurus,persist,1.0
rochester-finger lakes,160.55,Virgo,persist,1.0
rock music,160.55,Virgo,persist,1.0
rocky mountains,299.34,Capricorn,persist,0.9583
rodents,160.55,Virgo,persist,0.9167
roleplaying games,160.55,Virgo,persist,1.0
roller skating,160.55,Virgo,persist,1.0
rollerblading,160.55,Virgo,persist,1.0
rollerblading equipment,198.84,Libra,persist,1.0
rolls-royce,50.2,Taurus,persist,1.0
romance,160.55,Virgo,persist,1.0
romance books,30.4,Taurus,persist,1.0
romance films,30.4,Taurus,persist,0.8333
romania,51.18,Taurus,persist,0.6667
romantic getaways,47.38,Taurus,snaive,0.5417
rome,160.55,Virgo,persist,1.0
rondonia,198.84,Libra,persist,1.0
roofing,30.4,Taurus,persist,1.0
roommates,160.55,Virgo,persist,1.0
rotterdam,160.55,Virgo,persist,1.0
royalty,6.14,Aries,persist,1.0
rugby,160.55,Virgo,persist,1.0
rugs,284.51,Capricorn,persist,0.5
running,30.4,Taurus,persist,0.3333
russia,174.82,Virgo,persist,0.0
russian federation,160.55,Virgo,persist,1.0
russian southern district,160.55,Virgo,persist,0.9583
rvs,23.16,Aries,persist,1.0
rwanda,30.4,Taurus,persist,1.0
saab,152.81,Virgo,direct,0.75
saarland,160.55,Virgo,vote3,0.9583
sacramento valley,160.55,Virgo,persist,1.0
safety,30.4,Taurus,persist,1.0
saga,30.4,Taurus,persist,1.0
saint kitts,160.55,Virgo,persist,1.0
saint lucia,326.31,Aquarius,persist,1.0
saint petersburg,64.19,Gemini,persist,1.0
saint vincent,30.72,Taurus,vote3,0.2917
saitama,42.14,Taurus,persist,1.0
salads,64.37,Gemini,persist,1.0
salerno,160.55,Virgo,persist,1.0
sales,30.4,Taurus,persist,1.0
salsa,30.4,Taurus,persist,1.0
salt lake city,294.91,Capricorn,persist,1.0
salvador,30.4,Taurus,persist,1.0
salzburg,272.41,Capricorn,persist,0.9167
same-sex marriage,160.55,Virgo,persist,1.0
samples,30.4,Taurus,persist,1.0
san antonio,160.55,Virgo,persist,1.0
san diego,180.94,Libra,persist,1.0
san francisco bay area,151.32,Virgo,persist,1.0
san joaquin valley,30.03,Taurus,persist,1.0
san marino,206.92,Libra,persist,0.9583
sandbox games,160.55,Virgo,persist,1.0
santa catarina,180.94,Libra,persist,0.9583
santiago,30.4,Taurus,persist,1.0
sao paulo,37.61,Taurus,persist,1.0
sao paulo (state),160.55,Virgo,persist,1.0
sapporo,63.06,Gemini,vote3,0.5417
sardinia,130.26,Leo,persist,0.8333
saskatchewan,160.55,Virgo,persist,1.0
satellite providers,160.55,Virgo,persist,0.5833
satire,351.54,Pisces,persist,1.0
saturn,30.4,Taurus,persist,1.0
saudi arabia,163.19,Virgo,persist,0.5833
saunas,127.12,Leo,persist,0.875
savannah,30.4,Taurus,persist,1.0
savings accounts,67.25,Gemini,persist,1.0
saxony,30.4,Taurus,persist,1.0
scandals,160.55,Virgo,persist,1.0
scanners,8.27,Aries,persist,1.0
scheduling software,19.98,Aries,vote3,0.6667
schleswig-holstein,160.55,Virgo,persist,1.0
scholarships,160.55,Virgo,persist,1.0
school supplies,205.84,Libra,snaive,0.8333
science,30.4,Taurus,persist,1.0
science fiction,30.4,Taurus,persist,1.0
science shows,30.4,Taurus,persist,1.0
scientific equipment,201.65,Libra,persist,1.0
scientific institutions,78.76,Gemini,persist,0.9167
scientology,160.55,Virgo,persist,1.0
scion,160.55,Virgo,persist,1.0
scooter,160.55,Virgo,persist,1.0
scooters,253.25,Sagittarius,persist,1.0
scotland,160.55,Virgo,vote3,0.9583
screens,30.4,Taurus,persist,1.0
screws,30.4,Taurus,persist,1.0
scripting languages,36.12,Taurus,persist,0.625
sculpture,30.4,Taurus,persist,0.3333
seafood,30.4,Taurus,persist,1.0
seafood substitutes,198.84,Libra,persist,1.0
search engine optimization,160.55,Virgo,persist,1.0
search engines,127.12,Leo,persist,0.25
seasonal events,160.55,Virgo,persist,0.9583
seasonal jobs,160.55,Virgo,persist,1.0
seat,30.4,Taurus,persist,1.0
seattle-tacoma,198.84,Libra,persist,1.0
secondary schooling (k-12),160.55,Virgo,persist,1.0
security,93.13,Cancer,persist,1.0
security products,114.1,Cancer,persist,0.0
security services,30.4,Taurus,persist,1.0
security systems,30.4,Taurus,persist,1.0
sedans,30.4,Taurus,persist,1.0
seed,30.4,Taurus,persist,1.0
self storage,160.55,Virgo,persist,1.0
self-help,160.55,Virgo,persist,1.0
sendai,160.55,Virgo,persist,1.0
senegal,174.82,Virgo,persist,0.0417
seniors,160.55,Virgo,persist,0.5833
seoul,30.4,Taurus,persist,1.0
separation,160.55,Virgo,persist,1.0
serbia,193.61,Libra,persist,0.9167
sergipe,73.33,Gemini,persist,1.0
service clubs,125.96,Leo,vote3,0.4583
service contracts,160.55,Virgo,persist,0.9583
service providers,184.86,Libra,persist,0.9583
services,30.4,Taurus,persist,1.0
set-top boxes,160.55,Virgo,persist,1.0
seville,37.18,Taurus,persist,1.0
sex education,77.9,Gemini,persist,0.9167
sexual enhancement,30.4,Taurus,persist,1.0
sexually transmitted diseases,300.69,Aquarius,persist,1.0
shaanxi,160.55,Virgo,persist,1.0
shakes,160.55,Virgo,persist,1.0
shampoos,316.8,Aquarius,persist,0.5
shandong,160.55,Virgo,persist,1.0
shanghai,127.12,Leo,persist,1.0
shanxi,160.55,Virgo,persist,1.0
shares,30.4,Taurus,persist,1.0
shareware,30.4,Taurus,persist,1.0
shavers,160.55,Virgo,persist,1.0
sheet music,4.3,Aries,persist,1.0
sheffield,323.36,Aquarius,persist,0.8333
shelving,30.4,Taurus,persist,1.0
shenyang,160.55,Virgo,persist,1.0
shenzhen,160.55,Virgo,persist,1.0
shiga,180.94,Libra,persist,1.0
shikoku,177.72,Virgo,persist,0.4167
shimane,160.55,Virgo,persist,0.9167
shipping,30.4,Taurus,persist,1.0
shirts,160.55,Virgo,persist,0.75
shizuoka,217.13,Scorpio,persist,0.9583
shooter games,30.4,Taurus,persist,1.0
shooting,30.4,Taurus,persist,1.0
shopping,30.4,Taurus,persist,1.0
shopping hauls,30.4,Taurus,persist,1.0
shopping portals,160.55,Virgo,persist,1.0
short-term loans,160.55,Virgo,persist,0.9583
shorts,160.55,Virgo,persist,1.0
show tunes,76.58,Gemini,vote3,0.5833
siberian federal district,160.55,Virgo,persist,1.0
sichuan,160.55,Virgo,persist,1.0
sicily,30.4,Taurus,persist,1.0
sightseeing tours,160.55,Virgo,persist,0.875
signage,335.8,Pisces,persist,1.0
silent films,243.09,Sagittarius,persist,1.0
silicon valley,325.75,Aquarius,persist,1.0
silly surveys,160.55,Virgo,persist,1.0
simulation games,30.4,Taurus,persist,1.0
sinaloa,30.4,Taurus,persist,0.9583
singapore,30.4,Taurus,persist,1.0
skateboarding,160.55,Virgo,persist,1.0
skeptics,160.55,Virgo,persist,1.0
ski resorts,356.15,Pisces,snaive,0.75
skiing,160.55,Virgo,persist,1.0
skiing equipment,160.55,Virgo,persist,1.0
skin,30.4,Taurus,persist,1.0
skin conditions,12.34,Aries,persist,1.0
skins,30.4,Taurus,persist,0.5417
skirts,160.55,Virgo,persist,1.0
skoda,30.4,Taurus,persist,1.0
sleep disorders,48.55,Taurus,persist,1.0
sleepwear,119.44,Cancer,persist,0.75
slovakia,160.55,Virgo,vote3,0.9167
slovenia,160.55,Virgo,persist,0.9583
small business,30.4,Taurus,persist,1.0
small kitchen appliances,160.55,Virgo,persist,1.0
smart phones,315.78,Aquarius,snaive,0.5417
smart watches,313.45,Aquarius,persist,1.0
smoking,160.55,Virgo,persist,1.0
smoking cessation,22.58,Aries,persist,1.0
snack foods,110.19,Cancer,persist,1.0
snowboarding,160.55,Virgo,persist,1.0
snowboarding gear,160.55,Virgo,persist,0.9583
soccer,182.6,Libra,persist,1.0
soccer equipment,157.54,Virgo,persist,0.9583
social bookmarking,127.12,Leo,persist,1.0
social issues,30.4,Taurus,persist,1.0
social media marketing,37.61,Taurus,persist,1.0
social network apps,251.9,Sagittarius,persist,0.9583
social networks,15.45,Aries,persist,0.1667
social sciences,30.4,Taurus,persist,1.0
social services,30.4,Taurus,persist,1.0
socially responsible investing,160.55,Virgo,persist,0.9583
society,136.62,Leo,persist,1.0
socks,30.4,Taurus,persist,1.0
sofas,30.4,Taurus,persist,1.0
sofia,30.4,Taurus,persist,1.0
soft drinks,30.4,Taurus,persist,1.0
softball equipment,122.05,Leo,vote3,0.5833
software,30.4,Taurus,persist,1.0
software utilities,168.44,Virgo,snaive,0.7917
solar power,160.55,Virgo,snaive,0.5833
somalia,30.4,Taurus,persist,1.0
song lyrics,30.4,Taurus,persist,1.0
sony playstation,193.61,Libra,persist,1.0
sororities,104.03,Cancer,persist,1.0
soul,160.55,Virgo,persist,0.9167
sound,30.4,Taurus,persist,1.0
sound libraries,160.55,Virgo,persist,1.0
soundtracks,160.55,Virgo,persist,1.0
soups,30.4,Taurus,persist,1.0
south (usa),160.55,Virgo,persist,0.9583
south africa,194.05,Libra,persist,0.7083
south america,163.19,Virgo,persist,1.0
south asia,356.18,Pisces,persist,1.0
south asian cuisine,160.55,Virgo,persist,1.0
south asian film,160.55,Virgo,persist,1.0
south asian music,160.55,Virgo,persist,0.8333
south asians,160.55,Virgo,persist,1.0
south australia,163.04,Virgo,persist,0.7917
south brazil,160.55,Virgo,persist,1.0
south carolina,160.55,Virgo,persist,1.0
south central china,304.81,Aquarius,persist,1.0
south chungcheong,160.55,Virgo,persist,1.0
south dakota,252.79,Sagittarius,persist,0.2917
south east england,160.55,Virgo,persist,1.0
south east france,160.55,Virgo,persist,1.0
south gyeongsang,160.55,Virgo,persist,1.0
south holland,160.55,Virgo,persist,1.0
south india,249.45,Sagittarius,persist,0.875
south jeolla,160.55,Virgo,persist,1.0
south korea,123.08,Leo,persist,1.0
south west england,82.2,Gemini,snaive,0.625
south west france,96.09,Cancer,encdec,0.2917
southeast asia,30.4,Taurus,persist,1.0
southeast asian cuisine,160.55,Virgo,persist,1.0
southeast asian music,294.3,Capricorn,snaive,0.875
southeast asians,77.74,Gemini,persist,0.7917
southeast brazil,160.55,Virgo,persist,0.9583
southeast china,160.55,Virgo,persist,0.2083
southeastern anatolia,160.55,Virgo,persist,1.0
southeastern europe,160.55,Virgo,persist,1.0
southern africa,30.4,Taurus,persist,1.0
southern california,253.58,Sagittarius,persist,0.875
southern florida,218.3,Scorpio,persist,1.0
southern thailand,160.55,Virgo,persist,1.0
southwest (usa),160.55,Virgo,persist,1.0
southwest china,160.55,Virgo,persist,0.9583
southwestern ontario,128.5,Leo,persist,0.875
space technology,160.55,Virgo,persist,0.875
spain,174.82,Virgo,persist,0.9167
spanish cuisine,160.55,Virgo,persist,0.8333
spas,160.55,Virgo,persist,1.0
speakers,160.55,Virgo,persist,1.0
special,30.4,Taurus,persist,1.0
special education,160.55,Virgo,persist,1.0
special event items,160.55,Virgo,persist,1.0
special needs,160.55,Virgo,persist,1.0
special occasions,297.49,Capricorn,snaive,0.4167
specialty foods,160.55,Virgo,persist,1.0
specialty travel,160.55,Virgo,persist,0.9167
spices,30.4,Taurus,persist,1.0
spirituality,30.4,Taurus,persist,1.0
spoofs,160.55,Virgo,persist,1.0
sport scores,345.82,Pisces,persist,0.5
sport wrestling,160.55,Virgo,persist,1.0
sporting goods,236.77,Scorpio,persist,0.5417
sports,30.4,Taurus,persist,1.0
sports cars,30.4,Taurus,persist,1.0
sports coaching,160.55,Virgo,persist,1.0
sports drinks,180.94,Libra,persist,0.2917
sports games,347.22,Pisces,vote3,0.9583
sports highlights videos,64.37,Gemini,persist,1.0
sports management games,160.55,Virgo,persist,1.0
sports memorabilia,69.1,Gemini,direct,0.625
sports news,342.1,Pisces,persist,1.0
spreadsheet software,160.55,Virgo,persist,0.4583
squash,30.4,Taurus,persist,1.0
sri lanka,42.37,Taurus,persist,1.0
staffing,322.92,Aquarius,persist,1.0
standardized,160.55,Virgo,persist,1.0
state,160.55,Virgo,persist,1.0
station wagons,160.55,Virgo,persist,0.9167
stationery,238.32,Scorpio,persist,1.0
stations,30.4,Taurus,persist,1.0
statistics,30.4,Taurus,persist,1.0
stereo systems,160.55,Virgo,persist,1.0
steroids,348.79,Pisces,persist,1.0
stews,160.55,Virgo,persist,1.0
stock photography,59.91,Taurus,vote3,0.7083
stockholm,160.55,Virgo,persist,1.0
stocks,75.71,Gemini,persist,1.0
storage,30.4,Taurus,persist,1.0
stoves,50.08,Taurus,persist,1.0
strasbourg,13.77,Aries,persist,1.0
strategic planning,282.93,Capricorn,persist,0.5417
strategy games,95.41,Cancer,direct,0.5833
street food,30.4,Taurus,persist,1.0
strength training equipment,105.92,Cancer,persist,1.0
stress,160.55,Virgo,persist,1.0
student loans,30.4,Taurus,persist,0.9583
student societies,160.55,Virgo,persist,0.0417
studio photography,30.4,Taurus,persist,1.0
study abroad,30.4,Taurus,persist,1.0
study grants,160.55,Virgo,persist,1.0
stuffed toys,30.4,Taurus,persist,1.0
stuttgart,160.55,Virgo,persist,0.9583
style,160.55,Virgo,persist,1.0
styling products,30.4,Taurus,persist,1.0
styling services,160.55,Virgo,persist,1.0
styria,198.84,Libra,persist,1.0
subaru,326.31,Aquarius,persist,1.0
subcompacts,160.55,Virgo,persist,1.0
subcultures,249.45,Sagittarius,persist,0.8333
substance abuse,6.3,Aries,persist,1.0
sudan,163.19,Virgo,persist,0.9167
suits,30.4,Taurus,persist,1.0
sulawesi,49.0,Taurus,persist,0.6667
sumatra,30.4,Taurus,persist,1.0
sun care products,160.55,Virgo,persist,1.0
sunglasses,153.38,Virgo,vote3,0.8333
superhero films,160.08,Virgo,persist,0.7083
supplements,30.4,Taurus,persist,1.0
supplies,30.4,Taurus,persist,0.7917
supply chain management,30.4,Taurus,persist,1.0
surf,207.97,Libra,snaive,0.625
surfing,160.55,Virgo,persist,1.0
surgery,30.4,Taurus,persist,1.0
suriname,30.4,Taurus,persist,1.0
surveys,160.55,Virgo,persist,1.0
sustainable fashion,29.76,Aries,persist,1.0
suvs,30.4,Taurus,persist,1.0
suzuki,30.4,Taurus,persist,1.0
swap meets,112.79,Cancer,persist,1.0
sweden,163.19,Virgo,persist,1.0
sweepstakes,163.19,Virgo,persist,0.8333
sweets,30.4,Taurus,persist,1.0
swim,171.24,Virgo,direct,0.4167
swimming,186.33,Libra,vote3,0.75
swimwear,30.4,Taurus,persist,1.0
switzerland,158.94,Virgo,snaive,0.7917
sydney,30.4,Taurus,persist,1.0
symbian os,288.89,Capricorn,persist,1.0
syria,198.84,Libra,persist,0.9583
t-shirts,149.58,Leo,persist,0.7917
table games,20.25,Aries,vote3,0.5
table tennis,160.55,Virgo,persist,0.9583
table tennis equipment,160.55,Virgo,persist,1.0
tablet pcs,26.91,Aries,persist,0.7917
tabloid news,160.55,Virgo,persist,1.0
tabs,30.4,Taurus,persist,1.0
tack,160.55,Virgo,persist,0.6667
taekwondo,160.55,Virgo,persist,1.0
tahiti,160.55,Virgo,persist,1.0
tai chi,107.73,Cancer,persist,1.0
taichung,300.55,Aquarius,persist,0.875
tainan,30.4,Taurus,persist,1.0
taipei,214.45,Scorpio,snaive,0.7083
taiwan,221.41,Scorpio,persist,1.0
tajikistan,273.18,Capricorn,persist,0.75
talk radio,30.4,Taurus,persist,0.9167
tallahassee,20.12,Aries,persist,0.375
tamaulipas,160.55,Virgo,persist,0.4167
tamil nadu,87.68,Gemini,persist,1.0
tampa bay area,127.12,Leo,persist,1.0
tanning,145.65,Leo,persist,0.625
tanzania,30.4,Taurus,persist,1.0
tasmania,30.4,Taurus,persist,1.0
tax preparation,30.4,Taurus,persist,1.0
taxi,160.55,Virgo,persist,1.0
tea,30.4,Taurus,persist,1.0
teaching,30.4,Taurus,persist,1.0
team sports,73.24,Gemini,persist,1.0
technical jobs,30.4,Taurus,persist,1.0
technical reference,160.55,Virgo,persist,1.0
technical support,30.4,Taurus,persist,1.0
technology,160.55,Virgo,persist,1.0
technology news,160.55,Virgo,persist,0.7917
tehran,160.55,Virgo,persist,0.9583
tel aviv,145.37,Leo,persist,0.875
telangana,30.4,Taurus,persist,1.0
telecom,22.58,Aries,persist,1.0
teleconferencing,160.55,Virgo,persist,1.0
telemarketing,274.62,Capricorn,persist,1.0
telescopes,216.39,Scorpio,vote3,1.0
televisions,284.27,Capricorn,persist,0.9167
templates,115.8,Cancer,persist,1.0
temporary,50.2,Taurus,persist,0.9583
tennessee,30.4,Taurus,persist,1.0
tennis,163.19,Virgo,persist,0.875
tennis equipment,160.55,Virgo,persist,0.4583
tesla motors,160.55,Virgo,persist,1.0
texas,50.13,Taurus,persist,1.0
text,30.4,Taurus,persist,1.0
textile arts,345.9,Pisces,persist,0.3333
textiles,354.16,Pisces,persist,1.0
thai cuisine,162.0,Virgo,persist,0.4167
thailand,30.4,Taurus,persist,1.0
thanksgiving,308.64,Aquarius,snaive,1.0
theater,282.98,Capricorn,persist,0.7917
theater showtimes,160.55,Virgo,persist,1.0
theme parks,30.4,Taurus,persist,1.0
themes,30.4,Taurus,persist,0.25
theology,30.4,Taurus,persist,1.0
theory,30.4,Taurus,persist,1.0
thrift stores,30.4,Taurus,persist,1.0
thriller,160.55,Virgo,persist,1.0
throat,53.48,Taurus,vote3,0.8333
thuringia,160.55,Virgo,persist,1.0
thyroid conditions,160.55,Virgo,persist,1.0
tianjin,160.55,Virgo,persist,1.0
tibet,160.55,Virgo,persist,1.0
tijuana,30.4,Taurus,persist,1.0
tile games,20.94,Aries,persist,0.0833
time,31.65,Taurus,persist,1.0
timeshares,163.19,Virgo,persist,0.2083
tiny home movement,160.55,Virgo,persist,1.0
tires,30.4,Taurus,persist,1.0
toaster ovens,354.48,Pisces,persist,0.7083
toasters,160.55,Virgo,persist,1.0
tobago,243.09,Sagittarius,persist,1.0
tocantins,160.55,Virgo,persist,1.0
tochigi,160.55,Virgo,persist,1.0
toddler toys,30.4,Taurus,persist,1.0
toddlers,30.4,Taurus,persist,1.0
tohoku,160.55,Virgo,persist,1.0
toiletries,30.4,Taurus,persist,1.0
tokushima,65.27,Gemini,persist,0.75
tokyo,30.89,Taurus,persist,1.0
toner,30.4,Taurus,persist,1.0
toothbrushes,30.4,Taurus,persist,1.0
toothpaste,30.4,Taurus,persist,1.0
tops,30.4,Taurus,persist,1.0
tottori,157.37,Virgo,persist,0.0
toulouse,160.55,Virgo,persist,1.0
tourist boards,160.55,Virgo,persist,1.0
tourist destinations,30.4,Taurus,persist,1.0
towing,30.4,Taurus,persist,1.0
townhomes,145.86,Leo,direct,0.7917
toxic substances,113.23,Cancer,persist,0.5833
toy vehicles,30.4,Taurus,persist,1.0
toy weapons,3.65,Aries,persist,0.9583
toyama,30.4,Taurus,persist,1.0
toyota,30.4,Taurus,persist,1.0
toys,30.4,Taurus,persist,1.0
track,30.4,Taurus,persist,1.0
tracking,30.4,Taurus,persist,1.0
trade fairs,160.55,Virgo,persist,1.0
traditional music,30.4,Taurus,persist,1.0
traffic,30.4,Taurus,persist,1.0
traffic safety,160.55,Virgo,persist,0.9583
trailers,315.47,Aquarius,persist,1.0
training,30.4,Taurus,persist,1.0
transgender,30.4,Taurus,persist,1.0
translation tools,160.55,Virgo,persist,0.9167
transmission,30.4,Taurus,persist,1.0
transmission repair,160.98,Virgo,persist,1.0
transport,30.4,Taurus,persist,1.0
transportation,30.4,Taurus,persist,1.0
travel,30.4,Taurus,persist,1.0
travel agencies,209.96,Libra,persist,0.9583
travel guides,87.29,Gemini,snaive,0.625
travel insurance,160.55,Virgo,persist,1.0
travel shows,30.4,Taurus,persist,0.9583
travelogues,160.55,Virgo,persist,0.875
treatment,30.4,Taurus,persist,1.0
treatment centers,160.55,Virgo,persist,0.9167
trentino-alto adige,196.69,Libra,persist,0.7917
trinidad,160.55,Virgo,persist,1.0
trivia,30.4,Taurus,persist,1.0
tropical music,30.4,Taurus,persist,0.9167
trucking,30.4,Taurus,persist,1.0
trucks,30.4,Taurus,persist,1.0
try on videos,30.4,Taurus,persist,1.0
tucson,30.4,Taurus,persist,1.0
tulsa,52.17,Taurus,vote3,0.3333
tuning,160.55,Virgo,persist,1.0
tunisia,163.19,Virgo,persist,1.0
turin,153.91,Virgo,persist,0.9583
turkey,312.09,Aquarius,vote3,0.9167
turkmenistan,160.55,Virgo,persist,0.9583
tuscany,218.3,Scorpio,persist,0.7083
tutorials,30.4,Taurus,persist,1.0
tv,30.4,Taurus,persist,1.0
tv awards,299.05,Capricorn,persist,1.0
tv comedies,30.4,Taurus,persist,1.0
tv commercials,160.55,Virgo,persist,1.0
tv crime,30.4,Taurus,persist,1.0
tv documentary,30.4,Taurus,persist,1.0
tv dramas,30.4,Taurus,persist,1.0
tv family-oriented shows,160.55,Virgo,persist,1.0
tv fan edits,86.9,Gemini,persist,0.875
tv game shows,119.96,Cancer,persist,0.2917
tv guides,160.55,Virgo,persist,1.0
tv industry,70.2,Gemini,persist,1.0
tv medical shows,160.55,Virgo,persist,0.7917
tv networks,127.15,Leo,vote3,0.4167
tv production,30.4,Taurus,persist,1.0
tv reality shows,30.4,Taurus,persist,1.0
tv sci-fi,150.6,Virgo,persist,1.0
tv shows,30.4,Taurus,persist,1.0
tv soap operas,160.55,Virgo,persist,1.0
tv streaming,30.4,Taurus,persist,1.0
tv talent,160.55,Virgo,persist,1.0
tv talk shows,202.68,Libra,persist,1.0
tycoon games,30.4,Taurus,persist,1.0
tyrol,160.55,Virgo,persist,1.0
uganda,19.71,Aries,persist,1.0
ukraine,160.55,Virgo,persist,0.0
ulsan,82.61,Gemini,vote3,0.875
ultimate fighting championship (ufc),160.55,Virgo,persist,1.0
umbria,243.09,Sagittarius,persist,1.0
unboxing videos,30.4,Taurus,persist,1.0
undergarments,30.4,Taurus,persist,1.0
underwater activities,160.55,Virgo,persist,1.0
unemployment,105.92,Cancer,vote3,0.5833
uniforms,30.4,Taurus,persist,1.0
unions,314.58,Aquarius,snaive,0.4167
united arab emirates,30.4,Taurus,persist,1.0
united kingdom,160.55,Virgo,persist,1.0
universities,30.4,Taurus,persist,1.0
unix,30.4,Taurus,persist,1.0
unwanted body,30.4,Taurus,persist,1.0
upper austria,233.45,Scorpio,vote3,0.5
upstate south carolina,348.28,Pisces,persist,0.1667
urban,30.4,Taurus,persist,1.0
urban transit,160.55,Virgo,persist,0.3333
uruguay,172.08,Virgo,persist,0.9583
usa,160.55,Virgo,persist,1.0
used vehicles,30.4,Taurus,persist,1.0
utah,160.55,Virgo,vote3,1.0
utilities,265.67,Sagittarius,persist,0.9583
utility bags,203.9,Libra,persist,0.1667
utrecht,107.07,Cancer,persist,1.0
uttar pradesh,18.71,Aries,persist,1.0
uzbekistan,198.84,Libra,persist,0.875
vacation offers,160.55,Virgo,persist,1.0
vacation properties,160.55,Virgo,persist,1.0
vacation rentals,160.55,Virgo,vote3,0.9167
vaccines,160.55,Virgo,persist,1.0
vacuums,30.4,Taurus,persist,1.0
valencia,329.09,Aquarius,persist,0.9167
valentine's day,56.65,Taurus,snaive,1.0
valves hoses,160.55,Virgo,persist,1.0
van life,55.8,Taurus,persist,1.0
vancouver,160.55,Virgo,persist,1.0
vans,30.4,Taurus,persist,1.0
variety shows,30.4,Taurus,persist,1.0
vatican city,89.29,Gemini,persist,1.0
vegan cuisine,304.69,Aquarius,persist,0.9167
vegetables,30.4,Taurus,persist,1.0
vegetarian cuisine,30.4,Taurus,persist,1.0
vehicle,30.4,Taurus,persist,1.0
vehicle codes,95.41,Cancer,snaive,1.0
vehicle dealers,160.55,Virgo,persist,1.0
vehicle financing,160.55,Virgo,persist,1.0
vehicle fueling,127.12,Leo,persist,0.9583
vehicle fuels,160.55,Virgo,persist,1.0
vehicle insurance,7.16,Aries,persist,1.0
vehicle licensing,82.61,Gemini,persist,0.9583
vehicle modification,54.1,Taurus,persist,1.0
vehicle parts,351.71,Pisces,persist,1.0
vehicle repair,30.4,Taurus,persist,1.0
vehicle shopping,160.55,Virgo,persist,0.0
vehicle shows,160.55,Virgo,persist,1.0
vehicle simulators,127.12,Leo,persist,1.0
vehicle specs,138.96,Leo,persist,0.1667
vehicle wheels,28.67,Aries,persist,0.9167
vehicles,30.4,Taurus,persist,1.0
veneto,30.4,Taurus,persist,0.75
venezuela,196.47,Libra,snaive,0.5833
venice,30.4,Taurus,persist,1.0
vents,130.26,Leo,persist,0.5
venture capital,30.4,Taurus,persist,1.0
veracruz,316.05,Aquarius,snaive,0.8333
vermont,160.55,Virgo,persist,0.75
veterans,304.28,Aquarius,persist,1.0
veterinarians,48.55,Taurus,persist,1.0
victoria (au),114.8,Cancer,persist,1.0
victoria (bc),197.26,Libra,persist,0.875
video,30.4,Taurus,persist,1.0
video cards,298.65,Capricorn,snaive,0.75
video chat,30.4,Taurus,persist,1.0
video equipment,30.4,Taurus,persist,1.0
video file formats,160.55,Virgo,persist,1.0
video game cheats,160.55,Virgo,persist,1.0
video game development,20.57,Aries,persist,1.0
video game emulation,160.55,Virgo,persist,1.0
video game mods,139.07,Leo,persist,0.5
video game playthroughs,229.83,Scorpio,persist,0.2083
video game retailers,160.55,Virgo,persist,1.0
video game streams,160.55,Virgo,persist,1.0
video games,160.55,Virgo,persist,1.0
video players,160.55,Virgo,persist,1.0
video rentals,160.55,Virgo,persist,1.0
video services,30.4,Taurus,persist,1.0
video sharing,30.4,Taurus,persist,1.0
video shopping,119.22,Cancer,persist,1.0
video software,30.4,Taurus,persist,1.0
videos,30.4,Taurus,persist,1.0
vienna,327.26,Aquarius,persist,1.0
viet nam,284.01,Capricorn,snaive,1.0
vietnamese cuisine,65.23,Gemini,persist,0.7917
vineyards,69.82,Gemini,persist,1.0
virgin islands,144.8,Leo,persist,1.0
virginia,160.55,Virgo,persist,0.9167
virginia beach-hampton roads,160.55,Virgo,persist,1.0
virtual assistants,97.72,Cancer,persist,1.0
virtual reality,316.05,Aquarius,persist,1.0
virtual reality devices,48.55,Taurus,persist,0.9583
virtual tours,105.92,Cancer,vote3,0.7917
virtual worlds,160.55,Virgo,persist,1.0
visa,30.4,Taurus,persist,1.0
vision care,326.31,Aquarius,persist,1.0
vision loss,30.4,Taurus,persist,1.0
visual art,30.4,Taurus,persist,1.0
visual arts,30.4,Taurus,persist,1.0
vitamins,30.4,Taurus,persist,1.0
vlogs,30.4,Taurus,persist,1.0
vocals,30.4,Taurus,persist,1.0
vocational,160.55,Virgo,persist,1.0
voice,30.4,Taurus,persist,1.0
volga district,160.55,Virgo,persist,1.0
volkswagen,313.2,Aquarius,direct,0.5417
volleyball,30.4,Taurus,persist,1.0
volleyball equipment,160.55,Virgo,persist,0.875
volvo,160.55,Virgo,persist,1.0
vorarlberg,160.55,Virgo,persist,1.0
vpn,30.4,Taurus,persist,1.0
wagons,30.4,Taurus,persist,1.0
wakayama,246.84,Sagittarius,snaive,0.9167
wales,160.55,Virgo,vote3,1.0
walking,52.24,Taurus,persist,1.0
wallonia,160.55,Virgo,persist,1.0
wallpapers,30.4,Taurus,persist,1.0
warehousing,30.4,Taurus,persist,1.0
wargaming,349.08,Pisces,persist,0.9583
warranties,31.62,Taurus,persist,0.9583
warsaw,160.55,Virgo,persist,1.0
washers,30.4,Taurus,persist,1.0
washington dc,199.59,Libra,persist,0.875
washington state,22.58,Aries,persist,1.0
waste management,335.25,Pisces,persist,1.0
watchdogs,160.55,Virgo,persist,1.0
watches,30.4,Taurus,persist,1.0
water,30.4,Taurus,persist,1.0
water activities,30.4,Taurus,persist,1.0
water filters,30.4,Taurus,persist,1.0
water sports,182.09,Libra,persist,1.0
water supply,30.4,Taurus,persist,1.0
watercraft,191.77,Libra,snaive,0.9167
wearable technology,160.55,Virgo,persist,0.9167
weather,30.4,Taurus,persist,1.0
weaves,296.27,Capricorn,persist,0.9583
web apps,30.4,Taurus,persist,1.0
web browsers,41.81,Taurus,snaive,0.875
web design,30.4,Taurus,persist,1.0
web hosting,30.4,Taurus,persist,1.0
web portals,106.16,Cancer,persist,0.0
web series,55.63,Taurus,persist,1.0
web services,24.96,Aries,persist,1.0
web stats,127.12,Leo,persist,1.0
weddings,296.07,Capricorn,persist,1.0
weight loss,30.4,Taurus,persist,1.0
weights,30.4,Taurus,persist,1.0
welfare,30.4,Taurus,persist,1.0
wellington,31.15,Taurus,vote3,0.7083
west asia,239.31,Scorpio,direct,0.7083
west bengal,132.98,Leo,persist,0.9167
west france,160.55,Virgo,persist,1.0
west india,266.23,Sagittarius,persist,0.9167
west midlands,209.45,Libra,vote3,0.75
west palm beach-boca raton,160.55,Virgo,persist,1.0
west virginia,352.89,Pisces,persist,0.7917
western africa,30.4,Taurus,persist,1.0
western australia,216.18,Scorpio,persist,1.0
western europe,5.59,Aries,persist,1.0
western films,30.4,Taurus,persist,1.0
western new guinea,160.55,Virgo,persist,1.0
wholesalers,30.4,Taurus,persist,1.0
wigs,30.4,Taurus,persist,1.0
wildlife,30.4,Taurus,persist,1.0
wind power,127.12,Leo,persist,1.0
window treatments,36.85,Taurus,vote3,0.5
windows,30.4,Taurus,persist,1.0
windows mobile os,330.27,Pisces,snaive,0.8333
windows os,30.4,Taurus,persist,1.0
wine tourism,148.46,Leo,direct,0.5833
winnipeg,160.55,Virgo,vote3,0.9167
winter sports,160.55,Virgo,persist,1.0
winter sports equipment,160.55,Virgo,persist,0.9583
wire services,111.62,Cancer,persist,0.625
wireless,30.4,Taurus,persist,1.0
wireless accessories,30.4,Taurus,persist,1.0
wisconsin,276.44,Capricorn,snaive,0.375
women's clothing,55.63,Taurus,persist,1.0
women's health,30.4,Taurus,persist,1.0
wood,30.4,Taurus,persist,1.0
word games,30.4,Taurus,persist,1.0
word processing software,18.97,Aries,snaive,0.9167
work,160.55,Virgo,persist,1.0
workwear,160.55,Virgo,persist,1.0
world localities,160.55,Virgo,persist,1.0
world music,160.55,Virgo,persist,1.0
world news,30.4,Taurus,persist,1.0
world wrestling entertainment (wwe),160.55,Virgo,persist,1.0
wrestling,160.55,Virgo,persist,1.0
writers resources,160.55,Virgo,persist,1.0
writing,30.4,Taurus,persist,1.0
wroclaw,160.55,Virgo,persist,0.9583
wuhan,69.1,Gemini,persist,1.0
wyoming,160.55,Virgo,persist,1.0
xbox,30.4,Taurus,persist,0.4583
xi'an,160.55,Virgo,persist,1.0
xinjiang,160.55,Virgo,persist,1.0
yamagata,160.55,Virgo,persist,1.0
yamaguchi,160.55,Virgo,persist,1.0
yamanashi,160.55,Virgo,persist,1.0
yard maintenance,116.74,Cancer,snaive,0.75
yemen,309.79,Aquarius,persist,0.7083
yoga,30.4,Taurus,persist,1.0
yokohama,237.2,Scorpio,persist,0.0417
yorkshire,241.55,Sagittarius,persist,1.0
young adult books,50.99,Taurus,persist,1.0
youth camps,160.55,Virgo,persist,1.0
youth organizations,160.55,Virgo,persist,1.0
yucatan,160.55,Virgo,persist,1.0
yucatan peninsula,204.71,Libra,persist,0.8333
yunnan,160.55,Virgo,persist,0.9583
zambia,282.93,Capricorn,persist,1.0
zeeland,107.07,Cancer,persist,1.0
zhejiang,160.55,Virgo,persist,1.0
zimbabwe,231.63,Scorpio,persist,0.8333
zoos,30.4,Taurus,persist,0.9583
zurich,160.55,Virgo,persist,1.0
