model,phase
"gauss (Δ-fit, shared p)",224.7
"gauss (Δ-fit, shared p)",194.39
"gauss (Δ-fit, shared p)",104.49
"gauss (Δ-fit, shared p)",74.41
"gauss (Δ-fit, shared p)",46.34
"gauss (Δ-fit, shared p)",255.3
"gauss (Δ-fit, shared p)",125.02
"gauss (Δ-fit, shared p)",208.87
"gauss (Δ-fit, shared p)",345.1
"gauss (Δ-fit, shared p)",45.45
"gauss (Δ-fit, shared p)",91.31
"gauss (Δ-fit, shared p)",351.27
"gauss (Δ-fit, shared p)",359.5
"gauss (Δ-fit, shared p)",100.67
"gauss (Δ-fit, shared p)",284.23
"gauss (Δ-fit, shared p)",150.78
"gauss (Δ-fit, shared p)",203.25
"gauss (Δ-fit, shared p)",224.1
"gauss (Δ-fit, shared p)",75.38
"gauss (Δ-fit, shared p)",313.33
"gauss (Δ-fit, shared p)",262.51
"gauss (Δ-fit, shared p)",314.64
"gauss (Δ-fit, shared p)",254.79
"gauss (Δ-fit, shared p)",255.16
"gauss (Δ-fit, shared p)",146.46
"gauss (Δ-fit, shared p)",332.57
"gauss (Δ-fit, shared p)",317.88
"gauss (Δ-fit, shared p)",167.73
"gauss (Δ-fit, shared p)",154.18
"gauss (Δ-fit, shared p)",314.18
"gauss (Δ-fit, shared p)",50.71
"gauss (Δ-fit, shared p)",59.01
"gauss (Δ-fit, shared p)",286.43
"gauss (Δ-fit, shared p)",58.19
"gauss (Δ-fit, shared p)",123.07
"gauss (Δ-fit, shared p)",14.48
"gauss (Δ-fit, shared p)",163.75
"gauss (Δ-fit, shared p)",287.87
"gauss (Δ-fit, shared p)",315.23
"gauss (Δ-fit, shared p)",194.45
"gauss (Δ-fit, shared p)",77.8
"gauss (Δ-fit, shared p)",45.34
"gauss (Δ-fit, shared p)",90.83
"gauss (Δ-fit, shared p)",254.22
"gauss (Δ-fit, shared p)",159.24
"gauss (Δ-fit, shared p)",77.01
"gauss (Δ-fit, shared p)",15.25
"gauss (Δ-fit, shared p)",94.36
"gauss (Δ-fit, shared p)",345.52
"gauss (Δ-fit, shared p)",44.77
"gauss (Δ-fit, shared p)",90.96
"gauss (Δ-fit, shared p)",45.29
"gauss (Δ-fit, shared p)",286.34
"gauss (Δ-fit, shared p)",331.88
"gauss (Δ-fit, shared p)",296.23
"gauss (Δ-fit, shared p)",148.82
"gauss (Δ-fit, shared p)",336.92
"gauss (Δ-fit, shared p)",45.23
"gauss (Δ-fit, shared p)",164.32
"gauss (Δ-fit, shared p)",74.42
"gauss (Δ-fit, shared p)",233.21
"gauss (Δ-fit, shared p)",284.07
"gauss (Δ-fit, shared p)",268.4
"gauss (Δ-fit, shared p)",15.52
"gauss (Δ-fit, shared p)",44.56
"gauss (Δ-fit, shared p)",328.04
"gauss (Δ-fit, shared p)",322.7
"gauss (Δ-fit, shared p)",333.49
"gauss (Δ-fit, shared p)",54.79
"gauss (Δ-fit, shared p)",100.93
"gauss (Δ-fit, shared p)",313.48
"gauss (Δ-fit, shared p)",52.77
"gauss (Δ-fit, shared p)",156.6
"gauss (Δ-fit, shared p)",324.4
"gauss (Δ-fit, shared p)",145.39
"gauss (Δ-fit, shared p)",133.08
"gauss (Δ-fit, shared p)",120.98
"gauss (Δ-fit, shared p)",195.08
"gauss (Δ-fit, shared p)",255.58
"gauss (Δ-fit, shared p)",164.91
"gauss (Δ-fit, shared p)",34.13
"gauss (Δ-fit, shared p)",182.79
"gauss (Δ-fit, shared p)",220.78
"gauss (Δ-fit, shared p)",285.28
"gauss (Δ-fit, shared p)",326.32
"gauss (Δ-fit, shared p)",164.44
"gauss (Δ-fit, shared p)",164.84
"gauss (Δ-fit, shared p)",194.28
"gauss (Δ-fit, shared p)",315.16
"gauss (Δ-fit, shared p)",344.63
"gauss (Δ-fit, shared p)",149.18
"gauss (Δ-fit, shared p)",290.81
"gauss (Δ-fit, shared p)",313.87
"gauss (Δ-fit, shared p)",49.68
"gauss (Δ-fit, shared p)",240.58
"gauss (Δ-fit, shared p)",345.58
"gauss (Δ-fit, shared p)",73.97
"gauss (Δ-fit, shared p)",224.63
"gauss (Δ-fit, shared p)",318.51
"gauss (Δ-fit, shared p)",135.97
"gauss (Δ-fit, shared p)",134.89
"gauss (Δ-fit, shared p)",31.53
"gauss (Δ-fit, shared p)",190.43
"gauss (Δ-fit, shared p)",135.31
"gauss (Δ-fit, shared p)",124.2
"gauss (Δ-fit, shared p)",224.77
"gauss (Δ-fit, shared p)",161.69
"gauss (Δ-fit, shared p)",285.58
"gauss (Δ-fit, shared p)",37.64
"gauss (Δ-fit, shared p)",14.91
"gauss (Δ-fit, shared p)",311.59
"gauss (Δ-fit, shared p)",45.08
"gauss (Δ-fit, shared p)",256.45
"gauss (Δ-fit, shared p)",292.88
"gauss (Δ-fit, shared p)",344.91
"gauss (Δ-fit, shared p)",241.32
"gauss (Δ-fit, shared p)",193.93
"gauss (Δ-fit, shared p)",104.56
"gauss (Δ-fit, shared p)",74.48
"gauss (Δ-fit, shared p)",131.5
"gauss (Δ-fit, shared p)",314.73
"gauss (Δ-fit, shared p)",74.56
"gauss (Δ-fit, shared p)",168.44
"gauss (Δ-fit, shared p)",284.74
"gauss (Δ-fit, shared p)",301.74
"gauss (Δ-fit, shared p)",223.98
"gauss (Δ-fit, shared p)",344.53
"gauss (Δ-fit, shared p)",255.26
"gauss (Δ-fit, shared p)",105.42
"gauss (Δ-fit, shared p)",45.43
"gauss (Δ-fit, shared p)",165.97
"gauss (Δ-fit, shared p)",284.52
"gauss (Δ-fit, shared p)",315.17
"gauss (Δ-fit, shared p)",164.42
"gauss (Δ-fit, shared p)",95.88
"gauss (Δ-fit, shared p)",266.12
"gauss (Δ-fit, shared p)",75.57
"gauss (Δ-fit, shared p)",97.82
"gauss (Δ-fit, shared p)",15.24
"gauss (Δ-fit, shared p)",345.26
"gauss (Δ-fit, shared p)",300.28
"gauss (Δ-fit, shared p)",297.61
"gauss (Δ-fit, shared p)",345.4
"gauss (Δ-fit, shared p)",93.8
"gauss (Δ-fit, shared p)",224.81
"gauss (Δ-fit, shared p)",224.43
"gauss (Δ-fit, shared p)",266.49
"gauss (Δ-fit, shared p)",121.61
"gauss (Δ-fit, shared p)",104.7
"gauss (Δ-fit, shared p)",74.84
"gauss (Δ-fit, shared p)",284.77
"gauss (Δ-fit, shared p)",14.56
"gauss (Δ-fit, shared p)",285.42
"gauss (Δ-fit, shared p)",146.74
"gauss (Δ-fit, shared p)",104.68
"gauss (Δ-fit, shared p)",345.2
"gauss (Δ-fit, shared p)",192.57
"gauss (Δ-fit, shared p)",74.87
"gauss (Δ-fit, shared p)",314.19
"gauss (Δ-fit, shared p)",346.29
"gauss (Δ-fit, shared p)",104.63
"gauss (Δ-fit, shared p)",121.65
"gauss (Δ-fit, shared p)",325.59
"gauss (Δ-fit, shared p)",288.58
"gauss (Δ-fit, shared p)",326.53
"gauss (Δ-fit, shared p)",255.84
"gauss (Δ-fit, shared p)",322.99
"gauss (Δ-fit, shared p)",44.86
"gauss (Δ-fit, shared p)",194.93
"gauss (Δ-fit, shared p)",152.53
"gauss (Δ-fit, shared p)",293.9
"gauss (Δ-fit, shared p)",284.53
"gauss (Δ-fit, shared p)",37.38
"gauss (Δ-fit, shared p)",79.91
"gauss (Δ-fit, shared p)",121.85
"gauss (Δ-fit, shared p)",14.67
"gauss (Δ-fit, shared p)",285.55
"gauss (Δ-fit, shared p)",298.21
"gauss (Δ-fit, shared p)",315.32
"gauss (Δ-fit, shared p)",315.35
"gauss (Δ-fit, shared p)",315.08
"gauss (Δ-fit, shared p)",195.57
"gauss (Δ-fit, shared p)",164.83
"gauss (Δ-fit, shared p)",74.41
"gauss (Δ-fit, shared p)",76.17
"gauss (Δ-fit, shared p)",75.8
"gauss (Δ-fit, shared p)",182.48
"gauss (Δ-fit, shared p)",285.35
"gauss (Δ-fit, shared p)",298.43
"gauss (Δ-fit, shared p)",164.54
"gauss (Δ-fit, shared p)",327.32
"gauss (Δ-fit, shared p)",293.19
"gauss (Δ-fit, shared p)",150.46
"gauss (Δ-fit, shared p)",182.25
"gauss (Δ-fit, shared p)",254.08
"gauss (Δ-fit, shared p)",294.74
"gauss (Δ-fit, shared p)",158.5
"gauss (Δ-fit, shared p)",329.87
"gauss (Δ-fit, shared p)",344.33
"gauss (Δ-fit, shared p)",194.88
"gauss (Δ-fit, shared p)",75.55
"gauss (Δ-fit, shared p)",344.46
"gauss (Δ-fit, shared p)",79.72
"gauss (Δ-fit, shared p)",330.73
"gauss (Δ-fit, shared p)",111.28
"gauss (Δ-fit, shared p)",285.26
"gauss (Δ-fit, shared p)",224.88
"gauss (Δ-fit, shared p)",318.23
"gauss (Δ-fit, shared p)",212.48
"gauss (Δ-fit, shared p)",15.32
"gauss (Δ-fit, shared p)",329.25
"gauss (Δ-fit, shared p)",224.58
"gauss (Δ-fit, shared p)",134.6
"gauss (Δ-fit, shared p)",123.98
"gauss (Δ-fit, shared p)",134.96
"gauss (Δ-fit, shared p)",358.07
"gauss (Δ-fit, shared p)",312.76
"gauss (Δ-fit, shared p)",225.46
"gauss (Δ-fit, shared p)",158.52
"gauss (Δ-fit, shared p)",164.89
"gauss (Δ-fit, shared p)",315.76
"gauss (Δ-fit, shared p)",105.13
"gauss (Δ-fit, shared p)",105.22
"gauss (Δ-fit, shared p)",74.67
"gauss (Δ-fit, shared p)",152.77
"gauss (Δ-fit, shared p)",296.4
"gauss (Δ-fit, shared p)",46.18
"gauss (Δ-fit, shared p)",194.61
"gauss (Δ-fit, shared p)",346.19
"gauss (Δ-fit, shared p)",165.66
"gauss (Δ-fit, shared p)",133.69
"gauss (Δ-fit, shared p)",155.4
"gauss (Δ-fit, shared p)",135.39
"gauss (Δ-fit, shared p)",125.08
"gauss (Δ-fit, shared p)",50.67
"gauss (Δ-fit, shared p)",291.77
"gauss (Δ-fit, shared p)",20.16
"gauss (Δ-fit, shared p)",284.41
"gauss (Δ-fit, shared p)",354.72
"gauss (Δ-fit, shared p)",46.03
"gauss (Δ-fit, shared p)",194.97
"gauss (Δ-fit, shared p)",14.42
"gauss (Δ-fit, shared p)",45.52
"gauss (Δ-fit, shared p)",357.87
"gauss (Δ-fit, shared p)",255.5
"gauss (Δ-fit, shared p)",45.21
"gauss (Δ-fit, shared p)",52.63
"gauss (Δ-fit, shared p)",148.52
"gauss (Δ-fit, shared p)",210.5
"gauss (Δ-fit, shared p)",4.27
"gauss (Δ-fit, shared p)",74.62
"gauss (Δ-fit, shared p)",297.16
"gauss (Δ-fit, shared p)",239.62
"gauss (Δ-fit, shared p)",314.94
"gauss (Δ-fit, shared p)",10.8
"gauss (Δ-fit, shared p)",277.4
"gauss (Δ-fit, shared p)",134.85
"gauss (Δ-fit, shared p)",344.86
"gauss (Δ-fit, shared p)",344.12
"gauss (Δ-fit, shared p)",216.15
"gauss (Δ-fit, shared p)",29.17
"gauss (Δ-fit, shared p)",194.84
"gauss (Δ-fit, shared p)",15.24
"gauss (Δ-fit, shared p)",140.49
"gauss (Δ-fit, shared p)",254.67
"gauss (Δ-fit, shared p)",280.35
"gauss (Δ-fit, shared p)",37.62
"gauss (Δ-fit, shared p)",45.27
"gauss (Δ-fit, shared p)",208.14
"gauss (Δ-fit, shared p)",316.09
"gauss (Δ-fit, shared p)",30.22
"gauss (Δ-fit, shared p)",0.51
"gauss (Δ-fit, shared p)",344.49
"gauss (Δ-fit, shared p)",286.2
"gauss (Δ-fit, shared p)",153.62
"gauss (Δ-fit, shared p)",239.64
"gauss (Δ-fit, shared p)",71.75
"gauss (Δ-fit, shared p)",170.83
"gauss (Δ-fit, shared p)",38.9
"gauss (Δ-fit, shared p)",45.49
"gauss (Δ-fit, shared p)",148.34
"gauss (Δ-fit, shared p)",57.69
"gauss (Δ-fit, shared p)",166.08
"gauss (Δ-fit, shared p)",284.76
"gauss (Δ-fit, shared p)",268.62
"gauss (Δ-fit, shared p)",133.38
"gauss (Δ-fit, shared p)",267.19
"gauss (Δ-fit, shared p)",270.43
"gauss (Δ-fit, shared p)",215.58
"gauss (Δ-fit, shared p)",104.42
"gauss (Δ-fit, shared p)",110.47
"gauss (Δ-fit, shared p)",47.49
"gauss (Δ-fit, shared p)",168.07
"gauss (Δ-fit, shared p)",194.27
"gauss (Δ-fit, shared p)",345.5
"gauss (Δ-fit, shared p)",45.17
"gauss (Δ-fit, shared p)",196.14
"gauss (Δ-fit, shared p)",325.89
"gauss (Δ-fit, shared p)",345.82
"gauss (Δ-fit, shared p)",224.94
"gauss (Δ-fit, shared p)",296.65
"gauss (Δ-fit, shared p)",30.18
"gauss (Δ-fit, shared p)",45.11
"gauss (Δ-fit, shared p)",45.18
"gauss (Δ-fit, shared p)",315.27
"gauss (Δ-fit, shared p)",134.57
"gauss (Δ-fit, shared p)",105.22
"gauss (Δ-fit, shared p)",40.88
"gauss (Δ-fit, shared p)",194.47
"gauss (Δ-fit, shared p)",259.96
"gauss (Δ-fit, shared p)",344.2
"gauss (Δ-fit, shared p)",93.67
"gauss (Δ-fit, shared p)",164.59
"gauss (Δ-fit, shared p)",45.21
"gauss (Δ-fit, shared p)",310.38
"gauss (Δ-fit, shared p)",74.66
"gauss (Δ-fit, shared p)",278.84
"gauss (Δ-fit, shared p)",314.11
"gauss (Δ-fit, shared p)",254.06
"gauss (Δ-fit, shared p)",45.45
"gauss (Δ-fit, shared p)",285.22
"gauss (Δ-fit, shared p)",15.78
"gauss (Δ-fit, shared p)",209.85
"gauss (Δ-fit, shared p)",349.89
"gauss (Δ-fit, shared p)",75.54
"gauss (Δ-fit, shared p)",194.48
"gauss (Δ-fit, shared p)",266.85
"gauss (Δ-fit, shared p)",44.83
"gauss (Δ-fit, shared p)",314.91
"gauss (Δ-fit, shared p)",157.27
"gauss (Δ-fit, shared p)",266.57
"gauss (Δ-fit, shared p)",285.3
"gauss (Δ-fit, shared p)",285.4
"gauss (Δ-fit, shared p)",280.81
"gauss (Δ-fit, shared p)",284.14
"gauss (Δ-fit, shared p)",188.78
"gauss (Δ-fit, shared p)",113.26
"gauss (Δ-fit, shared p)",280.17
"gauss (Δ-fit, shared p)",165.0
"gauss (Δ-fit, shared p)",165.19
"gauss (Δ-fit, shared p)",254.88
"gauss (Δ-fit, shared p)",155.61
"gauss (Δ-fit, shared p)",114.72
"gauss (Δ-fit, shared p)",255.44
"gauss (Δ-fit, shared p)",165.18
"gauss (Δ-fit, shared p)",135.39
"gauss (Δ-fit, shared p)",135.36
"gauss (Δ-fit, shared p)",36.43
"gauss (Δ-fit, shared p)",219.8
"gauss (Δ-fit, shared p)",219.46
"gauss (Δ-fit, shared p)",127.06
"gauss (Δ-fit, shared p)",45.07
"gauss (Δ-fit, shared p)",195.28
"gauss (Δ-fit, shared p)",163.85
"gauss (Δ-fit, shared p)",188.96
"gauss (Δ-fit, shared p)",183.17
"gauss (Δ-fit, shared p)",61.97
"gauss (Δ-fit, shared p)",276.87
"gauss (Δ-fit, shared p)",185.65
"gauss (Δ-fit, shared p)",165.32
"gauss (Δ-fit, shared p)",45.58
"gauss (Δ-fit, shared p)",344.6
"gauss (Δ-fit, shared p)",46.37
"gauss (Δ-fit, shared p)",315.2
"gauss (Δ-fit, shared p)",237.39
"gauss (Δ-fit, shared p)",225.49
"gauss (Δ-fit, shared p)",15.52
"gauss (Δ-fit, shared p)",284.81
"gauss (Δ-fit, shared p)",306.34
"gauss (Δ-fit, shared p)",325.79
"gauss (Δ-fit, shared p)",134.4
"gauss (Δ-fit, shared p)",59.79
"gauss (Δ-fit, shared p)",165.21
"gauss (Δ-fit, shared p)",261.28
"gauss (Δ-fit, shared p)",327.6
"gauss (Δ-fit, shared p)",255.59
"gauss (Δ-fit, shared p)",15.02
"gauss (Δ-fit, shared p)",151.51
"gauss (Δ-fit, shared p)",225.92
"gauss (Δ-fit, shared p)",206.37
"gauss (Δ-fit, shared p)",13.97
"gauss (Δ-fit, shared p)",74.83
"gauss (Δ-fit, shared p)",346.07
"gauss (Δ-fit, shared p)",224.23
"gauss (Δ-fit, shared p)",195.9
"gauss (Δ-fit, shared p)",221.54
"gauss (Δ-fit, shared p)",225.74
"gauss (Δ-fit, shared p)",90.59
"gauss (Δ-fit, shared p)",284.96
"gauss (Δ-fit, shared p)",285.31
"gauss (Δ-fit, shared p)",166.25
"gauss (Δ-fit, shared p)",284.42
"gauss (Δ-fit, shared p)",14.13
"gauss (Δ-fit, shared p)",345.37
"gauss (Δ-fit, shared p)",287.88
"gauss (Δ-fit, shared p)",339.21
"gauss (Δ-fit, shared p)",124.07
"gauss (Δ-fit, shared p)",146.76
"gauss (Δ-fit, shared p)",284.95
"gauss (Δ-fit, shared p)",312.12
"cos (Δ-fit, shared p)",135.07
"cos (Δ-fit, shared p)",164.2
"cos (Δ-fit, shared p)",345.16
"cos (Δ-fit, shared p)",75.46
"cos (Δ-fit, shared p)",67.1
"cos (Δ-fit, shared p)",74.74
"cos (Δ-fit, shared p)",165.61
"cos (Δ-fit, shared p)",104.88
"cos (Δ-fit, shared p)",348.67
"cos (Δ-fit, shared p)",315.42
"cos (Δ-fit, shared p)",105.88
"cos (Δ-fit, shared p)",52.28
"cos (Δ-fit, shared p)",345.55
"cos (Δ-fit, shared p)",83.81
"cos (Δ-fit, shared p)",74.8
"cos (Δ-fit, shared p)",63.66
"cos (Δ-fit, shared p)",14.51
"cos (Δ-fit, shared p)",99.91
"cos (Δ-fit, shared p)",148.06
"cos (Δ-fit, shared p)",359.94
"cos (Δ-fit, shared p)",224.97
"cos (Δ-fit, shared p)",303.44
"cos (Δ-fit, shared p)",195.0
"cos (Δ-fit, shared p)",297.65
"cos (Δ-fit, shared p)",74.71
"cos (Δ-fit, shared p)",312.31
"cos (Δ-fit, shared p)",344.5
"cos (Δ-fit, shared p)",165.54
"cos (Δ-fit, shared p)",194.95
"cos (Δ-fit, shared p)",14.88
"cos (Δ-fit, shared p)",74.74
"cos (Δ-fit, shared p)",74.82
"cos (Δ-fit, shared p)",165.52
"cos (Δ-fit, shared p)",34.11
"cos (Δ-fit, shared p)",246.76
"cos (Δ-fit, shared p)",68.1
"cos (Δ-fit, shared p)",224.85
"cos (Δ-fit, shared p)",311.78
"cos (Δ-fit, shared p)",345.34
"cos (Δ-fit, shared p)",201.41
"cos (Δ-fit, shared p)",67.2
"cos (Δ-fit, shared p)",31.87
"cos (Δ-fit, shared p)",155.21
"cos (Δ-fit, shared p)",265.97
"cos (Δ-fit, shared p)",105.32
"cos (Δ-fit, shared p)",164.61
"cos (Δ-fit, shared p)",345.25
"cos (Δ-fit, shared p)",105.49
"cos (Δ-fit, shared p)",315.59
"cos (Δ-fit, shared p)",333.76
"cos (Δ-fit, shared p)",75.36
"cos (Δ-fit, shared p)",344.29
"cos (Δ-fit, shared p)",70.11
"cos (Δ-fit, shared p)",335.9
"cos (Δ-fit, shared p)",311.04
"cos (Δ-fit, shared p)",125.73
"cos (Δ-fit, shared p)",1.79
"cos (Δ-fit, shared p)",135.55
"cos (Δ-fit, shared p)",226.0
"cos (Δ-fit, shared p)",338.38
"cos (Δ-fit, shared p)",194.84
"cos (Δ-fit, shared p)",314.7
"cos (Δ-fit, shared p)",195.83
"cos (Δ-fit, shared p)",345.19
"cos (Δ-fit, shared p)",16.45
"cos (Δ-fit, shared p)",293.46
"cos (Δ-fit, shared p)",349.53
"cos (Δ-fit, shared p)",354.43
"cos (Δ-fit, shared p)",284.78
"cos (Δ-fit, shared p)",146.52
"cos (Δ-fit, shared p)",314.13
"cos (Δ-fit, shared p)",106.94
"cos (Δ-fit, shared p)",160.91
"cos (Δ-fit, shared p)",315.52
"cos (Δ-fit, shared p)",158.78
"cos (Δ-fit, shared p)",104.73
"cos (Δ-fit, shared p)",275.55
"cos (Δ-fit, shared p)",225.05
"cos (Δ-fit, shared p)",343.84
"cos (Δ-fit, shared p)",323.67
"cos (Δ-fit, shared p)",62.76
"cos (Δ-fit, shared p)",165.53
"cos (Δ-fit, shared p)",225.97
"cos (Δ-fit, shared p)",312.97
"cos (Δ-fit, shared p)",344.5
"cos (Δ-fit, shared p)",134.51
"cos (Δ-fit, shared p)",235.96
"cos (Δ-fit, shared p)",105.83
"cos (Δ-fit, shared p)",345.42
"cos (Δ-fit, shared p)",14.89
"cos (Δ-fit, shared p)",104.82
"cos (Δ-fit, shared p)",44.92
"cos (Δ-fit, shared p)",57.39
"cos (Δ-fit, shared p)",274.54
"cos (Δ-fit, shared p)",76.71
"cos (Δ-fit, shared p)",315.58
"cos (Δ-fit, shared p)",134.92
"cos (Δ-fit, shared p)",254.83
"cos (Δ-fit, shared p)",339.22
"cos (Δ-fit, shared p)",135.52
"cos (Δ-fit, shared p)",171.56
"cos (Δ-fit, shared p)",14.71
"cos (Δ-fit, shared p)",195.89
"cos (Δ-fit, shared p)",91.04
"cos (Δ-fit, shared p)",135.14
"cos (Δ-fit, shared p)",195.13
"cos (Δ-fit, shared p)",14.07
"cos (Δ-fit, shared p)",267.36
"cos (Δ-fit, shared p)",53.46
"cos (Δ-fit, shared p)",284.65
"cos (Δ-fit, shared p)",301.71
"cos (Δ-fit, shared p)",74.97
"cos (Δ-fit, shared p)",247.44
"cos (Δ-fit, shared p)",284.86
"cos (Δ-fit, shared p)",345.12
"cos (Δ-fit, shared p)",3.5
"cos (Δ-fit, shared p)",222.8
"cos (Δ-fit, shared p)",74.45
"cos (Δ-fit, shared p)",318.7
"cos (Δ-fit, shared p)",160.55
"cos (Δ-fit, shared p)",72.65
"cos (Δ-fit, shared p)",287.19
"cos (Δ-fit, shared p)",96.27
"cos (Δ-fit, shared p)",194.69
"cos (Δ-fit, shared p)",284.95
"cos (Δ-fit, shared p)",44.98
"cos (Δ-fit, shared p)",335.04
"cos (Δ-fit, shared p)",273.1
"cos (Δ-fit, shared p)",75.17
"cos (Δ-fit, shared p)",344.76
"cos (Δ-fit, shared p)",195.32
"cos (Δ-fit, shared p)",218.7
"cos (Δ-fit, shared p)",310.8
"cos (Δ-fit, shared p)",169.65
"cos (Δ-fit, shared p)",163.16
"cos (Δ-fit, shared p)",349.08
"cos (Δ-fit, shared p)",47.45
"cos (Δ-fit, shared p)",153.98
"cos (Δ-fit, shared p)",45.32
"cos (Δ-fit, shared p)",15.94
"cos (Δ-fit, shared p)",318.66
"cos (Δ-fit, shared p)",340.01
"cos (Δ-fit, shared p)",164.37
"cos (Δ-fit, shared p)",132.69
"cos (Δ-fit, shared p)",224.3
"cos (Δ-fit, shared p)",224.12
"cos (Δ-fit, shared p)",195.02
"cos (Δ-fit, shared p)",15.19
"cos (Δ-fit, shared p)",195.31
"cos (Δ-fit, shared p)",95.72
"cos (Δ-fit, shared p)",224.89
"cos (Δ-fit, shared p)",284.87
"cos (Δ-fit, shared p)",248.07
"cos (Δ-fit, shared p)",165.33
"cos (Δ-fit, shared p)",105.15
"cos (Δ-fit, shared p)",315.91
"cos (Δ-fit, shared p)",290.47
"cos (Δ-fit, shared p)",45.0
"cos (Δ-fit, shared p)",75.06
"cos (Δ-fit, shared p)",357.28
"cos (Δ-fit, shared p)",104.28
"cos (Δ-fit, shared p)",327.22
"cos (Δ-fit, shared p)",254.97
"cos (Δ-fit, shared p)",136.08
"cos (Δ-fit, shared p)",348.32
"cos (Δ-fit, shared p)",254.57
"cos (Δ-fit, shared p)",5.72
"cos (Δ-fit, shared p)",44.86
"cos (Δ-fit, shared p)",44.71
"cos (Δ-fit, shared p)",133.36
"cos (Δ-fit, shared p)",283.38
"cos (Δ-fit, shared p)",302.61
"cos (Δ-fit, shared p)",74.93
"cos (Δ-fit, shared p)",88.69
"cos (Δ-fit, shared p)",89.87
"cos (Δ-fit, shared p)",12.1
"cos (Δ-fit, shared p)",263.49
"cos (Δ-fit, shared p)",315.5
"cos (Δ-fit, shared p)",254.77
"cos (Δ-fit, shared p)",345.21
"cos (Δ-fit, shared p)",134.82
"cos (Δ-fit, shared p)",166.16
"cos (Δ-fit, shared p)",285.19
"cos (Δ-fit, shared p)",15.16
"cos (Δ-fit, shared p)",68.77
"cos (Δ-fit, shared p)",176.0
"cos (Δ-fit, shared p)",255.27
"cos (Δ-fit, shared p)",243.52
"cos (Δ-fit, shared p)",344.66
"cos (Δ-fit, shared p)",164.22
"cos (Δ-fit, shared p)",314.82
"cos (Δ-fit, shared p)",306.92
"cos (Δ-fit, shared p)",166.06
"cos (Δ-fit, shared p)",135.57
"cos (Δ-fit, shared p)",271.38
"cos (Δ-fit, shared p)",224.92
"cos (Δ-fit, shared p)",88.45
"cos (Δ-fit, shared p)",344.05
"cos (Δ-fit, shared p)",357.9
"cos (Δ-fit, shared p)",165.27
"cos (Δ-fit, shared p)",243.62
"cos (Δ-fit, shared p)",165.16
"cos (Δ-fit, shared p)",74.17
"cos (Δ-fit, shared p)",279.59
"cos (Δ-fit, shared p)",15.01
"cos (Δ-fit, shared p)",147.13
"cos (Δ-fit, shared p)",135.15
"cos (Δ-fit, shared p)",312.21
"cos (Δ-fit, shared p)",229.56
"cos (Δ-fit, shared p)",79.41
"cos (Δ-fit, shared p)",314.52
"cos (Δ-fit, shared p)",194.71
"cos (Δ-fit, shared p)",134.89
"cos (Δ-fit, shared p)",111.75
"cos (Δ-fit, shared p)",134.88
"cos (Δ-fit, shared p)",315.61
"cos (Δ-fit, shared p)",328.26
"cos (Δ-fit, shared p)",194.85
"cos (Δ-fit, shared p)",166.16
"cos (Δ-fit, shared p)",152.43
"cos (Δ-fit, shared p)",284.89
"cos (Δ-fit, shared p)",183.26
"cos (Δ-fit, shared p)",83.22
"cos (Δ-fit, shared p)",314.88
"cos (Δ-fit, shared p)",134.29
"cos (Δ-fit, shared p)",341.84
"cos (Δ-fit, shared p)",165.19
"cos (Δ-fit, shared p)",233.69
"cos (Δ-fit, shared p)",304.19
"cos (Δ-fit, shared p)",17.78
"cos (Δ-fit, shared p)",165.11
"cos (Δ-fit, shared p)",134.2
"cos (Δ-fit, shared p)",165.18
"cos (Δ-fit, shared p)",104.86
"cos (Δ-fit, shared p)",195.09
"cos (Δ-fit, shared p)",165.22
"cos (Δ-fit, shared p)",72.48
"cos (Δ-fit, shared p)",284.84
"cos (Δ-fit, shared p)",15.19
"cos (Δ-fit, shared p)",44.64
"cos (Δ-fit, shared p)",225.16
"cos (Δ-fit, shared p)",346.02
"cos (Δ-fit, shared p)",44.81
"cos (Δ-fit, shared p)",15.1
"cos (Δ-fit, shared p)",195.3
"cos (Δ-fit, shared p)",290.13
"cos (Δ-fit, shared p)",356.12
"cos (Δ-fit, shared p)",159.4
"cos (Δ-fit, shared p)",302.17
"cos (Δ-fit, shared p)",345.31
"cos (Δ-fit, shared p)",73.23
"cos (Δ-fit, shared p)",225.93
"cos (Δ-fit, shared p)",254.55
"cos (Δ-fit, shared p)",359.01
"cos (Δ-fit, shared p)",0.06
"cos (Δ-fit, shared p)",285.26
"cos (Δ-fit, shared p)",135.37
"cos (Δ-fit, shared p)",177.54
"cos (Δ-fit, shared p)",225.46
"cos (Δ-fit, shared p)",187.96
"cos (Δ-fit, shared p)",355.21
"cos (Δ-fit, shared p)",225.0
"cos (Δ-fit, shared p)",15.2
"cos (Δ-fit, shared p)",135.32
"cos (Δ-fit, shared p)",164.13
"cos (Δ-fit, shared p)",284.24
"cos (Δ-fit, shared p)",104.77
"cos (Δ-fit, shared p)",279.94
"cos (Δ-fit, shared p)",193.99
"cos (Δ-fit, shared p)",316.11
"cos (Δ-fit, shared p)",14.64
"cos (Δ-fit, shared p)",345.6
"cos (Δ-fit, shared p)",74.84
"cos (Δ-fit, shared p)",315.05
"cos (Δ-fit, shared p)",224.77
"cos (Δ-fit, shared p)",195.2
"cos (Δ-fit, shared p)",15.23
"cos (Δ-fit, shared p)",135.2
"cos (Δ-fit, shared p)",61.62
"cos (Δ-fit, shared p)",112.39
"cos (Δ-fit, shared p)",345.19
"cos (Δ-fit, shared p)",89.82
"cos (Δ-fit, shared p)",114.08
"cos (Δ-fit, shared p)",164.96
"cos (Δ-fit, shared p)",1.47
"cos (Δ-fit, shared p)",104.83
"cos (Δ-fit, shared p)",353.99
"cos (Δ-fit, shared p)",254.48
"cos (Δ-fit, shared p)",175.2
"cos (Δ-fit, shared p)",75.51
"cos (Δ-fit, shared p)",117.72
"cos (Δ-fit, shared p)",75.24
"cos (Δ-fit, shared p)",44.76
"cos (Δ-fit, shared p)",254.74
"cos (Δ-fit, shared p)",104.94
"cos (Δ-fit, shared p)",70.53
"cos (Δ-fit, shared p)",195.6
"cos (Δ-fit, shared p)",314.26
"cos (Δ-fit, shared p)",15.17
"cos (Δ-fit, shared p)",44.92
"cos (Δ-fit, shared p)",74.89
"cos (Δ-fit, shared p)",344.39
"cos (Δ-fit, shared p)",195.4
"cos (Δ-fit, shared p)",75.03
"cos (Δ-fit, shared p)",151.46
"cos (Δ-fit, shared p)",314.89
"cos (Δ-fit, shared p)",15.19
"cos (Δ-fit, shared p)",61.77
"cos (Δ-fit, shared p)",162.23
"cos (Δ-fit, shared p)",255.13
"cos (Δ-fit, shared p)",288.0
"cos (Δ-fit, shared p)",85.18
"cos (Δ-fit, shared p)",171.37
"cos (Δ-fit, shared p)",15.09
"cos (Δ-fit, shared p)",346.18
"cos (Δ-fit, shared p)",77.79
"cos (Δ-fit, shared p)",179.71
"cos (Δ-fit, shared p)",290.2
"cos (Δ-fit, shared p)",135.89
"cos (Δ-fit, shared p)",15.51
"cos (Δ-fit, shared p)",315.46
"cos (Δ-fit, shared p)",5.46
"cos (Δ-fit, shared p)",165.48
"cos (Δ-fit, shared p)",344.15
"cos (Δ-fit, shared p)",75.58
"cos (Δ-fit, shared p)",45.74
"cos (Δ-fit, shared p)",195.09
"cos (Δ-fit, shared p)",165.22
"cos (Δ-fit, shared p)",315.49
"cos (Δ-fit, shared p)",164.84
"cos (Δ-fit, shared p)",284.02
"cos (Δ-fit, shared p)",350.05
"cos (Δ-fit, shared p)",345.29
"cos (Δ-fit, shared p)",289.22
"cos (Δ-fit, shared p)",297.16
"cos (Δ-fit, shared p)",179.61
"cos (Δ-fit, shared p)",158.15
"cos (Δ-fit, shared p)",266.18
"cos (Δ-fit, shared p)",244.37
"cos (Δ-fit, shared p)",84.47
"cos (Δ-fit, shared p)",75.02
"cos (Δ-fit, shared p)",162.45
"cos (Δ-fit, shared p)",170.87
"cos (Δ-fit, shared p)",1.6
"cos (Δ-fit, shared p)",178.77
"cos (Δ-fit, shared p)",314.9
"cos (Δ-fit, shared p)",194.46
"cos (Δ-fit, shared p)",282.1
"cos (Δ-fit, shared p)",195.47
"cos (Δ-fit, shared p)",134.8
"cos (Δ-fit, shared p)",313.99
"cos (Δ-fit, shared p)",134.71
"cos (Δ-fit, shared p)",199.17
"cos (Δ-fit, shared p)",135.09
"cos (Δ-fit, shared p)",143.2
"cos (Δ-fit, shared p)",135.37
"cos (Δ-fit, shared p)",345.16
"cos (Δ-fit, shared p)",12.31
"cos (Δ-fit, shared p)",135.51
"cos (Δ-fit, shared p)",172.44
"cos (Δ-fit, shared p)",9.38
"cos (Δ-fit, shared p)",74.99
"cos (Δ-fit, shared p)",29.73
"cos (Δ-fit, shared p)",218.19
"cos (Δ-fit, shared p)",88.63
"cos (Δ-fit, shared p)",75.06
"cos (Δ-fit, shared p)",283.84
"cos (Δ-fit, shared p)",283.21
"cos (Δ-fit, shared p)",342.81
"cos (Δ-fit, shared p)",316.25
"cos (Δ-fit, shared p)",153.4
"cos (Δ-fit, shared p)",15.08
"cos (Δ-fit, shared p)",168.74
"cos (Δ-fit, shared p)",344.65
"cos (Δ-fit, shared p)",316.3
"cos (Δ-fit, shared p)",232.98
"cos (Δ-fit, shared p)",15.43
"cos (Δ-fit, shared p)",160.89
"cos (Δ-fit, shared p)",15.02
"cos (Δ-fit, shared p)",214.64
"cos (Δ-fit, shared p)",43.14
"cos (Δ-fit, shared p)",75.07
"cos (Δ-fit, shared p)",144.06
"cos (Δ-fit, shared p)",329.09
"cos (Δ-fit, shared p)",175.41
"cos (Δ-fit, shared p)",230.02
"cos (Δ-fit, shared p)",200.01
"cos (Δ-fit, shared p)",45.02
"cos (Δ-fit, shared p)",255.05
"cos (Δ-fit, shared p)",315.05
"cos (Δ-fit, shared p)",158.45
"cos (Δ-fit, shared p)",273.26
"cos (Δ-fit, shared p)",75.09
"cos (Δ-fit, shared p)",358.99
"cos (Δ-fit, shared p)",254.8
"cos (Δ-fit, shared p)",66.38
"cos (Δ-fit, shared p)",160.82
"cos (Δ-fit, shared p)",174.45
"cos (Δ-fit, shared p)",28.64
"cos (Δ-fit, shared p)",320.63
"rcos (Δ-fit, shared p)",224.83
"rcos (Δ-fit, shared p)",164.59
"rcos (Δ-fit, shared p)",255.4
"rcos (Δ-fit, shared p)",69.71
"rcos (Δ-fit, shared p)",57.11
"rcos (Δ-fit, shared p)",194.85
"rcos (Δ-fit, shared p)",156.27
"rcos (Δ-fit, shared p)",105.45
"rcos (Δ-fit, shared p)",135.08
"rcos (Δ-fit, shared p)",225.28
"rcos (Δ-fit, shared p)",105.22
"rcos (Δ-fit, shared p)",61.27
"rcos (Δ-fit, shared p)",349.36
"rcos (Δ-fit, shared p)",89.32
"rcos (Δ-fit, shared p)",208.72
"rcos (Δ-fit, shared p)",69.64
"rcos (Δ-fit, shared p)",194.88
"rcos (Δ-fit, shared p)",104.28
"rcos (Δ-fit, shared p)",148.64
"rcos (Δ-fit, shared p)",345.62
"rcos (Δ-fit, shared p)",224.76
"rcos (Δ-fit, shared p)",311.74
"rcos (Δ-fit, shared p)",224.84
"rcos (Δ-fit, shared p)",314.53
"rcos (Δ-fit, shared p)",75.1
"rcos (Δ-fit, shared p)",284.74
"rcos (Δ-fit, shared p)",314.67
"rcos (Δ-fit, shared p)",175.92
"rcos (Δ-fit, shared p)",194.86
"rcos (Δ-fit, shared p)",344.9
"rcos (Δ-fit, shared p)",62.03
"rcos (Δ-fit, shared p)",344.99
"rcos (Δ-fit, shared p)",183.36
"rcos (Δ-fit, shared p)",44.35
"rcos (Δ-fit, shared p)",75.15
"rcos (Δ-fit, shared p)",143.81
"rcos (Δ-fit, shared p)",224.81
"rcos (Δ-fit, shared p)",292.83
"rcos (Δ-fit, shared p)",345.71
"rcos (Δ-fit, shared p)",195.3
"rcos (Δ-fit, shared p)",346.85
"rcos (Δ-fit, shared p)",32.5
"rcos (Δ-fit, shared p)",144.92
"rcos (Δ-fit, shared p)",285.09
"rcos (Δ-fit, shared p)",254.92
"rcos (Δ-fit, shared p)",163.78
"rcos (Δ-fit, shared p)",14.52
"rcos (Δ-fit, shared p)",112.47
"rcos (Δ-fit, shared p)",315.59
"rcos (Δ-fit, shared p)",345.19
"rcos (Δ-fit, shared p)",97.63
"rcos (Δ-fit, shared p)",343.97
"rcos (Δ-fit, shared p)",74.93
"rcos (Δ-fit, shared p)",345.43
"rcos (Δ-fit, shared p)",303.38
"rcos (Δ-fit, shared p)",104.77
"rcos (Δ-fit, shared p)",1.66
"rcos (Δ-fit, shared p)",133.04
"rcos (Δ-fit, shared p)",226.02
"rcos (Δ-fit, shared p)",44.88
"rcos (Δ-fit, shared p)",202.31
"rcos (Δ-fit, shared p)",15.23
"rcos (Δ-fit, shared p)",254.13
"rcos (Δ-fit, shared p)",104.81
"rcos (Δ-fit, shared p)",44.6
"rcos (Δ-fit, shared p)",293.39
"rcos (Δ-fit, shared p)",15.2
"rcos (Δ-fit, shared p)",355.92
"rcos (Δ-fit, shared p)",14.83
"rcos (Δ-fit, shared p)",142.01
"rcos (Δ-fit, shared p)",165.41
"rcos (Δ-fit, shared p)",93.65
"rcos (Δ-fit, shared p)",164.75
"rcos (Δ-fit, shared p)",316.12
"rcos (Δ-fit, shared p)",16.74
"rcos (Δ-fit, shared p)",134.82
"rcos (Δ-fit, shared p)",148.4
"rcos (Δ-fit, shared p)",225.21
"rcos (Δ-fit, shared p)",195.54
"rcos (Δ-fit, shared p)",14.47
"rcos (Δ-fit, shared p)",73.86
"rcos (Δ-fit, shared p)",173.27
"rcos (Δ-fit, shared p)",251.62
"rcos (Δ-fit, shared p)",284.49
"rcos (Δ-fit, shared p)",344.57
"rcos (Δ-fit, shared p)",134.85
"rcos (Δ-fit, shared p)",236.3
"rcos (Δ-fit, shared p)",195.16
"rcos (Δ-fit, shared p)",75.09
"rcos (Δ-fit, shared p)",15.02
"rcos (Δ-fit, shared p)",104.29
"rcos (Δ-fit, shared p)",155.67
"rcos (Δ-fit, shared p)",284.47
"rcos (Δ-fit, shared p)",71.44
"rcos (Δ-fit, shared p)",83.11
"rcos (Δ-fit, shared p)",345.36
"rcos (Δ-fit, shared p)",116.98
"rcos (Δ-fit, shared p)",224.88
"rcos (Δ-fit, shared p)",15.23
"rcos (Δ-fit, shared p)",139.94
"rcos (Δ-fit, shared p)",164.78
"rcos (Δ-fit, shared p)",14.64
"rcos (Δ-fit, shared p)",198.57
"rcos (Δ-fit, shared p)",330.41
"rcos (Δ-fit, shared p)",139.89
"rcos (Δ-fit, shared p)",194.93
"rcos (Δ-fit, shared p)",135.04
"rcos (Δ-fit, shared p)",267.62
"rcos (Δ-fit, shared p)",28.27
"rcos (Δ-fit, shared p)",75.16
"rcos (Δ-fit, shared p)",287.34
"rcos (Δ-fit, shared p)",254.89
"rcos (Δ-fit, shared p)",254.7
"rcos (Δ-fit, shared p)",284.93
"rcos (Δ-fit, shared p)",344.79
"rcos (Δ-fit, shared p)",2.82
"rcos (Δ-fit, shared p)",224.77
"rcos (Δ-fit, shared p)",87.92
"rcos (Δ-fit, shared p)",315.18
"rcos (Δ-fit, shared p)",163.89
"rcos (Δ-fit, shared p)",72.68
"rcos (Δ-fit, shared p)",313.53
"rcos (Δ-fit, shared p)",254.8
"rcos (Δ-fit, shared p)",194.36
"rcos (Δ-fit, shared p)",284.7
"rcos (Δ-fit, shared p)",45.21
"rcos (Δ-fit, shared p)",315.37
"rcos (Δ-fit, shared p)",274.13
"rcos (Δ-fit, shared p)",118.41
"rcos (Δ-fit, shared p)",45.3
"rcos (Δ-fit, shared p)",195.95
"rcos (Δ-fit, shared p)",224.69
"rcos (Δ-fit, shared p)",14.77
"rcos (Δ-fit, shared p)",165.51
"rcos (Δ-fit, shared p)",163.28
"rcos (Δ-fit, shared p)",224.77
"rcos (Δ-fit, shared p)",31.52
"rcos (Δ-fit, shared p)",157.03
"rcos (Δ-fit, shared p)",45.4
"rcos (Δ-fit, shared p)",15.86
"rcos (Δ-fit, shared p)",255.38
"rcos (Δ-fit, shared p)",316.51
"rcos (Δ-fit, shared p)",105.2
"rcos (Δ-fit, shared p)",145.86
"rcos (Δ-fit, shared p)",284.77
"rcos (Δ-fit, shared p)",223.48
"rcos (Δ-fit, shared p)",223.59
"rcos (Δ-fit, shared p)",344.92
"rcos (Δ-fit, shared p)",201.93
"rcos (Δ-fit, shared p)",75.21
"rcos (Δ-fit, shared p)",88.99
"rcos (Δ-fit, shared p)",286.17
"rcos (Δ-fit, shared p)",248.13
"rcos (Δ-fit, shared p)",141.78
"rcos (Δ-fit, shared p)",105.28
"rcos (Δ-fit, shared p)",285.39
"rcos (Δ-fit, shared p)",284.92
"rcos (Δ-fit, shared p)",135.63
"rcos (Δ-fit, shared p)",88.9
"rcos (Δ-fit, shared p)",1.48
"rcos (Δ-fit, shared p)",74.79
"rcos (Δ-fit, shared p)",302.53
"rcos (Δ-fit, shared p)",284.74
"rcos (Δ-fit, shared p)",154.04
"rcos (Δ-fit, shared p)",339.81
"rcos (Δ-fit, shared p)",254.75
"rcos (Δ-fit, shared p)",13.44
"rcos (Δ-fit, shared p)",45.2
"rcos (Δ-fit, shared p)",43.82
"rcos (Δ-fit, shared p)",132.17
"rcos (Δ-fit, shared p)",285.43
"rcos (Δ-fit, shared p)",315.76
"rcos (Δ-fit, shared p)",74.97
"rcos (Δ-fit, shared p)",88.75
"rcos (Δ-fit, shared p)",147.99
"rcos (Δ-fit, shared p)",16.07
"rcos (Δ-fit, shared p)",285.55
"rcos (Δ-fit, shared p)",315.56
"rcos (Δ-fit, shared p)",261.99
"rcos (Δ-fit, shared p)",15.16
"rcos (Δ-fit, shared p)",84.74
"rcos (Δ-fit, shared p)",165.58
"rcos (Δ-fit, shared p)",284.97
"rcos (Δ-fit, shared p)",15.33
"rcos (Δ-fit, shared p)",58.96
"rcos (Δ-fit, shared p)",175.46
"rcos (Δ-fit, shared p)",254.89
"rcos (Δ-fit, shared p)",254.4
"rcos (Δ-fit, shared p)",344.97
"rcos (Δ-fit, shared p)",167.24
"rcos (Δ-fit, shared p)",341.84
"rcos (Δ-fit, shared p)",306.81
"rcos (Δ-fit, shared p)",195.43
"rcos (Δ-fit, shared p)",165.41
"rcos (Δ-fit, shared p)",255.31
"rcos (Δ-fit, shared p)",104.78
"rcos (Δ-fit, shared p)",105.14
"rcos (Δ-fit, shared p)",331.93
"rcos (Δ-fit, shared p)",345.94
"rcos (Δ-fit, shared p)",179.49
"rcos (Δ-fit, shared p)",224.67
"rcos (Δ-fit, shared p)",315.61
"rcos (Δ-fit, shared p)",74.27
"rcos (Δ-fit, shared p)",285.4
"rcos (Δ-fit, shared p)",135.53
"rcos (Δ-fit, shared p)",173.87
"rcos (Δ-fit, shared p)",336.22
"rcos (Δ-fit, shared p)",315.54
"rcos (Δ-fit, shared p)",224.95
"rcos (Δ-fit, shared p)",79.35
"rcos (Δ-fit, shared p)",284.73
"rcos (Δ-fit, shared p)",194.76
"rcos (Δ-fit, shared p)",312.16
"rcos (Δ-fit, shared p)",110.06
"rcos (Δ-fit, shared p)",195.14
"rcos (Δ-fit, shared p)",315.6
"rcos (Δ-fit, shared p)",325.68
"rcos (Δ-fit, shared p)",310.35
"rcos (Δ-fit, shared p)",164.87
"rcos (Δ-fit, shared p)",164.93
"rcos (Δ-fit, shared p)",284.95
"rcos (Δ-fit, shared p)",277.38
"rcos (Δ-fit, shared p)",109.38
"rcos (Δ-fit, shared p)",301.96
"rcos (Δ-fit, shared p)",134.81
"rcos (Δ-fit, shared p)",325.77
"rcos (Δ-fit, shared p)",285.84
"rcos (Δ-fit, shared p)",225.34
"rcos (Δ-fit, shared p)",315.16
"rcos (Δ-fit, shared p)",15.05
"rcos (Δ-fit, shared p)",154.51
"rcos (Δ-fit, shared p)",133.56
"rcos (Δ-fit, shared p)",315.19
"rcos (Δ-fit, shared p)",134.28
"rcos (Δ-fit, shared p)",44.91
"rcos (Δ-fit, shared p)",315.1
"rcos (Δ-fit, shared p)",78.62
"rcos (Δ-fit, shared p)",284.64
"rcos (Δ-fit, shared p)",15.27
"rcos (Δ-fit, shared p)",15.38
"rcos (Δ-fit, shared p)",74.86
"rcos (Δ-fit, shared p)",345.1
"rcos (Δ-fit, shared p)",44.78
"rcos (Δ-fit, shared p)",315.96
"rcos (Δ-fit, shared p)",195.73
"rcos (Δ-fit, shared p)",287.11
"rcos (Δ-fit, shared p)",345.97
"rcos (Δ-fit, shared p)",315.18
"rcos (Δ-fit, shared p)",194.6
"rcos (Δ-fit, shared p)",352.93
"rcos (Δ-fit, shared p)",61.07
"rcos (Δ-fit, shared p)",225.3
"rcos (Δ-fit, shared p)",254.17
"rcos (Δ-fit, shared p)",295.17
"rcos (Δ-fit, shared p)",359.95
"rcos (Δ-fit, shared p)",261.63
"rcos (Δ-fit, shared p)",134.85
"rcos (Δ-fit, shared p)",344.82
"rcos (Δ-fit, shared p)",195.27
"rcos (Δ-fit, shared p)",187.28
"rcos (Δ-fit, shared p)",297.95
"rcos (Δ-fit, shared p)",285.21
"rcos (Δ-fit, shared p)",44.72
"rcos (Δ-fit, shared p)",134.91
"rcos (Δ-fit, shared p)",157.18
"rcos (Δ-fit, shared p)",284.74
"rcos (Δ-fit, shared p)",107.11
"rcos (Δ-fit, shared p)",274.63
"rcos (Δ-fit, shared p)",194.1
"rcos (Δ-fit, shared p)",307.14
"rcos (Δ-fit, shared p)",345.33
"rcos (Δ-fit, shared p)",345.56
"rcos (Δ-fit, shared p)",73.76
"rcos (Δ-fit, shared p)",224.75
"rcos (Δ-fit, shared p)",195.18
"rcos (Δ-fit, shared p)",195.24
"rcos (Δ-fit, shared p)",24.69
"rcos (Δ-fit, shared p)",45.15
"rcos (Δ-fit, shared p)",314.86
"rcos (Δ-fit, shared p)",44.57
"rcos (Δ-fit, shared p)",194.95
"rcos (Δ-fit, shared p)",90.03
"rcos (Δ-fit, shared p)",167.53
"rcos (Δ-fit, shared p)",254.41
"rcos (Δ-fit, shared p)",4.66
"rcos (Δ-fit, shared p)",344.89
"rcos (Δ-fit, shared p)",176.7
"rcos (Δ-fit, shared p)",251.18
"rcos (Δ-fit, shared p)",179.66
"rcos (Δ-fit, shared p)",82.42
"rcos (Δ-fit, shared p)",115.68
"rcos (Δ-fit, shared p)",45.06
"rcos (Δ-fit, shared p)",186.43
"rcos (Δ-fit, shared p)",254.75
"rcos (Δ-fit, shared p)",284.53
"rcos (Δ-fit, shared p)",315.17
"rcos (Δ-fit, shared p)",223.93
"rcos (Δ-fit, shared p)",314.33
"rcos (Δ-fit, shared p)",194.75
"rcos (Δ-fit, shared p)",14.83
"rcos (Δ-fit, shared p)",315.32
"rcos (Δ-fit, shared p)",353.78
"rcos (Δ-fit, shared p)",196.89
"rcos (Δ-fit, shared p)",282.03
"rcos (Δ-fit, shared p)",45.02
"rcos (Δ-fit, shared p)",104.63
"rcos (Δ-fit, shared p)",74.61
"rcos (Δ-fit, shared p)",67.07
"rcos (Δ-fit, shared p)",165.43
"rcos (Δ-fit, shared p)",254.69
"rcos (Δ-fit, shared p)",287.01
"rcos (Δ-fit, shared p)",86.57
"rcos (Δ-fit, shared p)",185.09
"rcos (Δ-fit, shared p)",14.86
"rcos (Δ-fit, shared p)",315.16
"rcos (Δ-fit, shared p)",139.96
"rcos (Δ-fit, shared p)",180.09
"rcos (Δ-fit, shared p)",287.01
"rcos (Δ-fit, shared p)",306.28
"rcos (Δ-fit, shared p)",16.55
"rcos (Δ-fit, shared p)",315.31
"rcos (Δ-fit, shared p)",5.95
"rcos (Δ-fit, shared p)",165.07
"rcos (Δ-fit, shared p)",344.71
"rcos (Δ-fit, shared p)",75.35
"rcos (Δ-fit, shared p)",225.03
"rcos (Δ-fit, shared p)",254.93
"rcos (Δ-fit, shared p)",44.82
"rcos (Δ-fit, shared p)",323.8
"rcos (Δ-fit, shared p)",164.75
"rcos (Δ-fit, shared p)",223.66
"rcos (Δ-fit, shared p)",71.55
"rcos (Δ-fit, shared p)",326.93
"rcos (Δ-fit, shared p)",276.63
"rcos (Δ-fit, shared p)",315.3
"rcos (Δ-fit, shared p)",194.53
"rcos (Δ-fit, shared p)",158.75
"rcos (Δ-fit, shared p)",266.06
"rcos (Δ-fit, shared p)",195.18
"rcos (Δ-fit, shared p)",135.05
"rcos (Δ-fit, shared p)",284.39
"rcos (Δ-fit, shared p)",345.03
"rcos (Δ-fit, shared p)",171.7
"rcos (Δ-fit, shared p)",344.61
"rcos (Δ-fit, shared p)",178.5
"rcos (Δ-fit, shared p)",134.66
"rcos (Δ-fit, shared p)",194.18
"rcos (Δ-fit, shared p)",45.15
"rcos (Δ-fit, shared p)",195.8
"rcos (Δ-fit, shared p)",146.98
"rcos (Δ-fit, shared p)",283.61
"rcos (Δ-fit, shared p)",345.83
"rcos (Δ-fit, shared p)",195.57
"rcos (Δ-fit, shared p)",177.48
"rcos (Δ-fit, shared p)",136.47
"rcos (Δ-fit, shared p)",135.54
"rcos (Δ-fit, shared p)",104.83
"rcos (Δ-fit, shared p)",345.01
"rcos (Δ-fit, shared p)",127.37
"rcos (Δ-fit, shared p)",15.31
"rcos (Δ-fit, shared p)",16.09
"rcos (Δ-fit, shared p)",315.61
"rcos (Δ-fit, shared p)",30.16
"rcos (Δ-fit, shared p)",309.46
"rcos (Δ-fit, shared p)",94.87
"rcos (Δ-fit, shared p)",104.79
"rcos (Δ-fit, shared p)",15.44
"rcos (Δ-fit, shared p)",314.97
"rcos (Δ-fit, shared p)",344.63
"rcos (Δ-fit, shared p)",315.6
"rcos (Δ-fit, shared p)",139.87
"rcos (Δ-fit, shared p)",15.14
"rcos (Δ-fit, shared p)",149.99
"rcos (Δ-fit, shared p)",351.63
"rcos (Δ-fit, shared p)",314.9
"rcos (Δ-fit, shared p)",255.54
"rcos (Δ-fit, shared p)",15.12
"rcos (Δ-fit, shared p)",164.04
"rcos (Δ-fit, shared p)",344.54
"rcos (Δ-fit, shared p)",225.02
"rcos (Δ-fit, shared p)",135.13
"rcos (Δ-fit, shared p)",74.83
"rcos (Δ-fit, shared p)",136.8
"rcos (Δ-fit, shared p)",315.46
"rcos (Δ-fit, shared p)",176.18
"rcos (Δ-fit, shared p)",195.68
"rcos (Δ-fit, shared p)",195.6
"rcos (Δ-fit, shared p)",74.86
"rcos (Δ-fit, shared p)",224.8
"rcos (Δ-fit, shared p)",305.18
"rcos (Δ-fit, shared p)",158.42
"rcos (Δ-fit, shared p)",254.94
"rcos (Δ-fit, shared p)",343.9
"rcos (Δ-fit, shared p)",20.13
"rcos (Δ-fit, shared p)",225.44
"rcos (Δ-fit, shared p)",59.76
"rcos (Δ-fit, shared p)",166.69
"rcos (Δ-fit, shared p)",169.82
"rcos (Δ-fit, shared p)",29.16
"rcos (Δ-fit, shared p)",349.41
"vonmises (Δ-fit, shared p)",195.44
"vonmises (Δ-fit, shared p)",179.89
"vonmises (Δ-fit, shared p)",314.85
"vonmises (Δ-fit, shared p)",74.48
"vonmises (Δ-fit, shared p)",51.2
"vonmises (Δ-fit, shared p)",74.84
"vonmises (Δ-fit, shared p)",135.5
"vonmises (Δ-fit, shared p)",134.06
"vonmises (Δ-fit, shared p)",255.34
"vonmises (Δ-fit, shared p)",134.76
"vonmises (Δ-fit, shared p)",101.13
"vonmises (Δ-fit, shared p)",59.53
"vonmises (Δ-fit, shared p)",354.82
"vonmises (Δ-fit, shared p)",115.24
"vonmises (Δ-fit, shared p)",278.96
"vonmises (Δ-fit, shared p)",40.63
"vonmises (Δ-fit, shared p)",225.33
"vonmises (Δ-fit, shared p)",229.82
"vonmises (Δ-fit, shared p)",67.98
"vonmises (Δ-fit, shared p)",333.85
"vonmises (Δ-fit, shared p)",255.04
"vonmises (Δ-fit, shared p)",302.61
"vonmises (Δ-fit, shared p)",165.02
"vonmises (Δ-fit, shared p)",267.35
"vonmises (Δ-fit, shared p)",74.74
"vonmises (Δ-fit, shared p)",321.47
"vonmises (Δ-fit, shared p)",335.44
"vonmises (Δ-fit, shared p)",162.14
"vonmises (Δ-fit, shared p)",164.6
"vonmises (Δ-fit, shared p)",314.47
"vonmises (Δ-fit, shared p)",45.06
"vonmises (Δ-fit, shared p)",345.61
"vonmises (Δ-fit, shared p)",166.7
"vonmises (Δ-fit, shared p)",44.3
"vonmises (Δ-fit, shared p)",104.83
"vonmises (Δ-fit, shared p)",344.14
"vonmises (Δ-fit, shared p)",320.27
"vonmises (Δ-fit, shared p)",284.49
"vonmises (Δ-fit, shared p)",24.61
"vonmises (Δ-fit, shared p)",194.6
"vonmises (Δ-fit, shared p)",134.66
"vonmises (Δ-fit, shared p)",46.16
"vonmises (Δ-fit, shared p)",155.64
"vonmises (Δ-fit, shared p)",254.7
"vonmises (Δ-fit, shared p)",83.73
"vonmises (Δ-fit, shared p)",89.37
"vonmises (Δ-fit, shared p)",165.16
"vonmises (Δ-fit, shared p)",97.16
"vonmises (Δ-fit, shared p)",343.63
"vonmises (Δ-fit, shared p)",345.25
"vonmises (Δ-fit, shared p)",85.71
"vonmises (Δ-fit, shared p)",74.97
"vonmises (Δ-fit, shared p)",195.86
"vonmises (Δ-fit, shared p)",333.4
"vonmises (Δ-fit, shared p)",296.34
"vonmises (Δ-fit, shared p)",105.08
"vonmises (Δ-fit, shared p)",339.71
"vonmises (Δ-fit, shared p)",115.77
"vonmises (Δ-fit, shared p)",225.81
"vonmises (Δ-fit, shared p)",345.01
"vonmises (Δ-fit, shared p)",220.4
"vonmises (Δ-fit, shared p)",15.16
"vonmises (Δ-fit, shared p)",270.62
"vonmises (Δ-fit, shared p)",309.28
"vonmises (Δ-fit, shared p)",44.11
"vonmises (Δ-fit, shared p)",315.37
"vonmises (Δ-fit, shared p)",15.19
"vonmises (Δ-fit, shared p)",14.52
"vonmises (Δ-fit, shared p)",14.83
"vonmises (Δ-fit, shared p)",93.99
"vonmises (Δ-fit, shared p)",162.5
"vonmises (Δ-fit, shared p)",45.59
"vonmises (Δ-fit, shared p)",173.89
"vonmises (Δ-fit, shared p)",337.86
"vonmises (Δ-fit, shared p)",45.65
"vonmises (Δ-fit, shared p)",75.15
"vonmises (Δ-fit, shared p)",149.09
"vonmises (Δ-fit, shared p)",225.26
"vonmises (Δ-fit, shared p)",250.03
"vonmises (Δ-fit, shared p)",63.92
"vonmises (Δ-fit, shared p)",49.21
"vonmises (Δ-fit, shared p)",185.56
"vonmises (Δ-fit, shared p)",237.86
"vonmises (Δ-fit, shared p)",213.03
"vonmises (Δ-fit, shared p)",334.11
"vonmises (Δ-fit, shared p)",164.02
"vonmises (Δ-fit, shared p)",227.57
"vonmises (Δ-fit, shared p)",194.2
"vonmises (Δ-fit, shared p)",15.04
"vonmises (Δ-fit, shared p)",5.73
"vonmises (Δ-fit, shared p)",100.63
"vonmises (Δ-fit, shared p)",15.01
"vonmises (Δ-fit, shared p)",46.58
"vonmises (Δ-fit, shared p)",84.47
"vonmises (Δ-fit, shared p)",284.52
"vonmises (Δ-fit, shared p)",346.16
"vonmises (Δ-fit, shared p)",45.04
"vonmises (Δ-fit, shared p)",224.78
"vonmises (Δ-fit, shared p)",314.42
"vonmises (Δ-fit, shared p)",144.9
"vonmises (Δ-fit, shared p)",164.59
"vonmises (Δ-fit, shared p)",30.26
"vonmises (Δ-fit, shared p)",195.92
"vonmises (Δ-fit, shared p)",347.11
"vonmises (Δ-fit, shared p)",134.66
"vonmises (Δ-fit, shared p)",224.41
"vonmises (Δ-fit, shared p)",45.63
"vonmises (Δ-fit, shared p)",285.86
"vonmises (Δ-fit, shared p)",34.41
"vonmises (Δ-fit, shared p)",14.82
"vonmises (Δ-fit, shared p)",284.22
"vonmises (Δ-fit, shared p)",254.85
"vonmises (Δ-fit, shared p)",256.31
"vonmises (Δ-fit, shared p)",294.12
"vonmises (Δ-fit, shared p)",344.82
"vonmises (Δ-fit, shared p)",345.16
"vonmises (Δ-fit, shared p)",194.34
"vonmises (Δ-fit, shared p)",75.04
"vonmises (Δ-fit, shared p)",74.98
"vonmises (Δ-fit, shared p)",152.14
"vonmises (Δ-fit, shared p)",314.84
"vonmises (Δ-fit, shared p)",314.6
"vonmises (Δ-fit, shared p)",74.62
"vonmises (Δ-fit, shared p)",224.26
"vonmises (Δ-fit, shared p)",302.46
"vonmises (Δ-fit, shared p)",44.51
"vonmises (Δ-fit, shared p)",344.63
"vonmises (Δ-fit, shared p)",249.54
"vonmises (Δ-fit, shared p)",99.21
"vonmises (Δ-fit, shared p)",15.25
"vonmises (Δ-fit, shared p)",165.93
"vonmises (Δ-fit, shared p)",259.22
"vonmises (Δ-fit, shared p)",193.12
"vonmises (Δ-fit, shared p)",164.55
"vonmises (Δ-fit, shared p)",93.14
"vonmises (Δ-fit, shared p)",254.65
"vonmises (Δ-fit, shared p)",14.8
"vonmises (Δ-fit, shared p)",162.2
"vonmises (Δ-fit, shared p)",345.24
"vonmises (Δ-fit, shared p)",345.26
"vonmises (Δ-fit, shared p)",314.66
"vonmises (Δ-fit, shared p)",306.09
"vonmises (Δ-fit, shared p)",194.83
"vonmises (Δ-fit, shared p)",105.42
"vonmises (Δ-fit, shared p)",105.01
"vonmises (Δ-fit, shared p)",223.9
"vonmises (Δ-fit, shared p)",224.21
"vonmises (Δ-fit, shared p)",105.35
"vonmises (Δ-fit, shared p)",104.22
"vonmises (Δ-fit, shared p)",75.21
"vonmises (Δ-fit, shared p)",285.18
"vonmises (Δ-fit, shared p)",344.37
"vonmises (Δ-fit, shared p)",279.77
"vonmises (Δ-fit, shared p)",56.96
"vonmises (Δ-fit, shared p)",104.56
"vonmises (Δ-fit, shared p)",104.8
"vonmises (Δ-fit, shared p)",165.25
"vonmises (Δ-fit, shared p)",104.9
"vonmises (Δ-fit, shared p)",314.75
"vonmises (Δ-fit, shared p)",345.5
"vonmises (Δ-fit, shared p)",315.38
"vonmises (Δ-fit, shared p)",268.32
"vonmises (Δ-fit, shared p)",254.62
"vonmises (Δ-fit, shared p)",169.31
"vonmises (Δ-fit, shared p)",334.82
"vonmises (Δ-fit, shared p)",284.62
"vonmises (Δ-fit, shared p)",354.85
"vonmises (Δ-fit, shared p)",45.0
"vonmises (Δ-fit, shared p)",14.72
"vonmises (Δ-fit, shared p)",147.94
"vonmises (Δ-fit, shared p)",285.34
"vonmises (Δ-fit, shared p)",290.43
"vonmises (Δ-fit, shared p)",14.43
"vonmises (Δ-fit, shared p)",344.9
"vonmises (Δ-fit, shared p)",104.62
"vonmises (Δ-fit, shared p)",15.79
"vonmises (Δ-fit, shared p)",285.55
"vonmises (Δ-fit, shared p)",315.53
"vonmises (Δ-fit, shared p)",284.87
"vonmises (Δ-fit, shared p)",284.78
"vonmises (Δ-fit, shared p)",255.18
"vonmises (Δ-fit, shared p)",191.33
"vonmises (Δ-fit, shared p)",104.66
"vonmises (Δ-fit, shared p)",74.42
"vonmises (Δ-fit, shared p)",76.05
"vonmises (Δ-fit, shared p)",45.46
"vonmises (Δ-fit, shared p)",15.28
"vonmises (Δ-fit, shared p)",281.02
"vonmises (Δ-fit, shared p)",14.11
"vonmises (Δ-fit, shared p)",154.85
"vonmises (Δ-fit, shared p)",338.98
"vonmises (Δ-fit, shared p)",302.9
"vonmises (Δ-fit, shared p)",195.27
"vonmises (Δ-fit, shared p)",165.45
"vonmises (Δ-fit, shared p)",254.85
"vonmises (Δ-fit, shared p)",284.66
"vonmises (Δ-fit, shared p)",134.32
"vonmises (Δ-fit, shared p)",330.47
"vonmises (Δ-fit, shared p)",9.7
"vonmises (Δ-fit, shared p)",185.97
"vonmises (Δ-fit, shared p)",75.56
"vonmises (Δ-fit, shared p)",82.83
"vonmises (Δ-fit, shared p)",73.5
"vonmises (Δ-fit, shared p)",315.42
"vonmises (Δ-fit, shared p)",14.77
"vonmises (Δ-fit, shared p)",113.24
"vonmises (Δ-fit, shared p)",194.95
"vonmises (Δ-fit, shared p)",315.57
"vonmises (Δ-fit, shared p)",216.12
"vonmises (Δ-fit, shared p)",284.38
"vonmises (Δ-fit, shared p)",328.31
"vonmises (Δ-fit, shared p)",224.4
"vonmises (Δ-fit, shared p)",134.72
"vonmises (Δ-fit, shared p)",110.19
"vonmises (Δ-fit, shared p)",195.17
"vonmises (Δ-fit, shared p)",355.0
"vonmises (Δ-fit, shared p)",321.35
"vonmises (Δ-fit, shared p)",314.84
"vonmises (Δ-fit, shared p)",163.67
"vonmises (Δ-fit, shared p)",164.9
"vonmises (Δ-fit, shared p)",254.36
"vonmises (Δ-fit, shared p)",157.75
"vonmises (Δ-fit, shared p)",105.81
"vonmises (Δ-fit, shared p)",331.83
"vonmises (Δ-fit, shared p)",163.66
"vonmises (Δ-fit, shared p)",283.35
"vonmises (Δ-fit, shared p)",45.49
"vonmises (Δ-fit, shared p)",194.87
"vonmises (Δ-fit, shared p)",164.9
"vonmises (Δ-fit, shared p)",14.98
"vonmises (Δ-fit, shared p)",139.66
"vonmises (Δ-fit, shared p)",153.02
"vonmises (Δ-fit, shared p)",15.09
"vonmises (Δ-fit, shared p)",119.16
"vonmises (Δ-fit, shared p)",15.05
"vonmises (Δ-fit, shared p)",314.59
"vonmises (Δ-fit, shared p)",10.58
"vonmises (Δ-fit, shared p)",284.49
"vonmises (Δ-fit, shared p)",15.47
"vonmises (Δ-fit, shared p)",51.62
"vonmises (Δ-fit, shared p)",345.23
"vonmises (Δ-fit, shared p)",344.76
"vonmises (Δ-fit, shared p)",53.7
"vonmises (Δ-fit, shared p)",348.75
"vonmises (Δ-fit, shared p)",225.39
"vonmises (Δ-fit, shared p)",313.56
"vonmises (Δ-fit, shared p)",15.41
"vonmises (Δ-fit, shared p)",41.1
"vonmises (Δ-fit, shared p)",194.6
"vonmises (Δ-fit, shared p)",357.02
"vonmises (Δ-fit, shared p)",63.29
"vonmises (Δ-fit, shared p)",216.33
"vonmises (Δ-fit, shared p)",254.13
"vonmises (Δ-fit, shared p)",74.87
"vonmises (Δ-fit, shared p)",4.15
"vonmises (Δ-fit, shared p)",282.83
"vonmises (Δ-fit, shared p)",165.03
"vonmises (Δ-fit, shared p)",345.07
"vonmises (Δ-fit, shared p)",14.81
"vonmises (Δ-fit, shared p)",206.83
"vonmises (Δ-fit, shared p)",45.03
"vonmises (Δ-fit, shared p)",285.17
"vonmises (Δ-fit, shared p)",73.88
"vonmises (Δ-fit, shared p)",285.35
"vonmises (Δ-fit, shared p)",224.75
"vonmises (Δ-fit, shared p)",285.04
"vonmises (Δ-fit, shared p)",44.98
"vonmises (Δ-fit, shared p)",284.74
"vonmises (Δ-fit, shared p)",205.14
"vonmises (Δ-fit, shared p)",325.97
"vonmises (Δ-fit, shared p)",45.31
"vonmises (Δ-fit, shared p)",345.53
"vonmises (Δ-fit, shared p)",344.86
"vonmises (Δ-fit, shared p)",284.81
"vonmises (Δ-fit, shared p)",165.14
"vonmises (Δ-fit, shared p)",240.76
"vonmises (Δ-fit, shared p)",58.82
"vonmises (Δ-fit, shared p)",45.1
"vonmises (Δ-fit, shared p)",314.93
"vonmises (Δ-fit, shared p)",85.27
"vonmises (Δ-fit, shared p)",164.84
"vonmises (Δ-fit, shared p)",62.34
"vonmises (Δ-fit, shared p)",172.39
"vonmises (Δ-fit, shared p)",284.88
"vonmises (Δ-fit, shared p)",326.61
"vonmises (Δ-fit, shared p)",14.65
"vonmises (Δ-fit, shared p)",104.45
"vonmises (Δ-fit, shared p)",263.9
"vonmises (Δ-fit, shared p)",194.02
"vonmises (Δ-fit, shared p)",104.12
"vonmises (Δ-fit, shared p)",118.29
"vonmises (Δ-fit, shared p)",45.2
"vonmises (Δ-fit, shared p)",75.14
"vonmises (Δ-fit, shared p)",75.23
"vonmises (Δ-fit, shared p)",315.25
"vonmises (Δ-fit, shared p)",44.89
"vonmises (Δ-fit, shared p)",195.52
"vonmises (Δ-fit, shared p)",329.01
"vonmises (Δ-fit, shared p)",45.02
"vonmises (Δ-fit, shared p)",134.8
"vonmises (Δ-fit, shared p)",14.65
"vonmises (Δ-fit, shared p)",32.07
"vonmises (Δ-fit, shared p)",44.95
"vonmises (Δ-fit, shared p)",225.05
"vonmises (Δ-fit, shared p)",324.01
"vonmises (Δ-fit, shared p)",134.21
"vonmises (Δ-fit, shared p)",104.78
"vonmises (Δ-fit, shared p)",41.12
"vonmises (Δ-fit, shared p)",194.07
"vonmises (Δ-fit, shared p)",254.96
"vonmises (Δ-fit, shared p)",316.08
"vonmises (Δ-fit, shared p)",105.4
"vonmises (Δ-fit, shared p)",164.72
"vonmises (Δ-fit, shared p)",45.11
"vonmises (Δ-fit, shared p)",285.08
"vonmises (Δ-fit, shared p)",69.32
"vonmises (Δ-fit, shared p)",58.03
"vonmises (Δ-fit, shared p)",313.76
"vonmises (Δ-fit, shared p)",225.38
"vonmises (Δ-fit, shared p)",56.49
"vonmises (Δ-fit, shared p)",345.26
"vonmises (Δ-fit, shared p)",18.42
"vonmises (Δ-fit, shared p)",190.97
"vonmises (Δ-fit, shared p)",344.72
"vonmises (Δ-fit, shared p)",75.99
"vonmises (Δ-fit, shared p)",14.97
"vonmises (Δ-fit, shared p)",255.63
"vonmises (Δ-fit, shared p)",315.2
"vonmises (Δ-fit, shared p)",326.04
"vonmises (Δ-fit, shared p)",164.59
"vonmises (Δ-fit, shared p)",253.83
"vonmises (Δ-fit, shared p)",315.14
"vonmises (Δ-fit, shared p)",285.17
"vonmises (Δ-fit, shared p)",285.35
"vonmises (Δ-fit, shared p)",284.86
"vonmises (Δ-fit, shared p)",194.5
"vonmises (Δ-fit, shared p)",105.59
"vonmises (Δ-fit, shared p)",280.09
"vonmises (Δ-fit, shared p)",165.49
"vonmises (Δ-fit, shared p)",314.76
"vonmises (Δ-fit, shared p)",284.32
"vonmises (Δ-fit, shared p)",164.96
"vonmises (Δ-fit, shared p)",108.1
"vonmises (Δ-fit, shared p)",255.74
"vonmises (Δ-fit, shared p)",204.26
"vonmises (Δ-fit, shared p)",130.79
"vonmises (Δ-fit, shared p)",163.89
"vonmises (Δ-fit, shared p)",45.13
"vonmises (Δ-fit, shared p)",195.65
"vonmises (Δ-fit, shared p)",76.94
"vonmises (Δ-fit, shared p)",15.2
"vonmises (Δ-fit, shared p)",104.87
"vonmises (Δ-fit, shared p)",194.89
"vonmises (Δ-fit, shared p)",164.72
"vonmises (Δ-fit, shared p)",164.44
"vonmises (Δ-fit, shared p)",161.03
"vonmises (Δ-fit, shared p)",104.84
"vonmises (Δ-fit, shared p)",344.98
"vonmises (Δ-fit, shared p)",165.49
"vonmises (Δ-fit, shared p)",45.33
"vonmises (Δ-fit, shared p)",31.86
"vonmises (Δ-fit, shared p)",313.61
"vonmises (Δ-fit, shared p)",13.03
"vonmises (Δ-fit, shared p)",289.11
"vonmises (Δ-fit, shared p)",273.35
"vonmises (Δ-fit, shared p)",104.81
"vonmises (Δ-fit, shared p)",15.59
"vonmises (Δ-fit, shared p)",302.04
"vonmises (Δ-fit, shared p)",327.72
"vonmises (Δ-fit, shared p)",333.59
"vonmises (Δ-fit, shared p)",162.18
"vonmises (Δ-fit, shared p)",55.79
"vonmises (Δ-fit, shared p)",165.11
"vonmises (Δ-fit, shared p)",285.67
"vonmises (Δ-fit, shared p)",345.19
"vonmises (Δ-fit, shared p)",255.56
"vonmises (Δ-fit, shared p)",105.21
"vonmises (Δ-fit, shared p)",151.35
"vonmises (Δ-fit, shared p)",15.47
"vonmises (Δ-fit, shared p)",225.21
"vonmises (Δ-fit, shared p)",135.06
"vonmises (Δ-fit, shared p)",71.56
"vonmises (Δ-fit, shared p)",305.15
"vonmises (Δ-fit, shared p)",316.06
"vonmises (Δ-fit, shared p)",180.76
"vonmises (Δ-fit, shared p)",228.04
"vonmises (Δ-fit, shared p)",225.5
"vonmises (Δ-fit, shared p)",91.4
"vonmises (Δ-fit, shared p)",284.96
"vonmises (Δ-fit, shared p)",294.9
"vonmises (Δ-fit, shared p)",165.59
"vonmises (Δ-fit, shared p)",284.47
"vonmises (Δ-fit, shared p)",344.08
"vonmises (Δ-fit, shared p)",357.53
"vonmises (Δ-fit, shared p)",278.73
"vonmises (Δ-fit, shared p)",291.65
"vonmises (Δ-fit, shared p)",135.24
"vonmises (Δ-fit, shared p)",165.19
"vonmises (Δ-fit, shared p)",284.27
"vonmises (Δ-fit, shared p)",323.99
"laplace (Δ-fit, shared p)",210.07
"laplace (Δ-fit, shared p)",195.47
"laplace (Δ-fit, shared p)",165.26
"laplace (Δ-fit, shared p)",64.22
"laplace (Δ-fit, shared p)",49.82
"laplace (Δ-fit, shared p)",260.24
"laplace (Δ-fit, shared p)",135.59
"laplace (Δ-fit, shared p)",123.39
"laplace (Δ-fit, shared p)",352.15
"laplace (Δ-fit, shared p)",50.61
"laplace (Δ-fit, shared p)",87.34
"laplace (Δ-fit, shared p)",349.21
"laplace (Δ-fit, shared p)",74.91
"laplace (Δ-fit, shared p)",102.73
"laplace (Δ-fit, shared p)",270.97
"laplace (Δ-fit, shared p)",13.89
"laplace (Δ-fit, shared p)",234.53
"laplace (Δ-fit, shared p)",164.69
"laplace (Δ-fit, shared p)",75.86
"laplace (Δ-fit, shared p)",345.93
"laplace (Δ-fit, shared p)",250.72
"laplace (Δ-fit, shared p)",284.91
"laplace (Δ-fit, shared p)",284.77
"laplace (Δ-fit, shared p)",264.36
"laplace (Δ-fit, shared p)",75.27
"laplace (Δ-fit, shared p)",319.23
"laplace (Δ-fit, shared p)",260.77
"laplace (Δ-fit, shared p)",153.97
"laplace (Δ-fit, shared p)",164.56
"laplace (Δ-fit, shared p)",314.24
"laplace (Δ-fit, shared p)",14.53
"laplace (Δ-fit, shared p)",279.44
"laplace (Δ-fit, shared p)",283.8
"laplace (Δ-fit, shared p)",45.01
"laplace (Δ-fit, shared p)",75.11
"laplace (Δ-fit, shared p)",16.24
"laplace (Δ-fit, shared p)",345.07
"laplace (Δ-fit, shared p)",292.1
"laplace (Δ-fit, shared p)",344.26
"laplace (Δ-fit, shared p)",194.45
"laplace (Δ-fit, shared p)",74.7
"laplace (Δ-fit, shared p)",45.68
"laplace (Δ-fit, shared p)",143.51
"laplace (Δ-fit, shared p)",285.16
"laplace (Δ-fit, shared p)",75.22
"laplace (Δ-fit, shared p)",77.99
"laplace (Δ-fit, shared p)",347.06
"laplace (Δ-fit, shared p)",14.87
"laplace (Δ-fit, shared p)",344.49
"laplace (Δ-fit, shared p)",16.5
"laplace (Δ-fit, shared p)",79.6
"laplace (Δ-fit, shared p)",45.73
"laplace (Δ-fit, shared p)",165.38
"laplace (Δ-fit, shared p)",347.01
"laplace (Δ-fit, shared p)",260.26
"laplace (Δ-fit, shared p)",153.13
"laplace (Δ-fit, shared p)",336.58
"laplace (Δ-fit, shared p)",112.6
"laplace (Δ-fit, shared p)",165.45
"laplace (Δ-fit, shared p)",260.52
"laplace (Δ-fit, shared p)",253.13
"laplace (Δ-fit, shared p)",291.77
"laplace (Δ-fit, shared p)",256.1
"laplace (Δ-fit, shared p)",293.21
"laplace (Δ-fit, shared p)",44.71
"laplace (Δ-fit, shared p)",339.31
"laplace (Δ-fit, shared p)",284.27
"laplace (Δ-fit, shared p)",352.76
"laplace (Δ-fit, shared p)",193.88
"laplace (Δ-fit, shared p)",162.53
"laplace (Δ-fit, shared p)",141.27
"laplace (Δ-fit, shared p)",45.58
"laplace (Δ-fit, shared p)",165.39
"laplace (Δ-fit, shared p)",307.61
"laplace (Δ-fit, shared p)",345.03
"laplace (Δ-fit, shared p)",134.23
"laplace (Δ-fit, shared p)",133.96
"laplace (Δ-fit, shared p)",199.17
"laplace (Δ-fit, shared p)",260.5
"laplace (Δ-fit, shared p)",167.7
"laplace (Δ-fit, shared p)",342.82
"laplace (Δ-fit, shared p)",189.78
"laplace (Δ-fit, shared p)",215.45
"laplace (Δ-fit, shared p)",309.99
"laplace (Δ-fit, shared p)",315.4
"laplace (Δ-fit, shared p)",163.81
"laplace (Δ-fit, shared p)",258.76
"laplace (Δ-fit, shared p)",193.98
"laplace (Δ-fit, shared p)",345.39
"laplace (Δ-fit, shared p)",339.83
"laplace (Δ-fit, shared p)",101.83
"laplace (Δ-fit, shared p)",285.57
"laplace (Δ-fit, shared p)",345.39
"laplace (Δ-fit, shared p)",320.53
"laplace (Δ-fit, shared p)",267.1
"laplace (Δ-fit, shared p)",225.42
"laplace (Δ-fit, shared p)",74.15
"laplace (Δ-fit, shared p)",224.53
"laplace (Δ-fit, shared p)",311.68
"laplace (Δ-fit, shared p)",138.96
"laplace (Δ-fit, shared p)",120.6
"laplace (Δ-fit, shared p)",5.68
"laplace (Δ-fit, shared p)",184.29
"laplace (Δ-fit, shared p)",104.96
"laplace (Δ-fit, shared p)",134.51
"laplace (Δ-fit, shared p)",225.38
"laplace (Δ-fit, shared p)",45.21
"laplace (Δ-fit, shared p)",285.97
"laplace (Δ-fit, shared p)",50.66
"laplace (Δ-fit, shared p)",306.54
"laplace (Δ-fit, shared p)",314.48
"laplace (Δ-fit, shared p)",254.8
"laplace (Δ-fit, shared p)",255.31
"laplace (Δ-fit, shared p)",229.06
"laplace (Δ-fit, shared p)",195.39
"laplace (Δ-fit, shared p)",272.9
"laplace (Δ-fit, shared p)",194.54
"laplace (Δ-fit, shared p)",50.63
"laplace (Δ-fit, shared p)",74.96
"laplace (Δ-fit, shared p)",136.75
"laplace (Δ-fit, shared p)",314.31
"laplace (Δ-fit, shared p)",74.58
"laplace (Δ-fit, shared p)",166.09
"laplace (Δ-fit, shared p)",285.23
"laplace (Δ-fit, shared p)",314.53
"laplace (Δ-fit, shared p)",45.23
"laplace (Δ-fit, shared p)",344.58
"laplace (Δ-fit, shared p)",256.24
"laplace (Δ-fit, shared p)",122.03
"laplace (Δ-fit, shared p)",224.46
"laplace (Δ-fit, shared p)",181.64
"laplace (Δ-fit, shared p)",244.53
"laplace (Δ-fit, shared p)",75.15
"laplace (Δ-fit, shared p)",164.86
"laplace (Δ-fit, shared p)",91.47
"laplace (Δ-fit, shared p)",260.34
"laplace (Δ-fit, shared p)",14.76
"laplace (Δ-fit, shared p)",163.89
"laplace (Δ-fit, shared p)",15.36
"laplace (Δ-fit, shared p)",318.98
"laplace (Δ-fit, shared p)",343.39
"laplace (Δ-fit, shared p)",289.55
"laplace (Δ-fit, shared p)",45.01
"laplace (Δ-fit, shared p)",97.63
"laplace (Δ-fit, shared p)",15.14
"laplace (Δ-fit, shared p)",232.26
"laplace (Δ-fit, shared p)",265.18
"laplace (Δ-fit, shared p)",105.36
"laplace (Δ-fit, shared p)",125.56
"laplace (Δ-fit, shared p)",25.97
"laplace (Δ-fit, shared p)",280.3
"laplace (Δ-fit, shared p)",273.48
"laplace (Δ-fit, shared p)",284.85
"laplace (Δ-fit, shared p)",167.62
"laplace (Δ-fit, shared p)",50.65
"laplace (Δ-fit, shared p)",164.88
"laplace (Δ-fit, shared p)",165.2
"laplace (Δ-fit, shared p)",105.02
"laplace (Δ-fit, shared p)",104.85
"laplace (Δ-fit, shared p)",347.45
"laplace (Δ-fit, shared p)",356.83
"laplace (Δ-fit, shared p)",15.21
"laplace (Δ-fit, shared p)",254.07
"laplace (Δ-fit, shared p)",292.3
"laplace (Δ-fit, shared p)",307.52
"laplace (Δ-fit, shared p)",135.14
"laplace (Δ-fit, shared p)",344.45
"laplace (Δ-fit, shared p)",40.33
"laplace (Δ-fit, shared p)",73.84
"laplace (Δ-fit, shared p)",75.32
"laplace (Δ-fit, shared p)",284.94
"laplace (Δ-fit, shared p)",277.43
"laplace (Δ-fit, shared p)",75.35
"laplace (Δ-fit, shared p)",224.94
"laplace (Δ-fit, shared p)",104.44
"laplace (Δ-fit, shared p)",14.63
"laplace (Δ-fit, shared p)",279.93
"laplace (Δ-fit, shared p)",299.35
"laplace (Δ-fit, shared p)",318.41
"laplace (Δ-fit, shared p)",314.84
"laplace (Δ-fit, shared p)",75.18
"laplace (Δ-fit, shared p)",195.56
"laplace (Δ-fit, shared p)",165.13
"laplace (Δ-fit, shared p)",74.54
"laplace (Δ-fit, shared p)",79.35
"laplace (Δ-fit, shared p)",104.5
"laplace (Δ-fit, shared p)",182.16
"laplace (Δ-fit, shared p)",292.78
"laplace (Δ-fit, shared p)",316.13
"laplace (Δ-fit, shared p)",161.15
"laplace (Δ-fit, shared p)",314.62
"laplace (Δ-fit, shared p)",285.68
"laplace (Δ-fit, shared p)",149.56
"laplace (Δ-fit, shared p)",194.44
"laplace (Δ-fit, shared p)",291.79
"laplace (Δ-fit, shared p)",280.13
"laplace (Δ-fit, shared p)",124.7
"laplace (Δ-fit, shared p)",344.77
"laplace (Δ-fit, shared p)",344.61
"laplace (Δ-fit, shared p)",194.74
"laplace (Δ-fit, shared p)",76.73
"laplace (Δ-fit, shared p)",12.37
"laplace (Δ-fit, shared p)",74.04
"laplace (Δ-fit, shared p)",326.53
"laplace (Δ-fit, shared p)",105.53
"laplace (Δ-fit, shared p)",26.0
"laplace (Δ-fit, shared p)",224.49
"laplace (Δ-fit, shared p)",315.58
"laplace (Δ-fit, shared p)",198.11
"laplace (Δ-fit, shared p)",284.09
"laplace (Δ-fit, shared p)",344.78
"laplace (Δ-fit, shared p)",228.87
"laplace (Δ-fit, shared p)",261.61
"laplace (Δ-fit, shared p)",119.99
"laplace (Δ-fit, shared p)",78.36
"laplace (Δ-fit, shared p)",0.34
"laplace (Δ-fit, shared p)",311.68
"laplace (Δ-fit, shared p)",284.68
"laplace (Δ-fit, shared p)",15.23
"laplace (Δ-fit, shared p)",183.6
"laplace (Δ-fit, shared p)",285.32
"laplace (Δ-fit, shared p)",276.1
"laplace (Δ-fit, shared p)",121.3
"laplace (Δ-fit, shared p)",314.15
"laplace (Δ-fit, shared p)",134.72
"laplace (Δ-fit, shared p)",276.61
"laplace (Δ-fit, shared p)",14.84
"laplace (Δ-fit, shared p)",184.07
"laplace (Δ-fit, shared p)",195.22
"laplace (Δ-fit, shared p)",165.12
"laplace (Δ-fit, shared p)",132.76
"laplace (Δ-fit, shared p)",169.71
"laplace (Δ-fit, shared p)",254.7
"laplace (Δ-fit, shared p)",170.48
"laplace (Δ-fit, shared p)",50.22
"laplace (Δ-fit, shared p)",324.6
"laplace (Δ-fit, shared p)",87.36
"laplace (Δ-fit, shared p)",283.14
"laplace (Δ-fit, shared p)",14.38
"laplace (Δ-fit, shared p)",54.65
"laplace (Δ-fit, shared p)",285.27
"laplace (Δ-fit, shared p)",14.72
"laplace (Δ-fit, shared p)",60.15
"laplace (Δ-fit, shared p)",350.5
"laplace (Δ-fit, shared p)",249.64
"laplace (Δ-fit, shared p)",314.88
"laplace (Δ-fit, shared p)",315.83
"laplace (Δ-fit, shared p)",131.48
"laplace (Δ-fit, shared p)",200.2
"laplace (Δ-fit, shared p)",7.48
"laplace (Δ-fit, shared p)",75.64
"laplace (Δ-fit, shared p)",195.38
"laplace (Δ-fit, shared p)",268.82
"laplace (Δ-fit, shared p)",345.44
"laplace (Δ-fit, shared p)",10.89
"laplace (Δ-fit, shared p)",265.97
"laplace (Δ-fit, shared p)",134.7
"laplace (Δ-fit, shared p)",344.67
"laplace (Δ-fit, shared p)",104.84
"laplace (Δ-fit, shared p)",211.33
"laplace (Δ-fit, shared p)",14.9
"laplace (Δ-fit, shared p)",225.1
"laplace (Δ-fit, shared p)",345.18
"laplace (Δ-fit, shared p)",279.81
"laplace (Δ-fit, shared p)",254.95
"laplace (Δ-fit, shared p)",279.67
"laplace (Δ-fit, shared p)",45.03
"laplace (Δ-fit, shared p)",75.18
"laplace (Δ-fit, shared p)",219.51
"laplace (Δ-fit, shared p)",325.43
"laplace (Δ-fit, shared p)",14.63
"laplace (Δ-fit, shared p)",345.55
"laplace (Δ-fit, shared p)",313.58
"laplace (Δ-fit, shared p)",281.26
"laplace (Δ-fit, shared p)",165.35
"laplace (Δ-fit, shared p)",255.44
"laplace (Δ-fit, shared p)",75.12
"laplace (Δ-fit, shared p)",15.06
"laplace (Δ-fit, shared p)",45.2
"laplace (Δ-fit, shared p)",103.73
"laplace (Δ-fit, shared p)",255.17
"laplace (Δ-fit, shared p)",46.12
"laplace (Δ-fit, shared p)",176.05
"laplace (Δ-fit, shared p)",106.21
"laplace (Δ-fit, shared p)",255.86
"laplace (Δ-fit, shared p)",14.57
"laplace (Δ-fit, shared p)",260.94
"laplace (Δ-fit, shared p)",260.57
"laplace (Δ-fit, shared p)",209.44
"laplace (Δ-fit, shared p)",125.09
"laplace (Δ-fit, shared p)",117.97
"laplace (Δ-fit, shared p)",45.09
"laplace (Δ-fit, shared p)",15.15
"laplace (Δ-fit, shared p)",101.42
"laplace (Δ-fit, shared p)",143.43
"laplace (Δ-fit, shared p)",315.03
"laplace (Δ-fit, shared p)",200.1
"laplace (Δ-fit, shared p)",314.56
"laplace (Δ-fit, shared p)",345.53
"laplace (Δ-fit, shared p)",345.13
"laplace (Δ-fit, shared p)",264.84
"laplace (Δ-fit, shared p)",23.13
"laplace (Δ-fit, shared p)",80.22
"laplace (Δ-fit, shared p)",170.44
"laplace (Δ-fit, shared p)",45.15
"laplace (Δ-fit, shared p)",135.4
"laplace (Δ-fit, shared p)",105.16
"laplace (Δ-fit, shared p)",40.2
"laplace (Δ-fit, shared p)",166.1
"laplace (Δ-fit, shared p)",260.73
"laplace (Δ-fit, shared p)",315.8
"laplace (Δ-fit, shared p)",99.74
"laplace (Δ-fit, shared p)",164.45
"laplace (Δ-fit, shared p)",45.18
"laplace (Δ-fit, shared p)",315.23
"laplace (Δ-fit, shared p)",74.76
"laplace (Δ-fit, shared p)",284.03
"laplace (Δ-fit, shared p)",72.25
"laplace (Δ-fit, shared p)",213.01
"laplace (Δ-fit, shared p)",59.04
"laplace (Δ-fit, shared p)",283.96
"laplace (Δ-fit, shared p)",314.82
"laplace (Δ-fit, shared p)",225.16
"laplace (Δ-fit, shared p)",283.16
"laplace (Δ-fit, shared p)",75.54
"laplace (Δ-fit, shared p)",224.22
"laplace (Δ-fit, shared p)",178.11
"laplace (Δ-fit, shared p)",135.44
"laplace (Δ-fit, shared p)",323.44
"laplace (Δ-fit, shared p)",135.35
"laplace (Δ-fit, shared p)",254.18
"laplace (Δ-fit, shared p)",344.67
"laplace (Δ-fit, shared p)",280.69
"laplace (Δ-fit, shared p)",266.65
"laplace (Δ-fit, shared p)",284.59
"laplace (Δ-fit, shared p)",194.43
"laplace (Δ-fit, shared p)",135.67
"laplace (Δ-fit, shared p)",255.58
"laplace (Δ-fit, shared p)",165.36
"laplace (Δ-fit, shared p)",169.18
"laplace (Δ-fit, shared p)",254.92
"laplace (Δ-fit, shared p)",194.7
"laplace (Δ-fit, shared p)",135.27
"laplace (Δ-fit, shared p)",285.53
"laplace (Δ-fit, shared p)",195.91
"laplace (Δ-fit, shared p)",135.98
"laplace (Δ-fit, shared p)",165.52
"laplace (Δ-fit, shared p)",15.28
"laplace (Δ-fit, shared p)",168.16
"laplace (Δ-fit, shared p)",230.26
"laplace (Δ-fit, shared p)",135.39
"laplace (Δ-fit, shared p)",44.69
"laplace (Δ-fit, shared p)",210.86
"laplace (Δ-fit, shared p)",164.93
"laplace (Δ-fit, shared p)",193.91
"laplace (Δ-fit, shared p)",194.46
"laplace (Δ-fit, shared p)",312.94
"laplace (Δ-fit, shared p)",344.26
"laplace (Δ-fit, shared p)",195.59
"laplace (Δ-fit, shared p)",45.28
"laplace (Δ-fit, shared p)",63.09
"laplace (Δ-fit, shared p)",344.68
"laplace (Δ-fit, shared p)",50.56
"laplace (Δ-fit, shared p)",224.71
"laplace (Δ-fit, shared p)",105.47
"laplace (Δ-fit, shared p)",231.88
"laplace (Δ-fit, shared p)",273.01
"laplace (Δ-fit, shared p)",45.11
"laplace (Δ-fit, shared p)",168.37
"laplace (Δ-fit, shared p)",330.11
"laplace (Δ-fit, shared p)",50.45
"laplace (Δ-fit, shared p)",62.85
"laplace (Δ-fit, shared p)",178.82
"laplace (Δ-fit, shared p)",261.98
"laplace (Δ-fit, shared p)",345.33
"laplace (Δ-fit, shared p)",261.02
"laplace (Δ-fit, shared p)",303.86
"laplace (Δ-fit, shared p)",142.66
"laplace (Δ-fit, shared p)",43.98
"laplace (Δ-fit, shared p)",220.09
"laplace (Δ-fit, shared p)",21.72
"laplace (Δ-fit, shared p)",344.54
"laplace (Δ-fit, shared p)",315.84
"laplace (Δ-fit, shared p)",225.27
"laplace (Δ-fit, shared p)",189.37
"laplace (Δ-fit, shared p)",228.95
"laplace (Δ-fit, shared p)",171.38
"laplace (Δ-fit, shared p)",107.54
"laplace (Δ-fit, shared p)",255.27
"laplace (Δ-fit, shared p)",294.89
"laplace (Δ-fit, shared p)",135.6
"laplace (Δ-fit, shared p)",285.24
"laplace (Δ-fit, shared p)",13.66
"laplace (Δ-fit, shared p)",351.36
"laplace (Δ-fit, shared p)",316.07
"laplace (Δ-fit, shared p)",273.82
"laplace (Δ-fit, shared p)",184.15
"laplace (Δ-fit, shared p)",160.5
"laplace (Δ-fit, shared p)",284.5
"laplace (Δ-fit, shared p)",346.86
"sinc (Δ-fit, shared p)",65.21
"sinc (Δ-fit, shared p)",194.39
"sinc (Δ-fit, shared p)",77.82
"sinc (Δ-fit, shared p)",74.39
"sinc (Δ-fit, shared p)",75.24
"sinc (Δ-fit, shared p)",278.48
"sinc (Δ-fit, shared p)",299.07
"sinc (Δ-fit, shared p)",317.05
"sinc (Δ-fit, shared p)",135.5
"sinc (Δ-fit, shared p)",60.0
"sinc (Δ-fit, shared p)",224.47
"sinc (Δ-fit, shared p)",285.23
"sinc (Δ-fit, shared p)",70.5
"sinc (Δ-fit, shared p)",294.69
"sinc (Δ-fit, shared p)",279.49
"sinc (Δ-fit, shared p)",308.03
"sinc (Δ-fit, shared p)",192.63
"sinc (Δ-fit, shared p)",314.54
"sinc (Δ-fit, shared p)",29.31
"sinc (Δ-fit, shared p)",314.99
"sinc (Δ-fit, shared p)",195.08
"sinc (Δ-fit, shared p)",302.01
"sinc (Δ-fit, shared p)",74.93
"sinc (Δ-fit, shared p)",255.18
"sinc (Δ-fit, shared p)",165.39
"sinc (Δ-fit, shared p)",298.92
"sinc (Δ-fit, shared p)",339.69
"sinc (Δ-fit, shared p)",167.3
"sinc (Δ-fit, shared p)",151.76
"sinc (Δ-fit, shared p)",345.46
"sinc (Δ-fit, shared p)",56.19
"sinc (Δ-fit, shared p)",280.68
"sinc (Δ-fit, shared p)",283.35
"sinc (Δ-fit, shared p)",60.86
"sinc (Δ-fit, shared p)",166.55
"sinc (Δ-fit, shared p)",31.11
"sinc (Δ-fit, shared p)",299.75
"sinc (Δ-fit, shared p)",271.98
"sinc (Δ-fit, shared p)",291.78
"sinc (Δ-fit, shared p)",143.25
"sinc (Δ-fit, shared p)",164.49
"sinc (Δ-fit, shared p)",15.36
"sinc (Δ-fit, shared p)",63.36
"sinc (Δ-fit, shared p)",268.93
"sinc (Δ-fit, shared p)",45.09
"sinc (Δ-fit, shared p)",75.52
"sinc (Δ-fit, shared p)",164.68
"sinc (Δ-fit, shared p)",164.1
"sinc (Δ-fit, shared p)",331.95
"sinc (Δ-fit, shared p)",180.22
"sinc (Δ-fit, shared p)",70.85
"sinc (Δ-fit, shared p)",350.25
"sinc (Δ-fit, shared p)",135.87
"sinc (Δ-fit, shared p)",333.84
"sinc (Δ-fit, shared p)",167.21
"sinc (Δ-fit, shared p)",153.77
"sinc (Δ-fit, shared p)",337.98
"sinc (Δ-fit, shared p)",57.39
"sinc (Δ-fit, shared p)",74.45
"sinc (Δ-fit, shared p)",27.26
"sinc (Δ-fit, shared p)",184.84
"sinc (Δ-fit, shared p)",291.71
"sinc (Δ-fit, shared p)",263.35
"sinc (Δ-fit, shared p)",166.29
"sinc (Δ-fit, shared p)",34.32
"sinc (Δ-fit, shared p)",342.62
"sinc (Δ-fit, shared p)",193.93
"sinc (Δ-fit, shared p)",38.29
"sinc (Δ-fit, shared p)",74.75
"sinc (Δ-fit, shared p)",37.13
"sinc (Δ-fit, shared p)",344.87
"sinc (Δ-fit, shared p)",163.5
"sinc (Δ-fit, shared p)",154.49
"sinc (Δ-fit, shared p)",331.82
"sinc (Δ-fit, shared p)",72.22
"sinc (Δ-fit, shared p)",134.69
"sinc (Δ-fit, shared p)",44.8
"sinc (Δ-fit, shared p)",37.61
"sinc (Δ-fit, shared p)",268.74
"sinc (Δ-fit, shared p)",149.68
"sinc (Δ-fit, shared p)",343.88
"sinc (Δ-fit, shared p)",75.12
"sinc (Δ-fit, shared p)",211.73
"sinc (Δ-fit, shared p)",243.25
"sinc (Δ-fit, shared p)",331.37
"sinc (Δ-fit, shared p)",164.39
"sinc (Δ-fit, shared p)",151.69
"sinc (Δ-fit, shared p)",59.08
"sinc (Δ-fit, shared p)",285.36
"sinc (Δ-fit, shared p)",15.22
"sinc (Δ-fit, shared p)",285.52
"sinc (Δ-fit, shared p)",289.64
"sinc (Δ-fit, shared p)",14.97
"sinc (Δ-fit, shared p)",344.42
"sinc (Δ-fit, shared p)",256.01
"sinc (Δ-fit, shared p)",105.1
"sinc (Δ-fit, shared p)",228.12
"sinc (Δ-fit, shared p)",284.89
"sinc (Δ-fit, shared p)",68.36
"sinc (Δ-fit, shared p)",150.32
"sinc (Δ-fit, shared p)",229.61
"sinc (Δ-fit, shared p)",69.61
"sinc (Δ-fit, shared p)",195.57
"sinc (Δ-fit, shared p)",37.72
"sinc (Δ-fit, shared p)",127.96
"sinc (Δ-fit, shared p)",247.04
"sinc (Δ-fit, shared p)",70.0
"sinc (Δ-fit, shared p)",289.13
"sinc (Δ-fit, shared p)",15.59
"sinc (Δ-fit, shared p)",161.57
"sinc (Δ-fit, shared p)",293.32
"sinc (Δ-fit, shared p)",104.97
"sinc (Δ-fit, shared p)",24.37
"sinc (Δ-fit, shared p)",291.27
"sinc (Δ-fit, shared p)",196.08
"sinc (Δ-fit, shared p)",247.78
"sinc (Δ-fit, shared p)",157.83
"sinc (Δ-fit, shared p)",173.85
"sinc (Δ-fit, shared p)",179.32
"sinc (Δ-fit, shared p)",132.46
"sinc (Δ-fit, shared p)",15.17
"sinc (Δ-fit, shared p)",255.59
"sinc (Δ-fit, shared p)",153.51
"sinc (Δ-fit, shared p)",253.88
"sinc (Δ-fit, shared p)",285.59
"sinc (Δ-fit, shared p)",45.13
"sinc (Δ-fit, shared p)",345.5
"sinc (Δ-fit, shared p)",255.59
"sinc (Δ-fit, shared p)",105.27
"sinc (Δ-fit, shared p)",196.12
"sinc (Δ-fit, shared p)",164.44
"sinc (Δ-fit, shared p)",225.57
"sinc (Δ-fit, shared p)",104.66
"sinc (Δ-fit, shared p)",156.16
"sinc (Δ-fit, shared p)",211.49
"sinc (Δ-fit, shared p)",252.68
"sinc (Δ-fit, shared p)",14.52
"sinc (Δ-fit, shared p)",91.21
"sinc (Δ-fit, shared p)",45.08
"sinc (Δ-fit, shared p)",15.16
"sinc (Δ-fit, shared p)",302.53
"sinc (Δ-fit, shared p)",76.84
"sinc (Δ-fit, shared p)",105.5
"sinc (Δ-fit, shared p)",76.1
"sinc (Δ-fit, shared p)",165.07
"sinc (Δ-fit, shared p)",241.49
"sinc (Δ-fit, shared p)",262.69
"sinc (Δ-fit, shared p)",68.18
"sinc (Δ-fit, shared p)",115.31
"sinc (Δ-fit, shared p)",14.94
"sinc (Δ-fit, shared p)",140.32
"sinc (Δ-fit, shared p)",286.17
"sinc (Δ-fit, shared p)",294.84
"sinc (Δ-fit, shared p)",162.76
"sinc (Δ-fit, shared p)",55.27
"sinc (Δ-fit, shared p)",285.28
"sinc (Δ-fit, shared p)",195.47
"sinc (Δ-fit, shared p)",138.82
"sinc (Δ-fit, shared p)",284.52
"sinc (Δ-fit, shared p)",75.35
"sinc (Δ-fit, shared p)",315.12
"sinc (Δ-fit, shared p)",126.1
"sinc (Δ-fit, shared p)",318.44
"sinc (Δ-fit, shared p)",199.0
"sinc (Δ-fit, shared p)",301.74
"sinc (Δ-fit, shared p)",158.77
"sinc (Δ-fit, shared p)",323.99
"sinc (Δ-fit, shared p)",291.21
"sinc (Δ-fit, shared p)",285.54
"sinc (Δ-fit, shared p)",177.05
"sinc (Δ-fit, shared p)",304.39
"sinc (Δ-fit, shared p)",288.37
"sinc (Δ-fit, shared p)",44.41
"sinc (Δ-fit, shared p)",73.89
"sinc (Δ-fit, shared p)",98.25
"sinc (Δ-fit, shared p)",239.12
"sinc (Δ-fit, shared p)",306.53
"sinc (Δ-fit, shared p)",274.78
"sinc (Δ-fit, shared p)",315.58
"sinc (Δ-fit, shared p)",195.58
"sinc (Δ-fit, shared p)",142.65
"sinc (Δ-fit, shared p)",42.85
"sinc (Δ-fit, shared p)",259.28
"sinc (Δ-fit, shared p)",74.95
"sinc (Δ-fit, shared p)",75.6
"sinc (Δ-fit, shared p)",68.68
"sinc (Δ-fit, shared p)",193.87
"sinc (Δ-fit, shared p)",298.72
"sinc (Δ-fit, shared p)",345.1
"sinc (Δ-fit, shared p)",162.26
"sinc (Δ-fit, shared p)",325.11
"sinc (Δ-fit, shared p)",283.93
"sinc (Δ-fit, shared p)",345.21
"sinc (Δ-fit, shared p)",172.67
"sinc (Δ-fit, shared p)",315.2
"sinc (Δ-fit, shared p)",181.71
"sinc (Δ-fit, shared p)",345.43
"sinc (Δ-fit, shared p)",316.2
"sinc (Δ-fit, shared p)",14.98
"sinc (Δ-fit, shared p)",171.39
"sinc (Δ-fit, shared p)",76.59
"sinc (Δ-fit, shared p)",315.39
"sinc (Δ-fit, shared p)",78.79
"sinc (Δ-fit, shared p)",339.68
"sinc (Δ-fit, shared p)",106.13
"sinc (Δ-fit, shared p)",205.38
"sinc (Δ-fit, shared p)",256.11
"sinc (Δ-fit, shared p)",317.07
"sinc (Δ-fit, shared p)",61.37
"sinc (Δ-fit, shared p)",313.95
"sinc (Δ-fit, shared p)",344.4
"sinc (Δ-fit, shared p)",190.58
"sinc (Δ-fit, shared p)",103.47
"sinc (Δ-fit, shared p)",117.78
"sinc (Δ-fit, shared p)",134.63
"sinc (Δ-fit, shared p)",359.88
"sinc (Δ-fit, shared p)",42.75
"sinc (Δ-fit, shared p)",79.83
"sinc (Δ-fit, shared p)",212.91
"sinc (Δ-fit, shared p)",195.65
"sinc (Δ-fit, shared p)",138.05
"sinc (Δ-fit, shared p)",225.96
"sinc (Δ-fit, shared p)",132.99
"sinc (Δ-fit, shared p)",230.95
"sinc (Δ-fit, shared p)",164.9
"sinc (Δ-fit, shared p)",312.38
"sinc (Δ-fit, shared p)",55.44
"sinc (Δ-fit, shared p)",281.71
"sinc (Δ-fit, shared p)",314.86
"sinc (Δ-fit, shared p)",165.03
"sinc (Δ-fit, shared p)",284.42
"sinc (Δ-fit, shared p)",165.36
"sinc (Δ-fit, shared p)",255.56
"sinc (Δ-fit, shared p)",166.1
"sinc (Δ-fit, shared p)",152.93
"sinc (Δ-fit, shared p)",74.5
"sinc (Δ-fit, shared p)",346.42
"sinc (Δ-fit, shared p)",333.97
"sinc (Δ-fit, shared p)",15.34
"sinc (Δ-fit, shared p)",45.59
"sinc (Δ-fit, shared p)",153.59
"sinc (Δ-fit, shared p)",69.9
"sinc (Δ-fit, shared p)",46.5
"sinc (Δ-fit, shared p)",321.97
"sinc (Δ-fit, shared p)",247.36
"sinc (Δ-fit, shared p)",44.85
"sinc (Δ-fit, shared p)",53.81
"sinc (Δ-fit, shared p)",170.13
"sinc (Δ-fit, shared p)",191.36
"sinc (Δ-fit, shared p)",15.67
"sinc (Δ-fit, shared p)",59.87
"sinc (Δ-fit, shared p)",94.2
"sinc (Δ-fit, shared p)",74.16
"sinc (Δ-fit, shared p)",69.38
"sinc (Δ-fit, shared p)",22.58
"sinc (Δ-fit, shared p)",284.46
"sinc (Δ-fit, shared p)",170.49
"sinc (Δ-fit, shared p)",180.95
"sinc (Δ-fit, shared p)",245.05
"sinc (Δ-fit, shared p)",223.86
"sinc (Δ-fit, shared p)",29.25
"sinc (Δ-fit, shared p)",44.96
"sinc (Δ-fit, shared p)",273.99
"sinc (Δ-fit, shared p)",150.57
"sinc (Δ-fit, shared p)",79.11
"sinc (Δ-fit, shared p)",272.96
"sinc (Δ-fit, shared p)",39.04
"sinc (Δ-fit, shared p)",65.94
"sinc (Δ-fit, shared p)",224.38
"sinc (Δ-fit, shared p)",287.6
"sinc (Δ-fit, shared p)",51.47
"sinc (Δ-fit, shared p)",5.51
"sinc (Δ-fit, shared p)",341.55
"sinc (Δ-fit, shared p)",135.44
"sinc (Δ-fit, shared p)",36.33
"sinc (Δ-fit, shared p)",246.78
"sinc (Δ-fit, shared p)",83.7
"sinc (Δ-fit, shared p)",318.9
"sinc (Δ-fit, shared p)",184.69
"sinc (Δ-fit, shared p)",75.87
"sinc (Δ-fit, shared p)",150.26
"sinc (Δ-fit, shared p)",59.65
"sinc (Δ-fit, shared p)",166.12
"sinc (Δ-fit, shared p)",119.74
"sinc (Δ-fit, shared p)",255.29
"sinc (Δ-fit, shared p)",134.41
"sinc (Δ-fit, shared p)",270.84
"sinc (Δ-fit, shared p)",270.4
"sinc (Δ-fit, shared p)",21.88
"sinc (Δ-fit, shared p)",14.4
"sinc (Δ-fit, shared p)",78.89
"sinc (Δ-fit, shared p)",43.14
"sinc (Δ-fit, shared p)",192.83
"sinc (Δ-fit, shared p)",15.15
"sinc (Δ-fit, shared p)",349.35
"sinc (Δ-fit, shared p)",164.93
"sinc (Δ-fit, shared p)",172.46
"sinc (Δ-fit, shared p)",336.45
"sinc (Δ-fit, shared p)",345.24
"sinc (Δ-fit, shared p)",88.37
"sinc (Δ-fit, shared p)",292.97
"sinc (Δ-fit, shared p)",73.75
"sinc (Δ-fit, shared p)",61.52
"sinc (Δ-fit, shared p)",211.84
"sinc (Δ-fit, shared p)",46.02
"sinc (Δ-fit, shared p)",5.05
"sinc (Δ-fit, shared p)",193.93
"sinc (Δ-fit, shared p)",40.13
"sinc (Δ-fit, shared p)",179.1
"sinc (Δ-fit, shared p)",253.97
"sinc (Δ-fit, shared p)",72.8
"sinc (Δ-fit, shared p)",94.96
"sinc (Δ-fit, shared p)",157.08
"sinc (Δ-fit, shared p)",157.79
"sinc (Δ-fit, shared p)",284.94
"sinc (Δ-fit, shared p)",57.52
"sinc (Δ-fit, shared p)",276.44
"sinc (Δ-fit, shared p)",158.03
"sinc (Δ-fit, shared p)",134.89
"sinc (Δ-fit, shared p)",226.08
"sinc (Δ-fit, shared p)",74.86
"sinc (Δ-fit, shared p)",156.08
"sinc (Δ-fit, shared p)",230.3
"sinc (Δ-fit, shared p)",287.33
"sinc (Δ-fit, shared p)",69.3
"sinc (Δ-fit, shared p)",195.07
"sinc (Δ-fit, shared p)",275.36
"sinc (Δ-fit, shared p)",164.45
"sinc (Δ-fit, shared p)",316.92
"sinc (Δ-fit, shared p)",140.82
"sinc (Δ-fit, shared p)",245.87
"sinc (Δ-fit, shared p)",274.52
"sinc (Δ-fit, shared p)",292.45
"sinc (Δ-fit, shared p)",279.11
"sinc (Δ-fit, shared p)",134.02
"sinc (Δ-fit, shared p)",256.0
"sinc (Δ-fit, shared p)",105.4
"sinc (Δ-fit, shared p)",284.08
"sinc (Δ-fit, shared p)",316.49
"sinc (Δ-fit, shared p)",254.52
"sinc (Δ-fit, shared p)",254.99
"sinc (Δ-fit, shared p)",162.65
"sinc (Δ-fit, shared p)",105.57
"sinc (Δ-fit, shared p)",271.73
"sinc (Δ-fit, shared p)",48.05
"sinc (Δ-fit, shared p)",135.58
"sinc (Δ-fit, shared p)",149.59
"sinc (Δ-fit, shared p)",15.46
"sinc (Δ-fit, shared p)",224.46
"sinc (Δ-fit, shared p)",224.54
"sinc (Δ-fit, shared p)",136.11
"sinc (Δ-fit, shared p)",315.23
"sinc (Δ-fit, shared p)",215.41
"sinc (Δ-fit, shared p)",162.1
"sinc (Δ-fit, shared p)",207.56
"sinc (Δ-fit, shared p)",196.23
"sinc (Δ-fit, shared p)",315.43
"sinc (Δ-fit, shared p)",285.52
"sinc (Δ-fit, shared p)",178.47
"sinc (Δ-fit, shared p)",224.45
"sinc (Δ-fit, shared p)",58.92
"sinc (Δ-fit, shared p)",81.38
"sinc (Δ-fit, shared p)",44.46
"sinc (Δ-fit, shared p)",287.68
"sinc (Δ-fit, shared p)",96.45
"sinc (Δ-fit, shared p)",226.0
"sinc (Δ-fit, shared p)",285.41
"sinc (Δ-fit, shared p)",129.55
"sinc (Δ-fit, shared p)",136.5
"sinc (Δ-fit, shared p)",341.09
"sinc (Δ-fit, shared p)",52.06
"sinc (Δ-fit, shared p)",61.2
"sinc (Δ-fit, shared p)",165.49
"sinc (Δ-fit, shared p)",285.32
"sinc (Δ-fit, shared p)",310.02
"sinc (Δ-fit, shared p)",244.1
"sinc (Δ-fit, shared p)",254.58
"sinc (Δ-fit, shared p)",148.84
"sinc (Δ-fit, shared p)",240.94
"sinc (Δ-fit, shared p)",225.59
"sinc (Δ-fit, shared p)",37.44
"sinc (Δ-fit, shared p)",349.12
"sinc (Δ-fit, shared p)",347.76
"sinc (Δ-fit, shared p)",183.44
"sinc (Δ-fit, shared p)",209.04
"sinc (Δ-fit, shared p)",224.4
"sinc (Δ-fit, shared p)",226.14
"sinc (Δ-fit, shared p)",105.49
"sinc (Δ-fit, shared p)",345.25
"sinc (Δ-fit, shared p)",240.67
"sinc (Δ-fit, shared p)",29.29
"sinc (Δ-fit, shared p)",293.49
"sinc (Δ-fit, shared p)",345.19
"sinc (Δ-fit, shared p)",96.21
"sinc (Δ-fit, shared p)",294.02
"sinc (Δ-fit, shared p)",271.81
"sinc (Δ-fit, shared p)",38.49
"sinc (Δ-fit, shared p)",44.15
"sinc (Δ-fit, shared p)",289.12
"sinc (Δ-fit, shared p)",311.98
"sinc2 (Δ-fit, shared p)",224.52
"sinc2 (Δ-fit, shared p)",203.15
"sinc2 (Δ-fit, shared p)",219.99
"sinc2 (Δ-fit, shared p)",57.67
"sinc2 (Δ-fit, shared p)",125.44
"sinc2 (Δ-fit, shared p)",154.23
"sinc2 (Δ-fit, shared p)",121.56
"sinc2 (Δ-fit, shared p)",338.35
"sinc2 (Δ-fit, shared p)",343.92
"sinc2 (Δ-fit, shared p)",57.45
"sinc2 (Δ-fit, shared p)",93.72
"sinc2 (Δ-fit, shared p)",344.92
"sinc2 (Δ-fit, shared p)",68.54
"sinc2 (Δ-fit, shared p)",105.6
"sinc2 (Δ-fit, shared p)",279.36
"sinc2 (Δ-fit, shared p)",130.64
"sinc2 (Δ-fit, shared p)",231.23
"sinc2 (Δ-fit, shared p)",164.85
"sinc2 (Δ-fit, shared p)",72.1
"sinc2 (Δ-fit, shared p)",313.97
"sinc2 (Δ-fit, shared p)",201.34
"sinc2 (Δ-fit, shared p)",297.06
"sinc2 (Δ-fit, shared p)",255.08
"sinc2 (Δ-fit, shared p)",262.32
"sinc2 (Δ-fit, shared p)",100.14
"sinc2 (Δ-fit, shared p)",345.35
"sinc2 (Δ-fit, shared p)",255.56
"sinc2 (Δ-fit, shared p)",172.13
"sinc2 (Δ-fit, shared p)",163.88
"sinc2 (Δ-fit, shared p)",314.57
"sinc2 (Δ-fit, shared p)",15.51
"sinc2 (Δ-fit, shared p)",267.75
"sinc2 (Δ-fit, shared p)",278.3
"sinc2 (Δ-fit, shared p)",117.93
"sinc2 (Δ-fit, shared p)",214.01
"sinc2 (Δ-fit, shared p)",31.17
"sinc2 (Δ-fit, shared p)",164.44
"sinc2 (Δ-fit, shared p)",265.42
"sinc2 (Δ-fit, shared p)",249.59
"sinc2 (Δ-fit, shared p)",267.08
"sinc2 (Δ-fit, shared p)",130.64
"sinc2 (Δ-fit, shared p)",59.39
"sinc2 (Δ-fit, shared p)",79.87
"sinc2 (Δ-fit, shared p)",267.77
"sinc2 (Δ-fit, shared p)",71.24
"sinc2 (Δ-fit, shared p)",344.75
"sinc2 (Δ-fit, shared p)",284.34
"sinc2 (Δ-fit, shared p)",196.69
"sinc2 (Δ-fit, shared p)",342.62
"sinc2 (Δ-fit, shared p)",95.71
"sinc2 (Δ-fit, shared p)",81.65
"sinc2 (Δ-fit, shared p)",241.04
"sinc2 (Δ-fit, shared p)",165.43
"sinc2 (Δ-fit, shared p)",345.49
"sinc2 (Δ-fit, shared p)",259.94
"sinc2 (Δ-fit, shared p)",146.34
"sinc2 (Δ-fit, shared p)",262.53
"sinc2 (Δ-fit, shared p)",114.75
"sinc2 (Δ-fit, shared p)",164.42
"sinc2 (Δ-fit, shared p)",22.44
"sinc2 (Δ-fit, shared p)",271.19
"sinc2 (Δ-fit, shared p)",154.51
"sinc2 (Δ-fit, shared p)",278.51
"sinc2 (Δ-fit, shared p)",284.69
"sinc2 (Δ-fit, shared p)",95.52
"sinc2 (Δ-fit, shared p)",344.64
"sinc2 (Δ-fit, shared p)",315.19
"sinc2 (Δ-fit, shared p)",45.59
"sinc2 (Δ-fit, shared p)",194.41
"sinc2 (Δ-fit, shared p)",45.59
"sinc2 (Δ-fit, shared p)",309.88
"sinc2 (Δ-fit, shared p)",152.03
"sinc2 (Δ-fit, shared p)",165.43
"sinc2 (Δ-fit, shared p)",256.9
"sinc2 (Δ-fit, shared p)",44.67
"sinc2 (Δ-fit, shared p)",135.23
"sinc2 (Δ-fit, shared p)",74.62
"sinc2 (Δ-fit, shared p)",181.06
"sinc2 (Δ-fit, shared p)",266.45
"sinc2 (Δ-fit, shared p)",165.48
"sinc2 (Δ-fit, shared p)",277.44
"sinc2 (Δ-fit, shared p)",164.45
"sinc2 (Δ-fit, shared p)",212.29
"sinc2 (Δ-fit, shared p)",257.05
"sinc2 (Δ-fit, shared p)",325.61
"sinc2 (Δ-fit, shared p)",136.82
"sinc2 (Δ-fit, shared p)",257.46
"sinc2 (Δ-fit, shared p)",166.64
"sinc2 (Δ-fit, shared p)",81.57
"sinc2 (Δ-fit, shared p)",9.38
"sinc2 (Δ-fit, shared p)",132.37
"sinc2 (Δ-fit, shared p)",163.77
"sinc2 (Δ-fit, shared p)",124.22
"sinc2 (Δ-fit, shared p)",359.01
"sinc2 (Δ-fit, shared p)",46.49
"sinc2 (Δ-fit, shared p)",345.53
"sinc2 (Δ-fit, shared p)",73.72
"sinc2 (Δ-fit, shared p)",107.71
"sinc2 (Δ-fit, shared p)",259.97
"sinc2 (Δ-fit, shared p)",137.8
"sinc2 (Δ-fit, shared p)",223.4
"sinc2 (Δ-fit, shared p)",347.96
"sinc2 (Δ-fit, shared p)",179.03
"sinc2 (Δ-fit, shared p)",102.78
"sinc2 (Δ-fit, shared p)",132.22
"sinc2 (Δ-fit, shared p)",239.97
"sinc2 (Δ-fit, shared p)",354.6
"sinc2 (Δ-fit, shared p)",273.11
"sinc2 (Δ-fit, shared p)",129.81
"sinc2 (Δ-fit, shared p)",298.41
"sinc2 (Δ-fit, shared p)",290.64
"sinc2 (Δ-fit, shared p)",75.74
"sinc2 (Δ-fit, shared p)",283.16
"sinc2 (Δ-fit, shared p)",210.47
"sinc2 (Δ-fit, shared p)",217.12
"sinc2 (Δ-fit, shared p)",263.6
"sinc2 (Δ-fit, shared p)",119.79
"sinc2 (Δ-fit, shared p)",53.03
"sinc2 (Δ-fit, shared p)",135.53
"sinc2 (Δ-fit, shared p)",129.96
"sinc2 (Δ-fit, shared p)",201.03
"sinc2 (Δ-fit, shared p)",44.18
"sinc2 (Δ-fit, shared p)",165.58
"sinc2 (Δ-fit, shared p)",135.2
"sinc2 (Δ-fit, shared p)",307.38
"sinc2 (Δ-fit, shared p)",69.23
"sinc2 (Δ-fit, shared p)",315.5
"sinc2 (Δ-fit, shared p)",256.27
"sinc2 (Δ-fit, shared p)",116.98
"sinc2 (Δ-fit, shared p)",52.64
"sinc2 (Δ-fit, shared p)",182.15
"sinc2 (Δ-fit, shared p)",293.93
"sinc2 (Δ-fit, shared p)",56.63
"sinc2 (Δ-fit, shared p)",164.42
"sinc2 (Δ-fit, shared p)",168.24
"sinc2 (Δ-fit, shared p)",267.89
"sinc2 (Δ-fit, shared p)",46.31
"sinc2 (Δ-fit, shared p)",111.0
"sinc2 (Δ-fit, shared p)",344.9
"sinc2 (Δ-fit, shared p)",57.59
"sinc2 (Δ-fit, shared p)",303.05
"sinc2 (Δ-fit, shared p)",335.09
"sinc2 (Δ-fit, shared p)",105.71
"sinc2 (Δ-fit, shared p)",120.99
"sinc2 (Δ-fit, shared p)",255.54
"sinc2 (Δ-fit, shared p)",114.2
"sinc2 (Δ-fit, shared p)",275.48
"sinc2 (Δ-fit, shared p)",91.66
"sinc2 (Δ-fit, shared p)",109.4
"sinc2 (Δ-fit, shared p)",28.49
"sinc2 (Δ-fit, shared p)",141.29
"sinc2 (Δ-fit, shared p)",273.15
"sinc2 (Δ-fit, shared p)",284.4
"sinc2 (Δ-fit, shared p)",182.5
"sinc2 (Δ-fit, shared p)",43.77
"sinc2 (Δ-fit, shared p)",314.59
"sinc2 (Δ-fit, shared p)",164.95
"sinc2 (Δ-fit, shared p)",20.32
"sinc2 (Δ-fit, shared p)",295.25
"sinc2 (Δ-fit, shared p)",197.23
"sinc2 (Δ-fit, shared p)",40.17
"sinc2 (Δ-fit, shared p)",121.92
"sinc2 (Δ-fit, shared p)",315.45
"sinc2 (Δ-fit, shared p)",15.35
"sinc2 (Δ-fit, shared p)",325.79
"sinc2 (Δ-fit, shared p)",206.19
"sinc2 (Δ-fit, shared p)",315.5
"sinc2 (Δ-fit, shared p)",285.23
"sinc2 (Δ-fit, shared p)",285.46
"sinc2 (Δ-fit, shared p)",258.2
"sinc2 (Δ-fit, shared p)",285.43
"sinc2 (Δ-fit, shared p)",274.11
"sinc2 (Δ-fit, shared p)",40.99
"sinc2 (Δ-fit, shared p)",74.46
"sinc2 (Δ-fit, shared p)",105.36
"sinc2 (Δ-fit, shared p)",26.52
"sinc2 (Δ-fit, shared p)",268.3
"sinc2 (Δ-fit, shared p)",269.33
"sinc2 (Δ-fit, shared p)",315.57
"sinc2 (Δ-fit, shared p)",213.55
"sinc2 (Δ-fit, shared p)",75.62
"sinc2 (Δ-fit, shared p)",226.82
"sinc2 (Δ-fit, shared p)",332.12
"sinc2 (Δ-fit, shared p)",89.12
"sinc2 (Δ-fit, shared p)",85.51
"sinc2 (Δ-fit, shared p)",92.2
"sinc2 (Δ-fit, shared p)",182.29
"sinc2 (Δ-fit, shared p)",315.59
"sinc2 (Δ-fit, shared p)",266.13
"sinc2 (Δ-fit, shared p)",163.8
"sinc2 (Δ-fit, shared p)",101.71
"sinc2 (Δ-fit, shared p)",285.19
"sinc2 (Δ-fit, shared p)",345.45
"sinc2 (Δ-fit, shared p)",67.43
"sinc2 (Δ-fit, shared p)",253.41
"sinc2 (Δ-fit, shared p)",65.85
"sinc2 (Δ-fit, shared p)",136.22
"sinc2 (Δ-fit, shared p)",351.84
"sinc2 (Δ-fit, shared p)",31.17
"sinc2 (Δ-fit, shared p)",314.4
"sinc2 (Δ-fit, shared p)",73.9
"sinc2 (Δ-fit, shared p)",91.56
"sinc2 (Δ-fit, shared p)",95.18
"sinc2 (Δ-fit, shared p)",328.49
"sinc2 (Δ-fit, shared p)",86.79
"sinc2 (Δ-fit, shared p)",225.17
"sinc2 (Δ-fit, shared p)",76.13
"sinc2 (Δ-fit, shared p)",315.59
"sinc2 (Δ-fit, shared p)",196.08
"sinc2 (Δ-fit, shared p)",344.92
"sinc2 (Δ-fit, shared p)",344.4
"sinc2 (Δ-fit, shared p)",224.59
"sinc2 (Δ-fit, shared p)",264.51
"sinc2 (Δ-fit, shared p)",88.97
"sinc2 (Δ-fit, shared p)",165.18
"sinc2 (Δ-fit, shared p)",5.28
"sinc2 (Δ-fit, shared p)",263.97
"sinc2 (Δ-fit, shared p)",154.16
"sinc2 (Δ-fit, shared p)",286.13
"sinc2 (Δ-fit, shared p)",171.98
"sinc2 (Δ-fit, shared p)",141.59
"sinc2 (Δ-fit, shared p)",225.52
"sinc2 (Δ-fit, shared p)",117.49
"sinc2 (Δ-fit, shared p)",103.91
"sinc2 (Δ-fit, shared p)",265.03
"sinc2 (Δ-fit, shared p)",260.57
"sinc2 (Δ-fit, shared p)",60.92
"sinc2 (Δ-fit, shared p)",170.81
"sinc2 (Δ-fit, shared p)",206.61
"sinc2 (Δ-fit, shared p)",195.58
"sinc2 (Δ-fit, shared p)",277.28
"sinc2 (Δ-fit, shared p)",332.24
"sinc2 (Δ-fit, shared p)",262.31
"sinc2 (Δ-fit, shared p)",165.37
"sinc2 (Δ-fit, shared p)",48.9
"sinc2 (Δ-fit, shared p)",344.48
"sinc2 (Δ-fit, shared p)",339.99
"sinc2 (Δ-fit, shared p)",283.77
"sinc2 (Δ-fit, shared p)",314.56
"sinc2 (Δ-fit, shared p)",24.17
"sinc2 (Δ-fit, shared p)",285.18
"sinc2 (Δ-fit, shared p)",344.81
"sinc2 (Δ-fit, shared p)",50.71
"sinc2 (Δ-fit, shared p)",15.86
"sinc2 (Δ-fit, shared p)",256.0
"sinc2 (Δ-fit, shared p)",345.11
"sinc2 (Δ-fit, shared p)",52.78
"sinc2 (Δ-fit, shared p)",157.84
"sinc2 (Δ-fit, shared p)",254.31
"sinc2 (Δ-fit, shared p)",327.14
"sinc2 (Δ-fit, shared p)",74.48
"sinc2 (Δ-fit, shared p)",345.5
"sinc2 (Δ-fit, shared p)",30.27
"sinc2 (Δ-fit, shared p)",247.7
"sinc2 (Δ-fit, shared p)",15.55
"sinc2 (Δ-fit, shared p)",290.96
"sinc2 (Δ-fit, shared p)",139.27
"sinc2 (Δ-fit, shared p)",181.73
"sinc2 (Δ-fit, shared p)",164.32
"sinc2 (Δ-fit, shared p)",261.35
"sinc2 (Δ-fit, shared p)",62.39
"sinc2 (Δ-fit, shared p)",224.87
"sinc2 (Δ-fit, shared p)",27.24
"sinc2 (Δ-fit, shared p)",314.58
"sinc2 (Δ-fit, shared p)",74.11
"sinc2 (Δ-fit, shared p)",284.42
"sinc2 (Δ-fit, shared p)",349.03
"sinc2 (Δ-fit, shared p)",177.76
"sinc2 (Δ-fit, shared p)",223.68
"sinc2 (Δ-fit, shared p)",15.52
"sinc2 (Δ-fit, shared p)",345.28
"sinc2 (Δ-fit, shared p)",24.29
"sinc2 (Δ-fit, shared p)",314.88
"sinc2 (Δ-fit, shared p)",251.44
"sinc2 (Δ-fit, shared p)",151.15
"sinc2 (Δ-fit, shared p)",22.69
"sinc2 (Δ-fit, shared p)",182.28
"sinc2 (Δ-fit, shared p)",285.16
"sinc2 (Δ-fit, shared p)",82.3
"sinc2 (Δ-fit, shared p)",74.86
"sinc2 (Δ-fit, shared p)",135.58
"sinc2 (Δ-fit, shared p)",49.48
"sinc2 (Δ-fit, shared p)",223.81
"sinc2 (Δ-fit, shared p)",106.22
"sinc2 (Δ-fit, shared p)",251.63
"sinc2 (Δ-fit, shared p)",127.51
"sinc2 (Δ-fit, shared p)",264.9
"sinc2 (Δ-fit, shared p)",253.48
"sinc2 (Δ-fit, shared p)",201.13
"sinc2 (Δ-fit, shared p)",105.87
"sinc2 (Δ-fit, shared p)",105.57
"sinc2 (Δ-fit, shared p)",200.89
"sinc2 (Δ-fit, shared p)",47.27
"sinc2 (Δ-fit, shared p)",195.01
"sinc2 (Δ-fit, shared p)",344.31
"sinc2 (Δ-fit, shared p)",314.4
"sinc2 (Δ-fit, shared p)",193.58
"sinc2 (Δ-fit, shared p)",348.21
"sinc2 (Δ-fit, shared p)",345.46
"sinc2 (Δ-fit, shared p)",231.9
"sinc2 (Δ-fit, shared p)",255.59
"sinc2 (Δ-fit, shared p)",339.63
"sinc2 (Δ-fit, shared p)",256.14
"sinc2 (Δ-fit, shared p)",345.76
"sinc2 (Δ-fit, shared p)",110.41
"sinc2 (Δ-fit, shared p)",135.55
"sinc2 (Δ-fit, shared p)",194.24
"sinc2 (Δ-fit, shared p)",341.46
"sinc2 (Δ-fit, shared p)",157.58
"sinc2 (Δ-fit, shared p)",267.96
"sinc2 (Δ-fit, shared p)",12.84
"sinc2 (Δ-fit, shared p)",128.58
"sinc2 (Δ-fit, shared p)",145.79
"sinc2 (Δ-fit, shared p)",75.26
"sinc2 (Δ-fit, shared p)",284.85
"sinc2 (Δ-fit, shared p)",67.64
"sinc2 (Δ-fit, shared p)",274.41
"sinc2 (Δ-fit, shared p)",66.29
"sinc2 (Δ-fit, shared p)",255.94
"sinc2 (Δ-fit, shared p)",225.36
"sinc2 (Δ-fit, shared p)",288.15
"sinc2 (Δ-fit, shared p)",307.08
"sinc2 (Δ-fit, shared p)",233.83
"sinc2 (Δ-fit, shared p)",287.07
"sinc2 (Δ-fit, shared p)",45.42
"sinc2 (Δ-fit, shared p)",90.22
"sinc2 (Δ-fit, shared p)",272.7
"sinc2 (Δ-fit, shared p)",1.18
"sinc2 (Δ-fit, shared p)",323.81
"sinc2 (Δ-fit, shared p)",269.07
"sinc2 (Δ-fit, shared p)",254.47
"sinc2 (Δ-fit, shared p)",331.04
"sinc2 (Δ-fit, shared p)",284.43
"sinc2 (Δ-fit, shared p)",269.94
"sinc2 (Δ-fit, shared p)",19.7
"sinc2 (Δ-fit, shared p)",245.85
"sinc2 (Δ-fit, shared p)",127.29
"sinc2 (Δ-fit, shared p)",280.37
"sinc2 (Δ-fit, shared p)",279.14
"sinc2 (Δ-fit, shared p)",255.37
"sinc2 (Δ-fit, shared p)",267.13
"sinc2 (Δ-fit, shared p)",199.54
"sinc2 (Δ-fit, shared p)",128.33
"sinc2 (Δ-fit, shared p)",335.23
"sinc2 (Δ-fit, shared p)",195.43
"sinc2 (Δ-fit, shared p)",135.39
"sinc2 (Δ-fit, shared p)",135.75
"sinc2 (Δ-fit, shared p)",355.46
"sinc2 (Δ-fit, shared p)",238.67
"sinc2 (Δ-fit, shared p)",234.95
"sinc2 (Δ-fit, shared p)",140.22
"sinc2 (Δ-fit, shared p)",166.32
"sinc2 (Δ-fit, shared p)",80.55
"sinc2 (Δ-fit, shared p)",182.85
"sinc2 (Δ-fit, shared p)",210.6
"sinc2 (Δ-fit, shared p)",207.97
"sinc2 (Δ-fit, shared p)",301.93
"sinc2 (Δ-fit, shared p)",115.35
"sinc2 (Δ-fit, shared p)",195.59
"sinc2 (Δ-fit, shared p)",233.34
"sinc2 (Δ-fit, shared p)",64.91
"sinc2 (Δ-fit, shared p)",111.63
"sinc2 (Δ-fit, shared p)",50.92
"sinc2 (Δ-fit, shared p)",316.48
"sinc2 (Δ-fit, shared p)",255.47
"sinc2 (Δ-fit, shared p)",193.52
"sinc2 (Δ-fit, shared p)",276.02
"sinc2 (Δ-fit, shared p)",202.03
"sinc2 (Δ-fit, shared p)",256.25
"sinc2 (Δ-fit, shared p)",345.52
"sinc2 (Δ-fit, shared p)",45.21
"sinc2 (Δ-fit, shared p)",15.44
"sinc2 (Δ-fit, shared p)",165.57
"sinc2 (Δ-fit, shared p)",45.18
"sinc2 (Δ-fit, shared p)",13.85
"sinc2 (Δ-fit, shared p)",264.85
"sinc2 (Δ-fit, shared p)",59.31
"sinc2 (Δ-fit, shared p)",53.96
"sinc2 (Δ-fit, shared p)",41.88
"sinc2 (Δ-fit, shared p)",226.18
"sinc2 (Δ-fit, shared p)",26.92
"sinc2 (Δ-fit, shared p)",358.94
"sinc2 (Δ-fit, shared p)",134.97
"sinc2 (Δ-fit, shared p)",328.45
"sinc2 (Δ-fit, shared p)",224.41
"sinc2 (Δ-fit, shared p)",225.38
"sinc2 (Δ-fit, shared p)",84.76
"sinc2 (Δ-fit, shared p)",107.49
"sinc2 (Δ-fit, shared p)",345.43
"sinc2 (Δ-fit, shared p)",282.98
"sinc2 (Δ-fit, shared p)",157.03
"sinc2 (Δ-fit, shared p)",295.52
"sinc2 (Δ-fit, shared p)",13.48
"sinc2 (Δ-fit, shared p)",337.26
"sinc2 (Δ-fit, shared p)",310.65
"sinc2 (Δ-fit, shared p)",58.07
"sinc2 (Δ-fit, shared p)",164.51
"sinc2 (Δ-fit, shared p)",281.76
"sinc2 (Δ-fit, shared p)",285.02
"sinc2 (Δ-fit, shared p)",115.21
"gauss (level-fit, shared p)",106.31
"gauss (level-fit, shared p)",313.42
"gauss (level-fit, shared p)",225.92
"gauss (level-fit, shared p)",17.68
"gauss (level-fit, shared p)",72.4
"gauss (level-fit, shared p)",353.12
"gauss (level-fit, shared p)",335.81
"gauss (level-fit, shared p)",91.65
"gauss (level-fit, shared p)",193.69
"gauss (level-fit, shared p)",306.92
"gauss (level-fit, shared p)",85.63
"gauss (level-fit, shared p)",106.31
"gauss (level-fit, shared p)",77.2
"gauss (level-fit, shared p)",12.86
"gauss (level-fit, shared p)",126.8
"gauss (level-fit, shared p)",159.27
"gauss (level-fit, shared p)",40.57
"gauss (level-fit, shared p)",79.1
"gauss (level-fit, shared p)",311.13
"gauss (level-fit, shared p)",48.32
"gauss (level-fit, shared p)",25.85
"gauss (level-fit, shared p)",325.93
"gauss (level-fit, shared p)",315.8
"gauss (level-fit, shared p)",125.81
"gauss (level-fit, shared p)",103.24
"gauss (level-fit, shared p)",150.59
"gauss (level-fit, shared p)",13.94
"gauss (level-fit, shared p)",138.74
"gauss (level-fit, shared p)",14.04
"gauss (level-fit, shared p)",8.78
"gauss (level-fit, shared p)",3.64
"gauss (level-fit, shared p)",100.57
"gauss (level-fit, shared p)",72.57
"gauss (level-fit, shared p)",136.18
"gauss (level-fit, shared p)",169.32
"gauss (level-fit, shared p)",149.87
"gauss (level-fit, shared p)",15.47
"gauss (level-fit, shared p)",156.32
"gauss (level-fit, shared p)",355.86
"gauss (level-fit, shared p)",343.33
"gauss (level-fit, shared p)",30.04
"gauss (level-fit, shared p)",116.44
"gauss (level-fit, shared p)",105.88
"gauss (level-fit, shared p)",311.14
"gauss (level-fit, shared p)",9.01
"gauss (level-fit, shared p)",106.29
"gauss (level-fit, shared p)",174.2
"gauss (level-fit, shared p)",155.93
"gauss (level-fit, shared p)",40.92
"gauss (level-fit, shared p)",81.22
"gauss (level-fit, shared p)",286.86
"gauss (level-fit, shared p)",119.42
"gauss (level-fit, shared p)",13.1
"gauss (level-fit, shared p)",43.97
"gauss (level-fit, shared p)",163.81
"gauss (level-fit, shared p)",209.4
"gauss (level-fit, shared p)",75.26
"gauss (level-fit, shared p)",138.51
"gauss (level-fit, shared p)",343.71
"gauss (level-fit, shared p)",152.72
"gauss (level-fit, shared p)",290.49
"gauss (level-fit, shared p)",343.5
"gauss (level-fit, shared p)",166.47
"gauss (level-fit, shared p)",310.72
"gauss (level-fit, shared p)",133.65
"gauss (level-fit, shared p)",155.3
"gauss (level-fit, shared p)",146.17
"gauss (level-fit, shared p)",82.36
"gauss (level-fit, shared p)",135.98
"gauss (level-fit, shared p)",160.45
"gauss (level-fit, shared p)",31.83
"gauss (level-fit, shared p)",165.99
"gauss (level-fit, shared p)",351.51
"gauss (level-fit, shared p)",44.07
"gauss (level-fit, shared p)",110.38
"gauss (level-fit, shared p)",199.04
"gauss (level-fit, shared p)",154.81
"gauss (level-fit, shared p)",287.33
"gauss (level-fit, shared p)",314.24
"gauss (level-fit, shared p)",157.46
"gauss (level-fit, shared p)",327.92
"gauss (level-fit, shared p)",264.79
"gauss (level-fit, shared p)",106.32
"gauss (level-fit, shared p)",329.87
"gauss (level-fit, shared p)",351.42
"gauss (level-fit, shared p)",195.02
"gauss (level-fit, shared p)",100.6
"gauss (level-fit, shared p)",91.35
"gauss (level-fit, shared p)",165.97
"gauss (level-fit, shared p)",95.67
"gauss (level-fit, shared p)",95.34
"gauss (level-fit, shared p)",317.51
"gauss (level-fit, shared p)",107.58
"gauss (level-fit, shared p)",342.94
"gauss (level-fit, shared p)",107.77
"gauss (level-fit, shared p)",312.24
"gauss (level-fit, shared p)",224.43
"gauss (level-fit, shared p)",285.05
"gauss (level-fit, shared p)",76.9
"gauss (level-fit, shared p)",77.52
"gauss (level-fit, shared p)",340.58
"gauss (level-fit, shared p)",86.04
"gauss (level-fit, shared p)",287.31
"gauss (level-fit, shared p)",138.44
"gauss (level-fit, shared p)",289.57
"gauss (level-fit, shared p)",103.79
"gauss (level-fit, shared p)",315.92
"gauss (level-fit, shared p)",164.3
"gauss (level-fit, shared p)",122.25
"gauss (level-fit, shared p)",48.92
"gauss (level-fit, shared p)",91.07
"gauss (level-fit, shared p)",204.34
"gauss (level-fit, shared p)",167.94
"gauss (level-fit, shared p)",142.35
"gauss (level-fit, shared p)",286.3
"gauss (level-fit, shared p)",105.88
"gauss (level-fit, shared p)",96.25
"gauss (level-fit, shared p)",288.11
"gauss (level-fit, shared p)",173.37
"gauss (level-fit, shared p)",109.9
"gauss (level-fit, shared p)",150.41
"gauss (level-fit, shared p)",320.7
"gauss (level-fit, shared p)",292.83
"gauss (level-fit, shared p)",314.43
"gauss (level-fit, shared p)",345.8
"gauss (level-fit, shared p)",100.96
"gauss (level-fit, shared p)",52.59
"gauss (level-fit, shared p)",324.25
"gauss (level-fit, shared p)",46.29
"gauss (level-fit, shared p)",311.47
"gauss (level-fit, shared p)",311.71
"gauss (level-fit, shared p)",345.15
"gauss (level-fit, shared p)",166.75
"gauss (level-fit, shared p)",288.54
"gauss (level-fit, shared p)",355.37
"gauss (level-fit, shared p)",138.32
"gauss (level-fit, shared p)",140.6
"gauss (level-fit, shared p)",73.32
"gauss (level-fit, shared p)",225.55
"gauss (level-fit, shared p)",6.64
"gauss (level-fit, shared p)",167.41
"gauss (level-fit, shared p)",105.62
"gauss (level-fit, shared p)",292.7
"gauss (level-fit, shared p)",103.59
"gauss (level-fit, shared p)",25.04
"gauss (level-fit, shared p)",309.29
"gauss (level-fit, shared p)",54.5
"gauss (level-fit, shared p)",167.75
"gauss (level-fit, shared p)",348.82
"gauss (level-fit, shared p)",135.68
"gauss (level-fit, shared p)",314.63
"gauss (level-fit, shared p)",348.17
"gauss (level-fit, shared p)",347.23
"gauss (level-fit, shared p)",169.57
"gauss (level-fit, shared p)",82.7
"gauss (level-fit, shared p)",135.33
"gauss (level-fit, shared p)",209.67
"gauss (level-fit, shared p)",75.24
"gauss (level-fit, shared p)",148.99
"gauss (level-fit, shared p)",65.92
"gauss (level-fit, shared p)",284.8
"gauss (level-fit, shared p)",16.33
"gauss (level-fit, shared p)",25.28
"gauss (level-fit, shared p)",258.14
"gauss (level-fit, shared p)",94.0
"gauss (level-fit, shared p)",45.32
"gauss (level-fit, shared p)",135.61
"gauss (level-fit, shared p)",345.42
"gauss (level-fit, shared p)",313.89
"gauss (level-fit, shared p)",108.63
"gauss (level-fit, shared p)",13.63
"gauss (level-fit, shared p)",331.49
"gauss (level-fit, shared p)",144.84
"gauss (level-fit, shared p)",79.0
"gauss (level-fit, shared p)",142.52
"gauss (level-fit, shared p)",47.26
"gauss (level-fit, shared p)",303.54
"gauss (level-fit, shared p)",357.88
"gauss (level-fit, shared p)",346.2
"gauss (level-fit, shared p)",277.3
"gauss (level-fit, shared p)",76.24
"gauss (level-fit, shared p)",43.91
"gauss (level-fit, shared p)",343.86
"gauss (level-fit, shared p)",84.58
"gauss (level-fit, shared p)",344.08
"gauss (level-fit, shared p)",75.63
"gauss (level-fit, shared p)",201.76
"gauss (level-fit, shared p)",321.67
"gauss (level-fit, shared p)",157.06
"gauss (level-fit, shared p)",342.73
"gauss (level-fit, shared p)",15.2
"gauss (level-fit, shared p)",342.43
"gauss (level-fit, shared p)",350.11
"gauss (level-fit, shared p)",151.73
"gauss (level-fit, shared p)",314.94
"gauss (level-fit, shared p)",319.97
"gauss (level-fit, shared p)",9.68
"gauss (level-fit, shared p)",350.82
"gauss (level-fit, shared p)",194.86
"gauss (level-fit, shared p)",46.31
"gauss (level-fit, shared p)",24.04
"gauss (level-fit, shared p)",106.75
"gauss (level-fit, shared p)",255.84
"gauss (level-fit, shared p)",14.65
"gauss (level-fit, shared p)",240.55
"gauss (level-fit, shared p)",351.45
"gauss (level-fit, shared p)",138.4
"gauss (level-fit, shared p)",133.56
"gauss (level-fit, shared p)",312.93
"gauss (level-fit, shared p)",344.3
"gauss (level-fit, shared p)",348.07
"gauss (level-fit, shared p)",107.38
"gauss (level-fit, shared p)",6.98
"gauss (level-fit, shared p)",77.75
"gauss (level-fit, shared p)",194.41
"gauss (level-fit, shared p)",90.73
"gauss (level-fit, shared p)",142.78
"gauss (level-fit, shared p)",246.91
"gauss (level-fit, shared p)",151.52
"gauss (level-fit, shared p)",126.67
"gauss (level-fit, shared p)",194.44
"gauss (level-fit, shared p)",305.72
"gauss (level-fit, shared p)",316.81
"gauss (level-fit, shared p)",132.67
"gauss (level-fit, shared p)",219.36
"gauss (level-fit, shared p)",177.07
"gauss (level-fit, shared p)",63.98
"gauss (level-fit, shared p)",252.86
"gauss (level-fit, shared p)",236.25
"gauss (level-fit, shared p)",225.62
"gauss (level-fit, shared p)",85.35
"gauss (level-fit, shared p)",185.66
"gauss (level-fit, shared p)",312.75
"gauss (level-fit, shared p)",240.39
"gauss (level-fit, shared p)",77.79
"gauss (level-fit, shared p)",12.18
"gauss (level-fit, shared p)",106.55
"gauss (level-fit, shared p)",340.23
"gauss (level-fit, shared p)",353.56
"gauss (level-fit, shared p)",87.63
"gauss (level-fit, shared p)",86.05
"gauss (level-fit, shared p)",95.83
"gauss (level-fit, shared p)",98.69
"gauss (level-fit, shared p)",353.94
"gauss (level-fit, shared p)",304.21
"gauss (level-fit, shared p)",119.14
"gauss (level-fit, shared p)",40.45
"gauss (level-fit, shared p)",145.78
"gauss (level-fit, shared p)",346.01
"gauss (level-fit, shared p)",119.26
"gauss (level-fit, shared p)",122.8
"gauss (level-fit, shared p)",315.13
"gauss (level-fit, shared p)",343.22
"gauss (level-fit, shared p)",133.75
"gauss (level-fit, shared p)",131.48
"gauss (level-fit, shared p)",227.96
"gauss (level-fit, shared p)",229.21
"gauss (level-fit, shared p)",249.11
"gauss (level-fit, shared p)",236.23
"gauss (level-fit, shared p)",298.54
"gauss (level-fit, shared p)",244.18
"gauss (level-fit, shared p)",156.98
"gauss (level-fit, shared p)",320.44
"gauss (level-fit, shared p)",145.15
"gauss (level-fit, shared p)",307.51
"gauss (level-fit, shared p)",146.97
"gauss (level-fit, shared p)",289.82
"gauss (level-fit, shared p)",198.09
"gauss (level-fit, shared p)",282.58
"gauss (level-fit, shared p)",136.75
"gauss (level-fit, shared p)",146.76
"gauss (level-fit, shared p)",113.36
"gauss (level-fit, shared p)",155.7
"gauss (level-fit, shared p)",310.55
"gauss (level-fit, shared p)",301.89
"gauss (level-fit, shared p)",294.96
"gauss (level-fit, shared p)",313.93
"gauss (level-fit, shared p)",339.93
"gauss (level-fit, shared p)",167.47
"gauss (level-fit, shared p)",158.67
"gauss (level-fit, shared p)",253.04
"gauss (level-fit, shared p)",117.5
"gauss (level-fit, shared p)",98.44
"gauss (level-fit, shared p)",152.21
"gauss (level-fit, shared p)",143.75
"gauss (level-fit, shared p)",133.47
"gauss (level-fit, shared p)",47.38
"gauss (level-fit, shared p)",314.12
"gauss (level-fit, shared p)",127.4
"gauss (level-fit, shared p)",72.31
"gauss (level-fit, shared p)",229.61
"gauss (level-fit, shared p)",45.05
"gauss (level-fit, shared p)",145.73
"gauss (level-fit, shared p)",70.29
"gauss (level-fit, shared p)",143.22
"gauss (level-fit, shared p)",151.5
"gauss (level-fit, shared p)",312.7
"gauss (level-fit, shared p)",345.03
"gauss (level-fit, shared p)",111.26
"gauss (level-fit, shared p)",81.06
"gauss (level-fit, shared p)",136.56
"gauss (level-fit, shared p)",29.34
"gauss (level-fit, shared p)",314.95
"gauss (level-fit, shared p)",43.43
"gauss (level-fit, shared p)",153.28
"gauss (level-fit, shared p)",164.08
"gauss (level-fit, shared p)",316.96
"gauss (level-fit, shared p)",105.63
"gauss (level-fit, shared p)",288.71
"gauss (level-fit, shared p)",77.79
"gauss (level-fit, shared p)",339.49
"gauss (level-fit, shared p)",150.54
"gauss (level-fit, shared p)",287.29
"gauss (level-fit, shared p)",151.0
"gauss (level-fit, shared p)",127.03
"gauss (level-fit, shared p)",110.76
"gauss (level-fit, shared p)",344.38
"gauss (level-fit, shared p)",55.78
"gauss (level-fit, shared p)",195.39
"gauss (level-fit, shared p)",15.61
"gauss (level-fit, shared p)",185.65
"gauss (level-fit, shared p)",73.18
"gauss (level-fit, shared p)",255.62
"gauss (level-fit, shared p)",148.26
"gauss (level-fit, shared p)",33.19
"gauss (level-fit, shared p)",45.03
"gauss (level-fit, shared p)",197.78
"gauss (level-fit, shared p)",195.6
"gauss (level-fit, shared p)",344.41
"gauss (level-fit, shared p)",265.4
"gauss (level-fit, shared p)",188.6
"gauss (level-fit, shared p)",319.91
"gauss (level-fit, shared p)",106.71
"gauss (level-fit, shared p)",103.11
"gauss (level-fit, shared p)",347.52
"gauss (level-fit, shared p)",340.82
"gauss (level-fit, shared p)",354.58
"gauss (level-fit, shared p)",15.45
"gauss (level-fit, shared p)",339.11
"gauss (level-fit, shared p)",14.38
"gauss (level-fit, shared p)",119.79
"gauss (level-fit, shared p)",315.5
"gauss (level-fit, shared p)",123.78
"gauss (level-fit, shared p)",345.96
"gauss (level-fit, shared p)",221.41
"gauss (level-fit, shared p)",229.63
"gauss (level-fit, shared p)",314.75
"gauss (level-fit, shared p)",25.88
"gauss (level-fit, shared p)",4.9
"gauss (level-fit, shared p)",227.04
"gauss (level-fit, shared p)",143.11
"gauss (level-fit, shared p)",162.25
"gauss (level-fit, shared p)",76.18
"gauss (level-fit, shared p)",231.05
"gauss (level-fit, shared p)",25.99
"gauss (level-fit, shared p)",204.3
"gauss (level-fit, shared p)",123.05
"gauss (level-fit, shared p)",16.4
"gauss (level-fit, shared p)",225.43
"gauss (level-fit, shared p)",108.85
"gauss (level-fit, shared p)",77.64
"gauss (level-fit, shared p)",154.54
"gauss (level-fit, shared p)",302.94
"gauss (level-fit, shared p)",107.75
"gauss (level-fit, shared p)",286.85
"gauss (level-fit, shared p)",225.54
"gauss (level-fit, shared p)",82.61
"gauss (level-fit, shared p)",152.89
"gauss (level-fit, shared p)",139.19
"gauss (level-fit, shared p)",11.58
"gauss (level-fit, shared p)",250.97
"gauss (level-fit, shared p)",146.16
"gauss (level-fit, shared p)",316.2
"gauss (level-fit, shared p)",118.0
"gauss (level-fit, shared p)",309.17
"gauss (level-fit, shared p)",232.99
"gauss (level-fit, shared p)",154.37
"gauss (level-fit, shared p)",74.1
"gauss (level-fit, shared p)",82.43
"gauss (level-fit, shared p)",10.21
"gauss (level-fit, shared p)",131.78
"gauss (level-fit, shared p)",114.53
"gauss (level-fit, shared p)",32.36
"gauss (level-fit, shared p)",19.54
"gauss (level-fit, shared p)",272.17
"gauss (level-fit, shared p)",194.79
"gauss (level-fit, shared p)",282.46
"gauss (level-fit, shared p)",114.71
"gauss (level-fit, shared p)",349.88
"gauss (level-fit, shared p)",1.51
"gauss (level-fit, shared p)",252.51
"gauss (level-fit, shared p)",330.12
"gauss (level-fit, shared p)",164.42
"gauss (level-fit, shared p)",123.91
"gauss (level-fit, shared p)",351.29
"gauss (level-fit, shared p)",253.77
"gauss (level-fit, shared p)",309.51
"gauss (level-fit, shared p)",344.36
"gauss (level-fit, shared p)",153.53
"gauss (level-fit, shared p)",45.62
gauss per-lamp (surviving lamps),225.11
gauss per-lamp (surviving lamps),224.73
gauss per-lamp (surviving lamps),224.83
gauss per-lamp (surviving lamps),224.78
gauss per-lamp (surviving lamps),194.41
gauss per-lamp (surviving lamps),194.43
gauss per-lamp (surviving lamps),194.62
gauss per-lamp (surviving lamps),194.99
gauss per-lamp (surviving lamps),104.9
gauss per-lamp (surviving lamps),104.55
gauss per-lamp (surviving lamps),104.9
gauss per-lamp (surviving lamps),104.98
gauss per-lamp (surviving lamps),75.21
gauss per-lamp (surviving lamps),74.44
gauss per-lamp (surviving lamps),74.45
gauss per-lamp (surviving lamps),74.94
gauss per-lamp (surviving lamps),132.13
gauss per-lamp (surviving lamps),166.52
gauss per-lamp (surviving lamps),142.44
gauss per-lamp (surviving lamps),166.29
gauss per-lamp (surviving lamps),255.12
gauss per-lamp (surviving lamps),255.04
gauss per-lamp (surviving lamps),255.19
gauss per-lamp (surviving lamps),255.11
gauss per-lamp (surviving lamps),135.41
gauss per-lamp (surviving lamps),134.72
gauss per-lamp (surviving lamps),135.39
gauss per-lamp (surviving lamps),135.09
gauss per-lamp (surviving lamps),195.08
gauss per-lamp (surviving lamps),225.44
gauss per-lamp (surviving lamps),231.04
gauss per-lamp (surviving lamps),232.82
gauss per-lamp (surviving lamps),344.85
gauss per-lamp (surviving lamps),344.62
gauss per-lamp (surviving lamps),344.72
gauss per-lamp (surviving lamps),345.12
gauss per-lamp (surviving lamps),45.02
gauss per-lamp (surviving lamps),45.47
gauss per-lamp (surviving lamps),45.24
gauss per-lamp (surviving lamps),44.93
gauss per-lamp (surviving lamps),91.47
gauss per-lamp (surviving lamps),152.76
gauss per-lamp (surviving lamps),98.07
gauss per-lamp (surviving lamps),93.27
gauss per-lamp (surviving lamps),345.68
gauss per-lamp (surviving lamps),346.24
gauss per-lamp (surviving lamps),351.41
gauss per-lamp (surviving lamps),346.25
gauss per-lamp (surviving lamps),345.18
gauss per-lamp (surviving lamps),346.08
gauss per-lamp (surviving lamps),344.6
gauss per-lamp (surviving lamps),345.08
gauss per-lamp (surviving lamps),74.97
gauss per-lamp (surviving lamps),98.56
gauss per-lamp (surviving lamps),68.99
gauss per-lamp (surviving lamps),68.07
gauss per-lamp (surviving lamps),284.93
gauss per-lamp (surviving lamps),284.12
gauss per-lamp (surviving lamps),284.48
gauss per-lamp (surviving lamps),285.16
gauss per-lamp (surviving lamps),133.82
gauss per-lamp (surviving lamps),135.08
gauss per-lamp (surviving lamps),134.36
gauss per-lamp (surviving lamps),135.01
gauss per-lamp (surviving lamps),201.97
gauss per-lamp (surviving lamps),195.21
gauss per-lamp (surviving lamps),195.21
gauss per-lamp (surviving lamps),202.08
gauss per-lamp (surviving lamps),224.09
gauss per-lamp (surviving lamps),224.94
gauss per-lamp (surviving lamps),225.08
gauss per-lamp (surviving lamps),225.03
gauss per-lamp (surviving lamps),75.43
gauss per-lamp (surviving lamps),74.91
gauss per-lamp (surviving lamps),75.09
gauss per-lamp (surviving lamps),74.94
gauss per-lamp (surviving lamps),344.98
gauss per-lamp (surviving lamps),344.87
gauss per-lamp (surviving lamps),317.18
gauss per-lamp (surviving lamps),314.49
gauss per-lamp (surviving lamps),254.49
gauss per-lamp (surviving lamps),255.16
gauss per-lamp (surviving lamps),254.86
gauss per-lamp (surviving lamps),255.0
gauss per-lamp (surviving lamps),246.03
gauss per-lamp (surviving lamps),302.72
gauss per-lamp (surviving lamps),264.1
gauss per-lamp (surviving lamps),255.92
gauss per-lamp (surviving lamps),195.0
gauss per-lamp (surviving lamps),194.99
gauss per-lamp (surviving lamps),194.99
gauss per-lamp (surviving lamps),195.09
gauss per-lamp (surviving lamps),254.71
gauss per-lamp (surviving lamps),255.5
gauss per-lamp (surviving lamps),254.95
gauss per-lamp (surviving lamps),254.87
gauss per-lamp (surviving lamps),104.89
gauss per-lamp (surviving lamps),103.66
gauss per-lamp (surviving lamps),78.14
gauss per-lamp (surviving lamps),121.19
gauss per-lamp (surviving lamps),285.04
gauss per-lamp (surviving lamps),290.59
gauss per-lamp (surviving lamps),311.93
gauss per-lamp (surviving lamps),338.32
gauss per-lamp (surviving lamps),322.25
gauss per-lamp (surviving lamps),286.29
gauss per-lamp (surviving lamps),308.64
gauss per-lamp (surviving lamps),301.89
gauss per-lamp (surviving lamps),194.77
gauss per-lamp (surviving lamps),154.01
gauss per-lamp (surviving lamps),198.18
gauss per-lamp (surviving lamps),194.99
gauss per-lamp (surviving lamps),165.36
gauss per-lamp (surviving lamps),164.43
gauss per-lamp (surviving lamps),165.02
gauss per-lamp (surviving lamps),165.02
gauss per-lamp (surviving lamps),314.05
gauss per-lamp (surviving lamps),314.78
gauss per-lamp (surviving lamps),314.97
gauss per-lamp (surviving lamps),314.85
gauss per-lamp (surviving lamps),15.05
gauss per-lamp (surviving lamps),48.73
gauss per-lamp (surviving lamps),15.02
gauss per-lamp (surviving lamps),14.96
gauss per-lamp (surviving lamps),6.55
gauss per-lamp (surviving lamps),316.96
gauss per-lamp (surviving lamps),321.54
gauss per-lamp (surviving lamps),317.13
gauss per-lamp (surviving lamps),285.17
gauss per-lamp (surviving lamps),284.38
gauss per-lamp (surviving lamps),284.64
gauss per-lamp (surviving lamps),283.77
gauss per-lamp (surviving lamps),58.15
gauss per-lamp (surviving lamps),75.67
gauss per-lamp (surviving lamps),74.98
gauss per-lamp (surviving lamps),76.63
gauss per-lamp (surviving lamps),104.94
gauss per-lamp (surviving lamps),104.49
gauss per-lamp (surviving lamps),104.97
gauss per-lamp (surviving lamps),104.9
gauss per-lamp (surviving lamps),15.28
gauss per-lamp (surviving lamps),14.83
gauss per-lamp (surviving lamps),15.16
gauss per-lamp (surviving lamps),14.38
gauss per-lamp (surviving lamps),165.04
gauss per-lamp (surviving lamps),164.14
gauss per-lamp (surviving lamps),165.0
gauss per-lamp (surviving lamps),164.96
gauss per-lamp (surviving lamps),286.36
gauss per-lamp (surviving lamps),284.01
gauss per-lamp (surviving lamps),284.88
gauss per-lamp (surviving lamps),285.03
gauss per-lamp (surviving lamps),315.17
gauss per-lamp (surviving lamps),314.94
gauss per-lamp (surviving lamps),315.23
gauss per-lamp (surviving lamps),314.84
gauss per-lamp (surviving lamps),260.35
gauss per-lamp (surviving lamps),241.69
gauss per-lamp (surviving lamps),172.86
gauss per-lamp (surviving lamps),207.34
gauss per-lamp (surviving lamps),158.05
gauss per-lamp (surviving lamps),128.52
gauss per-lamp (surviving lamps),135.3
gauss per-lamp (surviving lamps),134.86
gauss per-lamp (surviving lamps),45.7
gauss per-lamp (surviving lamps),45.1
gauss per-lamp (surviving lamps),66.21
gauss per-lamp (surviving lamps),44.6
gauss per-lamp (surviving lamps),84.44
gauss per-lamp (surviving lamps),116.51
gauss per-lamp (surviving lamps),106.86
gauss per-lamp (surviving lamps),107.18
gauss per-lamp (surviving lamps),253.68
gauss per-lamp (surviving lamps),255.08
gauss per-lamp (surviving lamps),255.03
gauss per-lamp (surviving lamps),255.22
gauss per-lamp (surviving lamps),165.05
gauss per-lamp (surviving lamps),165.67
gauss per-lamp (surviving lamps),165.72
gauss per-lamp (surviving lamps),157.27
gauss per-lamp (surviving lamps),76.57
gauss per-lamp (surviving lamps),76.3
gauss per-lamp (surviving lamps),75.08
gauss per-lamp (surviving lamps),76.56
gauss per-lamp (surviving lamps),15.27
gauss per-lamp (surviving lamps),15.07
gauss per-lamp (surviving lamps),15.22
gauss per-lamp (surviving lamps),14.96
gauss per-lamp (surviving lamps),103.97
gauss per-lamp (surviving lamps),104.54
gauss per-lamp (surviving lamps),104.22
gauss per-lamp (surviving lamps),104.47
gauss per-lamp (surviving lamps),286.11
gauss per-lamp (surviving lamps),6.12
gauss per-lamp (surviving lamps),315.64
gauss per-lamp (surviving lamps),353.04
gauss per-lamp (surviving lamps),15.37
gauss per-lamp (surviving lamps),6.71
gauss per-lamp (surviving lamps),15.91
gauss per-lamp (surviving lamps),14.92
gauss per-lamp (surviving lamps),86.85
gauss per-lamp (surviving lamps),83.72
gauss per-lamp (surviving lamps),76.72
gauss per-lamp (surviving lamps),82.51
gauss per-lamp (surviving lamps),45.27
gauss per-lamp (surviving lamps),45.04
gauss per-lamp (surviving lamps),45.0
gauss per-lamp (surviving lamps),45.0
gauss per-lamp (surviving lamps),266.43
gauss per-lamp (surviving lamps),317.65
gauss per-lamp (surviving lamps),278.8
gauss per-lamp (surviving lamps),293.28
gauss per-lamp (surviving lamps),340.8
gauss per-lamp (surviving lamps),344.98
gauss per-lamp (surviving lamps),321.43
gauss per-lamp (surviving lamps),333.46
gauss per-lamp (surviving lamps),275.14
gauss per-lamp (surviving lamps),286.02
gauss per-lamp (surviving lamps),287.1
gauss per-lamp (surviving lamps),285.08
gauss per-lamp (surviving lamps),146.65
gauss per-lamp (surviving lamps),146.27
gauss per-lamp (surviving lamps),166.57
gauss per-lamp (surviving lamps),163.77
gauss per-lamp (surviving lamps),330.83
gauss per-lamp (surviving lamps),285.13
gauss per-lamp (surviving lamps),290.5
gauss per-lamp (surviving lamps),284.83
gauss per-lamp (surviving lamps),115.62
gauss per-lamp (surviving lamps),107.52
gauss per-lamp (surviving lamps),106.08
gauss per-lamp (surviving lamps),107.0
gauss per-lamp (surviving lamps),164.27
gauss per-lamp (surviving lamps),165.0
gauss per-lamp (surviving lamps),165.03
gauss per-lamp (surviving lamps),165.08
gauss per-lamp (surviving lamps),74.47
gauss per-lamp (surviving lamps),75.02
gauss per-lamp (surviving lamps),75.0
gauss per-lamp (surviving lamps),74.75
gauss per-lamp (surviving lamps),243.09
gauss per-lamp (surviving lamps),229.8
gauss per-lamp (surviving lamps),223.46
gauss per-lamp (surviving lamps),224.35
gauss per-lamp (surviving lamps),284.05
gauss per-lamp (surviving lamps),285.14
gauss per-lamp (surviving lamps),284.78
gauss per-lamp (surviving lamps),285.21
gauss per-lamp (surviving lamps),275.05
gauss per-lamp (surviving lamps),314.81
gauss per-lamp (surviving lamps),295.48
gauss per-lamp (surviving lamps),314.94
gauss per-lamp (surviving lamps),14.58
gauss per-lamp (surviving lamps),15.74
gauss per-lamp (surviving lamps),15.15
gauss per-lamp (surviving lamps),15.21
gauss per-lamp (surviving lamps),44.59
gauss per-lamp (surviving lamps),44.71
gauss per-lamp (surviving lamps),44.66
gauss per-lamp (surviving lamps),45.14
gauss per-lamp (surviving lamps),314.94
gauss per-lamp (surviving lamps),328.44
gauss per-lamp (surviving lamps),319.05
gauss per-lamp (surviving lamps),314.86
gauss per-lamp (surviving lamps),314.87
gauss per-lamp (surviving lamps),325.58
gauss per-lamp (surviving lamps),315.17
gauss per-lamp (surviving lamps),313.35
gauss per-lamp (surviving lamps),14.82
gauss per-lamp (surviving lamps),329.81
gauss per-lamp (surviving lamps),23.01
gauss per-lamp (surviving lamps),350.86
gauss per-lamp (surviving lamps),314.19
gauss per-lamp (surviving lamps),315.03
gauss per-lamp (surviving lamps),315.14
gauss per-lamp (surviving lamps),315.26
gauss per-lamp (surviving lamps),94.51
gauss per-lamp (surviving lamps),89.3
gauss per-lamp (surviving lamps),102.33
gauss per-lamp (surviving lamps),134.64
gauss per-lamp (surviving lamps),344.86
gauss per-lamp (surviving lamps),345.21
gauss per-lamp (surviving lamps),345.18
gauss per-lamp (surviving lamps),345.01
gauss per-lamp (surviving lamps),44.96
gauss per-lamp (surviving lamps),45.2
gauss per-lamp (surviving lamps),47.04
gauss per-lamp (surviving lamps),44.85
gauss per-lamp (surviving lamps),164.43
gauss per-lamp (surviving lamps),165.52
gauss per-lamp (surviving lamps),165.05
gauss per-lamp (surviving lamps),164.99
gauss per-lamp (surviving lamps),50.08
gauss per-lamp (surviving lamps),278.47
gauss per-lamp (surviving lamps),318.31
gauss per-lamp (surviving lamps),325.15
gauss per-lamp (surviving lamps),145.13
gauss per-lamp (surviving lamps),164.98
gauss per-lamp (surviving lamps),164.83
gauss per-lamp (surviving lamps),164.98
gauss per-lamp (surviving lamps),104.99
gauss per-lamp (surviving lamps),104.94
gauss per-lamp (surviving lamps),104.99
gauss per-lamp (surviving lamps),104.94
gauss per-lamp (surviving lamps),134.88
gauss per-lamp (surviving lamps),135.0
gauss per-lamp (surviving lamps),134.97
gauss per-lamp (surviving lamps),120.56
gauss per-lamp (surviving lamps),193.03
gauss per-lamp (surviving lamps),196.69
gauss per-lamp (surviving lamps),195.03
gauss per-lamp (surviving lamps),195.33
gauss per-lamp (surviving lamps),254.88
gauss per-lamp (surviving lamps),255.59
gauss per-lamp (surviving lamps),255.04
gauss per-lamp (surviving lamps),254.94
gauss per-lamp (surviving lamps),156.7
gauss per-lamp (surviving lamps),126.86
gauss per-lamp (surviving lamps),114.1
gauss per-lamp (surviving lamps),130.61
gauss per-lamp (surviving lamps),35.36
gauss per-lamp (surviving lamps),57.2
gauss per-lamp (surviving lamps),35.41
gauss per-lamp (surviving lamps),37.75
gauss per-lamp (surviving lamps),195.03
gauss per-lamp (surviving lamps),183.56
gauss per-lamp (surviving lamps),191.64
gauss per-lamp (surviving lamps),192.84
gauss per-lamp (surviving lamps),195.15
gauss per-lamp (surviving lamps),236.06
gauss per-lamp (surviving lamps),195.25
gauss per-lamp (surviving lamps),195.62
gauss per-lamp (surviving lamps),284.95
gauss per-lamp (surviving lamps),269.23
gauss per-lamp (surviving lamps),285.19
gauss per-lamp (surviving lamps),296.03
gauss per-lamp (surviving lamps),344.9
gauss per-lamp (surviving lamps),344.74
gauss per-lamp (surviving lamps),334.06
gauss per-lamp (surviving lamps),346.42
gauss per-lamp (surviving lamps),165.08
gauss per-lamp (surviving lamps),164.81
gauss per-lamp (surviving lamps),164.46
gauss per-lamp (surviving lamps),165.0
gauss per-lamp (surviving lamps),164.81
gauss per-lamp (surviving lamps),165.0
gauss per-lamp (surviving lamps),165.03
gauss per-lamp (surviving lamps),165.0
gauss per-lamp (surviving lamps),194.38
gauss per-lamp (surviving lamps),194.47
gauss per-lamp (surviving lamps),195.03
gauss per-lamp (surviving lamps),195.0
gauss per-lamp (surviving lamps),315.02
gauss per-lamp (surviving lamps),315.17
gauss per-lamp (surviving lamps),314.91
gauss per-lamp (surviving lamps),315.11
gauss per-lamp (surviving lamps),345.09
gauss per-lamp (surviving lamps),340.34
gauss per-lamp (surviving lamps),345.07
gauss per-lamp (surviving lamps),345.09
gauss per-lamp (surviving lamps),72.26
gauss per-lamp (surviving lamps),99.68
gauss per-lamp (surviving lamps),104.92
gauss per-lamp (surviving lamps),104.53
gauss per-lamp (surviving lamps),284.92
gauss per-lamp (surviving lamps),291.53
gauss per-lamp (surviving lamps),285.23
gauss per-lamp (surviving lamps),284.85
gauss per-lamp (surviving lamps),314.94
gauss per-lamp (surviving lamps),313.82
gauss per-lamp (surviving lamps),314.33
gauss per-lamp (surviving lamps),315.11
gauss per-lamp (surviving lamps),46.0
gauss per-lamp (surviving lamps),44.84
gauss per-lamp (surviving lamps),45.18
gauss per-lamp (surviving lamps),45.12
gauss per-lamp (surviving lamps),74.81
gauss per-lamp (surviving lamps),106.52
gauss per-lamp (surviving lamps),50.95
gauss per-lamp (surviving lamps),74.72
gauss per-lamp (surviving lamps),344.91
gauss per-lamp (surviving lamps),345.57
gauss per-lamp (surviving lamps),345.38
gauss per-lamp (surviving lamps),345.18
gauss per-lamp (surviving lamps),188.37
gauss per-lamp (surviving lamps),184.98
gauss per-lamp (surviving lamps),188.64
gauss per-lamp (surviving lamps),144.77
gauss per-lamp (surviving lamps),224.8
gauss per-lamp (surviving lamps),224.96
gauss per-lamp (surviving lamps),224.65
gauss per-lamp (surviving lamps),224.84
gauss per-lamp (surviving lamps),285.0
gauss per-lamp (surviving lamps),269.01
gauss per-lamp (surviving lamps),310.98
gauss per-lamp (surviving lamps),275.54
gauss per-lamp (surviving lamps),137.55
gauss per-lamp (surviving lamps),92.82
gauss per-lamp (surviving lamps),127.67
gauss per-lamp (surviving lamps),104.2
gauss per-lamp (surviving lamps),165.05
gauss per-lamp (surviving lamps),149.96
gauss per-lamp (surviving lamps),184.51
gauss per-lamp (surviving lamps),175.46
gauss per-lamp (surviving lamps),44.87
gauss per-lamp (surviving lamps),5.12
gauss per-lamp (surviving lamps),49.97
gauss per-lamp (surviving lamps),46.42
gauss per-lamp (surviving lamps),195.46
gauss per-lamp (surviving lamps),196.03
gauss per-lamp (surviving lamps),195.38
gauss per-lamp (surviving lamps),195.09
gauss per-lamp (surviving lamps),285.11
gauss per-lamp (surviving lamps),309.4
gauss per-lamp (surviving lamps),285.07
gauss per-lamp (surviving lamps),288.4
gauss per-lamp (surviving lamps),135.0
gauss per-lamp (surviving lamps),126.73
gauss per-lamp (surviving lamps),133.77
gauss per-lamp (surviving lamps),131.7
gauss per-lamp (surviving lamps),225.24
gauss per-lamp (surviving lamps),224.82
gauss per-lamp (surviving lamps),224.71
gauss per-lamp (surviving lamps),224.99
gauss per-lamp (surviving lamps),162.53
gauss per-lamp (surviving lamps),164.9
gauss per-lamp (surviving lamps),160.05
gauss per-lamp (surviving lamps),167.01
gauss per-lamp (surviving lamps),285.92
gauss per-lamp (surviving lamps),284.82
gauss per-lamp (surviving lamps),284.82
gauss per-lamp (surviving lamps),284.97
gauss per-lamp (surviving lamps),101.66
gauss per-lamp (surviving lamps),103.86
gauss per-lamp (surviving lamps),105.37
gauss per-lamp (surviving lamps),104.28
gauss per-lamp (surviving lamps),14.9
gauss per-lamp (surviving lamps),15.03
gauss per-lamp (surviving lamps),15.07
gauss per-lamp (surviving lamps),14.9
gauss per-lamp (surviving lamps),284.79
gauss per-lamp (surviving lamps),284.86
gauss per-lamp (surviving lamps),285.12
gauss per-lamp (surviving lamps),284.84
gauss per-lamp (surviving lamps),45.06
gauss per-lamp (surviving lamps),45.0
gauss per-lamp (surviving lamps),45.07
gauss per-lamp (surviving lamps),44.93
gauss per-lamp (surviving lamps),255.24
gauss per-lamp (surviving lamps),256.66
gauss per-lamp (surviving lamps),254.84
gauss per-lamp (surviving lamps),254.84
gauss per-lamp (surviving lamps),284.74
gauss per-lamp (surviving lamps),285.83
gauss per-lamp (surviving lamps),284.86
gauss per-lamp (surviving lamps),285.32
gauss per-lamp (surviving lamps),344.89
gauss per-lamp (surviving lamps),344.97
gauss per-lamp (surviving lamps),344.92
gauss per-lamp (surviving lamps),345.21
gauss per-lamp (surviving lamps),196.49
gauss per-lamp (surviving lamps),237.83
gauss per-lamp (surviving lamps),195.05
gauss per-lamp (surviving lamps),195.15
gauss per-lamp (surviving lamps),195.15
gauss per-lamp (surviving lamps),194.19
gauss per-lamp (surviving lamps),193.91
gauss per-lamp (surviving lamps),195.06
gauss per-lamp (surviving lamps),104.6
gauss per-lamp (surviving lamps),104.9
gauss per-lamp (surviving lamps),104.91
gauss per-lamp (surviving lamps),104.92
gauss per-lamp (surviving lamps),74.33
gauss per-lamp (surviving lamps),75.05
gauss per-lamp (surviving lamps),75.14
gauss per-lamp (surviving lamps),74.94
gauss per-lamp (surviving lamps),127.42
gauss per-lamp (surviving lamps),164.87
gauss per-lamp (surviving lamps),157.79
gauss per-lamp (surviving lamps),164.99
gauss per-lamp (surviving lamps),315.17
gauss per-lamp (surviving lamps),314.74
gauss per-lamp (surviving lamps),314.94
gauss per-lamp (surviving lamps),314.82
gauss per-lamp (surviving lamps),72.8
gauss per-lamp (surviving lamps),104.89
gauss per-lamp (surviving lamps),104.9
gauss per-lamp (surviving lamps),92.42
gauss per-lamp (surviving lamps),163.97
gauss per-lamp (surviving lamps),164.49
gauss per-lamp (surviving lamps),165.43
gauss per-lamp (surviving lamps),164.6
gauss per-lamp (surviving lamps),284.97
gauss per-lamp (surviving lamps),285.16
gauss per-lamp (surviving lamps),284.78
gauss per-lamp (surviving lamps),284.78
gauss per-lamp (surviving lamps),301.02
gauss per-lamp (surviving lamps),273.08
gauss per-lamp (surviving lamps),288.78
gauss per-lamp (surviving lamps),285.1
gauss per-lamp (surviving lamps),225.21
gauss per-lamp (surviving lamps),224.04
gauss per-lamp (surviving lamps),224.2
gauss per-lamp (surviving lamps),224.88
gauss per-lamp (surviving lamps),344.88
gauss per-lamp (surviving lamps),344.53
gauss per-lamp (surviving lamps),345.08
gauss per-lamp (surviving lamps),345.22
gauss per-lamp (surviving lamps),284.7
gauss per-lamp (surviving lamps),255.18
gauss per-lamp (surviving lamps),279.23
gauss per-lamp (surviving lamps),280.51
gauss per-lamp (surviving lamps),164.96
gauss per-lamp (surviving lamps),124.69
gauss per-lamp (surviving lamps),164.83
gauss per-lamp (surviving lamps),155.07
gauss per-lamp (surviving lamps),224.45
gauss per-lamp (surviving lamps),224.98
gauss per-lamp (surviving lamps),224.98
gauss per-lamp (surviving lamps),224.9
gauss per-lamp (surviving lamps),165.17
gauss per-lamp (surviving lamps),164.86
gauss per-lamp (surviving lamps),165.97
gauss per-lamp (surviving lamps),164.96
gauss per-lamp (surviving lamps),284.51
gauss per-lamp (surviving lamps),285.07
gauss per-lamp (surviving lamps),284.86
gauss per-lamp (surviving lamps),285.09
gauss per-lamp (surviving lamps),74.89
gauss per-lamp (surviving lamps),75.19
gauss per-lamp (surviving lamps),75.02
gauss per-lamp (surviving lamps),74.98
gauss per-lamp (surviving lamps),165.24
gauss per-lamp (surviving lamps),164.44
gauss per-lamp (surviving lamps),164.44
gauss per-lamp (surviving lamps),165.37
gauss per-lamp (surviving lamps),194.97
gauss per-lamp (surviving lamps),214.13
gauss per-lamp (surviving lamps),194.99
gauss per-lamp (surviving lamps),194.95
gauss per-lamp (surviving lamps),254.11
gauss per-lamp (surviving lamps),254.37
gauss per-lamp (surviving lamps),254.16
gauss per-lamp (surviving lamps),254.73
gauss per-lamp (surviving lamps),75.36
gauss per-lamp (surviving lamps),75.21
gauss per-lamp (surviving lamps),74.93
gauss per-lamp (surviving lamps),75.12
gauss per-lamp (surviving lamps),121.24
gauss per-lamp (surviving lamps),96.33
gauss per-lamp (surviving lamps),105.92
gauss per-lamp (surviving lamps),115.0
gauss per-lamp (surviving lamps),15.16
gauss per-lamp (surviving lamps),14.99
gauss per-lamp (surviving lamps),15.03
gauss per-lamp (surviving lamps),15.17
gauss per-lamp (surviving lamps),224.88
gauss per-lamp (surviving lamps),224.94
gauss per-lamp (surviving lamps),224.98
gauss per-lamp (surviving lamps),224.93
gauss per-lamp (surviving lamps),314.23
gauss per-lamp (surviving lamps),344.85
gauss per-lamp (surviving lamps),338.79
gauss per-lamp (surviving lamps),330.64
gauss per-lamp (surviving lamps),327.64
gauss per-lamp (surviving lamps),312.92
gauss per-lamp (surviving lamps),314.89
gauss per-lamp (surviving lamps),311.68
gauss per-lamp (surviving lamps),355.61
gauss per-lamp (surviving lamps),314.85
gauss per-lamp (surviving lamps),314.9
gauss per-lamp (surviving lamps),315.11
gauss per-lamp (surviving lamps),105.39
gauss per-lamp (surviving lamps),105.09
gauss per-lamp (surviving lamps),104.93
gauss per-lamp (surviving lamps),104.87
gauss per-lamp (surviving lamps),224.82
gauss per-lamp (surviving lamps),225.0
gauss per-lamp (surviving lamps),224.97
gauss per-lamp (surviving lamps),224.97
gauss per-lamp (surviving lamps),206.99
gauss per-lamp (surviving lamps),106.68
gauss per-lamp (surviving lamps),143.74
gauss per-lamp (surviving lamps),134.99
gauss per-lamp (surviving lamps),276.83
gauss per-lamp (surviving lamps),264.05
gauss per-lamp (surviving lamps),284.85
gauss per-lamp (surviving lamps),285.18
gauss per-lamp (surviving lamps),104.72
gauss per-lamp (surviving lamps),105.01
gauss per-lamp (surviving lamps),122.26
gauss per-lamp (surviving lamps),105.02
gauss per-lamp (surviving lamps),105.87
gauss per-lamp (surviving lamps),104.05
gauss per-lamp (surviving lamps),104.91
gauss per-lamp (surviving lamps),104.91
gauss per-lamp (surviving lamps),20.17
gauss per-lamp (surviving lamps),70.22
gauss per-lamp (surviving lamps),31.68
gauss per-lamp (surviving lamps),48.71
gauss per-lamp (surviving lamps),284.64
gauss per-lamp (surviving lamps),285.4
gauss per-lamp (surviving lamps),284.78
gauss per-lamp (surviving lamps),284.78
gauss per-lamp (surviving lamps),345.85
gauss per-lamp (surviving lamps),274.66
gauss per-lamp (surviving lamps),348.03
gauss per-lamp (surviving lamps),324.68
gauss per-lamp (surviving lamps),284.87
gauss per-lamp (surviving lamps),285.27
gauss per-lamp (surviving lamps),285.24
gauss per-lamp (surviving lamps),285.39
gauss per-lamp (surviving lamps),45.14
gauss per-lamp (surviving lamps),44.93
gauss per-lamp (surviving lamps),51.45
gauss per-lamp (surviving lamps),45.01
gauss per-lamp (surviving lamps),63.32
gauss per-lamp (surviving lamps),102.39
gauss per-lamp (surviving lamps),49.41
gauss per-lamp (surviving lamps),83.23
gauss per-lamp (surviving lamps),344.84
gauss per-lamp (surviving lamps),345.19
gauss per-lamp (surviving lamps),345.12
gauss per-lamp (surviving lamps),345.19
gauss per-lamp (surviving lamps),196.24
gauss per-lamp (surviving lamps),194.96
gauss per-lamp (surviving lamps),195.0
gauss per-lamp (surviving lamps),195.03
gauss per-lamp (surviving lamps),74.8
gauss per-lamp (surviving lamps),75.11
gauss per-lamp (surviving lamps),75.11
gauss per-lamp (surviving lamps),74.93
gauss per-lamp (surviving lamps),14.9
gauss per-lamp (surviving lamps),14.86
gauss per-lamp (surviving lamps),14.65
gauss per-lamp (surviving lamps),14.76
gauss per-lamp (surviving lamps),344.71
gauss per-lamp (surviving lamps),346.49
gauss per-lamp (surviving lamps),344.71
gauss per-lamp (surviving lamps),345.12
gauss per-lamp (surviving lamps),104.56
gauss per-lamp (surviving lamps),104.94
gauss per-lamp (surviving lamps),105.0
gauss per-lamp (surviving lamps),105.16
gauss per-lamp (surviving lamps),258.68
gauss per-lamp (surviving lamps),261.28
gauss per-lamp (surviving lamps),255.2
gauss per-lamp (surviving lamps),254.87
gauss per-lamp (surviving lamps),315.11
gauss per-lamp (surviving lamps),315.12
gauss per-lamp (surviving lamps),315.12
gauss per-lamp (surviving lamps),325.59
gauss per-lamp (surviving lamps),297.25
gauss per-lamp (surviving lamps),6.9
gauss per-lamp (surviving lamps),339.91
gauss per-lamp (surviving lamps),346.67
gauss per-lamp (surviving lamps),195.1
gauss per-lamp (surviving lamps),195.15
gauss per-lamp (surviving lamps),195.03
gauss per-lamp (surviving lamps),195.17
gauss per-lamp (surviving lamps),238.79
gauss per-lamp (surviving lamps),257.61
gauss per-lamp (surviving lamps),227.95
gauss per-lamp (surviving lamps),225.02
gauss per-lamp (surviving lamps),157.56
gauss per-lamp (surviving lamps),134.85
gauss per-lamp (surviving lamps),124.8
gauss per-lamp (surviving lamps),134.96
gauss per-lamp (surviving lamps),44.64
gauss per-lamp (surviving lamps),45.1
gauss per-lamp (surviving lamps),45.08
gauss per-lamp (surviving lamps),45.09
gauss per-lamp (surviving lamps),195.14
gauss per-lamp (surviving lamps),195.02
gauss per-lamp (surviving lamps),195.04
gauss per-lamp (surviving lamps),194.83
gauss per-lamp (surviving lamps),135.08
gauss per-lamp (surviving lamps),134.82
gauss per-lamp (surviving lamps),134.22
gauss per-lamp (surviving lamps),134.86
gauss per-lamp (surviving lamps),284.93
gauss per-lamp (surviving lamps),284.87
gauss per-lamp (surviving lamps),294.48
gauss per-lamp (surviving lamps),285.16
gauss per-lamp (surviving lamps),284.9
gauss per-lamp (surviving lamps),284.46
gauss per-lamp (surviving lamps),285.16
gauss per-lamp (surviving lamps),285.06
gauss per-lamp (surviving lamps),45.05
gauss per-lamp (surviving lamps),44.93
gauss per-lamp (surviving lamps),44.55
gauss per-lamp (surviving lamps),45.18
gauss per-lamp (surviving lamps),75.73
gauss per-lamp (surviving lamps),73.87
gauss per-lamp (surviving lamps),74.81
gauss per-lamp (surviving lamps),75.34
gauss per-lamp (surviving lamps),105.28
gauss per-lamp (surviving lamps),104.44
gauss per-lamp (surviving lamps),104.89
gauss per-lamp (surviving lamps),105.29
gauss per-lamp (surviving lamps),179.22
gauss per-lamp (surviving lamps),142.95
gauss per-lamp (surviving lamps),178.57
gauss per-lamp (surviving lamps),189.62
gauss per-lamp (surviving lamps),284.79
gauss per-lamp (surviving lamps),285.39
gauss per-lamp (surviving lamps),285.53
gauss per-lamp (surviving lamps),285.12
gauss per-lamp (surviving lamps),309.29
gauss per-lamp (surviving lamps),18.78
gauss per-lamp (surviving lamps),309.11
gauss per-lamp (surviving lamps),324.81
gauss per-lamp (surviving lamps),315.21
gauss per-lamp (surviving lamps),315.38
gauss per-lamp (surviving lamps),314.88
gauss per-lamp (surviving lamps),315.04
gauss per-lamp (surviving lamps),315.06
gauss per-lamp (surviving lamps),315.39
gauss per-lamp (surviving lamps),315.36
gauss per-lamp (surviving lamps),314.87
gauss per-lamp (surviving lamps),314.89
gauss per-lamp (surviving lamps),315.13
gauss per-lamp (surviving lamps),314.81
gauss per-lamp (surviving lamps),315.19
gauss per-lamp (surviving lamps),195.53
gauss per-lamp (surviving lamps),195.52
gauss per-lamp (surviving lamps),194.89
gauss per-lamp (surviving lamps),195.15
gauss per-lamp (surviving lamps),164.99
gauss per-lamp (surviving lamps),164.89
gauss per-lamp (surviving lamps),164.96
gauss per-lamp (surviving lamps),164.91
gauss per-lamp (surviving lamps),93.28
gauss per-lamp (surviving lamps),104.39
gauss per-lamp (surviving lamps),75.73
gauss per-lamp (surviving lamps),111.92
gauss per-lamp (surviving lamps),75.02
gauss per-lamp (surviving lamps),76.2
gauss per-lamp (surviving lamps),75.74
gauss per-lamp (surviving lamps),75.21
gauss per-lamp (surviving lamps),74.95
gauss per-lamp (surviving lamps),75.14
gauss per-lamp (surviving lamps),75.51
gauss per-lamp (surviving lamps),75.67
gauss per-lamp (surviving lamps),194.98
gauss per-lamp (surviving lamps),194.88
gauss per-lamp (surviving lamps),194.91
gauss per-lamp (surviving lamps),182.43
gauss per-lamp (surviving lamps),285.49
gauss per-lamp (surviving lamps),284.87
gauss per-lamp (surviving lamps),285.11
gauss per-lamp (surviving lamps),284.84
gauss per-lamp (surviving lamps),285.0
gauss per-lamp (surviving lamps),298.14
gauss per-lamp (surviving lamps),288.07
gauss per-lamp (surviving lamps),286.64
gauss per-lamp (surviving lamps),165.03
gauss per-lamp (surviving lamps),164.53
gauss per-lamp (surviving lamps),165.03
gauss per-lamp (surviving lamps),165.0
gauss per-lamp (surviving lamps),344.9
gauss per-lamp (surviving lamps),344.12
gauss per-lamp (surviving lamps),344.72
gauss per-lamp (surviving lamps),345.09
gauss per-lamp (surviving lamps),285.1
gauss per-lamp (surviving lamps),285.27
gauss per-lamp (surviving lamps),285.11
gauss per-lamp (surviving lamps),285.18
gauss per-lamp (surviving lamps),135.13
gauss per-lamp (surviving lamps),143.54
gauss per-lamp (surviving lamps),135.19
gauss per-lamp (surviving lamps),134.95
gauss per-lamp (surviving lamps),172.99
gauss per-lamp (surviving lamps),163.66
gauss per-lamp (surviving lamps),147.3
gauss per-lamp (surviving lamps),193.55
gauss per-lamp (surviving lamps),254.14
gauss per-lamp (surviving lamps),254.6
gauss per-lamp (surviving lamps),254.88
gauss per-lamp (surviving lamps),255.02
gauss per-lamp (surviving lamps),281.85
gauss per-lamp (surviving lamps),284.46
gauss per-lamp (surviving lamps),285.05
gauss per-lamp (surviving lamps),284.77
gauss per-lamp (surviving lamps),74.93
gauss per-lamp (surviving lamps),132.99
gauss per-lamp (surviving lamps),74.16
gauss per-lamp (surviving lamps),66.83
gauss per-lamp (surviving lamps),276.7
gauss per-lamp (surviving lamps),285.61
gauss per-lamp (surviving lamps),287.47
gauss per-lamp (surviving lamps),324.63
gauss per-lamp (surviving lamps),344.35
gauss per-lamp (surviving lamps),344.95
gauss per-lamp (surviving lamps),345.01
gauss per-lamp (surviving lamps),344.98
gauss per-lamp (surviving lamps),194.9
gauss per-lamp (surviving lamps),194.96
gauss per-lamp (surviving lamps),195.03
gauss per-lamp (surviving lamps),194.97
gauss per-lamp (surviving lamps),75.52
gauss per-lamp (surviving lamps),75.53
gauss per-lamp (surviving lamps),74.87
gauss per-lamp (surviving lamps),75.13
gauss per-lamp (surviving lamps),79.1
gauss per-lamp (surviving lamps),104.87
gauss per-lamp (surviving lamps),104.9
gauss per-lamp (surviving lamps),104.94
gauss per-lamp (surviving lamps),75.0
gauss per-lamp (surviving lamps),74.03
gauss per-lamp (surviving lamps),74.76
gauss per-lamp (surviving lamps),74.95
gauss per-lamp (surviving lamps),298.0
gauss per-lamp (surviving lamps),327.73
gauss per-lamp (surviving lamps),287.33
gauss per-lamp (surviving lamps),285.04
gauss per-lamp (surviving lamps),104.92
gauss per-lamp (surviving lamps),111.73
gauss per-lamp (surviving lamps),105.28
gauss per-lamp (surviving lamps),105.13
gauss per-lamp (surviving lamps),285.14
gauss per-lamp (surviving lamps),285.07
gauss per-lamp (surviving lamps),285.2
gauss per-lamp (surviving lamps),285.19
gauss per-lamp (surviving lamps),225.15
gauss per-lamp (surviving lamps),225.14
gauss per-lamp (surviving lamps),224.81
gauss per-lamp (surviving lamps),224.84
gauss per-lamp (surviving lamps),314.13
gauss per-lamp (surviving lamps),316.8
gauss per-lamp (surviving lamps),316.85
gauss per-lamp (surviving lamps),315.19
gauss per-lamp (surviving lamps),193.74
gauss per-lamp (surviving lamps),213.08
gauss per-lamp (surviving lamps),195.47
gauss per-lamp (surviving lamps),194.11
gauss per-lamp (surviving lamps),15.33
gauss per-lamp (surviving lamps),15.07
gauss per-lamp (surviving lamps),15.16
gauss per-lamp (surviving lamps),15.21
gauss per-lamp (surviving lamps),285.67
gauss per-lamp (surviving lamps),324.24
gauss per-lamp (surviving lamps),285.04
gauss per-lamp (surviving lamps),289.22
gauss per-lamp (surviving lamps),224.65
gauss per-lamp (surviving lamps),224.72
gauss per-lamp (surviving lamps),224.92
gauss per-lamp (surviving lamps),224.98
gauss per-lamp (surviving lamps),135.01
gauss per-lamp (surviving lamps),134.65
gauss per-lamp (surviving lamps),134.98
gauss per-lamp (surviving lamps),134.73
gauss per-lamp (surviving lamps),105.83
gauss per-lamp (surviving lamps),135.14
gauss per-lamp (surviving lamps),143.12
gauss per-lamp (surviving lamps),114.94
gauss per-lamp (surviving lamps),134.95
gauss per-lamp (surviving lamps),135.0
gauss per-lamp (surviving lamps),135.01
gauss per-lamp (surviving lamps),135.0
gauss per-lamp (surviving lamps),287.3
gauss per-lamp (surviving lamps),227.34
gauss per-lamp (surviving lamps),351.65
gauss per-lamp (surviving lamps),293.66
gauss per-lamp (surviving lamps),49.88
gauss per-lamp (surviving lamps),291.89
gauss per-lamp (surviving lamps),10.19
gauss per-lamp (surviving lamps),9.33
gauss per-lamp (surviving lamps),255.1
gauss per-lamp (surviving lamps),254.9
gauss per-lamp (surviving lamps),254.87
gauss per-lamp (surviving lamps),254.93
gauss per-lamp (surviving lamps),165.06
gauss per-lamp (surviving lamps),166.27
gauss per-lamp (surviving lamps),158.17
gauss per-lamp (surviving lamps),164.93
gauss per-lamp (surviving lamps),164.74
gauss per-lamp (surviving lamps),165.13
gauss per-lamp (surviving lamps),164.88
gauss per-lamp (surviving lamps),164.93
gauss per-lamp (surviving lamps),314.93
gauss per-lamp (surviving lamps),315.12
gauss per-lamp (surviving lamps),315.66
gauss per-lamp (surviving lamps),315.11
gauss per-lamp (surviving lamps),272.62
gauss per-lamp (surviving lamps),284.82
gauss per-lamp (surviving lamps),284.82
gauss per-lamp (surviving lamps),284.91
gauss per-lamp (surviving lamps),110.39
gauss per-lamp (surviving lamps),106.34
gauss per-lamp (surviving lamps),104.9
gauss per-lamp (surviving lamps),104.99
gauss per-lamp (surviving lamps),75.11
gauss per-lamp (surviving lamps),74.73
gauss per-lamp (surviving lamps),74.78
gauss per-lamp (surviving lamps),74.93
gauss per-lamp (surviving lamps),164.74
gauss per-lamp (surviving lamps),165.19
gauss per-lamp (surviving lamps),164.84
gauss per-lamp (surviving lamps),165.01
gauss per-lamp (surviving lamps),289.33
gauss per-lamp (surviving lamps),262.98
gauss per-lamp (surviving lamps),263.06
gauss per-lamp (surviving lamps),322.85
gauss per-lamp (surviving lamps),44.12
gauss per-lamp (surviving lamps),46.15
gauss per-lamp (surviving lamps),45.74
gauss per-lamp (surviving lamps),46.1
gauss per-lamp (surviving lamps),194.6
gauss per-lamp (surviving lamps),194.99
gauss per-lamp (surviving lamps),194.92
gauss per-lamp (surviving lamps),194.99
gauss per-lamp (surviving lamps),344.94
gauss per-lamp (surviving lamps),346.22
gauss per-lamp (surviving lamps),345.61
gauss per-lamp (surviving lamps),345.38
gauss per-lamp (surviving lamps),165.88
gauss per-lamp (surviving lamps),164.86
gauss per-lamp (surviving lamps),164.92
gauss per-lamp (surviving lamps),165.04
gauss per-lamp (surviving lamps),135.09
gauss per-lamp (surviving lamps),134.85
gauss per-lamp (surviving lamps),133.7
gauss per-lamp (surviving lamps),134.98
gauss per-lamp (surviving lamps),165.31
gauss per-lamp (surviving lamps),164.14
gauss per-lamp (surviving lamps),165.0
gauss per-lamp (surviving lamps),164.92
gauss per-lamp (surviving lamps),135.14
gauss per-lamp (surviving lamps),134.89
gauss per-lamp (surviving lamps),136.66
gauss per-lamp (surviving lamps),134.65
gauss per-lamp (surviving lamps),118.22
gauss per-lamp (surviving lamps),121.98
gauss per-lamp (surviving lamps),132.86
gauss per-lamp (surviving lamps),131.93
gauss per-lamp (surviving lamps),54.17
gauss per-lamp (surviving lamps),45.07
gauss per-lamp (surviving lamps),43.53
gauss per-lamp (surviving lamps),49.31
gauss per-lamp (surviving lamps),225.18
gauss per-lamp (surviving lamps),225.25
gauss per-lamp (surviving lamps),282.45
gauss per-lamp (surviving lamps),225.11
gauss per-lamp (surviving lamps),34.67
gauss per-lamp (surviving lamps),44.8
gauss per-lamp (surviving lamps),20.29
gauss per-lamp (surviving lamps),42.61
gauss per-lamp (surviving lamps),285.48
gauss per-lamp (surviving lamps),283.88
gauss per-lamp (surviving lamps),284.67
gauss per-lamp (surviving lamps),283.85
gauss per-lamp (surviving lamps),15.02
gauss per-lamp (surviving lamps),15.27
gauss per-lamp (surviving lamps),15.11
gauss per-lamp (surviving lamps),15.21
gauss per-lamp (surviving lamps),44.13
gauss per-lamp (surviving lamps),15.47
gauss per-lamp (surviving lamps),15.34
gauss per-lamp (surviving lamps),25.82
gauss per-lamp (surviving lamps),195.06
gauss per-lamp (surviving lamps),194.93
gauss per-lamp (surviving lamps),195.0
gauss per-lamp (surviving lamps),194.98
gauss per-lamp (surviving lamps),14.56
gauss per-lamp (surviving lamps),14.67
gauss per-lamp (surviving lamps),14.92
gauss per-lamp (surviving lamps),15.09
gauss per-lamp (surviving lamps),52.07
gauss per-lamp (surviving lamps),44.73
gauss per-lamp (surviving lamps),44.97
gauss per-lamp (surviving lamps),45.86
gauss per-lamp (surviving lamps),349.15
gauss per-lamp (surviving lamps),358.45
gauss per-lamp (surviving lamps),346.63
gauss per-lamp (surviving lamps),345.45
gauss per-lamp (surviving lamps),255.68
gauss per-lamp (surviving lamps),255.01
gauss per-lamp (surviving lamps),255.02
gauss per-lamp (surviving lamps),254.85
gauss per-lamp (surviving lamps),315.11
gauss per-lamp (surviving lamps),315.12
gauss per-lamp (surviving lamps),315.19
gauss per-lamp (surviving lamps),314.89
gauss per-lamp (surviving lamps),52.63
gauss per-lamp (surviving lamps),74.8
gauss per-lamp (surviving lamps),74.91
gauss per-lamp (surviving lamps),74.91
gauss per-lamp (surviving lamps),165.01
gauss per-lamp (surviving lamps),148.1
gauss per-lamp (surviving lamps),147.79
gauss per-lamp (surviving lamps),178.32
gauss per-lamp (surviving lamps),198.82
gauss per-lamp (surviving lamps),224.85
gauss per-lamp (surviving lamps),224.78
gauss per-lamp (surviving lamps),201.39
gauss per-lamp (surviving lamps),4.56
gauss per-lamp (surviving lamps),0.11
gauss per-lamp (surviving lamps),1.14
gauss per-lamp (surviving lamps),346.06
gauss per-lamp (surviving lamps),75.22
gauss per-lamp (surviving lamps),74.6
gauss per-lamp (surviving lamps),74.96
gauss per-lamp (surviving lamps),74.84
gauss per-lamp (surviving lamps),296.72
gauss per-lamp (surviving lamps),319.4
gauss per-lamp (surviving lamps),315.19
gauss per-lamp (surviving lamps),308.51
gauss per-lamp (surviving lamps),315.07
gauss per-lamp (surviving lamps),306.88
gauss per-lamp (surviving lamps),314.54
gauss per-lamp (surviving lamps),304.6
gauss per-lamp (surviving lamps),345.12
gauss per-lamp (surviving lamps),344.87
gauss per-lamp (surviving lamps),344.97
gauss per-lamp (surviving lamps),345.34
gauss per-lamp (surviving lamps),14.67
gauss per-lamp (surviving lamps),12.8
gauss per-lamp (surviving lamps),15.2
gauss per-lamp (surviving lamps),15.01
gauss per-lamp (surviving lamps),265.66
gauss per-lamp (surviving lamps),255.76
gauss per-lamp (surviving lamps),273.37
gauss per-lamp (surviving lamps),255.84
gauss per-lamp (surviving lamps),135.1
gauss per-lamp (surviving lamps),135.03
gauss per-lamp (surviving lamps),134.99
gauss per-lamp (surviving lamps),134.76
gauss per-lamp (surviving lamps),345.27
gauss per-lamp (surviving lamps),344.57
gauss per-lamp (surviving lamps),345.04
gauss per-lamp (surviving lamps),345.15
gauss per-lamp (surviving lamps),75.25
gauss per-lamp (surviving lamps),67.51
gauss per-lamp (surviving lamps),71.1
gauss per-lamp (surviving lamps),81.76
gauss per-lamp (surviving lamps),224.18
gauss per-lamp (surviving lamps),216.54
gauss per-lamp (surviving lamps),225.3
gauss per-lamp (surviving lamps),224.79
gauss per-lamp (surviving lamps),44.91
gauss per-lamp (surviving lamps),34.18
gauss per-lamp (surviving lamps),45.17
gauss per-lamp (surviving lamps),44.88
gauss per-lamp (surviving lamps),255.02
gauss per-lamp (surviving lamps),255.08
gauss per-lamp (surviving lamps),255.0
gauss per-lamp (surviving lamps),255.07
gauss per-lamp (surviving lamps),348.89
gauss per-lamp (surviving lamps),19.09
gauss per-lamp (surviving lamps),342.42
gauss per-lamp (surviving lamps),328.59
gauss per-lamp (surviving lamps),138.83
gauss per-lamp (surviving lamps),134.92
gauss per-lamp (surviving lamps),134.28
gauss per-lamp (surviving lamps),134.93
gauss per-lamp (surviving lamps),254.73
gauss per-lamp (surviving lamps),255.06
gauss per-lamp (surviving lamps),255.01
gauss per-lamp (surviving lamps),254.85
gauss per-lamp (surviving lamps),342.35
gauss per-lamp (surviving lamps),298.05
gauss per-lamp (surviving lamps),303.63
gauss per-lamp (surviving lamps),302.64
gauss per-lamp (surviving lamps),45.3
gauss per-lamp (surviving lamps),44.15
gauss per-lamp (surviving lamps),45.0
gauss per-lamp (surviving lamps),45.14
gauss per-lamp (surviving lamps),44.85
gauss per-lamp (surviving lamps),45.77
gauss per-lamp (surviving lamps),45.22
gauss per-lamp (surviving lamps),44.85
gauss per-lamp (surviving lamps),207.58
gauss per-lamp (surviving lamps),153.01
gauss per-lamp (surviving lamps),157.75
gauss per-lamp (surviving lamps),196.98
gauss per-lamp (surviving lamps),245.56
gauss per-lamp (surviving lamps),318.93
gauss per-lamp (surviving lamps),299.11
gauss per-lamp (surviving lamps),288.69
gauss per-lamp (surviving lamps),15.18
gauss per-lamp (surviving lamps),15.34
gauss per-lamp (surviving lamps),26.73
gauss per-lamp (surviving lamps),25.97
gauss per-lamp (surviving lamps),6.25
gauss per-lamp (surviving lamps),338.77
gauss per-lamp (surviving lamps),345.04
gauss per-lamp (surviving lamps),342.14
gauss per-lamp (surviving lamps),337.89
gauss per-lamp (surviving lamps),346.81
gauss per-lamp (surviving lamps),344.92
gauss per-lamp (surviving lamps),342.23
gauss per-lamp (surviving lamps),254.93
gauss per-lamp (surviving lamps),255.2
gauss per-lamp (surviving lamps),254.8
gauss per-lamp (surviving lamps),254.81
gauss per-lamp (surviving lamps),91.5
gauss per-lamp (surviving lamps),150.48
gauss per-lamp (surviving lamps),104.71
gauss per-lamp (surviving lamps),101.23
gauss per-lamp (surviving lamps),225.61
gauss per-lamp (surviving lamps),225.28
gauss per-lamp (surviving lamps),225.12
gauss per-lamp (surviving lamps),224.97
gauss per-lamp (surviving lamps),49.49
gauss per-lamp (surviving lamps),73.37
gauss per-lamp (surviving lamps),51.7
gauss per-lamp (surviving lamps),41.27
gauss per-lamp (surviving lamps),164.98
gauss per-lamp (surviving lamps),164.91
gauss per-lamp (surviving lamps),172.16
gauss per-lamp (surviving lamps),164.06
gauss per-lamp (surviving lamps),44.85
gauss per-lamp (surviving lamps),44.89
gauss per-lamp (surviving lamps),44.22
gauss per-lamp (surviving lamps),44.72
gauss per-lamp (surviving lamps),45.64
gauss per-lamp (surviving lamps),45.06
gauss per-lamp (surviving lamps),45.0
gauss per-lamp (surviving lamps),45.09
gauss per-lamp (surviving lamps),166.65
gauss per-lamp (surviving lamps),147.3
gauss per-lamp (surviving lamps),164.91
gauss per-lamp (surviving lamps),164.92
gauss per-lamp (surviving lamps),45.0
gauss per-lamp (surviving lamps),45.42
gauss per-lamp (surviving lamps),57.17
gauss per-lamp (surviving lamps),52.54
gauss per-lamp (surviving lamps),172.51
gauss per-lamp (surviving lamps),179.02
gauss per-lamp (surviving lamps),159.47
gauss per-lamp (surviving lamps),177.34
gauss per-lamp (surviving lamps),284.84
gauss per-lamp (surviving lamps),285.12
gauss per-lamp (surviving lamps),284.73
gauss per-lamp (surviving lamps),285.23
gauss per-lamp (surviving lamps),321.22
gauss per-lamp (surviving lamps),314.35
gauss per-lamp (surviving lamps),315.24
gauss per-lamp (surviving lamps),320.42
gauss per-lamp (surviving lamps),135.1
gauss per-lamp (surviving lamps),134.37
gauss per-lamp (surviving lamps),133.33
gauss per-lamp (surviving lamps),134.95
gauss per-lamp (surviving lamps),265.89
gauss per-lamp (surviving lamps),258.14
gauss per-lamp (surviving lamps),255.84
gauss per-lamp (surviving lamps),253.95
gauss per-lamp (surviving lamps),284.98
gauss per-lamp (surviving lamps),284.59
gauss per-lamp (surviving lamps),270.75
gauss per-lamp (surviving lamps),286.75
gauss per-lamp (surviving lamps),216.06
gauss per-lamp (surviving lamps),224.56
gauss per-lamp (surviving lamps),224.8
gauss per-lamp (surviving lamps),221.89
gauss per-lamp (surviving lamps),104.43
gauss per-lamp (surviving lamps),104.93
gauss per-lamp (surviving lamps),104.68
gauss per-lamp (surviving lamps),104.87
gauss per-lamp (surviving lamps),129.6
gauss per-lamp (surviving lamps),164.54
gauss per-lamp (surviving lamps),126.4
gauss per-lamp (surviving lamps),164.88
gauss per-lamp (surviving lamps),45.77
gauss per-lamp (surviving lamps),44.59
gauss per-lamp (surviving lamps),45.8
gauss per-lamp (surviving lamps),44.99
gauss per-lamp (surviving lamps),165.06
gauss per-lamp (surviving lamps),164.72
gauss per-lamp (surviving lamps),165.42
gauss per-lamp (surviving lamps),167.6
gauss per-lamp (surviving lamps),194.98
gauss per-lamp (surviving lamps),194.2
gauss per-lamp (surviving lamps),195.0
gauss per-lamp (surviving lamps),194.85
gauss per-lamp (surviving lamps),345.48
gauss per-lamp (surviving lamps),345.1
gauss per-lamp (surviving lamps),344.81
gauss per-lamp (surviving lamps),345.2
gauss per-lamp (surviving lamps),314.98
gauss per-lamp (surviving lamps),313.74
gauss per-lamp (surviving lamps),312.37
gauss per-lamp (surviving lamps),297.18
gauss per-lamp (surviving lamps),161.07
gauss per-lamp (surviving lamps),214.87
gauss per-lamp (surviving lamps),143.8
gauss per-lamp (surviving lamps),149.26
gauss per-lamp (surviving lamps),342.0
gauss per-lamp (surviving lamps),324.58
gauss per-lamp (surviving lamps),344.85
gauss per-lamp (surviving lamps),344.84
gauss per-lamp (surviving lamps),223.51
gauss per-lamp (surviving lamps),224.82
gauss per-lamp (surviving lamps),224.94
gauss per-lamp (surviving lamps),224.87
gauss per-lamp (surviving lamps),225.03
gauss per-lamp (surviving lamps),224.95
gauss per-lamp (surviving lamps),224.98
gauss per-lamp (surviving lamps),224.98
gauss per-lamp (surviving lamps),255.12
gauss per-lamp (surviving lamps),255.26
gauss per-lamp (surviving lamps),255.73
gauss per-lamp (surviving lamps),254.86
gauss per-lamp (surviving lamps),15.09
gauss per-lamp (surviving lamps),14.99
gauss per-lamp (surviving lamps),14.84
gauss per-lamp (surviving lamps),14.94
gauss per-lamp (surviving lamps),44.97
gauss per-lamp (surviving lamps),45.0
gauss per-lamp (surviving lamps),45.1
gauss per-lamp (surviving lamps),45.07
gauss per-lamp (surviving lamps),75.05
gauss per-lamp (surviving lamps),74.9
gauss per-lamp (surviving lamps),74.97
gauss per-lamp (surviving lamps),75.08
gauss per-lamp (surviving lamps),315.37
gauss per-lamp (surviving lamps),315.22
gauss per-lamp (surviving lamps),314.8
gauss per-lamp (surviving lamps),315.2
gauss per-lamp (surviving lamps),147.71
gauss per-lamp (surviving lamps),163.9
gauss per-lamp (surviving lamps),161.4
gauss per-lamp (surviving lamps),165.9
gauss per-lamp (surviving lamps),105.29
gauss per-lamp (surviving lamps),104.93
gauss per-lamp (surviving lamps),104.99
gauss per-lamp (surviving lamps),104.98
gauss per-lamp (surviving lamps),70.57
gauss per-lamp (surviving lamps),74.41
gauss per-lamp (surviving lamps),44.59
gauss per-lamp (surviving lamps),77.12
gauss per-lamp (surviving lamps),194.93
gauss per-lamp (surviving lamps),194.48
gauss per-lamp (surviving lamps),194.86
gauss per-lamp (surviving lamps),194.93
gauss per-lamp (surviving lamps),254.76
gauss per-lamp (surviving lamps),254.78
gauss per-lamp (surviving lamps),255.06
gauss per-lamp (surviving lamps),254.94
gauss per-lamp (surviving lamps),272.25
gauss per-lamp (surviving lamps),289.55
gauss per-lamp (surviving lamps),317.57
gauss per-lamp (surviving lamps),322.34
gauss per-lamp (surviving lamps),63.58
gauss per-lamp (surviving lamps),97.06
gauss per-lamp (surviving lamps),78.37
gauss per-lamp (surviving lamps),76.26
gauss per-lamp (surviving lamps),164.83
gauss per-lamp (surviving lamps),164.69
gauss per-lamp (surviving lamps),164.65
gauss per-lamp (surviving lamps),164.89
gauss per-lamp (surviving lamps),45.08
gauss per-lamp (surviving lamps),45.13
gauss per-lamp (surviving lamps),45.13
gauss per-lamp (surviving lamps),45.03
gauss per-lamp (surviving lamps),307.26
gauss per-lamp (surviving lamps),324.53
gauss per-lamp (surviving lamps),315.05
gauss per-lamp (surviving lamps),315.79
gauss per-lamp (surviving lamps),279.75
gauss per-lamp (surviving lamps),284.43
gauss per-lamp (surviving lamps),297.86
gauss per-lamp (surviving lamps),273.17
gauss per-lamp (surviving lamps),285.06
gauss per-lamp (surviving lamps),285.79
gauss per-lamp (surviving lamps),285.16
gauss per-lamp (surviving lamps),284.92
gauss per-lamp (surviving lamps),314.06
gauss per-lamp (surviving lamps),315.13
gauss per-lamp (surviving lamps),314.79
gauss per-lamp (surviving lamps),315.2
gauss per-lamp (surviving lamps),253.99
gauss per-lamp (surviving lamps),254.87
gauss per-lamp (surviving lamps),254.84
gauss per-lamp (surviving lamps),255.08
gauss per-lamp (surviving lamps),44.9
gauss per-lamp (surviving lamps),45.25
gauss per-lamp (surviving lamps),45.42
gauss per-lamp (surviving lamps),44.97
gauss per-lamp (surviving lamps),285.16
gauss per-lamp (surviving lamps),285.13
gauss per-lamp (surviving lamps),285.16
gauss per-lamp (surviving lamps),285.15
gauss per-lamp (surviving lamps),314.84
gauss per-lamp (surviving lamps),314.88
gauss per-lamp (surviving lamps),330.71
gauss per-lamp (surviving lamps),314.66
gauss per-lamp (surviving lamps),165.11
gauss per-lamp (surviving lamps),213.75
gauss per-lamp (surviving lamps),165.09
gauss per-lamp (surviving lamps),165.12
gauss per-lamp (surviving lamps),345.11
gauss per-lamp (surviving lamps),341.68
gauss per-lamp (surviving lamps),343.69
gauss per-lamp (surviving lamps),344.82
gauss per-lamp (surviving lamps),75.0
gauss per-lamp (surviving lamps),75.56
gauss per-lamp (surviving lamps),74.98
gauss per-lamp (surviving lamps),75.0
gauss per-lamp (surviving lamps),195.11
gauss per-lamp (surviving lamps),194.48
gauss per-lamp (surviving lamps),195.04
gauss per-lamp (surviving lamps),194.9
gauss per-lamp (surviving lamps),225.11
gauss per-lamp (surviving lamps),264.27
gauss per-lamp (surviving lamps),225.14
gauss per-lamp (surviving lamps),224.93
gauss per-lamp (surviving lamps),44.82
gauss per-lamp (surviving lamps),45.0
gauss per-lamp (surviving lamps),45.15
gauss per-lamp (surviving lamps),44.87
gauss per-lamp (surviving lamps),316.26
gauss per-lamp (surviving lamps),333.96
gauss per-lamp (surviving lamps),306.68
gauss per-lamp (surviving lamps),314.74
gauss per-lamp (surviving lamps),165.3
gauss per-lamp (surviving lamps),165.2
gauss per-lamp (surviving lamps),164.88
gauss per-lamp (surviving lamps),164.99
gauss per-lamp (surviving lamps),284.91
gauss per-lamp (surviving lamps),250.92
gauss per-lamp (surviving lamps),284.91
gauss per-lamp (surviving lamps),272.87
gauss per-lamp (surviving lamps),323.4
gauss per-lamp (surviving lamps),270.0
gauss per-lamp (surviving lamps),292.5
gauss per-lamp (surviving lamps),285.86
gauss per-lamp (surviving lamps),315.08
gauss per-lamp (surviving lamps),289.68
gauss per-lamp (surviving lamps),314.7
gauss per-lamp (surviving lamps),311.15
gauss per-lamp (surviving lamps),285.56
gauss per-lamp (surviving lamps),283.96
gauss per-lamp (surviving lamps),284.69
gauss per-lamp (surviving lamps),285.36
gauss per-lamp (surviving lamps),284.16
gauss per-lamp (surviving lamps),284.83
gauss per-lamp (surviving lamps),284.78
gauss per-lamp (surviving lamps),285.2
gauss per-lamp (surviving lamps),224.92
gauss per-lamp (surviving lamps),224.68
gauss per-lamp (surviving lamps),249.75
gauss per-lamp (surviving lamps),164.72
gauss per-lamp (surviving lamps),75.0
gauss per-lamp (surviving lamps),111.74
gauss per-lamp (surviving lamps),75.38
gauss per-lamp (surviving lamps),81.19
gauss per-lamp (surviving lamps),289.52
gauss per-lamp (surviving lamps),273.87
gauss per-lamp (surviving lamps),287.67
gauss per-lamp (surviving lamps),294.73
gauss per-lamp (surviving lamps),165.18
gauss per-lamp (surviving lamps),164.83
gauss per-lamp (surviving lamps),164.95
gauss per-lamp (surviving lamps),165.04
gauss per-lamp (surviving lamps),254.89
gauss per-lamp (surviving lamps),254.89
gauss per-lamp (surviving lamps),255.14
gauss per-lamp (surviving lamps),255.07
gauss per-lamp (surviving lamps),255.16
gauss per-lamp (surviving lamps),254.75
gauss per-lamp (surviving lamps),255.16
gauss per-lamp (surviving lamps),254.9
gauss per-lamp (surviving lamps),165.09
gauss per-lamp (surviving lamps),155.54
gauss per-lamp (surviving lamps),164.8
gauss per-lamp (surviving lamps),164.92
gauss per-lamp (surviving lamps),105.11
gauss per-lamp (surviving lamps),112.18
gauss per-lamp (surviving lamps),101.24
gauss per-lamp (surviving lamps),105.52
gauss per-lamp (surviving lamps),284.67
gauss per-lamp (surviving lamps),286.28
gauss per-lamp (surviving lamps),285.14
gauss per-lamp (surviving lamps),285.06
gauss per-lamp (surviving lamps),193.44
gauss per-lamp (surviving lamps),209.39
gauss per-lamp (surviving lamps),185.19
gauss per-lamp (surviving lamps),196.02
gauss per-lamp (surviving lamps),135.29
gauss per-lamp (surviving lamps),135.29
gauss per-lamp (surviving lamps),135.01
gauss per-lamp (surviving lamps),135.0
gauss per-lamp (surviving lamps),135.25
gauss per-lamp (surviving lamps),136.24
gauss per-lamp (surviving lamps),134.86
gauss per-lamp (surviving lamps),135.01
gauss per-lamp (surviving lamps),28.45
gauss per-lamp (surviving lamps),15.17
gauss per-lamp (surviving lamps),15.18
gauss per-lamp (surviving lamps),15.18
gauss per-lamp (surviving lamps),165.18
gauss per-lamp (surviving lamps),215.93
gauss per-lamp (surviving lamps),169.53
gauss per-lamp (surviving lamps),199.99
gauss per-lamp (surviving lamps),224.68
gauss per-lamp (surviving lamps),224.62
gauss per-lamp (surviving lamps),225.18
gauss per-lamp (surviving lamps),225.04
gauss per-lamp (surviving lamps),284.97
gauss per-lamp (surviving lamps),283.86
gauss per-lamp (surviving lamps),283.98
gauss per-lamp (surviving lamps),285.02
gauss per-lamp (surviving lamps),44.88
gauss per-lamp (surviving lamps),44.96
gauss per-lamp (surviving lamps),45.19
gauss per-lamp (surviving lamps),44.88
gauss per-lamp (surviving lamps),195.03
gauss per-lamp (surviving lamps),195.23
gauss per-lamp (surviving lamps),195.06
gauss per-lamp (surviving lamps),195.0
gauss per-lamp (surviving lamps),193.61
gauss per-lamp (surviving lamps),163.05
gauss per-lamp (surviving lamps),194.73
gauss per-lamp (surviving lamps),192.96
gauss per-lamp (surviving lamps),172.33
gauss per-lamp (surviving lamps),195.69
gauss per-lamp (surviving lamps),82.33
gauss per-lamp (surviving lamps),145.58
gauss per-lamp (surviving lamps),186.92
gauss per-lamp (surviving lamps),67.84
gauss per-lamp (surviving lamps),155.43
gauss per-lamp (surviving lamps),116.22
gauss per-lamp (surviving lamps),293.48
gauss per-lamp (surviving lamps),295.99
gauss per-lamp (surviving lamps),286.39
gauss per-lamp (surviving lamps),282.52
gauss per-lamp (surviving lamps),285.44
gauss per-lamp (surviving lamps),285.48
gauss per-lamp (surviving lamps),284.78
gauss per-lamp (surviving lamps),284.8
gauss per-lamp (surviving lamps),136.65
gauss per-lamp (surviving lamps),135.16
gauss per-lamp (surviving lamps),178.7
gauss per-lamp (surviving lamps),135.93
gauss per-lamp (surviving lamps),165.21
gauss per-lamp (surviving lamps),164.96
gauss per-lamp (surviving lamps),165.04
gauss per-lamp (surviving lamps),165.23
gauss per-lamp (surviving lamps),44.72
gauss per-lamp (surviving lamps),45.57
gauss per-lamp (surviving lamps),45.13
gauss per-lamp (surviving lamps),45.08
gauss per-lamp (surviving lamps),344.45
gauss per-lamp (surviving lamps),344.83
gauss per-lamp (surviving lamps),345.19
gauss per-lamp (surviving lamps),344.98
gauss per-lamp (surviving lamps),45.24
gauss per-lamp (surviving lamps),46.24
gauss per-lamp (surviving lamps),45.94
gauss per-lamp (surviving lamps),45.13
gauss per-lamp (surviving lamps),314.98
gauss per-lamp (surviving lamps),315.11
gauss per-lamp (surviving lamps),315.16
gauss per-lamp (surviving lamps),315.12
gauss per-lamp (surviving lamps),255.12
gauss per-lamp (surviving lamps),236.43
gauss per-lamp (surviving lamps),252.9
gauss per-lamp (surviving lamps),252.68
gauss per-lamp (surviving lamps),224.91
gauss per-lamp (surviving lamps),225.4
gauss per-lamp (surviving lamps),225.24
gauss per-lamp (surviving lamps),225.07
gauss per-lamp (surviving lamps),15.38
gauss per-lamp (surviving lamps),15.3
gauss per-lamp (surviving lamps),15.14
gauss per-lamp (surviving lamps),14.94
gauss per-lamp (surviving lamps),285.13
gauss per-lamp (surviving lamps),284.81
gauss per-lamp (surviving lamps),285.18
gauss per-lamp (surviving lamps),284.82
gauss per-lamp (surviving lamps),61.4
gauss per-lamp (surviving lamps),67.61
gauss per-lamp (surviving lamps),74.77
gauss per-lamp (surviving lamps),70.86
gauss per-lamp (surviving lamps),44.09
gauss per-lamp (surviving lamps),15.95
gauss per-lamp (surviving lamps),297.27
gauss per-lamp (surviving lamps),317.86
gauss per-lamp (surviving lamps),167.41
gauss per-lamp (surviving lamps),148.06
gauss per-lamp (surviving lamps),175.95
gauss per-lamp (surviving lamps),166.77
gauss per-lamp (surviving lamps),46.33
gauss per-lamp (surviving lamps),45.05
gauss per-lamp (surviving lamps),57.67
gauss per-lamp (surviving lamps),46.71
gauss per-lamp (surviving lamps),165.38
gauss per-lamp (surviving lamps),165.0
gauss per-lamp (surviving lamps),164.75
gauss per-lamp (surviving lamps),165.0
gauss per-lamp (surviving lamps),284.87
gauss per-lamp (surviving lamps),286.37
gauss per-lamp (surviving lamps),285.03
gauss per-lamp (surviving lamps),285.15
gauss per-lamp (surviving lamps),330.02
gauss per-lamp (surviving lamps),314.86
gauss per-lamp (surviving lamps),320.8
gauss per-lamp (surviving lamps),317.97
gauss per-lamp (surviving lamps),254.78
gauss per-lamp (surviving lamps),255.56
gauss per-lamp (surviving lamps),255.56
gauss per-lamp (surviving lamps),254.99
gauss per-lamp (surviving lamps),14.45
gauss per-lamp (surviving lamps),15.04
gauss per-lamp (surviving lamps),15.2
gauss per-lamp (surviving lamps),15.19
gauss per-lamp (surviving lamps),152.38
gauss per-lamp (surviving lamps),131.86
gauss per-lamp (surviving lamps),133.54
gauss per-lamp (surviving lamps),139.02
gauss per-lamp (surviving lamps),225.22
gauss per-lamp (surviving lamps),225.88
gauss per-lamp (surviving lamps),224.96
gauss per-lamp (surviving lamps),225.02
gauss per-lamp (surviving lamps),225.4
gauss per-lamp (surviving lamps),225.0
gauss per-lamp (surviving lamps),224.91
gauss per-lamp (surviving lamps),224.99
gauss per-lamp (surviving lamps),14.84
gauss per-lamp (surviving lamps),14.3
gauss per-lamp (surviving lamps),14.1
gauss per-lamp (surviving lamps),14.37
gauss per-lamp (surviving lamps),74.81
gauss per-lamp (surviving lamps),75.05
gauss per-lamp (surviving lamps),75.0
gauss per-lamp (surviving lamps),74.99
gauss per-lamp (surviving lamps),345.11
gauss per-lamp (surviving lamps),344.86
gauss per-lamp (surviving lamps),344.56
gauss per-lamp (surviving lamps),346.62
gauss per-lamp (surviving lamps),223.98
gauss per-lamp (surviving lamps),225.09
gauss per-lamp (surviving lamps),225.19
gauss per-lamp (surviving lamps),225.12
gauss per-lamp (surviving lamps),199.66
gauss per-lamp (surviving lamps),164.36
gauss per-lamp (surviving lamps),153.01
gauss per-lamp (surviving lamps),173.61
gauss per-lamp (surviving lamps),225.11
gauss per-lamp (surviving lamps),221.65
gauss per-lamp (surviving lamps),230.3
gauss per-lamp (surviving lamps),227.85
gauss per-lamp (surviving lamps),225.02
gauss per-lamp (surviving lamps),225.92
gauss per-lamp (surviving lamps),224.95
gauss per-lamp (surviving lamps),224.8
gauss per-lamp (surviving lamps),94.33
gauss per-lamp (surviving lamps),89.81
gauss per-lamp (surviving lamps),75.03
gauss per-lamp (surviving lamps),77.04
gauss per-lamp (surviving lamps),284.87
gauss per-lamp (surviving lamps),285.0
gauss per-lamp (surviving lamps),285.09
gauss per-lamp (surviving lamps),285.04
gauss per-lamp (surviving lamps),303.78
gauss per-lamp (surviving lamps),238.92
gauss per-lamp (surviving lamps),288.0
gauss per-lamp (surviving lamps),305.92
gauss per-lamp (surviving lamps),165.57
gauss per-lamp (surviving lamps),164.92
gauss per-lamp (surviving lamps),165.0
gauss per-lamp (surviving lamps),165.16
gauss per-lamp (surviving lamps),254.83
gauss per-lamp (surviving lamps),255.51
gauss per-lamp (surviving lamps),255.02
gauss per-lamp (surviving lamps),254.92
gauss per-lamp (surviving lamps),14.83
gauss per-lamp (surviving lamps),13.89
gauss per-lamp (surviving lamps),15.08
gauss per-lamp (surviving lamps),15.18
gauss per-lamp (surviving lamps),345.28
gauss per-lamp (surviving lamps),345.33
gauss per-lamp (surviving lamps),345.17
gauss per-lamp (surviving lamps),345.1
gauss per-lamp (surviving lamps),284.14
gauss per-lamp (surviving lamps),285.33
gauss per-lamp (surviving lamps),284.81
gauss per-lamp (surviving lamps),284.82
gauss per-lamp (surviving lamps),345.17
gauss per-lamp (surviving lamps),347.58
gauss per-lamp (surviving lamps),345.1
gauss per-lamp (surviving lamps),341.05
gauss per-lamp (surviving lamps),105.15
gauss per-lamp (surviving lamps),122.64
gauss per-lamp (surviving lamps),105.29
gauss per-lamp (surviving lamps),119.05
gauss per-lamp (surviving lamps),140.59
gauss per-lamp (surviving lamps),174.94
gauss per-lamp (surviving lamps),164.47
gauss per-lamp (surviving lamps),147.21
gauss per-lamp (surviving lamps),285.38
gauss per-lamp (surviving lamps),284.59
gauss per-lamp (surviving lamps),284.73
gauss per-lamp (surviving lamps),285.22
gauss per-lamp (surviving lamps),314.74
gauss per-lamp (surviving lamps),316.71
gauss per-lamp (surviving lamps),313.97
gauss per-lamp (surviving lamps),317.53
gauss per-lamp (sun lamp),194.41
gauss per-lamp (sun lamp),74.44
gauss per-lamp (sun lamp),255.04
gauss per-lamp (sun lamp),135.41
gauss per-lamp (sun lamp),344.62
gauss per-lamp (sun lamp),45.47
gauss per-lamp (sun lamp),284.12
gauss per-lamp (sun lamp),195.21
gauss per-lamp (sun lamp),224.09
gauss per-lamp (sun lamp),344.87
gauss per-lamp (sun lamp),194.77
gauss per-lamp (sun lamp),164.43
gauss per-lamp (sun lamp),48.73
gauss per-lamp (sun lamp),284.38
gauss per-lamp (sun lamp),14.83
gauss per-lamp (sun lamp),286.36
gauss per-lamp (sun lamp),241.69
gauss per-lamp (sun lamp),128.52
gauss per-lamp (sun lamp),45.1
gauss per-lamp (sun lamp),255.08
gauss per-lamp (sun lamp),76.57
gauss per-lamp (sun lamp),286.11
gauss per-lamp (sun lamp),15.37
gauss per-lamp (sun lamp),86.85
gauss per-lamp (sun lamp),164.27
gauss per-lamp (sun lamp),243.09
gauss per-lamp (sun lamp),284.05
gauss per-lamp (sun lamp),275.05
gauss per-lamp (sun lamp),15.74
gauss per-lamp (sun lamp),44.59
gauss per-lamp (sun lamp),328.44
gauss per-lamp (sun lamp),329.81
gauss per-lamp (sun lamp),45.2
gauss per-lamp (sun lamp),193.03
gauss per-lamp (sun lamp),255.59
gauss per-lamp (sun lamp),156.7
gauss per-lamp (sun lamp),236.06
gauss per-lamp (sun lamp),344.74
gauss per-lamp (sun lamp),164.81
gauss per-lamp (sun lamp),291.53
gauss per-lamp (sun lamp),313.82
gauss per-lamp (sun lamp),345.57
gauss per-lamp (sun lamp),184.98
gauss per-lamp (sun lamp),224.96
gauss per-lamp (sun lamp),269.01
gauss per-lamp (sun lamp),137.55
gauss per-lamp (sun lamp),195.46
gauss per-lamp (sun lamp),224.82
gauss per-lamp (sun lamp),284.79
gauss per-lamp (sun lamp),256.66
gauss per-lamp (sun lamp),237.83
gauss per-lamp (sun lamp),194.19
gauss per-lamp (sun lamp),127.42
gauss per-lamp (sun lamp),163.97
gauss per-lamp (sun lamp),301.02
gauss per-lamp (sun lamp),224.04
gauss per-lamp (sun lamp),255.18
gauss per-lamp (sun lamp),124.69
gauss per-lamp (sun lamp),164.86
gauss per-lamp (sun lamp),75.19
gauss per-lamp (sun lamp),164.44
gauss per-lamp (sun lamp),214.13
gauss per-lamp (sun lamp),254.37
gauss per-lamp (sun lamp),314.23
gauss per-lamp (sun lamp),312.92
gauss per-lamp (sun lamp),105.39
gauss per-lamp (sun lamp),206.99
gauss per-lamp (sun lamp),264.05
gauss per-lamp (sun lamp),285.27
gauss per-lamp (sun lamp),45.14
gauss per-lamp (sun lamp),75.11
gauss per-lamp (sun lamp),14.9
gauss per-lamp (sun lamp),315.12
gauss per-lamp (sun lamp),195.1
gauss per-lamp (sun lamp),257.61
gauss per-lamp (sun lamp),195.02
gauss per-lamp (sun lamp),134.82
gauss per-lamp (sun lamp),284.87
gauss per-lamp (sun lamp),284.46
gauss per-lamp (sun lamp),44.93
gauss per-lamp (sun lamp),285.39
gauss per-lamp (sun lamp),315.21
gauss per-lamp (sun lamp),315.39
gauss per-lamp (sun lamp),164.89
gauss per-lamp (sun lamp),104.39
gauss per-lamp (sun lamp),76.2
gauss per-lamp (sun lamp),75.14
gauss per-lamp (sun lamp),194.88
gauss per-lamp (sun lamp),285.27
gauss per-lamp (sun lamp),172.99
gauss per-lamp (sun lamp),285.61
gauss per-lamp (sun lamp),344.35
gauss per-lamp (sun lamp),75.52
gauss per-lamp (sun lamp),104.87
gauss per-lamp (sun lamp),74.03
gauss per-lamp (sun lamp),111.73
gauss per-lamp (sun lamp),225.14
gauss per-lamp (sun lamp),316.8
gauss per-lamp (sun lamp),213.08
gauss per-lamp (sun lamp),285.67
gauss per-lamp (sun lamp),224.65
gauss per-lamp (sun lamp),135.14
gauss per-lamp (sun lamp),227.34
gauss per-lamp (sun lamp),49.88
gauss per-lamp (sun lamp),314.93
gauss per-lamp (sun lamp),110.39
gauss per-lamp (sun lamp),289.33
gauss per-lamp (sun lamp),346.22
gauss per-lamp (sun lamp),134.85
gauss per-lamp (sun lamp),54.17
gauss per-lamp (sun lamp),225.18
gauss per-lamp (sun lamp),283.88
gauss per-lamp (sun lamp),44.13
gauss per-lamp (sun lamp),14.67
gauss per-lamp (sun lamp),255.68
gauss per-lamp (sun lamp),198.82
gauss per-lamp (sun lamp),0.11
gauss per-lamp (sun lamp),74.6
gauss per-lamp (sun lamp),255.76
gauss per-lamp (sun lamp),345.27
gauss per-lamp (sun lamp),44.91
gauss per-lamp (sun lamp),255.08
gauss per-lamp (sun lamp),134.92
gauss per-lamp (sun lamp),255.06
gauss per-lamp (sun lamp),44.15
gauss per-lamp (sun lamp),207.58
gauss per-lamp (sun lamp),245.56
gauss per-lamp (sun lamp),15.18
gauss per-lamp (sun lamp),337.89
gauss per-lamp (sun lamp),73.37
gauss per-lamp (sun lamp),147.3
gauss per-lamp (sun lamp),45.42
gauss per-lamp (sun lamp),172.51
gauss per-lamp (sun lamp),134.37
gauss per-lamp (sun lamp),265.89
gauss per-lamp (sun lamp),284.59
gauss per-lamp (sun lamp),216.06
gauss per-lamp (sun lamp),104.43
gauss per-lamp (sun lamp),164.54
gauss per-lamp (sun lamp),44.59
gauss per-lamp (sun lamp),194.2
gauss per-lamp (sun lamp),324.58
gauss per-lamp (sun lamp),255.26
gauss per-lamp (sun lamp),254.76
gauss per-lamp (sun lamp),164.83
gauss per-lamp (sun lamp),45.13
gauss per-lamp (sun lamp),307.26
gauss per-lamp (sun lamp),285.79
gauss per-lamp (sun lamp),314.06
gauss per-lamp (sun lamp),253.99
gauss per-lamp (sun lamp),194.48
gauss per-lamp (sun lamp),264.27
gauss per-lamp (sun lamp),44.82
gauss per-lamp (sun lamp),165.3
gauss per-lamp (sun lamp),250.92
gauss per-lamp (sun lamp),289.68
gauss per-lamp (sun lamp),283.96
gauss per-lamp (sun lamp),284.16
gauss per-lamp (sun lamp),224.68
gauss per-lamp (sun lamp),111.74
gauss per-lamp (sun lamp),289.52
gauss per-lamp (sun lamp),254.89
gauss per-lamp (sun lamp),255.16
gauss per-lamp (sun lamp),155.54
gauss per-lamp (sun lamp),112.18
gauss per-lamp (sun lamp),284.67
gauss per-lamp (sun lamp),135.29
gauss per-lamp (sun lamp),15.17
gauss per-lamp (sun lamp),224.68
gauss per-lamp (sun lamp),195.69
gauss per-lamp (sun lamp),186.92
gauss per-lamp (sun lamp),285.44
gauss per-lamp (sun lamp),135.16
gauss per-lamp (sun lamp),164.96
gauss per-lamp (sun lamp),45.24
gauss per-lamp (sun lamp),315.11
gauss per-lamp (sun lamp),236.43
gauss per-lamp (sun lamp),44.09
gauss per-lamp (sun lamp),45.05
gauss per-lamp (sun lamp),286.37
gauss per-lamp (sun lamp),314.86
gauss per-lamp (sun lamp),255.56
gauss per-lamp (sun lamp),152.38
gauss per-lamp (sun lamp),225.88
gauss per-lamp (sun lamp),225.4
gauss per-lamp (sun lamp),14.3
gauss per-lamp (sun lamp),75.05
gauss per-lamp (sun lamp),344.86
gauss per-lamp (sun lamp),199.66
gauss per-lamp (sun lamp),221.65
gauss per-lamp (sun lamp),284.87
gauss per-lamp (sun lamp),165.57
gauss per-lamp (sun lamp),14.83
gauss per-lamp (sun lamp),345.28
gauss per-lamp (sun lamp),122.64
