topic,phase,sign,peak_month,dominant_planet,sun_share,phase_stable,dir_acc_test
3d printers,190.0,Libra,Nov,sun,0.687,1,0.7826
abruzzo,135.0,Leo,Sep,sun,0.873,1,
abstract strategy games,230.0,Scorpio,Dec,sun,1.0,1,
abu dhabi,190.0,Libra,Nov,sun,0.845,1,0.619
academic conferences,225.0,Scorpio,Dec,sun,1.0,1,0.5
acapulco,320.0,Aquarius,Mar,sun,0.879,1,0.3
accessories,215.0,Scorpio,Dec,sun,0.831,1,0.619
accident,90.0,Cancer,Jul,sun,0.968,1,0.5
accommodations,270.0,Capricorn,Jan,sun,1.0,1,0.4545
accounting,135.0,Leo,Sep,sun,0.814,1,0.5
acne,260.0,Sagittarius,Jan,sun,0.996,1,0.619
acquisitions,135.0,Leo,Sep,sun,0.877,1,0.7647
acting,260.0,Sagittarius,Jan,sun,0.966,1,0.3913
action,260.0,Sagittarius,Jan,sun,0.861,1,0.75
action cameras,200.0,Libra,Nov,sun,0.984,1,0.5455
action figures,215.0,Scorpio,Dec,sun,0.808,1,0.7826
activities,280.0,Capricorn,Feb,sun,0.809,1,0.7391
acupuncture,260.0,Sagittarius,Jan,sun,0.861,1,0.6087
acura,265.0,Sagittarius,Jan,sun,0.914,1,0.5882
adana,220.0,Scorpio,Dec,sun,0.706,1,0.5294
add,235.0,Scorpio,Dec,sun,0.996,1,0.55
add-ons,220.0,Scorpio,Dec,sun,0.838,1,0.5
adelaide,235.0,Scorpio,Dec,sun,0.963,1,0.5882
adhd,150.0,Virgo,Sep,sun,0.86,1,0.6087
adhesives,190.0,Libra,Nov,sun,0.965,1,0.6111
administrative jobs,255.0,Sagittarius,Jan,sun,0.675,1,0.6
admissions tests,200.0,Libra,Nov,sun,0.896,1,0.25
adoption,195.0,Libra,Nov,sun,0.979,1,0.6
adventure films,330.0,Pisces,Mar,sun,0.995,1,0.6842
adventure games,225.0,Scorpio,Dec,sun,0.932,1,0.6667
adventure travel,260.0,Sagittarius,Jan,sun,0.908,1,0.5417
advertising,135.0,Leo,Sep,sun,0.796,1,0.5625
advocacy,145.0,Leo,Sep,sun,0.854,1,0.7083
aegean islands,55.0,Taurus,Jun,sun,0.533,1,0.5
aegean turkey,35.0,Taurus,May,sun,0.936,1,0.375
aerospace,270.0,Capricorn,Jan,sun,0.996,1,0.4091
affiliate programs,260.0,Sagittarius,Jan,sun,0.869,1,0.375
afghanistan,130.0,Leo,Sep,sun,0.707,1,0.35
africa,280.0,Capricorn,Feb,sun,0.886,1,0.6667
african music,30.0,Aries,May,sun,0.995,1,0.5625
african-americans,275.0,Capricorn,Jan,sun,0.81,1,0.5789
africans,315.0,Aquarius,Mar,sun,0.977,1,0.5714
aftermarket auto parts,160.0,Virgo,Oct,sun,1.0,1,0.8571
aging,265.0,Sagittarius,Jan,sun,0.959,1,0.5652
agra,280.0,Capricorn,Feb,sun,0.997,1,0.5238
agricultural equipment,355.0,Pisces,Apr,sun,0.668,1,0.5
agriculture,265.0,Sagittarius,Jan,sun,0.905,1,0.7826
agritourism,290.0,Capricorn,Feb,sun,0.988,1,0.5833
agrochemicals,210.0,Scorpio,Nov,sun,0.907,1,0.5455
ahmedabad,150.0,Virgo,Sep,sun,0.991,1,0.4118
aichi,350.0,Pisces,Apr,sun,0.975,1,0.3125
aids,205.0,Libra,Nov,sun,0.852,1,0.7
air conditioners,330.0,Pisces,Mar,sun,0.779,1,0.7391
air filters,65.0,Gemini,Jun,sun,0.836,1,0.4167
air force,80.0,Gemini,Jul,sun,0.847,1,0.5714
air freight,310.0,Aquarius,Mar,sun,0.855,1,0.5417
air travel,265.0,Sagittarius,Jan,sun,0.932,1,0.5238
airport parking,80.0,Gemini,Jul,sun,0.794,1,0.6111
akita,260.0,Sagittarius,Jan,sun,0.895,1,0.5263
alabama,200.0,Libra,Nov,sun,0.997,1,0.6667
alagoas,260.0,Sagittarius,Jan,sun,0.883,1,0.5
alaska,200.0,Libra,Nov,sun,0.844,1,0.5263
albania,145.0,Leo,Sep,sun,0.862,1,0.5217
alberta,260.0,Sagittarius,Jan,sun,0.995,1,0.9
albuquerque-santa fe,100.0,Cancer,Aug,mercury,0.398,1,
alcohol testing,190.0,Libra,Nov,sun,0.973,1,0.4583
alcohol treatment,295.0,Capricorn,Feb,sun,0.971,1,0.4091
alfa romeo,265.0,Sagittarius,Jan,sun,0.892,1,0.4667
algarve,275.0,Capricorn,Jan,sun,0.803,1,0.85
algeria,40.0,Taurus,Jun,sun,0.99,1,0.875
alicante,335.0,Pisces,Mar,sun,0.85,1,0.7778
allergies,335.0,Pisces,Mar,sun,0.806,1,0.55
alsace,165.0,Virgo,Oct,sun,0.897,1,0.7857
alternative,110.0,Cancer,Aug,sun,0.972,1,0.5263
alternative energy,145.0,Leo,Sep,sun,0.877,1,0.5
alternative music,265.0,Sagittarius,Jan,sun,0.992,1,0.4737
alternative vehicles,320.0,Aquarius,Mar,mercury,0.328,1,0.4667
alumni,95.0,Cancer,Aug,sun,0.852,1,0.3125
alzheimer's disease,135.0,Leo,Sep,sun,0.81,1,0.8636
amalfi coast,260.0,Sagittarius,Jan,sun,0.862,1,0.6087
amateur,240.0,Scorpio,Dec,sun,0.67,1,0.4
amazonas,265.0,Sagittarius,Jan,sun,0.808,1,0.55
american football,270.0,Capricorn,Jan,sun,0.811,1,0.8
american football equipment,15.0,Aries,May,sun,0.848,1,1.0
amphibians,140.0,Leo,Sep,sun,0.876,1,0.8182
amsterdam,260.0,Sagittarius,Jan,sun,0.905,1,0.4706
analytics,270.0,Capricorn,Jan,sun,0.779,1,0.5909
anatomy,140.0,Leo,Sep,sun,0.8,1,0.6875
ancestry,205.0,Libra,Nov,sun,0.986,1,0.8
andalucia,285.0,Capricorn,Feb,sun,0.839,1,0.7222
andhra pradesh,260.0,Sagittarius,Jan,sun,0.998,1,0.4762
andorra,30.0,Aries,May,sun,0.802,1,0.5909
android apps,45.0,Taurus,Jun,sun,0.709,1,0.6316
android os,260.0,Sagittarius,Jan,sun,0.969,1,0.7778
angola,260.0,Sagittarius,Jan,sun,0.925,1,0.6667
anhui,225.0,Scorpio,Dec,sun,0.892,1,0.6667
animal products,165.0,Virgo,Oct,sun,0.903,1,0.3913
animal sports,0.0,Aries,Apr,sun,0.993,1,0.65
animal welfare,135.0,Leo,Sep,sun,0.894,1,0.7619
animals,170.0,Virgo,Oct,sun,0.934,1,0.7333
animated films,305.0,Aquarius,Feb,sun,0.82,1,0.55
animated gifs,150.0,Virgo,Sep,sun,0.931,1,0.0
animation,305.0,Aquarius,Feb,sun,0.986,1,0.2174
animation software,270.0,Capricorn,Jan,sun,0.91,1,0.5238
anime,345.0,Pisces,Apr,sun,0.837,1,0.5217
ankara,225.0,Scorpio,Dec,sun,0.97,1,0.5263
anniversaries,290.0,Capricorn,Feb,sun,0.943,1,0.5263
antalya,60.0,Taurus,Jun,sun,0.82,1,0.619
anthropology,265.0,Sagittarius,Jan,sun,0.848,1,0.8095
anti-aging skin care products,0.0,Aries,Apr,sun,1.0,1,0.5
antigua,295.0,Capricorn,Feb,sun,0.78,1,0.6316
antiperspirants,10.0,Aries,May,sun,0.888,1,0.6111
antiques,260.0,Sagittarius,Jan,sun,0.921,1,0.6667
antivirus,260.0,Sagittarius,Jan,sun,0.771,1,0.5333
anxiety,270.0,Capricorn,Jan,sun,0.997,1,0.7778
aomori,80.0,Gemini,Jul,sun,0.862,1,0.35
aosta valley,260.0,Sagittarius,Jan,sun,0.728,1,0.5
apparel,350.0,Pisces,Apr,sun,0.901,1,0.5
apparel services,330.0,Pisces,Mar,sun,1.0,1,0.5
apple ios,50.0,Taurus,Jun,sun,0.836,1,0.85
appraisals,325.0,Aquarius,Mar,sun,0.98,1,0.5417
aquaculture,315.0,Aquarius,Mar,sun,0.994,1,0.5652
aquaria,260.0,Sagittarius,Jan,sun,1.0,1,0.4167
aquariums,265.0,Sagittarius,Jan,sun,0.932,1,0.5625
aquitaine,300.0,Aquarius,Feb,sun,0.993,1,0.3684
arabs,245.0,Sagittarius,Jan,sun,0.969,1,
aragon,135.0,Leo,Sep,sun,0.955,1,0.5
arcade,345.0,Pisces,Apr,sun,0.983,1,0.6875
archaeology,265.0,Sagittarius,Jan,sun,0.855,1,0.3333
architecture,140.0,Leo,Sep,sun,0.745,1,0.6364
argentina,50.0,Taurus,Jun,sun,0.865,1,0.7222
arizona,265.0,Sagittarius,Jan,sun,0.941,1,0.6667
arkansas,130.0,Leo,Sep,sun,0.967,1,0.7
armchairs,190.0,Libra,Nov,sun,0.878,1,0.6429
armenia,320.0,Aquarius,Mar,sun,0.884,1,0.9091
army,250.0,Sagittarius,Jan,sun,0.965,1,0.6957
art,165.0,Virgo,Oct,sun,0.99,1,0.5652
art museums,285.0,Capricorn,Feb,mercury,0.436,1,0.5909
arthritis,145.0,Leo,Sep,sun,0.797,1,0.4091
artificial intelligence,295.0,Capricorn,Feb,sun,0.884,1,0.4762
arts,325.0,Aquarius,Mar,sun,0.977,1,0.5652
aruba,265.0,Sagittarius,Jan,sun,0.873,1,0.7273
asia,45.0,Taurus,Jun,sun,0.997,1,0.55
asians,330.0,Pisces,Mar,sun,0.946,1,0.7143
asmr videos,230.0,Scorpio,Dec,sun,0.964,1,0.5217
asset,280.0,Capricorn,Feb,sun,0.982,1,0.6087
assisted living,320.0,Aquarius,Mar,sun,0.935,1,0.3913
assistive technology,140.0,Leo,Sep,sun,0.844,1,0.55
asthma,125.0,Leo,Sep,sun,0.831,1,0.6818
astrology,250.0,Sagittarius,Jan,sun,0.899,1,0.4545
astronomy,265.0,Sagittarius,Jan,sun,0.995,1,0.5238
asturias,145.0,Leo,Sep,sun,0.933,1,0.5833
athens,55.0,Taurus,Jun,sun,1.0,1,0.625
athleisure,260.0,Sagittarius,Jan,sun,0.833,1,0.4211
athletic apparel,260.0,Sagittarius,Jan,mercury,0.455,1,0.5
athletic shoes,225.0,Scorpio,Dec,sun,0.598,1,0.4545
atlanta,320.0,Aquarius,Mar,sun,0.769,1,0.6667
atlantic city,270.0,Capricorn,Jan,sun,0.915,1,0.4762
atlantic provinces,30.0,Aries,May,sun,0.819,1,0.625
atmospheric science,130.0,Leo,Sep,sun,0.86,1,0.4783
atms,45.0,Taurus,Jun,sun,0.865,1,0.3182
auckland,110.0,Cancer,Aug,sun,0.886,1,0.5294
auctions,195.0,Libra,Nov,sun,0.975,1,0.5455
audi,265.0,Sagittarius,Jan,sun,0.767,1,0.3684
audio,85.0,Gemini,Jul,sun,0.895,1,0.5238
audio equipment,135.0,Leo,Sep,sun,0.993,1,0.5417
audio file formats,210.0,Scorpio,Nov,sun,0.958,1,0.5
audio shopping,75.0,Gemini,Jul,sun,0.824,1,0.7
audiobooks,275.0,Capricorn,Jan,sun,0.763,1,0.5789
auditing,265.0,Sagittarius,Jan,sun,0.817,1,0.4783
augmented,140.0,Leo,Sep,sun,0.819,1,0.6087
australia,40.0,Taurus,Jun,sun,0.929,1,0.4762
australian football,275.0,Capricorn,Jan,sun,0.85,1,0.5833
austria,25.0,Aries,May,sun,0.91,1,0.75
autism spectrum disorders,290.0,Capricorn,Feb,sun,0.885,1,0.2667
auto batteries,260.0,Sagittarius,Jan,sun,0.756,1,0.4737
auto body repair,265.0,Sagittarius,Jan,sun,0.985,1,0.3158
auto brakes,260.0,Sagittarius,Jan,sun,0.771,1,0.5238
auto exterior,330.0,Pisces,Mar,sun,0.651,1,0.5909
auto financing,260.0,Sagittarius,Jan,sun,0.845,1,0.6087
auto glass repair,255.0,Sagittarius,Jan,sun,0.881,1,0.6667
auto insurance,285.0,Capricorn,Feb,sun,0.983,1,0.45
auto interior,275.0,Capricorn,Jan,sun,0.983,1,0.6087
auto leasing,260.0,Sagittarius,Jan,sun,0.899,1,0.619
auto racing,125.0,Leo,Sep,sun,1.0,1,0.3333
automotive electronic components,135.0,Leo,Sep,sun,1.0,1,
automotive industry,340.0,Pisces,Apr,sun,0.991,1,0.5455
autonomous vehicles,285.0,Capricorn,Feb,sun,0.73,1,0.5238
autos,80.0,Gemini,Jul,sun,0.861,1,0.7
auvergne,125.0,Leo,Sep,sun,0.975,1,0.5385
aviation industry,260.0,Sagittarius,Jan,sun,0.865,1,0.6957
azerbaijan,20.0,Aries,May,sun,0.876,1,0.7857
azores,265.0,Sagittarius,Jan,sun,0.698,1,0.6316
b,295.0,Capricorn,Feb,sun,0.94,1,0.35
babies,265.0,Sagittarius,Jan,sun,0.89,1,0.6
baby,75.0,Gemini,Jul,sun,0.956,1,0.5
baby care,200.0,Libra,Nov,sun,0.973,1,0.4211
baby feeding,270.0,Capricorn,Jan,sun,0.968,1,0.6818
baby food,270.0,Capricorn,Jan,sun,0.926,1,0.5217
baby formula,190.0,Libra,Nov,sun,0.998,1,0.6316
baby safety,20.0,Aries,May,sun,0.979,1,0.5238
baby showers,260.0,Sagittarius,Jan,sun,0.903,1,0.3333
baby strollers,190.0,Libra,Nov,sun,0.988,1,0.4706
bachelor,260.0,Sagittarius,Jan,sun,0.782,1,0.4
bachelorette parties,50.0,Taurus,Jun,sun,0.841,1,0.6154
backpacks,85.0,Gemini,Jul,sun,0.833,1,0.6667
badminton,325.0,Aquarius,Mar,sun,0.974,1,0.7083
bahamas,255.0,Sagittarius,Jan,sun,0.997,1,0.5882
bahia,15.0,Aries,May,sun,0.927,1,0.5
bahrain,335.0,Pisces,Mar,sun,0.911,1,0.5217
baja california,260.0,Sagittarius,Jan,sun,0.912,1,0.5714
baked goods,150.0,Virgo,Sep,sun,1.0,1,0.4211
bakeries,20.0,Aries,May,sun,0.974,1,0.4348
balearic islands,270.0,Capricorn,Jan,sun,1.0,1,0.4783
bali,135.0,Leo,Sep,sun,0.809,1,0.5
ballet,155.0,Virgo,Oct,sun,0.859,1,0.5333
baltics,200.0,Libra,Nov,sun,0.869,1,0.1739
baltimore metro,105.0,Cancer,Aug,sun,0.988,1,0.619
bandung,120.0,Cancer,Aug,sun,0.996,1,0.4762
bangalore,130.0,Leo,Sep,sun,0.893,1,0.6522
bangkok,260.0,Sagittarius,Jan,sun,0.876,1,0.5
bangladesh,305.0,Aquarius,Feb,sun,0.887,1,0.5217
banking,70.0,Gemini,Jul,sun,0.996,1,0.6087
bankruptcy,260.0,Sagittarius,Jan,sun,0.999,1,0.2143
barbados,265.0,Sagittarius,Jan,sun,0.911,1,0.9048
barbecues,335.0,Pisces,Mar,sun,0.683,1,0.6364
barbuda,20.0,Aries,May,sun,0.997,1,0.6667
barcelona,105.0,Cancer,Aug,sun,0.879,1,0.5455
bari,200.0,Libra,Nov,sun,0.864,1,0.3333
bars,80.0,Gemini,Jul,sun,0.92,1,0.6316
baseball,310.0,Aquarius,Mar,sun,0.771,1,0.6818
basilicata,80.0,Gemini,Jul,sun,0.981,1,0.5
basketball,190.0,Libra,Nov,sun,0.849,1,0.5714
basketball equipment,180.0,Libra,Oct,sun,0.904,1,0.6522
basque country,350.0,Pisces,Apr,sun,0.851,1,0.3333
bath,240.0,Scorpio,Dec,sun,0.873,1,0.6471
bathroom,20.0,Aries,May,sun,0.943,1,0.3889
baton rouge,75.0,Gemini,Jul,sun,0.955,1,0.7
battle royale games,200.0,Libra,Nov,sun,0.993,1,0.5789
bavaria,285.0,Capricorn,Feb,sun,0.765,1,0.75
bbq,10.0,Aries,May,sun,0.765,1,0.6957
beaches,245.0,Sagittarius,Jan,sun,0.795,1,0.6818
beauty,260.0,Sagittarius,Jan,sun,0.98,1,0.625
beauty pageants,270.0,Capricorn,Jan,sun,0.907,1,0.6667
beauty professionals,135.0,Leo,Sep,sun,0.924,1,
beauty services,20.0,Aries,May,sun,0.83,1,0.5714
bed,230.0,Scorpio,Dec,sun,0.977,1,0.4286
bed linens,35.0,Taurus,May,sun,0.656,1,0.5263
bedding,265.0,Sagittarius,Jan,sun,0.996,1,0.8
bedroom,265.0,Sagittarius,Jan,sun,0.937,1,0.5
beds,265.0,Sagittarius,Jan,sun,0.914,1,0.6471
beef,225.0,Scorpio,Dec,sun,0.808,1,0.3636
beijing,95.0,Cancer,Aug,sun,0.717,1,0.0
belarus,315.0,Aquarius,Mar,sun,0.942,1,0.4706
belgium,25.0,Aries,May,sun,0.924,1,0.7692
belief,290.0,Capricorn,Feb,sun,1.0,1,0.5385
belize,265.0,Sagittarius,Jan,sun,0.969,1,0.8333
belo horizonte,260.0,Sagittarius,Jan,sun,0.998,1,0.6667
benefits,260.0,Sagittarius,Jan,sun,0.896,1,0.6957
benelux,135.0,Leo,Sep,sun,0.843,1,0.5385
bentley,355.0,Pisces,Apr,sun,0.744,1,0.5455
berlin,160.0,Virgo,Oct,sun,0.991,1,0.625
bermuda,75.0,Gemini,Jul,sun,0.99,1,0.55
beverages,320.0,Aquarius,Mar,sun,0.983,1,0.6522
bhutan,320.0,Aquarius,Mar,sun,0.997,1,0.5909
bicycles,135.0,Leo,Sep,sun,0.89,1,0.75
big island (hawaii),260.0,Sagittarius,Jan,sun,0.931,1,0.6429
bihar,325.0,Aquarius,Mar,sun,0.586,1,0.5909
bike accessories,80.0,Gemini,Jul,sun,0.819,1,0.7143
bike frames,345.0,Pisces,Apr,sun,0.932,1,0.6364
bike helmets,0.0,Aries,Apr,sun,0.97,1,0.4286
bike parts,45.0,Taurus,Jun,sun,0.839,1,0.4737
bike rentals,290.0,Capricorn,Feb,sun,0.908,1,0.5652
bilbao,100.0,Cancer,Aug,sun,0.88,1,0.4737
billiards,260.0,Sagittarius,Jan,sun,0.951,1,0.5455
billing,35.0,Taurus,May,sun,0.969,1,0.381
binoculars,105.0,Cancer,Aug,sun,1.0,1,0.4737
biographies,265.0,Sagittarius,Jan,sun,0.88,1,0.4762
biological sciences,135.0,Leo,Sep,sun,0.669,1,0.3043
biotech,265.0,Sagittarius,Jan,sun,0.938,1,0.5
birds,25.0,Aries,May,sun,0.974,1,0.4737
birdwatching,260.0,Sagittarius,Jan,sun,0.922,1,0.55
birmingham (al),350.0,Pisces,Apr,sun,1.0,1,0.5455
birmingham (uk),265.0,Sagittarius,Jan,sun,0.897,1,0.6667
birth control,265.0,Sagittarius,Jan,sun,0.973,1,0.55
birthdays,260.0,Sagittarius,Jan,sun,0.974,1,0.55
bisexual,185.0,Libra,Nov,sun,0.841,1,0.5556
bizarre,320.0,Aquarius,Mar,sun,0.76,1,0.3
black sea turkey,350.0,Pisces,Apr,sun,0.718,1,0.4091
blackberry os,45.0,Taurus,Jun,sun,0.982,1,0.25
blenders,195.0,Libra,Nov,sun,0.846,1,0.5625
blindness,150.0,Virgo,Sep,sun,0.856,1,0.6154
blogging resources,135.0,Leo,Sep,sun,1.0,1,1.0
blood conditions,110.0,Cancer,Aug,sun,0.805,1,0.4286
blood sugar,270.0,Capricorn,Jan,sun,0.94,1,0.6923
blu-ray players,210.0,Scorpio,Nov,sun,0.964,1,0.7
blues,120.0,Cancer,Aug,sun,0.962,1,0.6364
bluetooth accessories,50.0,Taurus,Jun,sun,0.985,1,0.381
bmw,260.0,Sagittarius,Jan,sun,0.868,1,0.65
bmx bikes,350.0,Pisces,Apr,sun,0.741,1,1.0
board games,215.0,Scorpio,Dec,sun,0.786,1,0.6667
boating,260.0,Sagittarius,Jan,sun,0.763,1,0.4762
boats,70.0,Gemini,Jul,sun,0.776,1,0.8182
bodrum,55.0,Taurus,Jun,sun,0.78,1,0.6
body art,290.0,Capricorn,Feb,sun,0.987,1,0.7333
body care,190.0,Libra,Nov,sun,0.961,1,0.6923
body mounted,140.0,Leo,Sep,sun,0.972,1,0.3913
body products,195.0,Libra,Nov,sun,0.992,1,0.6667
body soaps,200.0,Libra,Nov,sun,1.0,1,0.3913
body sprays,200.0,Libra,Nov,sun,0.82,1,0.4783
bodybuilding,260.0,Sagittarius,Jan,sun,0.935,1,0.6667
bogota,320.0,Aquarius,Mar,sun,0.804,1,0.45
bolivia,260.0,Sagittarius,Jan,sun,0.944,1,0.7826
bollywood,50.0,Taurus,Jun,sun,0.826,1,0.5455
bollywood music,195.0,Libra,Nov,sun,0.904,1,0.4762
bologna,125.0,Leo,Sep,sun,0.89,1,0.5909
bonaire,260.0,Sagittarius,Jan,sun,0.93,1,0.5714
bonds,280.0,Capricorn,Feb,sun,0.851,1,0.5789
book retailers,315.0,Aquarius,Mar,sun,1.0,1,
bookkeeping,260.0,Sagittarius,Jan,sun,0.831,1,0.625
books,260.0,Sagittarius,Jan,sun,0.804,1,0.5217
boots,170.0,Virgo,Oct,sun,0.847,1,0.6667
bora bora,65.0,Gemini,Jun,sun,0.843,1,0.6
bordeaux,95.0,Cancer,Aug,sun,0.877,1,0.4286
border issues,185.0,Libra,Nov,sun,0.978,1,0.3913
bosnia and herzegovina,20.0,Aries,May,sun,0.937,1,0.3
boston metro,155.0,Virgo,Oct,sun,0.972,1,0.7778
botswana,335.0,Pisces,Mar,sun,0.998,1,0.5833
bottled water,335.0,Pisces,Mar,sun,0.89,1,0.5625
bowling,265.0,Sagittarius,Jan,sun,0.849,1,0.6818
bowling equipment,355.0,Pisces,Apr,sun,0.82,1,0.5
boxing,210.0,Scorpio,Nov,sun,0.836,1,0.5714
boxing gloves,220.0,Scorpio,Dec,sun,1.0,1,0.6667
brainteasers,355.0,Pisces,Apr,sun,0.873,1,0.4348
brake service,270.0,Capricorn,Jan,sun,0.912,1,0.45
branch locations,90.0,Cancer,Jul,sun,0.515,1,0.3636
brand management,270.0,Capricorn,Jan,sun,0.852,1,0.3889
brandenburg,140.0,Leo,Sep,sun,0.799,1,0.5
brasilia,320.0,Aquarius,Mar,sun,0.875,1,0.5625
brazil,45.0,Taurus,Jun,sun,0.936,1,0.7647
brazilian music,35.0,Taurus,May,sun,0.859,1,0.6
bread makers,315.0,Aquarius,Mar,sun,0.971,1,0.4783
breakfast foods,260.0,Sagittarius,Jan,sun,0.986,1,0.5217
breastfeeding,245.0,Sagittarius,Jan,sun,0.975,1,0.4211
bremen,100.0,Cancer,Aug,sun,0.814,1,0.6667
bridal wear,125.0,Leo,Sep,sun,0.989,1,0.6667
brisbane,255.0,Sagittarius,Jan,sun,0.843,1,0.6429
bristol,105.0,Cancer,Aug,sun,0.859,1,0.8125
british columbia,265.0,Sagittarius,Jan,sun,0.955,1,0.5238
brittany,105.0,Cancer,Aug,sun,0.766,1,0.5
broadcast,135.0,Leo,Sep,sun,0.916,1,0.4762
broadway,265.0,Sagittarius,Jan,sun,0.99,1,0.8333
brokerages,135.0,Leo,Sep,sun,0.738,1,0.5714
broward-fort lauderdale,195.0,Libra,Nov,sun,1.0,1,
browser games,235.0,Scorpio,Dec,sun,0.976,1,0.6
brunei,95.0,Cancer,Aug,sun,0.765,1,0.4118
brussels,130.0,Leo,Sep,sun,0.903,1,0.625
bucharest,50.0,Taurus,Jun,sun,0.847,1,0.5
budapest,25.0,Aries,May,sun,0.93,1,0.6
buddhism,140.0,Leo,Sep,sun,0.987,1,0.6957
buenos aires,75.0,Gemini,Jul,sun,0.883,1,0.5789
buick,270.0,Capricorn,Jan,sun,0.905,1,0.5238
building materials,85.0,Gemini,Jul,sun,0.895,1,0.619
building toys,165.0,Virgo,Oct,sun,0.884,1,0.5
buildings,265.0,Sagittarius,Jan,sun,0.881,1,0.6364
bulgaria,140.0,Leo,Sep,sun,0.919,1,0.7778
burgenland,265.0,Sagittarius,Jan,sun,0.974,1,0.5556
burgers,265.0,Sagittarius,Jan,sun,0.932,1,0.6842
burgundy,175.0,Virgo,Oct,sun,0.866,1,0.75
burkina faso,260.0,Sagittarius,Jan,sun,1.0,1,0.6667
burners,260.0,Sagittarius,Jan,sun,0.94,1,0.0
bursa,110.0,Cancer,Aug,sun,0.836,1,0.6875
busan,170.0,Virgo,Oct,sun,0.985,1,0.1667
business,260.0,Sagittarius,Jan,sun,0.985,1,0.4762
business attire,260.0,Sagittarius,Jan,sun,0.827,1,0.7619
business cards,265.0,Sagittarius,Jan,sun,0.949,1,0.6818
business education,275.0,Capricorn,Jan,sun,0.938,1,0.5
business finance,200.0,Libra,Nov,sun,0.771,1,0.6667
business formation,295.0,Capricorn,Feb,sun,0.655,1,0.6667
business news,265.0,Sagittarius,Jan,sun,0.991,1,0.375
business operations,265.0,Sagittarius,Jan,sun,0.781,1,0.4583
business opportunities,270.0,Capricorn,Jan,sun,0.992,1,0.5909
business plans,140.0,Leo,Sep,sun,1.0,1,0.5909
business process,20.0,Aries,May,sun,0.912,1,0.875
business services,125.0,Leo,Sep,sun,0.895,1,0.7083
business travel,265.0,Sagittarius,Jan,sun,0.684,1,0.6667
butchers,285.0,Capricorn,Feb,sun,0.897,1,0.4444
c,300.0,Aquarius,Feb,sun,0.966,1,0.5
cabinetry,255.0,Sagittarius,Jan,sun,1.0,1,0.5238
cable,65.0,Gemini,Jun,sun,0.873,1,0.5263
cad,135.0,Leo,Sep,sun,0.775,1,0.7
cadillac,95.0,Cancer,Aug,sun,0.887,1,0.375
cadiz,275.0,Capricorn,Jan,sun,0.824,1,0.6667
cairns,265.0,Sagittarius,Jan,sun,0.977,1,0.25
cairo,260.0,Sagittarius,Jan,sun,0.954,1,0.4
calabria,280.0,Capricorn,Feb,sun,0.872,1,0.5
calculators,135.0,Leo,Sep,sun,0.951,1,0.5909
calendar,120.0,Cancer,Aug,sun,0.738,1,0.7727
calendars,210.0,Scorpio,Nov,sun,0.796,1,0.6667
calgary,75.0,Gemini,Jul,sun,0.988,1,0.7143
california,20.0,Aries,May,sun,0.786,1,0.6667
california central coast,95.0,Cancer,Aug,sun,0.651,1,0.4545
calling cards,200.0,Libra,Nov,sun,0.857,1,0.6522
cam,105.0,Cancer,Aug,sun,0.997,1,0.4
cambodia,105.0,Cancer,Aug,sun,0.938,1,0.5714
camcorders,45.0,Taurus,Jun,sun,0.807,1,0.5294
camera,40.0,Taurus,Jun,sun,0.895,1,0.3478
camera lenses,90.0,Cancer,Jul,sun,0.885,1,0.625
cameras,50.0,Taurus,Jun,sun,0.883,1,0.5833
cameroon,45.0,Taurus,Jun,sun,0.919,1,0.8
campaigns,265.0,Sagittarius,Jan,sun,0.888,1,0.6
campania,140.0,Leo,Sep,sun,0.856,1,0.3889
campers,60.0,Taurus,Jun,sun,0.947,1,0.5909
camping,60.0,Taurus,Jun,sun,0.811,1,0.6087
canada,265.0,Sagittarius,Jan,sun,0.844,1,0.8182
canadian prairies,15.0,Aries,May,sun,1.0,1,1.0
canary islands,265.0,Sagittarius,Jan,sun,0.999,1,0.7222
canberra,320.0,Aquarius,Mar,sun,0.81,1,0.3571
cancer,145.0,Leo,Sep,sun,0.922,1,0.2381
cancun,260.0,Sagittarius,Jan,sun,0.923,1,0.7143
candy,175.0,Virgo,Oct,sun,0.914,1,0.5
cantabria,280.0,Capricorn,Feb,sun,0.838,1,0.6667
cantopop,295.0,Capricorn,Feb,sun,0.866,1,0.4
cape town,85.0,Gemini,Jul,sun,0.998,1,0.3913
capoeira,125.0,Leo,Sep,sun,0.799,1,0.5385
cappadocia,295.0,Capricorn,Feb,sun,0.981,1,0.3529
car audio,260.0,Sagittarius,Jan,sun,0.874,1,0.5238
car electronics,260.0,Sagittarius,Jan,sun,0.989,1,0.4348
car rentals,245.0,Sagittarius,Jan,sun,1.0,1,0.3333
car video,325.0,Aquarius,Mar,sun,0.962,1,0.5217
caracas,215.0,Scorpio,Dec,sun,0.912,1,0.7143
card games,225.0,Scorpio,Dec,sun,0.831,1,0.619
cardio training equipment,260.0,Sagittarius,Jan,sun,0.543,1,0.7143
career resources,260.0,Sagittarius,Jan,sun,0.804,1,0.5
cargo trucks,115.0,Cancer,Aug,sun,0.942,1,0.3
caribbean,25.0,Aries,May,sun,0.914,1,0.6667
caribbean cuisine,300.0,Aquarius,Feb,sun,0.635,1,0.6364
caribbean music,275.0,Capricorn,Jan,sun,0.845,1,0.6316
carinthia,150.0,Virgo,Sep,sun,0.758,1,0.8636
carnival,280.0,Capricorn,Feb,sun,0.823,1,0.7143
carpets,260.0,Sagittarius,Jan,sun,0.911,1,0.2
carpooling,200.0,Libra,Nov,sun,0.856,1,0.6875
cartoons,225.0,Scorpio,Dec,sun,0.989,1,0.5263
cash advances,320.0,Aquarius,Mar,sun,0.681,1,0.5556
castile and leon,0.0,Aries,Apr,sun,1.0,1,0.5
castile-la mancha,165.0,Virgo,Oct,sun,1.0,1,
casual apparel,0.0,Aries,Apr,sun,1.0,1,0.5
casual games,250.0,Sagittarius,Jan,sun,0.988,1,0.6087
casual shoes,165.0,Virgo,Oct,sun,0.994,1,0.6957
catalonia,320.0,Aquarius,Mar,sun,0.913,1,0.8182
catering,270.0,Capricorn,Jan,sun,0.81,1,0.5833
cats,225.0,Scorpio,Dec,sun,0.862,1,0.6
caucasus,130.0,Leo,Sep,sun,0.991,1,0.6667
cayman islands,200.0,Libra,Nov,sun,0.997,1,0.5909
cd,110.0,Cancer,Aug,sun,0.782,1,0.5
ceara,15.0,Aries,May,sun,0.995,1,0.5833
cebu,255.0,Sagittarius,Jan,sun,0.989,1,0.6875
celebrities,260.0,Sagittarius,Jan,sun,0.885,1,0.7143
central,125.0,Leo,Sep,sun,0.911,1,0.5
central america,130.0,Leo,Sep,sun,0.891,1,0.55
central anatolia,165.0,Virgo,Oct,sun,1.0,1,
central asia,140.0,Leo,Sep,sun,0.829,1,0.4545
central florida,260.0,Sagittarius,Jan,sun,0.983,1,0.381
central france,10.0,Aries,May,sun,0.627,1,0.4286
central mexico,40.0,Taurus,Jun,sun,0.991,1,0.6667
centre-val de loire,165.0,Virgo,Oct,sun,1.0,1,0.0
ceramics,270.0,Capricorn,Jan,sun,0.883,1,0.4545
certification,260.0,Sagittarius,Jan,sun,0.903,1,0.6087
chad,70.0,Gemini,Jul,sun,0.989,1,0.5714
champagne-ardenne,225.0,Scorpio,Dec,sun,1.0,1,0.25
changchun,110.0,Cancer,Aug,sun,0.848,1,0.5
charity,170.0,Virgo,Oct,sun,0.94,1,0.5263
charlotte metro,265.0,Sagittarius,Jan,sun,0.842,1,0.4286
charters,30.0,Aries,May,sun,0.961,1,0.55
chat providers,230.0,Scorpio,Dec,sun,0.999,1,0.0
chatbots,125.0,Leo,Sep,sun,0.962,1,0.5652
checking services,315.0,Aquarius,Mar,sun,0.934,1,0.6111
cheerleading,265.0,Sagittarius,Jan,sun,0.823,1,0.6
cheese,195.0,Libra,Nov,sun,0.973,1,0.6364
chemicals industry,200.0,Libra,Nov,sun,0.973,1,0.4348
chemistry,285.0,Capricorn,Feb,sun,0.757,1,0.7273
chengdu,80.0,Gemini,Jul,sun,0.948,1,0.4118
chennai,345.0,Pisces,Apr,sun,0.782,1,0.6667
chess,205.0,Libra,Nov,sun,0.983,1,0.6522
chevrolet,260.0,Sagittarius,Jan,sun,0.952,1,0.4737
chhattisgarh,320.0,Aquarius,Mar,sun,0.888,1,0.3636
chiang mai,345.0,Pisces,Apr,sun,0.995,1,0.619
chiapas,265.0,Sagittarius,Jan,sun,0.889,1,0.4762
chiba,40.0,Taurus,Jun,sun,0.845,1,0.6111
chicago,260.0,Sagittarius,Jan,sun,0.943,1,0.5294
chihuahua,265.0,Sagittarius,Jan,sun,0.853,1,0.2857
child car seats,260.0,Sagittarius,Jan,sun,0.989,1,0.4211
child care,275.0,Capricorn,Jan,sun,0.938,1,0.6667
child internet safety,140.0,Leo,Sep,sun,0.812,1,0.0
children's books,130.0,Leo,Sep,sun,0.823,1,0.7273
children's clothing,310.0,Aquarius,Mar,sun,0.979,1,0.381
children's music,120.0,Cancer,Aug,sun,0.823,1,0.6316
chile,325.0,Aquarius,Mar,sun,0.837,1,0.4286
china,340.0,Pisces,Apr,sun,0.976,1,0.625
chinese cuisine,340.0,Pisces,Apr,sun,0.992,1,0.7273
chinese martial arts,320.0,Aquarius,Mar,sun,0.971,1,0.4286
chinese medicine,260.0,Sagittarius,Jan,sun,0.945,1,0.4783
chips,260.0,Sagittarius,Jan,sun,0.951,1,0.7273
chongqing,265.0,Sagittarius,Jan,sun,0.862,1,0.6111
choreography videos,200.0,Libra,Nov,sun,0.872,1,0.75
christchurch,295.0,Capricorn,Feb,sun,0.758,1,0.75
christian,300.0,Aquarius,Feb,sun,0.961,1,0.65
christian holidays,220.0,Scorpio,Dec,sun,0.996,1,0.8125
christianity,345.0,Pisces,Apr,sun,0.995,1,0.7273
christmas,160.0,Virgo,Oct,sun,0.75,1,0.8333
chrysler,200.0,Libra,Nov,sun,0.979,1,0.4
chubu,80.0,Gemini,Jul,sun,1.0,1,0.4348
chugoku,170.0,Virgo,Oct,sun,1.0,1,0.6842
cincinnati,100.0,Cancer,Aug,sun,0.833,1,0.85
circus,165.0,Virgo,Oct,sun,0.772,1,0.7778
cis,260.0,Sagittarius,Jan,sun,0.995,1,0.5909
citroen,265.0,Sagittarius,Jan,sun,0.874,1,0.3182
city,105.0,Cancer,Aug,sun,0.882,1,0.5455
city building games,110.0,Cancer,Aug,sun,0.911,1,0.1739
civil engineering,275.0,Capricorn,Jan,sun,0.843,1,0.4783
civil rights,275.0,Capricorn,Jan,sun,0.857,1,0.8261
classic films,170.0,Virgo,Oct,sun,0.98,1,0.4583
classic rock,20.0,Aries,May,sun,0.984,1,0.3889
classic vehicles,40.0,Taurus,Jun,sun,1.0,1,0.4286
classical music,135.0,Leo,Sep,sun,0.844,1,0.8333
classifieds,255.0,Sagittarius,Jan,sun,0.985,1,0.4
classroom equipment,110.0,Cancer,Aug,sun,0.676,1,0.4286
classroom resources,130.0,Leo,Sep,sun,0.995,1,0.7
clean beauty,255.0,Sagittarius,Jan,sun,0.858,1,0.5625
cleaning agents,140.0,Leo,Sep,sun,0.791,1,0.5833
cleaning services,350.0,Pisces,Apr,sun,0.975,1,0.5217
cleansing,270.0,Capricorn,Jan,sun,0.857,1,0.5714
clerical,50.0,Taurus,Jun,sun,0.999,1,0.5652
climate change,135.0,Leo,Sep,sun,0.868,1,0.55
climate control,190.0,Libra,Nov,sun,0.918,1,0.6522
climbing,260.0,Sagittarius,Jan,sun,0.973,1,0.6842
clip art,295.0,Capricorn,Feb,sun,0.927,1,0.5294
clocks,140.0,Leo,Sep,sun,0.925,1,0.7778
clothing accessories,345.0,Pisces,Apr,sun,0.815,1,0.4118
cloud computing,135.0,Leo,Sep,sun,0.87,1,0.619
cloud storage,50.0,Taurus,Jun,sun,0.982,1,0.7273
clubs,240.0,Scorpio,Dec,sun,0.937,1,0.65
coatings,265.0,Sagittarius,Jan,sun,0.952,1,0.6667
cochin,90.0,Cancer,Jul,sun,0.987,1,0.5238
codecs,110.0,Cancer,Aug,sun,0.939,1,0.4545
coffee,15.0,Aries,May,sun,0.992,1,0.7727
coffee tables,140.0,Leo,Sep,sun,0.988,1,0.6
coin-op games,225.0,Scorpio,Dec,sun,1.0,1,
cold,225.0,Scorpio,Dec,sun,0.868,1,0.8889
collaboration,215.0,Scorpio,Dec,sun,0.823,1,0.5238
collectible card games,350.0,Pisces,Apr,sun,1.0,1,0.6
collectibles,70.0,Gemini,Jul,sun,0.943,1,0.6667
collections,250.0,Sagittarius,Jan,sun,0.913,1,0.6522
college financing,50.0,Taurus,Jun,sun,0.871,1,0.5882
college sports,130.0,Leo,Sep,sun,0.882,1,0.5217
colleges,260.0,Sagittarius,Jan,sun,0.903,1,0.5417
collision,35.0,Taurus,May,sun,0.962,1,0.6364
cologne,220.0,Scorpio,Dec,sun,0.887,1,0.6316
colombia,150.0,Virgo,Sep,sun,0.861,1,0.3636
colorado,145.0,Leo,Sep,sun,0.848,1,0.5
coloring,295.0,Capricorn,Feb,sun,0.815,1,0.5625
columbus (oh),160.0,Virgo,Oct,sun,0.995,1,0.5714
combat sports,350.0,Pisces,Apr,sun,0.993,1,0.5455
comedy films,255.0,Sagittarius,Jan,sun,0.892,1,0.625
comics,185.0,Libra,Nov,sun,0.942,1,0.4545
commentary,50.0,Taurus,Jun,sun,0.879,1,0.6522
commercial distribution,45.0,Taurus,Jun,sun,0.726,1,0.381
commercial lending,80.0,Gemini,Jul,sun,0.965,1,0.4211
commercial properties,270.0,Capricorn,Jan,sun,0.624,1,0.5217
commercial vehicles,80.0,Gemini,Jul,sun,0.905,1,0.5909
commodities,125.0,Leo,Sep,sun,0.993,1,0.619
communications,275.0,Capricorn,Jan,sun,0.868,1,0.5714
communications equipment,45.0,Taurus,Jun,sun,1.0,1,0.75
compact cars,115.0,Cancer,Aug,sun,0.954,1,
company earnings,85.0,Gemini,Jul,sun,0.95,1,0.5652
company news,205.0,Libra,Nov,sun,0.978,1,0.5417
comparisons,150.0,Virgo,Sep,sun,0.923,1,0.3636
compensation,285.0,Capricorn,Feb,sun,0.877,1,0.2857
competitive video gaming,20.0,Aries,May,sun,0.813,1,0.75
components,270.0,Capricorn,Jan,sun,0.832,1,0.6522
computer,80.0,Gemini,Jul,sun,0.792,1,0.5217
computer components,135.0,Leo,Sep,sun,0.831,1,0.4348
computer desks,110.0,Cancer,Aug,sun,0.979,1,0.3913
computer drives,45.0,Taurus,Jun,sun,0.862,1,0.4211
computer education,295.0,Capricorn,Feb,sun,0.948,1,0.6364
computer hardware,260.0,Sagittarius,Jan,sun,0.949,1,0.3913
computer memory,200.0,Libra,Nov,sun,0.992,1,0.375
computer monitors,220.0,Scorpio,Dec,sun,0.913,1,0.6
computer peripherals,200.0,Libra,Nov,sun,0.957,1,0.6522
computer science,125.0,Leo,Sep,sun,0.898,1,0.5833
computer security,280.0,Capricorn,Feb,sun,0.882,1,0.4545
computer servers,65.0,Gemini,Jun,sun,0.875,1,0.3684
computers,130.0,Leo,Sep,sun,0.908,1,0.5625
concerts,210.0,Scorpio,Nov,sun,0.809,1,0.7
condiments,265.0,Sagittarius,Jan,sun,0.998,1,0.625
conditioners,345.0,Pisces,Apr,sun,0.817,1,0.8261
condos,260.0,Sagittarius,Jan,sun,0.98,1,0.5263
conferencing software,160.0,Virgo,Oct,sun,0.542,1,0.375
congo (dr),260.0,Sagittarius,Jan,sun,0.887,1,0.7692
connecticut,170.0,Virgo,Oct,sun,0.99,1,0.625
consoles,65.0,Gemini,Jun,sun,0.86,1,0.7083
constitutional law,5.0,Aries,Apr,sun,0.736,1,0.6818
construction,265.0,Sagittarius,Jan,sun,0.871,1,0.75
construction consulting,345.0,Pisces,Apr,sun,0.799,1,0.4286
consulates,300.0,Aquarius,Feb,mercury,0.431,1,0.3333
consulting,270.0,Capricorn,Jan,sun,0.854,1,0.7368
consumer advocacy,100.0,Cancer,Aug,sun,1.0,1,0.625
consumer electronics,260.0,Sagittarius,Jan,sun,0.891,1,0.7143
consumer resources,35.0,Taurus,May,sun,0.998,1,0.619
contacts,165.0,Virgo,Oct,sun,0.791,1,0.4762
content management,270.0,Capricorn,Jan,sun,0.751,1,0.5217
contests,290.0,Capricorn,Feb,sun,0.963,1,0.8
continuing education,320.0,Aquarius,Mar,sun,0.952,1,0.5714
contracting,280.0,Capricorn,Feb,sun,0.988,1,0.5217
control equipment,265.0,Sagittarius,Jan,sun,0.858,1,0.5455
convenience stores,70.0,Gemini,Jul,sun,0.873,1,0.3182
conventions,135.0,Leo,Sep,sun,0.987,1,0.5217
convertibles,295.0,Capricorn,Feb,sun,0.986,1,0.3684
cooking,195.0,Libra,Nov,sun,0.864,1,0.5909
cooking fats,155.0,Virgo,Oct,saturn,0.432,1,0.3333
cooking tutorials,135.0,Leo,Sep,sun,0.877,1,0.5652
cooktops,260.0,Sagittarius,Jan,sun,0.999,1,0.4545
cookware,195.0,Libra,Nov,sun,0.859,1,0.6957
copenhagen,25.0,Aries,May,sun,0.996,1,0.7333
copiers,270.0,Capricorn,Jan,sun,0.811,1,0.4211
cordoba,140.0,Leo,Sep,sun,1.0,1,0.6364
corporate,305.0,Aquarius,Feb,sun,0.824,1,0.45
corporate events,280.0,Capricorn,Feb,sun,0.984,1,0.6
corporate gifts,70.0,Gemini,Jul,sun,0.825,1,0.381
corporate law,0.0,Aries,Apr,sun,0.988,1,0.625
corporate training,280.0,Capricorn,Feb,sun,0.836,1,0.5714
corrections,135.0,Leo,Sep,sun,0.941,1,0.4545
corsica,35.0,Taurus,May,sun,0.838,1,0.4667
cosmetic dentistry,105.0,Cancer,Aug,sun,0.907,1,0.5238
cosmetic procedures,20.0,Aries,May,sun,0.929,1,0.6087
cosmetic surgery,290.0,Capricorn,Feb,sun,0.99,1,0.4375
cosmetics,185.0,Libra,Nov,sun,0.99,1,0.6
cosmetology,260.0,Sagittarius,Jan,sun,0.898,1,0.7826
cosplay,80.0,Gemini,Jul,sun,0.928,1,0.7222
costa rica,140.0,Leo,Sep,sun,0.886,1,0.6316
costumes,150.0,Virgo,Sep,sun,0.781,1,0.8
cote d'ivoire,320.0,Aquarius,Mar,sun,0.995,1,0.5
counseling,280.0,Capricorn,Feb,sun,0.826,1,0.5417
counseling services,310.0,Aquarius,Mar,sun,0.911,1,0.4286
counterterrorism,265.0,Sagittarius,Jan,sun,0.753,1,0.625
countertops,265.0,Sagittarius,Jan,sun,0.94,1,0.65
country music,120.0,Cancer,Aug,sun,0.925,1,0.4286
coupes,50.0,Taurus,Jun,sun,0.951,1,0.625
coupons,80.0,Gemini,Jul,sun,0.997,1,0.5833
couriers,200.0,Libra,Nov,sun,0.984,1,0.4167
courts,260.0,Sagittarius,Jan,sun,0.868,1,0.6
covid-19,255.0,Sagittarius,Jan,sun,0.801,1,0.5714
craft supplies,255.0,Sagittarius,Jan,sun,0.821,1,0.5
crafts,220.0,Scorpio,Dec,sun,0.96,1,0.6316
credit,85.0,Gemini,Jul,sun,0.993,1,0.4
credit cards,265.0,Sagittarius,Jan,sun,0.873,1,0.5217
credit reporting,130.0,Leo,Sep,sun,0.778,1,0.619
crete,20.0,Aries,May,sun,0.793,1,0.8261
cricket,320.0,Aquarius,Mar,sun,0.835,1,0.5455
cricket equipment,290.0,Capricorn,Feb,sun,0.974,1,0.5909
crime,80.0,Gemini,Jul,sun,0.993,1,0.5217
crimea,310.0,Aquarius,Mar,sun,0.792,1,0.3636
criminal law,125.0,Leo,Sep,sun,0.874,1,0.5
croatia,25.0,Aries,May,sun,0.984,1,0.8
crops,270.0,Capricorn,Jan,sun,0.995,1,0.5238
crossovers,195.0,Libra,Nov,sun,0.858,1,0.0
crowdfunding,315.0,Aquarius,Mar,sun,0.876,1,0.7143
cruiser bicycles,345.0,Pisces,Apr,sun,0.995,1,0.5
cruises,260.0,Sagittarius,Jan,sun,0.799,1,0.6842
cuba,265.0,Sagittarius,Jan,sun,0.99,1,0.5
cuernavaca (morelos),270.0,Capricorn,Jan,sun,0.99,1,0.9412
cuisines,115.0,Cancer,Aug,sun,0.961,1,0.5238
culinary training,270.0,Capricorn,Jan,sun,0.932,1,0.5789
cult,270.0,Capricorn,Jan,sun,0.872,1,0.619
culture festivals,105.0,Cancer,Aug,sun,0.605,1,0.5417
curacao,260.0,Sagittarius,Jan,sun,0.998,1,0.8
currencies,275.0,Capricorn,Jan,sun,0.987,1,0.4545
curtains,260.0,Sagittarius,Jan,sun,0.86,1,0.2632
custom,70.0,Gemini,Jul,sun,0.854,1,0.619
custom homes,265.0,Sagittarius,Jan,sun,0.904,1,0.5833
customer relationship management (crm),35.0,Taurus,May,sun,0.866,1,0.4783
customer services,145.0,Leo,Sep,sun,0.827,1,0.3333
customer support systems,320.0,Aquarius,Mar,sun,1.0,1,
cutlery,165.0,Virgo,Oct,sun,0.998,1,0.4762
cutting accessories,230.0,Scorpio,Dec,sun,0.964,1,0.4167
cycling,65.0,Gemini,Jun,sun,0.812,1,0.5
cycling apparel,50.0,Taurus,Jun,sun,0.857,1,0.6
cyprus,20.0,Aries,May,sun,0.897,1,0.8462
czech republic,25.0,Aries,May,sun,0.836,1,0.7647
daegu,295.0,Capricorn,Feb,sun,0.943,1,0.6667
daejeon,230.0,Scorpio,Dec,sun,0.849,1,0.8182
daewoo motors,320.0,Aquarius,Mar,sun,1.0,1,
dairy,270.0,Capricorn,Jan,sun,0.923,1,0.5909
dallas-fort worth,355.0,Pisces,Apr,sun,0.53,1,0.3333
dance,240.0,Scorpio,Dec,sun,0.985,1,0.8
dance games,225.0,Scorpio,Dec,sun,0.779,1,0.9
data backup,155.0,Virgo,Oct,sun,0.82,1,0.6087
data formats,135.0,Leo,Sep,sun,0.925,1,0.4583
data management,140.0,Leo,Sep,sun,0.911,1,0.4545
data sheets,275.0,Capricorn,Jan,sun,0.989,1,0.5217
dating,255.0,Sagittarius,Jan,sun,0.869,1,0.6087
day trading,260.0,Sagittarius,Jan,sun,0.995,1,0.619
debit,55.0,Taurus,Jun,sun,0.84,1,0.5
debt collection,175.0,Virgo,Oct,sun,0.902,1,0.4762
debt management,105.0,Cancer,Aug,sun,0.963,1,0.6667
defense,230.0,Scorpio,Dec,sun,0.912,1,0.4348
defense industry,320.0,Aquarius,Mar,sun,0.971,1,0.5455
delaware,265.0,Sagittarius,Jan,sun,0.855,1,0.4348
delhi,260.0,Sagittarius,Jan,sun,0.803,1,0.5833
delicatessens,255.0,Sagittarius,Jan,sun,0.802,1,
deltona-daytona beach,230.0,Scorpio,Dec,sun,0.704,1,1.0
demographics,140.0,Leo,Sep,sun,0.977,1,0.4286
denim wear,170.0,Virgo,Oct,sun,0.963,1,0.3478
denmark,25.0,Aries,May,sun,0.869,1,0.7857
dental care,275.0,Capricorn,Jan,sun,0.836,1,0.7273
denver,100.0,Cancer,Aug,sun,0.867,1,0.5238
deodorants,315.0,Aquarius,Mar,sun,0.976,1,0.4545
department stores,125.0,Leo,Sep,sun,0.971,1,0.5714
depression,155.0,Virgo,Oct,sun,0.808,1,0.6522
derivatives,150.0,Virgo,Sep,sun,0.817,1,0.5217
design,270.0,Capricorn,Jan,sun,0.817,1,0.5217
design education,140.0,Leo,Sep,sun,0.998,1,0.5652
desktop computers,270.0,Capricorn,Jan,sun,0.998,1,0.4545
desktop publishing,205.0,Libra,Nov,sun,0.79,1,0.5909
desserts,300.0,Aquarius,Feb,sun,0.92,1,0.5
detoxification,260.0,Sagittarius,Jan,sun,0.956,1,0.625
detroit,255.0,Sagittarius,Jan,sun,0.986,1,0.7222
development,140.0,Leo,Sep,sun,0.947,1,0.6522
development tools,290.0,Capricorn,Feb,sun,0.984,1,0.5217
developmental disabilities,130.0,Leo,Sep,sun,0.89,1,0.5
device drivers,200.0,Libra,Nov,sun,0.986,1,0.5652
dhaka,110.0,Cancer,Aug,sun,0.99,1,0.4348
diabetes,270.0,Capricorn,Jan,sun,0.887,1,0.6957
diapering,260.0,Sagittarius,Jan,sun,0.925,1,0.3846
diaspora,120.0,Cancer,Aug,sun,0.978,1,0.5909
dice games,190.0,Libra,Nov,sun,0.987,1,0.6364
dictionaries,165.0,Virgo,Oct,sun,0.899,1,0.625
die-cast,295.0,Capricorn,Feb,sun,0.905,1,0.4167
diesel vehicles,165.0,Virgo,Oct,sun,0.792,1,0.4167
digestive disorders,260.0,Sagittarius,Jan,sun,1.0,1,0.7273
digital arts,20.0,Aries,May,sun,0.926,1,0.6842
digital currencies,170.0,Virgo,Oct,sun,0.984,1,0.3333
digital slr cameras,345.0,Pisces,Apr,sun,0.778,1,
digital wallets,110.0,Cancer,Aug,sun,0.97,1,0.5263
dining,270.0,Capricorn,Jan,sun,0.906,1,0.55
dining furniture,265.0,Sagittarius,Jan,sun,0.915,1,0.6364
direct mail marketing,265.0,Sagittarius,Jan,sun,0.988,1,0.2222
directories,140.0,Leo,Sep,sun,0.981,1,0.5833
disabled,350.0,Pisces,Apr,sun,0.987,1,0.4545
disaster preparedness,140.0,Leo,Sep,sun,0.986,1,0.375
discount,260.0,Sagittarius,Jan,sun,0.993,1,0.3913
discount offers,155.0,Virgo,Oct,sun,0.957,1,0.6087
discrimination,145.0,Leo,Sep,sun,0.803,1,0.3913
dishwashers,80.0,Gemini,Jul,sun,0.992,1,0.619
displays,185.0,Libra,Nov,sun,0.842,1,0.7647
distance learning,260.0,Sagittarius,Jan,sun,0.978,1,0.6842
distance running,275.0,Capricorn,Jan,sun,0.853,1,0.7
distributed,140.0,Leo,Sep,sun,0.833,1,0.4583
divination,85.0,Gemini,Jul,sun,0.981,1,0.7
diving,70.0,Gemini,Jul,sun,0.728,1,0.7778
divorce,165.0,Virgo,Oct,sun,0.989,1,0.7143
diy,170.0,Virgo,Oct,sun,0.859,1,0.5
dj resources,290.0,Capricorn,Feb,sun,0.708,1,0.5833
document,265.0,Sagittarius,Jan,sun,0.872,1,0.7143
documentary films,65.0,Gemini,Jun,sun,0.894,1,0.0
dodge,275.0,Capricorn,Jan,sun,0.959,1,0.5
dogs,225.0,Scorpio,Dec,sun,0.853,1,0.5
doha,20.0,Aries,May,sun,0.897,1,0.6957
dolls,85.0,Gemini,Jul,sun,0.899,1,0.75
domain registration,270.0,Capricorn,Jan,sun,0.976,1,0.4545
domestic services,290.0,Capricorn,Feb,sun,0.982,1,0.7619
dominica,280.0,Capricorn,Feb,sun,0.831,1,0.6818
dominican republic,255.0,Sagittarius,Jan,sun,0.818,1,0.6364
dongguan,230.0,Scorpio,Dec,sun,0.7,1,0.0
doors,270.0,Capricorn,Jan,sun,0.956,1,0.4
download managers,170.0,Virgo,Oct,sun,0.986,1,0.7222
downloads,220.0,Scorpio,Dec,sun,0.841,1,0.8182
drama films,45.0,Taurus,Jun,sun,0.941,1,0.4091
drawing,110.0,Cancer,Aug,sun,0.98,1,0.5652
drenthe,260.0,Sagittarius,Jan,sun,0.925,1,0.5714
dress-up,240.0,Scorpio,Dec,sun,1.0,1,0.5238
dresses,260.0,Sagittarius,Jan,sun,0.9,1,0.619
dressings,270.0,Capricorn,Jan,sun,0.955,1,0.5833
drink,275.0,Capricorn,Jan,sun,0.979,1,0.5882
driver education,260.0,Sagittarius,Jan,sun,0.958,1,0.6957
driving,225.0,Scorpio,Dec,sun,0.904,1,0.4286
driving instruction,140.0,Leo,Sep,sun,0.928,1,0.5217
driving laws,255.0,Sagittarius,Jan,sun,0.929,1,0.4762
drones,220.0,Scorpio,Dec,sun,0.794,1,0.4545
drug,270.0,Capricorn,Jan,sun,0.92,1,
drug laws,20.0,Aries,May,sun,0.979,1,0.6087
drugs,85.0,Gemini,Jul,sun,0.936,1,0.6
drums,135.0,Leo,Sep,sun,0.948,1,0.5833
drunk driving law,15.0,Aries,May,sun,1.0,1,0.6667
dryers,85.0,Gemini,Jul,sun,0.952,1,0.5238
dubai,200.0,Libra,Nov,sun,0.89,1,0.6087
dublin,320.0,Aquarius,Mar,sun,0.996,1,0.65
duets,115.0,Cancer,Aug,sun,0.931,1,0.5455
dusseldorf,145.0,Leo,Sep,sun,0.895,1,0.6667
dvd,215.0,Scorpio,Dec,sun,0.782,1,0.8
dvd drives,200.0,Libra,Nov,sun,1.0,1,0.3333
dvd players,80.0,Gemini,Jul,sun,0.997,1,0.5455
dvd storage media,0.0,Aries,Apr,sun,1.0,1,0.5
dvrs,135.0,Leo,Sep,sun,0.959,1,0.5556
dyes,330.0,Pisces,Mar,sun,0.929,1,0.7619
e-book readers,165.0,Virgo,Oct,sun,1.0,1,
e-books,260.0,Sagittarius,Jan,sun,0.998,1,0.625
e-commerce services,260.0,Sagittarius,Jan,sun,0.925,1,0.7143
ear nose,65.0,Gemini,Jun,sun,0.893,1,0.5455
early childhood education,125.0,Leo,Sep,sun,0.814,1,0.6842
earth sciences,65.0,Gemini,Jun,sun,0.996,1,0.5455
east asia,260.0,Sagittarius,Jan,sun,0.973,1,0.5217
east asian cuisine,50.0,Taurus,Jun,sun,1.0,1,
east asian music,120.0,Cancer,Aug,sun,0.925,1,0.5294
east asians,345.0,Pisces,Apr,sun,0.915,1,0.5238
east france,165.0,Virgo,Oct,sun,0.773,1,0.4
east india,90.0,Cancer,Jul,sun,0.824,1,0.6957
east midlands,5.0,Aries,Apr,sun,0.994,1,0.8095
east of england,270.0,Capricorn,Jan,sun,0.729,1,0.7222
east timor,5.0,Aries,Apr,sun,0.997,1,0.4737
easter,325.0,Aquarius,Mar,sun,0.854,1,0.65
eastern africa,150.0,Virgo,Sep,sun,0.646,1,0.75
eastern anatolia,255.0,Sagittarius,Jan,sun,0.865,1,
eastern china,320.0,Aquarius,Mar,sun,0.919,1,0.5455
eastern europe,260.0,Sagittarius,Jan,sun,0.941,1,0.3571
eastern europeans,310.0,Aquarius,Mar,sun,0.877,1,0.5
eating disorders,165.0,Virgo,Oct,sun,0.794,1,0.7143
ecology,125.0,Leo,Sep,sun,0.8,1,0.5
economics,135.0,Leo,Sep,sun,0.768,1,0.6667
economy news,260.0,Sagittarius,Jan,sun,0.959,1,0.5217
ecotourism,140.0,Leo,Sep,sun,0.829,1,0.7826
ecuador,145.0,Leo,Sep,sun,0.894,1,0.4545
edgy,355.0,Pisces,Apr,sun,0.954,1,0.7143
edinburgh,100.0,Cancer,Aug,sun,0.81,1,0.5
editing services,350.0,Pisces,Apr,sun,0.654,1,0.5333
edmonton,165.0,Virgo,Oct,sun,0.851,1,0.5714
education,130.0,Leo,Sep,sun,0.832,1,0.5217
education jobs,135.0,Leo,Sep,sun,0.921,1,0.5909
educational games,285.0,Capricorn,Feb,sun,0.681,1,0.5417
educational resources,325.0,Aquarius,Mar,sun,0.998,1,0.5385
educational software,20.0,Aries,May,sun,0.738,1,0.35
educational toys,195.0,Libra,Nov,sun,0.989,1,0.4211
egg substitutes,110.0,Cancer,Aug,sun,1.0,1,1.0
eggs,330.0,Pisces,Mar,sun,0.914,1,0.7647
egypt,270.0,Capricorn,Jan,sun,0.937,1,0.55
ehime,315.0,Aquarius,Mar,sun,0.954,1,0.6522
el paso,155.0,Virgo,Oct,sun,0.927,1,0.5882
el salvador,140.0,Leo,Sep,sun,0.908,1,0.7143
elections,305.0,Aquarius,Feb,sun,0.725,1,0.381
electric,140.0,Leo,Sep,sun,0.998,1,0.55
electric bicycles,160.0,Virgo,Oct,sun,0.697,1,0.5217
electric skateboards,140.0,Leo,Sep,sun,0.916,1,0.55
electrical,265.0,Sagittarius,Jan,sun,0.838,1,0.85
electrical test,260.0,Sagittarius,Jan,sun,0.982,1,0.5909
electricity,260.0,Sagittarius,Jan,sun,0.928,1,0.5652
electromechanical devices,350.0,Pisces,Apr,sun,0.996,1,
electronic accessories,90.0,Cancer,Jul,sun,0.993,1,0.5455
electronic components,260.0,Sagittarius,Jan,sun,0.886,1,0.625
electronic music,330.0,Pisces,Mar,sun,0.807,1,0.7222
electronics,260.0,Sagittarius,Jan,sun,0.836,1,0.5714
electronics reference,310.0,Aquarius,Mar,sun,1.0,1,0.4286
email,260.0,Sagittarius,Jan,sun,0.924,1,0.6818
email marketing,265.0,Sagittarius,Jan,sun,0.957,1,0.6364
embassies,110.0,Cancer,Aug,sun,0.965,1,0.4444
emergency,200.0,Libra,Nov,sun,0.936,1,0.5238
emergency services,300.0,Aquarius,Feb,sun,0.977,1,0.3684
emilia-romagna,135.0,Leo,Sep,sun,1.0,1,0.5
employment law,320.0,Aquarius,Mar,sun,0.944,1,0.6818
encyclopedias,325.0,Aquarius,Mar,sun,0.894,1,0.4545
end tables,260.0,Sagittarius,Jan,sun,0.972,1,0.1818
endocrine conditions,0.0,Aries,Apr,sun,1.0,1,0.5
energy,275.0,Capricorn,Jan,sun,0.838,1,0.5217
energy drinks,280.0,Capricorn,Feb,sun,0.881,1,0.6667
engine,240.0,Scorpio,Dec,sun,0.957,1,0.4286
engineering,130.0,Leo,Sep,sun,0.817,1,0.4167
england,315.0,Aquarius,Mar,sun,0.893,1,0.3043
enterprise resource planning (erp),350.0,Pisces,Apr,sun,0.815,1,0.7059
enterprise technology,295.0,Capricorn,Feb,sun,0.67,1,0.3913
entertainment,45.0,Taurus,Jun,sun,0.982,1,0.5
entertainment industry,240.0,Scorpio,Dec,sun,0.764,1,0.5
entertainment media,140.0,Leo,Sep,sun,1.0,1,0.2381
entertainment media rentals,195.0,Libra,Nov,sun,1.0,1,
entertainment news,20.0,Aries,May,sun,0.862,1,0.6364
entomology,135.0,Leo,Sep,sun,0.995,1,0.4348
environment,280.0,Capricorn,Feb,sun,0.845,1,0.6522
environmental allergies,45.0,Taurus,Jun,sun,1.0,1,
environmental issues,285.0,Capricorn,Feb,sun,0.802,1,0.5
equestrian,280.0,Capricorn,Feb,sun,0.978,1,0.4706
equestrian equipment,350.0,Pisces,Apr,sun,1.0,1,1.0
equipment,265.0,Sagittarius,Jan,sun,0.879,1,0.55
escrow,350.0,Pisces,Apr,sun,0.953,1,0.3333
esoteric traditions,75.0,Gemini,Jul,sun,1.0,1,0.5
espirito santo,15.0,Aries,May,sun,0.8,1,0.5263
espresso makers,220.0,Scorpio,Dec,sun,0.997,1,0.3333
essen (ruhr area),75.0,Gemini,Jul,sun,1.0,1,
estate planning,175.0,Virgo,Oct,sun,0.909,1,0.3889
estonia,20.0,Aries,May,sun,0.879,1,0.8235
ethics,125.0,Leo,Sep,sun,0.826,1,0.3182
ethiopia,185.0,Libra,Nov,sun,0.998,1,0.5652
ethnic,95.0,Cancer,Aug,sun,0.835,1,0.75
etiquette,135.0,Leo,Sep,sun,0.864,1,0.5294
europe,195.0,Libra,Nov,sun,0.816,1,0.3158
event,140.0,Leo,Sep,sun,0.846,1,0.6957
event entertainment,260.0,Sagittarius,Jan,sun,0.995,1,0.4667
event planning,270.0,Capricorn,Jan,sun,0.914,1,0.7826
event ticket sales,255.0,Sagittarius,Jan,mercury,0.283,1,0.5
events,115.0,Cancer,Aug,sun,0.989,1,0.381
exams,20.0,Aries,May,sun,0.895,1,0.5
exchange traded funds,115.0,Cancer,Aug,sun,0.907,1,0.5
exchanges,210.0,Scorpio,Nov,sun,0.992,1,0.4783
executive,135.0,Leo,Sep,sun,0.966,1,0.5
executive branch,145.0,Leo,Sep,sun,0.781,1,0.625
exotic pets,335.0,Pisces,Mar,sun,0.994,1,0.619
expatriate communities,225.0,Scorpio,Dec,sun,1.0,1,
experimental,125.0,Leo,Sep,sun,0.777,1,0.7143
expert content,15.0,Aries,May,sun,0.787,1,0.35
export,265.0,Sagittarius,Jan,sun,0.942,1,0.6842
expos,340.0,Pisces,Apr,sun,0.87,1,0.6875
extensions,260.0,Sagittarius,Jan,sun,0.906,1,0.5556
extremadura,135.0,Leo,Sep,sun,0.858,1,0.4737
extreme sports,190.0,Libra,Nov,sun,0.766,1,0.2308
eye exams,210.0,Scorpio,Nov,sun,0.848,1,0.6087
eye makeup,170.0,Virgo,Oct,sun,0.959,1,0.6667
eyeglasses,260.0,Sagittarius,Jan,sun,0.948,1,0.5
eyewear,35.0,Taurus,May,sun,0.996,1,0.5909
face,290.0,Capricorn,Feb,sun,0.789,1,0.4167
face care products,265.0,Sagittarius,Jan,sun,0.894,1,0.5
face cleansers,200.0,Libra,Nov,sun,0.99,1,0.619
face lotions,75.0,Gemini,Jul,sun,0.981,1,0.4545
face makeup,165.0,Virgo,Oct,sun,0.775,1,0.6957
face masks,245.0,Sagittarius,Jan,sun,0.97,1,0.5833
facial hair removal,265.0,Sagittarius,Jan,sun,0.905,1,0.5217
facilities management,140.0,Leo,Sep,sun,0.675,1,0.5833
factory automation,15.0,Aries,May,sun,0.995,1,0.4545
family,65.0,Gemini,Jun,sun,0.898,1,0.5
family films,170.0,Virgo,Oct,sun,0.815,1,0.35
family law,25.0,Aries,May,sun,0.923,1,0.5833
family travel,60.0,Taurus,Jun,sun,0.911,1,0.4737
family-oriented games,105.0,Cancer,Aug,sun,1.0,1,0.0
fan fiction,250.0,Sagittarius,Jan,sun,0.913,1,0.8235
fandom communities,0.0,Aries,Apr,sun,1.0,1,0.5
fantasy,230.0,Scorpio,Dec,sun,0.89,1,0.5
fantasy books,245.0,Sagittarius,Jan,sun,1.0,1,0.5417
fantasy films,170.0,Virgo,Oct,sun,0.999,1,0.5455
fantasy shows,230.0,Scorpio,Dec,sun,1.0,1,0.5263
fantasy sports,110.0,Cancer,Aug,sun,0.887,1,0.5417
far eastern russia,65.0,Gemini,Jun,sun,1.0,1,0.4545
farmers' markets,260.0,Sagittarius,Jan,sun,0.698,1,0.0
farms,170.0,Virgo,Oct,sun,0.952,1,0.5652
fashion,135.0,Leo,Sep,sun,0.941,1,0.35
fashion designers,280.0,Capricorn,Feb,sun,0.919,1,0.45
fashion games,210.0,Scorpio,Nov,sun,0.857,1,0.5625
fashion modeling,290.0,Capricorn,Feb,sun,0.911,1,0.5882
fast food,260.0,Sagittarius,Jan,sun,0.992,1,0.5238
fasteners,315.0,Aquarius,Mar,sun,0.991,1,0.5
fauna,20.0,Aries,May,sun,0.999,1,0.5
fax machines,305.0,Aquarius,Feb,sun,0.641,1,0.5
feminine hygiene products,195.0,Libra,Nov,sun,0.981,1,0.5909
fencing,275.0,Capricorn,Jan,sun,0.957,1,0.8571
ferrari,275.0,Capricorn,Jan,sun,0.914,1,0.4706
fiat,265.0,Sagittarius,Jan,sun,0.899,1,0.6667
fiber,265.0,Sagittarius,Jan,sun,0.861,1,0.4286
field,105.0,Cancer,Aug,sun,0.876,1,0.6667
fighting games,225.0,Scorpio,Dec,sun,0.865,1,0.6364
fiji,25.0,Aries,May,sun,0.836,1,0.5
file sharing,260.0,Sagittarius,Jan,sun,0.912,1,0.5
film,240.0,Scorpio,Dec,sun,0.864,1,0.6316
film festivals,200.0,Libra,Nov,sun,0.927,1,0.375
filtering,290.0,Capricorn,Feb,sun,0.773,1,0.4348
finance,265.0,Sagittarius,Jan,sun,0.903,1,0.7727
finance jobs,20.0,Aries,May,sun,0.728,1,0.65
financial aid,250.0,Sagittarius,Jan,sun,1.0,1,0.5
financial crime,320.0,Aquarius,Mar,sun,0.84,1,0.6364
financial markets news,140.0,Leo,Sep,sun,0.721,1,0.5263
financial planning,255.0,Sagittarius,Jan,sun,0.874,1,0.619
financial software,335.0,Pisces,Mar,sun,0.97,1,0.6087
fine dining,140.0,Leo,Sep,sun,0.903,1,0.7143
finishing,75.0,Gemini,Jul,sun,0.983,1,0.6522
finland,20.0,Aries,May,sun,0.894,1,0.7647
fire,135.0,Leo,Sep,sun,0.961,1,0.3158
fireplaces,175.0,Virgo,Oct,sun,0.793,1,0.75
fiscal policy news,350.0,Pisces,Apr,sun,1.0,1,1.0
fish,260.0,Sagittarius,Jan,sun,0.972,1,0.5714
fishing,340.0,Pisces,Apr,sun,0.8,1,0.6522
fitness,260.0,Sagittarius,Jan,sun,0.956,1,0.6957
fitness challenges,260.0,Sagittarius,Jan,sun,0.99,1,0.5217
fitness equipment,260.0,Sagittarius,Jan,sun,0.876,1,0.5217
fitness instruction,255.0,Sagittarius,Jan,sun,0.959,1,0.5714
fitness video games,195.0,Libra,Nov,sun,0.675,1,0.5
fittings,265.0,Sagittarius,Jan,sun,0.95,1,0.7619
flanders,345.0,Pisces,Apr,sun,0.841,1,0.8462
flash drives,240.0,Scorpio,Dec,sun,0.88,1,0.5238
flevoland,260.0,Sagittarius,Jan,sun,0.979,1,0.381
floor care,45.0,Taurus,Jun,sun,0.985,1,0.2222
flooring,265.0,Sagittarius,Jan,sun,0.846,1,0.6667
flora,100.0,Cancer,Aug,sun,0.867,1,0.5238
florence,135.0,Leo,Sep,sun,0.786,1,0.6364
florida,265.0,Sagittarius,Jan,sun,0.882,1,0.4444
florida keys,240.0,Scorpio,Dec,sun,0.857,1,0.8
florida panhandle,180.0,Libra,Oct,sun,0.974,1,0.4583
flowers,270.0,Capricorn,Jan,sun,0.724,1,0.8
flu,155.0,Virgo,Oct,sun,0.771,1,0.4667
fluid handling,160.0,Virgo,Oct,sun,1.0,1,
folk,260.0,Sagittarius,Jan,sun,0.847,1,0.5217
folklore,15.0,Aries,May,sun,0.846,1,0.6842
fonts,265.0,Sagittarius,Jan,sun,0.867,1,0.6364
food,260.0,Sagittarius,Jan,sun,0.987,1,0.8261
food allergies,125.0,Leo,Sep,sun,0.87,1,0.5
food festivals,40.0,Taurus,Jun,sun,0.99,1,0.6818
food mixers,320.0,Aquarius,Mar,sun,0.98,1,0.2222
food processors,200.0,Libra,Nov,sun,0.967,1,0.381
food production,125.0,Leo,Sep,sun,0.859,1,0.5833
food service,265.0,Sagittarius,Jan,sun,0.983,1,0.6364
food shows,260.0,Sagittarius,Jan,sun,0.999,1,0.6818
footwear,305.0,Aquarius,Feb,sun,0.932,1,0.6667
ford,260.0,Sagittarius,Jan,sun,0.898,1,0.7368
foreclosed properties,270.0,Capricorn,Jan,sun,0.875,1,0.5238
foreign exchange,135.0,Leo,Sep,sun,0.991,1,0.6364
foreign language study,65.0,Gemini,Jun,sun,0.96,1,0.6316
forestry,200.0,Libra,Nov,sun,0.986,1,0.4286
formal wear,110.0,Cancer,Aug,sun,0.925,1,0.5217
forms,280.0,Capricorn,Feb,sun,0.808,1,0.625
fortaleza,20.0,Aries,May,sun,0.883,1,0.5417
forum,125.0,Leo,Sep,sun,0.933,1,0.4091
fragrances,135.0,Leo,Sep,sun,0.865,1,0.7143
france,35.0,Taurus,May,sun,0.859,1,0.65
franche-comte,350.0,Pisces,Apr,sun,0.901,1,
frankfurt,295.0,Capricorn,Feb,sun,0.798,1,0.5
fraternal orders,225.0,Scorpio,Dec,sun,1.0,1,
fraternities,310.0,Aquarius,Mar,sun,0.997,1,0.4737
freeware,325.0,Aquarius,Mar,sun,0.885,1,0.2941
freezers,130.0,Leo,Sep,sun,0.84,1,0.5
freight transport,285.0,Capricorn,Feb,sun,0.918,1,0.6087
french cuisine,260.0,Sagittarius,Jan,sun,0.99,1,0.75
french guiana,320.0,Aquarius,Mar,sun,0.998,1,0.6316
friendship,90.0,Cancer,Jul,sun,0.926,1,0.6818
friesland,265.0,Sagittarius,Jan,sun,0.928,1,0.619
friuli-venezia giulia,190.0,Libra,Nov,sun,0.952,1,0.25
frozen desserts,260.0,Sagittarius,Jan,sun,0.897,1,0.5
fruits,260.0,Sagittarius,Jan,sun,0.943,1,0.7
fujian,195.0,Libra,Nov,sun,0.987,1,0.7391
fukui,310.0,Aquarius,Mar,sun,0.991,1,0.4615
fukuoka,295.0,Capricorn,Feb,sun,0.93,1,0.7
fukushima,265.0,Sagittarius,Jan,sun,0.821,1,0.6667
fun,350.0,Pisces,Apr,sun,0.926,1,0.45
fun tests,190.0,Libra,Nov,sun,0.843,1,0.6
funds,260.0,Sagittarius,Jan,sun,0.996,1,0.5
funny pictures,345.0,Pisces,Apr,sun,0.978,1,0.0
furnished rentals,345.0,Pisces,Apr,sun,1.0,1,0.75
futures trading,120.0,Cancer,Aug,sun,0.928,1,0.4545
gadgets,255.0,Sagittarius,Jan,sun,0.95,1,0.5652
galapagos islands,265.0,Sagittarius,Jan,sun,0.999,1,0.65
galicia,15.0,Aries,May,sun,0.88,1,0.5556
galleries,195.0,Libra,Nov,sun,0.992,1,0.4286
game systems,175.0,Virgo,Oct,sun,0.986,1,0.25
games,215.0,Scorpio,Dec,sun,0.83,1,0.6364
gaming reference,225.0,Scorpio,Dec,sun,0.727,1,0.5238
gangs,255.0,Sagittarius,Jan,sun,0.9,1,0.4706
gangwon,85.0,Gemini,Jul,sun,0.793,1,0.625
gansu,85.0,Gemini,Jul,sun,0.975,1,0.5556
garden,270.0,Capricorn,Jan,sun,0.802,1,0.625
garden structures,280.0,Capricorn,Feb,sun,0.803,1,0.5714
garden tv shows,295.0,Capricorn,Feb,sun,0.992,1,0.1818
gardening,305.0,Aquarius,Feb,sun,0.744,1,0.8261
gardens,330.0,Pisces,Mar,sun,0.786,1,0.7
gas,135.0,Leo,Sep,sun,0.976,1,0.7727
gas prices,320.0,Aquarius,Mar,sun,0.846,1,0.4286
gatlinburg,50.0,Taurus,Jun,sun,0.861,1,0.5652
gay,50.0,Taurus,Jun,sun,0.773,1,0.7143
gear,50.0,Taurus,Jun,sun,0.901,1,0.625
gelderland,290.0,Capricorn,Feb,sun,0.932,1,0.5
gems,225.0,Scorpio,Dec,sun,0.832,1,0.6364
genealogy,280.0,Capricorn,Feb,sun,0.984,1,0.5294
general reference,35.0,Taurus,May,sun,0.909,1,0.6522
generators,265.0,Sagittarius,Jan,sun,1.0,1,0.45
genetic disorders,200.0,Libra,Nov,sun,0.63,1,0.75
genetics,135.0,Leo,Sep,sun,0.85,1,0.5
geneva,310.0,Aquarius,Mar,sun,0.891,1,0.25
genoa,125.0,Leo,Sep,sun,0.806,1,0.381
geology,285.0,Capricorn,Feb,sun,0.899,1,0.6667
georgia,140.0,Leo,Sep,sun,0.879,1,0.5714
georgia (usa),260.0,Sagittarius,Jan,sun,0.915,1,0.5625
gerd,200.0,Libra,Nov,sun,0.949,1,0.6842
geriatrics,305.0,Aquarius,Feb,sun,0.924,1,0.625
german cuisine,180.0,Libra,Oct,sun,0.969,1,0.6522
germany,35.0,Taurus,May,sun,0.872,1,0.7368
get ready with me videos,185.0,Libra,Nov,sun,0.946,1,0.6667
ghana,45.0,Taurus,Jun,sun,0.892,1,0.5625
gift baskets,225.0,Scorpio,Dec,sun,0.863,1,0.75
gifts,215.0,Scorpio,Dec,sun,0.851,1,0.7273
gifu,105.0,Cancer,Aug,sun,0.991,1,0.5263
glasgow,290.0,Capricorn,Feb,sun,0.986,1,0.5
global warming,140.0,Leo,Sep,sun,0.85,1,0.5556
gluten-free diets,45.0,Taurus,Jun,sun,0.956,1,
gmc,265.0,Sagittarius,Jan,sun,0.84,1,0.55
goa,315.0,Aquarius,Mar,sun,0.989,1,0.55
goias,15.0,Aries,May,sun,0.807,1,0.6316
gold coast,255.0,Sagittarius,Jan,sun,0.946,1,0.7143
golf,340.0,Pisces,Apr,sun,0.821,1,0.8095
golf equipment,50.0,Taurus,Jun,sun,0.861,1,0.45
gospel music,260.0,Sagittarius,Jan,sun,0.93,1,0.6316
gossip,0.0,Aries,Apr,sun,0.945,1,0.8
goth subculture,105.0,Cancer,Aug,sun,0.861,1,0.5217
gourmet,270.0,Capricorn,Jan,sun,0.886,1,0.5238
government,135.0,Leo,Sep,sun,0.84,1,0.5217
government agencies,130.0,Leo,Sep,sun,0.87,1,0.7
government contracting,110.0,Cancer,Aug,sun,1.0,1,0.5
government grants,275.0,Capricorn,Jan,sun,0.804,1,0.6364
gps,80.0,Gemini,Jul,sun,0.866,1,0.5217
graduate education,20.0,Aries,May,sun,0.998,1,0.5238
graduation,310.0,Aquarius,Mar,sun,0.832,1,0.7727
grains,260.0,Sagittarius,Jan,sun,0.844,1,0.7391
granada,130.0,Leo,Sep,sun,0.999,1,0.5385
grand rapids-west michigan,105.0,Cancer,Aug,sun,1.0,1,
grand strand,260.0,Sagittarius,Jan,sun,0.788,1,0.6818
grand-est,315.0,Aquarius,Mar,sun,1.0,1,
grants,25.0,Aries,May,sun,0.99,1,0.4348
graphic design,265.0,Sagittarius,Jan,sun,0.867,1,0.5
graphics,200.0,Libra,Nov,sun,0.884,1,0.6667
great plains (usa),105.0,Cancer,Aug,sun,0.983,1,
greater cleveland,80.0,Gemini,Jul,sun,0.986,1,0.5789
greater hartford,350.0,Pisces,Apr,sun,0.572,1,0.3333
greater orlando,230.0,Scorpio,Dec,sun,1.0,1,
greater st. louis,10.0,Aries,May,sun,0.983,1,
greater toronto,10.0,Aries,May,sun,0.806,1,0.5652
greece,20.0,Aries,May,sun,0.874,1,0.6
greek cuisine,180.0,Libra,Oct,sun,1.0,1,0.4286
green,150.0,Virgo,Sep,sun,0.97,1,0.7333
green living,290.0,Capricorn,Feb,sun,0.872,1,0.5333
greenland,195.0,Libra,Nov,sun,0.969,1,0.4444
greenville,285.0,Capricorn,Feb,sun,0.85,1,0.4783
greeting cards,225.0,Scorpio,Dec,sun,0.835,1,0.7647
grenada,60.0,Taurus,Jun,sun,0.784,1,0.5238
grenadines,260.0,Sagittarius,Jan,sun,0.805,1,0.55
grilling,15.0,Aries,May,sun,0.757,1,0.75
grills,50.0,Taurus,Jun,sun,0.922,1,0.3846
grocery delivery,235.0,Scorpio,Dec,sun,1.0,1,0.4783
grocery delivery services,225.0,Scorpio,Dec,sun,1.0,1,
grocery retailers,145.0,Leo,Sep,sun,1.0,1,
groningen,105.0,Cancer,Aug,sun,0.886,1,0.5455
guadalajara,130.0,Leo,Sep,sun,0.747,1,0.6111
guadeloupe,230.0,Scorpio,Dec,sun,0.891,1,0.8235
guam,330.0,Pisces,Mar,sun,0.852,1,0.4
guanajuato,140.0,Leo,Sep,sun,0.926,1,0.5
guangdong,190.0,Libra,Nov,sun,0.864,1,0.5385
guangxi,260.0,Sagittarius,Jan,sun,0.85,1,0.75
guangzhou,75.0,Gemini,Jul,sun,0.98,1,0.4
guatemala,130.0,Leo,Sep,sun,0.784,1,0.6522
guerrero,340.0,Pisces,Apr,sun,0.99,1,0.5263
guided tours,245.0,Sagittarius,Jan,sun,0.837,1,0.4091
guides,65.0,Gemini,Jun,sun,0.947,1,0.5652
guitars,260.0,Sagittarius,Jan,sun,0.79,1,0.6
guizhou,40.0,Taurus,Jun,sun,0.991,1,1.0
gujarat,95.0,Cancer,Aug,sun,0.989,1,0.5909
gunma,15.0,Aries,May,sun,0.995,1,0.4783
guyana,265.0,Sagittarius,Jan,sun,0.906,1,0.2857
gwangju,350.0,Pisces,Apr,sun,0.919,1,0.5
gyeonggi,170.0,Virgo,Oct,sun,1.0,1,0.4545
gymnastics,175.0,Virgo,Oct,sun,0.988,1,0.625
gymnastics equipment,55.0,Taurus,Jun,sun,0.73,1,0.375
gyms,260.0,Sagittarius,Jan,sun,0.894,1,0.5789
hainan,170.0,Virgo,Oct,sun,0.977,1,0.5263
hair accessories,350.0,Pisces,Apr,sun,0.898,1,0.3684
hair care,50.0,Taurus,Jun,sun,0.806,1,0.7273
hair cutting,240.0,Scorpio,Dec,sun,0.893,1,0.3636
hair inspiration,250.0,Sagittarius,Jan,sun,0.939,1,0.5
hair loss,75.0,Gemini,Jul,sun,0.801,1,0.625
hair styling tools,295.0,Capricorn,Feb,sun,0.557,1,0.75
haiti,275.0,Capricorn,Jan,sun,0.752,1,0.5
halifax,80.0,Gemini,Jul,sun,0.708,1,0.1667
halloween,115.0,Cancer,Aug,sun,0.748,1,0.9444
hamburg,265.0,Sagittarius,Jan,sun,0.859,1,0.3846
hand,260.0,Sagittarius,Jan,sun,0.954,1,0.3529
handbags,25.0,Aries,May,sun,0.994,1,0.5
handball,255.0,Sagittarius,Jan,sun,0.817,1,0.4762
handheld game consoles,215.0,Scorpio,Dec,sun,0.78,1,0.6522
handhelds,260.0,Sagittarius,Jan,sun,0.984,1,0.7083
hangzhou,80.0,Gemini,Jul,sun,0.804,1,0.4286
hanoi,135.0,Leo,Sep,sun,0.883,1,0.5
harare,70.0,Gemini,Jul,sun,0.968,1,0.619
harbin,250.0,Sagittarius,Jan,sun,0.793,1,0.55
hard drives,215.0,Scorpio,Dec,sun,0.974,1,0.5
hard rock,20.0,Aries,May,sun,0.859,1,0.5
hardware modding,45.0,Taurus,Jun,sun,1.0,1,0.0
hatchbacks,270.0,Capricorn,Jan,sun,0.836,1,0.7143
hauts-de-france,45.0,Taurus,Jun,sun,0.918,1,0.5556
hawaii,260.0,Sagittarius,Jan,sun,0.886,1,0.5
hdtvs,350.0,Pisces,Apr,sun,0.984,1,0.5556
headaches,265.0,Sagittarius,Jan,sun,0.996,1,0.5556
headboards,265.0,Sagittarius,Jan,sun,0.984,1,0.5556
headphones,215.0,Scorpio,Dec,sun,0.801,1,0.4783
headwear,65.0,Gemini,Jun,sun,0.906,1,0.5217
health,265.0,Sagittarius,Jan,sun,0.867,1,0.5417
health clubs,135.0,Leo,Sep,sun,0.936,1,0.6
health conditions,70.0,Gemini,Jul,sun,1.0,1,0.3636
health education,125.0,Leo,Sep,sun,0.96,1,0.6522
health foundations,225.0,Scorpio,Dec,sun,0.555,1,0.5714
health insurance,80.0,Gemini,Jul,sun,0.834,1,0.5833
health news,305.0,Aquarius,Feb,sun,1.0,1,0.65
health policy,280.0,Capricorn,Feb,sun,0.864,1,0.6818
healthy eating,140.0,Leo,Sep,sun,0.891,1,0.3684
hearing impairment,280.0,Capricorn,Feb,sun,0.913,1,0.5
heart,275.0,Capricorn,Jan,sun,0.975,1,0.5882
heat pumps,260.0,Sagittarius,Jan,sun,0.83,1,0.6522
heaters,180.0,Libra,Oct,sun,0.769,1,0.7391
heavy machinery,335.0,Pisces,Mar,sun,0.992,1,0.4762
hebei,85.0,Gemini,Jul,sun,0.723,1,0.3636
hedge funds,15.0,Aries,May,sun,0.986,1,0.5455
heilongjiang,0.0,Aries,Apr,sun,0.859,1,0.3333
helpdesk,135.0,Leo,Sep,sun,0.907,1,0.6667
helsinki,50.0,Taurus,Jun,sun,0.895,1,0.5
henan,85.0,Gemini,Jul,sun,0.939,1,0.3
herbs,265.0,Sagittarius,Jan,sun,0.981,1,0.6522
hesse,145.0,Leo,Sep,sun,0.988,1,0.5333
high intensity interval training,260.0,Sagittarius,Jan,sun,0.851,1,0.6087
high performance,280.0,Capricorn,Feb,sun,0.994,1,0.619
hiking,255.0,Sagittarius,Jan,sun,0.778,1,0.4545
hinduism,265.0,Sagittarius,Jan,sun,0.914,1,0.7273
hints,255.0,Sagittarius,Jan,sun,0.795,1,0.5263
hip-hop,165.0,Virgo,Oct,sun,0.761,1,0.75
hiroshima,110.0,Cancer,Aug,sun,0.919,1,0.6875
historical sites,185.0,Libra,Nov,sun,0.931,1,0.5263
history,200.0,Libra,Nov,sun,0.974,1,0.4286
hiv,135.0,Leo,Sep,sun,0.782,1,0.4211
ho chi minh city,345.0,Pisces,Apr,sun,0.895,1,0.4211
hobbies,260.0,Sagittarius,Jan,sun,0.997,1,0.5455
hockey,180.0,Libra,Oct,sun,0.725,1,0.7857
hockey equipment,175.0,Virgo,Oct,sun,0.87,1,0.7222
hokkaido,265.0,Sagittarius,Jan,sun,0.869,1,0.6818
holiday supplies,225.0,Scorpio,Dec,sun,0.877,1,0.5714
holidays,215.0,Scorpio,Dec,sun,0.793,1,0.5909
home,225.0,Scorpio,Dec,sun,0.966,1,0.6667
home alarm,85.0,Gemini,Jul,sun,0.819,1,0.5714
home appliances,265.0,Sagittarius,Jan,sun,0.958,1,0.6
home automation,140.0,Leo,Sep,sun,0.912,1,0.6364
home cleaning,265.0,Sagittarius,Jan,sun,0.88,1,0.4783
home delivery services,205.0,Libra,Nov,sun,0.791,1,
home equity loans,260.0,Sagittarius,Jan,sun,0.87,1,0.4286
home financing,140.0,Leo,Sep,sun,0.695,1,0.5652
home furnishings,120.0,Cancer,Aug,sun,0.994,1,0.4167
home improvement,65.0,Gemini,Jun,sun,0.98,1,0.4667
home insurance,290.0,Capricorn,Feb,sun,0.939,1,0.3158
home office,260.0,Sagittarius,Jan,sun,0.91,1,0.7727
home refinancing,275.0,Capricorn,Jan,sun,0.985,1,0.5833
home safety,275.0,Capricorn,Jan,sun,0.856,1,0.6522
home storage,20.0,Aries,May,sun,1.0,1,0.5789
home swimming pools,15.0,Aries,May,sun,0.973,1,0.625
home theater systems,90.0,Cancer,Jul,sun,0.727,1,0.6316
homeschooling,265.0,Sagittarius,Jan,sun,0.89,1,0.4783
honda,325.0,Aquarius,Mar,sun,0.823,1,0.6111
honduras,40.0,Taurus,Jun,sun,0.887,1,0.6
honeymoons,10.0,Aries,May,sun,0.858,1,0.4762
hong kong,90.0,Cancer,Jul,sun,0.806,1,0.6667
horror books,160.0,Virgo,Oct,sun,0.816,1,0.4545
horror films,170.0,Virgo,Oct,sun,0.948,1,0.3913
horror games,40.0,Taurus,Jun,sun,0.826,1,0.7143
horses,10.0,Aries,May,sun,0.958,1,0.9091
horticulture,135.0,Leo,Sep,sun,0.866,1,0.5455
hosiery,75.0,Gemini,Jul,sun,0.993,1,0.7143
hospitality industry,275.0,Capricorn,Jan,sun,0.999,1,0.5417
hospitals,265.0,Sagittarius,Jan,sun,0.815,1,0.6316
hosting,260.0,Sagittarius,Jan,sun,0.991,1,0.7391
hotels,255.0,Sagittarius,Jan,sun,0.857,1,0.6522
house painting,320.0,Aquarius,Mar,sun,0.917,1,0.5882
household batteries,15.0,Aries,May,sun,1.0,1,0.0
household cleaning supplies,320.0,Aquarius,Mar,sun,1.0,1,
household fans,145.0,Leo,Sep,mercury,0.291,1,
household supplies,40.0,Taurus,Jun,sun,0.997,1,0.625
housing,260.0,Sagittarius,Jan,sun,0.883,1,0.5909
houston,290.0,Capricorn,Feb,sun,0.851,1,
how-to,20.0,Aries,May,sun,0.939,1,0.7619
hsinchu,95.0,Cancer,Aug,sun,0.996,1,0.4762
hubei,80.0,Gemini,Jul,sun,1.0,1,0.65
human resources,265.0,Sagittarius,Jan,sun,0.989,1,0.5652
human rights,140.0,Leo,Sep,sun,0.831,1,0.5909
humanities,15.0,Aries,May,sun,0.988,1,0.5652
hummer,255.0,Sagittarius,Jan,sun,0.9,1,0.5833
humor,230.0,Scorpio,Dec,sun,0.86,1,0.3846
hunan,255.0,Sagittarius,Jan,sun,0.822,1,0.55
hungary,20.0,Aries,May,sun,0.934,1,0.8235
hunger,190.0,Libra,Nov,sun,0.838,1,0.75
hunting,125.0,Leo,Sep,sun,0.733,1,1.0
hvac,265.0,Sagittarius,Jan,sun,0.863,1,0.5455
hybrid,250.0,Sagittarius,Jan,sun,0.972,1,0.4
hyderabad,345.0,Pisces,Apr,sun,0.796,1,0.6522
hydropower,195.0,Libra,Nov,sun,0.914,1,0.4348
hygiene,265.0,Sagittarius,Jan,sun,0.926,1,0.7273
hyogo,345.0,Pisces,Apr,sun,0.762,1,0.6316
hypertension,145.0,Leo,Sep,sun,0.793,1,0.6818
hyundai,270.0,Capricorn,Jan,sun,0.809,1,0.5263
ibaraki,160.0,Virgo,Oct,sun,0.995,1,0.4
ice cream,340.0,Pisces,Apr,sun,0.847,1,0.8095
ice skating,180.0,Libra,Oct,sun,0.754,1,0.8125
ice skating equipment,310.0,Aquarius,Mar,sun,0.612,1,0.0
iceland,20.0,Aries,May,sun,0.828,1,0.5263
idaho,130.0,Leo,Sep,sun,0.904,1,0.5
identity groups,290.0,Capricorn,Feb,sun,0.92,1,0.5
identity relations,85.0,Gemini,Jul,sun,0.766,1,0.5556
identity theft protection,0.0,Aries,Apr,sun,0.874,1,0.4167
ile-de-france,260.0,Sagittarius,Jan,sun,0.816,1,0.5789
illinois,135.0,Leo,Sep,sun,0.853,1,0.5909
illustration,140.0,Leo,Sep,sun,0.96,1,0.5909
image sharing,45.0,Taurus,Jun,sun,0.983,1,0.3913
immigration,265.0,Sagittarius,Jan,sun,0.87,1,0.6818
immigration policy,265.0,Sagittarius,Jan,sun,0.997,1,0.7727
immunizations,290.0,Capricorn,Feb,sun,0.791,1,0.5
import,190.0,Libra,Nov,sun,0.864,1,0.7778
incheon,120.0,Cancer,Aug,sun,0.895,1,0.625
india,260.0,Sagittarius,Jan,sun,0.953,1,0.5714
indian cuisine,265.0,Sagittarius,Jan,sun,0.989,1,0.4545
indian ocean islands,85.0,Gemini,Jul,sun,0.872,1,0.4762
indiana,170.0,Virgo,Oct,sun,0.794,1,0.4737
indianapolis,25.0,Aries,May,sun,0.994,1,0.8
indie,270.0,Capricorn,Jan,sun,0.86,1,0.4762
indie films,80.0,Gemini,Jul,sun,0.898,1,0.5556
indigenous peoples,285.0,Capricorn,Feb,sun,0.801,1,0.6818
individual sports,320.0,Aquarius,Mar,sun,0.943,1,0.6087
indonesia,320.0,Aquarius,Mar,sun,0.956,1,0.5217
industrial,125.0,Leo,Sep,sun,0.843,1,0.5
industrial handling,25.0,Aries,May,sun,0.582,1,0.4762
industrial materials,160.0,Virgo,Oct,sun,0.989,1,0.5
industrial measurement,265.0,Sagittarius,Jan,sun,0.73,1,0.4545
industrial music,265.0,Sagittarius,Jan,sun,0.916,1,0.6364
industry shows,115.0,Cancer,Aug,sun,0.913,1,0.6667
infectious diseases,315.0,Aquarius,Mar,sun,0.714,1,0.4
infertility,140.0,Leo,Sep,sun,1.0,1,0.5833
infiniti,265.0,Sagittarius,Jan,sun,0.999,1,0.5385
inheritance,200.0,Libra,Nov,sun,0.951,1,0.5714
injury,125.0,Leo,Sep,sun,0.781,1,0.65
ink,270.0,Capricorn,Jan,sun,0.875,1,0.5385
inland empire,260.0,Sagittarius,Jan,sun,0.978,1,0.7778
inner mongolia,230.0,Scorpio,Dec,sun,0.803,1,0.5455
input devices,145.0,Leo,Sep,sun,0.85,1,0.4545
insects,335.0,Pisces,Mar,sun,0.776,1,0.7
instant messaging,85.0,Gemini,Jul,sun,0.939,1,0.4286
instruction,265.0,Sagittarius,Jan,sun,0.868,1,0.5385
insurance,265.0,Sagittarius,Jan,sun,0.862,1,0.5909
intellectual property,140.0,Leo,Sep,sun,0.767,1,0.5455
intelligence,140.0,Leo,Sep,sun,0.911,1,0.6
interior decor,50.0,Taurus,Jun,sun,0.995,1,0.4348
interior design,260.0,Sagittarius,Jan,sun,0.833,1,0.6957
internal martial arts,350.0,Pisces,Apr,sun,1.0,1,0.3333
international relations,10.0,Aries,May,sun,0.996,1,0.6087
international sports competitions,0.0,Aries,Apr,sun,1.0,1,0.5
internet,255.0,Sagittarius,Jan,sun,0.876,1,0.5263
internet cafes,320.0,Aquarius,Mar,sun,0.981,1,0.6
internet software,265.0,Sagittarius,Jan,sun,0.911,1,0.7391
internships,260.0,Sagittarius,Jan,sun,0.988,1,0.5909
investigations,260.0,Sagittarius,Jan,sun,0.94,1,0.75
investing,265.0,Sagittarius,Jan,sun,0.915,1,0.8889
investment banking,135.0,Leo,Sep,sun,0.814,1,0.4286
invoicing,260.0,Sagittarius,Jan,sun,0.825,1,0.6818
ios apps,145.0,Leo,Sep,sun,0.77,1,0.6471
iowa,140.0,Leo,Sep,sun,0.855,1,0.65
iran,265.0,Sagittarius,Jan,sun,0.802,1,0.4706
iraq,260.0,Sagittarius,Jan,sun,0.965,1,0.4118
ireland,25.0,Aries,May,sun,0.881,1,0.8
ishikawa,30.0,Aries,May,sun,0.948,1,0.7143
islam,355.0,Pisces,Apr,sun,0.944,1,0.3913
islamic holidays,265.0,Sagittarius,Jan,sun,0.816,1,0.5
islands,270.0,Capricorn,Jan,sun,0.889,1,0.5455
isps,290.0,Capricorn,Feb,sun,0.9,1,0.5455
israel,20.0,Aries,May,sun,0.998,1,0.35
istanbul,250.0,Sagittarius,Jan,sun,0.982,1,0.6
isuzu,260.0,Sagittarius,Jan,sun,0.875,1,0.5238
it,150.0,Virgo,Sep,sun,0.945,1,0.75
italian cuisine,290.0,Capricorn,Feb,sun,0.998,1,0.4545
italy,25.0,Aries,May,sun,0.934,1,0.6667
iwate,150.0,Virgo,Sep,sun,0.827,1,0.3571
izmir,335.0,Pisces,Mar,sun,1.0,1,0.55
jacksonville,130.0,Leo,Sep,sun,0.993,1,0.6316
jaguar,265.0,Sagittarius,Jan,sun,0.966,1,0.5
jaipur,110.0,Cancer,Aug,sun,0.647,1,0.3333
jakarta,250.0,Sagittarius,Jan,sun,0.947,1,0.5
jalisco,260.0,Sagittarius,Jan,sun,0.918,1,0.6316
jamaica,255.0,Sagittarius,Jan,sun,0.859,1,0.5
jams,195.0,Libra,Nov,sun,0.807,1,0.5
japan,325.0,Aquarius,Mar,sun,0.998,1,0.6429
japanese cuisine,265.0,Sagittarius,Jan,sun,0.987,1,0.5
japanese martial arts,260.0,Sagittarius,Jan,sun,0.989,1,0.5714
japanese pop,20.0,Aries,May,sun,0.998,1,0.6111
java (indonesia),225.0,Scorpio,Dec,sun,0.899,1,0.5
java (programming language),140.0,Leo,Sep,sun,0.935,1,0.6667
jazz,155.0,Virgo,Oct,sun,0.827,1,0.5294
jeddah,200.0,Libra,Nov,sun,0.977,1,0.6471
jeep,270.0,Capricorn,Jan,sun,0.906,1,0.3529
jeju,335.0,Pisces,Mar,sun,0.87,1,0.6667
jellies,175.0,Virgo,Oct,sun,0.984,1,0.4
jerusalem,340.0,Pisces,Apr,sun,0.989,1,0.7692
jewelry,260.0,Sagittarius,Jan,sun,0.989,1,0.55
jewish culture,160.0,Virgo,Oct,sun,0.958,1,0.7083
jewish holidays,130.0,Leo,Sep,sun,0.859,1,0.9048
jiangsu,80.0,Gemini,Jul,sun,0.964,1,0.3846
jiangxi,175.0,Virgo,Oct,sun,1.0,1,0.4167
jilin,225.0,Scorpio,Dec,sun,0.984,1,0.5833
job listings,230.0,Scorpio,Dec,sun,0.874,1,0.3333
jobs,265.0,Sagittarius,Jan,sun,0.863,1,0.8667
johannesburg,185.0,Libra,Nov,sun,1.0,1,0.5455
jordan,290.0,Capricorn,Feb,sun,0.929,1,0.4762
journalism,265.0,Sagittarius,Jan,sun,0.864,1,0.4783
judaism,135.0,Leo,Sep,sun,0.912,1,0.7
judiciary,140.0,Leo,Sep,sun,0.999,1,0.5652
juice,350.0,Pisces,Apr,sun,0.901,1,0.5
juicers,260.0,Sagittarius,Jan,sun,0.855,1,0.6875
jujutsu,310.0,Aquarius,Mar,sun,0.768,1,0.5
justice,175.0,Virgo,Oct,sun,0.976,1,0.5294
kagawa,325.0,Aquarius,Mar,sun,0.971,1,1.0
kagoshima,75.0,Gemini,Jul,sun,1.0,1,0.3182
kalimantan,135.0,Leo,Sep,sun,0.87,1,0.4286
kanagawa,5.0,Aries,Apr,sun,0.982,1,0.4375
kansai,320.0,Aquarius,Mar,sun,0.861,1,0.5417
kansas,260.0,Sagittarius,Jan,sun,0.872,1,0.6842
kansas city,85.0,Gemini,Jul,sun,0.905,1,0.7083
kanto,325.0,Aquarius,Mar,sun,0.991,1,0.8421
kaohsiung,50.0,Taurus,Jun,sun,0.987,1,0.4583
karachi,290.0,Capricorn,Feb,sun,0.945,1,0.5652
karate,305.0,Aquarius,Feb,sun,0.987,1,0.3636
karnataka,270.0,Capricorn,Jan,sun,0.99,1,0.55
kauai,260.0,Sagittarius,Jan,sun,0.86,1,0.5909
kawasaki,315.0,Aquarius,Mar,sun,0.749,1,0.6667
kazakhstan,130.0,Leo,Sep,sun,0.994,1,0.5217
kentucky,140.0,Leo,Sep,sun,0.951,1,0.7143
kenya,305.0,Aquarius,Feb,sun,0.82,1,0.625
kerala,90.0,Cancer,Jul,sun,0.818,1,0.619
keyboards,205.0,Libra,Nov,sun,0.736,1,0.5789
kia,275.0,Capricorn,Jan,sun,0.783,1,0.6667
kickboxing,130.0,Leo,Sep,sun,0.987,1,0.5833
kids' bikes,105.0,Cancer,Aug,sun,0.704,1,
kiev,115.0,Cancer,Aug,sun,0.904,1,0.5455
kinshasa,230.0,Scorpio,Dec,sun,0.955,1,0.4583
kitchen,260.0,Sagittarius,Jan,sun,0.96,1,0.6316
kitchen hoods,80.0,Gemini,Jul,sun,0.946,1,0.3913
kitchen utensils,25.0,Aries,May,sun,0.784,1,0.4783
knowledge management,140.0,Leo,Sep,sun,0.886,1,0.6
kobe,175.0,Virgo,Oct,sun,0.862,1,0.625
kochi,100.0,Cancer,Aug,sun,0.97,1,0.4
kolkata,340.0,Pisces,Apr,sun,0.709,1,0.6667
konya,100.0,Cancer,Aug,sun,0.993,1,0.75
korean cuisine,75.0,Gemini,Jul,sun,0.964,1,0.6087
korean pop,350.0,Pisces,Apr,sun,0.961,1,0.3
kosher foods,260.0,Sagittarius,Jan,sun,0.642,1,0.25
kosovo,40.0,Taurus,Jun,sun,0.872,1,0.7273
krakow,265.0,Sagittarius,Jan,sun,0.97,1,0.75
kuala lumpur,285.0,Capricorn,Feb,sun,0.917,1,0.3913
kumamoto,260.0,Sagittarius,Jan,sun,0.987,1,0.5385
kuwait,265.0,Sagittarius,Jan,sun,0.952,1,0.5
kyoto,320.0,Aquarius,Mar,sun,0.829,1,0.5882
kyrgyzstan,115.0,Cancer,Aug,sun,0.901,1,0.5217
kyushu,200.0,Libra,Nov,sun,0.94,1,0.381
la rioja,15.0,Aries,May,sun,0.879,1,0.8
labor,130.0,Leo,Sep,sun,0.869,1,0.7778
labor issues,140.0,Leo,Sep,sun,0.55,1,0.6875
labor movement,140.0,Leo,Sep,sun,0.816,1,0.6087
labrador,260.0,Sagittarius,Jan,sun,0.854,1,0.55
lacrosse,315.0,Aquarius,Mar,sun,0.802,1,0.6471
lagos,130.0,Leo,Sep,sun,0.9,1,0.5217
lahore,290.0,Capricorn,Feb,sun,0.8,1,0.5455
lake tahoe,65.0,Gemini,Jun,sun,0.802,1,0.7083
lakes,265.0,Sagittarius,Jan,sun,0.847,1,0.55
lamborghini,235.0,Scorpio,Dec,sun,0.937,1,0.6923
lamps,150.0,Virgo,Sep,sun,0.823,1,0.6111
land,255.0,Sagittarius,Jan,sun,0.99,1,0.6471
land rover,110.0,Cancer,Aug,sun,0.831,1,0.5789
landscape design,315.0,Aquarius,Mar,sun,0.931,1,0.6818
language resources,270.0,Capricorn,Jan,sun,0.698,1,0.5833
languedoc-roussillon,75.0,Gemini,Jul,sun,0.95,1,0.3333
laos,210.0,Scorpio,Nov,sun,0.869,1,0.3889
laptops,260.0,Sagittarius,Jan,sun,0.868,1,0.5455
las vegas,260.0,Sagittarius,Jan,sun,0.867,1,0.6667
laser vision correction,260.0,Sagittarius,Jan,sun,0.83,1,0.0
last minute travel,260.0,Sagittarius,Jan,sun,0.945,1,0.5238
latin america,140.0,Leo,Sep,sun,0.87,1,0.4706
latin cuisine,260.0,Sagittarius,Jan,sun,0.482,1,0.6364
latin music,345.0,Pisces,Apr,sun,0.768,1,0.6667
latin pop,60.0,Taurus,Jun,sun,0.996,1,0.7143
latin-americans,15.0,Aries,May,sun,1.0,1,
latinos,85.0,Gemini,Jul,sun,0.897,1,0.375
latvia,20.0,Aries,May,sun,0.89,1,0.6
laundry,260.0,Sagittarius,Jan,sun,0.879,1,0.6667
law,145.0,Leo,Sep,sun,0.984,1,0.375
law enforcement,15.0,Aries,May,sun,0.821,1,0.6667
lawn,320.0,Aquarius,Mar,sun,0.742,1,1.0
lawn mowers,315.0,Aquarius,Mar,sun,0.762,1,0.9091
lazio,110.0,Cancer,Aug,sun,0.856,1,0.75
lcd tvs,180.0,Libra,Oct,sun,0.708,1,0.6
learning,265.0,Sagittarius,Jan,sun,0.92,1,0.7222
lebanon,260.0,Sagittarius,Jan,sun,0.892,1,0.6
leeds-bradford,20.0,Aries,May,sun,1.0,1,0.0
legal,350.0,Pisces,Apr,sun,0.771,1,0.4375
legal education,200.0,Libra,Nov,sun,0.862,1,0.7727
legal forms,105.0,Cancer,Aug,sun,1.0,1,0.7
legal jobs,25.0,Aries,May,sun,0.999,1,0.7
legal services,325.0,Aquarius,Mar,sun,0.844,1,0.5417
legal shows,15.0,Aries,May,sun,0.838,1,0.5263
legislative branch,145.0,Leo,Sep,sun,0.832,1,0.6667
leisure,70.0,Gemini,Jul,sun,0.808,1,0.5
lending,80.0,Gemini,Jul,sun,0.995,1,0.5714
lesbian,35.0,Taurus,May,sun,0.866,1,0.6667
lesson plans,135.0,Leo,Sep,sun,0.904,1,0.6957
lexus,265.0,Sagittarius,Jan,sun,0.788,1,0.5
liaoning,265.0,Sagittarius,Jan,sun,0.989,1,0.3571
liberties,140.0,Leo,Sep,sun,0.791,1,0.7273
libraries,275.0,Capricorn,Jan,sun,0.991,1,0.5217
libya,30.0,Aries,May,sun,0.982,1,0.5
liechtenstein,40.0,Taurus,Jun,sun,0.842,1,0.6111
life hacks,5.0,Aries,Apr,sun,0.852,1,0.6429
life insurance,265.0,Sagittarius,Jan,sun,0.877,1,0.5455
life simulation games,295.0,Capricorn,Feb,sun,0.603,1,0.5417
lighting,220.0,Scorpio,Dec,sun,0.835,1,0.4706
liguria,270.0,Capricorn,Jan,sun,1.0,1,0.7222
lille,115.0,Cancer,Aug,sun,0.847,1,0.5217
lima,345.0,Pisces,Apr,sun,0.815,1,0.6316
limburg,275.0,Capricorn,Jan,sun,0.87,1,0.8667
limousin,25.0,Aries,May,sun,0.813,1,0.5
lincoln,275.0,Capricorn,Jan,sun,0.869,1,0.8571
lines of credit,90.0,Cancer,Jul,sun,0.931,1,0.2727
linux,270.0,Capricorn,Jan,sun,0.929,1,0.5
lip makeup,170.0,Virgo,Oct,sun,0.92,1,0.6
lip sync videos,225.0,Scorpio,Dec,sun,0.947,1,0.3333
liquidators,300.0,Aquarius,Feb,sun,0.995,1,0.381
lisbon,140.0,Leo,Sep,sun,0.984,1,0.5
listings,255.0,Sagittarius,Jan,sun,0.934,1,0.4286
literary classics,45.0,Taurus,Jun,sun,1.0,1,0.5
literature,20.0,Aries,May,sun,0.888,1,0.7391
lithuania,20.0,Aries,May,sun,0.872,1,0.75
little rock,220.0,Scorpio,Dec,sun,0.874,1,0.6667
live comedy,90.0,Cancer,Jul,sun,0.984,1,0.5
live sporting events,290.0,Capricorn,Feb,sun,1.0,1,0.8
live video streaming,120.0,Cancer,Aug,sun,0.86,1,0.7083
liverpool,95.0,Cancer,Aug,sun,0.828,1,0.6667
livestock,260.0,Sagittarius,Jan,sun,0.883,1,0.6522
living room furniture,260.0,Sagittarius,Jan,sun,0.855,1,0.6522
loans,50.0,Taurus,Jun,sun,0.982,1,0.65
lobbying,195.0,Libra,Nov,sun,0.899,1,0.5714
local government,130.0,Leo,Sep,sun,0.812,1,0.3913
local guides,75.0,Gemini,Jul,sun,0.978,1,0.55
local news,260.0,Sagittarius,Jan,sun,0.828,1,0.6087
locks,175.0,Virgo,Oct,sun,0.99,1,0.5
locksmiths,105.0,Cancer,Aug,sun,0.79,1,0.4545
logistics,310.0,Aquarius,Mar,sun,0.823,1,0.5
lombardy,160.0,Virgo,Oct,sun,0.84,1,0.8462
london (uk),15.0,Aries,May,sun,0.994,1,0.5294
long distance bus,320.0,Aquarius,Mar,sun,0.654,1,0.5652
long term care,275.0,Capricorn,Jan,sun,0.953,1,0.5652
lorraine,165.0,Virgo,Oct,sun,0.999,1,0.6842
los angeles,85.0,Gemini,Jul,sun,0.856,1,0.5263
los cabos,265.0,Sagittarius,Jan,sun,0.945,1,0.5
lots,230.0,Scorpio,Dec,sun,0.908,1,0.55
louisiana,270.0,Capricorn,Jan,sun,0.933,1,0.6818
louisville,135.0,Leo,Sep,sun,0.757,1,0.8333
lounge wear,260.0,Sagittarius,Jan,sun,0.978,1,0.5217
low cost,265.0,Sagittarius,Jan,sun,0.912,1,0.5714
low fat,265.0,Sagittarius,Jan,sun,0.982,1,0.6429
lower austria,100.0,Cancer,Aug,sun,1.0,1,
lower normandy,105.0,Cancer,Aug,sun,1.0,1,
lower saxony,165.0,Virgo,Oct,sun,0.522,1,0.6818
loyalty cards,255.0,Sagittarius,Jan,sun,0.81,1,0.6667
lubricants,140.0,Leo,Sep,sun,0.975,1,0.5833
luggage,75.0,Gemini,Jul,sun,0.898,1,0.5455
luxembourg,40.0,Taurus,Jun,sun,0.831,1,0.6818
luxury goods,220.0,Scorpio,Dec,sun,0.896,1,0.4783
luxury travel,335.0,Pisces,Mar,sun,0.811,1,0.619
luxury vehicles,265.0,Sagittarius,Jan,sun,0.982,1,0.5833
lyon,110.0,Cancer,Aug,sun,0.827,1,0.4762
lyric videos,265.0,Sagittarius,Jan,sun,0.91,1,0.619
mac os,45.0,Taurus,Jun,sun,0.9,1,0.7333
macau,190.0,Libra,Nov,sun,0.787,1,0.3182
machine learning,275.0,Capricorn,Jan,sun,0.804,1,0.4783
madagascar,175.0,Virgo,Oct,sun,0.825,1,0.7143
madeira,265.0,Sagittarius,Jan,sun,0.836,1,0.6842
madhya pradesh,75.0,Gemini,Jul,sun,0.985,1,0.5
madrid,100.0,Cancer,Aug,sun,0.868,1,0.5652
magazines,50.0,Taurus,Jun,sun,0.941,1,0.4545
magic,350.0,Pisces,Apr,sun,0.851,1,0.6842
maharashtra,85.0,Gemini,Jul,sun,1.0,1,0.5417
mail,70.0,Gemini,Jul,sun,0.817,1,0.6875
maine,95.0,Cancer,Aug,sun,0.931,1,0.4348
maintenance,335.0,Pisces,Mar,sun,0.928,1,0.4348
major kitchen appliances,0.0,Aries,Apr,sun,1.0,1,0.5
make-up,170.0,Virgo,Oct,sun,0.983,1,0.7143
make-up tutorials,245.0,Sagittarius,Jan,sun,0.893,1,0.6667
makeup removers,265.0,Sagittarius,Jan,sun,0.973,1,1.0
malaga,260.0,Sagittarius,Jan,sun,0.928,1,0.5
malawi,265.0,Sagittarius,Jan,sun,0.995,1,0.5263
malaysia,325.0,Aquarius,Mar,sun,0.877,1,0.6087
maldives,260.0,Sagittarius,Jan,sun,0.885,1,0.6316
male impotence,230.0,Scorpio,Dec,sun,0.989,1,0.4615
mali,255.0,Sagittarius,Jan,sun,0.823,1,0.4286
malta,20.0,Aries,May,sun,0.894,1,0.6875
maluku islands,260.0,Sagittarius,Jan,sun,0.997,1,1.0
malware,350.0,Pisces,Apr,sun,0.866,1,0.619
management,135.0,Leo,Sep,sun,0.82,1,0.381
management jobs,335.0,Pisces,Mar,sun,0.985,1,0.6667
manchester,95.0,Cancer,Aug,sun,0.876,1,0.4286
mandopop,15.0,Aries,May,sun,0.991,1,0.5909
manga,250.0,Sagittarius,Jan,sun,0.918,1,0.6667
manicures,345.0,Pisces,Apr,sun,0.974,1,0.6
manila,320.0,Aquarius,Mar,sun,0.898,1,0.6316
manitoba,270.0,Capricorn,Jan,sun,0.999,1,0.6154
manufactured homes,270.0,Capricorn,Jan,sun,0.751,1,0.6818
manufacturing,135.0,Leo,Sep,sun,0.858,1,0.4545
maps,55.0,Taurus,Jun,sun,0.907,1,0.375
maranhao,175.0,Virgo,Oct,sun,0.932,1,0.6429
marche,195.0,Libra,Nov,sun,0.753,1,0.75
mardi gras,275.0,Capricorn,Jan,sun,0.758,1,0.7273
marine sciences,130.0,Leo,Sep,mercury,0.493,1,1.0
marines,265.0,Sagittarius,Jan,sun,0.974,1,0.3333
maritime transport,320.0,Aquarius,Mar,sun,0.947,1,0.4783
marketing,135.0,Leo,Sep,sun,0.852,1,0.6957
marketing jobs,260.0,Sagittarius,Jan,sun,0.989,1,0.5455
marmara region,290.0,Capricorn,Feb,sun,0.952,1,
marriage,290.0,Capricorn,Feb,sun,0.922,1,0.3478
marseille,295.0,Capricorn,Feb,sun,0.871,1,0.6842
martial arts,350.0,Pisces,Apr,sun,0.958,1,0.5455
martial arts equipment,250.0,Sagittarius,Jan,sun,0.658,1,0.375
martial arts films,200.0,Libra,Nov,sun,0.99,1,0.45
martinique,290.0,Capricorn,Feb,sun,0.865,1,0.75
maryland,140.0,Leo,Sep,sun,0.916,1,0.6364
maserati,350.0,Pisces,Apr,sun,0.912,1,0.4118
mass merchants,340.0,Pisces,Apr,sun,1.0,1,1.0
massachusetts,265.0,Sagittarius,Jan,sun,0.902,1,0.4667
massage therapy,270.0,Capricorn,Jan,sun,0.991,1,0.45
massively multiplayer games,350.0,Pisces,Apr,sun,1.0,1,
maternity,265.0,Sagittarius,Jan,sun,0.945,1,0.5909
mathematics,125.0,Leo,Sep,sun,0.815,1,0.5833
mato grosso,220.0,Scorpio,Dec,sun,0.946,1,0.6
mato grosso do sul,265.0,Sagittarius,Jan,sun,0.962,1,0.6087
matrimonial services,260.0,Sagittarius,Jan,sun,0.738,1,0.5
mattresses,315.0,Aquarius,Mar,sun,0.992,1,0.5455
maui,260.0,Sagittarius,Jan,sun,0.936,1,0.6842
mazda,265.0,Sagittarius,Jan,sun,0.863,1,0.6842
meal kits,265.0,Sagittarius,Jan,sun,0.996,1,0.619
measurement,135.0,Leo,Sep,sun,0.87,1,0.5909
meat,165.0,Virgo,Oct,sun,0.913,1,0.4762
mecklenburg-vorpommern,20.0,Aries,May,sun,0.942,1,0.5652
media critics,20.0,Aries,May,sun,0.951,1,0.8333
media players,290.0,Capricorn,Feb,sun,0.995,1,0.45
media streaming devices,160.0,Virgo,Oct,mercury,0.268,1,
media studies,135.0,Leo,Sep,sun,0.969,1,0.6818
medical devices,285.0,Capricorn,Feb,sun,0.801,1,0.6364
medical facilities,140.0,Leo,Sep,sun,0.935,1,0.5217
medical jobs,260.0,Sagittarius,Jan,sun,0.988,1,0.6087
medical literature,260.0,Sagittarius,Jan,sun,0.849,1,0.4167
medical photos,175.0,Virgo,Oct,sun,0.818,1,0.75
medical procedures,260.0,Sagittarius,Jan,sun,0.99,1,0.5263
medical research,135.0,Leo,Sep,sun,0.988,1,0.4348
medical tests,45.0,Taurus,Jun,sun,0.756,1,0.3889
medical tourism,85.0,Gemini,Jul,sun,0.893,1,0.6818
medical training,260.0,Sagittarius,Jan,sun,0.819,1,0.6364
medications,125.0,Leo,Sep,sun,0.894,1,0.6667
meditation,275.0,Capricorn,Jan,sun,0.799,1,0.6667
mediterranean cuisine,65.0,Gemini,Jun,sun,0.958,1,0.7273
mediterranean europe,260.0,Sagittarius,Jan,mercury,0.46,1,0.4783
mediterranean turkey,355.0,Pisces,Apr,sun,0.911,1,0.5909
melanesia,20.0,Aries,May,sun,0.82,1,0.5714
melbourne,325.0,Aquarius,Mar,sun,0.925,1,0.8
memorabilia,75.0,Gemini,Jul,sun,0.92,1,0.3889
memory card readers,45.0,Taurus,Jun,sun,1.0,1,
memory cards,50.0,Taurus,Jun,sun,0.936,1,0.4762
memphis,200.0,Libra,Nov,sun,0.997,1,0.7143
men's clothing,45.0,Taurus,Jun,sun,0.904,1,0.4545
men's health,265.0,Sagittarius,Jan,sun,0.847,1,0.5455
men's interests,20.0,Aries,May,sun,1.0,1,
men's interests (mature),50.0,Taurus,Jun,sun,1.0,1,1.0
mental health,145.0,Leo,Sep,sun,0.875,1,0.7917
mercedes-benz,260.0,Sagittarius,Jan,sun,0.859,1,0.5625
merchant services,20.0,Aries,May,sun,0.692,1,0.4286
mercury,140.0,Leo,Sep,sun,0.89,1,0.7143
mergers,135.0,Leo,Sep,sun,0.947,1,0.3846
merida,270.0,Capricorn,Jan,sun,0.923,1,0.7222
merit prizes,115.0,Cancer,Aug,sun,1.0,1,
mersin,105.0,Cancer,Aug,sun,0.993,1,0.3636
messaging,200.0,Libra,Nov,sun,0.865,1,0.4375
messengers,275.0,Capricorn,Jan,sun,0.954,1,0.6429
metal (music),230.0,Scorpio,Dec,sun,0.868,1,0.9167
metals,135.0,Leo,Sep,sun,0.793,1,0.5417
mexican cuisine,0.0,Aries,Apr,sun,0.978,1,0.6522
mexico,40.0,Taurus,Jun,sun,0.875,1,0.6
mexico city,320.0,Aquarius,Mar,sun,0.912,1,0.4118
mexico state,130.0,Leo,Sep,sun,0.852,1,0.8889
miami-dade,320.0,Aquarius,Mar,sun,0.994,1,0.6471
michigan,135.0,Leo,Sep,sun,0.835,1,0.8095
michoacan,260.0,Sagittarius,Jan,sun,0.982,1,0.75
microblogging,265.0,Sagittarius,Jan,sun,0.998,1,0.75
microcars,200.0,Libra,Nov,sun,0.998,1,0.4211
micronesia,230.0,Scorpio,Dec,sun,0.98,1,0.6667
microwaves,140.0,Leo,Sep,sun,0.927,1,0.6111
middle africa,135.0,Leo,Sep,sun,0.787,1,0.6667
middle east,265.0,Sagittarius,Jan,sun,0.909,1,0.4348
middle eastern,355.0,Pisces,Apr,sun,1.0,1,0.3333
middle eastern cuisine,350.0,Pisces,Apr,sun,0.783,1,0.45
middle easterners,255.0,Sagittarius,Jan,sun,0.573,1,
midi-pyrenees,195.0,Libra,Nov,sun,1.0,1,
midwest (usa),110.0,Cancer,Aug,sun,0.951,1,0.5417
mie,140.0,Leo,Sep,sun,0.991,1,0.7391
migraines,260.0,Sagittarius,Jan,sun,0.99,1,0.5263
milan,85.0,Gemini,Jul,sun,0.855,1,0.7273
military,90.0,Cancer,Jul,sun,0.956,1,0.4545
military history,215.0,Scorpio,Dec,sun,0.99,1,0.6818
milwaukee,180.0,Libra,Oct,sun,0.88,1,0.7143
minas gerais,140.0,Leo,Sep,sun,0.849,1,0.7222
mindfulness,140.0,Leo,Sep,sun,0.876,1,0.7619
minecraft,60.0,Taurus,Jun,sun,0.798,1,0.6316
mini,55.0,Taurus,Jun,sun,0.791,1,0.5
miniatures,245.0,Sagittarius,Jan,sun,0.831,1,0.5833
mining,45.0,Taurus,Jun,sun,0.885,1,0.5714
minivans,30.0,Aries,May,sun,0.983,1,0.6667
minneapolis-saint paul,290.0,Capricorn,Feb,sun,1.0,1,
minnesota,150.0,Virgo,Sep,sun,0.884,1,0.5
mississippi,130.0,Leo,Sep,sun,0.943,1,0.6842
missouri,140.0,Leo,Sep,sun,0.94,1,0.65
mitsubishi,260.0,Sagittarius,Jan,sun,0.831,1,0.4091
mixed martial arts,330.0,Pisces,Mar,sun,0.963,1,0.5
miyagi,240.0,Scorpio,Dec,sun,0.925,1,0.3333
miyazaki,260.0,Sagittarius,Jan,sun,0.988,1,0.65
mlm,110.0,Cancer,Aug,sun,0.801,1,0.7391
moba games,320.0,Aquarius,Mar,sun,0.965,1,0.7727
mobile,200.0,Libra,Nov,sun,0.947,1,0.55
mobile apps,255.0,Sagittarius,Jan,sun,0.788,1,0.5294
mobile os,255.0,Sagittarius,Jan,sun,0.938,1,0.6957
mobile payments,20.0,Aries,May,sun,0.641,1,0.4091
mobile phone repair,20.0,Aries,May,sun,0.808,1,0.5652
mobile phones,20.0,Aries,May,sun,0.882,1,0.7143
mobile themes,260.0,Sagittarius,Jan,sun,0.796,1,0.45
mobility equipment,55.0,Taurus,Jun,sun,0.767,1,0.625
model trains,215.0,Scorpio,Dec,sun,0.78,1,0.8
modeling,270.0,Capricorn,Jan,sun,0.918,1,0.6
moisturizers,185.0,Libra,Nov,sun,0.866,1,0.6957
moldova,25.0,Aries,May,sun,0.896,1,0.6
molise,90.0,Cancer,Jul,sun,0.992,1,0.5789
monaco,10.0,Aries,May,sun,0.84,1,0.6818
money transfer,110.0,Cancer,Aug,sun,0.837,1,0.5455
mongolia,125.0,Leo,Sep,sun,0.979,1,0.6667
monitoring,135.0,Leo,Sep,sun,0.795,1,0.5
monitoring software,95.0,Cancer,Aug,sun,0.861,1,0.4583
montana,95.0,Cancer,Aug,sun,0.875,1,0.2
montenegro,320.0,Aquarius,Mar,sun,0.862,1,0.6522
monterrey,95.0,Cancer,Aug,sun,0.791,1,0.3684
montpellier,120.0,Cancer,Aug,sun,0.932,1,0.4762
montreal,110.0,Cancer,Aug,sun,0.994,1,0.3333
mopeds,325.0,Aquarius,Mar,sun,0.993,1,0.4444
morocco,35.0,Taurus,May,sun,0.898,1,0.7
mortgages,260.0,Sagittarius,Jan,sun,0.938,1,0.5909
moscow,15.0,Aries,May,sun,0.95,1,0.4706
motivational,275.0,Capricorn,Jan,sun,0.859,1,0.5455
motor sports,165.0,Virgo,Oct,sun,0.847,1,0.2941
motor vehicles (by brand),75.0,Gemini,Jul,sun,1.0,1,
motor vehicles (by type),75.0,Gemini,Jul,sun,1.0,1,
motorcycle racing,340.0,Pisces,Apr,sun,0.979,1,0.75
motorcycles,340.0,Pisces,Apr,sun,0.794,1,0.5333
mountain,355.0,Pisces,Apr,sun,0.983,1,0.5
mountain bikes,340.0,Pisces,Apr,sun,0.731,1,0.7778
mountaineering,195.0,Libra,Nov,sun,0.989,1,0.5714
movie,75.0,Gemini,Jul,sun,0.777,1,0.5714
movie listings,320.0,Aquarius,Mar,sun,0.887,1,0.6429
movie memorabilia,255.0,Sagittarius,Jan,sun,0.957,1,0.5417
movie reference,350.0,Pisces,Apr,sun,1.0,1,0.5652
movie reviews,80.0,Gemini,Jul,sun,0.868,1,0.4286
movies,30.0,Aries,May,sun,0.819,1,0.3182
moving,275.0,Capricorn,Jan,sun,0.997,1,0.5
mozambique,270.0,Capricorn,Jan,sun,0.787,1,0.5714
mp3,20.0,Aries,May,sun,0.863,1,0.6818
mugla,90.0,Cancer,Jul,sun,0.85,1,0.5652
mukbang videos,345.0,Pisces,Apr,sun,0.632,1,0.6087
multilateral organizations,15.0,Aries,May,sun,1.0,1,
multimedia software,200.0,Libra,Nov,sun,0.776,1,0.6522
mumbai,85.0,Gemini,Jul,sun,0.892,1,0.5417
munich,295.0,Capricorn,Feb,sun,0.865,1,0.5
murcia,135.0,Leo,Sep,sun,0.867,1,0.5625
musculoskeletal conditions,0.0,Aries,Apr,sun,1.0,1,0.5
museums,320.0,Aquarius,Mar,sun,1.0,1,0.381
music,120.0,Cancer,Aug,sun,0.978,1,0.6667
music art,125.0,Leo,Sep,sun,0.832,1,0.4444
music awards,195.0,Libra,Nov,sun,0.826,1,0.625
music composition,260.0,Sagittarius,Jan,sun,0.992,1,0.3636
music education,270.0,Capricorn,Jan,sun,0.852,1,0.3913
music equipment,195.0,Libra,Nov,sun,0.951,1,0.5
music festivals,330.0,Pisces,Mar,sun,0.993,1,0.3333
music performances,200.0,Libra,Nov,sun,0.885,1,0.6
music recording technology,220.0,Scorpio,Dec,sun,0.95,1,
music reference,85.0,Gemini,Jul,sun,0.996,1,0.4706
music software,260.0,Sagittarius,Jan,sun,0.937,1,0.5882
music streams,110.0,Cancer,Aug,sun,0.98,1,0.0
music videos,170.0,Virgo,Oct,sun,0.961,1,0.6364
musical films,350.0,Pisces,Apr,sun,0.978,1,0.6667
musical instruments,275.0,Capricorn,Jan,sun,0.883,1,0.381
musical theater,265.0,Sagittarius,Jan,sun,0.994,1,0.7
mutual funds,260.0,Sagittarius,Jan,sun,0.885,1,0.5455
myanmar,20.0,Aries,May,sun,0.927,1,0.5455
myrtle beach,320.0,Aquarius,Mar,sun,0.828,1,0.7895
mystery books,255.0,Sagittarius,Jan,sun,0.848,1,0.5
mystery films,40.0,Taurus,Jun,sun,0.949,1,0.5909
myth,340.0,Pisces,Apr,sun,0.975,1,0.5
nagano,260.0,Sagittarius,Jan,sun,0.841,1,0.5714
nagasaki,110.0,Cancer,Aug,sun,0.908,1,0.7273
nagoya,70.0,Gemini,Jul,sun,1.0,1,0.6
nail care,260.0,Sagittarius,Jan,sun,0.986,1,0.6957
nail care products,10.0,Aries,May,sun,0.81,1,0.5714
nails,235.0,Scorpio,Dec,sun,0.986,1,0.625
nairobi,260.0,Sagittarius,Jan,sun,0.938,1,0.619
name days,205.0,Libra,Nov,sun,0.952,1,0.6364
nanjing,85.0,Gemini,Jul,sun,0.992,1,0.6667
nantes,290.0,Capricorn,Feb,sun,0.966,1,0.6
naples,100.0,Cancer,Aug,sun,0.95,1,0.4783
nara,0.0,Aries,Apr,sun,0.889,1,0.4091
nashville,345.0,Pisces,Apr,sun,0.877,1,0.6818
nassau,270.0,Capricorn,Jan,sun,0.86,1,0.6429
native americans,195.0,Libra,Nov,sun,0.85,1,0.619
natural foods,260.0,Sagittarius,Jan,sun,0.947,1,0.3043
natural medicine,275.0,Capricorn,Jan,sun,0.956,1,0.5833
navarra,20.0,Aries,May,sun,0.883,1,0.5625
navigation,75.0,Gemini,Jul,sun,0.988,1,0.5217
navy,220.0,Scorpio,Dec,sun,0.97,1,0.7143
nebraska,130.0,Leo,Sep,sun,0.79,1,0.5238
necklaces,5.0,Aries,Apr,sun,1.0,1,0.5
nepal,120.0,Cancer,Aug,sun,0.753,1,0.7619
net,265.0,Sagittarius,Jan,sun,0.913,1,0.6667
netherlands,30.0,Aries,May,sun,0.904,1,0.7368
network monitoring,265.0,Sagittarius,Jan,sun,0.867,1,0.3913
network news,165.0,Virgo,Oct,sun,0.982,1,0.4091
network security,120.0,Cancer,Aug,sun,0.963,1,0.5714
network storage,295.0,Capricorn,Feb,sun,1.0,1,0.5238
networking,265.0,Sagittarius,Jan,sun,0.855,1,0.85
networking equipment,45.0,Taurus,Jun,sun,1.0,1,0.0
neurological conditions,315.0,Aquarius,Mar,sun,1.0,1,0.3043
neuroscience,145.0,Leo,Sep,sun,0.904,1,0.6667
nevada,260.0,Sagittarius,Jan,sun,0.94,1,0.6111
nevis,260.0,Sagittarius,Jan,sun,0.91,1,0.3684
new brunswick,175.0,Virgo,Oct,sun,1.0,1,0.6
new england,50.0,Taurus,Jun,sun,0.874,1,0.5263
new hampshire,75.0,Gemini,Jul,sun,0.982,1,0.5
new haven,105.0,Cancer,Aug,sun,0.934,1,0.0
new homes,260.0,Sagittarius,Jan,sun,0.934,1,0.5714
new jersey,45.0,Taurus,Jun,sun,0.86,1,0.5263
new mexico,135.0,Leo,Sep,sun,0.952,1,0.9091
new orleans,270.0,Capricorn,Jan,sun,0.819,1,0.6667
new south wales,40.0,Taurus,Jun,sun,0.993,1,0.55
new year,215.0,Scorpio,Dec,sun,0.755,1,0.7143
new york city,140.0,Leo,Sep,sun,0.97,1,0.5625
new york state,125.0,Leo,Sep,sun,0.865,1,1.0
new zealand,45.0,Taurus,Jun,sun,0.885,1,0.3333
newborn celebrations,320.0,Aquarius,Mar,sun,1.0,1,
newcastle (au),345.0,Pisces,Apr,sun,0.961,1,0.4
newfoundland,225.0,Scorpio,Dec,sun,0.801,1,0.8182
news,20.0,Aries,May,sun,0.858,1,0.3478
news industry,95.0,Cancer,Aug,sun,0.743,1,0.6087
newspapers,275.0,Capricorn,Jan,sun,0.745,1,0.375
nicaragua,320.0,Aquarius,Mar,sun,0.949,1,0.625
nice,105.0,Cancer,Aug,sun,0.944,1,0.5
niche interests,135.0,Leo,Sep,sun,1.0,1,0.0
niger,35.0,Taurus,May,sun,0.696,1,0.4286
nigeria,40.0,Taurus,Jun,sun,0.878,1,0.7059
nightlife,260.0,Sagittarius,Jan,sun,0.904,1,0.6316
niigata,85.0,Gemini,Jul,sun,0.936,1,0.4
ningxia,205.0,Libra,Nov,sun,0.836,1,0.25
nintendo,50.0,Taurus,Jun,sun,0.794,1,0.6522
nissan,270.0,Capricorn,Jan,sun,0.838,1,0.7059
non-believers,50.0,Taurus,Jun,sun,1.0,1,0.4
nonfiction,125.0,Leo,Sep,sun,0.841,1,0.6818
nonwovens,220.0,Scorpio,Dec,sun,0.696,1,0.4167
nord-pas-de-calais,100.0,Cancer,Aug,sun,0.76,1,0.3529
nordic countries,190.0,Libra,Nov,sun,0.864,1,0.5909
normandy,285.0,Capricorn,Feb,sun,0.86,1,0.5333
north african music,120.0,Cancer,Aug,sun,0.995,1,0.4545
north america,260.0,Sagittarius,Jan,sun,0.946,1,0.5556
north american cuisine,110.0,Cancer,Aug,sun,0.912,1,
north brabant,190.0,Libra,Nov,sun,0.987,1,0.5
north brazil,50.0,Taurus,Jun,sun,0.974,1,
north carolina,305.0,Aquarius,Feb,sun,0.843,1,0.6087
north central china,0.0,Aries,Apr,sun,1.0,1,0.5
north chungcheong,255.0,Sagittarius,Jan,sun,0.537,1,
north dakota,135.0,Leo,Sep,sun,0.989,1,0.6316
north east england,265.0,Sagittarius,Jan,sun,0.972,1,0.55
north florida,265.0,Sagittarius,Jan,sun,0.865,1,0.5
north france,55.0,Taurus,Jun,sun,0.949,1,0.5882
north gyeongsang,195.0,Libra,Nov,sun,1.0,1,
north holland,140.0,Leo,Sep,sun,0.727,1,0.6667
north india,320.0,Aquarius,Mar,sun,0.949,1,0.4545
north jeolla,75.0,Gemini,Jul,sun,1.0,1,
north korea,170.0,Virgo,Oct,sun,0.934,1,0.4444
north macedonia,310.0,Aquarius,Mar,sun,0.87,1,0.4545
north rhine-westphalia,80.0,Gemini,Jul,sun,1.0,1,0.6667
north west england,135.0,Leo,Sep,sun,0.991,1,0.5
northeast brazil,170.0,Virgo,Oct,sun,0.723,1,0.5
northeast china,320.0,Aquarius,Mar,sun,0.987,1,0.3913
northeast india,310.0,Aquarius,Mar,sun,0.772,1,0.6522
northern africa,320.0,Aquarius,Mar,sun,0.763,1,0.4091
northern ireland,145.0,Leo,Sep,sun,0.846,1,0.6842
northern mexico,55.0,Taurus,Jun,sun,0.785,1,0.65
northern territories,230.0,Scorpio,Dec,sun,0.932,1,0.5652
northern territory,255.0,Sagittarius,Jan,sun,0.998,1,0.5
northwest china,175.0,Virgo,Oct,sun,0.821,1,0.4286
northwestern russia,290.0,Capricorn,Feb,sun,1.0,1,0.0
norway,20.0,Aries,May,sun,0.883,1,0.8571
notebooks,255.0,Sagittarius,Jan,sun,0.826,1,0.5238
nouvelle-aquitaine,100.0,Cancer,Aug,sun,0.885,1,0.4211
nova scotia,265.0,Sagittarius,Jan,sun,0.987,1,0.5833
nuclear energy,185.0,Libra,Nov,sun,0.817,1,0.6364
nuevo leon,230.0,Scorpio,Dec,sun,0.99,1,0.5909
nursery,130.0,Leo,Sep,sun,0.996,1,0.7826
nursery rhymes,45.0,Taurus,Jun,sun,0.983,1,0.5
nursing,280.0,Capricorn,Feb,sun,0.792,1,0.4783
nusa tenggara,285.0,Capricorn,Feb,sun,0.865,1,0.6087
nutrition,75.0,Gemini,Jul,sun,0.901,1,0.5909
nutrition drinks,320.0,Aquarius,Mar,sun,0.979,1,0.3529
oahu,250.0,Sagittarius,Jan,sun,0.866,1,0.7917
oaxaca,140.0,Leo,Sep,sun,0.786,1,0.6842
obesity,325.0,Aquarius,Mar,sun,0.815,1,0.5833
obgyn,260.0,Sagittarius,Jan,sun,0.994,1,0.6364
occitanie,40.0,Taurus,Jun,sun,0.976,1,0.5238
occult,260.0,Sagittarius,Jan,sun,0.932,1,0.4706
occupational health,260.0,Sagittarius,Jan,sun,0.896,1,0.7826
ocean city (md),0.0,Aries,Apr,sun,0.799,1,0.6667
oceania,50.0,Taurus,Jun,sun,0.979,1,0.6667
october 31st,180.0,Libra,Oct,sun,0.837,1,0.8
oddly satisfying videos,70.0,Gemini,Jul,sun,0.844,1,0.6111
odz,160.0,Virgo,Oct,sun,0.858,1,0.6
off-grid living,50.0,Taurus,Jun,sun,0.985,1,0.7273
off-road vehicles,110.0,Cancer,Aug,sun,0.937,1,0.6364
offbeat,230.0,Scorpio,Dec,sun,0.992,1,0.5417
office,125.0,Leo,Sep,sun,0.844,1,0.6316
office chairs,200.0,Libra,Nov,sun,0.942,1,0.7
office furniture,260.0,Sagittarius,Jan,sun,0.876,1,0.6522
office services,270.0,Capricorn,Jan,sun,1.0,1,0.6364
office supplies,80.0,Gemini,Jul,sun,0.95,1,0.4762
ohio,140.0,Leo,Sep,sun,0.946,1,0.7391
oil,260.0,Sagittarius,Jan,sun,0.994,1,0.4
oil changes,260.0,Sagittarius,Jan,sun,0.993,1,0.5714
oils,265.0,Sagittarius,Jan,sun,0.792,1,0.8696
oita,155.0,Virgo,Oct,sun,0.999,1,0.4118
okayama,355.0,Pisces,Apr,sun,0.995,1,0.4583
okinawa,260.0,Sagittarius,Jan,sun,0.818,1,0.5652
oklahoma,140.0,Leo,Sep,sun,0.886,1,0.619
oklahoma city,170.0,Virgo,Oct,sun,0.908,1,0.75
oldies,100.0,Cancer,Aug,sun,0.848,1,0.2941
olympics,90.0,Cancer,Jul,sun,0.501,1,1.0
omaha,45.0,Taurus,Jun,sun,0.841,1,0.4545
oman,270.0,Capricorn,Jan,sun,0.886,1,0.75
online communities,195.0,Libra,Nov,sun,0.875,1,0.5455
online goodies,250.0,Sagittarius,Jan,sun,0.754,1,0.6667
online journals,260.0,Sagittarius,Jan,sun,1.0,1,0.5
online media,20.0,Aries,May,sun,0.995,1,0.6957
online tools,260.0,Sagittarius,Jan,sun,0.933,1,0.65
online video,260.0,Sagittarius,Jan,sun,0.983,1,0.65
ontario,270.0,Capricorn,Jan,sun,0.938,1,0.6
open online courses,95.0,Cancer,Aug,sun,0.869,1,0.375
open source,290.0,Capricorn,Feb,sun,0.985,1,0.3478
opera,140.0,Leo,Sep,sun,0.807,1,0.9167
operating systems,135.0,Leo,Sep,sun,0.994,1,0.6364
opinion,140.0,Leo,Sep,sun,0.838,1,0.5714
optical devices,160.0,Virgo,Oct,sun,0.745,1,0.5
optoelectronics,130.0,Leo,Sep,sun,0.98,1,0.5
optometry,20.0,Aries,May,sun,0.985,1,0.6087
oral,145.0,Leo,Sep,sun,0.956,1,0.75
orange county (ca),260.0,Sagittarius,Jan,sun,0.884,1,0.6667
oregon,140.0,Leo,Sep,sun,0.918,1,0.7222
organic,135.0,Leo,Sep,sun,0.797,1,0.625
organization,265.0,Sagittarius,Jan,sun,0.876,1,0.65
organizations,135.0,Leo,Sep,sun,0.838,1,0.65
organized crime,355.0,Pisces,Apr,sun,0.92,1,0.6087
orissa,320.0,Aquarius,Mar,sun,0.809,1,0.4444
osaka,260.0,Sagittarius,Jan,sun,0.891,1,0.6316
oslo,310.0,Aquarius,Mar,sun,0.93,1,0.2222
ottawa-gatineau,200.0,Libra,Nov,sun,1.0,1,
outdoor furniture,320.0,Aquarius,Mar,sun,0.754,1,0.9048
outdoor markets,200.0,Libra,Nov,sun,1.0,1,0.0
outdoor toys,290.0,Capricorn,Feb,sun,0.816,1,0.5217
outdoors,195.0,Libra,Nov,sun,0.916,1,0.55
outerwear,115.0,Cancer,Aug,sun,0.911,1,0.4545
outfit inspiration,110.0,Cancer,Aug,sun,0.954,1,0.375
outlet stores,165.0,Virgo,Oct,sun,0.759,1,0.2381
outsourcing,140.0,Leo,Sep,sun,0.858,1,0.5238
ovens,355.0,Pisces,Apr,sun,1.0,1,0.6087
overijssel,200.0,Libra,Nov,sun,0.987,1,0.7619
pacific coast (mexico),305.0,Aquarius,Feb,venus,0.47,1,0.5
pacific islanders,20.0,Aries,May,sun,1.0,1,
pacific islands,290.0,Capricorn,Feb,sun,0.955,1,0.6364
pacific northwest,135.0,Leo,Sep,sun,0.905,1,0.5455
package delivery,230.0,Scorpio,Dec,sun,0.995,1,0.5
packaging,195.0,Libra,Nov,sun,0.877,1,0.45
pagan,225.0,Scorpio,Dec,sun,0.866,1,0.9
pain management,130.0,Leo,Sep,sun,0.954,1,0.5652
paintball,330.0,Pisces,Mar,sun,0.985,1,1.0
painting,275.0,Capricorn,Jan,sun,0.852,1,0.5
pakistan,110.0,Cancer,Aug,sun,0.975,1,0.5714
paleontology,265.0,Sagittarius,Jan,sun,0.959,1,0.6364
palermo,135.0,Leo,Sep,sun,0.869,1,0.5
palestine,200.0,Libra,Nov,sun,0.998,1,0.45
pamukkale,75.0,Gemini,Jul,sun,0.964,1,0.4783
panama,50.0,Taurus,Jun,sun,0.843,1,0.8182
pants,245.0,Sagittarius,Jan,sun,0.68,1,0.4
papua new guinea,20.0,Aries,May,sun,0.853,1,0.6471
para,265.0,Sagittarius,Jan,sun,0.935,1,0.4762
paraguay,45.0,Taurus,Jun,sun,0.892,1,0.6667
paraiba,260.0,Sagittarius,Jan,sun,0.93,1,0.6
parana,350.0,Pisces,Apr,sun,0.894,1,0.4091
paranormal,165.0,Virgo,Oct,sun,0.823,1,0.7778
parasites,265.0,Sagittarius,Jan,sun,0.947,1,0.7
parasitic diseases,75.0,Gemini,Jul,sun,0.554,1,0.5217
parenting,195.0,Libra,Nov,sun,0.892,1,0.5
paris,170.0,Virgo,Oct,sun,0.995,1,0.4444
parking,175.0,Virgo,Oct,sun,0.885,1,0.6957
party,230.0,Scorpio,Dec,sun,0.802,1,0.2727
party games,215.0,Scorpio,Dec,sun,0.819,1,0.65
pasta,185.0,Libra,Nov,sun,0.994,1,0.4091
patio,345.0,Pisces,Apr,sun,0.789,1,0.8
pattaya,255.0,Sagittarius,Jan,sun,0.858,1,0.5882
payment systems,290.0,Capricorn,Feb,sun,0.973,1,0.35
payroll services,265.0,Sagittarius,Jan,sun,0.798,1,0.5714
pays de la loire,135.0,Leo,Sep,sun,0.88,1,0.65
pdas,295.0,Capricorn,Feb,sun,0.829,1,0.6522
pediatrics,165.0,Virgo,Oct,sun,0.858,1,0.5
pedicures,310.0,Aquarius,Mar,sun,0.845,1,0.6471
penang,275.0,Capricorn,Jan,sun,0.792,1,0.6111
pennsylvania,265.0,Sagittarius,Jan,sun,0.987,1,0.5
pensacola,20.0,Aries,May,sun,0.992,1,0.6
pension,270.0,Capricorn,Jan,sun,0.9,1,0.6667
people,190.0,Libra,Nov,sun,0.971,1,0.5714
people search,60.0,Taurus,Jun,sun,1.0,1,0.4762
percussion,130.0,Leo,Sep,sun,0.837,1,0.6818
performance vehicles,290.0,Capricorn,Feb,sun,0.899,1,0.4286
performance-enhancing drugs,0.0,Aries,Apr,sun,1.0,1,0.5
performing arts,320.0,Aquarius,Mar,sun,0.978,1,0.6
perfumes,330.0,Pisces,Mar,sun,0.855,1,0.5217
pernambuco,270.0,Capricorn,Jan,sun,0.856,1,0.7826
personal aircraft,80.0,Gemini,Jul,sun,0.96,1,0.4737
personal injury law,95.0,Cancer,Aug,sun,1.0,1,0.5294
personal listings,160.0,Virgo,Oct,sun,1.0,1,
personal loans,25.0,Aries,May,sun,1.0,1,0.5
personal sites,165.0,Virgo,Oct,sun,0.823,1,0.4667
personal training,265.0,Sagittarius,Jan,sun,0.911,1,0.5714
personalized items,175.0,Virgo,Oct,sun,0.892,1,0.5
personals,20.0,Aries,May,sun,0.982,1,0.5294
perth,165.0,Virgo,Oct,sun,0.856,1,0.5714
peru,50.0,Taurus,Jun,sun,0.843,1,0.8
pest control,320.0,Aquarius,Mar,sun,0.854,1,0.5556
pet food,260.0,Sagittarius,Jan,sun,0.982,1,0.381
pet names,265.0,Sagittarius,Jan,sun,0.967,1,0.6667
pets,50.0,Taurus,Jun,sun,0.909,1,0.4
peugeot,265.0,Sagittarius,Jan,sun,0.934,1,0.7059
pharmaceuticals,265.0,Sagittarius,Jan,sun,0.922,1,0.5909
pharmacy,265.0,Sagittarius,Jan,sun,0.851,1,0.375
philadelphia,145.0,Leo,Sep,sun,0.956,1,0.5
philanthropy,335.0,Pisces,Mar,sun,0.768,1,0.7826
philippines,20.0,Aries,May,sun,0.856,1,0.75
philosophy,135.0,Leo,Sep,sun,0.895,1,0.5714
phoenix,265.0,Sagittarius,Jan,sun,0.915,1,0.5
phone service providers,270.0,Capricorn,Jan,sun,0.726,1,0.7273
photo,100.0,Cancer,Aug,sun,0.941,1,0.6111
photo equipment,135.0,Leo,Sep,sun,0.65,1,0.7778
photo printing services,20.0,Aries,May,sun,0.883,1,
photo rating sites,20.0,Aries,May,sun,1.0,1,0.0
photo software,255.0,Sagittarius,Jan,sun,0.993,1,0.5238
photographic,265.0,Sagittarius,Jan,sun,0.903,1,0.6316
phuket,260.0,Sagittarius,Jan,sun,0.91,1,0.8
physical disability,120.0,Cancer,Aug,sun,0.916,1,0.4286
physical therapy,270.0,Capricorn,Jan,sun,0.847,1,0.6111
physics,135.0,Leo,Sep,sun,0.834,1,0.6667
pianos,140.0,Leo,Sep,sun,0.934,1,0.4348
piaui,260.0,Sagittarius,Jan,sun,0.994,1,0.5714
picardy,55.0,Taurus,Jun,sun,0.994,1,0.381
pickleball,265.0,Sagittarius,Jan,sun,0.898,1,0.6522
pickup trucks,65.0,Gemini,Jun,sun,0.963,1,0.381
piedmont,285.0,Capricorn,Feb,sun,0.889,1,0.4706
piedmont triad,20.0,Aries,May,sun,0.888,1,0.75
pigments,205.0,Libra,Nov,sun,0.908,1,0.619
pilates,260.0,Sagittarius,Jan,sun,0.894,1,0.6818
pittsburgh,125.0,Leo,Sep,sun,0.835,1,0.5909
pizzerias,50.0,Taurus,Jun,sun,0.846,1,0.5217
places of worship,115.0,Cancer,Aug,sun,0.897,1,0.4545
planning,135.0,Leo,Sep,sun,0.866,1,0.6522
plasma tvs,200.0,Libra,Nov,sun,0.742,1,0.5385
plastics,260.0,Sagittarius,Jan,sun,0.987,1,0.5652
platform games,105.0,Cancer,Aug,sun,0.993,1,0.6818
play equipment,20.0,Aries,May,sun,0.962,1,0.5
playroom,195.0,Libra,Nov,sun,0.921,1,0.4545
plug-in vehicles,165.0,Virgo,Oct,sun,1.0,1,
plumbing,265.0,Sagittarius,Jan,sun,0.887,1,0.619
plumbing fixtures,135.0,Leo,Sep,sun,0.953,1,0.6087
podcasts,260.0,Sagittarius,Jan,sun,0.987,1,0.7143
poetry,135.0,Leo,Sep,sun,0.847,1,0.6
poisoning,140.0,Leo,Sep,sun,0.986,1,0.5652
poitou-charentes,115.0,Cancer,Aug,sun,0.854,1,0.5
poland,30.0,Aries,May,sun,0.8,1,0.6111
polar regions,80.0,Gemini,Jul,sun,0.782,1,0.7391
policy,265.0,Sagittarius,Jan,sun,0.888,1,0.4783
political humor,315.0,Aquarius,Mar,sun,0.99,1,0.3571
political polls,160.0,Virgo,Oct,sun,0.777,1,0.4783
political science,125.0,Leo,Sep,sun,0.859,1,0.5417
politics,140.0,Leo,Sep,sun,0.891,1,0.625
politics (left),260.0,Sagittarius,Jan,sun,0.895,1,0.6818
politics (right),265.0,Sagittarius,Jan,sun,0.82,1,0.5
polymers,200.0,Libra,Nov,sun,0.903,1,0.5909
polynesia,265.0,Sagittarius,Jan,sun,0.98,1,0.6667
pontiac,265.0,Sagittarius,Jan,sun,0.816,1,0.3333
pop music,90.0,Cancer,Jul,sun,0.967,1,0.4444
pork,230.0,Scorpio,Dec,sun,0.906,1,0.6923
porsche,260.0,Sagittarius,Jan,sun,0.975,1,0.5294
portable electronics,20.0,Aries,May,sun,0.84,1,0.5789
portable media players,190.0,Libra,Nov,sun,0.706,1,
portfolio management,145.0,Leo,Sep,sun,0.969,1,0.6957
portfolios,15.0,Aries,May,sun,0.994,1,0.4286
portland (or),0.0,Aries,Apr,sun,0.924,1,0.5263
porto,295.0,Capricorn,Feb,sun,0.879,1,0.5625
porto alegre,320.0,Aquarius,Mar,sun,0.993,1,0.619
portugal,35.0,Taurus,May,sun,0.865,1,0.7826
pottery,265.0,Sagittarius,Jan,sun,0.854,1,0.6818
potty training,260.0,Sagittarius,Jan,sun,0.922,1,0.6364
poultry,265.0,Sagittarius,Jan,sun,0.897,1,0.7083
poverty,140.0,Leo,Sep,sun,0.764,1,0.4583
power supplies,260.0,Sagittarius,Jan,sun,0.965,1,0.7273
power tools,270.0,Capricorn,Jan,sun,0.845,1,0.6087
prague,175.0,Virgo,Oct,sun,0.972,1,0.5789
prank videos,170.0,Virgo,Oct,sun,0.982,1,0.55
precious metals,320.0,Aquarius,Mar,sun,0.99,1,0.4286
pregnancy,260.0,Sagittarius,Jan,sun,0.889,1,0.6818
preschool,125.0,Leo,Sep,sun,0.804,1,0.8636
presentation software,130.0,Leo,Sep,sun,0.939,1,0.8182
presentations,140.0,Leo,Sep,sun,0.867,1,0.5
preserves,50.0,Taurus,Jun,sun,0.724,1,0.75
previews,270.0,Capricorn,Jan,sun,0.821,1,0.5714
price comparisons,330.0,Pisces,Mar,sun,0.89,1,0.2857
primary,145.0,Leo,Sep,sun,0.911,1,0.5238
prince edward island,260.0,Sagittarius,Jan,sun,0.943,1,0.6111
printers,265.0,Sagittarius,Jan,sun,0.805,1,0.3913
printing,265.0,Sagittarius,Jan,sun,0.822,1,0.7143
printing services,120.0,Cancer,Aug,sun,0.991,1,0.381
prisons,185.0,Libra,Nov,sun,0.901,1,0.5455
privacy issues,345.0,Pisces,Apr,sun,0.984,1,0.3636
private tutoring services,130.0,Leo,Sep,sun,1.0,1,
processing equipment,65.0,Gemini,Jun,sun,1.0,1,0.3182
processors,80.0,Gemini,Jul,sun,0.911,1,0.4091
procurement,265.0,Sagittarius,Jan,sun,0.859,1,0.7391
product design,265.0,Sagittarius,Jan,sun,0.895,1,0.5
product liability,120.0,Cancer,Aug,sun,0.928,1,0.4348
product reviews,75.0,Gemini,Jul,sun,0.894,1,0.7222
productivity software,200.0,Libra,Nov,sun,0.995,1,0.5909
professional,260.0,Sagittarius,Jan,sun,0.991,1,0.6842
professional wrestling,285.0,Capricorn,Feb,sun,0.818,1,0.4545
programming,130.0,Leo,Sep,sun,0.84,1,0.8095
programs,260.0,Sagittarius,Jan,sun,0.938,1,0.7143
progressive,145.0,Leo,Sep,sun,0.872,1,0.7647
project management,145.0,Leo,Sep,sun,0.818,1,0.7083
project management software,130.0,Leo,Sep,sun,0.844,1,0.6667
projection tvs,290.0,Capricorn,Feb,sun,1.0,1,0.0
projectors,75.0,Gemini,Jul,sun,0.968,1,0.6364
promotional giveaways,230.0,Scorpio,Dec,sun,0.937,1,
promotional products,265.0,Sagittarius,Jan,sun,0.943,1,0.4348
property development,260.0,Sagittarius,Jan,sun,0.892,1,0.4
property inspections,290.0,Capricorn,Feb,sun,1.0,1,0.5
property management,260.0,Sagittarius,Jan,sun,0.903,1,0.7778
protection,260.0,Sagittarius,Jan,sun,0.819,1,0.5333
protective gear,165.0,Virgo,Oct,sun,0.969,1,0.3333
protocols,275.0,Capricorn,Jan,sun,0.877,1,0.3913
provence-alpes-cote d'azur,165.0,Virgo,Oct,sun,1.0,1,
providence,260.0,Sagittarius,Jan,sun,0.978,1,0.4375
proxying,340.0,Pisces,Apr,sun,0.628,1,0.6667
psychology,135.0,Leo,Sep,sun,0.834,1,0.7895
public finance,310.0,Aquarius,Mar,sun,0.818,1,0.5
public health,265.0,Sagittarius,Jan,sun,0.914,1,0.9091
public policy,200.0,Libra,Nov,sun,0.83,1,0.5238
public records,320.0,Aquarius,Mar,sun,0.993,1,0.6957
public relations,265.0,Sagittarius,Jan,sun,0.905,1,0.3158
public safety,275.0,Capricorn,Jan,sun,0.984,1,0.6087
public sector jobs,310.0,Aquarius,Mar,sun,0.904,1,0.6154
public speaking,270.0,Capricorn,Jan,sun,0.803,1,0.7727
publications,55.0,Taurus,Jun,sun,0.996,1,0.4583
publishing,270.0,Capricorn,Jan,sun,0.776,1,0.5652
puebla,270.0,Capricorn,Jan,sun,0.861,1,0.6957
puerto rico,210.0,Scorpio,Nov,sun,0.993,1,0.25
puerto vallarta,260.0,Sagittarius,Jan,sun,0.972,1,0.6818
puglia,85.0,Gemini,Jul,sun,0.802,1,0.5
pune,115.0,Cancer,Aug,sun,0.935,1,0.6087
punjab (india),245.0,Sagittarius,Jan,sun,0.902,1,0.6957
punk (music),235.0,Scorpio,Dec,sun,0.909,1,
puppets,45.0,Taurus,Jun,sun,0.784,1,0.625
purifiers,90.0,Cancer,Jul,sun,0.883,1,0.8462
purses,230.0,Scorpio,Dec,sun,0.915,1,0.1176
puzzles,175.0,Virgo,Oct,sun,0.938,1,0.35
qatar,320.0,Aquarius,Mar,sun,0.887,1,0.2
qinghai,10.0,Aries,May,sun,0.995,1,0.8333
quality control,295.0,Capricorn,Feb,sun,0.982,1,0.5556
quebec,75.0,Gemini,Jul,sun,0.852,1,0.7273
quebec city,70.0,Gemini,Jul,sun,0.815,1,0.6111
queensland,25.0,Aries,May,sun,0.929,1,0.6471
quick tips,255.0,Sagittarius,Jan,sun,0.718,1,0.5
quintana roo,270.0,Capricorn,Jan,sun,0.818,1,0.7273
quito,210.0,Scorpio,Nov,sun,0.819,1,0.5455
quotations,200.0,Libra,Nov,sun,0.862,1,0.7826
r,190.0,Libra,Nov,sun,0.818,1,0.5
rabbits,195.0,Libra,Nov,sun,0.924,1,0.6875
racing games,220.0,Scorpio,Dec,sun,0.837,1,0.4706
racketball,255.0,Sagittarius,Jan,sun,0.938,1,0.7
racquet sports,325.0,Aquarius,Mar,sun,0.646,1,0.4118
radio,135.0,Leo,Sep,sun,0.975,1,0.65
radio control,215.0,Scorpio,Dec,sun,0.787,1,0.9091
radio equipment,100.0,Cancer,Aug,sun,0.969,1,0.65
rail,260.0,Sagittarius,Jan,sun,0.943,1,0.6818
rail freight,190.0,Libra,Nov,sun,0.979,1,0.5238
railroads,260.0,Sagittarius,Jan,sun,0.87,1,0.3684
rajasthan,355.0,Pisces,Apr,sun,0.723,1,0.5833
raleigh-durham,345.0,Pisces,Apr,sun,0.873,1,0.375
ram trucks,165.0,Virgo,Oct,sun,0.849,1,0.381
ranches,170.0,Virgo,Oct,sun,0.984,1,0.4444
ranges,285.0,Capricorn,Feb,sun,1.0,1,0.5238
rap,180.0,Libra,Oct,sun,0.833,1,0.5789
razors,315.0,Aquarius,Mar,sun,0.872,1,0.25
rc aircraft,245.0,Sagittarius,Jan,sun,0.995,1,0.4
real estate,265.0,Sagittarius,Jan,sun,0.754,1,0.5217
real estate agencies,350.0,Pisces,Apr,sun,1.0,1,0.0
real estate investment trusts,345.0,Pisces,Apr,sun,1.0,1,0.6429
real estate law,260.0,Sagittarius,Jan,sun,0.968,1,0.5652
real estate listings,265.0,Sagittarius,Jan,sun,0.89,1,0.6087
real estate services,320.0,Aquarius,Mar,sun,0.912,1,0.6667
real estate title,280.0,Capricorn,Feb,sun,0.959,1,0.6667
recife,265.0,Sagittarius,Jan,sun,0.933,1,0.7222
recipe videos,320.0,Aquarius,Mar,sun,0.88,1,0.6111
recipes,260.0,Sagittarius,Jan,sun,0.99,1,0.6667
record labels,110.0,Cancer,Aug,sun,0.866,1,0.6364
recorders,225.0,Scorpio,Dec,sun,0.957,1,0.5556
recording industry,115.0,Cancer,Aug,sun,0.963,1,0.4348
recovery,75.0,Gemini,Jul,sun,0.91,1,0.4
recreational aviation,20.0,Aries,May,sun,0.998,1,
recruitment,265.0,Sagittarius,Jan,sun,0.824,1,0.7083
recycling,135.0,Leo,Sep,sun,0.797,1,0.7727
reference,135.0,Leo,Sep,sun,0.819,1,0.6364
reference tools,320.0,Aquarius,Mar,sun,0.99,1,0.5
refrigerators,260.0,Sagittarius,Jan,sun,0.844,1,0.6364
reggae,305.0,Aquarius,Feb,sun,0.801,1,0.6364
reggaeton,45.0,Taurus,Jun,sun,0.995,1,0.65
regional mexican music,200.0,Libra,Nov,sun,0.838,1,0.4545
regional parks,320.0,Aquarius,Mar,sun,1.0,1,
regional planning,140.0,Leo,Sep,sun,0.874,1,0.4167
registration,80.0,Gemini,Jul,sun,0.754,1,0.7273
relationships,275.0,Capricorn,Jan,sun,0.932,1,0.6667
religion,120.0,Cancer,Aug,sun,1.0,1,0.9231
religious music,220.0,Scorpio,Dec,sun,0.818,1,0.5652
religious study,185.0,Libra,Nov,sun,0.824,1,0.5
religious travel,350.0,Pisces,Apr,sun,0.919,1,0.4375
relocation,270.0,Capricorn,Jan,sun,0.834,1,0.5714
remote access,260.0,Sagittarius,Jan,sun,0.982,1,0.4545
renault,265.0,Sagittarius,Jan,sun,0.929,1,0.7273
renewable,135.0,Leo,Sep,sun,0.864,1,0.2609
rennes,110.0,Cancer,Aug,sun,0.832,1,0.7083
repair,335.0,Pisces,Mar,sun,0.891,1,0.5
replacement,260.0,Sagittarius,Jan,sun,0.983,1,0.4762
repossession,50.0,Taurus,Jun,sun,0.953,1,0.55
reproductive health,15.0,Aries,May,sun,0.956,1,0.5217
reproductive rights,25.0,Aries,May,sun,0.944,1,0.4118
reptiles,270.0,Capricorn,Jan,sun,0.869,1,0.6
resale,260.0,Sagittarius,Jan,sun,0.9,1,0.5217
reservations,270.0,Capricorn,Jan,sun,0.898,1,0.2857
residential rentals,0.0,Aries,Apr,sun,1.0,1,0.4615
residential sales,320.0,Aquarius,Mar,sun,0.741,1,0.5455
resources,265.0,Sagittarius,Jan,sun,0.843,1,0.5417
respiratory conditions,135.0,Leo,Sep,sun,0.729,1,0.5217
restaurant delivery services,45.0,Taurus,Jun,sun,1.0,1,
restaurant reviews,105.0,Cancer,Aug,sun,0.954,1,0.7143
restaurant supply,220.0,Scorpio,Dec,sun,0.99,1,0.4737
restaurants,260.0,Sagittarius,Jan,sun,0.88,1,0.6364
resumes,30.0,Aries,May,sun,0.969,1,0.619
retail equipment,15.0,Aries,May,mercury,0.41,1,0.5
retail jobs,200.0,Libra,Nov,sun,0.873,1,0.5652
retail trade,225.0,Scorpio,Dec,sun,0.53,1,0.6087
retailers,320.0,Aquarius,Mar,sun,0.856,1,0.6522
retirement,195.0,Libra,Nov,sun,0.779,1,0.6087
reunion,175.0,Virgo,Oct,sun,1.0,1,0.65
reunions,25.0,Aries,May,sun,0.965,1,0.4
reviews,55.0,Taurus,Jun,sun,0.995,1,0.65
rhineland-palatinate,160.0,Virgo,Oct,sun,0.854,1,
rhode island,270.0,Capricorn,Jan,sun,0.947,1,0.5455
rhone-alpes,225.0,Scorpio,Dec,sun,1.0,1,
richmond-petersburg,225.0,Scorpio,Dec,sun,1.0,1,1.0
ride-on toys,50.0,Taurus,Jun,sun,0.969,1,0.25
rings,230.0,Scorpio,Dec,sun,0.967,1,0.25
ringtones,85.0,Gemini,Jul,sun,0.838,1,0.5
rio de janeiro,275.0,Capricorn,Jan,sun,0.875,1,0.6154
rio grande do norte,260.0,Sagittarius,Jan,sun,0.964,1,0.9286
rio grande do sul,135.0,Leo,Sep,sun,0.934,1,0.7333
risk management,135.0,Leo,Sep,sun,0.797,1,0.4091
rivers,350.0,Pisces,Apr,sun,0.93,1,0.375
riviera maya,265.0,Sagittarius,Jan,sun,0.857,1,0.5
riyadh,330.0,Pisces,Mar,sun,0.918,1,0.4583
road bikes,320.0,Aquarius,Mar,sun,0.821,1,0.7273
roadside assistance,65.0,Gemini,Jun,sun,0.775,1,0.4286
robotics,265.0,Sagittarius,Jan,sun,0.816,1,0.5909
rochester-finger lakes,230.0,Scorpio,Dec,sun,1.0,1,
rock music,310.0,Aquarius,Mar,sun,0.859,1,0.875
rocky mountains,260.0,Sagittarius,Jan,sun,0.852,1,0.5909
rodents,55.0,Taurus,Jun,sun,0.995,1,0.5
roleplaying games,15.0,Aries,May,sun,0.911,1,0.4783
roller skating,255.0,Sagittarius,Jan,sun,0.83,1,0.7778
rollerblading,325.0,Aquarius,Mar,sun,0.833,1,0.7143
rollerblading equipment,100.0,Cancer,Aug,sun,1.0,1,
rolls-royce,260.0,Sagittarius,Jan,sun,0.982,1,0.5714
romance,210.0,Scorpio,Nov,sun,0.79,1,0.6
romance books,70.0,Gemini,Jul,sun,0.863,1,0.5
romance films,105.0,Cancer,Aug,sun,0.995,1,0.6316
romania,145.0,Leo,Sep,sun,0.886,1,0.5714
romantic getaways,140.0,Leo,Sep,sun,1.0,1,0.3636
rome,15.0,Aries,May,sun,0.99,1,0.8824
rondonia,355.0,Pisces,Apr,sun,0.927,1,0.7273
roofing,280.0,Capricorn,Feb,sun,0.776,1,0.5909
roommates,105.0,Cancer,Aug,sun,0.885,1,0.5385
rotterdam,285.0,Capricorn,Feb,sun,0.807,1,0.6111
royalty,85.0,Gemini,Jul,sun,0.991,1,0.5417
rugby,295.0,Capricorn,Feb,sun,0.849,1,0.625
rugs,260.0,Sagittarius,Jan,sun,0.849,1,0.6364
running,335.0,Pisces,Mar,sun,0.965,1,0.6667
russia,30.0,Aries,May,sun,0.99,1,0.7778
russian federation,20.0,Aries,May,sun,0.999,1,0.75
russian southern district,0.0,Aries,Apr,sun,1.0,1,0.5
rvs,60.0,Taurus,Jun,sun,0.974,1,0.3571
rwanda,145.0,Leo,Sep,sun,0.924,1,0.4167
saab,260.0,Sagittarius,Jan,sun,0.972,1,0.6111
saarland,305.0,Aquarius,Feb,sun,0.896,1,0.4706
sacramento valley,195.0,Libra,Nov,sun,0.994,1,0.7619
safety,265.0,Sagittarius,Jan,sun,0.84,1,0.5
saga,180.0,Libra,Oct,sun,0.99,1,0.4348
saint kitts,45.0,Taurus,Jun,sun,0.985,1,0.625
saint lucia,220.0,Scorpio,Dec,sun,0.989,1,0.6667
saint petersburg,230.0,Scorpio,Dec,sun,0.994,1,0.3333
saint vincent,200.0,Libra,Nov,sun,0.955,1,0.5455
saitama,235.0,Scorpio,Dec,sun,0.987,1,0.5217
salads,245.0,Sagittarius,Jan,sun,0.963,1,0.2
salerno,260.0,Sagittarius,Jan,sun,0.96,1,0.375
sales,115.0,Cancer,Aug,sun,0.985,1,0.3636
salsa,45.0,Taurus,Jun,sun,0.888,1,0.6316
salt lake city,265.0,Sagittarius,Jan,sun,0.901,1,0.6875
salvador,275.0,Capricorn,Jan,sun,0.808,1,0.8636
salzburg,95.0,Cancer,Aug,sun,0.855,1,0.5
same-sex marriage,355.0,Pisces,Apr,sun,0.993,1,0.7059
samples,265.0,Sagittarius,Jan,sun,0.998,1,0.6
san antonio,345.0,Pisces,Apr,sun,0.864,1,0.6667
san diego,75.0,Gemini,Jul,sun,0.862,1,0.8235
san francisco bay area,325.0,Aquarius,Mar,sun,0.909,1,0.4706
san joaquin valley,280.0,Capricorn,Feb,sun,0.691,1,0.4348
san marino,135.0,Leo,Sep,sun,0.834,1,0.6667
sandbox games,55.0,Taurus,Jun,sun,0.797,1,0.75
santa catarina,260.0,Sagittarius,Jan,sun,0.898,1,0.6667
santiago,5.0,Aries,Apr,sun,0.925,1,0.7333
sao paulo,80.0,Gemini,Jul,sun,0.844,1,0.5417
sao paulo (state),320.0,Aquarius,Mar,sun,0.8,1,0.5556
sapporo,260.0,Sagittarius,Jan,sun,0.794,1,0.4737
sardinia,340.0,Pisces,Apr,sun,0.781,1,0.9412
saskatchewan,60.0,Taurus,Jun,sun,0.895,1,0.5455
satellite providers,260.0,Sagittarius,Jan,sun,1.0,1,0.6667
satire,125.0,Leo,Sep,sun,0.863,1,0.7895
saturn,70.0,Gemini,Jul,sun,0.907,1,0.4783
saudi arabia,325.0,Aquarius,Mar,sun,1.0,1,0.7143
saunas,260.0,Sagittarius,Jan,sun,1.0,1,0.4444
savannah,265.0,Sagittarius,Jan,sun,0.849,1,0.4211
savings accounts,260.0,Sagittarius,Jan,sun,0.848,1,0.5909
saxony,275.0,Capricorn,Jan,sun,0.854,1,0.4286
scandals,95.0,Cancer,Aug,sun,0.95,1,
scanners,165.0,Virgo,Oct,sun,0.991,1,0.4545
scheduling software,140.0,Leo,Sep,sun,0.981,1,0.5417
schleswig-holstein,130.0,Leo,Sep,sun,0.938,1,0.6667
scholarships,260.0,Sagittarius,Jan,sun,0.885,1,0.75
school supplies,50.0,Taurus,Jun,sun,0.784,1,0.75
science,270.0,Capricorn,Jan,sun,0.842,1,0.5714
science fiction,260.0,Sagittarius,Jan,sun,0.918,1,0.4762
science shows,265.0,Sagittarius,Jan,sun,0.889,1,0.6087
scientific equipment,350.0,Pisces,Apr,sun,0.774,1,0.5
scientific institutions,20.0,Aries,May,sun,1.0,1,0.5
scientology,260.0,Sagittarius,Jan,sun,0.956,1,0.5
scion,280.0,Capricorn,Feb,sun,0.728,1,0.75
scooter,355.0,Pisces,Apr,sun,0.832,1,0.6
scooters,355.0,Pisces,Apr,sun,0.815,1,0.75
scotland,35.0,Taurus,May,sun,0.855,1,0.8333
screens,260.0,Sagittarius,Jan,sun,0.981,1,0.5238
screws,345.0,Pisces,Apr,sun,0.986,1,0.625
scripting languages,190.0,Libra,Nov,sun,0.99,1,0.5789
sculpture,265.0,Sagittarius,Jan,sun,0.745,1,0.5263
seafood,75.0,Gemini,Jul,sun,0.742,1,0.5
seafood substitutes,100.0,Cancer,Aug,sun,1.0,1,
search engine optimization,45.0,Taurus,Jun,sun,0.895,1,0.5714
search engines,75.0,Gemini,Jul,sun,0.861,1,0.5
seasonal events,55.0,Taurus,Jun,sun,0.608,1,0.4286
seasonal jobs,145.0,Leo,Sep,sun,0.685,1,0.6522
seat,265.0,Sagittarius,Jan,sun,0.885,1,0.5789
seattle-tacoma,230.0,Scorpio,Dec,sun,1.0,1,1.0
secondary schooling (k-12),170.0,Virgo,Oct,sun,0.725,1,
security,265.0,Sagittarius,Jan,sun,0.971,1,0.5455
security products,140.0,Leo,Sep,sun,0.995,1,0.3478
security services,135.0,Leo,Sep,sun,0.993,1,0.65
security systems,150.0,Virgo,Sep,sun,0.992,1,0.5556
sedans,270.0,Capricorn,Jan,sun,0.996,1,0.5714
seed,325.0,Aquarius,Mar,sun,0.75,1,0.55
self storage,250.0,Sagittarius,Jan,sun,0.994,1,0.4737
self-help,310.0,Aquarius,Mar,sun,0.975,1,0.5417
sendai,310.0,Aquarius,Mar,sun,0.568,1,0.25
senegal,35.0,Taurus,May,sun,0.998,1,0.6667
seniors,280.0,Capricorn,Feb,sun,0.871,1,0.6842
seoul,260.0,Sagittarius,Jan,sun,0.997,1,0.65
separation,130.0,Leo,Sep,sun,0.995,1,0.5625
serbia,25.0,Aries,May,sun,0.939,1,0.625
sergipe,260.0,Sagittarius,Jan,sun,0.864,1,0.5652
service clubs,170.0,Virgo,Oct,mercury,0.47,1,0.2
service contracts,140.0,Leo,Sep,sun,0.507,1,0.55
service providers,230.0,Scorpio,Dec,sun,0.792,1,0.5714
services,130.0,Leo,Sep,sun,0.766,1,0.45
set-top boxes,20.0,Aries,May,sun,1.0,1,
seville,295.0,Capricorn,Feb,sun,0.794,1,0.6364
sex education,260.0,Sagittarius,Jan,sun,1.0,1,0.5
sexual enhancement,40.0,Taurus,Jun,sun,0.926,1,0.4091
sexually transmitted diseases,305.0,Aquarius,Feb,sun,0.888,1,0.3
shaanxi,260.0,Sagittarius,Jan,sun,0.982,1,0.3333
shakes,285.0,Capricorn,Feb,sun,0.892,1,0.8889
shampoos,265.0,Sagittarius,Jan,sun,0.917,1,0.8
shandong,165.0,Virgo,Oct,sun,0.915,1,0.3333
shanghai,165.0,Virgo,Oct,sun,0.9,1,0.8
shanxi,100.0,Cancer,Aug,sun,0.988,1,0.6154
shares,80.0,Gemini,Jul,sun,0.937,1,0.75
shareware,165.0,Virgo,Oct,sun,0.854,1,0.375
shavers,115.0,Cancer,Aug,sun,0.979,1,0.5455
sheet music,200.0,Libra,Nov,sun,0.855,1,0.8
sheffield,95.0,Cancer,Aug,sun,0.899,1,0.6316
shelving,260.0,Sagittarius,Jan,sun,0.929,1,0.35
shenyang,245.0,Sagittarius,Jan,sun,0.646,1,0.3636
shenzhen,260.0,Sagittarius,Jan,sun,0.91,1,0.5
shiga,60.0,Taurus,Jun,sun,0.99,1,0.4615
shikoku,260.0,Sagittarius,Jan,sun,0.985,1,0.45
shimane,0.0,Aries,Apr,sun,0.98,1,0.4286
shipping,320.0,Aquarius,Mar,sun,0.947,1,0.55
shirts,345.0,Pisces,Apr,sun,0.786,1,0.5714
shizuoka,15.0,Aries,May,sun,0.958,1,0.5333
shooter games,225.0,Scorpio,Dec,sun,0.787,1,0.5714
shooting,10.0,Aries,May,sun,0.98,1,0.6818
shopping,70.0,Gemini,Jul,sun,0.905,1,0.5217
shopping hauls,60.0,Taurus,Jun,sun,0.709,1,0.6667
shopping portals,265.0,Sagittarius,Jan,sun,0.807,1,
short-term loans,0.0,Aries,Apr,sun,1.0,1,0.5
shorts,50.0,Taurus,Jun,sun,0.838,1,0.4348
show tunes,255.0,Sagittarius,Jan,sun,0.987,1,0.5556
siberian federal district,350.0,Pisces,Apr,sun,1.0,1,
sichuan,260.0,Sagittarius,Jan,sun,0.988,1,0.4286
sicily,265.0,Sagittarius,Jan,sun,0.808,1,0.4583
sightseeing tours,50.0,Taurus,Jun,sun,0.982,1,0.5238
signage,265.0,Sagittarius,Jan,sun,0.838,1,0.4783
silent films,290.0,Capricorn,Feb,sun,0.777,1,0.55
silicon valley,270.0,Capricorn,Jan,sun,0.952,1,0.7273
silly surveys,225.0,Scorpio,Dec,sun,1.0,1,
simulation games,350.0,Pisces,Apr,sun,0.93,1,0.55
sinaloa,260.0,Sagittarius,Jan,sun,0.944,1,0.5556
singapore,70.0,Gemini,Jul,sun,0.904,1,0.5
skateboarding,50.0,Taurus,Jun,sun,0.928,1,0.5
skeptics,80.0,Gemini,Jul,sun,0.945,1,0.8889
ski resorts,165.0,Virgo,Oct,sun,0.714,1,0.875
skiing,185.0,Libra,Nov,sun,0.727,1,0.9412
skiing equipment,220.0,Scorpio,Dec,sun,0.574,1,0.6154
skin,60.0,Taurus,Jun,sun,0.846,1,0.5417
skin conditions,270.0,Capricorn,Jan,sun,0.943,1,0.5217
skins,250.0,Sagittarius,Jan,sun,0.903,1,0.5625
skirts,55.0,Taurus,Jun,sun,0.953,1,0.5
skoda,140.0,Leo,Sep,sun,0.832,1,0.6818
sleep disorders,140.0,Leo,Sep,sun,0.887,1,0.7273
sleepwear,195.0,Libra,Nov,sun,0.749,1,0.4348
slovakia,20.0,Aries,May,sun,0.874,1,0.6667
slovenia,25.0,Aries,May,sun,0.898,1,0.6923
small business,265.0,Sagittarius,Jan,sun,0.897,1,0.6818
small kitchen appliances,65.0,Gemini,Jun,sun,0.964,1,0.3529
smart phones,40.0,Taurus,Jun,sun,0.973,1,0.4
smart watches,140.0,Leo,Sep,sun,0.878,1,0.5652
smoking,195.0,Libra,Nov,sun,0.913,1,0.9091
smoking cessation,280.0,Capricorn,Feb,sun,0.925,1,0.6087
snack foods,85.0,Gemini,Jul,sun,0.97,1,0.5417
snowboarding,190.0,Libra,Nov,sun,0.717,1,1.0
snowboarding gear,210.0,Scorpio,Nov,sun,0.72,1,0.8421
soccer,45.0,Taurus,Jun,sun,0.824,1,0.7273
soccer equipment,80.0,Gemini,Jul,sun,0.977,1,0.5417
social bookmarking,55.0,Taurus,Jun,sun,0.952,1,0.3333
social issues,260.0,Sagittarius,Jan,sun,0.859,1,0.5217
social media marketing,265.0,Sagittarius,Jan,sun,0.827,1,0.6522
social network apps,290.0,Capricorn,Feb,sun,0.864,1,0.5
social networks,135.0,Leo,Sep,sun,0.839,1,0.5
social sciences,135.0,Leo,Sep,sun,0.818,1,0.4348
social services,260.0,Sagittarius,Jan,sun,0.982,1,0.5455
socially responsible investing,0.0,Aries,Apr,sun,1.0,1,0.5
society,275.0,Capricorn,Jan,sun,0.814,1,0.4375
socks,195.0,Libra,Nov,sun,0.868,1,0.6818
sofas,265.0,Sagittarius,Jan,sun,0.99,1,0.7273
sofia,340.0,Pisces,Apr,sun,0.951,1,0.6667
soft drinks,345.0,Pisces,Apr,sun,0.81,1,0.6667
softball equipment,285.0,Capricorn,Feb,sun,0.979,1,0.3333
software,265.0,Sagittarius,Jan,sun,0.831,1,0.5714
software utilities,30.0,Aries,May,sun,0.778,1,0.4583
solar power,275.0,Capricorn,Jan,sun,0.913,1,0.6471
somalia,170.0,Virgo,Oct,sun,0.956,1,0.5
song lyrics,40.0,Taurus,Jun,sun,0.985,1,0.3684
sony playstation,220.0,Scorpio,Dec,sun,0.907,1,0.5238
sororities,265.0,Sagittarius,Jan,sun,0.897,1,0.5789
soul,290.0,Capricorn,Feb,sun,0.741,1,0.5714
sound,140.0,Leo,Sep,sun,0.823,1,0.55
sound libraries,205.0,Libra,Nov,sun,0.881,1,0.619
soundtracks,135.0,Leo,Sep,sun,0.833,1,0.7
soups,140.0,Leo,Sep,sun,0.907,1,0.6667
south (usa),50.0,Taurus,Jun,sun,0.999,1,0.5556
south africa,45.0,Taurus,Jun,sun,0.958,1,0.4091
south america,135.0,Leo,Sep,sun,0.975,1,0.4
south asia,320.0,Aquarius,Mar,sun,0.995,1,0.5217
south asian cuisine,50.0,Taurus,Jun,sun,0.892,1,0.1429
south asian film,135.0,Leo,Sep,sun,0.969,1,0.45
south asian music,290.0,Capricorn,Feb,sun,0.953,1,0.4545
south asians,105.0,Cancer,Aug,sun,0.991,1,0.4286
south australia,130.0,Leo,Sep,sun,0.938,1,0.6667
south brazil,50.0,Taurus,Jun,sun,0.956,1,0.6667
south carolina,265.0,Sagittarius,Jan,sun,0.885,1,0.5714
south central china,170.0,Virgo,Oct,sun,0.821,1,0.1579
south chungcheong,195.0,Libra,Nov,sun,1.0,1,
south dakota,310.0,Aquarius,Mar,sun,0.846,1,0.5909
south east england,110.0,Cancer,Aug,sun,0.98,1,0.381
south east france,260.0,Sagittarius,Jan,sun,0.888,1,0.0
south gyeongsang,165.0,Virgo,Oct,sun,1.0,1,
south holland,25.0,Aries,May,sun,0.943,1,0.5
south india,45.0,Taurus,Jun,sun,0.855,1,0.6316
south jeolla,220.0,Scorpio,Dec,sun,1.0,1,
south korea,45.0,Taurus,Jun,sun,0.977,1,0.7273
south west england,310.0,Aquarius,Mar,sun,0.863,1,0.5
south west france,345.0,Pisces,Apr,sun,0.548,1,0.4762
southeast asia,330.0,Pisces,Mar,sun,0.988,1,0.5
southeast asian cuisine,230.0,Scorpio,Dec,sun,1.0,1,
southeast asian music,105.0,Cancer,Aug,sun,1.0,1,0.6316
southeast asians,20.0,Aries,May,sun,0.736,1,0.8
southeast brazil,230.0,Scorpio,Dec,sun,1.0,1,0.5
southeast china,20.0,Aries,May,sun,0.968,1,0.5
southeastern anatolia,135.0,Leo,Sep,sun,1.0,1,
southeastern europe,325.0,Aquarius,Mar,sun,1.0,1,
southern africa,325.0,Aquarius,Mar,sun,0.919,1,0.4348
southern california,285.0,Capricorn,Feb,sun,0.999,1,0.75
southern florida,135.0,Leo,Sep,sun,0.984,1,0.5
southern thailand,225.0,Scorpio,Dec,sun,0.8,1,0.3684
southwest (usa),355.0,Pisces,Apr,sun,0.969,1,0.4286
southwest china,145.0,Leo,Sep,sun,0.97,1,0.375
southwestern ontario,170.0,Virgo,Oct,sun,0.854,1,0.5
space technology,65.0,Gemini,Jun,sun,0.938,1,0.5
spain,25.0,Aries,May,sun,0.897,1,0.6316
spanish cuisine,195.0,Libra,Nov,sun,0.997,1,0.4583
spas,310.0,Aquarius,Mar,sun,0.955,1,0.4667
speakers,50.0,Taurus,Jun,sun,0.856,1,0.5714
special,225.0,Scorpio,Dec,sun,0.927,1,0.4
special education,270.0,Capricorn,Jan,sun,0.886,1,0.625
special event items,310.0,Aquarius,Mar,sun,0.747,1,
special needs,280.0,Capricorn,Feb,sun,0.91,1,0.6923
special occasions,230.0,Scorpio,Dec,sun,0.967,1,0.7083
specialty foods,315.0,Aquarius,Mar,sun,1.0,1,
specialty travel,315.0,Aquarius,Mar,sun,1.0,1,0.5
spices,20.0,Aries,May,sun,0.929,1,0.55
spirituality,265.0,Sagittarius,Jan,sun,0.987,1,0.4286
spoofs,65.0,Gemini,Jun,sun,0.958,1,0.75
sport scores,195.0,Libra,Nov,sun,0.802,1,0.5294
sport wrestling,260.0,Sagittarius,Jan,sun,0.96,1,0.5789
sporting goods,105.0,Cancer,Aug,sun,0.935,1,0.45
sports,40.0,Taurus,Jun,sun,0.985,1,0.3913
sports cars,265.0,Sagittarius,Jan,sun,0.987,1,0.4706
sports coaching,140.0,Leo,Sep,sun,0.929,1,0.5294
sports drinks,305.0,Aquarius,Feb,sun,0.825,1,0.6087
sports games,220.0,Scorpio,Dec,sun,0.857,1,0.5
sports highlights videos,345.0,Pisces,Apr,sun,0.984,1,0.5714
sports management games,320.0,Aquarius,Mar,sun,1.0,1,0.3333
sports memorabilia,250.0,Sagittarius,Jan,sun,0.809,1,0.4545
sports news,265.0,Sagittarius,Jan,sun,0.969,1,0.4783
spreadsheet software,230.0,Scorpio,Dec,sun,0.974,1,0.5217
squash,160.0,Virgo,Oct,sun,0.752,1,0.5
sri lanka,50.0,Taurus,Jun,sun,0.864,1,0.5909
staffing,80.0,Gemini,Jul,sun,0.801,1,0.6364
standardized,145.0,Leo,Sep,sun,0.778,1,0.6667
state,135.0,Leo,Sep,sun,0.863,1,0.7647
station wagons,330.0,Pisces,Mar,sun,0.965,1,0.619
stationery,80.0,Gemini,Jul,sun,0.798,1,0.5217
stations,320.0,Aquarius,Mar,sun,0.801,1,0.5789
statistics,125.0,Leo,Sep,sun,0.927,1,0.5714
stereo systems,165.0,Virgo,Oct,sun,0.893,1,0.6364
steroids,265.0,Sagittarius,Jan,sun,0.901,1,0.5263
stews,260.0,Sagittarius,Jan,sun,0.882,1,0.25
stock photography,255.0,Sagittarius,Jan,sun,0.97,1,0.6818
stockholm,325.0,Aquarius,Mar,sun,0.969,1,0.6667
stocks,255.0,Sagittarius,Jan,sun,0.837,1,0.5652
storage,255.0,Sagittarius,Jan,sun,0.95,1,0.7727
stoves,125.0,Leo,Sep,sun,0.76,1,0.7857
strasbourg,165.0,Virgo,Oct,sun,0.864,1,0.5455
strategic planning,275.0,Capricorn,Jan,sun,0.9,1,0.3158
strategy games,240.0,Scorpio,Dec,sun,0.911,1,0.5625
street food,260.0,Sagittarius,Jan,sun,0.856,1,0.7273
strength training equipment,45.0,Taurus,Jun,sun,0.754,1,0.5
stress,135.0,Leo,Sep,sun,0.891,1,0.9231
student loans,260.0,Sagittarius,Jan,sun,0.934,1,0.5
student societies,230.0,Scorpio,Dec,sun,1.0,1,0.3333
studio photography,200.0,Libra,Nov,sun,0.915,1,0.5714
study abroad,135.0,Leo,Sep,sun,0.978,1,0.4348
study grants,130.0,Leo,Sep,sun,1.0,1,1.0
stuffed toys,355.0,Pisces,Apr,sun,1.0,1,0.6522
stuttgart,110.0,Cancer,Aug,sun,0.989,1,0.65
style,225.0,Scorpio,Dec,sun,0.604,1,
styling products,60.0,Taurus,Jun,sun,0.996,1,0.4583
styling services,290.0,Capricorn,Feb,sun,1.0,1,
styria,20.0,Aries,May,sun,0.97,1,
subaru,180.0,Libra,Oct,sun,0.767,1,0.75
subcompacts,110.0,Cancer,Aug,sun,0.838,1,
subcultures,135.0,Leo,Sep,sun,0.998,1,0.5455
substance abuse,295.0,Capricorn,Feb,sun,0.899,1,0.55
sudan,335.0,Pisces,Mar,sun,0.922,1,0.4375
suits,265.0,Sagittarius,Jan,sun,0.864,1,0.65
sulawesi,265.0,Sagittarius,Jan,sun,0.904,1,0.45
sumatra,155.0,Virgo,Oct,sun,0.975,1,0.55
sun care products,60.0,Taurus,Jun,sun,0.98,1,0.4545
sunglasses,330.0,Pisces,Mar,sun,0.778,1,0.7368
superhero films,270.0,Capricorn,Jan,sun,0.956,1,0.4545
supplements,265.0,Sagittarius,Jan,sun,0.886,1,0.75
supplies,45.0,Taurus,Jun,sun,0.804,1,0.6111
supply chain management,130.0,Leo,Sep,sun,0.893,1,0.619
surf,85.0,Gemini,Jul,sun,0.792,1,0.7273
surfing,85.0,Gemini,Jul,sun,0.819,1,0.8333
surgery,270.0,Capricorn,Jan,sun,0.942,1,0.7273
suriname,260.0,Sagittarius,Jan,sun,0.948,1,0.55
surveys,265.0,Sagittarius,Jan,sun,0.917,1,0.4
sustainable fashion,275.0,Capricorn,Jan,sun,0.957,1,0.4783
suvs,260.0,Sagittarius,Jan,sun,0.911,1,0.6667
suzuki,320.0,Aquarius,Mar,sun,0.758,1,0.7222
swap meets,110.0,Cancer,Aug,sun,0.767,1,0.3636
sweden,20.0,Aries,May,sun,0.898,1,0.6923
sweepstakes,290.0,Capricorn,Feb,sun,0.876,1,0.5714
sweets,170.0,Virgo,Oct,sun,0.979,1,0.5909
swim,50.0,Taurus,Jun,sun,0.774,1,0.7
swimming,355.0,Pisces,Apr,sun,0.76,1,0.8182
swimwear,320.0,Aquarius,Mar,sun,0.746,1,0.6
switzerland,25.0,Aries,May,sun,0.903,1,0.65
sydney,245.0,Sagittarius,Jan,sun,0.8,1,0.5652
symbian os,120.0,Cancer,Aug,sun,0.891,1,0.5
syria,290.0,Capricorn,Feb,sun,0.992,1,0.5
t-shirts,325.0,Aquarius,Mar,sun,0.741,1,1.0
table games,105.0,Cancer,Aug,sun,0.895,1,0.65
table tennis,100.0,Cancer,Aug,sun,0.745,1,0.8
table tennis equipment,195.0,Libra,Nov,sun,0.873,1,0.2727
tablet pcs,355.0,Pisces,Apr,sun,0.979,1,0.6818
tabloid news,135.0,Leo,Sep,mercury,0.452,1,
tabs,225.0,Scorpio,Dec,sun,0.943,1,0.6316
tack,140.0,Leo,Sep,sun,0.893,1,0.75
taekwondo,315.0,Aquarius,Mar,sun,0.762,1,0.7
tahiti,40.0,Taurus,Jun,sun,0.916,1,0.6
tai chi,255.0,Sagittarius,Jan,sun,0.934,1,0.5455
taichung,45.0,Taurus,Jun,sun,0.978,1,0.6316
tainan,265.0,Sagittarius,Jan,sun,0.997,1,0.6667
taipei,35.0,Taurus,May,sun,0.972,1,0.4762
taiwan,30.0,Aries,May,sun,0.986,1,0.4762
tajikistan,320.0,Aquarius,Mar,sun,1.0,1,0.4783
talk radio,170.0,Virgo,Oct,sun,0.826,1,0.3125
tallahassee,265.0,Sagittarius,Jan,sun,0.875,1,0.6522
tamaulipas,135.0,Leo,Sep,sun,0.843,1,0.6842
tamil nadu,20.0,Aries,May,sun,0.808,1,0.381
tampa bay area,60.0,Taurus,Jun,sun,0.659,1,0.5714
tanning,320.0,Aquarius,Mar,sun,0.716,1,0.8
tanzania,145.0,Leo,Sep,sun,0.998,1,0.7
tasmania,260.0,Sagittarius,Jan,sun,0.895,1,0.4286
tax preparation,260.0,Sagittarius,Jan,sun,0.855,1,0.625
taxi,230.0,Scorpio,Dec,sun,0.902,1,0.7273
tea,260.0,Sagittarius,Jan,sun,0.985,1,0.5217
teaching,125.0,Leo,Sep,sun,0.818,1,0.4583
team sports,275.0,Capricorn,Jan,sun,0.836,1,0.6818
technical jobs,40.0,Taurus,Jun,sun,0.762,1,0.5455
technical reference,55.0,Taurus,Jun,sun,0.946,1,0.8333
technical support,20.0,Aries,May,sun,0.989,1,0.6667
technology,130.0,Leo,Sep,sun,0.954,1,0.5
technology news,135.0,Leo,Sep,sun,0.85,1,0.5882
tehran,25.0,Aries,May,sun,0.855,1,0.5
tel aviv,320.0,Aquarius,Mar,sun,0.997,1,0.55
telangana,140.0,Leo,Sep,sun,0.985,1,0.5238
telecom,145.0,Leo,Sep,sun,0.838,1,0.4444
teleconferencing,225.0,Scorpio,Dec,sun,0.707,1,0.5238
telemarketing,260.0,Sagittarius,Jan,sun,0.923,1,0.6667
telescopes,260.0,Sagittarius,Jan,sun,0.994,1,0.3
televisions,260.0,Sagittarius,Jan,sun,0.872,1,0.7619
templates,265.0,Sagittarius,Jan,sun,0.839,1,0.9412
temporary,135.0,Leo,Sep,sun,0.881,1,0.5294
tennessee,135.0,Leo,Sep,sun,0.771,1,0.5714
tennis,260.0,Sagittarius,Jan,sun,0.867,1,0.75
tennis equipment,260.0,Sagittarius,Jan,sun,0.994,1,0.5
tesla motors,275.0,Capricorn,Jan,sun,0.994,1,0.5294
texas,265.0,Sagittarius,Jan,sun,0.892,1,0.5
text,195.0,Libra,Nov,sun,0.825,1,0.5217
textile arts,315.0,Aquarius,Mar,sun,1.0,1,0.6
textiles,140.0,Leo,Sep,sun,0.95,1,0.6667
thai cuisine,260.0,Sagittarius,Jan,sun,0.997,1,0.3333
thailand,315.0,Aquarius,Mar,sun,0.853,1,0.5833
thanksgiving,175.0,Virgo,Oct,sun,0.767,1,1.0
theater,65.0,Gemini,Jun,sun,0.971,1,0.7
theater showtimes,350.0,Pisces,Apr,sun,0.872,1,0.5
theme parks,265.0,Sagittarius,Jan,sun,0.824,1,0.4091
themes,260.0,Sagittarius,Jan,sun,0.881,1,0.6923
theology,140.0,Leo,Sep,sun,0.846,1,0.625
theory,270.0,Capricorn,Jan,sun,0.94,1,0.5263
thrift stores,255.0,Sagittarius,Jan,sun,0.819,1,0.5455
thriller,165.0,Virgo,Oct,sun,0.848,1,0.6
throat,165.0,Virgo,Oct,sun,0.817,1,0.6923
thuringia,290.0,Capricorn,Feb,sun,0.604,1,0.375
thyroid conditions,320.0,Aquarius,Mar,sun,1.0,1,1.0
tianjin,230.0,Scorpio,Dec,sun,0.606,1,0.5
tibet,260.0,Sagittarius,Jan,sun,0.866,1,0.6667
tijuana,105.0,Cancer,Aug,sun,0.915,1,0.5789
tile games,265.0,Sagittarius,Jan,sun,0.991,1,0.5238
time,295.0,Capricorn,Feb,sun,0.95,1,0.75
timeshares,355.0,Pisces,Apr,sun,0.964,1,0.5
tiny home movement,0.0,Aries,Apr,sun,1.0,1,0.5
tires,195.0,Libra,Nov,sun,0.914,1,0.5
toaster ovens,290.0,Capricorn,Feb,sun,0.939,1,0.0909
toasters,0.0,Aries,Apr,sun,0.996,1,0.3333
tobago,280.0,Capricorn,Feb,sun,0.862,1,0.7857
tocantins,255.0,Sagittarius,Jan,sun,0.82,1,0.5385
tochigi,185.0,Libra,Nov,sun,0.617,1,0.6364
toddler toys,110.0,Cancer,Aug,sun,0.899,1,0.4762
toddlers,265.0,Sagittarius,Jan,sun,0.82,1,0.4783
tohoku,300.0,Aquarius,Feb,sun,0.786,1,0.4444
toiletries,260.0,Sagittarius,Jan,sun,0.851,1,0.6957
tokushima,80.0,Gemini,Jul,sun,0.977,1,0.6667
tokyo,255.0,Sagittarius,Jan,sun,0.947,1,0.5882
toner,280.0,Capricorn,Feb,sun,0.914,1,0.6364
toothbrushes,215.0,Scorpio,Dec,sun,0.996,1,0.4167
toothpaste,260.0,Sagittarius,Jan,sun,0.97,1,0.45
tops,270.0,Capricorn,Jan,sun,0.967,1,0.3636
tottori,220.0,Scorpio,Dec,sun,0.674,1,0.5
toulouse,110.0,Cancer,Aug,sun,0.939,1,0.5
tourist boards,165.0,Virgo,Oct,sun,1.0,1,
tourist destinations,20.0,Aries,May,sun,0.916,1,0.6522
towing,260.0,Sagittarius,Jan,sun,0.87,1,0.5556
townhomes,260.0,Sagittarius,Jan,sun,0.882,1,0.4737
toxic substances,320.0,Aquarius,Mar,sun,0.98,1,0.4444
toy vehicles,345.0,Pisces,Apr,sun,0.963,1,0.5
toy weapons,40.0,Taurus,Jun,sun,0.908,1,0.7778
toyama,260.0,Sagittarius,Jan,sun,0.988,1,0.5652
toyota,260.0,Sagittarius,Jan,sun,0.757,1,0.45
toys,210.0,Scorpio,Nov,sun,0.886,1,0.5652
track,200.0,Libra,Nov,sun,0.957,1,0.5263
tracking,260.0,Sagittarius,Jan,sun,0.954,1,0.5455
trade fairs,255.0,Sagittarius,Jan,mercury,0.383,1,0.4286
traditional music,135.0,Leo,Sep,sun,0.842,1,0.75
traffic,260.0,Sagittarius,Jan,sun,0.999,1,0.6316
traffic safety,195.0,Libra,Nov,sun,0.88,1,0.4545
trailers,50.0,Taurus,Jun,sun,0.845,1,0.5714
training,265.0,Sagittarius,Jan,sun,0.962,1,0.5556
transgender,260.0,Sagittarius,Jan,sun,0.84,1,0.4762
translation tools,200.0,Libra,Nov,sun,0.992,1,0.5238
transmission,320.0,Aquarius,Mar,sun,0.909,1,0.5417
transmission repair,260.0,Sagittarius,Jan,sun,0.992,1,0.619
transport,145.0,Leo,Sep,sun,0.769,1,0.55
transportation,135.0,Leo,Sep,sun,0.83,1,0.3333
travel,265.0,Sagittarius,Jan,sun,0.956,1,0.4545
travel agencies,260.0,Sagittarius,Jan,sun,0.835,1,0.381
travel guides,275.0,Capricorn,Jan,sun,0.978,1,0.5
travel insurance,280.0,Capricorn,Feb,sun,0.859,1,0.6667
travel shows,350.0,Pisces,Apr,sun,0.99,1,0.4348
travelogues,20.0,Aries,May,sun,0.556,1,0.65
treatment,275.0,Capricorn,Jan,sun,0.793,1,0.5909
treatment centers,260.0,Sagittarius,Jan,sun,0.978,1,0.3478
trentino-alto adige,80.0,Gemini,Jul,sun,0.939,1,0.5
trinidad,170.0,Virgo,Oct,sun,0.992,1,0.5714
trivia,240.0,Scorpio,Dec,sun,0.879,1,0.5238
tropical music,335.0,Pisces,Mar,sun,0.77,1,0.6667
trucking,260.0,Sagittarius,Jan,sun,0.85,1,0.5455
trucks,190.0,Libra,Nov,sun,0.816,1,0.65
try on videos,50.0,Taurus,Jun,sun,0.931,1,0.6087
tucson,265.0,Sagittarius,Jan,sun,0.938,1,0.5263
tulsa,135.0,Leo,Sep,sun,0.951,1,0.5714
tuning,260.0,Sagittarius,Jan,sun,0.909,1,0.5
tunisia,260.0,Sagittarius,Jan,sun,0.945,1,0.5714
turin,350.0,Pisces,Apr,sun,0.888,1,0.5714
turkey,195.0,Libra,Nov,sun,0.854,1,0.7222
turkmenistan,260.0,Sagittarius,Jan,sun,0.947,1,0.5
tuscany,275.0,Capricorn,Jan,sun,0.814,1,0.4737
tutorials,260.0,Sagittarius,Jan,sun,0.834,1,0.5
tv,260.0,Sagittarius,Jan,sun,0.973,1,0.4348
tv awards,240.0,Scorpio,Dec,sun,0.806,1,0.6111
tv comedies,5.0,Aries,Apr,sun,0.991,1,0.5
tv commercials,275.0,Capricorn,Jan,sun,0.792,1,0.25
tv crime,260.0,Sagittarius,Jan,sun,0.955,1,0.5
tv documentary,260.0,Sagittarius,Jan,sun,0.993,1,0.619
tv dramas,115.0,Cancer,Aug,sun,0.84,1,0.5652
tv family-oriented shows,45.0,Taurus,Jun,sun,1.0,1,
tv fan edits,300.0,Aquarius,Feb,sun,0.679,1,0.0
tv game shows,335.0,Pisces,Mar,sun,0.892,1,0.5
tv guides,195.0,Libra,Nov,sun,0.947,1,0.3636
tv industry,130.0,Leo,Sep,sun,0.989,1,0.7391
tv medical shows,90.0,Cancer,Jul,sun,0.74,1,0.5294
tv networks,265.0,Sagittarius,Jan,sun,0.998,1,0.6364
tv production,65.0,Gemini,Jun,sun,0.992,1,0.3636
tv reality shows,200.0,Libra,Nov,sun,0.969,1,0.5455
tv sci-fi,260.0,Sagittarius,Jan,sun,1.0,1,0.7273
tv shows,335.0,Pisces,Mar,sun,0.833,1,0.625
tv soap operas,340.0,Pisces,Apr,sun,0.97,1,0.5882
tv streaming,125.0,Leo,Sep,sun,0.885,1,0.375
tv talent,145.0,Leo,Sep,sun,0.857,1,0.5333
tv talk shows,265.0,Sagittarius,Jan,sun,0.985,1,0.1579
tycoon games,40.0,Taurus,Jun,sun,0.96,1,0.8182
tyrol,180.0,Libra,Oct,sun,0.82,1,0.5333
uganda,185.0,Libra,Nov,sun,0.699,1,0.8095
ukraine,20.0,Aries,May,sun,0.887,1,0.6842
ulsan,230.0,Scorpio,Dec,sun,0.992,1,0.7059
ultimate fighting championship (ufc),315.0,Aquarius,Mar,sun,0.951,1,0.25
umbria,75.0,Gemini,Jul,sun,0.88,1,0.6667
unboxing videos,140.0,Leo,Sep,sun,0.888,1,0.6667
undergarments,50.0,Taurus,Jun,sun,0.995,1,0.4545
underwater activities,230.0,Scorpio,Dec,mercury,0.425,1,0.5
unemployment,310.0,Aquarius,Mar,sun,0.798,1,0.5
uniforms,345.0,Pisces,Apr,sun,0.942,1,0.7619
unions,275.0,Capricorn,Jan,sun,0.813,1,0.3158
united arab emirates,140.0,Leo,Sep,sun,0.994,1,0.5217
united kingdom,20.0,Aries,May,sun,0.899,1,0.7692
universities,265.0,Sagittarius,Jan,sun,0.994,1,0.8095
unix,135.0,Leo,Sep,sun,0.8,1,0.7
unwanted body,335.0,Pisces,Mar,sun,0.825,1,0.4211
upper austria,320.0,Aquarius,Mar,sun,0.703,1,0.5
upstate south carolina,330.0,Pisces,Mar,sun,0.999,1,0.5652
urban,320.0,Aquarius,Mar,sun,0.976,1,0.3125
urban transit,295.0,Capricorn,Feb,sun,0.515,1,0.3478
uruguay,50.0,Taurus,Jun,sun,0.892,1,0.6471
usa,40.0,Taurus,Jun,sun,0.834,1,0.6667
used vehicles,230.0,Scorpio,Dec,sun,0.986,1,0.625
utah,195.0,Libra,Nov,sun,0.965,1,0.75
utilities,80.0,Gemini,Jul,sun,0.803,1,0.3158
utility bags,285.0,Capricorn,Feb,sun,0.839,1,0.8889
utrecht,105.0,Cancer,Aug,sun,0.923,1,0.625
uttar pradesh,295.0,Capricorn,Feb,sun,0.969,1,0.3913
uzbekistan,135.0,Leo,Sep,sun,0.928,1,0.4762
vacation offers,135.0,Leo,Sep,sun,1.0,1,0.1
vacation properties,50.0,Taurus,Jun,sun,0.667,1,0.5714
vacation rentals,265.0,Sagittarius,Jan,sun,0.982,1,0.5625
vaccines,260.0,Sagittarius,Jan,sun,0.951,1,0.4615
vacuums,260.0,Sagittarius,Jan,sun,0.995,1,0.6818
valencia,105.0,Cancer,Aug,sun,0.929,1,0.5909
valentine's day,275.0,Capricorn,Jan,sun,0.79,1,0.9333
valves hoses,230.0,Scorpio,Dec,sun,0.989,1,0.0
van life,265.0,Sagittarius,Jan,sun,0.864,1,0.7619
vancouver,260.0,Sagittarius,Jan,sun,0.769,1,1.0
vans,75.0,Gemini,Jul,sun,0.876,1,0.5714
variety shows,210.0,Scorpio,Nov,sun,0.891,1,0.619
vatican city,225.0,Scorpio,Dec,sun,0.897,1,0.6957
vegan cuisine,140.0,Leo,Sep,sun,0.957,1,0.3913
vegetables,260.0,Sagittarius,Jan,sun,0.982,1,0.6
vegetarian cuisine,260.0,Sagittarius,Jan,sun,0.908,1,0.5417
vehicle,80.0,Gemini,Jul,sun,0.96,1,0.5238
vehicle codes,260.0,Sagittarius,Jan,sun,0.993,1,0.4545
vehicle dealers,330.0,Pisces,Mar,sun,1.0,1,0.5238
vehicle financing,260.0,Sagittarius,Jan,sun,1.0,1,0.6
vehicle fueling,350.0,Pisces,Apr,sun,1.0,1,0.0
vehicle fuels,335.0,Pisces,Mar,sun,0.738,1,0.6667
vehicle insurance,65.0,Gemini,Jun,sun,0.786,1,0.6364
vehicle licensing,280.0,Capricorn,Feb,sun,1.0,1,0.5
vehicle modification,260.0,Sagittarius,Jan,sun,0.636,1,0.5652
vehicle parts,115.0,Cancer,Aug,sun,0.757,1,0.5652
vehicle repair,20.0,Aries,May,sun,0.96,1,0.4583
vehicle shopping,15.0,Aries,May,sun,0.957,1,0.4737
vehicle shows,225.0,Scorpio,Dec,sun,0.604,1,0.5455
vehicle simulators,350.0,Pisces,Apr,sun,1.0,1,
vehicle specs,330.0,Pisces,Mar,sun,0.822,1,0.6087
vehicle wheels,140.0,Leo,Sep,sun,0.985,1,0.3158
vehicles,60.0,Taurus,Jun,sun,0.778,1,0.619
veneto,140.0,Leo,Sep,sun,0.917,1,0.619
venezuela,260.0,Sagittarius,Jan,sun,0.9,1,0.6522
venice,135.0,Leo,Sep,sun,0.865,1,0.4167
vents,30.0,Aries,May,sun,0.987,1,0.4762
venture capital,310.0,Aquarius,Mar,sun,0.828,1,0.4348
veracruz,275.0,Capricorn,Jan,sun,0.889,1,0.2667
vermont,140.0,Leo,Sep,sun,0.828,1,0.4737
veterans,185.0,Libra,Nov,sun,0.846,1,0.5
veterinarians,195.0,Libra,Nov,sun,0.989,1,0.5714
victoria (au),345.0,Pisces,Apr,sun,0.996,1,0.5333
victoria (bc),260.0,Sagittarius,Jan,sun,0.89,1,0.7619
video,5.0,Aries,Apr,sun,0.948,1,0.55
video cards,225.0,Scorpio,Dec,sun,0.921,1,0.75
video chat,170.0,Virgo,Oct,sun,0.95,1,0.45
video equipment,275.0,Capricorn,Jan,sun,0.996,1,0.5455
video file formats,0.0,Aries,Apr,sun,0.839,1,0.75
video game cheats,225.0,Scorpio,Dec,sun,0.998,1,0.5
video game development,260.0,Sagittarius,Jan,sun,0.904,1,0.4545
video game emulation,190.0,Libra,Nov,sun,0.766,1,0.25
video game mods,230.0,Scorpio,Dec,sun,0.831,1,0.4762
video game playthroughs,80.0,Gemini,Jul,sun,0.698,1,0.5455
video game retailers,320.0,Aquarius,Mar,sun,1.0,1,
video game streams,120.0,Cancer,Aug,sun,0.789,1,0.4
video games,205.0,Libra,Nov,sun,0.956,1,0.3333
video players,45.0,Taurus,Jun,sun,0.848,1,0.4545
video rentals,355.0,Pisces,Apr,sun,0.976,1,0.4286
video services,150.0,Virgo,Sep,sun,0.851,1,0.4348
video sharing,80.0,Gemini,Jul,sun,0.999,1,0.6087
video shopping,70.0,Gemini,Jul,sun,0.875,1,0.5
video software,255.0,Sagittarius,Jan,sun,0.824,1,0.5714
videos,230.0,Scorpio,Dec,sun,0.903,1,0.45
vienna,160.0,Virgo,Oct,sun,0.851,1,0.3333
viet nam,25.0,Aries,May,sun,0.988,1,0.4737
vietnamese cuisine,200.0,Libra,Nov,sun,0.996,1,0.4583
vineyards,260.0,Sagittarius,Jan,sun,0.845,1,0.619
virgin islands,260.0,Sagittarius,Jan,sun,0.857,1,0.7727
virginia,320.0,Aquarius,Mar,sun,0.978,1,0.3846
virginia beach-hampton roads,50.0,Taurus,Jun,sun,1.0,1,1.0
virtual assistants,50.0,Taurus,Jun,sun,0.647,1,0.5652
virtual reality,215.0,Scorpio,Dec,sun,0.798,1,0.8235
virtual reality devices,255.0,Sagittarius,Jan,sun,0.77,1,0.0
virtual tours,285.0,Capricorn,Feb,sun,0.857,1,0.6087
virtual worlds,175.0,Virgo,Oct,sun,0.878,1,0.6875
visa,190.0,Libra,Nov,sun,0.853,1,0.55
vision care,280.0,Capricorn,Feb,sun,0.967,1,0.7273
vision loss,140.0,Leo,Sep,sun,1.0,1,0.4783
visual art,275.0,Capricorn,Jan,sun,1.0,1,0.5217
visual arts,265.0,Sagittarius,Jan,sun,0.997,1,0.5417
vitamins,265.0,Sagittarius,Jan,sun,0.768,1,0.6818
vlogs,220.0,Scorpio,Dec,sun,0.79,1,0.5652
vocals,210.0,Scorpio,Nov,sun,0.99,1,0.6667
vocational,140.0,Leo,Sep,sun,1.0,1,0.7143
voice,155.0,Virgo,Oct,sun,0.802,1,0.7059
volga district,195.0,Libra,Nov,sun,1.0,1,
volkswagen,270.0,Capricorn,Jan,sun,0.766,1,0.5
volleyball,115.0,Cancer,Aug,sun,0.829,1,0.625
volleyball equipment,115.0,Cancer,Aug,sun,0.898,1,0.7
volvo,140.0,Leo,Sep,sun,0.843,1,0.75
vorarlberg,260.0,Sagittarius,Jan,sun,0.909,1,0.5
vpn,265.0,Sagittarius,Jan,sun,0.811,1,0.6522
wagons,70.0,Gemini,Jul,sun,0.999,1,0.5238
wakayama,165.0,Virgo,Oct,sun,0.866,1,0.5833
wales,290.0,Capricorn,Feb,sun,0.877,1,0.6842
walking,305.0,Aquarius,Feb,sun,0.899,1,0.3571
wallonia,165.0,Virgo,Oct,sun,0.919,1,0.4118
wallpapers,250.0,Sagittarius,Jan,sun,0.809,1,0.75
warehousing,135.0,Leo,Sep,sun,0.845,1,0.5217
wargaming,230.0,Scorpio,Dec,sun,0.969,1,0.6818
warranties,195.0,Libra,Nov,sun,0.821,1,0.7273
warsaw,110.0,Cancer,Aug,sun,0.986,1,0.7333
washers,285.0,Capricorn,Feb,sun,0.863,1,0.5714
washington dc,260.0,Sagittarius,Jan,sun,0.974,1,0.4211
washington state,140.0,Leo,Sep,sun,0.827,1,0.7727
waste management,280.0,Capricorn,Feb,sun,0.809,1,0.5909
watchdogs,35.0,Taurus,May,sun,0.844,1,
watches,215.0,Scorpio,Dec,sun,0.93,1,0.619
water,345.0,Pisces,Apr,sun,0.825,1,0.619
water activities,300.0,Aquarius,Feb,sun,0.933,1,0.4783
water filters,260.0,Sagittarius,Jan,sun,0.992,1,0.5238
water sports,15.0,Aries,May,sun,0.789,1,0.5789
water supply,280.0,Capricorn,Feb,sun,0.991,1,0.375
watercraft,320.0,Aquarius,Mar,sun,0.95,1,0.6
wearable technology,140.0,Leo,Sep,sun,0.804,1,0.3636
weather,25.0,Aries,May,sun,0.994,1,0.6957
weaves,320.0,Aquarius,Mar,sun,0.956,1,0.7368
web apps,265.0,Sagittarius,Jan,sun,0.971,1,0.6667
web browsers,320.0,Aquarius,Mar,sun,0.997,1,0.6087
web design,260.0,Sagittarius,Jan,sun,0.842,1,0.65
web hosting,270.0,Capricorn,Jan,sun,0.913,1,0.5714
web portals,135.0,Leo,Sep,sun,0.901,1,0.4583
web series,260.0,Sagittarius,Jan,sun,0.985,1,0.4348
web services,265.0,Sagittarius,Jan,sun,0.988,1,0.6316
web stats,320.0,Aquarius,Mar,sun,0.922,1,0.619
weddings,265.0,Sagittarius,Jan,sun,0.881,1,0.5833
weight loss,260.0,Sagittarius,Jan,sun,0.924,1,0.6842
weights,265.0,Sagittarius,Jan,sun,0.87,1,0.6087
welfare,130.0,Leo,Sep,sun,0.858,1,0.6087
wellington,225.0,Scorpio,Dec,sun,0.904,1,0.65
west asia,245.0,Sagittarius,Jan,sun,0.88,1,0.5833
west bengal,200.0,Libra,Nov,sun,0.808,1,0.45
west france,45.0,Taurus,Jun,sun,0.82,1,0.5
west india,55.0,Taurus,Jun,sun,0.999,1,0.5714
west midlands,350.0,Pisces,Apr,sun,1.0,1,0.7
west palm beach-boca raton,290.0,Capricorn,Feb,sun,1.0,1,
west virginia,320.0,Aquarius,Mar,sun,0.965,1,0.5
western africa,145.0,Leo,Sep,sun,0.755,1,0.4783
western australia,260.0,Sagittarius,Jan,sun,0.997,1,0.5294
western europe,140.0,Leo,Sep,sun,0.911,1,0.6087
western films,140.0,Leo,Sep,sun,0.9,1,0.35
western new guinea,75.0,Gemini,Jul,sun,1.0,1,
wholesalers,270.0,Capricorn,Jan,sun,0.777,1,0.7727
wigs,95.0,Cancer,Aug,sun,0.889,1,0.3529
wildlife,260.0,Sagittarius,Jan,sun,0.827,1,0.6818
wind power,290.0,Capricorn,Feb,sun,0.885,1,0.4667
window treatments,20.0,Aries,May,sun,0.986,1,0.7083
windows,260.0,Sagittarius,Jan,sun,0.805,1,0.7143
windows mobile os,320.0,Aquarius,Mar,sun,0.991,1,0.5
windows os,265.0,Sagittarius,Jan,sun,0.906,1,0.5625
wine tourism,140.0,Leo,Sep,sun,0.98,1,0.625
winnipeg,180.0,Libra,Oct,sun,0.805,1,0.55
winter sports,210.0,Scorpio,Nov,sun,0.73,1,0.8125
winter sports equipment,0.0,Aries,Apr,sun,1.0,1,0.5
wire services,195.0,Libra,Nov,sun,0.86,1,0.4286
wireless,60.0,Taurus,Jun,sun,0.804,1,0.5714
wireless accessories,30.0,Aries,May,sun,0.914,1,0.4348
wisconsin,110.0,Cancer,Aug,sun,0.86,1,0.619
women's clothing,190.0,Libra,Nov,sun,0.988,1,0.4545
women's health,260.0,Sagittarius,Jan,sun,0.705,1,0.4762
wood,70.0,Gemini,Jul,sun,0.862,1,0.6471
word games,160.0,Virgo,Oct,sun,0.919,1,0.381
word processing software,135.0,Leo,Sep,sun,0.68,1,0.6364
work,265.0,Sagittarius,Jan,sun,0.835,1,0.6667
workwear,265.0,Sagittarius,Jan,sun,0.718,1,0.625
world localities,195.0,Libra,Nov,sun,0.993,1,
world music,45.0,Taurus,Jun,sun,0.821,1,0.6364
world news,130.0,Leo,Sep,sun,0.925,1,0.6957
world wrestling entertainment (wwe),0.0,Aries,Apr,sun,0.988,1,0.3333
wrestling,260.0,Sagittarius,Jan,sun,0.793,1,0.5
writers resources,260.0,Sagittarius,Jan,sun,0.727,1,
writing,275.0,Capricorn,Jan,sun,0.815,1,0.8696
wroclaw,20.0,Aries,May,sun,0.903,1,0.7059
wuhan,130.0,Leo,Sep,sun,0.792,1,
wyoming,140.0,Leo,Sep,sun,0.986,1,0.5556
xbox,50.0,Taurus,Jun,sun,0.819,1,0.7895
xi'an,265.0,Sagittarius,Jan,sun,0.536,1,0.5
xinjiang,75.0,Gemini,Jul,sun,0.931,1,0.3333
yamagata,165.0,Virgo,Oct,sun,0.982,1,0.5
yamaguchi,175.0,Virgo,Oct,sun,0.814,1,0.3846
yamanashi,170.0,Virgo,Oct,sun,0.991,1,0.6
yard maintenance,325.0,Aquarius,Mar,sun,0.752,1,0.4783
yemen,200.0,Libra,Nov,sun,0.899,1,0.6818
yoga,260.0,Sagittarius,Jan,sun,0.947,1,0.6957
yokohama,225.0,Scorpio,Dec,sun,0.967,1,0.5714
yorkshire,230.0,Scorpio,Dec,sun,0.963,1,0.5714
young adult books,260.0,Sagittarius,Jan,sun,0.741,1,0.45
youth camps,250.0,Sagittarius,Jan,sun,0.859,1,0.3333
youth organizations,45.0,Taurus,Jun,sun,0.855,1,0.5
yucatan,265.0,Sagittarius,Jan,sun,0.842,1,0.45
yucatan peninsula,130.0,Leo,Sep,sun,0.709,1,0.3913
yunnan,335.0,Pisces,Mar,sun,0.992,1,0.6667
zambia,35.0,Taurus,May,sun,0.847,1,0.2857
zeeland,40.0,Taurus,Jun,sun,0.936,1,0.2727
zhejiang,80.0,Gemini,Jul,sun,0.978,1,0.4286
zimbabwe,260.0,Sagittarius,Jan,sun,0.961,1,0.619
zoos,185.0,Libra,Nov,sun,0.918,1,0.4211
zurich,110.0,Cancer,Aug,sun,0.819,1,0.8571
