topic,sign,phase,peak_month,arm,dir_acc_test
3d printers,Nov,315.0,Nov,seasonal,0.8261
abruzzo,Sep,255.0,Sep,seasonal,
abstract strategy games,Dec,345.0,Dec,seasonal,
abu dhabi,Nov,315.0,Nov,seasonal,0.5714
academic conferences,Dec,345.0,Dec,seasonal,0.25
acapulco,Apr,105.0,Apr,seasonal,0.4
accessories,Jul,195.0,Jul,seasonal,0.5714
accident,Jul,195.0,Jul,seasonal,0.7222
accommodations,Jan,15.0,Jan,seasonal,0.7273
accounting,Sep,255.0,Sep,seasonal,0.6364
acne,Jan,15.0,Jan,seasonal,0.5714
acquisitions,Sep,255.0,Sep,seasonal,0.5882
acting,Jan,15.0,Jan,seasonal,0.5217
action,Jan,15.0,Jan,seasonal,0.75
action cameras,May,135.0,May,seasonal,0.4545
action figures,Dec,345.0,Dec,seasonal,0.8696
activities,Feb,45.0,Feb,seasonal,0.6522
acupuncture,Jan,15.0,Jan,seasonal,0.5217
acura,Jan,15.0,Jan,seasonal,0.5294
adana,Dec,345.0,Dec,seasonal,0.7059
add,Dec,345.0,Dec,seasonal,0.6
add-ons,Nov,315.0,Nov,seasonal,0.5
adelaide,Dec,345.0,Dec,seasonal,0.5294
adhd,Jan,15.0,Jan,seasonal,0.7391
adhesives,Aug,225.0,Aug,seasonal,0.8333
administrative jobs,Jan,15.0,Jan,seasonal,0.7
admissions tests,Sep,255.0,Sep,seasonal,0.25
adoption,Jun,165.0,Jun,seasonal,0.5
adventure films,Jan,15.0,Jan,seasonal,0.6842
adventure games,Apr,105.0,Apr,seasonal,0.5238
adventure travel,Jan,15.0,Jan,seasonal,0.5417
advertising,Feb,45.0,Feb,seasonal,0.875
advocacy,Sep,255.0,Sep,seasonal,0.625
aegean islands,Jun,165.0,Jun,seasonal,0.8
aegean turkey,May,135.0,May,seasonal,0.375
aerospace,Jan,15.0,Jan,seasonal,0.4091
affiliate programs,Jan,15.0,Jan,seasonal,0.375
afghanistan,May,135.0,May,seasonal,0.5
africa,Sep,255.0,Sep,seasonal,0.6667
african music,May,135.0,May,seasonal,0.625
african-americans,Jan,15.0,Jan,seasonal,0.6842
africans,Feb,45.0,Feb,seasonal,0.4762
aftermarket auto parts,Feb,45.0,Feb,seasonal,0.5714
aging,Jan,15.0,Jan,seasonal,0.6522
agra,Sep,255.0,Sep,seasonal,0.619
agricultural equipment,Apr,105.0,Apr,seasonal,0.5
agriculture,Feb,45.0,Feb,seasonal,0.6522
agritourism,Feb,45.0,Feb,seasonal,0.5833
agrochemicals,Jul,195.0,Jul,seasonal,0.4545
ahmedabad,Jul,195.0,Jul,seasonal,0.6471
aichi,Apr,105.0,Apr,seasonal,0.4375
aids,Nov,315.0,Nov,seasonal,0.8
air conditioners,Jun,165.0,Jun,seasonal,0.8261
air filters,Jun,165.0,Jun,seasonal,0.5
air force,Jul,195.0,Jul,seasonal,0.5714
air freight,Jul,195.0,Jul,seasonal,0.625
air travel,Jun,165.0,Jun,seasonal,0.5238
airport parking,Jul,195.0,Jul,seasonal,0.6667
akita,Jan,15.0,Jan,seasonal,0.5263
alabama,Sep,255.0,Sep,seasonal,0.5556
alagoas,Jan,15.0,Jan,seasonal,0.5833
alaska,Jul,195.0,Jul,seasonal,0.8421
albania,Sep,255.0,Sep,seasonal,0.6087
alberta,Jan,15.0,Jan,seasonal,0.7
albuquerque-santa fe,May,135.0,May,seasonal,
alcohol testing,Aug,225.0,Aug,seasonal,0.5417
alcohol treatment,Feb,45.0,Feb,seasonal,0.6364
alfa romeo,Jan,15.0,Jan,seasonal,0.6
algarve,Jan,15.0,Jan,seasonal,0.85
algeria,Jun,165.0,Jun,seasonal,0.875
alicante,Jun,165.0,Jun,seasonal,0.6667
allergies,Apr,105.0,Apr,seasonal,0.8
alsace,Oct,285.0,Oct,seasonal,0.5714
alternative,Feb,45.0,Feb,seasonal,0.5263
alternative energy,Sep,255.0,Sep,seasonal,0.5909
alternative music,Aug,225.0,Aug,seasonal,0.6316
alternative vehicles,Mar,75.0,Mar,seasonal,0.4
alumni,Oct,285.0,Oct,seasonal,0.4375
alzheimer's disease,Sep,255.0,Sep,seasonal,0.8182
amalfi coast,Jan,15.0,Jan,seasonal,0.8696
amateur,Jun,165.0,Jun,seasonal,0.7
amazonas,Jan,15.0,Jan,seasonal,0.6
american football,Sep,255.0,Sep,seasonal,0.8
american football equipment,Feb,45.0,Feb,seasonal,1.0
amphibians,Jan,15.0,Jan,seasonal,0.7273
amsterdam,Jan,15.0,Jan,seasonal,0.5882
analytics,Jan,15.0,Jan,seasonal,0.6818
anatomy,Sep,255.0,Sep,seasonal,0.75
ancestry,Nov,315.0,Nov,seasonal,0.55
andalucia,Feb,45.0,Feb,seasonal,0.7222
andhra pradesh,May,135.0,May,seasonal,0.381
andorra,Jan,15.0,Jan,seasonal,0.7273
android apps,Jun,165.0,Jun,seasonal,0.7895
android os,Jan,15.0,Jan,seasonal,0.6667
angola,Jan,15.0,Jan,seasonal,0.7333
anhui,Sep,255.0,Sep,seasonal,1.0
animal products,Oct,285.0,Oct,seasonal,0.5652
animal sports,Apr,105.0,Apr,seasonal,0.6
animal welfare,Sep,255.0,Sep,seasonal,0.8095
animals,Oct,285.0,Oct,seasonal,0.6667
animated films,Mar,75.0,Mar,seasonal,0.65
animated gifs,Apr,105.0,Apr,seasonal,0.5
animation,Mar,75.0,Mar,seasonal,0.3913
animation software,Jan,15.0,Jan,seasonal,0.6667
anime,Apr,105.0,Apr,seasonal,0.6087
ankara,Dec,345.0,Dec,seasonal,0.4737
anniversaries,Feb,45.0,Feb,seasonal,0.7368
antalya,Jul,195.0,Jul,seasonal,0.6667
anthropology,Sep,255.0,Sep,seasonal,0.5238
anti-aging skin care products,Jan,15.0,Jan,seasonal,0.5
antigua,May,135.0,May,seasonal,0.6316
antiperspirants,Apr,105.0,Apr,seasonal,0.7222
antiques,Jan,15.0,Jan,seasonal,0.5714
antivirus,Jan,15.0,Jan,seasonal,0.4667
anxiety,Jan,15.0,Jan,seasonal,0.6667
aomori,Oct,285.0,Oct,seasonal,0.45
aosta valley,Jul,195.0,Jul,seasonal,0.4091
apparel,Jan,15.0,Jan,seasonal,0.55
apparel services,Jan,15.0,Jan,seasonal,0.5
apple ios,Jun,165.0,Jun,seasonal,0.9
appraisals,Mar,75.0,Mar,seasonal,0.7083
aquaculture,Feb,45.0,Feb,seasonal,0.4348
aquaria,Jan,15.0,Jan,seasonal,0.6667
aquariums,Jan,15.0,Jan,seasonal,0.5625
aquitaine,Dec,345.0,Dec,seasonal,0.6842
arabs,Mar,75.0,Mar,seasonal,
aragon,Sep,255.0,Sep,seasonal,0.5
arcade,Apr,105.0,Apr,seasonal,0.75
archaeology,Jan,15.0,Jan,seasonal,0.4667
architecture,Sep,255.0,Sep,seasonal,0.6364
argentina,Jun,165.0,Jun,seasonal,0.7778
arizona,Oct,285.0,Oct,seasonal,0.6
arkansas,Sep,255.0,Sep,seasonal,0.6
armchairs,Nov,315.0,Nov,seasonal,0.5
armenia,Mar,75.0,Mar,seasonal,1.0
army,Jan,15.0,Jan,seasonal,0.7391
art,Oct,285.0,Oct,seasonal,0.3913
art museums,Feb,45.0,Feb,seasonal,0.4545
arthritis,Sep,255.0,Sep,seasonal,0.5
artificial intelligence,Feb,45.0,Feb,seasonal,0.7619
arts,Mar,75.0,Mar,seasonal,0.4783
aruba,Jan,15.0,Jan,seasonal,0.6818
asia,Jun,165.0,Jun,seasonal,0.5
asians,Jan,15.0,Jan,seasonal,0.8571
asmr videos,Jun,165.0,Jun,seasonal,0.7826
asset,Feb,45.0,Feb,seasonal,0.6957
assisted living,Mar,75.0,Mar,seasonal,0.5217
assistive technology,Sep,255.0,Sep,seasonal,0.65
asthma,Sep,255.0,Sep,seasonal,0.8636
astrology,Apr,105.0,Apr,seasonal,0.5909
astronomy,Jul,195.0,Jul,seasonal,0.5714
asturias,Sep,255.0,Sep,seasonal,0.8333
athens,Jun,165.0,Jun,seasonal,0.75
athleisure,Aug,225.0,Aug,seasonal,0.4211
athletic apparel,Jan,15.0,Jan,seasonal,0.5
athletic shoes,May,135.0,May,seasonal,0.5
atlanta,Mar,75.0,Mar,seasonal,0.3333
atlantic city,Jan,15.0,Jan,seasonal,0.5238
atlantic provinces,Jun,165.0,Jun,seasonal,0.75
atmospheric science,Jun,165.0,Jun,seasonal,0.6522
atms,Dec,345.0,Dec,seasonal,0.4091
auckland,Aug,225.0,Aug,seasonal,0.5882
auctions,Nov,315.0,Nov,seasonal,0.5
audi,Jan,15.0,Jan,seasonal,0.6842
audio,Aug,225.0,Aug,seasonal,0.5714
audio equipment,Sep,255.0,Sep,seasonal,0.375
audio file formats,Jul,195.0,Jul,seasonal,1.0
audio shopping,Jul,195.0,Jul,seasonal,0.5
audiobooks,Jan,15.0,Jan,seasonal,0.7368
auditing,Jan,15.0,Jan,seasonal,0.6522
augmented,Sep,255.0,Sep,seasonal,0.6957
australia,Jun,165.0,Jun,seasonal,0.7143
australian football,Jun,165.0,Jun,seasonal,0.5833
austria,May,135.0,May,seasonal,0.8125
autism spectrum disorders,Jun,165.0,Jun,seasonal,0.2667
auto batteries,Nov,315.0,Nov,seasonal,0.4737
auto body repair,Jan,15.0,Jan,seasonal,0.2632
auto brakes,Mar,75.0,Mar,seasonal,0.381
auto exterior,Mar,75.0,Mar,seasonal,0.5
auto financing,Jan,15.0,Jan,seasonal,0.5217
auto glass repair,Jan,15.0,Jan,seasonal,0.5833
auto insurance,Feb,45.0,Feb,seasonal,0.55
auto interior,Jan,15.0,Jan,seasonal,0.4348
auto leasing,Jan,15.0,Jan,seasonal,0.6667
auto racing,Nov,315.0,Nov,seasonal,0.619
automotive electronic components,Sep,255.0,Sep,seasonal,
automotive industry,Apr,105.0,Apr,seasonal,0.6364
autonomous vehicles,Feb,45.0,Feb,seasonal,0.6667
autos,Jul,195.0,Jul,seasonal,0.75
auvergne,Aug,225.0,Aug,seasonal,0.7692
aviation industry,Sep,255.0,Sep,seasonal,0.6522
azerbaijan,Mar,75.0,Mar,seasonal,0.5714
azores,Jan,15.0,Jan,seasonal,0.7368
b,Feb,45.0,Feb,seasonal,0.55
babies,Jul,195.0,Jul,seasonal,0.55
baby,May,135.0,May,seasonal,0.75
baby care,Sep,255.0,Sep,seasonal,0.4211
baby feeding,Feb,45.0,Feb,seasonal,0.4091
baby food,Feb,45.0,Feb,seasonal,0.7391
baby formula,Nov,315.0,Nov,seasonal,0.7368
baby safety,Jan,15.0,Jan,seasonal,0.619
baby showers,Jan,15.0,Jan,seasonal,0.5
baby strollers,Nov,315.0,Nov,seasonal,0.5882
bachelor,Jan,15.0,Jan,seasonal,0.4
bachelorette parties,Jun,165.0,Jun,seasonal,0.4615
backpacks,Jul,195.0,Jul,seasonal,0.9167
badminton,Mar,75.0,Mar,seasonal,0.625
bahamas,Jan,15.0,Jan,seasonal,0.5882
bahia,May,135.0,May,seasonal,0.6667
bahrain,Mar,75.0,Mar,seasonal,0.6957
baja california,Jan,15.0,Jan,seasonal,0.7857
baked goods,Oct,285.0,Oct,seasonal,0.6316
bakeries,May,135.0,May,seasonal,0.6087
balearic islands,Jan,15.0,Jan,seasonal,0.4783
bali,Sep,255.0,Sep,seasonal,0.5833
ballet,Sep,255.0,Sep,seasonal,0.7333
baltics,Nov,315.0,Nov,seasonal,0.2174
baltimore metro,Aug,225.0,Aug,seasonal,0.619
bandung,Sep,255.0,Sep,seasonal,0.5238
bangalore,Sep,255.0,Sep,seasonal,0.5652
bangkok,Jan,15.0,Jan,seasonal,0.5
bangladesh,Feb,45.0,Feb,seasonal,0.5652
banking,Sep,255.0,Sep,seasonal,0.6957
bankruptcy,Jul,195.0,Jul,seasonal,0.3571
barbados,Jun,165.0,Jun,seasonal,0.7619
barbecues,Apr,105.0,Apr,seasonal,0.5909
barbuda,May,135.0,May,seasonal,0.7333
barcelona,Feb,45.0,Feb,seasonal,0.7273
bari,Jul,195.0,Jul,seasonal,0.4286
bars,Jul,195.0,Jul,seasonal,0.5263
baseball,Feb,45.0,Feb,seasonal,1.0
basilicata,Jul,195.0,Jul,seasonal,1.0
basketball,Nov,315.0,Nov,seasonal,0.6667
basketball equipment,Nov,315.0,Nov,seasonal,0.7391
basque country,Apr,105.0,Apr,seasonal,0.4
bath,Dec,345.0,Dec,seasonal,0.6471
bathroom,May,135.0,May,seasonal,0.4444
baton rouge,Sep,255.0,Sep,seasonal,0.6
battle royale games,Jan,15.0,Jan,seasonal,0.7895
bavaria,Feb,45.0,Feb,seasonal,0.75
bbq,May,135.0,May,seasonal,0.7391
beaches,Jan,15.0,Jan,seasonal,0.7727
beauty,Sep,255.0,Sep,seasonal,0.625
beauty pageants,Jun,165.0,Jun,seasonal,0.6
beauty professionals,Sep,255.0,Sep,seasonal,
beauty services,May,135.0,May,seasonal,0.5238
bed,Mar,75.0,Mar,seasonal,0.6429
bed linens,Jan,15.0,Jan,seasonal,0.4737
bedding,Jan,15.0,Jan,seasonal,0.75
bedroom,Jul,195.0,Jul,seasonal,0.4375
beds,Jan,15.0,Jan,seasonal,1.0
beef,Dec,345.0,Dec,seasonal,0.5
beijing,Feb,45.0,Feb,seasonal,0.0
belarus,Mar,75.0,Mar,seasonal,0.7059
belgium,Mar,75.0,Mar,seasonal,0.6923
belief,Feb,45.0,Feb,seasonal,0.6154
belize,Jan,15.0,Jan,seasonal,0.7917
belo horizonte,Jan,15.0,Jan,seasonal,0.6667
benefits,Jan,15.0,Jan,seasonal,0.7826
benelux,Apr,105.0,Apr,seasonal,0.1538
bentley,Apr,105.0,Apr,seasonal,0.4545
berlin,Oct,285.0,Oct,seasonal,0.4375
bermuda,Jul,195.0,Jul,seasonal,0.5
beverages,Feb,45.0,Feb,seasonal,0.5652
bhutan,Mar,75.0,Mar,seasonal,0.6818
bicycles,Feb,45.0,Feb,seasonal,0.5
big island (hawaii),Jan,15.0,Jan,seasonal,0.7143
bihar,Mar,75.0,Mar,seasonal,0.6364
bike accessories,Jun,165.0,Jun,seasonal,0.7143
bike frames,Jan,15.0,Jan,seasonal,0.4545
bike helmets,Apr,105.0,Apr,seasonal,0.5238
bike parts,Jun,165.0,Jun,seasonal,0.6316
bike rentals,Feb,45.0,Feb,seasonal,0.3913
bilbao,Aug,225.0,Aug,seasonal,0.7368
billiards,Jul,195.0,Jul,seasonal,0.5909
billing,May,135.0,May,seasonal,0.4762
binoculars,Jun,165.0,Jun,seasonal,0.3684
biographies,Nov,315.0,Nov,seasonal,0.5238
biological sciences,Mar,75.0,Mar,seasonal,0.5652
biotech,Jan,15.0,Jan,seasonal,0.3333
birds,Jan,15.0,Jan,seasonal,0.5789
birdwatching,Jan,15.0,Jan,seasonal,0.5
birmingham (al),Jan,15.0,Jan,seasonal,0.5455
birmingham (uk),Jan,15.0,Jan,seasonal,0.7143
birth control,Jan,15.0,Jan,seasonal,0.65
birthdays,Jan,15.0,Jan,seasonal,0.45
bisexual,Nov,315.0,Nov,seasonal,0.5556
bizarre,Mar,75.0,Mar,seasonal,0.3
black sea turkey,Feb,45.0,Feb,seasonal,0.4091
blackberry os,Jan,15.0,Jan,seasonal,0.5
blenders,Nov,315.0,Nov,seasonal,0.625
blindness,Sep,255.0,Sep,seasonal,0.5385
blogging resources,Sep,255.0,Sep,seasonal,0.5
blood conditions,Jun,165.0,Jun,seasonal,0.4762
blood sugar,Feb,45.0,Feb,seasonal,0.6923
blu-ray players,Nov,315.0,Nov,seasonal,0.7
blues,Aug,225.0,Aug,seasonal,0.5455
bluetooth accessories,Oct,285.0,Oct,seasonal,0.5714
bmw,Jan,15.0,Jan,seasonal,0.65
bmx bikes,Apr,105.0,Apr,seasonal,0.8
board games,Dec,345.0,Dec,seasonal,0.7917
boating,Jan,15.0,Jan,seasonal,0.7619
boats,Jan,15.0,Jan,seasonal,1.0
bodrum,Jun,165.0,Jun,seasonal,0.8
body art,Feb,45.0,Feb,seasonal,0.7333
body care,Nov,315.0,Nov,seasonal,0.8462
body mounted,Sep,255.0,Sep,seasonal,0.4783
body products,Nov,315.0,Nov,seasonal,0.619
body soaps,Nov,315.0,Nov,seasonal,0.4348
body sprays,Nov,315.0,Nov,seasonal,0.4783
bodybuilding,Jul,195.0,Jul,seasonal,0.5556
bogota,Mar,75.0,Mar,seasonal,0.45
bolivia,Jan,15.0,Jan,seasonal,0.913
bollywood,Jun,165.0,Jun,seasonal,0.5909
bollywood music,Nov,315.0,Nov,seasonal,0.5238
bologna,Apr,105.0,Apr,seasonal,0.6364
bonaire,Jan,15.0,Jan,seasonal,0.619
bonds,Sep,255.0,Sep,seasonal,0.6316
book retailers,Mar,75.0,Mar,seasonal,
bookkeeping,Jan,15.0,Jan,seasonal,0.7083
books,Sep,255.0,Sep,seasonal,0.5652
boots,Nov,315.0,Nov,seasonal,0.619
bora bora,Aug,225.0,Aug,seasonal,0.6
bordeaux,Aug,225.0,Aug,seasonal,0.5
border issues,Jun,165.0,Jun,seasonal,0.3913
bosnia and herzegovina,Mar,75.0,Mar,seasonal,0.4
boston metro,Sep,255.0,Sep,seasonal,0.4444
botswana,Mar,75.0,Mar,seasonal,0.5
bottled water,Jan,15.0,Jan,seasonal,0.5625
bowling,Apr,105.0,Apr,seasonal,0.5455
bowling equipment,Apr,105.0,Apr,seasonal,0.3636
boxing,Dec,345.0,Dec,seasonal,0.619
boxing gloves,Jul,195.0,Jul,seasonal,0.619
brainteasers,Apr,105.0,Apr,seasonal,0.4348
brake service,Jan,15.0,Jan,seasonal,0.65
branch locations,Dec,345.0,Dec,seasonal,0.4545
brand management,Sep,255.0,Sep,seasonal,0.4444
brandenburg,Sep,255.0,Sep,seasonal,0.5
brasilia,Sep,255.0,Sep,seasonal,0.625
brazil,Jun,165.0,Jun,seasonal,0.8824
brazilian music,May,135.0,May,seasonal,0.5
bread makers,Oct,285.0,Oct,seasonal,0.2609
breakfast foods,Jan,15.0,Jan,seasonal,0.4783
breastfeeding,Aug,225.0,Aug,seasonal,0.4737
bremen,Feb,45.0,Feb,seasonal,0.6667
bridal wear,Aug,225.0,Aug,seasonal,0.6667
brisbane,Jan,15.0,Jan,seasonal,0.7143
bristol,Aug,225.0,Aug,seasonal,0.8125
british columbia,Jan,15.0,Jan,seasonal,0.7619
brittany,Jul,195.0,Jul,seasonal,0.25
broadcast,Jan,15.0,Jan,seasonal,0.619
broadway,Nov,315.0,Nov,seasonal,0.9167
brokerages,Sep,255.0,Sep,seasonal,0.7857
broward-fort lauderdale,Nov,315.0,Nov,seasonal,
browser games,Sep,255.0,Sep,seasonal,0.4
brunei,Jul,195.0,Jul,seasonal,0.6471
brussels,Sep,255.0,Sep,seasonal,0.375
bucharest,Apr,105.0,Apr,seasonal,0.5
budapest,May,135.0,May,seasonal,0.7
buddhism,Sep,255.0,Sep,seasonal,0.6957
buenos aires,Apr,105.0,Apr,seasonal,0.5789
buick,Feb,45.0,Feb,seasonal,0.619
building materials,Jul,195.0,Jul,seasonal,0.6667
building toys,Dec,345.0,Dec,seasonal,0.5
buildings,Sep,255.0,Sep,seasonal,0.5909
bulgaria,Mar,75.0,Mar,seasonal,0.7778
burgenland,Jan,15.0,Jan,seasonal,0.6667
burgers,Jan,15.0,Jan,seasonal,0.7895
burgundy,Oct,285.0,Oct,seasonal,0.5
burkina faso,Jan,15.0,Jan,seasonal,0.6667
burners,Jan,15.0,Jan,seasonal,0.5
bursa,Jan,15.0,Jan,seasonal,0.75
busan,Oct,285.0,Oct,seasonal,0.3333
business,Jan,15.0,Jan,seasonal,0.7143
business attire,Jan,15.0,Jan,seasonal,0.6667
business cards,Jan,15.0,Jan,seasonal,0.7727
business education,Feb,45.0,Feb,seasonal,0.5833
business finance,Sep,255.0,Sep,seasonal,0.5833
business formation,Feb,45.0,Feb,seasonal,0.7917
business news,May,135.0,May,seasonal,0.5417
business operations,Sep,255.0,Sep,seasonal,0.6667
business opportunities,Jan,15.0,Jan,seasonal,0.5455
business plans,Sep,255.0,Sep,seasonal,0.5
business process,Sep,255.0,Sep,seasonal,0.7083
business services,Sep,255.0,Sep,seasonal,0.8333
business travel,Jan,15.0,Jan,seasonal,0.5833
butchers,Nov,315.0,Nov,seasonal,0.6667
c,Sep,255.0,Sep,seasonal,0.5455
cabinetry,Jan,15.0,Jan,seasonal,0.5714
cable,Jan,15.0,Jan,seasonal,0.5263
cad,Sep,255.0,Sep,seasonal,0.8
cadillac,Jul,195.0,Jul,seasonal,0.3125
cadiz,Sep,255.0,Sep,seasonal,0.7778
cairns,Jan,15.0,Jan,seasonal,0.55
cairo,Nov,315.0,Nov,seasonal,0.6
calabria,Jul,195.0,Jul,seasonal,0.75
calculators,Feb,45.0,Feb,seasonal,0.6818
calendar,Dec,345.0,Dec,seasonal,0.9091
calendars,Dec,345.0,Dec,seasonal,0.8095
calgary,Jan,15.0,Jan,seasonal,0.5714
california,May,135.0,May,seasonal,0.6667
california central coast,Jul,195.0,Jul,seasonal,0.4091
calling cards,Nov,315.0,Nov,seasonal,0.6957
cam,Jan,15.0,Jan,seasonal,0.6
cambodia,May,135.0,May,seasonal,0.6667
camcorders,Nov,315.0,Nov,seasonal,0.3529
camera,Jun,165.0,Jun,seasonal,0.5217
camera lenses,Nov,315.0,Nov,seasonal,0.5
cameras,Nov,315.0,Nov,seasonal,0.4167
cameroon,Jun,165.0,Jun,seasonal,0.7333
campaigns,Jan,15.0,Jan,seasonal,0.75
campania,Sep,255.0,Sep,seasonal,0.7222
campers,Jan,15.0,Jan,seasonal,0.8636
camping,Jan,15.0,Jan,seasonal,0.6957
canada,Jun,165.0,Jun,seasonal,0.8182
canadian prairies,May,135.0,May,seasonal,1.0
canary islands,Jan,15.0,Jan,seasonal,0.6111
canberra,Aug,225.0,Aug,seasonal,0.5
cancer,Oct,285.0,Oct,seasonal,0.4286
cancun,Jan,15.0,Jan,seasonal,0.6667
candy,Oct,285.0,Oct,seasonal,0.6111
cantabria,Jan,15.0,Jan,seasonal,0.6667
cantopop,Sep,255.0,Sep,seasonal,0.7
cape town,Jul,195.0,Jul,seasonal,0.6522
capoeira,Apr,105.0,Apr,seasonal,0.9231
cappadocia,Jun,165.0,Jun,seasonal,0.4706
car audio,Jan,15.0,Jan,seasonal,0.4762
car electronics,Jan,15.0,Jan,seasonal,0.4348
car rentals,Jun,165.0,Jun,seasonal,0.619
car video,Jan,15.0,Jan,seasonal,0.6957
caracas,Dec,345.0,Dec,seasonal,0.8095
card games,Dec,345.0,Dec,seasonal,0.5238
cardio training equipment,Jan,15.0,Jan,seasonal,0.6667
career resources,Jan,15.0,Jan,seasonal,0.5
cargo trucks,Apr,105.0,Apr,seasonal,0.45
caribbean,May,135.0,May,seasonal,0.6667
caribbean cuisine,Feb,45.0,Feb,seasonal,0.4091
caribbean music,Feb,45.0,Feb,seasonal,0.7368
carinthia,Sep,255.0,Sep,seasonal,0.7727
carnival,Feb,45.0,Feb,seasonal,0.7143
carpets,Jan,15.0,Jan,seasonal,0.4
carpooling,Nov,315.0,Nov,seasonal,0.5
cartoons,Apr,105.0,Apr,seasonal,0.6316
cash advances,Mar,75.0,Mar,seasonal,0.5556
castile and leon,Jan,15.0,Jan,seasonal,1.0
castile-la mancha,Oct,285.0,Oct,seasonal,
casual apparel,Jan,15.0,Jan,seasonal,1.0
casual games,Jan,15.0,Jan,seasonal,0.5217
casual shoes,Aug,225.0,Aug,seasonal,0.5652
catalonia,Jan,15.0,Jan,seasonal,0.4545
catering,Jan,15.0,Jan,seasonal,0.6667
cats,Dec,345.0,Dec,seasonal,0.6
caucasus,Jan,15.0,Jan,seasonal,0.6667
cayman islands,Jan,15.0,Jan,seasonal,0.6818
cd,Dec,345.0,Dec,seasonal,0.5
ceara,Aug,225.0,Aug,seasonal,0.6667
cebu,Jan,15.0,Jan,seasonal,0.875
celebrities,Nov,315.0,Nov,seasonal,0.5238
central,Sep,255.0,Sep,seasonal,0.5909
central america,Sep,255.0,Sep,seasonal,0.7
central anatolia,Oct,285.0,Oct,seasonal,
central asia,Sep,255.0,Sep,seasonal,0.6364
central florida,Jan,15.0,Jan,seasonal,0.5238
central france,May,135.0,May,seasonal,0.7619
central mexico,Jun,165.0,Jun,seasonal,0.7222
centre-val de loire,Oct,285.0,Oct,seasonal,1.0
ceramics,Jan,15.0,Jan,seasonal,0.6818
certification,Jan,15.0,Jan,seasonal,0.5652
chad,Sep,255.0,Sep,seasonal,0.5714
champagne-ardenne,Dec,345.0,Dec,seasonal,0.625
changchun,Mar,75.0,Mar,seasonal,0.3125
charity,Mar,75.0,Mar,seasonal,0.7895
charlotte metro,Nov,315.0,Nov,seasonal,0.7143
charters,Jan,15.0,Jan,seasonal,0.75
chat providers,Dec,345.0,Dec,seasonal,1.0
chatbots,Sep,255.0,Sep,seasonal,0.5217
checking services,Mar,75.0,Mar,seasonal,0.5
cheerleading,Jan,15.0,Jan,seasonal,0.8
cheese,Nov,315.0,Nov,seasonal,0.6364
chemicals industry,Nov,315.0,Nov,seasonal,0.4348
chemistry,Feb,45.0,Feb,seasonal,0.8182
chengdu,Oct,285.0,Oct,seasonal,0.4118
chennai,Mar,75.0,Mar,seasonal,0.7222
chess,Nov,315.0,Nov,seasonal,0.6087
chevrolet,Jan,15.0,Jan,seasonal,0.5263
chhattisgarh,Mar,75.0,Mar,seasonal,0.5
chiang mai,Sep,255.0,Sep,seasonal,0.5714
chiapas,Jan,15.0,Jan,seasonal,0.619
chiba,Jun,165.0,Jun,seasonal,0.4444
chicago,Oct,285.0,Oct,seasonal,0.7059
chihuahua,Jan,15.0,Jan,seasonal,0.4286
child car seats,Jan,15.0,Jan,seasonal,0.3158
child care,Jan,15.0,Jan,seasonal,0.75
child internet safety,Sep,255.0,Sep,seasonal,0.0
children's books,Jan,15.0,Jan,seasonal,0.7273
children's clothing,Oct,285.0,Oct,seasonal,0.5714
children's music,Nov,315.0,Nov,seasonal,0.7895
chile,Jun,165.0,Jun,seasonal,0.8095
china,Jul,195.0,Jul,seasonal,0.4583
chinese cuisine,Jan,15.0,Jan,seasonal,0.6818
chinese martial arts,Mar,75.0,Mar,seasonal,0.4762
chinese medicine,Jan,15.0,Jan,seasonal,0.5217
chips,Jan,15.0,Jan,seasonal,0.6818
chongqing,Apr,105.0,Apr,seasonal,0.4444
choreography videos,Nov,315.0,Nov,seasonal,0.75
christchurch,Feb,45.0,Feb,seasonal,0.5
christian,Dec,345.0,Dec,seasonal,0.65
christian holidays,Nov,315.0,Nov,seasonal,0.9375
christianity,Apr,105.0,Apr,seasonal,0.6818
christmas,Dec,345.0,Dec,seasonal,1.0
chrysler,Dec,345.0,Dec,seasonal,0.8
chubu,Jul,195.0,Jul,seasonal,0.6087
chugoku,Oct,285.0,Oct,seasonal,0.5263
cincinnati,Aug,225.0,Aug,seasonal,0.75
circus,Jun,165.0,Jun,seasonal,0.6111
cis,Jan,15.0,Jan,seasonal,0.5909
citroen,Jan,15.0,Jan,seasonal,0.3636
city,Aug,225.0,Aug,seasonal,0.6364
city building games,Apr,105.0,Apr,seasonal,0.3478
civil engineering,Jun,165.0,Jun,seasonal,0.7391
civil rights,Jan,15.0,Jan,seasonal,0.7391
classic films,Jun,165.0,Jun,seasonal,0.375
classic rock,Sep,255.0,Sep,seasonal,0.3889
classic vehicles,Jun,165.0,Jun,seasonal,0.4286
classical music,Sep,255.0,Sep,seasonal,0.8333
classifieds,Jan,15.0,Jan,seasonal,0.4667
classroom equipment,Aug,225.0,Aug,seasonal,0.2857
classroom resources,Sep,255.0,Sep,seasonal,0.65
clean beauty,Jan,15.0,Jan,seasonal,0.5625
cleaning agents,Feb,45.0,Feb,seasonal,0.5417
cleaning services,Apr,105.0,Apr,seasonal,0.4783
cleansing,Jan,15.0,Jan,seasonal,0.4286
clerical,Jun,165.0,Jun,seasonal,0.3043
climate change,Sep,255.0,Sep,seasonal,0.65
climate control,Jun,165.0,Jun,seasonal,0.913
climbing,Oct,285.0,Oct,seasonal,0.6316
clip art,Feb,45.0,Feb,seasonal,0.5882
clocks,Sep,255.0,Sep,seasonal,0.6667
clothing accessories,Apr,105.0,Apr,seasonal,0.5294
cloud computing,Sep,255.0,Sep,seasonal,0.6667
cloud storage,Oct,285.0,Oct,seasonal,0.3636
clubs,Apr,105.0,Apr,seasonal,0.7
coatings,Jan,15.0,Jan,seasonal,0.5417
cochin,Aug,225.0,Aug,seasonal,0.619
codecs,Jan,15.0,Jan,seasonal,0.8182
coffee,May,135.0,May,seasonal,0.5455
coffee tables,Sep,255.0,Sep,seasonal,0.45
coin-op games,Dec,345.0,Dec,seasonal,
cold,Nov,315.0,Nov,seasonal,0.5556
collaboration,Dec,345.0,Dec,seasonal,0.6667
collectible card games,Apr,105.0,Apr,seasonal,0.4
collectibles,Apr,105.0,Apr,seasonal,0.5714
collections,Jan,15.0,Jan,seasonal,0.7826
college financing,Jun,165.0,Jun,seasonal,0.5882
college sports,Sep,255.0,Sep,seasonal,0.6087
colleges,Jun,165.0,Jun,seasonal,0.5417
collision,Jun,165.0,Jun,seasonal,0.5455
cologne,Dec,345.0,Dec,seasonal,0.3158
colombia,Jun,165.0,Jun,seasonal,0.5909
colorado,Sep,255.0,Sep,seasonal,0.6429
coloring,Feb,45.0,Feb,seasonal,0.5625
columbus (oh),Oct,285.0,Oct,seasonal,0.6667
combat sports,Jul,195.0,Jul,seasonal,0.4545
comedy films,Jan,15.0,Jan,seasonal,0.6875
comics,Oct,285.0,Oct,seasonal,0.3636
commentary,Feb,45.0,Feb,seasonal,0.6087
commercial distribution,Jun,165.0,Jun,seasonal,0.5238
commercial lending,Jul,195.0,Jul,seasonal,0.4737
commercial properties,Jan,15.0,Jan,seasonal,0.5217
commercial vehicles,Jul,195.0,Jul,seasonal,0.6364
commodities,Sep,255.0,Sep,seasonal,0.5238
communications,Jan,15.0,Jan,seasonal,0.4286
communications equipment,Jun,165.0,Jun,seasonal,0.5
compact cars,Aug,225.0,Aug,seasonal,
company earnings,Jul,195.0,Jul,seasonal,0.7391
company news,May,135.0,May,seasonal,0.6667
comparisons,Mar,75.0,Mar,seasonal,0.5
compensation,Feb,45.0,Feb,seasonal,0.5714
competitive video gaming,May,135.0,May,seasonal,0.75
components,Sep,255.0,Sep,seasonal,0.5652
computer,Jul,195.0,Jul,seasonal,0.7391
computer components,Sep,255.0,Sep,seasonal,0.6957
computer desks,Aug,225.0,Aug,seasonal,0.4348
computer drives,Jun,165.0,Jun,seasonal,0.4211
computer education,Feb,45.0,Feb,seasonal,0.6818
computer hardware,Jun,165.0,Jun,seasonal,0.6087
computer memory,Nov,315.0,Nov,seasonal,0.375
computer monitors,Dec,345.0,Dec,seasonal,0.65
computer peripherals,Nov,315.0,Nov,seasonal,0.5652
computer science,Sep,255.0,Sep,seasonal,0.6667
computer security,Jul,195.0,Jul,seasonal,0.7273
computer servers,Feb,45.0,Feb,seasonal,0.3684
computers,Sep,255.0,Sep,seasonal,0.625
concerts,Nov,315.0,Nov,seasonal,0.75
condiments,Jan,15.0,Jan,seasonal,0.4583
conditioners,Jun,165.0,Jun,seasonal,0.9565
condos,Jan,15.0,Jan,seasonal,0.4211
conferencing software,Oct,285.0,Oct,seasonal,0.5
congo (dr),Sep,255.0,Sep,seasonal,0.7692
connecticut,Feb,45.0,Feb,seasonal,0.5
consoles,Dec,345.0,Dec,seasonal,0.7917
constitutional law,Sep,255.0,Sep,seasonal,0.7727
construction,Jan,15.0,Jan,seasonal,0.75
construction consulting,Nov,315.0,Nov,seasonal,0.3333
consulates,Dec,345.0,Dec,seasonal,0.5556
consulting,Jan,15.0,Jan,seasonal,0.7368
consumer advocacy,May,135.0,May,seasonal,0.625
consumer electronics,Jan,15.0,Jan,seasonal,0.4762
consumer resources,Dec,345.0,Dec,seasonal,0.7143
contacts,Oct,285.0,Oct,seasonal,0.619
content management,Jan,15.0,Jan,seasonal,0.6522
contests,Feb,45.0,Feb,seasonal,0.6
continuing education,Jan,15.0,Jan,seasonal,0.5714
contracting,Feb,45.0,Feb,seasonal,0.4348
control equipment,Mar,75.0,Mar,seasonal,0.5455
convenience stores,Jul,195.0,Jul,seasonal,0.2273
conventions,Sep,255.0,Sep,seasonal,0.5217
convertibles,May,135.0,May,seasonal,0.5263
cooking,Nov,315.0,Nov,seasonal,0.6364
cooking fats,Oct,285.0,Oct,seasonal,0.25
cooking tutorials,Sep,255.0,Sep,seasonal,0.4783
cooktops,Jan,15.0,Jan,seasonal,0.5
cookware,Nov,315.0,Nov,seasonal,0.6957
copenhagen,May,135.0,May,seasonal,0.4
copiers,Jan,15.0,Jan,seasonal,0.6316
cordoba,Feb,45.0,Feb,seasonal,0.6364
corporate,Feb,45.0,Feb,seasonal,0.55
corporate events,Jul,195.0,Jul,seasonal,0.45
corporate gifts,Jul,195.0,Jul,seasonal,0.4286
corporate law,Feb,45.0,Feb,seasonal,0.5417
corporate training,Feb,45.0,Feb,seasonal,0.5714
corrections,Sep,255.0,Sep,seasonal,0.5455
corsica,Jun,165.0,Jun,seasonal,0.6667
cosmetic dentistry,Aug,225.0,Aug,seasonal,0.7619
cosmetic procedures,May,135.0,May,seasonal,0.6087
cosmetic surgery,Feb,45.0,Feb,seasonal,0.75
cosmetics,Nov,315.0,Nov,seasonal,0.5
cosmetology,Aug,225.0,Aug,seasonal,0.6087
cosplay,Jul,195.0,Jul,seasonal,0.7222
costa rica,Sep,255.0,Sep,seasonal,0.8421
costumes,Oct,285.0,Oct,seasonal,0.9333
cote d'ivoire,Mar,75.0,Mar,seasonal,0.55
counseling,Jun,165.0,Jun,seasonal,0.7083
counseling services,Mar,75.0,Mar,seasonal,0.5714
counterterrorism,Jul,195.0,Jul,seasonal,0.625
countertops,Jan,15.0,Jan,seasonal,0.75
country music,Mar,75.0,Mar,seasonal,0.7143
coupes,Nov,315.0,Nov,seasonal,0.375
coupons,Jul,195.0,Jul,seasonal,0.5833
couriers,Jun,165.0,Jun,seasonal,0.3333
courts,Sep,255.0,Sep,seasonal,0.4
covid-19,Jan,15.0,Jan,seasonal,0.4286
craft supplies,Jan,15.0,Jan,seasonal,0.6667
crafts,Apr,105.0,Apr,seasonal,0.7368
credit,Jul,195.0,Jul,seasonal,0.4
credit cards,Jan,15.0,Jan,seasonal,0.5217
credit reporting,Sep,255.0,Sep,seasonal,0.5238
crete,Jan,15.0,Jan,seasonal,0.8261
cricket,Jan,15.0,Jan,seasonal,0.6364
cricket equipment,Feb,45.0,Feb,seasonal,0.5909
crime,Jul,195.0,Jul,seasonal,0.7391
crimea,Feb,45.0,Feb,seasonal,0.2727
criminal law,Sep,255.0,Sep,seasonal,0.5
croatia,Mar,75.0,Mar,seasonal,0.9333
crops,Jan,15.0,Jan,seasonal,0.4286
crossovers,Nov,315.0,Nov,seasonal,0.5
crowdfunding,Jan,15.0,Jan,seasonal,0.7143
cruiser bicycles,Apr,105.0,Apr,seasonal,0.5
cruises,Jan,15.0,Jan,seasonal,0.6842
cuba,Jan,15.0,Jan,seasonal,0.6111
cuernavaca (morelos),Jan,15.0,Jan,seasonal,0.7647
cuisines,Aug,225.0,Aug,seasonal,0.3333
culinary training,Jan,15.0,Jan,seasonal,0.6316
cult,Apr,105.0,Apr,seasonal,0.4286
culture festivals,Aug,225.0,Aug,seasonal,0.625
curacao,Sep,255.0,Sep,seasonal,0.8
currencies,Jan,15.0,Jan,seasonal,0.5909
curtains,Jan,15.0,Jan,seasonal,0.5263
custom,Jan,15.0,Jan,seasonal,0.6667
custom homes,Jan,15.0,Jan,seasonal,0.6667
customer relationship management (crm),Sep,255.0,Sep,seasonal,0.5652
customer services,Sep,255.0,Sep,seasonal,0.4286
customer support systems,Mar,75.0,Mar,seasonal,
cutlery,Feb,45.0,Feb,seasonal,0.5238
cutting accessories,Dec,345.0,Dec,seasonal,0.5
cycling,Jul,195.0,Jul,seasonal,0.7727
cycling apparel,Jun,165.0,Jun,seasonal,0.4
cyprus,May,135.0,May,seasonal,0.7692
czech republic,May,135.0,May,seasonal,0.5882
daegu,Feb,45.0,Feb,seasonal,0.6667
daejeon,Dec,345.0,Dec,seasonal,0.9091
daewoo motors,Mar,75.0,Mar,seasonal,
dairy,Jan,15.0,Jan,seasonal,0.8182
dallas-fort worth,Oct,285.0,Oct,seasonal,0.4167
dance,Dec,345.0,Dec,seasonal,0.65
dance games,Dec,345.0,Dec,seasonal,0.8
data backup,Apr,105.0,Apr,seasonal,0.6087
data formats,Sep,255.0,Sep,seasonal,0.5833
data management,Sep,255.0,Sep,seasonal,0.7273
data sheets,Jan,15.0,Jan,seasonal,0.6957
dating,Jan,15.0,Jan,seasonal,0.4348
day trading,Jan,15.0,Jan,seasonal,0.619
debit,Jun,165.0,Jun,seasonal,0.6818
debt collection,Oct,285.0,Oct,seasonal,0.6667
debt management,Jan,15.0,Jan,seasonal,0.6667
defense,Oct,285.0,Oct,seasonal,0.3478
defense industry,Mar,75.0,Mar,seasonal,0.4545
delaware,Jan,15.0,Jan,seasonal,0.5217
delhi,Aug,225.0,Aug,seasonal,0.5417
delicatessens,Aug,225.0,Aug,seasonal,
deltona-daytona beach,Oct,285.0,Oct,seasonal,1.0
demographics,Jan,15.0,Jan,seasonal,0.2857
denim wear,Oct,285.0,Oct,seasonal,0.7391
denmark,Oct,285.0,Oct,seasonal,0.7857
dental care,Feb,45.0,Feb,seasonal,0.5455
denver,Apr,105.0,Apr,seasonal,0.3333
deodorants,Mar,75.0,Mar,seasonal,0.4545
department stores,Nov,315.0,Nov,seasonal,0.619
depression,Jan,15.0,Jan,seasonal,0.6522
derivatives,Feb,45.0,Feb,seasonal,0.7826
design,Jan,15.0,Jan,seasonal,0.5217
design education,Feb,45.0,Feb,seasonal,0.4783
desktop computers,Jun,165.0,Jun,seasonal,0.5455
desktop publishing,Aug,225.0,Aug,seasonal,0.4545
desserts,Feb,45.0,Feb,seasonal,0.6818
detoxification,Sep,255.0,Sep,seasonal,0.4583
detroit,Jun,165.0,Jun,seasonal,0.5
development,Sep,255.0,Sep,seasonal,0.6522
development tools,Nov,315.0,Nov,seasonal,0.5652
developmental disabilities,Sep,255.0,Sep,seasonal,0.5833
device drivers,Nov,315.0,Nov,seasonal,0.5217
dhaka,Aug,225.0,Aug,seasonal,0.4783
diabetes,Jan,15.0,Jan,seasonal,0.5652
diapering,Jan,15.0,Jan,seasonal,0.2308
diaspora,Mar,75.0,Mar,seasonal,0.6818
dice games,Nov,315.0,Nov,seasonal,0.6818
dictionaries,Sep,255.0,Sep,seasonal,0.5417
die-cast,May,135.0,May,seasonal,0.4167
diesel vehicles,Oct,285.0,Oct,seasonal,0.3333
digestive disorders,Jan,15.0,Jan,seasonal,0.6364
digital arts,Jan,15.0,Jan,seasonal,0.6316
digital currencies,Jan,15.0,Jan,seasonal,0.3889
digital slr cameras,Apr,105.0,Apr,seasonal,
digital wallets,Feb,45.0,Feb,seasonal,0.6316
dining,Jan,15.0,Jan,seasonal,0.4
dining furniture,Jan,15.0,Jan,seasonal,0.5
direct mail marketing,Jan,15.0,Jan,seasonal,0.1667
directories,Sep,255.0,Sep,seasonal,0.75
disabled,Apr,105.0,Apr,seasonal,0.4545
disaster preparedness,Feb,45.0,Feb,seasonal,0.7917
discount,Jun,165.0,Jun,seasonal,0.5652
discount offers,Dec,345.0,Dec,seasonal,0.8261
discrimination,Sep,255.0,Sep,seasonal,0.6522
dishwashers,Jan,15.0,Jan,seasonal,0.6667
displays,Nov,315.0,Nov,seasonal,0.7059
distance learning,Jan,15.0,Jan,seasonal,0.4211
distance running,Aug,225.0,Aug,seasonal,0.7
distributed,Nov,315.0,Nov,seasonal,0.6667
divination,Jan,15.0,Jan,seasonal,0.3
diving,Jul,195.0,Jul,seasonal,0.7222
divorce,Jan,15.0,Jan,seasonal,0.6667
diy,Oct,285.0,Oct,seasonal,0.7222
dj resources,Feb,45.0,Feb,seasonal,0.6667
document,Jan,15.0,Jan,seasonal,0.8095
documentary films,Jan,15.0,Jan,seasonal,1.0
dodge,Jan,15.0,Jan,seasonal,0.6429
dogs,Dec,345.0,Dec,seasonal,0.625
doha,May,135.0,May,seasonal,0.7391
dolls,Jul,195.0,Jul,seasonal,0.5
domain registration,Jan,15.0,Jan,seasonal,0.6364
domestic services,Feb,45.0,Feb,seasonal,0.5238
dominica,Feb,45.0,Feb,seasonal,0.7727
dominican republic,Jan,15.0,Jan,seasonal,0.5455
dongguan,Dec,345.0,Dec,seasonal,0.5
doors,Jan,15.0,Jan,seasonal,0.5
download managers,Feb,45.0,Feb,seasonal,0.5556
downloads,Jul,195.0,Jul,seasonal,0.8182
drama films,Mar,75.0,Mar,seasonal,0.4091
drawing,Aug,225.0,Aug,seasonal,0.8261
drenthe,Jan,15.0,Jan,seasonal,0.5714
dress-up,Mar,75.0,Mar,seasonal,0.4762
dresses,Sep,255.0,Sep,seasonal,0.8095
dressings,Nov,315.0,Nov,seasonal,0.5833
drink,Apr,105.0,Apr,seasonal,0.7647
driver education,Jan,15.0,Jan,seasonal,0.5217
driving,Dec,345.0,Dec,seasonal,0.619
driving instruction,Sep,255.0,Sep,seasonal,0.4348
driving laws,Jan,15.0,Jan,seasonal,0.5714
drones,Nov,315.0,Nov,seasonal,0.3636
drug,Jan,15.0,Jan,seasonal,
drug laws,May,135.0,May,seasonal,0.6087
drugs,Jul,195.0,Jul,seasonal,0.5
drums,Sep,255.0,Sep,seasonal,0.4167
drunk driving law,May,135.0,May,seasonal,0.3333
dryers,Oct,285.0,Oct,seasonal,0.5714
dubai,Nov,315.0,Nov,seasonal,0.6087
dublin,Mar,75.0,Mar,seasonal,0.5
duets,Nov,315.0,Nov,seasonal,0.7273
dusseldorf,Feb,45.0,Feb,seasonal,0.7778
dvd,Dec,345.0,Dec,seasonal,0.7
dvd drives,Mar,75.0,Mar,seasonal,0.4667
dvd players,Jul,195.0,Jul,seasonal,0.6364
dvd storage media,Jan,15.0,Jan,seasonal,0.5
dvrs,Sep,255.0,Sep,seasonal,0.4444
dyes,Jun,165.0,Jun,seasonal,0.381
e-book readers,Oct,285.0,Oct,seasonal,
e-books,Jan,15.0,Jan,seasonal,0.75
e-commerce services,Jan,15.0,Jan,seasonal,0.7857
ear nose,Jun,165.0,Jun,seasonal,0.6364
early childhood education,Sep,255.0,Sep,seasonal,0.5263
earth sciences,Jul,195.0,Jul,seasonal,0.6364
east asia,Aug,225.0,Aug,seasonal,0.4348
east asian cuisine,Apr,105.0,Apr,seasonal,
east asian music,Aug,225.0,Aug,seasonal,0.7647
east asians,Oct,285.0,Oct,seasonal,0.5714
east france,Oct,285.0,Oct,seasonal,0.55
east india,Aug,225.0,Aug,seasonal,0.6087
east midlands,Jan,15.0,Jan,seasonal,0.8095
east of england,Apr,105.0,Apr,seasonal,0.7778
east timor,Apr,105.0,Apr,seasonal,0.6316
easter,Mar,75.0,Mar,seasonal,0.6
eastern africa,Feb,45.0,Feb,seasonal,0.625
eastern anatolia,Jan,15.0,Jan,seasonal,
eastern china,Mar,75.0,Mar,seasonal,0.6364
eastern europe,Jan,15.0,Jan,seasonal,0.3571
eastern europeans,Mar,75.0,Mar,seasonal,0.2778
eating disorders,Oct,285.0,Oct,seasonal,0.7857
ecology,Sep,255.0,Sep,seasonal,0.9545
economics,Sep,255.0,Sep,seasonal,0.75
economy news,Jan,15.0,Jan,seasonal,0.4783
ecotourism,Feb,45.0,Feb,seasonal,0.7391
ecuador,Sep,255.0,Sep,seasonal,0.6364
edgy,Jan,15.0,Jan,seasonal,0.5238
edinburgh,Aug,225.0,Aug,seasonal,0.6
editing services,Apr,105.0,Apr,seasonal,0.6
edmonton,Jan,15.0,Jan,seasonal,0.4762
education,Sep,255.0,Sep,seasonal,0.5652
education jobs,Jul,195.0,Jul,seasonal,0.5455
educational games,Feb,45.0,Feb,seasonal,0.5833
educational resources,Mar,75.0,Mar,seasonal,0.3846
educational software,May,135.0,May,seasonal,0.45
educational toys,Nov,315.0,Nov,seasonal,0.2632
egg substitutes,Jun,165.0,Jun,seasonal,0.0
eggs,Mar,75.0,Mar,seasonal,0.7647
egypt,Jan,15.0,Jan,seasonal,0.5
ehime,Mar,75.0,Mar,seasonal,0.5217
el paso,May,135.0,May,seasonal,0.5882
el salvador,Jun,165.0,Jun,seasonal,0.8571
elections,Feb,45.0,Feb,seasonal,0.619
electric,Jan,15.0,Jan,seasonal,0.5
electric bicycles,Jul,195.0,Jul,seasonal,0.5217
electric skateboards,Apr,105.0,Apr,seasonal,0.55
electrical,Sep,255.0,Sep,seasonal,0.8
electrical test,Jul,195.0,Jul,seasonal,0.6364
electricity,Jan,15.0,Jan,seasonal,0.7391
electromechanical devices,Apr,105.0,Apr,seasonal,
electronic accessories,Jul,195.0,Jul,seasonal,0.5909
electronic components,Jan,15.0,Jan,seasonal,0.7083
electronic music,Jun,165.0,Jun,seasonal,0.6667
electronics,Jan,15.0,Jan,seasonal,0.2857
electronics reference,Mar,75.0,Mar,seasonal,0.5714
email,Jan,15.0,Jan,seasonal,0.7273
email marketing,Jan,15.0,Jan,seasonal,0.6364
embassies,Aug,225.0,Aug,seasonal,0.3889
emergency,Feb,45.0,Feb,seasonal,0.3333
emergency services,Feb,45.0,Feb,seasonal,0.4211
emilia-romagna,Sep,255.0,Sep,seasonal,0.6667
employment law,Mar,75.0,Mar,seasonal,0.5909
encyclopedias,Mar,75.0,Mar,seasonal,0.5455
end tables,Jan,15.0,Jan,seasonal,0.1818
endocrine conditions,Jan,15.0,Jan,seasonal,0.5
energy,Sep,255.0,Sep,seasonal,0.7391
energy drinks,Jan,15.0,Jan,seasonal,0.619
engine,Jan,15.0,Jan,seasonal,0.4762
engineering,Sep,255.0,Sep,seasonal,0.5833
england,Jun,165.0,Jun,seasonal,0.6957
enterprise resource planning (erp),Apr,105.0,Apr,seasonal,0.3529
enterprise technology,Feb,45.0,Feb,seasonal,0.4783
entertainment,Apr,105.0,Apr,seasonal,0.5909
entertainment industry,Apr,105.0,Apr,seasonal,0.5833
entertainment media,Sep,255.0,Sep,seasonal,0.4762
entertainment media rentals,Nov,315.0,Nov,seasonal,
entertainment news,May,135.0,May,seasonal,0.7273
entomology,Nov,315.0,Nov,seasonal,0.2609
environment,Feb,45.0,Feb,seasonal,0.7826
environmental allergies,Jun,165.0,Jun,seasonal,
environmental issues,Feb,45.0,Feb,seasonal,0.6
equestrian,Jun,165.0,Jun,seasonal,0.5882
equestrian equipment,Oct,285.0,Oct,seasonal,0.0
equipment,Jan,15.0,Jan,seasonal,0.6
escrow,Jan,15.0,Jan,seasonal,0.8333
esoteric traditions,Jul,195.0,Jul,seasonal,1.0
espirito santo,Feb,45.0,Feb,seasonal,0.5789
espresso makers,Dec,345.0,Dec,seasonal,0.3333
essen (ruhr area),Jul,195.0,Jul,seasonal,
estate planning,Oct,285.0,Oct,seasonal,0.4444
estonia,May,135.0,May,seasonal,0.8824
ethics,Feb,45.0,Feb,seasonal,0.4545
ethiopia,Jun,165.0,Jun,seasonal,0.6522
ethnic,Jan,15.0,Jan,seasonal,0.75
etiquette,Jan,15.0,Jan,seasonal,0.5882
europe,Jul,195.0,Jul,seasonal,0.6316
event,Sep,255.0,Sep,seasonal,0.6957
event entertainment,Jul,195.0,Jul,seasonal,0.3333
event planning,Jan,15.0,Jan,seasonal,0.6522
event ticket sales,Jan,15.0,Jan,seasonal,1.0
events,Oct,285.0,Oct,seasonal,0.6667
exams,Mar,75.0,Mar,seasonal,0.8
exchange traded funds,Jan,15.0,Jan,seasonal,0.4091
exchanges,Sep,255.0,Sep,seasonal,0.4783
executive,Sep,255.0,Sep,seasonal,0.625
executive branch,Oct,285.0,Oct,seasonal,0.8125
exotic pets,Jan,15.0,Jan,seasonal,0.5714
expatriate communities,Dec,345.0,Dec,seasonal,
experimental,Feb,45.0,Feb,seasonal,0.7143
expert content,May,135.0,May,seasonal,0.45
export,Jan,15.0,Jan,seasonal,0.5789
expos,Jan,15.0,Jan,seasonal,0.5
extensions,Jan,15.0,Jan,seasonal,0.6667
extremadura,Sep,255.0,Sep,seasonal,0.6316
extreme sports,Nov,315.0,Nov,seasonal,0.5385
eye exams,Aug,225.0,Aug,seasonal,0.6087
eye makeup,Oct,285.0,Oct,seasonal,0.7619
eyeglasses,Jan,15.0,Jan,seasonal,0.5909
eyewear,Jan,15.0,Jan,seasonal,0.7273
face,Feb,45.0,Feb,seasonal,0.5833
face care products,Jan,15.0,Jan,seasonal,0.55
face cleansers,Nov,315.0,Nov,seasonal,0.5714
face lotions,Jul,195.0,Jul,seasonal,0.3636
face makeup,Oct,285.0,Oct,seasonal,0.8261
face masks,Jan,15.0,Jan,seasonal,0.6667
facial hair removal,Jan,15.0,Jan,seasonal,0.6522
facilities management,Sep,255.0,Sep,seasonal,0.4167
factory automation,Feb,45.0,Feb,seasonal,0.7273
family,Jun,165.0,Jun,seasonal,0.65
family films,Oct,285.0,Oct,seasonal,0.6
family law,Jul,195.0,Jul,seasonal,0.5
family travel,Jun,165.0,Jun,seasonal,0.4737
family-oriented games,Aug,225.0,Aug,seasonal,0.5
fan fiction,Dec,345.0,Dec,seasonal,0.7647
fandom communities,Jan,15.0,Jan,seasonal,0.6667
fantasy,Aug,225.0,Aug,seasonal,0.5714
fantasy books,Jan,15.0,Jan,seasonal,0.7083
fantasy films,Jul,195.0,Jul,seasonal,0.5455
fantasy shows,Dec,345.0,Dec,seasonal,0.4211
fantasy sports,Aug,225.0,Aug,seasonal,0.5833
far eastern russia,Nov,315.0,Nov,seasonal,0.4545
farmers' markets,Jan,15.0,Jan,seasonal,0.5
farms,Jul,195.0,Jul,seasonal,0.7391
fashion,Sep,255.0,Sep,seasonal,0.55
fashion designers,Feb,45.0,Feb,seasonal,0.65
fashion games,Dec,345.0,Dec,seasonal,0.4375
fashion modeling,Feb,45.0,Feb,seasonal,0.5882
fast food,Jan,15.0,Jan,seasonal,0.4762
fasteners,Mar,75.0,Mar,seasonal,0.6
fauna,May,135.0,May,seasonal,0.5455
fax machines,Mar,75.0,Mar,seasonal,0.3333
feminine hygiene products,Nov,315.0,Nov,seasonal,0.6364
fencing,Feb,45.0,Feb,seasonal,0.8571
ferrari,Feb,45.0,Feb,seasonal,0.5882
fiat,Jan,15.0,Jan,seasonal,0.8333
fiber,Jun,165.0,Jun,seasonal,0.619
field,Jan,15.0,Jan,seasonal,0.5714
fighting games,Apr,105.0,Apr,seasonal,0.6364
fiji,Feb,45.0,Feb,seasonal,0.4545
file sharing,Jan,15.0,Jan,seasonal,0.5
film,Dec,345.0,Dec,seasonal,0.5263
film festivals,May,135.0,May,seasonal,0.5417
filtering,Feb,45.0,Feb,seasonal,0.4783
finance,Jan,15.0,Jan,seasonal,0.6818
finance jobs,May,135.0,May,seasonal,0.6
financial aid,Jan,15.0,Jan,seasonal,0.6364
financial crime,Mar,75.0,Mar,seasonal,0.6364
financial markets news,Sep,255.0,Sep,seasonal,0.5789
financial planning,Jan,15.0,Jan,seasonal,0.6667
financial software,Mar,75.0,Mar,seasonal,0.6522
fine dining,Jan,15.0,Jan,seasonal,0.7619
finishing,Sep,255.0,Sep,seasonal,0.7826
finland,May,135.0,May,seasonal,0.7647
fire,Sep,255.0,Sep,seasonal,0.3684
fireplaces,Nov,315.0,Nov,seasonal,1.0
fiscal policy news,Apr,105.0,Apr,seasonal,1.0
fish,Jan,15.0,Jan,seasonal,0.5714
fishing,Jan,15.0,Jan,seasonal,0.7391
fitness,Jan,15.0,Jan,seasonal,0.7826
fitness challenges,Jan,15.0,Jan,seasonal,0.4783
fitness equipment,Jan,15.0,Jan,seasonal,0.5217
fitness instruction,Jan,15.0,Jan,seasonal,0.6429
fitness video games,Nov,315.0,Nov,seasonal,0.3889
fittings,Jan,15.0,Jan,seasonal,0.5238
flanders,Apr,105.0,Apr,seasonal,0.7692
flash drives,Dec,345.0,Dec,seasonal,0.619
flevoland,Jan,15.0,Jan,seasonal,0.4286
floor care,May,135.0,May,seasonal,0.4444
flooring,Jan,15.0,Jan,seasonal,0.7143
flora,Aug,225.0,Aug,seasonal,0.5238
florence,Jan,15.0,Jan,seasonal,0.6364
florida,Jan,15.0,Jan,seasonal,0.4444
florida keys,Jan,15.0,Jan,seasonal,0.7333
florida panhandle,Jan,15.0,Jan,seasonal,0.4583
flowers,Feb,45.0,Feb,seasonal,0.7
flu,Jan,15.0,Jan,seasonal,0.5333
fluid handling,Dec,345.0,Dec,seasonal,
folk,Jan,15.0,Jan,seasonal,0.4348
folklore,May,135.0,May,seasonal,0.7368
fonts,Jan,15.0,Jan,seasonal,0.5909
food,Apr,105.0,Apr,seasonal,0.7391
food allergies,Jan,15.0,Jan,seasonal,0.5455
food festivals,Jun,165.0,Jun,seasonal,0.7727
food mixers,Mar,75.0,Mar,seasonal,0.2222
food processors,Nov,315.0,Nov,seasonal,0.619
food production,Jan,15.0,Jan,seasonal,0.75
food service,Jan,15.0,Jan,seasonal,0.5455
food shows,Jan,15.0,Jan,seasonal,0.5909
footwear,Feb,45.0,Feb,seasonal,0.619
ford,Jan,15.0,Jan,seasonal,0.6842
foreclosed properties,Jan,15.0,Jan,seasonal,0.5714
foreign exchange,Sep,255.0,Sep,seasonal,0.7727
foreign language study,Jun,165.0,Jun,seasonal,0.6842
forestry,Nov,315.0,Nov,seasonal,0.5238
formal wear,Aug,225.0,Aug,seasonal,0.7391
forms,Feb,45.0,Feb,seasonal,0.6667
fortaleza,Oct,285.0,Oct,seasonal,0.7083
forum,Sep,255.0,Sep,seasonal,0.5455
fragrances,Sep,255.0,Sep,seasonal,0.5714
france,Jun,165.0,Jun,seasonal,0.9
franche-comte,Jun,165.0,Jun,seasonal,
frankfurt,Aug,225.0,Aug,seasonal,0.5417
fraternal orders,Dec,345.0,Dec,seasonal,
fraternities,Aug,225.0,Aug,seasonal,0.5263
freeware,Mar,75.0,Mar,seasonal,0.4706
freezers,Jun,165.0,Jun,seasonal,0.6111
freight transport,Feb,45.0,Feb,seasonal,0.6087
french cuisine,Jan,15.0,Jan,seasonal,0.75
french guiana,May,135.0,May,seasonal,0.6316
friendship,Jul,195.0,Jul,seasonal,0.5455
friesland,Jan,15.0,Jan,seasonal,0.4762
friuli-venezia giulia,Mar,75.0,Mar,seasonal,0.1667
frozen desserts,Jan,15.0,Jan,seasonal,0.5
fruits,Jan,15.0,Jan,seasonal,0.45
fujian,Nov,315.0,Nov,seasonal,0.7391
fukui,Feb,45.0,Feb,seasonal,0.5385
fukuoka,Feb,45.0,Feb,seasonal,0.5
fukushima,Jan,15.0,Jan,seasonal,0.7778
fun,Apr,105.0,Apr,seasonal,0.5
fun tests,Jun,165.0,Jun,seasonal,0.55
funds,Jan,15.0,Jan,seasonal,0.4091
funny pictures,Apr,105.0,Apr,seasonal,0.0
furnished rentals,Jun,165.0,Jun,seasonal,0.5
futures trading,Jan,15.0,Jan,seasonal,0.4091
gadgets,May,135.0,May,seasonal,0.5652
galapagos islands,Jan,15.0,Jan,seasonal,0.7
galicia,Jul,195.0,Jul,seasonal,0.6111
galleries,Nov,315.0,Nov,seasonal,0.1429
game systems,Oct,285.0,Oct,seasonal,0.25
games,Dec,345.0,Dec,seasonal,0.6364
gaming reference,Feb,45.0,Feb,seasonal,0.7143
gangs,Jan,15.0,Jan,seasonal,0.7647
gangwon,Jul,195.0,Jul,seasonal,0.625
gansu,Oct,285.0,Oct,seasonal,0.4444
garden,Jan,15.0,Jan,seasonal,0.875
garden structures,Nov,315.0,Nov,seasonal,0.4762
garden tv shows,Feb,45.0,Feb,seasonal,0.2727
gardening,Mar,75.0,Mar,seasonal,0.913
gardens,Jan,15.0,Jan,seasonal,0.6
gas,Sep,255.0,Sep,seasonal,0.5909
gas prices,Oct,285.0,Oct,seasonal,0.2857
gatlinburg,Jun,165.0,Jun,seasonal,0.913
gay,Jun,165.0,Jun,seasonal,0.7143
gear,Jun,165.0,Jun,seasonal,0.8125
gelderland,Feb,45.0,Feb,seasonal,0.5
gems,Dec,345.0,Dec,seasonal,0.7273
genealogy,Feb,45.0,Feb,seasonal,0.5294
general reference,May,135.0,May,seasonal,0.6522
generators,Jan,15.0,Jan,seasonal,0.45
genetic disorders,Nov,315.0,Nov,seasonal,0.75
genetics,Feb,45.0,Feb,seasonal,0.6818
geneva,Mar,75.0,Mar,seasonal,0.45
genoa,Aug,225.0,Aug,seasonal,0.6667
geology,Feb,45.0,Feb,seasonal,0.7619
georgia,Sep,255.0,Sep,seasonal,0.5714
georgia (usa),May,135.0,May,seasonal,0.6875
gerd,Mar,75.0,Mar,seasonal,0.7895
geriatrics,Feb,45.0,Feb,seasonal,0.625
german cuisine,Aug,225.0,Aug,seasonal,0.6522
germany,Mar,75.0,Mar,seasonal,0.9474
get ready with me videos,Aug,225.0,Aug,seasonal,0.9167
ghana,Jun,165.0,Jun,seasonal,0.6875
gift baskets,Dec,345.0,Dec,seasonal,1.0
gifts,Dec,345.0,Dec,seasonal,0.6364
gifu,Apr,105.0,Apr,seasonal,0.5263
glasgow,Feb,45.0,Feb,seasonal,0.5714
global warming,Sep,255.0,Sep,seasonal,0.8889
gluten-free diets,Mar,75.0,Mar,seasonal,
gmc,Sep,255.0,Sep,seasonal,0.6
goa,Nov,315.0,Nov,seasonal,0.55
goias,May,135.0,May,seasonal,0.4211
gold coast,Jan,15.0,Jan,seasonal,0.7143
golf,Jan,15.0,Jan,seasonal,0.8095
golf equipment,Jun,165.0,Jun,seasonal,0.6
gospel music,Jan,15.0,Jan,seasonal,0.5263
gossip,Oct,285.0,Oct,seasonal,0.6
goth subculture,Aug,225.0,Aug,seasonal,0.5217
gourmet,Jan,15.0,Jan,seasonal,0.5238
government,Sep,255.0,Sep,seasonal,0.6957
government agencies,Sep,255.0,Sep,seasonal,0.5
government contracting,Aug,225.0,Aug,seasonal,0.5
government grants,Jul,195.0,Jul,seasonal,0.7727
gps,May,135.0,May,seasonal,0.3478
graduate education,May,135.0,May,seasonal,0.5238
graduation,May,135.0,May,seasonal,0.7727
grains,Jan,15.0,Jan,seasonal,0.8261
granada,Apr,105.0,Apr,seasonal,0.4615
grand rapids-west michigan,Aug,225.0,Aug,seasonal,
grand strand,Jan,15.0,Jan,seasonal,0.5455
grand-est,Mar,75.0,Mar,seasonal,
grants,Jan,15.0,Jan,seasonal,0.4348
graphic design,Jan,15.0,Jan,seasonal,0.6818
graphics,Nov,315.0,Nov,seasonal,0.7143
great plains (usa),Aug,225.0,Aug,seasonal,
greater cleveland,Jul,195.0,Jul,seasonal,0.5263
greater hartford,Apr,105.0,Apr,seasonal,0.5
greater orlando,Dec,345.0,Dec,seasonal,
greater st. louis,Feb,45.0,Feb,seasonal,
greater toronto,Feb,45.0,Feb,seasonal,0.6522
greece,May,135.0,May,seasonal,0.8
greek cuisine,Oct,285.0,Oct,seasonal,0.381
green,Oct,285.0,Oct,seasonal,0.4667
green living,Sep,255.0,Sep,seasonal,0.5333
greenland,Nov,315.0,Nov,seasonal,0.2222
greenville,Apr,105.0,Apr,seasonal,0.5652
greeting cards,Dec,345.0,Dec,seasonal,0.8824
grenada,Jun,165.0,Jun,seasonal,0.619
grenadines,Oct,285.0,Oct,seasonal,0.65
grilling,May,135.0,May,seasonal,0.9167
grills,Apr,105.0,Apr,seasonal,0.6923
grocery delivery,Jan,15.0,Jan,seasonal,0.4783
grocery delivery services,Dec,345.0,Dec,seasonal,
grocery retailers,Sep,255.0,Sep,seasonal,
groningen,Aug,225.0,Aug,seasonal,0.6364
guadalajara,Feb,45.0,Feb,seasonal,0.8333
guadeloupe,Dec,345.0,Dec,seasonal,0.7059
guam,Mar,75.0,Mar,seasonal,0.6
guanajuato,Jan,15.0,Jan,seasonal,0.55
guangdong,Nov,315.0,Nov,seasonal,0.6923
guangxi,Jun,165.0,Jun,seasonal,0.8333
guangzhou,Apr,105.0,Apr,seasonal,0.7
guatemala,Sep,255.0,Sep,seasonal,0.8696
guerrero,Apr,105.0,Apr,seasonal,0.6842
guided tours,Jan,15.0,Jan,seasonal,0.4091
guides,Jan,15.0,Jan,seasonal,0.4783
guitars,Jan,15.0,Jan,seasonal,0.7
guizhou,Jan,15.0,Jan,seasonal,0.7273
gujarat,Mar,75.0,Mar,seasonal,0.5455
gunma,May,135.0,May,seasonal,0.5652
guyana,May,135.0,May,seasonal,0.4286
gwangju,Apr,105.0,Apr,seasonal,0.35
gyeonggi,Jun,165.0,Jun,seasonal,0.7273
gymnastics,Jun,165.0,Jun,seasonal,0.875
gymnastics equipment,Feb,45.0,Feb,seasonal,0.5625
gyms,Jun,165.0,Jun,seasonal,0.7368
hainan,Jan,15.0,Jan,seasonal,0.4211
hair accessories,Apr,105.0,Apr,seasonal,0.6316
hair care,May,135.0,May,seasonal,0.6364
hair cutting,Apr,105.0,Apr,seasonal,0.7273
hair inspiration,Jul,195.0,Jul,seasonal,0.6364
hair loss,Jan,15.0,Jan,seasonal,0.5833
hair styling tools,Feb,45.0,Feb,seasonal,0.5417
haiti,Feb,45.0,Feb,seasonal,0.5
halifax,Jul,195.0,Jul,seasonal,0.0
halloween,Oct,285.0,Oct,seasonal,0.9444
hamburg,Jan,15.0,Jan,seasonal,0.3077
hand,Jan,15.0,Jan,seasonal,0.6471
handbags,Jun,165.0,Jun,seasonal,0.2222
handball,Jan,15.0,Jan,seasonal,0.7143
handheld game consoles,Jul,195.0,Jul,seasonal,0.4348
handhelds,Jan,15.0,Jan,seasonal,0.7083
hangzhou,Jun,165.0,Jun,seasonal,0.4286
hanoi,Sep,255.0,Sep,seasonal,0.5
harare,Jun,165.0,Jun,seasonal,0.5238
harbin,Jan,15.0,Jan,seasonal,0.55
hard drives,Nov,315.0,Nov,seasonal,0.5
hard rock,Feb,45.0,Feb,seasonal,0.6
hardware modding,Jun,165.0,Jun,seasonal,1.0
hatchbacks,Jul,195.0,Jul,seasonal,0.4286
hauts-de-france,Jan,15.0,Jan,seasonal,0.7222
hawaii,Jul,195.0,Jul,seasonal,0.625
hdtvs,Apr,105.0,Apr,seasonal,0.4444
headaches,Jan,15.0,Jan,seasonal,0.6667
headboards,May,135.0,May,seasonal,0.6111
headphones,Dec,345.0,Dec,seasonal,0.4783
headwear,Oct,285.0,Oct,seasonal,0.6087
health,Jan,15.0,Jan,seasonal,0.6667
health clubs,Jun,165.0,Jun,seasonal,0.4
health conditions,Sep,255.0,Sep,seasonal,0.5455
health education,Feb,45.0,Feb,seasonal,0.6522
health foundations,Dec,345.0,Dec,seasonal,0.5714
health insurance,Nov,315.0,Nov,seasonal,0.5833
health news,Jan,15.0,Jan,seasonal,0.4
health policy,Sep,255.0,Sep,seasonal,0.8182
healthy eating,Jan,15.0,Jan,seasonal,0.6316
hearing impairment,Jan,15.0,Jan,seasonal,0.5
heart,Feb,45.0,Feb,seasonal,0.5882
heat pumps,Jan,15.0,Jan,seasonal,0.8261
heaters,Oct,285.0,Oct,seasonal,0.7391
heavy machinery,Dec,345.0,Dec,seasonal,0.4286
hebei,Jul,195.0,Jul,seasonal,0.5455
hedge funds,Jan,15.0,Jan,seasonal,0.3636
heilongjiang,Apr,105.0,Apr,seasonal,0.0
helpdesk,Sep,255.0,Sep,seasonal,0.5556
helsinki,Feb,45.0,Feb,seasonal,0.3
henan,Jul,195.0,Jul,seasonal,0.4
herbs,Jan,15.0,Jan,seasonal,0.6957
hesse,Jan,15.0,Jan,seasonal,0.6
high intensity interval training,Jan,15.0,Jan,seasonal,0.6087
high performance,Nov,315.0,Nov,seasonal,0.8095
hiking,Jan,15.0,Jan,seasonal,0.5909
hinduism,Jul,195.0,Jul,seasonal,0.6364
hints,Jan,15.0,Jan,seasonal,0.5789
hip-hop,Oct,285.0,Oct,seasonal,0.75
hiroshima,Aug,225.0,Aug,seasonal,0.75
historical sites,Nov,315.0,Nov,seasonal,0.4737
history,Feb,45.0,Feb,seasonal,0.6667
hiv,Aug,225.0,Aug,seasonal,0.5789
ho chi minh city,Jan,15.0,Jan,seasonal,0.5263
hobbies,Jan,15.0,Jan,seasonal,0.5909
hockey,Oct,285.0,Oct,seasonal,0.8571
hockey equipment,Oct,285.0,Oct,seasonal,0.7778
hokkaido,Jan,15.0,Jan,seasonal,0.5909
holiday supplies,Dec,345.0,Dec,seasonal,0.4286
holidays,Dec,345.0,Dec,seasonal,0.8182
home,Dec,345.0,Dec,seasonal,0.619
home alarm,Jul,195.0,Jul,seasonal,0.6429
home appliances,Jun,165.0,Jun,seasonal,0.55
home automation,Sep,255.0,Sep,seasonal,0.6364
home cleaning,Jan,15.0,Jan,seasonal,0.5217
home delivery services,Nov,315.0,Nov,seasonal,
home equity loans,Jan,15.0,Jan,seasonal,0.5714
home financing,Sep,255.0,Sep,seasonal,0.5652
home furnishings,Jun,165.0,Jun,seasonal,0.5
home improvement,Dec,345.0,Dec,seasonal,0.5333
home insurance,Feb,45.0,Feb,seasonal,0.4211
home office,Jan,15.0,Jan,seasonal,0.6818
home refinancing,Jan,15.0,Jan,seasonal,0.5833
home safety,Jan,15.0,Jan,seasonal,0.5652
home storage,Jan,15.0,Jan,seasonal,0.5789
home swimming pools,May,135.0,May,seasonal,0.875
home theater systems,Jul,195.0,Jul,seasonal,0.5263
homeschooling,Jan,15.0,Jan,seasonal,0.6522
honda,Feb,45.0,Feb,seasonal,0.6111
honduras,Jun,165.0,Jun,seasonal,1.0
honeymoons,Jul,195.0,Jul,seasonal,0.5714
hong kong,Jun,165.0,Jun,seasonal,0.5
horror books,Sep,255.0,Sep,seasonal,0.5909
horror films,Oct,285.0,Oct,seasonal,0.5652
horror games,May,135.0,May,seasonal,0.8571
horses,May,135.0,May,seasonal,0.4545
horticulture,Sep,255.0,Sep,seasonal,0.5455
hosiery,Jul,195.0,Jul,seasonal,0.619
hospitality industry,Jan,15.0,Jan,seasonal,0.625
hospitals,Jan,15.0,Jan,seasonal,0.5263
hosting,Jan,15.0,Jan,seasonal,0.8261
hotels,Jun,165.0,Jun,seasonal,0.6087
house painting,Mar,75.0,Mar,seasonal,0.7059
household batteries,May,135.0,May,seasonal,0.5
household cleaning supplies,Mar,75.0,Mar,seasonal,
household fans,Sep,255.0,Sep,seasonal,
household supplies,Aug,225.0,Aug,seasonal,0.75
housing,Jan,15.0,Jan,seasonal,0.5
houston,Aug,225.0,Aug,seasonal,
how-to,Aug,225.0,Aug,seasonal,0.7619
hsinchu,Aug,225.0,Aug,seasonal,0.619
hubei,Jul,195.0,Jul,seasonal,0.75
human resources,Jan,15.0,Jan,seasonal,0.7391
human rights,Sep,255.0,Sep,seasonal,0.7727
humanities,Feb,45.0,Feb,seasonal,0.7391
hummer,Aug,225.0,Aug,seasonal,0.6667
humor,Dec,345.0,Dec,seasonal,0.5385
hunan,Jan,15.0,Jan,seasonal,0.65
hungary,Mar,75.0,Mar,seasonal,0.7647
hunger,Nov,315.0,Nov,seasonal,0.5
hunting,Nov,315.0,Nov,seasonal,0.8947
hvac,Jan,15.0,Jan,seasonal,0.8182
hybrid,Oct,285.0,Oct,seasonal,0.5
hyderabad,Mar,75.0,Mar,seasonal,0.7391
hydropower,Feb,45.0,Feb,seasonal,0.6957
hygiene,Jan,15.0,Jan,seasonal,0.6364
hyogo,Mar,75.0,Mar,seasonal,0.5263
hypertension,Feb,45.0,Feb,seasonal,0.8182
hyundai,Jan,15.0,Jan,seasonal,0.5263
ibaraki,Dec,345.0,Dec,seasonal,0.5
ice cream,Apr,105.0,Apr,seasonal,0.8095
ice skating,Dec,345.0,Dec,seasonal,0.75
ice skating equipment,Mar,75.0,Mar,seasonal,1.0
iceland,May,135.0,May,seasonal,0.6842
idaho,Apr,105.0,Apr,seasonal,0.55
identity groups,Sep,255.0,Sep,seasonal,0.4286
identity relations,Mar,75.0,Mar,seasonal,0.4444
identity theft protection,Apr,105.0,Apr,seasonal,0.375
ile-de-france,Jan,15.0,Jan,seasonal,0.5789
illinois,Sep,255.0,Sep,seasonal,0.4545
illustration,Sep,255.0,Sep,seasonal,0.5909
image sharing,Aug,225.0,Aug,seasonal,0.6087
immigration,Jan,15.0,Jan,seasonal,0.7727
immigration policy,Oct,285.0,Oct,seasonal,0.5909
immunizations,Sep,255.0,Sep,seasonal,0.55
import,Nov,315.0,Nov,seasonal,0.7222
incheon,Apr,105.0,Apr,seasonal,0.875
india,Jan,15.0,Jan,seasonal,0.7143
indian cuisine,Jul,195.0,Jul,seasonal,0.4545
indian ocean islands,Feb,45.0,Feb,seasonal,0.6667
indiana,Apr,105.0,Apr,seasonal,0.6842
indianapolis,May,135.0,May,seasonal,0.7
indie,Jan,15.0,Jan,seasonal,0.7619
indie films,Jan,15.0,Jan,seasonal,0.5556
indigenous peoples,Jun,165.0,Jun,seasonal,0.8636
individual sports,Mar,75.0,Mar,seasonal,0.6957
indonesia,Dec,345.0,Dec,seasonal,0.5217
industrial,Feb,45.0,Feb,seasonal,0.5455
industrial handling,May,135.0,May,seasonal,0.6667
industrial materials,Dec,345.0,Dec,seasonal,0.6667
industrial measurement,Jan,15.0,Jan,seasonal,0.5455
industrial music,Jan,15.0,Jan,seasonal,0.7273
industry shows,Aug,225.0,Aug,seasonal,0.6111
infectious diseases,Feb,45.0,Feb,seasonal,0.4
infertility,Sep,255.0,Sep,seasonal,0.3333
infiniti,Jan,15.0,Jan,seasonal,0.6923
inheritance,Mar,75.0,Mar,seasonal,0.619
injury,Sep,255.0,Sep,seasonal,0.45
ink,Feb,45.0,Feb,seasonal,0.6154
inland empire,Jan,15.0,Jan,seasonal,0.7778
inner mongolia,Jul,195.0,Jul,seasonal,0.4545
input devices,Sep,255.0,Sep,seasonal,0.6364
insects,Apr,105.0,Apr,seasonal,0.65
instant messaging,Jul,195.0,Jul,seasonal,0.5714
instruction,Aug,225.0,Aug,seasonal,0.2308
insurance,Jan,15.0,Jan,seasonal,0.6818
intellectual property,Feb,45.0,Feb,seasonal,0.6818
intelligence,Nov,315.0,Nov,seasonal,0.6
interior decor,Jun,165.0,Jun,seasonal,0.7391
interior design,Jan,15.0,Jan,seasonal,0.6087
internal martial arts,Nov,315.0,Nov,seasonal,0.5556
international relations,May,135.0,May,seasonal,0.6087
international sports competitions,Jan,15.0,Jan,seasonal,0.5
internet,Jan,15.0,Jan,seasonal,0.6842
internet cafes,Aug,225.0,Aug,seasonal,0.45
internet software,Jun,165.0,Jun,seasonal,0.4783
internships,Jan,15.0,Jan,seasonal,0.5909
investigations,Jan,15.0,Jan,seasonal,0.65
investing,Jan,15.0,Jan,seasonal,0.8889
investment banking,Sep,255.0,Sep,seasonal,0.619
invoicing,Jan,15.0,Jan,seasonal,0.5455
ios apps,Sep,255.0,Sep,seasonal,0.7647
iowa,Aug,225.0,Aug,seasonal,0.65
iran,Sep,255.0,Sep,seasonal,0.2941
iraq,Jan,15.0,Jan,seasonal,0.2353
ireland,May,135.0,May,seasonal,0.7
ishikawa,Feb,45.0,Feb,seasonal,0.5238
islam,Aug,225.0,Aug,seasonal,0.4348
islamic holidays,Oct,285.0,Oct,seasonal,0.8333
islands,Jan,15.0,Jan,seasonal,0.5
isps,Feb,45.0,Feb,seasonal,0.4545
israel,Mar,75.0,Mar,seasonal,0.3
istanbul,Oct,285.0,Oct,seasonal,0.35
isuzu,Jan,15.0,Jan,seasonal,0.619
it,May,135.0,May,seasonal,0.5
italian cuisine,Oct,285.0,Oct,seasonal,0.6364
italy,Feb,45.0,Feb,seasonal,0.7619
iwate,Sep,255.0,Sep,seasonal,0.5714
izmir,Apr,105.0,Apr,seasonal,0.7
jacksonville,Aug,225.0,Aug,seasonal,0.6316
jaguar,Jun,165.0,Jun,seasonal,0.3889
jaipur,Dec,345.0,Dec,seasonal,0.4286
jakarta,Jun,165.0,Jun,seasonal,0.4
jalisco,Sep,255.0,Sep,seasonal,0.7368
jamaica,Jan,15.0,Jan,seasonal,0.65
jams,May,135.0,May,seasonal,0.5625
japan,May,135.0,May,seasonal,0.3571
japanese cuisine,Apr,105.0,Apr,seasonal,0.5
japanese martial arts,Jan,15.0,Jan,seasonal,0.7143
japanese pop,Nov,315.0,Nov,seasonal,0.5
java (indonesia),Sep,255.0,Sep,seasonal,0.4167
java (programming language),Sep,255.0,Sep,seasonal,0.7619
jazz,Sep,255.0,Sep,seasonal,0.8824
jeddah,Nov,315.0,Nov,seasonal,0.4118
jeep,Jan,15.0,Jan,seasonal,0.3529
jeju,Apr,105.0,Apr,seasonal,0.6667
jellies,Nov,315.0,Nov,seasonal,0.45
jerusalem,Apr,105.0,Apr,seasonal,0.8462
jewelry,Nov,315.0,Nov,seasonal,0.45
jewish culture,Oct,285.0,Oct,seasonal,0.625
jewish holidays,Dec,345.0,Dec,seasonal,0.7143
jiangsu,Jul,195.0,Jul,seasonal,0.6154
jiangxi,May,135.0,May,seasonal,0.5
jilin,Mar,75.0,Mar,seasonal,0.9167
job listings,Dec,345.0,Dec,seasonal,0.3333
jobs,Jan,15.0,Jan,seasonal,0.8
johannesburg,Jan,15.0,Jan,seasonal,0.4545
jordan,Feb,45.0,Feb,seasonal,0.5714
journalism,Feb,45.0,Feb,seasonal,0.7391
judaism,Sep,255.0,Sep,seasonal,0.55
judiciary,Sep,255.0,Sep,seasonal,0.6957
juice,Apr,105.0,Apr,seasonal,0.75
juicers,Jan,15.0,Jan,seasonal,0.5625
jujutsu,Feb,45.0,Feb,seasonal,0.4167
justice,Oct,285.0,Oct,seasonal,0.2941
kagawa,Mar,75.0,Mar,seasonal,0.5
kagoshima,Jul,195.0,Jul,seasonal,0.4091
kalimantan,Sep,255.0,Sep,seasonal,0.4286
kanagawa,Sep,255.0,Sep,seasonal,0.5
kansai,Mar,75.0,Mar,seasonal,0.7083
kansas,Jan,15.0,Jan,seasonal,0.7895
kansas city,Jan,15.0,Jan,seasonal,0.7917
kanto,Nov,315.0,Nov,seasonal,0.4737
kaohsiung,Oct,285.0,Oct,seasonal,0.5417
karachi,Feb,45.0,Feb,seasonal,0.6522
karate,May,135.0,May,seasonal,0.2727
karnataka,Nov,315.0,Nov,seasonal,0.6
kauai,Jan,15.0,Jan,seasonal,0.5909
kawasaki,Mar,75.0,Mar,seasonal,0.5714
kazakhstan,Sep,255.0,Sep,seasonal,0.5217
kentucky,Sep,255.0,Sep,seasonal,0.8095
kenya,Mar,75.0,Mar,seasonal,0.625
kerala,Aug,225.0,Aug,seasonal,0.3333
keyboards,Nov,315.0,Nov,seasonal,0.5263
kia,Feb,45.0,Feb,seasonal,0.619
kickboxing,Jan,15.0,Jan,seasonal,0.5833
kids' bikes,Aug,225.0,Aug,seasonal,
kiev,Nov,315.0,Nov,seasonal,0.4545
kinshasa,Dec,345.0,Dec,seasonal,0.4583
kitchen,Jan,15.0,Jan,seasonal,0.5263
kitchen hoods,Jul,195.0,Jul,seasonal,0.3913
kitchen utensils,Sep,255.0,Sep,seasonal,0.4783
knowledge management,Feb,45.0,Feb,seasonal,0.55
kobe,Oct,285.0,Oct,seasonal,0.375
kochi,Aug,225.0,Aug,seasonal,0.35
kolkata,Sep,255.0,Sep,seasonal,0.5714
konya,Aug,225.0,Aug,seasonal,0.75
korean cuisine,Nov,315.0,Nov,seasonal,0.5217
korean pop,Feb,45.0,Feb,seasonal,0.5
kosher foods,Jan,15.0,Jan,seasonal,0.25
kosovo,Jun,165.0,Jun,seasonal,1.0
krakow,Jan,15.0,Jan,seasonal,0.5833
kuala lumpur,Feb,45.0,Feb,seasonal,0.3913
kumamoto,Mar,75.0,Mar,seasonal,0.3846
kuwait,Jan,15.0,Jan,seasonal,0.4545
kyoto,Jan,15.0,Jan,seasonal,0.4118
kyrgyzstan,Jun,165.0,Jun,seasonal,0.5217
kyushu,Nov,315.0,Nov,seasonal,0.5238
la rioja,Feb,45.0,Feb,seasonal,0.85
labor,Sep,255.0,Sep,seasonal,0.7778
labor issues,Sep,255.0,Sep,seasonal,0.875
labor movement,Sep,255.0,Sep,seasonal,0.6957
labrador,Jan,15.0,Jan,seasonal,0.5
lacrosse,Feb,45.0,Feb,seasonal,0.9412
lagos,Apr,105.0,Apr,seasonal,0.5652
lahore,Feb,45.0,Feb,seasonal,0.6364
lake tahoe,Jun,165.0,Jun,seasonal,0.9167
lakes,Jan,15.0,Jan,seasonal,0.5
lamborghini,Jun,165.0,Jun,seasonal,0.4615
lamps,Oct,285.0,Oct,seasonal,0.6111
land,Jan,15.0,Jan,seasonal,0.7647
land rover,Aug,225.0,Aug,seasonal,0.6316
landscape design,Feb,45.0,Feb,seasonal,0.7727
language resources,Jan,15.0,Jan,seasonal,0.2917
languedoc-roussillon,Sep,255.0,Sep,seasonal,0.6667
laos,Jul,195.0,Jul,seasonal,0.5556
laptops,Jan,15.0,Jan,seasonal,0.8182
las vegas,Jan,15.0,Jan,seasonal,0.8333
laser vision correction,Apr,105.0,Apr,seasonal,0.0
last minute travel,Jan,15.0,Jan,seasonal,0.5238
latin america,Sep,255.0,Sep,seasonal,0.7059
latin cuisine,Jan,15.0,Jan,seasonal,0.7273
latin music,Apr,105.0,Apr,seasonal,0.6667
latin pop,Sep,255.0,Sep,seasonal,0.4286
latin-americans,May,135.0,May,seasonal,
latinos,Jul,195.0,Jul,seasonal,0.5
latvia,May,135.0,May,seasonal,0.75
laundry,Jan,15.0,Jan,seasonal,0.6111
law,Sep,255.0,Sep,seasonal,0.4583
law enforcement,Jan,15.0,Jan,seasonal,0.7619
lawn,May,135.0,May,seasonal,1.0
lawn mowers,May,135.0,May,seasonal,0.9091
lazio,Jul,195.0,Jul,seasonal,0.65
lcd tvs,Jun,165.0,Jun,seasonal,0.7
learning,Jan,15.0,Jan,seasonal,0.6667
lebanon,Jan,15.0,Jan,seasonal,0.6667
leeds-bradford,Jun,165.0,Jun,seasonal,1.0
legal,Apr,105.0,Apr,seasonal,0.4375
legal education,Mar,75.0,Mar,seasonal,0.5909
legal forms,Aug,225.0,Aug,seasonal,0.5
legal jobs,May,135.0,May,seasonal,0.65
legal services,Nov,315.0,Nov,seasonal,0.5417
legal shows,Apr,105.0,Apr,seasonal,0.4211
legislative branch,Oct,285.0,Oct,seasonal,0.75
leisure,Nov,315.0,Nov,seasonal,0.65
lending,Jan,15.0,Jan,seasonal,0.6667
lesbian,Nov,315.0,Nov,seasonal,0.6667
lesson plans,Sep,255.0,Sep,seasonal,0.6957
lexus,Jan,15.0,Jan,seasonal,0.3182
liaoning,Jan,15.0,Jan,seasonal,0.5714
liberties,Sep,255.0,Sep,seasonal,0.6364
libraries,Sep,255.0,Sep,seasonal,0.6957
libya,Oct,285.0,Oct,seasonal,0.3333
liechtenstein,Jun,165.0,Jun,seasonal,0.7778
life hacks,Apr,105.0,Apr,seasonal,0.5714
life insurance,Jan,15.0,Jan,seasonal,0.5455
life simulation games,Dec,345.0,Dec,seasonal,0.6667
lighting,Oct,285.0,Oct,seasonal,0.7059
liguria,Jan,15.0,Jan,seasonal,0.6667
lille,Aug,225.0,Aug,seasonal,0.6087
lima,Apr,105.0,Apr,seasonal,0.4737
limburg,Jan,15.0,Jan,seasonal,0.7333
limousin,Aug,225.0,Aug,seasonal,0.5
lincoln,Feb,45.0,Feb,seasonal,0.7857
lines of credit,Jan,15.0,Jan,seasonal,0.4091
linux,Feb,45.0,Feb,seasonal,0.6
lip makeup,Oct,285.0,Oct,seasonal,0.5333
lip sync videos,Jan,15.0,Jan,seasonal,0.6667
liquidators,Oct,285.0,Oct,seasonal,0.3333
lisbon,Sep,255.0,Sep,seasonal,0.4286
listings,Jan,15.0,Jan,seasonal,0.619
literary classics,Jun,165.0,Jun,seasonal,0.3889
literature,Feb,45.0,Feb,seasonal,0.7391
lithuania,May,135.0,May,seasonal,0.9
little rock,Dec,345.0,Dec,seasonal,0.7778
live comedy,Jul,195.0,Jul,seasonal,0.55
live sporting events,Feb,45.0,Feb,seasonal,1.0
live video streaming,Jun,165.0,Jun,seasonal,0.5417
liverpool,Jul,195.0,Jul,seasonal,0.5238
livestock,Jan,15.0,Jan,seasonal,0.6522
living room furniture,Jan,15.0,Jan,seasonal,0.5652
loans,Jan,15.0,Jan,seasonal,0.55
lobbying,Nov,315.0,Nov,seasonal,0.5714
local government,Feb,45.0,Feb,seasonal,0.6957
local guides,Jul,195.0,Jul,seasonal,0.3
local news,Jan,15.0,Jan,seasonal,0.5217
locks,Apr,105.0,Apr,seasonal,0.45
locksmiths,Aug,225.0,Aug,seasonal,0.5455
logistics,Feb,45.0,Feb,seasonal,0.45
lombardy,Oct,285.0,Oct,seasonal,0.8462
london (uk),Sep,255.0,Sep,seasonal,0.3529
long distance bus,Mar,75.0,Mar,seasonal,0.3913
long term care,Feb,45.0,Feb,seasonal,0.3913
lorraine,Jul,195.0,Jul,seasonal,0.6316
los angeles,Dec,345.0,Dec,seasonal,0.5789
los cabos,Jan,15.0,Jan,seasonal,0.7
lots,Dec,345.0,Dec,seasonal,0.65
louisiana,Apr,105.0,Apr,seasonal,0.6364
louisville,Sep,255.0,Sep,seasonal,0.8333
lounge wear,Jan,15.0,Jan,seasonal,0.6522
low cost,Jan,15.0,Jan,seasonal,0.619
low fat,Jan,15.0,Jan,seasonal,0.5714
lower austria,Oct,285.0,Oct,seasonal,
lower normandy,Aug,225.0,Aug,seasonal,
lower saxony,Feb,45.0,Feb,seasonal,0.5
loyalty cards,Jul,195.0,Jul,seasonal,0.381
lubricants,Feb,45.0,Feb,seasonal,0.6667
luggage,Jul,195.0,Jul,seasonal,0.6818
luxembourg,Jun,165.0,Jun,seasonal,0.8182
luxury goods,Dec,345.0,Dec,seasonal,0.6087
luxury travel,Jan,15.0,Jan,seasonal,0.4286
luxury vehicles,Jan,15.0,Jan,seasonal,0.5
lyon,Aug,225.0,Aug,seasonal,0.5238
lyric videos,Jan,15.0,Jan,seasonal,0.5238
mac os,Jun,165.0,Jun,seasonal,0.8667
macau,Nov,315.0,Nov,seasonal,0.4091
machine learning,Feb,45.0,Feb,seasonal,0.6087
madagascar,Jan,15.0,Jan,seasonal,0.4286
madeira,Jan,15.0,Jan,seasonal,0.4737
madhya pradesh,Jul,195.0,Jul,seasonal,0.5
madrid,Feb,45.0,Feb,seasonal,0.6522
magazines,Jun,165.0,Jun,seasonal,0.3636
magic,Nov,315.0,Nov,seasonal,0.5789
maharashtra,Dec,345.0,Dec,seasonal,0.5417
mail,Nov,315.0,Nov,seasonal,0.6875
maine,Aug,225.0,Aug,seasonal,0.5217
maintenance,Apr,105.0,Apr,seasonal,0.6087
major kitchen appliances,Jan,15.0,Jan,seasonal,0.5
make-up,Oct,285.0,Oct,seasonal,0.7857
make-up tutorials,Oct,285.0,Oct,seasonal,0.6
makeup removers,Jan,15.0,Jan,seasonal,1.0
malaga,Jan,15.0,Jan,seasonal,0.75
malawi,Jan,15.0,Jan,seasonal,0.6842
malaysia,Aug,225.0,Aug,seasonal,0.5652
maldives,Feb,45.0,Feb,seasonal,0.4737
male impotence,Jun,165.0,Jun,seasonal,0.3077
mali,Jan,15.0,Jan,seasonal,0.7619
malta,May,135.0,May,seasonal,0.9375
maluku islands,Jan,15.0,Jan,seasonal,1.0
malware,Feb,45.0,Feb,seasonal,0.5714
management,Feb,45.0,Feb,seasonal,0.5714
management jobs,Jun,165.0,Jun,seasonal,0.6667
manchester,Aug,225.0,Aug,seasonal,0.5238
mandopop,May,135.0,May,seasonal,0.5
manga,Feb,45.0,Feb,seasonal,0.6667
manicures,Nov,315.0,Nov,seasonal,0.55
manila,Jun,165.0,Jun,seasonal,0.6316
manitoba,Jan,15.0,Jan,seasonal,0.7692
manufactured homes,Jan,15.0,Jan,seasonal,0.5909
manufacturing,Sep,255.0,Sep,seasonal,0.6818
maps,Jun,165.0,Jun,seasonal,0.375
maranhao,Jun,165.0,Jun,seasonal,0.5714
marche,Nov,315.0,Nov,seasonal,0.75
mardi gras,Feb,45.0,Feb,seasonal,0.6364
marine sciences,Sep,255.0,Sep,seasonal,0.6667
marines,Jan,15.0,Jan,seasonal,0.5
maritime transport,Sep,255.0,Sep,seasonal,0.4783
marketing,Jan,15.0,Jan,seasonal,0.6522
marketing jobs,May,135.0,May,seasonal,0.7273
marmara region,Feb,45.0,Feb,seasonal,
marriage,Feb,45.0,Feb,seasonal,0.6087
marseille,Feb,45.0,Feb,seasonal,0.6842
martial arts,Jan,15.0,Jan,seasonal,0.6364
martial arts equipment,Jan,15.0,Jan,seasonal,0.4167
martial arts films,Apr,105.0,Apr,seasonal,0.5
martinique,Feb,45.0,Feb,seasonal,0.55
maryland,Sep,255.0,Sep,seasonal,0.7273
maserati,Sep,255.0,Sep,seasonal,0.5882
mass merchants,Jun,165.0,Jun,seasonal,0.0
massachusetts,Jun,165.0,Jun,seasonal,0.5333
massage therapy,Feb,45.0,Feb,seasonal,0.6
massively multiplayer games,Apr,105.0,Apr,seasonal,
maternity,Jan,15.0,Jan,seasonal,0.5
mathematics,Feb,45.0,Feb,seasonal,0.75
mato grosso,Dec,345.0,Dec,seasonal,0.55
mato grosso do sul,Jan,15.0,Jan,seasonal,0.6957
matrimonial services,Jan,15.0,Jan,seasonal,0.5
mattresses,Mar,75.0,Mar,seasonal,0.5
maui,Jan,15.0,Jan,seasonal,0.6842
mazda,Jan,15.0,Jan,seasonal,0.6842
meal kits,Jan,15.0,Jan,seasonal,0.5238
measurement,Sep,255.0,Sep,seasonal,0.6818
meat,Oct,285.0,Oct,seasonal,0.5238
mecklenburg-vorpommern,Dec,345.0,Dec,seasonal,0.5652
media critics,Jul,195.0,Jul,seasonal,0.6667
media players,Feb,45.0,Feb,seasonal,0.65
media streaming devices,Oct,285.0,Oct,seasonal,
media studies,Sep,255.0,Sep,seasonal,0.8636
medical devices,Feb,45.0,Feb,seasonal,0.5455
medical facilities,Sep,255.0,Sep,seasonal,0.6087
medical jobs,May,135.0,May,seasonal,0.6087
medical literature,Jan,15.0,Jan,seasonal,0.375
medical photos,Oct,285.0,Oct,seasonal,0.65
medical procedures,Jan,15.0,Jan,seasonal,0.3684
medical research,Sep,255.0,Sep,seasonal,0.4348
medical tests,Jun,165.0,Jun,seasonal,0.7778
medical tourism,Jan,15.0,Jan,seasonal,0.5
medical training,Jun,165.0,Jun,seasonal,0.5455
medications,Feb,45.0,Feb,seasonal,0.6667
meditation,Jan,15.0,Jan,seasonal,0.5714
mediterranean cuisine,Jun,165.0,Jun,seasonal,0.4545
mediterranean europe,Jul,195.0,Jul,seasonal,0.3913
mediterranean turkey,Jul,195.0,Jul,seasonal,0.4545
melanesia,May,135.0,May,seasonal,0.5
melbourne,Mar,75.0,Mar,seasonal,0.8
memorabilia,Jul,195.0,Jul,seasonal,0.5556
memory card readers,Jun,165.0,Jun,seasonal,
memory cards,Jun,165.0,Jun,seasonal,0.5714
memphis,Nov,315.0,Nov,seasonal,0.5714
men's clothing,Jun,165.0,Jun,seasonal,0.4091
men's health,Jan,15.0,Jan,seasonal,0.8182
men's interests,May,135.0,May,seasonal,
men's interests (mature),Jun,165.0,Jun,seasonal,0.0
mental health,Sep,255.0,Sep,seasonal,0.7917
mercedes-benz,Jan,15.0,Jan,seasonal,0.75
merchant services,Sep,255.0,Sep,seasonal,0.4286
mercury,Sep,255.0,Sep,seasonal,0.5714
mergers,Sep,255.0,Sep,seasonal,0.5385
merida,Jan,15.0,Jan,seasonal,0.8333
merit prizes,Nov,315.0,Nov,seasonal,
mersin,Feb,45.0,Feb,seasonal,0.4545
messaging,Nov,315.0,Nov,seasonal,0.8125
messengers,Sep,255.0,Sep,seasonal,0.7143
metal (music),Dec,345.0,Dec,seasonal,0.75
metals,Sep,255.0,Sep,seasonal,0.75
mexican cuisine,Oct,285.0,Oct,seasonal,0.6522
mexico,Jun,165.0,Jun,seasonal,0.85
mexico city,Jan,15.0,Jan,seasonal,0.5294
mexico state,Sep,255.0,Sep,seasonal,0.9444
miami-dade,Jan,15.0,Jan,seasonal,0.5882
michigan,Sep,255.0,Sep,seasonal,0.7619
michoacan,Sep,255.0,Sep,seasonal,0.5
microblogging,Jan,15.0,Jan,seasonal,0.45
microcars,Nov,315.0,Nov,seasonal,0.4211
micronesia,Mar,75.0,Mar,seasonal,0.5556
microwaves,Sep,255.0,Sep,seasonal,0.8333
middle africa,Feb,45.0,Feb,seasonal,0.4444
middle east,Jan,15.0,Jan,seasonal,0.4783
middle eastern,Apr,105.0,Apr,seasonal,1.0
middle eastern cuisine,Apr,105.0,Apr,seasonal,0.7
middle easterners,Jan,15.0,Jan,seasonal,
midi-pyrenees,Nov,315.0,Nov,seasonal,
midwest (usa),Jun,165.0,Jun,seasonal,0.5417
mie,Dec,345.0,Dec,seasonal,0.6957
migraines,Jan,15.0,Jan,seasonal,0.6316
milan,Jul,195.0,Jul,seasonal,0.6818
military,Aug,225.0,Aug,seasonal,0.4545
military history,Feb,45.0,Feb,seasonal,0.5455
milwaukee,Nov,315.0,Nov,seasonal,0.7143
minas gerais,Sep,255.0,Sep,seasonal,0.8333
mindfulness,Jan,15.0,Jan,seasonal,0.9048
minecraft,Dec,345.0,Dec,seasonal,0.6316
mini,Jun,165.0,Jun,seasonal,0.5909
miniatures,Jan,15.0,Jan,seasonal,0.6667
mining,Feb,45.0,Feb,seasonal,0.619
minivans,May,135.0,May,seasonal,0.4667
minneapolis-saint paul,Feb,45.0,Feb,seasonal,
minnesota,Sep,255.0,Sep,seasonal,0.625
mississippi,Sep,255.0,Sep,seasonal,0.7895
missouri,Jan,15.0,Jan,seasonal,0.7
mitsubishi,Jan,15.0,Jan,seasonal,0.5909
mixed martial arts,Mar,75.0,Mar,seasonal,0.6667
miyagi,Jul,195.0,Jul,seasonal,0.4762
miyazaki,Nov,315.0,Nov,seasonal,0.6
mlm,Dec,345.0,Dec,seasonal,0.5217
moba games,May,135.0,May,seasonal,0.7727
mobile,Mar,75.0,Mar,seasonal,0.5
mobile apps,Jan,15.0,Jan,seasonal,0.6471
mobile os,Jan,15.0,Jan,seasonal,0.4348
mobile payments,May,135.0,May,seasonal,0.5
mobile phone repair,May,135.0,May,seasonal,0.6087
mobile phones,May,135.0,May,seasonal,0.6667
mobile themes,May,135.0,May,seasonal,0.35
mobility equipment,Jun,165.0,Jun,seasonal,0.6667
model trains,Nov,315.0,Nov,seasonal,0.9333
modeling,Jan,15.0,Jan,seasonal,0.75
moisturizers,Oct,285.0,Oct,seasonal,0.6087
moldova,May,135.0,May,seasonal,0.7333
molise,Aug,225.0,Aug,seasonal,0.5789
monaco,May,135.0,May,seasonal,0.7273
money transfer,Aug,225.0,Aug,seasonal,0.4545
mongolia,Sep,255.0,Sep,seasonal,0.619
monitoring,Feb,45.0,Feb,seasonal,0.55
monitoring software,Feb,45.0,Feb,seasonal,0.5
montana,May,135.0,May,seasonal,0.4
montenegro,Mar,75.0,Mar,seasonal,0.5652
monterrey,Jul,195.0,Jul,seasonal,0.5789
montpellier,Aug,225.0,Aug,seasonal,0.4762
montreal,Jun,165.0,Jun,seasonal,0.3333
mopeds,Mar,75.0,Mar,seasonal,0.5556
morocco,Nov,315.0,Nov,seasonal,0.7
mortgages,Jan,15.0,Jan,seasonal,0.5909
moscow,May,135.0,May,seasonal,0.5882
motivational,Feb,45.0,Feb,seasonal,0.5909
motor sports,Oct,285.0,Oct,seasonal,0.5294
motor vehicles (by brand),Jul,195.0,Jul,seasonal,
motor vehicles (by type),Jul,195.0,Jul,seasonal,
motorcycle racing,Apr,105.0,Apr,seasonal,0.5
motorcycles,Jan,15.0,Jan,seasonal,0.6
mountain,Apr,105.0,Apr,seasonal,0.5
mountain bikes,Apr,105.0,Apr,seasonal,0.7778
mountaineering,Dec,345.0,Dec,seasonal,0.5714
movie,Apr,105.0,Apr,seasonal,0.619
movie listings,Mar,75.0,Mar,seasonal,0.4286
movie memorabilia,Jan,15.0,Jan,seasonal,0.4583
movie reference,Apr,105.0,Apr,seasonal,0.4783
movie reviews,Dec,345.0,Dec,seasonal,0.5238
movies,Jan,15.0,Jan,seasonal,0.5
moving,Jan,15.0,Jan,seasonal,0.5
mozambique,Mar,75.0,Mar,seasonal,0.5238
mp3,May,135.0,May,seasonal,0.5455
mugla,May,135.0,May,seasonal,0.6522
mukbang videos,Jun,165.0,Jun,seasonal,0.6522
multilateral organizations,May,135.0,May,seasonal,
multimedia software,Nov,315.0,Nov,seasonal,0.4783
mumbai,Apr,105.0,Apr,seasonal,0.625
munich,Feb,45.0,Feb,seasonal,0.8182
murcia,Mar,75.0,Mar,seasonal,0.5625
musculoskeletal conditions,Jan,15.0,Jan,seasonal,0.0
museums,Mar,75.0,Mar,seasonal,0.381
music,Feb,45.0,Feb,seasonal,0.6667
music art,Feb,45.0,Feb,seasonal,0.3889
music awards,Apr,105.0,Apr,seasonal,0.75
music composition,Jan,15.0,Jan,seasonal,0.5
music education,Jan,15.0,Jan,seasonal,0.6957
music equipment,Jan,15.0,Jan,seasonal,0.5
music festivals,Mar,75.0,Mar,seasonal,0.5
music performances,Nov,315.0,Nov,seasonal,0.6
music recording technology,Dec,345.0,Dec,seasonal,
music reference,Jul,195.0,Jul,seasonal,0.6471
music software,Jan,15.0,Jan,seasonal,0.7059
music streams,Jan,15.0,Jan,seasonal,0.25
music videos,Oct,285.0,Oct,seasonal,0.4545
musical films,Apr,105.0,Apr,seasonal,0.6667
musical instruments,Sep,255.0,Sep,seasonal,0.8095
musical theater,Jan,15.0,Jan,seasonal,0.65
mutual funds,Jul,195.0,Jul,seasonal,0.7727
myanmar,May,135.0,May,seasonal,0.4545
myrtle beach,May,135.0,May,seasonal,0.7895
mystery books,Jan,15.0,Jan,seasonal,0.4583
mystery films,Jan,15.0,Jan,seasonal,0.5909
myth,Aug,225.0,Aug,seasonal,0.7
nagano,May,135.0,May,seasonal,0.6429
nagasaki,Aug,225.0,Aug,seasonal,0.6364
nagoya,Jul,195.0,Jul,seasonal,0.6
nail care,Jan,15.0,Jan,seasonal,0.5217
nail care products,May,135.0,May,seasonal,0.5238
nails,Dec,345.0,Dec,seasonal,0.6875
nairobi,Mar,75.0,Mar,seasonal,0.5714
name days,Feb,45.0,Feb,seasonal,0.7273
nanjing,Jul,195.0,Jul,seasonal,0.6667
nantes,Feb,45.0,Feb,seasonal,0.6
naples,Jan,15.0,Jan,seasonal,0.4783
nara,Aug,225.0,Aug,seasonal,0.4545
nashville,Jan,15.0,Jan,seasonal,0.5909
nassau,Jan,15.0,Jan,seasonal,0.7857
native americans,Nov,315.0,Nov,seasonal,0.8095
natural foods,Jan,15.0,Jan,seasonal,0.4783
natural medicine,Feb,45.0,Feb,seasonal,0.6667
navarra,Mar,75.0,Mar,seasonal,0.6875
navigation,Jan,15.0,Jan,seasonal,0.4783
navy,Jul,195.0,Jul,seasonal,0.5714
nebraska,Sep,255.0,Sep,seasonal,0.619
necklaces,Dec,345.0,Dec,seasonal,0.5
nepal,Aug,225.0,Aug,seasonal,0.4762
net,Jan,15.0,Jan,seasonal,0.6111
netherlands,May,135.0,May,seasonal,0.7895
network monitoring,Jan,15.0,Jan,seasonal,0.4783
network news,Oct,285.0,Oct,seasonal,0.4091
network security,Sep,255.0,Sep,seasonal,0.6667
network storage,Feb,45.0,Feb,seasonal,0.4286
networking,Jan,15.0,Jan,seasonal,0.75
networking equipment,Jun,165.0,Jun,seasonal,0.0
neurological conditions,Mar,75.0,Mar,seasonal,0.3043
neuroscience,Oct,285.0,Oct,seasonal,0.6667
nevada,Jul,195.0,Jul,seasonal,0.7778
nevis,Jun,165.0,Jun,seasonal,0.5789
new brunswick,Jan,15.0,Jan,seasonal,0.55
new england,Sep,255.0,Sep,seasonal,0.6316
new hampshire,Jul,195.0,Jul,seasonal,0.3333
new haven,Jun,165.0,Jun,seasonal,0.0
new homes,Jan,15.0,Jan,seasonal,0.7143
new jersey,Jan,15.0,Jan,seasonal,0.3684
new mexico,Sep,255.0,Sep,seasonal,0.8182
new orleans,Sep,255.0,Sep,seasonal,0.6667
new south wales,Jun,165.0,Jun,seasonal,0.8
new year,Dec,345.0,Dec,seasonal,1.0
new york city,Nov,315.0,Nov,seasonal,0.5
new york state,Sep,255.0,Sep,seasonal,1.0
new zealand,Sep,255.0,Sep,seasonal,0.7619
newborn celebrations,Mar,75.0,Mar,seasonal,
newcastle (au),Sep,255.0,Sep,seasonal,0.8
newfoundland,Dec,345.0,Dec,seasonal,0.8182
news,May,135.0,May,seasonal,0.3913
news industry,Aug,225.0,Aug,seasonal,0.5217
newspapers,Jan,15.0,Jan,seasonal,0.625
nicaragua,Mar,75.0,Mar,seasonal,0.625
nice,Aug,225.0,Aug,seasonal,0.6429
niche interests,Sep,255.0,Sep,seasonal,0.0
niger,Jun,165.0,Jun,seasonal,0.4286
nigeria,Jun,165.0,Jun,seasonal,0.6471
nightlife,Jan,15.0,Jan,seasonal,0.6842
niigata,Feb,45.0,Feb,seasonal,0.4
ningxia,Jun,165.0,Jun,seasonal,0.6667
nintendo,Jun,165.0,Jun,seasonal,0.6522
nissan,Jan,15.0,Jan,seasonal,0.6471
non-believers,Jun,165.0,Jun,seasonal,0.6
nonfiction,Sep,255.0,Sep,seasonal,0.7727
nonwovens,Nov,315.0,Nov,seasonal,0.3333
nord-pas-de-calais,Oct,285.0,Oct,seasonal,0.4706
nordic countries,Nov,315.0,Nov,seasonal,0.5909
normandy,Feb,45.0,Feb,seasonal,0.8667
north african music,Aug,225.0,Aug,seasonal,0.3636
north america,Jan,15.0,Jan,seasonal,0.8889
north american cuisine,Jun,165.0,Jun,seasonal,
north brabant,Jul,195.0,Jul,seasonal,0.5
north brazil,Dec,345.0,Dec,seasonal,
north carolina,Feb,45.0,Feb,seasonal,0.5217
north central china,Jan,15.0,Jan,seasonal,0.5
north chungcheong,Aug,225.0,Aug,seasonal,
north dakota,Sep,255.0,Sep,seasonal,0.3684
north east england,Jan,15.0,Jan,seasonal,0.75
north florida,Sep,255.0,Sep,seasonal,0.5
north france,Feb,45.0,Feb,seasonal,0.5882
north gyeongsang,Nov,315.0,Nov,seasonal,
north holland,Sep,255.0,Sep,seasonal,0.5
north india,Mar,75.0,Mar,seasonal,0.4545
north jeolla,Jul,195.0,Jul,seasonal,
north korea,Aug,225.0,Aug,seasonal,0.3889
north macedonia,Mar,75.0,Mar,seasonal,0.8182
north rhine-westphalia,Nov,315.0,Nov,seasonal,0.7778
north west england,Sep,255.0,Sep,seasonal,0.5
northeast brazil,Oct,285.0,Oct,seasonal,0.75
northeast china,Mar,75.0,Mar,seasonal,0.4348
northeast india,Feb,45.0,Feb,seasonal,0.3913
northern africa,Feb,45.0,Feb,seasonal,0.3636
northern ireland,Sep,255.0,Sep,seasonal,0.9474
northern mexico,Jun,165.0,Jun,seasonal,0.45
northern territories,Dec,345.0,Dec,seasonal,0.5652
northern territory,Jan,15.0,Jan,seasonal,0.2778
northwest china,Oct,285.0,Oct,seasonal,0.4286
northwestern russia,Aug,225.0,Aug,seasonal,0.5
norway,May,135.0,May,seasonal,1.0
notebooks,Jan,15.0,Jan,seasonal,0.8095
nouvelle-aquitaine,Aug,225.0,Aug,seasonal,0.4737
nova scotia,Jan,15.0,Jan,seasonal,0.6667
nuclear energy,Sep,255.0,Sep,seasonal,0.5
nuevo leon,Dec,345.0,Dec,seasonal,0.6364
nursery,Jun,165.0,Jun,seasonal,0.5217
nursery rhymes,Jun,165.0,Jun,seasonal,0.5909
nursing,Feb,45.0,Feb,seasonal,0.5652
nusa tenggara,Oct,285.0,Oct,seasonal,0.6087
nutrition,Jul,195.0,Jul,seasonal,0.6818
nutrition drinks,Mar,75.0,Mar,seasonal,0.7647
oahu,Jan,15.0,Jan,seasonal,0.7083
oaxaca,Sep,255.0,Sep,seasonal,0.8421
obesity,Jan,15.0,Jan,seasonal,0.625
obgyn,Jan,15.0,Jan,seasonal,0.4545
occitanie,Jan,15.0,Jan,seasonal,0.6667
occult,Jan,15.0,Jan,seasonal,0.5882
occupational health,Jan,15.0,Jan,seasonal,0.6957
ocean city (md),Apr,105.0,Apr,seasonal,0.8333
oceania,Jun,165.0,Jun,seasonal,0.5556
october 31st,Oct,285.0,Oct,seasonal,0.8
oddly satisfying videos,Oct,285.0,Oct,seasonal,0.8333
odz,Dec,345.0,Dec,seasonal,0.5
off-grid living,Jun,165.0,Jun,seasonal,0.4545
off-road vehicles,Aug,225.0,Aug,seasonal,0.4091
offbeat,Nov,315.0,Nov,seasonal,0.7083
office,Jan,15.0,Jan,seasonal,0.6316
office chairs,Nov,315.0,Nov,seasonal,0.7
office furniture,Jan,15.0,Jan,seasonal,0.7391
office services,Jan,15.0,Jan,seasonal,0.5455
office supplies,Jul,195.0,Jul,seasonal,0.9524
ohio,Nov,315.0,Nov,seasonal,0.6522
oil,Jan,15.0,Jan,seasonal,0.5
oil changes,Jan,15.0,Jan,seasonal,0.4286
oils,Jan,15.0,Jan,seasonal,0.6957
oita,Oct,285.0,Oct,seasonal,0.5882
okayama,Oct,285.0,Oct,seasonal,0.375
okinawa,Jan,15.0,Jan,seasonal,0.5652
oklahoma,Sep,255.0,Sep,seasonal,0.5714
oklahoma city,Oct,285.0,Oct,seasonal,0.75
oldies,Feb,45.0,Feb,seasonal,0.4118
olympics,Jul,195.0,Jul,seasonal,1.0
omaha,Jan,15.0,Jan,seasonal,0.3636
oman,Sep,255.0,Sep,seasonal,0.7
online communities,Nov,315.0,Nov,seasonal,0.5
online goodies,Jan,15.0,Jan,seasonal,0.6
online journals,May,135.0,May,seasonal,0.4444
online media,Jun,165.0,Jun,seasonal,0.4783
online tools,Jan,15.0,Jan,seasonal,0.5
online video,Jun,165.0,Jun,seasonal,0.8
ontario,Jan,15.0,Jan,seasonal,0.6
open online courses,Jul,195.0,Jul,seasonal,0.2917
open source,Feb,45.0,Feb,seasonal,0.5652
opera,Sep,255.0,Sep,seasonal,0.8333
operating systems,Sep,255.0,Sep,seasonal,0.7727
opinion,Sep,255.0,Sep,seasonal,0.8571
optical devices,Dec,345.0,Dec,seasonal,0.6667
optoelectronics,Sep,255.0,Sep,seasonal,0.5625
optometry,May,135.0,May,seasonal,0.6957
oral,Jan,15.0,Jan,seasonal,0.8333
orange county (ca),Jan,15.0,Jan,seasonal,0.5714
oregon,Sep,255.0,Sep,seasonal,0.7778
organic,Sep,255.0,Sep,seasonal,0.875
organization,Jan,15.0,Jan,seasonal,0.7
organizations,Sep,255.0,Sep,seasonal,0.75
organized crime,Jan,15.0,Jan,seasonal,0.4783
orissa,Mar,75.0,Mar,seasonal,0.5
osaka,Jan,15.0,Jan,seasonal,0.6316
oslo,Jun,165.0,Jun,seasonal,0.4444
ottawa-gatineau,Nov,315.0,Nov,seasonal,
outdoor furniture,Mar,75.0,Mar,seasonal,0.9048
outdoor markets,Nov,315.0,Nov,seasonal,0.5
outdoor toys,Feb,45.0,Feb,seasonal,0.3913
outdoors,Nov,315.0,Nov,seasonal,0.75
outerwear,Aug,225.0,Aug,seasonal,0.5909
outfit inspiration,Aug,225.0,Aug,seasonal,0.375
outlet stores,Jun,165.0,Jun,seasonal,0.2857
outsourcing,Sep,255.0,Sep,seasonal,0.6667
ovens,Nov,315.0,Nov,seasonal,0.6957
overijssel,Mar,75.0,Mar,seasonal,0.7619
pacific coast (mexico),Feb,45.0,Feb,seasonal,0.5
pacific islanders,May,135.0,May,seasonal,
pacific islands,Dec,345.0,Dec,seasonal,0.6364
pacific northwest,Jan,15.0,Jan,seasonal,0.5909
package delivery,Dec,345.0,Dec,seasonal,0.5
packaging,Jan,15.0,Jan,seasonal,0.75
pagan,Dec,345.0,Dec,seasonal,0.85
pain management,Feb,45.0,Feb,seasonal,0.5652
paintball,Mar,75.0,Mar,seasonal,1.0
painting,Jan,15.0,Jan,seasonal,0.5455
pakistan,Aug,225.0,Aug,seasonal,0.6667
paleontology,Jan,15.0,Jan,seasonal,0.6364
palermo,Jul,195.0,Jul,seasonal,0.5556
palestine,Nov,315.0,Nov,seasonal,0.35
pamukkale,Jul,195.0,Jul,seasonal,0.4783
panama,Jun,165.0,Jun,seasonal,0.7727
pants,Mar,75.0,Mar,seasonal,0.7
papua new guinea,Sep,255.0,Sep,seasonal,0.6471
para,Jan,15.0,Jan,seasonal,0.5714
paraguay,Jun,165.0,Jun,seasonal,0.7778
paraiba,Jan,15.0,Jan,seasonal,0.8
parana,Apr,105.0,Apr,seasonal,0.4091
paranormal,Jan,15.0,Jan,seasonal,0.7778
parasites,Nov,315.0,Nov,seasonal,0.7
parasitic diseases,Jul,195.0,Jul,seasonal,0.7826
parenting,Nov,315.0,Nov,seasonal,0.5833
paris,Oct,285.0,Oct,seasonal,0.4444
parking,Jul,195.0,Jul,seasonal,0.5217
party,Dec,345.0,Dec,seasonal,0.5455
party games,Dec,345.0,Dec,seasonal,0.7
pasta,Nov,315.0,Nov,seasonal,0.4545
patio,Apr,105.0,Apr,seasonal,0.8
pattaya,Jan,15.0,Jan,seasonal,0.8235
payment systems,Feb,45.0,Feb,seasonal,0.7
payroll services,May,135.0,May,seasonal,0.619
pays de la loire,Sep,255.0,Sep,seasonal,0.75
pdas,Mar,75.0,Mar,seasonal,0.5217
pediatrics,Feb,45.0,Feb,seasonal,0.5556
pedicures,Feb,45.0,Feb,seasonal,0.4706
penang,Jul,195.0,Jul,seasonal,0.3889
pennsylvania,Jan,15.0,Jan,seasonal,0.5
pensacola,Jun,165.0,Jun,seasonal,0.55
pension,Jan,15.0,Jan,seasonal,0.6667
people,Jan,15.0,Jan,seasonal,0.7143
people search,Jan,15.0,Jan,seasonal,0.381
percussion,Sep,255.0,Sep,seasonal,0.9545
performance vehicles,Feb,45.0,Feb,seasonal,0.6667
performance-enhancing drugs,Jan,15.0,Jan,seasonal,0.0
performing arts,Oct,285.0,Oct,seasonal,0.5
perfumes,Nov,315.0,Nov,seasonal,0.6957
pernambuco,Jan,15.0,Jan,seasonal,0.6087
personal aircraft,Dec,345.0,Dec,seasonal,0.6842
personal injury law,Jan,15.0,Jan,seasonal,0.5882
personal listings,Oct,285.0,Oct,seasonal,
personal loans,May,135.0,May,seasonal,0.5625
personal sites,Oct,285.0,Oct,seasonal,0.2
personal training,Jan,15.0,Jan,seasonal,0.7619
personalized items,Oct,285.0,Oct,seasonal,0.35
personals,Oct,285.0,Oct,seasonal,0.4706
perth,Oct,285.0,Oct,seasonal,0.9286
peru,Jun,165.0,Jun,seasonal,0.9
pest control,Feb,45.0,Feb,seasonal,0.4444
pet food,Jan,15.0,Jan,seasonal,0.619
pet names,Apr,105.0,Apr,seasonal,0.7778
pets,Apr,105.0,Apr,seasonal,0.5
peugeot,Jan,15.0,Jan,seasonal,0.6471
pharmaceuticals,Jan,15.0,Jan,seasonal,0.6818
pharmacy,Jun,165.0,Jun,seasonal,0.4167
philadelphia,Sep,255.0,Sep,seasonal,0.5
philanthropy,Mar,75.0,Mar,seasonal,0.6957
philippines,May,135.0,May,seasonal,0.65
philosophy,Feb,45.0,Feb,seasonal,0.381
phoenix,Jan,15.0,Jan,seasonal,0.625
phone service providers,Feb,45.0,Feb,seasonal,0.7273
photo,Aug,225.0,Aug,seasonal,0.6111
photo equipment,Mar,75.0,Mar,seasonal,0.4444
photo printing services,Feb,45.0,Feb,seasonal,
photo rating sites,Jan,15.0,Jan,seasonal,0.0
photo software,Jun,165.0,Jun,seasonal,0.6667
photographic,Oct,285.0,Oct,seasonal,0.5789
phuket,Jan,15.0,Jan,seasonal,0.7
physical disability,Aug,225.0,Aug,seasonal,0.8571
physical therapy,Jan,15.0,Jan,seasonal,0.5
physics,May,135.0,May,seasonal,0.8333
pianos,Sep,255.0,Sep,seasonal,0.5652
piaui,Jan,15.0,Jan,seasonal,0.5714
picardy,Feb,45.0,Feb,seasonal,0.4762
pickleball,Jan,15.0,Jan,seasonal,0.5652
pickup trucks,Jan,15.0,Jan,seasonal,0.5238
piedmont,Feb,45.0,Feb,seasonal,0.4118
piedmont triad,Dec,345.0,Dec,seasonal,0.5
pigments,Nov,315.0,Nov,seasonal,0.5238
pilates,Jan,15.0,Jan,seasonal,0.6818
pittsburgh,Sep,255.0,Sep,seasonal,0.6364
pizzerias,Jan,15.0,Jan,seasonal,0.5652
places of worship,Aug,225.0,Aug,seasonal,0.6818
planning,Aug,225.0,Aug,seasonal,0.6522
plasma tvs,Nov,315.0,Nov,seasonal,0.3846
plastics,Jun,165.0,Jun,seasonal,0.6957
platform games,Dec,345.0,Dec,seasonal,0.5
play equipment,May,135.0,May,seasonal,0.5455
playroom,Nov,315.0,Nov,seasonal,0.7273
plug-in vehicles,Oct,285.0,Oct,seasonal,
plumbing,Jan,15.0,Jan,seasonal,0.5238
plumbing fixtures,Sep,255.0,Sep,seasonal,0.6522
podcasts,Jan,15.0,Jan,seasonal,0.5714
poetry,Sep,255.0,Sep,seasonal,0.75
poisoning,Sep,255.0,Sep,seasonal,0.5217
poitou-charentes,Dec,345.0,Dec,seasonal,0.625
poland,May,135.0,May,seasonal,0.7778
polar regions,Jul,195.0,Jul,seasonal,0.5217
policy,Feb,45.0,Feb,seasonal,0.5217
political humor,Mar,75.0,Mar,seasonal,0.5
political polls,Sep,255.0,Sep,seasonal,0.5652
political science,Feb,45.0,Feb,seasonal,0.7917
politics,Sep,255.0,Sep,seasonal,0.7083
politics (left),Mar,75.0,Mar,seasonal,0.6364
politics (right),Apr,105.0,Apr,seasonal,0.5
polymers,Nov,315.0,Nov,seasonal,0.5909
polynesia,Jan,15.0,Jan,seasonal,0.6111
pontiac,Jan,15.0,Jan,seasonal,0.5556
pop music,Feb,45.0,Feb,seasonal,0.6667
pork,Dec,345.0,Dec,seasonal,0.8462
porsche,Jan,15.0,Jan,seasonal,0.5882
portable electronics,May,135.0,May,seasonal,0.5789
portable media players,Nov,315.0,Nov,seasonal,
portfolio management,Sep,255.0,Sep,seasonal,0.6957
portfolios,Jan,15.0,Jan,seasonal,0.5238
portland (or),Aug,225.0,Aug,seasonal,0.2632
porto,Feb,45.0,Feb,seasonal,0.5
porto alegre,Mar,75.0,Mar,seasonal,0.619
portugal,Jun,165.0,Jun,seasonal,0.6522
pottery,Jan,15.0,Jan,seasonal,0.7273
potty training,Jan,15.0,Jan,seasonal,0.7727
poultry,Jan,15.0,Jan,seasonal,0.7083
poverty,Oct,285.0,Oct,seasonal,0.7917
power supplies,Jan,15.0,Jan,seasonal,0.7727
power tools,Jan,15.0,Jan,seasonal,0.5652
prague,Oct,285.0,Oct,seasonal,0.5789
prank videos,Oct,285.0,Oct,seasonal,0.5
precious metals,Nov,315.0,Nov,seasonal,0.619
pregnancy,Jan,15.0,Jan,seasonal,0.5909
preschool,Jan,15.0,Jan,seasonal,0.9545
presentation software,Sep,255.0,Sep,seasonal,0.8182
presentations,Feb,45.0,Feb,seasonal,0.7727
preserves,Jun,165.0,Jun,seasonal,0.6667
previews,Jan,15.0,Jan,seasonal,0.7143
price comparisons,Mar,75.0,Mar,seasonal,0.5714
primary,Sep,255.0,Sep,seasonal,0.7143
prince edward island,Jan,15.0,Jan,seasonal,0.6111
printers,Jul,195.0,Jul,seasonal,0.5217
printing,Jan,15.0,Jan,seasonal,0.7619
printing services,Aug,225.0,Aug,seasonal,0.4762
prisons,Nov,315.0,Nov,seasonal,0.5
privacy issues,Apr,105.0,Apr,seasonal,0.6818
private tutoring services,Sep,255.0,Sep,seasonal,
processing equipment,Jun,165.0,Jun,seasonal,0.5909
processors,Jun,165.0,Jun,seasonal,0.4545
procurement,Jan,15.0,Jan,seasonal,0.6522
product design,Jan,15.0,Jan,seasonal,0.5909
product liability,Sep,255.0,Sep,seasonal,0.3478
product reviews,Jan,15.0,Jan,seasonal,0.5
productivity software,Feb,45.0,Feb,seasonal,0.5909
professional,Nov,315.0,Nov,seasonal,0.4211
professional wrestling,Apr,105.0,Apr,seasonal,0.5909
programming,Sep,255.0,Sep,seasonal,0.619
programs,Jan,15.0,Jan,seasonal,0.7619
progressive,Oct,285.0,Oct,seasonal,0.8235
project management,Sep,255.0,Sep,seasonal,0.8333
project management software,Sep,255.0,Sep,seasonal,0.5417
projection tvs,Feb,45.0,Feb,seasonal,0.5
projectors,Jul,195.0,Jul,seasonal,0.6364
promotional giveaways,Dec,345.0,Dec,seasonal,
promotional products,Feb,45.0,Feb,seasonal,0.4348
property development,Jan,15.0,Jan,seasonal,0.4
property inspections,Feb,45.0,Feb,seasonal,0.5
property management,Jan,15.0,Jan,seasonal,0.7222
protection,Nov,315.0,Nov,seasonal,0.6
protective gear,Jan,15.0,Jan,seasonal,0.5833
protocols,Sep,255.0,Sep,seasonal,0.6957
provence-alpes-cote d'azur,Oct,285.0,Oct,seasonal,
providence,Jan,15.0,Jan,seasonal,0.625
proxying,Apr,105.0,Apr,seasonal,0.5
psychology,Jan,15.0,Jan,seasonal,0.7895
public finance,Feb,45.0,Feb,seasonal,0.5
public health,Sep,255.0,Sep,seasonal,0.6364
public policy,Feb,45.0,Feb,seasonal,0.619
public records,Jan,15.0,Jan,seasonal,0.6087
public relations,Feb,45.0,Feb,seasonal,0.5789
public safety,Jan,15.0,Jan,seasonal,0.5217
public sector jobs,Dec,345.0,Dec,seasonal,0.5385
public speaking,Jan,15.0,Jan,seasonal,0.8636
publications,Jun,165.0,Jun,seasonal,0.625
publishing,Feb,45.0,Feb,seasonal,0.5217
puebla,Jan,15.0,Jan,seasonal,0.7391
puerto rico,Nov,315.0,Nov,seasonal,0.4
puerto vallarta,Jan,15.0,Jan,seasonal,0.5909
puglia,May,135.0,May,seasonal,0.75
pune,Jul,195.0,Jul,seasonal,0.5652
punjab (india),Jan,15.0,Jan,seasonal,0.6957
punk (music),Dec,345.0,Dec,seasonal,
puppets,Mar,75.0,Mar,seasonal,0.5
purifiers,Nov,315.0,Nov,seasonal,0.7692
purses,Dec,345.0,Dec,seasonal,0.6471
puzzles,Jan,15.0,Jan,seasonal,0.35
qatar,Mar,75.0,Mar,seasonal,0.4667
qinghai,Jun,165.0,Jun,seasonal,0.5556
quality control,Feb,45.0,Feb,seasonal,0.3333
quebec,Jan,15.0,Jan,seasonal,0.7273
quebec city,Jul,195.0,Jul,seasonal,0.7778
queensland,May,135.0,May,seasonal,0.8235
quick tips,May,135.0,May,seasonal,0.4375
quintana roo,Jan,15.0,Jan,seasonal,0.7273
quito,Dec,345.0,Dec,seasonal,0.5909
quotations,Sep,255.0,Sep,seasonal,0.8696
r,Jul,195.0,Jul,seasonal,0.4545
rabbits,Jan,15.0,Jan,seasonal,0.6875
racing games,Mar,75.0,Mar,seasonal,0.7059
racketball,Jan,15.0,Jan,seasonal,0.9
racquet sports,Mar,75.0,Mar,seasonal,0.2941
radio,Sep,255.0,Sep,seasonal,0.5
radio control,Dec,345.0,Dec,seasonal,0.9091
radio equipment,Feb,45.0,Feb,seasonal,0.6
rail,Jan,15.0,Jan,seasonal,0.5
rail freight,Nov,315.0,Nov,seasonal,0.4762
railroads,Sep,255.0,Sep,seasonal,0.4211
rajasthan,Apr,105.0,Apr,seasonal,0.5
raleigh-durham,Mar,75.0,Mar,seasonal,0.25
ram trucks,Jan,15.0,Jan,seasonal,0.6667
ranches,Jan,15.0,Jan,seasonal,0.2778
ranges,Feb,45.0,Feb,seasonal,0.619
rap,Oct,285.0,Oct,seasonal,0.6842
razors,Oct,285.0,Oct,seasonal,0.5
rc aircraft,Oct,285.0,Oct,seasonal,0.6
real estate,Jan,15.0,Jan,seasonal,0.4783
real estate agencies,Apr,105.0,Apr,seasonal,0.5
real estate investment trusts,Apr,105.0,Apr,seasonal,0.5714
real estate law,Jan,15.0,Jan,seasonal,0.6087
real estate listings,Jan,15.0,Jan,seasonal,0.6522
real estate services,Jan,15.0,Jan,seasonal,0.5833
real estate title,Feb,45.0,Feb,seasonal,0.7083
recife,Jan,15.0,Jan,seasonal,0.6667
recipe videos,Mar,75.0,Mar,seasonal,0.7222
recipes,Jan,15.0,Jan,seasonal,0.7143
record labels,Jul,195.0,Jul,seasonal,0.6818
recorders,Dec,345.0,Dec,seasonal,0.5
recording industry,Aug,225.0,Aug,seasonal,0.4348
recovery,Jan,15.0,Jan,seasonal,0.4
recreational aviation,Mar,75.0,Mar,seasonal,
recruitment,Jan,15.0,Jan,seasonal,0.7083
recycling,Apr,105.0,Apr,seasonal,0.8182
reference,Feb,45.0,Feb,seasonal,0.5455
reference tools,Mar,75.0,Mar,seasonal,0.25
refrigerators,Apr,105.0,Apr,seasonal,0.7273
reggae,Mar,75.0,Mar,seasonal,0.6364
reggaeton,Dec,345.0,Dec,seasonal,0.45
regional mexican music,Nov,315.0,Nov,seasonal,0.4545
regional parks,Jul,195.0,Jul,seasonal,
regional planning,Sep,255.0,Sep,seasonal,0.3333
registration,Jul,195.0,Jul,seasonal,0.7727
relationships,Sep,255.0,Sep,seasonal,0.7143
religion,Sep,255.0,Sep,seasonal,0.6154
religious music,Dec,345.0,Dec,seasonal,0.7391
religious study,Nov,315.0,Nov,seasonal,0.5
religious travel,Apr,105.0,Apr,seasonal,0.5
relocation,Jan,15.0,Jan,seasonal,0.5238
remote access,Feb,45.0,Feb,seasonal,0.5
renault,Jan,15.0,Jan,seasonal,0.6364
renewable,Sep,255.0,Sep,seasonal,0.6087
rennes,Aug,225.0,Aug,seasonal,0.625
repair,Jan,15.0,Jan,seasonal,0.55
replacement,Jan,15.0,Jan,seasonal,0.381
repossession,Jun,165.0,Jun,seasonal,0.65
reproductive health,May,135.0,May,seasonal,0.6087
reproductive rights,May,135.0,May,seasonal,0.5294
reptiles,Jan,15.0,Jan,seasonal,0.6
resale,Jan,15.0,Jan,seasonal,0.6087
reservations,Jan,15.0,Jan,seasonal,0.2143
residential rentals,Jan,15.0,Jan,seasonal,0.3846
residential sales,Sep,255.0,Sep,seasonal,0.4545
resources,Sep,255.0,Sep,seasonal,0.7917
respiratory conditions,Mar,75.0,Mar,seasonal,0.4783
restaurant delivery services,Jun,165.0,Jun,seasonal,
restaurant reviews,Jan,15.0,Jan,seasonal,0.5714
restaurant supply,Dec,345.0,Dec,seasonal,0.4737
restaurants,Jan,15.0,Jan,seasonal,0.6364
resumes,Jan,15.0,Jan,seasonal,0.619
retail equipment,May,135.0,May,seasonal,0.6667
retail jobs,Jun,165.0,Jun,seasonal,0.3478
retail trade,Dec,345.0,Dec,seasonal,0.6087
retailers,Jun,165.0,Jun,seasonal,0.4783
retirement,Nov,315.0,Nov,seasonal,0.5652
reunion,Oct,285.0,Oct,seasonal,0.6
reunions,May,135.0,May,seasonal,0.5
reviews,Jun,165.0,Jun,seasonal,0.4
rhineland-palatinate,Jul,195.0,Jul,seasonal,
rhode island,Jan,15.0,Jan,seasonal,0.6364
rhone-alpes,Aug,225.0,Aug,seasonal,
richmond-petersburg,Dec,345.0,Dec,seasonal,1.0
ride-on toys,Jun,165.0,Jun,seasonal,0.25
rings,Feb,45.0,Feb,seasonal,0.4375
ringtones,Jul,195.0,Jul,seasonal,0.4545
rio de janeiro,Jan,15.0,Jan,seasonal,0.6923
rio grande do norte,Jan,15.0,Jan,seasonal,0.7143
rio grande do sul,Sep,255.0,Sep,seasonal,0.6667
risk management,Feb,45.0,Feb,seasonal,0.6364
rivers,Sep,255.0,Sep,seasonal,0.4375
riviera maya,Jan,15.0,Jan,seasonal,0.5455
riyadh,Oct,285.0,Oct,seasonal,0.5417
road bikes,Mar,75.0,Mar,seasonal,0.7727
roadside assistance,Jun,165.0,Jun,seasonal,0.6667
robotics,Jan,15.0,Jan,seasonal,0.6818
rochester-finger lakes,Jan,15.0,Jan,seasonal,
rock music,Mar,75.0,Mar,seasonal,0.875
rocky mountains,Jan,15.0,Jan,seasonal,0.5
rodents,Feb,45.0,Feb,seasonal,0.6667
roleplaying games,May,135.0,May,seasonal,0.3478
roller skating,Dec,345.0,Dec,seasonal,0.7778
rollerblading,Mar,75.0,Mar,seasonal,0.5714
rollerblading equipment,May,135.0,May,seasonal,
rolls-royce,May,135.0,May,seasonal,0.5714
romance,May,135.0,May,seasonal,0.6
romance books,Jun,165.0,Jun,seasonal,0.5909
romance films,Aug,225.0,Aug,seasonal,0.6316
romania,Oct,285.0,Oct,seasonal,0.8095
romantic getaways,May,135.0,May,seasonal,0.4545
rome,May,135.0,May,seasonal,0.8824
rondonia,Apr,105.0,Apr,seasonal,0.8182
roofing,Jan,15.0,Jan,seasonal,0.6818
roommates,Jul,195.0,Jul,seasonal,0.4615
rotterdam,Feb,45.0,Feb,seasonal,0.5556
royalty,Jan,15.0,Jan,seasonal,0.625
rugby,Feb,45.0,Feb,seasonal,0.75
rugs,Jan,15.0,Jan,seasonal,0.5455
running,Apr,105.0,Apr,seasonal,0.7778
russia,Jan,15.0,Jan,seasonal,0.6667
russian federation,Feb,45.0,Feb,seasonal,0.6667
russian southern district,Jan,15.0,Jan,seasonal,0.5
rvs,Jun,165.0,Jun,seasonal,0.2857
rwanda,Jan,15.0,Jan,seasonal,0.5
saab,Jun,165.0,Jun,seasonal,0.7778
saarland,Feb,45.0,Feb,seasonal,0.4706
sacramento valley,Nov,315.0,Nov,seasonal,0.7143
safety,Sep,255.0,Sep,seasonal,0.6
saga,Mar,75.0,Mar,seasonal,0.4348
saint kitts,Jun,165.0,Jun,seasonal,0.6875
saint lucia,Feb,45.0,Feb,seasonal,0.6667
saint petersburg,Jun,165.0,Jun,seasonal,0.4286
saint vincent,Nov,315.0,Nov,seasonal,0.5455
saitama,Jan,15.0,Jan,seasonal,0.6087
salads,Jun,165.0,Jun,seasonal,0.2
salerno,Sep,255.0,Sep,seasonal,0.5
sales,Sep,255.0,Sep,seasonal,0.5
salsa,Dec,345.0,Dec,seasonal,0.5263
salt lake city,Jan,15.0,Jan,seasonal,0.75
salvador,Sep,255.0,Sep,seasonal,0.8636
salzburg,Feb,45.0,Feb,seasonal,0.6
same-sex marriage,Jul,195.0,Jul,seasonal,0.4706
samples,Jan,15.0,Jan,seasonal,0.7333
san antonio,Apr,105.0,Apr,seasonal,0.8889
san diego,Jul,195.0,Jul,seasonal,0.8235
san francisco bay area,Jan,15.0,Jan,seasonal,0.5882
san joaquin valley,Feb,45.0,Feb,seasonal,0.3043
san marino,Sep,255.0,Sep,seasonal,0.9048
sandbox games,Jun,165.0,Jun,seasonal,0.8333
santa catarina,Jul,195.0,Jul,seasonal,0.7222
santiago,Apr,105.0,Apr,seasonal,0.6667
sao paulo,Jul,195.0,Jul,seasonal,0.4583
sao paulo (state),Mar,75.0,Mar,seasonal,0.4444
sapporo,Jan,15.0,Jan,seasonal,0.4737
sardinia,Apr,105.0,Apr,seasonal,0.8235
saskatchewan,Jun,165.0,Jun,seasonal,0.5455
satellite providers,Jan,15.0,Jan,seasonal,0.5333
satire,Sep,255.0,Sep,seasonal,0.6842
saturn,Jun,165.0,Jun,seasonal,0.4783
saudi arabia,Aug,225.0,Aug,seasonal,0.619
saunas,Jul,195.0,Jul,seasonal,0.6667
savannah,Oct,285.0,Oct,seasonal,0.7368
savings accounts,Jan,15.0,Jan,seasonal,0.7273
saxony,Jan,15.0,Jan,seasonal,0.3333
scandals,Apr,105.0,Apr,seasonal,
scanners,Jun,165.0,Jun,seasonal,0.5455
scheduling software,Sep,255.0,Sep,seasonal,0.5417
schleswig-holstein,Jan,15.0,Jan,seasonal,0.5714
scholarships,Jan,15.0,Jan,seasonal,0.875
school supplies,Jun,165.0,Jun,seasonal,0.9
science,Sep,255.0,Sep,seasonal,0.8095
science fiction,Jan,15.0,Jan,seasonal,0.4286
science shows,Feb,45.0,Feb,seasonal,0.7391
scientific equipment,Apr,105.0,Apr,seasonal,0.5
scientific institutions,May,135.0,May,seasonal,0.75
scientology,Nov,315.0,Nov,seasonal,0.0
scion,Jan,15.0,Jan,seasonal,0.8125
scooter,Apr,105.0,Apr,seasonal,0.7
scooters,Apr,105.0,Apr,seasonal,0.875
scotland,Feb,45.0,Feb,seasonal,0.8333
screens,Sep,255.0,Sep,seasonal,0.4762
screws,Apr,105.0,Apr,seasonal,0.7083
scripting languages,Nov,315.0,Nov,seasonal,0.4211
sculpture,Sep,255.0,Sep,seasonal,0.6842
seafood,Jul,195.0,Jul,seasonal,0.5
seafood substitutes,Aug,225.0,Aug,seasonal,
search engine optimization,Jan,15.0,Jan,seasonal,0.5714
search engines,Jul,195.0,Jul,seasonal,0.4545
seasonal events,Jun,165.0,Jun,seasonal,0.4762
seasonal jobs,Sep,255.0,Sep,seasonal,0.6087
seat,Jan,15.0,Jan,seasonal,0.5789
seattle-tacoma,Dec,345.0,Dec,seasonal,1.0
secondary schooling (k-12),Nov,315.0,Nov,seasonal,
security,Jan,15.0,Jan,seasonal,0.8182
security products,Sep,255.0,Sep,seasonal,0.4783
security services,Sep,255.0,Sep,seasonal,0.55
security systems,Feb,45.0,Feb,seasonal,0.6111
sedans,Jan,15.0,Jan,seasonal,0.5714
seed,Jan,15.0,Jan,seasonal,0.7
self storage,Jan,15.0,Jan,seasonal,0.4211
self-help,Mar,75.0,Mar,seasonal,0.7917
sendai,Mar,75.0,Mar,seasonal,0.5
senegal,Jun,165.0,Jun,seasonal,0.8095
seniors,Jan,15.0,Jan,seasonal,0.7368
seoul,Jan,15.0,Jan,seasonal,0.75
separation,Aug,225.0,Aug,seasonal,0.875
serbia,May,135.0,May,seasonal,0.6875
sergipe,Jan,15.0,Jan,seasonal,0.6522
service clubs,Oct,285.0,Oct,seasonal,0.4
service contracts,May,135.0,May,seasonal,0.45
service providers,Dec,345.0,Dec,seasonal,0.5714
services,Feb,45.0,Feb,seasonal,0.45
set-top boxes,May,135.0,May,seasonal,
seville,Feb,45.0,Feb,seasonal,0.4091
sex education,Jan,15.0,Jan,seasonal,0.5
sexual enhancement,Mar,75.0,Mar,seasonal,0.3636
sexually transmitted diseases,Sep,255.0,Sep,seasonal,0.8
shaanxi,Oct,285.0,Oct,seasonal,0.5
shakes,Jan,15.0,Jan,seasonal,0.7778
shampoos,Jan,15.0,Jan,seasonal,0.8667
shandong,Dec,345.0,Dec,seasonal,0.4167
shanghai,Apr,105.0,Apr,seasonal,0.8
shanxi,Oct,285.0,Oct,seasonal,0.6923
shares,Sep,255.0,Sep,seasonal,0.5833
shareware,Jan,15.0,Jan,seasonal,0.4583
shavers,Aug,225.0,Aug,seasonal,0.5909
sheet music,Sep,255.0,Sep,seasonal,1.0
sheffield,Jan,15.0,Jan,seasonal,0.6842
shelving,Jan,15.0,Jan,seasonal,0.5
shenyang,Sep,255.0,Sep,seasonal,0.5455
shenzhen,Sep,255.0,Sep,seasonal,0.5
shiga,Jun,165.0,Jun,seasonal,0.6154
shikoku,Jan,15.0,Jan,seasonal,0.4
shimane,Apr,105.0,Apr,seasonal,0.4286
shipping,Jan,15.0,Jan,seasonal,0.6
shirts,Mar,75.0,Mar,seasonal,0.5714
shizuoka,Feb,45.0,Feb,seasonal,0.5333
shooter games,Dec,345.0,Dec,seasonal,0.6667
shooting,Nov,315.0,Nov,seasonal,0.4091
shopping,Jul,195.0,Jul,seasonal,0.4783
shopping hauls,Jun,165.0,Jun,seasonal,0.6667
shopping portals,Apr,105.0,Apr,seasonal,
short-term loans,Jan,15.0,Jan,seasonal,1.0
shorts,Jun,165.0,Jun,seasonal,0.5217
show tunes,Jan,15.0,Jan,seasonal,0.6667
siberian federal district,Apr,105.0,Apr,seasonal,
sichuan,Jan,15.0,Jan,seasonal,0.4286
sicily,Jun,165.0,Jun,seasonal,0.75
sightseeing tours,Jun,165.0,Jun,seasonal,0.4286
signage,Jan,15.0,Jan,seasonal,0.3913
silent films,Feb,45.0,Feb,seasonal,0.65
silicon valley,Jan,15.0,Jan,seasonal,0.7273
silly surveys,Dec,345.0,Dec,seasonal,
simulation games,Apr,105.0,Apr,seasonal,0.5
sinaloa,Oct,285.0,Oct,seasonal,0.5
singapore,Apr,105.0,Apr,seasonal,0.6818
skateboarding,Jun,165.0,Jun,seasonal,0.8333
skeptics,Jan,15.0,Jan,seasonal,0.6667
ski resorts,Oct,285.0,Oct,seasonal,0.9583
skiing,Jan,15.0,Jan,seasonal,1.0
skiing equipment,Oct,285.0,Oct,seasonal,0.7692
skin,Apr,105.0,Apr,seasonal,0.625
skin conditions,Jan,15.0,Jan,seasonal,0.4783
skins,Jan,15.0,Jan,seasonal,0.6875
skirts,Jun,165.0,Jun,seasonal,1.0
skoda,Jan,15.0,Jan,seasonal,0.5909
sleep disorders,Sep,255.0,Sep,seasonal,0.7273
sleepwear,Apr,105.0,Apr,seasonal,0.4348
slovakia,May,135.0,May,seasonal,0.8
slovenia,May,135.0,May,seasonal,0.7692
small business,Jan,15.0,Jan,seasonal,0.7727
small kitchen appliances,Mar,75.0,Mar,seasonal,0.5882
smart phones,Jun,165.0,Jun,seasonal,0.45
smart watches,Sep,255.0,Sep,seasonal,0.5652
smoking,Nov,315.0,Nov,seasonal,0.7273
smoking cessation,Sep,255.0,Sep,seasonal,0.5217
snack foods,Jul,195.0,Jul,seasonal,0.375
snowboarding,Dec,345.0,Dec,seasonal,1.0
snowboarding gear,Dec,345.0,Dec,seasonal,1.0
soccer,Jun,165.0,Jun,seasonal,0.6364
soccer equipment,Jul,195.0,Jul,seasonal,0.5
social bookmarking,Feb,45.0,Feb,seasonal,0.6667
social issues,Jan,15.0,Jan,seasonal,0.7826
social media marketing,Jan,15.0,Jan,seasonal,0.5217
social network apps,Feb,45.0,Feb,seasonal,0.5
social networks,Feb,45.0,Feb,seasonal,0.6667
social sciences,Sep,255.0,Sep,seasonal,0.7826
social services,Jan,15.0,Jan,seasonal,0.6818
socially responsible investing,Jan,15.0,Jan,seasonal,0.5
society,Sep,255.0,Sep,seasonal,0.6875
socks,Nov,315.0,Nov,seasonal,0.6364
sofas,Jan,15.0,Jan,seasonal,0.6818
sofia,Jun,165.0,Jun,seasonal,0.7778
soft drinks,Apr,105.0,Apr,seasonal,0.5
softball equipment,Feb,45.0,Feb,seasonal,0.25
software,Jan,15.0,Jan,seasonal,0.4762
software utilities,May,135.0,May,seasonal,0.625
solar power,Feb,45.0,Feb,seasonal,0.8235
somalia,Dec,345.0,Dec,seasonal,0.4167
song lyrics,Nov,315.0,Nov,seasonal,0.4737
sony playstation,Sep,255.0,Sep,seasonal,0.7143
sororities,Jan,15.0,Jan,seasonal,0.6842
soul,Feb,45.0,Feb,seasonal,0.4286
sound,Sep,255.0,Sep,seasonal,0.5
sound libraries,Nov,315.0,Nov,seasonal,0.4762
soundtracks,Feb,45.0,Feb,seasonal,0.7
soups,Sep,255.0,Sep,seasonal,0.9048
south (usa),Jun,165.0,Jun,seasonal,0.5556
south africa,Jun,165.0,Jun,seasonal,0.5
south america,Apr,105.0,Apr,seasonal,0.5
south asia,Mar,75.0,Mar,seasonal,0.6087
south asian cuisine,Mar,75.0,Mar,seasonal,0.1429
south asian film,Sep,255.0,Sep,seasonal,0.45
south asian music,Feb,45.0,Feb,seasonal,0.5455
south asians,Jan,15.0,Jan,seasonal,0.5
south australia,Sep,255.0,Sep,seasonal,0.381
south brazil,Jun,165.0,Jun,seasonal,0.6667
south carolina,Sep,255.0,Sep,seasonal,0.5714
south central china,Jun,165.0,Jun,seasonal,0.3158
south chungcheong,Nov,315.0,Nov,seasonal,
south dakota,Feb,45.0,Feb,seasonal,0.7727
south east england,Jan,15.0,Jan,seasonal,0.5714
south east france,Jun,165.0,Jun,seasonal,0.5
south gyeongsang,Oct,285.0,Oct,seasonal,
south holland,May,135.0,May,seasonal,0.25
south india,Jan,15.0,Jan,seasonal,0.6316
south jeolla,Sep,255.0,Sep,seasonal,
south korea,Mar,75.0,Mar,seasonal,0.5455
south west england,Jun,165.0,Jun,seasonal,0.65
south west france,Apr,105.0,Apr,seasonal,0.2857
southeast asia,Jan,15.0,Jan,seasonal,0.6667
southeast asian cuisine,Dec,345.0,Dec,seasonal,
southeast asian music,Sep,255.0,Sep,seasonal,0.6842
southeast asians,May,135.0,May,seasonal,0.8
southeast brazil,Dec,345.0,Dec,seasonal,0.5
southeast china,May,135.0,May,seasonal,0.5
southeastern anatolia,Sep,255.0,Sep,seasonal,
southeastern europe,Apr,105.0,Apr,seasonal,
southern africa,Mar,75.0,Mar,seasonal,0.3478
southern california,Feb,45.0,Feb,seasonal,0.625
southern florida,Sep,255.0,Sep,seasonal,0.6429
southern thailand,Dec,345.0,Dec,seasonal,0.5789
southwest (usa),Oct,285.0,Oct,seasonal,0.5714
southwest china,Feb,45.0,Feb,seasonal,0.4583
southwestern ontario,Oct,285.0,Oct,seasonal,0.6667
space technology,Jul,195.0,Jul,seasonal,0.55
spain,Mar,75.0,Mar,seasonal,0.7895
spanish cuisine,Nov,315.0,Nov,seasonal,0.4167
spas,Mar,75.0,Mar,seasonal,0.4667
speakers,Jun,165.0,Jun,seasonal,0.7143
special,Oct,285.0,Oct,seasonal,0.75
special education,Jan,15.0,Jan,seasonal,0.75
special event items,Dec,345.0,Dec,seasonal,
special needs,Sep,255.0,Sep,seasonal,0.6923
special occasions,Apr,105.0,Apr,seasonal,0.625
specialty foods,Mar,75.0,Mar,seasonal,
specialty travel,Mar,75.0,Mar,seasonal,0.5
spices,Jun,165.0,Jun,seasonal,0.5
spirituality,Apr,105.0,Apr,seasonal,0.381
spoofs,Aug,225.0,Aug,seasonal,0.25
sport scores,Nov,315.0,Nov,seasonal,0.4706
sport wrestling,Jan,15.0,Jan,seasonal,0.5789
sporting goods,Aug,225.0,Aug,seasonal,0.65
sports,Feb,45.0,Feb,seasonal,0.6522
sports cars,Jan,15.0,Jan,seasonal,0.4118
sports coaching,Feb,45.0,Feb,seasonal,0.4118
sports drinks,Feb,45.0,Feb,seasonal,0.6087
sports games,Dec,345.0,Dec,seasonal,0.65
sports highlights videos,Oct,285.0,Oct,seasonal,0.5714
sports management games,Mar,75.0,Mar,seasonal,0.5
sports memorabilia,Jan,15.0,Jan,seasonal,0.5909
sports news,Jan,15.0,Jan,seasonal,0.8261
spreadsheet software,Dec,345.0,Dec,seasonal,0.6087
squash,Oct,285.0,Oct,seasonal,0.7083
sri lanka,Jun,165.0,Jun,seasonal,0.7273
staffing,Jul,195.0,Jul,seasonal,0.8182
standardized,Sep,255.0,Sep,seasonal,0.5556
state,Sep,255.0,Sep,seasonal,0.6471
station wagons,Mar,75.0,Mar,seasonal,0.619
stationery,Dec,345.0,Dec,seasonal,0.4783
stations,Mar,75.0,Mar,seasonal,0.5789
statistics,Sep,255.0,Sep,seasonal,0.6667
stereo systems,Nov,315.0,Nov,seasonal,0.4545
steroids,Jul,195.0,Jul,seasonal,0.5789
stews,Sep,255.0,Sep,seasonal,0.625
stock photography,Jan,15.0,Jan,seasonal,0.5
stockholm,Oct,285.0,Oct,seasonal,0.6667
stocks,Jan,15.0,Jan,seasonal,0.4783
storage,Jan,15.0,Jan,seasonal,0.7727
stoves,Aug,225.0,Aug,seasonal,0.8571
strasbourg,Aug,225.0,Aug,seasonal,0.6364
strategic planning,Feb,45.0,Feb,seasonal,0.5789
strategy games,Dec,345.0,Dec,seasonal,0.5
street food,Jan,15.0,Jan,seasonal,0.4545
strength training equipment,Jan,15.0,Jan,seasonal,0.5417
stress,Jan,15.0,Jan,seasonal,0.7692
student loans,Aug,225.0,Aug,seasonal,0.5833
student societies,Jun,165.0,Jun,seasonal,0.0
studio photography,Jan,15.0,Jan,seasonal,0.7619
study abroad,Jan,15.0,Jan,seasonal,0.6087
study grants,Apr,105.0,Apr,seasonal,1.0
stuffed toys,Apr,105.0,Apr,seasonal,0.7826
stuttgart,Aug,225.0,Aug,seasonal,0.65
style,Apr,105.0,Apr,seasonal,
styling products,Feb,45.0,Feb,seasonal,0.4583
styling services,Feb,45.0,Feb,seasonal,
styria,May,135.0,May,seasonal,
subaru,Jan,15.0,Jan,seasonal,0.8125
subcompacts,Aug,225.0,Aug,seasonal,
subcultures,Sep,255.0,Sep,seasonal,0.7273
substance abuse,Feb,45.0,Feb,seasonal,0.65
sudan,Mar,75.0,Mar,seasonal,0.625
suits,Jan,15.0,Jan,seasonal,0.35
sulawesi,Sep,255.0,Sep,seasonal,0.5
sumatra,Jun,165.0,Jun,seasonal,0.5
sun care products,Oct,285.0,Oct,seasonal,0.5455
sunglasses,Mar,75.0,Mar,seasonal,0.7368
superhero films,Jan,15.0,Jan,seasonal,0.4545
supplements,Jan,15.0,Jan,seasonal,0.8333
supplies,Jan,15.0,Jan,seasonal,0.8333
supply chain management,Feb,45.0,Feb,seasonal,0.619
surf,Jul,195.0,Jul,seasonal,0.9091
surfing,Jul,195.0,Jul,seasonal,1.0
surgery,May,135.0,May,seasonal,0.8636
suriname,May,135.0,May,seasonal,0.55
surveys,Jan,15.0,Jan,seasonal,0.6
sustainable fashion,Jan,15.0,Jan,seasonal,0.5652
suvs,Jan,15.0,Jan,seasonal,0.5238
suzuki,Apr,105.0,Apr,seasonal,0.7222
swap meets,Aug,225.0,Aug,seasonal,0.5
sweden,May,135.0,May,seasonal,0.8462
sweepstakes,Feb,45.0,Feb,seasonal,0.5238
sweets,Oct,285.0,Oct,seasonal,0.6818
swim,Jun,165.0,Jun,seasonal,0.65
swimming,Apr,105.0,Apr,seasonal,0.7273
swimwear,Jan,15.0,Jan,seasonal,0.5
switzerland,Sep,255.0,Sep,seasonal,0.7
sydney,Dec,345.0,Dec,seasonal,0.4783
symbian os,Sep,255.0,Sep,seasonal,0.2778
syria,Feb,45.0,Feb,seasonal,0.4375
t-shirts,Jun,165.0,Jun,seasonal,0.8125
table games,Dec,345.0,Dec,seasonal,0.7
table tennis,Jul,195.0,Jul,seasonal,0.7
table tennis equipment,Sep,255.0,Sep,seasonal,0.5
tablet pcs,Oct,285.0,Oct,seasonal,0.5909
tabloid news,Sep,255.0,Sep,seasonal,
tabs,Dec,345.0,Dec,seasonal,0.3684
tack,Sep,255.0,Sep,seasonal,0.6667
taekwondo,Mar,75.0,Mar,seasonal,0.8
tahiti,May,135.0,May,seasonal,0.8
tai chi,Jan,15.0,Jan,seasonal,0.5455
taichung,Oct,285.0,Oct,seasonal,0.6316
tainan,Oct,285.0,Oct,seasonal,0.5833
taipei,Jun,165.0,Jun,seasonal,0.4286
taiwan,Aug,225.0,Aug,seasonal,0.5714
tajikistan,Sep,255.0,Sep,seasonal,0.5652
talk radio,Jun,165.0,Jun,seasonal,0.5
tallahassee,Jan,15.0,Jan,seasonal,0.6522
tamaulipas,Jan,15.0,Jan,seasonal,0.6316
tamil nadu,Nov,315.0,Nov,seasonal,0.5714
tampa bay area,Jun,165.0,Jun,seasonal,0.4762
tanning,Mar,75.0,Mar,seasonal,0.85
tanzania,Sep,255.0,Sep,seasonal,0.75
tasmania,Sep,255.0,Sep,seasonal,0.4286
tax preparation,Jan,15.0,Jan,seasonal,0.75
taxi,May,135.0,May,seasonal,0.7273
tea,Apr,105.0,Apr,seasonal,0.7391
teaching,Jan,15.0,Jan,seasonal,0.625
team sports,Sep,255.0,Sep,seasonal,0.5909
technical jobs,Jun,165.0,Jun,seasonal,0.6364
technical reference,Jun,165.0,Jun,seasonal,0.8333
technical support,May,135.0,May,seasonal,0.7143
technology,Sep,255.0,Sep,seasonal,0.5
technology news,Sep,255.0,Sep,seasonal,0.7059
tehran,May,135.0,May,seasonal,0.5
tel aviv,Jan,15.0,Jan,seasonal,0.35
telangana,Mar,75.0,Mar,seasonal,0.381
telecom,Jan,15.0,Jan,seasonal,0.5
teleconferencing,Feb,45.0,Feb,seasonal,0.4286
telemarketing,Jan,15.0,Jan,seasonal,0.8333
telescopes,Sep,255.0,Sep,seasonal,0.7
televisions,Oct,285.0,Oct,seasonal,0.6667
templates,Jan,15.0,Jan,seasonal,0.7647
temporary,Sep,255.0,Sep,seasonal,0.4706
tennessee,Sep,255.0,Sep,seasonal,0.5714
tennis,Jan,15.0,Jan,seasonal,0.7
tennis equipment,Jan,15.0,Jan,seasonal,0.3333
tesla motors,Nov,315.0,Nov,seasonal,0.5294
texas,Jan,15.0,Jan,seasonal,0.7
text,Nov,315.0,Nov,seasonal,0.6087
textile arts,Mar,75.0,Mar,seasonal,0.5
textiles,Sep,255.0,Sep,seasonal,0.75
thai cuisine,Jan,15.0,Jan,seasonal,0.619
thailand,Sep,255.0,Sep,seasonal,0.4167
thanksgiving,Nov,315.0,Nov,seasonal,1.0
theater,Oct,285.0,Oct,seasonal,0.6
theater showtimes,Apr,105.0,Apr,seasonal,0.5
theme parks,Jan,15.0,Jan,seasonal,0.5
themes,Jan,15.0,Jan,seasonal,0.7692
theology,Sep,255.0,Sep,seasonal,0.4583
theory,Nov,315.0,Nov,seasonal,0.6842
thrift stores,Jan,15.0,Jan,seasonal,0.4545
thriller,Oct,285.0,Oct,seasonal,0.6
throat,Sep,255.0,Sep,seasonal,0.6154
thuringia,Feb,45.0,Feb,seasonal,0.5
thyroid conditions,Mar,75.0,Mar,seasonal,1.0
tianjin,Feb,45.0,Feb,seasonal,0.375
tibet,Jan,15.0,Jan,seasonal,0.5556
tijuana,Jan,15.0,Jan,seasonal,0.5263
tile games,Jan,15.0,Jan,seasonal,0.4762
time,Feb,45.0,Feb,seasonal,0.5833
timeshares,Apr,105.0,Apr,seasonal,0.5
tiny home movement,Nov,315.0,Nov,seasonal,0.5
tires,Jan,15.0,Jan,seasonal,0.5714
toaster ovens,Feb,45.0,Feb,seasonal,0.4545
toasters,Feb,45.0,Feb,seasonal,0.5
tobago,Jun,165.0,Jun,seasonal,0.7857
tocantins,Jan,15.0,Jan,seasonal,0.7692
tochigi,Nov,315.0,Nov,seasonal,0.5455
toddler toys,Aug,225.0,Aug,seasonal,0.6667
toddlers,Jan,15.0,Jan,seasonal,0.5652
tohoku,Feb,45.0,Feb,seasonal,0.6111
toiletries,Jan,15.0,Jan,seasonal,0.6522
tokushima,Jul,195.0,Jul,seasonal,0.75
tokyo,Jan,15.0,Jan,seasonal,0.4706
toner,Feb,45.0,Feb,seasonal,0.4545
toothbrushes,Nov,315.0,Nov,seasonal,0.4167
toothpaste,Aug,225.0,Aug,seasonal,0.45
tops,Jul,195.0,Jul,seasonal,0.5455
tottori,Dec,345.0,Dec,seasonal,0.4583
toulouse,Aug,225.0,Aug,seasonal,0.5625
tourist boards,Oct,285.0,Oct,seasonal,
tourist destinations,Jan,15.0,Jan,seasonal,0.6522
towing,Jan,15.0,Jan,seasonal,0.4444
townhomes,Jan,15.0,Jan,seasonal,0.6842
toxic substances,Apr,105.0,Apr,seasonal,0.5556
toy vehicles,Apr,105.0,Apr,seasonal,0.5
toy weapons,Jun,165.0,Jun,seasonal,0.4444
toyama,Jan,15.0,Jan,seasonal,0.6957
toyota,Jan,15.0,Jan,seasonal,0.6
toys,Apr,105.0,Apr,seasonal,0.6087
track,Nov,315.0,Nov,seasonal,0.5263
tracking,Jan,15.0,Jan,seasonal,0.5455
trade fairs,Jan,15.0,Jan,seasonal,0.7143
traditional music,Sep,255.0,Sep,seasonal,0.875
traffic,Jan,15.0,Jan,seasonal,0.5263
traffic safety,Nov,315.0,Nov,seasonal,0.6364
trailers,Jun,165.0,Jun,seasonal,0.7143
training,Jan,15.0,Jan,seasonal,0.7222
transgender,Jan,15.0,Jan,seasonal,0.4286
translation tools,Jun,165.0,Jun,seasonal,0.4286
transmission,Feb,45.0,Feb,seasonal,0.625
transmission repair,Jan,15.0,Jan,seasonal,0.8095
transport,Sep,255.0,Sep,seasonal,0.75
transportation,Feb,45.0,Feb,seasonal,0.6667
travel,Jan,15.0,Jan,seasonal,0.4545
travel agencies,Jan,15.0,Jan,seasonal,0.4286
travel guides,Jan,15.0,Jan,seasonal,0.4
travel insurance,Jan,15.0,Jan,seasonal,0.7333
travel shows,Jan,15.0,Jan,seasonal,0.5217
travelogues,Sep,255.0,Sep,seasonal,0.65
treatment,Feb,45.0,Feb,seasonal,0.5909
treatment centers,Jan,15.0,Jan,seasonal,0.4348
trentino-alto adige,Dec,345.0,Dec,seasonal,0.625
trinidad,Oct,285.0,Oct,seasonal,0.7143
trivia,Dec,345.0,Dec,seasonal,0.619
tropical music,Feb,45.0,Feb,seasonal,0.5238
trucking,Jan,15.0,Jan,seasonal,0.5909
trucks,Nov,315.0,Nov,seasonal,0.75
try on videos,Dec,345.0,Dec,seasonal,0.6957
tucson,Jan,15.0,Jan,seasonal,0.7368
tulsa,Jan,15.0,Jan,seasonal,0.619
tuning,Jan,15.0,Jan,seasonal,0.5
tunisia,Nov,315.0,Nov,seasonal,0.8571
turin,Apr,105.0,Apr,seasonal,0.4762
turkey,Nov,315.0,Nov,seasonal,0.7222
turkmenistan,Jan,15.0,Jan,seasonal,0.625
tuscany,Jan,15.0,Jan,seasonal,0.6316
tutorials,Jan,15.0,Jan,seasonal,0.6111
tv,Apr,105.0,Apr,seasonal,0.5652
tv awards,Apr,105.0,Apr,seasonal,0.6111
tv comedies,Apr,105.0,Apr,seasonal,0.55
tv commercials,Sep,255.0,Sep,seasonal,0.5
tv crime,Jan,15.0,Jan,seasonal,0.6667
tv documentary,Jan,15.0,Jan,seasonal,0.5714
tv dramas,Aug,225.0,Aug,seasonal,0.5217
tv family-oriented shows,Jun,165.0,Jun,seasonal,
tv fan edits,Jul,195.0,Jul,seasonal,0.0
tv game shows,Apr,105.0,Apr,seasonal,0.5
tv guides,Aug,225.0,Aug,seasonal,0.3182
tv industry,Aug,225.0,Aug,seasonal,0.6522
tv medical shows,Aug,225.0,Aug,seasonal,0.4706
tv networks,May,135.0,May,seasonal,0.5455
tv production,Jun,165.0,Jun,seasonal,0.5
tv reality shows,Jan,15.0,Jan,seasonal,0.6364
tv sci-fi,Jan,15.0,Jan,seasonal,0.7727
tv shows,Jan,15.0,Jan,seasonal,0.5417
tv soap operas,Apr,105.0,Apr,seasonal,0.8235
tv streaming,Aug,225.0,Aug,seasonal,0.4583
tv talent,Jan,15.0,Jan,seasonal,0.4667
tv talk shows,Jan,15.0,Jan,seasonal,0.3684
tycoon games,Jan,15.0,Jan,seasonal,0.5455
tyrol,Dec,345.0,Dec,seasonal,0.6
uganda,Jun,165.0,Jun,seasonal,0.7143
ukraine,Jan,15.0,Jan,seasonal,0.6842
ulsan,Oct,285.0,Oct,seasonal,0.4706
ultimate fighting championship (ufc),Sep,255.0,Sep,seasonal,0.25
umbria,Jul,195.0,Jul,seasonal,0.7222
unboxing videos,Sep,255.0,Sep,seasonal,0.5238
undergarments,Jun,165.0,Jun,seasonal,0.5
underwater activities,Feb,45.0,Feb,seasonal,0.6
unemployment,Jan,15.0,Jan,seasonal,0.6818
uniforms,Apr,105.0,Apr,seasonal,0.6667
unions,Feb,45.0,Feb,seasonal,0.5263
united arab emirates,Mar,75.0,Mar,seasonal,0.4348
united kingdom,Mar,75.0,Mar,seasonal,0.8462
universities,Jan,15.0,Jan,seasonal,0.7143
unix,Sep,255.0,Sep,seasonal,0.65
unwanted body,Mar,75.0,Mar,seasonal,0.6842
upper austria,Mar,75.0,Mar,seasonal,0.4444
upstate south carolina,Mar,75.0,Mar,seasonal,0.6087
urban,Sep,255.0,Sep,seasonal,0.3125
urban transit,Feb,45.0,Feb,seasonal,0.4783
uruguay,Jun,165.0,Jun,seasonal,0.9412
usa,Jun,165.0,Jun,seasonal,0.5
used vehicles,Dec,345.0,Dec,seasonal,0.7083
utah,Nov,315.0,Nov,seasonal,0.75
utilities,Jul,195.0,Jul,seasonal,0.6316
utility bags,Feb,45.0,Feb,seasonal,0.7778
utrecht,Aug,225.0,Aug,seasonal,0.5625
uttar pradesh,Mar,75.0,Mar,seasonal,0.6522
uzbekistan,Jan,15.0,Jan,seasonal,0.5238
vacation offers,Sep,255.0,Sep,seasonal,0.0
vacation properties,Feb,45.0,Feb,seasonal,0.5714
vacation rentals,Jan,15.0,Jan,seasonal,0.6875
vaccines,Jan,15.0,Jan,seasonal,0.6154
vacuums,Jan,15.0,Jan,seasonal,0.5455
valencia,Aug,225.0,Aug,seasonal,0.5455
valentine's day,Feb,45.0,Feb,seasonal,1.0
valves hoses,Feb,45.0,Feb,seasonal,0.5
van life,Jan,15.0,Jan,seasonal,0.6667
vancouver,Jan,15.0,Jan,seasonal,0.5
vans,Aug,225.0,Aug,seasonal,0.7143
variety shows,Jan,15.0,Jan,seasonal,0.4762
vatican city,Dec,345.0,Dec,seasonal,0.6522
vegan cuisine,Sep,255.0,Sep,seasonal,0.5652
vegetables,Mar,75.0,Mar,seasonal,0.75
vegetarian cuisine,May,135.0,May,seasonal,0.4583
vehicle,Nov,315.0,Nov,seasonal,0.5238
vehicle codes,Jun,165.0,Jun,seasonal,0.5455
vehicle dealers,Mar,75.0,Mar,seasonal,0.381
vehicle financing,Jan,15.0,Jan,seasonal,0.6
vehicle fueling,Apr,105.0,Apr,seasonal,0.0
vehicle fuels,Apr,105.0,Apr,seasonal,0.4444
vehicle insurance,Jun,165.0,Jun,seasonal,0.5909
vehicle licensing,Nov,315.0,Nov,seasonal,0.5
vehicle modification,Jan,15.0,Jan,seasonal,0.7391
vehicle parts,Aug,225.0,Aug,seasonal,0.5652
vehicle repair,Mar,75.0,Mar,seasonal,0.2917
vehicle shopping,May,135.0,May,seasonal,0.6316
vehicle shows,Jun,165.0,Jun,seasonal,0.5455
vehicle simulators,Apr,105.0,Apr,seasonal,
vehicle specs,Mar,75.0,Mar,seasonal,0.4783
vehicle wheels,Nov,315.0,Nov,seasonal,0.5263
vehicles,Jun,165.0,Jun,seasonal,0.5238
veneto,Oct,285.0,Oct,seasonal,0.5238
venezuela,Mar,75.0,Mar,seasonal,0.6522
venice,Sep,255.0,Sep,seasonal,0.625
vents,May,135.0,May,seasonal,0.5238
venture capital,Feb,45.0,Feb,seasonal,0.5217
veracruz,Jan,15.0,Jan,seasonal,0.4667
vermont,Jan,15.0,Jan,seasonal,0.6316
veterans,Nov,315.0,Nov,seasonal,0.8333
veterinarians,Nov,315.0,Nov,seasonal,0.619
victoria (au),Oct,285.0,Oct,seasonal,0.6667
victoria (bc),Jan,15.0,Jan,seasonal,0.6667
video,Apr,105.0,Apr,seasonal,0.55
video cards,Dec,345.0,Dec,seasonal,0.8
video chat,Oct,285.0,Oct,seasonal,0.45
video equipment,Jan,15.0,Jan,seasonal,0.4545
video file formats,Sep,255.0,Sep,seasonal,0.5
video game cheats,Apr,105.0,Apr,seasonal,1.0
video game development,Jan,15.0,Jan,seasonal,0.4091
video game emulation,Nov,315.0,Nov,seasonal,0.5
video game mods,Dec,345.0,Dec,seasonal,0.4762
video game playthroughs,Jul,195.0,Jul,seasonal,0.5455
video game retailers,Jan,15.0,Jan,seasonal,
video game streams,Aug,225.0,Aug,seasonal,0.4
video games,May,135.0,May,seasonal,0.6667
video players,Jun,165.0,Jun,seasonal,0.6364
video rentals,Apr,105.0,Apr,seasonal,0.5714
video services,Sep,255.0,Sep,seasonal,0.5217
video sharing,Jan,15.0,Jan,seasonal,0.6087
video shopping,Jul,195.0,Jul,seasonal,0.5909
video software,Jan,15.0,Jan,seasonal,0.4762
videos,Apr,105.0,Apr,seasonal,0.6
vienna,Oct,285.0,Oct,seasonal,0.6667
viet nam,May,135.0,May,seasonal,0.6316
vietnamese cuisine,Nov,315.0,Nov,seasonal,0.4583
vineyards,May,135.0,May,seasonal,0.619
virgin islands,Jan,15.0,Jan,seasonal,0.7727
virginia,Jan,15.0,Jan,seasonal,0.4615
virginia beach-hampton roads,Jun,165.0,Jun,seasonal,0.0
virtual assistants,Jun,165.0,Jun,seasonal,0.5652
virtual reality,Nov,315.0,Nov,seasonal,0.7059
virtual reality devices,Jan,15.0,Jan,seasonal,0.5
virtual tours,Feb,45.0,Feb,seasonal,0.4783
virtual worlds,Oct,285.0,Oct,seasonal,0.5625
visa,May,135.0,May,seasonal,0.5
vision care,Feb,45.0,Feb,seasonal,0.6818
vision loss,Sep,255.0,Sep,seasonal,0.5652
visual art,Sep,255.0,Sep,seasonal,0.6957
visual arts,Jan,15.0,Jan,seasonal,0.625
vitamins,Jan,15.0,Jan,seasonal,0.7273
vlogs,Jul,195.0,Jul,seasonal,0.6957
vocals,Nov,315.0,Nov,seasonal,0.7222
vocational,Feb,45.0,Feb,seasonal,0.619
voice,Oct,285.0,Oct,seasonal,0.4706
volga district,Nov,315.0,Nov,seasonal,
volkswagen,Jan,15.0,Jan,seasonal,0.4375
volleyball,Aug,225.0,Aug,seasonal,0.625
volleyball equipment,Aug,225.0,Aug,seasonal,0.75
volvo,Sep,255.0,Sep,seasonal,0.6667
vorarlberg,Dec,345.0,Dec,seasonal,0.7
vpn,Jan,15.0,Jan,seasonal,0.5217
wagons,Jul,195.0,Jul,seasonal,0.6667
wakayama,Oct,285.0,Oct,seasonal,0.5
wales,Feb,45.0,Feb,seasonal,0.8947
walking,Feb,45.0,Feb,seasonal,0.4286
wallonia,Jul,195.0,Jul,seasonal,0.5882
wallpapers,Jan,15.0,Jan,seasonal,0.75
warehousing,Feb,45.0,Feb,seasonal,0.5652
wargaming,Dec,345.0,Dec,seasonal,0.7727
warranties,Feb,45.0,Feb,seasonal,0.5909
warsaw,Aug,225.0,Aug,seasonal,0.6
washers,Jan,15.0,Jan,seasonal,0.619
washington dc,Jan,15.0,Jan,seasonal,0.6316
washington state,Sep,255.0,Sep,seasonal,0.7727
waste management,Feb,45.0,Feb,seasonal,0.8182
watchdogs,Jun,165.0,Jun,seasonal,
watches,Aug,225.0,Aug,seasonal,0.4762
water,Feb,45.0,Feb,seasonal,0.619
water activities,Feb,45.0,Feb,seasonal,0.7826
water filters,Jan,15.0,Jan,seasonal,0.619
water sports,Jul,195.0,Jul,seasonal,0.6842
water supply,Feb,45.0,Feb,seasonal,0.4583
watercraft,Jan,15.0,Jan,seasonal,0.85
wearable technology,Sep,255.0,Sep,seasonal,0.4091
weather,May,135.0,May,seasonal,0.5217
weaves,Mar,75.0,Mar,seasonal,0.3684
web apps,May,135.0,May,seasonal,0.5833
web browsers,Mar,75.0,Mar,seasonal,0.5217
web design,Jan,15.0,Jan,seasonal,0.55
web hosting,Feb,45.0,Feb,seasonal,0.5238
web portals,Apr,105.0,Apr,seasonal,0.4583
web series,Jan,15.0,Jan,seasonal,0.3478
web services,Jan,15.0,Jan,seasonal,0.5263
web stats,Jul,195.0,Jul,seasonal,0.4286
weddings,May,135.0,May,seasonal,0.5833
weight loss,Jan,15.0,Jan,seasonal,0.8421
weights,Jan,15.0,Jan,seasonal,0.5217
welfare,Jan,15.0,Jan,seasonal,0.7826
wellington,Dec,345.0,Dec,seasonal,0.65
west asia,Jul,195.0,Jul,seasonal,0.5
west bengal,May,135.0,May,seasonal,0.5
west france,Jun,165.0,Jun,seasonal,0.7143
west india,Jun,165.0,Jun,seasonal,0.7143
west midlands,Apr,105.0,Apr,seasonal,0.7
west palm beach-boca raton,Feb,45.0,Feb,seasonal,
west virginia,Mar,75.0,Mar,seasonal,0.5
western africa,Sep,255.0,Sep,seasonal,0.4783
western australia,Jan,15.0,Jan,seasonal,0.7059
western europe,Sep,255.0,Sep,seasonal,0.4783
western films,Sep,255.0,Sep,seasonal,0.55
western new guinea,Jul,195.0,Jul,seasonal,
wholesalers,Jan,15.0,Jan,seasonal,0.9091
wigs,Oct,285.0,Oct,seasonal,0.5882
wildlife,Jan,15.0,Jan,seasonal,0.6364
wind power,Feb,45.0,Feb,seasonal,0.6
window treatments,Feb,45.0,Feb,seasonal,0.625
windows,Jun,165.0,Jun,seasonal,0.6429
windows mobile os,Mar,75.0,Mar,seasonal,0.1667
windows os,Jan,15.0,Jan,seasonal,0.5625
wine tourism,Sep,255.0,Sep,seasonal,0.625
winnipeg,Oct,285.0,Oct,seasonal,0.7
winter sports,Dec,345.0,Dec,seasonal,0.8125
winter sports equipment,Jan,15.0,Jan,seasonal,1.0
wire services,Nov,315.0,Nov,seasonal,0.4286
wireless,Jun,165.0,Jun,seasonal,0.7619
wireless accessories,May,135.0,May,seasonal,0.3913
wisconsin,Jul,195.0,Jul,seasonal,0.5238
women's clothing,Feb,45.0,Feb,seasonal,0.5455
women's health,Jan,15.0,Jan,seasonal,0.6667
wood,Dec,345.0,Dec,seasonal,0.4706
word games,Oct,285.0,Oct,seasonal,0.381
word processing software,Sep,255.0,Sep,seasonal,0.7273
work,Jan,15.0,Jan,seasonal,0.7778
workwear,Jan,15.0,Jan,seasonal,0.875
world localities,Aug,225.0,Aug,seasonal,
world music,Jun,165.0,Jun,seasonal,0.7273
world news,Jun,165.0,Jun,seasonal,0.5652
world wrestling entertainment (wwe),Sep,255.0,Sep,seasonal,0.2667
wrestling,Jan,15.0,Jan,seasonal,0.6429
writers resources,Jan,15.0,Jan,seasonal,
writing,Sep,255.0,Sep,seasonal,0.8696
wroclaw,Jul,195.0,Jul,seasonal,0.8235
wuhan,Jan,15.0,Jan,seasonal,
wyoming,Sep,255.0,Sep,seasonal,0.6667
xbox,Jun,165.0,Jun,seasonal,0.8947
xi'an,Jan,15.0,Jan,seasonal,0.8333
xinjiang,Jul,195.0,Jul,seasonal,0.5556
yamagata,Sep,255.0,Sep,seasonal,0.75
yamaguchi,Oct,285.0,Oct,seasonal,0.1538
yamanashi,Aug,225.0,Aug,seasonal,0.5333
yard maintenance,Apr,105.0,Apr,seasonal,0.6957
yemen,Sep,255.0,Sep,seasonal,0.6818
yoga,Jan,15.0,Jan,seasonal,0.7391
yokohama,Feb,45.0,Feb,seasonal,0.6667
yorkshire,May,135.0,May,seasonal,0.7857
young adult books,Jan,15.0,Jan,seasonal,0.45
youth camps,Jan,15.0,Jan,seasonal,0.3889
youth organizations,Mar,75.0,Mar,seasonal,0.5
yucatan,Jan,15.0,Jan,seasonal,0.65
yucatan peninsula,Sep,255.0,Sep,seasonal,0.3043
yunnan,Mar,75.0,Mar,seasonal,0.6667
zambia,Mar,75.0,Mar,seasonal,0.6667
zeeland,Jan,15.0,Jan,seasonal,0.4545
zhejiang,Dec,345.0,Dec,seasonal,0.5714
zimbabwe,Jan,15.0,Jan,seasonal,0.4762
zoos,Nov,315.0,Nov,seasonal,0.4211
zurich,Aug,225.0,Aug,seasonal,0.8571
