Time,sun_lon,sun_dist,moon_lon,moon_dist,mercury_lon,mercury_dist,venus_lon,venus_dist,mars_lon,mars_dist,jupiter_lon,jupiter_dist,saturn_lon,saturn_dist,uranus_lon,uranus_dist,neptune_lon,neptune_dist,pluto_lon,pluto_dist,node_lon,node_dist,chiron_lon,chiron_dist
1700Q1,307.2404,0.988831,269.4647,0.002715,281.8923,1.075659,329.5737,1.533812,205.3225,1.107636,270.9523,5.934885,314.1306,10.730241,77.4028,18.13581,344.1496,30.652794,110.0406,35.885661,145.2593,0.00257,160.7105,7.522615
1700Q2,35.8108,1.012349,7.5314,0.002571,31.6029,0.552111,77.2779,1.017123,205.6609,0.524684,282.4924,4.652469,323.4219,9.982302,78.6958,19.502919,347.2919,30.528157,109.3529,37.032221,140.49,0.00257,155.1674,7.80942
1700Q3,123.7846,1.011669,149.2527,0.002409,150.8482,0.973647,148.3333,0.328635,218.5028,0.917431,274.3601,4.200054,322.6362,8.735247,83.9052,19.523923,347.7507,29.130395,111.6066,37.676048,135.6147,0.00257,161.3674,9.130527
1700Q4,214.5319,0.987682,281.3708,0.002675,223.5303,1.412954,167.8936,0.706558,280.5169,1.450971,277.8972,5.439592,317.9861,9.393171,85.4007,18.104968,345.5306,29.208904,113.203,36.42572,130.7394,0.00257,174.343,9.096173
1701Q1,306.9874,0.988732,29.5847,0.002631,290.1429,1.305102,274.343,1.324684,349.3154,2.024483,297.7096,6.018735,324.854,10.579032,82.0374,18.017033,346.304,30.623064,111.6612,35.621226,125.9171,0.00257,179.6451,7.756806
1701Q2,35.5691,1.012289,139.967,0.002465,11.4024,0.739481,24.8616,1.693432,53.0938,2.503977,315.3512,5.091688,334.8895,10.070749,82.9906,19.385736,349.4544,30.556612,110.9086,36.744969,121.1478,0.00257,173.8989,7.649428
1701Q3,123.5355,1.011661,280.1181,0.002642,144.5745,0.694615,137.9908,1.653303,113.3081,2.636608,314.3001,3.999843,335.91,8.718645,88.1979,19.517634,350.0295,29.157779,113.1477,37.425481,116.2725,0.00257,177.2109,9.044462
1701Q4,214.2706,0.987697,43.2745,0.00266,233.1904,1.215603,250.8996,1.219022,171.3685,2.239286,309.0339,4.797967,330.401,9.083553,90.0518,18.114261,347.8062,29.173567,114.8186,36.201742,111.3972,0.00257,189.6724,9.436873
1702Q1,306.7217,0.988666,166.0219,0.002434,302.5014,1.391667,352.6951,0.58586,226.7857,1.428107,325.1074,5.891861,335.868,10.381596,86.7215,17.906096,348.4629,30.591251,113.3097,35.359389,106.5749,0.00257,197.2074,8.242812
1702Q2,35.3163,1.012207,279.5076,0.002538,13.0176,1.05241,357.7284,0.419394,268.8802,0.630073,345.8718,5.551703,346.4067,10.136799,87.3276,19.266952,351.6167,30.583275,112.4915,36.458636,101.8056,0.00257,192.3708,7.767512
1702Q3,123.2884,1.011725,42.2145,0.002692,116.1874,0.647803,84.1234,1.121992,260.6327,0.465855,354.5598,4.252405,349.335,8.74422,92.5075,19.509717,352.3081,29.18565,114.7138,37.175765,96.9303,0.00257,192.7507,9.108898
1702Q4,214.0154,0.987816,171.1205,0.002438,234.9325,0.871885,195.9799,1.591563,303.4416,1.01068,345.1787,4.242385,343.4181,8.787909,94.7157,18.131269,350.0864,29.138619,116.4602,35.979989,92.055,0.00257,203.9178,9.881881
1703Q1,306.4609,0.988696,299.8714,0.002513,316.7778,1.263668,310.288,1.710549,5.9324,1.748026,353.7288,5.570495,347.2354,10.142674,91.4536,17.803711,350.6256,30.557235,114.9876,35.100217,87.2327,0.00257,212.8353,8.908898
1703Q2,35.0692,1.012167,42.366,0.002712,26.3892,1.293942,61.325,1.468971,66.0335,2.396457,14.4988,5.897393,358.0046,10.176002,91.7088,19.147105,353.7783,30.60757,114.1034,36.173434,82.4634,0.00257,209.5578,8.13957
1703Q3,123.0459,1.011798,168.52,0.002555,105.0296,1.000398,168.0778,0.842681,124.8759,2.675672,30.4851,4.827987,2.8412,8.811171,96.8351,19.49965,354.5849,29.213684,116.3066,36.926624,77.5881,0.00257,207.5127,9.319661
1703Q4,213.7584,0.987841,311.9699,0.002527,207.9648,0.692062,212.6784,0.26657,184.0628,2.416889,25.4443,4.016374,357.0597,8.523205,99.3902,18.155609,352.3701,29.104019,118.1291,35.760351,72.7128,0.00257,216.9098,10.398972
1704Q1,306.2071,0.988576,67.4831,0.002707,323.9398,0.877585,260.4803,0.828325,244.7252,1.739498,24.1257,5.130926,359.0193,9.869741,96.232,17.710433,352.7913,30.520873,116.6964,34.843666,67.8905,0.00257,226.4574,9.682273
1704Q2,35.7896,1.012259,177.7374,0.00255,46.7805,1.241628,7.4384,1.435468,306.0413,1.00778,42.0521,6.048521,9.8304,10.178572,96.1716,19.040961,355.9686,30.618823,115.7546,35.904784,63.0682,0.00257,224.8041,8.705693
1704Q3,123.762,1.011623,319.943,0.002411,119.9235,1.332099,119.6706,1.723243,349.9696,0.475256,61.5511,5.464322,16.3586,8.901092,101.2383,19.480278,356.8446,29.2286,117.9583,36.675094,58.1929,0.00257,221.1978,9.675776
1704Q4,214.5035,0.987677,90.8138,0.002684,195.5075,1.073912,234.2527,1.576175,341.1334,0.625083,65.0163,4.227694,11.2277,8.314408,104.0665,18.170392,354.6359,29.08104,119.8288,35.524701,53.3176,0.00257,228.7536,10.966314
1705Q1,306.9529,0.988745,200.2892,0.002622,297.8825,0.644159,346.1933,1.124267,24.7068,1.44086,56.7352,4.7161,11.3499,9.588827,101.0153,17.633308,354.9855,30.495588,118.4132,34.590539,48.4953,0.00257,238.3374,10.491925
1705Q2,35.5367,1.012258,312.433,0.00247,57.538,0.912566,74.9581,0.453564,79.572,2.218198,68.6405,5.986759,21.6717,10.161382,100.6377,18.920008,358.1256,30.639389,117.4275,35.620386,43.726,0.00257,238.15,9.397834
1705Q3,123.5121,1.0117,90.6848,0.002666,135.5785,1.333028,78.7213,0.58522,137.045,2.626753,88.8196,6.002268,29.8298,9.039771,105.6014,19.465727,359.1152,29.257237,119.6074,36.426211,38.8507,0.00257,233.5896,10.113374
1705Q4,214.2492,0.987768,213.5829,0.002635,204.4946,1.363087,178.9552,1.241596,197.4151,2.512595,99.9567,4.751675,25.9568,8.162138,108.7577,18.206627,356.9213,29.047614,121.5559,35.307721,33.9754,0.00257,239.2808,11.553344
1706Q1,306.699,0.988742,337.679,0.002413,280.4649,0.89095,292.0677,1.640344,261.844,2.005899,91.2101,4.43237,24.0942,9.285002,105.8723,17.557371,357.1525,30.456521,120.186,34.336999,29.1531,0.00257,248.6295,11.326852
1706Q2,35.2902,1.012238,89.527,0.002548,48.4657,0.605517,43.6277,1.706695,328.9112,1.442865,95.1857,5.734428,33.6521,10.113833,105.1466,18.798873,0.2791,30.658397,119.132,35.33599,24.3838,0.00257,249.6876,10.161841
1706Q3,123.2659,1.011705,211.5995,0.002688,146.789,1.14033,155.6866,1.333041,31.1896,0.934944,113.7992,6.324506,43.165,9.20477,109.9797,19.447753,1.3807,29.287073,121.285,36.17655,19.5085,0.00257,244.7376,10.621128
1706Q4,213.9918,0.987777,342.2007,0.002443,216.0174,1.449425,261.1702,0.685321,46.1052,0.523812,129.8252,5.366029,41.0342,8.090005,113.4491,18.248413,359.2076,29.016043,123.3115,35.091731,14.6333,0.00257,248.7474,12.144941
1707Q1,306.4373,0.988633,110.8437,0.002545,283.7274,1.179157,281.5317,0.314892,46.2987,1.11557,126.3288,4.392599,37.3678,8.98681,110.7632,17.491616,359.3204,30.416604,121.9913,34.085201,9.811,0.00257,257.6614,12.146629
1707Q2,35.0443,1.012107,212.3493,0.002716,20.0348,0.593175,352.1297,0.975122,92.8427,1.966214,122.5094,5.351593,45.7807,10.036879,109.6964,18.678199,2.4291,30.67638,120.8683,35.051509,5.0416,0.00257,259.6928,10.955472
1707Q3,123.0206,1.011734,340.1708,0.002525,150.0892,0.858875,100.4042,1.539069,148.7998,2.488455,137.6482,6.393228,56.3122,9.386146,114.3714,19.426483,3.6414,29.318574,122.9908,35.926226,0.1664,0.00257,254.7292,11.172417
1707Q4,213.7312,0.987866,123.8603,0.002534,226.9633,1.356554,214.8455,1.712285,210.3971,2.527123,156.192,5.900884,56.2486,8.105074,118.1371,18.295361,1.4947,28.986768,125.0953,34.876814,355.2911,0.00257,257.2912,12.7284
1708Q1,306.1758,0.988612,237.2401,0.002706,293.8851,1.359651,328.8712,1.527736,277.6615,2.217811,160.0976,4.597628,51.1628,8.711907,115.6816,17.436586,1.4897,30.376601,123.8285,33.835229,350.4688,0.00257,265.6704,12.935369
1708Q2,35.759,1.012309,347.6612,0.002535,10.4535,0.875514,77.6047,0.999598,347.848,1.838125,151.5388,4.935896,58.1853,9.939825,114.3065,18.575394,4.6096,30.685508,122.6417,34.783178,345.6465,0.00257,268.4188,11.738092
1708Q3,123.7357,1.011655,130.7425,0.002427,134.0711,0.621953,145.5253,0.318679,52.8506,1.413547,161.5732,6.218862,69.3295,9.559768,118.8372,19.400613,5.8887,29.337176,124.7571,35.675146,340.7712,0.00257,263.654,11.757677
1708Q4,214.4857,0.987702,260.5236,0.002696,236.1115,1.076362,167.9314,0.725237,93.941,0.805908,180.816,6.248476,71.3125,8.196624,122.8287,18.329837,3.7597,28.969235,126.9132,34.645483,335.8959,0.00257,265.1135,13.309053
1709Q1,306.9347,0.988778,10.9958,0.00261,309.0997,1.366789,274.8338,1.338327,75.5596,0.837808,191.3617,4.948643,65.4126,8.49304,120.5779,17.394565,3.6848,30.351618,125.672,33.587036,331.0736,0.00257,272.9302,13.67592
1709Q2,35.5168,1.012272,124.8174,0.002473,18.2087,1.179413,25.4194,1.698011,107.6402,1.664693,183.0226,4.559144,70.6103,9.817137,118.9274,18.459004,6.7554,30.703349,124.44,34.499772,326.3043,0.00257,276.1701,12.512228
1709Q3,123.4862,1.011663,261.4081,0.00268,107.1901,0.773044,138.5489,1.646719,161.6878,2.265818,186.2162,5.815204,82.0223,9.744034,123.2517,19.374831,8.1428,29.372634,126.5191,35.425074,321.429,0.00257,271.7284,12.332941
1709Q4,214.2235,0.98768,23.8385,0.002605,227.5375,0.726365,251.3564,1.203935,224.6432,2.445526,204.5505,6.380834,86.1536,8.373098,127.5029,18.386402,6.0495,28.945166,128.7534,34.433878,316.5537,0.00257,272.1843,13.851242
1710Q1,306.6736,0.988691,148.5943,0.002396,322.4753,1.116383,352.3459,0.567448,294.1123,2.341661,220.358,5.362159,80.034,8.314974,125.5343,17.361719,5.8584,30.312601,127.5725,33.341954,311.7314,0.00257,279.4317,14.379253
1710Q2,35.2649,1.012192,259.8069,0.002559,34.8045,1.322654,356.4072,0.435305,4.0036,2.161555,217.1588,4.355255,83.1793,9.677576,123.583,18.346022,8.8995,30.721037,126.2701,34.217637,306.9621,0.00257,283.1066,13.255923
1710Q3,123.2388,1.011715,21.4033,0.002686,109.5989,1.176679,84.5265,1.138294,68.8285,1.839663,213.0863,5.246665,94.4597,9.913958,127.6756,19.346772,10.3941,29.410254,128.3091,35.175769,302.0868,0.00257,279.0526,12.899599
1710Q4,213.9648,0.98779,153.4352,0.00245,197.0277,0.821554,196.5368,1.599474,119.4054,1.192793,228.5931,6.261688,100.5381,8.613538,132.1637,18.447547,8.3418,28.924055,130.6215,34.224759,297.2115,0.00257,278.6867,14.363307
1711Q1,306.4147,0.988694,281.8889,0.00258,317.5165,0.709093,310.8575,1.708666,116.9134,0.681829,247.7724,5.727898,94.8909,8.207374,130.5014,17.341552,8.0358,30.274078,129.5049,33.100608,292.3892,0.00257,285.3785,15.032936
1711Q2,35.0189,1.012186,22.6507,0.002717,51.7536,1.131792,61.8441,1.457133,124.085,1.308576,252.627,4.41138,95.8843,9.528741,128.2708,18.237914,11.0436,30.738446,128.1323,33.937847,287.6199,0.00257,289.3845,13.960855
1711Q3,122.9954,1.01181,151.3452,0.002494,125.5979,1.363677,168.241,0.824466,174.8388,1.953221,243.8262,4.625169,106.6462,10.061466,132.1079,19.316934,12.6433,29.449826,130.1275,34.92797,282.7446,0.00257,285.7442,13.44799
1711Q4,213.7056,0.987851,294.8758,0.00254,197.503,1.209491,208.6288,0.268003,238.9575,2.26348,253.9729,5.897006,114.3685,8.899841,136.8079,18.513161,10.6375,28.905887,132.5173,34.018929,277.8693,0.00257,284.7083,14.841279
1712Q1,306.16,0.988554,46.8979,0.002704,286.6819,0.711953,260.6782,0.846558,309.8,2.366703,274.4917,5.964562,109.803,8.178422,135.4735,17.334797,10.2184,30.23579,131.4695,32.864076,273.047,0.00257,290.8677,15.63485
1712Q2,35.7426,1.012293,157.8212,0.002525,57.1156,0.75711,7.949,1.447572,19.7097,2.384185,287.2873,4.705448,108.7753,9.394886,132.9943,18.152456,13.2238,30.748957,130.03,33.677092,268.2247,0.00257,295.1309,14.606979
1712Q3,123.7119,1.011634,301.1447,0.002448,141.5353,1.26476,120.2415,1.72499,83.3421,2.17974,279.7872,4.144241,118.7224,10.179191,136.6093,19.289375,14.8865,29.475123,132.0086,34.684022,263.3494,0.00257,291.8523,13.975939
1712Q4,214.4503,0.987681,70.3747,0.002705,209.8598,1.424901,234.7983,1.567592,137.5932,1.557829,282.0414,5.349308,127.6484,9.196243,141.4621,18.566683,12.9114,28.896636,134.4519,33.799946,258.4742,0.00257,290.3534,15.300176
1713Q1,306.903,0.988688,182.4498,0.002592,280.8396,1.026709,346.6097,1.107897,161.5821,0.75215,301.5367,6.012681,124.4961,8.229787,140.4043,17.337306,12.4251,30.213079,133.442,32.630126,253.6519,0.00257,296.0511,16.182805
1713Q2,35.4916,1.012261,297.0325,0.002471,36.4857,0.55227,73.7894,0.437123,146.2064,0.936293,319.8201,5.159389,121.6801,9.253108,137.7367,18.057052,15.3699,30.765269,131.9585,33.404189,248.8825,0.00257,300.4409,15.220869
1713Q3,123.4612,1.011719,71.7376,0.00269,149.9068,1.021898,78.3744,0.603472,190.2665,1.564458,320.1486,4.008473,130.4519,10.269267,141.0558,19.258775,17.1347,29.517205,133.8865,34.442021,244.0073,0.00257,297.5671,14.466556
1713Q4,214.1954,0.987783,194.1836,0.002579,221.3104,1.429601,179.4296,1.256471,255.1292,1.982711,313.8458,4.708077,140.3261,9.517846,146.0733,18.641096,15.2142,28.882241,136.4068,33.602996,239.132,0.00257,295.6144,15.702719
1714Q1,306.6451,0.988711,319.4494,0.002388,288.0077,1.27528,292.6226,1.646575,326.3236,2.287357,329.0759,5.857787,138.9572,8.350672,145.3742,17.356484,14.617,30.174211,135.4744,32.404559,234.3097,0.00257,300.8412,16.680877
1714Q2,35.2441,1.012228,69.5507,0.002579,12.6104,0.692189,44.1927,1.702657,33.7953,2.502565,350.0252,5.612167,134.6581,9.126313,142.5064,17.969662,17.5171,30.779754,133.9229,33.135879,229.5404,0.00257,305.3887,15.786096
1714Q3,123.2158,1.011755,191.3893,0.002684,146.8751,0.735672,156.1674,1.319114,96.0487,2.435152,359.9682,4.322265,141.9882,10.324706,145.5108,19.227734,19.3812,29.559531,135.7963,34.203406,224.6651,0.00257,302.9069,14.923296
1714Q4,213.9382,0.987797,325.421,0.00246,231.4456,1.261199,261.1161,0.666725,152.329,1.887132,350.7036,4.186977,152.4561,9.832287,150.6646,18.719269,17.5203,28.869319,138.3924,33.411177,219.7898,0.00257,300.5827,16.065127
1715Q1,306.3832,0.988619,92.7617,0.00261,299.8176,1.390104,278.7872,0.326196,194.9042,0.999437,357.8981,5.51492,152.9737,8.535619,150.3365,17.389605,16.8138,30.134008,137.5429,32.1857,214.9675,0.00257,305.3646,17.126394
1715Q2,34.9975,1.012071,192.7498,0.002708,11.3097,0.999268,352.4372,0.992537,183.2427,0.599647,18.4046,5.934093,147.6767,9.021658,147.3024,17.89098,19.6647,30.791767,135.9251,32.872406,210.1982,0.00257,310.0357,16.302031
1715Q3,122.9725,1.011777,322.9118,0.002461,121.0129,0.622694,100.9439,1.549009,208.6339,1.102737,35.1028,4.923608,153.3625,10.345016,149.9748,19.196407,21.6253,29.601595,137.7395,33.968292,205.3229,0.00257,307.9312,15.343955
1715Q4,213.6759,0.987867,105.6997,0.002543,235.6067,0.936289,215.4132,1.711773,272.2737,1.60942,31.1923,4.023584,164.095,10.126042,155.2363,18.800594,19.8285,28.857378,140.4099,33.224558,200.4476,0.00257,305.302,16.386957
1716Q1,306.1216,0.988587,216.3145,0.002702,313.9767,1.30549,329.409,1.517686,342.2185,2.109609,28.5565,5.068656,166.4604,8.770258,155.2876,17.435988,19.0143,30.092398,139.6485,31.973382,195.6253,0.00257,309.6643,17.520405
1716Q2,35.7091,1.012263,328.5481,0.00252,25.1397,1.276503,77.92,0.981959,47.9364,2.52206,45.7911,6.055378,160.6658,8.9581,152.11,17.836118,21.8483,30.797627,137.9645,32.628936,190.803,0.00257,314.4554,16.75338
1716Q3,123.6877,1.011687,112.2155,0.002477,105.2716,0.953128,142.4971,0.309948,108.7083,2.597021,65.5352,5.552562,164.7108,10.342006,154.5039,19.173294,23.8664,29.626631,139.751,33.740412,185.9277,0.00257,312.6422,15.725602
1716Q4,214.4292,0.987736,240.1754,0.002715,212.5943,0.679816,167.9938,0.744003,166.2998,2.151016,70.2183,4.289682,175.4124,10.377725,159.8314,18.869934,22.1093,28.850262,142.4754,33.026076,181.0524,0.00257,309.8179,16.686364
1717Q1,306.8799,0.988764,353.7622,0.002569,324.9511,0.926351,275.3261,1.351733,218.9575,1.302394,61.4349,4.6665,179.3531,9.025482,160.1891,17.48508,21.2315,30.06645,141.7663,31.762159,176.2301,0.00257,313.844,17.867236
1717Q2,35.4657,1.012252,109.2762,0.002468,43.3994,1.278188,25.9782,1.702328,246.6349,0.536914,72.3096,5.963672,173.6198,8.909829,156.9463,17.774937,23.9938,30.805418,140.0439,32.374554,171.4608,0.00257,318.6499,17.171472
1717Q3,123.4393,1.011681,241.8154,0.002695,116.6755,1.301437,139.1068,1.639891,238.9367,0.624891,92.3846,6.063364,175.8529,10.297573,158.9839,19.142049,26.1031,29.667914,141.7634,33.512095,166.5855,0.00257,317.183,16.0694
1717Q4,214.169,0.98773,3.9767,0.002553,194.6768,1.00469,251.8011,1.188622,293.5446,1.183135,104.3677,4.838369,186.2723,10.602412,164.3656,18.955225,24.4166,28.840126,144.5595,32.848911,161.7102,0.00257,314.147,16.927105
1718Q1,306.6185,0.988658,130.3119,0.002389,303.4956,0.638379,351.9233,0.549056,359.2969,1.861856,96.0884,4.412086,191.7448,9.310553,165.1073,17.554337,23.4347,30.022946,143.9474,31.561752,156.8879,0.00257,317.7994,18.162253
1718Q2,35.2147,1.012162,239.5432,0.0026,56.3487,0.975507,355.2317,0.451616,60.9746,2.447853,98.8976,5.687861,186.4893,8.893936,161.8004,17.722884,26.1364,30.811141,142.1633,32.124391,152.1186,0.00257,322.6734,17.541582
1718Q3,123.1916,1.011696,1.5252,0.002676,132.7728,1.349819,84.9384,1.154422,120.3531,2.671179,117.1339,6.35015,186.9404,10.222838,163.4712,19.109969,28.334,29.709298,143.8104,33.286505,147.2433,0.00257,321.5415,16.374744
1718Q4,213.913,0.987831,137.6021,0.002469,202.248,1.328335,197.0939,1.60717,179.0973,2.356993,133.6382,5.448655,196.8365,10.781261,168.8778,19.040674,26.7221,28.831835,146.6757,32.67595,142.3681,0.00257,318.3317,17.127549
1719Q1,306.3582,0.988669,264.0415,0.002635,280.9994,0.838077,311.4215,1.706465,237.9316,1.621542,131.1272,4.407661,203.6233,9.60015,170.0006,17.634128,25.6388,29.979295,146.1652,31.367315,137.5458,0.00257,321.6282,18.408618
1719Q2,34.9682,1.012159,2.6075,0.002699,51.5567,0.643911,62.3598,1.445064,293.6392,0.850881,126.399,5.291835,199.2316,8.910288,166.6665,17.680185,28.2765,30.815455,144.3216,31.878666,132.7765,0.00257,326.5589,17.864038
1719Q3,122.9465,1.011802,133.7658,0.002435,144.9323,1.181355,168.3819,0.80621,316.8972,0.380077,140.9083,6.381766,198.013,10.121261,167.9639,19.07707,30.5592,29.751206,145.8914,33.06373,127.9012,0.00257,325.7516,16.641201
1719Q4,213.6565,0.987892,276.2007,0.002549,213.7054,1.44784,204.6722,0.27121,323.2347,0.754587,159.6541,5.962152,207.1694,10.909892,173.3656,19.125373,29.0258,28.826057,148.8227,32.507222,123.0259,0.00257,322.4005,17.287692
1720Q1,306.1047,0.988571,25.8186,0.002703,282.1389,1.136456,260.8919,0.864775,16.7188,1.557058,164.592,4.640515,215.044,9.881433,174.8629,17.723579,27.8445,29.936138,148.4181,31.179205,118.2036,0.00257,325.3561,18.606725
1720Q2,35.6924,1.012274,139.1499,0.002516,23.647,0.575238,8.4598,1.459425,74.5085,2.298065,155.7379,4.875966,211.7381,8.958043,171.5125,17.658683,30.4518,30.817475,146.5122,31.652375,113.3813,0.00257,330.3676,18.124524
1720Q3,123.6629,1.011633,283.2029,0.002508,150.964,0.8937,120.8121,1.726461,132.5163,2.656465,164.9043,6.173353,209.151,10.013274,172.5062,19.055946,32.7841,29.777221,148.0392,32.849994,108.506,0.00257,329.8024,16.861774
1720Q4,214.4033,0.987674,50.5095,0.002717,226.3752,1.375979,235.3451,1.55879,192.4175,2.483364,184.127,6.280023,217.4531,10.986484,177.881,19.19842,31.2998,28.824253,151.0194,32.327529,103.6307,0.00257,326.3682,17.423794
1721Q1,306.8521,0.988703,165.2377,0.002538,293.1383,1.345271,347.0154,1.091392,255.4949,1.905433,195.5285,5.004402,226.122,10.127148,179.6707,17.808038,30.061,29.910943,150.6813,30.990225,98.8084,0.00257,329.0641,18.764251
1721Q2,35.4417,1.012231,281.0431,0.002462,10.1043,0.821851,72.4754,0.421075,320.7433,1.274021,187.6377,4.51553,224.1387,9.027919,176.3843,17.63406,32.5874,30.820856,148.7448,31.416275,94.0391,0.00257,334.0594,18.353202
1721Q3,123.4117,1.01172,51.8942,0.002697,138.5166,0.642075,78.0902,0.621779,19.4202,0.741864,189.7903,5.741344,220.2999,9.870007,177.0003,19.022397,34.9997,29.821448,150.1849,32.634197,89.1638,0.00257,333.8055,17.048566
1721Q4,214.1459,0.987757,174.1377,0.002536,234.9641,1.13361,179.9103,1.271093,18.9441,0.505738,207.8622,6.377692,227.5118,11.01064,182.3175,19.280789,33.6005,28.823841,153.2254,32.168546,84.2885,0.00257,330.2749,17.502436
1722Q1,306.5971,0.988727,300.7529,0.002401,306.2577,1.382258,293.1816,1.652543,37.2259,1.240434,224.2711,5.417132,236.85,10.361437,184.4628,17.913217,32.2691,29.869943,153.0012,30.815276,79.4662,0.00257,332.6538,18.86796
1722Q2,35.1941,1.012227,49.7556,0.002627,15.7083,1.132916,44.7555,1.698325,87.5683,2.071405,222.1048,4.344693,236.3503,9.120021,181.2524,17.619329,34.7221,30.823905,151.0135,31.186131,74.6969,0.00257,337.6879,18.534976
1722Q3,123.1668,1.011781,172.0903,0.002667,109.5863,0.715129,156.6445,1.305009,144.1513,2.552824,217.1214,5.157097,231.5605,9.712367,181.4935,18.988583,37.2108,29.866988,152.3618,32.422479,69.8216,0.00257,337.7413,17.195633
1722Q4,213.8867,0.987792,309.8233,0.002474,231.1779,0.776403,261.0224,0.648143,205.2581,2.532569,232.0456,6.223264,237.5279,10.979572,186.7247,19.360719,35.9007,28.82689,155.4582,32.015037,64.9463,0.00257,334.1363,17.540253
1723Q1,306.3379,0.988604,74.7338,0.002653,320.2328,1.180456,276.303,0.338464,271.4966,2.144586,251.5485,5.770236,247.3282,10.559809,189.2112,18.025744,34.4808,29.83026,155.3521,30.648429,60.124,0.00257,336.2051,18.923789
1723Q2,34.9514,1.012088,172.5734,0.002685,31.1917,1.319667,352.7602,1.009838,340.2735,1.694023,257.6025,4.441166,248.3758,9.229011,186.1114,17.614921,36.857,30.826552,153.3176,30.962881,55.3547,0.00257,341.2731,18.669617
1723Q3,122.9253,1.011795,304.5918,0.002411,107.1456,1.112027,101.4866,1.558674,44.8871,1.234806,248.5677,4.542654,242.9779,9.545499,185.9838,18.954963,39.4183,29.913867,154.569,32.215576,50.4794,0.00257,341.6323,17.302603
1723Q4,213.6234,0.987869,86.1278,0.002558,199.9212,0.759158,215.9824,1.711005,79.1821,0.674668,257.7135,5.827911,247.5678,10.89396,191.1013,19.438037,38.2014,28.833308,157.7163,31.867784,45.6042,0.00257,337.9725,17.536819
1724Q1,306.0742,0.988528,195.5647,0.002702,320.8294,0.766786,329.9496,1.507405,62.808,0.931239,278.2347,5.98517,257.6309,10.716221,193.9129,18.144835,36.6967,29.791899,157.7325,30.490361,40.7819,0.00257,339.736,18.931661
1724Q2,35.6647,1.012266,310.6965,0.002513,50.9071,1.167271,78.2244,0.964263,101.8976,1.791208,292.0094,4.765723,260.1927,9.337651,190.9186,17.62767,39.0299,30.830251,155.6451,30.760601,35.9596,0.00257,344.8776,18.74434
1724Q3,123.6396,1.011707,94.3193,0.002542,124.3859,1.359586,139.2688,0.302513,156.8026,2.364338,285.2801,4.100482,254.5613,9.387988,190.501,18.9376,41.634,29.945303,156.838,32.022784,31.0843,0.00257,345.4687,17.357808
1724Q4,214.3758,0.987767,220.5499,0.002715,197.1612,1.172815,168.0901,0.762694,219.2449,2.488753,286.2328,5.262415,257.797,10.767857,195.5073,19.507091,40.4747,28.841055,160.0245,31.713438,26.209,0.00257,341.7786,17.505511
1725Q1,306.8284,0.988717,336.8743,0.002508,289.8731,0.68547,275.8239,1.3649,287.9591,2.303244,305.3306,6.006605,267.9294,10.816063,198.5616,18.253404,38.9216,29.772091,160.1193,30.332024,21.3867,0.00257,343.3153,18.901723
1725Q2,35.4221,1.012251,92.2521,0.002459,57.5422,0.815112,26.5421,1.706364,357.8413,2.046436,324.1642,5.229773,271.9205,9.462667,195.7419,17.643062,41.1674,30.832513,158.0156,30.553391,16.6174,0.00257,348.4344,18.784626
1725Q3,123.3925,1.01172,221.3741,0.002698,139.1073,1.294452,139.6638,1.632801,62.9089,1.682581,325.8724,4.030147,266.4044,9.220187,194.9752,18.906717,43.8386,29.99413,159.1032,31.828776,11.7421,0.00257,349.3347,17.382097
1725Q4,214.1179,0.987768,344.1986,0.002523,207.5377,1.405567,252.2425,1.173178,110.8725,1.040719,318.6715,4.625585,268.0819,10.584302,199.8224,19.580179,42.7779,28.852497,162.3323,31.581305,6.8668,0.00257,345.6186,17.417602
1726Q1,306.5652,0.98863,111.8367,0.00242,280.1153,0.975771,351.425,0.530831,99.3279,0.718344,332.9813,5.823479,278.0936,10.88017,203.1667,18.383528,41.1468,29.735395,162.5562,30.193577,2.0445,0.00257,346.8539,18.813053
1726Q2,35.1704,1.012124,219.7378,0.002651,41.2272,0.563969,354.1937,0.468253,117.2601,1.451433,354.0352,5.670945,283.5283,9.590625,200.5431,17.669589,43.307,30.833204,160.4201,30.355712,357.2752,0.00257,352.0,18.776722
1726Q3,123.1452,1.011727,342.8546,0.002648,148.6704,1.068691,85.3596,1.170396,169.5442,2.085128,5.1283,4.398125,278.5166,9.064441,199.442,18.877998,46.0417,30.042848,161.3977,31.642108,352.3999,0.00257,353.2149,17.364859
1726Q4,213.8605,0.987848,122.5488,0.002476,219.0582,1.441209,197.6519,1.614579,233.2254,2.347195,356.1569,4.141889,278.5966,10.357882,204.1068,19.650779,45.0823,28.86577,164.664,31.457577,347.5246,0.00257,349.4897,17.287169
1727Q1,306.3025,0.988654,245.4441,0.002666,285.9977,1.241581,311.9855,1.704019,303.6199,2.369935,1.9856,5.459962,288.2768,10.894135,207.7207,18.51868,43.3772,29.698674,165.0202,30.066138,342.7023,0.00257,350.4211,18.675149
1727Q2,34.9196,1.0121,342.166,0.002672,14.5514,0.649299,62.874,1.432756,13.2048,2.310074,22.1726,5.966526,295.0443,9.716516,205.3186,17.70726,45.4487,30.831895,162.8581,30.168182,337.933,0.00257,355.5912,18.720304
1727Q3,122.8997,1.011837,115.5082,0.0024,148.4008,0.780901,168.4974,0.787923,77.4337,2.060176,39.4902,5.017318,290.9127,8.928584,203.9011,18.852084,48.2429,30.090733,163.7218,31.463271,333.0577,0.00257,357.1275,17.305834
1727Q4,213.6025,0.987922,256.1424,0.002573,229.5627,1.301896,200.843,0.276106,130.6817,1.425587,36.7403,4.039206,289.4151,10.095201,208.3622,19.718777,47.3872,28.880365,167.0192,31.342425,328.1824,0.00257,353.4108,17.114294
1728Q1,306.0503,0.988577,5.1974,0.002704,297.218,1.382871,261.1258,0.882887,145.269,0.700859,32.9028,5.008233,298.5415,10.856882,212.2236,18.658016,45.6121,29.66169,167.5104,29.949949,323.3601,0.00257,354.0343,18.487883
1728Q2,35.6418,1.012242,122.3133,0.002508,11.2872,0.962559,8.9727,1.471065,136.7146,1.085077,49.4149,6.05671,306.5345,9.818774,210.0243,17.757501,47.6285,30.831896,165.314,30.003028,318.5379,0.00257,359.2772,18.604955
1728Q3,123.617,1.011655,265.787,0.002571,125.3357,0.615249,121.3843,1.727659,184.1971,1.7271,69.3479,5.634155,303.5185,8.820167,208.3708,18.846084,50.4563,30.121127,166.106,31.302647,313.6626,0.00257,1.0713,17.190758
1728Q4,214.3494,0.987709,30.8045,0.002706,236.4605,0.978526,235.8863,1.549719,248.921,2.104557,75.1867,4.353788,300.6528,9.821087,212.6524,19.7834,49.6641,28.891555,169.4274,31.223589,308.7873,0.00257,357.3666,16.909281
1729Q1,306.7977,0.988687,147.976,0.002473,312.987,1.327345,347.4103,1.074711,320.1364,2.330932,66.0559,4.61894,309.0699,10.769493,216.6906,18.78385,47.849,29.640917,170.0081,29.833105,303.965,0.00257,357.7545,18.264293
1729Q2,35.3893,1.012197,263.494,0.002456,22.0058,1.243758,71.0002,0.405493,28.3507,2.468809,75.8939,5.934898,317.9828,9.92697,214.7433,17.815305,49.7711,30.826064,167.817,29.835709,299.1957,0.00257,2.9717,18.4523
1729Q3,123.3644,1.011702,31.0554,0.002699,104.9808,0.879542,77.8612,0.640129,91.168,2.346509,95.8393,6.11612,316.4711,8.742391,212.8129,18.826229,52.6513,30.166621,168.4877,31.139577,294.3204,0.00257,5.1102,17.048686
1729Q4,214.092,0.987799,154.3688,0.002515,218.695,0.680495,180.3937,1.285578,146.7879,1.765572,108.6102,4.921495,312.29,9.512744,216.856,19.846447,51.9659,28.907433,171.8289,31.125516,289.4451,0.00257,1.4484,16.651813
1730Q1,306.5403,0.988706,282.8992,0.002449,324.3197,1.003291,293.7364,1.658244,183.4109,0.890607,100.8915,4.393858,319.6826,10.635129,221.101,18.928895,50.0873,29.602797,172.5487,29.738344,284.6228,0.00257,1.5127,17.979363
1730Q2,35.1409,1.01221,30.2462,0.002675,39.8504,1.304444,45.3148,1.693722,165.727,0.716214,102.5686,5.636526,329.4377,10.019892,219.4315,17.88278,51.9128,30.81791,170.3507,29.678559,279.8535,0.00257,6.7457,18.251446
1730Q3,123.1177,1.011766,153.5411,0.002626,113.5107,1.260437,157.1168,1.29068,200.7479,1.28946,120.4118,6.36745,329.6613,8.704255,217.2486,18.809257,54.8411,30.210834,170.8969,30.983914,274.9782,0.00257,9.2437,16.86618
1730Q4,213.8359,0.987846,294.5846,0.002476,194.5545,0.932661,260.8802,0.629609,265.2633,1.764205,137.3587,5.525481,324.457,9.198459,221.0359,19.905401,54.2642,28.924706,174.2504,31.035147,270.1029,0.00257,5.6502,16.353648
1731Q1,306.2817,0.988606,55.8417,0.002673,309.2079,0.651246,274.0358,0.351699,335.9521,2.188946,135.8595,4.424502,330.5623,10.453891,225.4641,19.074949,52.327,29.564828,175.1102,29.654269,265.2806,0.00257,5.3791,17.645416
1731Q2,34.8996,1.012082,151.7364,0.00266,54.6585,1.038023,353.0905,1.027058,42.0398,2.523782,130.3004,5.229184,340.9313,10.093164,224.0866,17.959184,54.0533,30.807717,172.913,29.531685,260.5113,0.00257,10.6217,18.002251
1731Q3,122.8751,1.011777,285.926,0.002395,129.8369,1.360548,102.0278,1.568084,103.4232,2.545988,144.1572,6.362997,343.0346,8.709226,221.6775,18.794923,57.025,30.254138,173.3316,30.835512,255.636,0.00257,13.4976,16.643849
1731Q4,213.5751,0.987881,66.0694,0.002591,200.0733,1.287304,216.5528,1.709962,160.5658,2.060953,163.0784,6.017682,337.2143,8.892771,225.1932,19.959652,56.5584,28.9438,176.6894,30.952348,250.7607,0.00257,10.0025,16.015432
1732Q1,306.0196,0.988533,175.4431,0.0027,282.2428,0.786549,330.483,1.496881,210.0163,1.188406,169.0377,4.684846,341.7718,10.230362,229.7811,19.220782,54.5673,29.527492,177.6896,29.580684,245.9384,0.00257,9.381,17.262487
1732Q2,35.6125,1.01224,294.2646,0.002498,54.1269,0.674218,78.5087,0.946398,220.3683,0.508936,159.9919,4.81607,352.5978,10.132025,228.6675,18.039414,56.2273,30.802382,175.4808,29.404715,241.1161,0.00257,14.6879,17.698254
1732Q3,123.5869,1.011699,76.9376,0.002599,144.4282,1.208589,135.8457,0.296456,224.654,0.810384,168.2588,6.122862,356.4933,8.744888,226.0989,18.79936,59.2231,30.281945,175.8158,30.706858,236.2409,0.00257,17.8981,16.365211
1732Q4,214.3263,0.98775,201.0679,0.002692,212.965,1.44404,168.2149,0.781264,284.8596,1.355979,187.4329,6.306923,350.5497,8.623775,229.3883,20.013291,58.8231,28.957928,179.1777,30.867189,231.3656,0.00257,14.4931,15.642853
1733Q1,306.7769,0.988743,319.1553,0.002444,282.027,1.104644,276.3259,1.377884,352.7982,1.967794,199.6552,5.061254,353.4727,9.983457,234.0812,19.348828,56.802,29.507651,180.27,29.503688,226.5433,0.00257,13.5844,16.845557
1733Q2,35.3703,1.012248,73.8234,0.002463,28.0282,0.557757,27.1022,1.710137,55.8978,2.486645,192.3106,4.476605,4.2699,10.158326,233.2518,18.128993,58.3643,30.79053,178.0894,29.277804,221.774,0.00257,18.8515,17.353424
1733Q3,123.3406,1.011744,200.5361,0.002701,150.6169,0.943237,140.2164,1.625435,115.8225,2.653044,193.4147,5.665828,10.043,8.833944,230.506,18.789099,61.3968,30.325128,178.2921,30.573817,216.8987,0.00257,22.4906,16.064455
1733Q4,214.0675,0.987744,325.1869,0.002513,224.2267,1.400521,252.6791,1.157526,174.1286,2.285624,211.1774,6.371272,4.5303,8.383385,233.5015,20.05776,61.1092,28.981114,181.6444,30.800071,212.0234,0.00257,19.2554,15.225663
1734Q1,306.5188,0.98864,94.1223,0.002479,290.833,1.322013,350.8475,0.512834,230.8725,1.499562,228.1378,5.472911,5.5084,9.699781,238.3114,19.490912,59.0428,29.472979,182.8758,29.450735,207.2011,0.00257,17.9568,16.364646
1734Q2,35.1215,1.01213,200.5401,0.002692,10.2907,0.769831,353.2729,0.485268,278.9556,0.702754,227.0486,4.342263,16.0577,10.15608,237.7971,18.224635,60.5005,30.777912,180.717,29.16176,202.4318,0.00257,23.206,16.959528
1734Q3,123.0952,1.011746,324.7102,0.002597,142.1838,0.672125,85.7861,1.186239,278.0811,0.403074,221.217,5.06999,23.5559,8.961002,234.9024,18.780747,63.5653,30.368503,180.7856,30.44871,197.5565,0.00257,27.3052,15.725621
1734Q4,213.8068,0.987824,106.7611,0.002471,233.5305,1.186564,198.2103,1.621719,309.713,0.914976,235.4967,6.183009,19.0678,8.203064,237.5933,20.096115,63.3918,29.007095,184.1199,30.740868,192.6812,0.00257,24.2935,14.771281
1735Q1,306.256,0.98861,225.795,0.002677,303.467,1.390654,312.5544,1.70128,9.6703,1.679925,255.2667,5.811996,18.0374,9.400674,242.4972,19.629516,61.2852,29.440192,185.4889,29.408738,187.8589,0.00257,22.5799,15.834149
1735Q2,34.8731,1.012104,321.5564,0.002652,13.4948,1.083127,63.3864,1.420254,68.8099,2.361038,262.4855,4.477928,27.9809,10.124085,242.3013,18.325187,62.6366,30.765059,183.3595,29.057017,183.0896,0.00257,27.7925,16.516201
1735Q3,122.8503,1.011861,97.0188,0.002401,113.0699,0.668324,168.5847,0.769565,127.3627,2.672133,253.3511,4.466498,36.9627,9.11862,239.2859,18.774168,65.7298,30.412328,183.293,30.332165,178.2143,0.00257,32.3872,15.349425
1735Q4,213.5477,0.987936,235.837,0.002616,233.5033,0.835596,197.1923,0.282612,186.7835,2.446818,261.4461,5.757905,34.0324,8.098074,241.6643,20.128085,65.6713,29.036034,186.6014,30.689922,173.339,0.00257,29.6658,14.281513
1736Q1,306.0023,0.988526,345.6677,0.002693,317.6861,1.236224,261.3803,0.900834,248.3318,1.804624,281.9144,6.002568,31.0945,9.100715,246.6391,19.763526,63.5303,29.409743,188.1051,29.377988,168.5167,0.00257,27.51,15.254252
1736Q2,35.5989,1.012262,106.5948,0.002486,29.8013,1.311905,9.4938,1.482453,311.6492,1.103198,296.5924,4.827745,40.1838,10.063863,246.729,18.421056,64.8073,30.760625,185.9892,28.971937,163.6944,0.00257,32.7343,16.020806
1736Q3,123.5698,1.011693,248.0709,0.002619,106.7068,1.067846,121.9571,1.728582,2.9262,0.56189,290.749,4.065363,50.271,9.281556,243.6411,18.78428,67.9151,30.442474,185.8346,30.23896,158.8192,0.00257,37.8083,14.91873
1736Q4,214.2966,0.98774,10.8998,0.002673,203.4032,0.72627,236.4271,1.540422,353.2381,0.564099,290.4234,5.175015,49.1555,8.074273,245.7679,20.162626,67.9263,29.058449,189.1233,30.64046,153.9439,0.00257,35.3859,13.757201
1737Q1,306.7467,0.988629,130.0808,0.002419,323.1186,0.809542,347.7997,1.057874,28.9999,1.367647,309.0679,5.994983,44.7075,8.832803,250.7773,19.878774,65.7681,29.396194,190.7139,29.344188,149.1216,0.00257,32.833,14.640606
1737Q2,35.3473,1.012177,244.3672,0.002471,47.94,1.216782,69.3722,0.390536,82.3964,2.167327,328.3898,5.296612,52.4097,9.977745,251.1474,18.528387,66.9461,30.747637,188.6505,28.891449,144.3523,0.00257,37.9413,15.478205
1737Q3,123.3178,1.011728,10.0349,0.002705,121.1479,1.344458,77.6874,0.658539,139.5586,2.603699,331.4774,4.057961,63.3278,9.472463,247.9909,18.780989,70.0753,30.487106,188.361,30.141958,139.477,0.00257,43.5982,14.471477
1737Q4,214.0393,0.987822,136.1805,0.002511,195.6114,1.111507,180.8831,1.299847,200.1813,2.524281,323.5231,4.544138,64.3788,8.138871,249.7955,20.183072,70.2032,29.092111,191.6095,30.608547,134.6017,0.00257,41.6486,13.20325
1738Q1,306.4857,0.988666,265.9898,0.00251,294.2671,0.655927,294.2937,1.663679,265.2699,2.059727,336.8632,5.782623,58.7807,8.581186,254.8357,20.00341,68.0197,29.368934,193.3296,29.337671,129.7794,0.00257,38.5904,13.963263
1738Q2,35.0967,1.012163,10.8348,0.002706,57.285,0.876059,45.879,1.68883,333.057,1.535531,357.9811,5.72257,64.7914,9.86711,255.5199,18.639011,69.0878,30.733766,191.3173,28.824549,125.0101,0.00257,43.5553,14.88498
1738Q3,123.0719,1.011816,135.3433,0.002566,136.5246,1.319702,157.5859,1.276206,36.5115,1.043541,10.1657,4.474269,76.1485,9.663564,252.3231,18.780355,72.2343,30.531048,190.8945,30.055883,120.1348,0.00257,49.8413,13.9914
1738Q4,213.7834,0.987881,278.4359,0.002467,205.2291,1.38045,260.6876,0.61109,59.6691,0.564257,1.6518,4.10024,79.3948,8.287022,253.8032,20.197801,72.4791,29.127574,194.0949,30.586681,115.2595,0.00257,48.4997,12.625158
1739Q1,306.2271,0.988604,35.6286,0.002681,279.7961,0.923341,271.9932,0.365734,51.8284,1.045707,6.1037,5.398757,73.2867,8.380136,258.8524,20.122657,70.2758,29.342803,195.9406,29.344197,110.4372,0.00257,44.9118,13.240157
1739Q2,34.8529,1.012036,131.1141,0.002644,45.5176,0.586907,353.4346,1.044089,95.8209,1.901753,25.9354,5.990198,77.3266,9.737061,259.8458,18.752788,71.2329,30.718271,193.9875,28.771997,105.6679,0.00257,49.6616,14.241403
1739Q3,122.8313,1.011821,268.0995,0.002414,147.1709,1.113688,102.5757,1.577252,151.3874,2.445956,43.8253,5.107095,88.7184,9.844375,256.6378,18.782986,74.3919,30.573485,193.4341,29.981174,100.7926,0.00257,56.6208,13.481514
1739Q4,213.522,0.987908,46.1556,0.002639,216.7755,1.447761,217.1212,1.708647,213.2491,2.517954,42.3009,4.059231,94.0154,8.506525,257.7926,20.207289,74.7539,29.164189,196.5785,30.575149,95.9173,0.00257,56.0586,12.030596
1740Q1,305.9655,0.988516,156.1037,0.002678,284.1327,1.204148,331.015,1.486119,281.0334,2.253971,37.3415,4.943527,88.0982,8.244767,262.83,20.236616,72.536,29.317121,198.5456,29.363929,91.095,0.00257,51.9307,12.475722
1740Q2,35.5631,1.01218,278.7422,0.002469,17.2935,0.622801,78.781,0.928416,351.4499,1.91716,53.0829,6.049749,90.0961,9.607895,264.1056,18.856875,73.4108,30.711238,196.6332,28.738604,86.2727,0.00257,56.4498,13.55355
1740Q3,123.5429,1.011707,59.1259,0.002634,149.89,0.814324,132.2919,0.291934,56.5672,1.513524,73.1757,5.710693,101.1569,9.999813,260.9096,18.800582,76.5749,30.601738,195.9953,29.933185,81.3975,0.00257,64.0939,12.930399
1740Q4,214.2725,0.987796,180.9833,0.002655,229.0607,1.326601,168.3659,0.79986,100.706,0.889195,80.1592,4.420836,108.1183,8.763828,261.8107,20.224941,77.0073,29.189566,199.0988,30.569441,76.5222,0.00257,64.4126,11.420068
1741Q1,306.7212,0.988731,300.5252,0.002402,296.3795,1.37389,276.8283,1.390663,83.5249,0.786914,70.814,4.571215,102.969,8.191926,266.8216,20.334502,74.7831,29.305063,201.1414,29.380267,71.6999,0.00257,59.806,11.691523
1741Q2,35.3179,1.012217,54.7321,0.002492,10.2027,0.908183,27.6623,1.713627,110.957,1.589181,79.5688,5.899844,102.8809,9.461889,268.3474,18.975137,75.5591,30.691804,199.3042,28.713726,66.9306,0.00257,63.8814,12.818044
1741Q3,123.2954,1.011743,179.8378,0.00271,130.5249,0.614879,140.7715,1.617813,164.419,2.204664,99.3503,6.163999,113.229,10.137731,265.1895,18.809399,78.7281,30.640444,198.541,29.881318,62.0553,0.00257,72.2689,12.377706
1741Q4,214.0159,0.987816,307.6158,0.002508,235.9951,1.041177,253.1056,1.141744,227.6235,2.414805,112.8769,5.006476,121.6528,9.070149,265.7696,20.226045,79.2767,29.226381,201.576,30.578682,57.18,0.00257,73.8308,10.827256
1742Q1,306.4624,0.988634,77.416,0.00254,310.1157,1.355068,350.1657,0.49493,297.4624,2.356168,105.8321,4.380185,117.8398,8.207565,270.7336,20.438204,77.046,29.279233,203.731,29.424983,52.3577,0.00257,68.7718,10.871961
1742Q2,35.0693,1.012106,181.2143,0.002711,19.1034,1.204706,352.4554,0.502573,7.3104,2.219369,106.3648,5.582024,115.7699,9.317594,272.5486,19.095448,77.7078,30.669841,201.9727,28.702745,47.5884,0.00257,72.2042,12.043539
1742Q3,123.0488,1.011714,306.166,0.002532,105.666,0.809664,86.2201,1.201848,71.9643,1.923162,123.7639,6.381195,125.0673,10.242774,269.4557,18.821855,80.877,30.676811,201.088,29.840271,42.7131,0.00257,81.3208,11.815326
1742Q4,213.7586,0.987867,89.4692,0.002463,224.2522,0.704225,198.7726,1.628614,123.6839,1.278817,141.114,5.603952,134.5905,9.391016,269.7186,20.222525,81.5412,29.263578,204.0472,30.597205,37.8378,0.00257,84.4225,10.265069
1743Q1,306.1995,0.988606,205.2877,0.002684,322.8962,1.077185,313.1174,1.698277,127.3227,0.677924,140.6715,4.449208,132.4698,8.29849,274.6169,20.53573,79.3092,29.253739,206.3089,29.481467,33.0155,0.00257,79.099,10.0523
1743Q2,34.82,1.012073,301.3263,0.002639,36.2188,1.319373,63.8916,1.407478,128.2234,1.225319,134.3372,5.16805,128.7409,9.182563,276.7121,19.216802,79.856,30.645888,204.6355,28.704998,28.2462,0.00257,81.6206,11.241036
1743Q3,122.7998,1.011827,79.4486,0.002432,110.5275,1.209318,168.644,0.751136,177.8499,1.873479,147.4765,6.343261,136.6996,10.31141,273.7089,18.837469,83.021,30.711298,203.6331,29.809659,23.3709,0.00257,91.3847,11.255303
1743Q4,213.5002,0.987958,216.2098,0.002665,195.396,0.860718,193.7794,0.290589,242.1367,2.21019,166.5244,6.075096,146.9647,9.708696,273.6606,20.214216,83.8,29.301444,206.5102,30.624485,18.4956,0.00257,96.3284,9.76023
1744Q1,305.947,0.988563,326.871,0.00266,314.3696,0.683289,261.6495,0.918784,313.1416,2.357491,173.4785,4.737761,146.7088,8.456047,278.4752,20.626252,81.5716,29.22927,208.8724,29.548877,13.6733,0.00257,91.1021,9.264634
1744Q2,35.5446,1.012253,90.7588,0.002452,54.2144,1.077919,10.0104,1.493665,22.7923,2.41861,164.349,4.763589,141.7734,9.080639,280.8308,19.32284,82.031,30.633025,207.2611,28.722249,8.8511,0.00257,92.4521,10.440143
1744Q3,123.5175,1.011688,229.494,0.002645,128.7073,1.364804,122.5267,1.729205,86.1693,2.243806,171.6633,6.074381,148.2777,10.3498,277.9152,18.863531,85.1905,30.733556,206.1853,29.80552,3.9758,0.00257,102.7033,10.705073
1744Q4,214.2494,0.987727,350.6388,0.002636,199.5318,1.25693,236.969,1.530881,140.9863,1.635747,190.7257,6.335782,158.9159,9.995572,277.631,20.216312,86.0373,29.326915,209.0027,30.658437,359.1005,0.00257,109.622,9.326646
1745Q1,306.6969,0.988665,111.4311,0.002394,284.3937,0.752883,348.1775,1.040933,170.0857,0.796835,203.7043,5.125225,160.3965,8.659045,282.3656,20.702573,83.8138,29.217683,211.4231,29.61036,354.2782,0.00257,105.0142,8.55972
1745Q2,35.2947,1.01217,224.8631,0.002516,55.7989,0.724694,67.543,0.376138,152.4287,0.853678,196.997,4.449083,154.8032,8.985422,284.9283,19.443045,84.1765,30.606886,209.9022,28.749179,349.5089,0.00257,104.7848,9.645351
1745Q3,123.2652,1.011721,349.73,0.002709,142.259,1.244315,77.5534,0.677041,193.8196,1.468,197.0512,5.595169,159.5899,10.347891,282.1439,18.88338,87.3245,30.765719,208.7172,29.795067,344.6336,0.00257,115.1386,10.202363
1745Q4,213.9889,0.987776,119.7481,0.002504,210.6344,1.433477,181.3768,1.313872,258.6254,1.907959,214.4414,6.366622,170.3401,10.269962,281.5624,20.198215,88.2844,29.366871,211.4418,30.702694,339.7583,0.00257,124.2291,9.032305
1746Q1,306.4388,0.988673,249.2363,0.002565,280.8106,1.057183,294.8558,1.668848,329.6988,2.255912,231.8789,5.532109,173.609,8.908575,286.1823,20.778517,86.0733,29.19583,213.951,29.698445,334.936,0.00257,121.1093,7.987453
1746Q2,35.0448,1.012175,351.1675,0.002712,32.8103,0.551013,46.4389,1.683673,36.7211,2.513977,231.8696,4.350771,167.8135,8.919218,288.9939,19.561473,86.3212,30.580254,212.5273,28.788287,330.1667,0.00257,118.9331,8.90819
1746Q3,123.0189,1.011827,116.8354,0.002503,149.8796,0.99217,158.0463,1.261464,98.6873,2.47896,225.2781,4.990165,170.7943,10.311864,286.3612,18.905157,89.4536,30.797104,211.2384,29.794518,325.2914,0.00257,128.7936,9.759383
1746Q4,213.7295,0.987866,260.4232,0.002463,222.0296,1.420131,260.4409,0.59256,155.3124,1.953253,238.8634,6.14405,181.3722,10.507593,285.4923,20.174573,90.5252,29.408646,213.8651,30.754689,320.4161,0.00257,139.8408,8.888695
1747Q1,306.1811,0.988587,14.6385,0.002691,288.6338,1.294565,270.1719,0.380403,200.6685,1.066835,258.8336,5.853045,186.26,9.183693,289.9811,20.845479,88.3321,29.176428,216.4558,29.796308,315.5938,0.00257,139.097,7.627822
1747Q2,34.8053,1.012077,111.608,0.002632,11.0981,0.720456,353.7918,1.06104,195.4254,0.551282,267.1406,4.520545,180.7565,8.885386,293.0285,19.676991,88.4661,30.553639,215.1327,28.8396,310.8245,0.00257,134.9802,8.286398
1747Q3,122.78,1.011849,251.4191,0.002452,144.9871,0.709742,103.1217,1.586201,213.558,0.995821,258.0461,4.399361,181.9269,10.244417,290.5671,18.928479,91.5784,30.827953,213.7463,29.803943,305.9492,0.00257,143.53,9.402135
1747Q4,213.4676,0.987905,26.5592,0.002685,231.8838,1.234841,217.6889,1.707046,276.2949,1.517732,265.0751,5.688809,192.0761,10.701571,289.4221,20.145064,92.7603,29.452663,216.27,30.814299,301.074,0.00257,155.9595,8.910138
1748Q1,305.9182,0.988456,137.3159,0.002632,300.7464,1.392571,331.5495,1.475121,345.6774,2.0586,285.4376,6.016172,198.3735,9.4695,293.7633,20.902884,90.5912,29.159769,218.9349,29.903878,296.2517,0.00257,158.1699,7.540501
1748Q2,35.5191,1.012199,262.8303,0.002432,13.1084,1.048155,79.0382,0.910412,50.7678,2.512673,300.9323,4.88916,193.5195,8.890621,297.0384,19.772345,90.6351,30.541266,217.6881,28.902264,291.4294,0.00257,152.6761,7.86308
1748Q3,123.492,1.011728,39.9677,0.002651,116.7744,0.645497,128.6033,0.288978,111.2436,2.621072,296.0514,4.038355,193.0884,10.164393,294.7225,18.95537,93.7329,30.850361,216.2426,29.839925,286.5541,0.00257,159.1667,9.16729
1748Q4,214.2175,0.987801,160.2945,0.002621,235.2331,0.876772,168.5389,0.81839,169.1043,2.203353,294.5127,5.088693,202.6359,10.843887,293.3725,20.126675,94.9804,29.48386,218.6936,30.883305,281.6788,0.00257,172.1112,9.080908
1749Q1,306.6694,0.988672,282.0289,0.002399,316.7994,1.267001,277.3359,1.403184,223.3679,1.374967,312.67,5.977556,210.0205,9.735776,297.5883,20.948103,92.8283,29.155302,221.3966,30.004523,276.8565,0.00257,177.0785,7.730965
1749Q2,35.2743,1.012216,35.5962,0.002547,26.3718,1.292089,28.2281,1.71684,259.7298,0.583727,332.4202,5.357055,206.1916,8.91817,301.0183,19.879528,92.7815,30.515649,220.2455,28.977233,272.0872,0.00257,171.2981,7.67079
1749Q3,123.2454,1.011798,159.7465,0.002709,105.1684,0.994998,141.3226,1.609936,249.7443,0.530577,336.8455,4.089166,204.1739,10.045644,298.9037,18.978925,95.8528,30.881474,218.7132,29.869964,267.2119,0.00257,174.9629,9.063798
1749Q4,213.9613,0.987841,291.6407,0.002495,208.6089,0.690176,253.5248,1.125741,298.7847,1.085467,328.3036,4.464571,212.8798,10.940897,297.3001,20.085731,97.2085,29.531804,221.055,30.959887,262.3366,0.00257,187.5075,9.405645
1750Q1,306.4088,0.9886,60.7357,0.002584,324.2045,0.883154,349.3867,0.477253,2.909,1.797393,340.6526,5.735044,221.2395,10.004291,301.3418,20.986513,95.0896,29.143542,223.8198,30.131877,257.5143,0.00257,194.7954,8.188428
1750Q2,35.0262,1.012076,161.0759,0.002709,44.6894,1.258533,351.749,0.520038,63.7558,2.419335,1.7994,5.764838,218.6897,8.975253,304.9692,19.981832,94.9313,30.489932,222.7756,29.065156,252.745,0.00257,189.8057,7.755139
1750Q3,123.0022,1.011772,287.0284,0.002475,117.888,1.3196,86.6632,1.217347,122.8417,2.675322,15.0033,4.547745,215.3079,9.906993,303.0712,19.003209,97.9718,30.91177,221.1633,29.911216,247.8697,0.00257,190.5271,9.109768
1750Q4,213.7046,0.987874,70.8324,0.002469,194.4687,1.044756,199.333,1.635235,181.8269,2.39323,7.0945,4.062064,222.9876,10.98484,301.2285,20.039363,99.4341,29.581313,223.3929,31.045217,242.9944,0.00257,201.8648,9.838797
1751Q1,306.146,0.988571,184.3879,0.002697,299.5459,0.640353,313.6821,1.694994,241.7013,1.690077,10.1899,5.331854,232.1028,10.249521,305.0818,21.014932,97.3535,29.133872,226.2127,30.269598,238.1722,0.00257,210.6356,8.835288
1751Q2,34.7744,1.012011,282.2322,0.00262,56.4234,0.938742,64.3987,1.394512,300.424,0.942817,29.6371,6.004558,230.9983,9.05799,308.8923,20.079087,97.0847,30.463673,225.2772,29.166132,233.4029,0.00257,207.1507,8.098114
1751Q3,122.7548,1.011872,63.3329,0.002474,133.7956,1.339896,168.6726,0.73277,336.9599,0.423979,48.0537,5.191276,226.5338,9.753416,307.2245,19.028269,100.0903,30.940826,223.5919,29.963936,228.5276,0.00257,205.3748,9.303338
1751Q4,213.4445,0.987986,197.0381,0.002701,202.9477,1.349312,190.5831,0.299979,332.4347,0.673005,47.7857,4.083094,233.0241,10.975385,305.1585,19.988258,101.6575,29.631661,225.7071,31.139655,223.6523,0.00257,214.9927,10.34853
1752Q1,305.8923,0.988543,307.9605,0.002604,279.9832,0.870183,261.9329,0.936583,20.741,1.485079,41.8124,4.876632,242.6839,10.463377,308.8108,21.033758,99.6199,29.125774,228.5754,30.417566,218.83,0.00257,224.4779,9.598413
1752Q2,35.4958,1.01221,74.0045,0.002418,49.0036,0.608251,10.5324,1.504596,77.2894,2.253288,56.7475,6.035454,243.0532,9.153857,312.8069,20.154542,99.2613,30.451808,227.7234,29.276615,214.0077,0.00257,222.6161,8.643999
1752Q3,123.4737,1.011724,209.8422,0.002656,146.8781,1.14406,123.1007,1.729576,135.0008,2.641369,76.9619,5.781413,237.8875,9.605705,311.3242,19.052459,102.2436,30.961595,225.9984,30.044879,209.1324,0.00257,219.1916,9.64574
1752Q4,214.1952,0.987785,330.1787,0.00261,216.0501,1.449569,237.5043,1.5211,195.145,2.502284,85.0507,4.490693,243.1637,10.921207,309.0986,19.950519,103.8722,29.665962,228.0358,31.247324,204.2571,0.00257,226.981,10.91201
1753Q1,306.6427,0.988641,92.9785,0.002408,283.8148,1.175575,348.5437,1.023793,258.9758,1.963903,75.6351,4.525972,253.1405,10.626285,312.5876,21.045577,101.863,29.125638,230.9234,30.559643,199.4348,0.00257,236.5572,10.40483
1753Q2,35.2458,1.012132,206.0548,0.002578,20.5815,0.590767,65.5315,0.362478,325.3218,1.369685,83.2724,5.860457,254.9996,9.270768,316.6826,20.241988,101.4203,30.423147,230.1677,29.402798,194.6655,0.00257,236.1903,9.32435
1753Q3,123.222,1.011713,330.2437,0.002699,150.3299,0.86312,77.4715,0.695462,26.365,0.849907,102.8468,6.207296,249.415,9.437934,315.4514,19.079259,104.3605,30.986595,228.3825,30.12045,189.7902,0.00257,231.7319,10.074016
1753Q4,213.9373,0.987834,104.1633,0.002481,227.0168,1.358987,181.875,1.327741,34.5313,0.505893,117.0752,5.092539,253.2496,10.810407,313.0341,19.892279,106.0901,29.715812,230.303,31.360057,184.9149,0.00257,237.6462,11.499118
1754Q1,306.3824,0.988644,231.8622,0.002598,293.9188,1.357996,295.4132,1.673739,42.1688,1.168018,110.7919,4.372695,263.3842,10.762015,316.3005,21.047791,104.1314,29.118444,233.2282,30.727567,180.0926,0.00257,247.0234,11.242138
1754Q2,34.994,1.012134,330.8752,0.002704,9.5553,0.854128,46.998,1.678227,90.4661,2.012078,110.196,5.526584,266.7846,9.39872,320.5371,20.324587,103.5811,30.392755,232.5831,29.54108,175.3233,0.00257,247.9368,10.083955
1754Q3,122.9729,1.011805,97.6675,0.002458,135.3414,0.627946,158.5054,1.246594,146.6944,2.51818,127.1047,6.391286,261.1638,9.272976,319.5676,19.107719,106.4754,31.008958,230.7444,30.206836,170.4481,0.00257,243.029,10.57681
1754Q4,213.6805,0.987928,240.9861,0.002484,235.0653,1.100624,260.1344,0.574198,208.0504,2.532091,144.8092,5.681088,263.464,10.651244,316.9779,19.831332,108.3032,29.765149,232.5473,31.480807,165.5728,0.00257,247.2388,12.093774
1755Q1,306.1245,0.988595,353.9265,0.002706,307.2601,1.374878,268.5298,0.395756,274.8486,2.187834,145.428,4.479505,273.5543,10.851542,320.0109,21.041454,106.3993,29.112059,235.5035,30.90418,160.7505,0.00257,256.2013,12.067859
1755Q2,34.7545,1.012053,93.3464,0.002608,16.459,1.160705,354.155,1.077829,344.0318,1.778387,138.4036,5.108072,278.4313,9.532244,324.3737,20.401867,105.7434,30.360953,234.9687,29.690731,155.9812,0.00257,258.1181,10.878626
1755Q3,122.7329,1.011837,235.4439,0.002492,107.42,0.746673,103.6705,1.594846,49.0411,1.339381,150.7885,6.319072,273.1662,9.118093,323.6742,19.137896,108.5875,31.028605,233.0836,30.303537,151.1059,0.00257,253.1583,11.127292
1755Q4,213.4219,0.987935,7.1442,0.00271,228.654,0.746314,218.2599,1.705202,87.946,0.750516,169.9248,6.127817,273.8782,10.447736,320.9333,19.76802,110.5103,29.81414,234.7681,31.608739,146.2306,0.00257,255.8932,12.682485
1756Q1,305.8648,0.988481,118.4505,0.002573,320.9031,1.145331,332.0769,1.463908,69.7619,0.870635,177.8443,4.791961,283.7161,10.892127,323.7221,21.026609,108.6657,29.106719,237.7493,31.088697,141.4083,0.00257,264.329,12.864999
1756Q2,35.468,1.012164,245.41,0.002404,34.7656,1.322743,79.274,0.892244,105.0582,1.719641,168.7399,4.711743,289.9772,9.650171,328.2254,20.458504,107.9208,30.343986,237.3004,29.844854,136.586,0.00257,266.9856,11.666655
1756Q3,123.4428,1.01171,19.5538,0.002663,109.6323,1.172208,124.8543,0.287628,159.4727,2.310377,175.0799,6.019547,285.376,8.985375,327.7392,19.162758,110.732,31.042242,235.3935,30.425423,131.7107,0.00257,262.2048,11.715295
1756Q4,214.1703,0.987783,139.9769,0.002602,197.4174,0.816602,168.7395,0.83675,222.173,2.466957,194.0092,6.356736,284.6275,10.221246,324.8957,19.718656,112.7104,29.846065,237.0001,31.750308,126.8354,0.00257,263.8097,13.270101
1757Q1,306.6187,0.988699,264.5815,0.002426,318.0408,0.712796,277.8479,1.41551,291.2984,2.327082,207.7217,5.185505,294.0521,10.878702,327.492,21.009882,110.9026,29.107002,239.9849,31.265108,122.0131,0.00257,271.6836,13.61569
1757Q2,35.222,1.012198,16.8299,0.002611,51.7939,1.136049,28.7898,1.719773,1.2181,2.112636,201.7386,4.42127,301.4618,9.778859,332.0391,20.525146,110.0819,30.310264,239.6259,30.013984,117.2438,0.00257,274.8505,12.448663
1757Q3,123.1953,1.011804,140.4253,0.002685,125.583,1.363468,141.8723,1.601784,66.2099,1.772407,200.756,5.516668,297.9316,8.868763,331.8356,19.194454,112.8368,31.058346,237.6831,30.540076,112.3686,0.00257,270.3784,12.295741
1757Q4,213.9122,0.987828,276.3786,0.002465,197.5811,1.205327,253.9406,1.109608,115.8247,1.127429,217.7526,6.351439,295.6459,9.948533,328.8782,19.650713,114.9057,29.894888,239.1714,31.891529,107.4933,0.00257,270.9569,13.821162
1758Q1,306.3625,0.988623,42.8376,0.002607,287.1541,0.708609,348.5003,0.45994,109.1658,0.692878,235.6593,5.584541,304.3904,10.820737,331.2141,20.979065,113.1636,29.104062,242.1715,31.463262,102.671,0.00257,278.2604,14.330493
1758Q2,34.976,1.012095,140.245,0.002699,56.6729,0.780391,351.1292,0.537789,121.0001,1.37056,236.7866,4.358754,312.9033,9.898528,335.844,20.585385,112.2431,30.276211,241.9194,30.192181,97.9017,0.00257,281.8741,13.202059
1758Q3,122.953,1.011784,267.982,0.002447,139.9266,1.276477,87.1099,1.232657,172.4298,2.012367,229.5072,4.902752,310.7644,8.78361,335.9283,19.226976,114.9377,31.072816,239.9469,30.663106,93.0264,0.00257,277.7824,12.869814
1758Q4,213.653,0.987864,51.4805,0.002503,208.3031,1.417456,199.8955,1.641583,236.3278,2.302355,242.3523,6.0932,307.0867,9.653056,332.8796,19.580701,117.094,29.944314,241.317,32.038123,88.1511,0.00257,277.5202,14.343192
1759Q1,306.0996,0.988539,163.7839,0.002712,279.8813,1.007296,314.2501,1.691454,306.977,2.370071,262.5154,5.886284,314.9052,10.712399,334.9464,20.939314,115.4222,29.103402,244.3267,31.667148,83.3288,0.00257,284.2644,14.996515
1759Q2,34.7267,1.012024,264.5435,0.002585,37.6846,0.555706,64.8997,1.381354,16.3669,2.353651,271.9432,4.56327,324.3353,10.004385,339.6432,20.638713,114.4043,30.242374,244.1801,30.37865,78.5595,0.00257,288.2179,13.918161
1759Q3,122.7046,1.011875,47.7753,0.002508,148.8174,1.039937,168.6652,0.714316,80.349,2.13167,263.0299,4.3284,323.8458,8.735489,340.0193,19.259678,117.0351,31.086394,242.1833,30.793804,73.6842,0.00257,284.5361,13.42707
1759Q4,213.3906,0.987991,177.5147,0.002714,219.7944,1.434742,187.6431,0.310583,134.316,1.507122,268.9171,5.608676,319.0223,9.345948,336.9016,19.508485,119.2761,29.994787,243.4357,32.18978,68.8089,0.00257,283.5879,14.83212
1760Q1,305.8429,0.988493,288.5239,0.002544,286.553,1.263096,262.2342,0.954217,154.8718,0.730297,289.1429,6.022126,325.6582,10.555576,338.6921,20.89047,117.6783,29.105498,246.45,31.876109,63.9866,0.00257,289.7963,15.611569
1760Q2,35.4501,1.012233,56.1991,0.002403,12.991,0.688367,11.0591,1.515314,141.8472,1.000376,305.457,4.951544,335.8722,10.077252,343.4798,20.671175,116.5764,30.226273,246.3853,30.564345,59.1643,0.00257,294.0117,14.576381
1760Q3,123.4234,1.011756,189.2657,0.002671,147.2573,0.73947,123.6713,1.729648,187.4875,1.637089,301.6935,4.015625,337.0685,8.719,344.0818,19.280956,119.1671,31.098051,244.3806,30.947113,54.2891,0.00257,290.6896,13.965402
1760Q4,214.1422,0.987815,310.2096,0.002597,231.5186,1.264652,238.0393,1.511075,252.2698,2.038077,298.9151,4.995385,331.5005,9.055311,340.926,19.447943,121.4569,30.029234,245.559,32.355723,49.4138,0.00257,289.2676,15.302977
1761Q1,306.5908,0.988604,75.9804,0.002447,299.8366,1.389494,348.9007,1.006536,323.497,2.307833,316.497,5.953864,336.8219,10.361882,342.5012,20.842386,119.9052,29.112398,248.5631,32.076167,44.5915,0.00257,295.0097,16.17299
1761Q2,35.2014,1.012127,187.7466,0.002636,11.4299,0.994908,63.3189,0.349666,31.3398,2.489035,336.6409,5.419557,347.3927,10.14338,347.2765,20.709132,118.7391,30.194356,248.5774,30.765756,39.8222,0.00257,299.3541,15.203089
1761Q3,123.1727,1.011744,311.0118,0.002664,121.6419,0.621519,77.4255,0.713976,93.8677,2.398237,342.462,4.131479,350.4992,8.751215,348.1733,19.311302,121.2607,31.111143,246.5575,31.092841,34.9469,0.00257,296.4351,14.467402
1761Q4,213.8842,0.987844,88.3342,0.002446,235.8479,0.941268,182.3757,1.341376,149.8913,1.836451,333.463,4.38687,344.5725,8.764616,344.9894,19.370552,123.6303,30.082224,247.6206,32.518002,30.0716,0.00257,294.5503,15.718317
1762Q1,306.3276,0.98861,213.316,0.002613,313.988,1.308202,295.9727,1.678377,190.0923,0.952153,344.6829,5.684654,348.2204,10.122158,346.2762,20.775294,122.1599,29.119816,250.621,32.295741,25.2493,0.00257,299.8177,16.68551
1762Q2,34.9475,1.012086,309.9548,0.002696,23.1182,1.263674,47.5587,1.672513,175.0271,0.646665,5.7829,5.809977,358.9903,10.182626,351.0724,20.738273,120.9051,30.163323,250.734,30.975011,20.48,0.00257,304.3214,15.782149
1762Q3,122.9238,1.011845,78.6098,0.002444,104.3841,0.920803,158.9557,1.231529,204.9726,1.185155,19.9633,4.633287,3.9965,8.824496,352.2637,19.340062,123.3546,31.123669,248.7038,31.246586,15.6047,0.00257,301.7927,14.936517
1762Q4,213.6256,0.987943,221.5554,0.002533,214.6273,0.677028,259.76,0.555833,269.0381,1.678553,12.834,4.036643,358.2589,8.506348,349.0748,19.290998,125.8009,30.136203,249.6534,32.685863,10.7294,0.00257,299.5291,16.094629
1763Q1,306.0695,0.98859,333.93,0.002716,324.1307,0.960154,267.0693,0.411624,339.3556,2.145227,14.4965,5.267714,0.0336,9.849081,350.0686,20.698675,124.4153,29.129934,252.6459,32.520676,5.9071,0.00257,304.3495,17.146442
1763Q2,34.7054,1.012017,75.8531,0.00256,41.2274,1.290838,354.529,1.094479,44.8966,2.521965,33.4527,6.02228,10.6938,10.191592,354.8685,20.758109,123.0754,30.133044,252.855,31.192256,1.1378,0.00257,308.977,16.312666
1763Q3,122.6857,1.011884,219.4172,0.002519,114.6631,1.284489,104.221,1.603275,105.9857,2.577495,52.3071,5.284371,17.4876,8.935106,356.3517,19.367085,125.4497,31.134919,250.82,31.408919,356.2626,0.00257,306.8229,15.370713
1763Q4,213.3667,0.987962,347.4141,0.002711,193.9069,0.973936,218.8256,1.703058,163.4044,2.118455,53.3246,4.12391,12.5287,8.298511,353.1823,19.209973,127.9691,30.1905,251.6583,32.859566,351.3873,0.00257,304.2499,16.43151
1764Q1,305.8109,0.988469,98.904,0.00252,305.286,0.642153,332.6021,1.45245,214.7947,1.259755,46.432,4.818346,12.3174,9.553393,353.8793,20.612968,126.672,29.142179,254.6387,32.751234,346.565,0.00257,308.649,17.556656
1764Q2,35.4179,1.012126,226.7328,0.002405,56.4766,0.980332,79.4913,0.873999,235.4062,0.516504,60.4549,6.024932,22.6513,10.165793,358.7137,20.759152,125.2557,30.119499,254.9242,31.407357,341.7427,0.00257,313.3945,16.779579
1764Q3,123.3961,1.011719,358.7781,0.00268,132.7795,1.351124,121.0909,0.287946,231.9789,0.7043,80.7034,5.85708,30.9351,9.061354,0.4216,19.378684,127.5828,31.14545,252.8934,31.593217,336.8674,0.00257,311.5307,15.767319
1764Q4,214.1145,0.987813,120.9262,0.00259,202.293,1.325445,168.956,0.855122,289.5101,1.258502,89.8213,4.572107,27.2036,8.160063,357.2815,19.138496,130.1445,30.227218,253.665,33.050828,331.9921,0.00257,308.7599,16.746897
1765Q1,306.5631,0.988665,248.2388,0.002468,281.2904,0.833706,278.359,1.427598,356.342,1.908157,80.4775,4.492507,25.1668,9.265563,357.7496,20.532695,128.9016,29.154637,256.6266,32.975051,327.1698,0.00257,312.8206,17.920522
1765Q2,35.1704,1.012168,358.3591,0.00266,52.0177,0.647338,29.3517,1.722434,58.6858,2.465488,86.9574,5.825071,34.6281,10.116175,2.5144,20.762544,127.4335,30.088425,256.9795,31.640246,322.4005,0.00257,317.5802,17.214157
1765Q3,123.1478,1.011802,121.3961,0.002641,145.0007,1.184793,142.4211,1.593381,118.3152,2.665042,106.2604,6.251442,44.2362,9.228418,4.5089,19.402601,129.6799,31.153006,254.9521,31.771858,317.5252,0.00257,316.0597,16.12651
1765Q4,213.859,0.987886,260.2693,0.002428,213.7366,1.447554,254.3436,1.093317,176.8614,2.328415,121.1053,5.18199,42.2783,8.095842,1.4308,19.056025,132.3093,30.280017,255.6168,33.236989,312.6499,0.00257,313.0748,17.004606
1766Q1,306.3064,0.988611,23.3178,0.00262,282.2399,1.132697,347.4805,0.442843,234.7985,1.570048,115.6415,4.375166,38.4684,8.969346,1.599,20.43229,131.1594,29.168274,258.5608,33.216986,307.8277,0.00257,316.7622,18.233588
1766Q2,34.9254,1.012084,119.3997,0.002693,24.594,0.567337,350.5912,0.555692,287.545,0.784089,113.9717,5.474384,46.7534,10.036898,6.3191,20.757709,129.6149,30.056413,259.0036,31.880681,303.0584,0.00257,321.5881,17.601302
1766Q3,122.9056,1.011777,249.7736,0.002447,150.2563,0.912639,87.5626,1.247763,299.3194,0.373714,130.353,6.39875,57.3462,9.410317,8.595,19.425765,131.7776,31.157606,256.9841,31.958468,298.1831,0.00257,320.3988,16.44807
1766Q4,213.6034,0.987907,32.1513,0.002562,224.9051,1.386442,200.4593,1.647684,316.8102,0.821791,148.3542,5.755176,57.4696,8.118488,5.604,18.974741,134.4704,30.331376,257.5444,33.428407,293.3078,0.00257,317.2391,17.22271
1767Q1,306.0435,0.988528,143.9337,0.002712,291.553,1.337392,314.812,1.687631,13.5223,1.609587,150.0126,4.514092,52.2881,8.697428,5.4727,20.325274,133.4163,29.182582,260.4674,33.463637,288.4855,0.00257,320.571,18.498537
1767Q2,34.6763,1.011988,247.4932,0.002529,9.4094,0.801068,65.3958,1.367949,71.6011,2.322088,142.4053,5.049773,59.0315,9.930899,10.1301,20.745171,131.799,30.023281,260.9977,32.127909,283.7162,0.00257,325.4513,17.941518
1767Q3,122.6556,1.011858,31.2923,0.002526,139.4871,0.652366,168.6229,0.695871,129.8468,2.664345,154.0196,6.290128,70.2318,9.596607,12.682,19.448521,133.8745,31.159338,258.9905,32.152035,278.8409,0.00257,324.5831,16.73136
1767Q4,213.3423,0.987997,157.183,0.002708,233.7931,1.156033,184.9665,0.32227,189.5021,2.472616,173.2176,6.173791,72.5508,8.2266,9.8028,18.895293,136.6271,30.381269,259.4485,33.624448,273.9656,0.00257,321.2807,17.40102
1768Q1,305.7891,0.988506,268.9051,0.002502,304.4475,1.387339,262.5482,0.971786,251.8764,1.867622,182.0583,4.844557,66.5744,8.468034,9.3738,20.212654,135.6709,29.197438,262.3478,33.714135,269.1433,0.00257,324.2731,18.716005
1768Q2,35.3991,1.012208,37.6701,0.002421,15.7636,1.128994,11.5844,1.525784,316.779,1.199489,173.0811,4.660713,71.577,9.812857,14.0058,20.719273,133.9847,30.006064,262.9484,32.368752,264.321,0.00257,329.2314,18.220288
1768Q3,123.3737,1.01177,168.4108,0.002694,110.0572,0.711223,124.2424,1.729441,12.9004,0.660102,178.4538,5.958895,82.9845,9.765925,16.7683,19.454579,136.0065,31.161935,260.9547,32.364072,259.4457,0.00257,328.6008,16.969393
1768Q4,214.0942,0.987813,291.6743,0.002582,231.6216,0.780711,238.575,1.50082,7.1406,0.52149,197.2346,6.368891,87.2853,8.397782,13.9902,18.82437,138.7926,30.412844,261.3552,33.837718,254.5705,0.00257,325.2152,17.556116
1769Q1,306.5417,0.988635,60.3495,0.002488,320.2766,1.184849,349.2458,0.989188,33.489,1.294094,211.6483,5.240795,81.1826,8.309313,13.3351,20.110709,137.8953,29.209392,264.2296,33.956976,249.7482,0.00257,327.9495,18.893239
1769Q2,35.1512,1.012118,169.0763,0.002675,31.1556,1.318973,60.8846,0.337722,85.2485,2.113208,206.4642,4.394118,84.1444,9.671476,17.8401,20.693169,136.1699,29.971301,264.8861,32.626457,244.9789,0.00257,332.8891,18.46762
1769Q3,123.1243,1.011756,291.5199,0.002612,107.2096,1.107059,77.4173,0.732463,142.0799,2.576616,204.4802,5.432145,95.3877,9.933072,20.8654,19.476275,138.1001,31.158838,262.9105,32.569166,240.1036,0.00257,332.5638,17.17389
1769Q4,213.8341,0.98782,71.5036,0.002413,200.4246,0.754999,182.8818,1.354782,202.9489,2.531445,221.0614,6.326761,101.6109,8.641599,18.243,18.749497,140.9394,30.460065,263.2132,34.041288,235.2283,0.00257,329.0813,17.65399
1770Q1,306.2814,0.988597,193.39,0.002625,321.2523,0.771558,296.5373,1.682728,268.6708,2.109595,239.4183,5.630543,96.0358,8.207122,17.2976,19.988814,140.1435,29.225401,266.0593,34.213457,230.406,0.00257,331.5013,19.017209
1770Q2,34.8991,1.012079,289.1192,0.002691,49.0052,1.189267,48.1178,1.666536,337.0532,1.62583,241.7174,4.367751,96.848,9.521098,21.6898,20.660004,138.3554,29.936259,266.796,32.888345,225.6367,0.00257,336.4771,18.668569
1770Q3,122.8754,1.011851,61.0068,0.002453,122.374,1.353618,159.402,1.216284,41.3009,1.151727,233.8396,4.811257,107.5435,10.077107,24.9693,19.497535,140.1915,31.153685,264.8413,32.778946,220.7614,0.00257,336.4526,17.338888
1770Q4,213.5729,0.987946,202.8438,0.002596,195.8517,1.147451,259.3157,0.537595,71.3885,0.621775,245.9002,6.03361,115.3824,8.929354,22.5261,18.678068,143.0802,30.506402,265.0486,34.247394,215.8861,0.00257,332.8941,17.711357
1771Q1,306.0224,0.988558,314.3414,0.002706,290.9532,0.672506,265.7798,0.427895,57.8085,0.97831,266.2344,5.91305,110.9313,8.183442,21.2974,19.862822,142.3875,29.242919,267.8638,34.471485,211.0638,0.00257,335.0082,19.093924
1771Q2,34.6592,1.012037,58.5352,0.002498,56.8216,0.839965,354.9154,1.110968,98.8653,1.834444,276.7738,4.607445,109.6744,9.370301,25.5588,20.619647,140.5408,29.901787,268.6777,33.153396,206.2945,0.00257,340.0155,18.822693
1771Q3,122.6378,1.01191,202.4173,0.002531,137.4312,1.304543,104.7733,1.611427,154.0048,2.399446,268.193,4.25934,119.4666,10.192043,29.0814,19.517933,142.2811,31.146932,266.7467,32.99293,201.4192,0.00257,340.2885,17.463909
1771Q4,213.3142,0.987995,326.9077,0.002701,205.9778,1.395788,219.3932,1.700669,216.1129,2.504521,272.8846,5.522407,128.565,9.241838,26.8408,18.610554,145.2147,30.552194,266.8613,34.455387,196.544,0.00257,336.6736,17.727929
1772Q1,305.7617,0.988423,79.0848,0.00249,279.3098,0.95552,333.1279,1.440762,284.3713,2.285289,292.9211,6.0227,125.6762,8.239155,25.3378,19.733019,144.6272,29.262558,269.6429,34.730409,191.7217,0.00257,338.4874,19.123019
1772Q2,35.3747,1.012129,208.1724,0.002443,41.8532,0.565392,79.6926,0.855732,354.9632,1.991178,310.0127,5.01599,122.6409,9.244043,29.5073,20.570388,142.7225,29.884221,270.52,33.407871,186.8994,0.00257,343.5642,18.916992
1772Q3,123.3491,1.011732,338.3697,0.002702,148.7854,1.072696,117.3638,0.289901,60.1204,1.610021,307.4847,4.002072,131.3017,10.276628,33.215,19.520483,144.4037,31.145023,268.6077,33.220735,182.0241,0.00257,344.0607,17.537795
1772Q4,214.0629,0.987835,103.2599,0.002569,219.0926,1.441972,169.1966,0.873374,106.6749,0.974983,303.4937,4.901451,141.2348,9.545215,31.1462,18.547716,147.3623,30.582096,268.6722,34.679692,177.1488,0.00257,340.4148,17.717055
1773Q1,306.51,0.98862,232.5025,0.002504,286.0665,1.238393,278.875,1.439475,92.2416,0.743762,320.4087,5.927063,140.0193,8.364266,29.4373,19.616644,146.8378,29.278224,271.4248,34.981088,172.3265,0.00257,342.0061,19.114556
1773Q2,35.1255,1.01214,339.5389,0.002685,14.9987,0.645932,29.9182,1.724797,114.4185,1.511135,340.8804,5.483408,135.6182,9.117061,33.4226,20.51637,144.9083,29.851754,272.3459,33.677811,167.5572,0.00257,347.0578,18.977503
1773Q3,123.0997,1.011831,101.895,0.002588,148.7158,0.78494,142.9689,1.584722,167.2187,2.138821,348.075,4.184855,142.8201,10.327443,37.353,19.538249,146.4903,31.137122,270.4607,33.441121,162.6819,0.00257,347.8533,17.580502
1773Q4,213.8067,0.987918,242.4711,0.002404,229.6255,1.304963,254.7402,1.076869,230.6593,2.379291,338.79,4.316353,153.3216,9.856568,35.5254,18.486518,149.4881,30.628358,270.4367,34.891352,157.8066,0.00257,344.1778,17.649704
1774Q1,306.2509,0.988607,2.8824,0.002638,297.2373,1.381869,346.3214,0.426095,300.8018,2.366074,348.7853,5.633753,153.9937,8.551913,33.5616,19.480009,149.0718,29.302182,273.1524,35.242007,152.9843,0.00257,345.4749,19.048306
1774Q2,34.8782,1.012048,99.1503,0.002689,10.1089,0.940772,350.1305,0.573727,10.5385,2.271826,9.7593,5.854601,148.6361,9.012607,37.364,20.45425,147.0968,29.820964,274.1426,33.950284,148.215,0.00257,350.5511,18.990223
1774Q3,122.8589,1.011821,232.8546,0.00246,126.8581,0.612541,88.0231,1.262712,75.0003,2.001832,24.8234,4.724777,154.1826,10.343052,41.5027,19.553524,148.578,31.128556,272.2869,33.665362,143.3398,0.00257,351.6485,17.581981
1774Q4,213.5513,0.987926,13.3987,0.002626,235.7246,1.005087,201.0232,1.653507,127.6784,1.363152,18.6087,4.023361,164.9249,10.146149,39.9361,18.429136,151.6106,30.674731,272.1774,35.10499,138.4645,0.00257,347.9601,17.540469
1775Q1,305.9897,0.988526,124.593,0.00269,311.1283,1.340704,315.3751,1.683566,137.6504,0.686675,18.8489,5.205242,167.4377,8.78817,37.7317,19.340101,151.3045,29.328722,274.8541,35.503993,133.6422,0.00257,348.962,18.933543
1775Q2,34.627,1.011941,229.9099,0.002464,20.0837,1.228153,65.8891,1.354316,132.6633,1.1411,37.2401,6.037501,161.6546,8.93613,41.332,20.383887,149.289,29.791542,275.9108,34.225628,128.8729,0.00257,354.0591,18.955212
1775Q3,122.6091,1.011874,13.1885,0.002535,104.4998,0.848505,168.5412,0.677456,180.9575,1.789207,56.4582,5.377264,165.4222,10.324394,45.6639,19.566107,150.6674,31.119037,274.0872,33.893522,123.9976,0.00257,355.4644,17.542408
1775Q4,213.2878,0.988012,136.3328,0.002696,220.5868,0.688062,182.5234,0.334988,245.4,2.151116,58.7495,4.173255,176.1095,10.403547,44.3768,18.375545,153.7312,30.720953,273.8945,35.321016,119.1223,0.00257,351.7793,17.38942
1776Q1,305.7341,0.988494,249.8116,0.002487,323.1352,1.03618,262.8739,0.989234,316.5182,2.343211,51.0733,4.763204,180.322,9.057144,41.9475,19.19761,153.5364,29.357166,276.5309,35.767488,114.3,0.00257,352.4829,18.770629
1776Q2,35.3461,1.012175,19.2466,0.002472,39.8177,1.305879,12.1108,1.536043,25.8382,2.448415,64.1391,6.010583,174.5789,8.902031,45.3856,20.308632,151.4761,29.778164,277.6438,34.489458,109.4777,0.00257,357.6495,18.862256
1776Q3,123.3258,1.011781,148.1154,0.002713,113.5151,1.257087,124.8139,1.72894,88.9321,2.303434,84.3772,5.927982,176.6647,10.286942,49.8616,19.559246,152.7926,31.116371,275.8416,34.134535,104.6024,0.00257,359.2978,17.4477
1776Q4,214.0396,0.987862,274.7771,0.002551,194.8022,0.927318,239.1041,1.490317,144.2428,1.711066,94.4651,4.655179,187.0559,10.613,48.804,18.321679,155.8733,30.751388,275.6076,35.555749,99.7272,0.00257,355.6196,17.207601
1777Q1,306.4865,0.988626,44.7305,0.002515,309.852,0.652855,349.5755,0.971649,177.8454,0.848771,85.3284,4.462429,192.6509,9.328181,46.2108,19.070048,155.7448,29.378237,278.2134,36.025496,94.9049,0.00257,356.0986,18.572602
1777Q2,35.0988,1.012109,149.5427,0.002691,54.7446,1.042723,58.2263,0.326787,159.4945,0.774411,90.6456,5.785048,187.4501,8.887234,49.4083,20.223743,153.6757,29.749753,279.3594,34.770766,90.1356,0.00257,1.2379,18.733251
1777Q3,123.0765,1.011745,271.734,0.002562,129.8327,1.361266,77.4422,0.750929,197.5426,1.368806,109.6477,6.288553,187.7589,10.208183,54.047,19.566094,154.887,31.103767,277.5927,34.370929,85.2603,0.00257,3.2127,17.326508
1777Q4,213.7826,0.987861,53.4159,0.002403,200.1298,1.283878,183.3911,1.368008,262.2034,1.828532,125.0683,5.268533,197.6084,10.786398,53.2976,18.275849,157.9919,30.795229,277.2811,35.777625,80.385,0.00257,359.5692,16.973896
1778Q1,306.2256,0.988575,172.6291,0.00265,282.5991,0.78241,297.097,1.686822,333.1047,2.219188,120.4922,4.380405,204.5025,9.616488,50.5144,18.924779,157.9763,29.408143,279.8446,36.292917,75.5627,0.00257,359.7384,18.314597
1778Q2,34.8467,1.012055,269.2791,0.002681,54.1903,0.694012,48.6736,1.660281,39.6428,2.520679,117.791,5.41784,200.1967,8.904892,53.4592,20.131851,155.8791,29.721163,281.0509,35.055097,70.7934,0.00257,4.8922,18.557337
1778Q3,122.8251,1.011821,45.133,0.002468,142.9336,1.222534,159.8408,1.200824,101.3,2.518659,133.6154,6.398848,198.8452,10.103012,58.2425,19.570336,156.9834,31.088688,279.3217,34.611228,65.9181,0.00257,7.2075,17.165679
1778Q4,213.5228,0.987973,184.411,0.002652,211.4092,1.440233,258.7931,0.519512,158.232,2.016435,151.892,5.824621,207.9379,10.909663,57.8148,18.235488,160.1086,30.837059,278.9351,36.001935,61.0428,0.00257,3.6208,16.700058
1779Q1,305.9661,0.988562,294.6857,0.002672,280.8749,1.086835,264.629,0.444649,206.0143,1.136434,154.6031,4.550503,215.9046,9.895945,54.8642,18.780089,160.2061,29.438329,281.4554,36.561624,56.2205,0.00257,3.4704,18.008989
1779Q2,34.6065,1.012023,40.8127,0.002439,29.1777,0.553934,355.3053,1.127344,209.2182,0.521029,146.4987,4.989304,212.783,8.953136,57.5403,20.033854,158.0853,29.692409,282.7194,35.341677,51.4512,0.00257,8.6343,18.334395
1779Q3,122.5856,1.011911,183.7711,0.002541,149.7435,0.962052,105.3243,1.619342,219.093,0.888678,157.3083,6.254514,209.9656,9.97576,62.4482,19.572023,159.0816,31.070983,281.0293,34.855071,46.576,0.00257,11.3056,16.965485
1779Q4,213.2656,0.988001,305.8403,0.002694,222.7358,1.408955,219.9617,1.697981,280.4774,1.423922,176.5438,6.214679,218.108,10.980023,62.3533,18.201414,162.2222,30.876424,280.571,36.228164,41.7007,0.00257,7.802,16.386843
1780Q1,305.7098,0.988452,60.3852,0.002485,289.2937,1.312416,333.6488,1.428861,349.1519,2.003848,186.294,4.898627,226.923,10.155715,59.2613,18.637332,162.4331,29.468687,283.0467,36.830925,36.8784,0.00257,7.3199,17.655663
1780Q2,35.3236,1.012119,190.4658,0.002504,10.5746,0.765573,79.8668,0.837327,53.5887,2.498631,177.5548,4.610833,225.1151,9.02553,61.7072,19.937948,160.2803,29.676928,284.3614,35.615008,32.0561,0.00257,12.5476,18.057251
1780Q3,123.2974,1.011735,318.408,0.002716,142.6669,0.675133,113.7045,0.29348,113.7685,2.640862,181.9225,5.893043,221.1795,9.84709,66.703,19.557509,161.2109,31.060694,282.6958,35.108399,27.1808,0.00257,15.5279,16.709805
1780Q4,214.0135,0.987796,86.5434,0.002526,233.6281,1.190566,169.4543,0.891499,171.8766,2.252278,200.5177,6.376542,228.2963,11.000433,66.8784,18.164738,164.3589,30.900165,282.2042,36.472317,22.3055,0.00257,12.0993,16.040264
1781Q1,306.462,0.988629,216.4494,0.002523,303.4774,1.390845,279.3968,1.451101,227.5744,1.446907,215.6086,5.297315,237.6946,10.371258,63.6925,18.512576,164.6364,29.488122,284.6492,37.094982,17.4832,0.00257,11.3498,17.269177
1781Q2,35.0748,1.012131,319.6593,0.002693,13.5704,1.079008,30.4822,1.726901,271.0895,0.646755,211.3145,4.372339,237.3344,9.1198,65.8508,19.831079,162.4885,29.647029,285.9885,35.904404,12.7139,0.00257,16.5398,17.740934
1781Q3,123.0477,1.011846,81.7899,0.002544,113.6078,0.665407,143.5128,1.575801,263.9139,0.449941,208.3337,5.345713,232.4738,9.688514,70.9338,19.556162,163.3089,31.038091,284.3641,35.356497,7.8386,0.00257,19.9217,16.432052
1781Q4,213.7531,0.987893,223.706,0.002413,233.852,0.840301,255.1283,1.060215,304.5499,0.988367,224.4419,6.298764,238.3299,10.965132,71.4587,18.143573,166.4656,30.935276,283.8049,36.700611,2.9634,0.00257,16.6369,15.648402
1782Q1,306.2047,0.988598,342.4052,0.002667,317.7103,1.239995,345.0266,0.409817,6.5877,1.730788,243.2091,5.677392,248.1731,10.567336,68.1818,18.376444,166.8562,29.518198,286.2042,37.364278,358.1411,0.00257,15.5215,16.820053
1782Q2,34.8305,1.012071,79.7353,0.002672,27.6486,1.304697,349.7439,0.591891,66.5336,2.386841,246.7028,4.38514,249.3666,9.231282,70.0297,19.720335,164.6971,29.617334,287.5951,36.194036,353.3718,0.00257,20.7,17.376655
1782Q3,122.8096,1.011856,217.1907,0.002471,105.3156,1.036224,88.4876,1.277493,125.3303,2.675185,238.3276,4.723436,243.9286,9.522093,75.1772,19.553017,165.4067,31.013293,286.0132,35.606034,348.4965,0.00257,24.5099,16.116165
1782Q4,213.4975,0.987926,354.9497,0.002671,204.899,0.707945,201.5872,1.659074,184.5458,2.425992,249.5254,5.972622,248.3927,10.875867,76.0567,18.130173,168.5674,30.968239,285.3891,36.928831,343.6212,0.00257,21.4147,15.219194
1783Q1,305.9444,0.988474,104.9555,0.002649,323.087,0.841093,315.9424,1.6792,245.3586,1.756496,269.9684,5.940297,258.4786,10.721236,72.7209,18.245659,169.0707,29.548971,287.7413,37.632114,338.7989,0.00257,19.912,16.322192
1783Q2,34.5842,1.011958,211.4002,0.002415,45.9094,1.235788,66.3818,1.340556,306.4459,1.036623,281.5712,4.65986,261.2273,9.35425,74.2461,19.606411,166.9054,29.588245,289.1817,36.483217,334.0296,0.00257,25.0631,16.963844
1783Q3,122.5617,1.011897,353.8055,0.002551,119.1154,1.334434,168.4164,0.65907,352.784,0.496714,273.4781,4.200566,255.587,9.353504,79.4343,19.548554,167.5035,30.986693,287.6435,35.856025,329.1543,0.00257,29.3327,15.762913
1783Q4,213.2338,0.988023,115.5679,0.002691,194.4494,1.083618,180.3176,0.348586,343.3121,0.601531,276.9197,5.438066,258.5526,10.734811,80.6723,18.124824,170.664,30.999772,286.9564,37.156171,324.279,0.00257,26.4835,14.753683
1784Q1,305.6842,0.988422,231.9041,0.002487,295.7606,0.648177,263.2137,1.006492,24.9366,1.411981,296.6881,6.023564,268.6824,10.828648,77.31,18.121195,171.2796,29.580782,289.2606,37.898,319.4567,0.00257,24.5681,15.7754
1784Q2,35.3037,1.012172,1.6252,0.002538,57.4852,0.880973,12.6459,1.546006,80.099,2.204946,314.471,5.085082,272.9198,9.469204,78.5497,19.501697,169.0956,29.572315,290.7464,36.755518,314.6345,0.00257,29.7428,16.499264
1784Q3,123.2782,1.01182,128.5153,0.002715,136.5455,1.321739,125.3863,1.728175,137.5051,2.621747,313.2326,4.002383,267.4333,9.199767,83.7575,19.531725,169.6269,30.9713,289.2322,36.110764,309.7592,0.00257,34.451,15.354578
1784Q4,213.9863,0.987901,258.5173,0.0025,205.2658,1.37831,239.6326,1.479587,197.8978,2.517324,308.1122,4.813811,268.9642,10.559831,85.2821,18.113868,172.7857,31.018782,288.5177,37.399717,304.8839,0.00257,31.8469,14.252955
1785Q1,306.4337,0.988584,27.8058,0.002528,280.0128,0.91883,349.8949,0.953976,262.4183,2.019984,324.2762,5.900408,278.9603,10.879282,81.922,18.015533,173.4667,29.60133,290.7913,38.157921,300.0616,0.00257,29.5672,15.195188
1785Q2,35.057,1.012088,129.1731,0.002694,46.0915,0.589254,55.3747,0.317014,329.6227,1.463563,344.989,5.547298,284.5318,9.598578,82.8457,19.384133,171.3023,29.545793,292.2929,37.041974,295.2923,0.00257,34.6463,15.98862
1785Q3,123.0315,1.011798,251.9609,0.002531,147.2639,1.117468,77.5047,0.769372,32.2585,0.958374,353.4689,4.247422,279.5879,9.046756,88.05,19.524963,171.7222,30.943624,290.8226,36.360046,290.417,0.00257,39.8925,14.928263
1785Q4,213.7311,0.987891,34.5434,0.002429,216.8122,1.448122,183.9039,1.381011,49.318,0.530231,344.0898,4.25609,279.5183,10.330719,89.9325,18.12333,174.8742,31.049152,290.049,37.624921,285.5417,0.00257,37.6835,13.719103
1786Q1,306.1715,0.988545,152.0862,0.002684,284.213,1.200736,297.6589,1.690653,47.4291,1.096708,352.8172,5.583475,289.1597,10.889702,86.6087,17.904791,175.6669,29.636364,292.2733,38.419657,280.7194,0.00257,34.9324,14.550631
1786Q2,34.8022,1.011993,250.5363,0.002653,17.7949,0.60944,49.2332,1.653748,93.4122,1.949686,13.5978,5.895975,296.0525,9.725634,87.1854,19.264537,173.5103,29.52146,293.8181,37.327187,275.9501,0.00257,39.9004,15.427465
1786Q3,122.7808,1.011859,29.8895,0.002472,149.5097,0.832873,160.2755,1.185281,149.2652,2.478885,29.4419,4.817204,292.026,8.914508,92.3604,19.516092,173.8185,30.915806,292.3926,36.609201,271.0749,0.00257,45.7279,14.467418
1786Q4,213.4693,0.987997,165.5317,0.002686,227.6302,1.34029,258.1808,0.501562,210.8835,2.526596,24.2261,4.020119,290.3813,10.066072,94.5971,18.140076,176.96,31.079353,291.5616,37.849187,266.1996,0.00257,44.0252,13.156838
1787Q1,305.9109,0.988546,274.7152,0.002627,294.7254,1.368971,263.6152,0.461723,278.2226,2.227407,23.1174,5.144521,299.444,10.848995,91.3441,17.802037,177.864,29.673491,293.7362,38.679513,261.3773,0.00257,40.7744,13.858698
1787Q2,34.5581,1.011964,22.354,0.002404,9.1972,0.886514,355.7054,1.143511,347.6989,1.860014,40.9042,6.047919,307.5127,9.845285,91.5698,19.143372,175.7201,29.499525,295.3221,37.61122,256.608,0.00257,45.5762,14.815826
1787Q3,122.542,1.011947,163.7644,0.002567,131.9418,0.61794,105.8813,1.626967,52.9131,1.441442,60.419,5.464876,304.7436,8.810628,96.6894,19.504369,175.9178,30.887977,293.9416,36.858784,251.7327,0.00257,52.0288,13.974007
1787Q4,213.2122,0.988058,285.1823,0.002689,235.0454,1.06638,220.5268,1.695048,95.3904,0.831713,63.9314,4.226932,301.6303,9.774586,99.272,18.163385,179.0445,31.108937,293.0563,38.073205,246.8574,0.00257,50.9721,12.572052
1788Q1,305.6552,0.988448,43.5793,0.002488,308.2688,1.365003,334.1656,1.416718,77.3216,0.815779,55.6298,4.710563,309.875,10.757384,96.1253,17.707781,180.0587,29.712435,295.1806,38.937908,242.0351,0.00257,47.2024,13.122461
1788Q2,35.2736,1.012079,173.1747,0.002566,19.1265,1.201344,80.0193,0.818865,108.2971,1.645933,67.7246,5.990774,319.0019,9.936959,96.0346,19.03532,177.9127,29.489606,296.8062,37.878913,237.2128,0.00257,51.8435,14.157724
1788Q3,123.2541,1.011736,298.6424,0.002707,105.9985,0.804731,110.1972,0.298579,162.1723,2.252376,87.9176,5.99094,317.651,8.737467,101.093,19.482901,178.0448,30.873132,295.4489,37.112342,232.3375,0.00257,58.9298,13.435081
1788Q4,213.9614,0.987852,70.0572,0.002468,224.8457,0.706845,169.7305,0.909569,225.1268,2.439906,98.9076,4.736272,313.3575,9.483009,103.9478,18.176525,181.1612,31.128047,294.5419,38.314935,227.4623,0.00257,58.5914,11.964439
1789Q1,306.4058,0.988604,198.9903,0.002529,322.9938,1.082397,279.9156,1.46252,294.6519,2.345494,90.0963,4.434731,320.6349,10.620745,100.9096,17.629276,182.24,29.738135,296.6366,39.19359,222.64,0.00257,54.3499,12.361516
1789Q2,35.0228,1.012086,298.7817,0.002697,36.1795,1.319984,31.0452,1.728713,4.5681,2.174409,94.2726,5.74001,330.4597,10.029715,100.5023,18.912221,180.1289,29.470481,298.2708,38.162392,217.8707,0.00257,58.6461,13.450876
1789Q3,123.0019,1.011814,62.0907,0.002522,110.5459,1.205238,144.0579,1.566627,69.4154,1.859111,112.9566,6.317245,330.8619,8.704944,105.4555,19.465874,180.1507,30.843815,296.9596,37.363421,212.9954,0.00257,66.4422,12.890293
1789Q4,213.7032,0.987954,205.2561,0.002457,195.7265,0.855503,255.5066,1.043504,120.3524,1.214168,128.912,5.349592,325.5793,9.170379,108.6373,18.211013,183.246,31.155552,296.0021,38.539592,208.1201,0.00257,67.1378,11.361229
1790Q1,306.1475,0.988602,322.2727,0.0027,314.9447,0.686343,343.5511,0.393957,119.4209,0.679584,125.2647,4.387323,331.5421,10.436749,105.7671,17.551897,184.4336,29.778512,298.0467,39.450964,203.2978,0.00257,62.3981,11.555676
1790Q2,34.7775,1.012052,61.0999,0.002632,52.5596,1.103019,349.4134,0.61018,124.9427,1.28836,121.5987,5.357696,341.9548,10.102426,105.0116,18.788902,182.3487,29.4524,299.7171,38.44572,198.5285,0.00257,66.2021,12.701129
1790Q3,122.7612,1.011833,201.9563,0.002471,126.767,1.36444,88.9559,1.29204,175.3777,1.935837,136.8509,6.391066,344.2429,8.715606,109.8325,19.445373,182.2611,30.813019,298.4527,37.615684,193.6532,0.00257,74.7215,12.32902
1790Q4,213.4506,0.987973,335.915,0.002692,198.0833,1.235914,202.1546,1.664364,239.4647,2.252877,155.375,5.887587,338.39,8.868094,113.3257,18.250893,185.3308,31.180727,297.4475,38.764653,188.7779,0.00257,76.7121,10.772439
1791Q1,305.8886,0.988502,84.589,0.002607,284.7824,0.734669,316.5028,1.674601,310.3195,2.364762,159.1327,4.587965,342.781,10.210921,110.6567,17.484871,186.6253,29.819027,299.4415,39.707404,183.9557,0.00257,71.5782,10.734443
1791Q2,34.5311,1.011937,192.8006,0.0024,55.5443,0.746899,66.8638,1.326513,19.4907,2.39166,150.6319,4.92759,353.5171,10.151299,109.5609,18.666249,184.5715,29.434948,301.1465,38.728791,179.1864,0.00257,74.6816,11.915658
1791Q3,122.5109,1.011869,333.8747,0.002585,140.6935,1.256985,168.2433,0.640663,83.2189,2.198941,160.6094,6.212607,357.7261,8.770069,114.2218,19.421805,184.3749,30.780145,299.9299,37.868729,174.3111,0.00257,83.8953,11.760942
1791Q4,213.1871,0.98801,95.4356,0.002685,209.0743,1.427429,178.3464,0.362872,137.7901,1.586826,179.8568,6.250016,351.8205,8.592584,118.0098,18.296255,187.4146,31.203401,298.8791,38.989555,169.4358,0.00257,87.4745,10.21977
1792Q1,305.6318,0.988449,215.5874,0.002486,279.7708,1.038224,263.5663,1.023664,163.7908,0.769919,190.4893,4.953368,354.4121,9.950175,115.5731,17.428911,188.8147,29.859184,300.8224,39.962712,164.6135,0.00257,82.1686,9.920317
1792Q2,35.25,1.012153,344.507,0.002592,33.4686,0.550869,13.1761,1.55578,147.5372,0.916528,182.0921,4.563687,5.2909,10.165056,114.1697,18.561933,186.773,29.425513,302.5635,38.995144,159.7912,0.00257,84.3769,11.117154
1792Q3,123.2252,1.011816,108.9672,0.002696,150.0343,0.996395,125.9547,1.727106,190.9116,1.543297,185.4363,5.824005,11.2305,8.850349,118.6849,19.394089,186.5116,30.760316,301.3698,38.123315,154.9159,0.00257,94.2036,11.188327
1792Q4,213.9371,0.987873,241.5841,0.00244,222.0715,1.421562,240.1612,1.468602,255.6983,1.966896,203.8089,6.380216,5.7912,8.369462,122.6976,18.329474,189.5322,31.21605,300.3031,39.231823,150.0406,0.00257,99.5427,9.713132
1793Q1,306.3855,0.988622,9.29,0.002535,288.6854,1.291951,350.2006,0.936279,326.8633,2.280074,219.534,5.354516,6.5753,9.678174,120.4672,17.386167,190.9933,29.883008,302.2189,40.216199,145.2183,0.00257,94.4232,9.154201
1793Q2,35.0044,1.012106,108.3406,0.0027,11.4348,0.716487,52.2871,0.308469,34.2902,2.504223,216.1955,4.35758,17.0745,10.160843,118.7895,18.444353,188.9986,29.407992,303.9629,39.27631,140.449,0.00257,95.3567,10.304628
1793Q3,122.9795,1.011815,232.836,0.002518,145.3998,0.713239,77.5887,0.787829,96.5333,2.445451,212.2551,5.260183,24.7147,8.981125,123.097,19.366771,188.6297,30.723611,302.8173,38.376036,135.5738,0.00257,105.5682,10.649247
1793Q4,213.6794,0.987862,16.0755,0.002487,231.9706,1.238494,184.4187,1.393763,152.92,1.904683,227.8331,6.268349,20.3512,8.196606,127.3674,18.385057,191.6136,31.233571,301.7087,39.455406,130.6985,0.00257,112.9986,9.316843
1794Q1,306.1261,0.988533,132.3056,0.00271,300.7637,1.392324,298.2256,1.694196,196.1979,1.017381,246.9545,5.724269,19.133,9.379292,125.421,17.353235,193.1768,29.921814,303.5736,40.468106,125.8762,0.00257,108.7224,8.468039
1794Q2,34.7534,1.012012,232.1537,0.002602,11.6918,1.026818,49.7887,1.646993,185.8726,0.587873,251.6324,4.410628,28.9909,10.126423,123.4443,18.330793,191.2248,29.390864,305.348,39.555735,121.1069,0.00257,107.9649,9.516244
1794Q3,122.7293,1.011868,14.0055,0.002465,118.0767,0.632958,160.6995,1.169495,209.5342,1.079201,242.8789,4.640824,38.0843,9.141199,127.5182,19.337694,190.7492,30.684946,304.2509,38.627823,116.2316,0.00257,118.153,10.150989
1794Q4,213.4146,0.987978,145.8563,0.002696,234.9855,0.903934,257.4738,0.483768,272.9405,1.589058,253.1501,5.910699,35.3187,8.09951,132.0241,18.445873,193.6922,31.24853,303.102,39.677229,111.3563,0.00257,127.6981,9.047819
1795Q1,305.8638,0.988492,254.4988,0.002592,314.968,1.286191,262.7325,0.479007,342.7971,2.097133,273.6437,5.965886,32.2155,9.080473,130.3861,17.333547,195.3555,29.960242,304.916,40.717197,106.534,0.00257,125.1121,7.936031
1795Q2,34.512,1.011989,3.8073,0.002406,24.3004,1.281118,356.1168,1.159535,47.7458,2.515636,286.2418,4.716467,41.0562,10.062111,128.1321,18.222746,193.45,29.374455,306.7192,39.83247,101.7647,0.00257,122.4108,8.79639
1795Q3,122.4908,1.01198,143.6309,0.002611,104.0875,0.962504,106.4354,1.634358,108.535,2.604655,278.7681,4.150697,51.2856,9.32075,131.9493,19.307419,192.8695,30.64501,305.6703,38.877967,96.8895,0.00257,131.9399,9.716989
1795Q4,213.1572,0.988078,265.7106,0.002678,210.5443,0.681414,221.0912,1.69182,166.2212,2.173032,280.9516,5.353934,50.4998,8.08771,136.6654,18.511545,195.7678,31.261089,304.4833,39.896904,92.0142,0.00257,143.3154,8.931425
1796Q1,305.6052,0.988398,28.0662,0.002482,323.6484,0.916704,334.6828,1.404344,219.3248,1.331989,300.393,6.02038,45.8306,8.798612,135.3574,17.327725,197.5285,29.998604,306.2459,40.96277,87.1919,0.00257,143.2545,7.628765
1796Q2,35.2304,1.012095,155.587,0.002612,44.6714,1.261297,80.1501,0.800424,249.5913,0.547535,318.7937,5.152828,53.4042,9.975083,132.8567,18.137713,195.6488,29.364684,308.0815,40.090207,82.3696,0.00257,138.7478,8.220155
1796Q3,123.2047,1.011777,278.7817,0.002677,117.8716,1.317452,106.8365,0.305195,240.922,0.60372,318.8773,4.010975,64.3668,9.495429,136.4508,19.279982,195.0064,30.62004,307.0542,39.125706,77.4943,0.00257,146.9021,9.379732
1796Q4,213.9072,0.987866,52.9117,0.002414,194.6228,1.039563,170.0201,0.927534,294.4416,1.160741,312.7415,4.727502,65.608,8.154577,141.3185,18.56555,197.8765,31.266962,305.8549,40.131491,72.619,0.00257,159.4475,8.964976
1797Q1,306.3529,0.988546,179.7131,0.002541,300.2057,0.639618,280.4391,1.473687,359.9201,1.84546,328.0989,5.868026,59.9381,8.566835,140.2888,17.331502,199.6932,30.020847,307.5911,41.20591,67.7967,0.00257,162.2022,7.588747
1797Q2,34.9796,1.01205,277.8198,0.002704,56.5758,0.943699,31.6135,1.730237,61.4743,2.43996,349.0017,5.605331,65.7786,9.861795,137.6028,18.043267,197.8715,29.350713,309.4242,40.360532,63.0274,0.00257,156.5897,7.825576
1797Q3,122.9536,1.011856,43.9095,0.002516,133.8017,1.341449,144.5994,1.557233,120.8074,2.672525,358.7109,4.312453,77.1452,9.68485,140.8997,19.249777,197.1271,30.579084,308.4448,39.370891,58.1521,0.00257,162.4206,9.15919
1797Q4,213.6488,0.987967,187.5293,0.002521,202.9895,1.346659,255.8742,1.026578,179.596,2.367535,349.4134,4.199046,80.5722,8.308249,145.9306,18.640857,199.9466,31.27729,307.2095,40.345584,53.2769,0.00257,175.3104,9.172434
1798Q1,306.0928,0.988576,302.47,0.002718,280.2401,0.865794,341.9019,0.378643,238.6409,1.639751,356.8452,5.527262,74.4527,8.370083,145.2619,17.35233,201.8572,30.060585,308.8942,41.444385,48.4546,0.00257,180.8755,7.841085
1798Q2,34.7318,1.012006,42.7913,0.002572,49.6034,0.623049,349.1478,0.628472,295.0327,0.872503,17.3972,5.929078,78.308,9.729407,142.3787,17.956987,200.0938,29.339223,310.7515,40.627394,43.6853,0.00257,175.2031,7.686445
1798Q3,122.7153,1.011894,185.7623,0.002461,145.5147,1.159923,89.4324,1.306417,321.4536,0.386719,33.9647,4.906296,89.6776,9.862894,145.3599,19.219249,199.25,30.538686,309.8195,39.613876,38.81,0.00257,178.1585,9.079165
1798Q4,213.3959,0.988008,315.7034,0.002697,214.508,1.449203,202.7185,1.669396,324.957,0.734435,29.839,4.021417,95.1336,8.531472,150.5252,18.719792,202.0152,31.28679,308.5503,40.557276,33.9347,0.00257,190.4627,9.513774
1799Q1,305.8343,0.988492,64.1489,0.002579,282.5263,1.159722,317.0638,1.669722,17.4516,1.538387,27.4412,5.079175,89.2645,8.239825,150.2291,17.386989,204.0172,30.101676,310.1833,41.679315,29.1124,0.00257,198.1662,8.338246
1799Q2,34.4836,1.011887,175.076,0.002418,21.377,0.580568,67.3449,1.31229,74.3852,2.279607,44.5826,6.049638,90.9839,9.584737,147.1827,17.879246,202.3169,29.330521,312.063,40.891279,24.3431,0.00257,193.4967,7.824205
1799Q3,122.4674,1.011898,313.9563,0.002634,149.7367,0.882066,168.0237,0.622413,132.3286,2.652142,64.3597,5.547006,101.9609,10.020955,149.8304,19.188114,201.3763,30.498659,311.1787,39.855187,19.4678,0.00257,193.5848,9.150431
1799Q4,213.1326,0.988043,76.267,0.002663,225.558,1.3706,176.5728,0.37791,192.2179,2.494158,69.0928,4.283687,109.1716,8.806978,155.1016,18.801631,204.0835,31.295605,309.8772,40.766885,14.5926,0.00257,204.5517,9.958132
1800Q1,305.5774,0.988416,200.3907,0.002472,292.3107,1.351125,263.9264,1.040676,255.3796,1.927738,60.2961,4.65639,104.1988,8.185949,155.1861,17.434617,206.1746,30.143985,311.4585,41.911454,9.7703,0.00257,213.5573,9.009842
1800Q2,34.2379,1.011897,314.0537,0.002592,8.7443,0.832895,12.4926,1.561073,320.8662,1.302244,71.1713,5.953905,103.7903,9.435802,152.0113,17.810222,204.5417,29.324287,313.3592,41.152762,5.001,0.00257,210.48,8.212129
1800Q3,122.2182,1.012015,76.5602,0.002681,136.5009,0.635873,125.2896,1.726562,20.4532,0.771067,91.286,6.056181,114.0036,10.151889,154.311,19.156276,203.5069,30.458987,312.5225,40.095251,0.1257,0.00257,208.2331,9.368419
1800Q4,212.8737,0.988143,208.4335,0.002405,233.9627,1.124039,239.4448,1.46202,22.7843,0.499268,103.344,4.833261,122.6261,9.114829,159.6589,18.885101,206.1529,31.303431,311.1905,40.975255,355.2504,0.00257,217.4151,10.474461
1801Q1,305.3203,0.988397,336.2059,0.002517,305.4388,1.381699,349.3544,0.925525,37.7389,1.211153,95.0932,4.401211,119.0587,8.211571,160.1275,17.494285,208.3306,30.187095,312.7203,42.141432,350.4281,0.00257,226.9925,9.785386
1801Q2,33.9908,1.011888,75.7124,0.002709,14.7598,1.14152,49.4654,0.304131,87.5249,2.048457,97.8573,5.675864,116.7056,9.290538,156.8609,17.750045,206.7692,29.320224,314.6407,41.412413,345.6588,0.00257,225.6034,8.791229
1801Q3,121.9721,1.012014,201.6012,0.002543,107.8326,0.722183,76.6758,0.798414,143.9733,2.542696,116.1124,6.342688,125.8217,10.250066,158.8005,19.123363,205.6433,30.419276,313.8517,40.334717,340.7835,0.00257,221.7881,9.714068
1801Q4,212.6208,0.988138,345.2078,0.002534,229.5155,0.768385,183.7011,1.401353,205.0274,2.536953,132.6825,5.446842,135.4898,9.435247,164.195,18.969051,208.2244,31.309566,312.4914,41.182827,335.9082,0.00257,229.0373,11.03566
1802Q1,305.0616,0.988314,100.9751,0.002716,319.2673,1.172908,297.5354,1.696029,271.2762,2.160632,130.2655,4.401775,133.6566,8.312633,165.0476,17.565174,210.4856,30.230437,313.9698,42.369475,331.086,0.00257,238.6616,10.609285
1802Q2,33.7409,1.011779,199.9384,0.002566,30.3705,1.321007,49.1174,1.642927,340.1509,1.717335,125.4692,5.28081,129.7043,9.156435,161.727,17.698936,208.9998,29.317872,315.9085,41.670501,326.3167,0.00257,238.7701,9.495608
1802Q3,121.7207,1.012029,342.2959,0.002426,106.159,1.120184,159.9484,1.160556,45.0849,1.263815,139.9492,6.375655,137.4396,10.311948,163.2966,19.089318,207.7852,30.378905,315.1677,40.57364,321.4414,0.00257,234.1047,10.159666
1802Q4,212.3584,0.988208,113.4677,0.002683,198.2131,0.766622,255.9651,0.473435,81.3696,0.696753,158.7257,5.964708,147.7966,9.7506,168.7077,19.052876,210.2977,31.313648,313.7809,41.389423,316.5661,0.00257,239.4929,11.620013
1803Q1,304.7991,0.988283,221.5749,0.002611,319.1279,0.759002,261.2184,0.489291,64.1637,0.905456,163.7739,4.643435,147.8455,8.479004,169.9411,17.646297,212.6397,30.273423,315.2081,42.595749,311.7438,0.00257,248.8344,11.443029
1803Q2,33.4971,1.011745,331.9068,0.002449,48.0818,1.178126,355.3609,1.168517,101.4354,1.756089,154.915,4.857146,142.7576,9.040631,166.6034,17.657144,211.2327,29.316559,317.1641,41.926886,306.9745,0.00257,250.1554,10.268945
1803Q3,121.4784,1.012166,111.7517,0.00264,121.598,1.355153,105.7625,1.638589,156.0106,2.344647,163.7935,6.160657,148.8926,10.336464,167.7975,19.054441,209.9323,30.337712,316.4712,40.811758,302.0992,0.00257,245.1797,10.675904
1803Q4,212.1009,0.988299,234.8192,0.002665,194.7792,1.160998,220.4044,1.689881,218.2884,2.486825,182.9809,6.295005,159.6028,10.046393,173.1956,19.135591,212.373,31.315123,315.0601,41.595134,297.2239,0.00257,248.903,12.210546
1804Q1,304.5439,0.988236,358.1812,0.002454,288.4441,0.682154,333.9652,1.396739,286.9236,2.314888,194.6344,5.030734,161.5296,8.697671,174.8022,17.736688,214.7924,30.31535,316.4363,42.820037,292.4017,0.00257,257.775,12.261503
1804Q2,34.2163,1.011889,124.5755,0.002601,56.123,0.804533,79.2282,0.789872,357.6349,2.063735,186.7991,4.51938,155.8091,8.963889,171.4571,17.636129,213.4404,29.315857,318.4181,42.166139,287.5794,0.00257,259.9984,11.059787
1804Q3,122.1931,1.011987,246.2603,0.002667,138.2834,1.287628,104.0205,0.309732,62.8752,1.707941,188.8528,5.744295,160.3213,10.335029,172.3462,19.031523,212.0905,30.312017,317.7436,41.045316,282.7041,0.00257,255.0683,11.249831
1804Q4,212.851,0.988049,19.2789,0.002395,206.7408,1.409029,169.1776,0.938149,111.677,1.069706,206.8579,6.387688,171.0731,10.301046,177.711,19.206689,214.4873,31.313925,316.3277,41.816587,277.8288,0.00257,257.4783,12.807825
1805Q1,305.2974,0.988352,146.0965,0.002539,278.9821,0.987444,279.7298,1.480093,101.9383,0.70621,223.2637,5.432767,174.6259,8.941549,179.6078,17.821554,216.9507,30.338668,317.6819,43.046517,273.0065,0.00257,265.7915,13.040568
1805Q2,33.9662,1.011837,245.7646,0.002712,38.8567,0.561055,30.948,1.730849,117.5632,1.42285,221.1476,4.35694,168.8413,8.90101,176.3358,17.612518,215.6766,29.314959,319.6523,42.418639,268.2372,0.00257,268.655,11.8584
1805Q3,121.9409,1.012045,13.5814,0.00253,147.6719,1.057723,143.9145,1.551924,169.421,2.064173,216.1092,5.165792,171.5363,10.29206,176.8466,18.996053,214.2454,30.267898,319.0259,41.280737,263.3619,0.00257,263.958,11.82927
1805Q4,212.5875,0.988145,156.9272,0.00256,218.2738,1.43899,255.0585,1.016435,232.9849,2.337072,230.9442,6.235246,182.0741,10.53113,182.1457,19.286871,216.5646,31.309946,317.5881,42.018997,258.4866,0.00257,265.1775,13.376373
1806Q1,305.0367,0.988353,270.9197,0.002714,285.1208,1.250402,339.8408,0.369727,303.3656,2.370594,250.3967,5.785884,187.2214,9.218765,184.3953,17.927494,219.1002,30.377813,318.8919,43.266042,253.6644,0.00257,272.9083,13.789776
1806Q2,33.7189,1.011821,10.3838,0.002542,12.6832,0.658305,348.0253,0.638914,12.989,2.320633,256.4423,4.455625,181.8047,8.871033,181.2091,17.599045,217.9129,29.314332,320.8769,42.668293,248.8951,0.00257,276.3141,12.637765
1806Q3,121.7019,1.012114,153.0952,0.002425,146.917,0.770049,88.7196,1.314677,77.3161,2.081142,247.406,4.555022,182.6899,10.218463,181.3455,18.960747,216.4036,30.222552,320.2981,41.514052,244.0198,0.00257,271.9656,12.412841
1806Q4,212.3335,0.98823,282.7954,0.00269,228.7028,1.294577,202.0288,1.672396,130.9722,1.45493,256.4914,5.840083,192.7608,10.716802,186.5508,19.364646,218.642,31.302769,318.8401,42.219147,239.1445,0.00257,272.2082,13.92069
1807Q1,304.7786,0.988258,31.9112,0.002606,296.4085,1.386394,316.3784,1.666497,147.9371,0.711822,276.952,5.997148,199.2861,9.504814,189.1376,18.040695,221.2458,30.415298,320.0938,43.481992,234.3222,0.00257,279.3546,14.49271
1807Q2,33.4754,1.011722,144.0243,0.00246,8.8144,0.956037,66.6323,1.304151,137.1853,1.048974,290.6263,4.790777,194.652,8.874836,186.0716,17.596212,220.1479,29.314185,322.0919,42.914381,229.5529,0.00257,283.1679,13.385582
1807Q3,121.4557,1.012116,282.1395,0.002663,124.007,0.611636,166.8722,0.612017,183.5292,1.69632,284.0416,4.106063,193.8186,10.117604,185.8406,18.925915,218.5642,30.175888,321.5608,41.744734,224.6776,0.00257,279.2242,12.987327
1807Q4,212.0708,0.988256,45.3523,0.002638,234.368,0.989861,174.5902,0.387256,247.9372,2.084633,284.7422,5.257063,203.1951,10.853621,190.9248,19.440022,220.7184,31.292569,320.0841,42.416098,219.8023,0.00257,278.6706,14.435182
1808Q1,304.5181,0.988148,170.3133,0.002432,310.2834,1.3353,263.1169,1.050592,319.0955,2.321105,303.7136,6.01326,210.8707,9.786484,193.8323,18.160631,223.3867,30.451433,321.2874,43.693776,214.9801,0.00257,285.2496,15.146164
1808Q2,34.1929,1.011893,294.9793,0.002607,21.1466,1.249648,13.0311,1.570428,28.1341,2.471934,322.7512,5.23141,207.2686,8.912824,190.8807,17.610711,222.3543,29.311992,323.3088,43.141561,210.1578,0.00257,289.3701,14.079626
1808Q3,122.1672,1.012035,55.7487,0.002656,103.6664,0.888926,125.8595,1.72505,91.0154,2.362225,324.4012,4.031432,205.0044,10.010303,190.3617,18.90811,220.7273,30.145168,322.7946,41.966857,205.2825,0.00257,285.7981,13.549413
1808Q4,212.8196,0.988156,189.9728,0.002398,216.6456,0.678827,239.9673,1.450658,146.8563,1.792801,317.2317,4.628581,213.5607,10.939164,195.3288,19.508004,222.8305,31.282966,321.3148,42.625981,200.4072,0.00257,284.6869,14.934111
1809Q1,305.2662,0.988368,316.5304,0.002567,323.1471,0.99379,349.6343,0.907549,184.8231,0.915701,331.5712,5.823145,222.0834,10.035895,198.4758,18.27035,225.5352,30.469734,322.4975,43.906943,195.5849,0.00257,290.7647,15.746311
1809Q2,33.9449,1.011871,55.6494,0.002716,39.0312,1.301595,46.0926,0.297735,167.7768,0.694651,352.6409,5.665403,219.7752,8.974844,195.7069,17.628699,224.5851,29.313208,324.5046,43.379182,190.8156,0.00257,295.047,14.743958
1809Q3,121.9225,1.012067,185.3423,0.002513,112.6602,1.265615,76.8054,0.816802,200.9302,1.260734,3.7142,4.390122,216.1846,9.868593,194.8419,18.877305,222.8894,30.097826,324.0369,42.190035,185.9403,0.00257,291.8906,14.078277
1809Q4,212.5672,0.988153,328.565,0.002579,193.2859,0.942608,184.2206,1.413789,265.1198,1.741008,354.7353,4.135885,223.681,10.974319,199.6433,19.580018,224.9043,31.269308,322.5398,42.815486,181.065,0.00257,290.2484,15.380175
1810Q1,305.008,0.988305,80.8659,0.002708,307.0628,0.649409,298.0992,1.699178,335.7309,2.17396,0.6174,5.452404,232.9227,10.277391,203.0753,18.401875,227.6675,30.504814,323.6725,44.109812,176.2428,0.00257,295.8208,16.298892
1810Q2,33.6939,1.011743,180.2821,0.002519,53.6003,1.02823,49.6725,1.635725,41.8239,2.519773,20.8607,5.95589,232.0864,9.062625,200.5115,17.658307,226.8136,29.31657,325.6894,43.612198,171.4735,0.00257,300.2855,15.362245
1810Q3,121.6733,1.01207,323.8821,0.002431,129.0444,1.357717,160.3622,1.144557,103.2402,2.555749,38.2219,5.00522,227.4637,9.71339,199.3166,18.849059,225.0536,30.051155,325.2679,42.40962,166.5982,0.00257,297.5356,14.577591
1810Q4,212.3033,0.98821,92.5082,0.002696,199.204,1.294207,255.082,0.456021,160.5001,2.084284,35.4922,4.026905,233.7375,10.956314,203.9288,19.649838,226.9771,31.254532,323.7547,43.001158,161.7229,0.00257,295.4612,15.788866
1811Q1,304.7452,0.988258,202.5953,0.002596,280.7159,0.797284,260.5027,0.507041,210.5561,1.217356,31.6572,4.994251,243.4866,10.48675,207.6255,18.538609,229.7956,30.540196,324.8373,44.308238,156.9006,0.00257,300.5578,16.800463
1811Q2,33.4472,1.0117,316.4309,0.002471,52.0328,0.680971,355.7799,1.18429,224.36,0.515242,47.993,6.038709,244.1994,9.171133,205.2918,17.699266,229.0404,29.322316,326.8629,43.840918,152.1313,0.00257,305.1626,15.933196
1811Q3,121.431,1.012194,92.9127,0.002683,142.0132,1.210707,106.3203,1.645548,225.075,0.775555,68.0489,5.63472,238.8841,9.550562,203.7859,18.823906,227.2204,30.005759,326.4869,42.625832,147.256,0.00257,302.8038,15.044248
1811Q4,212.044,0.988332,215.8782,0.00261,210.5925,1.442239,220.9662,1.686211,284.1894,1.320924,74.2242,4.352727,243.7971,10.886112,208.1879,19.717084,229.0507,31.23902,324.9589,43.183769,142.3807,0.00257,300.3783,16.159691
1812Q1,304.4893,0.988214,341.5196,0.002416,279.7521,1.101844,334.4747,1.383999,351.9424,1.939315,65.0171,4.588717,253.8478,10.657597,212.1271,18.679363,231.9209,30.575855,325.9918,44.502868,137.5585,0.00257,305.0282,17.251754
1812Q2,34.1658,1.011872,105.0925,0.002615,25.6459,0.560963,79.312,0.771276,55.7144,2.476322,74.8337,5.920189,256.0804,9.283811,210.0041,17.752183,231.2413,29.325326,328.0379,44.051656,132.7362,0.00257,309.7599,16.441067
1812Q3,122.1468,1.012006,225.5071,0.002649,149.473,0.931603,100.9767,0.318433,115.6324,2.657022,94.8295,6.106894,250.4569,9.39912,208.2666,18.818551,229.3881,29.97773,327.6762,42.833109,127.8609,0.00257,307.7069,15.476007
1812Q4,212.7973,0.988101,0.7374,0.002405,223.4236,1.395987,169.4924,0.955958,173.9858,2.304396,107.6977,4.91681,254.0249,10.776565,212.4843,19.781031,231.1626,31.227908,326.1467,43.379947,122.9856,0.00257,305.0565,16.510342
1813Q1,305.2426,0.988319,126.7504,0.002596,289.9934,1.328757,280.2557,1.490896,230.9876,1.527499,100.0304,4.382244,264.1753,10.774219,216.5956,18.806027,234.0615,30.595427,327.1607,44.701356,118.1633,0.00257,309.3435,17.656146
1813Q2,33.9164,1.011812,226.0483,0.002711,8.8113,0.780695,31.5135,1.731961,280.3457,0.728669,101.6305,5.62332,267.8545,9.415412,214.7303,17.812817,233.4689,29.335364,329.1893,44.273848,113.394,0.00257,314.0941,16.916968
1813Q3,121.894,1.012029,357.359,0.00249,140.3051,0.664079,144.4543,1.542119,282.4517,0.39129,119.4724,6.361427,262.2665,9.237307,212.7221,18.799059,231.5635,29.934273,328.8727,43.044391,108.5187,0.00257,312.3985,15.870694
1813Q4,212.5356,0.988189,139.7276,0.002595,232.5804,1.177494,255.4086,0.999324,310.4051,0.884779,136.4819,5.527781,264.2821,10.610909,216.6952,19.842606,233.2409,31.210958,327.3304,43.557859,103.6435,0.00257,309.5091,16.80379
1814Q1,304.9795,0.988326,250.6991,0.0027,302.6541,1.391325,337.8678,0.355402,9.7061,1.652959,135.0968,4.422583,274.3476,10.857375,221.0072,18.951561,236.1856,30.631434,328.2955,44.890354,98.8212,0.00257,313.4027,18.010415
1814Q2,33.6683,1.011787,350.5484,0.002505,12.5008,1.092552,347.8386,0.657332,68.6791,2.344694,129.4526,5.220698,279.4891,9.551868,219.4259,17.882738,235.6977,29.347286,330.3306,44.493334,94.0519,0.00257,318.224,17.345524
1814Q3,121.6534,1.012107,134.1026,0.002449,111.1311,0.673639,89.2009,1.328743,127.1771,2.670113,143.2492,6.360614,274.3274,9.087159,217.1716,18.782307,233.7443,29.891625,330.0587,43.25372,89.1766,0.00257,316.8708,16.22832
1814Q4,212.2847,0.988271,262.102,0.002705,232.0171,0.826322,202.5969,1.676992,186.6009,2.459984,162.1798,6.025005,274.7474,10.402224,220.8834,19.899724,235.3229,31.19241,328.5052,43.734144,84.3013,0.00257,313.7876,17.058253
1815Q1,304.7239,0.988272,13.8504,0.002586,316.7669,1.229784,316.9379,1.661189,248.2495,1.829106,168.2382,4.693011,284.5185,10.891162,225.3721,19.097391,238.3093,30.666539,329.4221,45.076738,79.479,0.00257,317.309,18.316382
1815Q2,33.4259,1.011699,128.5269,0.002478,26.851,1.309005,67.1053,1.289608,311.204,1.138805,159.2102,4.802712,291.014,9.687717,224.0878,17.961097,237.9276,29.360646,331.4626,44.710116,74.7097,0.00257,322.186,17.726807
1815Q3,121.4077,1.012122,263.1685,0.002694,104.1417,1.050431,166.5606,0.593827,4.4744,0.591813,167.1622,6.113616,286.66,8.955855,221.6141,18.767806,235.9313,29.849131,331.2354,43.461364,69.8344,0.00257,321.1628,16.548203
1815Q4,212.024,0.988256,26.5092,0.002579,202.3992,0.715907,173.1239,0.403123,356.0607,0.539327,186.2675,6.324671,285.494,10.156049,225.0489,19.951672,237.4085,31.171603,329.6724,43.908511,64.9592,0.00257,317.9229,17.273116
1816Q1,304.4675,0.988166,152.7621,0.0024,321.2663,0.826752,263.4976,1.067375,28.7646,1.328325,198.7079,5.091427,294.7512,10.874163,229.6905,19.2424,240.4325,30.700345,330.5413,45.260405,60.1369,0.00257,321.0899,18.574435
1816Q2,34.1428,1.01186,274.7757,0.002624,47.0514,1.210179,13.5682,1.579533,82.327,2.145845,191.4362,4.484366,302.4941,9.801168,228.6745,18.042496,240.1353,29.367207,332.6006,44.910599,55.3146,0.00257,326.0432,18.046376
1816Q3,122.1182,1.012034,35.4059,0.002642,120.3476,1.346007,126.4303,1.723263,139.3798,2.595837,192.4445,5.671884,299.193,8.851099,226.0473,18.771847,238.1154,29.821557,332.387,43.659388,50.4393,0.00257,325.2656,16.823618
1816Q4,212.77,0.988134,172.3323,0.002423,194.5954,1.120891,240.4893,1.439082,199.9662,2.531196,210.1312,6.382971,296.6391,9.896649,229.2513,20.003141,239.5317,31.156089,330.8246,44.096046,45.564,0.00257,321.9336,17.464965
1817Q1,305.2185,0.988378,297.2183,0.002628,292.2188,0.661472,349.9007,0.889549,265.0928,2.078484,227.0732,5.488868,305.2293,10.806272,233.9926,19.369498,242.5766,30.717256,331.677,45.44952,40.7417,0.00257,324.8293,18.79163
1817Q2,33.8955,1.011868,36.2092,0.002702,55.9929,0.86545,42.5604,0.292847,332.9947,1.561122,226.0169,4.355127,313.9225,9.920829,233.2634,18.133371,242.3676,29.38135,333.7173,45.122005,35.9724,0.00257,329.7619,18.334099
1817Q3,121.8745,1.012087,169.4407,0.002467,135.7149,1.313891,76.9598,0.835088,36.8641,1.072863,220.1466,5.079733,312.0627,8.774453,230.4663,18.761219,240.3116,29.778202,333.548,43.862373,31.0971,0.00257,329.294,17.064535
1817Q4,212.5162,0.988158,310.714,0.002604,204.4189,1.384868,184.7447,1.425995,62.7406,0.578087,234.349,6.194416,308.1556,9.600672,233.3718,20.044889,241.6234,31.130697,331.9779,44.265825,26.2219,0.00257,325.8562,17.599418
1818Q1,304.9623,0.988293,60.0949,0.002691,278.5833,0.935004,298.6671,1.702021,52.7585,1.017721,254.0683,5.825283,315.7726,10.691118,238.2229,19.510003,244.6991,30.747529,332.7832,45.627286,21.3996,0.00257,328.428,18.955458
1818Q2,33.6478,1.011761,160.9624,0.002497,43.2746,0.581838,50.227,1.628297,95.8491,1.876163,261.2667,4.489811,325.3421,10.025593,237.8112,18.230023,244.5995,29.395835,334.8271,45.3299,16.6303,0.00257,333.3942,18.57475
1818Q3,121.6265,1.012082,304.8944,0.00247,146.216,1.103135,160.7702,1.128397,151.2249,2.432183,252.1362,4.477066,325.167,8.735673,234.8732,18.752459,242.512,29.734219,334.7019,44.062611,11.755,0.00257,333.2298,17.265827
1818Q4,212.2514,0.988219,71.8508,0.002712,215.996,1.446488,254.0787,0.438935,213.0128,2.518078,260.1907,5.767377,320.174,9.295217,237.4696,20.080377,243.7169,31.102283,333.1254,44.432427,6.8797,0.00257,329.7089,17.692996
1819Q1,304.6974,0.988199,185.2473,0.002567,283.2291,1.213655,259.8876,0.524933,280.7924,2.265635,280.6127,6.011029,326.56,10.527903,242.4074,19.646843,246.8194,30.775602,333.8837,45.80104,2.0574,0.00257,331.9664,19.071457
1819Q2,33.4035,1.011699,301.1031,0.002481,15.2526,0.619943,356.2109,1.199848,350.5175,1.940636,295.1887,4.849242,336.786,10.110814,242.3156,18.331515,246.8299,29.41036,335.9304,45.533683,357.2881,0.00257,336.9612,18.76811
1819Q3,121.3837,1.012206,73.4879,0.002703,147.8808,0.817371,106.8799,1.652227,55.9536,1.546025,289.5096,4.068231,338.4537,8.737963,239.2652,18.745777,244.7153,29.689733,335.8489,44.259202,352.4129,0.00257,337.0954,17.426634
1819Q4,211.9918,0.988362,196.5478,0.002549,226.7339,1.331092,221.531,1.682291,101.6453,0.923992,288.9442,5.165271,332.7537,8.994159,241.5455,20.109739,245.8118,31.07112,334.267,44.595409,347.5376,0.00257,333.5111,17.745417
1820Q1,304.4373,0.988173,323.6719,0.002397,293.8846,1.374908,334.983,1.37104,85.7362,0.761229,307.4714,5.996765,337.6531,10.320418,246.5467,19.779235,248.9367,30.801374,334.9787,45.970295,342.7153,0.00257,335.4627,19.139538
1820Q2,34.1222,1.01187,84.5471,0.002638,9.0059,0.919075,79.3708,0.752707,111.1595,1.560916,327.0231,5.295046,348.3838,10.160366,246.7428,18.428155,249.0369,29.415155,337.0426,45.719711,337.893,0.00257,340.5226,18.90076
1820Q3,122.0998,1.012045,205.367,0.002637,128.3459,0.612313,98.147,0.328347,164.296,2.185406,330.0737,4.055621,351.822,8.769615,243.6262,18.755981,246.9079,29.658983,336.9732,44.442994,333.0177,0.00257,340.8782,17.536296
1820Q4,212.7463,0.988138,343.7115,0.002443,234.8888,1.030998,169.8226,0.973608,227.3932,2.407813,322.1416,4.542801,345.8918,8.725006,245.6525,20.142522,247.9396,31.047339,335.393,44.768831,328.1424,0.00257,337.2602,17.770683
1821Q1,305.1887,0.988296,107.9539,0.002653,309.2816,1.352543,280.7853,1.501493,297.199,2.360329,335.5147,5.778775,349.2123,10.085593,250.6824,19.89322,251.0754,30.811374,336.0896,46.143744,323.3201,0.00257,338.9849,19.169265
1821Q2,33.8716,1.011771,206.3658,0.002686,18.2153,1.211721,32.0816,1.732769,7.0883,2.23247,356.6634,5.715612,359.9744,10.196406,251.1576,18.536985,251.2619,29.430215,338.1324,45.913788,318.5508,0.00257,344.0144,18.999301
1821Q3,121.8477,1.012059,341.0199,0.002441,104.1915,0.818605,144.9918,1.532103,71.8662,1.945881,8.8607,4.46604,5.2924,8.851681,247.9814,18.753747,249.1136,29.614395,338.1059,44.630743,313.6756,0.00257,344.6654,17.614009
1821Q4,212.4842,0.9882,121.354,0.002611,222.3068,0.699535,255.7495,0.982077,124.1117,1.308376,0.3495,4.092112,359.6537,8.476755,249.6829,20.161423,250.0344,31.01248,336.5211,44.922817,308.8003,0.00257,341.0125,17.73878
1822Q1,304.9248,0.988315,229.8119,0.002685,321.8219,1.068263,335.6803,0.341896,130.2331,0.679848,4.8253,5.389502,1.0772,9.809898,254.7362,20.016983,253.1857,30.834537,337.1711,46.302903,303.978,0.00257,342.4409,19.14149
1822Q2,33.6195,1.011729,331.4486,0.002492,35.4047,1.318125,347.6998,0.675772,128.7662,1.196355,24.7059,5.980714,11.6699,10.201522,255.5255,18.649661,253.4832,29.446664,339.2142,46.102571,299.2087,0.00257,347.4909,19.050034
1822Q3,121.6067,1.012141,115.5199,0.002502,109.641,1.215796,89.6877,1.342596,177.7835,1.849181,42.6493,5.09827,18.7405,8.969156,252.3182,18.755004,251.3203,29.571194,339.2298,44.81378,294.3334,0.00257,348.438,17.650234
1822Q4,212.2309,0.988302,242.0016,0.002717,193.9764,0.870237,203.1623,1.68131,241.9303,2.195418,41.1674,4.049599,13.9775,8.280829,253.6939,20.175462,252.1299,30.976725,337.6413,45.072513,289.4581,0.00257,344.7661,17.665188
1823Q1,304.6689,0.988281,356.8025,0.002546,312.3564,0.678703,317.4967,1.655629,312.8998,2.353344,36.186,4.931549,13.4161,9.512911,258.7491,20.135827,255.2923,30.856955,338.2452,46.457034,284.6359,0.00257,345.9001,19.065619
1823Q2,33.3742,1.011666,112.9068,0.002484,51.5154,1.089511,67.5711,1.274856,21.8367,2.424997,51.725,6.034461,23.4959,10.174117,259.8469,18.765886,255.7009,29.465061,340.2875,46.286227,279.8666,0.00257,350.9673,19.0531
1823Q3,121.3617,1.012142,243.5675,0.002703,125.99,1.362755,166.1865,0.575756,85.3703,2.265479,71.9091,5.715866,32.1029,9.116018,256.6381,18.760046,253.5292,29.529892,340.3445,44.992762,274.9913,0.00257,352.2134,17.645581
1823Q4,211.9703,0.988296,6.8862,0.002524,197.1109,1.247578,171.8167,0.419518,140.5808,1.672685,79.2143,4.426851,28.7625,8.153487,257.6877,20.184754,254.2269,30.94034,338.7534,45.218287,270.116,0.00257,348.5392,17.550286
1824Q1,304.4132,0.988151,134.0611,0.0024,282.6728,0.748071,263.8841,1.084014,171.9624,0.825293,69.8318,4.547333,26.2711,9.208815,262.724,20.249637,257.3962,30.879109,339.3113,46.606624,265.2937,0.00257,349.3777,18.941992
1824Q2,34.0906,1.011825,254.3193,0.002652,54.1394,0.714964,14.1057,1.588418,153.7892,0.828481,78.5187,5.890799,35.5986,10.115522,264.1036,18.872325,257.899,29.47382,341.3685,46.45318,260.4714,0.00257,354.5085,18.99832
1824Q3,122.0709,1.012015,16.0679,0.002629,141.4089,1.236113,127.0003,1.721173,193.8663,1.440455,98.318,6.160503,45.3828,9.268352,260.9149,18.780157,255.7246,29.502913,341.4356,45.158432,255.5961,0.00257,355.9876,17.58665
1824Q4,212.7169,0.988175,155.8049,0.002464,209.8476,1.435485,241.0053,1.427298,258.4454,1.886394,111.9092,5.007268,43.7587,8.103584,261.7105,20.202763,256.3556,30.91563,339.8462,45.374477,250.7209,0.00257,352.3165,17.405443
1825Q1,305.162,0.988362,278.3863,0.002676,279.7704,1.068476,350.1441,0.871373,329.4883,2.243265,104.9136,4.375044,39.6849,8.930866,266.7145,20.347968,259.5278,30.889142,340.3901,46.762792,245.8986,0.00257,352.9344,18.783761
1825Q2,33.8419,1.011851,16.6786,0.002668,30.3748,0.551924,38.9002,0.289537,36.5242,2.512986,105.3701,5.575185,47.727,10.030158,268.3425,18.993337,260.1143,29.49634,342.4246,46.628966,241.1293,0.00257,358.0338,18.908434
1825Q3,121.825,1.012069,152.5564,0.002418,148.8042,0.980678,77.1336,0.853315,98.5229,2.49136,122.7497,6.37969,58.4363,9.44971,265.2013,18.791905,257.9399,29.46551,342.5323,45.330625,236.254,0.00257,359.8265,17.500797
1825Q4,212.4659,0.98821,291.345,0.002618,221.2408,1.416488,185.2711,1.437966,155.2932,1.978354,140.1289,5.60827,58.9202,8.13884,265.6762,20.204086,258.4587,30.879312,340.9415,45.514223,231.3787,0.00257,356.1818,17.208686
1826Q1,304.9061,0.988304,39.2707,0.00268,287.7813,1.302185,299.2292,1.704625,201.4663,1.095299,139.7654,4.450493,53.5646,8.663254,270.6264,20.451539,261.6312,30.911376,341.4405,46.905668,226.5564,0.00257,356.4979,18.566563
1826Q2,33.5954,1.011752,142.6118,0.002491,9.4759,0.730862,50.7763,1.62058,198.7534,0.542995,133.3732,5.163936,60.0143,9.918158,272.5414,19.116041,262.3292,29.520962,343.4726,46.801369,221.7871,0.00257,1.6086,18.771998
1826Q3,121.5761,1.012064,286.2666,0.002533,143.2659,0.700248,161.1669,1.112044,214.0198,0.966772,146.4614,6.342314,71.268,9.633171,269.4743,18.807152,260.1605,29.43006,343.6208,45.500386,216.9118,0.00257,3.7259,17.375565
1826Q4,212.2034,0.988227,52.0295,0.002713,230.9793,1.226406,252.9461,0.422219,276.2265,1.491178,165.5067,6.080258,73.9447,8.258082,269.6328,20.200493,260.5664,30.842177,342.0299,45.651533,212.0366,0.00257,0.1283,16.97207
1827Q1,304.6437,0.98821,168.7598,0.002517,299.9373,1.394422,259.3588,0.54304,345.509,2.038851,172.5293,4.743366,67.905,8.440327,274.5101,20.548562,263.735,30.932902,342.4844,47.045498,207.2143,0.00257,0.1349,18.302287
1827Q2,33.3514,1.011675,284.6256,0.002481,10.5493,1.041169,356.6421,1.215285,49.9056,2.500816,163.4407,4.750222,72.4606,9.784686,276.7026,19.239364,264.5442,29.547137,344.5134,46.970722,202.445,0.00257,5.2529,18.589142
1827Q3,121.3313,1.012196,53.2813,0.002704,115.3788,0.637986,107.4369,1.658653,110.432,2.628918,170.4655,6.061812,83.8625,9.808578,273.734,18.825418,262.3864,29.396147,344.7018,45.667685,197.5697,0.00257,7.7083,17.211079
1827Q4,211.9425,0.988337,176.9881,0.002506,233.3704,0.889013,222.0954,1.678055,168.3809,2.231512,189.4704,6.346629,88.6352,8.451261,273.5826,20.191978,262.6793,30.804075,343.1119,45.786626,192.6944,0.00257,4.1806,16.696004
1828Q1,304.3869,0.988198,304.9722,0.002414,314.0731,1.277879,335.4871,1.35793,223.0709,1.413944,202.6592,5.148064,82.5982,8.278472,278.3693,20.638322,265.84,30.953194,343.5225,47.182568,187.8721,0.00257,3.8681,17.991029
1828Q2,34.0701,1.011872,63.9471,0.002672,25.5371,1.295858,79.3903,0.734054,262.1119,0.604812,196.0292,4.450267,85.1575,9.649326,280.8205,19.346893,266.7465,29.56072,345.5654,47.125593,183.0498,0.00257,9.047,18.352163
1828Q3,122.0477,1.012069,186.6733,0.002618,104.0462,1.004187,95.5257,0.33937,252.195,0.507375,196.0203,5.593959,96.3362,9.959758,277.9457,18.853428,264.5977,29.373768,345.7631,45.821938,178.1746,0.00257,11.7891,16.991182
1828Q4,212.6949,0.988114,328.0288,0.002484,206.6195,0.69348,170.1629,0.991113,299.1146,1.055843,213.3731,6.368937,102.8472,8.687288,277.5599,20.193923,264.8238,30.77811,344.1764,45.932463,173.2993,0.00257,8.323,16.387385
1829Q1,305.1426,0.988299,89.0085,0.002691,322.8213,0.873781,281.3208,1.511792,2.8549,1.772426,230.8267,5.538331,97.4221,8.197658,282.2613,20.713754,267.978,30.96146,344.5753,47.327847,168.477,0.00257,7.759,17.646954
1829Q2,33.823,1.011784,186.4433,0.002644,43.8331,1.253319,32.6477,1.73334,63.6039,2.404927,230.8705,4.35398,97.8841,9.495728,284.9152,19.468127,268.9635,29.588246,346.5946,47.289086,163.7077,0.00257,12.899,18.076732
1829Q3,121.7979,1.012075,323.8369,0.0024,117.0696,1.322588,145.5258,1.521822,122.6618,2.675595,224.2447,4.988776,108.457,10.096817,282.1793,18.875356,266.8339,29.341332,346.8321,45.984196,158.8324,0.00257,16.0169,16.748668
1829Q4,212.4308,0.988173,101.4773,0.002623,193.3695,1.054573,256.0774,0.964666,181.6635,2.408902,237.78,6.144127,116.5302,8.978094,281.4983,20.175073,266.9466,30.73709,345.2481,46.062493,153.9571,0.00257,12.673,16.032307
1830Q1,304.8794,0.988265,208.9793,0.002676,297.3943,0.643205,333.2819,0.329288,241.69,1.716136,257.7496,5.857511,112.3149,8.18466,286.0782,20.787996,270.0856,30.978448,345.6038,47.458802,149.1349,0.00257,11.7619,17.240756
1830Q2,33.5741,1.011741,314.1041,0.002491,55.2366,0.92833,347.6117,0.694212,300.9737,0.971613,266.1039,4.524582,110.7357,9.342929,288.977,19.587063,271.1804,29.615919,347.6189,47.449117,144.3656,0.00257,16.8925,17.753847
1830Q3,121.5578,1.012165,97.5396,0.002567,132.9961,1.335199,90.1775,1.356256,340.6181,0.441039,257.0142,4.398309,120.3528,10.204233,286.3997,18.898868,269.0744,29.309386,347.8959,46.143293,139.4903,0.00257,20.4097,16.467458
1830Q4,212.1761,0.988321,222.3251,0.002709,202.1193,1.354732,203.729,1.685371,334.2154,0.647059,263.9875,5.686999,129.6297,9.290646,285.4343,20.150572,269.0741,30.694094,346.3154,46.189557,134.615,0.00257,17.2252,15.638967
1831Q1,304.62,0.988225,340.143,0.002488,278.6633,0.88171,318.0583,1.649761,20.926,1.456363,284.3364,6.018265,127.0326,8.250731,289.8764,20.85288,272.1936,30.992815,346.6287,47.585956,129.7927,0.00257,15.9495,16.786186
1831Q2,33.3312,1.011682,95.9868,0.002481,47.0384,0.61311,68.0366,1.259999,76.5692,2.226657,299.7857,4.908465,123.6907,9.199745,293.0067,19.702605,273.3961,29.643297,348.6388,47.604988,125.0234,0.00257,21.0586,17.382665
1831Q3,121.3145,1.012184,222.9598,0.002703,144.5215,1.146434,165.7425,0.557801,134.193,2.633949,295.1494,4.03663,132.0435,10.278506,290.6072,18.923567,271.3187,29.277751,348.9549,46.29887,120.1481,0.00257,25.0013,16.147914
1831Q4,211.9176,0.988332,347.0167,0.002492,213.6941,1.448923,170.663,0.436318,194.2777,2.515995,293.3151,5.070012,142.1593,9.607385,289.369,20.120021,271.2057,30.648714,347.3791,46.313018,115.2729,0.00257,22.0232,15.208171
1832Q1,304.3619,0.988093,115.577,0.002437,281.4981,1.173438,264.2814,1.100485,258.1044,1.992189,311.3226,5.975252,141.4043,8.389257,293.657,20.907845,274.3008,31.00436,347.65,47.70858,110.4506,0.00257,20.3614,16.282601
1832Q2,34.0493,1.011802,234.1111,0.002687,18.4297,0.597252,14.6511,1.59699,325.3342,1.396713,331.3327,5.359444,136.7291,9.09044,297.0109,19.797444,275.6006,29.655339,349.6727,47.74538,105.6283,0.00257,25.5011,16.958884
1832Q3,122.0249,1.012046,357.8519,0.0026,149.0402,0.851632,127.5714,1.718839,27.0442,0.878819,335.8086,4.090449,143.6746,10.324406,294.7612,18.951329,273.5423,29.254484,349.9975,46.43866,100.753,0.00257,29.842,15.772277
1832Q4,212.6647,0.9882,140.1218,0.002501,226.1885,1.35307,241.5206,1.415293,38.3517,0.507256,327.2507,4.46076,154.2474,9.898855,293.3208,20.100683,273.3618,30.616311,348.4253,46.4441,95.8777,0.00257,27.0633,14.74116
1833Q1,305.1073,0.988326,259.4091,0.0027,293.096,1.363226,350.3703,0.853106,42.808,1.138763,339.5522,5.732355,155.2434,8.579869,297.4784,20.95111,276.4408,31.005526,348.6853,47.838264,91.0554,0.00257,25.0664,15.745109
1833Q2,33.7973,1.011799,356.4769,0.002626,8.2669,0.865131,35.1891,0.287842,90.4497,1.988028,0.7069,5.765884,149.7705,8.988197,300.9819,19.904322,277.812,29.682097,350.6836,47.891656,86.2861,0.00257,30.1244,16.489773
1833Q3,121.7793,1.012116,134.4759,0.002391,133.2496,0.623026,77.3345,0.871447,146.5291,2.506421,13.9527,4.549921,155.0315,10.33244,298.9387,18.976381,275.7895,29.223387,351.0467,46.585011,81.4109,0.00257,34.9602,15.376602
1833Q4,212.4134,0.988248,271.0533,0.002635,234.0335,1.090762,185.7992,1.449715,207.8389,2.534668,6.0761,4.059577,165.7958,10.182362,297.2492,20.059261,275.4972,30.567893,349.4794,46.558458,76.5356,0.00257,32.5071,14.237049
1834Q1,304.8512,0.988304,19.036,0.002673,306.4384,1.37364,299.7932,1.706967,274.6486,2.202864,9.1096,5.327688,168.6188,8.821634,301.227,20.987501,278.5448,31.013212,349.6975,47.950895,71.7133,0.00257,30.0709,15.142632
1834Q2,33.5484,1.011701,125.7659,0.002489,15.53,1.168761,51.3275,1.612582,343.8899,1.801201,28.5477,6.004006,162.8085,8.915273,304.9223,20.006463,280.0191,29.709305,351.689,48.032382,66.944,0.00257,35.0434,15.969756
1834Q3,121.5329,1.012102,268.3852,0.002597,105.7684,0.754556,161.5586,1.095633,49.1368,1.367687,46.989,5.193578,166.2743,10.306711,303.1004,19.00264,278.0374,29.193882,352.0896,46.726631,62.0687,0.00257,40.4119,14.944098
1834Q4,212.1512,0.98826,32.7023,0.002693,226.8821,0.739279,251.6575,0.405881,89.6314,0.774987,46.7837,4.0833,176.9362,10.43244,301.1772,20.012948,277.6344,30.518527,350.5281,46.668155,57.1934,0.00257,38.3744,13.700695
1835Q1,304.5898,0.988199,151.8242,0.002455,319.9045,1.13723,258.9076,0.561293,71.3455,0.847057,40.7637,4.871903,181.4336,9.09422,304.9615,21.014384,280.6464,31.01949,350.7043,48.058271,52.3712,0.00257,35.4709,14.491153
1835Q2,33.3016,1.011618,266.6487,0.002482,31.7667,1.323206,357.0806,1.230527,104.6352,1.683931,55.4436,6.027113,175.7972,8.874968,308.8338,20.10392,282.2222,29.737531,352.6881,48.167894,47.6019,0.00257,40.3156,15.39868
1835Q3,121.2871,1.012195,32.5286,0.002701,106.8999,1.156703,107.9994,1.664769,158.6805,2.289271,75.7007,5.794132,177.4401,10.249549,307.2467,19.030294,280.2862,29.166489,353.1258,46.863702,42.7266,0.00257,46.2581,14.476463
1835Q4,211.8891,0.988381,157.726,0.002488,195.878,0.801614,222.657,1.673596,221.2076,2.462653,84.0823,4.505171,187.7364,10.641317,305.1063,19.962724,279.774,30.469117,351.5705,46.773644,37.8513,0.00257,44.7486,13.136287
1836Q1,304.331,0.988184,286.5208,0.002467,316.6271,0.725887,335.9853,1.344542,290.2751,2.336155,74.6688,4.509658,193.7054,9.381994,308.6844,21.032389,282.7466,31.025009,351.7052,48.161121,33.029,0.00257,41.353,13.792811
1836Q2,34.0179,1.011841,44.0358,0.002703,50.8378,1.127625,79.3757,0.715354,1.0349,2.129006,82.2038,5.857311,188.6253,8.875453,312.7383,20.180288,284.4178,29.751176,353.6998,48.288892,28.2067,0.00257,46.0927,14.779252
1836Q3,122.0023,1.012061,169.2358,0.002579,124.797,1.362768,93.1343,0.351312,66.1602,1.797524,101.7742,6.208054,188.637,10.179151,311.3397,19.057155,282.5114,29.147462,354.1444,46.984483,23.3314,0.00257,52.613,13.959159
1836Q4,212.6446,0.98818,312.3626,0.002513,196.6546,1.213637,170.5192,1.008512,116.4555,1.157049,116.0395,5.096082,198.381,10.799208,309.0448,19.926584,281.9349,30.436279,352.5923,46.88681,18.4562,0.00257,51.6751,12.543196
1837Q1,305.087,0.988301,69.3915,0.002705,285.3542,0.717332,281.8529,1.521918,111.9658,0.685786,109.8022,4.371206,205.4941,9.654441,312.4565,21.044314,284.8827,31.024214,352.7172,48.272816,13.6339,0.00257,47.8293,13.066149
1837Q2,33.7708,1.011768,166.2481,0.002607,55.1698,0.770095,33.2123,1.733622,121.3685,1.341975,109.1464,5.522746,201.3748,8.898673,316.6035,20.268751,286.6166,29.782392,354.6861,48.416002,8.8646,0.00257,52.3046,14.110221
1837Q3,121.7507,1.012043,305.5434,0.002388,139.0891,1.269089,146.0591,1.511277,172.3149,1.990566,126.0339,6.390576,199.7502,10.069554,315.4603,19.087384,284.7643,29.12498,355.1669,47.114282,3.9893,0.00257,59.4879,13.431541
1837Q4,212.3828,0.98821,80.7091,0.002648,207.5092,1.420379,256.3939,0.947222,236.0779,2.290897,143.7564,5.684584,208.6986,10.91357,312.9812,19.870206,284.0817,30.387883,353.6222,46.985631,359.114,0.00257,59.3906,11.942574
1838Q1,304.8229,0.988267,189.217,0.002665,278.7828,1.018905,330.6146,0.317633,306.7085,2.368688,144.443,4.480536,216.847,9.932157,316.1658,21.046392,286.9835,31.029317,353.7063,48.368406,354.2917,0.00257,55.0334,12.286678
1838Q2,33.5207,1.01171,298.2185,0.002484,35.2642,0.554213,347.5538,0.712725,16.1537,2.362331,137.378,5.103977,213.9603,8.952598,320.4487,20.352453,288.8141,29.815238,355.6664,48.539644,349.5224,0.00257,59.1404,13.394805
1838Q3,121.5067,1.012134,79.5974,0.002623,147.7945,1.028749,90.6693,1.369705,80.233,2.151731,149.7245,6.316901,210.9051,9.939071,319.5704,19.11933,287.0205,29.105171,356.1833,47.241077,344.6472,0.00257,67.018,12.880999
1838Q4,212.1284,0.988331,202.7206,0.002675,219.0129,1.432014,204.2989,1.689116,134.5437,1.536381,168.8647,6.130321,218.8678,10.975226,316.9268,19.811419,286.2341,30.339934,354.6466,47.081922,339.7719,0.00257,67.9805,11.341446
1839Q1,304.5659,0.988259,323.026,0.002429,285.6814,1.271564,318.6153,1.643681,157.2569,0.745759,176.8469,4.794857,227.8267,10.188848,319.8741,21.040078,289.0861,31.033597,354.6907,48.461012,334.9496,0.00257,63.1562,11.479451
1839Q2,33.2778,1.011674,77.2402,0.002489,10.8174,0.684416,68.4906,1.244854,142.5451,0.965395,167.801,4.697396,226.3579,9.033567,324.2775,20.43085,291.011,29.849215,356.6417,48.660014,330.1803,0.00257,66.7403,12.637496
1839Q3,121.2623,1.01219,201.8744,0.002703,145.3926,0.742184,165.2186,0.539922,186.8517,1.605211,173.8621,6.003987,222.1435,9.792344,323.6721,19.152927,289.2809,29.087853,357.194,47.365302,325.305,0.00257,75.3197,12.31457
1839Q4,211.87,0.988315,328.2676,0.002486,229.2094,1.270572,169.6494,0.4534,251.3011,2.016317,192.7362,6.363436,228.9499,10.982944,320.8851,19.750276,288.393,30.29191,355.6667,47.17591,320.4297,0.00257,77.6024,10.756508
1840Q1,304.3131,0.98813,97.8956,0.002498,297.2976,1.391572,264.6908,1.116808,322.4611,2.295956,206.6531,5.205543,238.5028,10.415733,323.585,21.025153,291.1912,31.036566,355.6714,48.550647,315.6075,0.00257,72.4304,10.65939
1840Q2,33.997,1.011799,214.2235,0.002712,10.3425,1.005312,15.1919,1.605384,31.1169,2.490442,200.7676,4.420031,238.4954,9.129764,328.1236,20.488379,293.2085,29.867352,357.6322,48.768175,310.7852,0.00257,75.3642,11.854704
1840Q3,121.9725,1.012046,340.5034,0.002549,119.4806,0.62304,128.1393,1.716204,93.7101,2.412599,199.729,5.512461,233.501,9.649886,327.7332,19.180601,291.5192,29.075703,358.1911,47.473935,305.9099,0.00257,84.6159,11.729659
1840Q4,212.6134,0.988155,124.2365,0.002521,234.5858,0.931057,242.0339,1.403018,149.926,1.863088,216.6955,6.350869,239.1164,10.944439,324.8501,19.702745,290.5714,30.260352,356.6679,47.277442,301.0346,0.00257,88.3896,10.193459
1841Q1,305.0608,0.988321,239.492,0.002705,313.1293,1.303773,350.5812,0.834834,191.2357,0.978837,234.6298,5.588811,249.0289,10.59199,327.3545,21.008455,293.3362,31.034857,356.6642,48.650725,296.2123,0.00257,83.0929,9.858449
1841Q2,33.7464,1.011809,335.9677,0.002593,22.268,1.26887,31.4366,0.287861,177.4958,0.629025,235.825,4.36033,250.5149,9.24657,331.9314,20.555545,295.4071,29.902469,358.5994,48.882584,291.443,0.00257,85.0503,11.041937
1841Q3,121.727,1.012133,116.118,0.002399,103.1466,0.93021,77.5492,0.889564,205.2118,1.1562,228.51,4.899067,245.0088,9.485022,331.8256,19.215126,293.7882,29.061366,359.1938,47.592662,286.5677,0.00257,94.8721,11.164562
1841Q4,212.3591,0.988237,250.5469,0.002664,212.5721,0.677137,186.3293,1.461245,268.9192,1.653771,241.3042,6.091597,249.206,10.848267,328.8366,19.636674,292.7425,30.211517,357.6809,47.366088,281.6925,0.00257,100.5333,9.708762
1842Q1,304.8054,0.988278,359.7656,0.002656,322.8979,0.950656,300.3622,1.708988,339.1639,2.12852,261.4712,5.890362,259.3213,10.740767,331.0778,20.977046,295.447,31.03485,357.6387,48.734256,276.8702,0.00257,95.5326,9.090757
1842Q2,33.5017,1.011739,110.2475,0.002477,40.392,1.287157,51.8776,1.60438,44.6947,2.516541,270.9558,4.567926,262.3579,9.37431,335.7314,20.615764,297.6055,29.937254,359.5638,48.993311,272.1009,0.00257,96.135,10.225873
1842Q3,121.4826,1.012131,250.5239,0.002641,113.8223,1.288848,161.9375,1.078988,105.8072,2.585926,262.0579,4.327585,256.7212,9.319932,335.9144,19.250012,296.0612,29.048291,0.1932,47.708292,267.2256,0.00257,106.2869,10.620934
1842Q4,212.097,0.988268,13.0194,0.002653,192.708,0.983917,250.2012,0.389942,163.3313,2.141008,267.8752,5.607127,259.4005,10.700994,332.8424,19.568143,294.92,30.161377,358.6917,47.451613,262.3503,0.00257,114.0293,9.320297
1843Q1,304.5421,0.988136,133.8017,0.002404,303.1163,0.642007,258.5316,0.579605,215.2188,1.289173,288.0743,6.02594,269.5174,10.842284,334.8117,20.936208,297.56,31.032132,358.6114,48.813802,257.528,0.00257,109.991,8.4179
1843Q2,33.2585,1.01163,247.5587,0.0025,53.9232,0.991872,357.531,1.24557,238.9193,0.532326,304.3207,4.973993,274.0504,9.50724,339.526,20.66839,299.8032,29.971231,0.5258,49.099859,252.7587,0.00257,108.88,9.437047
1843Q3,121.2373,1.012219,11.6801,0.002703,130.132,1.350817,108.5607,1.670662,232.8046,0.671714,300.8291,4.018813,268.6736,9.161365,340.0008,19.284481,298.3373,29.035903,1.19,47.820145,247.8835,0.00257,118.9346,10.118656
1843Q4,211.8339,0.988391,139.5887,0.002487,199.8668,1.318281,223.2182,1.668839,288.8925,1.22291,297.756,4.979697,269.7713,10.506741,336.8681,19.497081,297.103,30.109786,359.7005,47.533323,243.0082,0.00257,128.7532,9.059406
1844Q1,304.2787,0.98812,269.1045,0.002533,279.3483,0.828623,336.4832,1.330922,355.5113,1.877742,315.1525,5.95442,279.6856,10.893909,338.5582,20.885868,299.6745,31.026572,359.5823,48.88891,238.1859,0.00257,126.5303,7.905109
1844Q2,33.9751,1.011832,24.5482,0.002717,50.0882,0.639389,79.3311,0.69674,58.5178,2.453596,335.5326,5.426098,285.6251,9.62454,343.3579,20.700022,302.0051,29.987207,1.5058,49.193503,233.3636,0.00257,123.535,8.736276
1844Q3,121.9535,1.012114,152.0208,0.002519,144.11,1.175408,90.9514,0.3642,118.1328,2.667594,341.3802,4.137162,280.8247,9.023039,344.0585,19.306688,300.5878,29.024557,2.1761,47.913782,228.4883,0.00257,132.9338,9.683683
1844Q4,212.5909,0.988207,295.5618,0.002526,212.9583,1.447924,170.8834,1.025796,176.7236,2.345958,332.3734,4.388542,280.4584,10.286889,340.8934,19.437219,299.2985,30.074182,0.691,47.619832,223.6131,0.00257,144.4588,8.934312
1845Q1,305.0337,0.988274,49.0178,0.002703,281.2759,1.143215,282.3889,1.53179,234.8901,1.597792,343.5369,5.686966,290.0059,10.889922,342.367,20.836464,301.8277,31.017343,0.5655,48.973101,218.7908,0.00257,144.698,7.615715
1845Q2,33.7275,1.011737,146.0706,0.002584,22.2944,0.571888,33.7818,1.733601,288.5838,0.8123,4.62,5.814261,297.1275,9.752679,347.1481,20.736375,304.1996,30.019006,2.4629,49.290125,214.0215,0.00257,140.0116,8.155198
1845Q3,121.7049,1.0121,286.9812,0.002414,149.0553,0.901009,146.59,1.500567,304.3231,0.373293,18.8015,4.637633,293.3109,8.897765,348.1422,19.337899,302.866,29.012958,3.1672,48.016108,209.1462,0.00257,147.8371,9.343778
1845Q4,212.3289,0.988226,60.2097,0.002681,224.0911,1.381325,256.6936,0.929584,317.7662,0.793138,11.6939,4.038402,291.3846,10.018672,344.957,19.360599,301.4879,30.020143,1.6945,47.692051,204.2709,0.00257,160.4914,8.990687
1846Q1,304.7684,0.988236,170.7408,0.002638,290.7215,1.343598,327.7061,0.307073,13.5756,1.582279,13.3169,5.267646,300.3068,10.84166,346.1404,20.767556,303.9421,31.00689,1.5312,49.037723,199.4486,0.00257,163.7283,7.608365
1846Q2,33.4744,1.011644,282.7005,0.002464,8.0076,0.812037,347.5385,0.731153,71.4677,2.304485,32.2604,6.023178,308.5715,9.872469,350.9357,20.763775,306.39,30.05015,3.4163,49.381081,194.6793,0.00257,158.0227,7.77848
1846Q3,121.4623,1.012171,61.1441,0.002657,137.5279,0.645416,91.17,1.382927,129.6572,2.660873,51.12,5.28546,306.0691,8.801785,352.2223,19.36745,305.1432,29.002606,4.1542,48.113139,189.8041,0.00257,163.4341,9.124689
1846Q4,212.073,0.988363,182.8648,0.002631,232.8159,1.146654,204.865,1.692623,189.3088,2.484238,52.1646,4.12369,302.7053,9.725304,349.0403,19.28219,303.6796,29.965795,2.6941,47.759314,184.9288,0.00257,176.3172,9.202262
1847Q1,304.5111,0.988235,304.8442,0.002391,303.6306,1.387326,319.1721,1.637291,251.7814,1.89082,45.2529,4.815106,310.7625,10.742566,349.9298,20.689586,306.056,30.994486,2.4934,49.097046,180.1065,0.00257,182.3161,7.885318
1847Q2,33.2292,1.01163,57.533,0.002521,13.113,1.121813,68.9424,1.229539,316.2528,1.234886,59.0516,6.014977,319.9908,9.979075,354.7223,20.782255,308.5762,30.080984,4.3658,49.466476,175.3372,0.00257,176.7397,7.663653
1847Q3,121.2193,1.01222,181.2991,0.002705,108.4448,0.699659,164.6214,0.522319,13.8018,0.693466,79.3397,5.865189,319.0762,8.741434,356.2986,19.395664,307.4192,28.994273,5.1363,48.205247,170.4619,0.00257,179.2355,9.049116
1847Q4,211.8166,0.988382,311.3095,0.002489,230.1245,0.792179,168.759,0.470884,10.8436,0.504952,88.7199,4.583042,314.4965,9.417536,353.1439,19.202913,305.8742,29.911775,3.6894,47.822116,165.5866,0.00257,191.4203,9.54549
1848Q1,304.2581,0.98811,80.6797,0.002562,317.579,1.198836,265.1021,1.132987,33.3877,1.254985,79.413,4.475156,321.4348,10.594372,353.7367,20.603195,308.1691,30.980642,3.4517,49.15139,160.7644,0.00257,199.4639,8.401234
1848Q2,33.9477,1.011762,194.4902,0.002714,30.3379,1.320374,15.7363,1.613497,85.1841,2.091004,85.8114,5.818961,331.4963,10.05348,358.5579,20.7826,310.7687,30.095418,5.3314,49.539439,155.9421,0.00257,194.9706,7.834307
1848Q3,121.9291,1.012034,323.3195,0.002486,106.2255,1.115234,128.711,1.713289,141.8955,2.567488,105.1303,6.247146,332.2306,8.712872,0.3565,19.408596,309.6676,28.986331,6.1068,48.278728,151.0668,0.00257,194.7739,9.144333
1848Q4,212.5625,0.988213,106.8955,0.002528,198.6972,0.762377,242.5425,1.390602,202.7179,2.536957,120.0194,5.180099,326.8156,9.123325,357.2375,19.133422,308.0748,29.87578,4.6635,47.888864,146.1915,0.00257,205.5914,9.989072
1849Q1,305.0041,0.988292,218.6034,0.002703,319.5648,0.763612,350.7641,0.816375,268.4613,2.126724,114.6014,4.369331,332.4997,10.408266,357.6018,20.522961,310.3198,30.967981,4.4185,49.215927,141.3692,0.00257,214.7392,9.069608
1849Q2,33.6958,1.011764,316.241,0.002576,48.0955,1.181987,27.7163,0.289505,336.9573,1.649984,112.8879,5.466166,342.9813,10.123025,2.3479,20.785484,312.9488,30.127613,6.2715,49.615651,136.5999,0.00257,211.8717,8.242837
1849Q3,121.6812,1.012107,98.3324,0.002441,121.5811,1.35431,77.7863,0.907511,41.5677,1.18094,129.2697,6.393273,345.61,8.732243,4.4306,19.434412,311.9431,28.982768,7.0791,48.362518,131.7247,0.00257,209.4021,9.372715
1849Q4,212.3111,0.988298,230.3014,0.002698,194.8776,1.156432,186.8649,1.472518,73.9552,0.640928,147.308,5.754137,339.7122,8.825899,1.3818,19.053811,310.2752,29.823992,5.6494,47.94396,126.8494,0.00257,218.3931,10.508329
1850Q1,304.7484,0.988293,341.525,0.002616,288.9879,0.679408,300.9251,1.710779,58.9725,0.951494,149.0441,4.511293,343.7838,10.176605,1.4475,20.42295,312.434,30.953532,5.3681,49.26229,122.0271,0.00257,228.0469,9.852039
1850Q2,33.4502,1.011711,94.8868,0.002452,55.4511,0.829349,52.4239,1.595863,98.9206,1.808316,141.3997,5.041816,354.536,10.167678,6.1428,20.780466,315.1263,30.160553,7.2074,49.687842,117.2578,0.00257,226.8725,8.838149
1850Q3,121.4353,1.012119,231.6676,0.002664,136.61,1.298063,162.3087,1.06223,153.8431,2.384407,152.9841,6.28432,359.0735,8.794529,8.504,19.459701,314.2192,28.982275,8.0466,48.442987,112.3825,0.00257,222.9113,9.728186
1850Q4,212.0519,0.988296,352.6398,0.00261,205.1777,1.399618,248.5801,0.37462,215.8769,2.503017,172.1964,6.173939,353.224,8.558017,5.5506,18.975675,312.4809,29.773436,6.6315,47.99613,107.5072,0.00257,229.9509,11.071075
1851Q1,304.4888,0.988166,115.2995,0.002386,278.1421,0.967249,258.2219,0.598075,284.1183,2.295487,181.115,4.846587,355.4667,9.911034,5.3188,20.316621,314.5501,30.938318,6.3145,49.305134,102.685,0.00257,239.602,10.678912
1851Q2,33.2073,1.011594,228.0,0.002544,39.9744,0.56819,357.9805,1.260457,354.0035,2.012775,172.2195,4.645787,6.1877,10.184409,9.9455,20.767788,317.3023,30.194171,8.1395,49.756395,97.9157,0.00257,239.9069,9.553688
1851Q3,121.1886,1.012201,351.3427,0.002703,146.4899,1.075307,109.1234,1.676259,59.4615,1.641298,177.2949,5.941376,12.5474,8.896705,12.579,19.484502,316.4967,28.984611,9.0101,48.520438,93.0404,0.00257,235.1652,10.182144
1851Q4,211.7876,0.98837,123.208,0.002487,216.7495,1.442455,223.7824,1.663815,107.3208,1.011171,196.0065,6.375286,7.3292,8.33723,9.7456,18.899527,314.6924,29.724054,7.6104,48.045514,88.1651,0.00257,240.3443,11.655699
1852Q1,304.2291,0.988152,252.2032,0.002589,283.7109,1.237045,336.9768,1.317181,94.874,0.723255,210.6187,5.263333,7.6037,9.621348,9.2184,20.204736,316.6692,30.922403,7.258,49.344841,83.3428,0.00257,249.6777,11.512621
1852Q2,33.9224,1.011816,4.7305,0.002709,13.112,0.654794,79.2378,0.678045,114.6729,1.482754,205.5598,4.39506,18.085,10.166908,13.8139,20.742214,319.4931,30.212158,9.0897,49.815336,78.5205,0.00257,251.1235,10.325375
1852Q3,121.9031,1.012118,134.2114,0.002456,147.2444,0.774066,88.9675,0.377841,167.0916,2.118672,203.5046,5.429995,25.9857,9.016597,16.6556,19.492467,318.7503,28.984693,9.9652,48.580137,73.6453,0.00257,246.1475,10.720048
1852Q4,212.5413,0.988196,277.2917,0.002534,228.7702,1.297709,171.2603,1.0429,230.424,2.370408,220.0369,6.32956,21.8673,8.18335,13.9294,18.831476,316.9081,29.692637,8.5695,48.099317,68.77,0.00257,249.786,12.25724
1853Q1,304.987,0.988298,28.1423,0.002703,296.4319,1.385471,282.9303,1.541398,300.5495,2.368232,238.4027,5.639269,20.3026,9.336001,13.1788,20.103836,318.8291,30.909821,8.2113,49.396639,63.9477,0.00257,258.6163,12.318592
1853Q2,33.6769,1.011757,126.7326,0.00257,8.9557,0.951599,34.3476,1.73334,10.3211,2.283636,240.7612,4.374635,30.0008,10.12632,17.6427,20.715866,321.6695,30.24655,10.0165,49.877457,59.1784,0.00257,260.9055,11.127132
1853Q3,121.6554,1.012107,269.405,0.002469,124.6493,0.611452,147.1175,1.489565,74.8876,2.023623,232.855,4.813175,39.3002,9.179221,20.7432,19.515822,321.0324,28.991284,10.9232,48.651668,54.3031,0.00257,255.986,11.282113
1853Q4,212.2777,0.988213,40.44,0.002708,234.5653,0.994748,256.9811,0.911849,128.0226,1.392676,244.8417,6.037573,36.8517,8.099532,18.1805,18.759667,319.1316,29.644855,9.544,48.143057,49.4278,0.00257,258.2158,12.8404
1854Q1,304.7228,0.988206,152.8382,0.002586,310.2906,1.33749,324.5726,0.297785,140.4617,0.693971,265.1469,5.922391,33.4485,9.037989,17.143,19.982458,320.9554,30.891832,9.1512,49.42986,44.6056,0.00257,266.4829,13.103819
1854Q2,33.4273,1.011662,266.5789,0.002437,19.2101,1.234576,347.5608,0.749611,133.3438,1.112644,275.7063,4.617448,42.0669,10.055558,21.4885,20.682036,323.8459,30.280521,10.9416,49.935912,39.8363,0.00257,269.469,11.925535
1854Q3,121.412,1.012174,41.7846,0.00267,103.1203,0.857703,91.6703,1.395958,180.9023,1.764621,267.1425,4.265379,52.4426,9.359122,24.8389,19.538206,323.3166,28.999507,11.8794,48.719836,34.961,0.00257,264.8069,11.863183
1854Q4,212.0194,0.988366,162.6188,0.002595,218.5776,0.685023,205.4333,1.695839,245.1725,2.135248,271.7673,5.527656,52.0159,8.1009,22.4624,18.690938,321.3615,29.59737,10.5172,48.183562,30.0857,0.00257,265.8659,13.405381
1855Q1,304.4612,0.98819,286.132,0.002392,322.0107,1.026928,319.7307,1.630636,316.2642,2.336903,291.7553,6.031069,47.1248,8.759338,21.1458,19.856671,323.0856,30.871853,10.0905,49.459325,25.2634,0.00257,273.5405,13.847198
1855Q2,33.1831,1.011648,38.1565,0.002575,36.8155,1.310226,69.3883,1.2141,24.8947,2.45245,308.7227,5.040527,54.294,9.957017,25.355,20.64059,326.0223,30.313358,11.8659,49.990229,20.4941,0.00257,277.0494,12.702242
1855Q3,121.1685,1.012252,161.6458,0.002698,110.6905,1.244769,163.9253,0.504827,88.1367,2.323721,306.4363,4.010721,65.3781,9.54587,28.9443,19.559249,325.6025,29.00891,12.8342,48.78417,15.6188,0.00257,272.7517,12.446385
1855Q4,211.7632,0.988407,295.6124,0.002483,192.8333,0.911167,167.9797,0.48859,143.7943,1.747469,302.2036,4.891468,67.1378,8.188564,26.7765,18.625582,323.5977,29.549803,11.4896,48.220424,10.7436,0.00257,272.8523,13.945169
1856Q1,304.2059,0.988076,63.2884,0.002609,308.765,0.66012,265.5235,1.148991,179.3678,0.880806,318.9309,5.929108,61.2976,8.518227,25.1902,19.726674,325.2195,30.84931,11.0296,49.484376,5.9213,0.00257,279.9361,14.543449
1856Q2,33.9033,1.011757,174.5122,0.002696,53.7008,1.033064,16.2846,1.621348,161.2414,0.750848,339.6165,5.488491,66.8028,9.843855,29.3023,20.589877,328.2175,30.329287,12.8108,50.034183,1.099,0.00257,283.8303,13.432068
1856Q3,121.8798,1.01207,305.3752,0.002429,129.0435,1.358582,129.2785,1.710125,197.6712,1.340533,346.786,4.188913,78.192,9.717718,33.0728,19.561501,327.8649,29.011844,13.7838,48.82881,356.2237,0.00257,279.9016,13.027331
1856Q4,212.5095,0.988216,87.6776,0.002539,199.2576,1.290895,243.0485,1.377917,262.0383,1.806293,337.5088,4.319905,81.9697,8.343005,31.0814,18.563764,325.8317,29.517675,12.4437,48.258699,351.3484,0.00257,279.3182,14.472275
1857Q1,304.9501,0.98826,197.5927,0.002703,281.0576,0.79305,350.9255,0.797891,332.8762,2.205313,347.4921,5.636245,75.8428,8.344204,29.2927,19.609359,327.3908,30.830995,11.9781,49.519777,346.5262,0.00257,285.8642,15.186671
1857Q2,33.649,1.011719,297.9317,0.002563,52.4373,0.684866,24.0812,0.29279,39.4307,2.517823,8.462,5.855326,79.3452,9.706447,33.2158,20.533221,330.3919,30.359215,13.7327,50.078538,341.7569,0.00257,289.9812,14.135639
1857Q3,121.6324,1.012147,81.2301,0.002499,142.0699,1.213906,78.0403,0.925423,101.127,2.529418,23.5138,4.723619,90.675,9.890471,37.2042,19.578093,330.1509,29.022118,14.736,48.883488,336.8816,0.00257,286.4725,13.579462
1857Q4,212.256,0.988311,210.4867,0.002717,210.6284,1.441586,187.3978,1.483557,158.1895,2.040479,17.2941,4.022138,96.4445,8.573539,35.4588,18.503305,328.0749,29.469273,13.4136,48.285858,332.0063,0.00257,285.2509,14.949946
1858Q1,304.6936,0.988286,323.7952,0.002555,279.8696,1.097886,301.4899,1.712288,206.6688,1.165255,17.5432,5.203174,90.6815,8.223606,33.4202,19.471336,329.5275,30.804023,12.9147,49.534385,327.184,0.00257,291.2606,15.784494
1858Q2,33.4007,1.011675,78.2286,0.002425,26.7644,0.556283,52.9691,1.587091,212.8982,0.519341,35.9562,6.033922,92.0401,9.55804,37.1552,20.467943,332.563,30.387428,14.6528,50.117079,322.4147,0.00257,295.6058,14.79558
1858Q3,121.3884,1.012166,211.5215,0.002675,148.6245,0.950437,162.6677,1.045367,219.8041,0.858877,55.1923,5.371941,102.9184,10.041967,41.3463,19.5916,332.4343,29.03343,15.6855,48.932831,317.5395,0.00257,292.516,14.106657
1858Q4,211.9964,0.988328,332.2254,0.002581,221.9377,1.404733,246.7467,0.359806,280.5017,1.395969,57.4974,4.167594,110.3914,8.853426,39.8661,18.446219,330.3209,29.421098,14.3814,48.308064,312.6642,0.00257,290.7776,15.392312
1859Q1,304.4354,0.988148,97.2476,0.002407,288.4508,1.319502,257.9695,0.616576,349.0106,1.983198,49.8187,4.75602,105.6229,8.180691,37.5923,19.329851,331.6646,30.774905,13.8493,49.543452,307.8419,0.00257,296.2806,16.331495
1859Q2,33.1575,1.011561,208.6299,0.002604,8.3061,0.760705,358.4368,1.275168,52.7244,2.485221,62.6953,5.994831,104.872,9.406844,41.1204,20.394114,334.73,30.414388,15.5703,50.14988,303.0726,0.00257,300.7991,15.409737
1859Q3,121.1426,1.012208,331.92,0.002684,140.9915,0.677097,109.6875,1.68158,112.9439,2.646851,82.9843,5.929895,114.9307,10.165696,45.4985,19.601932,334.7146,29.046301,16.6317,48.977099,298.1973,0.00257,298.1178,14.604545
1859Q4,211.7327,0.988406,108.0459,0.002474,231.3353,1.19813,224.3404,1.658542,171.1203,2.278892,93.3375,4.661971,123.7588,9.163109,44.3011,18.392827,332.5687,29.373838,15.3462,48.325533,293.322,0.00257,295.9603,15.798111
1860Q1,304.1739,0.988115,234.5441,0.002622,300.881,1.394189,337.4644,1.303158,227.1548,1.485081,84.2682,4.441581,120.4675,8.217708,41.8085,19.185792,333.8018,30.744555,14.781,49.547468,288.4998,0.00257,300.9873,16.82834
1860Q2,33.8712,1.011787,344.2214,0.002685,12.573,1.088466,79.1016,0.659403,272.8721,0.670935,89.4994,5.774495,117.8606,9.277753,45.1692,20.31581,336.9169,30.426961,16.5064,50.173156,283.6775,0.00257,305.6546,15.9618
1860Q3,121.8556,1.012112,115.8225,0.002412,111.6639,0.670555,87.1796,0.392151,267.4182,0.431712,108.5347,6.280477,126.8539,10.258508,49.6869,19.593042,336.9705,29.051628,17.5718,49.001127,278.8022,0.00257,303.2989,15.070943
1860Q4,212.4881,0.988259,257.7826,0.002551,232.3764,0.831002,171.6461,1.059898,305.0798,0.957904,124.0169,5.263808,136.603,9.467136,48.721,18.33886,334.8066,29.343049,16.2895,48.343721,273.9269,0.00257,300.8681,16.184895
1861Q1,304.9302,0.988284,7.3231,0.002707,316.7967,1.233622,283.4666,1.55078,6.597,1.7045,119.4986,4.371979,134.9481,8.326956,46.0699,19.057151,335.9731,30.722796,15.7189,49.56311,269.1046,0.00257,305.5033,17.277128
1861Q2,33.6263,1.011743,109.0115,0.002552,26.822,1.307665,34.9129,1.732785,66.3974,2.371435,116.7498,5.406819,130.864,9.145473,49.187,20.227895,339.0773,30.453788,17.4173,50.196605,264.3353,0.00257,310.2061,16.481895
1861Q3,121.608,1.012096,252.8453,0.002527,104.2442,1.045155,147.6424,1.478344,125.1453,2.674165,132.576,6.391534,138.4531,10.317157,53.8614,19.597891,339.2454,29.06875,18.5108,49.036815,259.4601,0.00257,308.2241,15.500504
1861Q4,212.2292,0.988253,20.8789,0.002716,202.9885,0.712908,257.2524,0.894074,184.3702,2.440231,150.8938,5.823624,148.8557,9.781495,53.2062,18.293708,337.0581,29.299384,17.2476,48.353399,254.5848,0.00257,305.5114,16.515056
1862Q1,304.6679,0.988201,134.6481,0.002519,321.5951,0.832055,321.1855,0.289832,245.303,1.781762,153.6997,4.548839,149.0876,8.499496,50.3725,18.911318,338.1118,30.692071,16.6446,49.558982,249.7625,0.00257,309.7296,17.676209
1862Q2,33.3779,1.011628,249.2996,0.002417,45.0343,1.229748,347.6104,0.768011,306.7947,1.065413,145.5602,4.98161,143.9175,9.032237,53.2332,20.133333,341.2346,30.480873,18.3251,50.216043,244.9932,0.00257,314.5164,16.954656
1862Q3,121.3635,1.012155,21.3793,0.002678,118.3103,1.336564,92.1747,1.408748,355.2984,0.519208,156.3209,6.249965,149.8879,10.338401,58.0459,19.600295,341.5182,29.088647,19.4466,49.069044,240.1179,0.00257,312.8925,15.893967
1862Q4,211.9719,0.98837,142.4381,0.002574,193.4082,1.093188,206.0038,1.698752,345.6809,0.578977,175.5585,6.218139,160.6122,10.074921,57.7141,18.254304,339.313,29.258116,18.2029,48.360024,235.2427,0.00257,309.9506,16.806357
1863Q1,304.4078,0.988207,268.3411,0.002428,293.652,0.652729,320.2853,1.623757,25.2015,1.382491,185.3824,4.905306,162.7144,8.722416,54.7213,18.766581,340.2528,30.661365,17.5681,49.551581,230.4204,0.00257,313.7757,18.026577
1863Q2,33.132,1.01162,19.3753,0.002634,55.062,0.891424,69.8257,1.19842,79.4071,2.176896,176.7459,4.601637,156.9863,8.943959,57.3095,20.033102,343.3903,30.508304,19.2305,50.232046,225.6511,0.00257,318.6288,17.379944
1863Q3,121.1188,1.012262,142.5569,0.002669,133.9717,1.322511,163.1336,0.487593,136.695,2.612871,180.7936,5.88043,161.1961,10.323018,62.2409,19.600584,343.7896,29.111403,20.3796,49.098271,220.7758,0.00257,317.3481,16.250116
1863Q4,211.7152,0.988399,280.1716,0.002463,202.858,1.372956,167.308,0.506458,197.0124,2.528958,199.2836,6.388229,171.938,10.336559,62.2434,18.221464,341.5724,29.219431,19.156,48.364131,215.9005,0.00257,314.2206,17.058316
1864Q1,304.1577,0.988106,45.0566,0.002632,277.9317,0.914206,265.9554,1.164802,261.5226,2.046233,214.5269,5.326454,175.7886,8.98096,59.1176,18.624352,342.3976,30.630615,18.4903,49.541285,211.0782,0.00257,317.6737,18.328426
1864Q2,33.854,1.011754,153.9493,0.002674,43.8667,0.583963,16.8316,1.628961,329.5916,1.489983,210.3596,4.381539,169.985,8.897245,61.4725,19.935727,345.5728,30.523452,20.1562,50.241188,206.2559,0.00257,322.6079,17.742725
1864Q3,121.8318,1.012084,286.5727,0.0024,146.3161,1.107029,129.8472,1.706676,32.729,0.987742,207.3171,5.352693,172.5066,10.286558,66.4867,19.584952,346.0426,29.12528,21.3092,49.108802,201.3807,0.00257,321.5843,16.563269
1864Q4,212.4598,0.988191,67.5312,0.002569,216.0321,1.446929,243.553,1.365032,52.8048,0.539221,223.3471,6.309821,183.0098,10.5507,66.7605,18.185896,343.8208,29.196113,20.0897,48.369446,196.5054,0.00257,318.3467,17.287562
1865Q1,304.9046,0.988245,177.3014,0.002705,283.3076,1.2103,351.0675,0.779423,48.2289,1.067982,242.0735,5.692642,188.2997,9.245558,63.5481,18.500147,344.577,30.61085,19.4192,49.5441,191.6831,0.00257,321.511,18.58797
1865Q2,33.6012,1.011718,280.8781,0.002536,15.7399,0.617004,20.5659,0.29768,93.4249,1.924717,245.571,4.399417,182.9418,8.869114,65.6136,19.827212,347.7283,30.551593,21.0587,50.251054,186.9138,0.00257,326.4279,18.073493
1865Q3,121.584,1.012155,64.4828,0.002552,148.1575,0.821515,78.3104,0.943207,149.1028,2.466164,237.188,4.735785,183.6583,10.208683,70.7089,19.582418,348.3145,29.152755,22.2393,49.132474,182.0385,0.00257,325.7236,16.84084
1865Q4,212.2033,0.988313,190.8457,0.002712,226.7964,1.333844,187.9356,1.494364,210.6521,2.527882,248.3162,5.98573,193.674,10.730546,71.3326,18.166256,346.0899,29.161469,21.0409,48.368194,177.1633,0.00257,322.3596,17.458874
1866Q1,304.6464,0.988249,305.6191,0.002488,293.9155,1.373601,302.0588,1.713482,277.9942,2.24033,268.6947,5.954103,200.3234,9.530386,68.0389,18.365086,346.7299,30.579871,20.3401,49.527822,172.341,0.00257,325.187,18.794512
1866Q2,33.3554,1.011693,59.9535,0.002417,7.9613,0.897598,53.5151,1.578114,347.5403,1.88101,280.2416,4.671912,195.7834,8.874538,69.7919,19.71512,349.8845,30.579134,21.961,50.257524,167.5717,0.00257,330.1417,18.356601
1866Q3,121.3411,1.012194,190.7344,0.002686,129.7803,0.614297,163.0178,1.028341,52.9718,1.469176,272.1368,4.213691,194.7936,10.10392,74.9453,19.57825,350.5866,29.182121,23.1689,49.153052,162.6964,0.00257,329.7473,17.078626
1866Q4,211.9448,0.988363,312.777,0.002569,233.9739,1.056282,244.7098,0.345724,96.7511,0.858347,275.5737,5.450799,204.0962,10.861061,75.924,18.15445,348.3651,29.128549,21.9925,48.364171,157.8211,0.00257,326.2831,17.589292
1867Q1,304.3864,0.988104,80.1471,0.002452,307.4452,1.362992,257.7753,0.635115,79.2282,0.794661,295.2966,6.033221,211.8757,9.809724,72.5812,18.235575,348.8884,30.547689,21.262,49.508017,152.9988,0.00257,328.7858,18.952611
1867Q2,33.1147,1.011564,189.7729,0.002659,16.394,1.194511,358.9031,1.289642,107.9512,1.609289,312.897,5.105438,208.4698,8.912305,74.01,19.599926,352.0415,30.605399,22.864,50.260019,148.2296,0.00257,333.7711,18.591811
1867Q3,121.0957,1.012231,313.1462,0.002643,104.0793,0.789873,110.2527,1.686642,161.4062,2.229657,311.8338,4.011312,205.9513,9.976577,79.1978,19.572491,352.8591,29.212803,24.0987,49.170116,143.3543,0.00257,333.6801,17.275946
1867Q4,211.6813,0.988428,92.5803,0.002449,223.8153,0.714562,224.9011,1.653011,224.1631,2.434026,306.5566,4.806551,214.3389,10.939678,80.5343,18.150475,350.6462,29.096733,22.945,48.356693,138.479,0.00257,330.1378,17.678253
1868Q1,304.1208,0.98807,215.4197,0.002638,320.4067,1.099222,337.9488,1.288943,293.6015,2.352541,322.5755,5.899481,223.0213,10.07248,77.1751,18.112205,351.0518,30.513898,22.185,49.484028,133.6567,0.00257,332.3252,19.062342
1868Q2,33.8267,1.011751,323.4433,0.002664,35.3695,1.318876,78.9242,0.640832,4.3531,2.188641,343.5105,5.544615,220.9001,8.977058,78.3161,19.49383,354.2297,30.619572,23.7898,50.255558,128.8344,0.00257,337.3754,18.765715
1868Q3,121.808,1.012144,97.4667,0.002402,109.6543,1.211814,85.5733,0.407086,69.3363,1.882585,351.9243,4.242574,217.1942,9.848073,83.5186,19.554304,355.1176,29.230649,25.0292,49.166731,123.9592,0.00257,337.5085,17.422729
1868Q4,212.4365,0.988286,237.6686,0.002591,194.2968,0.864937,172.0421,1.07672,120.8626,1.243687,342.5486,4.255734,224.5827,10.968834,85.1412,18.140077,352.9116,29.076794,23.8795,48.347608,119.0839,0.00257,333.9229,17.740586
1869Q1,304.8759,0.988284,347.2698,0.002703,312.9522,0.681525,284.0076,1.559947,122.3373,0.677557,351.348,5.580949,233.8926,10.293477,81.7919,18.007088,353.2468,30.491411,23.1154,49.471866,114.2616,0.00257,335.876,19.133095
1869Q2,33.5791,1.011707,92.7022,0.002518,51.5779,1.094088,35.48,1.73192,125.4098,1.259333,12.1727,5.887541,233.2108,9.065793,82.6171,19.374287,356.3875,30.64252,24.694,50.248694,109.4923,0.00257,340.8952,18.90556
1869Q3,121.5616,1.012142,236.1659,0.002571,125.9777,1.363023,148.1653,1.466921,175.2977,1.912258,28.02,4.805117,228.502,9.690329,87.8097,19.545245,357.3891,29.261859,25.9599,49.174583,104.617,0.00257,341.3234,17.536721
1869Q4,212.1769,0.988275,0.8644,0.002702,197.1757,1.243732,257.5059,0.876142,239.2509,2.239394,22.7799,4.010396,234.652,10.94419,89.7885,18.149759,355.1999,29.04579,24.8331,48.331015,99.7418,0.00257,337.6908,17.745488
1870Q1,304.614,0.988202,115.9375,0.002459,283.0841,0.744254,317.5841,0.28337,310.0712,2.362068,21.7234,5.134968,244.4497,10.498319,86.4849,17.896691,355.4166,30.454002,24.0397,49.437894,94.9195,0.00257,339.3432,19.146952
1870Q2,33.3279,1.011578,230.8322,0.002423,53.9529,0.736894,347.6888,0.786413,19.264,2.399065,39.5801,6.035726,245.3251,9.175255,86.9626,19.252179,358.5433,30.663114,25.598,50.236122,90.1502,0.00257,344.383,18.997678
1870Q3,121.3172,1.012168,0.4073,0.002694,139.8512,1.249145,92.6843,1.421316,83.073,2.217447,59.1511,5.451237,239.958,9.525727,92.1193,19.533249,359.6575,29.293289,26.89,49.177174,85.2749,0.00257,345.1058,17.609643
1870Q4,211.9171,0.988388,123.4415,0.002562,208.2856,1.429792,206.5712,1.701416,137.9463,1.615236,62.7,4.213806,244.7313,10.867643,94.4494,18.165872,357.49,29.01547,25.7862,48.309403,80.3996,0.00257,341.4426,17.708917
1871Q1,304.3532,0.988189,252.0508,0.002479,278.7087,1.049702,320.8394,1.616591,165.8457,0.78884,54.3915,4.696088,254.8111,10.664372,91.2259,17.793789,357.5884,30.414877,24.9637,49.398589,75.5773,0.00257,342.7979,19.113134
1871Q2,33.0798,1.011586,0.5898,0.002679,31.6033,0.551633,70.2554,1.182543,148.507,0.883287,66.3189,5.967799,257.2532,9.299862,91.3522,19.127987,0.6967,30.681748,26.5013,50.218049,70.808,0.00257,347.8552,19.042633
1871Q3,121.0714,1.012268,123.5125,0.002616,147.8125,0.999228,162.236,0.470628,190.3073,1.510454,86.5803,5.987786,251.6029,9.360497,96.4466,19.517951,1.9217,29.325287,27.8188,49.174652,65.9328,0.00257,348.8737,17.641945
1871Q4,211.661,0.98845,264.0563,0.002437,219.7353,1.423194,166.7261,0.524597,254.7496,1.942576,97.8544,4.740934,254.8881,10.741224,99.1195,18.187938,359.781,28.986537,26.7382,48.283169,61.0575,0.00257,345.1961,17.631581
1872Q1,304.1026,0.988098,25.4963,0.002643,286.2895,1.291247,266.3888,1.180489,325.867,2.265568,89.1456,4.411544,265.0465,10.786713,96.0107,17.699136,359.7617,30.374664,25.887,49.354397,56.2352,0.00257,346.2563,19.032187
1872Q2,33.8017,1.011749,133.1122,0.002657,9.8071,0.726764,17.3784,1.636349,34.0876,2.504494,93.206,5.726415,268.9888,9.420297,95.8205,19.017025,2.8805,30.690345,27.4258,50.193099,51.4129,0.00257,351.3757,19.029522
1872Q3,121.784,1.012072,268.162,0.002408,143.7008,0.703728,130.4145,1.702921,96.3671,2.458808,111.9195,6.308545,263.4234,9.211629,100.8483,19.49282,4.1717,29.343526,28.7471,49.151062,46.5377,0.00257,352.6205,17.621059
1872Q4,212.4084,0.988233,47.663,0.002616,231.0634,1.230125,244.0517,1.351965,152.9145,1.930431,127.9432,5.346797,265.2767,10.581429,103.7904,18.19935,2.0492,28.968336,27.6701,48.254168,41.6624,0.00257,348.9394,17.525548
1873Q1,304.8488,0.988225,157.83,0.002693,299.952,1.394214,351.1749,0.760799,197.1202,1.045189,124.3776,4.380695,275.3311,10.853942,100.7969,17.619757,1.9593,30.348448,26.814,49.322099,36.8401,0.00257,349.7803,18.916492
1873Q2,33.5492,1.011695,264.5251,0.002492,10.6416,1.036936,17.1977,0.304069,188.8174,0.575196,120.6419,5.347349,280.6295,9.5571,100.2919,18.890731,5.0279,30.707058,28.3262,50.165362,32.0708,0.00257,354.867,18.982269
1873Q3,121.5339,1.012127,47.3888,0.002586,115.9789,0.635893,78.5933,0.960901,209.8691,1.050471,135.8688,6.386194,275.5332,9.062752,105.2079,19.471697,6.4275,29.377922,29.6725,49.139753,27.1955,0.00257,356.4182,17.572875
1873Q4,212.1534,0.988335,170.796,0.00269,233.6595,0.893969,188.4759,1.5049,272.8362,1.563353,154.4211,5.890927,275.7839,10.368118,108.4725,18.23208,4.3404,28.943154,28.619,48.219754,22.3202,0.00257,352.7509,17.366938
1874Q1,304.5905,0.988252,286.5369,0.00244,314.0896,1.281081,302.6229,1.71444,342.6164,2.078512,158.275,4.591061,285.5204,10.882572,105.6551,17.542069,4.1342,30.308038,27.7346,49.269436,17.498,0.00257,353.294,18.742889
1874Q2,33.3031,1.011678,41.1229,0.002442,23.4555,1.28555,54.056,1.56883,47.5596,2.508548,149.7393,4.923814,292.1628,9.693003,104.804,18.764568,7.1729,30.723176,29.2253,50.133528,12.7287,0.00257,358.3933,18.88893
1874Q3,121.2895,1.012196,170.0908,0.002703,102.9133,0.97183,163.353,1.01114,108.3594,2.611997,159.6432,6.212186,287.9149,8.933928,109.5813,19.447343,8.6789,29.414133,30.5962,49.12476,7.8534,0.00257,0.259,17.485281
1874Q4,211.8964,0.988369,294.7387,0.002557,208.5179,0.683356,242.4543,0.332415,166.1257,2.194502,178.8696,6.257698,286.5808,10.118388,113.1528,18.270371,6.6329,28.920885,29.5669,48.182316,2.9781,0.00257,356.6247,17.168669
1875Q1,304.3348,0.988132,63.937,0.002502,322.3296,0.907201,257.6329,0.653731,219.6433,1.361087,189.5531,4.964373,295.7774,10.860374,110.5442,17.475131,6.3118,30.267936,28.6547,49.213359,358.1558,0.00257,356.8654,18.5226
1875Q2,33.0638,1.011556,170.9564,0.002691,41.7145,1.269165,359.369,1.303989,252.3965,0.570832,181.2752,4.56034,303.6215,9.822741,109.3561,18.639648,9.3162,30.738822,30.1236,50.097915,353.3865,0.00257,1.9732,18.749344
1875Q3,121.0445,1.012242,294.1605,0.002586,115.0284,1.308787,110.817,1.691456,242.4376,0.573471,184.2932,5.814894,300.5704,8.83223,113.9672,19.420135,10.9266,29.452435,31.5187,49.106605,348.5113,0.00257,4.1645,17.358559
1875Q4,211.6311,0.988393,75.5171,0.002424,192.3912,1.024646,225.4609,1.647168,293.9498,1.124582,202.5334,6.393751,297.7429,9.83997,117.828,18.31427,8.9273,28.901661,30.5144,48.142169,343.636,0.00257,0.5844,16.930831
1876Q1,304.073,0.988067,195.1345,0.00265,299.1311,0.641166,338.4314,1.274581,359.124,1.813589,218.3786,5.385461,306.1643,10.787331,115.4595,17.419628,8.4925,30.228319,29.5748,49.154091,338.8137,0.00257,0.5146,18.255434
1876Q2,33.7769,1.01174,303.094,0.002651,55.3951,0.933259,78.6893,0.622272,61.3128,2.426555,215.1662,4.369144,315.094,9.925267,113.9664,18.533429,11.4938,30.748302,31.044,50.058474,333.9914,0.00257,5.6835,18.555301
1876Q3,121.7571,1.012159,79.7747,0.002424,133.0036,1.336845,84.1271,0.422586,120.6269,2.673825,211.1778,5.269543,313.4103,8.760448,118.4269,19.389481,13.167,29.476884,32.4435,49.069067,329.1161,0.00257,8.146,17.176727
1876Q4,212.3835,0.988266,217.7832,0.002644,202.1618,1.352123,172.4455,1.093413,179.4394,2.384013,226.6812,6.280243,309.3654,9.559414,122.5081,18.346158,11.1979,28.891895,31.443,48.099686,324.2409,0.00257,4.6132,16.661019
1877Q1,304.8301,0.988267,328.177,0.002678,278.9205,0.877236,284.5541,1.568782,238.6612,1.666298,245.7554,5.738352,316.8647,10.66807,120.3512,17.37733,10.6962,30.205385,30.4992,49.108741,319.4186,0.00257,4.3028,17.955445
1877Q2,33.5322,1.01173,76.5438,0.002468,47.5556,0.616045,36.0478,1.730821,295.7563,0.900944,250.4151,4.423451,326.5272,10.029217,118.589,18.414565,13.6365,30.764175,31.9425,50.016666,314.6493,0.00257,9.435,18.323639
1877Q3,121.513,1.012175,218.2908,0.002596,144.5993,1.150056,148.6854,1.455247,325.9706,0.39705,241.6623,4.653047,326.5523,8.727177,122.8361,19.359343,15.4109,29.518934,33.3662,49.045125,309.774,0.00257,12.2552,16.971223
1877Q4,212.1235,0.988289,340.2679,0.002676,213.7277,1.448937,257.7401,0.858095,326.3351,0.706864,251.8874,5.922435,321.4572,9.254718,127.1693,18.400809,13.4972,28.878147,32.3915,48.054185,304.8987,0.00257,8.821,16.343322
1878Q1,304.5672,0.988152,97.0367,0.002429,281.5895,1.169864,313.8199,0.278456,17.5784,1.510325,272.3259,5.97657,327.6938,10.500801,125.3031,17.345776,12.8849,30.166999,31.4213,49.043517,300.0765,0.00257,8.178,17.593622
1878Q2,33.2849,1.011588,211.8688,0.002464,19.1622,0.586405,347.8031,0.804707,74.2736,2.260732,284.8675,4.724771,337.9849,10.113445,123.2476,18.300365,15.7799,30.779307,32.8423,49.971333,295.3072,0.00257,13.3059,18.04443
1878Q3,121.2703,1.012188,339.787,0.00271,148.4857,0.870471,93.1974,1.43368,132.1506,2.647228,277.3745,4.160651,339.8675,8.735778,127.2559,19.327851,17.6533,29.562473,34.29,49.018106,290.4319,0.00257,16.5041,16.726556
1878Q4,211.8637,0.988406,106.2544,0.002544,224.7387,1.365016,207.1409,1.70382,192.0264,2.50475,279.5742,5.363378,334.115,8.95644,131.8184,18.460862,15.8001,28.86693,33.3418,48.005803,285.5566,0.00257,13.2007,15.986341
1879Q1,304.3026,0.988119,236.2703,0.002521,291.4861,1.356755,321.3947,1.609131,255.2453,1.950035,298.9916,6.026254,338.8334,10.290113,130.267,17.327872,15.0792,30.128595,32.3458,48.974867,280.7343,0.00257,12.2092,17.183209
1879Q2,33.0379,1.011571,341.2173,0.002699,7.4133,0.843965,70.6848,1.16659,320.9219,1.329723,317.2193,5.169012,349.4978,10.173749,127.9406,18.192078,17.9249,30.793378,33.7442,49.922264,275.965,0.00257,17.3235,17.716998
1879Q3,121.0248,1.012303,104.2172,0.002558,134.4556,0.63005,161.2212,0.454001,21.3235,0.799439,317.4919,4.016808,353.2887,8.786764,131.6868,19.29559,19.895,29.606919,35.2158,48.987573,271.0898,0.00257,20.9233,16.442602
1879Q4,211.6086,0.988491,246.5559,0.00242,232.9574,1.114365,166.2311,0.542879,26.6128,0.495129,311.2152,4.715984,347.3723,8.680416,136.4538,18.526042,18.1066,28.857812,34.2945,47.95407,266.2145,0.00257,17.7889,15.59046
1880Q1,304.0487,0.988069,4.797,0.00266,304.623,1.38091,266.8298,1.196003,38.2824,1.181857,326.4338,5.862269,350.3428,10.041864,135.2378,17.324097,17.2794,30.089777,33.2731,48.902346,261.3922,0.00257,16.4305,16.723559
1880Q2,33.7589,1.011722,112.996,0.002645,15.5749,1.165105,17.9317,1.643403,88.083,2.032931,347.5796,5.599921,1.2055,10.197281,132.6713,18.107288,20.1084,30.801898,34.6712,49.869063,256.5699,0.00257,21.5849,17.335779
1880Q3,121.7389,1.012121,251.2534,0.002442,106.1737,0.750135,130.983,1.698948,144.4389,2.534538,357.2521,4.305143,6.7303,8.862642,136.1906,19.266775,22.1359,29.634942,36.1478,48.936189,251.6946,0.00257,25.5519,16.101435
1880Q4,212.3573,0.988262,28.3042,0.002667,227.3961,0.74294,244.5482,1.338681,205.5115,2.538158,347.9545,4.195039,1.1621,8.45166,141.1045,18.57976,20.3889,28.853856,35.231,47.897382,246.8194,0.00257,22.5768,15.157973
1881Q1,304.7945,0.988205,138.746,0.002655,319.9693,1.142029,351.254,0.74214,271.8356,2.17185,355.4473,5.521732,2.3619,9.777736,140.1712,17.329646,19.4989,30.066455,34.2056,48.84161,241.9971,0.00257,20.9063,16.229186
1881Q2,33.504,1.011629,248.086,0.00244,31.7282,1.323079,14.029,0.311807,340.7771,1.736195,16.0487,5.920104,12.9125,10.201527,137.4275,18.013168,22.2559,30.812319,35.5777,49.81042,237.2278,0.00257,25.9921,16.909721
1881Q3,121.49,1.012158,29.0661,0.002602,106.9421,1.152059,78.8975,0.978445,45.8496,1.286586,32.6419,4.895621,20.1667,8.986637,140.6449,19.234746,24.3754,29.679026,37.0779,48.89643,232.3525,0.00257,30.4214,15.738586
1881Q4,212.1007,0.988358,150.0464,0.002666,196.306,0.796825,189.0169,1.515215,83.3417,0.713852,28.516,4.011778,15.5397,8.265453,145.7155,18.654388,22.7002,28.846404,36.1885,47.836429,227.4772,0.00257,27.7129,14.684562
1882Q1,304.5353,0.988245,267.4803,0.002426,317.1238,0.730003,303.1884,1.715124,65.7047,0.8893,26.1381,5.06941,14.7518,9.48178,145.1475,17.3524,21.7068,30.025228,35.1376,48.758904,222.655,0.00257,25.6265,15.669141
1882Q2,33.2535,1.01162,22.7594,0.002496,49.0409,1.151494,54.5969,1.559268,102.0573,1.737961,43.3308,6.039693,24.746,10.172843,142.2152,17.92709,24.4033,30.820044,36.4859,49.746113,217.8857,0.00257,30.6503,16.432615
1882Q3,121.2456,1.012225,149.9101,0.002716,122.8057,1.359579,163.6805,0.99391,156.4867,2.332284,63.1578,5.5377,33.5043,9.138256,145.1122,19.202103,26.6114,29.722291,38.0092,48.85122,213.0104,0.00257,35.5766,15.337091
1882Q4,211.8432,0.988424,277.983,0.002529,195.261,1.190133,239.948,0.319995,218.7744,2.482634,67.9362,4.275156,30.3535,8.148584,150.3109,18.732252,25.0118,28.839905,37.1474,47.770499,208.1351,0.00257,33.2073,14.175796
1883Q1,304.2801,0.98813,47.9262,0.002537,286.1067,0.701224,257.532,0.672378,287.4737,2.320552,59.1274,4.64582,27.6561,9.179731,150.1187,17.388547,23.9178,29.982707,36.0714,48.670796,203.3128,0.00257,30.6787,15.059057
1883Q2,33.013,1.011521,151.3523,0.002701,54.6806,0.794065,359.8397,1.318139,357.4542,2.081276,70.0122,5.944679,36.7265,10.111561,147.0319,17.849452,26.5496,30.824979,37.3954,49.675918,198.5435,0.00257,35.6085,15.904019
1883Q3,121.001,1.012239,274.4375,0.002532,137.4604,1.280653,111.385,1.695945,62.8327,1.733575,90.1609,6.050011,46.6916,9.309339,149.5916,19.168486,28.8424,29.764902,38.9409,48.800646,193.6683,0.00257,41.0693,14.898444
1883Q4,211.5802,0.988446,56.9896,0.002421,205.9426,1.412378,226.0183,1.641136,112.3938,1.098947,102.2735,4.829999,45.4328,8.112616,154.8889,18.812335,27.3225,28.834649,38.107,47.69976,188.793,0.00257,39.1313,13.635063
1884Q1,304.0176,0.988049,174.4747,0.00267,277.8535,0.999101,338.9052,1.259965,104.6097,0.696051,94.0457,4.394185,41.091,8.888525,155.0799,17.437208,26.1303,29.939184,37.006,48.577353,183.9707,0.00257,36.1334,14.400126
1884Q2,33.7245,1.011703,283.6574,0.002637,35.9149,0.554846,78.3958,0.603766,118.3354,1.403141,96.9158,5.683154,48.9899,10.024807,151.8603,17.794742,28.7308,30.826594,38.3276,49.601742,179.1484,0.00257,41.0031,15.325203
1884Q3,121.7103,1.012125,63.2249,0.002461,147.927,1.032864,82.8382,0.438485,169.9326,2.048185,115.2424,6.338187,59.7707,9.476066,154.1365,19.142695,31.0736,29.790468,39.878,48.728661,174.2732,0.00257,46.9966,14.40729
1884Q4,212.3334,0.988322,198.5124,0.002688,219.0511,1.433106,172.8603,1.10992,233.4782,2.328051,131.7298,5.432797,60.4948,8.154128,159.4926,18.879801,29.6027,28.831925,39.048,47.622401,169.3979,0.00257,45.5148,13.061656
1885Q1,304.7724,0.988274,309.4158,0.00263,285.7425,1.268682,285.095,1.577445,303.8938,2.370394,129.1339,4.399326,55.0338,8.642203,159.9923,17.487229,28.3529,29.912748,37.9419,48.49601,164.5756,0.00257,42.0877,13.710252
1885Q2,33.4781,1.01171,59.4071,0.002417,11.2023,0.68073,36.6113,1.729414,13.5256,2.329516,124.4879,5.292694,61.2825,9.910689,156.7182,17.733419,30.8722,30.828315,39.2373,49.521525,159.8063,0.00257,46.7555,14.696953
1885Q3,121.4636,1.012153,199.0514,0.002611,145.7565,0.745987,149.2011,1.443316,77.8564,2.097654,139.079,6.379639,72.5641,9.659161,158.6329,19.107911,33.2943,29.832967,40.8096,48.668744,154.931,0.00257,53.3738,13.902434
1885Q4,212.0767,0.988328,319.5439,0.002657,229.2818,1.273955,257.9585,0.84005,131.7246,1.475622,157.8124,5.955539,75.4741,8.282084,164.0336,18.962122,31.9087,28.829874,40.0078,47.54307,150.0558,0.00257,52.5769,12.471374
1886Q1,304.5125,0.988182,78.6306,0.00243,297.3133,1.390945,309.9001,0.275259,150.2235,0.72006,162.6692,4.636997,69.4039,8.425557,164.918,17.557237,30.5664,29.869369,38.8772,48.393793,145.2335,0.00257,48.6385,12.962381
1886Q2,33.232,1.01157,193.5012,0.002528,9.0445,0.983829,347.9335,0.823026,138.324,1.02892,153.8505,4.869594,73.734,9.775275,161.5919,17.681177,33.0112,30.828652,40.1473,49.436797,140.4642,0.00257,53.0335,14.020024
1886Q3,121.2192,1.012165,319.998,0.002714,120.9541,0.615619,93.7105,1.445835,184.1278,1.676405,162.8887,6.171058,85.1199,9.832788,163.1357,19.072001,35.509,29.876017,41.7411,48.604934,135.5889,0.00257,60.3157,13.370069
1886Q4,211.8167,0.98839,90.2364,0.002507,234.0532,0.958017,207.7123,1.705892,248.4764,2.070554,182.0752,6.290912,90.1029,8.482146,168.5509,19.044142,34.2125,28.830473,40.968,47.460424,130.7136,0.00257,60.3879,11.870016
1887Q1,304.2508,0.988148,219.6802,0.002547,311.284,1.31971,321.9471,1.601488,319.6211,2.315444,193.5714,5.021229,84.1124,8.271106,169.8161,17.63744,32.7812,29.826772,39.8132,48.28797,125.8913,0.00257,55.9468,12.178416
1887Q2,32.9839,1.011552,321.0913,0.002701,20.2807,1.255365,71.099,1.150364,27.91,2.474409,185.7399,4.520822,86.3387,9.62554,166.4755,17.638237,35.1482,30.828287,41.0577,49.348324,121.1221,0.00257,59.9524,13.297447
1887Q3,120.9714,1.012297,84.6895,0.002515,102.3715,0.898251,160.0686,0.437655,90.8641,2.377388,187.7469,5.744746,97.4353,9.98831,167.6422,19.035251,37.7184,29.920041,42.6729,48.537833,116.2468,0.00257,67.9273,12.815803
1887Q4,211.5582,0.988462,227.7207,0.002432,214.6041,0.677524,165.8106,0.561242,146.9136,1.819795,205.7237,6.39081,104.246,8.738415,173.0424,19.125196,36.5143,28.834118,41.9289,47.374954,111.3715,0.00257,69.0934,11.270302
1888Q1,304.0008,0.988099,343.974,0.002686,321.967,0.98437,267.281,1.211285,186.1151,0.94143,222.1399,5.438197,98.9999,8.190725,174.6807,17.727017,34.998,29.785579,40.7507,48.179204,106.5492,0.00257,64.2032,11.368654
1888Q2,33.7065,1.011743,94.3223,0.002626,40.3645,1.289225,18.481,1.650277,169.856,0.679098,219.9267,4.357437,99.1631,9.484676,171.335,17.61637,37.3216,30.828826,41.9918,49.258887,101.7269,0.00257,67.7444,12.541466
1888Q3,121.6866,1.012137,235.514,0.002479,113.8139,1.286043,131.5475,1.694663,201.711,1.237859,215.0562,5.181568,109.6439,10.1151,172.196,19.010945,39.9334,29.948434,43.6123,48.451207,96.8517,0.00257,76.4087,12.233039
1888Q4,212.305,0.988234,9.0042,0.002702,192.9115,0.978504,245.0405,1.325145,265.7444,1.721916,230.0099,6.241128,117.857,9.015866,177.5611,19.195073,38.7867,28.839253,42.8728,47.283791,91.9764,0.00257,78.8161,10.675306
1889Q1,304.7497,0.988189,119.623,0.002598,303.7866,0.64257,351.3094,0.723549,336.2949,2.163054,249.4134,5.776436,113.8001,8.192988,179.4895,17.811476,37.2217,29.762943,41.6898,48.083961,87.1541,0.00257,73.6155,10.559631
1889Q2,33.4555,1.011655,230.7273,0.002398,54.0344,0.996693,11.0635,0.320916,42.318,2.518041,255.2461,4.447606,112.0168,9.331845,176.2192,17.592479,39.4569,30.828206,42.9051,49.163964,82.3848,0.00257,76.4161,11.746387
1889Q3,121.4386,1.012163,9.1957,0.002617,130.1332,1.351927,79.2088,0.995937,103.7099,2.56297,246.2432,4.567595,121.5077,10.218244,176.7012,18.974541,42.1352,29.994817,44.5468,48.378312,77.5095,0.00257,85.7467,11.660798
1889Q4,212.0459,0.988342,129.2443,0.00265,199.9189,1.315175,189.5589,1.525286,161.0451,2.099682,255.5217,5.8503,130.8854,9.328702,181.9982,19.274332,41.0867,28.848707,43.8377,47.193081,72.6343,0.00257,89.8009,10.133215
1890Q1,304.4877,0.988188,249.8642,0.00244,279.6593,0.824295,303.7574,1.715479,211.5304,1.236561,275.9971,5.991403,128.4776,8.266226,184.2787,17.917526,39.4437,29.724469,42.6319,47.969255,67.812,0.00257,84.5258,9.751667
1890Q2,33.2076,1.011644,4.9158,0.002561,50.4251,0.657022,55.1371,1.549545,227.625,0.518612,289.5175,4.777441,124.9714,9.18926,181.097,17.579325,41.5929,30.827237,43.8211,49.065863,63.0427,0.00257,86.2732,10.930988
1890Q3,121.1944,1.012255,130.1572,0.00271,142.6726,1.190421,163.9906,0.976474,226.4903,0.752781,282.7832,4.110498,133.1708,10.287938,181.2039,18.938851,44.3342,30.042128,45.484,48.302456,58.1674,0.00257,96.1445,11.096438
1890Q4,211.788,0.988444,261.9527,0.002483,211.4044,1.445784,237.1923,0.30855,284.9807,1.298877,283.7163,5.270004,143.3506,9.643728,186.4048,19.35187,43.3869,28.861281,44.8058,47.099839,53.2921,0.00257,102.1176,9.660091
1891Q1,304.2297,0.988076,30.9444,0.002554,280.0575,1.126201,257.4756,0.690976,352.5519,1.923896,302.7737,6.012701,142.7954,8.410619,189.022,18.031433,41.6705,29.687355,43.5781,47.851537,48.4699,0.00257,97.2294,8.994673
1891Q2,32.9703,1.011537,130.6953,0.002702,23.3059,0.564706,0.3204,1.332041,55.5449,2.465315,321.5872,5.232239,137.9973,9.065147,185.9632,17.577611,43.7311,30.825442,44.741,48.964094,43.7006,0.00257,97.5716,10.116053
1891Q3,120.952,1.012286,254.6381,0.0025,148.3097,0.919975,111.9509,1.700215,115.4542,2.660416,323.2614,4.031231,144.6604,10.322746,185.703,18.904526,46.5309,30.089897,46.4245,48.223225,38.8253,0.00257,107.7204,10.556172
1891Q4,211.5268,0.988462,38.127,0.002452,222.6172,1.391246,226.5748,1.634801,173.8602,2.322837,316.0806,4.625645,155.2959,9.945881,190.7805,19.427641,45.6878,28.876575,45.7779,47.003662,33.95,0.00257,115.7837,9.287721
1892Q1,303.9649,0.987996,154.0091,0.002697,289.156,1.335291,339.3762,1.245157,231.1196,1.555884,330.3981,5.820971,156.6346,8.613988,193.7175,18.152807,43.9025,29.650938,44.5287,47.730038,29.1277,0.00257,111.9824,8.341207
1892Q2,33.6816,1.011668,265.3382,0.002606,8.2583,0.80764,78.0504,0.585442,282.0922,0.748348,351.6899,5.655083,151.0409,8.980643,190.7764,17.593797,45.9076,30.826216,45.6869,48.861575,24.3055,0.00257,110.6313,9.348403
1892Q3,121.6622,1.012171,47.5979,0.002494,138.0618,0.647881,81.6936,0.454854,286.8518,0.384107,2.576,4.376876,156.116,10.332414,190.2285,18.887892,48.7414,30.121507,47.377,48.123858,19.4302,0.00257,120.6734,10.058945
1892Q4,212.2787,0.988338,179.3359,0.00271,232.9277,1.150897,173.2791,1.126289,311.7201,0.863107,353.5388,4.142952,166.8806,10.211078,195.1871,19.496763,47.9623,28.889143,46.7359,46.899199,14.5549,0.00257,130.7072,9.029498
1893Q1,304.7168,0.988247,290.0951,0.002571,303.6395,1.387921,285.6395,1.585839,10.3935,1.634857,359.6471,5.462168,169.8869,8.849411,198.3628,18.264386,46.1379,29.631758,45.4819,47.620647,9.7326,0.00257,128.719,7.855848
1893Q2,33.4319,1.01166,41.2864,0.00239,13.1716,1.117885,37.1787,1.7277,69.1853,2.333972,19.9462,5.951761,164.07,8.909576,195.6077,17.614149,48.0493,30.821828,46.6146,48.750996,4.9633,0.00257,125.5045,8.6484
1893Q3,121.4179,1.012213,178.9018,0.002629,108.9265,0.696031,149.7149,1.431245,127.6269,2.668268,37.2015,4.990598,167.345,10.301957,194.7146,18.858756,50.9356,30.168432,48.3253,48.036052,0.0881,0.00257,134.7037,9.637143
1893Q4,212.0222,0.988363,299.2995,0.002646,230.5369,0.796578,258.1515,0.821834,187.0801,2.467485,34.2681,4.02535,177.9802,10.455639,199.5051,19.570278,50.264,28.90697,47.7163,46.794565,355.2128,0.00257,146.4429,8.945661
1894Q1,304.4586,0.988169,61.5131,0.002451,317.6148,1.203045,305.9016,0.273764,248.8802,1.845272,30.6291,5.006453,182.6413,9.122789,202.965,18.398179,48.3776,29.595295,46.441,47.489902,350.3905,0.00257,147.1453,7.608251
1894Q2,33.185,1.011521,175.9141,0.002591,28.1526,1.316226,348.0917,0.841223,312.1625,1.161182,47.0841,6.041255,177.0482,8.871415,200.4184,17.646418,50.1924,30.814868,47.546,48.63486,345.6212,0.00257,142.2457,8.093427
1894Q3,121.1762,1.012195,300.5856,0.002696,104.6603,1.08499,94.2313,1.45772,6.574,0.613706,67.0998,5.623107,178.5034,10.240289,199.197,18.832441,53.1265,30.213908,49.2767,47.943075,340.7459,0.00257,149.7387,9.313087
1894Q4,211.7627,0.98843,74.0096,0.002455,199.7628,0.738786,208.2801,1.707744,359.1344,0.52815,73.0671,4.343596,188.7482,10.658389,203.796,19.641572,52.5643,28.925765,48.7002,46.68524,335.8707,0.00257,162.4789,9.026103
1895Q1,304.196,0.988116,201.6296,0.002559,319.9463,0.792469,322.4975,1.593534,29.6551,1.308965,63.9071,4.599409,194.8591,9.41003,207.5192,18.537095,50.6203,29.558368,47.4037,47.35396,331.0484,0.00257,166.1811,7.645614
1895Q2,32.9341,1.011498,300.3422,0.0027,46.1534,1.20338,71.5081,1.134006,82.2523,2.124105,73.7066,5.917895,189.9299,8.867074,205.2064,17.689856,52.3355,30.805416,48.4803,48.513254,326.2791,0.00257,160.4304,7.754024
1895Q3,120.927,1.012293,65.34,0.002495,119.5533,1.347299,158.79,0.42181,139.1986,2.587482,93.7033,6.107449,189.6298,10.150476,203.6751,18.808777,55.3132,30.258013,50.2306,47.84511,321.4038,0.00257,165.4045,9.114795
1895Q4,211.5053,0.988524,208.6506,0.00248,193.5931,1.13018,165.464,0.579755,199.7449,2.537615,106.6021,4.919219,199.2513,10.81394,208.0617,19.709962,54.8617,28.945508,49.6868,46.571307,316.5285,0.00257,178.2253,9.260107
1896Q1,303.9443,0.988082,323.8602,0.00271,290.1911,0.667394,267.7314,1.226428,264.9031,2.096626,98.9597,4.380635,206.5859,9.697044,212.0259,18.679573,52.8645,29.521441,48.3693,47.213274,311.7063,0.00257,184.5975,7.964313
1896Q2,33.6559,1.011717,76.7132,0.002585,55.6906,0.834161,19.0322,1.656853,333.6858,1.580954,100.6544,5.635754,202.6003,8.898947,209.9264,17.744746,54.5132,30.800037,49.4393,48.390959,306.884,0.00257,179.1044,7.693301
1896Q3,121.6418,1.012128,219.7289,0.002505,136.638,1.300434,132.1141,1.690097,37.819,1.096919,118.5657,6.360816,200.8154,10.052741,208.1647,18.804624,57.5145,30.28549,51.1959,47.726202,302.0087,0.00257,181.2913,9.078787
1896Q4,212.2565,0.988299,349.2998,0.002712,205.2125,1.397812,245.529,1.311513,65.5142,0.591071,135.484,5.515157,209.6731,10.918001,212.3655,19.774728,57.1299,28.9594,50.6575,46.447631,297.1334,0.00257,193.3214,9.618226
1897Q1,304.6937,0.988188,100.1728,0.002544,278.3291,0.962834,351.3207,0.70484,54.0885,0.999612,133.9011,4.420495,217.9209,9.955472,216.5003,18.807573,55.1032,29.500782,49.3344,47.08412,292.3112,0.00257,201.4838,8.498269
1897Q2,33.405,1.011621,212.2623,0.002387,40.5812,0.569789,8.3054,0.33117,96.4504,1.858934,128.4089,5.234123,215.1747,8.954863,214.6605,17.807061,56.6536,30.786888,50.3781,48.259527,287.5419,0.00257,197.2259,7.898172
1897Q3,121.3917,1.01213,348.5172,0.002643,146.6011,1.079223,79.5354,1.013243,151.6977,2.421642,142.3317,6.365439,211.9838,9.919105,212.6297,18.78591,59.6911,30.327522,52.1537,47.619205,282.6666,0.00257,196.6334,9.186533
1897Q4,211.9994,0.988366,109.4914,0.002639,216.7889,1.443162,190.1067,1.535065,213.4886,2.51645,161.2274,6.014963,219.8366,10.973046,216.583,19.836432,59.4191,28.98141,51.6486,46.325584,277.7913,0.00257,207.1711,10.083472
1898Q1,304.4324,0.988201,233.8669,0.002464,283.7799,1.233892,304.3221,1.715623,281.3174,2.273544,167.0929,4.684104,228.874,10.208798,220.9169,18.953769,57.3472,29.464511,50.3049,46.934867,272.969,0.00257,216.4298,9.205493
1898Q2,33.1557,1.011606,347.1119,0.002617,13.3486,0.639373,55.673,1.539488,351.0885,1.956427,158.0871,4.813403,227.5636,9.037675,219.3634,17.878121,58.7923,30.772404,51.3191,48.123958,268.1997,0.00257,213.8449,8.344812
1898Q3,121.1451,1.012242,110.5663,0.00268,147.0669,0.791963,164.2893,0.958929,56.6144,1.567274,166.2201,6.122968,223.2426,9.770076,217.0878,18.769327,61.8619,30.368984,53.1135,47.508465,263.3245,0.00257,211.1024,9.441379
1898Q4,211.7418,0.988449,245.5929,0.002431,227.3723,1.312951,234.2089,0.29828,102.9805,0.944602,185.3446,6.318723,229.9221,10.974529,220.7774,19.893171,61.7034,29.005526,52.642,46.200479,258.4492,0.00257,219.7752,10.616561
1899Q1,304.1788,0.988123,12.1577,0.002564,294.7557,1.382161,257.4629,0.709615,87.8495,0.749964,197.641,5.078683,239.5328,10.431806,225.2862,19.099696,59.5916,29.429741,51.2783,46.782449,253.6269,0.00257,229.4408,10.003799
1899Q2,32.9183,1.011531,109.651,0.002703,7.819,0.93,0.7991,1.345809,111.3821,1.532716,190.3608,4.483405,239.7561,9.142658,224.0313,17.957128,60.93,30.757035,52.2629,47.984711,248.8576,0.00257,228.5232,8.969472
1899Q3,120.9025,1.012295,235.9584,0.002492,126.154,0.610152,112.5182,1.704192,164.1653,2.165943,191.3338,5.66962,234.6334,9.611081,221.5381,18.754754,64.0268,30.410169,54.0756,47.394419,243.9823,0.00257,224.4174,9.821155
1899Q4,211.4789,0.988439,19.6725,0.00251,233.7715,1.020778,227.1329,1.628195,227.1576,2.400087,209.0027,6.382989,239.9917,10.922593,224.9485,19.944297,63.983,29.032268,53.6384,46.072938,239.1071,0.00257,231.1429,11.191201
1900Q1,303.9184,0.988014,133.9722,0.002716,308.4485,1.349873,339.844,1.230253,296.9441,2.36384,225.9655,5.491821,249.9669,10.617671,229.6082,19.244416,61.8368,29.396703,52.2554,46.62708,234.2848,0.00257,240.7406,10.841327
1900Q2,32.6681,1.011455,234.7079,0.002576,17.3277,1.218623,76.8415,0.575012,6.8706,2.245341,224.9505,4.355686,251.7574,9.264356,228.6624,18.043213,63.0665,30.741068,53.2097,47.842129,229.5155,0.00257,241.2543,9.706155
1900Q3,120.6506,1.012355,17.8989,0.002482,102.7435,0.82757,80.1209,0.464493,71.766,1.968298,219.0532,5.077178,246.1949,9.447668,225.9786,18.741892,66.1864,30.451629,55.0404,47.277707,224.6402,0.00257,236.4684,10.295835
1900Q4,211.2183,0.988517,147.5767,0.002705,220.3556,0.695215,172.5065,1.135984,124.5127,1.337939,233.2252,6.193317,250.1088,10.81868,229.0967,19.989616,66.2581,29.061728,54.6384,45.943127,219.765,0.00257,241.3631,11.785912
1901Q1,303.6615,0.98802,256.689,0.002561,320.7469,1.059323,284.9436,1.590538,133.1258,0.68401,252.9529,5.828,260.2455,10.760479,233.8836,19.386753,64.083,29.365882,53.2367,46.469212,214.9427,0.00257,250.603,11.681988
1901Q2,32.4195,1.011476,7.9709,0.002402,34.5896,1.316782,36.5137,1.726513,129.3622,1.167788,260.1946,4.492128,263.5809,9.396461,233.2535,18.135434,65.2029,30.725035,54.1604,47.696666,210.1734,0.00257,252.2515,10.500682
1901Q3,120.4055,1.012428,145.9883,0.002636,108.7514,1.222113,149.0133,1.424384,177.7113,1.825182,251.0636,4.475687,257.9624,9.286019,230.4071,18.731052,68.3418,30.493352,56.0091,47.158316,205.2981,0.00257,247.2754,10.835352
1901Q4,210.9604,0.988594,267.6656,0.002659,192.5762,0.879745,257.2212,0.810979,241.6983,2.180497,259.0757,5.766011,260.3401,10.664891,233.2221,20.028837,68.5295,29.094161,55.6427,45.811307,200.4228,0.00257,250.5575,12.38402
1902Q1,303.4018,0.987937,31.8004,0.002476,310.34,0.674451,302.5132,0.273468,312.6475,2.348264,279.4874,6.013557,270.4356,10.855514,238.1118,19.5259,66.3314,29.337513,54.2233,46.308915,195.6006,0.00257,259.281,12.503006
1902Q2,32.1765,1.011349,145.5712,0.002606,50.5193,1.080464,347.204,0.851512,21.6218,2.430462,294.0881,4.853299,275.2508,9.532862,237.8011,18.233288,67.3406,30.708927,55.1163,47.548158,190.8313,0.00257,261.7945,11.314796
1902Q3,120.1654,1.012411,268.4963,0.002678,125.2018,1.361004,93.5418,1.464548,85.2258,2.282841,288.4373,4.069792,269.9688,9.132627,234.822,18.722429,70.4939,30.53532,56.9824,47.036194,185.956,0.00257,256.9384,11.413698
1902Q4,210.7016,0.988653,41.6765,0.002408,196.2155,1.255189,207.594,1.708836,140.6989,1.700708,287.8305,5.164846,270.7569,10.46495,237.3243,20.061945,70.7981,29.129561,56.6527,45.677407,181.0807,0.00257,258.8565,12.973614
1903Q1,303.1359,0.987847,168.976,0.00253,281.0178,0.75793,321.8041,1.588456,173.72,0.847759,306.3247,5.99928,280.6046,10.899887,242.293,19.661319,68.5831,29.311481,55.2163,46.145901,176.2584,0.00257,266.9908,13.291023
1903Q2,31.9271,1.011274,267.5558,0.002705,51.9848,0.722895,70.7568,1.12468,155.2173,0.797483,325.7187,5.314156,286.8011,9.668218,242.3039,18.336155,69.4803,30.692661,56.0779,47.396401,171.4891,0.00257,270.1524,12.123102
1903Q3,119.9157,1.012504,33.3764,0.002526,138.9525,1.238138,156.9822,0.412986,193.3415,1.406963,329.0511,4.067035,282.2385,8.994662,239.2209,18.716093,72.6439,30.577568,57.9614,46.911281,166.6139,0.00257,265.5924,12.009857
1903Q4,210.4429,0.98875,176.9464,0.002526,207.4665,1.432887,164.2654,0.590896,257.5003,1.861038,320.9798,4.529236,281.4328,10.22483,241.4036,20.089276,73.0651,29.1675,57.6691,45.54091,161.7386,0.00257,266.3843,13.546196
1904Q1,302.8801,0.987849,292.4907,0.002717,277.5321,1.065108,266.9744,1.235272,328.4744,2.226696,334.1098,5.773005,290.8182,10.89239,246.4285,19.792487,70.8384,29.287602,56.2163,45.979844,156.9163,0.00257,273.9095,14.038148
1904Q2,32.6469,1.011492,45.595,0.002545,27.9628,0.553345,18.3621,1.660321,36.3114,2.511141,355.472,5.719639,298.2904,9.780998,246.7285,18.434069,71.6533,30.686864,57.0677,47.247735,152.094,0.00257,277.5398,12.895746
1904Q3,120.6312,1.012383,189.1184,0.002482,147.7121,0.969213,131.4434,1.687619,98.3525,2.502974,7.6662,4.469829,294.7037,8.881644,243.5862,18.727154,74.8207,30.607119,58.9595,46.767448,147.2188,0.00257,273.3281,12.617599
1904Q4,211.1946,0.988537,317.2081,0.002703,220.4445,1.412596,244.7897,1.303271,155.2642,2.00303,359.1649,4.094263,292.489,9.968735,245.5129,20.121031,75.3122,29.195441,58.6754,45.392945,142.3435,0.00257,273.3049,14.112237
1905Q1,303.6308,0.987979,66.8659,0.00255,286.9317,1.309569,350.2974,0.69361,202.2171,1.123903,3.611,5.390885,301.2567,10.832319,250.5609,19.906032,73.0821,29.278363,57.2172,45.825064,137.5212,0.00257,280.257,14.735328
1905Q2,32.3953,1.011375,178.8644,0.002416,7.897,0.741297,5.8386,0.337396,202.2342,0.536607,23.4806,5.982559,309.7184,9.900282,251.1395,18.545094,73.7988,30.669251,58.0427,47.087757,132.7519,0.00257,284.1708,13.648586
1905Q3,120.3839,1.012358,315.9417,0.002657,141.5234,0.691125,78.7496,1.023197,214.5755,0.937088,41.4179,5.099665,307.5026,8.793893,247.9468,18.7268,76.9692,30.647967,59.9515,46.634542,127.8766,0.00257,280.3727,13.204424
1905Q4,210.936,0.988581,78.6724,0.002643,230.0655,1.217831,189.4026,1.540894,276.2011,1.464207,39.9472,4.050266,303.8873,9.673443,249.5472,20.139223,77.5774,29.235966,59.7056,45.248936,123.0014,0.00257,279.6031,14.634644
1906Q1,303.369,0.987965,204.3652,0.002472,299.1285,1.39606,303.636,1.715374,345.3425,2.0193,34.9538,4.930464,311.74,10.725111,254.6113,20.029502,75.3445,29.256251,58.2315,45.650356,118.1791,0.00257,285.9865,15.391454
1906Q2,32.1427,1.011344,316.3873,0.002619,9.5108,1.051175,54.9912,1.533578,49.7065,2.492306,50.4911,6.033403,321.1246,10.005299,255.5041,18.660343,75.9472,30.649849,59.0241,46.922654,113.4098,0.00257,290.1718,14.362918
1906Q3,120.1369,1.012451,78.3929,0.002663,113.3114,0.6415,163.4602,0.94899,110.2427,2.634516,70.6835,5.714451,320.5384,8.742302,252.2902,18.730325,79.1163,30.686988,60.9495,46.496779,108.5345,0.00257,286.7973,13.773154
1906Q4,210.6774,0.988705,212.6909,0.002393,232.0097,0.879126,231.2467,0.292903,168.259,2.251594,78.0081,4.425175,315.7637,9.365867,253.5631,20.152964,79.8403,29.277023,60.7423,45.100502,103.6593,0.00257,285.4262,15.126052
1907Q1,303.1142,0.987907,338.7653,0.002548,313.1897,1.272441,256.4322,0.720557,223.2866,1.44244,68.6228,4.543384,322.4485,10.569161,258.6224,20.148325,77.6097,29.234711,59.2523,45.470963,98.837,0.00257,291.2717,15.999123
1907Q2,31.9042,1.011309,77.359,0.002711,22.6399,1.291669,0.0858,1.353477,264.0702,0.633612,77.119,5.875368,332.5429,10.091452,259.8233,18.779193,78.0981,30.628444,60.0117,46.752248,94.0677,0.00257,295.6589,15.034786
1907Q3,119.8951,1.012505,205.0657,0.002521,101.6135,0.986574,111.8527,1.706493,254.7979,0.481138,96.9116,6.16283,333.7655,8.731121,256.6175,18.738021,81.2608,30.723639,61.9529,46.353866,89.1924,0.00257,292.7019,14.317884
1907Q4,210.4177,0.988715,348.4145,0.002556,205.8297,0.687325,226.4365,1.624273,298.8415,1.018265,110.7004,5.020008,328.1849,9.059386,257.5639,20.162213,82.0995,29.318445,61.7845,44.947798,84.3171,0.00257,290.8475,15.584184
1908Q1,302.8536,0.987782,102.4555,0.002715,320.7332,0.892056,339.0961,1.221063,2.1348,1.738801,103.8915,4.364285,333.4436,10.36804,262.5973,20.262175,79.8765,29.213529,60.2793,45.286795,79.4949,0.00257,296.187,16.558162
1908Q2,32.6186,1.011428,216.6033,0.002512,42.9722,1.247885,76.3808,0.55681,63.4542,2.390411,104.2082,5.568895,344.1016,10.142695,264.0802,18.888039,80.2766,30.617444,61.0255,46.584311,74.6726,0.00257,300.7378,15.647167
1908Q3,120.6041,1.012333,0.4666,0.00248,116.2593,1.325321,79.1724,0.481358,122.474,2.675423,121.5986,6.374769,347.0856,8.750158,260.9022,18.760504,83.4326,30.747829,62.975,46.191587,69.7973,0.00257,298.1207,14.836346
1908Q4,211.1682,0.988556,126.7385,0.002703,192.2929,1.064335,172.9411,1.152066,181.4917,2.423892,139.0091,5.606165,341.1605,8.781944,261.5947,20.180409,84.3396,29.346311,62.8156,44.781534,64.922,0.00257,295.9478,16.025825
1909Q1,303.6053,0.987999,237.028,0.002543,295.2486,0.646534,285.4891,1.598518,241.6558,1.741872,138.7003,4.446592,344.8923,10.138434,266.5904,20.360549,82.1235,29.204094,61.3038,45.112907,60.0997,0.00257,300.8658,17.069691
1909Q2,32.3693,1.011443,350.688,0.002438,54.0293,0.917867,37.0795,1.724374,301.4422,1.000224,132.2765,5.156945,355.6519,10.182661,268.3194,19.011356,82.4274,30.592331,62.023,46.40412,55.3305,0.00257,305.4627,16.229053
1909Q3,120.3573,1.012418,126.0361,0.00268,132.1915,1.330271,149.5222,1.411889,343.9005,0.45967,145.3556,6.337105,0.5305,8.820249,265.1981,18.774669,85.5699,30.780677,63.988,46.039757,50.4552,0.00257,303.228,15.319311
1909Q4,210.9128,0.988631,249.4301,0.002621,201.2967,1.359912,257.3821,0.792715,336.146,0.621937,164.4207,6.079242,354.7589,8.522202,265.57,20.18133,86.5894,29.387973,63.8682,44.620769,45.5799,0.00257,300.7349,16.413033
1910Q1,303.3471,0.98796,16.7281,0.002466,277.3654,0.893299,298.4966,0.274797,21.1373,1.427319,171.508,4.743013,356.6337,9.868028,270.505,20.463488,84.389,29.183882,62.3414,44.920461,40.7576,0.00257,305.214,17.533336
1910Q2,32.1263,1.011325,126.8904,0.002627,44.9341,0.606528,347.3948,0.869629,76.4804,2.206554,162.4143,4.745064,7.3021,10.193789,272.5189,19.135831,84.5782,30.565729,63.0258,46.219592,35.9883,0.00257,309.9008,16.764588
1910Q3,120.1174,1.012418,247.8693,0.002646,143.6002,1.136395,94.0651,1.476128,134.0126,2.627693,169.4012,6.057289,13.9701,8.928708,269.4804,18.792169,87.7026,30.811618,65.0056,45.883952,31.1131,0.00257,308.0307,15.768448
1910Q4,210.6551,0.988649,23.2935,0.002387,212.9193,1.448393,208.1667,1.710206,194.0745,2.524773,188.4017,6.346931,8.9365,8.312279,269.5371,20.177146,88.833,29.430543,64.926,44.457063,26.2378,0.00257,305.2797,16.762963
1911Q1,303.0861,0.987865,148.9981,0.002567,280.5669,1.18354,322.3549,1.580148,257.9519,2.013023,201.6378,5.151837,8.8364,9.575108,274.3922,20.559349,86.6537,29.165116,63.3851,44.724769,21.4155,0.00257,309.3471,17.948909
1911Q2,31.8776,1.011242,247.2159,0.002712,16.4295,0.595111,71.154,1.108063,324.5918,1.429696,195.1639,4.445232,19.0753,10.17437,276.6811,19.260504,86.7284,30.538067,64.0338,46.031301,16.6462,0.00257,314.1018,17.253603
1911Q3,119.8675,1.012505,16.9134,0.00251,146.968,0.854631,155.4503,0.397881,27.0792,0.913376,194.8612,5.576743,27.3379,9.06955,273.7498,18.812265,89.8303,30.841341,66.0281,45.725023,11.7709,0.00257,312.5797,16.18186
1911Q4,210.3937,0.988727,160.0521,0.002583,223.8672,1.356744,164.0172,0.609493,42.4419,0.511285,212.0805,6.371022,23.6032,8.16821,273.4975,20.167628,91.0703,29.47433,65.9895,44.290847,6.8957,0.00257,309.6202,17.07482
1912Q1,302.8328,0.987856,272.627,0.002711,290.6381,1.363851,267.4404,1.250066,43.0832,1.099877,229.645,5.560777,21.5447,9.272603,278.2552,20.647431,88.917,29.14826,64.435,44.52642,2.0734,0.00257,313.3007,18.316821
1912Q2,32.5971,1.011489,26.9666,0.002483,6.9969,0.876223,18.9158,1.666488,90.4422,1.963698,229.8667,4.358581,31.1212,10.12351,280.801,19.368541,88.9011,30.524299,65.0683,45.848727,357.2511,0.00257,318.1335,17.680663
1912Q3,120.5829,1.012403,171.103,0.002485,131.1275,0.618477,132.0086,1.682639,146.3598,2.494527,223.2065,4.989995,40.6299,9.217977,277.9694,18.841318,91.987,30.861936,67.0719,45.549104,352.3758,0.00257,316.8709,16.554496
1912Q4,211.1434,0.988544,296.309,0.002703,232.9893,1.080759,245.2714,1.289247,207.6064,2.536879,236.6868,6.147764,38.5248,8.100432,277.4836,20.168429,93.2915,29.50441,67.0437,44.11202,347.5006,0.00257,313.788,17.365672
1913Q1,303.585,0.987965,47.5245,0.002538,305.6212,1.372144,350.2579,0.674955,274.4275,2.216847,256.6376,5.865695,34.8184,8.992202,282.1508,20.721125,91.1565,29.142797,65.4826,44.339689,342.6783,0.00257,317.1665,18.642293
1913Q2,32.3492,1.01139,162.2705,0.002462,14.6145,1.176694,3.4321,0.349291,343.7444,1.823117,265.0121,4.532895,43.1946,10.046065,284.8953,19.489906,91.0501,30.496447,66.0889,45.654535,337.909,0.00257,321.9781,18.076108
1913Q3,120.3374,1.012369,296.4591,0.002695,104.1473,0.76263,79.0966,1.040323,49.226,1.39578,255.9295,4.403652,53.7151,9.397906,282.2098,18.864387,94.1066,30.890527,68.1067,45.384835,333.0337,0.00257,321.0323,16.891472
1913Q4,210.8847,0.988594,60.6583,0.002592,225.09,0.732514,189.9521,1.550332,91.1987,0.800337,262.8459,5.69227,53.6711,8.115771,281.4313,20.148021,95.518,29.551242,68.1209,43.941621,328.1585,0.00257,317.8095,17.599153
1914Q1,303.3207,0.987913,188.5894,0.002457,318.9031,1.129036,304.2053,1.715021,73.0506,0.824277,283.1523,6.02644,48.5646,8.717417,285.9701,20.792708,93.4182,29.130319,66.5475,44.136535,323.3362,0.00257,320.8431,18.916052
1914Q2,32.0984,1.011339,297.2527,0.002632,30.953,1.323468,55.5281,1.523197,104.7736,1.65631,298.5847,4.917061,55.4318,9.941016,288.9555,19.608436,93.1999,30.468858,67.1171,45.457554,318.5669,0.00257,325.688,18.424517
1914Q3,120.0894,1.012461,57.7624,0.002635,105.9632,1.164178,163.7373,0.931285,158.5419,2.271677,293.9523,4.044117,66.5939,9.582476,286.4358,18.888637,96.2234,30.91887,69.149,45.21819,313.6916,0.00257,325.0472,17.189307
1914Q4,210.6251,0.988735,193.9261,0.002391,194.3062,0.810187,227.8589,0.284697,220.9714,2.457938,292.0964,5.076509,68.7426,8.215957,285.375,20.121629,97.74,29.600072,69.2064,43.769375,308.8163,0.00257,321.7123,17.792619
1915Q1,303.0617,0.98787,318.9173,0.002595,314.7926,0.719311,256.4708,0.739172,290.0142,2.34267,310.0633,5.982291,62.7991,8.482807,289.7695,20.854625,95.6805,29.120758,67.6217,43.931219,303.9941,0.00257,324.4171,19.142277
1915Q2,31.8598,1.011299,57.5152,0.002712,48.0748,1.139265,0.5759,1.366867,0.0686,2.146755,329.8748,5.379019,67.8392,9.812964,292.9818,19.723081,95.3522,30.441845,68.1544,45.257698,299.2248,0.00257,329.2875,18.725491
1915Q3,119.8479,1.012541,188.9039,0.002496,122.0317,1.359616,112.4216,1.710045,65.4392,1.826656,334.5726,4.104198,79.249,9.761334,290.6458,18.913979,98.3385,30.946728,70.1998,45.04868,294.3495,0.00257,328.9407,17.447315
1915Q4,210.3672,0.988748,331.1319,0.002605,194.2398,1.202808,226.9919,1.617288,116.638,1.194867,325.93,4.45213,83.5352,8.393268,289.3156,20.089394,99.9581,29.650767,70.3013,43.595059,289.4742,0.00257,325.5179,17.945759
1916Q1,302.8004,0.987773,82.5136,0.002699,283.7879,0.712879,339.552,1.205784,115.2195,0.679033,338.0084,5.727804,77.4322,8.305417,293.5495,20.906668,97.9447,29.113925,68.7062,43.723218,284.6519,0.00257,327.9069,19.320964
1916Q2,32.573,1.011393,197.6511,0.002457,53.6491,0.759914,75.8471,0.538774,121.7789,1.312986,359.3693,5.767844,80.5149,9.680363,296.9818,19.817098,97.5267,30.430237,69.2212,45.063951,279.8297,0.00257,332.8323,18.965503
1916Q3,120.5574,1.012361,341.3924,0.002492,138.254,1.261625,78.3384,0.498538,172.2269,1.967814,12.5802,4.549882,91.7927,9.917542,294.7998,18.942277,100.488,30.967943,71.2769,44.862539,274.9544,0.00257,332.699,17.656834
1916Q4,211.1162,0.988563,105.7748,0.002704,206.7193,1.423093,173.3808,1.167978,235.8603,2.278742,4.6942,4.061031,97.8861,8.618295,293.2705,20.068922,102.1688,29.686493,71.3916,43.406307,270.0791,0.00257,329.2289,18.073974
1917Q1,303.5503,0.987992,218.7646,0.002535,277.7015,1.030414,286.0378,1.606265,306.4537,2.367354,7.7496,5.328588,92.2556,8.207535,297.3693,20.947733,100.1856,29.115765,69.7904,43.525029,265.2568,0.00257,331.3832,19.461351
1917Q2,32.3191,1.011389,334.3139,0.002484,32.8432,0.553266,37.6445,1.721932,15.9243,2.370799,27.2043,6.00225,93.2326,9.528343,300.9456,19.923446,99.6849,30.402997,70.2778,44.856458,260.4875,0.00257,336.2704,19.173032
1917Q3,120.3099,1.012446,106.5472,0.002709,146.7593,1.017528,150.0273,1.39921,80.0903,2.170974,45.6448,5.188923,103.9963,10.062252,298.9756,18.968768,102.6028,30.99417,72.3468,44.685895,255.6123,0.00257,336.417,17.833425
1917Q4,210.8584,0.988657,231.7404,0.002562,218.2255,1.429031,257.5142,0.774304,134.7292,1.56502,45.4239,4.079041,111.7386,8.902526,297.2016,20.02686,104.3834,29.738827,72.5069,43.225359,250.737,0.00257,332.891,18.145666
1918Q1,303.2927,0.987963,0.3668,0.002448,284.8173,1.279787,294.5588,0.277852,159.4893,0.762463,39.4178,4.867972,107.2014,8.176419,301.115,20.982121,102.4538,29.111917,70.8959,43.309462,245.9147,0.00257,334.7511,19.547319
1918Q2,32.0747,1.0113,106.9293,0.00264,9.0832,0.694211,347.6052,0.8877,143.5765,0.938486,54.1346,6.02173,106.0924,9.375203,304.878,20.025419,101.8474,30.374822,71.3445,44.644156,241.1454,0.00257,339.6519,19.334124
1918Q3,120.071,1.012438,227.3972,0.002625,143.8029,0.731954,94.5909,1.487449,186.8531,1.578474,74.4209,5.786667,115.9789,10.178438,303.1342,18.997103,104.7176,31.018074,73.4259,44.504458,236.2702,0.00257,340.0736,17.970255
1918Q4,210.6012,0.988691,5.1126,0.002403,228.3274,1.262689,208.7349,1.711346,251.1105,1.996754,82.8213,4.497782,125.0149,9.213616,301.1323,19.980877,106.5952,29.791045,73.6319,43.04055,231.3949,0.00257,336.5089,18.177633
1919Q1,303.0318,0.987847,129.1142,0.002622,296.4849,1.39429,322.9023,1.571544,322.2368,2.285962,73.4072,4.501378,122.0257,8.225667,304.847,21.007618,104.724,29.109086,72.0119,43.089598,226.5726,0.00257,338.0816,19.587409
1919Q2,31.8253,1.011217,227.7082,0.002701,7.8274,0.998749,71.5386,1.091298,30.1877,2.490571,80.7814,5.836521,119.0691,9.229488,308.7817,20.123293,104.0132,30.345044,72.4204,44.426704,221.8033,0.00257,342.9926,19.449771
1919Q3,119.8197,1.012486,1.3269,0.002477,118.1339,0.617636,153.7462,0.383343,92.8979,2.42972,100.3564,6.204713,127.7544,10.262046,307.2778,19.027433,106.8313,31.039381,74.5136,44.318408,216.928,0.00257,343.6881,18.067933
1919Q4,210.3406,0.988768,142.41,0.002619,232.5879,0.942775,163.8239,0.628183,149.3668,1.897628,114.8262,5.104835,137.7173,9.532918,305.0649,19.93156,108.8035,29.842679,74.7661,42.851788,212.0528,0.00257,340.0997,18.170322
1920Q1,302.776,0.987832,252.1267,0.002689,310.4197,1.312967,267.9044,1.264719,192.0075,1.01552,108.8001,4.357794,136.5416,8.349552,308.5685,21.024729,106.9944,29.106831,73.1373,42.865499,207.2305,0.00257,341.3903,19.582516
1920Q2,32.5439,1.011472,8.1064,0.002443,21.4209,1.273857,19.4686,1.672402,180.1006,0.613106,107.9986,5.51252,132.1448,9.115804,312.6805,20.200377,106.1955,30.330011,73.5245,44.215221,202.4082,0.00257,346.3535,19.508673
1920Q3,120.5328,1.012387,151.8286,0.002507,101.9273,0.939604,132.5703,1.677353,205.4677,1.127549,124.9092,6.382547,139.4666,10.316004,311.3685,19.056786,108.9799,31.054383,75.628,44.115191,197.5329,0.00257,347.2507,18.114525
1920Q4,211.093,0.988593,275.3986,0.002707,210.518,0.677708,245.7478,1.275062,268.7936,1.628648,142.677,5.680533,149.9603,9.828931,309.0065,19.896616,111.007,29.876402,75.8953,42.646586,192.6577,0.00257,343.6532,18.137001
1921Q1,303.529,0.987974,29.9355,0.002529,321.6372,0.941042,350.1666,0.656226,338.9771,2.110818,143.4332,4.475322,150.5416,8.528957,312.3401,21.036464,109.2368,29.10919,74.2596,42.649882,187.8354,0.00257,344.7393,19.544458
1921Q2,32.2971,1.011382,146.4957,0.002505,39.5557,1.283207,1.2259,0.362105,44.5091,2.510478,136.3344,5.095163,145.2263,9.006769,316.5399,20.289603,108.3637,30.297149,74.6176,43.988576,183.0661,0.00257,349.6626,19.535584
1921Q3,120.2867,1.012355,276.8918,0.002714,112.9905,1.293008,79.451,1.057363,105.6354,2.594148,148.6647,6.310726,150.8939,10.330911,315.4872,19.090071,111.0897,31.070496,76.732,43.920505,178.1908,0.00257,350.8358,18.134052
1921Q4,210.8369,0.988601,42.5327,0.002525,191.5335,0.993861,190.5032,1.559462,163.2488,2.163166,167.8228,6.130309,161.6507,10.118182,312.9483,19.84181,113.2059,29.926208,77.0467,42.450661,173.3156,0.00257,347.2395,18.051597
1922Q1,303.2671,0.987926,171.5631,0.002441,300.9359,0.642432,304.7711,1.714448,215.6051,1.318492,175.878,4.796985,164.0906,8.760554,316.0505,21.037947,111.5045,29.107655,75.4033,42.418295,168.4933,0.00257,348.0489,19.451022
1922Q2,32.0464,1.011311,276.8347,0.002647,52.8009,0.981693,56.0589,1.512519,242.0777,0.546082,166.8374,4.694152,158.3143,8.92402,320.3805,20.373976,110.5324,30.262926,75.7193,43.757923,163.724,0.00257,352.9788,19.518338
1922Q3,120.037,1.012452,37.3777,0.002618,129.336,1.347031,163.9938,0.913442,234.2096,0.644869,172.8389,6.001955,162.1983,10.309544,319.5965,19.125024,113.1961,31.084159,77.844,43.722361,158.8487,0.00257,354.4326,18.115266
1922Q4,210.5752,0.988709,176.1465,0.002424,199.0259,1.324397,224.2598,0.277912,289.0274,1.194172,191.6903,6.368083,172.9195,10.37392,316.9005,19.784411,115.3987,29.975542,78.207,42.252168,153.9734,0.00257,350.8524,17.927614
1923Q1,303.0116,0.987891,299.6385,0.00265,277.9399,0.839813,256.5454,0.75771,355.4056,1.854252,205.6388,5.214761,177.0815,9.02477,319.7613,21.030938,113.7694,29.107306,76.5565,42.184102,149.1512,0.00257,351.3844,19.31315
1923Q2,31.8084,1.011297,37.9962,0.002689,48.0674,0.645412,1.0653,1.380104,57.6887,2.436045,199.9164,4.422419,171.3671,8.871932,324.2059,20.452712,112.7012,30.228075,76.8299,43.524088,144.3819,0.00257,356.3188,19.456751
1923Q3,119.7962,1.012564,173.0822,0.002458,141.7164,1.177712,112.9887,1.713329,117.3186,2.669989,198.5822,5.501805,173.4211,10.254508,323.6976,19.161307,115.2991,31.095606,78.9643,43.521111,139.5066,0.00257,358.0588,18.058095
1923Q4,210.316,0.988724,313.0721,0.002629,210.5942,1.446546,227.5448,1.609998,175.9371,2.369454,215.3779,6.359049,183.8347,10.588395,320.866,19.72467,117.5843,30.024605,79.3761,42.051734,134.6313,0.00257,354.5109,17.765264
1924Q1,302.7552,0.987777,61.8562,0.002678,278.9884,1.14064,340.0063,1.19041,234.3108,1.634224,233.3716,5.617505,189.524,9.306947,323.4753,21.015117,116.0312,29.108635,77.7199,41.947871,129.8091,0.00257,354.763,19.130469
1924Q2,32.5252,1.011411,178.4509,0.002433,20.0175,0.576959,75.2246,0.520937,289.5171,0.840402,234.7191,4.372808,184.2782,8.86087,328.0504,20.510499,114.8793,30.209541,77.9685,43.298991,124.9868,0.00257,359.7507,19.341419
1924Q3,120.508,1.012377,321.8459,0.002528,147.8398,0.889346,77.6038,0.515976,309.3142,0.375782,227.3886,4.910017,184.6727,10.184378,327.7588,19.191029,117.4352,31.10427,80.1135,43.305811,120.1115,0.00257,1.7171,17.947556
1924Q4,211.0628,0.988544,85.4244,0.002706,223.2808,1.37602,173.8263,1.183727,318.8471,0.764537,240.1124,6.104035,194.5786,10.751909,324.8374,19.67825,119.7681,30.056596,80.5428,41.836156,115.2362,0.00257,358.1977,17.573189
1925Q1,303.504,0.987942,201.9312,0.002519,289.9015,1.349563,286.5914,1.613662,13.6614,1.554657,260.2175,5.904526,201.4669,9.576947,327.2486,20.997581,118.2618,29.11323,78.8801,41.721309,110.414,0.00257,358.2412,18.916314
1925Q2,32.2736,1.011398,318.3814,0.002522,6.636,0.82317,38.2115,1.719273,71.3489,2.286296,269.6542,4.581187,197.1174,8.872376,331.8561,20.577238,117.0463,30.174426,79.0986,43.06013,105.6447,0.00257,3.1897,19.191331
1925Q3,120.261,1.012467,87.0321,0.002714,135.5226,0.638753,150.5292,1.386291,129.4801,2.656807,260.7551,4.341906,195.8281,10.074833,331.8509,19.227519,119.5309,31.113411,81.2529,43.100447,100.7694,0.00257,5.463,17.81285
1925Q4,210.804,0.988673,213.5384,0.002494,231.8316,1.137078,257.6192,0.755848,189.1232,2.495713,266.5498,5.621328,204.9805,10.87311,328.8315,19.612975,121.9416,30.106406,81.733,41.632931,95.8941,0.00257,2.0062,17.332186
1926Q1,303.2438,0.987908,342.2045,0.002441,302.8221,1.38703,290.7604,0.282529,251.6684,1.913806,286.6914,6.037914,212.9586,9.854532,330.9759,20.964498,120.5174,29.118426,80.0662,41.481932,91.0718,0.00257,1.7581,18.643063
1926Q2,32.0325,1.011314,86.4042,0.002659,12.162,1.130643,347.8425,0.905593,316.3748,1.262832,302.8623,4.981888,209.7952,8.916086,335.6542,20.636371,119.214,30.14025,80.2406,42.819304,86.3026,0.00257,6.7047,18.995457
1926Q3,120.0242,1.012483,207.7522,0.002613,106.6374,0.706362,95.1197,1.498559,14.9542,0.721326,299.3013,4.029062,207.0153,9.943881,335.9385,19.263699,121.6247,31.121704,82.4034,42.893117,81.4273,0.00257,9.2973,17.639057
1926Q4,210.5489,0.988727,347.8091,0.002447,228.51,0.783673,209.3056,1.71221,14.5371,0.495247,296.2786,4.992189,215.2153,10.942019,332.844,19.545062,124.109,30.157137,82.9351,41.428865,76.552,0.00257,5.925,17.052072
1927Q1,302.9802,0.987795,109.8573,0.002673,316.6301,1.191526,323.4499,1.562676,33.8576,1.225385,313.6685,5.962157,224.0539,10.113737,334.7136,20.921587,122.7709,29.126663,81.2659,41.241445,71.7297,0.00257,5.3759,18.322998
1927Q2,31.7839,1.011192,208.4633,0.002668,27.3725,1.318983,71.9213,1.074475,84.5422,2.060284,333.8259,5.439671,222.2852,8.988757,339.4461,20.68743,121.3834,30.107063,81.3954,42.576251,66.9604,0.00257,10.3144,18.753072
1927Q3,119.7739,1.012523,345.1674,0.002435,103.5762,1.098572,151.8571,0.369505,141.096,2.554844,339.8247,4.146407,218.2737,9.796229,340.0226,19.299089,123.7164,31.129468,83.5661,42.684009,62.0852,0.00257,13.2424,17.426044
1927Q4,210.2884,0.988787,123.4168,0.002636,197.458,0.749377,163.6819,0.64689,201.8238,2.544616,330.7827,4.380176,225.3442,10.957788,336.8753,19.474313,126.2718,30.209029,84.1508,41.223809,57.2099,0.00257,9.9794,16.732438
1928Q1,302.7214,0.987795,231.3632,0.002669,317.9243,0.779289,268.3759,1.279181,267.5226,2.149399,341.7893,5.678988,234.8234,10.345519,338.4631,20.8689,125.0232,29.137803,82.4803,40.999494,52.3876,0.00257,9.1166,17.955449
1928Q2,32.4993,1.011416,349.5437,0.002434,47.1865,1.17455,20.0266,1.677974,336.8459,1.674259,3.1077,5.808479,234.5066,9.079499,343.275,20.717289,123.56,30.091938,82.5818,42.343362,47.5653,0.00257,14.1008,18.457399
1928Q3,120.4876,1.012437,132.1223,0.002556,120.7902,1.354879,133.1338,1.671866,41.7716,1.209654,17.2486,4.627299,229.6428,9.653368,344.077,19.321462,125.845,31.138172,84.7641,42.461935,42.6901,0.00257,17.3198,17.155862
1928Q4,211.0404,0.988629,255.3187,0.002704,193.9047,1.165342,246.2198,1.260651,76.297,0.661137,10.0969,4.033082,235.5419,10.927746,340.9032,19.414308,128.4414,30.244506,85.37,41.002426,37.8148,0.00257,14.15,16.377395
1929Q1,303.4744,0.987975,13.9747,0.002507,287.0508,0.6866,350.0304,0.637541,60.2016,0.925229,11.8101,5.262982,245.4181,10.528626,342.2723,20.817451,127.2476,29.150192,83.6946,40.765765,32.9925,0.00257,13.0352,17.554842
1929Q2,32.2496,1.011331,130.2127,0.002533,54.0675,0.818792,359.2282,0.37567,98.9872,1.781927,30.8249,6.013157,246.6012,9.193128,347.0598,20.751524,125.7348,30.060613,83.7653,42.094874,28.2232,0.00257,17.9671,18.120235
1929Q3,120.2436,1.012394,256.8238,0.002709,135.7925,1.291514,79.8222,1.074196,153.6871,2.368815,49.7148,5.271101,241.1482,9.488702,348.1539,19.353129,127.9378,31.144715,85.9546,42.247479,23.348,0.00257,21.5624,16.862672
1929Q4,210.7842,0.988639,23.9711,0.002464,204.3767,1.403296,191.0535,1.568394,215.6511,2.500566,50.7433,4.11087,245.6436,10.841921,344.9682,19.338327,130.5995,30.297394,86.6153,40.793233,18.4727,0.00257,18.5594,15.977788
1930Q1,303.2129,0.987911,153.0016,0.002445,276.9886,0.978984,305.3374,1.713586,283.8958,2.305218,43.8571,4.803942,255.76,10.687509,346.0459,20.746562,129.5008,29.165428,84.9403,40.518826,13.6504,0.00257,17.0985,17.090506
1930Q2,31.9966,1.011252,255.9863,0.002672,37.6145,0.564855,56.5879,1.501595,353.8272,2.031542,57.7286,6.002295,258.5076,9.321182,350.8407,20.777058,127.914,30.029422,84.9637,41.842571,8.8811,0.00257,21.9979,17.734309
1930Q3,119.9937,1.012448,18.3091,0.002603,145.5074,1.064415,164.2401,0.895599,59.435,1.667561,78.0789,5.851397,252.8464,9.32486,352.226,19.383606,130.0318,31.149531,87.1591,42.029485,4.0059,0.00257,25.9944,16.530159
1930Q4,210.5225,0.988759,159.7952,0.002474,215.9704,1.440459,220.4665,0.272757,108.1482,1.039996,87.5091,4.570381,255.8317,10.706931,349.0518,19.26105,132.7555,30.34987,87.8755,40.581333,359.1306,0.00257,23.2009,15.540046
1931Q1,302.9559,0.987876,280.5096,0.002693,282.8263,1.246028,256.6433,0.776247,97.3975,0.710253,78.1992,4.461276,265.9852,10.802051,349.8345,20.667231,131.7543,29.182056,86.2019,40.268905,354.3083,0.00257,21.3738,16.577646
1931Q2,31.7559,1.011265,18.4596,0.002646,11.0048,0.651461,1.5576,1.393132,114.4699,1.445691,84.4426,5.792844,270.2465,9.457711,354.6201,20.79414,130.0971,29.998073,86.177,41.586405,349.539,0.00257,26.225,17.299483
1931Q3,119.7505,1.012552,156.6371,0.002418,145.3017,0.776935,113.5584,1.716272,166.3291,2.093489,103.7703,6.240342,264.7707,9.168794,356.2933,19.413084,132.1272,31.152017,88.3774,41.807526,344.6637,0.00257,30.6502,16.159001
1931Q4,210.2654,0.988796,293.5762,0.002641,226.4541,1.302753,228.096,1.602537,229.4396,2.36002,118.8705,5.18828,266.1768,10.526265,353.1549,19.183657,134.9087,30.401093,89.1498,40.366541,339.7885,0.00257,28.1189,15.066132
1932Q1,302.6986,0.987781,40.9182,0.002663,293.9208,1.386992,340.4476,1.174757,299.502,2.369972,113.6983,4.356448,276.1606,10.868884,353.6407,20.580163,134.0073,29.199659,87.4789,40.016009,334.9662,0.00257,25.9044,16.016644
1932Q2,32.4727,1.011393,160.3852,0.002439,7.815,0.96237,74.5043,0.503243,10.1206,2.294886,111.8158,5.45479,281.8444,9.581686,358.4491,20.793993,132.2835,29.982531,87.4212,41.339477,330.1439,0.00257,30.7555,16.814069
1932Q3,120.4606,1.012343,302.6335,0.002584,122.4479,0.610797,76.9618,0.533588,74.789,2.045485,128.2055,6.38593,276.8831,9.033991,0.343,19.427544,134.2589,31.155588,89.6322,41.572314,325.2686,0.00257,35.5894,15.732557
1932Q4,211.0152,0.988578,65.8114,0.002696,233.3992,0.984493,174.2825,1.199252,128.3384,1.422423,146.2833,5.753038,276.82,10.319953,357.2471,19.116408,137.0731,30.434152,90.429,40.133561,320.3934,0.00257,33.3142,14.55629
1933Q1,303.4483,0.987947,186.0393,0.002487,309.4457,1.334107,287.1413,1.620896,143.1868,0.703381,148.1016,4.509599,286.4675,10.881074,357.5051,20.500191,136.2319,29.213715,88.7537,39.769258,315.5711,0.00257,30.7585,15.423905
1933Q2,32.2206,1.01137,301.7884,0.002541,18.3375,1.24088,38.7747,1.716296,134.0702,1.084416,140.4174,5.035463,293.3591,9.71801,2.2328,20.796452,134.4712,29.949306,88.6625,41.075644,310.8018,0.00257,35.4963,16.282724
1933Q3,120.2099,1.012435,66.7999,0.002703,101.7547,0.867005,151.026,1.373109,180.8521,1.739728,151.9584,6.281485,289.3175,8.910969,4.4085,19.455502,136.3539,31.153069,90.8771,41.34348,305.9265,0.00257,40.8302,15.288457
1933Q4,210.7566,0.988681,194.4148,0.002443,216.5612,0.682334,257.7014,0.737408,244.9448,2.119145,171.1692,6.178273,287.68,10.065081,1.3917,19.03973,139.2196,30.482365,91.7317,39.913619,301.0513,0.00257,38.9592,14.015783
1934Q1,303.1897,0.987946,323.1158,0.002461,320.8737,1.017653,287.1262,0.288882,316.0012,2.330147,180.1472,4.853345,296.7413,10.85002,1.3519,20.400559,138.4814,29.231772,90.0606,39.510996,296.229,0.00257,35.9666,14.769226
1934Q2,31.9785,1.011307,65.9089,0.002688,35.9932,1.307875,348.0873,0.923507,24.6743,2.456003,171.2613,4.647192,304.8026,9.846991,6.0228,20.791299,136.6604,29.915562,89.9183,40.808789,291.4597,0.00257,40.5723,15.702725
1934Q3,119.9717,1.012487,189.2835,0.002593,109.8276,1.250318,95.6476,1.509458,87.9915,2.339784,176.2659,5.943837,302.0184,8.816365,8.4739,19.482961,138.4483,31.147825,92.1354,41.111577,286.5844,0.00257,46.4438,14.810339
1934Q4,210.5005,0.988709,331.5791,0.002497,191.5274,0.920976,209.877,1.71274,143.8741,1.774998,194.9347,6.383532,298.9173,9.783423,5.5612,18.964975,141.3609,30.528889,93.0483,39.692026,281.7092,0.00257,45.0814,13.448628
1935Q1,302.9314,0.987826,90.8284,0.002703,306.656,0.657513,323.9966,1.553639,180.8239,0.905571,209.5512,5.275497,307.1549,10.767968,5.2258,20.29503,140.7274,29.250714,91.3831,39.251269,276.8869,0.00257,41.6325,14.070204
1935Q2,31.7321,1.011195,188.6836,0.002621,51.0629,1.044944,72.2868,1.057413,163.1066,0.723143,204.6503,4.402614,316.2103,9.96384,9.8215,20.778737,138.8505,29.881348,91.1888,40.5393,272.1176,0.00257,46.0513,15.074522
1935Q3,119.7219,1.012527,327.692,0.002402,126.3475,1.357493,149.7593,0.35635,197.2037,1.306249,202.3178,5.42278,314.9687,8.756209,12.5419,19.510222,140.5407,31.140025,93.407,40.877416,267.2423,0.00257,52.4995,14.30106
1935Q4,210.2368,0.988743,103.3001,0.002648,196.8284,1.282379,163.584,0.665604,261.1208,1.77893,218.6621,6.338846,310.6062,9.484996,9.7579,18.892474,143.4964,30.574109,94.3794,39.469508,262.3671,0.00257,51.7782,12.860488
1936Q1,302.6753,0.987783,210.9162,0.002658,279.2396,0.787787,268.8569,1.293372,331.8875,2.1867,237.062,5.667865,317.7706,10.636436,9.1296,20.184185,142.9691,29.270622,92.7217,38.990579,257.5448,0.00257,47.8615,13.330006
1936Q2,32.4489,1.011431,332.0295,0.002447,50.6446,0.676002,20.5828,1.68336,39.2212,2.514516,239.5592,4.387402,327.6924,10.048845,13.6881,20.753678,141.0355,29.863027,92.4897,40.282109,252.7225,0.00257,52.0992,14.403411
1936Q3,120.4352,1.012453,112.9377,0.002616,141.1975,1.205071,133.694,1.666047,100.9562,2.539709,231.6486,4.825496,328.0656,8.727252,16.6139,19.520421,142.6659,31.136589,94.718,40.633492,247.8472,0.00257,59.1337,13.74734
1936Q4,210.9858,0.988622,236.229,0.002682,209.8463,1.442686,246.6859,1.246005,158.1438,2.064437,243.5831,6.050152,322.8091,9.197681,13.9439,18.827577,145.6453,30.602471,95.7186,39.230157,242.972,0.00257,59.1134,12.249299
1937Q1,303.4277,0.987944,358.3407,0.002467,278.8791,1.108722,349.8533,0.618929,207.2579,1.194417,263.8304,5.934391,328.7658,10.465374,13.094,20.084407,145.181,29.285274,94.0584,38.737089,238.1497,0.00257,54.7783,12.567567
1937Q2,32.2031,1.011366,112.6094,0.002548,24.3838,0.559206,357.429,0.389993,216.4914,0.520538,274.3289,4.627585,339.1479,10.129321,17.5158,20.727334,143.2244,29.829147,93.7915,40.009584,233.3804,0.00257,58.6636,13.684623
1937Q3,120.1933,1.012427,236.2394,0.002694,147.4904,0.9388,80.1986,1.090973,220.5353,0.830146,265.7545,4.27791,341.3933,8.744683,20.6966,19.545768,144.7543,31.12582,96.0196,40.396658,228.5051,0.00257,66.3497,13.187336
1937Q4,210.7297,0.988652,5.045,0.00243,221.1393,1.400289,191.6058,1.57709,280.5072,1.368068,270.3867,5.539775,335.5697,8.903422,18.1976,18.759309,147.7699,30.646189,97.0818,39.006999,223.6299,0.00257,67.3296,11.6433
1938Q1,303.1641,0.987845,133.5815,0.002481,287.6145,1.326376,305.9064,1.712402,348.8698,1.96189,290.3356,6.039462,339.962,10.24761,17.0648,19.963918,147.4141,29.308041,95.4322,38.475854,218.8076,0.00257,62.5671,11.762265
1938Q2,31.9538,1.011257,235.6845,0.0027,6.809,0.771554,57.1188,1.490509,52.5441,2.475168,307.2397,5.044165,350.6627,10.185096,21.3619,20.69315,145.4137,29.796399,95.1111,39.736038,214.0383,0.00257,65.9559,12.924213
1938Q3,119.9446,1.012474,0.7634,0.002576,139.1451,0.668722,164.4641,0.877591,112.7628,2.651077,304.8799,4.016556,354.8128,8.804292,24.7882,19.569849,146.841,31.114117,97.3378,40.15907,209.163,0.00257,74.3045,12.610203
1938Q4,210.4682,0.988774,143.9305,0.002517,230.4005,1.189178,216.5213,0.269243,171.0026,2.297995,300.703,4.899868,348.9309,8.634453,22.483,18.693751,149.889,30.689937,98.4629,38.784298,204.2877,0.00257,76.5263,11.049431
1939Q1,302.9029,0.987818,261.0169,0.00271,300.0748,1.395084,256.7697,0.79472,227.3254,1.513692,317.4478,5.932915,351.538,9.993821,21.0747,19.83867,149.6431,29.333201,96.8261,38.215001,199.4655,0.00257,71.4437,10.941929
1939Q2,31.7126,1.011242,358.6436,0.002599,9.9864,1.081527,2.0591,1.405877,274.1456,0.703815,337.9292,5.497814,2.2646,10.212532,25.2292,20.65081,147.6037,29.765439,96.4501,39.461813,194.6962,0.00257,74.1427,12.128555
1939Q3,119.7018,1.012606,138.8431,0.002396,110.1687,0.661258,114.1279,1.719006,271.2903,0.41365,345.2672,4.195135,8.2489,8.902998,28.8897,19.591779,148.9273,31.10203,98.6744,39.920645,189.8209,0.00257,83.1273,12.02394
1939Q4,210.2112,0.98883,272.8912,0.002658,230.6587,0.842942,228.6457,1.594761,304.9896,0.921007,335.9737,4.307728,2.8786,8.407811,26.7996,18.630986,152.0036,30.733795,99.8633,38.561893,184.9456,0.00257,86.8591,10.487104
1940Q1,302.6437,0.987761,20.8046,0.002652,314.0837,1.245775,340.8838,1.158916,5.9053,1.669698,345.7966,5.623717,3.5474,9.712406,25.1257,19.708682,151.869,29.361093,98.2416,37.954467,180.1234,0.00257,81.6757,10.127161
1940Q2,32.4285,1.011352,143.9763,0.002458,26.0027,1.310364,73.6948,0.485847,66.2535,2.35544,7.0135,5.8475,14.0982,10.20352,29.1769,20.598962,149.7864,29.751223,97.8237,39.201154,175.3011,0.00257,83.5086,11.318919
1940Q3,120.4152,1.012396,283.7278,0.002642,103.1935,1.054029,76.4133,0.551414,124.9594,2.672461,22.0534,4.712461,21.6499,9.018609,33.0144,19.594126,151.0473,31.097964,100.0572,39.674255,170.4258,0.00257,93.0574,11.429963
1940Q4,210.9619,0.988595,46.7001,0.00266,201.0999,0.718225,174.7408,1.214649,184.1967,2.453703,15.8051,4.014625,17.2675,8.243096,31.1051,18.570781,154.1387,30.763309,101.2794,38.322499,165.5505,0.00257,98.4563,9.963864
1941Q1,303.3943,0.987923,170.1988,0.002443,320.0823,0.823128,287.6941,1.627853,245.2643,1.806685,16.1183,5.196355,16.1017,9.430001,29.2326,19.591159,154.0704,29.382459,99.6595,37.699688,160.7283,0.00257,93.5058,9.355669
1941Q2,32.1737,1.011303,283.5351,0.002551,44.1568,1.223545,39.3406,1.713011,307.1568,1.094912,34.5961,6.024258,25.9427,10.169645,33.0901,20.54021,151.9812,29.723446,99.2051,38.924079,155.959,0.00257,94.1278,10.492207
1941Q3,120.1659,1.012462,45.8473,0.002689,117.5072,1.338539,151.5223,1.359823,357.6079,0.543699,53.8706,5.360337,34.9444,9.175257,37.1394,19.610272,153.1361,31.085319,101.4342,39.433147,151.0837,0.00257,104.0295,10.864789
1941Q4,210.7019,0.988716,175.3858,0.002426,192.3704,1.102687,257.7456,0.718858,348.2758,0.558329,56.1839,4.157225,32.1248,8.141523,35.4815,18.511959,156.2498,30.807583,102.7228,38.099199,146.2084,0.00257,111.4172,9.542638
1942Q1,303.1344,0.987931,304.178,0.002512,291.5695,0.657628,283.6961,0.296683,25.4709,1.353668,48.5095,4.74636,29.0877,9.129253,33.364,19.452568,156.2946,29.414384,101.1213,37.437678,141.3862,0.00257,107.319,8.657354
1942Q2,31.9285,1.011262,45.7764,0.002713,53.7951,0.880816,348.3507,0.941265,79.3168,2.155943,61.4315,5.985535,37.9359,10.102621,37.0273,20.472614,154.1802,29.697117,100.6093,38.6449,136.6169,0.00257,106.3453,9.685558
1942Q3,119.928,1.012507,172.0281,0.002554,133.1687,1.316956,96.1826,1.520054,136.5081,2.60532,81.7652,5.921173,48.0821,9.348342,41.2735,19.622864,155.2284,31.071564,102.8323,39.189518,131.7416,0.00257,116.2263,10.335087
1942Q4,210.4474,0.988775,315.701,0.002534,202.0434,1.377637,210.4459,1.713073,196.7917,2.536225,92.1566,4.654961,47.2095,8.120965,39.8848,18.456404,158.3598,30.850863,104.1877,37.874645,126.8663,0.00257,125.6423,9.238965
1943Q1,302.8764,0.98781,71.1761,0.00271,276.6863,0.925933,324.5393,1.544277,261.3455,2.065352,83.0904,4.43337,42.6058,8.841728,37.5385,19.310763,158.5181,29.447848,102.6069,37.174646,122.0441,0.00257,123.1917,8.102812
1943Q2,31.6823,1.011164,168.3703,0.002578,41.9526,0.587887,72.6433,1.040224,328.8164,1.521661,88.1514,5.753773,50.0908,10.005194,40.9891,20.396558,156.3838,29.671524,102.0363,38.363077,117.2748,0.00257,120.3897,8.940916
1943Q3,119.6783,1.012512,309.3834,0.002398,143.9875,1.109572,147.4731,0.34409,32.5948,1.023178,107.155,6.278877,61.027,9.528983,45.4161,19.632415,157.3237,31.055835,104.2509,38.943142,112.3995,0.00257,129.6573,9.864131
1943Q4,210.1869,0.988798,82.6647,0.002668,213.6831,1.446792,163.5359,0.684349,56.4653,0.552987,122.8028,5.27783,62.3094,8.18504,44.3139,18.404801,160.4686,30.892627,105.674,37.648786,107.5242,0.00257,140.8668,9.079654
1944Q1,302.6188,0.987762,191.3617,0.002645,280.9732,1.208542,269.3355,1.307445,48.7561,1.03007,118.5334,4.367267,56.6317,8.586156,41.756,19.166865,160.7409,29.482044,104.116,36.910325,102.702,0.00257,140.8681,7.760676
1944Q2,32.3974,1.011391,316.0406,0.002466,13.7191,0.624914,21.1397,1.688443,93.4354,1.899807,115.6178,5.402672,62.5307,9.890478,45.034,20.3167,158.5773,29.659499,103.4973,38.093982,97.8797,0.00257,136.3566,8.331569
1944Q3,120.3883,1.012425,94.312,0.002666,146.7809,0.810204,134.2552,1.659951,148.9314,2.453064,131.4343,6.390089,73.8583,9.695382,49.5953,19.623007,159.4518,31.048473,105.7184,38.689087,93.0044,0.00257,144.3381,9.4849
1944Q4,210.9378,0.988672,217.4273,0.002636,225.9586,1.327235,247.1492,1.231272,210.4122,2.528681,149.7589,5.825743,77.1668,8.317079,48.7275,18.352408,162.6034,30.919328,107.1794,37.404121,88.1291,0.00257,156.744,9.064741
1945Q1,303.3711,0.987962,341.7506,0.002422,293.1005,1.378054,349.6099,0.600288,277.7476,2.252782,152.6022,4.550629,71.0601,8.39366,46.0167,19.03863,162.9428,29.505242,105.6265,36.649209,83.3069,0.00257,159.5112,7.675532
1945Q2,32.1511,1.011342,93.6601,0.00256,6.7417,0.908623,355.7978,0.404928,347.3639,1.901232,144.4407,4.980978,75.008,9.750242,49.0479,20.227196,160.7871,29.633553,104.9684,37.807366,78.5376,0.00257,153.9397,7.895483
1945Q3,120.1454,1.012416,215.4417,0.002684,127.606,0.611096,80.5855,1.107565,53.0184,1.496362,155.1734,6.250749,86.3694,9.864489,53.7595,19.627306,161.5517,31.02845,107.1783,38.437947,73.6623,0.00257,159.6998,9.217947
1945Q4,210.6846,0.988674,346.4211,0.002429,232.8962,1.046141,192.1631,1.585464,98.0146,0.885543,174.3968,6.221714,91.7137,8.527135,53.2048,18.309521,164.7097,30.95689,108.7085,37.175806,68.787,0.00257,172.5203,9.222115
1946Q1,303.1115,0.98788,114.5976,0.002544,306.6161,1.360872,306.4727,1.711028,81.2644,0.774786,184.2391,4.909867,85.8166,8.250557,50.3201,18.893869,165.1626,29.539281,107.1821,36.382948,63.9648,0.00257,178.1084,7.879532
1946Q2,31.9019,1.011227,216.0284,0.002715,15.487,1.20191,57.643,1.479099,108.1347,1.581315,175.6073,4.603676,87.6428,9.596827,53.0906,20.131393,162.9993,29.607409,106.4621,37.518879,59.1955,0.00257,172.4834,7.709219
1946Q3,119.8953,1.012459,343.9217,0.002526,102.5536,0.798509,164.6688,0.859512,161.2664,2.210932,179.6254,5.882296,98.645,10.014063,57.9337,19.629482,163.6528,31.005722,108.6584,38.184949,54.3202,0.00257,175.4338,9.089317
1946Q4,210.4208,0.98875,127.4054,0.002545,221.9324,0.709099,212.5082,0.267453,223.9267,2.4275,198.0911,6.391802,105.7636,8.790345,57.7052,18.27272,166.8129,30.992073,110.2588,36.947293,49.4449,0.00257,187.7478,9.516222
1947Q1,302.8535,0.987843,240.9002,0.002708,319.365,1.090588,256.9271,0.813103,293.3441,2.35738,213.3361,5.331329,100.7258,8.183033,54.6702,18.750624,167.3791,29.573237,108.7614,36.116818,44.6226,0.00257,195.5353,8.33298
1947Q2,31.6598,1.011227,338.5632,0.002565,32.3653,1.321162,2.5581,1.41848,3.3791,2.204678,209.3064,4.384257,100.4232,9.438761,57.1646,20.030263,165.2127,29.581167,107.9785,37.229382,39.8534,0.00257,190.9242,7.802127
1947Q3,119.6511,1.012607,120.1171,0.00241,106.8657,1.197655,114.6973,1.721425,68.5915,1.91048,206.0292,5.339705,110.6938,10.13738,62.1196,19.629594,165.7547,30.980594,110.1594,37.930703,34.9781,0.00257,191.014,9.115172
1947Q4,210.161,0.988815,252.114,0.002683,192.5444,0.848849,229.1954,1.586724,120.8984,1.281781,221.9067,6.309847,119.2509,9.087812,62.2271,18.242551,168.9126,31.024673,111.8303,36.718996,30.1028,0.00257,202.0365,9.920175
1948Q1,302.5979,0.987776,2.1118,0.002634,311.7394,0.69214,341.3178,1.143012,125.6643,0.678206,240.691,5.710572,115.5948,8.195704,59.0686,18.61009,169.5911,29.607225,110.3647,35.851614,25.2805,0.00257,211.1878,8.971791
1948Q2,32.3783,1.011381,128.5042,0.002473,50.5843,1.085055,72.7621,0.468707,125.9177,1.23072,244.3474,4.401866,113.3807,9.301092,61.3255,19.93253,167.4089,29.566753,109.5281,36.955116,20.4583,0.00257,208.1375,8.15863
1948Q3,120.3652,1.012404,264.7719,0.002683,125.1897,1.361356,75.935,0.569412,175.2103,1.889046,235.9636,4.737618,122.6573,10.230388,66.3583,19.614032,167.8839,30.965481,111.7115,37.672369,15.583,0.00257,205.9827,9.314005
1948Q4,210.9102,0.988589,27.6866,0.002604,196.2793,1.251378,175.2066,1.229861,239.0158,2.225693,247.0778,5.986871,132.2173,9.384661,66.7378,18.209328,171.0383,31.043782,113.4245,36.473954,10.7077,0.00257,215.2946,10.408257
1949Q1,303.3478,0.98789,153.2775,0.002404,281.4275,0.753971,288.2513,1.634497,309.8169,2.358466,267.4485,5.95571,130.1529,8.284111,63.5011,18.487775,171.7824,29.628413,111.9699,35.590409,5.8855,0.00257,224.9771,9.712141
1949Q2,32.1262,1.011321,263.6967,0.002569,52.3294,0.727164,39.9057,1.70952,19.0457,2.405887,278.9973,4.672834,126.3658,9.159776,65.4671,19.823446,169.6219,29.540592,111.0919,36.665365,1.1162,0.00257,223.6197,8.714763
1949Q3,120.115,1.012461,25.0372,0.002679,138.9973,1.241083,152.0124,1.346232,82.9297,2.235759,270.8934,4.214146,134.2987,10.292335,70.5738,19.611387,169.9847,30.936647,113.2563,37.41795,356.2409,0.00257,219.8342,9.634997
1949Q4,210.648,0.988721,157.6959,0.002439,207.4986,1.431881,257.7577,0.700273,138.0949,1.643611,274.3255,5.450319,144.5964,9.697526,71.3044,18.192452,173.13,31.072844,115.042,36.248294,351.3656,0.00257,227.1837,10.952494
1950Q1,303.0841,0.98788,285.6876,0.002578,277.6661,1.060971,280.5065,0.305814,167.8134,0.80911,294.0455,6.033059,144.4079,8.439718,67.9967,18.35479,173.9853,29.663052,113.6245,35.328585,346.5433,0.00257,236.9351,10.527428
1950Q2,31.8831,1.011277,26.0323,0.002717,29.1804,0.55219,348.6349,0.958901,149.8202,0.857557,311.6551,5.104818,139.4175,9.038538,69.6478,19.710803,171.8342,29.515681,112.6818,36.376693,341.7741,0.00257,237.1194,9.409973
1950Q3,119.8773,1.012539,155.3771,0.002498,146.7448,0.987809,96.7161,1.530473,190.3576,1.483418,310.5923,4.010193,145.7737,10.319587,74.8059,19.606824,172.0854,30.906843,114.8251,37.164114,336.8988,0.00257,232.4467,10.067646
1950Q4,210.3942,0.988801,298.817,0.002552,218.9453,1.419674,211.016,1.713096,254.5511,1.922426,305.3158,4.804609,156.466,9.995027,75.8909,18.183006,175.2173,31.100486,116.6838,36.024705,332.0235,0.00257,237.8861,11.528412
1951Q1,302.8238,0.987781,50.5229,0.002705,285.4325,1.298982,325.0815,1.534672,325.6205,2.253911,321.3342,5.897573,158.166,8.652091,72.5447,18.227288,176.1825,29.699016,115.3072,35.069721,327.2012,0.00257,247.3465,11.360634
1951Q2,31.6378,1.011159,148.4188,0.002554,7.5943,0.722429,72.9912,1.022966,33.1574,2.502121,342.0881,5.55464,152.4965,8.94387,73.8697,19.594755,174.0464,29.492582,114.2996,36.089278,322.432,0.00257,248.7748,10.184934
1951Q3,119.629,1.012552,291.0706,0.002429,141.9148,0.706116,144.9534,0.332754,95.5547,2.474137,350.7505,4.252552,157.1122,10.312446,79.0552,19.600259,174.1863,30.876315,116.4191,36.911077,317.5567,0.00257,243.7829,10.580977
1951Q4,210.1339,0.988802,62.0873,0.002696,228.7646,1.236639,163.5214,0.703091,152.3263,1.963984,341.3842,4.240597,167.885,10.265492,80.4971,18.180925,177.3007,31.127332,118.3515,35.803629,312.6814,0.00257,247.5051,12.117745
1952Q1,302.5645,0.987735,173.0285,0.002614,297.3946,1.396856,269.8207,1.321308,197.6621,1.083232,349.9265,5.565936,171.3708,8.905841,77.1453,18.105686,178.3752,29.736669,117.0197,34.813822,307.8591,0.00257,256.4716,12.184762
1952Q2,32.3504,1.011346,300.9039,0.002476,9.608,1.046919,21.6991,1.693229,191.9906,0.563949,10.9662,5.885462,165.5162,8.892515,78.1804,19.487641,176.2384,29.481267,115.954,35.819063,303.0369,0.00257,258.819,10.984832
1952Q3,120.3393,1.012465,75.381,0.002694,113.8998,0.639325,134.8134,1.653638,210.2965,1.020867,26.8328,4.803691,168.4443,10.285207,83.3747,19.580875,176.3121,30.859611,118.0714,36.657448,298.1616,0.00257,253.8788,11.160395
1952Q4,210.8824,0.988681,198.0607,0.002576,232.3035,0.883977,247.6047,1.216246,272.7694,1.537307,21.6138,4.007844,179.0303,10.491084,85.1018,18.17147,179.4149,31.144609,120.0513,35.566981,293.2863,0.00257,256.2467,12.720661
1953Q1,303.3165,0.987954,323.9233,0.002395,313.2074,1.275714,349.3102,0.581748,342.4314,2.060036,20.5334,5.131259,183.9973,9.170589,81.7677,18.001351,180.5531,29.761394,118.7393,34.561015,288.4641,0.00257,264.6251,12.974602
1953Q2,32.1016,1.011308,73.7312,0.002585,22.6192,1.289715,354.3385,0.420394,47.3576,2.50106,38.3934,6.0337,178.4954,8.860403,82.4868,19.366217,178.4526,29.462034,117.6319,35.533985,283.6948,0.00257,267.6128,11.798068
1953Q3,120.0986,1.012461,194.9621,0.002677,101.7648,0.981124,80.9824,1.124013,108.1739,2.618554,57.979,5.450578,179.6063,10.217562,87.664,19.569499,178.4166,30.829256,119.7214,36.405992,278.8195,0.00257,262.9219,11.75273
1953Q4,210.6294,0.988707,329.155,0.002449,206.4933,0.685744,192.7157,1.593639,166.0171,2.215391,61.5583,4.213233,189.7542,10.684959,89.7445,18.181431,181.4957,31.170735,121.7765,35.349825,273.9442,0.00257,264.0722,13.30053
1954Q1,303.0578,0.987863,96.4661,0.002609,320.9852,0.897719,307.0389,1.709337,219.9291,1.389951,53.2359,4.692951,196.1291,9.459092,86.4661,17.891697,182.7413,29.802129,120.5156,34.309828,269.122,0.00257,271.8355,13.738556
1954Q2,31.852,1.011195,196.349,0.002709,40.8594,1.264336,58.1644,1.467485,255.0086,0.58987,65.1475,5.965863,191.3692,8.862685,86.8371,19.241828,180.67,29.444903,119.3422,35.2495,264.3527,0.00257,275.3579,12.596599
1954Q3,119.8493,1.012468,326.7859,0.002465,114.2101,1.31213,164.854,0.84141,244.5322,0.548186,85.4126,5.987771,190.7438,10.122645,91.9707,19.554656,180.5249,30.798271,121.4002,36.154412,259.4774,0.00257,271.0358,12.354945
1954Q4,210.3657,0.988787,109.5834,0.002557,191.2728,1.034575,208.4423,0.267477,294.2449,1.09448,96.7112,4.742344,200.2232,10.831086,94.3993,18.197388,183.5762,31.195819,123.5308,35.134231,254.6021,0.00257,271.193,13.861404
1955Q1,302.798,0.9878,220.1531,0.002701,296.9604,0.643271,257.1002,0.831429,359.0713,1.788992,88.0154,4.409927,207.7788,9.745289,91.2105,17.789301,184.9282,29.843922,122.3248,34.060745,249.7799,0.00257,278.3424,14.460536
1955Q2,31.6091,1.011194,318.8979,0.002547,52.9016,0.944596,3.0619,1.430846,60.4949,2.407688,91.8864,5.710992,204.0968,8.898058,91.2304,19.11522,182.8906,29.429282,121.0849,34.965484,245.0106,0.00257,282.2597,13.367412
1955Q3,119.6038,1.012599,101.8307,0.002458,130.385,1.337193,115.2672,1.723542,119.8037,2.674542,110.5333,6.31139,201.8977,10.004606,96.2942,19.53616,182.6376,30.766373,123.1081,35.90252,240.1353,0.00257,278.3595,12.953179
1955Q4,210.1088,0.988871,232.0073,0.002708,199.7372,1.345763,229.7414,1.578481,178.629,2.405845,126.6919,5.364834,210.5036,10.926078,99.0616,18.218856,185.6572,31.219059,125.3141,34.919681,235.26,0.00257,277.7164,14.397821
1956Q1,302.5418,0.987762,344.3964,0.002592,276.9011,0.872192,341.7392,1.126825,238.0016,1.701625,123.3808,4.381103,219.0098,10.017371,95.9968,17.695021,187.1139,29.886057,124.1666,33.813716,230.4378,0.00257,284.2728,15.137094
1956Q2,32.3283,1.011366,112.8998,0.002477,45.4672,0.609323,71.7118,0.451901,296.3904,0.929375,119.4842,5.346538,216.5745,8.962394,95.7,19.002004,185.0911,29.422112,122.8641,34.697743,225.6155,0.00257,288.4819,14.088068
1956Q3,120.318,1.012398,245.3639,0.002699,143.6831,1.140054,75.531,0.587509,330.1721,0.409714,134.6976,6.386567,213.137,9.88446,100.6915,19.508073,184.7744,30.748075,124.8775,35.650649,220.7402,0.00257,284.9669,13.54348
1956Q4,210.862,0.988631,8.2976,0.002549,212.9543,1.448505,175.6792,1.24484,327.8563,0.679552,153.2473,5.893329,220.7754,10.971095,103.7241,18.229296,187.7736,31.232995,127.1338,34.68873,215.8649,0.00257,283.7701,14.923334
1957Q1,303.2925,0.987891,134.861,0.002391,280.6563,1.179978,288.8045,1.640941,17.742,1.481588,157.1298,4.593042,229.9499,10.249651,100.7816,17.615929,189.2909,29.912154,126.0158,33.567221,211.0427,0.00257,289.8041,15.764275
1957Q2,32.0761,1.011282,243.4208,0.002604,16.9679,0.592715,40.4694,1.705704,74.1744,2.241441,148.5823,4.923467,228.9374,9.050885,100.1729,18.873611,187.3178,29.407419,124.6708,34.414576,206.2734,0.00257,294.157,14.782238
1957Q3,120.0664,1.012444,5.2148,0.00267,147.2069,0.85882,152.4983,1.332473,131.9691,2.641954,158.4664,6.212197,224.4295,9.733638,105.0454,19.483808,186.8944,30.712924,126.6431,35.39869,201.3981,0.00257,291.0702,14.104126
1957Q4,210.6006,0.988721,141.5021,0.002462,223.921,1.359196,257.7391,0.681752,191.8305,2.514644,177.6841,6.259548,230.8609,10.962832,108.3954,18.261474,189.8552,31.251792,128.9749,34.477144,196.5228,0.00257,289.3512,15.399399
1958Q1,303.0315,0.987897,267.4285,0.002637,290.6677,1.362236,277.5638,0.316226,255.1115,1.971852,188.3895,4.966858,240.5668,10.467099,105.6379,17.539265,191.4741,29.95334,127.9222,33.324673,191.7006,0.00257,294.8624,16.34674
1958Q2,31.8323,1.011246,6.3106,0.002698,6.0996,0.85512,348.9278,0.976435,320.9649,1.357267,180.1164,4.560319,241.1023,9.160785,104.686,18.745851,189.5463,29.39307,126.5099,34.132781,186.9313,0.00257,299.3805,15.432549
1958Q3,119.8281,1.012551,138.2124,0.002438,132.3773,0.624573,97.2528,1.540629,22.1029,0.828125,183.1144,5.814536,235.8602,9.574425,109.413,19.456597,189.0177,30.675933,128.4376,35.147193,182.056,0.00257,296.7079,14.637759
1958Q4,210.3457,0.988795,280.1027,0.002562,231.9447,1.104553,211.587,1.712809,30.4908,0.493559,201.3434,6.394562,240.9429,10.901751,113.064,18.299187,191.9361,31.267533,130.8437,34.267551,177.1807,0.00257,294.5708,15.841154
1959Q1,302.7759,0.987811,29.4621,0.0027,303.806,1.379974,325.6235,1.524906,38.8807,1.15237,217.2008,5.387603,250.9711,10.646251,110.5234,17.473713,193.6539,29.993672,129.8605,33.085677,172.3585,0.00257,299.5926,16.880294
1959Q2,31.5881,1.01116,129.6902,0.002543,12.8886,1.158259,73.3241,1.005523,87.4747,2.001017,214.1324,4.370508,253.0744,9.286603,109.2383,18.619745,191.7761,29.378989,128.3816,33.85291,167.5892,0.00257,304.2328,16.037189
1959Q3,119.5809,1.012568,273.2442,0.002487,104.4062,0.737092,142.2223,0.322475,143.6372,2.520575,209.9227,5.253374,247.4684,9.412477,113.7925,19.426826,191.1437,30.636671,130.2606,34.896605,162.7139,0.00257,301.957,15.140483
1959Q4,210.0835,0.988784,42.0133,0.002715,226.1075,0.752931,163.5458,0.721796,204.5921,2.543832,225.2698,6.2763,251.084,10.789302,117.7269,18.342665,194.0153,31.280152,132.7402,34.060806,157.8386,0.00257,299.4842,16.246607
1960Q1,302.5191,0.987716,155.6406,0.002561,317.3244,1.157364,270.3146,1.334881,270.8711,2.191975,244.4052,5.753846,261.2307,10.781784,115.4339,17.420074,195.8298,30.033129,131.8309,32.850938,153.0164,0.00257,304.0481,17.364869
1960Q2,32.3029,1.011346,285.1057,0.002473,30.9167,1.323449,22.2593,1.697784,340.6521,1.759247,249.2546,4.424259,264.8406,9.408878,113.8479,18.513023,193.9804,29.370095,130.2865,33.591351,148.1941,0.00257,308.7988,16.579707
1960Q3,120.2912,1.01247,55.4534,0.002702,106.0008,1.159654,135.3729,1.647022,45.9902,1.31527,240.4975,4.651993,259.2402,9.264749,118.2462,19.394349,193.2864,30.611568,132.1455,34.650522,143.3188,0.00257,306.8307,15.60852
1960Q4,210.8296,0.988685,178.1628,0.002527,194.7127,0.80529,248.0557,1.201071,85.2236,0.737543,250.7025,5.921367,261.4379,10.641106,122.3962,18.374474,196.1288,31.285467,134.6771,33.840511,138.4435,0.00257,304.1463,16.632754
1961Q1,303.2689,0.987916,305.5101,0.002401,315.3078,0.723273,348.9541,0.563336,67.2086,0.864756,271.1406,5.977801,271.5189,10.860629,120.3209,17.379511,197.9989,30.055048,133.8086,32.617167,133.6213,0.00257,308.3402,17.803514
1961Q2,32.0561,1.011326,53.5014,0.002629,48.1044,1.143475,353.0424,0.436335,102.1725,1.710782,283.7029,4.726343,276.5024,9.546128,118.4715,18.394044,196.209,29.356117,132.2235,33.31769,128.852,0.00257,313.0935,17.089895
1961Q3,120.051,1.012489,175.4823,0.002661,122.0169,1.359284,81.3872,1.140303,156.3461,2.315644,276.2202,4.160685,271.2831,9.113302,122.6506,19.362399,195.414,30.569181,134.0273,34.404917,123.9767,0.00257,311.4807,16.039478
1961Q4,210.5771,0.988743,313.5581,0.002472,194.3213,1.198566,193.2733,1.601566,218.5382,2.479112,278.3975,5.362593,271.8869,10.436797,127.0461,18.429039,198.2034,31.293235,136.6311,33.641618,119.1015,0.00257,308.5736,16.961876
1962Q1,303.0076,0.987817,78.3927,0.002656,284.2734,0.709504,307.6067,1.707352,287.217,2.328387,297.8008,6.027505,281.695,10.899597,125.268,17.350494,200.1657,30.093214,135.8446,32.392926,114.2792,0.00257,312.3683,18.191201
1962Q2,31.8092,1.011194,176.1364,0.002683,53.2108,0.783726,58.6872,1.455702,357.2521,2.097759,316.0349,5.171513,288.0462,9.681643,123.1323,18.280252,198.4361,29.343348,134.1955,33.048554,109.5099,0.00257,317.175,17.551946
1962Q3,119.8029,1.012491,308.9814,0.002413,136.6286,1.27348,165.0178,0.823213,62.7838,1.758559,316.3215,4.018854,283.5908,8.978144,127.0668,19.329375,197.5421,30.525746,135.9394,34.162619,104.6346,0.00257,315.9005,16.432591
1962Q4,210.3147,0.98881,90.3656,0.002569,205.1488,1.415467,204.4251,0.26927,113.0727,1.128347,310.0339,4.71639,282.6037,10.192667,131.685,18.489267,200.2746,31.299044,138.6142,33.447921,99.7594,0.00257,312.814,17.251182
1963Q1,302.7447,0.987757,199.2114,0.0027,276.746,1.010661,257.2986,0.849695,107.3992,0.687599,325.2247,5.863833,291.9224,10.886304,130.2278,17.335361,202.3267,30.131555,137.9149,32.175411,94.9371,0.00257,316.2323,18.52997
1963Q2,31.5644,1.011155,300.7335,0.002536,34.0787,0.556743,3.5716,1.442941,118.2458,1.365412,346.1621,5.613685,299.5079,9.81044,127.8294,18.172707,200.6614,29.33226,136.2035,32.784633,90.1678,0.00257,321.0785,17.965664
1963Q3,119.5562,1.012632,84.627,0.00252,145.6611,1.035665,115.8377,1.725411,169.2065,2.02114,356.0599,4.320494,296.1698,8.866861,131.4963,19.295725,199.6709,30.482172,137.8835,33.924346,85.2925,0.00257,320.126,16.786539
1963Q4,210.0563,0.988899,212.384,0.002718,216.71,1.434046,230.2877,1.569952,232.5156,2.315745,346.8045,4.185557,293.6645,9.916912,136.3123,18.554519,202.3433,31.303502,140.6278,33.259645,80.4173,0.00257,316.8956,17.500455
1964Q1,302.4861,0.98776,326.818,0.002529,283.3692,1.267607,342.152,1.110496,302.8423,2.370392,354.0179,5.510816,302.2637,10.820938,135.1962,17.334213,204.4824,30.170541,140.0206,31.965015,75.595,0.00257,319.9581,18.820301
1964Q2,32.2801,1.011326,96.3405,0.002472,9.4617,0.690396,70.5308,0.435447,13.2982,2.339032,14.8051,5.922083,310.9686,9.911731,132.5647,18.088465,202.8587,29.325944,138.2459,32.541296,70.7727,0.00257,324.864,18.316741
1964Q3,120.2716,1.012442,225.1736,0.0027,144.1764,0.735716,75.1954,0.605726,77.727,2.117713,31.3874,4.896974,308.9334,8.784154,136.0009,19.265676,201.8121,30.455688,139.8949,33.694879,65.8974,0.00257,324.1463,17.095057
1964Q4,210.8093,0.988657,348.4606,0.002511,228.404,1.266086,176.1543,1.259664,131.9613,1.50462,27.2637,4.012965,305.1687,9.635929,140.9583,18.607883,204.4477,31.304973,142.6901,33.060622,61.0222,0.00257,320.8352,17.726583
1965Q1,303.2386,0.987889,116.0338,0.002417,296.5054,1.393727,289.3606,1.647134,152.6879,0.733849,24.8784,5.069745,312.8996,10.707538,140.1282,17.341583,206.6365,30.193371,142.1384,31.755621,56.1999,0.00257,323.6262,19.069776
1965Q2,32.0261,1.011234,223.6121,0.002651,7.9444,0.994402,41.0318,1.701603,139.2134,1.001105,42.0707,6.039761,322.3832,10.01496,137.3282,17.994784,205.0828,29.319238,140.3303,32.288143,51.4306,0.00257,328.4952,18.635357
1965Q3,120.0205,1.012455,346.4438,0.002646,118.7671,0.616538,152.9811,1.318546,184.1109,1.650024,61.8969,5.536841,322.0055,8.737326,140.4577,19.231559,203.9445,30.413225,141.9073,33.465041,46.5553,0.00257,328.074,17.36882
1965Q4,210.5462,0.988748,126.0885,0.002478,232.8201,0.947715,257.674,0.66315,248.2829,2.052131,66.6805,4.274192,317.1163,9.327576,145.5645,18.681566,206.5144,31.308515,144.769,32.883558,41.6801,0.00257,324.668,17.895443
1966Q1,302.9762,0.98788,248.9333,0.002672,310.4281,1.315593,274.8593,0.327755,319.3933,2.306986,57.8688,4.643594,323.6463,10.546046,145.1034,17.366075,208.7862,30.23453,144.3186,31.558961,36.8578,0.00257,327.1372,19.266395
1966Q2,31.7795,1.011209,346.0846,0.002669,19.4222,1.260902,349.2333,0.993903,27.6957,2.476938,68.759,5.942358,333.8134,10.098989,142.1236,17.908792,207.3078,29.31514,142.4546,32.040431,32.0885,0.00257,332.024,18.907283
1966Q3,119.7805,1.01255,119.902,0.002398,101.0991,0.907616,97.7914,1.550505,90.7008,2.392228,88.9219,6.047146,335.2616,8.731259,144.9286,19.196375,206.081,30.371543,143.9553,33.238928,27.2132,0.00257,331.8895,17.603199
1966Q4,210.2915,0.988854,260.0548,0.002583,212.5474,0.676695,212.1547,1.712303,146.9448,1.846372,101.0515,4.827326,329.6143,9.022271,150.1559,18.75761,208.5823,31.311085,146.8806,32.711317,22.338,0.00257,328.4108,18.025125
1967Q1,302.7196,0.987803,8.9161,0.002699,320.7584,0.9748,326.1602,1.514805,187.3021,0.967757,92.8303,4.389925,334.6877,10.340035,150.0728,17.403217,210.934,30.276337,146.5357,31.369146,17.5157,0.00257,330.5716,19.417029
1967Q2,31.5356,1.01115,112.3584,0.002529,37.3727,1.295271,73.6415,0.987928,172.2335,0.655928,95.5479,5.664279,345.2905,10.15991,146.9477,17.830727,209.5346,29.313373,144.619,31.797938,12.7464,0.00257,335.4705,19.133364
1967Q3,119.5328,1.012555,255.9822,0.002549,110.9686,1.275316,139.2728,0.313323,201.3128,1.203409,113.8206,6.335503,348.6409,8.767774,149.4112,19.159656,208.2228,30.32993,146.0383,33.016002,7.8711,0.00257,335.616,17.798832
1967Q4,210.0328,0.988829,22.3999,0.002712,190.8039,0.962546,163.6057,0.740492,264.8425,1.692663,130.4457,5.445604,342.7074,8.735526,154.7297,18.835148,210.652,31.31208,149.0237,32.543746,2.9959,0.00257,332.0846,18.115952
1968Q1,302.463,0.987705,138.1696,0.002494,302.7559,0.647053,270.806,1.348343,335.3347,2.141748,128.1186,4.3965,346.0847,10.095281,155.0305,17.452296,213.0804,30.318327,148.789,31.186051,358.1736,0.00257,333.9469,19.522417
1968Q2,32.2507,1.011322,267.5457,0.002469,52.9254,0.986605,22.8182,1.70207,42.1285,2.513267,123.3214,5.286925,356.9551,10.184882,151.7811,17.775267,211.7368,29.313167,146.8151,31.574675,353.3513,0.00257,338.8943,19.301429
1968Q3,120.2406,1.012437,34.6805,0.002701,129.3385,1.348282,135.9286,1.640104,103.5376,2.572278,137.9163,6.374957,2.0577,8.830851,153.9584,19.130789,210.3758,30.304849,148.1884,32.803431,348.4761,0.00257,339.243,17.945582
1968Q4,210.7803,0.988703,158.6196,0.002502,199.0719,1.321438,248.5024,1.185757,160.9731,2.122639,156.6702,5.953721,356.3452,8.493486,159.3293,18.899984,212.7612,31.311736,151.2196,32.365899,343.6008,0.00257,335.6865,18.182504
1969Q1,303.2128,0.987928,287.2568,0.002443,278.2311,0.83548,348.5149,0.544975,211.9928,1.265855,161.5784,4.635079,357.9858,9.833363,159.9392,17.502037,215.2338,30.342703,151.0545,31.001099,338.7785,0.00257,337.3309,19.593298
1969Q2,32.0032,1.011308,33.6784,0.002676,48.5187,0.648815,351.8748,0.452732,231.076,0.527164,152.7454,4.864403,8.6219,10.193064,156.6441,17.713241,213.9682,29.313702,149.0562,31.342414,334.0092,0.00257,342.2349,19.438375
1969Q3,119.9988,1.01249,157.1714,0.002625,141.7857,1.181106,81.7969,1.156483,227.5374,0.725012,161.7653,6.16683,15.4949,8.944149,158.4571,19.09258,212.5271,30.262431,150.3391,32.587974,329.134,0.00257,342.8566,18.063046
1969Q4,210.5285,0.988743,298.4983,0.002482,210.6308,1.446275,193.8321,1.609165,285.0447,1.270598,180.9574,6.290325,10.5897,8.291265,163.865,18.979033,214.8352,31.30909,153.4242,32.208054,324.2587,0.00257,339.2751,18.195597
1970Q1,302.956,0.987849,59.3902,0.00268,279.0891,1.136893,308.173,1.705159,352.4242,1.901228,192.4979,5.02277,10.2492,9.539133,164.8586,17.571804,217.3791,30.383444,153.3764,30.831349,319.4364,0.00257,340.6372,19.610263
1970Q2,31.7581,1.011186,155.51,0.002654,20.9619,0.568992,59.2032,1.443615,55.3728,2.453587,184.6859,4.518757,20.4121,10.170391,161.5214,17.660411,216.2012,29.315238,151.3348,31.116152,314.6671,0.00257,345.5474,19.530852
1970Q3,119.752,1.012502,290.6991,0.002391,147.1252,0.908222,165.1533,0.804924,115.2741,2.663402,186.6547,5.742062,28.8488,9.088871,162.9614,19.053236,214.6833,30.218957,152.522,32.376354,309.7919,0.00257,346.4416,18.142206
1970Q4,210.265,0.988771,70.1219,0.002597,221.8149,1.38627,200.4995,0.27276,173.7206,2.340798,204.6125,6.391764,25.3052,8.156714,168.376,19.057735,216.9104,31.303638,155.6562,32.055527,304.9166,0.00257,342.8509,18.170061
1971Q1,302.6977,0.987758,178.8659,0.002696,288.3307,1.341668,257.523,0.867811,231.2163,1.58351,221.0494,5.443029,23.0198,9.236921,169.749,17.651715,219.5225,30.422934,155.73,30.669273,300.0943,0.00257,343.9342,19.582737
1971Q2,31.5145,1.011149,284.2772,0.002516,5.9469,0.802599,4.0819,1.454871,282.8251,0.783149,219.0029,4.362357,32.3448,10.116552,166.4072,17.617216,218.4351,29.31729,153.6494,30.896429,295.325,0.00257,348.8482,19.579035
1971Q3,119.5053,1.012646,67.7224,0.002575,136.4646,0.649057,116.4082,1.726994,291.9129,0.377052,213.9045,5.166589,42.0641,9.256285,167.4691,19.013374,216.8435,30.174331,154.7359,32.169317,290.4498,0.00257,350.0164,18.182798
1971Q4,210.0025,0.988879,192.5985,0.002704,230.6635,1.158989,230.8313,1.561134,311.9691,0.826377,228.666,6.239498,40.3307,8.101676,172.861,19.135602,218.9867,31.295265,157.9146,31.908681,285.5745,0.00257,346.4307,18.105867
1972Q1,302.4394,0.987738,308.8068,0.002464,301.0372,1.391979,342.5635,1.094055,9.7729,1.598985,248.1069,5.79661,36.3209,8.942277,174.6053,17.741155,221.6635,30.460889,158.1133,30.515424,280.7522,0.00257,347.2375,19.510638
1972Q2,32.2327,1.011348,78.3113,0.002473,12.2157,1.126805,69.2035,0.419451,69.0552,2.316699,254.1364,4.454048,44.5619,10.036315,171.2672,17.595048,220.6423,29.31694,155.9861,30.696806,275.93,0.00257,352.201,19.572012
1972Q3,120.2228,1.012476,204.2447,0.002702,107.1048,0.702603,74.9176,0.624055,127.4472,2.665243,245.1305,4.571793,55.1766,9.421445,172.023,18.986644,219.0084,30.145293,157.0117,31.976613,271.0547,0.00257,353.5758,18.17106
1972Q4,210.7558,0.988671,329.064,0.002497,228.939,0.787957,176.6354,1.274336,186.8956,2.479927,254.3619,5.85506,55.3902,8.124972,177.3739,19.202754,221.1008,31.2868,160.2249,31.75464,266.1794,0.00257,350.0005,18.014014
1973Q1,303.1919,0.987837,98.1705,0.002474,316.6778,1.195869,289.9208,1.652986,248.7845,1.868954,274.8038,5.998867,50.1501,8.688528,179.4056,17.825299,223.8136,30.480236,160.5042,30.359907,261.3571,0.00257,350.6061,19.406137
1973Q2,31.9832,1.011244,204.1707,0.002692,27.3364,1.318194,41.5983,1.697288,312.363,1.189527,288.3109,4.78515,56.8117,9.928531,176.1517,17.57179,222.8754,29.319307,158.368,30.492203,256.5879,0.00257,355.527,19.531476
1973Q3,119.9738,1.012476,328.2173,0.002597,103.6471,1.093518,153.4604,1.304402,8.1319,0.640446,281.5816,4.117575,68.02,9.605942,176.529,18.948097,221.1735,30.098443,159.2845,31.781267,251.7126,0.00257,357.185,18.13318
1973Q4,210.4931,0.988768,110.4855,0.002482,197.9735,0.745456,257.5665,0.644569,2.4215,0.5129,282.4917,5.276438,70.4271,8.235074,181.8042,19.279462,223.1768,31.273242,162.5328,31.621661,246.8373,0.00257,353.6396,17.870622
1974Q1,302.9249,0.987814,229.5717,0.002684,318.329,0.784143,272.3999,0.34024,30.0362,1.279631,301.5088,6.019907,64.4273,8.460049,184.185,17.931793,225.948,30.515432,162.943,30.224522,242.015,0.00257,353.9668,19.243846
1974Q2,31.7368,1.011188,325.3268,0.002644,45.2608,1.1965,349.5592,1.011141,82.1913,2.101969,320.2912,5.238476,69.229,9.798207,181.0295,17.559931,225.1063,29.322454,160.7825,30.296842,237.2458,0.00257,358.888,19.44542
1974Q3,119.7334,1.012584,101.2665,0.002394,118.7592,1.348448,98.3334,1.560166,139.0274,2.578382,321.9324,4.037272,80.6381,9.783386,181.0332,18.91106,223.3401,30.051263,161.586,31.593031,232.3705,0.00257,0.8361,18.055555
1974Q4,210.2387,0.988894,239.8376,0.002619,192.5978,1.139368,212.7246,1.711508,199.5391,2.543577,314.763,4.63245,85.1631,8.420404,186.2054,19.354945,225.252,31.257415,164.8637,31.49646,227.4952,0.00257,357.3361,17.687457
1975Q1,302.6654,0.987774,349.258,0.002691,288.1841,0.673681,326.696,1.504459,264.7157,2.114923,329.0651,5.82687,79.0861,8.290525,188.9191,18.046472,228.0776,30.549548,165.407,30.099801,222.673,0.00257,357.3813,19.035258
1975Q2,31.4922,1.011117,96.113,0.002499,53.3485,0.844265,73.9532,0.970279,332.8367,1.611124,350.1256,5.668265,81.8134,9.651777,185.8965,17.560032,227.3344,29.327007,163.2291,30.111631,217.9037,0.00257,2.299,19.313078
1975Q3,119.4879,1.012605,238.8132,0.002596,134.0916,1.301757,136.1231,0.305498,37.4852,1.131345,1.1781,4.391553,93.0253,9.94481,185.5351,18.87597,225.5084,30.004259,163.916,31.412377,213.0284,0.00257,4.546,17.93798
1975Q4,209.9817,0.988862,2.6471,0.002689,202.8043,1.393213,163.6962,0.759158,68.4188,0.611664,352.2087,4.136816,99.4499,8.666604,190.5773,19.429109,227.3263,31.239773,167.2165,31.379633,208.1531,0.00257,1.1093,17.464202
1976Q1,302.4088,0.987694,119.7014,0.002436,276.1904,0.958427,271.3033,1.3616,54.8727,0.962931,358.0793,5.452104,93.9799,8.193127,193.6066,18.168863,230.2024,30.583254,167.8954,29.986378,203.3309,0.00257,0.8657,18.779651
1976Q2,32.2044,1.011258,248.5213,0.002481,38.2493,0.566264,23.3804,1.706023,96.4892,1.833119,18.5692,5.951461,94.6373,9.5118,190.7112,17.578272,229.5348,29.328248,165.6906,29.948168,198.5086,0.00257,5.831,19.126081
1976Q3,120.1963,1.012463,13.7971,0.002703,145.6202,1.068447,136.4865,1.633002,151.5343,2.406984,35.8031,4.987039,105.3131,10.078689,190.0649,18.859255,227.6749,29.97418,166.3034,31.251042,193.6333,0.00257,8.3226,17.763894
1976Q4,210.7271,0.988726,140.2608,0.002498,216.0056,1.441211,248.9412,1.170226,213.262,2.515261,32.8393,4.023386,113.2219,8.939141,194.9826,19.497423,229.4361,31.22665,169.6229,31.260333,188.7581,0.00257,4.9371,17.207403
1977Q1,303.1576,0.98792,269.6709,0.002507,282.892,1.242949,347.9984,0.526751,281.0964,2.284626,29.2313,5.005438,108.8449,8.17922,198.2477,18.281684,232.3406,30.600983,170.3917,29.871756,183.9358,0.00257,4.4719,18.491184
1977Q2,31.9529,1.011251,14.3534,0.002706,11.434,0.648075,350.8393,0.469456,350.9152,1.976135,45.7223,6.037876,107.5028,9.358806,195.5465,17.601291,231.7592,29.336657,168.1996,29.784023,179.1665,0.00257,9.3913,18.900548
1977Q3,119.9549,1.012509,139.3317,0.002568,145.6236,0.780965,82.2195,1.172417,56.6055,1.593902,65.7543,5.616392,117.2635,10.190961,194.5589,18.830195,229.8467,29.929409,168.6897,31.087349,174.2912,0.00257,12.2081,17.565067
1977Q4,210.4756,0.9888,282.3714,0.00248,226.5215,1.305845,194.3902,1.616578,103.9498,0.972683,71.713,4.336841,126.4237,9.251563,199.3023,19.569784,231.5108,31.208121,172.0206,31.161409,169.416,0.00257,8.9215,16.902687
1978Q1,302.9012,0.987851,39.245,0.002688,293.9433,1.386029,308.7382,1.702661,90.1505,0.733846,62.5554,4.593683,123.6341,8.237259,202.8468,18.416604,234.4599,30.635477,172.928,29.780722,164.5937,0.00257,8.1486,18.141124
1978Q2,31.7065,1.011159,135.0461,0.002635,6.641,0.940964,59.7155,1.431288,111.6061,1.50458,72.3953,5.911444,120.4852,9.214381,200.3628,17.636151,233.9829,29.347799,170.7391,29.630904,159.8244,0.00257,13.0524,18.627574
1978Q3,119.7078,1.012494,272.5137,0.002405,123.9529,0.608398,165.2697,0.786645,164.0262,2.146311,92.4284,6.099216,129.0123,10.270323,199.0512,18.803787,232.023,29.8861,171.1035,30.931574,154.9491,0.00257,16.2104,17.326575
1978Q4,210.2138,0.988826,49.7765,0.002641,232.6412,1.010535,196.7207,0.277999,226.9104,2.391814,105.3547,4.911375,139.0568,9.570448,203.5967,19.639641,233.5876,31.188808,174.4383,31.070793,150.0739,0.00257,13.0503,16.558787
1979Q1,302.6417,0.987741,159.6505,0.002676,307.611,1.346979,257.7587,0.885918,296.69,2.366442,97.7194,4.372011,138.1002,8.369176,207.3995,18.556255,236.5776,30.670246,175.4851,29.700811,145.2516,0.00257,11.9562,17.743652
1979Q2,31.4618,1.011116,268.5126,0.002478,16.4442,1.225392,4.5936,1.466588,6.6703,2.257851,99.2822,5.612132,133.55,9.086668,205.157,17.682027,236.2069,29.361355,173.3071,29.488489,140.4823,0.00257,16.8361,18.307343
1979Q3,119.4578,1.012607,50.0481,0.002611,101.3211,0.836607,116.9792,1.728239,71.6714,1.990859,117.1472,6.353171,140.5816,10.314758,203.5408,18.779952,234.2044,29.844025,173.5431,30.783605,135.607,0.00257,20.3549,17.04897
1979Q4,209.9532,0.988923,172.3355,0.002673,218.3825,0.691317,231.3746,1.552152,124.8702,1.367722,134.2115,5.524472,151.1571,9.879274,207.8674,19.706311,235.6678,31.168578,176.8743,30.988066,130.7318,0.00257,17.3532,16.176652
1980Q1,302.3826,0.987742,290.294,0.002419,319.6478,1.050188,342.9595,1.07738,135.9488,0.690362,132.9164,4.415934,152.1047,8.563016,211.906,18.699181,238.695,30.704867,178.0605,29.631551,125.9095,0.00257,15.9227,17.299066
1980Q2,32.1791,1.011337,58.9861,0.002497,35.9561,1.309233,67.7104,0.403897,130.3483,1.147769,127.2712,5.225131,146.6445,8.997387,209.884,17.738608,238.4089,29.369117,175.8796,29.3656,121.0872,0.00257,20.8325,17.935759
1980Q3,120.1725,1.012455,183.3292,0.002707,109.8275,1.246827,74.6906,0.642444,178.2725,1.806666,141.2028,6.358382,152.1105,10.332196,208.0413,18.775519,236.3835,29.818133,176.0321,30.656344,116.212,0.00257,24.6759,16.715036
1980Q4,210.709,0.988703,311.376,0.002497,191.7907,0.915539,177.1238,1.288726,242.2131,2.168125,160.1275,6.012167,162.875,10.151692,212.1773,19.769458,237.7865,31.154684,179.3618,30.903827,111.3367,0.00257,21.816,15.759178
1981Q1,303.1371,0.98787,81.2879,0.002538,307.2984,0.659343,290.4773,1.658674,313.1682,2.34422,166.0579,4.682282,165.5203,8.792023,216.3817,18.827003,240.8339,30.723499,180.6393,29.558443,106.5144,0.00257,20.1064,16.823135
1981Q2,31.9298,1.01123,184.6141,0.002713,51.1435,1.049665,42.1586,1.692653,22.1313,2.435386,157.0431,4.807783,159.7255,8.919076,214.6243,17.8028,240.6362,29.385673,178.4954,29.243791,101.7451,0.00257,24.9448,17.521829
1981Q3,119.9219,1.012457,310.031,0.002532,126.3405,1.358136,153.9307,1.290016,85.7319,2.296175,165.1441,6.118854,163.3984,10.307724,212.5183,18.756364,238.576,29.777223,178.5157,30.524053,96.8699,0.00257,29.2001,16.361083
1981Q4,210.4457,0.988746,93.7502,0.002477,196.8855,1.278911,257.4198,0.626046,141.3433,1.719952,184.2649,6.320226,174.0926,10.403769,216.4006,19.828851,239.8743,31.13166,181.8273,30.836815,91.9946,0.00257,26.5806,15.302861
1982Q1,302.8737,0.987836,209.072,0.002689,279.5922,0.783676,270.1836,0.353644,175.4069,0.862838,196.6058,5.083915,178.4386,9.059757,220.7978,18.972738,242.9524,30.756516,183.2423,29.50983,87.1723,0.00257,24.4963,16.284718
1982Q2,31.6836,1.011171,304.9479,0.002628,50.7237,0.696137,349.8896,1.028351,156.9122,0.779753,189.3565,4.484898,172.7634,8.871289,219.332,17.875538,242.8647,29.403181,181.1302,29.132777,82.403,0.00257,29.2718,17.06027
1982Q3,119.6801,1.012585,83.681,0.002425,139.691,1.219229,98.874,1.569602,194.0449,1.384958,190.2739,5.670904,174.6066,10.249519,216.9877,18.739403,240.774,29.73649,181.0174,30.399801,77.5278,0.00257,33.9687,15.970184
1982Q4,210.1879,0.988862,220.0487,0.002665,208.2856,1.438717,213.2939,1.710368,258.0885,1.843618,207.9017,6.38923,184.9646,10.613319,220.6006,19.88316,241.9663,31.106405,184.303,30.777346,72.6525,0.00257,31.6493,14.81256
1983Q1,302.6181,0.987796,330.2983,0.002659,277.7338,1.090742,327.2331,1.493955,329.018,2.217416,224.8596,5.50254,190.812,9.342894,225.1662,19.117865,245.0709,30.787657,185.8528,29.471639,67.8302,0.00257,29.1695,15.699815
1983Q2,31.4405,1.011139,80.2411,0.002457,25.5403,0.555338,74.2435,0.952454,36.093,2.508755,223.8713,4.365105,185.7161,8.856253,224.0035,17.955981,245.0937,29.421201,183.7803,29.032882,63.061,0.00257,33.8564,16.550798
1983Q3,119.4355,1.012628,220.8122,0.002621,146.6049,0.957608,132.7645,0.299007,98.1823,2.514001,217.9467,5.085413,185.7766,10.161106,221.4482,18.724391,242.9775,29.695535,183.5342,30.283653,58.1857,0.00257,39.0275,15.543552
1983Q4,209.9289,0.988842,342.2013,0.002658,219.6508,1.408476,163.8123,0.777796,155.2314,2.027474,232.0552,6.203899,195.5569,10.775328,224.7768,19.931749,244.0621,31.078344,186.7853,30.725468,53.3104,0.00257,37.0838,14.290872
1984Q1,302.3636,0.987674,100.6396,0.002408,286.093,1.316757,271.8085,1.37455,202.8961,1.152782,251.7321,5.84125,202.6815,9.628105,229.4863,19.261391,247.1886,30.816559,188.4668,29.444179,48.4881,0.00257,34.1872,15.068924
1984Q2,32.1566,1.011282,229.1506,0.002519,7.092,0.767323,23.943,1.709787,205.3595,0.532252,258.8928,4.493263,198.469,8.878253,228.5973,18.038507,247.3022,29.429458,186.4172,28.951059,43.6659,0.00257,38.8245,15.993816
1984Q3,120.1449,1.012473,353.3925,0.002707,139.6247,0.671721,137.0405,1.625584,215.6655,0.913685,249.7732,4.500979,197.0006,10.063217,225.8956,18.72764,245.173,29.667885,186.0835,30.190646,38.7906,0.00257,44.4625,15.064822
1984Q4,210.6721,0.988712,123.3708,0.002495,230.4968,1.193084,249.3726,1.154485,276.9154,1.442767,257.9801,5.791117,206.0522,10.885541,228.9876,19.980086,246.1925,31.057396,189.3094,30.675507,33.9153,0.00257,42.9039,13.735672
1985Q1,303.1098,0.98786,252.7196,0.002567,300.089,1.395283,347.4082,0.508727,345.9334,2.005226,278.3611,6.019763,214.1387,9.886853,233.7892,19.386835,249.3304,30.829425,191.0758,29.412266,29.0931,0.00257,39.6311,14.408378
1985Q2,31.9079,1.01127,354.8654,0.002714,10.0577,1.077478,349.9354,0.486486,50.2037,2.487256,292.724,4.847899,211.1263,8.9244,233.1894,18.130826,249.5309,29.447135,189.0859,28.874105,24.3238,0.00257,44.093,15.389348
1985Q3,119.9041,1.01254,120.9385,0.002502,110.7195,0.658363,82.6452,1.188264,110.7035,2.638564,286.8411,4.085965,208.1931,9.929089,230.3272,18.716543,247.3832,29.625689,188.6196,30.092962,19.4485,0.00257,50.2851,14.571402
1985Q4,210.4207,0.988823,264.459,0.002478,231.0002,0.847707,194.9491,1.623715,168.774,2.264482,286.5216,5.194417,216.2734,10.947478,233.1145,20.018387,248.2925,31.024356,191.7969,30.641107,14.5732,0.00257,49.3065,13.159814
1986Q1,302.8503,0.987803,18.468,0.002694,314.1125,1.249419,309.3048,1.699853,224.079,1.461559,305.0968,6.010292,225.1962,10.142301,238.0163,19.525407,251.4453,30.853963,193.6883,29.407221,9.751,0.00257,45.5781,13.689437
1986Q2,31.664,1.011167,115.3136,0.002623,23.8766,1.302833,60.2296,1.418834,266.2799,0.650117,324.3439,5.303542,223.596,8.999015,237.7364,18.228991,251.757,29.464933,191.7586,28.810172,4.9817,0.00257,49.812,14.736885
1986Q3,119.6593,1.012545,255.2109,0.002445,101.8459,1.022367,165.3532,0.768289,257.8709,0.464794,327.3036,4.063882,219.4651,9.778869,234.7436,18.707921,249.5959,29.583327,191.1619,30.005356,0.1064,0.00257,56.5953,14.04791
1986Q4,210.16,0.988845,30.0712,0.002685,202.684,0.701376,193.1246,0.284795,299.9099,0.995861,319.409,4.554079,226.3978,10.956041,237.2169,20.050885,250.3935,30.988644,194.2824,30.615945,355.2312,0.00257,56.3453,12.566527
1987Q1,302.5885,0.987691,141.1575,0.002633,319.9698,0.855109,258.0143,0.903892,2.7906,1.721257,332.7854,5.78702,235.9374,10.369457,242.1952,19.660557,253.5567,30.876377,196.2945,29.414432,350.4089,0.00257,52.1606,12.931264
1987Q2,31.419,1.011074,252.0988,0.002432,42.1119,1.242289,5.1132,1.477992,63.3053,2.375194,353.9139,5.716784,235.8646,9.09763,242.2368,18.332612,253.9797,29.483232,194.4325,28.7599,345.6396,0.00257,56.0768,14.037471
1987Q3,119.4108,1.012652,31.1392,0.002629,115.4532,1.327942,117.5506,1.729281,122.2914,2.674569,6.0277,4.462928,230.8563,9.618271,239.143,18.702266,251.81,29.541302,193.708,29.928685,340.7643,0.00257,63.4838,13.49775
1987Q4,209.8989,0.988931,151.7651,0.002644,191.2221,1.074089,231.915,1.542853,181.3287,2.438303,357.4928,4.094245,236.4886,10.911873,241.2956,20.078201,252.4951,30.951111,196.7646,30.600708,335.8891,0.00257,64.1448,11.964411
1988Q1,302.3282,0.987715,271.6577,0.002409,293.1141,0.65029,343.3482,1.060572,241.6442,1.767639,2.0414,5.390658,246.4337,10.561358,246.3278,19.792126,255.6645,30.897313,198.8927,29.434261,331.0668,0.00257,59.5305,12.140107
1988Q2,32.1332,1.011288,39.3885,0.002549,53.9911,0.885752,66.0637,0.388945,302.5613,1.022416,22.2045,5.972889,247.8809,9.205228,246.6595,18.431786,256.1816,29.490592,197.0786,28.727618,326.2445,0.00257,63.0883,13.300323
1988Q3,120.1278,1.012514,163.2628,0.002705,133.1826,1.318969,74.5237,0.66086,347.0594,0.476615,40.0225,5.071285,242.3842,9.46759,243.5086,18.714556,254.0086,29.512741,196.272,29.879297,321.3693,0.00257,71.1264,12.911038
1988Q4,210.6547,0.988741,295.4864,0.002492,202.0815,1.3754,177.612,1.302983,338.4912,0.605155,38.2438,4.038151,246.7135,10.82643,245.405,20.110703,254.6268,30.924435,199.2824,30.592214,316.494,0.00257,72.8052,11.352498
1989Q1,303.0832,0.98786,64.3126,0.002589,276.9058,0.921468,291.0358,1.664061,21.9438,1.40825,33.5297,4.939527,256.8482,10.700379,250.4587,19.906515,257.7981,30.905137,201.4817,29.450509,311.6717,0.00257,67.854,11.338217
1989Q2,31.8819,1.011183,164.5916,0.00271,42.5212,0.590164,42.7206,1.687735,77.0002,2.193304,49.2974,6.027981,259.7755,9.333611,251.0689,18.544548,258.3981,29.511287,199.7486,28.705341,306.9024,0.00257,70.8301,12.517782
1989Q3,119.8792,1.012482,291.4863,0.002473,144.0811,1.113365,154.4009,1.275555,134.4591,2.622786,69.4979,5.688166,254.115,9.303226,247.8711,18.715873,256.2251,29.473346,198.8209,29.826077,302.0272,0.00257,79.5126,12.325079
1989Q4,210.392,0.988789,75.282,0.00248,213.717,1.447165,257.2128,0.607523,194.5386,2.529216,76.5896,4.400169,256.9229,10.684834,249.4406,20.129785,256.7301,30.885676,201.7548,30.598128,297.1519,0.00257,82.5726,10.771925
1990Q1,302.8192,0.987799,187.9818,0.002699,281.0498,1.205189,268.1791,0.367795,258.5274,2.026568,67.2297,4.544413,267.071,10.808756,254.5084,20.031062,259.9009,30.925189,204.0606,29.495779,292.3296,0.00257,77.4152,10.516597
1990Q2,31.6343,1.011119,285.9182,0.002613,14.204,0.611524,350.2339,1.045377,325.3505,1.450719,76.0056,5.874415,271.5059,9.470122,255.4331,18.661699,260.6121,29.533987,202.4139,28.697391,287.5603,0.00257,79.567,11.703261
1990Q3,119.6364,1.012579,67.3348,0.00247,146.4012,0.828703,99.4204,1.578702,28.2287,0.93778,95.8832,6.1441,266.0759,9.147555,252.2178,18.721282,258.4443,29.436115,201.3694,29.784521,282.6851,0.00257,88.8349,11.733469
1990Q4,210.1355,0.988928,200.5172,0.002702,224.5328,1.340705,213.8615,1.709042,45.8137,0.518171,109.5572,4.993662,267.2974,10.498303,253.4599,20.144557,258.8364,30.846751,204.2208,30.613919,277.8098,0.00257,93.5453,10.23334
1991Q1,302.5614,0.987778,311.6135,0.002604,291.4631,1.373144,327.7636,1.483123,44.2528,1.081045,102.5993,4.357752,277.2522,10.869221,258.5207,20.151008,262.0027,30.94485,206.6269,29.553095,272.9875,0.00257,88.4839,9.714478
1991Q2,31.3897,1.011112,63.6405,0.002414,5.7389,0.887355,74.5194,0.934536,90.4395,1.939128,103.0293,5.557088,283.1012,9.609084,259.7542,18.782457,262.8246,29.558708,205.0721,28.70333,268.2183,0.00257,89.5237,10.870568
1991Q3,119.3903,1.012618,201.3021,0.002635,128.9863,0.614295,129.2668,0.293989,146.1907,2.482161,120.4546,6.365395,278.2923,9.007674,256.5503,18.730649,260.6678,29.401093,203.9161,29.754084,263.343,0.00257,99.2283,11.148905
1991Q4,209.8805,0.988911,321.3511,0.002634,231.9385,1.070751,163.9619,0.796337,207.3721,2.538707,137.9116,5.600956,277.91,10.27169,257.466,20.154664,260.947,30.807382,206.6786,30.638839,258.4677,0.00257,105.8278,9.764348
1992Q1,302.3074,0.987676,82.394,0.002417,304.796,1.370459,272.3104,1.387378,274.19,2.230431,137.6633,4.440754,287.4563,10.879592,262.4987,20.265618,264.1044,30.963867,209.1783,29.621845,253.6455,0.00257,101.3639,8.971027
1992Q2,32.1062,1.011247,210.0605,0.002577,15.5136,1.198593,24.5046,1.713235,344.3486,1.840229,131.2508,5.164242,294.6144,9.728534,264.0144,18.892761,265.0234,29.57163,207.6929,28.72375,248.8232,0.00257,101.0276,10.056082
1992Q3,120.0983,1.012441,333.6417,0.002697,102.8911,0.79367,137.5942,1.617907,49.9578,1.418294,144.4769,6.338406,290.7022,8.893182,260.8411,18.754473,262.8761,29.378237,206.4675,29.750694,243.9479,0.00257,110.9363,10.584374
1992Q4,210.6261,0.988737,107.7037,0.002482,222.5117,0.7119,249.8015,1.138705,92.8478,0.820223,163.5288,6.068181,288.8855,10.027857,261.5026,20.17338,263.0881,30.780973,209.1662,30.672171,239.0726,0.00257,119.4629,9.378225
1993Q1,303.0547,0.987878,235.5698,0.002606,319.4528,1.095724,346.7099,0.490885,74.9095,0.810048,170.4464,4.733452,297.8668,10.83767,266.4959,20.364593,266.2388,30.972018,211.7198,29.684937,234.2504,0.00257,116.2007,8.341284
1993Q2,31.8556,1.011229,334.5458,0.002705,32.3213,1.321631,349.1271,0.503805,105.4515,1.637434,161.3534,4.755074,306.0606,9.856214,268.2575,19.01731,267.2367,29.599279,210.3289,28.755288,229.4811,0.00257,114.1912,9.26953
1993Q3,119.8546,1.012526,101.8047,0.002452,106.8884,1.193408,83.078,1.203897,159.0362,2.258161,168.5098,6.068844,303.4442,8.801908,265.144,18.769758,265.1087,29.346247,209.0009,29.741656,224.6058,0.00257,123.7838,10.074448
1993Q4,210.374,0.98883,245.3144,0.002493,192.9009,0.843686,195.5119,1.630522,221.4618,2.452623,187.522,6.346046,300.1797,9.74326,265.4849,20.174478,265.2081,30.740514,211.6012,30.715052,219.7306,0.00257,134.2472,9.142188
1994Q1,302.7989,0.987849,357.6965,0.002706,312.3025,0.695406,309.8702,1.696857,290.5399,2.346958,200.6105,5.144912,308.3081,10.749427,270.4154,20.467547,268.3433,30.989382,214.2363,29.774838,214.9083,0.00257,133.0963,7.888278
1994Q2,31.6117,1.011156,96.7678,0.002601,48.9046,1.110421,60.7354,1.406058,0.6059,2.159334,194.0039,4.455495,317.4748,9.971141,272.4616,19.142535,269.4501,29.627814,212.9488,28.799426,210.139,0.00257,129.269,8.575127
1994Q3,119.6102,1.012549,239.072,0.002491,123.2224,1.360767,165.408,0.74989,66.0162,1.845436,193.8886,5.597284,316.4311,8.745961,269.4337,18.787906,267.3468,29.315539,211.5245,29.742797,205.2637,0.00257,137.8359,9.6379
1994Q4,210.1124,0.988824,10.7876,0.00271,194.8218,1.229774,189.7652,0.293008,117.5862,1.216088,211.1543,6.380184,311.9354,9.443333,269.4592,20.169953,267.3338,30.698464,214.0209,30.765761,200.3885,0.00257,149.8216,9.060789
1995Q1,302.5424,0.987711,122.4116,0.002572,281.859,0.735512,258.294,0.921718,117.7624,0.677423,228.5953,5.557442,318.959,10.611865,274.3078,20.562909,270.4489,31.004808,216.7306,29.874547,195.5662,0.00257,151.4527,7.682403
1995Q2,31.3683,1.011078,234.5361,0.002398,52.0881,0.749861,5.6313,1.489261,122.2308,1.284155,228.6926,4.370112,328.8919,10.068745,276.628,19.267419,271.6635,29.656788,215.5496,28.85577,190.7969,0.00257,146.1977,8.040071
1995Q3,119.3607,1.012645,11.1572,0.002641,137.4125,1.253935,118.1217,1.729993,172.134,1.94512,222.0218,5.00105,329.6225,8.729726,273.71,18.808316,269.5901,29.28558,214.035,29.753886,185.9217,0.00257,152.8866,9.304574
1995Q4,209.8472,0.988909,131.3715,0.002628,205.9292,1.425581,232.4547,1.53331,235.6277,2.266085,235.4456,6.159693,324.2195,9.140812,273.4265,20.159705,269.4648,30.654628,216.4233,30.824212,181.0464,0.00257,165.6593,9.140503
1996Q1,302.2814,0.987695,253.8475,0.00243,276.6366,1.041797,343.7321,1.043687,306.2006,2.365118,255.3404,5.878072,329.881,10.428208,278.1751,20.650151,272.5556,31.018043,219.2004,29.983752,176.2241,0.00257,170.2364,7.761104
1996Q2,32.0837,1.011312,20.4765,0.00261,29.8299,0.552064,64.2201,0.374623,16.4484,2.378233,263.6275,4.531402,340.4377,10.131927,280.7522,19.375298,273.8681,29.670664,218.101,28.92211,171.4018,0.00257,164.4484,7.746572
1996Q3,120.0768,1.012527,144.1091,0.002685,146.8938,0.991978,74.3947,0.679351,80.6092,2.185911,254.5221,4.427794,342.9147,8.744173,277.9356,18.837187,271.8145,29.264198,216.5327,29.791614,166.5266,0.00257,168.666,9.116031
1996Q4,210.6015,0.988755,280.205,0.00247,218.9882,1.42105,178.1063,1.317033,135.4309,1.584945,261.6717,5.717378,337.0522,8.863979,277.4187,20.159602,271.6226,30.623928,218.8454,30.89281,161.6513,0.00257,181.3245,9.362237
1997Q1,303.0351,0.987824,46.3627,0.002618,285.4908,1.296372,291.5978,1.669143,161.5324,0.774281,281.972,6.030733,341.2431,10.213548,282.0749,20.722659,274.6974,31.020529,221.6556,30.085649,156.829,0.00257,188.269,8.097962
1997Q2,31.8367,1.011213,144.0455,0.002697,7.9275,0.718513,43.2832,1.682617,144.9301,0.91901,297.1783,4.907336,351.9695,10.184898,284.8493,19.496041,276.0813,29.698914,220.6546,29.001587,152.0598,0.00257,183.1027,7.715559
1997Q3,119.8297,1.012505,272.5223,0.002438,142.3285,0.709587,154.8631,1.260809,187.4938,1.557607,292.2771,4.055269,356.3496,8.809305,282.181,18.859855,274.0649,29.234519,219.0071,29.82296,147.1845,0.00257,184.3986,9.072441
1997Q4,210.3394,0.988801,55.5755,0.002509,228.8465,1.240265,256.9526,0.589058,251.6626,1.981106,290.7242,5.103268,350.497,8.599679,281.3715,20.137844,273.7616,30.576149,221.2057,30.967342,142.3092,0.00257,196.0718,9.722053
1998Q1,302.7678,0.987744,167.3547,0.00271,297.4112,1.396543,266.3852,0.382619,322.7744,2.278495,308.8085,5.990494,352.8768,9.956327,285.8968,20.792633,276.8045,31.028766,224.0704,30.213533,137.487,0.00257,204.7457,8.666416
1998Q2,31.59,1.011107,268.2658,0.002583,8.2091,1.025937,350.5932,1.062249,30.6919,2.492325,328.5057,5.364698,3.5903,10.209495,288.9106,19.613656,278.292,29.726615,223.1802,29.093175,132.7177,0.00257,201.015,7.963281
1998Q3,119.5863,1.012606,51.3796,0.00251,115.2074,0.627366,99.9656,1.587619,93.3834,2.440184,332.8459,4.094957,9.792,8.913459,286.4098,18.883655,276.3171,29.205122,221.4603,29.864968,127.8424,0.00257,199.6673,9.189261
1998Q4,210.0816,0.988942,180.8944,0.002716,232.0105,0.9108,214.4299,1.707386,149.9526,1.915081,324.338,4.471788,4.5233,8.380171,285.3186,20.110221,275.9033,30.526435,223.5424,31.050104,122.9671,0.00257,209.7171,10.177984
1999Q1,302.5065,0.987749,292.7503,0.002542,311.3904,1.294236,328.2926,1.472062,193.2952,1.033598,336.6952,5.738756,4.9507,9.673302,289.6972,20.853028,278.9103,31.034303,226.4546,30.350865,118.1449,0.00257,219.2965,9.381749
1999Q2,31.3435,1.011082,45.6378,0.002392,20.579,1.278604,74.7828,0.91654,182.9532,0.598346,357.8533,5.761961,15.3223,10.203064,292.9365,19.727629,280.4993,29.753936,225.6761,29.197134,113.3756,0.00257,217.3155,8.445517
1999Q3,119.3414,1.012676,180.6862,0.002653,100.7281,0.949014,125.6252,0.29055,205.8086,1.098197,11.016,4.540137,23.17,9.050574,290.621,18.908767,278.5703,29.176525,223.8909,29.918112,108.5003,0.00257,214.0226,9.455831
1999Q4,209.8266,0.988932,301.2404,0.002621,208.4636,0.678683,164.1298,0.81486,268.6976,1.603526,3.0943,4.057063,19.0539,8.221448,289.2611,20.077142,278.0474,30.475204,225.8547,31.141341,103.6251,0.00257,222.1337,10.700744
2000Q1,302.2533,0.987671,65.6934,0.002447,320.3595,0.931413,272.8182,1.399993,338.7777,2.093331,6.2426,5.325034,17.5094,9.375672,293.4772,20.903852,281.014,31.037485,228.8073,30.497883,98.8028,0.00257,231.966,10.17894
2000Q2,32.0585,1.011204,191.2606,0.002637,40.8422,1.266971,25.0678,1.716393,44.996,2.507211,25.9983,5.992325,27.3123,10.162355,296.9347,19.821172,282.6979,29.765389,228.1156,29.309316,93.9805,0.00257,231.5732,9.091553
2000Q3,120.0517,1.012478,314.4594,0.002664,114.1947,1.309891,138.1465,1.610023,106.0918,2.600031,44.35,5.161511,36.4713,9.195403,294.7745,18.937233,280.7985,29.15501,226.2957,29.999007,89.1052,0.00257,227.1941,9.865271
2000Q4,210.5711,0.988749,92.3698,0.002455,191.4347,1.029287,250.219,1.122635,163.7624,2.177379,43.8436,4.065444,33.8729,8.134727,293.2163,20.056344,280.2104,30.439267,228.1792,31.246933,84.23,0.00257,233.4397,11.2737
2001Q1,303.0002,0.987856,217.1602,0.002624,297.6172,0.642771,345.9099,0.473255,216.4786,1.337388,38.0693,4.876136,30.6229,9.093428,297.2957,20.944404,283.1515,31.033657,231.1463,30.639315,79.4077,0.00257,243.0532,10.99735
2001Q2,31.8049,1.011177,313.5638,0.002692,53.043,0.949447,348.4202,0.521359,245.0318,0.55577,53.0082,6.018707,39.3221,10.09317,300.8956,19.927638,284.8977,29.79359,230.5509,29.438194,74.6384,0.00257,243.9698,9.841458
2001Q3,119.8078,1.012544,82.9286,0.002433,130.3942,1.338701,83.5192,1.219348,236.1465,0.622678,73.307,5.765012,49.5832,9.371473,298.949,18.964641,283.0516,29.129383,228.6781,30.075343,69.7632,0.00257,239.0526,10.351115
2001Q4,210.3178,0.988875,225.8824,0.002535,199.7818,1.343087,196.0708,1.637144,289.9499,1.171227,81.4931,4.476216,48.9665,8.125713,297.148,20.014725,282.3571,30.387606,230.4419,31.356981,64.8879,0.00257,243.4888,11.862973
2002Q1,302.7433,0.98783,337.3886,0.002716,277.1618,0.867813,310.434,1.693519,356.0424,1.838023,72.0707,4.505171,44.2012,8.809942,301.0403,20.978744,285.2515,31.035116,233.4387,30.806396,60.0656,0.00257,252.6795,11.831052
2002Q2,31.5606,1.011134,79.4662,0.00256,46.0806,0.624318,61.2379,1.393075,58.1825,2.428313,79.7038,5.840977,51.4936,9.993232,304.8253,20.030241,287.0935,29.822992,232.9553,29.579587,55.2963,0.00257,254.6683,10.643792
2002Q3,119.5642,1.012557,223.2414,0.002525,142.3103,1.156041,165.4335,0.731501,117.7651,2.671301,99.3469,6.192724,62.4985,9.552838,303.1069,18.994357,285.3057,29.106526,231.0374,30.163168,50.4211,0.00257,249.6671,10.901007
2002Q4,210.0599,0.988882,351.0983,0.002713,211.4052,1.448008,186.6363,0.302642,176.4161,2.37991,113.6875,5.084519,64.0476,8.200424,301.0801,19.969591,284.5072,30.336306,232.6808,31.475511,45.5458,0.00257,252.5294,12.457322
2003Q1,302.4872,0.987688,102.9263,0.002513,279.3756,1.163936,258.5807,0.939497,234.9747,1.651858,107.4932,4.356784,58.282,8.560009,304.7722,21.004584,287.3509,31.035903,235.7011,30.982658,40.7235,0.00257,261.1606,12.645153
2003Q2,31.3182,1.011053,216.2828,0.002394,17.765,0.582502,6.1524,1.500276,290.3408,0.868372,106.8033,5.507866,63.8337,9.867506,308.727,20.128952,289.2863,29.853961,235.3294,29.732918,35.9543,0.00257,263.9578,11.46244
2003Q3,119.3138,1.01262,350.5514,0.002663,146.6069,0.87768,118.6932,1.730405,314.1686,0.381029,123.7202,6.379788,75.1959,9.730273,307.2503,19.026365,287.5619,29.086555,233.3734,30.261804,31.079,0.00257,259.1499,11.488665
2003Q4,209.797,0.988948,111.8117,0.002615,222.4671,1.37058,232.9924,1.523589,320.055,0.735782,141.4976,5.680671,78.9072,8.353735,305.015,19.921369,286.6616,30.285605,234.8961,31.60208,26.2037,0.00257,260.6938,13.04481
2004Q1,302.2243,0.987682,237.6125,0.002464,289.0741,1.355405,344.0993,1.026549,13.7826,1.526366,142.2822,4.47541,72.7887,8.361664,308.494,21.02225,289.4507,31.036344,237.9342,31.167536,21.3815,0.00257,268.7087,13.427063
2004Q2,32.0321,1.011279,2.0362,0.002661,6.3069,0.850739,62.1835,0.36099,71.8721,2.274544,135.1949,5.109652,76.4453,9.734123,312.6251,20.207215,291.4785,29.869874,237.6504,29.8902,16.5592,0.00257,272.0886,12.260679
2004Q3,120.0278,1.012514,125.1289,0.002641,132.9582,0.626335,74.3103,0.697831,129.9313,2.653788,147.679,6.318782,87.7821,9.885849,311.3418,19.057362,289.7941,29.072522,235.6779,30.386231,11.6839,0.00257,267.5962,12.104058
2004Q4,210.5537,0.988785,264.1728,0.002439,232.077,1.109011,178.6069,1.330823,189.5954,2.502042,166.8082,6.122178,93.3575,8.558603,308.9593,19.887678,288.8341,30.252597,237.1225,31.744068,6.8087,0.00257,268.1675,13.632638
2005Q1,302.9809,0.987852,27.1709,0.002631,303.8154,1.381011,292.157,1.674028,252.2531,1.928938,174.6504,4.787788,87.5337,8.23995,312.2674,21.034711,291.5899,31.032938,240.1594,31.345222,1.9864,0.00257,275.5777,14.163075
2005Q2,31.786,1.011193,123.1872,0.002689,12.9284,1.15463,43.8431,1.677157,317.1838,1.284187,165.5862,4.707673,89.098,9.579551,316.4844,20.297429,293.67,29.903614,239.9645,30.06425,357.2171,0.00257,279.3261,13.047016
2005Q3,119.7812,1.012509,253.845,0.002434,104.825,0.732828,155.3196,1.245907,16.4617,0.744051,171.7977,6.017117,100.0297,10.032289,315.462,19.092304,292.0564,29.057521,237.9647,30.504494,352.3418,0.00257,275.239,12.70772
2005Q4,210.2926,0.988792,35.9708,0.002563,226.5925,0.756839,256.638,0.57071,18.0384,0.491031,190.6708,6.366314,107.3409,8.8268,312.9052,19.833879,290.999,30.203042,239.2896,31.885214,347.4666,0.00257,274.9325,14.182525
2006Q1,302.7181,0.987764,147.6032,0.002711,317.3774,1.161958,264.7898,0.398063,34.8545,1.205809,204.4549,5.203204,102.4494,8.181906,315.9803,21.036538,293.6938,31.032298,242.3346,31.544794,342.6443,0.00257,281.7401,14.861736
2006Q2,31.5394,1.011082,251.1691,0.002531,28.7066,1.322605,350.9579,1.079023,85.1018,2.044904,198.5555,4.429223,101.896,9.421185,320.3256,20.382502,295.8612,29.938259,242.2474,30.247713,337.875,0.00257,285.8216,13.800132
2006Q3,119.5371,1.012606,34.8625,0.002536,104.2838,1.131349,100.5142,1.596269,141.555,2.547357,197.4485,5.520702,112.0527,10.151837,319.5731,19.128683,294.3225,29.044768,240.2262,30.631592,332.9998,0.00257,282.1689,13.300418
2006Q4,210.0311,0.988918,160.8405,0.002707,195.325,0.777749,214.9987,1.705431,202.2908,2.546265,214.335,6.363486,120.7595,9.127012,316.8618,19.77736,293.1703,30.153533,241.432,32.032383,328.1245,0.00257,281.1564,14.704479
2007Q1,302.4593,0.987749,273.3673,0.002494,316.1204,0.748419,328.8234,1.460831,268.0713,2.160495,232.2303,5.60575,117.3014,8.204112,319.6939,21.029646,295.8007,31.030289,244.4801,31.750323,323.3022,0.00257,287.3891,15.512966
2007Q2,31.2938,1.011086,26.9165,0.002407,46.2633,1.166944,75.0265,0.898401,336.7313,1.698127,233.4274,4.375615,114.8186,9.267989,324.1522,20.461816,298.0527,29.973282,244.4985,30.439629,318.5329,0.00257,291.7164,14.513539
2007Q3,119.2926,1.012695,160.0403,0.002679,119.9992,1.355169,121.9054,0.2887,41.9544,1.23845,226.1007,4.913582,123.8662,10.239983,323.6766,19.16613,296.5927,29.033942,242.4615,30.766883,313.6577,0.00257,288.5005,13.873494
2007Q4,209.7748,0.988941,282.6113,0.002607,192.9436,1.174078,164.3232,0.833317,78.4727,0.6827,238.8205,6.106567,133.6035,9.4406,320.832,19.718232,295.3487,30.103748,243.5495,32.184832,308.7824,0.00257,286.9222,15.194786
2008Q1,302.2071,0.987651,50.0194,0.002478,285.1546,0.694064,273.3323,1.412307,61.5307,0.899557,258.9152,5.906045,131.8997,8.30348,323.4115,21.013604,297.9109,31.026272,246.5953,31.96096,303.9601,0.00257,292.6127,16.115092
2008Q2,32.0122,1.011225,172.4518,0.002679,53.4919,0.788362,25.6329,1.719327,99.6179,1.763897,268.3145,4.568077,127.8619,9.145149,327.9984,20.519652,300.2498,29.991224,246.6971,30.63006,299.1379,0.00257,297.1307,15.168102
2008Q3,120.0041,1.012489,295.4284,0.002611,136.6616,1.276111,138.6986,1.601842,154.1671,2.357047,259.3612,4.353386,135.6141,10.298748,327.7401,19.19642,298.8395,29.025031,244.6578,30.924152,294.2626,0.00257,294.278,14.42378
2008Q4,210.5189,0.988762,75.9966,0.002424,205.1818,1.413974,250.6297,1.106453,216.1218,2.497409,265.4193,5.634747,145.976,9.736079,324.8075,19.671874,297.5414,30.070318,245.6717,32.352438,289.3873,0.00257,292.3218,15.668795
2009Q1,302.951,0.987798,197.1567,0.002636,276.9099,1.006359,345.0036,0.455909,284.4178,2.311338,285.6138,6.032734,146.0212,8.464061,327.1875,20.995418,300.0613,31.019349,248.7037,32.163237,284.5651,0.00257,297.5531,16.667623
2009Q2,31.7606,1.01117,292.8014,0.002685,34.7089,0.557561,347.8139,0.539068,354.3927,2.045953,301.6425,4.964304,140.9201,9.026507,331.805,20.585838,302.442,30.025497,248.8829,30.836598,279.7958,0.00257,302.1364,15.791367
2009Q3,119.76,1.012555,65.2691,0.002442,145.7905,1.03969,83.9663,1.234628,60.0559,1.68796,297.8434,4.028104,147.0709,10.321556,331.8333,19.233052,301.1164,29.015943,246.8361,31.074107,274.9205,0.00257,299.6867,14.938312
2009Q4,210.2656,0.988908,206.6665,0.002595,216.7502,1.435085,196.6344,1.643484,109.2663,1.061112,295.0746,5.006563,157.7883,10.030703,328.8051,19.60637,299.7306,30.01878,247.7349,32.515147,270.0453,0.00257,297.3593,16.088171
2010Q1,302.6902,0.987795,317.7063,0.002705,283.431,1.264698,310.9983,1.689904,99.7473,0.702763,312.6099,5.962976,159.714,8.68208,330.917,20.96113,302.1759,31.010954,250.7567,32.383601,265.223,0.00257,302.1203,17.171221
2010Q2,31.5159,1.011121,62.661,0.002502,9.4532,0.67334,61.741,1.37992,115.248,1.425622,332.7201,5.423348,153.9985,8.935244,335.6031,20.643955,304.6328,30.058578,251.034,31.050107,260.4537,0.00257,306.8074,16.366808
2010Q3,119.5166,1.012596,206.3031,0.002543,144.2221,0.752621,165.4228,0.713071,166.8574,2.077286,338.4611,4.133305,158.3948,10.310219,335.9211,19.268922,303.3948,29.007669,248.9848,31.231427,255.5784,0.00257,304.7407,15.418908
2010Q4,210.0087,0.988918,330.5209,0.002701,227.0431,1.282764,183.7602,0.313468,229.947,2.351536,329.4896,4.390914,169.1561,10.296935,332.8198,19.537784,301.9249,29.96602,249.7702,32.6825,250.7032,0.00257,302.1151,16.469423
2011Q1,302.4328,0.987679,83.3282,0.002478,294.8103,1.392071,258.8843,0.957195,300.0227,2.370776,340.7324,5.685601,172.8478,8.939602,334.6557,20.916693,304.2919,30.999601,252.7774,32.60837,245.8809,0.00257,306.4359,17.624708
2011Q2,31.2718,1.011011,198.0223,0.002426,6.6928,0.973055,6.6774,1.511018,9.8882,2.305422,1.8567,5.804948,167.0516,8.87587,339.3934,20.693495,306.8209,30.090504,253.15,31.270764,241.1116,0.00257,311.1988,16.893954
2011Q3,119.2668,1.012648,329.9511,0.002693,120.2467,0.610684,119.2653,1.730586,74.6638,2.066234,16.0109,4.62389,169.6211,10.266513,340.0031,19.303655,305.6738,29.000306,251.1034,31.396264,236.2364,0.00257,309.4956,15.863481
2011Q4,209.7448,0.988953,93.666,0.002591,232.2098,0.974174,233.5287,1.513572,128.6141,1.451606,8.8693,4.029473,180.146,10.525983,336.8512,19.466251,304.1226,29.912306,251.7773,32.854948,231.3611,0.00257,306.6299,16.811895
2012Q1,302.1699,0.987675,222.3967,0.00249,308.5965,1.330485,344.4567,1.009308,145.8085,0.714435,10.575,5.258817,185.4216,9.22077,338.4039,20.862362,306.4075,30.98582,254.7661,32.838081,226.5388,0.00257,310.5378,18.029015
2012Q2,31.9821,1.011228,343.1251,0.00269,19.4212,1.258324,59.9424,0.348165,135.1549,1.064205,29.8414,6.010095,179.973,8.859316,343.2189,20.722014,309.016,30.105,255.2152,31.487518,221.7166,0.00257,315.3818,17.357989
2012Q3,119.9803,1.012541,105.657,0.002584,101.3147,0.902267,74.2682,0.716329,181.4457,1.719725,48.654,5.254623,180.8659,10.207847,344.0534,19.325361,307.9248,28.991972,253.1764,31.581934,216.8413,0.00257,313.951,16.267914
2012Q4,210.4993,0.988814,246.8334,0.002416,213.226,0.67702,179.1075,1.344462,245.5001,2.104961,49.443,4.103981,190.9431,10.705705,340.8764,19.405693,306.3258,29.875735,253.7844,33.045442,211.966,0.00257,310.9402,17.133624
2013Q1,302.9263,0.987861,6.9186,0.002645,320.9317,0.980475,292.7175,1.678637,316.5513,2.325157,42.7146,4.816276,197.4729,9.494481,342.2101,20.809808,308.5606,30.972114,256.7507,33.061068,207.1438,0.00257,314.5235,18.389796
2013Q2,31.7336,1.01117,102.6501,0.002683,37.3365,1.297089,44.4003,1.671425,25.1764,2.460251,56.7508,6.007247,192.8259,8.865448,346.9985,20.755084,311.1975,30.135979,257.2639,31.722494,202.3745,0.00257,319.346,17.789762
2013Q3,119.7343,1.012523,236.6225,0.002451,110.9623,1.27226,155.7709,1.230843,88.4728,2.35194,77.0866,5.84043,191.9989,10.109757,348.1245,19.356843,310.2016,28.987333,255.2351,31.762465,197.4992,0.00257,318.2417,16.636372
2013Q4,210.2388,0.988832,17.1673,0.002625,191.0237,0.957156,256.2465,0.552391,144.4757,1.793323,86.3135,4.557922,201.3818,10.845427,344.938,19.329705,308.5277,29.822316,255.7366,33.229645,192.6239,0.00257,315.0715,17.398475
2014Q1,302.6636,0.987744,128.2453,0.00269,303.4131,0.648009,263.3604,0.414027,182.3126,0.921789,76.9747,4.470901,209.0632,9.779291,345.9799,20.738178,310.6751,30.955713,258.6791,33.301298,187.8017,0.00257,318.2912,18.699549
2014Q2,31.4875,1.011057,233.8367,0.002468,51.5556,1.013337,351.332,1.095678,165.0474,0.707251,83.4332,5.804285,205.5287,8.904518,350.7736,20.779867,313.3749,30.1672,259.2804,31.964789,183.0324,0.00257,323.1465,18.174777
2014Q3,119.489,1.012587,17.1666,0.002548,127.4647,1.352483,101.063,1.604625,197.9412,1.283842,102.8004,6.236464,203.1532,9.989026,352.1896,19.387568,312.4773,28.985222,257.266,31.95086,178.1571,0.00257,322.3546,16.96698
2014Q4,209.9781,0.988953,140.1959,0.002694,197.5377,1.304353,215.565,1.703249,261.7257,1.760043,117.7639,5.17473,211.639,10.933868,349.0174,19.25309,310.7327,29.770008,257.6638,33.419403,173.2819,0.00257,319.0578,17.624881
2015Q1,302.4028,0.987726,253.922,0.002472,278.0678,0.814729,329.3474,1.449286,332.4558,2.175763,112.4129,4.359563,220.2438,10.048707,349.7644,20.658713,312.7901,30.938649,260.5797,33.546325,168.4596,0.00257,321.9334,18.963077
2015Q2,31.2409,1.011072,8.9109,0.002455,48.8078,0.667293,75.2483,0.880171,39.0238,2.510839,110.6328,5.454615,218.0531,8.973345,354.5467,20.796881,315.5493,30.199133,261.2665,32.213827,163.6903,0.00257,326.8125,18.513846
2015Q3,119.2422,1.012682,139.9805,0.002706,140.3229,1.196049,118.1452,0.288468,100.7823,2.54976,127.0115,6.387087,214.371,9.850202,356.2502,19.417876,314.7527,28.986066,259.2705,32.14664,158.815,0.00257,326.3209,17.259687
2015Q4,209.7245,0.988983,265.2183,0.002573,209.0702,1.443602,164.5391,0.851662,158.0815,2.087858,145.0854,5.755783,221.7787,10.969288,353.1165,19.176877,312.9421,29.719338,259.5675,33.614201,153.9398,0.00257,322.9254,17.813166
2016Q1,302.1511,0.987662,34.4264,0.002498,277.8914,1.11956,273.8438,1.424482,207.7914,1.223579,146.9228,4.511754,231.0838,10.293014,353.5671,20.572107,314.9067,30.921063,262.4538,33.795374,149.1175,0.00257,325.4736,19.180991
2016Q2,31.9603,1.011216,153.1731,0.002695,21.5678,0.567401,26.1957,1.721974,219.7231,0.521513,139.245,5.051401,230.3139,9.062516,358.3706,20.797086,317.7367,30.215624,263.2102,32.456206,144.2952,0.00257,330.4042,18.7934
2016Q3,119.9531,1.012481,275.9833,0.002557,147.3237,0.912493,139.2454,1.593393,221.8111,0.807332,150.9509,6.290941,225.6986,9.714417,0.2939,19.43335,317.0027,28.985187,261.2315,32.360432,139.42,0.00257,330.1303,17.50667
2016Q4,210.4705,0.98876,57.8596,0.00241,221.8618,1.388299,251.0349,1.090143,281.2536,1.346387,170.1395,6.170316,231.9748,10.957613,357.2054,19.110948,315.1542,29.68689,261.472,33.82727,134.5447,0.00257,326.6835,17.979087
2017Q1,302.898,0.987805,176.4005,0.002656,288.3681,1.339648,343.9624,0.438883,349.4635,1.946697,178.9119,4.842567,241.7299,10.490118,357.4286,20.492841,317.0624,30.907498,264.3304,34.038091,129.7224,0.00257,328.987,19.362068
2017Q2,31.7092,1.011142,272.9657,0.002676,6.1905,0.798312,347.2821,0.556992,53.0452,2.468841,169.9818,4.658631,242.4534,9.174495,2.1497,20.799997,319.9085,30.24934,265.1397,32.716356,124.9532,0.00257,333.8756,19.042452
2017Q3,119.7081,1.012554,48.9377,0.002461,136.9914,0.651593,84.4171,1.249775,113.2229,2.654315,175.2073,5.957793,237.147,9.554332,4.3539,19.462517,319.28,28.991399,263.1849,32.568448,120.0779,0.00257,333.8852,17.722098
2017Q4,210.2156,0.988882,187.8092,0.002653,230.7765,1.163205,197.1977,1.649482,171.5025,2.310067,193.9167,6.380511,242.059,10.890203,1.3476,19.035945,317.3731,29.63916,263.3295,34.030541,115.2026,0.00257,330.378,18.090143
2018Q1,302.6407,0.987814,298.3926,0.002671,301.0463,1.392505,311.5637,1.68607,228.0674,1.532198,208.3903,5.26144,252.1125,10.664268,1.2741,20.394068,319.1843,30.889504,266.1545,34.293845,110.3804,0.00257,332.3807,19.490857
2018Q2,31.465,1.011119,45.1941,0.002441,10.6097,1.107079,62.2372,1.366498,276.0058,0.722404,203.2992,4.405274,254.4027,9.301724,5.9363,20.795507,322.0799,30.283413,267.0415,32.980794,105.6111,0.00257,337.2803,19.246626
2018Q3,119.4656,1.012626,187.6084,0.002555,107.8426,0.681873,165.3711,0.694626,275.3203,0.402826,201.1885,5.438754,248.7777,9.39255,8.4153,19.491374,321.5589,29.000314,265.1137,32.781628,100.7358,0.00257,337.5678,17.899178
2018Q4,209.9564,0.988904,309.514,0.002688,229.3513,0.812634,181.1262,0.325362,306.2329,0.89895,217.6446,6.341186,252.2116,10.771919,5.5162,18.962878,319.5988,29.592702,265.1651,34.236592,95.8606,0.00257,334.0189,18.162665
2019Q1,302.3869,0.987673,64.6727,0.002472,314.9606,1.220352,259.2067,0.974653,6.5879,1.651755,235.971,5.65409,262.3592,10.79438,5.1479,20.289456,321.3104,30.870423,267.9541,34.5513,91.0383,0.00257,335.7297,19.574698
2019Q2,31.2243,1.011024,180.321,0.002484,25.1804,1.312948,7.2049,1.521571,66.1153,2.338844,238.3254,4.387713,266.1778,9.438338,9.7333,20.783494,324.2513,30.317448,268.9159,33.248748,86.269,0.00257,340.6364,19.405936
2019Q3,119.2181,1.012667,309.9162,0.002713,102.149,1.062818,119.8374,1.730477,124.78,2.6703,230.4155,4.825457,260.624,9.235374,12.4803,19.519841,323.8402,29.011613,267.0181,32.999118,81.3937,0.00257,341.1984,18.037716
2019Q4,209.6913,0.988941,76.79,0.002547,199.2285,0.723872,234.0615,1.503308,184.0175,2.467071,242.344,6.049506,262.4978,10.60564,9.7129,18.891978,321.8315,29.547118,266.9788,34.444754,76.5185,0.00257,337.6242,18.196286
2020Q1,302.124,0.987619,206.6628,0.002501,318.5506,0.814314,344.8102,0.991993,245.1917,1.831141,262.5927,5.934611,272.5354,10.876567,9.0527,20.179229,323.4406,30.849973,269.7294,34.81,71.6962,0.00257,339.0493,19.613538
2020Q2,31.9376,1.011236,323.1888,0.002699,45.268,1.200194,57.4978,0.336331,308.1298,1.116434,273.098,4.613284,277.7971,9.562878,13.5989,20.758935,326.4431,30.335938,270.754,33.505501,66.8739,0.00257,344.0039,19.508347
2020Q3,119.9323,1.012562,85.8319,0.002536,118.7381,1.347384,74.2626,0.734811,359.9873,0.563746,264.4458,4.28591,272.6496,9.096653,16.5508,19.530988,326.0997,29.017241,268.8777,33.229601,61.9987,0.00257,344.7674,18.125475
2020Q4,210.4453,0.988841,228.456,0.002418,192.7014,1.134614,179.6129,1.357895,351.1308,0.544755,269.3277,5.551808,273.0612,10.41025,13.8995,18.828292,324.0635,29.518053,268.7904,34.670056,57.1234,0.00257,341.1848,18.203936
2021Q1,302.8766,0.98781,346.169,0.002671,288.7622,0.671196,293.2804,1.682906,26.3485,1.334258,289.3394,6.035607,282.8216,10.90182,13.0188,20.079938,325.6109,30.834658,271.5098,35.061089,52.3011,0.00257,342.4032,19.618393
2021Q2,31.6911,1.011179,83.175,0.002667,53.567,0.849112,44.962,1.665487,79.8567,2.141795,306.1258,5.028647,289.3276,9.698613,17.4269,20.732607,328.6164,30.368776,272.575,33.777965,47.5319,0.00257,347.3138,19.578093
2021Q3,119.688,1.012562,221.0366,0.002469,134.1133,1.303959,156.2172,1.215602,136.9703,2.599205,303.5339,4.015263,284.9876,8.964752,20.6327,19.556929,328.3852,29.030876,270.7316,33.453313,42.6566,0.00257,348.3509,18.184537
2021Q4,210.1868,0.988871,358.6097,0.002672,202.8393,1.391295,255.7834,0.534224,197.2715,2.539863,299.576,4.914734,283.8141,10.162599,18.155,18.760919,326.3083,29.472845,270.5582,34.881432,37.7813,0.00257,344.767,18.157824
2022Q1,302.6117,0.987693,108.5863,0.002647,276.3827,0.953962,262.0942,0.430414,261.9071,2.078492,316.4552,5.936931,293.0574,10.882744,16.9924,19.959381,327.7492,30.810432,273.236,35.320857,32.9591,0.00257,345.708,19.566661
2022Q2,31.4462,1.011026,215.9342,0.002416,39.3251,0.574736,351.7218,1.112066,329.4987,1.541705,336.8883,5.486219,300.779,9.826727,21.2739,20.697841,330.7891,30.39987,274.3679,34.052162,28.1898,0.00257,350.6216,19.601952
2022Q3,119.4439,1.01262,358.0235,0.002561,144.4013,1.085872,101.6158,1.612751,33.5597,1.046623,343.9806,4.18535,297.5964,8.857226,24.7236,19.580907,330.6714,29.045194,272.5595,33.679876,23.3145,0.00257,351.9344,18.203533
2022Q4,209.9264,0.988975,119.2603,0.002686,214.4752,1.444036,216.1331,1.700777,59.3604,0.564214,334.7223,4.321113,294.9199,9.883877,22.4418,18.695753,328.5582,29.427329,272.3026,35.094034,18.4393,0.00257,348.363,18.071386
2023Q1,302.348,0.987695,235.697,0.002473,281.5015,1.229138,329.8693,1.437524,50.0326,1.011618,344.763,5.635231,303.4153,10.811303,21.0047,19.833543,329.8904,30.783616,274.937,35.580886,13.617,0.00257,349.0269,19.468677
2023Q2,31.1958,1.011014,351.9593,0.002516,11.7406,0.633097,75.4584,0.861909,93.4633,1.874254,5.7685,5.848757,312.1877,9.94291,25.1413,20.654438,332.9604,30.429137,276.1329,34.328139,8.8477,0.00257,353.9409,19.579717
2023Q3,119.1971,1.012728,120.2688,0.002718,145.3823,0.799042,114.418,0.28992,148.7749,2.439084,20.8018,4.713413,310.4633,8.781169,28.8239,19.602309,332.9569,29.060055,274.361,33.909461,3.9724,0.00257,355.5332,18.182134
2023Q4,209.6718,0.989019,248.2819,0.002517,225.1163,1.320429,164.7733,0.869942,210.1974,2.528607,14.5553,4.015516,306.4547,9.584391,26.7587,18.632899,330.8121,29.381746,274.0235,35.30827,359.0972,0.00257,351.9879,17.944581
2024Q1,302.0962,0.987664,17.9824,0.002504,292.2875,1.382283,274.3597,1.436433,277.5336,2.265193,14.8587,5.196872,313.9568,10.688952,25.0571,19.702759,332.0337,30.754272,276.6131,35.841329,354.2749,0.00257,352.3739,19.324199
2024Q2,31.9126,1.011166,132.9703,0.002698,6.7957,0.936485,26.7602,1.724301,347.9587,1.91813,33.572,6.025801,323.6548,10.027386,29.0883,20.601276,335.1531,30.442461,277.8637,34.591266,349.4526,0.00257,357.3359,19.501316
2024Q3,119.9103,1.012515,256.0543,0.002519,124.5951,0.608603,139.7947,1.584771,53.6814,1.518163,52.757,5.346018,323.4881,8.735673,32.9464,19.603689,335.2189,29.066053,276.1153,34.150172,344.5774,0.00257,359.1442,18.105578
2024Q4,210.4183,0.988799,38.7885,0.002431,232.8221,1.015322,251.429,1.073657,99.3911,0.905906,54.8051,4.150849,318.4895,9.29184,31.063,18.572216,333.0567,29.350904,275.7377,35.54081,339.7021,0.00257,355.6224,17.786887
2025Q1,302.8437,0.987792,155.9172,0.002684,307.6177,1.348937,342.7817,0.422221,83.2764,0.76277,47.2774,4.76105,324.8582,10.524758,29.1635,19.584201,334.211,30.731948,278.2943,36.09663,334.8798,0.00257,355.8024,19.146521
2025Q2,31.6589,1.011085,254.0416,0.002652,16.4533,1.222289,346.8261,0.575041,108.8302,1.56216,60.3824,5.992459,335.0909,10.108668,32.9994,20.540975,337.3189,30.468755,279.5744,34.871651,330.1106,0.00257,0.72,19.386965
2025Q3,119.6643,1.012548,33.4133,0.002474,101.6168,0.831429,84.8771,1.26463,161.7603,2.196575,80.7087,5.909797,336.7656,8.734438,37.0671,19.618794,337.4995,29.082368,277.8654,34.386604,325.2353,0.00257,2.8221,18.002966
2025Q4,210.1626,0.988937,168.9973,0.002688,219.0131,0.693367,197.7604,1.65529,224.4166,2.420707,90.8945,4.63959,331.0594,8.987504,35.436,18.513207,335.3138,29.305998,277.4123,35.759821,320.36,0.00257,359.3524,17.57867
2026Q1,302.5839,0.987798,278.783,0.002624,319.7606,1.055555,312.1252,1.681918,293.8861,2.360087,81.7676,4.440874,335.9409,10.31344,33.2933,19.444926,336.3548,30.699575,279.9226,36.36002,315.5378,0.00257,359.2462,18.909588
2026Q2,31.4122,1.011084,26.6612,0.002401,33.7297,1.316067,62.7272,1.352857,3.9377,2.21656,87.0724,5.764095,346.5785,10.166355,36.9331,20.472213,339.481,30.49409,281.2597,35.154525,310.7685,0.00257,4.1584,19.226492
2026Q3,119.4199,1.012613,167.731,0.002576,107.8863,1.224352,165.2868,0.676226,69.1615,1.929049,106.1433,6.272331,350.158,8.775619,41.1956,19.630824,339.7767,29.100478,279.5917,34.626936,305.8932,0.00257,6.5638,17.860712
2026Q4,209.9068,0.988973,288.9399,0.002683,191.5052,0.884062,178.751,0.338235,121.7582,1.303053,121.6735,5.259564,344.2275,8.703752,39.8348,18.45792,337.5731,29.262718,279.0665,35.9813,301.018,0.00257,3.1652,17.331201
2027Q1,302.3307,0.98768,47.4524,0.002478,308.9018,0.673027,259.5353,0.992093,128.1761,0.680215,117.2078,4.364855,347.3876,10.064184,37.4651,19.303048,338.4997,30.666315,281.5293,36.624575,296.1957,0.00257,2.7662,18.626535
2027Q2,31.1719,1.011008,163.3111,0.002545,49.5766,1.07588,7.7315,1.531904,126.4646,1.202125,114.412,5.398197,358.1463,10.197046,40.891,20.395496,341.6396,30.518901,282.9207,35.439812,291.4264,0.00257,7.668,19.019945
2027Q3,119.1702,1.012634,290.3406,0.002713,124.402,1.359474,120.408,1.730038,175.1307,1.865584,130.2387,6.386088,3.5942,8.857824,45.3319,19.640156,342.0506,29.120991,281.2959,34.870974,286.5512,0.00257,10.3892,17.679438
2027Q4,209.6443,0.988975,60.0684,0.002485,195.3889,1.258923,234.5948,1.492894,238.7764,2.21177,148.5805,5.823623,357.9979,8.457663,44.2585,18.407093,339.8351,29.221476,280.7014,36.204949,281.6759,0.00257,7.0837,17.044955
2028Q1,302.0677,0.987632,189.1981,0.002503,279.7866,0.763988,345.1422,0.974484,309.5506,2.354228,151.4638,4.548149,359.2548,9.785219,41.6796,19.159477,340.6459,30.632621,283.1156,36.890287,276.8536,0.00257,6.3822,18.297325
2028Q2,31.8835,1.011203,302.4646,0.002699,51.1059,0.700196,54.8142,0.325444,19.5676,2.411821,143.2936,4.990778,9.9409,10.192302,44.9311,20.315547,343.8231,30.53148,284.5564,35.711858,272.0314,0.00257,11.3269,18.761163
2028Q3,119.8806,1.012529,66.3538,0.002511,139.7426,1.222334,74.2853,0.7533,83.4503,2.249934,154.2067,6.255608,17.015,8.960351,49.5048,19.631002,344.3044,29.132243,282.9572,35.123831,267.1561,0.00257,14.3165,17.442417
2028Q4,210.3979,0.988846,209.6679,0.002455,208.3202,1.437941,180.124,1.37102,138.7654,1.663285,173.4387,6.210895,12.2468,8.271399,48.6664,18.355752,342.0834,29.195639,282.331,36.447684,262.2808,0.00257,11.0883,16.725356
2029Q1,302.8228,0.987852,325.7127,0.002701,277.8574,1.086707,293.8417,1.686999,169.6453,0.823003,183.1157,4.89583,11.6663,9.503028,45.9368,19.032169,342.8251,30.610281,284.7132,37.152232,257.4586,0.00257,10.1493,17.937255
2029Q2,31.6371,1.01117,64.8133,0.002631,26.1741,0.554643,45.5172,1.659211,151.3504,0.838866,174.4218,4.609849,21.7485,10.165801,48.9407,20.226333,345.9778,30.556856,286.1746,36.000678,252.6893,0.00257,15.0421,18.46358
2029Q3,119.6357,1.012565,205.8491,0.002476,146.7719,0.96181,156.6529,1.200122,191.0332,1.461718,178.6506,5.892641,30.356,9.108129,53.6627,19.635951,346.5748,29.157366,284.6203,35.37319,247.814,0.00257,18.3829,17.183526
2029Q4,210.1388,0.988849,339.4073,0.002697,219.6961,1.410153,255.2482,0.516193,255.128,1.905727,197.1701,6.388056,27.0096,8.145806,53.1384,18.314448,344.3513,29.15888,283.9297,36.674667,242.9388,0.00257,15.2976,16.361937
2030Q1,302.5636,0.987728,88.4592,0.0026,286.1378,1.3144,260.9864,0.447194,326.1616,2.245479,212.3035,5.318176,24.5008,9.200676,50.2378,18.888711,344.9765,30.576865,286.2624,37.418881,238.1165,0.00257,14.0314,17.515941
2030Q2,31.3941,1.01103,197.5506,0.002394,6.6491,0.747819,352.114,1.128434,33.6522,2.50261,208.0989,4.385427,33.6997,10.108003,52.9802,20.131149,348.1315,30.582108,287.7723,36.290308,233.3472,0.00257,18.8958,18.119446
2030Q3,119.3918,1.012621,337.8032,0.002591,140.1969,0.685426,102.1669,1.620636,96.0352,2.483496,205.0092,5.354315,43.5511,9.277426,57.8314,19.638888,348.844,29.185005,286.2641,35.624459,228.4719,0.00257,22.6092,16.886634
2030Q4,209.8744,0.988931,98.902,0.002678,229.2354,1.212925,216.6998,1.697977,152.895,1.980934,220.9873,6.31424,42.059,8.100774,57.6338,18.279426,346.6237,29.124473,285.5116,36.902201,223.5967,0.00257,19.7036,15.961447
2031Q1,302.3018,0.987683,219.4067,0.00248,298.3373,1.397387,330.3934,1.425614,198.8097,1.101851,239.7069,5.701596,37.8658,8.907901,54.5864,18.746944,347.1318,30.543266,287.7941,37.68491,218.7744,0.00257,18.0935,17.04802
2031Q2,31.1456,1.01103,335.1584,0.002569,8.581,1.056901,75.6411,0.843531,195.2359,0.555101,243.235,4.406622,45.8073,10.020457,57.0514,20.030779,350.2849,30.607298,289.3505,36.580103,214.0051,0.00257,22.917,17.728565
2031Q3,119.1446,1.012742,100.4264,0.002706,111.8378,0.643096,110.7358,0.292979,210.7389,0.991569,234.8404,4.740242,56.5603,9.458262,62.0126,19.640025,351.1128,29.214918,287.8893,35.876838,209.1299,0.00257,27.0279,16.552164
2031Q4,209.617,0.98901,231.0951,0.002454,230.9328,0.874054,165.0238,0.888152,272.7077,1.510718,245.913,5.990537,57.1854,8.141163,62.1517,18.251098,348.9012,29.092404,287.0773,37.129785,204.2546,0.00257,24.3463,15.524933
2032Q1,302.0496,0.98763,359.9714,0.002506,312.3275,1.270156,274.8819,1.448069,342.2655,2.040868,266.2605,5.962259,51.7509,8.642449,58.9843,18.608097,349.2923,30.509293,289.3088,37.949495,199.4323,0.00257,22.3747,16.533416
2032Q2,31.8663,1.011207,111.9829,0.002702,23.8544,1.30124,27.3262,1.726428,47.8552,2.496816,277.8175,4.664865,58.203,9.913712,61.2112,19.934036,352.4699,30.621302,290.9089,36.853306,194.6101,0.00257,27.2084,17.287839
2032Q3,119.8599,1.012546,236.6743,0.002504,101.9679,1.017038,140.3397,1.575828,108.6348,2.623417,269.6114,4.227547,69.4562,9.627435,66.2486,19.625484,353.3676,29.233152,289.4733,36.133582,189.7348,0.00257,31.6908,16.162399
2032Q4,210.3642,0.988808,20.2439,0.002484,203.3062,0.698926,251.8131,1.056991,166.5338,2.229019,273.2753,5.469637,72.124,8.253257,66.6604,18.219557,351.1641,29.07317,288.6363,37.37413,184.8595,0.00257,29.2216,15.0527
2033Q1,302.7948,0.987729,135.9762,0.00271,320.2695,0.860625,341.4585,0.405978,220.7509,1.409162,293.0327,6.037039,66.0767,8.435803,63.4178,18.487194,351.4849,30.487405,290.8359,38.209539,180.0373,0.00257,26.9385,15.987323
2033Q2,31.6158,1.01109,235.655,0.002602,42.0943,1.245333,346.4504,0.593173,257.5132,0.603837,310.4974,5.095583,70.6373,9.780779,65.3537,19.825599,354.6251,30.64513,292.4487,37.141152,175.268,0.00257,31.6752,16.802381
2033Q3,119.6148,1.012576,17.8398,0.002476,115.4358,1.326056,85.3404,1.279384,246.9806,0.528954,309.167,4.013868,82.043,9.803114,70.4631,19.623484,355.637,29.26565,291.0606,36.38586,170.3927,0.00257,36.618,15.753935
2033Q4,210.1076,0.988951,149.5759,0.0027,191.3623,1.069003,198.3244,1.660811,295.2193,1.071863,304.1017,4.826828,86.8093,8.446447,71.2261,18.20411,353.4513,29.043649,290.1677,37.6,165.5175,0.00257,34.489,14.546341
2034Q1,302.5304,0.987738,258.5209,0.002583,293.7503,0.648963,312.688,1.677466,359.7141,1.77184,320.2542,5.908673,80.7687,8.274001,67.9164,18.355392,353.6544,30.451374,292.3154,38.470333,160.6952,0.00257,31.7996,15.378441
2034Q2,31.3689,1.011058,8.1091,0.002398,52.9815,0.91227,63.2197,1.339069,60.998,2.398793,340.9408,5.546879,83.2374,9.632669,69.5366,19.713187,356.781,30.667154,293.9686,37.427286,155.9259,0.00257,36.4311,16.268114
2034Q3,119.3718,1.01267,147.6823,0.002614,131.4063,1.327022,165.1537,0.657831,120.2579,2.674759,349.3163,4.243664,94.4,9.96179,74.6956,19.619226,357.9058,29.29866,292.6281,36.637713,151.0507,0.00257,41.869,15.309527
2034Q4,209.853,0.989003,269.3092,0.002673,200.515,1.362578,176.5945,0.351978,179.1202,2.415337,339.9513,4.257949,101.032,8.698344,75.8134,18.19562,355.7429,29.015079,291.6818,37.82467,146.1754,0.00257,40.1648,14.009207
2035Q1,302.2769,0.987658,31.5749,0.002479,276.3197,0.900383,259.878,1.009394,238.6732,1.719184,348.7545,5.58215,95.6747,8.185658,72.4684,18.228597,355.8285,30.413543,293.777,38.728626,141.3531,0.00257,37.0481,14.723116
2035Q2,31.1276,1.010968,146.3784,0.002588,43.3487,0.602964,8.2644,1.541926,297.0003,0.958692,9.5894,5.886505,95.9961,9.477374,73.7624,19.596816,358.9365,30.686776,295.4679,37.711733,136.5838,0.00257,41.5324,15.684313
2035Q3,119.1253,1.01269,270.5488,0.002692,142.7593,1.130007,120.9809,1.729402,334.0729,0.425259,25.42,4.801734,106.5329,10.096195,78.9466,19.612154,0.1724,29.331918,294.1756,36.889413,131.7086,0.00257,47.5016,14.830396
2035Q4,209.5907,0.988997,42.3473,0.002424,212.1739,1.447868,235.1238,1.482174,329.5073,0.653489,20.1712,4.008331,114.7113,8.990842,80.4211,18.193757,358.0378,28.987158,293.178,38.048304,126.8333,0.00257,46.329,13.444885
2036Q1,302.0134,0.987608,170.1296,0.002512,279.7266,1.189952,345.4634,0.956847,17.897,1.453152,19.1281,5.132403,110.6081,8.177277,77.0737,18.106882,358.0056,30.373611,295.2198,38.984974,122.0111,0.00257,42.767,14.022444
2036Q2,31.8358,1.011136,281.6164,0.002703,14.7137,0.608728,51.9289,0.315698,74.6896,2.228847,37.2492,6.033998,108.953,9.339687,78.0766,19.488606,1.1237,30.6958,296.9491,37.979193,117.1888,0.00257,47.1241,15.053904
2036Q3,119.8366,1.012553,47.8908,0.002503,146.6633,0.832888,74.3484,0.771704,132.416,2.637869,56.7611,5.43171,118.5825,10.200863,83.268,19.591559,2.4267,29.350327,295.6807,37.14326,112.3135,0.00257,53.6292,14.301471
2036Q4,210.343,0.988886,191.2819,0.002518,224.591,1.343318,180.6349,1.384022,192.2972,2.519818,60.0536,4.200796,127.8683,9.288347,85.0273,18.18361,0.3104,28.96875,294.6629,38.289444,107.4383,0.00257,53.0231,12.850271
2037Q1,302.7676,0.987835,305.9596,0.002717,291.4948,1.371722,294.4034,1.690774,255.6981,1.986007,51.8638,4.704948,125.2881,8.247869,81.6997,18.001791,0.2077,30.346892,296.6743,39.239171,102.616,0.00257,49.0567,13.294176
2037Q2,31.5871,1.011126,46.7454,0.002573,5.9198,0.882952,46.073,1.652659,321.7607,1.378745,64.0091,5.970351,121.9464,9.196729,82.3862,19.365517,3.2755,30.711576,298.4086,38.261857,97.8467,0.00257,53.1377,14.37332
2037Q3,119.5924,1.01258,189.6106,0.002473,129.6025,0.615505,157.0877,1.184573,23.392,0.852389,84.2985,5.971831,130.3091,10.276146,87.5583,19.578403,4.6865,29.383674,297.1885,37.395397,92.9715,0.00257,60.2537,13.76042
2037Q4,210.0865,0.988922,319.2658,0.002701,232.0849,1.07539,254.613,0.498337,34.0541,0.49605,95.4023,4.720663,140.4363,9.606807,89.6702,18.192544,2.6062,28.942382,296.1235,38.513032,88.0962,0.00257,60.4692,12.247858
2038Q1,302.5084,0.987714,68.3154,0.002568,304.8021,1.371813,259.9977,0.464346,39.9643,1.13343,86.6138,4.412251,139.707,8.388055,86.4008,17.891135,2.387,30.304561,298.0818,39.493587,83.2739,0.00257,56.054,12.513867
2038Q2,31.344,1.011,179.3242,0.002408,13.7311,1.181003,352.5152,1.144604,88.0356,1.985222,90.7577,5.717813,135.0208,9.071691,86.739,19.239245,5.424,30.725551,299.8489,38.544158,78.5046,0.00257,59.755,13.646111
2038Q3,119.3476,1.012599,317.5597,0.002636,102.9276,0.766241,102.7224,1.628192,144.0926,2.512171,109.5024,6.30099,141.8612,10.316562,91.8652,19.561395,6.941,29.417928,298.6779,37.648581,73.6294,0.00257,67.5072,13.194492
2038Q4,209.8247,0.988986,79.8257,0.002659,223.8111,0.729415,217.2666,1.695004,205.0499,2.544527,125.5688,5.342158,152.4781,9.913903,94.3237,18.207165,4.902,28.917922,297.5682,38.73697,68.7541,0.00257,68.7469,11.642623
2039Q1,302.2451,0.987664,204.2674,0.002475,317.9595,1.12555,330.9091,1.413382,271.3959,2.201914,122.0565,4.373306,153.6529,8.589,91.1466,17.787624,4.5671,30.261747,299.4733,39.747371,63.9319,0.00257,63.9336,11.70559
2039Q2,31.0943,1.010991,317.5572,0.002603,30.1003,1.323559,75.802,0.825064,340.5112,1.781515,118.2809,5.338028,148.1321,8.971119,91.1333,19.110577,7.5691,30.738591,301.2718,38.826414,59.1626,0.00257,67.108,12.876618
2039Q3,119.0974,1.012709,80.2189,0.002678,105.0693,1.167031,107.1823,0.29756,46.1241,1.343669,133.5164,6.379149,153.2649,10.321738,96.1874,19.540772,9.1905,29.453628,300.1504,37.90272,54.2873,0.00257,75.5022,12.610338
2039Q4,209.5698,0.989056,213.1983,0.002406,193.1554,0.813926,165.2988,0.906198,86.9819,0.762351,152.0993,5.888747,164.0477,10.196051,98.9836,18.227305,7.1976,28.896063,298.9983,38.961429,49.4121,0.00257,78.0039,11.049772
