Time,sun_lon,sun_dist,moon_lon,moon_dist,mercury_lon,mercury_dist,venus_lon,venus_dist,mars_lon,mars_dist,jupiter_lon,jupiter_dist,saturn_lon,saturn_dist,uranus_lon,uranus_dist,neptune_lon,neptune_dist,pluto_lon,pluto_dist,node_lon,node_dist,chiron_lon,chiron_dist
2005-01-03,262.3471,0.983349,206.7116,0.002473,241.1665,1.1572,242.0602,1.561694,224.2203,2.213293,173.8452,5.390454,90.566,8.084102,310.2128,20.704953,290.107,30.93278,238.9958,31.785059,4.1061,0.00257,272.1051,14.188316
2005-01-10,269.4824,0.983595,311.6671,0.002443,250.7233,1.256799,250.8281,1.585695,229.0724,2.165964,174.3377,5.277516,89.9916,8.075631,310.5256,20.790289,290.3535,30.982946,239.2371,31.734001,3.7351,0.00257,272.7253,14.214867
2005-01-17,276.6101,0.984041,42.8927,0.002688,260.964,1.329873,259.5969,1.607825,233.9466,2.117342,174.6867,5.165783,89.4164,8.082816,310.863,20.864905,290.6093,31.019643,239.4653,31.670622,3.3642,0.00257,273.3472,14.228081
2005-01-24,283.7264,0.984755,126.3757,0.002688,271.7287,1.378523,268.3649,1.628156,238.8436,2.06769,174.8866,5.056832,88.8567,8.105413,311.2212,20.927897,290.8712,31.04247,239.6781,31.595944,2.9932,0.00257,273.9648,14.228057
2005-01-31,290.8319,0.985745,215.869,0.002492,283.0237,1.403172,277.1327,1.646684,243.7649,2.017168,174.9329,4.952214,88.3278,8.142949,311.5963,20.97853,291.1367,31.051181,239.8731,31.511037,2.6223,0.00257,274.5731,14.214987
2005-02-07,297.9255,0.986927,319.6626,0.002437,294.9186,1.40152,285.8989,1.663325,248.7092,1.965898,174.8233,4.853588,87.844,8.194757,311.9844,21.016128,291.4018,31.045619,240.048,31.417081,2.2513,0.00257,275.1664,14.189123
2005-02-14,304.9998,0.988246,51.562,0.002686,307.4657,1.367399,294.6591,1.678037,253.6735,1.914104,174.5597,4.762711,87.4189,8.259814,312.3814,21.040189,291.6644,31.025867,240.2006,31.315522,1.8804,0.00257,275.7389,14.150956
2005-02-21,312.0504,0.98975,135.3846,0.002666,320.5377,1.289854,303.4111,1.690857,258.6576,1.862047,174.1496,4.681174,87.0634,8.336781,312.7829,21.050541,291.9212,30.992337,240.3294,31.207944,1.5095,0.00257,276.2852,14.101231
2005-02-28,319.0785,0.991457,226.0757,0.002502,333.3985,1.157047,312.1556,1.701767,263.6628,1.809883,173.6039,4.610402,86.7854,8.424244,313.1846,21.047173,292.1692,30.945568,240.4331,31.095903,1.1385,0.00257,276.8007,14.040752
2005-03-07,326.0854,0.993288,327.671,0.002455,344.0716,0.975305,320.8926,1.71065,268.6873,1.7577,172.9373,4.55176,86.5913,8.52074,313.5831,21.030136,292.406,30.88617,240.5107,30.980991,0.7676,0.00257,277.2805,13.970369
2005-03-14,333.0662,0.995155,59.7042,0.002681,349.7393,0.788159,329.6185,1.717386,273.7267,1.705672,172.1711,4.506499,86.4859,8.624608,313.9737,20.999665,292.6287,30.814979,240.5613,30.86498,0.3966,0.00257,277.7195,13.891151
2005-03-21,340.0169,0.997084,143.9928,0.002641,348.8986,0.650668,338.3307,1.72195,278.7795,1.654022,171.3314,4.475478,86.4712,8.734072,314.3526,20.9563,292.8347,30.733107,240.5847,30.749664,0.0257,0.00257,278.1135,13.804374
2005-03-28,346.9392,0.999105,236.8481,0.002494,343.5917,0.592775,347.0295,1.724307,283.8458,1.602873,170.4467,4.459205,86.5468,8.847463,314.7161,20.900711,293.022,30.641732,240.5813,30.636706,359.6547,0.00257,278.4589,13.711322
2005-04-04,353.837,1.001154,336.3844,0.00249,338.8582,0.609788,355.7162,1.724332,288.923,1.552254,169.5461,4.457978,86.7116,8.963205,315.0607,20.833594,293.1887,30.54205,240.5514,30.527719,359.2838,0.00257,278.7523,13.613287
2005-04-11,0.7083,1.003128,67.5559,0.002681,338.0221,0.675826,4.3892,1.721859,294.0046,1.502262,168.6616,4.471814,86.9635,9.079646,315.3828,20.755819,293.3327,30.435442,240.4959,30.424397,358.9128,0.00257,278.9902,13.511746
2005-04-18,7.5499,1.005031,152.1293,0.00262,341.1935,0.767402,13.0458,1.716826,299.0865,1.453057,167.8241,4.500256,87.2985,9.195159,315.6789,20.668514,293.4526,30.323485,240.4163,30.328333,358.5419,0.00257,279.1704,13.408311
2005-04-25,14.3638,1.006905,247.5338,0.002469,347.418,0.871379,21.6865,1.709215,304.1673,1.404709,167.0605,4.542522,87.7117,9.308321,315.9464,20.57288,293.5474,30.207737,240.3143,30.240893,358.171,0.00257,279.2916,13.304538
2005-05-02,21.1559,1.008711,345.9525,0.002529,355.9137,0.98133,30.3137,1.698949,309.2423,1.357176,166.3932,4.59769,88.1982,9.417857,316.1826,20.470102,293.6161,30.089709,240.192,30.163318,357.8,0.00257,279.3526,13.201934
2005-05-09,27.9271,1.010345,75.4974,0.002688,6.2547,1.092757,38.9277,1.685892,314.3023,1.31047,165.8425,4.664651,88.7528,9.522466,316.3849,20.361508,293.6581,29.97104,240.0517,30.096842,357.4291,0.00257,279.3529,13.102134
2005-05-16,34.6752,1.011794,160.0226,0.002609,18.2943,1.198569,47.5262,1.670001,319.3395,1.264677,165.4234,4.741994,89.3696,9.620925,316.5512,20.248627,293.6732,29.853469,239.8962,30.042499,357.0581,0.00257,279.2934,13.006816
2005-05-23,41.4019,1.013108,257.6152,0.002435,31.992,1.283505,56.1088,1.65132,324.3491,1.219811,165.145,4.828204,90.0419,9.712236,316.68,20.132992,293.6618,29.738626,239.7286,30.001025,356.6872,0.00257,279.1761,12.917511
2005-05-30,48.1144,1.014283,356.0578,0.00256,47.017,1.321606,64.6779,1.629888,329.3242,1.175771,165.0116,4.921839,90.7642,9.795558,316.7704,20.016065,293.6243,29.62802,239.552,29.972994,356.3162,0.00257,279.0036,12.835627
2005-06-06,54.8159,1.015223,83.8031,0.002701,62.29,1.292697,73.2345,1.605662,334.2509,1.132489,165.0258,5.021439,91.5306,9.870013,316.8211,19.899412,293.5615,29.523227,239.3695,29.958918,355.9453,0.00257,278.7791,12.762621
2005-06-13,61.5051,1.015902,168.0601,0.002608,76.4677,1.208038,81.7759,1.578665,339.1162,1.089992,165.1866,5.125425,92.3347,9.934825,316.832,19.784724,293.4748,29.425816,239.1847,29.959046,355.5744,0.00257,278.5078,12.699874
2005-06-20,68.1832,1.016376,266.8795,0.002404,88.869,1.096436,90.2995,1.549026,343.9105,1.048261,165.4892,5.232279,93.1701,9.989433,316.8035,19.673612,293.366,29.337158,239.0012,29.973314,355.2034,0.00257,278.1956,12.648514
2005-06-27,74.8575,1.016677,6.2045,0.002577,99.3344,0.978574,98.8059,1.516909,348.6223,1.007163,165.9272,5.340678,94.0311,10.033415,316.7367,19.567548,293.2371,29.258435,238.8222,30.001501,354.8325,0.00257,277.849,12.609467
2005-07-04,81.533,1.016726,92.5062,0.002713,107.7223,0.864453,107.2957,1.482381,353.2308,0.966592,166.4942,5.449343,94.9121,10.066307,316.6325,19.468055,293.0904,29.19083,238.6509,30.043314,354.4615,0.00257,277.475,12.583621
2005-07-11,88.2092,1.016489,176.5878,0.002613,113.6496,0.759607,115.7652,1.445528,357.7146,0.926555,167.1828,5.556945,95.8069,10.087747,316.4933,19.376678,292.9284,29.135421,238.4906,30.098187,354.0906,0.00257,277.0822,12.571671
2005-07-18,94.8863,1.016021,275.4821,0.002388,116.4278,0.670573,124.2094,1.406525,2.0552,0.887053,167.9837,5.662272,96.7091,10.097591,316.3217,19.294786,292.7545,29.093007,238.3443,30.165278,353.7196,0.00257,276.6793,12.57398
2005-07-25,101.5707,1.01539,15.9357,0.00258,115.3435,0.609384,132.6262,1.365608,6.2316,0.847986,168.8878,5.764324,97.613,10.095811,316.1212,19.223531,292.5716,29.064148,238.2146,30.243636,353.3487,0.00257,276.2749,12.59066
2005-08-01,108.2686,1.01454,101.4233,0.002718,110.8373,0.595605,141.0155,1.322916,10.2102,0.809285,169.8872,5.862136,98.5133,10.082338,315.8953,19.164043,292.3829,29.049359,238.104,30.332274,352.9777,0.00257,275.8776,12.621743
2005-08-08,114.9799,1.013433,185.7617,0.002614,106.0227,0.649431,149.3732,1.278546,13.953,0.771032,170.9735,5.954705,99.4035,10.057219,315.6484,19.117365,292.192,29.048969,238.0145,30.429963,352.6068,0.00257,275.4965,12.667007
2005-08-15,121.7037,1.012119,283.8942,0.002393,105.1515,0.775552,157.6921,1.232652,17.4233,0.733347,172.1377,6.041146,100.2773,10.020723,315.3856,19.084264,292.0027,29.062982,237.9482,30.535274,352.2359,0.00257,275.1401,12.725889
2005-08-22,128.4447,1.01069,24.9666,0.002574,110.1685,0.953802,165.9668,1.185466,20.5795,0.696296,173.3711,6.120775,101.1289,9.973229,315.1121,19.065223,291.8182,29.091156,237.9061,30.646754,351.8649,0.00257,274.8158,12.797609
2005-08-29,135.2093,1.009124,110.2638,0.002715,120.2861,1.139304,174.1957,1.137143,23.362,0.660008,174.6667,6.192923,101.9524,9.915081,314.833,19.060645,291.642,29.133185,237.8894,30.762969,351.494,0.00257,274.5304,12.881338
2005-09-05,141.9976,1.007377,195.4789,0.002605,133.1413,1.282762,182.3734,1.087751,25.7024,0.624834,176.0168,6.256883,102.7412,9.846767,314.5542,19.070759,291.4774,29.188552,237.8989,30.882313,351.123,0.00257,274.2902,12.976017
2005-09-12,148.8074,1.005491,292.7158,0.002416,146.4924,1.366657,190.4889,1.037385,27.5343,0.59125,177.4134,6.312064,103.4885,9.769004,314.2815,19.095458,291.3278,29.256417,237.9349,31.003065,350.7521,0.00257,274.1005,13.080317
2005-09-19,155.6408,1.003573,33.2792,0.002569,159.2935,1.401112,198.5298,0.98623,28.7903,0.559757,178.8486,6.358068,104.1884,9.682621,314.0205,19.134335,291.1959,29.33574,237.9971,31.123588,350.3811,0.00257,273.965,13.192801
2005-09-26,162.5036,1.001632,118.7612,0.002707,171.3195,1.399686,206.4873,0.93444,29.3924,0.531016,180.3161,6.394504,104.8348,9.588424,313.7763,19.186897,291.0841,29.425452,238.0851,31.242324,350.0102,0.00257,273.8865,13.312062
2005-10-03,169.3959,0.999626,205.3875,0.002579,182.6196,1.370813,214.3477,0.882072,29.2785,0.506002,181.8089,6.420944,105.4208,9.487386,313.5541,19.252455,290.995,29.524298,238.1983,31.357622,349.6392,0.00257,273.8672,13.436547
2005-10-10,176.314,0.997578,302.3836,0.002447,193.2753,1.318293,222.0869,0.829184,28.4362,0.485861,183.3192,6.437092,105.94,9.380716,313.3588,19.329996,290.9304,29.630765,238.3356,31.46782,349.2683,0.00257,273.9082,13.564539
2005-10-17,183.257,0.995596,41.1633,0.002573,203.304,1.242976,229.6718,0.775948,26.9191,0.471709,184.8396,6.442842,106.387,9.269721,313.1944,19.418272,290.8917,29.743233,238.4955,31.571431,348.8974,0.00257,274.0091,13.694342
2005-10-24,190.229,0.993722,126.82,0.002699,212.5699,1.144019,237.0672,0.722573,24.8478,0.46465,186.3635,6.438096,106.7563,9.155688,313.0643,19.51601,290.8799,29.860134,238.6762,31.667118,348.5264,0.00257,274.1688,13.824381
2005-10-31,197.2302,0.991912,214.9817,0.002542,220.5845,1.020688,244.2271,0.669197,22.435,0.465729,187.8841,6.422739,107.0427,9.040063,312.9714,19.621797,290.8957,29.979787,238.8759,31.753523,348.1555,0.00257,274.3859,13.95302
2005-11-07,204.2553,0.990165,312.9177,0.002474,226.0439,0.87749,251.0815,0.615974,19.9705,0.475582,189.3929,6.396799,107.2418,8.924506,312.9182,19.733977,290.9395,30.100353,239.0925,31.829373,347.7845,0.00257,274.6581,14.078568
2005-11-14,211.3004,0.988579,49.1233,0.002592,226.139,0.739592,257.5299,0.563221,17.7442,0.494218,190.8821,6.360506,107.3509,8.810713,312.9059,19.850785,291.0108,30.220017,239.3233,31.893658,347.4136,0.00257,274.9818,14.199457
2005-11-21,218.3675,0.987214,134.6038,0.002696,218.7356,0.677903,263.4465,0.511421,15.9765,0.521237,192.3446,6.314108,107.3687,8.700306,312.9353,19.970542,291.109,30.337112,239.5659,31.945564,347.0426,0.00257,275.3535,14.314318
2005-11-28,225.4564,0.986031,223.8296,0.002504,211.4214,0.756684,268.6665,0.461127,14.8108,0.55601,193.7721,6.257851,107.2943,8.595007,313.0065,20.091524,291.2333,30.449955,239.8177,31.984324,346.6717,0.00257,275.7694,14.421788
2005-12-05,232.5613,0.984997,323.8585,0.002483,212.312,0.917309,272.958,0.41307,14.3151,0.597661,195.1556,6.19214,107.1292,8.496641,313.1192,20.211883,291.3822,30.556816,240.0758,32.009327,346.3007,0.00257,276.225,14.520527
2005-12-12,239.6756,0.984186,57.5967,0.002622,218.9496,1.077232,276.0066,0.368426,14.4812,0.645139,196.4858,6.117601,106.8779,8.406929,313.2721,20.329802,291.554,30.656118,240.337,32.020284,345.9298,0.00257,276.7153,14.609402
2005-12-19,246.7992,0.983665,142.4668,0.002699,228.0019,1.207066,277.4543,0.32897,15.2501,0.697534,197.7546,6.034873,106.5464,8.327385,313.4633,20.443663,291.7466,30.746522,240.5985,32.017123,345.5589,0.00257,277.2352,14.687521
2005-12-26,253.9321,0.9834,231.9154,0.002479,238.0159,1.303966,276.9912,0.297016,16.5531,0.754111,198.9524,5.944612,106.1423,8.259472,313.6908,20.551896,291.9579,30.826755,240.8574,31.999851,345.1879,0.00257,277.7797,14.754044
2006-01-02,261.0686,0.983329,334.4521,0.002472,248.4969,1.371056,274.5558,0.275315,18.3237,0.814164,200.0688,5.847648,105.6761,8.204577,313.9521,20.652917,292.1855,30.895594,241.1107,31.968664,344.817,0.00257,278.3436,14.808201
2006-01-09,268.2008,0.983487,66.6648,0.002652,259.3237,1.41125,270.6495,0.266577,20.4921,0.876967,201.0936,5.74503,105.161,8.163776,314.244,20.745285,292.4264,30.952061,241.3553,31.924098,344.446,0.00257,278.921,14.849486
2006-01-16,275.3271,0.983941,150.7265,0.002704,270.5238,1.425567,266.465,0.27225,22.9898,0.941974,202.0176,5.637818,104.6111,8.137779,314.5629,20.82784,292.6779,30.995476,241.5885,31.866878,344.0751,0.00257,279.5064,14.87764
2006-01-23,282.4478,0.984663,239.7904,0.002477,282.1747,1.41233,263.3519,0.291501,25.7633,1.008787,202.8308,5.527091,104.0413,8.127105,314.9055,20.899532,292.9372,31.025262,241.8078,31.797796,343.7041,0.00257,280.0945,14.892475
2006-01-30,289.5593,0.985568,344.0564,0.002449,294.3276,1.366365,262.0959,0.321794,28.772,1.07699,203.5226,5.4141,103.4678,8.132046,315.2681,20.959358,293.2014,31.040951,242.0104,31.717819,343.3332,0.00257,280.6799,14.893895
2006-02-06,296.6533,0.986649,76.0131,0.002673,306.8534,1.278474,262.8036,0.360316,31.9777,1.146107,204.0837,5.300302,102.9074,8.152469,315.6465,21.006534,293.4671,31.042363,242.1939,31.628214,342.9623,0.00257,281.2566,14.882081
2006-02-13,303.7276,0.987967,159.4438,0.002702,319.0387,1.138682,265.2281,0.404682,35.3441,1.215789,204.5066,5.187128,102.3758,8.187852,316.0366,21.040585,293.7314,31.029618,242.3564,31.530363,342.5913,0.00257,281.8195,14.85745
2006-02-20,310.7837,0.989503,248.2305,0.002491,328.8401,0.952901,269.0203,0.453018,38.8448,1.285798,204.7844,5.076006,101.8867,8.237495,316.4344,21.061158,293.9914,31.002938,242.4962,31.425657,342.2204,0.00257,282.3634,14.820467
2006-02-27,317.8203,0.991161,352.5753,0.00243,332.9715,0.76627,273.8493,0.503963,42.4616,1.355859,204.9107,4.968505,101.4531,8.300504,316.8358,21.067974,294.2443,30.962652,242.6116,31.315601,341.8494,0.00257,282.8833,14.771691
2006-03-06,324.8308,0.992896,85.1727,0.00268,329.8536,0.642946,279.4509,0.55666,46.1767,1.42561,204.883,4.866324,101.0868,8.375639,317.2366,21.060991,294.487,30.909378,242.7013,31.20192,341.4785,0.00257,283.3739,14.711944
2006-03-13,331.8127,0.994758,168.4063,0.00269,323.3011,0.61354,285.6399,0.61054,49.9717,1.494792,204.7029,4.771047,100.7963,8.461429,317.6326,21.040466,294.7168,30.843987,242.7647,31.086344,341.1075,0.00257,283.8305,14.642238
2006-03-20,338.7687,0.996742,257.6744,0.002506,319.4489,0.658854,292.2816,0.665107,53.8337,1.563248,204.3741,4.684162,100.5875,8.556392,318.02,21.006751,294.9314,30.767404,242.8014,30.97052,340.7366,0.00257,284.2491,14.563601
2006-03-27,345.7007,0.998759,0.5589,0.00243,320.3366,0.742743,299.2701,0.719933,57.7552,1.630786,203.9041,4.607182,100.4651,8.659005,318.395,20.960262,295.1284,30.680631,242.8111,30.85613,340.3656,0.00257,284.6253,14.477124
2006-04-03,352.6041,1.000731,93.8327,0.002677,325.0129,0.841392,306.5225,0.774761,61.7286,1.697116,203.3063,4.541585,100.4321,8.767561,318.7535,20.901642,295.3056,30.584915,242.7942,30.744969,339.9947,0.00257,284.9552,14.384132
2006-04-10,359.4768,1.002698,177.2886,0.00267,332.3046,0.944109,313.9838,0.829436,65.7439,1.762031,202.5997,4.488544,100.4887,8.880314,319.0921,20.831792,295.461,30.481684,242.7515,30.638715,339.6238,0.00257,285.2355,14.286078
2006-04-17,6.3225,1.004676,268.0114,0.00251,341.4961,1.04639,321.6154,0.883753,69.7946,1.825429,201.8062,4.448971,100.6334,8.995667,319.4075,20.751659,295.5932,30.372345,242.6842,30.538872,339.2528,0.00257,285.4637,14.184374
2006-04-24,13.1455,1.00659,8.8057,0.002451,352.2496,1.14498,329.3846,0.937459,73.8785,1.887183,200.9508,4.423628,100.8641,9.112093,319.6966,20.662222,295.7008,30.258327,242.5937,30.446894,338.8819,0.00257,285.6373,14.080456
2006-05-01,19.944,1.008348,101.9963,0.002673,4.4662,1.23409,337.2605,0.99038,77.9928,1.947058,200.063,4.41304,101.1781,9.227994,319.9562,20.564665,295.7826,30.141246,242.4818,30.364246,338.5109,0.00257,285.7544,13.975943
2006-05-08,26.7162,1.009975,185.8421,0.002647,18.1426,1.300926,345.2234,1.042438,82.1319,2.004886,199.1744,4.417271,101.5705,9.341847,320.1838,20.460367,295.838,30.022804,242.351,30.292169,338.14,0.00257,285.814,13.872501
2006-05-15,33.4661,1.01151,278.7697,0.002497,33.0565,1.322674,353.2618,1.093499,86.2927,2.060608,198.3143,4.436049,102.0363,9.452344,320.3773,20.350698,295.8667,29.904601,242.2038,30.231655,337.769,0.00257,285.8164,13.771681
2006-05-22,40.1999,1.012904,17.8281,0.002487,48.2823,1.278572,1.3654,1.143349,90.4754,2.114149,197.5104,4.468919,102.5703,9.558289,320.5348,20.237016,295.8687,29.788194,242.0429,30.183591,337.3981,0.00257,285.7619,13.675002
2006-05-29,46.9183,1.014061,109.9198,0.002674,62.411,1.176849,9.5216,1.191806,94.6799,2.165323,196.7892,4.515177,103.1676,9.658447,320.6543,20.120849,295.8442,29.675257,241.8713,30.148795,337.0271,0.00257,285.6517,13.58409
2006-06-05,53.6197,1.014993,194.02,0.002627,74.5566,1.048288,17.7219,1.238791,98.9031,2.213991,196.1732,4.573738,103.8217,9.751702,320.7349,20.003845,295.7939,29.567446,241.6924,30.127789,336.6562,0.00257,285.4886,13.50051
2006-06-12,60.3078,1.015757,289.3754,0.002469,84.4398,0.917327,25.9639,1.284209,103.1435,2.260125,195.679,4.643334,104.5264,9.837164,320.7761,19.887574,295.7192,29.466231,241.5096,30.120815,336.2853,0.00257,285.2761,13.425625
2006-06-19,66.9898,1.016338,27.6458,0.002524,91.8467,0.796404,34.2469,1.327875,107.4026,2.303697,195.3184,4.722696,105.2761,9.914048,320.7777,19.773539,295.6214,29.372971,241.3261,30.127995,335.9143,0.00257,285.0184,13.360688
2006-06-26,73.6685,1.016647,117.9305,0.002683,96.3383,0.69278,42.5663,1.369599,111.6817,2.344562,195.1006,4.810453,106.0653,9.981532,320.74,19.663362,295.5023,29.289071,241.1453,30.149343,335.5434,0.00257,284.7205,13.306964
2006-07-03,80.3426,1.016683,201.9979,0.002618,97.3153,0.614823,50.9182,1.409297,115.9793,2.382604,195.0304,4.905051,106.8874,10.038925,320.6639,19.558688,295.3642,29.21581,240.9706,30.184555,335.1724,0.00257,284.389,13.265537
2006-07-10,87.0145,1.016516,299.3458,0.002435,94.6851,0.575493,59.3031,1.446917,120.2948,2.417818,195.1075,5.004957,107.7362,10.085755,320.5513,19.461001,295.2096,29.154202,240.8054,30.233068,334.8015,0.00257,284.031,13.237195
2006-07-17,93.6918,1.016168,37.9243,0.002554,90.158,0.590235,67.7238,1.482332,124.63,2.450217,195.3292,5.108787,108.6063,10.121639,320.4044,19.371649,295.0414,29.105097,240.6524,30.29423,334.4305,0.00257,283.6538,13.222547
2006-07-24,100.3786,1.015563,126.2486,0.002697,87.2272,0.667739,76.1791,1.51537,128.9872,2.479692,195.6922,5.215161,109.492,10.146152,320.2255,19.292022,294.8624,29.069322,240.5145,30.367287,334.0596,0.00257,283.2651,13.222134
2006-07-31,107.0737,1.01469,210.1008,0.002619,88.6594,0.803202,84.6665,1.545964,133.3659,2.506149,196.1907,5.32263,110.3869,10.159017,320.0184,19.223422,294.6761,29.047485,240.3945,30.451199,333.6887,0.00257,282.8738,13.236217
2006-08-07,113.778,1.013625,308.4439,0.002405,95.1726,0.977792,93.1853,1.574113,137.7656,2.529603,196.8168,5.429856,111.2848,10.160165,319.7872,19.166894,294.486,29.039881,240.2945,30.544726,333.3177,0.00257,282.4885,13.264718
2006-08-14,120.4984,1.012425,48.1833,0.002569,106.0443,1.155,101.7381,1.599779,142.1884,2.550103,197.562,5.535696,112.1803,10.149611,319.5362,19.123272,294.2954,29.04661,240.2164,30.646612,332.9468,0.00257,282.117,13.307365
2006-08-21,127.2397,1.011033,134.8991,0.00271,119.4482,1.289707,110.3241,1.622845,146.637,2.567579,198.4189,5.639032,113.0675,10.127333,319.2701,19.093358,294.1078,29.067709,240.1619,30.75554,332.5758,0.00257,281.7673,13.363793
2006-08-28,134.0005,1.009429,218.6656,0.002624,133.317,1.362448,118.9396,1.643276,151.1113,2.581961,199.379,5.738706,113.94,10.093475,318.9945,19.077753,293.9269,29.102948,240.1322,30.869971,332.2049,0.00257,281.4471,13.433339
2006-09-04,140.7802,1.007687,316.8092,0.00239,146.5274,1.383728,127.5815,1.661126,155.6109,2.593282,200.433,5.833688,114.7912,10.048396,318.715,19.076727,293.7561,29.151773,240.1282,30.988258,331.8339,0.00257,281.1634,13.515038
2006-09-11,147.5836,1.005892,57.9611,0.002569,158.8088,1.369343,136.2498,1.676453,160.1378,2.601632,201.5719,5.923146,115.6155,9.992536,318.4372,19.090299,293.5986,29.213461,240.1503,31.108828,331.463,0.00257,280.9218,13.607794
2006-09-18,154.4155,1.004012,143.7237,0.002716,170.2042,1.329255,144.9434,1.689214,164.6946,2.606983,202.7882,6.006257,116.4066,9.926316,318.1665,19.118409,293.4573,29.287231,240.1986,31.230106,331.092,0.00257,280.7273,13.710471
2006-09-25,161.2746,1.00202,227.8697,0.002626,180.788,1.268003,153.6578,1.699406,169.2816,2.609294,204.0736,6.082165,117.1575,9.850348,317.9088,19.16074,293.3351,29.372039,240.273,31.350378,330.7211,0.00257,280.5843,13.82169
2006-10-02,168.158,0.999974,324.991,0.002397,190.5538,1.18691,162.3882,1.707119,173.8983,2.608624,205.4196,6.150147,117.8617,9.765471,317.6696,19.216631,293.2345,29.466573,240.3728,31.467927,330.3502,0.00257,280.4959,13.939873
2006-10-09,175.0678,0.997982,66.9585,0.00256,199.3169,1.085878,171.1328,1.712478,178.5459,2.605106,206.8177,6.20967,118.5132,9.6726,317.4537,19.285197,293.1575,29.569423,240.4971,31.5812,329.9792,0.00257,280.4637,14.063429
2006-10-16,182.0085,0.996035,152.4529,0.002714,206.5177,0.965477,179.8914,1.715508,183.2273,2.598763,208.2612,6.260203,119.1056,9.572651,317.2654,19.365499,293.1056,29.67918,240.6445,31.688709,329.6083,0.00257,280.489,14.190812
2006-10-23,188.9781,0.994097,237.6034,0.002614,210.7842,0.832275,188.6604,1.716219,187.9425,2.589592,209.7427,6.301188,119.6321,9.466749,317.109,19.456364,293.0804,29.794234,240.8138,31.788912,329.2373,0.00257,280.5721,14.320328
2006-10-30,195.9717,0.992208,333.7279,0.002422,209.488,0.713572,197.4354,1.714692,192.6908,2.577683,211.2537,6.332213,120.0866,9.35624,316.9881,19.556338,293.0826,29.912803,241.0029,31.880368,328.8664,0.00257,280.7124,14.450201
2006-11-06,202.9883,0.990475,75.1787,0.002553,201.5856,0.677551,206.2145,1.711074,197.4728,2.563212,212.7867,6.353052,120.4641,9.242529,316.9051,19.663851,293.1126,30.033127,241.2097,31.961881,328.4954,0.00257,280.9079,14.578765
2006-11-13,210.0311,0.988918,160.8405,0.002707,195.325,0.777749,214.9987,1.705431,202.2908,2.546265,214.335,6.363486,120.7595,9.127012,316.8618,19.77736,293.1703,30.153533,241.432,32.032383,328.1245,0.00257,281.1564,14.704479
2006-11-20,217.098,0.987487,247.4507,0.002586,197.5301,0.952,223.7868,1.697755,207.1451,2.52688,215.8912,6.363283,120.9683,9.011273,316.86,19.895179,293.2554,30.272242,241.6675,32.090824,327.7535,0.00257,281.4555,14.825743
2006-11-27,224.1824,0.986194,343.5025,0.002454,205.1928,1.118436,232.5752,1.688087,212.0341,2.505177,217.4471,6.352368,121.0871,8.897072,316.9002,20.015458,293.3672,30.387425,241.9133,32.136345,327.3826,0.00257,281.8016,14.940978
2006-12-04,231.2803,0.985136,83.0021,0.002559,214.954,1.248763,241.3618,1.676545,216.9576,2.481377,218.9949,6.330861,121.1148,8.786146,316.9821,20.136369,293.5042,30.497403,242.1667,32.168392,327.0117,0.00257,282.1904,15.048811
2006-12-11,238.3934,0.984347,168.8194,0.002701,225.4151,1.342008,250.1478,1.6632,221.9178,2.455625,220.5274,6.298893,121.0511,8.680153,317.105,20.256228,293.665,30.600673,242.4247,32.186573,326.6407,0.00257,282.618,15.148051
2006-12-18,245.5197,0.983773,256.8463,0.002548,236.136,1.402725,258.933,1.648023,226.9144,2.427994,222.037,6.256596,120.897,8.580851,317.2678,20.373306,293.8478,30.695726,242.6846,32.190572,326.2698,0.00257,283.0798,15.237517
2006-12-25,252.6521,0.983387,354.2036,0.002476,247.0307,1.434621,267.714,1.630985,231.9453,2.39863,223.5144,6.204269,120.656,8.490037,317.4687,20.485836,294.0504,30.78111,242.9434,32.180309,325.8988,0.00257,283.571,15.316118
2007-01-01,259.7843,0.983262,91.0212,0.002582,258.1418,1.439262,276.4865,1.612147,237.0094,2.367781,224.9513,6.142416,120.3347,8.409319,317.7051,20.592207,294.2703,30.855633,243.1978,32.156037,325.5279,0.00257,284.0862,15.383034
2007-01-08,266.9166,0.983441,176.582,0.0027,269.5504,1.415569,285.2499,1.591563,242.108,2.335633,226.3399,6.071548,119.941,8.340086,317.9742,20.691033,294.505,30.91834,243.4451,32.118163,325.1569,0.00257,284.6203,15.437655
2007-01-15,274.0482,0.983869,265.4282,0.002513,281.3012,1.359282,294.0035,1.569184,247.2408,2.302285,227.6711,5.992185,119.4844,8.283663,318.273,20.780973,294.7518,30.968337,243.6826,32.067181,324.786,0.00257,285.1683,15.479414
2007-01-22,281.1727,0.984481,5.1772,0.002478,293.2575,1.262743,302.7428,1.544921,252.4049,2.267878,228.9351,5.905026,118.9775,8.241221,318.5984,20.860736,295.0079,31.004864,243.9073,32.003823,324.4151,0.00257,285.7246,15.507875
2007-01-29,288.2827,0.985316,99.648,0.002615,304.709,1.11784,311.4613,1.518764,257.5979,2.232662,230.1222,5.810967,118.4346,8.213551,318.9462,20.929273,295.27,31.027477,244.1166,31.929128,324.0441,0.00257,286.2836,15.522903
2007-02-05,295.378,0.986423,184.485,0.002703,313.5575,0.930791,320.1555,1.49075,262.8203,2.196836,231.2239,5.710905,117.8709,8.201096,319.3126,20.985809,295.5355,31.035989,244.3082,31.844233,323.6732,0.00257,286.8401,15.524563
2007-02-12,302.4593,0.987749,273.3673,0.002494,316.1204,0.748419,328.8234,1.460831,268.0713,2.160495,232.2303,5.60575,117.3014,8.204112,319.6939,21.029646,295.8007,31.030289,244.4801,31.750323,323.3022,0.00257,287.3891,15.512966
2007-02-19,309.5222,0.989202,15.626,0.00246,310.9844,0.643798,337.4605,1.428895,273.3471,2.123745,233.1308,5.496586,116.7425,8.222594,320.0861,21.060183,296.0634,31.010426,244.63,31.648775,322.9313,0.00257,287.9252,15.488366
2007-02-26,316.56,0.990787,108.8453,0.002646,303.975,0.644958,346.0586,1.394891,278.6441,2.0868,233.9156,5.384688,116.2102,8.256094,320.4847,21.077099,296.3201,30.976775,244.7564,31.541202,322.5603,0.00257,288.4429,15.45131
2007-03-05,323.5722,0.992551,192.8094,0.002707,301.4563,0.716147,354.6115,1.35886,283.9615,2.049837,234.5765,5.271306,115.7184,8.303846,320.8856,21.080342,296.5681,30.929928,244.858,31.429211,322.1894,0.00257,288.9376,15.402511
2007-03-12,330.5612,0.994456,281.31,0.002494,303.9349,0.814488,3.1162,1.320805,289.2978,2.012918,235.1047,5.157697,115.2795,8.364956,321.285,21.069931,296.8047,30.870534,244.9338,31.314387,321.8184,0.00257,289.4047,15.342703
2007-03-19,337.5259,0.996397,25.0826,0.002435,309.8135,0.917823,11.5684,1.280656,294.6485,1.976082,235.4915,5.045275,114.9049,8.438334,321.6789,21.045987,297.0273,30.799376,244.9832,31.198429,321.4475,0.00257,289.8396,15.272748
2007-03-26,344.4608,0.998344,118.2248,0.002665,317.8959,1.017902,19.9583,1.238377,300.0082,1.939475,235.7306,4.935612,114.6038,8.52257,322.0629,21.008911,297.2333,30.717533,245.0057,31.083162,321.0766,0.00257,290.2377,15.193772
2007-04-02,351.3655,1.000347,201.5851,0.002705,327.5652,1.111858,28.2764,1.194063,305.3749,1.903222,235.8188,4.830193,114.3827,8.616117,322.4334,20.959331,297.4205,30.626229,245.0018,30.970292,320.7056,0.00257,290.5952,15.107008
2007-04-09,358.2442,1.002387,289.9181,0.002506,338.5637,1.197498,36.5162,1.147815,310.7462,1.867328,235.7541,4.73047,114.2458,8.717463,322.7868,20.897916,297.5871,30.526686,244.972,30.861416,320.3347,0.00257,290.9089,15.013674
2007-04-16,5.0988,1.004363,33.6567,0.00242,350.8361,1.270133,44.6707,1.099678,316.117,1.831752,235.5367,4.637988,114.1961,8.82505,323.1197,20.825414,297.7312,30.420221,244.9169,30.758153,319.9637,0.00257,291.1753,14.915078
2007-04-23,11.9256,1.006219,127.3526,0.00267,4.4032,1.318982,52.7256,1.049687,321.4802,1.796549,235.1721,4.554333,114.2349,8.937161,323.4285,20.742829,297.8511,30.308379,244.838,30.66214,319.5928,0.00257,291.3914,14.81275
2007-04-30,18.7244,1.008004,210.6024,0.002694,19.1152,1.324241,60.6621,0.998024,326.8324,1.761782,234.671,4.480879,114.361,9.052112,323.7101,20.651339,297.946,30.192764,244.7371,30.574782,319.2218,0.00257,291.5552,14.708251
2007-05-07,25.5004,1.009725,299.4611,0.002517,34.1787,1.26543,68.4628,0.94492,332.1708,1.727394,234.0469,4.418836,114.5721,9.168386,323.962,20.55211,298.0148,30.074906,244.6163,30.497297,318.8509,0.00257,291.6655,14.603073
2007-05-14,32.258,1.011297,41.9133,0.002423,48.1378,1.147629,76.1082,0.890565,337.4896,1.693265,233.3176,4.369358,114.8654,9.284511,324.1815,20.446361,298.0571,29.956371,244.4777,30.430858,318.4799,0.00257,291.721,14.498751
2007-05-21,38.9957,1.012649,135.9857,0.002668,59.8595,1.002919,83.5679,0.835108,342.7804,1.659363,232.5068,4.333443,115.2376,9.398945,324.3661,20.335527,298.0724,29.838881,244.3241,30.376551,318.109,0.00257,291.7211,14.396972
2007-05-28,45.7129,1.013825,219.5457,0.002676,68.8903,0.860018,90.7976,0.778836,348.0387,1.625694,231.6424,4.311687,115.6833,9.510277,324.5142,20.221148,298.0612,29.724114,244.1586,30.335154,317.7381,0.00257,291.6669,14.299366
2007-06-04,52.4152,1.014859,309.7746,0.002516,74.9287,0.734414,97.7459,0.722132,353.2611,1.592155,230.7529,4.304385,116.1973,9.617304,324.6245,20.104696,298.0239,29.613597,243.9841,30.307217,317.3671,0.00257,291.5599,14.207415
2007-06-11,59.1089,1.015695,50.4894,0.002446,77.5526,0.635591,104.3513,0.665381,358.4415,1.558571,229.8679,4.311649,116.7748,9.718891,324.6959,19.987654,297.9615,29.508832,243.8039,30.293201,316.9962,0.00257,291.4021,14.122581
2007-06-18,65.7941,1.016251,144.1434,0.002665,76.5484,0.573462,110.5262,0.608944,3.5707,1.524846,229.0182,4.333314,117.4102,9.813869,324.7276,19.871669,297.8751,29.41139,243.6212,30.293421,316.6252,0.00257,291.1965,14.046385
2007-06-25,72.4701,1.016567,228.1552,0.002654,72.8993,0.559518,116.1432,0.553353,8.6425,1.490951,228.2332,4.368772,118.0974,9.901225,324.7196,19.758407,297.7665,29.322696,243.4397,30.30785,316.2543,0.00257,290.9476,13.980175
2007-07-02,79.1418,1.016701,320.4249,0.002501,69.3439,0.601309,121.0364,0.499378,13.6528,1.456772,227.5371,4.417166,118.8303,9.980158,324.6728,19.649395,297.6378,29.243951,243.2627,30.336236,315.8833,0.00257,290.6605,13.925066
2007-07-09,85.8164,1.016628,59.7535,0.002482,68.7579,0.696892,124.9966,0.447977,18.5951,1.422113,226.9503,4.477542,119.6035,10.049928,324.5881,19.546114,297.4912,29.176266,243.0931,30.378247,315.5124,0.00257,290.3407,13.882075
2007-07-16,92.4957,1.01627,152.0568,0.002668,72.3983,0.836651,127.7506,0.400323,23.4584,1.386854,226.4907,4.548759,120.4113,10.109766,324.467,19.450134,297.3294,29.120741,242.9343,30.433387,315.1415,0.00257,289.9946,13.852174
2007-07-23,99.1783,1.015655,236.3495,0.002636,80.2702,1.004443,128.9627,0.358098,28.2337,1.350968,226.1708,4.629406,121.2473,10.15907,324.3121,19.362938,297.1554,29.078232,242.7892,30.500839,314.7705,0.00257,289.6299,13.83605
2007-07-30,105.8678,1.01486,330.8794,0.002471,91.805,1.170775,128.3337,0.323644,32.9152,1.314372,225.9974,4.71802,122.1054,10.197444,324.1263,19.28578,296.9725,29.049313,242.6606,30.579611,314.3996,0.00257,289.2542,13.834089
2007-08-06,112.5717,1.013897,69.7051,0.002519,105.666,1.294858,125.8219,0.2997,37.4938,1.276898,225.9736,4.813222,122.9803,10.224539,323.9132,19.219799,296.7838,29.034428,242.5506,30.668679,314.0286,0.00257,288.875,13.846531
2007-08-13,119.2926,1.012695,160.0403,0.002679,119.9992,1.355169,121.9054,0.2887,41.9544,1.23845,226.1007,4.913582,123.8662,10.239983,323.6766,19.16613,296.5927,29.033942,242.4615,30.766883,313.6577,0.00257,288.5005,13.873494
2007-08-20,126.0288,1.01127,244.2861,0.002628,133.5999,1.361952,117.6477,0.291932,46.2826,1.199055,226.3766,5.017562,124.7565,10.243588,323.4213,19.125704,296.4031,29.047913,242.3952,30.872801,313.2867,0.00257,288.1389,13.914758
2007-08-27,132.7817,1.009711,340.6606,0.002435,146.1289,1.333319,114.3069,0.308812,50.4665,1.158713,226.7956,5.123711,125.6452,10.235369,323.1525,19.099142,296.2185,29.076099,242.3529,30.984925,312.9158,0.00257,287.7979,13.969796
2007-09-03,139.558,1.008064,80.0487,0.002547,157.6102,1.281092,112.718,0.337054,54.4902,1.117346,227.351,5.230753,126.5268,10.215384,322.8754,19.086888,296.0421,29.118124,242.3356,31.101788,312.5448,0.00257,287.4844,14.037955
2007-09-10,146.3609,1.00627,168.3375,0.002694,168.1071,1.210715,113.0661,0.373738,58.3286,1.074958,228.0364,5.337414,127.3952,10.183683,322.5954,19.089304,295.8773,29.173509,242.3442,31.22184,312.1739,0.00257,287.2049,14.118462
2007-09-17,153.1877,1.004334,252.325,0.002631,177.5843,1.124043,115.1368,0.416368,61.9549,1.031703,228.8436,5.442379,128.2435,10.140525,322.3185,19.106461,295.7274,29.241459,242.3789,31.343359,311.803,0.00257,286.9657,14.21023
2007-09-24,160.0378,1.002343,349.527,0.002405,185.8002,1.021674,118.6095,0.463102,65.3426,0.987755,229.7631,5.544462,129.0655,10.086374,322.0506,19.138088,295.5954,29.320916,242.4397,31.464634,311.432,0.00257,286.7717,14.311946
2007-10-01,166.9158,1.000373,90.3159,0.002559,192.1096,0.905552,123.1872,0.512556,68.4593,0.943237,230.7858,5.642673,129.8551,10.021743,321.7968,19.183722,295.4836,29.410738,242.526,31.584085,311.0611,0.00257,286.6265,14.422256
2007-10-08,173.8248,0.998384,177.007,0.002709,195.086,0.784459,128.6164,0.563666,71.2579,0.898381,231.9037,5.736026,130.6059,9.947161,321.5625,19.242806,295.3944,29.509711,242.6371,31.700111,310.6901,0.00257,286.5334,14.539754
2007-10-15,180.7615,0.996361,260.8536,0.002637,192.42,0.687711,134.6986,0.615752,73.6858,0.853634,233.1078,5.823507,131.3108,9.863388,321.3528,19.314476,295.3299,29.616355,242.7722,31.811037,310.3192,0.00257,286.4947,14.662809
2007-10-22,187.7226,0.994381,357.6862,0.002391,184.3747,0.678568,141.2913,0.66838,75.6889,0.809533,234.3887,5.90425,131.9632,9.771396,321.1722,19.397566,295.2914,29.729015,242.9296,31.915304,309.9482,0.00257,286.5115,14.789683
2007-10-29,194.7098,0.992539,100.0109,0.002556,179.4102,0.79755,148.2946,0.721183,77.2061,0.766636,235.7375,5.977576,132.5572,9.672203,321.0243,19.490795,295.2798,29.846052,243.1076,32.011562,309.5773,0.00257,286.5837,14.918717
2007-11-05,201.7261,0.990812,185.8824,0.002716,182.8851,0.98212,155.6271,0.773777,78.161,0.725699,237.1467,6.042808,133.0864,9.56686,320.9124,19.592837,295.2959,29.965829,243.3044,32.098508,309.2063,0.00257,286.711,15.048288
2007-11-12,208.7673,0.989168,270.0425,0.002637,191.5134,1.152931,163.2204,0.825915,78.4819,0.687796,238.608,6.099254,133.5442,9.456655,320.8392,19.702128,295.3401,30.086538,243.5178,32.174857,308.8354,0.00257,286.892,15.17665
2007-11-19,215.8276,0.987657,5.8374,0.002402,201.9653,1.282213,171.0237,0.877463,78.1194,0.654165,240.1127,6.146374,133.9251,9.343071,320.8066,19.816918,295.4119,30.206317,243.7454,32.239528,308.4645,0.00257,287.1247,15.302072
2007-11-26,222.9061,0.986381,108.8052,0.002544,212.8741,1.370687,179.0024,0.928292,77.0558,0.626095,241.6525,6.18382,134.2246,9.227608,320.8154,19.935462,295.5107,30.323442,243.9846,32.291721,308.0935,0.00257,287.4059,15.423007
2007-12-03,230.0047,0.985333,194.6507,0.002715,223.8426,1.424427,187.1265,0.978187,75.3167,0.605019,243.2205,6.211242,134.4384,9.111771,320.8661,20.056076,295.6354,30.436283,244.2327,32.330727,307.7226,0.00257,287.7327,15.53802
2007-12-10,237.1192,0.984461,279.6912,0.002622,234.816,1.44802,195.3659,1.026991,73.0127,0.592451,244.809,6.22829,134.5629,8.997271,320.9587,20.176948,295.7849,30.543141,244.487,32.355927,307.3516,0.00257,288.1015,15.645637
2007-12-17,244.2423,0.983782,14.795,0.002431,245.8504,1.443521,203.6961,1.074649,70.3515,0.589581,246.4094,6.234773,134.5964,8.885932,321.0922,20.296211,295.9573,30.642393,244.7445,32.366973,306.9807,0.00257,288.5079,15.744498
2007-12-24,251.3703,0.983386,116.7758,0.002537,257.0249,1.410392,212.1019,1.121135,67.5993,0.596996,248.0139,6.230697,134.5391,8.779495,321.2649,20.412143,296.1504,30.732662,245.0021,32.363826,306.6097,0.00257,288.9473,15.8335
2007-12-31,258.5044,0.983281,203.0386,0.002709,268.3737,1.345221,220.5714,1.166326,65.0246,0.614775,249.6157,6.216067,134.3925,8.679622,321.475,20.523181,296.3622,30.812738,245.257,32.346555,306.2388,0.00257,289.4152,15.911697
2008-01-07,265.6415,0.983397,289.2926,0.002592,279.7431,1.241758,229.09,1.210106,62.8661,0.6425,251.207,6.190892,134.1595,8.588059,321.72,20.627733,296.5901,30.881433,245.5064,32.315353,305.8678,0.00257,289.9068,15.978163
2008-01-14,272.7737,0.983712,24.9087,0.002461,290.4121,1.093709,237.6443,1.252452,61.2916,0.679202,252.7791,6.155354,133.846,8.506504,321.9972,20.72427,296.8315,30.937725,245.7471,32.2707,305.4969,0.00257,290.4168,16.032142
2008-01-21,279.8958,0.984293,124.4689,0.002547,298.2345,0.908149,246.227,1.2934,60.3732,0.723573,254.324,6.109824,133.4605,8.4364,322.303,20.811508,297.0834,30.980911,245.9765,32.213369,305.126,0.00257,290.9399,16.07318
2008-01-28,287.0088,0.985162,211.0085,0.002703,299.2459,0.733653,254.8345,1.3329,60.107,0.774361,255.8345,6.054669,133.0127,8.378963,322.634,20.888383,297.3429,31.010485,246.1919,32.144209,304.755,0.00257,291.4711,16.100981
2008-02-04,294.1113,0.986239,298.336,0.002554,292.4735,0.651153,263.4607,1.370856,60.4551,0.830434,257.3021,5.990265,132.514,8.335324,322.9868,20.953863,297.6071,31.026009,246.391,32.064176,304.3841,0.00257,292.0054,16.115298
2008-02-11,301.1967,0.987463,35.8357,0.002475,285.6761,0.68301,272.0979,1.407235,61.3601,0.890675,258.7177,5.917157,131.9784,8.306381,323.3573,21.007049,297.8729,31.027256,246.5712,31.974479,304.0131,0.00257,292.5372,16.116075
2008-02-18,308.2592,0.988876,132.5619,0.002575,284.6603,0.777178,280.7418,1.442086,62.7492,0.954038,260.0725,5.836077,131.4212,8.292616,323.7414,21.047337,298.1373,31.014334,246.7305,31.876556,303.6422,0.00257,293.0613,16.10356
2008-02-25,315.3002,0.990508,218.8119,0.002702,288.5352,0.887255,289.3924,1.47539,64.5488,1.019741,261.3584,5.74774,130.8574,8.294189,324.135,21.074353,298.3973,30.987529,246.8674,31.77184,303.2712,0.00257,293.5728,16.078136
2008-03-03,322.3205,0.992282,306.6622,0.002522,295.3757,0.99365,298.0477,1.507044,66.6993,1.087168,262.5663,5.652867,130.3022,8.311092,324.5343,21.087774,298.6501,30.947194,246.9804,31.661812,302.9003,0.00257,294.0671,16.040227
2008-03-10,329.3161,0.994111,46.8279,0.002469,304.0551,1.090334,306.7031,1.536961,69.1508,1.155697,263.686,5.552351,129.7713,8.343017,324.9349,21.087426,298.8927,30.893883,247.068,31.548137,302.5294,0.00257,294.539,15.99044
2008-03-17,336.2818,0.996008,141.3811,0.00261,314.0522,1.175787,315.3549,1.565148,71.8558,1.224735,264.708,5.447261,129.279,8.389234,325.3327,21.073445,299.1224,30.828463,247.1296,31.432597,302.1584,0.00257,294.9839,15.929661
2008-03-24,343.2191,0.998012,226.8152,0.002706,325.1766,1.248736,324.0039,1.59158,74.7718,1.293878,265.624,5.338633,128.8377,8.448776,325.7238,21.046157,299.3369,30.751913,247.165,31.316873,301.7875,0.00257,295.3976,15.858862
2008-03-31,350.1314,1.000064,314.5944,0.002507,337.4095,1.305457,332.6505,1.616128,77.8684,1.362824,266.4243,5.227513,128.4579,8.520589,326.1044,21.005929,299.5339,30.665243,247.1738,31.202607,301.4165,0.00257,295.7762,15.779028
2008-04-07,357.0177,1.002061,57.1949,0.002448,350.7918,1.336868,341.2922,1.638643,81.1225,1.43122,267.0989,5.115115,128.149,8.603418,326.4708,20.953264,299.711,30.569627,247.1565,31.091535,301.0456,0.00257,296.1156,15.691301
2008-04-14,3.8738,1.003993,150.7551,0.00264,5.2209,1.3259,349.926,1.659063,84.5109,1.498689,267.6393,5.002812,127.9183,8.695737,326.8189,20.888954,299.8664,30.466489,247.1137,30.985395,300.6746,0.00257,296.4123,15.597056
2008-04-21,10.7015,1.005909,235.2465,0.00271,20.0131,1.253101,358.5529,1.677348,88.0125,1.565005,268.039,4.891921,127.7698,8.795968,327.1456,20.813929,299.9987,30.357285,247.0468,30.885709,300.3037,0.00257,296.6635,15.497691
2008-04-28,17.5061,1.007773,322.7211,0.002508,33.6796,1.120625,7.175,1.693368,91.6133,1.63002,268.2912,4.783758,127.7064,8.902595,327.4478,20.729122,300.1064,30.24344,246.9571,30.793892,299.9327,0.00257,296.8668,15.394574
2008-05-05,24.2895,1.009487,66.6215,0.002425,44.7947,0.961209,15.7925,1.70694,95.3039,1.69352,268.3905,4.67978,127.7296,9.014047,327.7223,20.635581,300.1884,30.126491,246.8464,30.711356,299.5618,0.00257,297.0196,15.28919
2008-05-12,31.0486,1.011017,160.246,0.002657,52.6573,0.80839,24.4033,1.717962,99.0737,1.755236,268.335,4.581555,127.8393,9.128622,327.9662,20.534604,300.244,30.008147,246.7169,30.639412,299.1909,0.00257,297.1205,15.183199
2008-05-19,37.7852,1.012422,244.0778,0.002708,56.8831,0.681535,33.0085,1.726407,102.9114,1.815035,268.1269,4.490512,128.0331,9.244721,328.1772,20.427562,300.273,29.890053,246.5714,30.579067,298.8199,0.00257,297.169,15.078195
2008-05-26,44.5056,1.013696,331.5274,0.002518,57.261,0.59259,41.6113,1.732192,106.8112,1.872855,267.7705,4.408015,128.3083,9.360904,328.3533,20.315786,300.2753,29.773759,246.4124,30.531168,298.449,0.00257,297.1647,14.975693
2008-06-02,51.2141,1.014755,75.2543,0.002412,54.4505,0.551636,50.2138,1.735173,110.77,1.928568,267.2737,4.335476,128.6615,9.475747,328.4925,20.20069,300.2511,29.660862,246.2429,30.496497,298.078,0.00257,297.1081,14.877267
2008-06-09,57.9089,1.015551,169.441,0.002663,50.7315,0.564732,58.8146,1.735259,114.783,1.981973,266.651,4.274258,129.0887,9.587775,328.5934,20.083884,300.2011,29.553043,246.0661,30.475654,297.7071,0.00257,297.0004,14.784575
2008-06-16,64.5912,1.016145,253.0746,0.002698,49.0016,0.629406,67.4136,1.73248,118.8443,2.032989,265.9219,4.225428,129.5845,9.695687,328.6552,19.966977,300.1267,29.451818,245.8854,30.468894,297.3361,0.00257,296.8442,14.699113
2008-06-23,71.2673,1.016566,341.1816,0.002526,50.8497,0.73666,76.0136,1.726852,122.9514,2.081609,265.1089,4.189834,130.1436,9.798368,328.6776,19.851482,300.0292,29.35854,245.704,30.476295,296.9652,0.00257,296.6426,14.622222
2008-06-30,77.9433,1.016751,83.5802,0.002418,56.4458,0.875984,84.6168,1.718332,127.1044,2.127768,264.2381,4.168204,130.7611,9.894732,328.6605,19.738945,299.9104,29.274546,245.5252,30.497854,296.5942,0.00257,296.3992,14.555225
2008-07-07,84.6184,1.016643,178.1193,0.002661,65.4915,1.034187,93.2216,1.706888,131.3018,2.171312,263.3401,4.161025,131.4315,9.983676,328.6044,19.631038,299.7724,29.201157,245.3524,30.533345,296.2233,0.00257,296.1188,14.499421
2008-07-14,91.293,1.016302,261.9287,0.00268,77.5891,1.187388,101.8259,1.692623,135.5401,2.212193,262.4473,4.168329,132.1485,10.064287,328.5108,19.529334,299.618,29.139437,245.1888,30.582211,295.8524,0.00257,295.8074,14.455834
2008-07-21,97.9727,1.015786,351.5311,0.002523,91.8088,1.299081,110.4303,1.675666,139.8185,2.250445,261.5897,4.189859,132.9063,10.135839,328.3817,19.435238,299.4498,29.090228,245.0373,30.64375,295.4814,0.00257,295.4712,14.425257
2008-07-28,104.6642,1.015063,92.1687,0.002443,106.5352,1.345902,119.0361,1.656087,144.1386,2.286051,260.7961,4.225188,133.6996,10.19763,328.2192,19.350122,299.2709,29.054295,244.9006,30.717199,295.1105,0.00257,295.1166,14.408389
2008-08-04,111.368,1.01407,186.3074,0.002658,120.4901,1.337054,127.6415,1.633916,148.5005,2.318898,260.0937,4.273619,134.5226,10.248948,328.0263,19.275383,299.0845,29.032304,244.7815,30.80159,294.7395,0.00257,294.7511,14.405804
2008-08-11,118.083,1.012862,270.3977,0.002659,133.243,1.293,136.2423,1.609297,152.9022,2.348961,259.5057,4.334075,135.3689,10.289287,327.807,19.21221,298.8941,29.024595,244.6822,30.895675,294.3686,0.00257,294.3827,14.417717
2008-08-18,124.8133,1.011519,2.1793,0.002505,144.7851,1.227696,144.8374,1.582427,157.3435,2.376306,259.0487,4.40533,136.2325,10.31832,327.5656,19.161538,298.7034,29.031251,244.6045,30.998137,293.9976,0.00257,294.019,14.444074
2008-08-25,131.5658,1.010042,101.4129,0.002479,155.1597,1.147745,153.4276,1.553445,161.8266,2.400961,258.7349,4.486139,137.1081,10.335736,327.3064,19.124198,298.5156,29.052253,244.55,31.107655,293.6267,0.00257,293.6672,14.484703
2008-09-01,138.3413,1.008369,194.2463,0.002662,164.2969,1.055632,162.0119,1.52241,166.3525,2.422853,258.5736,4.575131,137.9896,10.341235,327.0347,19.100942,298.3344,29.087432,244.52,31.222749,293.2558,0.00257,293.3349,14.539254
2008-09-08,145.1375,1.006542,278.4251,0.002643,171.8889,0.952705,170.586,1.489441,170.9198,2.441975,258.5692,4.670746,138.8705,10.334737,326.7561,19.092214,298.1633,29.136269,244.5155,31.34175,292.8848,0.00257,293.0294,14.607016
2008-09-15,151.9563,1.004658,12.5865,0.002473,177.1967,0.842308,179.1474,1.454731,175.5283,2.458425,258.721,4.771464,139.7448,10.31634,326.4764,19.098148,298.0056,29.198007,244.5367,31.463011,292.5139,0.00257,292.7569,14.687046
2008-09-22,158.8035,1.002746,111.3745,0.002516,178.773,0.735609,187.6971,1.418436,180.1802,2.472276,259.0259,4.875894,140.6066,10.286163,326.2009,19.11873,297.8641,29.271809,244.5839,31.584963,292.1429,0.00257,292.5226,14.77833
2008-09-29,165.6804,1.000753,202.2721,0.002674,174.832,0.66348,196.2356,1.380599,184.8769,2.483494,259.48,4.982621,141.4496,10.244361,325.9354,19.153809,297.7417,29.356694,244.6568,31.705937,291.772,0.00257,292.3317,14.879711
2008-10-06,172.5831,0.998702,286.2202,0.002638,167.0733,0.68177,204.7587,1.341281,189.6171,2.492098,260.0768,5.090165,142.2668,10.191328,325.6857,19.202882,297.641,29.451365,244.7549,31.824183,291.401,0.00257,292.1884,14.989738
2008-10-13,179.5107,0.996689,22.2243,0.002435,163.6233,0.816684,213.2623,1.300616,194.4003,2.498212,260.8074,5.197171,143.0519,10.127645,325.4571,19.265148,297.564,29.554365,244.8772,31.938075,291.0301,0.00257,292.0954,15.106839
2008-10-20,186.4672,0.994774,121.7588,0.002542,168.3206,1.008192,221.7455,1.258749,199.2281,2.50196,261.6627,5.302473,143.7988,10.053921,325.254,19.339689,297.5122,29.664233,245.0224,32.046139,290.6591,0.00257,292.0546,15.229472
2008-10-27,193.4538,0.99291,210.6447,0.002691,177.8563,1.181138,230.2081,1.215706,204.102,2.503351,262.6345,5.404902,144.5007,9.970825,325.0809,19.425467,297.4871,29.779418,245.1892,32.146878,290.2882,0.00257,292.0674,15.35603
2008-11-03,200.4654,0.991096,294.1969,0.002643,188.9838,1.307777,238.6438,1.171489,209.0205,2.502428,263.7133,5.503271,145.1505,9.879285,324.9417,19.521134,297.4895,29.898145,245.3756,32.238815,289.9173,0.00257,292.1343,15.484728
2008-11-10,207.4981,0.989416,30.8518,0.002405,200.3475,1.39021,247.0432,1.126175,213.982,2.499345,264.8886,5.596544,145.7419,9.780414,324.8395,19.625139,297.5199,30.018596,245.5796,32.320689,289.5463,0.00257,292.2544,15.613785
2008-11-17,214.5536,0.98795,132.0147,0.002549,211.5762,1.436163,255.3986,1.079896,218.9877,2.494272,266.1507,5.68388,146.269,9.675346,324.7763,19.735913,297.578,30.139059,245.7987,32.391464,289.1754,0.00257,292.4262,15.741564
2008-11-24,221.6327,0.986656,219.3941,0.002706,222.6419,1.45121,263.7035,1.03269,224.0385,2.487262,267.4913,5.76444,146.7257,9.565283,324.754,19.851853,297.6635,30.257816,246.0308,32.450138,288.8044,0.00257,292.6481,15.866447
2008-12-01,228.7295,0.985508,302.7384,0.002649,233.6133,1.437935,271.9441,0.984544,229.1323,2.478382,268.9012,5.837377,147.1058,9.451684,324.7735,19.97115,297.7757,30.373045,246.2732,32.49582,288.4335,0.00257,292.9174,15.986747
2008-12-08,235.8379,0.984561,38.8233,0.002397,244.5659,1.396243,280.0992,0.935507,234.2665,2.467804,270.3706,5.902009,147.4046,9.336148,324.8352,20.091932,297.9133,30.483009,246.5229,32.527907,288.0625,0.00257,293.2308,16.100894
2008-12-15,242.9568,0.983903,141.5608,0.002541,255.516,1.323498,288.1453,0.885725,239.4413,2.455734,271.8908,5.957848,147.6186,9.220256,324.9383,20.212442,298.0746,30.586186,246.7771,32.54606,287.6916,0.00257,293.5844,16.207552
2008-12-22,250.0871,0.983501,228.2951,0.002714,266.2853,1.214758,296.0597,0.8353,244.6568,2.442263,273.454,6.004404,147.7444,9.105617,325.0819,20.330991,298.2579,30.681132,247.033,32.55001,287.3206,0.00257,293.9745,16.305462
2008-12-29,257.2232,0.983297,311.9315,0.002647,276.1265,1.065538,303.8092,0.784267,249.9102,2.427467,275.0521,6.04119,147.7799,8.99403,325.2646,20.445804,298.4609,30.766409,247.2878,32.539653,286.9497,0.00257,294.3968,16.393381
2009-01-05,264.3576,0.983314,47.0145,0.002413,282.8532,0.884197,311.3455,0.73272,255.1981,2.411516,276.6762,6.067891,147.7251,8.887333,325.4841,20.555173,298.6814,30.840769,247.5382,32.515204,286.5788,0.00257,294.8465,16.470263
2009-01-12,271.4872,0.983631,150.1222,0.002526,282.3615,0.721033,318.6075,0.680891,260.5187,2.394632,278.3182,6.084378,147.5821,8.787226,325.7375,20.657622,298.9164,30.903258,247.7814,32.477136,286.2078,0.00257,295.3187,16.53534
2009-01-19,278.6134,0.984225,237.0098,0.002714,274.3922,0.662883,325.5261,0.629053,265.8716,2.37692,279.9714,6.090521,147.3542,8.695332,326.0221,20.751816,299.1635,30.953055,248.0148,32.425986,285.8369,0.00257,295.8086,16.587959
2009-01-26,285.732,0.985016,321.4867,0.002628,268.2875,0.724182,332.0082,0.57745,271.2533,2.358441,281.6276,6.086194,147.0464,8.613323,326.3348,20.836424,299.4198,30.989409,248.2356,32.362462,285.4659,0.00257,296.3113,16.627522
2009-02-02,292.8355,0.985987,56.2091,0.002443,268.7814,0.838506,337.9198,0.526442,276.6591,2.339337,283.2788,6.071443,146.667,8.54273,326.6717,20.910275,299.6821,31.011823,248.4411,32.287565,285.095,0.00257,296.8215,16.653665
2009-02-09,299.92,0.9872,157.9845,0.002522,273.8716,0.958181,343.0782,0.476655,282.0859,2.319809,284.9172,6.046493,146.2262,8.484777,327.0291,20.97249,299.9475,31.020123,248.629,32.202504,284.724,0.00257,297.334,16.66632
2009-02-16,306.9876,0.988649,245.3124,0.002708,281.5035,1.066445,347.2548,0.428991,287.5323,2.299951,286.5361,6.011558,145.7352,8.44047,327.403,21.022366,300.2129,31.014268,248.7974,32.108494,284.3531,0.00257,297.844,16.66552
2009-02-23,314.0366,0.990239,330.9221,0.002596,290.6498,1.159306,350.159,0.384594,292.9944,2.279782,288.1276,5.966851,145.207,8.410696,327.7897,21.059241,300.4755,30.994308,248.9441,32.006878,283.9822,0.00257,298.3465,16.651363
2009-03-02,321.0612,0.991918,66.534,0.002467,300.8778,1.236362,351.438,0.345092,298.4666,2.259382,289.6833,5.912755,144.6564,8.396045,328.185,21.082653,300.7323,30.960556,249.0676,31.899227,283.6112,0.00257,298.8365,16.624191
2009-03-09,328.0572,0.99373,165.8402,0.002537,312.0493,1.297117,350.7715,0.31285,303.9444,2.2389,291.1952,5.849821,144.099,8.396678,328.5845,21.09245,300.9801,30.913626,249.1666,31.787221,283.2403,0.00257,299.3089,16.584611
2009-03-16,335.0278,0.995684,253.2443,0.002702,324.1751,1.338708,348.1332,0.290797,309.426,2.218394,292.6562,5.778573,143.5493,8.412486,328.9842,21.088637,301.2166,30.85422,249.2403,31.672457,282.8693,0.00257,299.7597,16.533298
2009-03-23,341.9741,0.99769,339.8616,0.002561,337.3116,1.353529,344.0911,0.281624,314.9073,2.197821,294.0579,5.699535,143.0218,8.443198,329.3805,21.071264,301.4391,30.783113,249.2879,31.556585,282.4984,0.00257,300.1843,16.470981
2009-03-30,348.8927,0.999668,77.491,0.002474,351.3897,1.326958,339.8228,0.286771,320.3822,2.177179,295.3909,5.613393,142.531,8.488223,329.7692,21.04058,301.6451,30.701312,249.3092,31.441394,282.1274,0.00257,300.5783,16.398602
2009-04-06,355.78,1.001645,174.2802,0.002568,5.8113,1.241083,336.6133,0.305754,325.8456,2.156546,296.6467,5.520995,142.0896,8.546592,330.1461,20.997126,301.8323,30.610063,249.3043,31.328658,281.7565,0.00257,300.9377,16.317335
2009-04-13,2.6397,1.00365,261.0765,0.002702,19.0667,1.095702,335.2428,0.336365,331.2954,2.135932,297.8172,5.423153,141.7077,8.617184,330.5078,20.941553,301.9988,30.510635,249.2739,31.219972,281.3855,0.00257,301.2592,16.22836
2009-04-20,9.4759,1.005609,348.2477,0.002533,29.3935,0.923609,335.8273,0.375697,336.7281,2.11523,298.8931,5.320679,141.3942,8.698816,330.8509,20.874538,302.143,30.404317,249.2189,31.116905,281.0146,0.00257,301.5395,16.132882
2009-04-27,16.2875,1.007429,88.3664,0.002463,35.7553,0.763843,338.0985,0.421179,342.1377,2.094354,299.8643,5.214554,141.1563,8.790106,331.1718,20.796935,302.2632,30.292582,249.1404,31.021061,280.6437,0.00257,301.7755,16.032286
2009-05-04,23.0717,1.00912,183.4306,0.002604,37.7473,0.640603,341.7032,0.470952,347.5189,2.073316,300.7214,5.105917,140.9993,8.889454,331.4671,20.709856,302.3581,30.177064,249.0402,30.933917,280.2727,0.00257,301.9646,15.928125
2009-05-11,29.8324,1.01073,269.1185,0.002706,35.7654,0.567864,346.3369,0.523638,352.8698,2.052078,301.4562,4.995859,140.9256,8.995287,331.7342,20.614461,302.4272,30.05933,248.9204,30.856686,279.9018,0.00257,302.1053,15.821895
2009-05-18,36.5755,1.012212,356.3641,0.002519,31.8439,0.552557,351.7532,0.578157,358.1878,2.030488,302.0597,4.885484,140.9365,9.106103,331.9705,20.511907,302.4697,29.940915,248.7833,30.790487,279.5308,0.00257,302.1961,15.71507
2009-05-25,43.3025,1.013473,98.5862,0.002441,29.1139,0.591373,357.7583,0.633722,3.4677,2.008395,302.5226,4.776066,141.0324,9.220324,332.1732,20.403497,302.4854,29.82347,248.6313,30.736392,279.1599,0.00257,302.2359,15.609256
2009-06-01,50.0112,1.014507,193.0119,0.002633,29.6118,0.673043,4.2111,0.689848,8.7044,1.985755,302.8378,4.669023,141.212,9.33629,332.3404,20.290742,302.4744,29.708718,248.4675,30.695257,278.7889,0.00257,302.2246,15.506148
2009-06-08,56.7051,1.015378,277.5418,0.00271,33.6598,0.785934,11.0174,0.746147,13.8961,1.962508,303.0009,4.565695,141.472,9.452491,332.4705,20.175133,302.4375,29.598222,248.295,30.667617,278.418,0.00257,302.1632,15.407294
2009-06-15,63.3909,1.016072,4.6705,0.002521,40.8663,0.920796,18.1063,0.802222,19.0414,1.938482,303.008,4.467422,141.8092,9.567557,332.5624,20.058119,302.3754,29.493452,248.1168,30.653888,278.047,0.00257,302.053,15.31417
2009-06-22,70.0723,1.016507,107.906,0.002419,50.8714,1.067109,25.4196,0.857728,24.1359,1.91349,302.8574,4.375676,142.2201,9.680105,332.6149,19.941254,302.2893,29.39592,247.9363,30.654386,277.6761,0.00257,301.8958,15.228302
2009-06-29,76.7476,1.016662,202.6001,0.002649,63.421,1.205337,32.9118,0.91247,29.1742,1.88746,302.5525,4.291991,142.7,9.788731,332.6277,19.826227,302.1809,29.307113,247.7567,30.669162,277.3052,0.00257,301.6948,15.151204
2009-07-06,83.4193,1.016613,286.3125,0.002709,77.8977,1.3031,40.5561,0.966303,34.1548,1.860333,302.1015,4.21772,143.2434,9.892241,332.6013,19.714629,302.0523,29.228265,247.5816,30.697946,276.9342,0.00257,301.4542,15.084143
2009-07-13,90.0942,1.016381,13.5723,0.00253,92.9307,1.335608,48.333,1.01901,39.0766,1.831949,301.5158,4.154116,143.8451,9.98959,332.5364,19.607949,301.9059,29.160459,247.4139,30.740356,276.5633,0.00257,301.1785,15.028236
2009-07-20,96.7773,1.015902,116.4719,0.002407,107.1852,1.310284,56.2239,1.070358,43.9355,1.80212,300.8115,4.102427,144.5001,10.079735,332.4342,19.507718,301.7442,29.104749,247.2567,30.795912,276.1923,0.00257,300.8728,14.984567
2009-07-27,103.4675,1.015143,211.8289,0.002654,120.1179,1.249799,64.2113,1.120219,48.7254,1.770772,300.0114,4.063765,145.2028,10.16164,332.2965,19.415512,301.5701,29.062065,247.1131,30.863865,275.8214,0.00257,300.5433,14.954089
2009-08-03,110.1655,1.014185,295.2268,0.0027,131.6725,1.170592,72.2867,1.168538,53.4437,1.737878,299.1432,4.038871,145.947,10.234494,332.1264,19.3327,301.387,29.033009,246.9856,30.943193,275.4504,0.00257,300.197,14.937413
2009-08-10,116.8775,1.01308,23.2512,0.002537,141.8622,1.080634,80.4455,1.215189,58.0887,1.703321,298.2362,4.028223,146.7269,10.297633,331.9269,19.260477,301.1982,29.017995,246.8767,31.03282,275.0795,0.00257,299.8407,14.934943
2009-08-17,123.6092,1.01179,124.7573,0.002414,150.5718,0.98325,88.6816,1.259997,62.6552,1.666942,297.3221,4.032127,147.5374,10.350393,331.7017,19.199999,301.007,29.017349,246.7882,31.131604,274.7086,0.00257,299.4815,14.94698
2009-08-24,130.3597,1.010272,220.5017,0.002652,157.4188,0.880648,96.9862,1.302851,67.1348,1.628701,296.4348,4.050585,148.3723,10.392135,331.4551,19.152355,300.8171,29.031209,246.7222,31.23818,274.3376,0.00257,299.1271,14.973613
2009-08-31,137.1279,1.008604,304.0014,0.002683,161.5739,0.777698,105.3539,1.343748,71.5222,1.588632,295.6069,4.083138,149.2252,10.422458,331.1923,19.118318,300.6321,29.059348,246.68,31.350993,273.9667,0.00257,298.7851,15.014548
2009-09-07,143.9183,1.006863,33.5853,0.002532,161.6517,0.687946,113.7832,1.382635,75.8127,1.546692,294.8665,4.129066,150.0905,10.441102,330.9183,19.098419,300.4554,29.101347,246.6626,31.468516,273.5957,0.00257,298.4624,15.069283
2009-09-14,150.7364,1.005038,133.3662,0.00244,156.6607,0.642839,122.2711,1.419393,79.9976,1.502794,294.2378,4.187513,150.9624,10.447812,330.6385,19.093081,300.2903,29.156697,246.6706,31.589226,273.2248,0.00257,298.1654,15.137217
2009-09-21,157.5815,1.003082,228.6477,0.002649,149.6905,0.688088,130.8103,1.453928,84.0634,1.456969,293.7421,4.257384,151.8346,10.442381,330.3587,19.102563,300.1401,29.224675,246.7045,31.711438,272.8538,0.00257,297.9006,15.217523
2009-09-28,164.4504,1.001058,312.393,0.002664,147.9377,0.835845,139.3944,1.486266,87.9983,1.409352,293.395,4.337275,152.7007,10.424858,330.0849,19.126747,300.0079,29.304222,246.7642,31.833387,272.4829,0.00257,297.6735,15.309037
2009-10-05,171.3452,0.999062,44.152,0.00251,153.8085,1.030873,148.0204,1.516429,91.7907,1.360021,293.2052,4.425722,153.5544,10.395436,329.8227,19.165251,299.896,29.394139,246.8491,31.953433,272.1119,0.00257,297.4887,15.410468
2009-10-12,178.2704,0.997108,142.7413,0.002477,164.1897,1.203638,156.6858,1.544361,95.4236,1.309013,293.1772,4.521306,154.3898,10.35432,329.5774,19.217572,299.8067,29.493187,246.9586,32.070009,271.741,0.00257,297.3496,15.520493
2009-10-19,185.2252,0.995146,236.5148,0.002653,175.9766,1.325965,165.3839,1.569993,98.8722,1.256497,293.3133,4.622527,155.2001,10.301798,329.3542,19.283018,299.7421,29.599949,247.0917,32.181469,271.3701,0.00257,297.2596,15.637627
2009-10-26,192.2046,0.993215,320.3532,0.002652,187.804,1.401009,174.1075,1.593369,102.1111,1.202777,293.6113,4.727764,155.9785,10.238429,329.1582,19.360538,299.7037,29.712758,247.2469,32.286199,270.9991,0.00257,297.2207,15.760159
2009-11-02,199.2074,0.991415,54.3282,0.002475,199.3093,1.43819,182.8528,1.614566,105.114,1.148137,294.065,4.835496,156.7184,10.16492,328.9933,19.448876,299.6923,29.82991,247.4225,32.382797,270.6282,0.00257,297.2337,15.886371
2009-11-09,206.2369,0.989786,152.9199,0.002513,210.4832,1.444249,191.6181,1.6336,107.8454,1.092844,294.6669,4.944363,157.4136,10.082,328.8629,19.546727,299.7087,29.949754,247.6165,32.470011,270.2572,0.00257,297.2988,16.014621
2009-11-16,213.2919,0.988271,244.4703,0.002667,221.4062,1.42236,200.3993,1.650423,110.258,1.037333,295.4096,5.053003,158.0574,9.990507,328.7702,19.652649,299.7531,30.07054,247.827,32.546581,269.8863,0.00257,297.4157,16.143197
2009-11-23,220.3659,0.986882,328.1313,0.00265,232.1492,1.37285,209.1902,1.665075,112.301,0.982237,296.2837,5.160021,158.6427,9.89155,328.7174,19.764938,299.8253,30.190392,248.0515,32.611382,269.5153,0.00257,297.5831,16.270285
2009-11-30,227.455,0.985704,63.5513,0.002435,242.7069,1.293729,217.9876,1.677659,113.9214,0.928234,297.2782,5.264184,159.1636,9.786383,328.7058,19.881814,299.9246,30.307522,248.2872,32.663575,269.1444,0.00257,297.7989,16.394186
2009-12-07,234.5602,0.984794,163.4878,0.002534,252.8653,1.181293,226.7916,1.68824,115.0566,0.876049,298.3824,5.364453,159.6145,9.676261,328.736,20.00157,300.0497,30.420302,248.5317,32.70252,268.7734,0.00257,298.0601,16.513381
2009-12-14,241.6808,0.984094,252.7992,0.002685,261.837,1.032848,235.6007,1.69678,115.6339,0.826667,299.5872,5.4598,159.9897,9.562548,328.8083,20.122457,300.1996,30.527098,248.7823,32.727626,268.4025,0.00257,298.3642,16.626354
2009-12-21,248.8096,0.98358,336.1739,0.002656,267.4009,0.858418,244.411,1.703286,115.5915,0.781349,300.8822,5.549195,160.2839,9.446851,328.9222,20.242601,300.3725,30.626273,249.0358,32.738508,268.0316,0.00257,298.7075,16.731598
2009-12-28,255.9404,0.98331,71.7438,0.002409,265.4824,0.709838,253.2195,1.707841,114.8917,0.74144,302.2565,5.631785,160.4935,9.330865,329.0762,20.360189,300.5661,30.716393,249.2894,32.735103,267.6606,0.00257,299.0857,16.827814
2010-01-04,263.0728,0.983351,173.7718,0.002536,256.7637,0.677128,262.0265,1.710522,113.5281,0.708318,303.7003,5.706913,160.6162,9.216223,329.2685,20.473603,300.7782,30.796272,249.5401,32.717566,267.2897,0.00257,299.4946,16.913949
2010-01-11,270.2065,0.983643,261.5231,0.002703,251.6573,0.765639,270.8325,1.711282,111.5446,0.683496,305.2051,5.773927,160.6498,9.104611,329.4968,20.581277,301.0065,30.864788,249.7853,32.686108,266.9187,0.00257,299.9299,16.989
2010-01-18,277.3353,0.984128,344.829,0.002661,253.5892,0.897502,279.6341,1.710073,109.0716,0.668414,306.7618,5.832185,160.5941,8.997864,329.7588,20.681631,301.2481,30.920906,250.0219,32.641177,266.5478,0.00257,300.3869,17.052044
2010-01-25,284.4519,0.984831,79.5429,0.002407,259.7498,1.025018,288.4278,1.706914,106.323,0.664032,308.3607,5.881217,160.4511,8.897778,330.051,20.773259,301.5002,30.963872,250.2471,32.583532,266.1768,0.00257,300.8604,17.102421
2010-02-01,291.5549,0.985816,183.2062,0.002522,268.0568,1.134193,297.2123,1.701856,103.5528,0.670672,309.9935,5.920746,160.2248,8.80596,330.3699,20.855026,301.7599,30.993221,250.4584,32.514108,265.8059,0.00257,301.3456,17.139736
2010-02-08,298.6455,0.987032,270.3963,0.002712,277.5862,1.222931,305.9883,1.694839,101.0111,0.688158,311.6528,5.950488,159.9203,8.723947,330.7123,20.925903,302.0242,31.008572,250.6535,32.433869,265.435,0.00257,301.8378,17.163659
2010-02-15,305.7194,0.988394,354.0945,0.002656,287.9831,1.291849,314.7528,1.68575,98.9142,0.71576,313.3308,5.970165,159.5451,8.653267,331.0743,20.984912,302.29,31.009682,250.83,32.343986,265.064,0.00257,302.332,17.17397
2010-02-22,312.77,0.989892,87.9069,0.002426,299.1528,1.341082,323.5015,1.674535,97.4038,0.752218,315.0189,5.979669,159.1093,8.595227,331.4517,21.031309,302.5544,30.996606,250.9858,32.245881,264.6931,0.00257,302.823,17.170723
2010-03-01,319.7952,0.991581,191.6918,0.002508,311.1261,1.368521,332.2314,1.661206,96.5332,0.796046,316.7095,5.979068,158.6247,8.55079,331.8406,21.064647,302.8143,30.969677,251.1194,32.14107,264.3221,0.00257,303.3059,17.154224
2010-03-08,326.7982,0.99343,279.084,0.002711,323.9711,1.367849,340.943,1.645703,96.2944,0.845899,318.3964,5.968409,158.1036,8.520721,332.237,21.08459,303.0669,30.929291,251.2294,32.031025,263.9512,0.00257,303.7763,17.124824
2010-03-15,333.7774,0.995337,3.6363,0.002635,337.6402,1.326641,349.6346,1.627889,96.6516,0.900524,320.0722,5.947739,157.5598,8.505633,332.6367,21.090871,303.3095,30.875977,251.3145,31.91736,263.5802,0.00257,304.2296,17.082978
2010-03-22,340.7279,0.997262,97.4027,0.002452,351.6019,1.228839,358.3019,1.607665,97.548,0.958699,321.7288,5.917266,157.0087,8.505787,333.0359,21.083475,303.5392,30.81054,251.3739,31.801848,263.2093,0.00257,304.6609,17.029403
2010-03-29,347.6476,0.999252,199.6608,0.002508,4.3338,1.072614,6.9413,1.585032,98.9137,1.019366,323.359,5.877356,156.4652,8.521036,333.4302,21.062662,303.7536,30.73401,251.4073,31.686239,262.8383,0.00257,305.0661,16.965024
2010-04-05,354.5412,1.001299,287.388,0.002706,13.7061,0.890416,15.5532,1.559979,100.6821,1.081767,324.9564,5.828343,155.9431,8.551023,333.816,21.028779,303.9505,30.647426,251.4149,31.572155,262.4674,0.00257,305.4414,16.890769
2010-04-12,1.4103,1.003304,13.0101,0.002603,18.2596,0.727506,24.1374,1.532411,102.7999,1.145254,326.5136,5.770552,155.4558,8.595229,334.1895,20.982229,304.1277,30.551922,251.3966,31.461276,262.0965,0.00257,305.7831,16.807649
2010-04-19,8.2517,1.005203,107.9202,0.00247,17.7473,0.613941,32.6904,1.502256,105.2195,1.209185,328.0222,5.704467,155.0162,8.65281,334.5468,20.923653,304.2832,30.44886,251.3533,31.355333,261.7255,0.00257,306.0872,16.716905
2010-04-26,15.0639,1.007036,207.7559,0.002528,13.7526,0.563829,41.2078,1.469551,107.895,1.273013,329.4744,5.630717,154.6348,8.722606,334.8844,20.853933,304.4155,30.339748,251.2863,31.255919,261.3546,0.00257,306.3508,16.619926
2010-05-03,21.8523,1.008821,295.3609,0.002701,9.7722,0.576132,49.6888,1.434388,110.7884,1.336405,330.8632,5.549893,154.3198,8.803384,335.1992,20.773982,304.5233,30.226031,251.1969,31.164414,260.9836,0.00257,306.5715,16.518049
2010-05-10,28.6211,1.010475,21.8965,0.00257,8.7484,0.636751,58.1336,1.396784,113.873,1.399072,332.1801,5.462578,154.0781,8.89386,335.488,20.684756,304.6056,30.109198,251.0869,31.08218,260.6127,0.00257,306.7467,16.412664
2010-05-17,35.3694,1.011921,118.9217,0.002472,11.4023,0.729472,66.5385,1.356746,117.1264,1.460667,333.4156,5.369518,153.9154,8.992552,335.7478,20.587414,304.6615,29.990904,250.9585,31.010533,260.2417,0.00257,306.8745,16.305339
2010-05-24,42.0958,1.013191,216.4056,0.002561,17.2433,0.843139,74.8965,1.314383,120.5255,1.520885,334.5609,5.271608,153.8348,9.097828,335.976,20.483311,304.6907,29.872853,250.8142,30.95055,259.8708,0.00257,306.9536,16.197719
2010-05-31,48.8056,1.014328,303.2494,0.002702,25.695,0.970457,83.2034,1.269896,124.0516,1.579589,335.6078,5.169699,153.8373,9.208144,336.1704,20.373773,304.6932,29.756609,250.6569,30.903039,259.4998,0.00257,306.9836,16.091331
2010-06-07,55.505,1.015277,30.2518,0.002544,36.4362,1.103113,91.4567,1.223431,127.6932,1.636663,336.5467,5.064652,153.923,9.322013,336.3292,20.260141,304.6694,29.643722,250.4891,30.868737,259.1289,0.00257,306.9644,15.987704
2010-06-14,62.1951,1.015957,129.7804,0.002458,49.3194,1.224974,99.6505,1.175082,131.441,1.691907,337.3671,4.957506,154.0912,9.437864,336.4503,20.143921,304.6198,29.535831,250.3142,30.848267,258.758,0.00257,306.8964,15.888481
2010-06-21,68.8743,1.01639,225.6508,0.002597,63.95,1.307515,107.773,1.125007,135.2838,1.745132,338.0597,4.849453,154.3397,9.554092,336.5327,20.026749,304.5455,29.434524,250.1354,30.841948,258.387,0.00257,306.7812,15.795282
2010-06-28,75.5475,1.016642,311.342,0.002707,79.1908,1.325145,115.8128,1.073475,139.2117,1.796298,338.6166,4.741639,154.6646,9.669276,336.5759,19.910166,304.4483,29.341167,249.9561,30.849819,258.0161,0.00257,306.6212,15.709525
2010-07-05,82.2215,1.016691,38.3284,0.002532,93.6711,1.282798,123.7608,1.020713,143.2205,1.845383,339.0291,4.635235,155.0623,9.782105,336.5796,19.795683,304.3297,29.257051,249.7793,30.871834,257.6451,0.00257,306.4194,15.632566
2010-07-12,88.8992,1.016462,139.995,0.002434,106.7145,1.205111,131.6046,0.966873,147.3072,1.892275,339.2888,4.531594,155.529,9.891233,336.544,19.68492,304.1918,29.183473,249.6083,30.907806,257.2742,0.00257,306.1791,15.56578
2010-07-19,95.5787,1.015962,235.2433,0.002625,118.2006,1.11134,139.322,0.912115,151.466,1.93685,339.3908,4.432201,156.0596,9.995336,336.4698,19.579538,304.0373,29.12158,249.4465,30.957228,256.9032,0.00257,305.9054,15.510407
2010-07-26,102.2636,1.01528,319.813,0.002713,128.102,1.011105,146.8863,0.85672,155.6916,1.979121,339.3332,4.33845,156.6485,10.093316,336.359,19.481017,303.8692,29.072219,249.2967,31.019354,256.5323,0.00257,305.6037,15.467387
2010-08-02,108.9608,1.014423,46.5658,0.002533,136.2446,0.908756,154.2706,0.800961,159.9828,2.019128,339.1158,4.251734,157.2907,10.184187,336.2135,19.390742,303.6902,29.036116,249.1615,31.093382,256.1614,0.00257,305.2796,15.437533
2010-08-09,115.674,1.013333,149.324,0.002411,142.1628,0.807628,161.441,0.745038,164.3395,2.056823,338.7417,4.173555,157.981,10.266947,336.0358,19.310125,303.5035,29.013924,249.0435,31.178383,255.7904,0.00257,304.9395,15.421577
2010-08-16,122.4014,1.012002,244.8123,0.002642,144.9671,0.714286,168.3442,0.689131,168.7587,2.092121,338.2207,4.105424,158.7136,10.340641,335.8294,19.240506,303.3129,29.006067,248.9452,31.273148,255.4195,0.00257,304.5905,15.420015
2010-08-23,129.1442,1.010528,328.6366,0.002713,143.5027,0.644437,174.9072,0.633574,173.2372,2.125072,337.5683,4.048615,159.4822,10.404557,335.5985,19.18294,303.1218,29.012624,248.8682,31.376302,255.0485,0.00257,304.2399,15.432979
2010-08-30,135.9087,1.008951,55.3928,0.002542,137.8792,0.628179,181.0408,0.578776,177.7748,2.155762,336.8036,4.004253,160.2814,10.458089,335.3474,19.138317,302.9338,29.033531,248.8142,31.486483,254.6776,0.00257,303.8945,15.460437
2010-09-06,142.6991,1.007232,157.8802,0.002399,132.2409,0.698684,186.6287,0.525156,182.3727,2.184194,335.9509,3.973383,161.1058,10.500622,335.0808,19.107457,302.7522,29.068616,248.7843,31.602254,254.3066,0.00257,303.5615,15.502231
2010-09-13,149.5128,1.005348,253.9994,0.002646,132.319,0.855949,191.5017,0.473206,187.0294,2.210316,335.0409,3.956826,161.949,10.531612,334.8044,19.091004,302.5807,29.117434,248.7796,31.721966,253.9357,0.00257,303.2479,15.55792
2010-09-20,156.3491,1.003396,337.5931,0.002704,139.3146,1.05116,195.4234,0.42375,191.742,2.234204,334.1077,3.954954,162.8046,10.550771,334.5238,19.089225,302.4226,29.179209,248.8004,31.843906,253.5647,0.00257,302.9604,15.62671
2010-09-27,163.2122,1.001444,65.0143,0.002548,150.4761,1.221334,198.1013,0.378001,196.5107,2.25598,333.1849,3.967837,163.6669,10.557916,334.2447,19.10218,302.2808,29.25305,248.8468,31.966463,253.1938,0.00257,302.7046,15.707682
2010-10-04,170.106,0.999473,166.1533,0.002408,162.9011,1.33762,199.2086,0.337569,201.3367,2.275695,332.3064,3.995331,164.53,10.552868,333.9726,19.129807,302.1582,29.337975,248.9187,32.088016,252.8229,0.00257,302.4855,15.799821
2010-10-11,177.0279,0.997446,262.5803,0.002642,175.1992,1.403801,198.4543,0.30457,206.2189,2.293328,331.5054,4.036959,165.3874,10.535549,333.7135,19.1718,302.0572,29.432752,249.0155,32.206823,252.4519,0.00257,302.308,15.901863
2010-10-18,183.9741,0.995445,346.3519,0.002688,186.9982,1.431079,195.8051,0.281743,211.1545,2.30897,330.8113,4.091797,166.2323,10.50615,333.473,19.227467,301.9801,29.53589,249.1363,32.321191,252.081,0.00257,302.1759,16.012284
2010-10-25,190.9465,0.993558,75.2731,0.002541,198.2982,1.427476,191.8293,0.27179,216.1428,2.322777,330.2465,4.158714,167.0586,10.464975,333.256,19.295934,301.9284,29.645864,249.2796,32.429613,251.71,0.00257,302.0914,16.12954
2010-11-01,197.9482,0.991784,174.8248,0.002437,209.1874,1.3969,187.7281,0.27606,221.1845,2.334842,329.8286,4.236492,167.8601,10.412346,333.0669,19.376228,301.9033,29.761133,249.4441,32.530649,251.3391,0.00257,302.0564,16.252077
2010-11-08,204.9762,0.990073,270.5781,0.002639,219.732,1.340105,184.7609,0.293789,226.2785,2.345171,329.571,4.323723,168.6298,10.348717,332.9101,19.467154,301.9059,29.879977,249.6281,32.622825,250.9681,0.00257,302.0724,16.378184
2010-11-15,212.0244,0.988481,354.648,0.002672,229.9022,1.255678,183.6469,0.322714,231.4211,2.353862,329.4813,4.418772,169.3606,10.274824,332.789,19.567211,301.9365,30.000535,249.8294,32.704824,250.5972,0.00257,302.1394,16.50602
2010-11-22,219.0917,0.987101,85.6551,0.002515,239.4393,1.141012,184.4985,0.360075,236.6103,2.361093,329.5605,4.520023,170.0464,10.191515,332.7062,19.674815,301.9949,30.121036,250.0456,32.775591,250.2262,0.00257,302.2565,16.633852
2010-11-29,226.1801,0.985948,184.3717,0.002476,247.4997,0.995236,187.0707,0.403329,241.846,2.366992,329.8065,4.625964,170.6809,10.09966,332.6635,19.788386,302.0808,30.239787,250.2744,32.834199,249.8553,0.00257,302.4224,16.760039
2010-12-06,233.2866,0.984961,278.3114,0.002644,251.8357,0.830329,191.0049,0.45052,247.1264,2.371582,330.2156,4.735051,171.2572,10.000282,332.6625,19.906207,302.1934,30.355016,250.5133,32.879759,249.4844,0.00257,302.6354,16.882876
2010-12-13,240.4035,0.984157,2.494,0.002662,248.5834,0.699418,195.9775,0.500357,252.4469,2.374957,330.7806,4.845674,171.7687,9.894673,332.7038,20.026392,302.3315,30.464947,250.7594,32.911625,249.1134,0.00257,302.8927,17.000662
2010-12-20,247.5272,0.983619,95.4872,0.002475,239.5422,0.692368,201.7433,0.551949,257.8041,2.377295,331.4915,4.956375,172.2102,9.784216,332.787,20.147112,302.4932,30.568008,251.0097,32.929456,248.7425,0.00257,303.191,17.111901
2010-12-27,254.6584,0.983376,194.7419,0.002509,235.612,0.805307,208.1183,0.604576,263.1964,2.378742,332.3379,5.065888,172.5765,9.670288,332.9111,20.266664,302.6768,30.662802,251.2616,32.933071,248.3715,0.00257,303.5269,17.215279
2011-01-03,261.795,0.983355,286.2488,0.00266,238.8885,0.952244,214.9552,0.657672,268.6213,2.379324,333.3101,5.172961,172.8627,9.554402,333.0752,20.383314,302.8802,30.747937,251.5122,32.922365,248.0006,0.00257,303.8966,17.309482
2011-01-10,268.929,0.983534,10.2383,0.002662,246.0125,1.08607,222.1424,0.710906,274.0735,2.379108,334.3971,5.276346,173.0646,9.438285,333.2773,20.495291,303.101,30.822133,251.7584,32.897519,247.6296,0.00257,304.2959,17.393298
2011-01-17,276.055,0.983971,104.3395,0.002436,254.9222,1.195276,229.6031,0.764063,279.5481,2.378249,335.5869,5.374976,173.1802,9.323681,333.5147,20.601008,303.3364,30.884397,251.9973,32.859017,247.2587,0.00257,304.72,17.465787
2011-01-24,283.1732,0.984706,205.3754,0.002524,264.7859,1.279599,237.2831,0.81691,285.0423,2.376885,336.8686,5.467991,173.2083,9.212248,333.7845,20.699098,303.5836,30.933967,252.2263,32.807486,246.8878,0.00257,305.1643,17.526227
2011-01-31,290.2831,0.985659,294.6965,0.002682,275.3165,1.340643,245.1346,0.869194,290.5533,2.375024,338.2325,5.554548,173.1485,9.105706,334.0839,20.788234,303.84,30.970136,252.4429,32.743622,246.5168,0.00257,305.6246,17.573933
2011-02-07,297.3778,0.986772,18.3472,0.002668,286.4565,1.379117,253.1174,0.920789,296.0752,2.372685,339.6685,5.633814,173.0025,9.005867,334.4094,20.867151,304.1024,30.992374,252.6442,32.668392,246.1459,0.00257,306.0956,17.608373
2011-02-14,304.4515,0.988074,112.4066,0.002415,298.2519,1.393511,261.2043,0.971649,301.6021,2.369971,341.1659,5.705141,172.7747,8.914419,334.7571,20.934839,304.3678,31.00047,252.8281,32.583019,245.7749,0.00257,306.5724,17.629309
2011-02-21,311.5043,0.989609,215.552,0.002519,310.7744,1.37864,269.3785,1.021695,307.1308,2.366991,342.7155,5.768073,172.4708,8.83283,335.1231,20.990554,304.6332,30.994451,252.9925,32.488801,245.404,0.00257,307.0503,17.636719
2011-02-28,318.5379,0.991306,303.597,0.0027,323.9892,1.324037,277.6235,1.070762,312.6584,2.363715,344.3092,5.822155,172.0979,8.762499,335.5037,21.033615,304.8957,30.974395,253.1357,32.387051,245.033,0.00257,307.5246,17.630617
2011-03-07,325.5478,0.993077,27.0711,0.00267,337.4121,1.215668,285.9221,1.118759,318.1793,2.3601,345.9387,5.866936,171.6655,8.704755,335.8949,21.063449,305.1524,30.940576,253.2558,32.2793,244.6621,0.00257,307.9906,17.61118
2011-03-14,332.529,0.994923,120.4439,0.002418,349.5168,1.050873,294.262,1.165673,323.6874,2.356181,347.595,5.90214,171.1855,8.660628,336.2924,21.079763,305.4002,30.893569,253.3518,32.167242,244.2911,0.00257,308.4433,17.578867
2011-03-21,339.4815,0.996892,224.8178,0.002504,357.7959,0.86157,302.6379,1.211476,329.1795,2.352018,349.2704,5.927661,170.6704,8.630799,336.692,21.082522,305.6365,30.834144,253.4228,32.052542,243.9202,0.00257,308.8784,17.534321
2011-03-28,346.4095,0.99893,312.6132,0.002709,0.3132,0.699934,311.0448,1.256023,334.6533,2.347544,350.9584,5.943376,170.1334,8.615777,337.0901,21.07174,305.8589,30.763086,253.4682,31.936809,243.5493,0.00257,309.2919,17.478192
2011-04-04,353.3115,1.000937,36.3082,0.002662,357.3057,0.602557,319.4742,1.299191,340.1043,2.342647,352.6518,5.949155,169.5889,8.615878,337.4827,21.047548,306.0648,30.681352,253.4876,31.821782,243.1783,0.00257,309.6795,17.411277
2011-04-11,0.1836,1.002888,129.2228,0.002437,352.095,0.579998,327.9194,1.340933,345.5271,2.337294,354.3427,5.945028,169.0518,8.631039,337.8656,21.010345,306.252,30.590151,253.4813,31.709253,242.8074,0.00257,310.0371,17.334627
2011-04-18,7.0261,1.004834,233.2199,0.002494,349.0229,0.618895,336.3784,1.381219,350.9187,2.331498,356.0244,5.931181,168.5361,8.660829,338.2351,20.960752,306.4185,30.490813,253.4499,31.600876,242.4364,0.00257,310.3611,17.24942
2011-04-25,13.8448,1.006751,321.3852,0.002709,349.9157,0.696409,344.8512,1.419905,356.2782,2.325159,357.6909,5.907761,168.0542,8.704672,338.5878,20.899405,306.5627,30.384628,253.3944,31.498165,242.0655,0.00257,310.6486,17.156798
2011-05-02,20.6414,1.008536,45.7204,0.00264,354.3828,0.795318,353.3343,1.456816,1.6025,2.318114,359.3353,5.874903,167.6183,8.761823,338.9203,20.827042,306.683,30.27301,253.3158,31.402679,241.6945,0.00257,310.8964,17.058026
2011-05-09,27.4134,1.010149,139.0494,0.002459,1.5852,0.906311,1.8238,1.491854,6.8872,2.31027,0.9501,5.832895,167.2392,8.831218,339.2289,20.744643,306.7781,30.157561,253.2159,31.315922,241.3236,0.00257,311.1015,16.954576
2011-05-16,34.1611,1.011639,241.2274,0.002499,10.9467,1.023962,10.3193,1.524971,12.13,2.301605,2.5282,5.782168,166.9256,8.911554,339.5108,20.653359,306.8473,30.039914,253.0967,31.239157,240.9526,0.00257,311.2621,16.847977
2011-05-23,40.8911,1.013015,329.7437,0.002704,22.2129,1.141749,18.8235,1.55604,17.3313,2.292008,4.0634,5.723106,166.6835,9.001523,339.7633,20.554314,306.8901,29.921593,252.9606,31.173444,240.5817,0.00257,311.3768,16.739671
2011-05-30,47.6075,1.01419,54.9283,0.002609,35.3082,1.246282,27.3368,1.584867,22.4892,2.281282,5.5483,5.656083,166.5184,9.099758,339.9839,20.448707,306.9061,29.804194,252.81,31.119821,240.2108,0.00257,311.444,16.631186
2011-06-06,54.3095,1.01511,149.7316,0.002472,49.9912,1.312622,35.8573,1.611319,27.6006,2.269299,6.9743,5.581628,166.4339,9.204707,340.1699,20.337948,306.8953,29.689417,252.6477,31.079179,239.8398,0.00257,311.4631,16.524189
2011-06-13,60.9968,1.015823,249.4161,0.002521,65.3328,1.315078,44.3853,1.635356,32.6636,2.256019,8.3336,5.500415,166.4316,9.314736,340.3196,20.223554,306.8586,29.5789,252.4769,31.052101,239.4689,0.00257,311.4344,16.420324
2011-06-20,67.6762,1.01637,337.7656,0.0027,79.9509,1.255585,52.9246,1.656903,37.6794,2.241334,9.6186,5.41307,166.5111,9.42834,340.4319,20.106963,306.7967,29.474099,252.3007,31.03894,239.0979,0.00257,311.3588,16.321076
2011-06-27,74.3534,1.016689,63.6752,0.002577,93.0116,1.160244,61.4775,1.675802,42.6475,2.225046,10.8205,5.320226,166.6718,9.544049,340.5053,19.989654,306.7109,29.376477,252.1221,31.039989,238.727,0.00257,311.2376,16.22796
2011-07-04,81.0288,1.016717,160.7918,0.002471,104.3094,1.051551,70.0433,1.691939,47.5651,2.20701,11.9292,5.222687,166.912,9.660305,340.539,19.873266,306.6026,29.287516,251.9445,31.055347,238.356,0.00257,311.0729,16.142542
2011-07-11,87.7017,1.0165,258.1562,0.002555,113.7654,0.941088,78.6212,1.705308,52.4306,2.187187,12.9353,5.121412,167.2284,9.775569,340.5332,19.759465,306.4741,29.208531,251.7714,31.084777,237.9851,0.00257,310.8681,16.066254
2011-07-18,94.3778,1.016108,345.7029,0.002702,121.134,0.834476,87.2138,1.715926,57.2452,2.165495,13.8301,5.017321,167.617,9.888507,340.4885,19.649768,306.3278,29.140587,251.6057,31.127838,237.6142,0.00257,310.6271,16.00029
2011-07-25,101.0638,1.015506,71.9337,0.002552,125.8666,0.736466,95.8234,1.723728,62.0089,2.141755,14.6035,4.911366,168.0739,9.997853,340.4056,19.545682,306.166,29.084695,251.4503,31.184029,237.2432,0.00257,310.354,15.945797
2011-08-01,107.7611,1.014634,171.6572,0.002454,127.0993,0.655557,104.4489,1.728653,66.7191,2.115827,15.2446,4.804691,168.5948,10.102301,340.286,19.448792,305.9918,29.041799,251.3082,31.252656,236.8723,0.00257,310.0542,15.903867
2011-08-08,114.4681,1.013528,267.4921,0.002591,124.1991,0.608829,113.0872,1.730752,71.3733,2.087695,15.7445,4.698605,169.1743,10.200611,340.1322,19.360608,305.8085,29.012582,251.1823,31.332714,236.5013,0.00257,309.7337,15.875344
2011-08-15,121.1889,1.012278,353.8362,0.002708,118.5961,0.622107,121.7385,1.730137,75.9722,2.057319,16.0956,4.594371,169.8069,10.291777,339.9473,19.282396,305.6194,28.997431,251.0746,31.423061,236.1304,0.00257,309.3989,15.860763
2011-08-22,127.93,1.010885,79.9455,0.002542,114.8029,0.714683,130.4037,1.72685,80.5153,2.024564,16.2905,4.493298,170.4874,10.374867,339.7345,19.215346,305.4279,28.996634,250.9872,31.52254,235.7594,0.00257,309.0563,15.860544
2011-08-29,134.6938,1.009295,181.8096,0.002428,116.7726,0.877867,139.0811,1.720897,84.999,1.989319,16.323,4.396875,171.2106,10.448925,339.4977,19.160619,305.2375,29.010351,250.9219,31.629837,235.3885,0.00257,308.7127,15.874972
2011-09-05,141.4773,1.007527,277.1875,0.00262,124.8346,1.070059,147.7665,1.712357,89.4191,1.951609,16.1916,4.306707,171.9704,10.513092,339.2419,19.119181,305.0521,29.038426,250.8802,31.743396,235.0175,0.00257,308.3755,15.904004
2011-09-12,148.2826,1.005687,2.3231,0.002714,136.703,1.235255,156.4577,1.701403,93.7745,1.911457,15.8989,4.224278,172.7607,10.566757,338.9722,19.09167,304.875,29.080403,250.863,31.861622,234.6466,0.00257,308.0517,15.947272
2011-09-19,155.1151,1.003806,88.1588,0.002545,149.7342,1.343764,165.1552,1.68815,98.063,1.868795,15.4506,4.151042,173.5759,10.609376,338.6938,19.078574,304.7095,29.135728,250.871,31.982973,234.2757,0.00257,307.7475,16.004287
2011-09-26,161.9772,1.00184,190.952,0.002404,162.503,1.399571,173.8584,1.672644,102.2788,1.823571,14.8572,4.08851,174.4103,10.640403,338.4123,19.080267,304.5589,29.203708,250.9044,32.10582,233.9047,0.00257,307.4691,16.074407
2011-10-03,168.8652,0.999791,286.8401,0.002635,174.6082,1.415705,182.5634,1.654946,106.414,1.775872,14.1367,4.038119,175.2575,10.659417,338.1337,19.096838,304.4262,29.283336,250.9635,32.228378,233.5338,0.00257,307.2228,16.156669
2011-10-10,175.778,0.997764,11.1123,0.002714,186.0496,1.401636,191.2674,1.635227,110.4639,1.725812,13.3134,4.000975,176.1111,10.666252,337.864,19.128005,304.3141,29.373362,251.0475,32.34894,233.1628,0.00257,307.0132,16.249846
2011-10-17,182.7194,0.995817,97.0225,0.002556,196.917,1.362084,199.9713,1.613623,114.4225,1.673419,12.415,3.977955,176.9651,10.66082,337.6086,19.173325,304.2247,29.472499,251.1557,32.465927,232.7919,0.00257,306.8445,16.352662
2011-10-24,189.6914,0.993921,199.2202,0.002393,207.269,1.298331,208.676,1.590183,118.2791,1.618731,11.4733,3.969763,177.8135,10.643048,337.3728,19.232217,304.1599,29.579361,251.2872,32.577752,232.4209,0.00257,306.7202,16.463747
2011-10-31,196.6894,0.99205,296.0357,0.002637,217.0497,1.209492,217.3791,1.564921,122.0192,1.561931,10.5249,3.976778,178.6494,10.613016,337.162,19.303802,304.1214,29.692319,251.4406,32.682774,232.05,0.00257,306.6431,16.58149
2011-11-07,203.7093,0.9903,19.9499,0.002706,225.9478,1.093974,226.0772,1.537952,125.6309,1.50326,9.6067,3.998872,179.466,10.571078,336.9805,19.386877,304.1102,29.80961,251.6141,32.779535,231.679,0.00257,306.6148,16.704138
2011-11-14,210.7525,0.988743,106.7188,0.002561,233.0491,0.952679,234.7703,1.509398,129.1003,1.442881,8.7523,4.035591,180.2572,10.517668,336.8321,19.48015,304.1267,29.929535,251.8057,32.866784,231.3081,0.00257,306.636,16.830011
2011-11-21,217.8205,0.987362,207.2693,0.002406,236.0906,0.79984,243.4595,1.479297,132.4062,1.380971,7.9926,4.086267,181.0165,10.453251,336.7201,19.582252,304.1713,30.050387,252.0134,32.943331,230.9372,0.00257,306.7068,16.957429
2011-11-28,224.9081,0.986109,304.5356,0.002631,231.6158,0.689477,252.1424,1.44761,135.5216,1.317869,7.3552,4.149915,181.7368,10.378476,336.6471,19.69159,304.2438,30.170317,252.2349,33.008025,230.5662,0.00257,306.8267,17.08458
2011-12-05,232.0088,0.985049,28.5084,0.002692,222.6485,0.70773,260.8133,1.414381,138.4199,1.254002,6.8618,4.225163,182.4113,10.294263,336.6151,19.80637,304.3434,30.28748,252.4674,33.059985,230.1953,0.00257,306.9943,17.209652
2011-12-12,239.1215,0.98426,117.0017,0.002548,219.9935,0.84197,269.4686,1.379703,141.0706,1.189748,6.5259,4.310521,183.0339,10.201607,336.6249,19.92484,304.469,30.400212,252.7084,33.098594,229.8243,0.00257,307.2071,17.331019
2011-12-19,246.247,0.983734,215.9448,0.002439,224.5229,1.001588,278.1066,1.343606,143.4324,1.125522,6.3561,4.404492,183.5984,10.101533,336.6767,20.045284,304.6192,30.506935,252.9551,33.123338,229.4534,0.00257,307.4627,17.447147
2011-12-26,253.3808,0.9834,312.4481,0.002627,232.5337,1.140243,286.723,1.306026,145.4542,1.061942,6.3575,4.505467,184.0982,9.995254,336.7706,20.165873,304.7924,30.60604,253.2048,33.13381,229.0824,0.00257,307.7583,17.556466
2012-01-02,260.5147,0.983285,36.6056,0.002678,242.0037,1.248603,295.3079,1.266945,147.0841,0.999772,6.5294,4.611694,184.5276,9.884228,336.9055,20.284729,304.9864,30.696043,253.4543,33.129921,228.7115,0.00257,308.09,17.657521
2012-01-09,267.6458,0.983459,127.2704,0.002517,252.1777,1.328125,303.8519,1.226426,148.2663,0.939784,6.8664,4.721525,184.8819,9.769947,337.0796,20.400145,305.1989,30.775735,253.7008,33.111858,228.3406,0.00257,308.4537,17.749122
2012-01-16,274.7748,0.983923,225.685,0.002478,262.8256,1.381467,312.3481,1.184515,148.9352,0.882848,7.3611,4.833476,185.1569,9.653893,337.2908,20.510557,305.4273,30.844065,253.9416,33.079919,227.9696,0.00257,308.8456,17.830231
2012-01-23,281.8986,0.98459,320.2207,0.002634,273.9233,1.409889,320.7885,1.141159,149.0238,0.830112,8.0056,4.946071,185.3484,9.537704,337.537,20.614387,305.6692,30.900023,254.1738,33.034519,227.5987,0.00257,309.2613,17.899831
2012-01-30,289.0093,0.985442,44.3649,0.00267,285.5284,1.412393,329.1582,1.096314,148.4864,0.78291,8.7895,5.057819,185.4542,9.423179,337.8149,20.710126,305.9214,30.942809,254.3946,32.976399,227.2277,0.00257,309.696,17.957092
2012-02-06,296.1027,0.986535,136.8938,0.002476,297.7115,1.384715,337.4397,1.050037,147.3089,0.742563,9.701,5.167417,185.4735,9.31206,338.1213,20.796527,306.1811,30.971942,254.6015,32.906531,226.8568,0.00257,310.1451,18.001484
2012-02-13,303.18,0.98788,236.2309,0.002505,310.4387,1.318138,345.6182,1.002426,145.5175,0.710392,10.7284,5.273773,185.4069,9.20599,338.4526,20.872549,306.4454,30.987125,254.7923,32.825955,226.4858,0.00257,310.6038,18.032642
2012-02-20,310.2406,0.989381,328.3443,0.002654,323.2557,1.200706,353.6781,0.953495,143.2041,0.687744,11.8616,5.375821,185.2558,9.106671,338.8054,20.937184,306.7112,30.988119,254.9647,32.735797,226.1149,0.00257,311.0677,18.050245
2012-02-27,317.278,0.990986,52.1609,0.002671,334.6357,1.029716,1.5945,0.903241,140.5485,0.675661,13.0894,5.472509,185.0241,9.01583,339.1756,20.989566,306.9755,30.974937,255.1166,32.637458,225.7439,0.00257,311.5317,18.054181
2012-03-05,324.2881,0.992727,145.6218,0.002441,341.7147,0.836615,9.3344,0.851776,137.7899,0.674547,14.4001,5.562983,184.7183,8.934986,339.5591,21.029123,307.2353,30.947896,255.2465,32.532488,225.373,0.00257,311.991,18.044635
2012-03-12,331.2727,0.994631,246.8804,0.002514,342.087,0.680962,16.8619,0.79931,135.1756,0.6842,15.7834,5.646584,184.3458,8.865425,339.952,21.055503,307.4878,30.907472,255.3531,32.422419,225.0021,0.00257,312.4413,18.021935
2012-03-19,338.2339,0.996607,337.0099,0.002677,336.92,0.605751,24.1371,0.746015,132.9267,0.703981,17.2307,5.722663,183.9156,8.80837,340.3504,21.068387,307.7302,30.854182,255.4352,32.308804,224.6311,0.00257,312.8783,17.986436
2012-03-26,345.1678,0.998575,60.3663,0.002676,331.4604,0.61315,31.1014,0.692051,131.2125,0.732754,18.7325,5.79058,183.4388,8.764894,340.7501,21.067625,307.9598,30.78878,255.492,32.193389,224.2602,0.00257,313.2972,17.938703
2012-04-02,352.0708,1.000548,153.7769,0.002425,329.8681,0.675698,37.6713,0.637717,130.1212,0.769033,20.2793,5.849871,182.9285,8.735724,341.147,21.053356,308.1741,30.712281,255.5231,32.077959,223.8892,0.00257,313.6939,17.879562
2012-04-09,358.9453,1.002567,256.963,0.002506,332.5371,0.765669,43.7398,0.583504,129.6663,0.811326,21.8628,5.900249,182.3978,8.721252,341.5372,21.025908,308.3708,30.625795,255.5288,31.964176,223.5183,0.00257,314.0645,17.809938
2012-04-16,5.7959,1.004561,346.0381,0.002696,338.4194,0.867304,49.1737,0.529994,129.8209,0.85837,23.4762,5.94141,181.86,8.721728,341.9172,20.985621,308.548,30.53043,255.5092,31.853651,223.1473,0.00257,314.4056,17.730748
2012-04-23,12.6215,1.006436,69.1301,0.002676,346.6093,0.973435,53.7872,0.477877,130.5407,0.908969,25.1118,5.973043,181.3295,8.737167,342.2831,20.933002,308.7036,30.42749,255.465,31.748087,222.7764,0.00257,314.7132,17.643105
2012-04-30,19.4194,1.008188,162.0373,0.00243,356.6036,1.080158,57.3233,0.428191,131.7652,0.962011,26.7618,5.995,180.8203,8.767197,342.631,20.868817,308.8359,30.318474,255.3974,31.649115,222.4054,0.00257,314.9843,17.548327
2012-05-07,26.192,1.00987,266.1686,0.002491,8.2098,1.182401,59.4637,0.382516,133.4269,1.016618,28.4192,6.007285,180.3451,8.811145,342.9579,20.793975,308.9438,30.204892,255.308,31.558146,222.0345,0.00257,315.2161,17.447777
2012-05-14,32.9459,1.011442,355.0737,0.002705,21.4015,1.26905,59.8873,0.342989,135.4679,1.07218,30.0782,6.009867,179.9147,8.868246,343.2605,20.709366,309.0262,30.088198,255.1984,31.476468,221.6636,0.00257,315.4063,17.342769
2012-05-21,39.6824,1.012809,78.3419,0.002666,36.0384,1.318497,58.3812,0.312271,137.8418,1.128129,31.7323,6.002698,179.5398,8.93755,343.5359,20.616027,309.0823,29.969989,255.0707,31.405378,221.2926,0.00257,315.5527,17.234777
2012-05-28,46.3998,1.013951,170.9978,0.002447,51.3708,1.305689,55.0911,0.293426,140.505,1.183919,33.374,5.985886,179.2293,9.017814,343.7809,20.515218,309.1117,29.851972,254.9274,31.345998,220.9217,0.00257,315.6535,17.125422
2012-06-04,53.1002,1.014933,274.6295,0.002483,66.026,1.229327,50.7992,0.289059,143.4162,1.239149,34.997,5.959675,178.9896,9.107636,343.9933,20.408289,309.1144,29.735779,254.7713,31.299159,220.5507,0.00257,315.7081,17.016294
2012-06-11,59.7909,1.015749,3.8152,0.002704,78.9889,1.116276,46.7936,0.299845,146.5438,1.293608,36.5954,5.924265,178.8252,9.205659,344.1712,20.296527,309.0908,29.622918,254.6052,31.265527,220.1798,0.00257,315.7161,16.908883
2012-06-18,66.4755,1.016315,87.7165,0.002645,89.9338,0.99267,44.1887,0.324087,149.8658,1.347057,38.1626,5.87984,178.7399,9.310445,344.3124,20.181344,309.0415,29.514982,254.4321,31.245716,219.8088,0.00257,315.6774,16.804788
2012-06-25,73.1531,1.016601,180.8847,0.002466,98.7182,0.872529,43.4662,0.358868,153.3612,1.399221,39.6906,5.826742,178.7359,9.420398,344.4155,20.064323,308.9674,29.413577,254.2552,31.2401,219.4379,0.00257,315.5928,16.705671
2012-07-02,79.8247,1.016675,282.7909,0.00249,105.0185,0.763017,44.5839,0.401278,157.0089,1.449918,41.1724,5.76545,178.813,9.533903,344.4795,19.947066,308.8702,29.320139,254.0778,31.248728,219.067,0.00257,315.4643,16.61307
2012-07-09,86.4978,1.01657,12.1389,0.0027,108.2381,0.67063,47.2633,0.448859,160.7934,1.499114,42.6014,5.696395,178.97,9.649502,344.5042,19.831066,308.7517,29.235919,253.9031,31.271488,218.696,0.00257,315.2942,16.528354
2012-07-16,93.1773,1.016218,96.9124,0.002615,107.7301,0.605778,51.1701,0.499736,164.7057,1.546734,43.9694,5.62001,179.2055,9.765734,344.4892,19.717891,308.6139,29.162177,253.7342,31.308192,218.3251,0.00257,315.0854,16.452927
2012-07-23,99.8629,1.015584,191.539,0.002477,103.7832,0.585184,56.0125,0.552653,168.7367,1.592635,45.2673,5.536899,179.517,9.881062,344.435,19.609211,308.4593,29.100094,253.5742,31.358394,217.9541,0.00257,314.8416,16.388148
2012-07-30,106.5545,1.014734,291.1613,0.002514,99.0394,0.626845,61.5735,0.606802,172.8748,1.636736,46.4865,5.447815,179.9004,9.994023,344.343,19.506621,308.2909,29.050588,253.4262,31.421339,217.5832,0.00257,314.5678,16.33514
2012-08-06,113.2583,1.013733,20.1255,0.002697,97.4786,0.736957,67.6989,0.661543,177.1123,1.679094,47.6187,5.353475,180.3514,10.103361,344.2151,19.411532,308.1117,29.014338,253.2928,31.49616,217.2122,0.00257,314.2691,16.294785
2012-08-13,119.9803,1.012541,105.657,0.002584,101.3147,0.902267,74.2682,0.716329,181.4457,1.719725,48.654,5.254623,180.8659,10.207847,344.0534,19.325361,307.9248,28.991972,253.1764,31.581934,216.8413,0.00257,313.951,16.267914
2012-08-20,126.7204,1.011114,202.5187,0.002472,110.372,1.08844,81.1876,0.770798,185.8713,1.758565,49.5815,5.152199,181.4393,10.306219,343.8609,19.24953,307.7337,28.983958,253.0793,31.677508,216.4703,0.00257,313.6199,16.255209
2012-08-27,133.477,1.009514,300.0761,0.002549,122.8668,1.24635,88.3911,0.824755,190.3821,1.795586,50.3911,5.047312,182.0658,10.397333,343.6415,19.185259,307.5422,28.990433,253.0035,31.781481,216.0994,0.00257,313.2827,16.25702
2012-09-03,140.2546,1.00783,28.0113,0.0027,136.4618,1.345462,95.8357,0.878002,194.9732,1.830896,51.0738,4.941043,182.7398,10.480272,343.3994,19.133508,307.3537,29.01128,252.9503,31.892426,215.7285,0.00257,312.946,16.273414
2012-09-10,147.0589,1.006052,113.8808,0.002562,149.6924,1.38939,103.485,0.930288,199.6434,1.864573,51.6192,4.834529,183.4563,10.554153,343.1392,19.095157,307.1717,29.046301,252.921,32.008911,215.3575,0.00257,312.6165,16.304357
2012-09-17,153.89,1.004135,213.228,0.002452,162.1093,1.393105,111.3056,0.981429,204.3912,1.896605,52.017,4.729124,184.2096,10.618083,342.8661,19.070979,306.9996,29.095101,252.9166,32.12934,214.9866,0.00257,312.3009,16.349613
2012-09-24,160.7447,1.002123,309.5726,0.002585,173.7016,1.367674,119.2718,1.031364,209.2114,1.926994,52.2597,4.626335,184.9934,10.671321,342.5857,19.061442,306.8411,29.156939,252.9375,32.251958,214.6156,0.00257,312.0061,16.40858
2012-10-01,167.6248,1.000124,36.0712,0.002707,184.5545,1.318736,127.368,1.080023,214.0999,1.955877,52.3423,4.527624,185.8017,10.71336,342.304,19.066688,306.6989,29.230864,252.9837,32.375091,214.2447,0.00257,311.7378,16.480409
2012-10-08,174.535,0.998153,121.8322,0.002555,194.713,1.248153,135.5802,1.127253,219.0557,1.983374,52.2608,4.434485,186.6288,10.743735,342.0264,19.086729,306.5759,29.315864,253.055,32.49713,213.8737,0.00257,311.5012,16.564174
2012-10-15,181.4755,0.996169,223.0924,0.002422,204.091,1.15564,143.8915,1.172909,224.0777,2.00951,52.0144,4.348574,187.4688,10.761994,341.7589,19.121407,306.4747,29.410756,253.1509,32.616383,213.5028,0.00257,311.3015,16.65877
2012-10-22,188.4412,0.994192,319.3902,0.002613,212.3186,1.040539,152.2859,1.216958,229.1612,2.034302,51.6084,4.271591,188.3148,10.767867,341.5074,19.17021,306.3974,29.514064,253.2705,32.731106,213.1318,0.00257,311.1427,16.762785
2012-10-29,195.4309,0.99233,44.4759,0.002714,218.4005,0.905527,160.7539,1.259395,234.3017,2.057894,51.0539,4.205043,189.1604,10.761329,341.277,19.232317,306.3456,29.624196,253.4124,32.839742,212.7609,0.00257,311.0281,16.874666
2012-11-05,202.4476,0.990624,130.0276,0.002562,220.0831,0.767243,169.2877,1.300132,239.4972,2.080432,50.3658,4.150322,189.9998,10.742406,341.0726,19.306803,306.3205,29.739582,253.5751,32.940873,212.39,0.00257,310.9596,16.992876
2012-11-12,209.4912,0.989034,231.8383,0.002396,214.53,0.680078,177.8767,1.339054,244.7462,2.101967,49.565,4.10877,190.8265,10.711162,340.8985,19.392591,306.3231,29.858553,253.7569,33.033081,212.019,0.00257,310.9392,17.115787
2012-11-19,216.5554,0.987548,329.0809,0.002626,206.0074,0.722812,186.5085,1.37613,250.0438,2.122509,48.6799,4.081518,191.6333,10.667871,340.7589,19.488301,306.3539,29.979255,253.9558,33.114999,211.6481,0.00257,310.9677,17.241573
2012-11-26,223.6359,0.986264,53.1817,0.002715,204.6811,0.875023,195.1756,1.411411,255.3842,2.142193,47.7434,4.069239,192.4136,10.613061,340.6565,19.592344,306.4127,30.099846,254.1694,33.185541,211.2771,0.00257,311.0447,17.368411
2012-12-03,230.7337,0.985235,138.9559,0.002573,210.3808,1.044871,203.8737,1.444873,260.7644,2.161167,46.7898,4.072288,193.1613,10.54731,340.5937,19.703136,306.4989,30.218616,254.3951,33.243817,210.9062,0.00257,311.1693,17.494609
2012-12-10,237.8485,0.984424,239.8061,0.002389,219.2236,1.18682,212.5969,1.476441,266.1818,2.17949,45.8544,4.090765,193.8696,10.471253,340.572,19.81903,306.6118,30.333856,254.6307,33.289005,210.5352,0.00257,311.3403,17.618483
2012-12-17,244.9738,0.983786,338.2045,0.002623,229.2308,1.293354,221.3369,1.506083,271.6314,2.197152,44.9739,4.124386,194.5315,10.385749,340.5926,19.938193,306.7502,30.443789,254.8732,33.320412,210.1643,0.00257,311.5555,17.738269
2012-12-24,252.1028,0.98339,61.9373,0.002708,239.7083,1.367585,230.0882,1.533878,277.1063,2.214252,44.1811,4.172359,195.1406,10.291902,340.6555,20.058733,306.9123,30.546786,255.1198,33.337688,209.7934,0.00257,311.8121,17.852336
2012-12-31,259.2347,0.983295,148.7243,0.002574,250.4719,1.413232,238.8492,1.559859,282.6021,2.23092,43.5027,4.233629,195.691,10.190844,340.76,20.178894,307.0963,30.641445,255.3676,33.340703,209.4224,0.00257,312.1068,17.959277
2013-01-07,266.3697,0.983468,247.8928,0.002407,261.526,1.432191,247.6183,1.583981,288.116,2.247202,42.9601,4.306997,196.177,10.08376,340.9051,20.296975,307.2999,30.726453,255.614,33.329422,209.0515,0.00257,312.4362,18.057766
2013-01-14,273.5021,0.983831,346.5726,0.002615,272.9391,1.423907,256.3906,1.606196,293.6426,2.263054,42.5706,4.391033,196.5924,9.972043,341.0892,20.411201,307.521,30.800524,255.8559,33.303979,208.6805,0.00257,312.7966,18.14649
2013-01-21,280.6241,0.984418,70.4399,0.002696,284.7766,1.384883,265.1619,1.626564,299.175,2.278519,42.3444,4.484039,196.9325,9.857283,341.3099,20.519882,307.7566,30.862619,256.0904,33.26486,208.3096,0.00257,313.1835,18.224352
2013-01-28,287.7338,0.985282,158.9494,0.002555,296.9962,1.307892,273.9318,1.645135,304.708,2.293688,42.285,4.584327,197.1936,9.741047,341.5645,20.621568,308.0039,30.911985,256.3149,33.212749,207.9386,0.00257,313.5926,18.29053
2013-02-04,294.8323,0.986399,256.9307,0.002442,309.1539,1.183052,282.7007,1.661871,310.2389,2.308582,42.3921,4.6903,197.3725,9.624899,341.85,20.714943,308.2603,30.947996,256.5269,33.148402,207.5677,0.00257,314.0195,18.344319
2013-02-11,301.916,0.987669,354.4084,0.002613,319.7215,1.008291,291.4659,1.67668,315.7631,2.323114,42.6629,4.800327,197.4664,9.510561,342.1633,20.798698,308.5228,30.970109,256.7239,33.072733,207.1967,0.00257,314.4598,18.385067
2013-02-18,308.9777,0.989085,78.5486,0.002684,325.5271,0.814884,300.2234,1.689556,321.2741,2.337257,43.0908,4.91272,197.4748,9.399845,342.5006,20.871698,308.7881,30.978071,256.9035,32.986965,206.8258,0.00257,314.9084,18.412381
2013-02-25,316.015,0.990695,168.9901,0.002521,323.7919,0.6698,308.972,1.700523,326.7671,2.351056,43.6661,5.025963,197.3988,9.294441,342.858,20.9331,309.0534,30.97192,257.0637,32.892451,206.4549,0.00257,315.3607,18.426148
2013-03-04,323.0303,0.992485,267.0857,0.002477,317.0527,0.621228,317.7128,1.709528,332.2399,2.3645,44.3787,5.138738,197.2405,9.195933,343.2319,20.982223,309.3158,30.951813,257.2029,32.790544,206.0839,0.00257,315.8123,18.426362
2013-03-11,330.0231,0.994351,2.2186,0.002624,312.1649,0.658463,326.4446,1.716429,337.6896,2.37746,45.2189,5.249756,197.0035,9.105957,343.6183,21.018422,309.5723,30.917993,257.3194,32.682709,205.713,0.00257,316.2588,18.413077
2013-03-18,336.9877,0.996248,86.4011,0.002679,312.2259,0.741143,335.1636,1.721139,343.1108,2.389846,46.1755,5.357738,196.6938,9.026085,344.013,21.041267,309.8199,30.87099,257.412,32.570634,205.342,0.00257,316.6952,18.386611
2013-03-25,343.9219,0.998214,178.338,0.002481,316.3999,0.840146,343.8681,1.723638,348.4996,2.401654,47.2367,5.461611,196.3196,8.957624,344.412,21.050619,310.0561,30.811586,257.4799,32.456035,204.9711,0.00257,317.1173,18.347529
2013-04-01,350.8293,1.000259,277.876,0.002499,323.3519,0.942252,352.5593,1.723871,353.855,2.412848,48.3915,5.560504,195.8902,8.90165,344.8111,21.046488,310.2782,30.740631,257.5227,32.340539,204.6001,0.00257,317.521,18.296471
2013-04-08,357.7124,1.00228,10.4364,0.002647,332.2398,1.042277,1.2379,1.721675,359.1758,2.423269,49.6304,5.65356,195.4158,8.859167,345.2069,21.028914,310.4841,30.659035,257.54,32.225808,204.2292,0.00257,317.9024,18.234117
2013-04-15,4.5678,1.004211,94.3301,0.00268,342.6502,1.137543,9.9014,1.716922,4.4581,2.432777,50.9436,5.739937,194.909,8.830966,345.5951,20.998156,310.6712,30.567959,257.532,32.11363,203.8582,0.00257,318.2574,18.161391
2013-04-22,11.3936,1.006079,186.9051,0.002449,354.4443,1.224104,18.5479,1.709573,9.6995,2.441326,52.3206,5.818977,194.3833,8.817454,345.9718,20.954737,310.8376,30.468745,257.4992,32.005705,203.4873,0.00257,318.5823,18.079418
2013-04-29,18.1942,1.007916,288.605,0.002502,7.627,1.292778,27.1789,1.699612,14.8998,2.448871,53.7526,5.890204,193.8521,8.818747,346.3336,20.89929,310.9818,30.362741,257.4428,31.903548,203.1164,0.00257,318.874,17.989347
2013-05-06,24.9746,1.009639,19.1679,0.002672,22.1255,1.325013,35.7968,1.686931,20.0594,2.455236,55.232,5.953125,193.3283,8.834838,346.677,20.832457,311.1023,30.2513,257.3639,31.808644,202.7454,0.00257,319.1296,17.892337
2013-05-13,31.7336,1.01117,102.6501,0.002683,37.3365,1.297089,44.4003,1.671425,25.1764,2.460251,56.7508,6.007247,192.8259,8.865448,346.9985,20.755084,311.1975,30.135979,257.2639,31.722494,202.3745,0.00257,319.346,17.789762
2013-05-20,38.47,1.012524,195.0577,0.002435,51.9181,1.204612,52.9876,1.653091,30.2488,2.463845,58.3006,6.052245,192.3575,8.909929,347.2948,20.668244,311.2668,30.018432,257.1452,31.646411,202.0035,0.00257,319.521,17.683134
2013-05-27,45.1878,1.013756,298.7251,0.002492,64.6484,1.074337,61.5589,1.632002,35.2775,2.46597,59.8743,6.087947,191.934,8.967403,347.5632,20.573071,311.3098,29.900236,257.0099,31.581448,201.6326,0.00257,319.653,17.573928
2013-06-03,51.894,1.014813,28.2158,0.002691,75.0298,0.936371,70.1169,1.608167,40.2642,2.466455,61.4659,6.114143,191.5651,9.036944,347.8011,20.470677,311.326,29.782923,256.8604,31.528571,201.2616,0.00257,319.7404,17.463593
2013-06-10,58.5894,1.015613,111.4894,0.002683,82.8338,0.807811,78.661,1.581564,45.208,2.465119,63.0685,6.130614,191.2594,9.117422,348.0058,20.36236,311.3156,29.66816,256.6995,31.488682,200.8907,0.00257,319.7821,17.353742
2013-06-17,65.273,1.016162,203.3915,0.00244,87.6764,0.697784,87.1877,1.55226,50.1076,2.461876,64.6745,6.137296,191.024,9.20745,348.1751,20.249593,311.279,29.557618,256.5303,31.462418,200.5198,0.00257,319.778,17.246051
2013-06-24,71.9482,1.016531,308.0013,0.002478,89.0305,0.614713,95.6953,1.520423,54.9641,2.456688,66.2783,6.134264,190.8633,9.305564,348.3075,20.133853,311.2172,29.452806,256.3559,31.450114,200.1488,0.00257,319.7287,17.142083
2013-07-01,78.6229,1.016705,37.2586,0.002701,86.8242,0.570183,104.1848,1.486192,59.78,2.449408,67.8738,6.121544,190.7804,9.410372,348.4017,20.016558,311.1316,29.355125,256.1794,31.452,199.7779,0.00257,319.635,17.043316
2013-07-08,85.2994,1.016605,120.7426,0.002673,82.5899,0.577464,112.6552,1.449633,64.5551,2.439854,69.4544,6.099153,190.7775,9.520377,348.4566,19.899277,311.0234,29.266038,256.0038,31.468194,199.4069,0.00257,319.4983,16.951324
2013-07-15,91.9769,1.01623,212.4165,0.002456,79.5417,0.644059,121.1018,1.41086,69.2881,2.427943,71.0129,6.067265,190.8553,9.633957,348.4717,19.783684,310.8949,29.186909,255.8327,31.498514,199.036,0.00257,319.3214,16.86764
2013-07-22,98.6574,1.01566,316.5425,0.002471,80.3827,0.766254,129.5197,1.370087,73.98,2.413659,72.5425,6.026188,191.0125,9.749537,348.4474,19.67138,310.7484,29.118853,255.6691,31.542489,198.665,0.00257,319.1076,16.793586
2013-07-29,105.3487,1.014919,46.0102,0.002701,85.9721,0.92989,137.908,1.32753,78.6333,2.396887,74.0373,5.976185,191.2471,9.865699,348.3843,19.563853,310.5866,29.062822,255.5158,31.599561,198.2941,0.00257,318.8607,16.73033
2013-08-05,112.0544,1.013941,130.1158,0.002652,95.9343,1.107263,146.2652,1.2833,83.248,2.377464,75.4896,5.917518,191.557,9.980989,348.2834,19.462675,310.4121,29.019751,255.3757,31.669059,197.9231,0.00257,318.585,16.679043
2013-08-12,118.7734,1.012714,222.3462,0.002473,108.967,1.255688,154.5857,1.237504,87.8226,2.355323,76.891,5.850625,191.9388,10.093904,348.1468,19.369431,310.2284,28.990382,255.2514,31.750029,197.5522,0.00257,318.2859,16.640739
2013-08-19,125.5062,1.011323,324.735,0.00248,123.0681,1.343911,162.8615,1.190327,92.357,2.33048,78.2336,5.776085,192.3879,10.203063,347.9771,19.285526,310.0389,28.97514,255.1454,31.841282,197.1813,0.00257,317.9696,16.61612
2013-08-26,132.2594,1.009825,54.3284,0.002697,136.7403,1.374522,171.0887,1.141993,96.8535,2.30287,79.5098,5.694443,192.8998,10.307282,347.7776,19.212174,309.847,28.974254,255.0595,31.941605,196.8103,0.00257,317.6419,16.605672
2013-09-02,139.0371,1.008175,139.2318,0.002622,149.4629,1.364473,179.2644,1.092614,101.3115,2.272365,80.7102,5.60627,193.4701,10.405365,347.5518,19.150589,309.6562,28.987879,254.9954,32.049712,196.4394,0.00257,317.3091,16.609807
2013-09-09,145.8381,1.006351,233.0323,0.002481,161.2052,1.326709,187.3802,1.042252,105.7286,2.238929,81.8245,5.512337,194.0938,10.496112,347.3041,19.101874,309.4701,29.01592,254.9546,32.164088,196.0684,0.00257,316.9783,16.628689
2013-09-16,152.6606,1.00443,333.0834,0.002505,172.041,1.267866,195.4225,0.991031,110.1033,2.202625,82.8432,5.413576,194.7647,10.578485,347.0397,19.066842,309.2925,29.057938,254.9382,32.283075,195.6975,0.00257,316.6563,16.662116
2013-09-23,159.5092,1.0025,62.2793,0.002695,181.9944,1.190452,203.3786,0.939151,114.4367,2.163452,83.7569,5.310897,195.4774,10.651657,346.7638,19.04604,309.1267,29.113315,254.9466,32.405084,195.3265,0.00257,316.3493,16.709666
2013-09-30,166.388,1.000538,147.7848,0.002592,190.9407,1.094832,211.2369,0.886727,118.7273,2.12134,84.5548,5.205273,196.2266,10.714802,346.4818,19.039932,308.9756,29.181349,254.9802,32.528511,194.9556,0.00257,316.0636,16.770819
2013-10-07,173.2953,0.99851,244.0048,0.002473,198.4445,0.981358,218.9778,0.833806,122.9705,2.0763,85.2255,5.097898,197.0062,10.76712,346.1996,19.048777,308.8425,29.261094,255.0391,32.651612,194.5846,0.00257,315.8051,16.844796
2013-10-14,180.2271,0.996481,341.982,0.002543,203.4258,0.854464,226.5688,0.780487,127.163,2.02846,85.7594,4.990138,197.8099,10.808006,345.9234,19.072464,308.73,29.351294,255.1227,32.772606,194.2137,0.00257,315.5792,16.930479
2013-10-21,187.1852,0.994552,70.1221,0.002699,203.693,0.733288,233.9703,0.72699,131.3034,1.977902,86.1482,4.883334,198.6316,10.837073,345.6588,19.110605,308.6404,29.450589,255.2302,32.88988,193.8428,0.00257,315.3903,17.026611
2013-10-28,194.1729,0.992723,155.75,0.002573,197.2623,0.671654,241.1377,0.673517,135.3881,1.924632,86.3832,4.778899,199.4653,10.853948,345.4113,19.162701,308.5755,29.55759,255.3605,33.001881,193.4718,0.00257,315.242,17.131889
2013-11-04,201.1881,0.990953,254.5998,0.002447,189.5391,0.737698,248.0079,0.620228,139.4096,1.868729,86.4576,4.678448,200.3049,10.858313,345.1863,19.228031,308.5369,29.670723,255.5125,33.107009,193.1009,0.00257,315.1376,17.24482
2013-11-11,208.2247,0.989277,351.5077,0.00258,189.5703,0.904453,254.4853,0.567359,143.3605,1.810404,86.3687,4.583711,201.1433,10.850077,344.9888,19.305514,308.5258,29.788203,255.6842,33.203734,192.7299,0.00257,315.0795,17.363674
2013-11-18,215.2814,0.9878,78.1841,0.002707,196.3687,1.082034,260.4404,0.515369,147.2359,1.749838,86.118,4.496309,201.9743,10.829372,344.8228,19.393868,308.5425,29.908262,255.8737,33.290792,192.359,0.00257,315.0686,17.486716
2013-11-25,222.3601,0.986542,163.5124,0.00257,206.0043,1.225609,265.7094,0.464856,151.0277,1.687134,85.7097,4.417843,202.7915,10.796357,344.6919,19.491764,308.5873,30.029196,256.079,33.367042,191.988,0.00257,315.1054,17.612268
2013-12-02,229.4588,0.98545,264.2175,0.002413,216.5379,1.329196,270.0729,0.416564,154.7231,1.622459,85.1532,4.349973,203.5885,10.751268,344.599,19.597719,308.66,30.149218,256.2977,33.431376,191.6171,0.00257,315.19,17.738569
2013-12-09,236.5699,0.984525,1.3623,0.002606,227.3226,1.39748,273.2285,0.371559,158.3076,1.556125,84.4653,4.294267,204.3579,10.694593,344.5466,19.709994,308.76,30.266452,256.5273,33.482853,191.2462,0.00257,315.3214,17.863749
2013-12-16,243.6893,0.983861,86.6549,0.002715,238.2105,1.435275,274.8102,0.331538,161.7692,1.488432,83.6688,4.251948,205.0933,10.627037,344.5357,19.826786,308.886,30.379179,256.7649,33.520863,190.8752,0.00257,315.4977,17.986071
2013-12-23,250.8176,0.983485,171.6906,0.002579,249.2284,1.445145,274.4928,0.298837,165.0913,1.419601,82.79,4.224003,205.7885,10.549334,344.567,19.946371,309.0365,30.485838,257.008,33.544956,190.5043,0.00257,315.7166,18.103959
2013-12-30,257.9534,0.983342,272.7249,0.002389,260.4542,1.427032,272.1965,0.276227,168.2503,1.349918,81.8599,4.211224,206.4369,10.462303,344.6405,20.06698,309.21,30.584888,257.2537,33.554771,190.1333,0.00257,315.9757,18.215846
2014-01-06,265.0889,0.983391,11.0152,0.002614,271.9471,1.378059,268.3788,0.266384,171.2183,1.279828,80.9138,4.214048,207.0316,10.367014,344.7559,20.186725,309.4044,30.674814,257.4992,33.550164,189.7624,0.00257,316.2718,18.32017
2014-01-13,272.2181,0.9837,95.4447,0.002717,283.6481,1.292277,264.1714,0.27089,173.9685,1.209789,79.9878,4.232377,207.5668,10.264731,344.9114,20.303804,309.6172,30.754366,257.7414,33.531348,189.3914,0.00257,316.601,18.415606
2014-01-20,279.3408,0.984305,180.7049,0.002588,295.1053,1.16175,260.9383,0.289158,176.4674,1.140198,79.1151,4.265779,208.0372,10.156714,345.105,20.41661,309.8458,30.822525,257.9777,33.498686,189.0205,0.00257,316.9593,18.501052
2014-01-27,286.4569,0.985149,280.7049,0.002387,304.781,0.985623,259.5375,0.31874,178.67,1.071532,78.3261,4.313586,208.4374,10.044294,345.3348,20.523588,310.0878,30.87835,258.2054,33.452638,188.6495,0.00257,317.343,18.575477
2014-02-03,293.56,0.986154,20.0027,0.002608,309.2656,0.795419,260.1159,0.356708,180.5241,1.004471,77.6485,4.374791,208.7621,9.929016,345.5979,20.623173,310.3402,30.921007,258.4218,33.393883,188.2786,0.00257,317.7477,18.637918
2014-02-10,300.6435,0.987357,104.2458,0.002711,305.5881,0.665046,262.429,0.400647,181.9784,0.939751,77.1038,4.447993,209.0079,9.812557,345.8911,20.713997,310.6,30.949986,258.6241,33.323425,187.9077,0.00257,318.1686,18.687709
2014-02-17,307.7071,0.988796,190.4841,0.002583,297.958,0.645687,266.1327,0.448705,182.9747,0.878095,76.706,4.531685,209.1722,9.696521,346.2108,20.794953,310.8642,30.965022,258.8104,33.242366,187.5367,0.00257,318.6013,18.724423
2014-02-24,314.7522,0.990422,289.1093,0.00241,294.1696,0.710987,270.9012,0.499484,183.4459,0.82036,76.4642,4.624344,209.2529,9.582523,346.5536,20.865039,311.1299,30.965947,258.9784,33.151857,187.1658,0.00257,319.0413,18.747714
2014-03-03,321.7753,0.992132,28.2329,0.0026,295.8257,0.810562,276.4635,0.55202,183.3303,0.767662,76.384,4.724339,209.2491,9.47232,346.9159,20.923298,311.3941,30.952721,259.1263,33.053231,186.7948,0.00257,319.4842,18.757334
2014-03-10,328.7703,0.99393,112.7497,0.0027,301.2389,0.916179,282.6213,0.605737,182.5942,0.721182,76.4653,4.829904,209.1621,9.367678,347.2934,20.969027,311.6538,30.925637,259.2522,32.948065,186.4239,0.00257,319.925,18.753339
2014-03-17,335.737,0.995856,200.5618,0.00256,309.0046,1.017327,289.2376,0.660196,181.2361,0.682039,76.7035,4.939399,208.9947,9.270183,347.6822,21.001796,311.906,30.885202,259.355,32.837942,186.0529,0.00257,320.3594,18.736004
2014-03-24,342.6788,0.997877,298.5445,0.002445,318.3848,1.110635,296.21,0.714982,179.3011,0.651357,77.0921,5.051346,208.7508,9.181329,348.0784,21.021284,312.1483,30.831989,259.4338,32.724419,185.682,0.00257,320.7832,18.705665
2014-03-31,349.5954,0.999882,36.0499,0.002602,329.0537,1.194414,303.4548,0.769757,176.9094,0.630212,77.624,5.164278,208.4361,9.102632,348.478,21.027226,312.3778,30.766688,259.4877,32.609164,185.311,0.00257,321.1922,18.662747
2014-04-07,356.4821,1.001845,120.8583,0.00269,340.9181,1.265621,310.9099,0.824352,174.2663,0.619239,78.2898,5.276721,208.0586,9.035459,348.8769,21.019625,312.5919,30.690285,259.5163,32.493985,184.9401,0.00257,321.5819,18.607965
2014-04-14,3.3389,1.003808,210.3917,0.002524,354.0043,1.316654,318.5349,0.878622,171.6176,0.618456,79.0784,5.387402,207.6281,8.980868,349.2711,20.998735,312.7885,30.603922,259.5198,32.380591,184.5692,0.00257,321.9486,18.542207
2014-04-21,10.1708,1.005762,308.9448,0.002476,8.2819,1.331754,326.3002,0.932353,169.2028,0.627397,79.9794,5.495249,207.155,8.939713,349.657,20.964887,312.9656,30.508746,259.4985,32.270571,184.1982,0.00257,322.2887,18.46638
2014-04-28,16.9803,1.007603,43.9799,0.002617,23.2651,1.289083,334.1769,0.985311,167.2287,0.645229,80.9833,5.599206,206.6509,8.912753,350.0307,20.918463,313.1212,30.405989,259.4531,32.165554,183.8273,0.00257,322.5987,18.381464
2014-05-05,23.7646,1.009282,128.7416,0.002685,37.6567,1.181674,342.141,1.037377,165.8407,0.670687,82.08,5.69823,206.1292,8.900472,350.3886,20.860099,313.2536,30.297121,259.3847,32.067195,183.4563,0.00257,322.8752,18.288691
2014-05-12,30.5236,1.010842,219.6178,0.002485,50.009,1.035284,350.1783,1.088467,165.1,0.702311,83.2587,5.791476,205.6034,8.902963,350.727,20.790642,313.3616,30.18369,259.2949,31.976945,183.0854,0.00257,323.1153,18.189413
2014-05-19,37.2633,1.012302,319.8007,0.002492,59.5781,0.884207,358.2808,1.138424,165.003,0.738777,84.51,5.878278,205.0863,8.920088,351.043,20.710978,313.4441,30.067179,259.1854,31.89606,182.7144,0.00257,323.3168,18.084947
2014-05-26,43.9885,1.013576,52.3839,0.002642,66.0196,0.749457,6.4385,1.187025,165.5175,0.778979,85.8261,5.957958,204.5907,8.951589,351.3333,20.622023,313.5004,29.949109,259.0583,31.825771,182.3435,0.00257,323.4772,17.976659
2014-06-02,50.698,1.014604,136.7143,0.002686,68.955,0.642658,14.6406,1.234134,166.5954,0.821851,87.1982,6.029843,204.1293,8.99691,351.5949,20.524924,313.53,29.831169,258.9158,31.767229,181.9726,0.00257,323.5947,17.866116
2014-06-09,57.3918,1.015423,228.2152,0.002456,68.2112,0.573923,22.882,1.279678,168.1729,0.866461,88.6175,6.093435,203.7132,9.055157,351.8251,20.420996,313.5329,29.715036,258.7609,31.721306,181.6016,0.00257,323.6681,17.754938
2014-06-16,64.0754,1.016083,330.5046,0.002493,64.765,0.553767,31.1623,1.323543,170.184,0.912144,90.0765,6.14839,203.3517,9.125294,352.0219,20.31154,313.5095,29.602246,258.5964,31.688625,181.2307,0.00257,323.697,17.644647
2014-06-23,70.7556,1.016524,61.2953,0.002668,61.2621,0.588175,39.4801,1.36552,172.576,0.958442,91.5688,6.194327,203.0527,9.206249,352.183,20.197865,313.4603,29.494319,258.425,31.669748,180.8597,0.00257,323.681,17.53677
2014-06-30,77.4325,1.016681,145.0533,0.002689,60.4756,0.674206,47.8308,1.40546,175.3051,1.004886,93.0872,6.230859,202.8232,9.29673,352.3067,20.081479,313.3864,29.392858,258.25,31.665084,180.4888,0.00257,323.6203,17.432969
2014-07-07,84.1056,1.016585,236.4892,0.002443,63.6394,0.802799,56.2124,1.443302,178.3278,1.051068,94.6241,6.257765,202.6683,9.395245,352.3917,19.963992,313.2893,29.299356,258.0747,31.674723,180.1178,0.00257,323.5164,17.334865
2014-07-14,90.7796,1.016311,340.5649,0.002482,70.7892,0.961185,64.6269,1.478988,181.6043,1.096752,96.1732,6.274958,202.5906,9.500298,352.4374,19.846945,313.1708,29.215086,257.9022,31.698499,179.7469,0.00257,323.3713,17.243901
2014-07-21,97.4621,1.015832,70.488,0.002688,81.545,1.127252,73.0764,1.512357,185.1067,1.141836,97.7288,6.282303,202.592,9.610466,352.4434,19.731839,313.033,29.141244,257.7355,31.736184,179.3759,0.00257,323.1872,17.161459
2014-07-28,104.1543,1.015084,153.862,0.002688,95.018,1.264154,81.5586,1.543276,188.8142,1.18615,99.2839,6.279662,202.6733,9.724202,352.4097,19.620325,312.8783,29.079023,257.5777,31.78737,179.005,0.00257,322.9675,17.088968
2014-08-04,110.8553,1.014089,244.9435,0.002449,109.5514,1.340223,90.0715,1.571709,192.7045,1.229522,100.8317,6.267058,202.834,9.839879,352.3372,19.514064,312.7096,29.029403,257.4319,31.851337,178.6341,0.00257,322.7162,17.027693
2014-08-11,117.5678,1.012939,349.7344,0.002468,123.6303,1.356274,98.6156,1.59767,196.7561,1.271905,102.3655,6.24465,203.0716,9.955972,352.2275,19.414561,312.5302,28.993079,257.3006,31.927154,178.2631,0.00257,322.4382,16.978633
2014-08-18,124.2995,1.011644,79.626,0.002697,136.6398,1.331156,107.1931,1.621083,200.9552,1.313357,103.8795,6.212543,203.3835,10.071102,352.0826,19.323221,312.343,28.970618,257.1861,32.013863,177.8922,0.00257,322.1385,16.942653
2014-08-25,131.0523,1.010146,163.0222,0.002678,148.5155,1.280039,115.8014,1.641858,205.2924,1.35385,105.3663,6.170856,203.7668,10.18382,351.905,19.241507,312.1515,28.962505,257.0908,32.11035,177.5212,0.00257,321.8228,16.92056
2014-09-01,137.8246,1.008456,254.0627,0.002466,159.3159,1.21074,124.4368,1.659997,209.7559,1.393321,106.818,6.119883,204.2176,10.292674,351.6981,19.170775,311.9595,28.968943,257.0165,32.215241,177.1503,0.00257,321.4976,16.912893
2014-09-08,144.6168,1.006672,358.0977,0.002461,169.0359,1.126424,133.097,1.675579,214.3326,1.431804,108.2271,6.060057,204.7307,10.396374,351.4662,19.112121,311.7705,28.989812,256.9648,32.32703,176.7793,0.00257,321.1693,16.919854
2014-09-15,151.4355,1.00484,88.4063,0.002698,177.5007,1.028192,141.7823,1.688632,219.0141,1.469433,109.5864,5.991775,205.3014,10.493803,351.2135,19.066458,311.588,29.024851,256.9366,32.444261,176.4084,0.00257,320.8443,16.941467
2014-09-22,158.2829,1.002912,172.2307,0.002656,184.1988,0.917507,150.4903,1.699118,223.7957,1.506256,110.8871,5.915465,205.925,10.583806,350.945,19.034659,311.4155,29.073685,256.933,32.565374,176.0374,0.00257,320.5292,16.977641
2014-09-29,165.1564,1.000887,264.0823,0.002483,187.9741,0.800684,159.2159,1.707065,228.67,1.542261,112.1195,5.83176,206.596,10.665266,350.6661,19.01737,311.2565,29.135633,256.9545,32.688633,175.6665,0.00257,320.2305,17.027963
2014-10-06,172.0541,0.998855,6.0939,0.002471,186.7963,0.699243,167.9551,1.712596,233.6271,1.577509,113.2745,5.741446,207.3081,10.73727,350.383,19.014885,311.114,29.209715,257.001,32.812281,175.2956,0.00257,319.9545,17.091685
2014-10-13,178.9802,0.996894,96.69,0.002694,179.7792,0.665007,176.7076,1.715813,238.66,1.612162,114.3431,5.645288,208.0556,10.799085,350.1011,19.027269,310.9907,29.294858,257.0722,32.934694,174.9246,0.00257,319.7063,17.167918
2014-10-20,185.9369,0.994968,181.1069,0.002627,173.1964,0.752706,185.4719,1.716722,243.7655,1.646306,115.3148,5.544117,208.8332,10.849961,349.8263,19.054477,310.8892,29.389896,257.1677,33.054222,174.5537,0.00257,319.4911,17.255668
2014-10-27,192.9207,0.993057,274.8421,0.002488,174.5979,0.93052,194.2442,1.71535,248.9376,1.679945,116.1784,5.438991,209.6344,10.889223,349.5647,19.09618,310.8117,29.493406,257.2866,33.169136,174.1827,0.00257,319.3134,17.353666
2014-11-03,199.927,0.991237,14.36,0.002499,182.4275,1.113258,203.0205,1.711814,254.1674,1.713129,116.9235,5.331134,210.4527,10.916428,349.3219,19.151677,310.76,29.603749,257.4275,33.2778,173.8118,0.00257,319.1768,17.460383
2014-11-10,206.9572,0.989601,104.5841,0.002692,192.8262,1.256693,211.8006,1.706248,259.448,1.746014,117.5409,5.221758,211.2818,10.931319,349.1029,19.220069,310.735,29.719297,257.5888,33.378801,173.4408,0.00257,319.0838,17.574266
2014-11-17,214.0131,0.988128,189.3947,0.0026,203.8825,1.356033,220.5852,1.698677,264.7757,1.778691,118.0203,5.112156,212.1158,10.933646,348.9123,19.300368,310.7377,29.838405,257.7689,33.470773,173.0699,0.00257,319.0364,17.693737
2014-11-24,221.0906,0.986777,285.7875,0.002473,214.9835,1.417568,229.3723,1.6891,270.1453,1.811155,118.352,5.003848,212.9481,10.923259,348.7544,19.391335,310.7687,29.959266,257.9657,33.552367,172.699,0.00257,319.036,17.817043
2014-12-01,228.1828,0.985596,23.371,0.002539,226.0096,1.447203,238.1582,1.677585,275.5482,1.843415,118.5294,4.89849,213.7715,10.900269,348.6328,19.491434,310.8278,30.079985,258.1768,33.622429,172.328,0.00257,319.0829,17.942308
2014-12-08,235.2884,0.98468,112.4079,0.002696,237.0047,1.448212,246.9421,1.664251,280.9771,1.87559,118.5485,4.797675,214.5798,10.864973,348.5499,19.599058,310.9143,30.198807,258.3998,33.680098,171.9571,0.00257,319.1764,18.067768
2014-12-15,242.4083,0.984021,197.1956,0.002585,248.0523,1.421051,255.7251,1.649126,286.4281,1.907753,118.407,4.70303,215.3667,10.817685,348.5076,19.7126,311.0276,30.314058,258.6322,33.724615,171.5861,0.00257,319.3154,18.191737
2014-12-22,249.5389,0.983559,296.1647,0.002441,259.2046,1.363455,264.5061,1.632167,291.8964,1.939866,118.1063,4.616312,216.1254,10.75884,348.5074,19.83031,311.1663,30.424013,258.8713,33.755309,171.2152,0.00257,319.4984,18.312469
2014-12-29,256.6719,0.983302,33.1258,0.002576,270.3809,1.270531,273.2805,1.613366,297.3744,1.971882,117.6538,4.539267,216.8487,10.689146,348.5498,19.95028,311.3289,30.526987,259.1143,33.771774,170.8442,0.00257,319.7231,18.428222
2015-01-05,263.8038,0.983334,120.5057,0.002705,281.1053,1.136143,282.045,1.592802,302.8546,2.003863,117.0625,4.4734,217.5304,10.609479,348.6343,20.070684,311.5132,30.621553,259.3581,33.773927,170.4733,0.00257,319.9862,18.537487
2015-01-12,270.9353,0.983658,204.9986,0.002586,289.8177,0.961014,290.7994,1.570489,308.3334,2.035845,116.3494,4.42007,218.1645,10.520728,348.76,20.189814,311.7171,30.706441,259.6003,33.761802,170.1023,0.00257,320.2847,18.638909
2015-01-19,278.0638,0.984202,305.4331,0.002407,292.9516,0.777441,299.5417,1.546354,313.8072,2.067757,115.5368,4.380536,218.7445,10.423899,348.9256,20.305935,311.9384,30.780423,259.8378,33.73555,169.7314,0.00257,320.6151,18.731157
2015-01-26,285.1813,0.984928,43.1529,0.002597,287.5915,0.665207,308.2659,1.520318,319.2696,2.099486,114.6535,4.355781,219.2641,10.320257,349.1292,20.417284,312.1742,30.842402,260.0679,33.695607,169.3605,0.00257,320.9735,18.812997
2015-02-02,292.2831,0.985902,129.0106,0.002713,279.7053,0.67583,316.966,1.492407,324.7142,2.131033,113.7318,4.346303,219.7182,10.211194,349.3679,20.52231,312.4218,30.891615,260.2879,33.642713,168.9895,0.00257,321.3553,18.883497
2015-02-09,299.3701,0.987135,213.3698,0.002595,277.2763,0.766623,325.6391,1.462632,330.1381,2.162398,112.8041,4.352279,220.102,10.098075,349.639,20.619662,312.6782,30.927486,260.4952,33.577687,168.6186,0.00257,321.7566,18.941912
2015-02-16,306.4417,0.988552,313.6989,0.002387,280.3794,0.8804,334.2828,1.43092,335.5392,2.193479,111.9035,4.373632,220.4108,9.982354,349.9395,20.70804,312.9406,30.949522,260.6876,33.501446,168.2476,0.00257,322.173,18.987563
2015-02-23,313.4918,0.990076,52.831,0.002601,286.8168,0.990925,342.8906,1.39716,340.9133,2.224112,111.0628,4.409894,220.6407,9.865691,350.2658,20.786201,313.206,30.957408,260.8627,33.41516,167.8767,0.00257,322.5999,19.019905
2015-03-02,320.5155,0.99175,137.772,0.002716,295.219,1.090253,351.4541,1.361351,346.2553,2.254243,110.3111,4.460123,220.7895,9.749795,350.6141,20.853184,313.4712,30.951178,261.0186,33.320232,167.5057,0.00257,323.0326,19.038722
2015-03-09,327.514,0.993595,222.5589,0.002599,304.9525,1.176599,359.9682,1.323533,351.5635,2.283844,109.6709,4.523174,220.8558,9.636272,350.9805,20.90826,313.7334,30.931037,261.1536,33.218071,167.1348,0.00257,323.4668,19.043975
2015-03-16,334.4895,0.995542,321.7202,0.002391,315.769,1.249185,8.4298,1.283692,356.8374,2.312796,109.1606,4.59779,220.8392,9.52675,351.3615,20.950772,313.9898,30.897264,261.2663,33.110119,166.7638,0.00257,323.8981,19.035682
2015-03-23,341.4386,0.997492,61.7798,0.002593,327.616,1.305681,16.8322,1.241752,2.0751,2.340905,108.7944,4.682505,220.7404,9.42297,351.7529,20.98016,314.2373,30.850318,261.3553,32.998008,166.3929,0.00257,324.3222,19.01401
2015-03-30,348.3568,0.999461,146.4885,0.002712,340.535,1.339787,25.1645,1.197739,7.2729,2.368075,108.5804,4.775635,220.5627,9.326592,352.1505,20.996161,314.4734,30.790975,261.4199,32.883498,166.022,0.00257,324.7344,18.979434
2015-04-06,355.246,1.001483,232.3941,0.00259,354.5214,1.338184,33.4173,1.151769,12.4303,2.394263,108.5205,4.875547,220.3107,9.239066,352.5502,20.998733,314.6954,30.720131,261.4598,32.768254,165.651,0.00257,325.1308,18.93257
2015-04-13,2.1107,1.003509,330.3559,0.002415,9.178,1.281309,41.5836,1.103941,17.5484,2.419351,108.6141,4.980712,219.9901,9.161758,352.9486,20.987894,314.9011,30.638715,261.4746,32.653901,165.2801,0.00257,325.5076,18.874065
2015-04-20,8.9504,1.005428,70.0523,0.002587,23.2615,1.160416,49.6535,1.054286,22.6269,2.443131,108.8585,5.089567,219.6084,9.096021,353.3415,20.963758,315.0883,30.547807,261.4646,32.542165,164.9091,0.00257,325.8609,18.804697
2015-04-27,15.7617,1.007236,154.9153,0.002702,35.0848,0.999601,57.6084,1.002901,27.6637,2.465481,109.2474,5.200509,219.1755,9.042974,353.725,20.92673,315.2547,30.448747,261.4302,32.434787,164.5382,0.00257,326.1868,18.725522
2015-05-04,22.5467,1.008978,242.4515,0.002565,43.5687,0.837431,65.4276,0.950008,32.659,2.486355,109.7723,5.31212,218.7023,9.003411,354.0953,20.877396,315.3989,30.342925,261.3726,32.333314,164.1672,0.00257,326.4822,18.637682
2015-05-11,29.3113,1.010631,340.0024,0.002447,48.2218,0.69989,73.0907,0.895851,37.6148,2.505647,110.4243,5.423163,218.2002,8.977953,354.4491,20.816371,315.5194,30.231703,261.2931,32.239175,163.7963,0.00257,326.7442,18.542311
2015-05-18,36.0581,1.012091,78.0359,0.002591,48.8489,0.601593,80.5723,0.840605,42.5325,2.523151,111.195,5.532409,217.6815,8.967097,354.783,20.744359,315.6149,30.116552,261.193,32.153819,163.4254,0.00257,326.9698,18.440652
2015-05-25,42.7846,1.013336,163.003,0.002692,46.1223,0.553024,87.831,0.784475,47.4107,2.538733,112.0746,5.638637,217.1601,8.971009,355.0934,20.662327,315.6844,29.999133,261.0744,32.078603,163.0544,0.00257,327.1563,18.334179
2015-06-01,49.4925,1.014419,252.2681,0.002529,42.3573,0.559624,94.8128,0.727814,52.2501,2.552349,113.0526,5.740833,216.6491,8.989492,355.3773,20.571381,315.7274,29.88107,260.9397,32.014605,162.6835,0.00257,327.3021,18.224388
2015-06-08,56.1888,1.015349,350.5046,0.002474,40.4969,0.617557,101.4541,0.671053,57.0534,2.563914,114.1197,5.838154,216.1605,9.022175,355.6321,20.472616,315.7439,29.763894,260.7912,31.962726,162.3125,0.00257,327.4056,18.112718
2015-06-15,62.8779,1.01604,86.179,0.002609,42.1152,0.716609,107.6741,0.614596,61.8224,2.573238,115.2676,5.929743,215.7061,9.068559,355.8552,20.367198,315.7337,29.649196,260.6317,31.923833,161.9416,0.00257,327.4655,18.000688
2015-06-22,69.5584,1.016453,170.9039,0.002688,47.3249,0.846413,113.3534,0.558907,66.5569,2.580183,116.4874,6.014756,215.2975,9.127828,356.0439,20.256529,315.6973,29.538664,260.4641,31.898606,161.5706,0.00257,327.4811,17.889975
2015-06-29,76.2315,1.016648,261.5099,0.002492,55.7928,0.996422,118.3266,0.504692,71.2573,2.584711,117.7698,6.092533,214.944,9.19889,356.1966,20.142089,315.6358,29.433863,260.2916,31.887404,161.1997,0.00257,327.4526,17.782205
2015-07-06,82.9037,1.016666,1.3854,0.002488,67.2152,1.149006,122.3822,0.452934,75.9264,2.586769,119.1069,6.162565,214.6531,9.280577,356.3117,20.025304,315.5503,29.336189,260.1171,31.890386,160.8287,0.00257,327.3808,17.678879
2015-07-13,89.5809,1.016444,94.7455,0.002636,81.0275,1.272506,125.2578,0.404843,80.5666,2.586185,120.492,6.224303,214.4311,9.371687,356.3878,19.907642,315.4423,29.24704,259.9438,31.907649,160.4578,0.00257,327.2667,17.581524
2015-07-20,96.2629,1.015937,178.888,0.00269,95.9039,1.335343,126.6292,0.362007,85.1777,2.582831,121.9175,6.277203,214.2834,9.470792,356.4242,19.790754,315.3137,29.167811,259.7749,31.939058,160.0869,0.00257,327.1122,17.491733
2015-07-27,102.9494,1.0152,270.1004,0.002464,110.339,1.335855,126.1826,0.326666,89.7598,2.576682,123.3754,6.320894,214.2132,9.576326,356.4207,19.676297,315.1672,29.09968,259.6136,31.984156,159.7159,0.00257,326.9204,17.410946
2015-08-03,109.6461,1.014307,12.0738,0.002486,123.6009,1.294468,123.8285,0.3016,94.3156,2.567718,124.8591,6.355138,214.2215,9.686781,356.378,19.565802,315.0052,29.043586,259.4627,32.04231,159.345,0.00257,326.6946,17.340391
2015-08-10,116.3596,1.013221,103.7344,0.002663,135.575,1.228971,119.9985,0.289375,98.8475,2.555803,126.3627,6.379643,214.3092,9.800705,356.2966,19.460795,314.8306,29.00041,259.3249,32.112839,158.974,0.00257,326.4387,17.28125
2015-08-17,123.0901,1.011895,187.2122,0.002694,146.298,1.148636,115.7214,0.291364,103.355,2.540822,127.8793,6.394126,214.4757,9.916513,356.1779,19.3629,314.6466,28.970938,259.2028,32.194833,158.6031,0.00257,326.1574,17.234657
2015-08-24,129.8362,1.010377,278.2954,0.002453,155.7298,1.05737,112.2522,0.307112,107.8378,2.522777,129.4014,6.398475,214.7194,10.032594,356.0246,19.273639,314.4567,28.955653,259.0989,32.287108,158.2321,0.00257,325.8564,17.20148
2015-08-31,136.6016,1.00876,22.0722,0.002473,163.631,0.957038,110.4741,0.334504,112.2978,2.501688,130.9227,6.392708,215.0368,10.147485,355.8394,19.194318,314.2645,28.954758,259.0149,32.388368,157.8612,0.00257,325.5414,17.182296
2015-09-07,143.3928,1.007044,112.9334,0.002683,169.4035,0.850389,110.6412,0.370647,116.7372,2.477464,132.4372,6.376788,215.4249,10.259835,355.6257,19.12616,314.0733,28.968362,258.9525,32.497327,157.4902,0.00257,325.2184,17.17757
2015-09-14,150.2101,1.005178,195.9897,0.002694,171.841,0.745792,112.5634,0.412911,121.1551,2.450024,133.9376,6.3507,215.8802,10.368213,355.3875,19.070373,313.8868,28.996412,258.9132,32.61251,157.1193,0.00257,324.8937,17.187623
2015-09-21,157.0509,1.003198,286.6331,0.002461,169.2458,0.666848,115.9133,0.459371,125.5502,2.419402,135.4161,6.314617,216.3978,10.471236,355.1298,19.027939,313.7087,29.038521,258.898,32.732252,156.7484,0.00257,324.5742,17.212432
2015-09-28,163.9161,1.001209,31.1127,0.002456,162.0502,0.661225,120.387,0.50867,129.9234,2.385674,136.8655,6.268841,216.9723,10.567718,354.8577,18.999529,313.5425,29.094024,258.9075,32.854878,156.3774,0.00257,324.2664,17.251656
2015-10-05,170.8112,0.999241,122.0232,0.002692,156.9356,0.7684,125.7358,0.559742,134.2762,2.348809,138.2789,6.213635,217.5989,10.656607,354.5765,18.985654,313.3911,29.162175,258.9417,32.978796,156.0065,0.00257,323.976,17.304833
2015-10-12,177.7365,0.997247,205.1119,0.002684,159.7092,0.953762,131.7572,0.611815,138.607,2.308772,139.6478,6.149309,218.2723,10.736806,354.2921,18.986714,313.2576,29.242067,259.0009,33.102298,155.6355,0.00257,323.7092,17.37133
2015-10-19,184.6878,0.995241,295.6867,0.00248,168.5046,1.13903,138.2995,0.664412,142.9132,2.265644,140.9628,6.076378,218.9866,10.807313,354.0105,19.002788,313.1449,29.332482,259.0846,33.223593,155.2646,0.00257,323.4716,17.450174
2015-10-26,191.6631,0.993326,39.3241,0.002448,179.641,1.280482,145.2566,0.717213,147.1942,2.219569,142.2154,5.995504,219.7355,10.867353,353.7379,19.033598,313.0553,29.431996,259.1918,33.340988,154.8936,0.00257,323.2679,17.540134
2015-11-02,198.666,0.991559,130.7125,0.002691,191.2223,1.37412,152.5514,0.769879,151.4505,2.170591,143.397,5.907323,220.513,10.9163,353.4798,19.078691,312.9903,29.539181,259.3215,33.452957,154.5227,0.00257,323.1019,17.639928
2015-11-09,205.6965,0.989895,214.2565,0.002662,202.6522,1.427905,160.1165,0.822098,155.6792,2.118734,144.4973,5.812548,221.3135,10.953506,353.2416,19.137477,312.9518,29.6525,259.4724,33.557943,154.1518,0.00257,322.9771,17.748158
2015-11-16,212.7495,0.988324,305.7144,0.002495,213.8343,1.448921,167.8971,0.87369,159.876,2.064139,145.5056,5.712118,222.1304,10.978459,353.0287,19.209036,312.9408,29.770198,259.6428,33.654407,153.7808,0.00257,322.8963,17.863177
2015-11-23,219.8197,0.98693,47.2853,0.002461,224.8243,1.441128,175.854,0.92456,164.038,2.007023,146.4117,5.607131,222.9567,10.990896,352.8458,19.292141,312.9578,29.890435,259.8306,33.741021,153.4099,0.00257,322.861,17.983203
2015-11-30,226.9085,0.985787,138.8786,0.002687,235.7074,1.405534,183.9598,0.974557,168.1643,1.947513,147.2061,5.498669,223.7864,10.990709,352.6964,19.385471,313.0029,30.01148,260.0337,33.81669,153.0389,0.00257,322.8719,18.106528
2015-12-07,234.0159,0.984854,223.0269,0.002634,246.5256,1.34047,192.1871,1.023482,172.2499,1.885701,147.878,5.387906,224.6132,10.977794,352.5839,19.48763,313.076,30.131589,260.25,33.880361,152.668,0.00257,322.9294,18.23143
2015-12-14,241.1361,0.984092,316.4483,0.002494,257.1735,1.242012,200.5096,1.071221,176.2877,1.821789,148.4167,5.276249,225.4303,10.952204,352.511,19.596979,313.1763,30.248917,260.4767,33.93109,152.297,0.00257,323.0329,18.356059
2015-12-21,248.262,0.983555,55.7409,0.002493,267.1382,1.105628,208.908,1.117756,180.2717,1.756067,148.8137,5.165245,226.2306,10.914262,352.4795,19.711704,313.3028,30.361673,260.7112,33.968218,151.9261,0.00257,323.1812,18.478574
2015-12-28,255.3924,0.983319,146.665,0.002685,274.824,0.933856,217.3708,1.163038,184.198,1.688742,149.0624,5.056394,227.0079,10.864437,352.4902,19.830037,313.4537,30.468288,260.9508,33.991365,151.5551,0.00257,323.3719,18.597334
2016-01-04,262.5278,0.983352,231.2189,0.00261,276.5929,0.760186,225.8865,1.206936,188.0583,1.61997,149.1565,4.951261,227.7558,10.80321,352.5432,19.950248,313.6276,30.567275,261.1927,34.000228,151.1842,0.00257,323.603,18.710773
2016-01-11,269.663,0.983585,327.1882,0.002472,269.8655,0.668737,234.4416,1.249365,191.8405,1.550008,149.0924,4.851587,228.4675,10.731229,352.6386,20.070493,313.8223,30.65715,261.4342,33.994661,150.8133,0.00257,323.8715,18.817308
2016-01-18,276.7899,0.984033,65.0872,0.002534,262.2378,0.708642,243.0251,1.290342,195.5334,1.479209,148.8714,4.759145,229.1361,10.649412,352.775,20.188895,314.0354,30.736598,261.6722,33.97484,150.4423,0.00257,324.174,18.915477
2016-01-25,283.9061,0.984767,154.4335,0.00269,261.2516,0.822114,251.6326,1.329887,199.1271,1.407854,148.499,4.675534,229.7558,10.55879,352.9507,20.303772,314.2643,30.804608,261.904,33.941208,150.0714,0.00257,324.5067,19.004101
2016-02-01,291.0126,0.985762,239.0305,0.0026,265.6433,0.947823,260.2604,1.367925,202.6066,1.336156,147.9841,4.602291,230.3209,10.460398,353.1635,20.413569,314.5064,30.860301,262.1272,33.894278,149.7004,0.00257,324.8658,19.082131
2016-02-08,298.1063,0.986932,337.1892,0.002436,272.9459,1.061988,268.9022,1.404372,205.9504,1.264423,147.3405,4.540942,230.8252,10.355418,353.4112,20.516724,314.7589,30.902869,262.3389,33.834718,149.3295,0.00257,325.2473,19.148566
2016-02-15,305.1797,0.988249,75.1177,0.002568,281.8669,1.158935,277.5511,1.439232,209.1361,1.193075,146.5893,4.492816,231.263,10.245276,353.6905,20.611755,315.0188,30.931735,262.5366,33.763498,148.9585,0.00257,325.6467,19.202584
2016-02-22,312.2297,0.989772,162.5309,0.002701,291.8656,1.2383,286.2051,1.472548,212.1422,1.122469,145.7557,4.458843,231.6302,10.131453,353.998,20.69746,315.283,30.946656,262.7182,33.681795,148.5876,0.00257,326.0595,19.243687
2016-02-29,319.2584,0.99149,246.9715,0.002602,302.7571,1.300143,294.8641,1.504263,214.9387,1.052897,144.8675,4.439695,231.9227,10.015391,354.3303,20.772813,315.5486,30.947518,262.8817,33.590801,148.2166,0.00257,326.4814,19.271508
2016-03-07,326.2655,0.993311,346.1382,0.002404,314.5248,1.342802,303.5256,1.534265,217.4853,0.984755,143.9552,4.435824,232.1369,9.89864,354.6839,20.836837,315.8127,30.9343,263.0252,33.491817,147.8457,0.00257,326.9082,19.285746
2016-03-14,333.2453,0.995171,85.2428,0.002585,327.2231,1.361003,312.1844,1.562495,219.7377,0.918583,143.0524,4.447299,232.2701,9.782926,355.0548,20.888685,316.0723,30.907219,263.1471,33.386383,147.4748,0.00257,327.3352,19.286303
2016-03-21,340.1949,0.997116,171.0627,0.002712,340.8616,1.343527,320.8388,1.588969,221.6519,0.854882,142.1907,4.473693,232.3216,9.669937,355.4388,20.927826,316.3244,30.866806,263.246,33.276149,147.1038,0.00257,327.7578,19.273392
2016-03-28,347.1174,0.999151,255.5088,0.002609,355.1059,1.273221,329.4901,1.613618,223.1721,0.794128,141.3982,4.514322,232.2915,9.561249,355.8322,20.953905,316.5665,30.813682,263.3212,33.162694,146.7329,0.00257,328.1721,19.247328
2016-04-04,354.0153,1.001194,354.3745,0.002388,8.7671,1.140511,338.1378,1.636294,224.2307,0.736938,140.6998,4.568322,232.1809,9.458468,356.2311,20.966619,316.7959,30.748536,263.3719,33.047635,146.3619,0.00257,328.574,19.208482
2016-04-11,0.8857,1.003154,94.9021,0.002585,19.9163,0.967485,346.7789,1.656864,224.7627,0.684126,140.1175,4.634532,231.9924,9.363267,356.6314,20.965811,317.01,30.672274,263.3977,32.932743,145.991,0.00257,328.9592,19.157419
2016-04-18,7.7258,1.005066,179.8616,0.002716,27.0437,0.797055,355.4116,1.675293,224.7193,0.636498,139.667,4.711489,231.7313,9.277153,357.0289,20.951637,317.2066,30.586061,263.3988,32.81978,145.62,0.00257,329.3236,19.094978
2016-04-25,14.5395,1.006954,264.784,0.00261,29.5158,0.661359,4.0377,1.691511,224.0643,0.594846,139.3579,4.797705,231.4038,9.201413,357.4201,20.924392,317.3836,30.491086,263.3756,32.710348,145.2491,0.00257,329.6639,19.022058
2016-05-02,21.3319,1.008755,2.6471,0.002395,27.6772,0.578045,12.6594,1.705362,222.7916,0.560072,139.196,4.891715,231.0174,9.137259,357.8012,20.884409,317.5393,30.388563,263.3288,32.606008,144.8782,0.00257,329.9767,18.939583
2016-05-09,28.1024,1.010372,103.8372,0.002578,23.605,0.554792,21.2754,1.716674,220.963,0.533128,139.1845,4.99196,230.5811,9.085841,358.1684,20.832162,317.6719,30.279884,263.2594,32.508385,144.5072,0.00257,330.2584,18.84865
2016-05-16,34.8489,1.011821,188.632,0.002713,20.599,0.587593,29.8845,1.72539,218.7273,0.514658,139.3218,5.096788,230.1065,9.048,358.518,20.768411,317.78,30.166622,263.169,32.418981,144.1363,0.00257,330.506,18.750586
2016-05-23,41.5753,1.013148,274.6021,0.002598,20.839,0.663532,38.489,1.731475,216.2922,0.504908,139.6028,5.204706,229.6052,9.024267,358.8469,20.694015,317.8627,30.050301,263.0595,32.339053,143.7653,0.00257,330.7172,18.646719
2016-05-30,48.2881,1.014319,11.6149,0.002419,24.6334,0.769555,47.092,1.734828,213.9011,0.503804,140.0215,5.314364,229.0891,9.015022,359.1519,20.609841,317.9193,29.932417,262.9327,32.269757,143.3944,0.00257,330.8897,18.538367
2016-06-06,54.9894,1.015239,112.1427,0.002574,31.5045,0.896319,55.6944,1.735306,211.8072,0.510902,140.5714,5.424397,228.5713,9.020492,359.4298,20.516886,317.9492,29.814587,262.7911,32.21223,143.0234,0.00257,331.0213,18.426992
2016-06-13,61.6772,1.015911,197.131,0.002704,41.0234,1.035467,64.2944,1.732878,210.221,0.525252,141.2442,5.533439,228.0651,9.040528,359.6776,20.416402,317.9523,29.698524,262.6373,32.167391,142.6525,0.00257,331.1106,18.314223
2016-06-20,68.355,1.016397,284.5659,0.002571,52.9738,1.17281,72.8933,1.727589,209.2619,0.545677,142.0299,5.640329,227.583,9.074671,359.8932,20.309687,317.9292,29.58581,262.4742,32.135863,142.2815,0.00257,331.1568,18.201623
2016-06-27,75.0299,1.016696,21.5206,0.002448,67.022,1.281288,81.4939,1.719446,208.9733,0.571084,142.9199,5.744066,227.136,9.122336,0.0742,20.198014,317.8803,29.477933,262.3046,32.118128,141.9106,0.00257,331.1595,18.090694
2016-07-04,81.7057,1.016726,120.1607,0.002581,82.1397,1.330025,90.0971,1.708397,209.3557,0.600489,143.9059,5.843628,226.7348,9.182796,0.2187,20.082769,317.8067,29.37644,262.1316,32.114598,141.5397,0.00257,331.1187,17.983039
2016-07-11,88.3809,1.016476,205.2834,0.002696,96.8621,1.31439,98.7005,1.694469,210.3741,0.632903,144.9789,5.93801,226.3895,9.255,0.3249,19.965543,317.7097,29.282875,261.9584,32.125409,141.1687,0.00257,331.035,17.880335
2016-07-18,95.0575,1.016019,294.2302,0.002535,110.324,1.255801,107.3025,1.677792,211.9633,0.667507,146.1294,6.026403,226.1074,9.337695,0.392,19.84791,317.5913,29.198559,261.7883,32.150388,140.7978,0.00257,330.9104,17.78411
2016-07-25,101.7428,1.01539,32.1915,0.002473,122.3369,1.175013,115.9045,1.658495,214.0534,0.703755,147.3494,6.108137,225.8944,9.429611,0.4194,19.731371,317.4536,29.124654,261.624,32.189226,140.4268,0.00257,330.7468,17.695759
2016-08-01,108.4414,1.014525,128.2909,0.002601,132.9082,1.083131,124.507,1.636623,216.5872,0.741255,148.6315,6.182503,225.7555,9.529422,0.4069,19.617501,317.2989,29.062312,261.4687,32.241531,140.0559,0.00257,330.5468,17.616706
2016-08-08,115.1522,1.013401,213.2167,0.002693,141.9554,0.98497,133.1066,1.612245,219.5125,0.779602,149.9678,6.248807,225.6941,9.635588,0.3547,19.508,317.1301,29.012576,261.3252,32.306627,139.6849,0.00257,330.3141,17.548334
2016-08-15,121.8756,1.012095,303.2555,0.002498,149.1641,0.88324,141.6999,1.585536,222.7744,0.818486,151.3501,6.306537,225.7117,9.746501,0.2642,19.404464,316.9504,28.976185,261.1963,32.383561,139.314,0.00257,330.0531,17.491769
2016-08-22,128.6174,1.010674,43.1796,0.002484,153.8419,0.782137,150.2865,1.556692,226.3247,0.857789,152.7713,6.355307,225.8083,9.860653,0.1372,19.308339,316.763,28.953662,261.0842,32.471298,138.9431,0.00257,329.7687,17.447926
2016-08-29,135.3832,1.009097,136.8113,0.002629,154.7987,0.692266,158.8675,1.525816,230.1301,0.897468,154.2252,6.394676,225.9833,9.976563,359.9757,19.221078,316.5712,28.94547,260.991,32.568747,138.5721,0.00257,329.466,17.417663
2016-09-05,142.1714,1.007333,221.2118,0.002696,150.9281,0.63857,167.4401,1.492974,234.1622,0.937404,155.7044,6.424225,226.2353,10.092624,359.7827,19.144142,316.3788,28.95187,260.9187,32.674568,138.2012,0.00257,329.1509,17.401679
2016-09-12,148.9808,1.005452,311.5726,0.002471,144.0932,0.661787,176.0002,1.458314,238.3899,0.977506,157.2014,6.443717,226.5613,10.207265,359.5622,19.078776,316.1894,28.972777,260.8687,32.787227,137.8302,0.00257,328.8298,17.40033
2016-09-19,155.815,1.003546,53.909,0.002478,140.7395,0.785641,184.5464,1.422034,242.785,1.017814,158.7097,6.453033,226.9573,10.319091,359.3185,19.025975,316.0066,29.007874,260.8422,32.905187,137.4593,0.00257,328.5091,17.4137
2016-09-26,162.6792,1.001601,145.7725,0.002658,144.8748,0.975065,193.0805,1.384243,247.3293,1.058425,160.2229,6.452003,227.4198,10.426778,359.056,18.986657,315.8337,29.056766,260.8399,33.026922,137.0883,0.00257,328.1949,17.441773
2016-10-03,169.5719,0.999577,229.5566,0.002701,154.5648,1.160198,201.6009,1.344971,252.0078,1.099325,161.7339,6.440493,227.9445,10.528935,358.7802,18.961626,315.6743,29.118826,260.8623,33.150724,136.7174,0.00257,327.8938,17.484303
2016-10-10,176.4896,0.997531,319.5189,0.002464,166.4101,1.297817,210.1028,1.304302,256.8015,1.140487,163.2347,6.41856,228.5259,10.624272,358.4969,18.951355,315.5315,29.193093,260.9096,33.274798,136.3464,0.00257,327.612,17.540678
2016-10-17,183.433,0.995566,63.8373,0.00246,178.5186,1.384186,218.5824,1.262385,261.6917,1.181986,164.7183,6.386388,229.1583,10.711717,358.212,18.956004,315.4081,29.278422,260.9813,33.397451,135.9755,0.00257,327.3551,17.610036
2016-10-24,190.4066,0.993693,154.9808,0.002678,190.2905,1.429018,227.0398,1.219328,266.6667,1.223951,166.1779,6.344118,229.8367,10.790291,357.9313,18.975596,315.3065,29.373632,261.0769,33.517078,135.6046,0.00257,327.1281,17.691444
2016-10-31,197.4084,0.991868,238.369,0.0027,201.6447,1.440738,235.4721,1.175126,271.7174,1.266388,167.6051,6.291951,230.5553,10.858988,357.6607,19.009965,315.2289,29.477345,261.1954,33.631977,135.2336,0.00257,326.9358,17.783756
2016-11-07,204.4331,0.99012,327.762,0.002475,212.6476,1.424029,243.8709,1.129805,276.8311,1.309262,168.9909,6.230298,231.3078,10.916949,357.4064,19.058577,315.1771,29.587931,261.3357,33.740479,134.8627,0.00257,326.7822,17.885529
2016-11-14,211.4783,0.98855,72.6829,0.00244,223.3807,1.380405,252.2254,1.083467,281.9937,1.352614,170.3271,6.159705,232.0876,10.963558,357.1737,19.120592,315.1524,29.703679,261.4961,33.841116,134.4917,0.00257,326.6702,17.995174
2016-11-21,218.5468,0.987195,164.082,0.002687,233.8715,1.308818,260.5283,1.03623,287.1962,1.396548,171.6055,6.080692,232.8891,10.99831,356.9672,19.195069,315.1553,29.822941,261.6747,33.932586,134.1208,0.00257,326.6018,18.111131
2016-11-28,225.6367,0.985999,247.4849,0.002689,243.9849,1.206263,268.7695,0.988099,292.433,1.44105,172.8162,5.99386,233.7058,11.020697,356.7917,19.280895,315.1865,29.943954,261.8696,34.013574,133.7498,0.00257,326.5789,18.231715
2016-12-05,232.7412,0.984961,336.9135,0.002494,253.1618,1.069722,276.9305,0.93908,297.6951,1.486038,173.9488,5.900041,234.5311,11.030397,356.6511,19.376651,315.246,30.064828,262.0786,34.082902,133.3789,0.00257,326.6022,18.355071
2016-12-12,239.8552,0.984165,80.6909,0.002435,259.7598,0.903641,284.9858,0.889263,302.9715,1.531485,174.9937,5.800208,235.3578,11.027347,356.5484,19.480719,315.333,30.183729,262.2991,34.139675,133.0079,0.00257,326.6714,18.479341
2016-12-19,246.9799,0.983661,172.7354,0.002685,260.1592,0.743021,292.9096,0.83881,308.2554,1.577445,175.9415,5.695313,236.1802,11.011597,356.4857,19.591495,315.4467,30.298996,262.5285,34.183217,132.637,0.00257,326.7856,18.60282
2016-12-26,254.1137,0.983388,256.5137,0.002667,252.4018,0.674284,300.6727,0.7878,313.5431,1.623866,176.7812,5.586407,236.9916,10.983216,356.4646,19.707306,315.5858,30.408955,262.7644,34.212897,132.2661,0.00257,326.9435,18.723784
2017-01-02,261.2498,0.983311,347.0981,0.002505,245.4159,0.741776,308.2317,0.736294,318.8289,1.67061,177.5021,5.474774,237.7851,10.942478,356.4862,19.826292,315.7488,30.511928,263.0038,34.228291,131.8951,0.00257,327.1432,18.840463
2017-01-09,268.3814,0.983482,88.6249,0.002453,245.8627,0.875135,315.5252,0.684451,324.1048,1.717581,178.095,5.361827,238.5537,10.889917,356.5504,19.946556,315.9335,30.606417,263.2438,34.229301,131.5242,0.00257,327.3819,18.95122
2017-01-16,275.5081,0.983959,180.8282,0.00268,251.4105,1.010809,322.4796,0.632575,329.3653,1.764775,178.5515,5.248938,239.2914,10.826168,356.6563,20.066352,316.1378,30.691186,263.4818,34.216054,131.1532,0.00257,327.6564,19.054661
2017-01-23,282.6297,0.98468,265.0824,0.002641,259.4681,1.127519,329.0063,0.580964,334.609,1.812111,178.8634,5.137565,239.9918,10.751883,356.803,20.183974,316.3592,30.765061,263.715,34.188739,130.7823,0.00257,327.9636,19.149454
2017-01-30,289.7406,0.985578,357.8589,0.002497,268.8346,1.221662,334.9804,0.529952,339.8327,1.859407,179.0237,5.029363,240.6483,10.667921,356.9887,20.29766,316.5953,30.826953,263.9406,34.14777,130.4113,0.00257,328.2999,19.234306
2017-02-06,296.8335,0.98667,97.2624,0.00249,279.0472,1.294113,340.2242,0.480073,345.031,1.90651,179.0296,4.926041,241.2544,10.575383,357.2111,20.405739,316.843,30.876032,264.1559,34.093879,130.0404,0.00257,328.661,19.308143
2017-02-13,303.9075,0.988012,188.5895,0.002679,289.9719,1.345738,344.5049,0.432211,350.2001,1.953375,178.8813,4.829185,241.8049,10.475428,357.4671,20.506799,317.0995,30.91177,264.3585,34.027975,129.6695,0.00257,329.0427,19.370181
2017-02-20,310.9641,0.989553,273.1128,0.002621,301.6209,1.375497,347.5372,0.387546,355.34,1.999905,178.581,4.74038,242.2942,10.369217,357.7541,20.599539,317.3619,30.933725,264.5462,33.951,129.2985,0.00257,329.441,19.419723
2017-02-27,318.0001,0.991202,8.4583,0.002469,314.0607,1.379017,348.9805,0.347652,0.45,2.045902,178.1355,4.661275,242.7169,10.258092,358.0686,20.68268,317.6272,30.941578,264.7167,33.864087,128.9276,0.00257,329.8515,19.456156
2017-03-06,325.009,0.992941,106.8355,0.00253,327.3079,1.346806,348.5057,0.31475,5.5267,2.091176,177.558,4.593395,243.0681,10.14359,358.4071,20.755114,317.8925,30.935298,264.868,33.768632,128.5566,0.00257,330.2698,19.479115
2017-03-13,331.9899,0.994823,196.446,0.002686,341.0686,1.264095,346.032,0.291736,10.5678,2.13566,176.8663,4.537957,243.3447,10.027243,358.7655,20.816039,318.1545,30.915138,264.9986,33.666118,128.1857,0.00257,330.6911,19.488526
2017-03-20,338.946,0.996816,280.903,0.002613,354.2017,1.121339,342.0681,0.281425,15.5743,2.179259,176.0812,4.496001,243.5435,9.910543,359.1402,20.864778,318.4107,30.881421,265.1072,33.557997,127.8147,0.00257,331.1116,19.484388
2017-03-27,345.8773,0.99882,18.3132,0.002432,4.5441,0.938732,337.7684,0.285384,20.5473,2.221782,175.2282,4.468422,243.662,9.795103,359.5275,20.900711,318.6582,30.834582,265.1925,33.445842,127.4438,0.00257,331.527,19.466789
2017-04-03,352.779,1.000787,116.9832,0.00256,10.0761,0.763565,334.4332,0.303215,25.4852,2.263023,174.3377,4.455773,243.699,9.682662,359.923,20.923414,318.8942,30.775332,265.2536,33.331406,127.0728,0.00257,331.9327,19.436061
2017-04-10,359.6503,1.002768,204.7164,0.002699,10.107,0.635376,332.8884,0.332869,30.3867,2.302906,173.4407,4.458138,243.6554,9.574849,0.3229,20.932769,319.1161,30.704613,265.2903,33.216415,126.7019,0.00257,332.3246,19.392796
2017-04-17,6.4959,1.004754,288.9267,0.002615,6.0689,0.573672,333.3088,0.371522,35.2536,2.341354,172.5669,4.475341,243.5328,9.473182,0.7231,20.928763,319.3218,30.623384,265.3024,33.102485,126.331,0.00257,332.6991,19.337621
2017-04-24,13.3185,1.006653,27.2914,0.002402,1.6654,0.57855,335.455,0.416527,40.0881,2.378194,171.7455,4.506987,243.3339,9.379213,1.1201,20.911438,319.509,30.53269,265.2901,32.991271,125.96,0.00257,333.0524,19.271234
2017-05-01,20.1155,1.008395,127.1115,0.002574,0.1932,0.634335,338.9657,0.465908,44.8899,2.413219,171.0041,4.552329,243.0633,9.294499,1.5098,20.881029,319.6755,30.433805,265.254,32.884511,125.5891,0.00257,333.3806,19.194561
2017-05-08,26.8862,1.010029,213.4248,0.002711,2.507,0.7226,343.5239,0.518307,49.6584,2.446356,170.3655,4.610243,242.7282,9.220359,1.8882,20.838058,319.8198,30.328164,265.195,32.783803,125.2181,0.00257,333.6804,19.108736
2017-05-15,33.6359,1.01157,297.5336,0.002619,8.067,0.830748,348.8828,0.572673,54.3957,2.477547,169.8465,4.679505,242.3361,9.157904,2.252,20.78311,319.9405,30.217156,265.1146,32.690554,124.8472,0.00257,333.9489,19.014884
2017-05-22,40.3698,1.012949,35.7402,0.00239,16.2007,0.951346,354.8497,0.628173,59.1048,2.506645,169.4603,4.758837,241.8961,9.108168,2.5978,20.716807,320.0362,30.102207,265.0141,32.606139,124.4762,0.00257,334.1832,18.914173
2017-05-29,47.0873,1.014083,136.735,0.002573,26.5093,1.077838,1.2756,0.684234,63.7863,2.533454,169.2168,4.84678,241.419,9.072064,2.9219,20.63996,320.106,29.984919,264.8956,32.531922,124.1053,0.00257,334.3806,18.807972
2017-06-05,53.7874,1.015013,222.3435,0.002716,38.8467,1.198687,8.0576,0.740502,68.4399,2.557903,169.12,4.941728,240.9171,9.050143,3.2211,20.553627,320.1494,29.86697,264.7613,32.469023,123.7343,0.00257,334.5388,18.697795
2017-06-12,60.4755,1.015783,306.7976,0.002618,53.0299,1.290831,15.1256,0.796629,73.0678,2.579956,169.17,5.042179,240.4025,9.04268,3.4928,20.458885,320.1662,29.749916,264.6138,32.418318,123.3634,0.00257,334.6565,18.585095
2017-06-19,67.1582,1.016351,44.2611,0.002398,68.2804,1.324796,22.4244,0.85226,77.6733,2.599498,169.3645,5.14673,239.8876,9.049813,3.7341,20.35683,320.1564,29.635298,264.4555,32.380598,122.9925,0.00257,334.7322,18.47133
2017-06-26,73.8368,1.016634,145.64,0.002567,83.2045,1.292791,29.9066,0.907115,82.2576,2.616346,169.7004,5.253924,239.3854,9.071488,3.9423,20.248729,320.1203,29.524766,264.2895,32.356567,122.6215,0.00257,334.7649,18.358115
2017-07-03,80.5099,1.016662,231.1623,0.002713,96.7932,1.216451,37.5394,0.961059,86.8205,2.630435,170.1711,5.362281,238.9086,9.107257,4.1153,20.13605,320.059,29.419944,264.1187,32.346619,122.2506,0.00257,334.7543,18.247133
2017-07-10,87.1821,1.016502,316.5319,0.002604,108.7578,1.119711,45.3034,1.013935,91.364,2.641754,170.7684,5.470521,238.4685,9.156429,4.2514,20.020228,319.9737,29.322259,263.9464,32.350882,121.8796,0.00257,334.701,18.139931
2017-07-17,93.8606,1.016145,53.3865,0.002422,119.0617,1.015955,53.1833,1.06552,95.8915,2.650218,171.4845,5.577499,238.0751,9.218223,4.3493,19.902686,319.866,29.233056,263.7754,32.369381,121.5087,0.00257,334.6059,18.038009
2017-07-24,100.5481,1.015515,153.9209,0.002564,127.573,0.91118,61.1622,1.115609,100.4043,2.655668,172.3118,5.682042,237.7379,9.291693,4.4075,19.784985,319.7376,29.153713,263.6089,32.402017,121.1377,0.00257,334.4704,17.942952
2017-07-31,107.2427,1.014629,239.644,0.002706,133.8942,0.809117,69.2272,1.164128,104.9023,2.658044,173.2414,5.782993,237.465,9.375582,4.4256,19.668818,319.591,29.085474,263.4501,32.448362,120.7668,0.00257,334.2969,17.856304
2017-08-07,113.9477,1.013573,326.372,0.002577,137.2569,0.715575,77.3731,1.211006,109.387,2.657363,174.2636,5.8794,237.262,9.468512,4.4038,19.555775,319.429,29.029307,263.3017,32.507742,120.3959,0.00257,334.0887,17.779383
2017-08-14,120.6697,1.012371,63.3564,0.002451,136.6261,0.643385,85.5964,1.256101,113.8616,2.653579,175.3703,5.970438,237.1332,9.569124,4.3428,19.447375,319.2544,28.986038,263.1665,32.579408,120.0249,0.00257,333.8493,17.713383
2017-08-21,127.4123,1.010959,161.9175,0.002572,131.8238,0.617317,93.8903,1.299242,118.3276,2.64656,176.554,6.055243,237.0821,9.675981,4.2433,19.345215,319.0702,28.95645,263.0468,32.662496,119.654,0.00257,333.5828,17.659488
2017-08-28,134.1733,1.009342,247.73,0.002699,125.9887,0.668191,102.247,1.340376,122.7845,2.636264,177.806,6.132971,237.1105,9.787456,4.1075,19.250917,318.88,28.941095,262.9452,32.755838,119.283,0.00257,333.2945,17.618719
2017-09-04,140.9535,1.007611,335.8861,0.00254,124.6223,0.805264,110.6632,1.379497,127.2331,2.62274,179.1177,6.202976,237.2182,9.901926,3.9379,19.165902,318.6874,28.940193,262.8635,32.858092,118.9121,0.00257,332.99,17.591772
2017-09-11,147.7586,1.005822,74.0487,0.002473,130.0903,0.995325,119.1378,1.416534,131.6763,2.605988,180.4817,6.264726,237.4042,10.017891,3.7378,19.091431,318.496,28.95379,262.8033,32.967905,118.5411,0.00257,332.675,17.57915
2017-09-18,154.5924,1.003931,170.0635,0.002594,140.5972,1.17764,127.6662,1.45136,136.1156,2.585917,181.8914,6.317636,237.6668,10.133847,3.5107,19.028755,318.3091,28.981841,262.7658,33.083854,118.1702,0.00257,332.3556,17.581264
2017-09-25,161.452,1.001926,255.5841,0.002697,153.1121,1.309621,136.2409,1.483935,140.5498,2.562512,183.3388,6.361155,238.0036,10.248188,3.2611,18.979014,318.1307,29.024017,262.7522,33.204284,117.7992,0.00257,332.0383,17.598262
2017-10-02,168.3358,0.999894,344.7285,0.002503,165.7468,1.387138,144.8568,1.514299,144.9792,2.535864,184.8162,6.394923,238.4104,10.359408,2.9943,18.943037,317.9641,29.079654,262.7631,33.327466,117.4283,0.00257,331.7296,17.629923
2017-10-09,175.2472,0.997917,85.0164,0.00248,177.8721,1.421681,153.5118,1.542462,149.406,2.506033,186.3167,6.418693,238.883,10.466186,2.7155,18.921404,317.8126,29.147935,262.7985,33.451752,117.0574,0.00257,331.4357,17.675812
2017-10-16,182.1897,0.995968,178.6815,0.002623,189.4127,1.423242,162.2022,1.568347,153.8313,2.472979,187.8338,6.432165,239.417,10.567237,2.4304,18.914602,317.6789,29.227962,262.8584,33.575495,116.6864,0.00257,331.1623,17.735388
2017-10-23,189.1599,0.99402,263.5236,0.002701,200.4428,1.397326,170.9205,1.591929,158.2535,2.436729,189.3599,6.43509,240.0074,10.661236,2.145,18.922894,317.5661,29.318564,262.9425,33.696909,116.3155,0.00257,330.9152,17.807824
2017-10-30,196.1535,0.992143,352.8692,0.00248,211.0391,1.345929,179.6608,1.613278,162.6719,2.397425,190.887,6.427418,240.6485,10.747017,1.8655,18.946163,317.4763,29.418305,263.0499,33.81425,115.9445,0.00257,330.6995,17.891967
2017-11-06,203.1711,0.990433,95.611,0.002469,221.2074,1.26858,188.4205,1.632469,167.088,2.355197,192.4083,6.409217,241.3341,10.823634,1.5979,18.984014,317.4115,29.525676,263.1793,33.925956,115.5736,0.00257,330.5193,17.986519
2017-11-13,210.2156,0.988882,187.8092,0.002653,230.7765,1.163205,197.1977,1.649482,171.5025,2.310067,193.9167,6.380511,242.059,10.890203,1.3476,19.035945,317.3731,29.63916,263.3295,34.030541,115.2026,0.00257,330.378,18.090143
2017-11-20,217.283,0.987445,271.8374,0.002706,239.1316,1.028253,205.9872,1.664296,175.9132,2.262115,195.4041,6.341398,242.8169,10.94584,1.1202,19.101198,317.3623,29.757042,263.4988,34.126479,114.8317,0.00257,330.2789,18.201283
2017-11-27,224.3669,0.986162,0.7616,0.002477,244.5793,0.870184,214.784,1.67698,180.3182,2.211534,196.8617,6.292186,243.6012,10.989864,0.9209,19.178665,317.3796,29.877462,263.6852,34.212399,114.4607,0.00257,330.2241,18.318174
2017-12-04,231.4649,0.985129,105.2247,0.002446,243.6178,0.725627,223.586,1.687644,184.7181,2.158528,198.2816,6.233311,244.4053,11.021834,0.7536,19.267033,317.4252,29.998611,263.8865,34.287194,114.0898,0.00257,330.2144,18.439038
2017-12-11,238.5791,0.984354,197.1699,0.002673,235.1768,0.680918,232.3937,1.696306,189.1135,2.103184,199.656,6.165172,245.2233,11.041382,0.6218,19.364955,317.4986,30.118782,264.1004,34.349898,113.7189,0.00257,330.2502,18.562179
2017-12-18,245.7056,0.983773,280.5908,0.002704,229.1051,0.77358,241.2046,1.702933,193.5011,2.045631,200.9754,6.088263,246.0486,11.048173,0.5287,19.470903,317.5993,30.236168,264.3245,34.399586,113.3479,0.00257,330.3316,18.685782
2017-12-25,252.8369,0.983393,9.1528,0.002493,230.9327,0.924089,250.0149,1.707558,197.8778,1.986109,202.2299,6.0033,246.8741,11.042103,0.4764,19.583115,317.7262,30.348961,264.556,34.435569,112.977,0.00257,330.4576,18.807973
2018-01-01,259.9684,0.98329,113.6762,0.002427,237.5343,1.067901,258.8224,1.710274,202.2433,1.924879,203.4103,5.911127,247.6933,11.02331,0.4662,19.699769,317.8777,30.455527,264.7922,34.457475,112.606,0.00257,330.6261,18.927002
2018-01-08,267.1012,0.983488,206.3249,0.00268,246.275,1.186077,267.6285,1.711115,206.5974,1.862088,204.5077,5.812558,248.4999,10.992008,0.4985,19.81914,318.0519,30.55443,265.0303,34.465098,112.2351,0.00257,330.8351,19.041303
2018-01-15,274.2327,0.983908,289.5628,0.002692,256.0421,1.276961,276.432,1.710015,210.936,1.797891,205.5115,5.708509,249.2873,10.948456,0.5735,19.939439,318.2469,30.644233,265.2678,34.458313,111.8641,0.00257,331.0821,19.149296
2018-01-22,281.3558,0.984518,18.5612,0.00251,266.4421,1.342581,285.2293,1.706941,215.2544,1.732557,206.4109,5.600122,250.0486,10.893151,0.6903,20.058784,318.4603,30.723601,265.5016,34.437266,111.4932,0.00257,331.3638,19.249449
2018-01-29,288.4644,0.985369,121.4767,0.002426,277.3798,1.384514,294.0171,1.701931,219.5506,1.666381,207.1966,5.488656,250.7772,10.826823,0.8474,20.175385,318.6895,30.79147,265.729,34.402424,111.1223,0.00257,331.6767,19.34046
2018-02-05,295.5596,0.986495,214.9395,0.002676,288.8895,1.402348,302.7954,1.695007,223.8236,1.599542,207.8597,5.375324,251.4672,10.750255,1.0427,20.287662,318.9317,30.847027,265.9475,34.354391,110.7513,0.00257,332.0169,19.421269
2018-02-12,302.6407,0.987814,298.3926,0.002671,301.0463,1.392505,311.5637,1.68607,228.0674,1.532198,208.3903,5.26144,252.1125,10.664268,1.2741,20.394068,319.1843,30.889504,266.1545,34.293845,110.3804,0.00257,332.3807,19.490857
2018-02-19,309.7022,0.989258,28.9152,0.002515,313.87,1.346971,320.3182,1.675017,232.2748,1.464618,208.7799,5.148522,252.7065,10.56991,1.5387,20.49307,319.4443,30.918302,266.3475,34.221719,110.0094,0.00257,332.7639,19.548319
2018-02-26,316.7383,0.99085,129.5452,0.002449,327.0891,1.253165,329.0545,1.66182,236.4409,1.3971,209.0225,5.038155,253.2435,10.468429,1.8333,20.583327,319.7085,30.933128,266.5244,34.139215,109.6385,0.00257,333.162,19.593024
2018-03-05,323.7498,0.992631,223.005,0.00267,339.5991,1.10228,337.7712,1.646486,240.5623,1.32983,209.1142,4.931831,253.7188,10.361081,2.1543,20.663774,319.9739,30.933937,266.6832,34.047603,109.2675,0.00257,333.5707,19.624597
2018-03-12,330.7388,0.99453,306.8213,0.002648,349.0208,0.912992,346.4683,1.628915,244.6299,1.262947,209.0521,4.831094,254.1273,10.249136,2.4984,20.733416,320.238,30.920737,266.8222,33.948173,108.8966,0.00257,333.986,19.642708
2018-03-19,337.7024,0.996455,39.6642,0.002499,352.7825,0.737093,355.1432,1.608972,248.6309,1.196694,208.837,4.737606,254.4642,10.134059,2.8619,20.79133,320.4975,30.893709,266.9397,33.842415,108.5256,0.00257,334.4033,19.647163
2018-03-26,344.6355,0.998401,138.5244,0.002488,350.3398,0.622464,3.7911,1.586597,252.5549,1.131359,208.4746,4.652972,254.7259,10.017457,3.2405,20.836828,320.7496,30.853338,267.0345,33.732002,108.1547,0.00257,334.8182,19.638048
2018-04-02,351.5393,1.000418,230.831,0.00267,344.7908,0.587725,12.4098,1.561811,256.3929,1.067114,207.9753,4.578572,254.9101,9.900876,3.6304,20.869506,320.9915,30.800307,267.1059,33.618571,107.7838,0.00257,335.2266,19.615674
2018-04-09,358.4182,1.002455,314.8583,0.002631,341.037,0.620577,21.0001,1.534575,260.1278,1.00408,207.352,4.515706,255.0147,9.785833,4.0278,20.88903,321.2209,30.73532,267.1532,33.503711,107.4128,0.00257,335.6245,19.580379
2018-04-16,5.2721,1.004411,50.1441,0.002468,341.3803,0.695003,29.5606,1.504799,263.7359,0.942472,206.6231,4.465611,255.0384,9.673975,4.4287,20.895146,321.435,30.659235,267.1761,33.38913,107.0419,0.00257,336.0078,19.532625
2018-04-23,12.0974,1.006259,148.4117,0.002526,345.4668,0.790949,38.0868,1.472445,267.1947,0.882576,205.8131,4.429259,254.9819,9.567005,4.8292,20.887847,321.6316,30.573171,267.1745,33.276615,106.6709,0.00257,336.3724,19.473139
2018-04-30,18.8952,1.008055,238.8099,0.00268,352.3639,0.897848,46.575,1.437601,270.4819,0.824572,204.9492,4.407217,254.8475,9.466463,5.2251,20.867384,321.8087,30.478378,267.1491,33.167809,106.3,0.00257,336.7147,19.402822
2018-05-07,25.6716,1.009775,322.773,0.002624,1.4065,1.010196,55.0252,1.400343,273.5631,0.768594,204.0595,4.39983,254.6383,9.373786,5.613,20.83405,321.9646,30.376075,267.1006,33.064232,105.929,0.00257,337.0316,19.32257
2018-05-14,32.4291,1.011327,59.8915,0.002432,12.2675,1.12293,63.4362,1.360686,276.3927,0.714883,203.1742,4.407233,254.3587,9.290445,5.9891,20.788213,322.0974,30.267593,267.0301,32.967442,105.5581,0.00257,337.3195,19.233382
2018-05-21,39.1655,1.012664,158.7493,0.002552,24.8538,1.226532,71.8024,1.318665,278.9236,0.663789,202.3245,4.429178,254.0154,9.217839,6.3496,20.730479,322.2058,30.154474,266.9389,32.878971,105.1871,0.00257,337.5753,19.13649
2018-05-28,45.8819,1.013847,247.1691,0.002695,39.0739,1.301412,80.1167,1.274449,281.1086,0.615588,201.5385,4.465,253.617,9.157078,6.6911,20.661672,322.2887,30.038301,266.829,32.800108,104.8162,0.00257,337.7963,19.033245
2018-06-04,52.5847,1.014883,330.9329,0.002625,54.3463,1.32007,88.3754,1.228235,282.8855,0.570542,200.8399,4.513869,253.1726,9.10908,7.0104,20.582626,322.3457,29.920572,266.7025,32.73196,104.4453,0.00257,337.9803,18.924951
2018-06-11,59.2789,1.0157,68.8152,0.002405,69.3702,1.271815,96.5748,1.180155,284.1802,0.529066,200.2495,4.574817,252.6925,9.074686,7.3044,20.494237,322.376,29.802842,266.5614,32.675598,104.0743,0.00257,338.1252,18.812984
2018-06-18,65.9634,1.016236,168.978,0.002564,82.9902,1.177572,104.7058,1.130309,284.9286,0.491732,199.7849,4.646611,252.1888,9.054542,7.5699,20.397618,322.3795,29.686808,266.4086,32.631984,103.7034,0.00257,338.229,18.698915
2018-06-25,72.6387,1.016554,255.8819,0.002708,94.7834,1.064579,112.7548,1.078914,285.0899,0.45907,199.4575,4.727793,251.6744,9.048908,7.8042,20.294063,322.3567,29.574116,266.2468,32.60176,103.3324,0.00257,338.2909,18.584358
2018-07-02,79.3111,1.016693,339.6197,0.002629,104.651,0.94894,120.7101,1.026238,284.6399,0.431606,199.2737,4.816947,251.1616,9.057808,8.0052,20.184829,322.3082,29.466258,266.0789,32.585358,102.9615,0.00257,338.3103,18.470828
2018-07-09,85.9867,1.016604,77.2189,0.002394,112.3991,0.83822,128.5608,0.972492,283.5962,0.409981,199.237,4.912682,250.6627,9.081142,8.1706,20.071219,322.2349,29.364722,265.9079,32.583128,102.5905,0.00257,338.2869,18.359867
2018-07-16,92.666,1.016223,178.6634,0.002562,117.5532,0.737468,136.2893,0.917809,282.0617,0.394861,199.3485,5.013502,250.1903,9.118568,8.2984,19.954725,322.1382,29.271055,265.7368,32.595261,102.2196,0.00257,338.221,18.253148
2018-07-23,99.3481,1.015606,264.7381,0.002714,119.3398,0.654292,143.8675,0.862403,280.2291,0.386609,199.6053,5.117859,249.7563,9.169363,8.3874,19.836957,322.02,29.186646,265.569,32.62159,101.8487,0.00257,338.114,18.152289
2018-07-30,106.0386,1.014821,348.9146,0.002627,117.1456,0.603199,151.265,0.806574,278.3321,0.385299,200.0017,5.224374,249.3704,9.232634,8.4369,19.719435,321.8824,29.112661,265.4073,32.661753,101.4777,0.00257,337.9678,18.058733
2018-08-06,112.744,1.013849,85.665,0.002403,112.025,0.606194,158.4483,0.750586,276.6176,0.390819,200.5315,5.331777,249.0416,9.307413,8.4462,19.603687,321.7278,29.050196,265.2545,32.715305,101.1068,0.00257,337.7847,17.973885
2018-08-13,119.4656,1.012626,187.6084,0.002555,107.8426,0.681873,165.3711,0.694626,275.3203,0.402826,201.1885,5.438754,248.7777,9.39255,8.4153,19.491374,321.5589,29.000314,265.1137,32.781628,100.7358,0.00257,337.5678,17.899178
2018-08-20,126.2016,1.011198,273.4664,0.002712,108.5906,0.828205,171.9619,0.638948,274.6094,0.420626,201.9641,5.544002,248.585,9.486615,8.345,19.384184,321.3791,28.963822,264.9873,32.859766,100.3649,0.00257,337.3211,17.835878
2018-08-27,132.9554,1.009654,358.6573,0.002612,115.344,1.015594,178.128,0.583963,274.5535,0.443448,202.849,5.646428,248.4676,9.588136,8.2369,19.283634,321.1915,28.94124,264.8778,32.948623,99.9939,0.00257,337.0494,17.784979
2018-09-03,139.7334,1.008007,94.722,0.002427,126.5851,1.192406,183.7536,0.530149,275.1554,0.470653,203.8348,5.745048,248.4279,9.695677,8.0928,19.191175,320.9996,28.932971,264.7871,33.047065,99.623,0.00257,336.7574,17.747357
2018-09-10,146.5374,1.006199,195.9021,0.002552,139.718,1.316963,188.6813,0.478015,276.3889,0.501691,204.9138,5.838841,248.4682,9.807707,7.9153,19.108305,320.8069,28.939308,264.7171,33.153812,99.252,0.00257,336.4506,17.723815
2018-09-17,153.3642,1.004259,281.8523,0.002706,152.8695,1.384079,192.6832,0.428285,278.2004,0.535968,206.0769,5.926816,248.5885,9.922537,7.7077,19.036418,320.6172,28.960224,264.6693,33.267315,98.8811,0.00257,336.1353,17.71487
2018-09-24,160.2149,1.002288,8.4706,0.002584,165.3563,1.406895,195.4638,0.382125,280.5122,0.573013,207.3149,6.008187,248.7874,10.038561,7.4744,18.976632,320.4341,28.995385,264.6447,33.385976,98.5102,0.00257,335.8178,17.7207
2018-10-01,167.0944,1.000327,104.6907,0.002456,177.0939,1.397245,196.6925,0.34117,283.2491,0.612557,208.62,6.082271,249.0627,10.154292,7.2198,18.929908,320.261,29.044331,264.6441,33.508234,98.1392,0.00257,335.5041,17.741319
2018-10-08,174.0046,0.998329,203.8991,0.00256,188.1612,1.361628,196.0817,0.307521,286.3531,0.654412,209.9848,6.14834,249.412,10.268217,6.9487,18.897148,320.1013,29.106471,264.6679,33.632446,97.7683,0.00257,335.2006,17.776602
2018-10-15,180.9412,0.996301,289.8504,0.0027,198.6274,1.302543,193.5722,0.283791,289.7712,0.698312,211.4009,6.205709,249.8315,10.378763,6.6669,18.879018,319.9583,29.180886,264.7164,33.756798,97.3973,0.00257,334.9137,17.826088
2018-10-22,187.9022,0.99434,17.8635,0.002546,208.4734,1.220032,189.6618,0.272695,293.4476,0.74405,212.86,6.253895,250.3165,10.484514,6.3805,18.875818,319.8348,29.266399,264.7889,33.879537,97.0264,0.00257,334.6493,17.888984
2018-10-29,194.8906,0.992513,115.4346,0.002475,217.4806,1.112932,185.5095,0.275802,297.3349,0.791553,214.3547,6.292518,250.862,10.584234,6.0954,18.887629,319.7332,29.36176,264.8849,33.999042,96.6554,0.00257,334.4123,17.964361
2018-11-05,201.908,0.990782,212.0802,0.002584,224.9688,0.981207,182.4143,0.292518,301.4013,0.840782,215.8783,6.321152,251.4633,10.676696,5.8173,18.914409,319.6556,29.465632,265.0035,34.113684,96.2845,0.00257,334.2076,18.051175
2018-11-12,208.949,0.989129,297.641,0.0027,229.1949,0.833451,181.1445,0.320586,305.6197,0.891576,217.4227,6.339431,252.1148,10.760676,5.5526,18.955809,319.604,29.576414,265.1435,34.221776,95.9136,0.00257,334.0397,18.148087
2018-11-19,216.0088,0.987634,26.4693,0.002511,226.8979,0.707906,181.8395,0.357273,309.9598,0.943781,218.9799,6.347197,252.81,10.835164,5.307,19.011106,319.5795,29.692353,265.3032,34.321805,95.5426,0.00257,333.9117,18.253522
2018-11-26,223.088,0.986377,126.3955,0.002476,218.1257,0.688111,184.2768,0.400081,314.3956,0.997346,220.5426,6.344399,253.5429,10.899354,5.0857,19.079384,319.5827,29.811736,265.4806,34.412476,95.1717,0.00257,333.826,18.365881
2018-12-03,230.1876,0.98533,220.7893,0.002616,213.1669,0.80309,188.1119,0.44699,318.9113,1.052245,222.1041,6.330945,254.3077,10.952476,4.8932,19.159634,319.6143,29.932854,265.674,34.492556,94.8007,0.00257,333.7845,18.483544
2018-12-10,237.3019,0.984447,305.5576,0.002705,216.3091,0.968017,193.0124,0.496595,323.4944,1.108319,223.656,6.306825,255.0979,10.993808,4.734,19.250571,319.6741,30.053838,265.881,34.560859,94.4298,0.00257,333.7885,18.604701
2018-12-17,244.4241,0.983777,34.3761,0.002493,223.8909,1.118185,198.7201,0.547992,328.1287,1.165386,225.19,6.272241,255.9066,11.022872,4.6116,19.350635,319.7616,30.172813,266.0992,34.616459,94.0588,0.00257,333.8379,18.727456
2018-12-24,251.5521,0.983401,136.814,0.002458,233.272,1.236664,205.0482,0.600515,332.799,1.223354,226.6983,6.227509,256.7273,11.039411,4.5285,19.458191,319.8757,30.288066,266.3259,34.65871,93.6879,0.00257,333.932,18.850024
2018-12-31,258.6871,0.983301,230.0157,0.002647,243.4181,1.3237,211.8538,0.653579,337.4974,1.282172,228.1735,6.172906,257.5537,11.04321,4.4865,19.571622,320.0152,30.397991,266.5585,34.687074,93.3169,0.00257,334.0698,18.970716
2019-01-07,265.824,0.983405,313.8831,0.00271,253.9951,1.382462,219.0213,0.706773,342.2187,1.341658,229.6066,6.108807,258.3794,11.034132,4.487,19.689143,320.1785,30.500933,266.7945,34.701122,92.946,0.00257,334.2495,19.087763
2019-01-14,272.955,0.983723,42.2142,0.002496,264.9418,1.41519,226.4666,0.759867,346.9542,1.401592,230.9882,6.035802,259.197,11.012297,4.5304,19.808848,320.3637,30.595356,267.0306,34.700735,92.5751,0.00257,334.4689,19.199452
2019-01-21,280.0766,0.984323,146.143,0.002431,276.3068,1.422027,234.1327,0.81269,351.6947,1.461836,232.3098,5.954591,260.0001,10.978041,4.6161,19.928905,320.5683,30.67999,267.2645,34.686086,92.2041,0.00257,334.7247,19.304291
2019-01-28,287.1902,0.985201,239.4071,0.002665,288.17,1.400156,241.9764,0.865006,356.4359,1.522316,233.563,5.865838,260.7827,10.931735,4.7433,20.047626,320.79,30.753739,267.4933,34.657455,91.8332,0.00257,335.0139,19.400963
2019-02-04,294.2925,0.986264,322.6506,0.002708,300.5488,1.34284,249.9574,0.91662,1.1765,1.582839,234.7377,5.770306,261.538,10.873834,4.9105,20.16327,321.0263,30.815534,267.7143,34.615245,91.4622,0.00257,335.3331,19.488153
2019-02-11,301.3767,0.987484,50.7445,0.002511,313.1816,1.239494,258.0441,0.967456,5.9122,1.643165,235.8237,5.668976,262.2593,10.805044,5.1156,20.274107,321.2742,30.864509,267.925,34.560165,91.0913,0.00257,335.6784,19.564689
2019-02-18,308.4383,0.988911,154.4563,0.002414,324.9857,1.082492,266.2166,1.017483,10.6369,1.703126,236.8117,5.562926,262.9404,10.726266,5.356,20.378606,321.5307,30.90011,268.1228,34.493175,90.7203,0.00257,336.0456,19.629682
2019-02-25,315.4796,0.990554,248.5075,0.002669,333.3947,0.889602,274.4618,1.06659,15.3487,1.762643,237.6929,5.453186,263.5758,10.638405,5.6286,20.475455,321.7931,30.921976,268.3056,34.415292,90.3494,0.00257,336.4306,19.682446
2019-03-04,322.5001,0.992314,331.6283,0.002696,335.2983,0.717147,282.7641,1.114627,20.0483,1.821534,238.4568,5.340891,264.1593,10.542437,5.9305,20.563361,322.0584,30.929799,268.4714,34.327624,89.9784,0.00257,336.8294,19.722328
2019-03-11,329.4946,0.994133,60.3045,0.002524,330.6112,0.621728,291.1091,1.16154,24.7338,1.879558,239.0937,5.227377,264.685,10.439574,6.2583,20.641123,322.3237,30.923503,268.6181,34.231532,89.6075,0.00257,337.2375,19.748856
2019-03-18,336.4592,0.996037,162.4535,0.002419,324.4419,0.617003,299.488,1.207327,29.4017,1.93654,239.5958,5.114055,265.1478,10.33117,6.6079,20.707799,322.5857,30.903322,268.7441,34.12855,89.2366,0.00257,337.6505,19.761852
2019-03-25,343.3966,0.998055,257.048,0.002664,321.9748,0.67554,307.8975,1.251921,34.0511,1.99241,239.9563,5.002261,265.5436,10.218545,6.9757,20.762692,322.8417,30.869651,268.8483,34.020178,88.8656,0.00257,338.0641,19.761328
2019-04-01,350.3095,1.000095,340.481,0.002677,324.0573,0.764486,316.3319,1.295165,38.6838,2.047015,240.1684,4.893414,265.8679,10.103062,7.358,20.80514,323.0892,30.822923,268.9296,33.907949,88.4947,0.00257,338.4743,19.747318
2019-04-08,357.1951,1.002077,70.6639,0.002521,329.5528,0.864835,324.7835,1.336961,43.2999,2.10013,240.2276,4.789099,266.1167,9.986274,7.7509,20.834607,323.3251,30.763792,268.987,33.79357,88.1237,0.00257,338.8769,19.720043
2019-04-15,4.0501,1.004011,170.9463,0.002446,337.4269,0.968355,333.2471,1.37728,47.8973,2.151587,240.1334,4.690891,266.2878,9.869817,8.15,20.850826,323.5471,30.693184,269.0203,33.678814,87.7528,0.00257,339.2675,19.680001
2019-04-22,10.8777,1.005941,265.0865,0.00266,347.0959,1.071258,341.723,1.416059,52.4756,2.201331,239.8887,4.600219,266.3797,9.755222,8.5516,20.853762,323.7527,30.612123,269.0295,33.565322,87.3818,0.00257,339.6424,19.627833
2019-04-29,17.6832,1.0078,348.9724,0.002656,358.3093,1.169705,350.2102,1.453124,57.0377,2.249249,239.4982,4.518516,266.3915,9.644015,8.952,20.8434,323.94,30.521637,269.0147,33.454696,87.0109,0.00257,339.998,19.564183
2019-05-06,24.4662,1.009496,81.276,0.002502,11.0164,1.255818,358.7052,1.488319,61.5846,2.295139,238.9717,4.447249,266.3234,9.537845,9.3472,20.819851,324.1068,30.422937,268.9765,33.348623,86.64,0.00257,340.3305,19.489865
2019-05-13,31.2243,1.011024,180.321,0.002484,25.1804,1.312948,7.2049,1.521571,66.1153,2.338844,238.3254,4.387713,266.1778,9.438338,9.7333,20.783494,324.2513,30.317448,268.9159,33.248748,86.269,0.00257,340.6364,19.405936
2019-05-20,37.9607,1.012443,272.9305,0.002663,40.3671,1.31601,15.7108,1.552823,70.6299,2.380331,237.5794,4.340895,265.9586,9.346922,10.1066,20.734894,324.3722,30.20662,268.8343,33.156488,85.8981,0.00257,340.9126,19.313546
2019-05-27,44.6821,1.013717,357.0963,0.00264,55.3797,1.251947,24.2255,1.581907,75.1315,2.41952,236.7563,4.307635,265.6702,9.264942,10.4638,20.674616,324.4683,30.091855,268.7332,33.073157,85.5271,0.00257,341.1564,19.213816
2019-06-03,51.3906,1.01476,91.5729,0.002469,68.9163,1.140147,32.7485,1.608643,79.622,2.45624,235.8832,4.288622,265.3191,9.193753,10.8014,20.603345,324.5385,29.974691,268.6145,33.000068,85.1562,0.00257,341.3649,19.10801
2019-06-10,58.0844,1.015549,190.4433,0.00252,80.3787,1.01108,41.2781,1.632937,84.1011,2.490346,234.9912,4.284187,264.9137,9.134563,11.1158,20.522013,324.5822,29.856811,268.4805,32.938398,84.7852,0.00257,341.5357,18.997601
2019-06-17,64.7662,1.016157,280.9334,0.002676,89.5777,0.884108,49.8162,1.65476,88.569,2.521823,234.1109,4.294239,264.4641,9.088255,11.4041,20.431694,324.5994,29.739832,268.3336,32.889018,84.4143,0.00257,341.6671,18.884082
2019-06-24,71.4432,1.016584,5.0767,0.002634,96.2477,0.768791,58.3667,1.674002,93.0289,2.550623,233.2712,4.318483,263.9805,9.055554,11.6635,20.333438,324.59,29.625271,268.1765,32.852655,84.0433,0.00257,341.7578,18.768884
2019-07-01,78.1195,1.016754,101.1674,0.002434,99.8706,0.671918,66.9307,1.690517,97.4832,2.576608,232.4999,4.356425,263.4744,9.037082,11.8914,20.228396,324.5544,29.514719,268.0119,32.829972,83.6724,0.00257,341.8064,18.653544
2019-07-08,84.7939,1.016634,200.8849,0.002544,99.8533,0.602894,75.5069,1.704227,101.932,2.599643,231.8229,4.407225,262.9588,9.033199,12.0849,20.117946,324.4934,29.409826,267.8429,32.821425,83.3015,0.00257,341.8123,18.539744
2019-07-15,91.4678,1.016305,289.3046,0.002692,96.404,0.576353,84.0956,1.715165,106.3757,2.619728,231.2606,4.469729,262.4467,9.043876,12.2424,20.00355,324.4084,29.312077,267.6726,32.827124,82.9305,0.00257,341.7758,18.429106
2019-07-22,98.1482,1.015798,13.2565,0.002636,91.8345,0.607972,92.6997,1.723322,110.817,2.636851,230.8277,4.542732,261.9503,9.068903,12.3622,19.88661,324.301,29.222798,267.5039,32.847032,82.5596,0.00257,341.6977,18.323133
2019-07-29,104.8403,1.015061,109.9817,0.002406,89.827,0.703888,101.3202,1.728636,115.2588,2.650903,230.5358,4.624974,261.4816,9.107935,12.4429,19.768603,324.1729,29.143313,267.3399,32.881019,82.1886,0.00257,341.5791,18.223369
2019-08-05,111.5435,1.014052,211.1483,0.002553,92.6869,0.855159,109.9548,1.731076,119.7015,2.661766,230.393,4.71501,261.0526,9.160345,12.4833,19.651185,324.0264,29.074913,267.1836,32.928718,81.8177,0.00257,341.4217,18.131416
2019-08-12,118.2577,1.01285,298.0353,0.002707,100.6482,1.036764,118.6012,1.730744,124.145,2.669458,230.4019,4.81128,260.6736,9.225164,12.4835,19.536019,323.8644,29.018618,267.0379,32.98943,81.4467,0.00257,341.2287,18.048705
2019-08-19,124.9886,1.011517,21.9331,0.00264,112.5365,1.205451,127.26,1.727737,128.5921,2.673998,230.5612,4.912352,260.353,9.30132,12.4438,19.424646,323.6898,28.975236,266.9054,33.062341,81.0758,0.00257,341.0034,17.976467
2019-08-26,131.7419,1.010029,118.3076,0.002396,126.22,1.32088,135.9316,1.722088,133.0455,2.675318,230.8683,5.016857,260.0983,9.387675,12.3648,19.318628,323.5056,28.945499,266.7884,33.146566,80.7048,0.00257,340.7496,17.915893
2019-09-02,138.5174,1.008337,220.8129,0.00255,139.8662,1.376145,144.6132,1.713811,137.5056,2.673321,231.319,5.123354,259.9158,9.482887,12.2479,19.219622,323.3152,28.930016,266.6894,33.240998,80.3339,0.00257,340.4719,17.868115
2019-09-09,145.3129,1.006511,306.9288,0.002714,152.7144,1.385826,153.3005,1.70304,141.9723,2.668046,231.9063,5.2304,259.81,9.585388,12.0954,19.129176,323.1224,28.929052,266.6102,33.344256,79.963,0.00257,340.1759,17.833972
2019-09-16,152.1322,1.004639,31.2003,0.002637,164.6542,1.363816,161.9927,1.68994,146.4476,2.659556,232.6217,5.33675,259.783,9.693645,11.9103,19.04863,322.9307,28.942622,266.5524,33.454925,79.592,0.00257,339.8672,17.81403
2019-09-23,158.9806,1.002721,126.7381,0.002407,175.7607,1.317849,170.6905,1.674604,150.9344,2.647826,233.457,5.441261,259.8361,9.806156,11.696,18.979251,322.7437,28.970632,266.5171,33.571573,79.2211,0.00257,339.5517,17.808735
2019-09-30,165.858,1.000709,229.6525,0.002541,186.0948,1.251011,179.3921,1.657062,155.433,2.632794,234.4045,5.542744,259.9699,9.921309,11.4564,18.922288,322.5649,29.012813,266.5054,33.692603,78.8501,0.00257,339.2356,17.818379
2019-10-07,172.7601,0.998654,315.6902,0.002713,195.6068,1.163833,188.0935,1.637422,159.9426,2.614529,235.4545,5.640047,260.183,10.037396,11.1966,18.878748,322.3981,29.068529,266.518,33.816241,78.4792,0.00257,338.9255,17.842881
2019-10-14,179.6881,0.996655,40.8642,0.002621,204.0226,1.056009,196.7934,1.615853,164.4649,2.593143,236.5974,5.732232,260.4728,10.152847,10.9219,18.849325,322.2463,29.136916,266.5549,33.940783,78.1082,0.00257,338.6278,17.881865
2019-10-21,186.646,0.994742,135.8983,0.002434,210.5822,0.929079,205.4931,1.592467,169.0024,2.568669,237.8245,5.818458,260.8362,10.266205,10.6378,18.834561,322.1126,29.217029,266.6159,34.064587,77.7373,0.00257,338.348,17.934817
2019-10-28,193.6336,0.992862,237.7548,0.002537,213.5072,0.793943,214.1928,1.567278,173.5554,2.541093,239.1278,5.897841,261.2697,10.375969,10.3501,18.83487,321.9996,29.307757,266.7008,34.185927,77.3664,0.00257,338.0921,18.001049
2019-11-04,200.6447,0.991041,324.0724,0.002708,209.9319,0.690255,222.8891,1.540332,178.1227,2.510518,240.4982,5.969553,261.7688,10.480632,10.0652,18.850326,321.9099,29.407672,266.8086,34.303018,76.9954,0.00257,337.8655,18.07951
2019-11-11,207.6777,0.989377,50.4718,0.00259,201.1978,0.695843,231.5795,1.511756,182.7051,2.477117,241.9264,6.032979,262.3278,10.578899,9.7893,18.880646,321.8452,29.515211,266.938,34.414253,76.6245,0.00257,337.6726,18.168917
2019-11-18,214.7344,0.987919,146.0755,0.002461,197.5011,0.829975,240.2646,1.48165,187.3049,2.440987,243.4048,6.087597,262.9416,10.669631,9.5281,18.925373,321.8069,29.628811,267.0878,34.518174,76.2535,0.00257,337.5171,18.26793
2019-11-25,221.8147,0.986616,245.5676,0.002548,201.8864,1.006522,248.9449,1.45001,191.9225,2.402168,244.9258,6.132848,263.6047,10.751688,9.2871,18.983899,321.7963,29.746822,267.2563,34.613321,75.8826,0.00257,337.4021,18.375094
2019-12-02,228.9112,0.985458,332.0369,0.002703,210.391,1.161264,257.6157,1.416814,196.5559,2.360804,246.4808,6.168242,264.311,10.823986,9.0719,19.055269,321.8139,29.867382,267.4415,34.698291,75.5116,0.00257,337.3303,18.488689
2019-12-09,236.0194,0.984528,59.5044,0.002552,220.3894,1.278797,266.2714,1.382128,201.2055,2.317122,248.0615,6.193505,265.0538,10.885694,8.8871,19.138231,321.8599,29.988629,267.6411,34.771952,75.1407,0.00257,337.3031,18.606904
2019-12-16,243.1393,0.983885,157.0077,0.002475,230.9064,1.361229,274.909,1.346038,205.8732,2.271288,249.6606,6.208459,265.8269,10.936163,8.7364,19.231443,321.9337,30.108821,267.8529,34.833389,74.7697,0.00257,337.3208,18.727996
2019-12-23,250.2708,0.983479,253.6976,0.002576,241.6602,1.412947,283.526,1.308534,210.5593,2.223387,251.2709,6.21289,266.6241,10.974762,8.6231,19.333483,322.0347,30.226227,268.0745,34.881749,74.3988,0.00257,337.3837,18.850217
2019-12-30,257.4067,0.983265,339.8196,0.002704,252.6195,1.43684,292.1153,1.269549,215.2617,2.173598,252.884,6.206669,267.4387,11.00096,8.55,19.442676,322.1621,30.339033,268.3031,34.916322,74.0279,0.00257,337.4912,18.971688
2020-01-06,264.5404,0.983295,67.7316,0.002521,263.844,1.433538,300.6661,1.229098,219.9797,2.122187,254.4918,6.189883,268.2638,11.014499,8.5187,19.557197,322.314,30.44556,268.5361,34.936724,73.6569,0.00257,337.6416,19.090582
2020-01-13,271.6705,0.983632,167.9895,0.002468,275.4114,1.400907,309.1688,1.187255,224.7153,2.069371,256.0869,6.162717,269.0927,11.015305,8.5299,19.67527,322.4885,30.544356,268.7705,34.94282,73.286,0.00257,337.8329,19.205268
2020-01-20,278.7976,0.984228,262.5088,0.002611,287.3322,1.333375,317.6165,1.144035,229.4687,2.015265,257.6622,6.125315,269.9194,11.003328,8.5839,19.795163,322.6838,30.634064,269.004,34.934555,72.915,0.00257,338.0626,19.314204
2020-01-27,285.916,0.985008,347.7996,0.002709,299.3419,1.222162,325.9978,1.099372,234.2373,1.960058,259.209,6.077918,270.737,10.978637,8.6803,19.915022,322.8975,30.713347,269.2336,34.912055,72.5441,0.00257,338.3281,19.415821
2020-02-03,293.0185,0.985987,75.4746,0.002508,310.3665,1.061135,334.2951,1.05326,239.0199,1.904026,260.7187,6.020977,271.5386,10.941575,8.8181,20.032992,323.127,30.7811,269.4566,34.875779,72.1731,0.00257,338.6256,19.508718
2020-02-10,300.1028,0.987221,178.2559,0.002444,317.6857,0.867771,342.4899,1.00579,243.8178,1.847408,262.1835,5.955035,272.3177,10.892651,8.9952,20.147405,323.3693,30.836506,269.6703,34.82641,71.8022,0.00257,338.9515,19.59176
2020-02-17,307.1712,0.988676,271.885,0.002641,317.7352,0.702852,350.5663,0.957049,248.6316,1.790322,263.5956,5.880589,273.0686,10.832386,9.2095,20.256736,323.622,30.878882,269.8725,34.764681,71.4313,0.00257,339.3021,19.663954
2020-02-24,314.2201,0.990254,356.2283,0.002713,311.2401,0.631146,358.5039,0.907035,253.4577,1.732933,264.9456,5.798231,273.7845,10.761419,9.4586,20.35943,323.882,30.907618,270.0608,34.691494,71.0603,0.00257,339.6735,19.724338
2020-03-02,321.2433,0.991935,83.4415,0.002513,305.268,0.657165,6.2713,0.855794,258.2939,1.675495,266.2241,5.708763,274.4589,10.680642,9.7394,20.454048,324.1463,30.922378,270.2328,34.608041,70.6894,0.00257,340.0613,19.77217
2020-03-09,328.2387,0.993765,187.4368,0.002418,304.353,0.738253,13.8294,0.803495,263.1406,1.618232,267.4225,5.613062,275.0863,10.591087,10.0483,20.539407,324.4117,30.923121,270.3867,34.515661,70.3184,0.00257,340.4612,19.807001
2020-03-16,335.2097,0.99573,281.3669,0.002657,307.9542,0.838433,21.1364,0.750375,267.9981,1.561239,268.5323,5.511954,275.6612,10.493759,10.3821,20.614518,324.6756,30.909931,270.521,34.41568,69.9475,0.00257,340.869,19.828521
2020-03-23,342.156,0.997724,5.0664,0.002711,314.5426,0.941024,28.1397,0.696613,272.8615,1.504625,269.5433,5.406365,276.1779,10.389775,10.7371,20.678403,324.9351,30.882966,270.6341,34.30954,69.5765,0.00257,341.2805,19.836464
2020-03-30,349.0733,0.999698,92.2205,0.002525,323.1253,1.039972,34.7613,0.642445,277.7265,1.44859,270.4454,5.29742,276.631,10.280468,11.1095,20.73025,325.1872,30.842659,270.7246,34.198891,69.2056,0.00257,341.6915,19.830799
2020-04-06,355.9595,1.00169,195.783,0.002406,333.2126,1.132884,40.8933,0.58829,282.5917,1.393319,271.2301,5.186309,277.0163,10.167265,11.4952,20.769531,325.4291,30.789701,270.792,34.085436,68.8346,0.00257,342.0974,19.811771
2020-04-13,2.8193,1.00371,290.4913,0.00266,344.6226,1.216987,46.4005,0.53477,287.4561,1.338859,271.8889,5.07416,277.33,10.051522,11.8903,20.795904,325.6584,30.724862,270.8356,33.970771,68.4637,0.00257,342.4946,19.779732
2020-04-20,9.6556,1.005658,14.0435,0.0027,357.3395,1.285766,51.1072,0.482596,292.3124,1.285247,272.4124,4.962203,277.5685,9.934679,12.2913,20.809042,325.8726,30.648959,270.8552,33.856543,68.0928,0.00257,342.879,19.735066
2020-04-27,16.4659,1.007469,101.9425,0.002533,11.3623,1.325101,54.7692,0.432724,297.1527,1.232611,272.7927,4.851855,277.7288,9.818347,12.6937,20.8088,326.0694,30.563055,270.8508,33.744512,67.7218,0.00257,343.2465,19.678383
2020-05-04,23.2488,1.009169,203.9739,0.002415,26.3631,1.312503,57.0701,0.386612,301.9719,1.181079,273.0244,4.744562,277.8098,9.704151,13.0939,20.795305,326.2466,30.468414,270.8229,33.636379,67.3509,0.00257,343.5934,19.610532
2020-05-11,30.0092,1.010795,299.0471,0.002655,41.2495,1.233365,57.6742,0.346383,306.7661,1.130648,273.1038,4.641676,277.8113,9.593589,13.4879,20.768842,326.4026,30.366307,270.7725,33.533652,66.9799,0.00257,343.9165,19.532423
2020-05-18,36.7525,1.012269,22.8374,0.002682,54.5754,1.104827,56.3554,0.314702,311.5237,1.081281,273.0281,4.544623,277.7334,9.488188,13.8723,20.729694,326.5358,30.258022,270.7004,33.437821,66.609,0.00257,344.2123,19.444979
2020-05-25,43.4785,1.013514,112.3337,0.002527,65.5119,0.960454,53.2205,0.29458,316.2304,1.033033,272.7984,4.454947,277.5781,9.389561,14.2433,20.678325,326.6446,30.145038,270.6082,33.350392,66.238,0.00257,344.4777,19.349325
2020-06-01,50.1858,1.014549,212.661,0.002444,73.7415,0.823465,48.9778,0.288674,320.8749,0.985986,272.421,4.37412,277.3495,9.299232,14.597,20.615453,326.7279,30.028968,270.4978,33.272711,65.8671,0.00257,344.7096,19.246782
2020-06-08,56.8791,1.015435,307.1341,0.002653,78.9286,0.705962,44.8796,0.297978,325.4472,0.940097,271.906,4.303413,277.0528,9.218497,14.9303,20.541906,326.7852,29.911355,270.3711,33.205858,65.4961,0.00257,344.9059,19.138679
2020-06-15,63.5654,1.016123,31.2477,0.002662,80.6227,0.61681,42.1027,0.321049,329.9277,0.895281,271.2667,4.244059,276.6943,9.1486,15.2401,20.4585,326.816,29.793709,270.2305,33.150837,65.1252,0.00257,345.0644,19.02633
2020-06-22,70.2462,1.016538,122.9199,0.002504,78.7696,0.566611,41.1989,0.354968,334.2915,0.851552,270.5221,4.197241,276.2821,9.090751,15.5231,20.366217,326.8201,29.677675,270.0785,33.108591,64.7543,0.00257,345.1829,18.911218
2020-06-29,76.9203,1.016688,222.1335,0.002481,74.7834,0.567063,42.1509,0.396754,338.5154,0.80898,269.6972,4.163874,275.8264,9.045933,15.7763,20.26627,326.7976,29.564945,269.9178,33.07982,64.3833,0.00257,345.2602,18.79497
2020-07-06,83.5914,1.016651,315.0623,0.002658,71.6915,0.62437,44.6897,0.443965,342.5773,0.767538,268.82,4.144506,275.3383,9.014805,15.9974,20.159933,326.7495,29.457051,269.7515,33.064915,64.0124,0.00257,345.2956,18.679145
2020-07-13,90.267,1.016417,39.2883,0.002647,72.1177,0.734704,48.4899,0.494682,346.4424,0.727158,267.9194,4.139502,274.8292,8.997885,16.184,20.048446,326.6767,29.355442,269.5823,33.064167,63.6414,0.00257,345.2887,18.565253
2020-07-20,96.95,1.015916,133.1946,0.002471,76.955,0.886565,53.2552,0.547535,350.0657,0.687898,267.0269,4.149019,274.3114,8.995556,16.3339,19.933195,326.5803,29.261624,269.4134,33.077753,63.2705,0.00257,345.2394,18.454913
2020-07-27,103.6392,1.015146,232.2835,0.002515,86.0144,1.05953,58.7541,0.601649,353.4016,0.649919,266.1751,4.172821,273.7986,9.00788,16.4454,19.815758,326.4623,29.17705,269.2478,33.105567,62.8995,0.00257,345.1487,18.349808
2020-08-03,110.3366,1.014198,323.1679,0.002672,98.4601,1.217654,64.8253,0.656429,356.4042,0.613332,265.3932,4.210279,273.3033,9.034554,16.5175,19.697705,326.3249,29.102922,269.0886,33.147192,62.5286,0.00257,345.0183,18.251459
2020-08-10,117.0495,1.013095,47.1884,0.002642,112.6147,1.322341,71.3508,0.711345,359.0106,0.578253,264.7058,4.260617,272.8375,9.075139,16.5495,19.580539,326.1704,29.040299,268.9386,33.202128,62.1577,0.00257,344.8503,18.161273
2020-08-17,123.7817,1.011784,142.7617,0.002434,126.7185,1.364477,78.2369,0.765969,1.1435,0.54498,264.1352,4.322899,272.4124,9.129043,16.5409,19.46586,326.0016,28.990212,268.8004,33.269753,61.7867,0.00257,344.6473,18.080682
2020-08-24,130.5315,1.01025,242.731,0.002538,139.9168,1.359693,85.411,0.820047,2.7282,0.514007,263.6996,4.3959,272.0389,9.195366,16.4921,19.35539,325.8217,28.953544,268.6768,33.349167,61.4158,0.00257,344.413,18.011067
2020-08-31,137.2992,1.008587,331.6448,0.002689,152.0541,1.324176,92.8258,0.873432,3.7009,0.485859,263.4108,4.478185,271.726,9.272923,16.4042,19.250745,325.634,28.930839,268.57,33.43921,61.0448,0.00257,344.1519,17.953534
2020-09-07,144.0905,1.006851,55.3026,0.002645,163.1927,1.267109,100.4476,0.925916,3.9978,0.461144,263.2754,4.568358,271.4803,9.360488,16.279,19.153402,325.4419,28.92246,268.482,33.538694,60.6739,0.00257,343.8687,17.908995
2020-09-14,150.9097,1.00501,151.4957,0.002407,173.3786,1.192335,108.2459,0.977276,3.5766,0.440721,263.297,4.665023,271.3079,9.45676,16.1184,19.064859,325.2489,28.928674,268.4145,33.646347,60.3029,0.00257,343.5685,17.878291
2020-09-21,157.7547,1.003034,252.9678,0.002545,182.5285,1.100896,116.1922,1.027381,2.4618,0.425648,263.4767,4.766652,271.2135,9.560227,15.9256,18.986617,325.0589,28.949528,268.3691,33.760669,59.932,0.00257,343.2574,17.862097
2020-09-28,164.6233,1.001012,340.465,0.002705,190.3023,0.993326,124.2675,1.076197,0.7684,0.416877,263.8106,4.871679,271.1994,9.669227,15.7044,18.919947,324.8755,28.984696,268.3468,33.879992,59.561,0.00257,342.9416,17.860712
2020-10-05,171.5191,0.999023,63.9335,0.002649,195.8511,0.872771,132.4592,1.123626,358.6821,0.415193,264.2927,4.978711,271.2663,9.782186,15.4592,18.865886,324.7023,29.033667,268.3482,34.00271,59.1901,0.00257,342.6274,17.874194
2020-10-12,178.4459,0.997059,159.7033,0.0024,197.3914,0.752609,140.7538,1.169514,356.4524,0.421232,264.9162,5.086435,271.4142,9.89755,15.1947,18.825387,324.5423,29.095825,268.3737,34.127199,58.8192,0.00257,342.3208,17.90247
2020-10-19,185.4013,0.995076,262.5153,0.002538,192.6548,0.673431,149.1349,1.213748,354.369,0.435302,265.6738,5.193483,271.6422,10.013656,14.9162,18.799282,324.3991,29.170322,268.4235,34.251691,58.4482,0.00257,342.0283,17.94524
2020-10-26,192.3805,0.993145,349.393,0.002713,184.3511,0.70438,157.5896,1.256335,352.6907,0.457151,266.556,5.298522,271.9476,10.128814,14.6299,18.788052,324.2755,29.255966,268.4972,34.374369,58.0773,0.00257,341.7561,18.001805
2020-11-02,199.3845,0.991358,73.1484,0.002646,182.036,0.854317,166.1103,1.297244,351.5783,0.486191,267.5525,5.400437,272.3265,10.241519,14.3418,18.791873,324.1739,29.35145,268.594,34.493577,57.7063,0.00257,341.5093,18.071257
2020-11-09,206.4157,0.989727,168.0874,0.002416,187.5914,1.03957,174.689,1.336375,351.1056,0.521762,268.6543,5.498206,272.7752,10.350354,14.0576,18.810772,324.0963,29.455415,268.7129,34.607727,57.3354,0.00257,341.293,18.152583
2020-11-16,213.4719,0.988196,271.1308,0.002526,196.9711,1.197036,183.3145,1.37363,351.2888,0.563154,269.8523,5.590773,273.2892,10.453865,13.7838,18.844582,324.0447,29.566326,268.8528,34.715182,56.9644,0.00257,341.1117,18.244574
2020-11-23,220.5459,0.986804,358.1062,0.002713,207.5746,1.312288,191.9761,1.409031,352.0949,0.609522,271.1364,5.677143,273.8632,10.550655,13.5264,18.892739,324.0204,29.682406,269.012,34.814372,56.5935,0.00257,340.9691,18.345698
2020-11-30,227.6358,0.985645,82.6933,0.002627,218.4658,1.389194,200.6685,1.442612,353.4521,0.66011,272.4964,5.756545,274.4909,10.639573,13.2909,18.954395,324.024,29.801883,269.1886,34.903991,56.2225,0.00257,340.8678,18.454329
2020-12-07,234.7427,0.984743,177.3507,0.002444,229.4037,1.433478,209.3875,1.474335,355.2839,0.714358,273.9238,5.828303,275.1669,10.719595,13.0821,19.028583,324.0558,29.923036,269.3806,34.982871,55.8516,0.00257,340.8099,18.568846
2020-12-14,241.8647,0.984035,279.0235,0.002523,240.385,1.448744,218.1267,1.504121,357.5257,0.771785,275.4102,5.891707,275.8852,10.7897,12.9047,19.11417,324.1159,30.044069,269.5858,35.049877,55.4807,0.00257,340.7968,18.687524
2020-12-21,248.9934,0.983517,6.3845,0.002707,251.4783,1.436061,226.8785,1.531994,0.117,0.831839,276.9463,5.946128,276.6392,10.848982,12.7628,19.209695,324.2038,30.163077,269.8018,35.104045,55.1097,0.00257,340.8291,18.808458
2020-12-28,256.1244,0.983271,92.0836,0.002595,262.7557,1.393873,235.6392,1.55803,2.9965,0.894051,278.523,5.991155,277.4219,10.896809,12.6592,19.313528,324.3183,30.278297,270.0258,35.144736,54.7388,0.00257,340.9061,18.929797
2021-01-04,263.258,0.983327,187.695,0.002468,274.2127,1.317664,244.4081,1.58224,6.113,0.958104,280.1326,6.026473,278.2273,10.932693,12.5961,19.424047,324.4582,30.388131,270.2553,35.171494,54.3678,0.00257,341.027,19.049822
2021-01-11,270.3928,0.983618,286.8359,0.002538,285.5711,1.200338,253.1828,1.604559,9.4306,1.023717,281.7677,6.051732,279.0488,10.956167,12.575,19.539566,324.6218,30.491,270.4878,35.183942,53.9969,0.00257,341.1902,19.166818
2021-01-18,277.5212,0.984099,14.2661,0.002703,295.7503,1.037434,261.958,1.624978,12.9185,1.090506,283.4196,6.066669,279.8797,10.96691,12.5971,19.658206,324.8073,30.58534,270.7202,35.18193,53.6259,0.00257,341.3937,19.279022
2021-01-25,284.6373,0.984824,100.8885,0.002558,301.9169,0.84675,270.7312,1.643568,16.545,1.158122,285.0802,6.07124,280.7128,10.964884,12.662,19.778083,325.0122,30.669841,270.9499,35.165648,53.255,0.00257,341.6345,19.384851
2021-02-01,291.7407,0.985831,198.6745,0.002475,300.2014,0.69314,279.5025,1.660355,20.284,1.226344,286.742,6.065485,281.5419,10.950188,12.7688,19.897458,325.2341,30.74343,271.1743,35.135466,52.8841,0.00257,341.9096,19.482947
2021-02-08,298.8321,0.987051,295.2232,0.00257,292.4451,0.648064,288.2717,1.675263,24.119,1.294975,288.3985,6.049406,282.3609,10.922936,12.9166,20.01464,325.4704,30.805113,271.3907,35.091825,52.5131,0.00257,342.2157,19.572027
2021-02-15,305.9053,0.988407,22.0443,0.002704,287.2584,0.703764,297.0352,1.68822,28.0365,1.363704,290.0412,6.023092,283.1627,10.883404,13.1036,20.127873,325.7185,30.853994,271.5966,35.035399,52.1422,0.00257,342.5492,19.650845
2021-02-22,312.9545,0.989921,109.049,0.002532,287.9178,0.804292,305.7896,1.699239,32.0205,1.432233,291.6621,5.986843,283.9407,10.832132,13.3272,20.235527,325.9751,30.889481,271.7896,34.967165,51.7712,0.00257,342.9059,19.718408
2021-03-01,319.9794,0.991633,209.5016,0.00246,292.8025,0.913223,314.5349,1.708328,36.0571,1.500382,293.254,5.941031,284.6889,10.769776,13.5846,20.336209,326.2375,30.911245,271.9674,34.888225,51.4003,0.00257,343.2816,19.773987
2021-03-08,326.9826,0.993488,304.3851,0.002606,300.2446,1.016648,323.2718,1.715387,40.1393,1.568006,294.81,5.885978,285.4015,10.696987,13.8729,20.428647,326.5027,30.919045,272.1282,34.799697,51.0293,0.00257,343.6726,19.816945
2021-03-15,333.961,0.995385,30.067,0.002709,309.3458,1.110428,331.9978,1.720276,44.2615,1.634847,296.3213,5.822097,286.0719,10.614573,14.1889,20.511574,326.7679,30.912762,272.2701,34.7029,50.6584,0.00257,344.0745,19.846722
2021-03-22,340.9096,0.997317,116.9593,0.002522,319.7062,1.193294,340.7096,1.722937,48.4156,1.700641,297.7796,5.749993,286.6941,10.523577,14.5288,20.583921,327.0299,30.89259,272.3915,34.599374,50.2874,0.00257,344.4828,19.86303
2021-03-29,347.8283,0.999327,219.5199,0.002434,331.1978,1.263363,349.4064,1.72335,52.5938,1.765239,299.1772,5.670341,287.2629,10.425123,14.8887,20.644895,327.2858,30.858958,272.4911,34.490693,49.9165,0.00257,344.8932,19.865838
2021-04-05,354.7218,1.001381,314.0156,0.002634,343.8346,1.315329,358.09,1.721419,56.7934,1.828546,300.5062,5.58375,287.7732,10.320299,15.2652,20.693837,327.5332,30.81235,272.5681,34.378374,49.5456,0.00257,345.302,19.855189
2021-04-12,1.59,1.003372,38.508,0.002713,357.6402,1.337234,6.7597,1.716976,61.013,1.89035,301.7572,5.490925,288.2197,10.210337,15.6543,20.730114,327.7692,30.753366,272.6216,34.264068,49.1746,0.00257,345.7048,19.831203
2021-04-19,8.4295,1.005267,125.2053,0.002528,12.364,1.309247,15.4131,1.709927,65.2486,1.950425,302.9208,5.392762,288.5976,10.096665,16.052,20.753323,327.9913,30.682885,272.6513,34.149549,48.8037,0.00257,346.0973,19.794268
2021-04-26,15.2403,1.007113,228.5379,0.00241,27.0105,1.216044,24.049,1.700257,69.4958,2.008649,303.9885,5.290215,288.9034,9.980742,16.4542,20.763327,328.197,30.601971,272.6572,34.036519,48.4327,0.00257,346.4757,19.744991
2021-05-03,22.0285,1.008905,323.6115,0.002648,39.9941,1.072131,32.6702,1.687932,73.7537,2.064971,304.9515,5.184175,289.1341,9.863952,16.8572,20.760103,328.3844,30.511684,272.6397,33.926543,48.0618,0.00257,346.8365,19.68402
2021-05-10,28.7969,1.010541,47.296,0.002712,50.1856,0.91387,41.2777,1.67283,78.0235,2.119226,305.7998,5.075637,289.2866,9.747796,17.2573,20.743656,328.5515,30.413175,272.5992,33.821248,47.6908,0.00257,347.1758,19.612064
2021-05-17,35.5435,1.011974,134.2002,0.002538,57.0862,0.769167,49.8696,1.654884,82.3034,2.171221,306.5236,4.96579,289.3594,9.633909,17.6505,20.714216,328.6963,30.307825,272.5367,33.722274,47.3199,0.00257,347.4901,19.53008
2021-05-24,42.2685,1.013249,236.8825,0.002401,60.3353,0.653284,58.4443,1.634136,86.5909,2.22086,307.1147,4.855872,289.3524,9.523885,18.0329,20.67226,328.8175,30.197126,272.4537,33.631095,46.949,0.00257,347.7761,19.4392
2021-05-31,48.9782,1.014393,332.7787,0.002649,59.8144,0.577126,67.0035,1.610663,90.8864,2.268128,307.5656,4.747054,289.2665,9.419179,18.4011,20.618345,328.914,30.082507,272.3517,33.54897,46.578,0.00257,348.0311,19.34055
2021-06-07,55.6778,1.015324,56.1905,0.002702,56.513,0.55043,75.5488,1.584454,95.1919,2.312905,307.8682,4.64062,289.1035,9.321305,18.7518,20.553042,328.9847,29.965445,272.2326,33.477157,46.2071,0.00257,348.2523,19.235304
2021-06-14,62.3667,1.015985,144.0166,0.002542,53.0218,0.577938,84.0781,1.555519,99.5074,2.355028,308.0163,4.538027,288.8668,9.231812,19.0812,20.477145,329.029,29.847587,272.0985,33.41683,45.8361,0.00257,348.4368,19.124847
2021-06-21,69.0448,1.016415,245.176,0.002413,52.0714,0.655677,92.588,1.523973,103.8314,2.394419,308.0078,4.440737,288.5623,9.152094,19.386,20.391664,329.0466,29.730604,271.9521,33.368913,45.4652,0.00257,348.5829,19.01069
2021-06-28,75.718,1.016676,341.3705,0.002645,54.8783,0.774287,101.0775,1.490005,108.1647,2.431094,307.8427,4.350103,288.1968,9.083312,19.6636,20.297645,329.0377,29.616036,271.7959,33.334068,45.0942,0.00257,348.6889,18.894283
2021-07-05,82.3928,1.01671,64.9173,0.002685,61.4493,0.92269,109.5476,1.453723,112.5101,2.464974,307.5231,4.267539,287.7781,9.026592,19.9111,20.196143,329.0026,29.505418,271.6326,33.312907,44.7233,0.00257,348.7536,18.777091
2021-07-12,89.0701,1.016458,154.419,0.002533,71.463,1.084529,117.9956,1.415206,116.8685,2.495923,307.0564,4.194533,287.3162,8.982965,20.1256,20.088416,328.9421,29.400377,271.4651,33.305892,44.3523,0.00257,348.776,18.660749
2021-07-19,95.7488,1.015954,253.9912,0.002442,84.3706,1.229908,126.4157,1.374604,121.2389,2.523879,306.456,4.132434,286.8226,8.953174,20.3048,19.975903,328.8574,29.30247,271.2967,33.313181,43.9814,0.00257,348.7559,18.546937
2021-07-26,102.4339,1.015282,349.4962,0.002644,98.9041,1.322389,134.8041,1.332159,125.6223,2.548883,305.7401,4.082338,286.3095,8.937641,20.4471,19.860027,328.7503,29.213039,271.1303,33.334662,43.6105,0.00257,348.6941,18.437203
2021-08-02,109.1323,1.014418,73.2906,0.002667,113.4104,1.350302,143.1603,1.288046,130.0218,2.570897,304.9301,4.045255,285.7889,8.936675,20.5508,19.742196,328.6224,29.133359,270.9686,33.37016,43.2395,0.00257,348.5913,18.33306
2021-08-09,115.8457,1.013305,164.9609,0.002509,126.93,1.329852,151.4811,1.242366,134.4387,2.589812,304.0529,4.022059,285.274,8.950395,20.6145,19.62399,328.4761,29.064711,270.8148,33.419325,42.8686,0.00257,348.449,18.236107
2021-08-16,122.5726,1.011968,263.6003,0.002478,139.2439,1.279709,159.759,1.19524,138.8725,2.605582,303.1408,4.01328,284.7783,8.97856,20.6376,19.507103,328.3141,29.008201,270.6718,33.481492,42.4976,0.00257,348.2697,18.147887
2021-08-23,129.3156,1.010505,357.4395,0.00265,150.3903,1.210767,167.9865,1.146889,143.324,2.618273,302.2266,4.019035,284.314,9.020609,20.6203,19.393141,328.1394,28.964635,270.5421,33.55577,42.1267,0.00257,348.0569,18.069707
2021-08-30,136.0815,1.008929,81.3063,0.002654,160.3922,1.127767,176.1601,1.097497,147.7962,2.62789,301.3422,4.03924,283.8921,9.075882,20.563,19.283645,327.9551,28.934705,270.4279,33.641231,41.7557,0.00257,347.814,18.002767
2021-09-06,142.8726,1.00719,175.1049,0.002474,169.1243,1.032405,184.2748,1.047149,152.2908,2.634356,300.5195,4.073573,283.523,9.143537,20.4664,19.180252,327.7645,28.919018,270.3316,33.736794,41.3848,0.00257,347.5453,17.948244
2021-09-13,149.6861,1.005298,273.9023,0.002512,176.1733,0.926079,192.3186,0.99591,156.8074,2.637646,299.7888,4.121321,283.2164,9.222421,20.3325,19.084618,327.5714,28.917919,270.2551,33.841102,41.0138,0.00257,347.2561,17.907136
2021-09-20,156.5224,1.003357,5.5204,0.002665,180.5984,0.813615,200.2758,0.943947,161.3463,2.637856,299.1745,4.181425,282.9792,9.311168,20.1641,18.998192,327.3794,28.93141,270.1999,33.952658,40.6429,0.00257,346.952,17.880102
2021-09-27,163.3869,1.001413,89.1882,0.002652,180.679,0.710913,208.1327,0.89144,165.9105,2.635039,298.695,4.252746,282.8166,9.408417,19.9642,18.922282,327.1921,28.959349,270.1671,34.069997,40.272,0.00257,346.6388,17.867622
2021-10-04,170.2819,0.999427,184.3973,0.002436,174.9905,0.658599,215.8731,0.838481,170.5017,2.62916,298.3652,4.33403,282.7331,9.512721,19.7364,18.858179,327.013,29.001467,270.1576,34.191557,39.901,0.00257,346.3224,17.870062
2021-10-11,177.2037,0.997389,284.4815,0.002532,167.5355,0.714291,223.4691,0.785119,175.1192,2.62022,298.1957,4.423799,282.7315,9.622428,19.4854,18.807063,326.8459,29.057201,270.1722,34.315581,39.5301,0.00257,346.0097,17.887515
2021-10-18,184.1498,0.995399,13.9461,0.002684,166.7018,0.876649,230.879,0.731519,179.7632,2.608354,298.1902,4.520445,282.8124,9.735826,19.2165,18.769779,326.6939,29.125653,270.2108,34.440288,39.1591,0.00257,345.707,17.919682
2021-10-25,191.1234,0.993525,97.3117,0.002657,173.3589,1.06758,238.0551,0.677923,184.4361,2.593667,298.3484,4.622473,282.975,9.851323,18.935,18.746945,326.56,29.205824,270.2733,34.564017,38.7882,0.00257,345.4202,17.966078
2021-11-01,198.1265,0.991744,192.7449,0.002411,183.5704,1.225821,244.9379,0.624547,189.1395,2.57618,298.6679,4.728425,283.218,9.967336,18.6468,18.739062,326.4469,29.296604,270.3591,34.685093,38.4172,0.00257,345.1551,18.026083
2021-11-08,205.1546,0.990021,294.7548,0.002534,194.7734,1.337333,251.4408,0.571593,193.8728,2.555927,299.1442,4.836755,283.5391,10.082186,18.358,18.746409,326.3571,29.39663,270.4676,34.801749,38.0463,0.00257,344.9173,18.098794
2021-11-15,212.2024,0.988439,22.7018,0.002701,206.0493,1.407633,257.4353,0.519435,198.6352,2.533084,299.7691,4.945935,283.9343,10.194247,18.0751,18.768852,326.2925,29.504289,270.5974,34.912313,37.6754,0.00257,344.7119,18.182964
2021-11-22,219.2706,0.987078,105.991,0.002661,217.1855,1.443868,262.7549,0.468686,203.4287,2.507814,300.5329,5.054644,284.399,10.3021,17.8041,18.806006,326.2544,29.617966,270.747,35.015331,37.3044,0.00257,344.5425,18.277244
2021-11-29,226.3603,0.985926,200.6478,0.002409,228.2019,1.450486,267.185,0.42013,208.2548,2.480196,301.4265,5.161655,284.9284,10.404398,17.5506,18.857347,326.2439,29.736021,270.9148,35.109413,36.9335,0.00257,344.4126,18.380219
2021-12-06,233.467,0.984927,304.2002,0.002521,239.1768,1.429001,270.4401,0.374793,213.1127,2.4503,302.4404,5.265706,285.5177,10.499765,17.3204,18.922106,326.2617,29.856652,271.099,35.193178,36.5625,0.00257,344.325,18.490275
2021-12-13,240.5832,0.984129,31.5546,0.00271,250.1738,1.378348,272.1564,0.334243,218.0008,2.418336,303.5636,5.365603,286.1603,10.586959,17.1185,18.999135,326.308,29.977944,271.2972,35.26545,36.1916,0.00257,344.2816,18.605579
2021-12-20,247.7071,0.983614,115.2519,0.002655,261.1674,1.294931,271.9892,0.300784,222.9205,2.384522,304.7848,5.460386,286.8501,10.66499,16.9492,19.087115,326.3821,30.098112,271.507,35.325339,35.8206,0.00257,344.2831,18.724342
2021-12-27,254.8393,0.983377,209.0041,0.002429,271.8524,1.17323,269.8287,0.27724,227.8732,2.348985,306.0943,5.549192,287.581,10.732969,16.8158,19.184669,326.4835,30.215453,271.7261,35.37208,35.4497,0.00257,344.3296,18.844828
2022-01-03,261.9762,0.983346,312.661,0.002507,281.1276,1.010605,266.1,0.266322,232.8576,2.311823,307.4827,5.631138,288.3468,10.790022,16.7216,19.290257,326.6111,30.328212,271.9519,35.404986,35.0787,0.00257,344.421,18.965217
2022-01-10,269.1092,0.983524,40.1894,0.00271,286.0847,0.825711,261.8841,0.269664,237.8716,2.273261,308.9397,5.705422,289.1404,10.835447,16.6688,19.402083,326.7633,30.434661,272.1816,35.423644,34.7078,0.00257,344.5559,19.083623
2022-01-17,276.2348,0.983982,124.7679,0.002634,282.7574,0.686809,258.5395,0.286892,242.9156,2.23355,310.4551,5.771475,289.9551,10.868818,16.6584,19.518337,326.9382,30.533318,272.4124,35.427957,34.3369,0.00257,344.7323,19.198339
2022-01-24,283.3536,0.984726,218.472,0.002456,274.2942,0.669694,256.9865,0.315716,247.9906,2.192845,312.0206,5.828817,290.7845,10.889809,16.6908,19.637285,327.1337,30.62287,272.6419,35.417967,33.9659,0.00257,344.9479,19.307816
2022-01-31,290.4638,0.98567,320.5351,0.002507,270.2433,0.752972,257.4317,0.35315,253.0953,2.151248,313.628,5.876947,291.6223,10.898127,16.7661,19.757147,327.3476,30.702037,272.8672,35.393813,33.595,0.00257,345.2001,19.410518
2022-02-07,297.5575,0.986775,48.4105,0.002705,272.3871,0.870194,259.6362,0.39666,258.2264,2.108968,315.2683,5.915444,292.4612,10.893667,16.8836,19.876036,327.5772,30.769665,273.0856,35.355928,33.224,0.00257,345.4857,19.504954
2022-02-14,304.6304,0.988094,134.0471,0.002601,278.3622,0.986005,263.2512,0.444397,263.3832,2.066255,316.9328,5.944113,293.2946,10.876592,17.0415,19.992198,327.8196,30.824916,273.2946,35.305037,32.8531,0.00257,345.8009,19.589902
2022-02-21,311.6835,0.989641,229.0087,0.002473,286.4914,1.089286,267.9536,0.494982,268.5662,2.023262,318.6142,5.962835,294.1165,10.847154,17.2378,20.104068,328.0722,30.867159,273.4919,35.241961,32.4821,0.00257,346.1419,19.664353
2022-02-28,318.7175,0.991331,328.5472,0.002528,295.9847,1.177627,273.4742,0.547384,273.7736,1.980063,320.3057,5.971456,294.9205,10.805625,17.4702,20.210123,328.3322,30.89583,273.6751,35.167597,32.1112,0.00257,346.5051,19.727355
2022-03-07,325.7265,0.993089,56.2865,0.002702,306.5209,1.250693,279.6036,0.600947,279.0009,1.936817,321.999,5.969903,295.6998,10.752469,17.736,20.308844,328.5965,30.91054,273.8421,35.083101,31.7402,0.00257,346.8862,19.77806
2022-03-14,332.7065,0.994946,142.7465,0.002568,318.0162,1.307332,286.1961,0.655262,284.2459,1.893734,323.6865,5.958308,296.4481,10.688394,18.0318,20.398931,328.8619,30.911228,273.9911,34.989849,31.3693,0.00257,347.2809,19.815924
2022-03-21,339.6591,0.996929,240.0028,0.002472,330.5055,1.343283,293.1501,0.70997,289.5081,1.850935,325.3615,5.93687,297.1597,10.614165,18.3542,20.479333,329.1257,30.898029,274.1204,34.88924,30.9984,0.00257,347.685,19.840621
2022-03-28,346.5875,0.998963,337.2201,0.002563,344.031,1.34849,300.3858,0.764708,294.7849,1.808436,327.0175,5.905734,297.8288,10.53055,18.6998,20.549075,329.3851,30.871133,274.2288,34.782684,30.6274,0.00257,348.0945,19.851876
2022-04-04,353.4888,1.000953,64.11,0.002703,358.3972,1.305697,307.8369,0.819236,300.0703,1.766318,328.6466,5.865125,298.4492,10.438502,19.0648,20.607233,329.6372,30.830908,274.3149,34.67179,30.2565,0.00257,348.505,19.849544
2022-04-11,0.3595,1.002908,150.8947,0.002545,12.6958,1.199688,315.4577,0.873428,305.3602,1.724722,330.2411,5.815457,299.0152,10.33918,19.4454,20.653146,329.8791,30.778025,274.3779,34.558285,29.8855,0.00257,348.9122,19.833773
2022-04-18,7.2018,1.004868,250.7215,0.002453,25.2092,1.042241,323.2184,0.927139,310.6528,1.683715,331.7942,5.757201,299.5222,10.233767,19.8374,20.686401,330.1084,30.713302,274.4176,34.443823,29.5146,0.00257,349.312,19.804901
2022-04-25,14.0212,1.006783,346.5757,0.002599,34.4304,0.872188,331.0944,0.980138,315.9446,1.643243,333.2992,5.690761,299.9652,10.123422,20.2373,20.706656,330.3227,30.637571,274.4336,34.329995,29.1436,0.00257,349.7008,19.763293
2022-05-02,20.8174,1.008549,72.1983,0.002709,39.6183,0.723131,339.0609,1.032235,321.2279,1.603293,334.7473,5.616626,300.3393,10.009476,20.641,20.713636,330.5197,30.551825,274.4261,34.218516,28.7727,0.00257,350.0744,19.709439
2022-05-09,27.5882,1.010158,158.8741,0.002537,40.5289,0.614202,347.0997,1.08334,326.4963,1.563928,336.1303,5.535467,300.6406,9.893421,21.0448,20.70733,330.6971,30.457307,274.3954,34.111106,28.4018,0.00257,350.4289,19.644098
2022-05-16,34.3355,1.01166,260.6666,0.002426,37.8532,0.557198,355.2013,1.133362,331.7464,1.525157,337.4403,5.448009,300.8664,9.776725,21.4445,20.687954,330.8534,30.355342,274.3427,34.009318,28.0308,0.00257,350.7609,19.568179
2022-05-23,41.0662,1.013037,356.2656,0.002625,33.9834,0.557119,3.3591,1.182107,336.9739,1.486858,338.6695,5.354907,301.0141,9.660797,21.8366,20.655769,330.9869,30.247216,274.2689,33.914568,27.6599,0.00257,351.0672,19.482579
2022-05-30,47.7829,1.014192,80.706,0.002715,31.9464,0.608737,11.5634,1.229374,342.1692,1.448937,339.808,5.256916,301.0818,9.547185,22.2174,20.611103,331.0961,30.134342,274.1754,33.828319,27.2889,0.00257,351.3444,19.388311
2022-06-06,54.4839,1.015101,167.1854,0.002541,33.336,0.700582,19.806,1.275058,347.3238,1.411384,340.8461,5.154982,301.069,9.437526,22.5831,20.554539,331.1799,30.018317,274.064,33.751938,26.918,0.00257,351.5895,19.286624
2022-06-13,61.1708,1.015822,269.7375,0.002404,38.2273,0.821883,28.0843,1.319091,352.4323,1.374169,341.7751,5.050103,300.977,9.333361,22.9302,20.486854,331.2376,29.900746,273.937,33.686536,26.547,0.00257,351.7998,19.178865
2022-06-20,67.8511,1.016375,5.8512,0.002638,46.2264,0.963378,36.3993,1.361318,357.4892,1.337129,342.5861,4.943218,300.8081,9.236103,23.2556,20.408841,331.2689,29.783131,273.7965,33.633036,26.1761,0.00257,351.9733,19.066332
2022-06-27,74.529,1.016674,89.5615,0.002714,57.0256,1.11201,44.7483,1.401537,2.4832,1.300116,343.2687,4.835389,300.5652,9.147236,23.556,20.321354,331.2735,29.667058,273.645,33.592345,25.8051,0.00257,352.1077,18.950415
2022-07-04,81.2039,1.016688,176.1862,0.00255,70.2936,1.242824,53.1277,1.439637,7.4024,1.263081,343.8133,4.727875,300.2539,9.068219,23.8282,20.22549,331.2515,29.554215,273.4852,33.565184,25.4342,0.00257,352.2014,18.832696
2022-07-11,87.8765,1.016477,278.2272,0.002396,85.1054,1.321845,61.5371,1.475574,12.2389,1.225986,344.2125,4.621982,299.8817,9.000294,24.0694,20.1225,331.2037,29.446207,273.3202,33.551969,25.0633,0.00257,352.2533,18.714791
2022-07-18,94.5535,1.016094,14.9903,0.00264,99.9427,1.334757,69.9795,1.509262,16.9846,1.188675,344.4596,4.518954,299.4569,8.944481,24.2774,20.013616,331.1313,29.344471,273.1528,33.552902,24.6923,0.00257,352.2631,18.598209
2022-07-25,101.2408,1.015478,98.5218,0.002705,113.7364,1.297649,78.4555,1.540532,21.6246,1.150992,344.5482,4.420161,298.989,8.901767,24.4498,19.900119,331.0353,29.250462,272.9859,33.568132,24.3214,0.00257,352.2305,18.484516
2022-08-01,107.938,1.014591,185.9518,0.002552,126.1841,1.231899,86.9625,1.569291,26.1419,1.112901,344.4752,4.327134,298.4894,8.872972,24.5844,19.783506,330.9174,29.165646,272.8225,33.597581,23.9504,0.00257,352.1558,18.375394
2022-08-08,114.6448,1.013488,286.6747,0.002409,137.2903,1.150372,95.4991,1.595537,30.5222,1.074409,344.2422,4.241383,297.971,8.85858,24.6799,19.665373,330.7801,29.091305,272.6658,33.640844,23.5795,0.00257,352.0405,18.272464
2022-08-15,121.3664,1.012254,23.5336,0.002636,147.0441,1.058894,104.0671,1.61927,34.7515,1.035428,343.8544,4.164285,297.4466,8.858779,24.7354,19.547242,330.6257,29.028475,272.5185,33.69733,23.2085,0.00257,351.8866,18.177165
2022-08-22,128.1091,1.010855,107.2865,0.00269,155.2667,0.959951,112.6669,1.640397,38.8061,0.995869,343.3198,4.097249,296.9288,8.873651,24.7502,19.430654,330.4569,28.97815,272.3831,33.766397,22.8376,0.00257,351.6965,18.090918
2022-08-29,134.8732,1.00925,196.255,0.002541,161.4628,0.855985,121.2954,1.65886,42.6571,0.955788,342.6534,4.041696,296.4312,8.903032,24.724,19.317302,330.2768,28.941232,272.2622,33.847176,22.4667,0.00257,351.4734,18.015158
2022-09-05,141.6565,1.007485,295.6223,0.002439,164.6175,0.753588,129.9485,1.674703,46.2767,0.915324,341.8769,3.99883,295.9667,8.946384,24.6577,19.208894,330.0888,28.918347,272.1583,33.938508,22.0957,0.00257,351.2215,17.951137
2022-09-12,148.4622,1.005665,31.567,0.002635,163.2037,0.671044,138.6254,1.688012,49.635,0.874561,341.0162,3.969533,295.5466,9.002904,24.5527,19.106973,329.8965,28.909818,272.0732,34.039115,21.7248,0.00257,350.9455,17.899824
2022-09-19,155.2962,1.003787,115.6326,0.002673,156.914,0.647369,147.3257,1.698782,52.6887,0.833606,340.1005,3.954531,295.181,9.071718,24.4108,19.013035,329.7033,28.91588,272.0085,34.147714,21.3538,0.00257,350.6505,17.86209
2022-09-26,162.1588,1.001809,206.6229,0.002514,150.7387,0.72634,156.046,1.706995,55.3838,0.792759,339.1633,3.954337,294.8792,9.15174,24.2344,18.928622,329.5129,28.936602,271.9656,34.26284,20.9829,0.00257,350.3419,17.838701
2022-10-03,169.0462,0.999762,305.3643,0.002477,151.4629,0.897701,164.7808,1.712718,57.6648,0.752478,338.2409,3.969042,294.649,9.241592,24.0271,18.855165,329.3291,28.971725,271.9458,34.382819,20.6119,0.00257,350.0262,17.830127
2022-10-10,175.959,0.997756,39.3899,0.002642,159.1538,1.091228,173.5277,1.716093,59.4734,0.713238,337.3679,3.998301,294.4956,9.339765,23.7932,18.793813,329.1555,29.020687,271.9495,34.505958,20.241,0.00257,349.7098,17.836486
2022-10-17,182.9015,0.99582,123.5638,0.002663,170.1522,1.248186,182.2866,1.717182,60.7364,0.675617,336.5749,4.041565,294.4225,9.444786,23.537,18.745573,328.9953,29.082832,271.977,34.63064,19.87,0.00257,349.3988,17.857746
2022-10-24,189.8739,0.993913,216.472,0.002475,181.9488,1.354404,191.0555,1.715993,61.3751,0.640487,335.8906,4.09805,294.4324,9.555079,23.2637,18.711378,328.8518,29.157337,272.0285,34.755142,19.4991,0.00257,349.0994,17.893708
2022-10-31,196.8711,0.99204,315.797,0.002508,193.622,1.416878,199.8298,1.712575,61.3292,0.60898,335.3394,4.166609,294.5266,9.668902,22.9791,18.691916,328.7279,29.243062,272.1036,34.877633,19.1282,0.00257,348.8182,17.943828
2022-11-07,203.8903,0.990307,47.3934,0.002659,204.9742,1.444283,208.6069,1.707074,60.571,0.582287,334.9384,4.24582,294.7037,9.784528,22.6895,18.687493,328.6262,29.338632,272.2014,34.996395,18.7572,0.00257,348.5608,18.007226
2022-11-14,210.9342,0.988765,131.3741,0.002663,216.0422,1.442002,217.3877,1.699586,59.1109,0.561701,334.6981,4.334257,294.9616,9.900382,22.4008,18.698212,328.5487,29.442652,272.3209,35.10986,18.3863,0.00257,348.3323,18.08291
2022-11-21,218.0025,0.987375,225.3744,0.002438,226.9121,1.412096,226.1722,1.690119,57.0302,0.548661,334.6256,4.430437,295.298,10.014874,22.1192,18.724027,328.4971,29.553614,272.461,35.216453,18.0153,0.00257,348.1372,18.169746
2022-11-28,225.0893,0.986113,326.4378,0.002524,237.6397,1.353926,234.9573,1.678674,54.5126,0.544482,334.7236,4.532718,295.7091,10.126357,21.8509,18.764582,328.4728,29.669784,272.6199,35.314599,17.6444,0.00257,347.9799,18.266317
2022-12-05,232.1889,0.985064,55.8426,0.002681,248.1726,1.26469,243.74,1.665357,51.8214,0.549947,334.9891,4.63941,296.19,10.233308,21.602,18.819127,328.4766,29.789317,272.7958,35.402946,17.2734,0.00257,347.8634,18.370973
2022-12-12,239.3017,0.98429,139.5023,0.002669,258.1671,1.140317,252.5207,1.650258,49.2354,0.565293,335.4161,4.748995,296.7351,10.334423,21.3776,18.886747,328.5087,29.910465,272.9866,35.480373,16.9025,0.00257,347.7897,18.482077
2022-12-19,246.4277,0.983758,233.4271,0.002416,266.4837,0.980095,261.3,1.633373,47.0078,0.590311,335.9973,4.860031,297.3394,10.428446,21.1824,18.966403,328.5689,30.031472,273.1901,35.545822,16.5315,0.00257,347.7605,18.597949
2022-12-26,253.5608,0.983409,336.6197,0.002519,270.1803,0.80402,270.0752,1.614647,45.3324,0.624311,336.7245,4.971032,297.9969,10.514121,21.0209,19.056794,328.6571,30.150472,273.404,35.598328,16.1606,0.00257,347.7767,18.716747
2023-01-02,260.6935,0.983298,64.7029,0.002699,265.4348,0.682822,278.8414,1.594113,44.3106,0.66615,337.5866,5.080572,298.7009,10.59039,20.8967,19.156326,328.7719,30.265635,273.6254,35.637229,15.7897,0.00257,347.8383,18.836552
2023-01-09,267.8245,0.983487,148.2296,0.002671,256.7674,0.693634,287.5966,1.571836,43.954,0.714625,338.5719,5.187462,299.4449,10.656439,20.8122,19.263373,328.912,30.375348,273.8519,35.662131,15.4187,0.00257,347.9441,18.955599
2023-01-16,274.9541,0.983947,241.3596,0.00242,254.0208,0.801843,296.34,1.547797,44.2271,0.768667,339.6698,5.290622,300.2226,10.711527,20.7692,19.376293,329.0759,30.478087,274.0808,35.672742,15.0478,0.00257,348.0928,19.072195
2023-01-23,282.0777,0.984596,345.8371,0.002503,257.5261,0.933381,305.0684,1.521899,45.0756,0.827275,340.8702,5.388956,301.0276,10.754946,20.7691,19.493304,329.2615,30.572325,274.3095,35.668907,14.6768,0.00257,348.2828,19.184601
2023-01-30,289.187,0.985445,73.665,0.002709,264.4463,1.054609,313.7746,1.494102,46.43,0.88943,342.1613,5.481456,301.8525,10.786215,20.8122,19.612488,329.4666,30.65669,274.5351,35.650806,14.3059,0.00257,348.5113,19.291136
2023-02-06,296.2802,0.986553,157.4676,0.002662,273.1531,1.157003,322.4537,1.46444,48.2134,0.954307,343.532,5.567357,302.6908,10.8051,20.898,19.732046,329.6886,30.730107,274.755,35.618873,13.9349,0.00257,348.7751,19.390381
2023-02-13,303.3582,0.987898,250.0577,0.002441,282.9568,1.239787,331.103,1.432901,50.3592,1.021297,344.9728,5.645994,303.5362,10.811433,21.0254,19.850291,329.9249,30.791647,274.9667,35.57363,13.564,0.00257,349.071,19.481059
2023-02-20,310.419,0.989383,354.0968,0.002491,293.6062,1.303469,339.7191,1.399385,52.8153,1.089845,346.4747,5.716681,304.3822,10.805091,21.193,19.965505,330.1729,30.840437,275.1677,35.51573,13.1931,0.00257,349.3958,19.561922
2023-02-27,317.4554,0.990979,82.3608,0.002708,305.053,1.347491,348.2936,1.363813,55.534,1.159349,348.0277,5.77882,305.2218,10.786179,21.3987,20.075969,330.4296,30.875827,275.3556,35.446138,12.8221,0.00257,349.7453,19.631863
2023-03-06,324.465,0.992734,166.8302,0.002639,317.3475,1.368461,356.8188,1.326218,58.4702,1.229339,349.6226,5.83204,306.0485,10.75503,21.6398,20.180197,330.6919,30.89749,275.5284,35.366013,12.4512,0.00257,350.1153,19.690079
2023-03-13,331.4503,0.994643,259.9136,0.002465,330.542,1.357985,5.2903,1.286636,61.5885,1.299499,351.2516,5.876049,306.8564,10.712023,21.9133,20.276887,330.957,30.905246,275.6841,35.276541,12.0802,0.00257,350.5019,19.735937
2023-03-20,338.412,0.996606,1.9524,0.002496,344.4802,1.301253,13.7041,1.245029,64.8643,1.369521,352.9073,5.910522,307.6392,10.657573,22.2163,20.364771,331.2221,30.898988,275.8209,35.178994,11.7093,0.00257,350.901,19.76885
2023-03-27,345.3452,0.99856,90.6164,0.002703,358.327,1.183838,22.0508,1.201347,68.2754,1.43901,354.5816,5.935209,308.3905,10.592313,22.5452,20.442656,331.484,30.878843,275.9374,35.074893,11.3383,0.00257,351.3083,19.788406
2023-04-03,352.2475,1.000546,175.8931,0.002607,10.2475,1.015089,30.3189,1.155666,71.7991,1.507663,356.2664,5.950073,309.104,10.517076,22.8963,20.509634,331.7399,30.845242,276.0322,34.96586,10.9674,0.00257,351.7193,19.794497
2023-04-10,359.1226,1.002574,270.668,0.002475,18.2837,0.835939,38.4989,1.108121,75.4183,1.575301,357.9553,5.955132,309.7745,10.43271,23.2658,20.565,331.9872,30.798728,276.1047,34.853456,10.5964,0.00257,352.1301,19.787167
2023-04-17,5.974,1.004559,10.1092,0.002521,21.4055,0.686902,46.5829,1.058795,79.1226,1.641747,359.6421,5.950354,310.3963,10.340084,23.6502,20.608098,332.2232,30.73989,276.154,34.739266,10.2255,0.00257,352.5367,19.766495
2023-04-24,12.7991,1.006419,98.552,0.0027,19.7899,0.591428,54.5559,1.007731,82.9026,1.706718,1.3192,5.935779,310.9633,10.240274,24.0454,20.638375,332.4454,30.66954,276.1798,34.62504,9.8546,0.00257,352.9347,19.732735
2023-05-01,19.5962,1.008178,184.4338,0.002576,15.5293,0.559302,62.3959,0.95509,86.7466,1.769996,2.9794,5.911637,311.4704,10.134519,24.4474,20.655573,332.6512,30.588741,276.1821,34.512518,9.4836,0.00257,353.32,19.686427
2023-05-08,26.3692,1.009874,281.7162,0.002469,12.1717,0.586084,70.0793,0.901126,90.6461,1.831481,4.6166,5.878206,311.9132,10.024043,24.8522,20.659621,332.8387,30.498612,276.1615,34.40329,9.1127,0.00257,353.6891,19.628219
2023-05-15,33.124,1.011442,18.9585,0.002558,12.1026,0.656857,77.5818,0.846081,94.5974,1.891078,6.2245,5.835698,312.2873,9.910066,25.2565,20.650479,333.0061,30.400275,276.1183,34.298901,8.7417,0.00257,354.0384,19.55877
2023-05-22,39.8604,1.012792,106.4727,0.002703,15.6287,0.75689,84.868,0.790136,98.597,1.948578,7.7955,5.784398,312.5881,9.794006,25.6561,20.628226,333.1513,30.295048,276.0537,34.20097,8.3708,0.00257,354.3641,19.47891
2023-05-29,46.577,1.013938,192.5397,0.002555,22.197,0.876458,91.8848,0.733569,102.639,2.003815,9.322,5.724779,312.8125,9.67739,26.047,20.593217,333.2728,30.184429,275.9689,34.111001,7.9998,0.00257,354.6628,19.389714
2023-06-05,53.2775,1.014936,292.4371,0.002448,31.3068,1.008342,98.565,0.676801,106.7189,2.056741,10.7972,5.65735,312.9586,9.561686,26.4258,20.545969,333.3696,30.069905,275.8657,34.030266,7.6289,0.00257,354.9315,19.292325
2023-06-12,59.9692,1.015754,28.4447,0.002593,42.7147,1.142116,104.8288,0.620308,110.8362,2.10732,12.214,5.582558,313.0245,9.448325,26.789,20.487004,333.4408,29.952916,275.7458,33.959929,7.258,0.00257,355.1675,19.187862
2023-06-19,66.654,1.016304,114.6663,0.00271,56.2385,1.256855,110.5667,0.564547,114.9906,2.155396,13.5637,5.500936,313.0092,9.338894,27.133,20.416966,333.4856,29.835054,275.6115,33.901152,6.887,0.00257,355.3679,19.077607
2023-06-26,73.3306,1.01659,200.5536,0.002548,71.2247,1.32133,115.6196,0.510143,119.1789,2.200843,14.8373,5.413208,312.9138,9.23501,27.4543,20.336759,333.5036,29.71801,275.4652,33.854885,6.5161,0.00257,355.5304,18.963035
2023-07-03,80.002,1.01668,302.3923,0.00242,86.3076,1.31872,119.7743,0.458034,123.3989,2.243645,16.0267,5.320143,312.7409,9.138146,27.7499,20.24741,333.4951,29.603386,275.3097,33.821792,6.1451,0.00257,355.6534,18.845639
2023-07-10,86.6759,1.016582,38.2259,0.002619,100.3109,1.264223,122.7694,0.409481,127.6516,2.283813,17.1233,5.222455,312.4939,9.049674,28.0169,20.149929,333.4605,29.492676,275.1475,33.802389,5.7742,0.00257,355.7355,18.726846
2023-07-17,93.3558,1.016216,123.2466,0.002716,112.8245,1.182021,124.2939,0.366051,131.9381,2.321237,18.1166,5.120975,312.1777,8.971032,28.2524,20.045446,333.4003,29.387467,274.9815,33.797132,5.4032,0.00257,355.7752,18.608217
2023-07-24,100.0404,1.015576,208.9084,0.002552,123.8091,1.087354,124.0315,0.329871,136.2571,2.355817,18.9964,5.016737,311.7997,8.903557,28.4538,19.935318,333.3159,29.289348,274.8148,33.806208,5.0323,0.00257,355.7723,18.491439
2023-07-31,106.7314,1.014739,311.448,0.002398,133.2101,0.987284,121.8484,0.303668,140.6073,2.387562,19.7535,4.910832,311.3689,8.848324,28.6189,19.820988,333.2089,29.199727,274.6504,33.829492,4.6613,0.00257,355.727,18.378141
2023-08-07,113.436,1.013748,47.8757,0.002631,140.7801,0.885285,118.112,0.290169,144.9903,2.416525,20.3788,4.80431,310.8952,8.806204,28.7462,19.703842,333.0812,29.119836,274.4912,33.866716,4.2904,0.00257,355.64,18.269822
2023-08-14,120.1586,1.01254,132.1123,0.002716,145.937,0.78507,113.8197,0.290904,149.4081,2.442636,20.8617,4.698365,310.3896,8.778022,28.834,19.585364,332.935,29.05093,274.34,33.917532,3.9195,0.00257,355.5126,18.168059
2023-08-21,126.898,1.011102,217.937,0.00256,147.6456,0.695191,110.2322,0.305516,153.8604,2.465822,21.1936,4.594398,309.8652,8.764355,28.881,19.467222,332.7729,28.994153,274.1997,33.981304,3.5485,0.00257,355.3467,18.074452
2023-08-28,133.6539,1.009509,319.8425,0.002392,144.8021,0.635727,108.2702,0.331994,158.3462,2.486113,21.3684,4.493852,309.3355,8.765418,28.8871,19.351089,332.598,28.950381,274.0729,34.057115,3.1776,0.00257,355.1455,17.990433
2023-09-04,140.4322,1.007837,57.0348,0.002632,138.4383,0.641597,108.2468,0.367544,162.8671,2.503598,21.3819,4.398107,308.8137,8.781163,28.8525,19.238524,332.4135,28.920251,273.9617,34.14395,2.8066,0.00257,354.9125,17.91722
2023-09-11,147.2374,1.006047,141.0027,0.002707,133.958,0.741377,110.0117,0.409452,167.4256,2.518253,21.231,4.308671,308.3128,8.81143,28.7778,19.131131,332.2226,28.904351,273.8683,34.240738,2.4357,0.00257,354.6516,17.856019
2023-09-18,154.0683,1.004115,227.719,0.002562,136.287,0.918334,113.2375,0.455663,172.0217,2.530032,20.9176,4.227177,307.8461,8.855761,28.6641,19.030599,332.0291,28.903072,273.7947,34.346152,2.0647,0.00257,354.3678,17.807932
2023-09-25,160.9224,1.002106,328.1453,0.002407,144.9449,1.111375,117.6068,0.504779,176.6546,2.538988,20.4497,4.155186,307.4259,8.913333,28.5139,18.938518,331.8367,28.916468,273.7423,34.45866,1.6938,0.00257,354.0666,17.773774
2023-10-02,167.803,1.000122,65.5358,0.002627,156.6814,1.264958,122.8691,0.555789,181.3253,2.545248,19.8399,4.094066,307.0622,8.983124,28.3301,18.856258,331.649,28.944333,273.7122,34.576718,1.3228,0.00257,353.754,17.754062
2023-10-09,174.7145,0.998147,149.6117,0.002693,169.0634,1.364227,128.8248,0.607871,186.0364,2.548839,19.1049,4.045156,306.7638,9.064055,28.1159,18.785144,331.4695,28.986381,273.7053,34.698784,0.9519,0.00257,353.4359,17.749218
2023-10-16,181.655,0.996147,238.0106,0.002549,181.1454,1.417539,135.3161,0.660472,190.788,2.549747,18.2686,4.009703,306.5386,9.154809,27.8755,18.72646,331.3019,29.04209,273.7221,34.823139,0.581,0.00257,353.1187,17.759463
2023-10-23,188.6201,0.99417,337.0122,0.00244,192.7322,1.435172,142.2283,0.713258,195.579,2.54805,17.3616,3.988623,306.3925,9.253823,27.6141,18.681247,331.1496,29.110598,273.7628,34.947961,0.21,0.00257,352.8093,17.784649
2023-10-30,195.61,0.992327,73.495,0.002625,203.8701,1.423558,149.4826,0.765964,200.4097,2.543917,16.4171,3.982426,306.3286,9.359483,27.337,18.650222,331.0154,29.190825,273.8269,35.071529,359.8391,0.00257,352.5138,17.824314
2023-11-06,202.6279,0.990624,157.7558,0.002678,214.6493,1.385363,157.0161,0.818273,205.2825,2.537428,15.4695,3.991393,306.349,9.47023,27.0499,18.633965,330.9021,29.281649,273.9141,35.192206,359.4681,0.00257,352.2381,17.877888
2023-11-13,209.6718,0.989019,248.2819,0.002517,225.1163,1.320429,164.7733,0.869942,210.1974,2.528607,14.5553,4.015516,306.4547,9.584391,26.7587,18.632899,330.8121,29.381746,274.0235,35.30827,359.0972,0.00257,351.9879,17.944581
2023-11-20,216.7353,0.987531,346.8037,0.002478,235.19,1.226629,172.7099,0.920847,215.1521,2.51756,13.7101,4.054326,306.645,9.700177,26.4701,18.647105,330.7474,29.48952,274.1539,35.418017,358.7262,0.00257,351.7687,18.023257
2023-11-27,223.8155,0.986265,81.3013,0.002633,244.4764,1.101218,180.7965,0.970907,220.1468,2.50449,12.9645,4.106937,306.9172,9.815898,26.1904,18.67629,330.7094,29.603275,274.3036,35.519957,358.3553,0.00257,351.5847,18.112548
2023-12-04,230.9143,0.985245,165.5307,0.002671,251.7821,0.945461,189.0091,1.019946,225.1828,2.489533,12.3433,4.172304,307.268,9.930017,25.9253,18.720006,330.699,29.721361,274.4711,35.612758,357.9844,0.00257,351.4394,18.211059
2023-12-11,238.0296,0.984422,257.9125,0.002477,254.1686,0.781131,197.3229,1.067798,230.2598,2.472747,11.8669,4.249192,307.6938,10.040974,25.6807,18.777623,330.7169,29.842025,274.6544,35.695102,357.6134,0.00257,351.3358,18.31725
2023-12-18,245.1541,0.983777,357.3379,0.002506,248.2227,0.680272,205.7153,1.114393,235.3751,2.454255,11.5507,4.336083,308.1899,10.147197,25.4621,18.848169,330.7633,29.96336,274.8513,35.765784,357.2425,0.00257,351.2763,18.42935
2023-12-25,252.2824,0.983395,89.4126,0.002653,239.7774,0.717992,214.172,1.159732,240.5274,2.434286,11.4022,4.431287,308.7503,10.247307,25.2743,18.930366,330.8378,30.083507,275.0593,35.823909,356.8715,0.00257,351.2619,18.545504
2024-01-01,259.415,0.983313,173.3037,0.002672,238.395,0.848206,222.6833,1.203733,245.717,2.413013,11.4234,4.5332,309.3691,10.340133,25.1209,19.022873,330.9394,30.200767,275.2761,35.868788,356.5006,0.00257,351.2929,18.663962
2024-01-08,266.5507,0.983475,266.5752,0.002441,243.1441,0.991907,231.2379,1.246276,250.9434,2.390519,11.6136,4.640236,310.0407,10.424532,25.0054,19.12424,331.0671,30.313446,275.4991,35.899805,356.1296,0.00257,351.3692,18.782951
2024-01-15,273.6824,0.983826,7.9729,0.002514,250.9078,1.11727,239.8234,1.287312,256.203,2.366919,11.9689,4.75072,310.7585,10.499404,24.9305,19.232784,331.2195,30.41982,275.7257,35.916524,355.7587,0.00257,351.4899,18.900597
2024-01-22,280.8035,0.98442,98.0489,0.002677,260.125,1.218127,248.4319,1.326886,261.493,2.342445,12.4811,4.863008,311.5155,10.563894,24.8977,19.346667,331.3946,30.518346,275.9529,35.91886,355.3877,0.00257,351.6531,19.015099
2024-01-29,287.9135,0.985299,181.4834,0.002678,270.1928,1.295237,257.0606,1.364985,266.8128,2.317278,13.1401,4.975675,312.3052,10.617365,24.9079,19.464133,331.5902,30.607728,276.1783,35.906934,355.0168,0.00257,351.8566,19.124874
2024-02-05,295.0128,0.986409,274.5759,0.002426,280.9191,1.349972,265.7054,1.401523,272.161,2.2915,13.9361,5.087406,313.1212,10.659227,24.9611,19.583444,331.8041,30.686755,276.3992,35.880957,354.6459,0.00257,352.0979,19.22841
2024-02-12,302.0962,0.987664,17.9824,0.002504,292.2875,1.382283,274.3597,1.436433,277.5336,2.265193,14.8587,5.196872,313.9568,10.688952,25.0571,19.702759,332.0337,30.754272,276.6131,35.841329,354.2749,0.00257,352.3739,19.324199
2024-02-19,309.1568,0.989082,107.0575,0.002696,304.3581,1.389488,283.0183,1.469757,282.926,2.238549,15.8959,5.302832,314.8048,10.706274,25.1947,19.820237,332.2762,30.809386,276.8172,35.788789,353.904,0.00257,352.681,19.410904
2024-02-26,316.1942,0.990707,190.2389,0.002678,317.1868,1.364596,291.6807,1.501502,288.3366,2.211731,17.0358,5.4043,315.6588,10.711131,25.3717,19.934249,332.5288,30.851491,277.0094,35.724236,353.533,0.00257,353.0155,19.487474
2024-03-04,323.2105,0.992497,282.7172,0.002434,330.6396,1.295073,300.3465,1.531586,293.7635,2.184789,18.2678,5.500393,316.5126,10.703496,25.5862,20.043276,332.7885,30.880091,277.1875,35.648616,353.1621,0.00257,353.3735,19.552967
2024-03-11,330.2033,0.994347,26.9997,0.002487,343.941,1.167824,309.012,1.559893,299.2017,2.15774,19.5822,5.590221,317.3597,10.683408,25.8357,20.145792,333.0527,30.894779,277.3494,35.563035,352.7911,0.00257,353.7511,19.606494
2024-03-18,337.1668,0.99624,116.0609,0.002704,355.156,0.990333,317.6728,1.586406,304.6457,2.13071,20.968,5.672982,318.1932,10.651158,26.1171,20.240372,333.318,30.895442,277.4931,35.468881,352.4202,0.00257,354.1441,19.647385
2024-03-25,344.1009,0.998224,199.4206,0.002666,1.8302,0.805345,326.3289,1.611115,310.0925,2.10381,22.4151,5.748114,319.007,10.607215,26.4268,20.325873,333.5816,30.882239,277.6173,35.367613,352.0493,0.00257,354.5479,19.675263
2024-04-01,351.0091,1.000273,291.7111,0.002454,2.6465,0.661453,334.9814,1.633921,315.5399,2.077039,23.9149,5.815136,319.7954,10.552061,26.7617,20.4013,333.8409,30.855417,277.7207,35.260667,351.6783,0.00257,354.9588,19.689862
2024-04-08,357.8926,1.002281,35.2315,0.002478,358.6884,0.586138,343.6291,1.654657,320.9828,2.050336,25.4596,5.873535,320.5522,10.486234,27.1181,20.465689,334.0928,30.815312,277.8021,35.149584,351.3074,0.00257,355.3723,19.690967
2024-04-15,4.747,1.004204,124.7307,0.002703,353.8056,0.582464,352.2685,1.67323,326.4145,2.02374,27.0401,5.92288,321.2709,10.41051,27.4923,20.518227,334.3347,30.762537,277.8606,35.036094,350.9364,0.00257,355.7843,19.678597
2024-04-22,11.5723,1.006088,208.6929,0.002643,351.7861,0.633593,0.8998,1.689607,331.8315,1.997301,28.6484,5.962953,321.9459,10.325813,27.8801,20.558398,334.564,30.697934,277.8961,34.921898,350.5655,0.00257,356.1905,19.653042
2024-04-29,18.3735,1.007934,301.7433,0.002473,353.7052,0.718207,9.5251,1.703689,337.2315,1.97096,30.2776,5.993593,322.572,10.233051,28.278,20.585828,334.7783,30.622384,277.9083,34.808593,350.1945,0.00257,356.5871,19.614667
2024-05-06,25.1544,1.009648,43.2813,0.002488,358.9666,0.821778,18.1458,1.715298,342.6095,1.944586,31.9213,6.014589,323.1435,10.133182,28.6821,20.600179,334.9754,30.53683,277.8973,34.697807,349.8236,0.00257,356.9703,19.563881
2024-05-13,31.9126,1.011166,132.9703,0.002698,6.7957,0.936485,26.7602,1.724301,347.9587,1.91813,33.572,6.025801,323.6548,10.027386,29.0883,20.601276,335.1531,30.442461,277.8637,34.591266,349.4526,0.00257,357.3359,19.501316
2024-05-20,38.648,1.012534,217.7176,0.002613,16.7204,1.056891,35.368,1.730667,353.2751,1.891591,35.2225,6.027283,324.1012,9.916956,29.4928,20.58923,335.3096,30.340628,277.8083,34.490557,349.0817,0.00257,357.6802,19.427839
2024-05-27,45.3662,1.013778,312.5137,0.002478,28.5615,1.174649,43.9722,1.734349,358.5567,1.86487,36.867,6.01913,324.4787,9.803142,29.8918,20.564274,335.4433,30.232661,277.7324,34.397084,348.7108,0.00257,358.0001,19.344353
2024-06-03,52.073,1.014829,51.7361,0.002515,42.2343,1.272203,52.5759,1.735226,3.7992,1.837781,38.4996,6.001373,324.7829,9.687231,30.2818,20.526655,335.5529,30.119916,277.6374,34.312221,348.3398,0.00257,358.2922,19.251785
2024-06-10,58.7678,1.015614,140.9208,0.002696,57.2877,1.321261,61.1778,1.733188,8.9958,1.810217,40.113,5.974117,325.0101,9.57071,30.6589,20.476795,335.6371,30.003945,277.5249,34.23734,347.9689,0.00257,358.5533,19.151273
2024-06-17,65.4503,1.01617,226.302,0.002584,72.5176,1.302963,69.7775,1.728249,14.1422,1.78214,41.7001,5.937651,325.158,9.455128,31.0193,20.41538,335.6952,29.886386,277.3973,34.173582,347.5979,0.00257,358.7804,19.044141
2024-06-24,72.1256,1.016554,323.4817,0.002468,86.6481,1.230722,78.3765,1.720463,19.2365,1.753441,43.255,5.892297,325.2253,9.341944,31.3599,20.343181,335.7269,29.76879,277.2567,34.121844,347.227,0.00257,358.9713,18.931709
2024-07-01,78.8009,1.016724,60.8559,0.002552,99.1316,1.131503,86.9776,1.709817,24.2752,1.723915,44.7711,5.838314,325.2111,9.232621,31.6774,20.260973,335.732,29.652679,277.1056,34.082943,346.856,0.00257,359.1239,18.815292
2024-07-08,85.4771,1.016607,148.8528,0.0027,109.8692,1.023374,95.5801,1.696278,29.2511,1.693427,46.2404,5.776047,325.1154,9.128769,31.9685,20.169706,335.7104,29.539716,276.9466,34.057616,346.4851,0.00257,359.236,18.696391
2024-07-15,92.1534,1.016232,234.4851,0.002565,118.7551,0.914927,104.1811,1.679924,34.1592,1.661934,47.6549,5.706027,324.941,9.031963,32.2301,20.070564,335.663,29.43155,276.7827,34.046301,346.1141,0.00257,359.3062,18.576634
2024-07-22,98.8337,1.015676,334.071,0.002445,125.4605,0.810785,112.7802,1.660906,38.997,1.629348,49.0073,5.628826,324.6918,8.943607,32.4596,19.964783,335.5908,29.329667,276.6169,34.049163,345.7432,0.00257,359.3341,18.457583
2024-07-29,105.5257,1.014935,70.5391,0.002587,129.3268,0.716247,121.3788,1.639331,43.7608,1.595482,50.2898,5.544964,324.3727,8.865028,32.6547,19.853578,335.495,29.235462,276.452,34.066267,345.3723,0.00257,359.3191,18.34075
2024-08-05,112.2315,1.013938,157.0178,0.002708,129.4249,0.641914,129.976,1.615239,48.442,1.560211,51.4925,5.455069,323.9904,8.797591,32.813,19.738332,335.3773,29.15039,276.2908,34.097554,345.0013,0.00257,359.2614,18.227788
2024-08-12,118.9496,1.012705,242.5473,0.00256,125.4134,0.608409,138.5679,1.588742,53.0331,1.523521,52.6058,5.359975,323.5542,8.742483,32.9325,19.620614,335.24,29.075789,276.1366,34.14264,344.6304,0.00257,359.1617,18.120378
2024-08-19,125.682,1.011325,343.8332,0.002417,119.6736,0.643293,147.1518,1.560035,57.5295,1.485382,53.6206,5.26057,323.0748,8.700599,33.0122,19.501995,335.0855,29.012742,275.992,34.200885,344.2594,0.00257,359.0221,18.02005
2024-08-26,132.436,1.009831,80.4471,0.002612,117.2334,0.760342,155.7284,1.529298,61.925,1.445665,54.5275,5.157709,322.5633,8.672652,33.0513,19.38398,334.9166,28.962178,275.8595,34.27157,343.8885,0.00257,358.8447,17.92821
2024-09-02,139.2143,1.008162,165.526,0.002715,121.1704,0.939464,164.2977,1.496598,66.207,1.404296,55.3152,5.052392,322.0324,8.659266,33.049,19.268204,334.7362,28.925004,275.7416,34.353852,343.5175,0.00257,358.6324,17.84632
2024-09-09,146.0145,1.006326,250.9178,0.002566,130.7242,1.129045,172.8561,1.462028,70.3627,1.361335,55.9731,4.945838,321.4962,8.660754,33.0056,19.156406,334.5478,28.901901,275.6407,34.44659,343.1466,0.00257,358.3889,17.77574
2024-09-16,152.8367,1.004414,352.6177,0.002394,143.1403,1.277177,181.3997,1.425758,74.3814,1.316853,56.4923,4.839331,320.9689,8.677053,32.9222,19.050238,334.3551,28.89323,275.5586,34.548446,342.7757,0.00257,358.119,17.717571
2024-09-23,159.6862,1.002493,90.1508,0.002622,156.0917,1.367848,189.9289,1.387972,78.25,1.270833,56.864,4.734128,320.4636,8.707877,32.8004,18.951206,334.1614,28.899151,275.4969,34.658072,342.4047,0.00257,357.8277,17.672698
2024-09-30,166.566,1.000514,174.2962,0.002716,168.588,1.410555,198.4446,1.348733,81.9467,1.223316,57.0796,4.631647,319.9932,8.752811,32.6422,18.860867,333.9705,28.919746,275.457,34.774039,342.0338,0.00257,357.5202,17.641958
2024-10-07,173.4731,0.998473,259.9683,0.002575,180.4232,1.417364,206.9437,1.308079,85.4468,1.174501,57.1329,4.5335,319.5707,8.8111,32.4506,18.780754,333.7862,28.954805,275.4399,34.894689,341.6628,0.00257,357.2029,17.625965
2024-10-14,180.4046,0.996449,0.7357,0.002389,191.6464,1.39582,215.4209,1.266115,88.7259,1.124636,57.0222,4.441311,319.2067,8.881658,32.2296,18.712185,333.6121,29.003781,275.4462,35.018269,341.2919,0.00257,356.8824,17.624973
2024-10-21,187.3636,0.994533,99.2799,0.00262,202.3459,1.349279,223.8733,1.222996,91.7552,1.073914,56.7488,4.35661,318.91,8.96327,31.9835,18.656226,333.4515,29.065939,275.476,35.143113,340.9209,0.00257,356.5649,17.638971
2024-10-28,194.3527,0.992696,183.0815,0.002709,212.5559,1.278098,232.3005,1.17878,94.4929,1.022605,56.3169,4.281005,318.688,9.05466,31.7171,18.613886,333.3076,29.140464,275.5295,35.267547,340.55,0.00257,356.2568,17.667842
2024-11-04,201.368,0.990911,269.781,0.002575,222.1629,1.180827,240.6967,1.133461,96.8904,0.971194,55.7374,4.216144,318.5467,9.154313,31.436,18.586016,333.1834,29.226263,275.6062,35.389765,340.179,0.00257,355.9647,17.711181
2024-11-11,208.4043,0.989239,8.9287,0.002407,230.7153,1.055919,249.0513,1.087083,98.897,0.920278,55.0283,4.163486,318.49,9.260527,31.1464,18.57312,333.0814,29.321955,275.7054,35.507991,339.8081,0.00257,355.6947,17.768215
2024-11-18,215.4616,0.987782,107.6755,0.002612,236.9511,0.906653,257.3531,1.039782,100.4567,0.870466,54.2126,4.124188,318.5191,9.371624,30.8545,18.575382,333.0038,29.426061,275.8258,35.620639,339.4372,0.00257,355.4523,17.837942
2024-11-25,222.5418,0.986524,191.5883,0.002696,237.9817,0.756879,265.5934,0.991634,101.4987,0.82252,53.3172,4.099261,318.6346,9.485988,30.5663,18.592855,332.9521,29.537089,275.9663,35.726198,339.0662,0.00257,355.2421,17.91929
2024-12-02,229.6408,0.98542,280.0304,0.002557,231.0689,0.678685,273.7577,0.942637,101.9515,0.777514,52.3748,4.089491,318.8359,9.601889,30.2883,18.625357,332.9277,29.653347,276.1253,35.823131,338.6953,0.00257,355.0687,18.010943
2024-12-09,236.7514,0.984498,17.9572,0.002442,223.2022,0.741644,281.822,0.892819,101.7594,0.736713,51.4223,4.095214,319.1204,9.71755,30.0267,18.672322,332.9316,29.772974,276.3007,35.910043,338.3243,0.00257,354.9358,18.111305
2024-12-16,243.8709,0.983854,115.5192,0.002611,223.1871,0.890829,289.7567,0.842325,100.8919,0.701422,50.4956,4.116295,319.4842,9.831355,29.7871,18.73288,332.9639,29.894147,276.4906,35.985821,337.9534,0.00257,354.8457,18.218686
2024-12-23,251.0004,0.983489,199.6689,0.002684,229.0824,1.044611,297.5324,0.791305,99.3511,0.673084,49.6282,4.152346,319.9231,9.941834,29.5745,18.806072,333.0243,30.015135,276.6926,36.049491,337.5824,0.00257,354.8001,18.331435
2024-12-30,258.1366,0.983336,290.0852,0.002521,237.6208,1.17286,305.1104,0.739836,97.2085,0.653265,48.852,4.202687,320.4325,10.047493,29.3936,18.890731,333.1125,30.134124,276.9044,36.100136,337.2115,0.00257,354.8003,18.447772
2025-01-06,265.2712,0.983387,28.0697,0.002479,247.3111,1.271488,312.434,0.688017,94.6285,0.643311,48.195,4.26622,321.0067,10.146883,29.2485,18.985387,333.2276,30.249262,277.1235,36.13706,336.8405,0.00257,354.8465,18.565779
2025-01-13,272.3998,0.983717,123.2892,0.002622,257.6216,1.342732,319.4263,0.636103,91.8471,0.643996,47.6775,4.341531,321.639,10.238793,29.1421,19.088397,333.3679,30.358879,277.347,36.159904,336.4696,0.00257,354.938,18.683607
2025-01-20,279.5232,0.984338,207.4614,0.002679,268.409,1.38884,325.9969,0.58445,89.1242,0.655565,47.3132,4.427161,322.3233,10.322198,29.0766,19.198146,333.5319,30.461489,277.5725,36.168467,336.0987,0.00257,355.0734,18.799563
2025-01-27,286.6395,0.985176,299.3594,0.00248,279.6846,1.410303,332.0284,0.533421,86.7111,0.677741,47.1118,4.521568,323.0536,10.396086,29.0536,19.312932,333.7176,30.555624,277.7974,36.162641,335.7277,0.00257,355.2511,18.911945
2025-02-03,293.7415,0.986178,38.8473,0.0025,291.5171,1.404999,337.3535,0.483486,84.8077,0.709642,47.0778,4.623036,323.823,10.459537,29.074,19.430887,333.9228,30.639886,278.0189,36.142572,335.3568,0.00257,355.4688,19.019034
2025-02-10,300.8237,0.987397,131.4575,0.002645,303.9589,1.367111,341.7398,0.435442,83.5241,0.749919,47.2099,4.729799,324.6243,10.5119,29.1375,19.550134,334.1448,30.713157,278.2342,36.10874,334.9858,0.00257,355.7233,19.119307
2025-02-17,307.8872,0.988855,215.3343,0.002682,316.8844,1.286145,344.8995,0.390485,82.8873,0.797196,47.5027,4.840271,325.451,10.552706,29.2434,19.668962,334.3811,30.774555,278.4411,36.06175,334.6149,0.00257,356.0115,19.211474
2025-02-24,314.9324,0.990477,307.7352,0.002449,329.5578,1.150725,346.4987,0.350197,82.8777,0.850206,47.9499,4.952943,326.2968,10.581509,29.3904,19.785688,334.6289,30.823264,278.6372,36.002288,334.2439,0.00257,356.3299,19.294304
2025-03-03,321.9542,0.992176,49.5304,0.002502,339.9661,0.967232,346.2112,0.316693,83.4504,0.907709,48.5433,5.066275,327.155,10.597962,29.5769,19.898578,334.8855,30.858599,278.82,35.931274,333.873,0.00257,356.6749,19.366623
2025-03-10,328.9474,0.993982,140.1705,0.002671,345.1517,0.780052,343.9126,0.292754,84.5389,0.968525,49.2722,5.178806,328.0183,10.601992,29.8002,20.006025,335.1477,30.880196,278.9875,35.849909,333.5021,0.00257,357.0421,19.427518
2025-03-17,335.9136,0.995924,223.638,0.002686,343.6027,0.646719,340.0381,0.281293,86.0707,1.031743,50.1251,5.289325,328.8808,10.59368,30.0576,20.10667,335.4125,30.88792,279.1379,35.759444,333.1311,0.00257,357.4275,19.476331
2025-03-24,342.8555,0.99794,315.6969,0.002439,337.8618,0.597197,335.709,0.284069,87.9837,1.096662,51.0915,5.396731,329.7364,10.573117,30.3462,20.199246,335.6774,30.881711,279.2696,35.661162,332.7602,0.00257,357.8272,19.512477
2025-03-31,349.7712,0.999927,59.4934,0.002488,333.3405,0.622729,332.2555,0.300786,90.2266,1.162622,52.1613,5.499916,330.5785,10.540492,30.6627,20.282501,335.9392,30.861647,279.381,35.556522,332.3892,0.00257,358.2369,19.535455
2025-04-07,356.6561,1.001888,149.2119,0.00269,333.0211,0.694371,330.5447,0.329467,92.7502,1.228973,53.3231,5.597869,331.4004,10.49625,31.0036,20.35538,336.195,30.828122,279.4708,35.44718,332.0183,0.00257,358.6521,19.545041
2025-04-14,3.5122,1.003863,232.485,0.002684,336.6733,0.788395,330.7989,0.367391,95.5097,1.295267,54.566,5.689825,332.1966,10.44096,31.3649,20.417102,336.4421,30.781719,279.5385,35.334745,331.6473,0.00257,359.0685,19.541249
2025-04-21,10.3444,1.005812,323.9967,0.002447,343.2534,0.892278,332.8121,0.411911,98.4718,1.36119,55.8809,5.775103,332.9611,10.375183,31.7432,20.46699,336.678,30.723063,279.5834,35.220787,331.2764,0.00257,359.4824,19.524149
2025-04-28,17.1536,1.007632,68.5421,0.002472,351.9872,1.000154,336.2283,0.460926,101.6118,1.4264,57.2591,5.852997,333.688,10.299567,32.1347,20.504406,336.9002,30.6529,279.6052,35.106979,330.9054,0.00257,359.8896,19.493891
2025-05-05,23.9365,1.009299,158.2141,0.002699,2.4745,1.107999,340.7135,0.513019,104.9058,1.490516,58.6911,5.92289,334.3709,10.215005,32.5353,20.528928,337.1061,30.57226,279.6037,34.995094,330.5345,0.00257,0.2857,19.450897
2025-05-12,30.695,1.010869,241.7186,0.002672,14.5902,1.209109,346.0141,0.567184,108.3311,1.553306,60.1681,5.98438,335.0046,10.12248,32.9411,20.540405,337.2937,30.4823,279.5797,34.886751,330.1636,0.00257,0.6669,19.395789
2025-05-19,37.4352,1.012327,333.1617,0.002465,28.3078,1.288785,351.9386,0.6226,111.8724,1.614635,61.683,6.037125,335.584,10.022951,33.3483,20.538768,337.4612,30.384171,279.5337,34.783463,329.7926,0.00257,1.0298,19.329213
2025-05-26,44.1608,1.013581,76.9362,0.002467,43.3235,1.321809,358.3375,0.678621,115.5195,1.674324,63.2289,6.080734,336.1035,9.917457,33.7534,20.523991,337.6067,30.279113,279.4666,34.686768,329.4217,0.00257,1.3706,19.251887
2025-06-02,50.8694,1.014592,166.8888,0.002698,58.5913,1.287982,5.0981,0.734842,119.2615,1.732122,64.7978,6.114895,336.5576,9.807269,34.1521,20.496265,337.7285,30.168603,279.3799,34.5982,329.0507,0.00257,1.6855,19.164781
2025-06-09,57.5627,1.015419,251.0151,0.00265,72.7511,1.19815,12.1462,0.790973,123.0869,1.7879,66.3826,6.139491,336.9423,9.693714,34.5407,20.456033,337.8257,30.054169,279.2752,34.519051,328.6798,0.00257,1.9714,19.069023
2025-06-16,64.2471,1.016081,343.2742,0.002479,85.0798,1.081744,19.4285,0.846694,126.9884,1.841621,67.9773,6.154442,337.2537,9.578071,34.9158,20.403791,337.8972,29.937277,279.1545,34.450438,328.3088,0.00257,2.2255,18.965728
2025-06-23,70.9281,1.016507,85.188,0.002479,95.3936,0.960227,26.9005,0.901679,130.9629,1.893197,69.5757,6.159611,337.4879,9.461693,35.274,20.34007,337.9424,29.819443,279.0198,34.393444,327.9379,0.00257,2.4449,18.856071
2025-06-30,77.6047,1.016643,175.1439,0.002695,103.5256,0.844105,34.5245,0.955731,135.0058,1.942457,71.171,6.154933,337.6417,9.346132,35.6113,20.265623,337.9608,29.702351,278.8735,34.349055,327.567,0.00257,2.6269,18.74145
2025-07-07,84.2774,1.016553,260.0303,0.002621,109.0673,0.739433,42.2776,1.008732,139.1108,1.989326,72.7562,6.140533,337.7138,9.232942,35.9247,20.181422,337.9526,29.587653,278.7185,34.317943,327.196,0.00257,2.7696,18.623369
2025-07-14,90.9524,1.016287,354.0472,0.002481,111.3407,0.653331,50.1457,1.060514,143.2747,2.033826,74.3254,6.116565,337.7038,9.123582,36.2111,20.088465,337.9183,29.476869,278.5573,34.300566,326.8251,0.00257,2.8713,18.503276
2025-07-21,97.6361,1.015797,93.7781,0.002508,109.7739,0.598185,58.1155,1.110848,147.4973,2.075936,75.8726,6.08312,337.6115,9.019549,36.4676,19.987775,337.8584,29.371515,278.3927,34.297311,326.4541,0.00257,2.9308,18.382643
2025-07-28,104.3286,1.015029,183.0995,0.002694,105.1563,0.592757,66.1723,1.159583,151.7774,2.115535,77.3901,6.040378,337.4386,8.92246,36.6913,19.880591,337.7742,29.273191,278.2277,34.308401,326.0832,0.00257,2.9469,18.26313
2025-08-04,111.0292,1.014037,268.5439,0.002593,100.8142,0.654221,74.3074,1.206666,156.1113,2.152585,78.8706,5.988707,337.1894,8.83383,36.8797,19.768331,337.6672,29.183364,278.0655,34.333712,325.7122,0.00257,2.9197,18.146416
2025-08-11,117.7427,1.012899,4.9746,0.002468,100.6265,0.784052,82.5178,1.252014,160.4973,2.187149,80.3073,5.928512,336.8692,8.754989,37.0309,19.652399,337.5395,29.10329,277.9088,34.372909,325.3413,0.00257,2.8498,18.034058
2025-08-18,124.4759,1.0116,102.9497,0.002545,106.1228,0.961912,90.8001,1.295462,164.937,2.219256,81.6928,5.860144,336.4846,8.68721,37.1432,19.5342,337.3932,29.034155,277.7602,34.425584,324.9703,0.00257,2.738,17.927582
2025-08-25,131.2294,1.010083,191.0211,0.002699,116.4937,1.145164,99.1466,1.336878,169.4303,2.248831,83.0182,5.784069,336.0443,8.631755,37.215,19.41533,337.2309,28.97713,277.6228,34.491139,324.5994,0.00257,2.5861,17.828618
2025-09-01,138.0014,1.008392,276.5835,0.002576,129.5198,1.285862,107.5514,1.376243,173.9752,2.275862,84.2745,5.700951,335.5595,8.589632,37.2456,19.297491,337.0557,28.933151,277.4989,34.568653,324.2285,0.00257,2.3967,17.7387
2025-09-08,144.7943,1.006624,15.4775,0.002442,143.0145,1.366353,116.0126,1.413543,178.5704,2.300442,85.4532,5.611511,335.0421,8.561539,37.2348,19.182308,336.8708,28.902867,277.391,34.657035,323.8575,0.00257,2.1733,17.659143
2025-09-15,151.6146,1.004796,112.6464,0.00258,155.9242,1.396982,124.5286,1.448681,183.2177,2.322649,86.5452,5.516434,334.5049,8.548012,37.1831,19.071347,336.6796,28.886799,277.3008,34.755167,323.4866,0.00257,1.9197,17.591145
2025-09-22,158.463,1.002852,199.1847,0.002708,168.0152,1.391804,133.0933,1.48155,187.9179,2.342447,87.5397,5.416553,333.9616,8.549446,37.0911,18.966297,336.4855,28.885371,277.2303,34.861766,323.1156,0.00257,1.6404,17.535893
2025-09-29,165.3364,1.000824,284.4833,0.002573,179.3339,1.359649,141.6999,1.512154,192.6693,2.359849,88.4259,5.312922,333.4273,8.56586,36.9607,18.868842,336.2925,28.898689,277.1811,34.975292,322.7447,0.00257,1.3409,17.494345
2025-10-06,172.2344,0.99881,25.0769,0.00241,189.9609,1.304562,150.3443,1.540539,197.4705,2.374974,89.1942,5.206665,332.9161,8.596915,36.7946,18.780477,336.1044,28.926541,277.1541,35.094123,322.3737,0.00257,1.0274,17.467136
2025-10-13,179.162,0.996859,122.5525,0.002604,199.9113,1.227487,159.0248,1.566687,202.3229,2.387945,89.8348,5.098887,332.4407,8.642089,36.5958,18.702546,335.9244,28.968568,277.15,35.216693,322.0028,0.00257,0.7057,17.454705
2025-10-20,186.1199,0.994922,207.7284,0.002716,209.0346,1.12767,167.7362,1.590524,207.2274,2.398767,90.3365,4.990871,332.0139,8.700696,36.368,18.636404,335.7563,29.024283,277.1694,35.341331,321.6318,0.00257,0.3822,17.457383
2025-10-27,193.1035,0.993007,292.7599,0.002581,216.8138,1.004753,176.4712,1.612068,212.1821,2.407476,90.6901,4.884119,331.6473,8.771697,36.1159,18.583254,335.6035,29.092864,277.2124,35.466214,321.2609,0.00257,0.064,17.475176
2025-11-03,200.1097,0.991203,33.649,0.002387,221.913,0.864,185.2251,1.631406,217.185,2.414211,90.8888,4.78018,331.3501,8.853776,35.8449,18.543983,335.4691,29.173206,277.2787,35.589551,320.89,0.00257,359.7576,17.507722
2025-11-10,207.1411,0.989585,132.2086,0.002612,221.5565,0.731523,193.9965,1.648593,222.2365,2.419137,90.9278,4.680561,331.1292,8.945553,35.5605,18.519229,335.3555,29.264113,277.3675,35.709707,320.519,0.00257,359.4691,17.554457
2025-11-17,214.1982,0.988107,216.5552,0.002718,213.9404,0.677923,202.7825,1.663589,227.3372,2.422299,90.8033,4.586908,330.9904,9.04558,35.2687,18.509538,335.2652,29.364296,277.4781,35.825022,320.1481,0.00257,359.2045,17.614693
2025-11-24,221.2754,0.986751,301.8039,0.00259,206.9508,0.763986,211.5778,1.676407,232.4844,2.42375,90.5166,4.500995,330.938,9.15218,34.9758,18.515181,335.2004,29.472196,277.6094,35.933802,319.7771,0.00257,358.9694,17.687418
2025-12-01,228.3671,0.985584,41.6593,0.002386,208.276,0.928989,220.3783,1.68714,237.6753,2.423639,90.0749,4.424505,330.9735,9.263567,34.6885,18.536041,335.1624,29.586074,277.7596,36.034505,319.4062,0.00257,358.7688,17.771313
2025-12-08,235.4731,0.984691,141.1959,0.002606,215.2368,1.090765,229.1835,1.695886,242.9088,2.422163,89.49,4.358931,331.0966,9.378047,34.4129,18.571724,335.152,29.70422,277.9269,36.12583,319.0352,0.00257,358.6064,17.864954
2025-12-15,242.594,0.984033,225.3667,0.002712,224.5029,1.220559,237.9934,1.702624,248.1846,2.419396,88.7778,4.305725,331.3062,9.493977,34.1547,18.621721,335.17,29.82492,278.1095,36.206536,318.6643,0.00257,358.4855,17.966872
2025-12-22,249.7242,0.983565,311.5951,0.002585,234.6462,1.316187,246.8047,1.707338,253.4997,2.415395,87.9614,4.266222,331.6003,9.609618,33.9199,18.685231,335.2166,29.946307,278.3053,36.275443,318.2934,0.00257,358.4087,18.075373
2025-12-29,256.8562,0.983318,50.0035,0.00241,245.1932,1.381272,255.6138,1.710085,258.8496,2.410303,87.0704,4.241397,331.9748,9.723259,33.7138,18.761106,335.2912,30.066475,278.5118,36.331617,317.9224,0.00257,358.3776,18.188595
2026-01-05,263.9877,0.983375,149.3849,0.002597,256.0395,1.418967,264.4201,1.710958,264.2318,2.404323,86.1369,4.231801,332.4247,9.833393,33.5404,18.848007,335.393,30.183682,278.7264,36.374428,317.5515,0.00257,358.3927,18.304726
2026-01-12,271.1197,0.983708,233.8483,0.002701,267.2192,1.430324,273.2244,1.70994,269.6453,2.397543,85.1942,4.237737,332.945,9.938644,33.4034,18.944567,335.5209,30.296285,278.9467,36.403346,317.1805,0.00257,358.4538,18.422029
2026-01-19,278.2476,0.984242,321.6743,0.002562,278.808,1.413761,282.0246,1.706963,275.0862,2.390003,84.2777,4.259195,333.5304,10.037615,33.3058,19.049216,335.6734,30.402605,279.1702,36.41796,316.8096,0.00257,358.5606,18.53867
2026-01-26,285.3636,0.984972,59.3807,0.002446,290.852,1.364399,290.8166,1.702013,280.5488,2.381811,83.4221,4.295679,334.1744,10.129015,33.25,19.16017,335.8487,30.501051,279.3939,36.418158,316.4386,0.00257,358.7113,18.652797
2026-02-02,292.4642,0.985967,157.0919,0.002598,303.2204,1.273537,299.5981,1.695143,286.0296,2.373148,82.6569,4.346276,334.87,10.211816,33.237,19.275616,336.0443,30.590302,279.6153,36.404132,316.0677,0.00257,358.9038,18.762742
2026-02-09,299.5512,0.987212,241.8956,0.002691,315.1975,1.131705,308.3694,1.686323,291.5264,2.364091,82.0062,4.409913,335.611,10.285137,33.2671,19.393844,336.2582,30.669206,279.8319,36.376173,315.6967,0.00257,359.1355,18.867011
2026-02-16,306.6222,0.988615,331.4177,0.002524,324.708,0.945013,317.129,1.675439,297.035,2.354638,81.4903,4.485322,336.3911,10.34811,33.3405,19.513068,336.4877,30.736651,280.0411,36.334699,315.3258,0.00257,359.4037,18.964106
2026-02-23,313.6706,0.990134,69.7996,0.002478,328.337,0.759447,325.8721,1.662403,302.5494,2.344838,81.124,4.57095,337.2031,10.400002,33.4564,19.631429,336.7302,30.791691,280.2404,36.280414,314.9549,0.00257,359.7049,19.052609
2026-03-02,320.6926,0.991822,164.903,0.002614,324.5633,0.641757,334.5951,1.647217,308.0647,2.334823,80.9149,4.665091,338.04,10.440356,33.6129,19.747192,336.9826,30.833707,280.4275,36.214288,314.5839,0.00257,0.0351,19.131374
2026-03-09,327.6909,0.993677,249.7099,0.002687,317.8151,0.621629,343.2975,1.629852,313.5787,2.324634,80.8655,4.766142,338.8955,10.468845,33.8082,19.858823,337.2422,30.862261,280.6004,36.13733,314.213,0.00257,0.3906,19.199461
2026-03-16,334.666,0.995609,340.4274,0.002485,314.3524,0.674864,351.9788,1.61019,319.0873,2.314215,80.9755,4.872515,339.7634,10.485158,34.0399,19.964808,337.5061,30.876979,280.757,36.050644,313.842,0.00257,0.7677,19.255972
2026-03-23,341.6136,0.997544,80.6856,0.002493,315.7374,0.763204,0.6351,1.588107,324.5845,2.303538,81.2416,4.982543,340.6366,10.489117,34.3053,20.063649,337.7713,30.877684,280.8955,35.95557,313.4711,0.00257,1.162,19.300131
2026-03-30,348.5301,0.999518,173.2558,0.00264,320.799,0.863436,9.2619,1.563588,330.0653,2.29267,81.6563,5.094607,341.5087,10.480813,34.6011,20.154069,338.0347,30.864525,281.0145,35.85363,313.1001,0.00257,1.5691,19.331465
2026-04-06,355.419,1.001548,257.6607,0.002688,328.3545,0.96558,17.8586,1.53665,335.5275,2.281608,82.2106,5.207319,342.3735,10.460434,34.9238,20.23503,338.2937,30.837802,281.1128,35.746302,312.7292,0.00257,1.9849,19.349693
2026-04-13,2.2838,1.003558,348.7726,0.002458,337.7152,1.065547,26.4254,1.507238,340.9681,2.270243,82.8956,5.319387,343.2252,10.428174,35.2703,20.305551,338.5456,30.797869,281.1893,35.635096,312.3583,0.00257,2.4054,19.35458
2026-04-20,9.1225,1.005455,91.3253,0.00249,348.5637,1.160408,34.9599,1.475266,346.3818,2.258471,83.702,5.429506,344.0573,10.38435,35.6367,20.364711,338.7874,30.745262,281.2432,35.521688,311.9873,0.00257,2.8259,19.34602
2026-04-27,15.9324,1.00726,182.1821,0.002667,0.8168,1.244763,43.4567,1.440757,351.7638,2.246296,84.6187,5.536469,344.8634,10.329531,36.0191,20.411845,339.0166,30.680818,281.2743,35.40783,311.6164,0.00257,3.2425,19.324204
2026-05-04,22.7173,1.009009,266.0357,0.002691,14.4834,1.306326,51.9135,1.40382,357.1126,2.233678,85.6348,5.639317,345.638,10.264354,36.4137,20.446523,339.2309,30.605464,281.2825,35.295141,311.2454,0.00257,3.6511,19.289483
2026-05-11,29.4826,1.01065,356.9312,0.002449,29.3607,1.322976,60.3301,1.364518,2.4264,2.220468,86.7411,5.737176,346.3755,10.189446,36.8169,20.468373,339.4281,30.520148,281.2679,35.185201,310.8745,0.00257,4.0477,19.242231
2026-05-18,36.2292,1.012086,101.2171,0.002475,44.5513,1.274048,68.7038,1.322866,7.7011,2.206505,87.9284,5.82915,347.0695,10.105554,37.2248,20.477092,339.606,30.425976,281.2311,35.079673,310.5035,0.00257,4.4285,19.182947
2026-05-25,42.9546,1.013321,191.3908,0.002686,58.6279,1.167293,77.0269,1.278952,12.9326,2.191743,89.1868,5.914435,347.7143,10.013665,37.6329,20.472639,339.7627,30.324302,281.173,34.980192,310.1326,0.00257,4.7894,19.112409
2026-06-01,49.6627,1.014412,274.8916,0.002689,70.6504,1.034063,85.293,1.232982,18.1201,2.176123,90.5071,5.992456,348.3048,9.914799,38.038,20.455188,339.8966,30.2165,281.0949,34.888168,309.7616,0.00257,5.127,19.031509
2026-06-08,56.3601,1.015335,5.4906,0.002458,80.3053,0.899761,93.4982,1.185142,23.2629,2.159481,91.8816,6.06269,348.8357,9.809964,38.4362,20.424949,340.0066,30.103924,280.9982,34.804912,309.3907,0.00257,5.4381,18.94114
2026-06-15,63.0498,1.016003,110.225,0.002461,87.3541,0.777412,101.6369,1.135548,28.3582,2.141626,93.303,6.124571,349.3017,9.700283,38.8239,20.382205,340.0912,29.988047,280.8845,34.731737,309.0198,0.00257,5.7191,18.84231
2026-06-22,69.7298,1.016403,200.5042,0.002694,91.3407,0.674856,109.6963,1.084335,33.4022,2.122482,94.7629,6.177619,349.6976,9.587103,39.1972,20.327498,340.1496,29.870523,280.7561,34.66983,308.6488,0.00257,5.9669,18.736276
2026-06-29,76.4031,1.016607,284.0559,0.002677,91.7362,0.601101,117.6619,1.03176,38.3944,2.101992,96.2539,6.221555,350.0199,9.471774,39.5525,20.261555,340.1816,29.75295,280.6152,34.620081,308.2779,0.00257,6.179,18.624366
2026-07-06,83.0767,1.016626,14.8453,0.002473,88.7268,0.569023,125.5209,0.978085,43.3352,2.080004,97.7695,6.256132,350.2648,9.355612,39.8866,20.185116,340.187,29.636849,280.4645,34.583234,307.9069,0.00257,6.3531,18.507872
2026-07-13,89.7552,1.016387,118.5831,0.002458,84.3778,0.592055,133.2592,0.923491,48.2223,2.056321,99.3037,6.28105,350.4289,9.240046,40.1963,20.098996,340.1658,29.523808,280.3063,34.559976,307.536,0.00257,6.4869,18.388188
2026-07-20,96.4371,1.015865,209.2411,0.002694,82.0958,0.675667,140.8521,0.868127,53.0517,2.030864,100.849,6.29609,350.5099,9.126678,40.478,20.00426,340.1186,29.415513,280.1436,34.55079,307.165,0.00257,6.5787,18.266914
2026-07-27,103.1239,1.01514,293.2169,0.002654,84.1985,0.813281,148.2662,0.812255,57.8227,2.0036,102.3985,6.301225,350.5074,9.017061,40.7291,19.902123,340.0465,29.313501,279.9794,34.555821,306.7941,0.00257,6.6273,18.145651
2026-08-03,109.822,1.014255,25.0643,0.002486,91.1504,0.986543,155.4652,0.756186,62.5354,1.974409,103.9467,6.296449,350.4218,8.912661,40.9469,19.793786,339.9509,29.219164,279.8165,34.575056,306.4232,0.00257,6.6325,18.025924
2026-08-10,116.5371,1.01316,126.774,0.002472,102.2515,1.160763,162.406,0.700169,67.1876,1.943121,105.4872,6.281703,350.2542,8.815005,41.1291,19.680515,339.8333,29.133895,279.6577,34.608399,306.0522,0.00257,6.5938,17.909311
2026-08-17,123.2678,1.011821,217.5167,0.002691,115.8045,1.292113,169.0242,0.644415,71.7742,1.909673,107.0127,6.257021,350.008,8.725699,41.2732,19.563805,339.6958,29.05908,279.5061,34.655506,305.6813,0.00257,6.5116,17.797524
2026-08-24,130.014,1.010315,302.0477,0.002626,129.8034,1.360983,175.2264,0.589275,76.2929,1.87408,108.5159,6.222628,349.6889,8.646179,41.3778,19.445244,339.5411,28.995855,279.3643,34.71571,305.3103,0.00257,6.3876,17.69218
2026-08-31,136.7806,1.008715,35.8923,0.002486,143.1159,1.37805,180.8936,0.535249,80.7426,1.83628,109.9905,6.178777,349.304,8.577694,41.4419,19.326361,339.372,28.945139,279.235,34.788208,304.9394,0.00257,6.2239,17.594738
2026-09-07,143.5732,1.006999,135.3136,0.002502,155.4609,1.359616,185.8734,0.482911,85.1195,1.796154,111.4295,6.125678,348.8617,8.521444,41.4644,19.208713,339.1913,28.907782,279.1204,34.872135,304.5684,0.00257,6.0229,17.506634
2026-09-14,150.3909,1.005122,225.4689,0.002691,166.8751,1.316023,189.9527,0.43294,89.416,1.753687,112.8242,6.063655,348.3726,8.478552,41.4451,19.094031,339.0024,28.884523,279.0228,34.966389,304.1975,0.00257,5.788,17.429324
2026-09-21,157.2313,1.003154,310.3489,0.0026,177.4275,1.252082,192.8397,0.386402,93.6264,1.708963,114.1662,5.993237,347.8496,8.449816,41.3847,18.984041,338.8092,28.875765,278.9441,35.069599,303.8265,0.00257,5.5239,17.364041
2026-09-28,164.0971,1.001186,46.815,0.002469,187.106,1.169303,194.1957,0.344906,97.7464,1.662011,115.4477,5.914998,347.3062,8.435726,41.2844,18.88033,338.6151,28.881645,278.8858,35.180336,303.4556,0.00257,5.2355,17.311755
2026-10-05,170.9934,0.999224,144.5147,0.002541,195.7133,1.067714,193.7258,0.310588,101.7682,1.612792,116.6598,5.829483,346.7559,8.436618,41.146,18.78443,338.4237,28.902189,278.8491,35.297166,303.0847,0.00257,4.9281,17.273323
2026-10-12,177.9189,0.997219,233.3912,0.002697,202.6596,0.948186,191.3566,0.28599,105.6789,1.561377,117.7923,5.737387,346.2138,8.45262,40.9718,18.697944,338.2388,28.937243,278.835,35.418472,302.7137,0.00257,4.6078,17.249495
2026-10-19,184.8695,0.995219,318.2057,0.002586,206.5397,0.818043,187.5269,0.273774,109.4662,1.507954,118.8349,5.63963,345.6949,8.483452,40.7655,18.622334,338.0642,28.986288,278.8443,35.542472,302.3428,0.00257,4.2813,17.240681
2026-10-26,191.8447,0.993325,57.1861,0.002438,204.791,0.705581,183.3355,0.275671,113.1185,1.452682,119.7781,5.537188,345.213,8.528502,40.5314,18.558797,337.9033,29.048549,278.8769,35.667429,301.9718,0.00257,3.9554,17.246955
2026-11-02,198.8485,0.991566,154.3285,0.002576,196.7805,0.678112,180.1066,0.291339,116.6198,1.395654,120.6118,5.431032,344.7803,8.587016,40.2738,18.508377,337.759,29.123155,278.9327,35.791687,301.6009,0.00257,3.6363,17.268229
2026-11-09,205.8793,0.98989,241.5776,0.002706,190.9268,0.784836,178.6757,0.318564,119.946,1.337081,121.3246,5.322313,344.4086,8.658039,39.9981,18.472058,337.6344,29.209066,279.0115,35.913494,301.2299,0.00257,3.331,17.304239
2026-11-16,212.9313,0.988317,326.0378,0.002587,193.5542,0.962443,179.2144,0.354574,123.0715,1.27732,121.906,5.21241,344.1078,8.740275,39.7104,18.450539,337.5322,29.304918,279.1123,36.031053,300.859,0.00257,3.0459,17.354346
2026-11-23,220.001,0.98694,66.4852,0.002404,201.5168,1.130063,181.5113,0.39689,125.97,1.216733,122.3473,5.102753,343.8855,8.832219,39.4168,18.444157,337.4545,29.409177,279.234,36.142725,300.488,0.00257,2.7871,17.417599
2026-11-30,227.0905,0.985808,164.3516,0.002597,211.482,1.259941,185.2362,0.443507,128.6078,1.155636,122.6405,4.994758,343.7466,8.932361,39.1237,18.453024,337.4028,29.520305,279.3753,36.247051,300.1171,0.00257,2.5594,17.492928
2026-12-07,234.1984,0.984864,250.1402,0.002715,222.0713,1.351625,190.0583,0.492918,130.9388,1.094499,122.778,4.890012,343.6952,9.039113,38.8371,18.477115,337.3784,29.636665,279.5345,36.342555,299.7462,0.00257,2.3678,17.57913
2026-12-14,241.3177,0.984094,334.39,0.002597,232.8596,1.410138,195.7072,0.544142,132.9131,1.033989,122.7555,4.790269,343.7335,9.150689,38.5638,18.516057,337.3824,29.756409,279.7098,36.427839,299.3752,0.00257,2.2163,17.674694
2026-12-21,248.4427,0.983569,74.7169,0.002384,243.7733,1.439493,201.986,0.596533,134.4785,0.974838,122.5734,4.697251,343.8611,9.265275,38.3098,18.569107,337.4148,29.877655,279.8989,36.50176,299.0043,0.00257,2.1079,17.777924
2026-12-28,255.5735,0.983349,174.0123,0.002599,254.8637,1.441359,208.7539,0.64956,135.5753,0.917792,122.235,4.612559,344.0762,9.381202,38.0803,18.635336,337.4755,29.998646,280.0996,36.563421,298.6333,0.00257,2.0445,17.887138
