Time,sun_lon,sun_spd,sun_dec,moon_lon,moon_spd,moon_dec,mercury_lon,mercury_spd,mercury_dec,venus_lon,venus_spd,venus_dec,mars_lon,mars_spd,mars_dec,jupiter_lon,jupiter_spd,jupiter_dec,saturn_lon,saturn_spd,saturn_dec,uranus_lon,uranus_spd,uranus_dec,neptune_lon,neptune_spd,neptune_dec,pluto_lon,pluto_spd,pluto_dec,node_lon,node_spd,node_dec,lilith_lon,lilith_spd,lilith_dec,chiron_lon,chiron_spd,chiron_dec
2004-01-01,255.9820796062276,1.0190982052405166,-23.069806605885315,3.5874840941871824,11.971773163785038,8.79421910034616,244.90129743197636,-0.9250884872516923,-20.294988028456515,289.30664141770194,1.2287360479276723,-18.599918809162645,345.2567659987032,0.6066494953854197,3.6899068222710256,144.979755964395,0.0095639896241117,5.506852418107418,75.84230935699254,-0.0826393683663836,22.41122096755308,306.1566447426548,0.041452012056782,-12.13382005389664,287.77714653940393,0.0333270525099488,-17.30424101822981,236.5869257518549,0.0362419772385246,-14.492107171260496,25.372868155790705,0.0237288473538529,17.547589534911456,42.07617501771513,0.1108335963800374,22.899267473879668,264.56342081729724,0.09394276273077215,-15.886246035963573
2004-02-01,287.5408131908757,1.01504322764782,-17.344526476037146,47.237638020168994,11.807094744484042,24.192138461015603,267.07099156676594,1.412501731273863,-22.453935204081223,326.9572529917477,1.1955896275588205,-4.494233587490928,4.55348737620033,0.6339848711516598,11.517382105554423,143.75900634636372,-0.08523674976545,6.109632460186209,73.5140614228572,-0.0606169082559526,22.62679885977937,307.67744195660407,0.0548898828481307,-11.584458993264592,288.90357489738346,0.0380205350066539,-16.99379972246759,237.5874267446063,0.0270660785019771,-14.522672751301196,22.669548055387793,-0.050960392261777,16.793946113548248,45.51318611513794,0.1109116935007967,23.885231985422156,267.4551132025797,0.08986471068070842,-15.443788630170246
2004-03-01,316.83047214470065,1.003580380022175,-7.536995228923708,66.98297287123407,11.94247023547825,27.182185867103957,314.16160192717825,1.8471478500127585,-10.344397312266672,0.7608448027737016,1.1277739467270376,10.435836890956017,23.06499385106574,0.641032203992741,17.81466918366342,140.47083990940885,-0.1303574893169582,7.459002423777253,72.41547338928473,-0.0124976254873413,22.757256432204755,309.3277652436189,0.0572157596192746,-10.98958075466953,289.9744787866352,0.0346954656868536,-16.693022097002157,238.17885343145565,0.0130597985042978,-14.479789158744325,19.60045282209744,-0.0535285598026938,15.895558372260316,48.73084518756802,0.1109977714542415,24.72235456531306,269.8311685389378,0.07178388556136084,-14.932171157292764
2004-04-01,347.68987427359883,0.9866068734138344,4.590183073304168,111.67241118783716,12.726157760324282,21.12511632488388,6.01718712667413,0.6858250927051798,14.1312368820943,33.58127570991612,0.9662018124819606,22.853326383014508,42.92532516176878,0.6395406232099105,22.574005372546473,136.7355132383572,-0.0970650750107553,8.883885247483622,72.91796076444385,0.0441327020515298,22.81059516649683,310.99850027282076,0.0487673995333526,-10.387796424109796,290.901586358106,0.0240221462217636,-16.42947933883781,238.3187286471114,-0.0040446425133584,-14.388170885036178,17.715557316358318,-0.0628807900705896,15.322671629371955,52.17334919591848,0.1111009781382111,25.51966324804062,271.58924738925595,0.03975114725064,-14.395881219669654
2004-05-01,17.045559738087157,0.970350666215511,15.11564879309539,145.83066916434612,13.477422926527366,7.870266212362032,357.2105055943143,0.0367561568236016,6.595948512525583,57.294565936639266,0.5378814586741639,27.73573728803775,62.04676012786605,0.6351355680344875,24.60305615669799,135.02665669915177,-0.012678332052016,9.460362162426248,74.94097350709652,0.0883472136359768,22.75871698718261,312.22259258928256,0.031537989581778,-9.950643997768418,291.40462574429347,0.0089815214039033,-16.287422905874266,237.97356746016135,-0.0181988438990882,-14.294882907064936,17.3477089450149,0.0023185999954077,15.20933537028659,55.50798139580783,0.1112089227545454,26.18937943517785,272.2177356925154,0.0015664801124920234,-14.008362821382644
2004-06-01,46.92674911820824,0.957926612868234,22.070437706199822,196.29945214282165,14.67609961837378,-14.811625485595703,27.904451510482723,1.7144103740323131,16.279308350340635,58.34629506768881,-0.5251351533920809,24.725053269780407,81.669122217261,0.6310511647023141,23.766675777684352,136.06523146655064,0.0772699889208275,8.977828728101485,78.17602055509302,0.117446037845338,22.564027526899448,312.8423389449387,0.0077954051343699,-9.739128141902404,291.42178697676223,-0.0077239032942631,-16.288364473683977,237.2661983805646,-0.0259908908717738,-14.236095260937194,17.116879396789077,0.0010889105925374,15.138062628509546,58.957254295788026,0.1113253861371395,26.770421048693457,271.66816972591334,-0.03562374633476519,-13.841684746883493
2004-07-01,75.58211244102064,0.9530011576613882,23.098208631282628,234.66222509001528,15.151179753468742,-26.14177121942688,89.34200914952365,1.923283919970927,23.30826357936563,45.72894998734942,0.039446216865474,17.803978454086995,100.5742954846028,0.6296148153994046,20.3178714672251,139.43876038703854,0.1437063651115838,7.615517759752151,81.91683000495203,0.1292564561310218,22.22364144161373,312.7152083919332,-0.015875478810507,-9.803746530332411,290.98082329004137,-0.0208100531254481,-16.423693117044373,236.48336202843973,-0.024680306316853,-14.245883645195038,15.602516443179551,-0.1000904674699423,14.662891386680435,62.29872725965168,0.1114394473350251,27.220415881596665,270.2223056908171,-0.057449379677397765,-13.932664849139332
2004-08-01,105.16546120805924,0.9562655415516086,17.98344839663452,288.5991455874125,14.862737464019355,-21.81709084064312,131.59706470125673,0.6800766516860957,7.504062775057157,60.712416989524414,0.7915559281824656,19.06150795863551,120.11887490317088,0.6317238159193076,14.584190768914665,144.64465143402927,0.1882537231033076,5.541190410229937,85.90270055043923,0.1250515951017663,21.743078837190716,311.9132271473943,-0.0342037011305391,-10.113431879545647,290.2146961424706,-0.0271103571766419,-16.65225271626227,235.8521485156196,-0.0147738096864612,-14.338111576742609,12.475734769640663,-0.1852258105283924,13.65205008509811,65.75515255949936,0.1115550850201795,27.565002886580633,268.39472392755624,-0.05603456257470946,-14.22640514911931
2004-09-01,134.9748076606134,0.967323217225847,8.23377929218998,339.61873640292333,13.566026476843462,-0.9286495135341776,121.98349236405744,-0.2138556834933787,10.776212395000078,89.80497494436248,1.0443107594558492,19.27576878653585,139.79097272827542,0.637812174254078,7.353307293407723,150.89330821918776,0.2114611431304953,3.0513325487042553,89.49678577888443,0.1038740422497237,21.216175357728147,310.7266435718264,-0.0397949049979126,-10.553042750887451,289.39879346065334,-0.0238879469835943,-16.891640257096185,235.62412004872135,0.0006285734589439,-14.5048351642268,9.498113342405937,-0.0736603820899135,12.655084755077551,69.21508086491798,0.1116648478256353,27.783647493338247,266.9933193216604,-0.03109759418211371,-14.59776305013264
2004-10-01,164.23145779692365,0.9829647846124836,-3.2345041552418063,13.851533212787672,12.68065172656924,14.585173252392932,160.45012102400574,1.804300172264923,-0.2963626129282691,122.93305753354775,1.1521729646809962,12.69974849977497,159.06166062186557,0.647163361210288,-0.3783500228684598,157.34390215380924,0.2154577811464802,0.4906096380771518,92.09631416742567,0.0667266490780753,20.79035920843104,309.63635286223524,-0.0305462718978893,-10.943576150508353,288.8358552494346,-0.0124944792956854,-17.055708463036442,235.88518508598415,0.0165867735011792,-14.709387400150812,8.277854590248667,0.0080065732282509,12.237717345525011,72.56651136999322,0.1117621677489803,27.872844797398376,266.5937420142537,0.005451749348449017,-14.901795631420239
2004-11-01,194.98347756146603,1.0002418817680754,-14.467124133377837,58.67617000414376,11.96713741865528,27.300066833357903,210.83389603636945,1.4694903531418728,-20.5547106302013,159.67459125320096,1.2118327428325626,0.0245251064122546,179.31431314829544,0.6596706528697878,-8.389933249957004,163.83427834540026,0.1995971267348053,-2.04857696928351,93.37134185421642,0.0136641644857853,20.588445984043233,308.99952511926296,-0.0090568253119615,-11.158815775858098,288.7008985918531,0.0042207244500417,-17.09769333967176,236.6203484096763,0.029997675131665,-14.924262331122137,8.197462938974008,-0.0192129456311221,12.210422088173855,76.03254216165338,0.1118504273204012,27.83699406564007,267.365841277114,0.04346024350642767,-15.05338693003583
2004-12-01,225.2091943730818,1.0133222530355357,-21.819218939129353,90.72865053454044,11.850143564149874,26.234212981946385,242.80079513138213,-0.0825756374186551,-24.6723021100539,196.5173832763223,1.240398062471884,-13.341988973401854,199.3110379537155,0.6735289211218726,-15.377053652043273,169.312932611888,0.1615710724954543,-4.130467975070568,92.94413800647725,-0.0410930045025327,20.716341186786313,309.1067672943547,0.0162761333532807,-11.101998197868404,289.0774536098466,0.0204897517457764,-16.994816704144036,237.64267101091232,0.0369657854542346,-15.095108450225332,7.532086777420955,-0.1086658899064872,11.980746102273253,79.38915579173744,0.1119212763259858,27.677929488535625,269.1222181337983,0.07167445665212714,-14.98331587878931
2005-01-01,256.74133559224606,1.019009777174281,-23.009845422773783,135.3694028383106,12.149874803102517,11.64123419268113,234.4765589857979,1.1168391191889062,-21.28823878960608,235.1752900435408,1.2512839292567053,-22.255041536571863,220.4247568231224,0.6886654606653053,-20.857506912635895,173.3628213878607,0.094995415273655,-5.592509785941548,91.00556962688506,-0.0784372377856573,21.129374322484885,309.9867991617824,0.0394044781845937,-10.766234465765429,289.92175823072023,0.0329141694028044,-16.75748853048235,238.79912578858367,0.0362335794114306,-15.201950787616305,4.99628299258822,-0.0980312264250288,11.09140373432932,82.85962885085009,0.1119771477119542,27.38560277530027,271.6229653324972,0.0870632511701122,-14.674614308377661
2005-02-01,288.29542662028905,1.014860730559027,-17.13098678411102,182.36212550841088,12.952724365544746,-10.199581440362484,278.9250413480487,1.6246441337518378,-21.3147659710606,274.00139379340806,1.2525333361179716,-21.120334411787653,242.0044698725578,0.7035446135686186,-23.58408308095193,174.9342262232902,0.0034674016878617,-6.069828167348803,88.51226637602099,-0.074853331825156,21.611773412495815,311.4605843671528,0.0539103054377999,-10.216701166993898,291.04147664175713,0.0379476375950211,-16.436754558535746,239.8056631808396,0.0274770781925436,-15.226701795807967,1.726657369627165,0.0005755791033689,9.916462165234485,86.33153747732678,0.1120136404040363,26.96484339932627,274.3572717957795,0.0866676080100536,-14.167990618248956
2005-03-01,316.57085430519044,1.0035671311207388,-7.630097679413843,192.42193719082036,13.128833231016934,-14.729014622519133,328.92271752921965,1.827911252702323,-3.267325647253194,309.0333888197327,1.2490633520046013,-11.656529265157207,261.87284520443893,0.715459504114536,-23.100079835708236,173.81351859663596,-0.08066446608851,-5.54365490075371,86.87533868219518,-0.0380936498164621,21.916652854662395,313.041294551199,0.0574063903831531,-9.630065789199652,292.08180109914343,0.0352511251244905,-16.13404406271734,240.3990484277182,0.0143001387683998,-15.188458154610355,359.508973071752,0.0191250933356682,9.103316070377836,89.46817288496804,0.1120289298265567,26.476605979358208,276.6204599695632,0.0729843112902192,-13.617779209490719
2005-04-01,347.43269918097474,0.9868528786496138,4.494772537933072,243.84765662334877,14.038114381433829,-28.19821164922375,343.1738215821734,-0.8304274126066211,5.132782730699366,347.6503518475248,1.2416965109351388,3.38961568967849,284.20813030860666,0.7247773819526844,-19.291388909588544,170.3824895789761,-0.1284000048123814,-4.174438130031552,86.55567200875032,0.0181134154349813,22.01058380403535,314.7414210087772,0.0504707823322162,-9.00058783380208,293.0346296568758,0.025120997707099,-15.854145673653338,240.5800296133756,-0.0026608655001712,-15.107684047203376,358.8812451235919,0.0077208463052612,8.871271343320418,92.94107563497096,0.1120258192126792,25.81955104167274,278.48161700938687,0.045181322311703416,-13.0249712628498
2005-05-01,16.791834235216736,0.9706980563983388,15.040592493614032,283.2574038619527,14.228826349136488,-23.389945265952527,350.2207299297409,1.174915084442978,2.890533459147849,24.769050456236904,1.2327112878969464,16.9865059714473,305.980874510996,0.7252641984154516,-13.01188016663823,166.80999543624856,-0.0975914049084133,-2.8229407424905206,87.8772804094977,0.0680639018758081,21.845047103292575,316.034443504449,0.0344200090851561,-8.525753299398483,293.57495558888775,0.0103638804932464,-15.69668853170786,240.2728505506724,-0.0170877934713955,-15.027879318360108,358.72644643105355,-0.00692269258874,8.814220798294093,96.30155336898716,0.1120028362506167,25.07112084658637,279.3203114949364,0.009956766159586329,-12.593632013829462
2005-06-01,46.676901620093254,0.9584784736418682,22.036859330201573,335.9980480917289,13.561006524187723,-1.7838971137663984,43.72790108097341,2.185220675427043,21.85957524249212,62.84268311669741,1.2236670730354189,24.21671462815691,328.2616770717993,0.7090603957410534,-5.04974539863381,165.02779260699478,-0.0130621527363355,-2.2301211283854596,90.60548061661308,0.1050993981289565,21.423299522811085,316.75430767344545,0.0113060158307349,-8.270435940918334,293.6344542655332,-0.0064067345663364,-15.685614620872084,239.5904285994905,-0.0255427265406478,-14.981514018016677,357.80885957608956,0.0207892059987254,8.472850509820976,99.77301508342076,0.111959194969277,24.186389314352283,279.0450236301563,-0.02684315066052074,-12.4019797054359
2005-07-01,75.3342908160855,0.9535536848941516,23.11472702298005,12.665906574577546,12.855298051711886,15.124524768599958,100.00528310382936,1.3311571866887293,20.330763307777943,99.4128599941404,1.2138897695837618,20.958114901545457,348.95514819345743,0.6652150253435265,2.755871330475466,165.9634657865169,0.0732583850155355,-2.716231604513216,94.0934539765361,0.1247739124681079,20.8018298050001,316.7304469340984,-0.0126304625179755,-8.297015530077946,293.2272142371104,-0.019929707372659,-15.816092494839044,238.80965954177097,-0.0250275754074364,-14.997704151919152,355.5112389663169,-0.0287158773144764,7.609317508992919,103.13093024522742,0.1118990423225659,23.227762672411806,277.82307393587826,-0.05193038777490261,-12.498122667214583
2005-08-01,104.9178867971403,0.956846182533594,18.045094442235193,59.58603339349514,12.115903635182791,27.923152630638132,113.39230766136048,-0.6632991029802804,11.032152828627057,136.82446601681366,1.1984994669866935,8.784870176591875,8.248036056436678,0.5685966234907388,9.619177798926618,169.3760566827074,0.1428169531354743,-4.154028714853579,98.06399135048488,0.1286545988157438,20.001012136544045,316.0111720631194,-0.0322992753166226,-8.583334806407802,292.47773156142307,-0.0269739958627653,-16.04816921506134,238.15677572184947,-0.0158260318069098,-15.088206321653727,352.4140135029118,-0.1399888696242587,6.428682708821666,106.59862010427972,0.111820299097161,22.137376580032033,276.0747998630681,-0.056806614368894566,-12.829956550056156
2005-09-01,134.72527119158667,0.9678668252855206,8.322209913042517,104.3400475895196,11.845572598592764,22.7513422857971,119.44071478981088,1.6761700185539317,14.763340260550365,173.60953063514177,1.1726143906113369,-6.941212249140975,23.17707026705453,0.3720367369723555,14.310285610893803,174.5722323903255,0.188609331213584,-6.226640040807377,101.89464302447848,0.1156784080610908,19.147349803632977,314.85303984573926,-0.0399917350374792,-9.024735650170372,291.65420538637363,-0.0245426175646643,-16.298455442883377,237.8897667834236,-0.000797144048184,-15.244857773883083,350.19282894932303,-0.1058102760762215,5.57204348860934,110.06363936886832,0.1117272082250122,20.95206895338006,274.54932857198315,-0.038150603039215025,-13.258955187138575
2005-10-01,163.97809770571416,0.9834784451070866,-3.140008839969283,136.66077234990303,12.011584199910695,10.260737671298648,173.79891633838082,1.6420364813049864,-6.672214467619268,208.18045139636024,1.1272801808502413,-20.250802384444317,29.429677802433535,0.0137065660848636,16.460226441620716,180.6340876736975,0.212382281309998,-8.533209304722975,104.965657685618,0.0863238863051575,18.419969576172583,313.7266149053302,-0.0327458586581669,-9.440809394746744,291.0630637009057,-0.0137032049284794,-16.47623875802366,238.107261696204,0.0151660928092374,-15.43402109387404,349.700695760207,-0.0115675494689176,5.381580678573201,113.41396392117817,0.1116262635574866,19.721082982396865,273.8772993749476,-0.005203502322855973,-13.614480627294045
2005-11-01,194.72669656853927,1.0007543749960242,-14.389507974252956,182.05186044439463,12.821240345902236,-11.088047642923346,217.9223274635476,1.116376011187268,-23.22162236457218,241.70077933649168,1.0177612069256516,-26.91457398456965,23.318757157972133,-0.3502463219046739,16.192531471159757,187.34193575349153,0.2171080691608632,-10.942093297063328,106.95027721146222,0.0391884967596321,17.954632586580317,313.0001233922159,-0.0124917908032687,-9.69650773254146,290.88686121969255,0.0028292453746186,-16.53067547614701,238.80251804033855,0.0289151122528964,-15.6308068306255,349.6472278868,-0.0199448006614347,5.36127721059861,116.87265362118158,0.1115139741702807,18.36920723292927,274.30188754494407,0.03217807586939766,-13.79661448816724
2005-12-01,224.9494595499743,1.013887114477891,-21.78170835857183,216.90010811886629,13.775278641943808,-24.059315402538545,211.68867826155915,-0.5826648529122079,-16.86514064047098,268.3212323932925,0.6952149999654268,-24.51791325488203,14.87223026271886,-0.1262699766542725,15.140110599761412,193.6715191418392,0.2014644995262927,-13.05302123830046,107.30263577956988,-0.0162447846636757,17.93080191715307,313.0000329741543,0.0127349731852179,-9.678246305460124,291.2235547904481,0.0192980706204549,-16.43441349826136,239.79948784077956,0.0364240422801313,-15.78569891804568,348.22765489526483,-0.1380907724171275,4.8091022070049805,120.21638294924666,0.1114009141533524,16.990312446134993,275.7382716305347,0.0619615224087454,-13.729310231239658
2006-01-01,256.4809301169176,1.019575213769824,-23.029510329342585,268.45330016696283,14.89463044232178,-26.37104555010892,241.7166102501573,1.490352666630006,-23.530070240734208,276.3372026068189,-0.3118109368720203,-17.818906157777693,17.135184970761653,0.2443963338512966,16.61890376079028,199.3610337099458,0.1613007424565961,-14.785884225273408,105.98232026919035,-0.0655231375659319,18.36490789109095,313.7804173066736,0.0366833010987254,-9.37015791884189,292.03745100648706,0.0322168799488858,-16.196526970587037,240.94868935181913,0.0363484300001073,-15.880961268564892,344.83912613694275,-0.1905901510987581,3.48087360580324,123.6679828632505,0.1112831365850537,15.499455238752525,277.9791958617518,0.08024944445354595,-13.400681172020297
2006-02-01,288.03661276752007,1.0153642475903804,-17.199316448906856,322.04214534139373,14.930024635962168,-7.117480778795281,291.68264863651564,1.756396824863347,-18.089964896413004,262.19566623779224,-0.0972581226489708,-15.401752602177233,28.109373858112804,0.4386709791805967,19.99999724779248,203.3851218528028,0.0936623954673219,-15.884513257002522,103.59011230862436,-0.0817353503781253,19.053310699536592,315.18892100533884,0.0525365063819671,-8.830464453631812,293.144544883951,0.0378689475647889,-15.868001868797244,241.9684855754377,0.0282112416418434,-15.901367765743528,341.70707656449474,-0.0497596359232599,2.243972379613789,127.11596420578552,0.111168075458943,13.948597305012887,280.55498315910114,0.08339255148293633,-12.859348555927134
2006-03-01,316.31439025116856,1.0043186584818875,-7.721774546201889,330.2091668789973,15.122125647116585,-3.184701108677045,332.70841713586043,0.2945779538864267,1.0005199483967462,272.74182799903684,0.7261311184326268,-16.28287238632377,41.67756263855179,0.5211028157377817,23.00313556566404,204.8965860109813,0.0117757865609421,-16.226350942015063,101.54072860628982,-0.0594052902267521,19.60052506957571,316.74979785116193,0.0573403704084972,-8.236937387238058,294.1908705129506,0.035768554755762,-15.553441197456358,242.58899619400907,0.0154589738230979,-15.866033371719915,340.49409441725675,-0.0151693829873923,1.763496591049451,130.2272743122994,0.111069484771639,12.502160195932523,282.77423495071446,0.07317879513538958,-12.271090194020863
2006-04-01,347.1825617992969,0.98747249844701,4.4025025331233465,22.221934138908708,14.15213427830572,20.053872338703385,321.0657092288507,0.5408453394075328,-6.561459459429961,300.8042799313641,1.0266071662981948,-12.257681266076547,58.60267700004545,0.5657316380669336,24.931569270623186,203.78621593902216,-0.0805440974295471,-15.84814875333707,100.45047117715896,-0.0083847919007163,19.88072877113374,318.47329957581917,0.0519714665598031,-7.583938126680394,295.1681527310701,0.0261588841376686,-15.25742950990895,242.8097111927804,-0.0013462294586969,-15.794900821002932,340.39914518920466,-0.010617957818447,1.7262922148613928,133.6688475504614,0.1109693810427711,10.856664680824377,284.70004967730887,0.049090646696446166,-11.633456796905742
2006-05-01,16.548082747957952,0.9712315014273608,14.968907506109502,57.65505397388066,13.31509166133116,28.229965493757447,358.17518682257037,1.745046166331958,6.48276985170566,333.3107339153714,1.125245289258699,-2.229754930799494,75.93220267370008,0.5877878808102374,24.64329984879155,200.5089526100722,-0.127007187281589,-14.894540765424924,101.01095362396038,0.0448757606080053,19.75167673915265,319.83026745378606,0.0371100834230532,-7.074129868974518,295.7449953497578,0.0116907871585193,-15.084296896444588,242.54026235048863,-0.0159966076634766,-15.728003563787976,339.848742730044,-0.0933571903328847,1.5082822143553354,136.99662117671014,0.1108843984731718,9.226463298022528,285.7030078354288,0.016721821176939548,-11.16044685234508
2006-06-01,46.43895509419575,0.9587195489826096,22.004804573549382,103.8300024653007,12.241185924650056,22.274919474405277,61.4618483825879,1.9086377709894808,25.338691540555523,8.93745919534915,1.1679837686721066,10.561100033224834,94.3788852452317,0.6018531646574413,21.88249155205292,196.837438712634,-0.0970497204620075,-13.84896389664573,103.12293645195366,0.088950582270927,19.234557603700008,320.64703504633246,0.0147064298198443,-6.775733504939574,295.84678586442305,-0.00510666275316,-15.060417022531452,241.88384511393105,-0.0250380877733666,-15.694291163253975,337.6685929587324,-0.091736463791638,0.642425889903123,140.43286551436825,0.1108115462397489,7.509534870334692,285.66139207859214,-0.019064515112734184,-10.935109435330697
2006-07-01,75.09907984045658,0.9536139493121136,23.12982352609279,135.83712762332615,11.843062198891785,9.416320522813592,96.86197142498318,0.2935844988957907,18.50324972496736,44.353259553230735,1.191818787030261,20.25749681546538,112.6010908032547,0.6132255600270511,17.05849636487592,195.0730907942916,-0.0160882796032276,-13.409763558304869,106.2388762413972,0.1162316916880072,18.431858438260644,320.7268570913439,-0.0093369671783761,-6.762325574559201,295.4742372071088,-0.0190123778035105,-15.184896911793665,241.10720608998375,-0.0252714428827548,-15.717820784674096,334.7091203639211,-0.0336629372837594,-0.5341751674212925,143.75635919258707,0.1107576019908417,5.822935321067644,284.652100991048,-0.046130331838101814,-11.018610060835405
2006-08-01,104.68165692238992,0.9565917686545968,18.102982592608495,179.4881294518614,11.94343376191082,-11.29019822745982,87.56378896262764,0.3059232697822347,18.623073788121907,81.63169498233444,1.213109104495281,22.40115739752397,131.79969387651587,0.6259552701485661,10.368812459838889,195.997603095644,0.0739483399662863,-13.830472477328009,110.06660872749704,0.1279974039547809,17.38744772822142,320.09536149218616,-0.0301457177337628,-7.020585572544137,294.74327937796306,-0.0267461654399756,-15.41925625405684,240.43511375772457,-0.0167663569374236,-15.80795788932593,332.41547364308974,0.0239151632411325,-1.445256024622203,147.18922050559507,0.1107206493396639,4.060708873034524,283.0133413893201,-0.055902795209173683,-11.36706499390879
2006-09-01,134.48416454456776,0.967338423349808,8.406883013089747,225.0039555362397,12.767713601451424,-26.789419263683477,134.28902196716467,1.9402513948867937,10.084711125752028,119.55598480950196,1.2329724172213037,14.683262909599105,151.43184456450024,0.6412454406485479,2.584824987367445,199.451333912046,0.1450496620797051,-15.00113632630408,114.0015764480035,0.1230467077891751,16.256293084766686,318.97458033465466,-0.0398246646609589,-7.457718963611541,293.91433059060904,-0.0250934055416524,-15.679589075041765,240.13104338762665,-0.0021513042104048,-15.95580544820184,331.52338165510304,-0.0067411343459402,-1.7988652294670555,150.62124775455823,0.1107039292909256,2.285276245154773,281.4255576164707,-0.04290164306266849,-11.839098026715963
2006-10-01,163.7302718880404,0.9828493735702736,-3.047901687077052,260.40389136708734,13.469795821494106,-27.631058864972413,184.37419769218033,1.4134332550287465,-12.082401060281455,156.77415101919703,1.246910157435623,1.02350002947273,170.92704267273783,0.6589107366665672,-5.327384367555075,204.5478514817045,0.1911671454941274,-16.548528080018926,117.4147320688164,0.1016445311955257,15.242242419434945,317.8209825767531,-0.0346247326088079,-7.894600777056335,293.29659421364556,-0.0148380390102034,-15.870964255715585,240.3057798280434,0.0137620992272768,-16.13037999422289,331.3337918638787,0.005018992800259,-1.8736146051338325,153.9423698182488,0.1107074909015023,0.560696814318524,280.5462988214515,-0.013771439622783451,-12.24472225193523
2006-11-01,194.4712178479957,0.9999811130558012,-14.311856767502997,311.8929544466976,14.345112227938936,-10.911156972807126,210.38204568170008,-0.4769318414153216,-21.155866628198115,195.55474419913577,1.2537308678782242,-13.86427890756892,191.67057528813223,0.6796569586773077,-13.104330274963427,210.92782168458265,0.2169033761259095,-18.257209617630945,119.9955382265786,0.0618807002068493,14.47997492740238,317.0108877328723,-0.0157717325987302,-8.189017235487244,293.07979262060496,0.0014517741602509,-15.93845858550436,240.96082095373228,0.02778520314621,-16.309289136030248,330.58388995396996,0.0205212742707592,-2.170434210962672,157.37462044866848,0.1107314611450915,-1.2216759048582233,280.6776169611763,0.02233647353718581,-12.46820853796527
2006-12-01,224.688986364772,1.0131470999503325,-21.743149727411165,350.69847095536886,14.425991367067278,7.552038550671228,205.84583707290065,1.315428024088727,-15.801795498952352,233.2028913891425,1.255339489048082,-23.12148364383905,212.38458273622683,0.7012060332983442,-19.313313712803485,217.55805608091737,0.22176961357937,-19.76327006550946,121.09215070641056,0.00954715598694,14.207430345724264,316.9046690038639,0.0091687591125575,-8.211020180857462,293.3761666772871,0.0180659024989308,-15.84990244905011,241.9312282926297,0.0357947555293367,-16.44785443604161,328.2684351164046,-0.0472442511984155,-3.0857494222254225,160.697150866775,0.1107736214464846,-2.940809457793194,281.8279774186335,0.05303602750053744,-12.421196608073908
2007-01-01,256.2182617053183,1.0188724716735962,-23.048289734070583,43.46592900335109,13.954105975426284,26.416792106921793,252.55428358838716,1.5867679121587297,-24.73996132739002,272.10139178617004,1.253218557381122,-22.246327091700135,234.4731078131664,0.723434705517661,-23.235583871127893,224.23844405476,0.2053158719830182,-20.984706439138748,120.50496201651092,-0.0459474415624651,14.50346664102918,317.58263834125717,0.0337839215117882,-7.934796976691253,294.1583666709336,0.0314332352407721,-15.61276573776368,243.071275022409,0.036360945187745,-16.53064149434228,324.88977337660947,-0.1663814013357415,-4.413565818441714,164.1320450528736,0.1108354453796707,-4.704997215541613,283.82596449679966,0.07362614189747539,-12.092835635047562
2007-02-01,287.77536201462783,1.0147725372084124,-17.2677549561376,93.23224376504044,12.88995402955209,24.579771365590787,303.9413263237664,1.5469604739294742,-12.997090877614898,310.83936951272324,1.244056465332533,-11.167252346316106,257.2260118019889,0.7436451775459855,-23.606857327544283,230.04016757298265,0.1645706978338001,-21.786665785066496,118.47427890320851,-0.0791765789241696,15.253069633605564,318.9206480129382,0.0509141377855317,-7.410223884969025,295.25116014789944,0.0377066698002006,-15.27763670381064,244.10221975777517,0.0288688888720088,-16.545468233642833,322.5450308724373,-0.0966270689740206,-5.327496730153896,167.56912021227814,0.1109139527096961,-6.450290596260301,286.24372576117395,0.07981939648696319,-11.535457335446567
2007-03-01,316.0581848206618,1.0037660478047998,-7.813036898206778,102.60323970870124,12.534757795863,21.89761027841387,304.3656222091471,-0.8068508061085715,-9.07242489405038,345.44588117219814,1.2256207690693972,3.0427209804838227,278.26508969166485,0.757967034676042,-20.582704854812963,233.86356756240775,0.1047312821783199,-22.17306255165289,116.2470271614752,-0.0738700086113519,16.00658575426787,320.4561245084059,0.0571820021793467,-6.814340244650685,296.302036315927,0.036199340710392,-14.951964054299497,244.74814693701236,0.0165585495618546,-16.51179846224823,322.18976558827325,-0.0129800184314069,-5.464994523502267,170.67585116051006,0.1109971922979764,-8.00499301252855,288.40662759361834,0.07265524758928206,-10.922994317343317
2007-04-01,346.93002476797017,0.9869421153264216,4.30900703114604,148.2690815896178,11.884779192351637,2.5693612150151472,321.18619392605984,1.3537629191490408,-7.892766146878142,22.937671295396584,1.1898704288465212,17.69042747106341,301.92418108879656,0.7665433467243964,-14.056665011060137,235.7795598717927,0.0157167342757998,-22.314173142541858,114.51544511955808,-0.0332830654880581,16.550067947518535,322.1969540618333,0.0532530420679418,-6.142578910116795,297.30237012723524,0.0271554101473802,-14.640221698186952,245.007364689133,-2.6009459787732943e-05,-16.449137028373837,322.1592623889901,-0.009960702785224,-5.476365391356407,174.118336562878,0.1111003584549117,-9.696169233355542,290.3702077237162,0.05195666924163819,-10.251269683523946
2007-05-01,16.299183561807947,0.9706998697408072,14.894989044604912,180.7646442081477,11.835827976750512,-12.617186624372772,13.760117070751717,2.1241678672530284,13.564612919591983,57.842320935934055,1.1312757840629573,25.482792081251507,324.92234894988064,0.7643631066446379,-5.726531860439321,234.8648570464958,-0.0743139060554673,-22.23446983757218,114.30607113942544,0.0197838716213104,16.591044130364413,323.6127932193184,0.0396605958389764,-5.600916418525147,297.91503091156835,0.0130259994816625,-14.451194760477124,244.7755645965082,-0.014847890945861,-16.394493446228157,320.8886257985371,-0.128180604507123,-5.967634645326778,177.4529493423286,0.1112082577741928,-11.296594414577928,291.50279943374767,0.02233791535464488,-9.740988500235684
2007-06-01,46.19204934685482,0.9582152906104326,21.970761743672124,225.6889799979322,12.32933584343613,-26.83075736042285,69.42514744524149,1.054504910805118,25.258644956382415,91.30389033355657,1.0111471046592495,23.663932860118575,348.41294937623843,0.7483393541966702,3.4850574476742446,231.57932530454377,-0.126212429885941,-21.950920113842344,115.71780359092377,0.0693731022056592,16.122267029858,324.5233846828068,0.018100345326503,-5.260598715003938,298.0593674174747,-0.0037450934796119,-14.413668015792114,244.14636727311105,-0.0244476118039601,-16.373489789514686,317.7652757934821,-0.2211413217623435,-7.1647758564512225,180.9022013084615,0.1113247026586809,-12.90640496961206,291.6610112451552,-0.012093381992468321,-9.478640627941385
2007-07-01,74.85296401456364,0.95306579035767,23.145183878305804,259.94803748057507,13.00346989099232,-26.8331437030605,71.44580065752406,-0.558226820159931,18.747974525418577,117.98367536672605,0.716673806815593,14.81067009115273,10.43915469969513,0.7170851765982317,11.622600105586766,227.9732753348775,-0.1015662587513867,-21.59086828797025,118.3542291461684,0.1038470204838575,15.261119886197095,324.70732438543143,-0.0059041066243831,-5.205728058621755,297.7227077937927,-0.0180046287112559,-14.5309265590884,243.37583017543824,-0.0254317834581743,-16.405115703979224,314.764403817879,-0.1525211094280394,-8.297780598544303,184.24365377343983,0.1114387619295569,-14.415403596743694,290.84917322454993,-0.04031050060934871,-9.538200291159807
2007-08-01,104.43341016997438,0.9560766445532431,18.16405846494572,309.7203909702892,14.005576688306483,-10.456880329047484,89.07731345580375,1.77790196597763,21.642144749149463,128.63193912746206,-0.1690519717764451,5.957687232487992,31.92027688024853,0.6648223009073573,18.068862844109127,226.0220139545655,-0.0187115787508701,-21.420046017798327,121.91995617983936,0.1233821115297315,14.07851381890897,324.1685671464898,-0.0277197988738318,-5.431609304705494,297.0122468239967,-0.0264339914190213,-14.766243155083451,242.6866729432496,-0.0176620896469375,-16.496111463074033,313.24806754099995,-0.0048980920245986,-8.862746499499199,187.70005827767392,0.1115544309741673,-15.917516407408042,289.3352221196393,-0.053969633227051804,-9.886541173962824
2007-09-01,134.2315737209208,0.9669514921794335,8.496298729266863,2.6318820998565737,14.616381850199485,14.006072054101264,148.67453743224647,1.6812419144959327,3.628432819445416,113.80339994582536,-0.3069700171654064,7.989968960899904,51.34295014997235,0.5818151484449899,21.895633875627844,226.903369911856,0.0739043606935152,-21.6472522475628,125.83495269798588,0.1263505944511828,12.752909721656716,323.09367185514685,-0.0393536596281489,-5.858557747402078,296.17986470417696,-0.0256033825716545,-15.03574731044982,242.347065842758,-0.0035070002324809,-16.63642183316204,313.1048470388511,-0.0004950276204355,-8.91543395160676,191.15996681601555,0.1116642328249255,-17.3546909081969,287.7281871481969,-0.046047597243444885,-10.38727018758077
2007-10-01,163.4729443443855,0.9825420981226948,-2.9514682842981728,41.775045098904464,14.53655922529812,26.386027360296897,189.2583792342671,0.9095033037675312,-15.358101154034744,120.777082882926,0.6554758305306032,10.080253047669895,66.93752274992876,0.4455382968832255,23.36783527359666,230.26209492889947,0.1461425372119974,-22.163049743043068,129.46472026355875,0.112842223939818,11.508335994513152,321.9215780748544,-0.0362830548875245,-6.3112720686175585,295.5368352377024,-0.0159800409224899,-15.240606037636468,242.47966791643668,0.0123275893153605,-16.797328713562788,312.73417807304725,-0.0581431684909975,-9.052289441429602,194.5113797483936,0.1117616127581631,-18.67718681046283,286.6927999836211,-0.02076182430985091,-10.837530283929642
2007-11-01,194.20975779040825,0.999972828693938,-14.23187383551832,93.35327559554064,13.428170972978636,23.73605539262325,179.47750659729883,-0.1826798558831043,-7.813086876769143,147.7825772711304,1.022441747484134,3.689496780587114,77.11544931822888,0.1841764586503088,23.94640396755733,235.6390755781752,0.1965587810970079,-22.75758944292493,132.5168615117073,0.081047329570286,10.471867356841834,321.0337573252495,-0.0189973028382943,-6.642180297758229,295.2797444601761,2.9569021555891208e-05,-15.321823483326332,243.0942095812295,0.0266214019446568,-16.958786353223314,310.89707576233064,-0.0178767328331161,-9.727289054343604,197.9773945385267,0.111849955381041,-19.96651082331537,286.57675959389576,0.01369592737208758,-11.106617844050815
2007-12-01,224.4255823944989,1.0132972467079804,-21.703936698721048,128.28811029469284,12.676998133310653,10.633950350603236,215.22422813842272,1.567040652476636,-19.589134953646425,180.73214127667745,1.1553032368583915,-7.5569624607318095,76.73781129887472,-0.2223284332403147,25.38359996417512,241.9863539918674,0.2229994182784649,-23.15806854759872,134.27776860383926,0.0341300691163815,9.919376880791084,320.82274426511924,0.0055263301618903,-6.7055781341586425,295.5352490496833,0.0167807641814285,-15.24208222461676,244.0370873037903,0.0351355316083117,-17.080851885071404,307.8390820738944,0.0002172030341934,-10.831474396195734,201.3339952332528,0.1119208783468376,-21.1332025069559,287.4722278353086,0.04488655223618248,-11.090692911726942
2008-01-01,255.95588370092517,1.019299484680844,-23.06716866133385,173.3615063806005,11.966962627880742,-10.345740112897245,264.3035689018854,1.6250306743192633,-24.308551718081088,217.54018488305616,1.211149632687456,-18.4674501308651,65.90759898824223,-0.3626443499204707,26.938888466586377,249.04437684229407,0.2287372341960618,-23.23483172785707,134.4549728404615,-0.0227637223186745,9.971103133141586,321.3958020717446,0.0307527757522475,-6.464914243293729,296.28456650381804,0.0306166815268381,-15.006992414124726,245.16645691329887,0.0363529483706586,-17.150434481708103,305.09942889309843,-0.0193258343129384,-11.79762021003813,204.804457962712,0.1119768795630481,-22.24865271465871,289.24507494626755,0.06739307974618519,-10.776746364565579
2008-02-01,287.51655148575816,1.0153829244081478,-17.335703270227963,216.95205317375104,11.902976946586566,-25.47527548071505,298.97504118157326,-0.5860751103188938,-11.502792575043642,255.4501230333554,1.2313427946832671,-22.368580225046856,60.112109031333446,0.0132805750235744,26.6683440809632,255.94084345915195,0.21249749278667,-22.94432782447109,132.97861352409774,-0.0684257739030469,10.62465258686507,322.658555317938,0.0491530628065968,-5.960352199015931,297.3616164838705,0.0375313928609118,-14.666399442643032,246.20671550214783,0.0294981410912127,-17.15851307251387,303.8951862041162,-0.0242889157950018,-12.214596625373533,208.27635966091768,0.1120134652036603,-23.266258978584833,291.50924574914023,0.07625790480468451,-10.217252008673041
2008-03-01,316.8063157424627,1.003777782856384,-7.52512679799038,236.70004013572276,12.002818883472722,-27.950994054818786,289.8019488846341,0.8855260988778069,-16.627047881826808,291.24682824847036,1.2363538123517066,-16.880330957584015,64.98187114220578,0.2939545016476916,26.25982158007579,261.6241090758734,0.1759457992130647,-22.44582671925037,130.7371840720101,-0.0799771051165761,11.504702689888337,324.2202042229987,0.0568894190368664,-5.3445207167239905,298.4521432782637,0.0364643622558805,-14.318714206465256,246.89371276182405,0.0171409377985108,-17.12365040494463,303.6634681089605,0.0049756670857575,-12.293976177111466,211.52502088461392,0.1120291031513626,-24.124361320285093,293.68036806683654,0.07141682716943708,-9.568279061282169
2008-04-01,347.66547503720017,0.9869807577133032,4.602151923098928,281.5197273689149,12.717723213753644,-20.7190935740306,332.9106004347783,1.7703308813778222,-3.2919339953147837,329.5627599200133,1.2351716437173614,-3.905243738602571,76.74325209271262,0.4459073611663471,25.28789037783572,266.1523817672784,0.1119126258849927,-21.89938631617413,128.58590516346908,-0.0529436641122926,12.284765406378044,325.9699081211449,0.05414635481161,-4.659666085126064,299.4656802980781,0.0277650059432715,-13.994378090368174,247.17369695145788,0.0007300177992695,-17.06807312210422,302.8479691129407,0.029074293177528,-12.572853712311275,214.9979203089132,0.1120254305012608,-24.936113749189687,295.6452522068962,0.05334855308008564,-8.87359919452776
2008-05-01,17.020742344305663,0.970809431804848,15.124902308286485,315.9135973676029,13.493673800475316,-6.619945929956572,32.775478689850345,1.8213715272496809,21.20865943318556,6.559287011213321,1.2314861099178975,10.46752644700825,91.35297114101677,0.520104514657173,22.897723311941895,268.27819204507966,0.0267741827421855,-21.62777115858904,127.70807136049834,-0.003784860293367,12.556556263495455,327.42711820082036,0.0415515645646273,-4.094628267814104,300.0995332868853,0.0138432645406391,-13.793888982236895,246.96420795293665,-0.0141455330564821,-17.025711556295853,300.537076918908,-0.0231045077650336,-13.351281009959614,218.35837836458495,0.11200191489888,-25.613303734025155,296.85389064130396,0.026004290000315,-8.33747819971899
2008-06-01,46.90288011357353,0.958610713994941,22.074628066413805,7.063309511884022,14.775542749924238,16.25994227685503,56.54029912916511,-0.3635622576322187,22.074392800037437,44.68370744747709,1.22894244584993,21.473920917361667,108.21843159989976,0.5643808973583561,18.5550040736174,267.6085805012546,-0.0682779313920269,-21.805562410295423,128.4256221172325,0.0489210829403329,12.240197668330405,328.4073141969922,0.0206711492990925,-3.722481470919003,300.26963674939714,-0.0029197750668519,-13.74758237057967,246.35292861962816,-0.0240498250373236,-17.018818133181544,297.3949214573012,-0.1308018838493911,-14.378067958823642,221.8298033587286,0.1119577604541258,-26.196919737904235,297.15047507559365,-0.007033568162082568,-8.048116590271425
2008-07-01,75.55892132976257,0.9537316763020088,23.0956595326505,45.98513221145733,15.046298924952705,26.714254229162425,54.03406871621995,0.8747477858100495,19.611360822994257,81.54389602777911,1.2291111465478242,23.38819625541251,125.6159498389379,0.5942328413877833,12.68273364258908,264.5539270490582,-0.1254301527895948,-22.32929920626194,130.53418888351743,0.0893820985580047,11.427780056299689,328.67114014889336,-0.0032485312233677,-3.63495221332372,299.9551661093886,-0.0174004432853665,-13.861315545137016,245.5885611608178,-0.0254751006092335,-17.060884383570794,295.20536710551715,-0.0927048053779815,-15.07024760990392,225.1876682152567,0.1118971344001206,-26.646049840262513,296.49068651734643,-0.035603500543373696,-8.0880916830454
2008-08-01,105.1427173811911,0.9570062490811474,17.974571476320875,99.42317789791812,14.45526160582674,20.735789091943616,107.5668836773483,2.0589115143366765,19.001706725518357,119.65084491183664,1.2294724979942144,15.034464326539952,144.44878189825067,0.6206211128763683,5.326880524893098,260.7425516583134,-0.1065372794401205,-22.86745676244202,133.7575115094064,0.11590224439633,10.210908091288422,328.2063425223072,-0.0257801188022064,-3.8338034902178504,299.25777356066493,-0.0262585997352052,-14.099220605433148,244.89152510004752,-0.01815290726917,-17.155532015556222,294.5473232678881,-0.0091237117109969,-15.274087844540777,228.6552924426727,0.1118179911058711,-26.988073162347195,295.0907359442385,-0.05173125277470093,-8.432841999204438
2008-09-01,134.95084164316768,0.9679536505706332,8.221677011290625,149.55036034754164,13.296659376833428,-0.198935510124832,159.89497314095237,1.307040545144358,-2.544220714318828,157.72077697415494,1.2263564337787634,0.3098028668505675,164.0842935030367,0.6465697711816121,-2.741433285949576,258.63476776591017,-0.0230681378226021,-23.13218372057852,137.548561785317,0.1259780962257498,8.785265421062023,327.171784788929,-0.0388521033442487,-4.25000372731735,298.4239556278006,-0.0259101440163718,-14.376782121558676,244.53187773242175,-0.0042880774681065,-17.290664810691734,294.51973229712223,-0.0444480932342856,-15.282236731993876,232.12023427386467,0.1117245410600432,-27.204349831709692,293.49810531319963,-0.0475119620002786,-8.952404854770208
2008-10-01,164.20448890588224,0.9835398890585296,-3.2459733661065884,183.70258686936745,12.548559735476244,-15.126001819878066,176.16889274145095,-0.809567940591331,-11.053863808784326,194.40703463163752,1.2192556993481822,-14.461660726296811,183.86672509728672,0.672768721661921,-10.527790242272394,259.37039266694075,0.0708615225606796,-23.092934768033892,141.27087111046723,0.1195171380985968,7.392058650844076,325.9911341911088,-0.0373967759093541,-4.712413517445206,297.76618210513277,-0.0166488471923896,-14.591797446403316,244.63900509973743,0.0114654916680514,-17.439092126980007,293.3702508403551,-0.1576089531729217,-15.6339808170465,235.4704749704911,0.1116233448682988,-27.293268974526026,292.3687434846306,-0.025402833957364604,-9.436500273687091
2008-11-01,194.95441011354657,1.0007447499290802,-14.475666595886436,228.6374937860822,11.902831076530328,-26.676301216138455,180.17643813186288,1.5642322685775851,-7.561727622854468,232.01831184513085,1.20637517353105,-24.36314692397722,205.15229401730136,0.7008535871650672,-17.62119118791437,262.8570059665962,0.1499543530061178,-22.7266838722849,144.6445807961187,0.0950950640883423,6.151626412709134,325.04810534875486,-0.0213358402332272,-5.070173002782364,297.48523455134585,-0.0007872075023592,-14.68206480218841,245.2275503965151,0.0258738038011076,-17.582848508513592,290.2432432015778,-0.1892779548180605,-16.561385375647784,238.9290714761633,0.1115108951107583,-27.2610825145455,292.07720274095965,0.007352470213173139,-9.742848950767822
2008-12-01,225.17930914817325,1.0138736511534532,-21.82301105393824,260.86409010267244,11.798667448098776,-24.84227507762429,228.1341837783824,1.5668587453788176,-23.36399513838254,267.8329991671697,1.1773520477444408,-24.030520628645277,226.58014074640968,0.7277027849230342,-22.44098455268684,268.1882163488569,0.2014716606287788,-21.986500851244585,146.92561210965025,0.0543276030760369,5.35870601988771,324.7584685466809,0.0027983346920824,-5.165664699499902,297.71635445834744,0.0160432843183724,-14.606702293314592,246.1508894474706,0.0346383837225885,-17.686836380425742,287.03901093407654,-0.0805497871934712,-17.46348949834983,242.27270702771528,0.111397768474338,-27.11112352742819,292.77698857102234,0.03849518196810947,-9.753943372659057
2009-01-01,256.71349126656605,1.019496627221364,-23.007263760383005,305.7834062647344,12.243215149515606,-9.84472777624936,275.48859427162324,1.2898187077042342,-21.800582774234016,303.26204812121455,1.095321732095181,-13.819193586425271,249.5338215007621,0.7526779927232636,-24.091076599923205,274.93703242632307,0.230097125225686,-20.775660775204383,147.78033017370157,-0.0004884157465231,5.14912284371325,325.25031194678473,0.0284103719976701,-4.9535729370982855,298.4458310434521,0.0301367777949296,-14.3703093948442,247.26967557435424,0.0361965401594098,-17.740697343458447,285.4646549312365,0.0274713292578923,-17.887668879683673,245.7242092998989,0.1112800069360351,-26.83566612973699,294.3656667044974,0.06213006075939794,-9.4541305365777
2009-02-01,288.27101969950235,1.015187844353023,-17.121771694212303,353.70019567289273,13.210981314037456,11.486407885792552,267.76412980468757,-0.0386396476161164,-18.950371879966504,334.1934212342986,0.8586521418557587,0.7488091448255514,273.1814516852425,0.771826234377195,-21.64779772787927,282.21834304533195,0.2361136172840293,-19.15995804935548,146.91861830227796,-0.0528875503855842,5.609954667448849,326.45252668351077,0.047700964880091,-4.466165447339383,299.51291965294683,0.0374016204922972,-14.022999564207211,248.31088138749016,0.0297042625040883,-17.73935717436878,285.2781675226557,-0.0061229860835058,-17.936779558058458,249.1720952739876,0.1111650554814042,-26.440967351131285,296.4929802436016,0.07281364491753349,-8.895972127945077
2009-03-01,316.5485726934433,1.004096220514222,-7.617139477322834,4.009178840692028,13.501982370668427,15.52652432381396,294.19003607883644,1.4418723788406962,-16.903618459458876,350.821527187537,0.2212602460784075,11.436174553177896,294.9479332899516,0.7816105667615908,-16.189083207507082,288.68777786943156,0.223096154327102,-17.488509737177594,145.0121200811441,-0.0784302731802528,6.430722450780552,327.9301522838819,0.0563527044827227,-3.87635695467657,300.568070386183,0.0368392375393293,-13.67761649048514,248.9909951752279,0.0181360887568768,-17.704644250315667,284.8967602988147,-0.0813846505154361,-18.037023928030862,252.28332367669177,0.1110666560404467,-25.985388336385977,298.5232187581629,0.07032247089243551,-8.262729185149494
2009-04-01,347.4127326908558,0.9871159750831502,4.508887691516596,56.279629567533895,14.152537323187422,26.767660842127405,348.3107461322211,2.043946199928384,3.9550056500256097,340.6876468714793,-0.5909196337150652,8.89184935529801,319.209861429136,0.781734813051775,-7.684535762021751,295.1115102196933,0.1874499039469104,-15.647696267673998,142.63241112607614,-0.0683381507337382,7.372649924728997,329.6867430639814,0.055116372172343,-3.181518771267716,301.60248308130093,0.028696917775452,-13.338376729483306,249.3068487264747,0.0019574607865862,-17.655258349633343,282.9535588820218,-0.052012229887733,-18.53685889455044,255.7248139569165,0.1109668424994334,-25.375771984074287,300.49664281043033,0.05494500944161686,-7.550160044215653
2009-05-01,16.77297095490261,0.9708464810974892,15.051916870749237,95.46142506183192,14.143860044841578,20.66282692401819,36.04416732305285,0.5551440455874547,22.766113276137183,338.3157639830927,0.441138487709073,2.261579293729606,342.52300079147744,0.770551407626639,1.5496634839612546,299.92937957895424,0.1296160018895202,-14.186446567743197,141.14239569782112,-0.0274545725100701,7.902296229143619,331.19379045141886,0.0438210467255749,-2.5914224757192508,302.2707828305029,0.0151270871620449,-13.121865990505189,249.13390172012203,-0.01303614976096,-17.623660038009707,280.07344553759924,-0.0031753107834889,-19.239613487113836,259.0525171410558,0.1108822356737965,-24.685535899677852,301.79057731674067,0.0299274281609519,-6.98623098935296
2009-06-01,46.65912949499185,0.95835822917073,22.041697055353087,147.50236976315412,13.447882330573076,-0.2393244874283719,28.908938674012635,0.0701218806660651,14.859457300886742,0.9354416925419318,0.9223651764444896,7.678879467073229,6.091606809639858,0.7480936032920061,10.60431364966473,302.6989474563841,0.0450626895857429,-13.36958570558708,141.11192904561915,0.0256661743910386,7.833074199469318,332.2613679092717,0.0238878421939431,-2.181256007188816,302.48319774810915,-0.0015733200483965,-13.06079246923017,248.550663566745,-0.0234168883351158,-17.62919312558621,277.59493744833793,-0.0218080686584113,-19.806248369714805,262.4887010395932,0.1108098280759635,-23.874512339249055,302.2365467624452,-0.0016180607495350579,-6.661146142389814
2009-07-01,75.31773031107507,0.953350960650892,23.11126151301284,183.71346348240385,12.795993903835427,-15.549041164589015,60.53701768672739,1.889882845697354,22.75836099099687,31.292814716160414,1.0769692293291473,16.446504345657953,28.09938102614871,0.7174109412915975,17.63407030507072,302.63042129064064,-0.0497180713432496,-13.5164045501497,142.5916395102028,0.0712594730187097,7.182145839011087,332.62830991002244,0.0002155617014391,-2.0516586453114325,302.2058572002776,-0.0163533185937098,-13.165438121200944,247.7949481413572,-0.0255300069481214,-17.680418865766008,276.4177482107984,-0.0300245692567753,-20.06248114696884,265.8121499086591,0.1107563319604433,-23.00101375122121,301.7413573592898,-0.030414814374055816,-6.667998411188229
2009-08-01,104.90191397174132,0.9564302120896558,18.034005535453296,230.0492255207622,12.002464416197087,-26.280157697886835,122.70873490780528,1.7061602283892734,13.79377297106673,65.93454529511149,1.150127378839276,21.80318374147114,49.742509656319655,0.676993879682044,22.159126448822217,299.83008340776655,-0.1218427181047853,-14.568203174951448,145.3590167805918,0.1047346423967196,6.0442266633139345,332.26270208475717,-0.0230411413280767,-2.212236533240154,301.53152053981177,-0.0258522574064103,-13.402122709008774,247.08432927926503,-0.0189139247962849,-17.778026977597413,276.22214224869185,0.0201939782176907,-20.104026723442356,269.2449804309078,0.1107199258557819,-22.013363264223027,300.4702426666611,-0.04892644631898975,-6.9931889615036225
2009-09-01,134.70842755804418,0.9672528550831484,8.307335652154878,274.1759652619293,11.808318334999878,-20.671010348910524,160.47553680270303,0.5331402346264502,-4.814164509743879,102.35830408304722,1.1966675626021437,18.716591012242237,69.96614001851543,0.6248642917205254,23.57088283220404,295.89389955741547,-0.1168748106037344,-15.893191859335316,148.91889834641825,0.1221827090233715,4.619166452459823,331.2876852167041,-0.0378526112393555,-2.608216459213796,300.6973508594407,-0.0263040461991698,-13.687190847543675,246.6922826799132,-0.0055306769048085,-17.90800275197376,275.79306727233615,0.0031163977090262,-20.194660467676353,272.6769935740117,0.1107037412597853,-20.94615333000872,298.9053816580057,-0.04855966443723125,-7.519101914364917
2009-10-01,163.95895226845826,0.9827556031447928,-3.1543638361139874,306.29180678249065,12.14704492196261,-8.824256680650608,147.79290536809037,0.2475645769431525,3.5507351356771406,138.7798116272635,1.228912435101029,7.921462580340345,87.72177776462621,0.5537030500463552,22.44008692014533,293.41468532132313,-0.04010387786657,-16.646837099078727,152.63917343426306,0.1231010169749893,3.1598684444474783,330.1041489413186,-0.0385273786044248,-3.076452435046323,300.0166619694817,-0.0176999518664003,-13.915197782565516,246.7590854772382,0.0100899307760535,-18.044643611026608,273.8094136782122,-0.0957833663968157,-20.59985622673144,275.9981182706224,0.1107078544039883,-19.844268111204123,297.6884007330345,-0.029941764038573414,-8.033428723736652
2009-11-01,194.7027805364185,0.9998842553457942,-14.399182618395086,352.2372922579153,13.17903570820079,10.969708700248177,191.95419547008197,1.6508931613155893,-12.853362297625754,177.22843661524027,1.2489071642303498,-6.885084981646157,103.2122395573191,0.4342548137600566,19.931773766818896,293.75582788947975,0.0617426999803415,-16.489340609011386,156.24742949924925,0.1065723101034813,1.7823573242839352,329.095540264188,-0.0242403686560958,-3.464426138698037,299.6964663817347,-0.0021774787276261,-14.019994534669143,247.30739248378063,0.0246921563149922,-18.172000629869036,270.39657724118894,-0.1989071204858803,-21.238812893896664,279.43038835024527,0.110732353625523,-18.641156376974923,297.2193368908693,0.0007990061277004812,-8.38329408816074
2009-12-01,224.92147187978145,1.0130039244753557,-21.785216163224568,27.49827348558673,14.079183440444057,22.45820308436876,238.96408333755423,1.5044158442639106,-25.40282345201721,214.84498637386176,1.2568956281836416,-19.145729791322474,113.3948096803947,0.2225632364256672,17.986588184641874,296.90989395937476,0.1444531723178172,-15.44794794572596,158.98526500316837,0.0730630801400594,0.7876244397262553,328.7051525517502,-0.0008042792533002,-3.601244403674201,299.8860807006296,0.0147236893657627,-13.955236051655511,248.20190668685643,0.0338967096344591,-18.259501007530485,267.84261046603115,-0.1192656349137983,-21.667058939934225,282.75295320498043,0.1107750196665095,-17.421024201179947,297.7164461186394,0.03178620918888474,-8.434204021216322
2010-01-01,256.44981260557955,1.0187415949972296,-23.026881761270616,79.24278373263749,15.034453631708116,23.499254796237103,264.99452421605633,-1.0159410084511264,-20.47326299228688,253.8486189450645,1.2581872078941971,-23.64151755360935,114.81621237240265,-0.1544522362615213,18.75324253355113,302.3574505163822,0.2022045329559886,-13.610228996274646,160.50518929176752,0.0229025739457537,0.3110704884278216,329.0887151603615,0.0251678305385353,-3.4300053202140615,300.58068119651773,0.0292230386156512,-13.723233926680011,249.30740547997237,0.0360586758293266,-18.299181835217077,267.0817226106101,-0.005115865611245,-21.78604496769914,286.1878980259052,0.110837314264945,-16.10933128577135,299.11395186855106,0.05662742216569202,-8.164053567095351
2010-02-01,288.00491599316615,1.014682977541754,-17.192287467671868,132.69347794231666,15.08604289689952,5.553128435298803,263.7116318086222,1.1917697928591473,-21.95051103812791,292.821069618732,1.2549217392381562,-17.062632829751553,104.92467877189488,-0.3972411232674139,22.39263486955174,309.173353449034,0.2332898621512628,-11.201296648057928,160.34805549723765,-0.0323513041659589,0.5057688026894964,330.2073229096843,0.0455837568543869,-2.971134079350618,301.6292813495507,0.037102850238938,-13.372757790602302,250.35461006762097,0.030200071922946,-18.28932195225865,267.0069509531399,-0.0402001957386465,-21.797352625428218,289.6250375500322,0.1109162383867649,-14.752707344087309,301.10184958582823,0.06934204999169277,-7.621055576620857
2010-03-01,316.285523560846,1.0035672363716772,-7.711528559659094,140.63364831394145,15.143717229366269,2.191195004591123,305.03441138844124,1.7099865731884076,-13.821829599129662,327.868736337161,1.2471183281043423,-4.492464288460986,96.88816217618825,-0.1242928861805956,23.83071998234082,315.86421990896457,0.2415102152104372,-8.73552136559242,158.87236793120664,-0.0693037971060333,1.1823564476448112,331.6449770389168,0.0555691277226684,-2.3923167995571517,302.68507154610813,0.03714072406991,-13.018658695838136,251.0554470775173,0.0190910030330069,-18.2530291940749,265.9518594952543,-0.1193264459153604,-21.95539306784017,292.73183676837505,0.1109998020862895,-13.494339539967816,303.0657237483336,0.06901336908411897,-6.989052579400821
2010-04-01,347.1542730066022,0.9868147524779032,4.412956294758013,192.67892519785033,14.072848645970144,-18.197351926914628,3.5117966412847292,1.6609750068180016,11.905382467112908,6.325112245122109,1.2324768070326344,11.104184744963622,98.80214229188095,0.2211501335739882,22.35674778016103,323.24351555373937,0.2310348620403221,-5.936762431880132,156.50351646459114,-0.0766446645613148,2.157546784971689,333.402262040523,0.0558892847409418,-1.6924329626470007,303.73885007549404,0.0296037427942692,-12.66511755159114,251.40580077179277,0.0031918070385329,-18.208622065476735,262.92829902464183,-0.1746774600233199,-22.36591918900876,296.1744067962745,0.111103210971249,-12.070610657803062,305.0380874638038,0.05614700573328115,-6.2649307236110205
2010-05-01,16.52034690945186,0.970611512972286,14.97716175529359,227.82291784550213,13.091684268248112,-24.871864130173943,12.767865505609947,-0.6465314026096013,14.072845992218856,43.028164917524464,1.2130405131169042,22.280631982639868,108.49772246324876,0.4050585155497331,19.033714761655737,329.777590291351,0.2011458783121708,-3.4299645279640925,154.56141307927396,-0.0478612425815946,2.888639804573953,334.9538424741986,0.0459638730751829,-1.0813078938552416,304.44069651281404,0.0164281623479866,-12.43261963481548,251.26893399961173,-0.0118867407306466,-18.18690175626069,259.82603255059445,-0.0877211780891659,-22.720029880414987,299.5091080920293,0.1112112880063903,-10.668062287545345,306.4018047748722,0.033329756951357856,-5.677673878036852
2010-06-01,46.41066427079767,0.9582617495630962,22.008223962317057,273.4107677185083,12.101108924164905,-19.329431916106017,22.402865094255795,1.2576177556017567,13.729872434588474,80.24260884258281,1.1856446327834609,24.529971931291872,122.77854549227467,0.5062278528347504,13.90981709072825,335.2458059702565,0.1475028143943988,-1.354325538840266,153.8268488579926,0.0020448832887209,3.089176516716762,336.1049986104215,0.027078987546013,-0.6358365609904124,304.69535146850086,-0.0001763192983833,-12.356202543220764,250.7144021403816,-0.0227348517184694,-18.20454790021098,258.19698501596395,0.0215819742501847,-22.87817312033979,302.9584555624244,0.1113278181297439,-9.199213997304742,306.9785274012468,0.0032914629080443153,-5.3188670863829435
2010-07-01,75.07084153470821,0.9532244183655528,23.127554515112244,305.4192287544585,11.850316283221092,-8.014571746150033,78.1140605058279,2.15743965366222,24.377295269617647,115.24145894768036,1.1431428268163906,16.755334894028184,138.92844141166455,0.5661563334802964,7.537500395252845,338.58153915783276,0.0709203901521735,-0.1495228817762476,154.6388914634656,0.0509589880225169,2.6673933545465847,336.5741352842874,0.0037622438238849,-0.4646919316067233,304.4559524468706,-0.0152418983634452,-12.45074189559945,249.96886189371008,-0.025538045740478,-18.26535737598206,257.9313849064419,0.0040183754306731,-22.902032985229823,306.30000154455627,0.111441861670003,-7.764419951299737,306.63409391045644,-0.025484675195612722,-5.291068762089319
2010-08-01,104.6537048787047,0.95640427732828,18.095609157022807,349.6267127939653,12.062391734913104,10.184227531840016,131.2284723698548,1.204371999963088,9.1409228880042,149.54578401715045,1.059020018103949,2.681667782246553,157.2166790991569,0.6116847261103197,-0.0644741892070521,339.273827626445,-0.0278256309085903,-0.0154505552607171,156.8720188093065,0.0907224820589714,1.6952713687309728,336.3109058605952,-0.0201130511872863,-0.5846990631133203,303.8063074384593,-0.0253955309446021,-12.68495313483242,249.24658248631985,-0.0196483254848362,-18.366969909271692,257.60699797881904,-0.0455384853288526,-22.93050059389472,309.7565008275324,0.1115574091919801,-6.273686274664971,305.49022621197037,-0.045928387061600476,-5.59100188493039
2010-09-01,134.45707764493622,0.9673634757732712,8.396270821417252,35.818978344770585,12.787742837226606,23.329122357436347,139.29778263922725,-0.9277136629413216,2.5773713588120564,179.7678406727596,0.8566335247539321,-12.050512050260206,176.79745057661015,0.6506688726779727,-8.056388708420755,336.97582721911994,-0.1133744215211387,-1.043185880411348,160.10787776280037,0.1153150734377748,0.3601969963622654,335.4026753260328,-0.0366032414652535,-0.9555990133506332,302.9736368153001,-0.026675545876371,-12.976541510934004,248.8237530237873,-0.0067627798110127,-18.493096681557805,256.00033005579337,-0.0163038709201541,-23.06058344095329,313.2164992700232,0.1116670312582978,-4.780278675646704,303.9677399806999,-0.04897842139799621,-6.114933619373074
2010-10-01,163.70358960470713,0.9829186669876548,-3.05912866330423,71.6911456651348,13.44014559235237,23.448108064103508,151.34684766663275,1.746678236093428,3.5821274491562543,198.2363579134176,0.2620804213739143,-21.762036865696132,196.8534872467631,0.6858908108142302,-15.335961288567482,333.1203302996577,-0.1290053632825372,-2.606575682076461,163.7285564621235,0.1233767470688763,-1.080341778496327,334.22493108357804,-0.0394342731029885,-1.4241439861787482,302.2714025828325,-0.018757360118203,-13.2171940602185,248.85112982573511,0.0087125073259215,-18.619079260259717,253.20083322778655,-0.0003264646604795,-23.2417246411559,316.5679918520137,0.1117641237652155,-3.3376420021255666,302.6876349064004,-0.033668071427719784,-6.6523200541005165
2010-11-01,194.44366034473643,1.0002599829978407,-14.320624890560184,123.6877336629305,14.304353266459245,8.42482451055439,203.78865986106564,1.5551636695904023,-17.882015084716013,189.70769715554763,-0.5938647895498143,-17.81242811738097,218.6569485628858,0.7202495435304608,-21.250975456362696,330.0182480984446,-0.0597947681758162,-3.7697425857793703,167.4628578218618,0.1145409326114576,-2.5103992446091605,333.1577076433435,-0.0270384186329655,-1.8382580365903336,301.91242604749647,-0.0035919609178328,-13.336931008604592,249.35930421969837,0.0235114423350736,-18.73078720107637,250.40698115821115,-0.0499977379389485,-23.36417093106816,320.03407877135146,0.1118520900199292,-1.854751786653991,302.0675935789814,-0.004998919954582507,-7.042362675642155
2010-12-01,224.6593600677188,1.013500543985351,-21.74685089705482,162.97436051638115,14.283132172377938,-7.564473995851482,245.97827596880032,1.061370862703379,-25.77108751662548,186.39246767043176,0.4305716191480489,-10.43219800259377,240.7202165085007,0.7498542173715174,-24.144500956369857,329.7398656655002,0.0418959704322649,-3.763277707768576,170.5496044987293,0.0884075602177919,-3.632241192672947,332.6692045737016,-0.0044235202855257,-2.015414158190113,302.0601308207671,0.0133766234602391,-13.283713084602708,250.22441399573543,0.0331546003034016,-18.80198257552042,248.95084868453424,-0.0410321561080294,-23.4047149303782,323.3907372508978,0.1119226033243282,-0.4320619155446633,302.3828240294965,0.025659538924337418,-7.13422382839797
2011-01-01,256.18745871740697,1.0194446333035696,-23.04598420599473,215.224839885013,13.5104228959716,-22.838688659846177,235.82259171874844,0.2462788827565522,-20.21676922994608,209.5488410937384,0.960452078182788,-15.273767793797433,264.35627216500177,0.7737641061939687,-23.159905232925865,332.5359382900649,0.1339645414358098,-2.534961785039654,172.6447801659906,0.0442470625886462,-4.321165231923371,332.94300000403337,0.0218438216075432,-1.8869442772402536,302.7188102650545,0.0282982497781897,-13.057314656711451,251.3154935060289,0.0359137521170633,-18.8270975781316,248.74903964010596,0.0116306876977351,-23.409042704122932,326.8612453881101,0.1119780931522803,1.0204238318340602,303.6033944529516,0.05151828765105956,-6.8978761644871245
2011-02-01,287.74515578460483,1.0154947248404145,-17.260269734505055,263.8737437533286,12.524433081128691,-20.863546499833102,271.4856563167332,1.5169861188717242,-22.285369685151423,242.31358268372543,1.1248596563521005,-20.725849808712248,288.5835444923851,0.7876026473254866,-18.05829682130027,337.73657639214895,0.1964727433594796,-0.376072924661447,173.17986010147936,-0.0103364758237034,-4.391623173018054,333.9737912400573,0.0433580941070985,-1.460446383432236,303.74754710305456,0.0367962397501649,-12.704852685920754,252.36713077637305,0.0306604873858251,-18.80784387184712,248.3084279594813,-0.0382959864206846,-23.417472736720644,330.3331764961098,0.1120141443189484,2.450210152912139,305.4586791573405,0.06604254534412199,-6.375269489840998
2011-03-01,316.0282792558852,1.0043969273819229,-7.8031000192348605,273.3060810403896,12.27706414624676,-18.44323359591701,319.2048739150211,1.9018408025315972,-8.056291047725525,274.67188272183205,1.1791935951769927,-19.53670048700469,310.6847295129137,0.7896106468841583,-10.774384308961915,343.7354587713209,0.2285385048336793,2.053841504074704,172.2385012807292,-0.0546349591200879,-3.9267011464342696,335.3663273142091,0.0546544436144383,-0.8969559563681352,304.80249504574994,0.0374325625962614,-12.342970278694564,253.0870754345384,0.0200074472451429,-18.768934629731937,246.32862504287084,-0.076054987554497,-23.437385865608295,333.4698207395306,0.1120290628446716,3.718214299844686,307.3559137703985,0.06766772773456312,-5.749475351027796
2011-04-01,346.90340436996854,0.987676016369826,4.320475290586151,318.55382503983975,11.872226799416984,-2.355909236414913,0.260352191969051,-0.1349390543583992,12.504919911489823,311.6462180812046,1.2030232462000867,-10.247657583781123,335.0434779095052,0.7802417260520852,-1.2341258297610702,351.0793098240648,0.2417709939570686,4.948223719588852,170.09462373052403,-0.0776773531270123,-3.043844177948141,337.11839942473136,0.0565193383665626,-0.1969047004950329,305.8741996729917,0.0304847941103559,-11.975774934100238,253.47043220868204,0.004369564720646,-18.72829580342106,242.87336843959187,-0.2057523210373301,-23.401181413486853,336.9427202503803,0.1120254850514327,5.091957206629201,309.3205412206513,0.057057719062899186,-5.018776123052235
2011-05-01,16.274828760011186,0.971418893567012,14.90469137027664,351.0443163471909,11.90909314440729,10.3528575406429,351.1466241232782,0.5783706270172875,3.6816720572554145,347.8799148073324,1.2117324367544935,3.1782096421611197,358.1840541081392,0.7613961277085941,7.972999297703589,358.2811340987632,0.2354827554861324,7.674231249062594,167.89263448087337,-0.063383069624916,-2.2127364144033166,338.7090689438217,0.04796009710864,0.4309174581505077,306.60849616810765,0.0176959552974962,-11.727485138388433,253.3688974148738,-0.0107798001841986,-18.71554992117007,240.27045964972,-0.1437828055867687,-23.31443601626461,340.3031818918639,0.112002099164794,6.387228452899365,310.7418363563428,0.03624465189263168,-4.412320231633648
2011-06-01,46.169447947651285,0.9589413215335416,21.97517582900368,36.01230934650044,12.451286118973751,22.201148659705087,32.35295512932473,1.9439886767629653,18.186212930602583,25.51183693285789,1.2165158553818187,16.355899148413197,21.387743657476044,0.7350204037482506,16.04649493758217,5.2347822206091195,0.2099019735545834,10.162260710187317,166.54705754355035,-0.0203585794014432,-1.7772665746889833,339.9394277125117,0.0301399931591993,0.908315625263932,306.90490163990705,0.0011883404404247,-11.635395983670469,252.8433613966059,-0.0220580878452949,-18.74495426025968,239.40182641025245,-0.0192244450022428,-23.27419476377019,343.7746140766983,0.1119580391248573,7.686223322113839,311.4336267124406,0.007643401991674874,-4.02255086564826
2011-07-01,74.830303028054,0.9537877751103224,23.14240698701501,70.2559265360505,13.236161824971497,22.380068604384196,93.8776650192264,1.7231610609248833,22.34982620576913,62.08893196504978,1.222938330518207,23.15726502816569,43.00043830116314,0.7056789407740058,21.393689672100972,10.902920048611644,0.1643258593554798,12.048844907813011,166.68635006858207,0.029502564074847,-1.9443529210260435,340.50899706374196,0.0072601474617824,1.119642850314125,306.70388330560553,-0.0141383848673165,-11.718996932589288,252.10935333827905,-0.0255097772930553,-18.815695027119407,239.4462855424349,-0.0093142544450368,-23.276439762725403,347.13248903253924,0.111897527615755,8.901299717922017,311.22725663661384,-0.020930643629553693,-3.960063423838504
2011-08-01,104.41116311029651,0.9567796350255876,18.15469414342323,120.73185043296569,14.448994900248124,8.988811213392177,126.9797012474546,0.1812006854643317,8.035471251130003,100.13439319355292,1.2322290470547077,20.124238066649028,64.37095486475543,0.6729039459018374,23.72051126221868,14.941233852914666,0.0916450168150606,13.275577356777092,168.326666014185,0.0744467646692475,-2.6914398537814956,340.35023970019165,-0.017096969376882,1.0415655844597698,306.08027440249487,-0.0249098838894941,-11.949577208991846,251.37741218357945,-0.0203089596215412,-18.92228637701689,238.54545352566944,-0.1212308651026826,-23.22905981540575,350.6001265972969,0.1118184563292634,10.109613275601264,310.20707860250127,-0.042875879042432764,-4.231051127124981
2011-09-01,134.20996683070086,0.9675221442708964,8.483036979378351,174.40735760620242,14.860934508161034,-11.30455673560926,116.41406544246134,0.684447878175334,14.012248569135169,138.46098754533415,1.240226680587354,8.18619974452108,84.68083681938052,0.6366996602713928,22.824033527347435,16.32612186264597,-0.0054148137714198,13.607524622687825,171.15768776445745,0.1057072570339664,-3.863407023990035,339.5153283271055,-0.0351122870773829,0.7000417011862584,305.25099537557554,-0.0269817180887278,-12.246606294045836,250.9257531351151,-0.0079086660668312,-19.045821179575206,235.8891250276894,-0.1287466498287888,-23.05408756528458,354.06508427332443,0.111725095446699,11.26614821069074,308.73710439776414,-0.04886068709472126,-4.746433776985447
2011-10-01,163.45120206640556,0.9830220055407242,-2.9651026660492836,213.14508499185777,14.510413969767352,-21.184553174568048,165.15596091676687,1.7578793325891833,-2.563320622751469,175.7238028068617,1.243585364641459,-6.848696575074704,103.17186691179988,0.5941423214218609,19.556232920732025,14.712684281079309,-0.0982119478940973,13.01867958480163,174.5910337438547,0.1206468687653906,-5.208971941994264,338.35211848077273,-0.0400385747887625,0.2367961381636757,304.52886662485054,-0.0197432590559881,-12.499360096832737,250.91495473462692,0.0074013718371391,-19.162269327229044,232.79357667297128,-0.0379662728508346,-22.78453999270445,357.41534219742704,0.1116239527840964,12.332694670655313,307.41346801659984,-0.036611108630706476,-5.300350098312801
2011-11-01,194.18750957310073,1.0001838762399715,-14.242414210020778,263.82428957382945,13.370349556635126,-19.433368784384495,213.63386389143224,1.38516271963044,-21.704485147860357,214.27131403918003,1.2432293810671091,-20.03088345320172,120.69758587224754,0.531847905627495,14.800649289816644,10.861984616394466,-0.1354035141200957,11.75697103917472,178.35270753015652,0.119114453374101,-6.609012028095315,337.2341024285507,-0.0295871255960916,-0.1986381255225637,304.13203101973136,-0.0049524938412059,-12.634196167223186,251.38342576061655,0.0223508647710979,-19.2591076281039,230.81615389573363,0.0261102102157305,-22.57593843953243,0.8739578922730213,0.111511538750546,13.377065748106917,306.66506914163114,-0.010032637151362357,-5.726449347942867
2011-12-01,224.40137642882277,1.013406529117486,-21.708227797133542,298.22668520175597,12.704336805636045,-9.4461948404574,232.20303008422647,-1.141930757792576,-22.58962188790525,251.522489027352,1.239798532841956,-24.74925417571971,135.30595650730976,0.4323872730150317,10.09580059446879,7.396197420016446,-0.0826488570397564,10.668983366896692,181.68683683703895,0.1002436670970917,-7.776726115623713,336.6510143476572,-0.007939587340455,-0.4142715780967357,304.23768046930894,0.0120418659583506,-12.593321447746204,252.21864973538405,0.0323833182513014,-19.314263250056175,230.2758869590639,0.0094969670478564,-22.51415049883328,4.217612772519769,0.1113984102821263,14.328944918695736,306.81657616402833,0.02010131526108672,-5.858836832392347
2012-01-01,255.92888398090585,1.0191985348241048,-23.06410777361541,343.08433873408194,11.974442806183266,7.251854002462412,235.8046937827311,1.3370778021311116,-22.13281701434305,289.7932295268938,1.2272041693680744,-18.43273818105553,146.08404172731144,0.2416291828392504,6.621565746134675,6.399544562878456,0.0211459684776919,10.46802576566729,184.25994065044884,0.0628482488883735,-8.60148836316753,336.81415677740097,0.0184570031257526,-0.3297854661482393,304.8594197892455,0.0273295575207347,-12.373737898578048,253.29405977435985,0.0356885796165344,-19.324552565790807,229.93857879395296,-0.0012191513941802,-22.47457347387431,7.669135169514219,0.1112806434004914,15.248963519575618,307.8728037882721,0.04670827619895067,-5.658756766586309
2012-02-01,287.48697165545326,1.015140249961214,-17.327730363281905,26.42605484677533,11.856900256342952,19.70800136504221,282.99487588843965,1.6802116595761647,-20.47711208926375,327.371513929119,1.1924164607818994,-4.252235917267732,148.6554946828,-0.1028817448113841,6.419619491100183,8.61040678688814,0.1174493390085292,11.374439972847735,185.43878013752777,0.0115766354294393,-8.892409395823444,337.75286452962814,0.0409427385068826,0.0607809065019183,305.86665630999744,0.0364043599638235,-12.020607710292248,254.34838554301885,0.031026740094417,-19.295191039696984,228.3969889583356,0.0116293451556626,-22.282979293764008,11.117040777116769,0.1111656741856433,16.101746189921663,309.60151830633885,0.06279008008092703,-5.1605950607809135
2012-03-01,316.7762531083293,1.003711993073528,-7.514964715140441,46.1557194184339,11.96153861221019,21.913335007798516,333.927048073524,1.438571782924919,-0.1237277530283797,1.034426186177394,1.1209408794527638,10.654314684000152,140.74460946609415,-0.3916157710860029,9.872102464666106,12.998774883726783,0.1807370985306313,12.948281665469608,185.0432299146787,-0.0378009502763938,-8.639419416226046,339.148667002706,0.0537983628322456,0.6262870875897434,306.9567755869358,0.0375506553754119,-11.638792484950628,255.10650779854788,0.0203876101893516,-19.25119621211963,225.45461995992835,2.1300130948637583e-05,-21.871004224298566,14.339351492448609,0.1110638467174056,16.836567638695776,311.4986299958483,0.06611084309416665,-4.521400066143267
2012-04-01,347.6367802981778,0.9867745644845816,4.612647113055376,91.34613432997084,12.833876201857535,17.27052607105172,330.3643483800406,-0.3222826805951931,-1.326910615527347,33.49817326165338,0.9481038636831766,22.977921782126153,130.74918146879278,-0.169041757443164,12.840299263837226,19.28023236350726,0.2201856498208853,14.999943928874282,183.2597369339556,-0.0724185077946456,-7.930375095784057,340.89234460987996,0.0568154863976005,1.3223919425466908,308.0382271564597,0.0309539387532109,-11.261093684268635,255.50604956389256,0.0049736038585875,-19.21392679598357,222.641540972804,-0.0348355733603066,-21.42175034266287,17.780759066794772,0.1109643380516419,17.552864093917947,313.4416232837158,0.05717663721986701,-3.7890308817076916
2012-05-01,16.994780303654412,0.9705452234840108,15.13365376190962,126.5125487372064,13.639069811908158,6.379060069822899,352.8444005514487,1.462369163504255,4.039268366936388,56.20318733159989,0.4815730876522469,27.76539633678212,131.2741777584573,0.1848577835407507,11.498328907192455,26.17136147446864,0.2359542051273846,17.007749586025078,180.99890346363995,-0.0722222726065783,-7.117713526716622,342.50902778756284,0.049322723953528,1.9591151485129723,308.7913736937,0.018419314232626,-11.001804558463116,255.4241578719066,-0.01013067437787,-19.21054402256865,221.26938442889085,-0.0262969193983437,-21.183530937560523,21.108392114353254,0.1108800838290646,18.176407964577493,314.89185669412103,0.037951780111835524,-3.1721889008777198
2012-06-01,46.8789199423215,0.9580885875366452,22.078286823074453,178.2830073122187,14.651551204096132,-12.025522682866232,52.456631336527174,2.167645726422498,23.959106021068543,54.804231532034656,-0.5788768352561645,24.29055305703362,140.7052040792218,0.4016058183151969,7.028237727080951,33.49064880004858,0.2331298996542878,18.844489438816517,179.20977093696663,-0.0386942285306059,-6.541758709529883,343.79715881973095,0.0323912253036148,2.457802867500753,309.11276047335326,0.0020122619480813,-10.899656920791047,254.9166312685803,-0.0215762960335125,-19.25273318463015,221.03768619102183,0.0065866644455424,-21.142255904136626,24.544515943190856,0.1108081060446236,18.747462387451776,315.65891926762185,0.010639074087801544,-2.7634527200882
2012-07-01,75.53623288393784,0.953105122318879,23.09247491682859,217.154368945731,14.721904556135422,-20.71149509438916,101.27894159977076,0.9584978370058956,19.094981212619142,43.665896832892855,0.1257558302679224,17.521639023536018,154.64749828496397,0.5182527095394261,0.9126580718938708,40.2254252696903,0.2127199051447986,20.238954856243957,178.75417092843165,0.0093771823233443,-6.490410001882606,344.4428304141209,0.0099501224094434,2.698532200348786,308.93523560872075,-0.0134372595350198,-10.976997012947315,254.19171136359583,-0.0253718084763115,-19.334758354576007,220.6925037451874,0.0050929992883886,-21.080013823903652,27.86792040194988,0.1107551167314085,19.228277906094306,315.5518276719526,-0.01749182801618599,-2.6779073661361785
2012-08-01,105.11979953052482,0.9562619074437806,17.965408951952778,270.10256116456173,14.199151585036944,-17.395396744035416,99.91407209347172,-0.6263774702313593,14.662475678193466,60.329735598352734,0.8202673898900683,19.17437323382359,171.97958074735706,0.5953210747223715,-6.40007168540302,46.23230804473304,0.1707961581607301,21.220475733032693,179.81238413550764,0.0576184109384796,-7.0027551837535515,344.365830524641,-0.0146419505093612,2.653534623858871,308.3280031678755,-0.0245582022826042,-11.20658219608444,253.4568105148731,-0.0205937521974025,-19.44778788514067,218.89438439297436,-0.1324699774496412,-20.74251713966992,31.300720575614697,0.110719220787718,19.6503304145716,314.62873732006074,-0.04023390002708784,-2.927905140315073
2012-09-01,134.92734509565972,0.9672235065593776,8.20947233511274,320.0208138455889,13.095009216184282,-1.787498538336025,125.75669011916598,1.9374594675546648,13.109698775768589,89.96737399147366,1.054434239261114,19.32733637701433,191.3591906861644,0.6526270175340396,-13.810439073414653,50.54843453892215,0.1029107261055545,21.757003938685592,182.20640355985432,0.0944562577622408,-7.971390509495317,343.5913870002216,-0.0337422154962837,2.337833258220739,307.501439453474,-0.0271207493199523,-11.508625056897596,252.9901478984876,-0.0085439216524632,-19.5699001589264,215.5800205356526,-0.2034349670172682,-20.066751406469596,34.7327200722213,0.1107035759640631,19.99616321397865,313.2102897148663,-0.04825042097757403,-3.4352292213673703
2012-10-01,164.18125955040338,0.9828420989547269,-3.258601761592669,354.0318863447943,12.316119327041898,10.06631885546314,179.21568551965916,1.5500885326098068,-9.390128875326008,123.30445252044343,1.1566864974510214,12.587539685648752,211.64721605229977,0.6983556981171336,-19.98043305539499,52.32133280190466,0.0118207559663451,21.92225357422975,185.39486509074516,0.1154999418544248,-9.164004937379715,342.44469580543614,-0.040281488973757,1.88299877329678,306.76776601278465,-0.0203186301715159,-11.77028918148642,252.95746367871,0.0066022138539002,-19.677325704309997,212.92282901360483,-0.1097791294075089,-19.476652992429123,38.053847849298414,0.1107082075132347,20.25843892421426,311.8682584768386,-0.03835860576882541,-3.9989988226384057
2012-11-01,194.930783710972,1.0001185500763312,-14.485529575735937,38.581082762628654,11.7986206442061,20.085580122745057,218.07580463206511,0.6702772516651806,-23.442891741808133,160.14677063375666,1.2139522583459528,-0.1976382055760555,233.93266546135536,0.7377434916832415,-23.932058479593675,51.098123091817385,-0.0878015862792374,21.78248116199652,189.1001734691753,0.1205695899580929,-10.458495621991569,341.29267810708353,-0.0314232635647124,1.4351446413852869,306.3484038397431,-0.0057870549066269,-11.915112954118142,253.40157096033263,0.0215795502116592,-19.758972798100583,211.98393052822897,0.0075208043802278,-19.258376774020707,41.48613783017147,0.1107332640188384,20.455192551614292,311.03473932090327,-0.013598478951962822,-4.449849605108695
2012-12-01,225.1553292986089,1.013232303157157,-21.82732528263505,70.9515396246498,11.8964092494523,20.022511198126463,205.4634297930648,0.6198775216624005,-15.133516911311494,197.03705148944613,1.2414114897853474,-13.56039866841776,256.5338239950511,0.7670152485497053,-24.164872167725008,47.539306664383915,-0.13625121332484,21.38020433767428,192.5768170929441,0.1082679315053573,-11.585553232512456,340.6396776089825,-0.0106301995386864,1.1919325004157073,306.4288536408546,0.0112074147528763,-11.88131709153122,254.21678167229783,0.0318016670518616,-19.797010591960305,212.01274168728168,-0.0335387134922309,-19.265420201573903,44.8087375359204,0.1107764099029355,20.574601980067644,311.06744774142555,0.015885808254924003,-4.61116120060783
2013-01-01,256.6871841666421,1.018914910937465,-23.0044310388903,116.72449746577853,12.533423368072777,9.710352982385736,246.59681969481815,1.5430274610537464,-24.25128929471629,235.71922196170507,1.2517640340408875,-22.34605381247241,280.63709038064246,0.7855309025147472,-20.210465466573055,43.73043169263925,-0.0944430132459534,20.906221444962423,195.5015259389099,0.0774082859380019,-12.448440918473615,340.7179731818432,0.0157703203318142,1.2423604961094616,307.0281949760953,0.0267091754270328,-11.6642524504198,255.27915807065853,0.0354097809400126,-19.790935012570948,210.9677766788313,-0.1396933329868006,-19.01668161422497,48.24373338344574,0.110839182240174,20.625883137382353,311.99735374947517,0.04285274125093903,-4.437619051552709
2013-02-01,288.24120343621655,1.0147466577463846,-17.114162645146138,165.62652669019522,13.400311540672414,-6.95809960981999,297.8764086391063,1.760326569717479,-15.831175799997322,274.55822163344675,1.2527664069942992,-21.016885597172617,305.10318828648326,0.790322316018303,-12.742745336748852,42.287190155887096,0.0051408554594509,20.78420622845255,197.2091512390401,0.030663517513217,-12.871425862806989,341.58387017777164,0.0389596160699029,1.6030567395646405,308.02196188067205,0.036137856671249,-11.30835274181211,256.33052147333547,0.0311098525899934,-19.7500127806097,208.09969549405145,-0.0798503171486291,-18.30206591997531,51.68093761648355,0.1109185253809899,20.605481031043897,313.6225493406231,0.059993497304301334,-3.9582336051043945
2013-03-01,316.51675484685603,1.0034683126852062,-7.607922099145368,175.85476769154755,13.762768390399042,-10.071597184347455,323.4013792802928,-0.8075772169304875,-1.6389690622870372,309.5966111405091,1.2491438204735572,-11.422597331752096,327.1586939473379,0.7831062232929769,-4.268766867967329,43.712588868521735,0.0936235492349857,21.122051565344805,197.39017444094756,-0.01763481960042,-12.821437993754897,342.88423611615775,0.0524848616189589,2.128654457980808,309.0722695997389,0.0377240387796381,-10.93335891805841,257.07431733852445,0.0212103056858964,-19.70312982427701,205.1168374186825,-0.0748630369021436,-17.51184273181894,54.787805364965905,0.1110023742108805,20.52704233437437,315.3930346315179,0.06465757871322811,-3.351719957967832
2013-04-01,347.37861690159326,0.9867580843960452,4.517394613093062,228.3628426644176,14.313128263640689,-20.085114177315496,319.5933030352423,0.9980301247809642,-7.923336087719232,348.2152568773333,1.2415964618142763,3.667795201386253,351.1815139121996,0.7650630023473318,5.468430840319488,47.80296360025068,0.1650208864867124,21.818952869095444,196.11122378461897,-0.0614119270742957,-12.337432510586588,344.61165443246193,0.0570716019645689,2.815469692894575,310.1690434363822,0.0317554881530002,-10.54343803893547,257.5044937439689,0.0061127004438606,-19.667528658639405,203.25200271255056,0.0265421640642829,-16.994761155879395,58.23046024175421,0.1111060815141571,20.375785390928165,317.3216628289095,0.05770394027670878,-2.620044332510646
2013-05-01,16.738703262037966,0.9706357610933216,15.058553661643616,267.4639304276133,14.304564590389797,-16.99263259299357,4.684646962904263,1.9404557016783843,9.491503858254523,25.330545470953773,1.23244224082683,17.202856864517937,13.788820265302558,0.7412531441944132,13.87279435064924,53.441454838338856,0.2066563332547464,22.531132452269432,193.96574325650056,-0.0758630977381569,-11.638128186582914,346.2574906351568,0.0510080142972114,3.4601528533454724,310.9528870660087,0.0196604979789068,-10.268861861285057,257.45683620612726,-0.0090030576562258,-19.671323640358608,202.83154524327216,0.0073368637210966,-16.876041926803353,61.56525019922235,0.1112143211782335,20.167182125065413,318.81445727678584,0.040270948913140925,-1.9902547920994194
2013-06-01,46.625673394477,0.958439536144256,22.04470747167639,319.23621198366203,13.3684985606139,-2.227951409352118,67.07839810062283,1.5833814962613817,25.61835044313911,63.3938325173778,1.2231026957343456,24.26634512082268,36.349651970524874,0.714101386799888,20.302188604335832,60.21409242286561,0.2267668914559132,23.054321867727868,191.85006539173048,-0.0551240159011837,-11.009147803088023,347.6168619679579,0.0352852920890017,3.983415264838901,311.3155031124852,0.0034149808548092,-10.150491930665604,256.9789295382478,-0.0208269643338984,-19.72424294374401,202.6027875081336,-0.0013617237866677,-16.811247113232664,65.01469324654767,0.1113309423028045,19.889901044474513,319.6754934634904,0.01433718130064348,-1.5554222632598516
2013-07-01,75.28531400144345,0.9535068325831196,23.109323417776775,354.6775789387508,12.605944310192182,9.476020072390458,88.32737023559255,-0.3239237116360063,18.473361538113096,99.94223270754304,1.2128001196421536,20.82266987336656,57.37712846588102,0.6879888291044532,23.54859627055578,67.07742771515089,0.2279630490463783,23.222537590959988,190.81193608608945,-0.0118668123015147,-10.775900432659908,348.35947821214216,0.0134719624716187,4.260345028685633,311.17733135160836,-0.0122467846221845,-10.21540837402324,256.2677112890396,-0.0252422375971195,-19.81639246245659,201.4168481872448,0.0131320180995932,-16.46991773469908,68.35633273908199,0.111444971848623,19.564457930542257,319.6873005891484,-0.013396195722568052,-1.4368752255653405
2013-08-01,104.87023103946318,0.9567665033891688,18.02723647334549,40.07404297745473,11.897874438772943,19.173897744306455,85.4185476124453,1.0842794808409166,20.513129006116102,137.3097912098793,1.1965111497133212,8.540905277831069,78.30222018905937,0.6624268945706169,23.563053662006222,73.93182969797395,0.2111317481499018,23.032570256258893,191.22785419857615,0.0381852687601963,-11.044077110619885,348.39006633555044,-0.0113586645857131,4.258092177089452,310.59857571000754,-0.0239647812431485,-10.439226478941624,255.52633752436847,-0.0211611536916607,-19.935791683264288,198.87992876519652,-0.0375261407701325,-15.717339488276206,71.8129267144962,0.1115604243551161,19.172033707549208,318.8793170758769,-0.037150397336785435,-1.6545673473735438
2013-09-01,134.67712916880936,0.9677460525460604,8.2976952546024,83.96682153644886,11.91612174352927,17.555906182161802,141.39984823697498,1.8381223533750488,7.048306825215052,174.01483202860948,1.1690930225817295,-7.190626527525762,98.45015615402652,0.6376811830119183,20.572096458045028,79.94769359604685,0.1731832820549834,22.58222243920549,193.09704101032847,0.0803546891022673,-11.771233023921516,347.6997667306066,-0.0317861351302286,3.978266276168653,309.7785335168677,-0.0273386638418633,-10.744706522470366,255.03396747624623,-0.0096277446751495,-20.057434611820767,195.84942940155295,-0.1193760099010128,-14.780809526109415,75.27301489695785,0.1116698060673232,18.725581133710374,317.52325928713606,-0.04753013384306307,-2.144659659804548
2013-10-01,163.92776747512158,0.983316158973894,-3.164410331573265,116.19927813803169,12.30834199958046,9.89851786399742,187.87929378077283,1.2566311835989594,-14.060111707829568,208.4425532592248,1.1205501390548074,-20.42862317647332,117.20009671835705,0.6120391310421136,15.62113900303891,84.28382372049147,0.111554064609737,22.109402383062672,195.9551727223022,0.1077329662659689,-12.760337649032843,346.58282297910887,-0.0403825224824511,3.5387067771026115,309.0276317453615,-0.0212604691255789,-11.017375946158731,254.96530862921784,0.0053171885894427,-20.157427747476984,194.07559374877104,-0.0765800150998892,-14.214936550538772,78.6245869007909,0.1117666294798248,18.245030695493455,316.16282500256915,-0.04035450657946091,-2.714798804005843
2013-11-01,194.67312758273735,1.000617404208746,-14.407644901295113,162.354345397681,13.301307114641135,-5.0749762252788315,196.61919326867323,-1.293180242297301,-15.789990148672857,241.6391725071567,1.0014732887543634,-26.999080315907193,135.6775379764841,0.5785724098290725,9.361939143604802,86.3939197393289,0.0205868191496611,21.865032128684984,199.5252028534463,0.1197467554198572,-13.889359700861954,345.3944209699765,-0.0336491307030746,3.079389288955155,308.57183897019655,-0.0071593312836463,-11.177455412715537,255.37067457149053,0.0204178961127599,-20.225863748519934,193.71406418141888,0.0030333215595729,-14.098362335179742,82.09074565023118,0.1118542048570904,17.701419859441106,315.23307593049975,-0.01766790979666258,-3.1939911786541444
2013-12-01,224.89338792942797,1.013800573782189,-21.789234244625124,197.58622502913784,14.183083141954947,-14.965685586754727,209.7135676718757,1.498788974949118,-17.48422199097634,267.385474967002,0.6458836450261816,-24.6477711229786,152.35933260231266,0.5301075103008229,3.118925571622825,85.52728224632955,-0.0766892148734569,22.057349346143447,203.0788702482788,0.1143686249302626,-14.911911407803755,344.6541973164804,-0.0140855635261303,2.8029378818531288,308.6100915414439,0.0098242618010872,-11.15727670943219,256.15567453460636,0.0310087119649994,-20.248649290174175,193.45881103433737,-0.0071217874313892,-14.01584891166261,85.44746157272674,0.1119242823432102,17.132767019253976,315.13012706790227,0.011113095421995752,-3.393115887740337
2014-01-01,256.42397031647744,1.0195902556161949,-23.023926806618732,249.7410901993213,15.257288752674834,-19.087648689805764,258.02729432846974,1.6137957687830409,-24.738728063737177,272.8427251592338,-0.4049062452594474,-18.21828378105142,167.58851695829634,0.4440442684036347,-2.603334298545376,82.06178105016109,-0.1342923643382886,22.58782998224035,206.30224082931937,0.0905766496913713,-15.742362423468762,344.62122980062145,0.0122347067005516,2.808973717275033,309.1710303019951,0.0256863390547246,-10.949054803935882,257.2009990230863,0.0351480292291268,-20.22760355577673,191.48517698315896,-0.1550921773006323,-13.366973036012414,88.91801472166988,0.1119792763218743,16.504218619478717,315.9169584772052,0.03859903062399363,-3.2573273914277276
2014-02-01,287.98041838676556,1.0154555419228788,-17.182886779970595,303.5917414238457,15.103644728491862,-8.04397546250481,306.32603436175486,0.9414463154036532,-10.950814357297494,259.49987698513524,0.0053124798619031,-15.850999120491876,179.09837561340277,0.2801394916201976,-6.640842869558026,78.17066503944663,-0.1018549494280384,23.065517928764024,208.5134419339119,0.0495576762438279,-16.22945285209179,345.3884635102726,0.0362946230335316,3.128604146985285,310.14111247209223,0.0356974892084514,-10.59468398269487,258.25285780512615,0.0314245202437016,-20.175520050355782,187.89120240558063,-0.1741825375684068,-12.148756184898676,92.38997480872597,0.1120148251525491,15.837119559815733,317.42816043447215,0.05705401378879726,-2.806557800818598
2014-03-01,316.2592807535862,1.00436215762829,-7.699865617700937,311.63157367138473,14.931593772651144,-5.583943042183747,294.1133493020732,0.0453102070861527,-13.645973508515157,272.03427088075375,0.7669061937010142,-16.594374783679914,183.47220657376195,0.0083865648495853,-7.960012394900195,76.43334250858487,-0.0181083881247988,23.25906005663877,209.25923770399925,0.0029022704647251,-16.324102012379253,346.6297620691359,0.0510454089041008,3.6274952274927146,311.18671870113354,0.037880678713044,-10.214722189016308,259.01188904965466,0.0219819058355471,-20.123508969055763,185.37426802692056,-0.1207495223955402,-11.269973919906356,95.52663064698046,0.1120292241597031,15.203963211770937,319.1361769690639,0.06325047938668747,-2.2151035878459626
2014-04-01,347.1284687801237,0.9875420094298184,4.424843379631119,2.9004656124922628,13.719791115128816,10.509086395103106,325.10495155974496,1.5491135396343392,-6.490946773197503,300.84059325212235,1.0400599974225948,-12.30755353972288,177.80453793462397,-0.3501398445734354,-6.038717520753722,77.41811630181463,0.07887341939655,23.21424467148739,208.55619064114256,-0.0463750858148303,-16.058703757906496,348.33526405018637,0.0571766715971526,4.300300732320962,312.297436486202,0.0325110589153243,-9.81338046066351,259.4713489787411,0.0071819499544143,-20.088465437142677,184.3164345676569,-0.0013925919726912,-10.895045486906062,98.9995264557222,0.1120250846999972,14.471787587945396,321.0481268369281,0.05809350163770985,-1.4869100857426352
2014-05-01,16.49470106765972,0.9713088120948734,14.986353639384149,37.5888867117116,12.85149529099913,17.65298269121032,22.195185785435548,2.1423258518561523,17.159532248500888,333.6111295768537,1.131038151527139,-2.0963968413629246,167.35150401145376,-0.2486284612044769,-3.0360590828768963,80.90842033377147,0.1493536771491995,22.897720637204884,206.6876661285077,-0.0734208819797203,-15.540462650460128,350.00453318139415,0.0525090202908538,4.948121547067608,313.1108633016012,0.0208441763355682,-9.52391197589261,259.45715190707676,-0.0079272869115505,-20.098450580688738,184.32445310024863,-0.0248248814618132,-10.89830729126825,102.35996806787686,0.1120011587416383,13.734631877159671,322.5776777056954,0.04230760274780403,-0.8469717813789865
2014-06-01,46.386656882231335,0.9588454616494392,22.01214652180039,83.08308951779092,12.067999061329308,17.3207300886881,67.49073688837245,0.4962916034798763,24.46269874188675,9.363124377716,1.1709281622741674,10.7577769701396,165.8409232785506,0.1433904588036152,-3.603515096343981,86.31015551246804,0.1950023960259386,22.220946465728503,204.4213912970422,-0.0667921485276681,-14.967981857009788,351.4301905711799,0.0379969501902766,5.4914595324515165,313.51408281476216,0.0047710802975741,-9.389223223793838,259.00899726229187,-0.0200754842943926,-20.161477919167467,183.47489932074268,-0.1202437370715252,-10.594928497328269,105.83136319488123,0.1119565864992211,12.946026946803274,323.52417708987826,0.0176797421453342,-0.3885731154190148
2014-07-01,75.04831084661095,0.9537621351043456,23.12447917338439,115.38973241942678,11.839899111763089,10.62837545832949,60.33088987046719,-0.0422535249598959,18.762272088199666,44.844813184297514,1.1936050398353102,20.38988037917703,174.29448943648674,0.3964987937711201,-7.643058543972776,92.54237078480566,0.2173987445939488,21.190347119572973,202.89679359471765,-0.0313222743309558,-14.639885418317649,352.2669396411231,0.0168909006009127,5.801539683491328,313.4155793100127,-0.0110605792975522,-9.44104750301546,258.3126967060502,-0.0250559365764418,-20.263738807418576,181.0723537900497,-0.15404155295759,-9.725305207852657,109.18918755302133,0.1118956152150886,12.159304309838808,323.64704244956823,-0.009572574792053817,-0.23838216483611618
2014-08-01,104.63267240262232,0.9567477084284784,18.08583881113418,159.8700476586155,12.053427120889388,-3.002301365531349,96.04308619496533,2.054950722133541,21.24295418912055,82.16570418535397,1.2142716676681808,22.365255555988753,189.08626264127645,0.5450903593137258,-13.523877155727428,99.3947763490666,0.2217371661253642,19.77615630686551,202.682200366505,0.0181354862015957,-14.706786860692452,352.4057551581046,-0.0080161205856038,5.841303547157525,312.86667042174236,-0.0233137909784679,-9.65794247595713,257.56686205420885,-0.0216310441917777,-20.390129049340892,177.90717893127862,-0.0389604388381984,-8.556938299506777,112.65675922856332,0.1118161286694233,11.32446321820983,322.9505054868466,-0.034079898565021735,-0.4231275494116911
2014-09-01,134.43613383930133,0.9674602115374544,8.38292493873294,206.56188108977008,12.896828320659669,-15.347836483383585,154.04769882790444,1.5428991456660055,0.8167358553283554,120.11594557447124,1.233636710700429,14.48084649594021,207.5091717366607,0.6377307206482116,-19.456277602339973,106.0970802456115,0.2074290990461677,18.140881517701633,203.98406745456077,0.0644216722212911,-15.192957339598316,351.80496713740075,-0.0295785196533751,5.59991630217222,312.055306523881,-0.0274564354433102,-9.96557859674602,257.05089035480785,-0.0106160958745989,-20.51235913237956,175.87498356463962,0.0242681715661639,-7.794810996842997,116.121639266863,0.111722418479667,10.469735065895842,321.6609748011927,-0.046507176022265985,-0.8927831209395409
2014-10-01,163.68152138751816,0.9829148029677748,-3.072383185120082,243.26982200403137,13.64473581658865,-18.5094090440335,187.5019668052572,0.385188353952758,-15.325774956724896,157.3449352124392,1.2471234506844115,0.7470975011627117,227.61819154039785,0.6999172684183717,-23.670559629438728,111.86161719031328,0.1730789006653275,16.567892628510936,206.4485139154696,0.0976544067397498,-15.951351060616089,350.72645651101044,-0.0401311063837808,5.180774121602463,311.28924231339266,-0.022104001109293,-10.248378483724094,256.9477340009342,0.00409529649811,-20.60603843072409,175.23553090415317,0.0052005957181783,-7.553501023949382,119.47181319427716,0.1116210348133074,9.625781893143966,320.2928030165216,-0.04186228059512333,-1.464662545012583
2014-11-01,194.42025125004977,0.99999959627119,-14.330655458029115,296.064825275998,14.23131765409056,-10.484197493538822,175.88838071435532,0.9487846784124668,-5.8443697141175734,196.12459677173425,1.2536258101500717,-14.10610716695657,250.05372348786105,0.744945993551372,-24.879025147163333,116.34833905846894,0.1114726446685708,15.273106049243914,209.80854489014993,0.1163294203175491,-16.86682273244271,349.51086271451794,-0.0355604586529369,4.715964274038285,310.79843230340657,-0.0084714418769213,-10.42350250996916,257.31503293412163,0.019263914764237,-20.662201709964016,175.06714594064573,0.0137099021180111,-7.490154610603931,122.93033561196911,0.1115084540678028,8.738431995437029,319.28053972495445,-0.021245628148454154,-1.9679179090643013
2014-12-01,224.63515667392736,1.0131659814242473,-21.751278434556408,335.2174696829367,13.970973248981991,1.2394432695838202,220.5051022896419,1.574817288565575,-21.32637216981394,233.76554034135447,1.2551223294356424,-23.2203752532366,272.8431311423857,0.7718943084212105,-22.12809452404165,118.4602329937316,0.0253607618370602,14.696859994534757,213.36130075941048,0.1176750287285059,-17.722454387065568,348.6888762859598,-0.0173853642535255,4.410234685471264,310.7947443877184,0.0084466610021963,-10.417452659923814,258.06959570166356,0.0301758273337595,-20.670242727592417,174.03866523983825,0.0208021928761686,-7.099761431511504,126.27389669858536,0.1113952567526899,7.866827859089007,319.0535763916599,0.0067055995658812356,-2.202770566425385
2015-01-01,256.1624752739649,1.0189236867967393,-23.04328116964774,26.549192761812886,13.199230338042971,15.106300680058666,269.5881250301194,1.5873327325112057,-23.467900339651752,272.6540289296007,1.2529030699420614,-22.142332253803396,296.982961262928,0.7828264713361108,-15.556272287262264,117.69085406181752,-0.0734800454563112,15.061963548103538,216.7983027751903,0.1009202668854869,-18.44101201561296,348.5453731296368,0.0086524575575172,4.3728462815444775,311.31652360066164,0.0246051612982939,-10.21911270653357,259.09686533026314,0.034830577724727,-20.63429066918884,171.37210328578792,-0.0851687029007234,-6.078040538079989,129.7253215017737,0.1112775080383834,6.954733402344671,319.70572708186637,0.034522825791955064,-2.1047575016503415
2015-02-01,287.71947824256506,1.0148560374147575,-17.251828446665865,74.6636470749509,12.375378797924238,18.103594985021044,284.4929067124026,-1.2337497341456474,-14.65275020274334,311.3760165602701,1.2434094542528995,-10.924278474122689,321.21633225982293,0.7782198989334884,-6.548497437737815,114.3270679715056,-0.1313628715064303,16.217501866393327,219.4340594183114,0.066269129074651,-18.90221767085608,349.21054499838584,0.0334318115247291,4.649457197224678,312.2614403841096,0.03516316697722,-9.867524044266483,260.14777208545183,0.0316607142040863,-20.57054433303698,167.96648219542155,-0.1815747427249031,-4.756931972660808,133.17313186023466,0.1111626878770498,6.032812319957471,321.1073555233811,0.05413411283607205,-1.6839952541011176
2015-03-01,316.00332465423975,1.0039063121333591,-7.791520101182292,84.02836451795568,12.199217810817158,17.09305146384619,289.63632415007976,1.1715269339043797,-17.38524868164406,345.9543658845999,1.2243450639284237,3.3177184801517456,342.8249841813255,0.7638366739025482,2.2882347163114107,110.78282079909567,-0.109561978160309,17.318798090565778,220.70322123327577,0.0229267266390077,-19.064404526548245,350.3878757232055,0.0493625945679861,5.118244767545541,313.3008706664296,0.0379470890688811,-9.483639530564949,260.920697971779,0.0226798057382251,-20.512621966658475,166.32994331504543,-0.0749930720822432,-4.116955826303196,136.28429550468476,0.1110644234383229,5.193096064834251,322.75401097330797,0.061763858429406224,-1.1094284541933075
2015-04-01,346.87687669034153,0.9870468686810008,4.331690050587116,128.7814244450751,11.80320607176458,7.463760176307359,337.6739377674436,1.8904998668693709,-1.0632713440974906,23.385397123816823,1.1872371887377728,17.903891603524613,6.162534030180219,0.7408896279643605,11.434445100801405,108.61325593885508,-0.0243001362148261,17.92686507395417,220.60720558590177,-0.0285231659881904,-18.968015784910104,352.06493178592154,0.0569690541492856,5.772235185602912,314.42388373650334,0.0331920235208219,-9.071782617260862,261.4081461340615,0.0082251448121508,-20.477049440089157,165.9361821416475,-0.0024921367471104,-3.9628954165926222,139.72572004052296,0.1109648515176876,4.257152042873444,324.64725027261017,0.05831965228580305,-0.38705930782827436
2015-05-01,16.247106869526938,0.9707720038193864,14.91317646385082,160.8619509877215,11.921784598778864,-2.370330771143754,35.8093375931366,1.4316826060064451,22.47807898683077,58.171657809665646,1.1258138852676594,25.566150879135368,28.021889292600193,0.7161124195806505,18.484096162702436,109.28054121171736,0.0668754261335922,17.69620056317631,219.14288095854403,-0.065392816229665,-18.65145475127456,353.7518883376061,0.053784718114018,6.418248802838348,315.26575568782073,0.0219942340506155,-8.767860223411274,261.42684634808774,-0.0068298431347513,-20.492190172513812,165.7471912287882,0.0084252729533599,-3.889122103853365,143.05336738916898,0.1108805284484172,3.3465593300905674,326.20895046952427,0.04413547975869498,0.26058900068100294
2015-06-01,46.14051358631665,0.958237015095048,21.97883114663301,205.9427004861648,12.728571595137533,-14.47723983664532,44.17236284020345,-0.5572184096214899,19.280180428062707,91.36031482664124,0.9977789532733492,23.649774571317938,49.83509792371717,0.6913201105793831,22.96491733860967,112.55194498163972,0.1397719722138789,16.69502278020266,216.90254020233843,-0.0730785727304606,-18.22397299057684,355.2387907312063,0.0405756766121511,6.976909448299393,315.70921201422885,0.0061542055582388,-8.616713681939036,261.00887779906094,-0.0192584149696707,-20.564584602245283,164.1418044464436,-0.1209434983947268,-3.257731477269026,146.48950334959943,0.1108084407948952,2.402065560462048,327.23440822236,0.020833101919684384,0.7402048937033392
2015-07-01,74.80189810135315,0.9530817408725276,23.14043750294389,240.67846420373252,13.647611714890312,-18.405039987878663,53.719325956929055,1.3362739603747913,20.604522527270102,117.33024650207072,0.6776978078122595,14.893132072030497,70.2527947943462,0.6701294164823217,24.115407184166877,117.49012318578464,0.1855805223369612,15.129867851614446,215.01472281761352,-0.0480843329241482,-17.902594989641987,356.16697135649565,0.0202981948801234,7.31672026600859,315.6510215202625,-0.0097998722666636,-8.654717604695202,260.32878778803166,-0.0247860645418951,-20.676819632816393,161.1445919675284,-0.1948918845972454,-2.0730708401937292,149.8129166226083,0.1107553505121978,1.4859452089569798,327.46238646713937,-0.00585380691775195,0.9207005788246726
2015-08-01,104.38329357120892,0.956069777161201,18.147404852405373,291.9916238074059,14.747137908049558,-12.490314459906976,113.28906845174174,1.9474754432155297,17.29056082912286,125.83366365752998,-0.2622041054416304,6.617182523084983,90.73816646035766,0.6518251777196706,22.11079310435644,123.69137761005918,0.2110249814171782,13.053294702672698,214.20830977502413,-0.0020242431153477,-17.842421685735058,356.4148635903341,-0.0045197118514887,7.397267696806348,315.13366199520334,-0.0225616253722897,-8.863463625357443,259.5803488892147,-0.0220350738939368,-20.810726999407947,158.19901737349457,-0.1094261020628325,-0.9041712323812818,153.24572259104343,0.110719325768765,0.5384796605767626,326.8747040732152,-0.030942251316446862,0.7694100713204229
2015-09-01,134.18269869800193,0.9669090807537376,8.472390284858301,345.5896804669131,14.953979630596129,3.105049437837597,161.01221274146565,1.0959186646738015,-3.759736316016193,110.88620027907264,-0.2153802734894387,9.025510858646248,110.70736919018104,0.6366982455790772,17.486012725147173,130.3798182029157,0.2172807118478006,10.693395858111623,214.91515648452048,0.0468359789107881,-18.118390509489167,355.9089879720495,-0.0270802582608372,7.196303345503371,314.3331992808326,-0.0274929831587087,-9.171960446301982,259.0424938112343,-0.0115805449009069,-20.934574956798603,157.0092973361915,0.0098619904897266,-0.431616122190387,156.67772432269328,0.1107035889380241,-0.4084608880550169,325.65514114971813,-0.04524599356127532,0.3228922523460276
2015-10-01,163.42480177977473,0.9824554526269283,-2.976658211985379,23.8603878511411,14.60531650460796,13.450163323278142,162.60403666037163,-1.116072440988661,-4.800407597518494,120.0357133449226,0.6980250349136473,10.48552818331642,129.61166906698304,0.6234890573344684,11.341313820915945,136.76312206206669,0.2050289621210808,8.354999973592282,216.92950147152737,0.0853747613566977,-18.642279981070676,354.8774780058622,-0.039550465077429,6.802337698354865,313.5538788674384,-0.0229113931661848,-9.464028016680818,258.90597766429687,0.0028633906652542,-21.023084724902137,156.92240457366646,-0.0175522206300279,-0.3975159807305967,159.99885079238084,0.1107080898868529,-1.3230922713035644,324.2878480918486,-0.043045037823742485,-0.2468098696270638
2015-11-01,194.160821343518,0.999809197995124,-14.251735954710323,74.30843152016197,13.408742365126852,18.03847850125546,183.77434100379156,1.6570337588249562,-9.27241481477418,147.8268533759041,1.0362527646165185,3.694778860727902,148.7171956929256,0.6085787741746417,4.130293819827959,142.6460538986916,0.1703916237220769,6.1608184321143895,220.01014735474251,0.110579064259435,-19.31509984504224,353.6438029430856,-0.0372548829970717,6.338042479080907,313.0291409407226,-0.0098056769087182,-9.654017451639051,259.23564312654463,0.0180835328113615,-21.067978265888595,156.26167605661968,-0.0672281799538458,-0.1352029062830151,163.43113586067705,0.1107330478207059,-2.265092428970337,323.20411314398245,-0.0245377429783205,-0.7703803560248728
2015-12-01,224.37451374633017,1.013090417622425,-21.712648938382735,108.31257391750886,12.618619280128764,13.593940265198516,231.82846538187297,1.5530787927231584,-24.255658878287733,181.049505238852,1.160861716864671,-7.716570092930649,166.69495695587378,0.5887292924132325,-2.9208276883774795,146.9358803424611,0.1111495169028323,4.57578286826828,223.49001370948787,0.1185494505925942,-19.9562952704834,352.74566296308075,-0.0206352042902199,6.007478747322182,312.98359616467457,0.0070177962514243,-9.662583852938576,259.9595819997834,0.0293165826414211,-21.06184861874785,154.0263291718491,-0.0730220483321765,0.7533199569098219,166.75372749149895,0.1107760877931452,-3.172440655408625,322.86268155875337,0.0025075599464760337,-1.038813680932494
2016-01-01,255.90194001391123,1.0190918715926702,-23.0617186155483,152.62034542670412,11.87559990809252,1.459854058556074,275.20251749096167,0.7260110582922055,-21.047735501779297,217.97750522010028,1.21360375696815,-18.617949126219457,184.4760518937723,0.5557731035061358,-9.560174122813608,149.07431964384764,0.0230369496195496,3.85587877377976,227.0623718057654,0.1088007404451064,-20.49581426723047,352.49253869901986,0.0049789683349658,5.928305035113541,313.46542551286717,0.023476207006365,-9.475104273210306,260.9680273947408,0.0344857764247846,-21.011072710502702,150.79833232587472,0.0016062852030476,2.034595423498222,170.1887117979982,0.1108387768312501,-4.104307916322961,323.3871313270897,0.03059501414999155,-0.9781704628565392
2016-02-01,287.46066521592826,1.0152288058290848,-17.319278772540628,195.88617393543583,11.91431531217207,-11.170354522763262,262.95756915103107,0.6426327191553033,-20.591824650642064,255.9442846785519,1.2325819225066554,-22.37321739142727,200.8823812897964,0.497201096634961,-14.920793108330235,148.25866744898286,-0.0736468035399155,4.306007591596552,230.0455835113448,0.0807581868016323,-20.84715701840728,353.0526034018035,0.0304194006793081,6.160594819889241,314.38388494657454,0.0346002291992783,-9.127460479431871,262.01685541403543,0.031888602558223,-20.935259761041205,148.51153916415078,0.008448129685414,2.939053904115224,173.62590157664894,0.1109180242755367,-5.0289856850388786,324.68317399104365,0.05131880384944159,-0.5883686046000988
2016-03-01,316.75050563513,1.0036788821205074,-7.503368708176281,215.95168430060983,12.074986785185704,-15.348534863444735,298.7682021299346,1.573543994064953,-15.76367502021163,291.7711509623517,1.2371020125473744,-16.72318666604663,213.96639122350788,0.3950348006565489,-18.43940055606446,145.18910632182372,-0.1278437396405851,5.59407901378541,231.8270325262843,0.0402461864668652,-20.995584052026448,354.2089790739524,0.0479582649492645,6.614790025029084,315.4536688682468,0.0379835095446099,-8.726537932481238,262.82554439644235,0.0229770300681692,-20.868804206458407,147.76375479735717,0.0065962954573696,3.233729685025457,176.84375750405115,0.1110049786693971,-5.886235631412835,326.3299396776643,0.06044277642432291,-0.009985390594136636
2016-04-01,347.6108828188056,0.9869167557068176,4.624430162415815,261.91826073346056,12.908303486636704,-17.712874070032818,356.1217434474378,2.0286904083805424,7.888988896220345,330.10790094292076,1.235648654672495,-3.649151179124377,223.26384759085263,0.1811568409466498,-20.66726782236948,141.3449191140403,-0.1060849255966366,7.095486308387468,232.28627188122675,-0.0109093091021759,-20.983558870536147,355.8605527589358,0.0567418400631947,7.248411686057393,316.58332220156166,0.0336086461093154,-8.306754779809943,263.3256246648452,0.0087598389923691,-20.83325973096025,147.52366019729615,0.0168690717233157,3.3279181367593864,180.2864974367498,0.1111089489214448,-6.792900206094862,328.2013145470274,0.05826993042109038,0.7056126733233775
2016-05-01,16.967681113372237,0.9707385130351588,15.142466768571303,297.60694789112017,13.577312153849965,-11.921937315133984,29.28997847460819,-0.1966426111461679,20.619475950134543,7.117382428004349,1.2317478265679338,10.720140874136526,223.67940558228636,-0.1697106287412152,-21.69477524049767,139.2829220019205,-0.0261878969998768,7.822766029390002,231.27216189868744,-0.0541316465307218,-20.837323010939237,357.5575300210818,0.0547045864092356,7.886582952272531,317.44176495963853,0.0227052503110489,-7.9930839828185585,263.3615544282881,-0.0062137738655369,-20.85453121307732,146.41891125009434,0.0164518940504194,3.7623547205717727,183.62137618346665,0.1112173657416039,-7.659349474411209,329.77893840213335,0.0452940181134239,1.3553480875461796
2016-06-01,46.850591031344194,0.9585331435101074,22.081753300150258,349.57139269838086,14.495129844140742,3.3759312680840203,23.542583283612174,0.6790511740877048,13.4696551792511,45.24848289162484,1.228993695333785,21.61196767749935,214.39694131103207,-0.3346165862630771,-21.41441318674607,139.92044272626893,0.0653109377559601,7.480798686721776,229.20033536808413,-0.0740711319059041,-20.600552902483283,359.0886845519832,0.0425315398335719,8.45076527591156,317.90938511899503,0.0070063718312901,-7.831483594884095,262.96123998290136,-0.0187644016743996,-20.937365830195382,143.94092572012443,-0.0434431310848933,4.732845918081582,187.07091486014443,0.1113340419669173,-8.541778246740549,330.85610261918026,0.023017293838136763,1.8463394143377634
2016-07-01,75.50671895209587,0.9536492605937128,23.090061840607493,28.787831672495276,14.555137083131456,13.95151758427017,68.08378795877339,2.1288982987145584,23.95189191276635,82.10830679338933,1.228915209863435,23.337189824738545,208.97858843889645,0.0139167585613511,-21.07348734324981,142.98723292818403,0.1351774437914686,6.208197251832701,227.10565143211932,-0.0603652387096265,-20.38333086413005,0.0857825394965463,0.022925760758705,8.808992378098814,317.87587344112967,-0.0090285512447984,-7.861177648604761,262.29235028009873,-0.0245810890088098,-21.060364270847685,141.00386962037038,-0.1071663499027307,5.873373368187568,190.41264783524556,0.1114480963524613,-9.381678336632442,331.15805478770744,-0.0031726477103674344,2.045466530234004
2016-08-01,105.09042436780967,0.9569690512463862,17.957944121668724,81.51782286746092,13.835237134287254,18.17442142411903,127.8038949600432,1.510613815088643,11.369572620119582,120.20581401792715,1.2289511834419389,14.818811770161364,215.26797446298855,0.362281505442362,-22.810411238733828,147.98315088217973,0.1832147575967641,4.18544427356478,225.8154257823032,-0.0198767615032105,-20.29816220677941,0.4181681802218103,-0.001797121149757,8.919196756708189,317.37820055280434,-0.0221171831222652,-8.065563275877885,261.5450444845661,-0.0222106434821744,-21.202207699894384,139.00407880393146,-0.0886974917312679,6.64240723460853,193.86933639363124,0.1115633931584871,-10.233308227311015,330.65111413412717,-0.02859047653938714,1.9166105431352938
2016-09-01,134.89911772980037,0.9679815308252688,8.198922550569113,130.49226601517165,12.69514654964359,9.131702036565954,154.88400705755518,-0.1450555301669461,-3.444303066164425,158.25480418494354,1.225441170498898,0.0317641215574098,229.8504537736655,0.5582119969619078,-25.181783784022613,154.1203822749137,0.2094301876425089,1.7187373915010151,225.9681972491424,0.0297689351090949,-20.432108872174098,359.9882807675577,-0.0250817073061729,8.751262871984233,316.5850064208809,-0.0275263482733906,-8.375523848266825,260.9969655941983,-0.0120783362955147,-21.32766017032815,138.62114071482992,-0.0015484277481451,6.78853484690492,197.329514127858,0.1116725736620372,-11.066545342467498,329.4880935161237,-0.04415782361852021,1.4872944931092216
2016-10-01,164.15392938753072,0.983589509091799,-3.269697363852193,164.06621208428498,12.092727038298792,-1.162540283170416,146.61089735289195,1.2348629705572547,5.043004566089999,194.9076175253602,1.2178429797966135,-14.701569359270511,248.3211544053843,0.6632353374989765,-25.81857742440336,160.54713938375846,0.2161166513790354,-0.8388720253989311,227.52720016659467,0.0725142830324012,-20.7491140874118,358.9978246080541,-0.0389771759055325,8.381660537765335,315.7983294650355,-0.0233959025121941,-8.674127870414818,260.84257357907927,0.0021908397517055,-21.410585746005804,138.57137118032728,-0.0427836187678935,6.807125468972364,200.6811653016216,0.1117691010734435,-11.853525612373016,328.1290668179645,-0.04368823022798495,0.9213097116312896
2016-11-01,194.90487344399264,1.0008080422453989,-14.494566165426043,208.63865554020697,11.853514910362636,-13.79812995329089,197.63453686211264,1.6135887399807838,-15.322031879551982,232.46391830554737,1.2040693099387862,-24.470536789708607,269.9056306955164,0.72301336899195,-23.215915276002555,167.09965538609512,0.2031662248189341,-3.394345641405995,230.2943980546595,0.1034469241309238,-21.174292902864963,357.75580607024847,-0.0384070449114122,7.924272872123387,315.25370817574924,-0.0105803626284469,-8.873639587779408,261.1505242942071,0.0174047165854468,-21.443396039138083,136.9238279301234,-0.1979562200752918,7.43414593299881,204.1473955566648,0.1118563252920278,-12.64468309132318,327.0002499096596,-0.026740837491003904,0.3858968442981144
2016-12-01,225.12966327029025,1.0139043271731951,-21.831214368746856,241.44944303903705,12.047108733415053,-18.612816959728416,243.28295861670836,1.407947467555193,-25.80375284507812,268.18323532062254,1.1729301128498466,-23.98057949372249,292.0579914474213,0.7498988198930441,-17.350777927574587,172.73217222057025,0.1684158384720411,-5.5174780844486895,233.64711323910623,0.1173619972764865,-21.570377968208625,356.80315405725065,-0.0230192822744441,7.579797396523863,315.18337541454446,0.006195402682627,-8.89080957118236,261.8552093635541,0.0287701768244453,-21.42208698424831,133.63181897031427,-0.2304234120242391,8.6711799944971,207.50416855544003,0.1119259982115923,-13.38693116912056,326.57898954955635,-0.00045231934285636886,0.09572144210115936
2017-01-01,256.6624967107196,1.0195211650337863,-23.00131458662322,287.7508206327365,12.701874917365055,-15.337762124111896,249.1836289944717,-1.172533291241015,-20.356238470298532,303.3985691544957,1.08484894066991,-13.698202532893308,315.43151390421355,0.7552710086709439,-8.809997213356365,177.05286383408057,0.105558773602696,-7.061546979680372,237.27744013294375,0.1138175046860668,-21.87643387064704,356.4673892060063,0.002210353750937,7.470861066062817,315.64135144752527,0.0228265763411399,-8.708849112256255,262.849652314843,0.0341748204832282,-21.355510237632146,130.45008853042054,-0.0650310990191113,9.843187198986392,210.97476629446805,0.1119804452934723,-14.12751339158554,327.0101517663446,0.027717892435289396,0.13119559318023932
2017-02-01,288.2181855602683,1.0152364304319768,-17.104748456200607,337.17205273921803,13.661381743225844,-1.7524679828431429,266.7472496117857,1.3784123611103931,-22.318505931217747,333.75477139633415,0.8277688952867015,0.7677235814726532,338.71528538162124,0.7453347123928095,0.7755932388433947,179.00231609142898,0.0166323431554153,-7.670781340374745,240.5116671507221,0.0918474729905565,-22.04316521434777,356.94574596584704,0.028086408412772,7.667888522303477,316.5436411855439,0.0342621543234223,-8.362056898368673,263.893013937154,0.0318635909185866,-21.267132925598833,129.33814742148635,0.0250869645854726,10.24640313610812,214.44675491423425,0.1120154582134054,-14.838874549474722,328.225610869115,0.04914003438283698,0.4991745774930157
2017-03-01,316.4944388041348,1.0041620893915402,-7.59527094132003,347.1238840785338,14.135470458547678,1.4527769020778982,311.32552434190706,1.8107433021895911,-11.42935083929053,348.82295578588327,0.1340124083700936,10.982321923090923,359.35766827427744,0.7287247205769601,9.13035127139611,178.2426682498872,-0.0693532729086531,-7.288784830782211,242.63216223434424,0.0575464544966357,-22.091203266342017,357.9990699784387,0.0459938032187922,8.074308842391952,317.57041501960083,0.0379843266833277,-7.972093043569531,264.6817313180662,0.0236135776599851,-21.19610144460868,129.28398133275897,-0.0162493182127889,10.265589687262365,217.58342192997767,0.1120293540762986,-15.454194675487535,329.7627619259062,0.05906283364598804,1.0412529212994301
2017-04-01,347.3589222598925,0.9872518426561834,4.531063937252918,40.37688819346595,14.621357537060655,15.950380987857647,6.182574892547626,1.0138867366037008,13.924073065522466,336.9342383967216,-0.538151246614924,7.260185368753348,21.608498834287523,0.7069064098912261,16.90829254649067,175.03948142479956,-0.1263410953394745,-6.02946852622988,243.67673595679213,0.0086063948507681,-22.079441985892405,359.6116776027859,0.0562600901758162,8.680712994804514,318.7098546820025,0.034234671262389,-7.543505506538712,265.2076109732785,0.0097270678814562,-21.15820888538721,128.61907380183445,-0.0747700871711747,10.50482170881202,221.0563135721793,0.1120246697044749,-16.102936755690596,331.6148703202877,0.058437344309844104,1.7477507807332524
2017-05-01,16.720486396262448,0.9710077868931384,15.06955608361033,79.33257160850852,14.34101855645983,19.068691461183757,0.4560216194472001,-0.2141884643450931,8.324968096510746,337.0615363575854,0.5034060327006851,1.631227179548689,42.493231045837504,0.6859822450209171,22.05636887921355,171.36321203820393,-0.1060413259407466,-4.657328625532964,243.2071568780544,-0.0386930292305008,-22.04427767398353,1.3161261179037695,0.0556829826733588,9.307747783992392,319.5949529971644,0.0238047194502087,-7.216321416626307,265.274980959596,-0.005174022756011,-21.182789815498907,126.46095873560058,-0.0665095518788833,11.273557678685078,224.4167347167998,0.1120002205516386,-16.695788587028122,333.2198869830372,0.04690571989334568,2.4016898124743906
2017-06-01,46.6080962266229,0.9585068604681448,22.04938562478997,130.18103560715537,13.206706745638872,10.4885265470859,25.704808890372497,1.598583874921601,15.40767036332156,0.8038042805967222,0.941709238458955,7.654948839665532,63.45287959462802,0.6670555644199588,24.28401427600028,169.22930665230228,-0.0258402577664119,-3.9362389286290824,241.45403901707252,-0.0699681289975517,-21.99663055269222,2.899518527040407,0.0448479748916734,9.877592127013427,320.1019326372212,0.008356679541843,-7.038319702347213,264.90459172438415,-0.0179574993061287,-21.27354469534636,123.4898011061215,0.0027973933943446,12.30864478769343,227.88809235871935,0.1119551371245185,-17.26960035801735,334.3677600271941,0.025837638891873373,2.91027951745317
2017-07-01,75.26710459122434,0.9534648064153182,23.106134281902953,164.85596203707337,12.551571780283195,-0.2749010606153229,86.24701057020125,2.0057607566313314,23.739083429441884,31.530286788803608,1.0847047897683222,16.57125184635594,83.2371723633883,0.6526910418689406,23.32010772933329,169.790169382784,0.0619027500129916,-4.2749825787275055,239.28065075570268,-0.0693906184946925,-21.94497763936791,3.982436817204257,0.0261862842780363,10.25767242908848,320.10926843258966,-0.0077558110961709,-7.053243191952439,264.25316074113744,-0.0242639419435202,-21.406032324541233,121.20439889998586,0.0025633583262882,13.084736810624252,231.24586574277996,0.1118936826564733,-17.7847425775208,334.76620755096224,0.00024140283419388914,3.136964503741468
2017-08-01,104.85089508632112,0.956514546879515,18.017484544249665,209.92554798531808,11.951935211701064,-13.672228308388345,131.92766573512853,0.8556535914265782,7.785749688511978,66.33737247732623,1.1538528342191745,21.86167593746841,103.29753737316312,0.6422657644192573,19.495862904709885,172.89827158973378,0.1348184142194107,-5.582353969538134,237.55465008634036,-0.0376365939995906,-21.924597740693677,4.423693217838403,0.0017669413887409,10.40411988222226,319.645251378688,-0.0212942761942497,-7.247621164475022,263.50573927995515,-0.0225167130939981,-21.556050028373136,120.23195732129209,-0.0198307920977832,13.409106769809757,234.71337119032432,0.1118137831475881,-18.272797768836043,334.36301870483476,-0.025542639409491336,3.041022645117663
2017-09-01,134.65688295336096,0.9673342055119024,8.284526346512026,253.6921697772216,11.948256102411325,-19.391309400660948,125.6860563283961,-0.5793889283788554,8.753370039136017,102.84619044201276,1.1987079167365975,18.61072616341748,123.1024810913884,0.6359700984322516,13.534070971226864,177.89776031902437,0.1839190274179218,-7.552365747372817,237.11555755031304,0.0105570329372619,-21.990841159579343,4.096431605476205,-0.0222300699470178,10.277920917800447,318.8662706780294,-0.0274447153574556,-7.55620893874851,262.93870558959446,-0.0129279014389925,-21.684737658488302,120.06984238037808,0.0200430500767123,13.462512500376834,238.17817331343505,0.1117197591320948,-18.713050101628237,333.2732293208167,-0.042642497889689324,2.6380863832547417
2017-10-01,163.9076627408327,0.9828712963424904,-3.178121003328622,285.7476961945635,12.33289653955923,-16.608540688105,157.6625539237772,1.814999987602255,0.872879095512754,139.31342806733767,1.2300482925746252,7.689785142106677,142.13222441580268,0.6328418685915376,6.510117879224874,183.86343322514904,0.2105492701034265,-9.7794272468712,238.14105353793747,0.0567582295766071,-22.143637020036028,3.1674955916077177,-0.037841922254513,9.940922747115437,318.06967004028246,-0.0240826822890523,-7.862330743743454,262.7533068356824,0.0010514700910873,-21.764470828997258,119.3106235628684,0.0207708401608965,13.71280481496346,241.5282630414248,0.1116181200485176,-19.090912757953557,331.9267091883221,-0.04435551094236277,2.0803218207293495
2017-11-01,194.6529853633518,0.999999573451759,-14.418611444503064,332.10646407564474,13.493244115947425,-4.173477111338952,208.8029792022183,1.4970070207737876,-19.861563924935883,177.7862656211641,1.249426294372627,-7.14747366432303,161.72540504090242,0.6310563648338627,-1.2718680354726974,190.56004335679413,0.2180648686820211,-12.121023979725344,240.50715635980544,0.0935161859639931,-22.337977851906945,1.9246162832728295,-0.0395501526667526,9.495459625570549,317.4935253591865,-0.0118306437990066,-8.07598329249418,263.02499905472916,0.0162650681963082,-21.787900161531713,116.89509789344775,-0.09248073480345,14.495189966686793,244.98669204628703,0.1115053668465705,-19.428851970605397,330.7428267298717,-0.02944119837551156,1.5311230469145785
2017-12-01,224.8733740402293,1.0131004409674416,-21.79426891730559,7.913000614234216,14.423184195669691,7.606446782790357,244.7737875560484,0.3552266986830742,-25.16421386154201,215.4125186427727,1.2570934552044082,-19.324658443109577,180.63263704274735,0.6288281583651172,-8.601298666948713,196.964431648442,0.2053291453784128,-14.181798511583072,243.6580367245227,0.1138042885784699,-22.484288812425124,0.9077978783594868,-0.0259481835973557,9.136103189180128,317.3819605970967,0.00478662346215,-8.108320734122247,263.69913589782686,0.0278948285333621,-21.753689273501607,113.57332613328258,-0.1525720832552244,15.532380588093435,248.3301592827562,0.1113920950241902,-19.702520417362884,330.2218795700894,-0.004162332088402497,1.2115842573972837
2018-01-01,256.4026212314204,1.018757000666089,-23.02084858462244,60.69435062782937,15.259694113591545,19.32181087055852,233.84780975653743,0.9583296620328317,-20.89463810741559,254.41893879314057,1.2582045431859386,-23.632740503465342,200.0618799091011,0.6236289079373224,-15.230891900061089,202.82988666103768,0.1686885344220176,-15.88671650464124,247.2848842480106,0.1170571832825075,-22.53302055001051,0.4660507601679712,-0.0014567412474816,8.99071666324607,317.79899212148837,0.0216450834474677,-7.938790561122502,264.6736791795803,0.0337556345078005,-21.672778082296617,111.25094667292228,-0.0771195962848102,16.228822892882572,251.78148651168488,0.1112743918045378,-19.92760049572748,330.5366589030757,0.024093709545966256,1.2112925278475055
2018-02-01,287.9571680412034,1.01461707727556,-17.17351480517426,114.07268436089048,14.872596059607186,15.66516178105879,276.5803452254312,1.5959387047280222,-21.672179220417355,293.38970446457415,1.2547801515931611,-16.869572963263987,219.24448786943216,0.6123864919528598,-20.19126910103649,207.14445507316177,0.1049521768448028,-16.999128481991914,250.72636815458097,0.1018602681256501,-22.470366913342783,0.8348596082340647,0.0248289826681355,9.14283400341242,318.67266377184353,0.0335959903720564,-7.598039361405939,265.7130284018558,0.0319924452189776,-21.57195580978531,110.82337037789796,0.0006642586243384,16.354070220801766,255.22920171288095,0.1111596900556616,-20.091550509694237,331.6533868463282,0.046449921420438134,1.547708348890521
2018-03-01,316.2365573402637,1.0035422198253303,-7.687272384443903,122.28154274617144,14.564541644089784,13.70605064887826,326.14813435375584,1.884562615958345,-4.64545698745815,328.43112605688395,1.24681835618259,-4.216975079585608,236.1446861306967,0.592551183197533,-22.796806639719673,209.010114475045,0.0255041343122929,-17.406815468846467,253.2071482420264,0.0730483331580464,-22.36001976372428,1.811360534362005,0.0437800592811524,9.511541646917124,319.68951771718616,0.0378963225832614,-7.207039309606951,266.5123121953653,0.0241989048767082,-21.493245204683745,110.75072718198795,-0.0175339856445762,16.375005002205423,258.34028396038315,0.1110616205841235,-20.185145762970727,333.13317334882595,0.05761670943649029,2.0696267142493916
2018-04-01,347.1042133878713,0.9867736922067776,4.437207167832419,173.0855160630241,13.530069150786874,-2.534712107270573,348.44760322173767,-0.8078905642776636,7.693821378036425,6.87253759366128,1.2318226438533155,11.36663881271021,253.93618746444147,0.550256210787904,-23.536198539687646,208.3114184063321,-0.0687150668169545,-17.162036191536888,254.80065767297245,0.0279275023359953,-22.257392425607694,3.3786578702187615,0.05552273994006,10.086535097976654,320.8372766406046,0.0348041576223804,-6.770652981945925,267.06275496600085,0.0106859798917915,-21.452074715448376,109.23682430549584,-0.1667800106664468,16.811928721157024,261.7816259956452,0.1109623466627851,-20.226466087978064,334.9650369821557,0.05852447991005188,2.765438195135307
2018-05-01,16.47016657916343,0.970590292814753,14.99600256842965,207.83605838390756,12.695211444278485,-13.512107888046163,349.62765147281124,1.0373105188683645,2.7745674404094336,43.547858521514954,1.211817912516381,22.42829405181562,269.32944039804016,0.4659616874093415,-22.692018725179594,205.26216278327257,-0.124362093101526,-16.343377634042948,254.9043055850351,-0.0207739049991243,-22.245266490053957,5.084462627711881,0.0564488748587652,10.69744295715974,321.7478399955396,0.0248904793097836,-6.430573269823443,267.1608671266537,-0.0041084936590016,-21.47897378670138,106.18119930335754,-0.2121541443216291,17.660019340427116,265.1092034484629,0.1108783778818617,-20.202363446914887,336.59522568782774,0.04843774145792025,3.421740888697921
2018-06-01,46.3610269518892,0.9582158647414069,22.016162690300614,253.1479158574607,11.925331952162434,-20.68750341497408,40.14198135853496,2.1416231104228394,20.85924043800072,80.70850569817334,1.1832806902861028,24.4959738468867,281.2499473035108,0.2805028461172332,-21.716275319233883,201.48543643083508,-0.1056653675365311,-15.344286140165313,253.5866515516641,-0.0608940073152449,-22.335714112329384,6.714655062551557,0.0470434066932833,11.267501162315542,322.29368616745614,0.0097435827354633,-6.236275907091253,266.8205032406422,-0.0171053926012585,-21.57681521152523,103.12602059073328,-0.0882145575406543,18.4599273318844,268.54527962332224,0.1108067537691467,-20.10960222749194,337.81066600960247,0.028606616602366304,3.946037024646167
2018-07-01,75.02160651367268,0.9531503045213604,23.122035005714764,285.4111325671618,11.790235649249947,-18.18019302856162,98.53410984918358,1.4508135026691948,20.893680417376757,115.60725627574688,1.13854489725696,16.596401002442686,284.99975262706073,-0.051783065190266,-22.795043968983357,199.3751850358866,-0.0292495724140466,-14.834714951487262,251.490457527642,-0.0734698023543116,-22.471402905991408,7.879911228283561,0.0294248278258666,11.66465833313176,322.34228689066083,-0.0064152946139115,-6.235949217655497,266.187387885274,-0.0238977705879924,-21.71844609882637,101.85500892647522,0.0050915853653606,18.77772180663801,271.8686487861792,0.1107541298889424,-19.95286921478367,338.3027300010331,0.003642923722255737,4.198934280094698
2018-08-01,104.60385874804274,0.956270329577031,18.07825750010498,330.3033231666706,12.2405506615561,-5.86287243905989,117.94144161916594,-0.4763969786508622,9.86004777611134,149.69664099172664,1.048781731789841,2.509870169663433,278.73165486000823,-0.2686324078925252,-25.900587134905,199.90529096625,0.0621920081059813,-15.120274969880246,249.44860845514373,-0.0529668569568981,-22.599159695015288,8.429628140257716,0.0054342674746576,11.844054724314791,321.9133734950981,-0.0203967967224291,-6.419272462021646,265.44127388321783,-0.0227920990941749,-21.87690744073887,101.76532007100737,-0.00074870777554,18.799529675145617,275.30142473233803,0.1107186157644803,-19.720655026103636,338.0023236639852,-0.022438555759745633,4.1356720848079025
2018-09-01,134.40564158792571,0.9671945262934776,8.373028035951792,18.099705951304635,13.14859775196532,10.574349632417237,117.45990680463288,1.4751334736815012,14.979932077781472,179.3835704575202,0.8285007020797669,-12.107507625294156,274.6277084199729,0.0595401485556364,-25.95152640411572,203.05196948183857,0.1368702937651758,-16.142624735578043,248.45244580071335,-0.0088862964071251,-22.694991581568043,8.208978876521682,-0.0191545595999111,11.759252709707392,321.15067616510896,-0.0273085117948478,-6.72519977386104,264.85673569849723,-0.0137681449711495,-22.00965910436088,101.28025644136557,-0.053995056725114,18.91802496387991,278.7334131493979,0.1107034353586522,-19.416275818385564,336.9883310521726,-0.040993513668759585,3.760512421813053
2018-10-01,163.65069053168364,0.9827673070856214,-3.082394232248543,55.51699989785766,13.754809438152137,19.513673220082392,171.31480315332743,1.6762390335831563,-5.549750091536691,196.29249564080828,0.1773358144202272,-21.40675562754657,281.83152102722727,0.3913244123082736,-22.545513958333355,207.95953990726548,0.1864794993044006,-17.549513001385144,248.9156453704688,0.0393410386676833,-22.75730694177585,7.349495050818581,-0.0364092067290959,11.458012344966695,320.34611121720985,-0.0247463433195987,-7.0378042268270775,264.6413833478443,-9.368895874935084e-05,-22.087275359889254,99.44282700266692,-0.0413510943031993,19.355653610768854,282.05454301562963,0.1107084875043749,-19.05260122394254,335.66008052052365,-0.04484194806095227,3.2137929639600125
2018-11-01,194.3904203628314,1.0001691250855216,-14.338705965293368,108.38742420571982,14.09265997571399,18.04893404976375,216.87543911851557,1.2174854931573995,-22.90251056616705,185.78440476839563,-0.5552717141561531,-16.241333768870437,297.05101141753164,0.5668969260860862,-16.61963783555822,214.2468930358598,0.2154705761495136,-19.116262254625124,250.8211299986049,0.0814641011803932,-22.76667808275511,6.1155669325261135,-0.0404492884062791,11.030383001230572,319.7396794969339,-0.0130963094069633,-7.265154086245162,264.87728172597434,0.0151193057159935,-22.10239688981461,96.51294309520988,-0.0026096705438018,20.012949609210395,285.4868482958692,0.1107340022702517,-18.60530891293937,334.4282334245739,-0.03198724890675462,2.6540740485736953
2018-12-01,224.60768953605995,1.0134646098969722,-21.75496580945545,147.36310382048754,13.857477876329344,7.172780344678371,216.3665111403128,-1.0717887643602813,-18.34320239673737,184.99309907892663,0.4981269895309478,-9.88535888551846,315.35692406764554,0.6420623486306192,-9.081380149843945,220.8775641036248,0.2232870336098586,-20.486928370171547,253.70428764055524,0.1080794091347314,-22.68120682322173,5.041832530455216,-0.0287709876456757,10.662024306035809,319.5871003071639,0.0033432375023995,-7.312918102704127,265.5207832579698,0.0270181431007802,-22.056037987619007,93.93464173580097,-0.0281576132739197,20.548423747598896,288.80947505303567,0.1107774880292351,-18.103508888666656,333.81338093521583,-0.007764589392160445,2.307366414966161
2019-01-01,256.1382703429652,1.019429147374489,-23.039880109316737,198.2518533233663,13.001100459894248,-10.706789482588588,239.7360934712217,1.4612793703789857,-23.17075847495566,209.37635862916048,0.9811826077915792,-15.312948961107308,335.8164091267903,0.6717578749092303,-0.2978275733027489,227.65102774578617,0.2100257826002857,-21.573757033186965,257.25841008403484,0.1182070487574434,-22.467916206001423,4.496658434248457,-0.005154951735115,10.4840088426251,319.9625229177485,0.0204406169591268,-7.156635591923453,266.4748984934418,0.0333465561582771,-21.961128611056935,92.7572101722399,-0.038012145555935,20.779037154792093,292.2445106350317,0.1108406451491659,-17.51435228336955,334.01562981064126,0.020562463985462635,2.2720666576348383
2019-02-01,287.6979181904151,1.0154648899199603,-17.24152929944481,245.48422144743975,12.109841028640036,-21.015614111992672,289.03779325565944,1.738350336927453,-18.8536286198711,242.5423613964255,1.1325927486102778,-20.816846776592588,356.77455534656906,0.6773410971446054,8.426547435698446,233.64967897944624,0.1728646241822702,-22.256760107919145,260.8376445067488,0.109735655310709,-22.14858593159064,4.753910918527848,0.021473075509479,10.591923725052409,320.80642906669067,0.0329234839411295,-6.822997790156309,267.50934677488306,0.032120098245538,-21.84771809301798,92.66390349505237,0.0221317809522528,20.79671849233986,295.68176532382074,0.1109203183882496,-16.854366602583923,335.03572854405144,0.0438527385852617,2.5766005572405497
2019-03-01,315.98177373168215,1.004295076313729,-7.778092258240189,254.5359171981567,12.007679901346524,-21.60695682770414,333.7750042958174,0.7255187942086402,0.9691274717274716,275.05316651619,1.1829232026085363,-19.50180804231948,15.684780833672775,0.67212461017539,15.37348873006628,237.75144166081736,0.116552253865645,-22.564863497722268,263.61925001827234,0.08667594824499,-21.833868736570658,5.6492341736079235,0.0414156069669162,10.921195987520797,321.8120408620701,0.0378013911664556,-6.432018855716786,268.3180756644742,0.0247759404853982,-21.760828560448783,91.90126013046724,0.0249539380567267,20.94088135124052,298.78868653810616,0.1110044177949603,-16.198452825598604,336.4586911444738,0.056228528230735916,3.0775321823355384
2019-04-01,346.8561878064438,0.9875699986753714,4.345428583736085,298.59840091780944,11.788131251922678,-16.256854777896077,322.50872855246377,0.3055414118952807,-5.492659312886301,312.1121227987806,1.2049611711068025,-10.065496366394171,36.36944151392533,0.6618193093090606,21.150916520968277,240.0812649162191,0.0303231630857008,-22.677996737228455,265.71494832627536,0.0463493208333309,-21.564174955356705,7.165295009104556,0.0546415058981981,11.461025591946608,322.96669824030204,0.03536401220149,-5.988772780274763,268.8918942859148,0.011613277594739,-21.715527187661976,89.55858737457966,-0.0759821385262977,21.3605676390163,302.2314076214146,0.1111082825543704,-15.407551556236593,338.26987212442646,0.05863529727776297,3.7614214321622566
2019-05-01,16.226664026056135,0.971327763109824,14.923791127700664,330.62854802164173,12.074998837369598,-6.255602147543031,355.7809264652468,1.662841851242606,5.47451767357416,348.39075376846864,1.2128675389448305,3.4224013412288277,56.06137240920833,0.651099220473335,24.14473844371542,239.59372238685765,-0.0615878325592139,-22.656952957433827,266.3957245227132,-0.0015899381532564,-21.482754200020892,8.866485825832578,0.0570742738513962,12.050974435679429,323.9015337515133,0.0259607459296687,-5.636466088137542,269.01985487433427,-0.0030800695572158,-21.743806623633823,86.3786099844659,-0.1437097736144641,21.872045154429536,305.5662667489159,0.1112166966205756,-14.579172027471346,339.92361650204526,0.04993928651869595,4.418524654560425
2019-06-01,46.12070150502374,0.9589050786579834,21.983179884059663,16.190776229428614,12.963366252839592,10.359345704549282,58.43653977719379,2.0121290520714132,25.017589577431146,26.05124082257555,1.2172689288406835,16.557482428773994,76.09467659915684,0.6419439628381384,24.196160026757298,236.57235945592913,-0.1233020981500753,-22.511354374325546,265.60002804109627,-0.0477560853437427,-21.625329205347256,10.537935761491488,0.0491007782541444,12.615691825753222,324.4855150661154,0.0111068674008724,-5.426115862562955,268.70922043300715,-0.0162817337802977,-21.847910207016163,84.06623160121096,-0.1043491710264323,22.200600181502185,309.0157843288176,0.1113333394118982,-13.660244021102152,341.2041157316053,0.03128440176459026,4.956670127690429
2019-07-01,74.78142728839434,0.9537666178184702,23.137126865492363,51.07907974680657,13.798599629836,19.79724977400086,98.48091366202551,0.5216378775260333,18.685773011363143,62.64705344019819,1.2234511010127087,23.211948679401605,95.2566958102191,0.6363316058614202,21.430399632678885,232.8752627091897,-0.1103466622469058,-22.271858084876943,263.72943295028506,-0.0723784334253918,-21.917967948062685,11.781572626363644,0.0325622752803654,13.024713715227543,324.57545501467786,-0.0050864523130441,-5.410228853348662,268.09496721172445,-0.023533858431594,-21.99828387292975,83.50617239979412,-0.0175008859769116,22.274465282354797,312.35749669205177,0.1114473974165069,-12.712372155775954,341.78740208384727,0.006945465392835166,5.234227662226756
2019-08-01,104.36186310402434,0.9567790667550348,18.1377831006387,102.49951326747303,14.91725796170509,20.27485877750475,89.82264154750631,-0.0168682693538437,17.629461804096877,100.70393721392816,1.2324597305504346,19.98551238784716,114.94151549959638,0.6346193238738391,16.200213578485254,230.55179242343831,-0.0327098213046862,-22.122472509949528,261.5139331360439,-0.0648071192539711,-22.238224379562233,12.438433087253864,0.009076513596174,13.232955758778507,324.1826634878394,-0.0194893671367328,-5.581629357381474,267.3513874719497,-0.0230351045684862,-22.165360997365248,83.46110431066116,-0.0229841649704558,22.2801622645444,315.81416438612143,0.1115627187764149,-11.67503675861728,341.5888572337264,-0.019380516249652965,5.203084947954249
2019-09-01,134.15942658538947,0.9675317080279364,8.459996550853633,156.41945187693716,15.163428933944642,4.288494712956477,131.15855736813364,1.9651326804274631,11.219438006631693,139.03130543957147,1.2400947016038788,7.924607755455141,134.63767368958733,0.6370346903786764,9.28842820220363,231.0130480503874,0.0615565140803221,-22.26917082686837,260.02453715750505,-0.0276130319588759,-22.455081643455365,12.32730804190402,-0.0159654772967242,13.188152962253968,323.438076091123,-0.0271273251226012,-5.883694742192446,266.75087227092746,-0.0145455573734755,-22.302907877806597,82.20839179115895,-0.1282129476639034,22.43720957942277,319.2743223340944,0.1116719607537259,-10.58183731930833,340.6528698092126,-0.03926360925468052,4.856783878136033
2019-10-01,163.398780685942,0.9830361350851377,-2.988317823139548,194.64907004334452,14.602220817208824,-10.124740073390768,182.49252495329992,1.4608437372631864,-11.19449822569818,176.28422702341626,1.2431486830176268,-7.125277127719794,153.82506643126356,0.6428863839960899,1.7124669396544276,234.05382484946907,0.1375990275424591,-22.650747180278888,259.9128629251018,0.0207604094094112,-22.516978558921156,11.5445549392027,-0.0347194473487204,12.924930618422191,322.6275459663832,-0.0253450336636499,-6.201700679284068,266.50683334271616,-0.0011722398838907,-22.379427934817773,79.36735975464264,-0.156828878072736,22.752168496980637,322.62595596265584,0.1117685332331854,-9.473730361045703,339.34811457968976,-0.045133489357164026,4.323587753140781
2019-11-01,194.13362726490536,1.0002609227529282,-14.260599253917574,244.42125751551907,13.219845181741029,-22.389831997339147,213.5004692842051,-0.0485618462792944,-22.26062401994868,214.8141643994107,1.2426282349951323,-20.21418734163722,173.88119204582114,0.6515975360949621,-6.299732302880326,239.2236028061192,0.1918892276474318,-23.076564628530942,261.3032421421922,0.0674097768922873,-22.412278291711388,10.329541601804356,-0.0410165229629499,12.52069787110674,321.9923877012651,-0.0142915525114262,-6.442141519853085,266.7077170995421,0.0140207365214233,-22.38731061033155,76.18719110646322,-0.0247838656238741,23.035392666532086,326.09217028977224,0.1118558377798588,-8.280160089379425,338.07491611903333,-0.03428189864596305,3.7563738588667763
2019-12-01,224.34764234099833,1.0135567625719668,-21.716703807347795,277.8385017399566,12.48146470116437,-21.736154171566803,204.63616458704516,1.1784098828661254,-15.294495761218414,252.0429897868342,1.2389701680350431,-24.75479739975267,193.57549538674385,0.6616000543835404,-13.48401641617578,245.47769972343775,0.221587310798984,-23.29742094203521,263.8523920391501,0.1001185332516039,-22.138236553415688,9.207047601549208,-0.0313388938813598,12.149633633717883,321.79931562960445,0.0019414983566805,-6.505430094769263,267.32061672335414,0.0261509459650058,-22.32960762480832,74.54360789325915,0.0313905123876043,23.152590614062476,329.4489304641443,0.111925569323407,-7.0814827630859565,337.37143371645516,-0.011158376089072358,3.3847881585674924
2020-01-01,255.87763637516355,1.019425720511678,-23.058936529680494,322.0061467851399,11.91063237951711,-9.973367526188214,250.25145421924557,1.5748249629493998,-24.63603315885244,290.2776421237331,1.225695745935801,-18.264279159652748,214.2527312751311,0.6723876585456159,-19.44644922100867,252.53846209905387,0.2304061250041599,-23.179968523984805,267.26307014712387,0.1169428203693297,-21.683907148306776,8.562186899941173,-0.0087635005010237,11.943738405168782,322.13264925957264,0.0192283756057611,-6.363100395505156,268.2536727105114,0.03289771375225,-22.22113337390489,74.25328190604844,-0.0057703765798277,23.171142286432445,332.9195180241637,0.1119802218826549,-5.801459349457669,337.4644681443438,0.017149095526540616,3.3155932445551337
2020-02-01,287.4394838357676,1.015383916492997,-17.309459494798407,5.635751930339742,11.957113566947925,6.8717019738135985,301.8499085785576,1.6551626494492264,-13.987093347443562,327.7835167452452,1.189149243796633,-4.009755360311313,235.2609895082934,0.6826438423717078,-23.003519825627116,259.5359498294311,0.2173507222606202,-22.694184316026803,270.9103704883022,0.1152938103513322,-21.10600393817289,8.706452043190447,0.0180326870608938,12.00902625685111,322.9454814644989,0.0321929477117858,-6.037669440011026,269.28205189783273,0.0321755188564277,-22.095107544181868,73.67902263561905,-0.029144269324544,23.2060833566872,336.3914998932158,0.1120152995332369,-4.483265555032816,338.3892378384565,0.041274437614361,3.588062646475856
2020-03-01,316.7315661953384,1.0039123493643394,-7.489316355639128,26.06240164143493,12.081525690826757,14.296226456434988,308.66466693079,-0.9604450372518106,-7.2834075985727535,1.2994076778582702,1.1136607473842193,10.871724135083776,255.1838292105598,0.6906806475486916,-23.51874803344309,265.41086312441007,0.1842306295855201,-22.01889675915332,274.0304236547913,0.0972852593989132,-20.545804396992384,9.555430962753375,0.0395161255872203,12.311339962887557,323.9760423613055,0.037711792780827,-5.633099462861383,270.1241615619321,0.0249333844772466,-21.99693412282381,71.68298363478942,-0.0576254010486743,23.308612832987908,339.64019331144164,0.1120295020524903,-3.219190279912946,339.8103863341888,0.05513154229936581,4.0871948568787495
2020-04-01,347.5936265861601,0.98691044568233,4.639451821717333,72.4192682450599,12.900289802895692,23.610778569389858,321.148627879289,1.2944368031533515,-7.775816978673633,33.37942574255023,0.928415711044292,23.09870091773101,276.6839907725541,0.6950036295070474,-20.919475142105885,270.26174129100986,0.1242481219704366,-21.29900130527685,276.53949646021056,0.0620387922953299,-20.062428054879497,11.028457140350458,0.0538227613750989,12.817018279585872,325.13395280827035,0.0356467219827163,-5.185051877553332,270.70716297658356,0.0120024011671762,-21.94907872439438,68.59643034179156,0.0008169955828221,23.40832756174295,343.1130802757605,0.1120242398494011,-1.838903005371199,341.6036886864079,0.05858605560101395,4.760253977542374
2020-05-01,16.951302811966247,0.9706317478473596,15.15457026888512,108.72453299828786,13.659746230129636,20.28650124797567,12.409254314707766,2.09914992845012,12.974401391586992,54.98283313560564,0.4201652421269295,27.7775955749355,297.49762184292865,0.6898090793463583,-15.824724627716517,272.8142390977251,0.0422820292257936,-20.89306458402113,277.73724661357886,0.0164351715891552,-19.84131151865302,12.722428345487188,0.0574039801394644,13.381951065105715,326.08272914331513,0.0265572058658265,-4.824992629300661,270.8495399225526,-0.0025664063179588,-21.98049556003284,66.13687985769752,-0.0028000491499158,23.43634217961471,346.4734804723318,0.1119992600723116,-0.4786283730477082,343.2720042756762,0.05090355836555839,5.4145146625583305
2020-06-01,46.834391211504446,0.9581490445620752,22.0870943341843,161.49525770786968,14.464361250792992,2.5538121482317977,69.98198972110534,1.1775984273232536,25.337905331548743,51.16718047252157,-0.6140579594121887,23.748319478470098,318.56096457320564,0.6635520967754306,-8.985923230596672,272.6275574093826,-0.0539785369957225,-21.0084845837246,277.4726471149911,-0.0327018008035242,-19.947575267655395,14.422473292620436,0.0505488522511641,13.932900206951675,326.6894421904159,0.0119084852538693,-4.604789792866165,270.55514736867514,-0.0157940681012356,-22.09231438958348,65.08165180977953,-0.0228634420355721,23.434345054338653,349.94480016160867,0.111953658398844,0.9478927358835328,344.5979574884578,0.033146978850548674,5.958478886467482
2020-07-01,75.49066278434768,0.9531661705676436,23.0868835672289,200.85108803404384,14.251777202823831,-12.814333366882517,75.67711127236798,-0.6024836232820528,18.65219870078328,41.80256777278912,0.2072099491318638,17.258458582169023,337.6230468580941,0.597312830054065,-2.171611762695927,269.87936332024856,-0.1205506160302405,-21.59208230664358,275.9271476203537,-0.0666486462655636,-20.33027781644486,15.72471284013159,0.0349039971840278,14.342920047971056,326.80463511538153,-0.0042701643271439,-4.579473467391864,269.95279480859557,-0.0232402414195034,-22.252045468837796,64.96916529433975,0.0172633682809714,23.433633760570824,353.30252216009904,0.1118917635325209,2.3442493792578225,345.2471640222938,0.00933854045958328,6.250086448492238
2020-08-01,105.07341628381404,0.9562924033503778,17.947279213629663,252.6040004981637,13.406738939643768,-23.99539867710169,88.4407078440375,1.667848928516482,21.44285244780824,60.011373952774385,0.8465961266455831,19.285058176206604,354.07486943480603,0.4436664088127116,3.5878008025348667,266.000783122935,-0.1150904320492912,-22.28667248787536,273.6905416013711,-0.0717077839050599,-20.835132919100047,16.464163207019606,0.0119217714940389,14.567938006694275,326.43439393220245,-0.0188874607201392,-4.743749664249772,269.21307197852843,-0.0230557375345762,-22.42744006517663,64.48600488345048,-0.0155138471708351,23.429508340427816,356.7699610087454,0.1118114526888599,3.798808592914866,345.12401386103727,-0.017052148060025876,6.2396205886182425
2020-09-01,134.87977745386905,0.9671962039815368,8.184792414454266,300.88466483897105,12.505080573063704,-17.21297015703822,147.8383437169249,1.7122708492571626,4.01254870310427,90.15223453773156,1.063945667813074,19.37080075910179,3.4278468755248346,0.126104103902082,6.633712989889164,263.4966133439707,-0.0382043977002049,-22.679324812565124,271.83032988035905,-0.0434297616353825,-21.23064701251787,16.439955907047537,-0.0133386632924063,14.553071703289184,325.7016713359555,-0.0269520228737547,-5.043660735916387,268.6060879173563,-0.0148962790207932,-22.56875139848846,62.2884053731487,-0.1791603817906878,23.38851468941263,0.2346849112194662,0.111717042426806,5.260256247625837,344.24789188269216,-0.037819549652773427,5.913951423228898
2020-10-01,164.13180205653146,0.982776428768138,-3.283298773445899,334.4627027252579,12.02875357579619,-5.125966350018232,189.80651845843525,1.0021756211393826,-15.447142135059824,123.68667675033971,1.161021313263818,12.468600293924226,0.9049892404121804,-0.2710475168443195,6.239135921162249,263.78180520140313,0.0569263126155643,-22.66423914736808,271.1976862588108,0.0029413470837482,-21.375190631025493,15.721068289016111,-0.0331680653346936,14.32315771558106,324.88834744070937,-0.0256548782743579,-5.365155728124672,268.34758983166165,-0.0017462750887763,-22.642810942290676,58.977995670171936,-0.2208336578166074,23.25810683224574,3.5846902147082473,0.1116152083370602,6.676240512231384,342.96419080005194,-0.045154834644835044,5.39243681680338
2020-11-01,194.87891678713405,1.000014968545743,-14.504175348834128,19.02976582006965,11.853955678775188,12.806858588029105,182.4760706502675,-0.527070922203975,-9.258851344002398,160.6255159961725,1.2159959764713213,-0.4232465813714872,352.22311882944945,-0.171829923938151,4.8234603335088115,266.89928490338013,0.1401650190140267,-22.231883882355667,272.0746677745884,0.0526895216197815,-21.235802623172155,14.52690981900638,-0.041213432113236,13.94493080287304,324.2365422303709,-0.0149957897357608,-5.613594751845249,268.5291682346734,0.0133657830392626,-22.64199047835747,56.335596026976305,-0.1020660778246135,23.09521055579412,7.043025652762296,0.1115022603265455,8.135950026814184,341.6647517775618,-0.035836653745367715,4.823105395751139
2020-12-01,225.10176929667944,1.0131619074875589,-21.83520915837525,51.808800014372274,12.150722708150326,22.334682407476016,214.5660026192668,1.5586361460997211,-19.32925340222648,197.56077267751328,1.2423644644813825,-13.778698078470464,352.9090893523964,0.2046796551109105,6.656139786395505,272.0025335441834,0.1957903909660562,-21.37328064656889,274.2609114252716,0.0907474533390964,-20.830454223667637,13.37214553157389,-0.0331686856083171,13.58023301977182,324.01947998953074,0.0010859807618084,-5.686047324073539,269.12368205383603,0.0255696414605118,-22.5717644496644,55.74716339108078,-0.0031051941169377,23.05194178304351,10.386398969385002,0.1113889414887993,9.540055950444536,340.89911609578655,-0.013601237864860047,4.436919758438329
2021-01-01,256.63381249089724,1.018891943082231,-22.998527405956757,98.5894662726526,13.069539677356047,23.021223425411595,263.56909647392365,1.6278167637104413,-24.34855736937367,236.2652789012056,1.2522127538696315,-22.4337463199941,3.2117242119025424,0.4317087880106164,11.346228758025005,278.6370091639285,0.2280944753327252,-20.010998679247,277.478783870415,0.1138067066652129,-20.173343610762103,12.653322957121368,-0.011538460463449,13.35893171852338,324.327503461294,0.01846145882003,-5.551598592868215,270.042041129498,0.0325118040013812,-22.44907762029546,55.73790008715615,-0.0523056189147066,23.051318190568004,13.837628635056388,0.1112712698711382,10.976601377879708,340.9133381414473,0.014610997309751472,4.346011297446129
2021-02-01,288.190428742195,1.014766201939494,-17.09617049359973,149.1339072180886,14.098345500697803,7.327043852217525,302.17512274236793,-0.2516825452144722,-10.758355468296172,275.1169748338825,1.253035590529016,-20.909546888500262,18.40164913318863,0.5342276282954336,16.828188425030838,285.91125560392976,0.237476357293968,-18.230735954491873,281.1282225516803,0.118488308030585,-19.35650206853604,12.710215518587525,0.0152764481013561,13.39267830243303,325.1211965822603,0.0317080158848366,-5.230425330418119,271.0629270172405,0.0320638104963296,-22.310649140275164,54.26963225951656,-0.1291721836093017,22.932046173442146,17.2852487755829,0.111156680790231,12.39270408664957,341.7679898415162,0.03931177895100359,4.596649134335048
2021-03-01,316.4697302078521,1.0035242766223396,-7.582947356794992,158.71535601700458,14.576205978516304,3.2520338564491365,289.9561041667306,0.7078277911304641,-16.106512299855254,310.16330365348495,1.2493090520066543,-11.18545501720022,34.032851212189314,0.576700251074283,21.15766646769134,292.46208508186305,0.2274596966095318,-16.405339487591164,284.3188705022687,0.1069228276535633,-18.58937389965308,13.451895096096129,0.0367858811989991,13.646925858009414,326.10575393420163,0.0374964570488799,-4.840624411536386,271.88048540221325,0.0254186478492224,-22.207589317397268,51.59024564281925,-0.1749766916110109,22.6737273086467,20.39624978105915,0.1110588413872964,13.649125128002073,343.0915975246333,0.05370249092769659,5.059611547522299
2021-04-01,347.33495467754375,0.9867447975308944,4.543811340896823,212.19223116641385,14.722423344244968,-17.947980276852764,330.3396026392737,1.7105854286904123,-4.324204530304907,348.7856166072258,1.2415475026917375,3.9479267334619794,52.29468980297797,0.598202527019814,24.22111667252612,299.07951235706173,0.195657240248581,-14.387803667098495,287.2241536676084,0.0778029693948387,-17.860991364611266,14.862413632061276,0.0525128099245496,14.111138512021707,327.26780558843006,0.0361017874877038,-4.387708540195547,272.48472616700553,0.0128714185182887,-22.15428626496001,48.41541755007186,-0.0358970258708728,22.300785754914877,23.837509556281155,0.1109598513241022,15.00931483269954,344.86391533048254,0.05862548441703788,5.718301364807512
2021-05-01,16.69661390294643,0.9705498961867746,15.079475983536213,250.4957916716376,14.357278365028003,-25.453278771045778,29.984195608288363,1.952774044645626,20.243157817066827,25.89757604728102,1.2321416148454778,17.41849636850132,70.4072058694991,0.6078011492118144,24.80366510406934,304.20396730503876,0.1420569095090171,-12.744411412851672,288.95927029036767,0.036090285959354,-17.43463312788022,16.54046790809756,0.0571795996889436,14.645889291077928,328.23875506546557,0.0275651368486118,-4.016808177472939,272.65541242376224,-0.0015550783928754,-22.185462330812815,46.88316064549964,0.0224365924156632,22.09539375901476,27.16501740740256,0.1108762464435687,16.288879750290903,346.55463759096637,0.0523303804838727,6.370540875569906
2021-06-01,46.58314535750352,0.9582874243093396,22.053330678878694,300.8416183755979,13.251918187207258,-17.985427933514167,60.40680287438637,-0.1521916299624049,22.96684080396212,63.94824767554331,1.2224456018272811,24.312245289865203,89.35118807383192,0.6138118816432729,22.731235642788548,307.4212315493815,0.0615076065679413,-11.727943892910954,289.306184987509,-0.0138662877674098,-17.404645144543125,18.27145680215237,0.0523010890805345,15.18084967892948,328.88245196054896,0.0132745256720407,-3.7811472857118296,272.39018836801944,-0.014941075457591,-22.301975847234072,46.599631604068925,-0.001981209796146,22.05572495950661,30.601034154008783,0.1108050630853538,17.566681058025917,347.9438015672995,0.0357797675916201,6.925305731151739
2021-07-01,75.24133666643316,0.9533305992276104,23.103394344288457,335.1401738167994,12.544036321584246,-4.823363590510607,54.54970482198018,0.6377579714064442,19.237334552882512,100.47177026868673,1.211614384059078,20.68399032441317,107.85480048285376,0.6197345774480713,18.38153878857941,307.8596792457842,-0.0331331327111619,-11.698708257925068,288.2247618726292,-0.055669641264717,-17.777155303514967,19.64473799739964,0.0378787831017826,15.591947743778414,329.03920864726496,-0.0028800361683821,-3.739855647369107,271.80732131187006,-0.0228146697114127,-22.469544755774653,46.23317553042158,-0.0250838043708595,22.00358351527113,33.924359593362674,0.1107529148634631,18.753977345572743,348.682717990715,0.012652250695725084,7.238915727796361
2021-08-01,104.82439521730568,0.9565943039142848,18.009202341025937,19.71291239767512,11.860701083779489,13.931465394073973,104.15888519161788,2.0910358295188116,19.789521866571413,137.79222719254128,1.1944221883871962,8.296528639483984,127.19157115562189,0.6281389687846299,12.012206846126857,305.4603624911853,-0.1141784155794416,-12.668195106517866,286.1237700026663,-0.0744086563084882,-18.41132817257068,20.488622521856737,0.0156258969357088,15.836418807928116,328.7068831636761,-0.0178725736424805,-3.890764231787867,271.07182210187693,-0.0232304632433796,-22.653623360261903,44.73122175422642,0.0109891463144963,21.77976909398712,37.35710594641326,0.1107179451990737,19.92322638972735,348.6620039736983,-0.013870207832873306,7.259180603869684
2021-09-01,134.6295450707807,0.9675870955241,8.273573506466425,63.134076750336135,11.958511099305133,25.233105465054788,158.34829504710086,1.3812125616900246,-1.6811299842435623,174.41334874318468,1.1653944480591831,-7.438014534950941,146.8359745430418,0.6397859453114616,4.404515349543398,301.5276149369678,-0.1244839230280023,-14.083457537881554,283.9783857662496,-0.0583323237612856,-19.011430746263272,20.578598356276675,-0.0098185281856567,15.856676864298192,327.99523258196706,-0.0266576939074771,-4.184739077006252,270.4509751654693,-0.015624259040064,-22.800846064955813,41.99185311353178,-0.0243328547089214,21.33208422178983,40.7890814945723,0.1107032800371494,21.02702962178717,347.86840862837306,-0.03584612606445542,6.963741957478866
2021-10-01,163.87841594918814,0.983149127381268,-3.188568335451535,95.37996378533607,12.464662452832616,24.402281214677945,180.46457071260616,-0.4608149613972304,-12.93309008003357,208.6897119800425,1.1133851461574982,-20.603303188589173,166.2375172947052,0.6542183922235727,-3.468293930263904,298.6663526516067,-0.0565798583503036,-15.020292224275622,282.8079916608511,-0.0168605166416497,-19.320718225213653,19.948812355456987,-0.0309308725315825,15.666756330392186,327.17900462600284,-0.0261721824267238,-4.509727647453314,270.16561576879826,-0.0028014278954567,-22.87555122678559,39.24313850789183,-0.0600234229687636,20.83304216232112,44.11021519134385,0.1107088996125041,22.026346910072043,346.616191285562,-0.04514894106287588,6.459816747790968
2021-11-01,194.62138256990428,1.000460826907028,-14.425998669857512,142.45239988992972,13.640696106275838,9.959782560725168,178.2317467425731,1.473472757377253,-6.789809215178834,241.53764501625835,0.9837501130579466,-27.083720492679294,186.78395710690216,0.6719221299015963,-11.369908890259394,298.488246920561,0.0456656493499643,-15.01693778311494,283.0865563494036,0.0347269801247725,-19.247781475051273,18.791385892814407,-0.0412176900387976,15.321016471143636,326.50070016196946,-0.0161757214491568,-4.770137215198489,270.3133062606384,0.012265857655764,-22.86945870963468,37.75588380499307,-0.0498681766201794,20.54288547273441,47.542541120719925,0.1107348877534629,22.981059968833208,345.2845635539517,-0.0379068337647456,5.88823984484631
2021-12-01,224.8393202111899,1.013661672831104,-21.797074739709505,178.65126793456022,14.367681284211647,-5.7745955768606505,225.84758106402649,1.5703574443635402,-22.841373811057117,266.32355890126024,0.5914569408459524,-24.78768812322973,207.21787654089763,0.6907866110326791,-17.922495178224715,301.22452299341415,0.1327693266535756,-14.043473303657546,284.8097627277929,0.0781925365750828,-18.79859967498585,17.603188202752936,-0.0353820975866011,14.965720988916924,326.2437559809649,-0.0003553054455111,-4.858204999494035,270.8774192337341,0.024684971339476,-22.78949430003011,37.56425825129692,0.0097680277627339,20.50467816819775,50.865203404075075,0.1107789506109645,23.823239553807465,344.4369519393571,-0.016884085946024766,5.481057426029964
2022-01-01,256.36850355304466,1.0195442109356232,-23.018693370269418,231.3191634424867,15.061105914693876,-23.91919079090949,274.0223588489496,1.4233691514188136,-22.305488554612356,269.1342931497704,-0.4860700504526305,-18.582098943901897,228.93868355628427,0.7108321769355175,-22.49938744448271,306.38547984262135,0.195334182787423,-12.209102750843725,287.74236455548754,0.1081141144761414,-18.00864691096199,16.792257366796804,-0.0151111936809361,14.727067307436634,326.5086845124707,0.0171842008475277,-4.738921875937169,271.7740096477206,0.0320421799824156,-22.654276561776708,37.05090143180325,-0.0319033819589944,20.400833651985877,54.30029063765627,0.1108425248101595,24.602622221470728,344.34545906284706,0.01123468791826665,5.358057789359068
2022-02-01,287.9259181900861,1.015535536364834,-17.16651446366829,284.63683146903264,14.72824228825352,-22.61163893477874,270.88884197758017,-0.4352364803863187,-17.99192004340021,257.05347777046717,0.1041813122081298,-16.247867289405498,251.2690403701891,0.7298274487610269,-23.814779448422684,313.0496674620942,0.2304388065300055,-9.76349452029833,291.3225471172037,0.1198167963878727,-16.999398140714735,16.734320128180595,0.0116378520493306,14.723216965405928,327.2692182758969,0.0309143942973447,-4.427851916845051,272.7873863529489,0.0320900364496233,-22.503470734397393,34.6174243132068,-0.1823536504185158,19.885636437854064,57.73761056101561,0.1109226054715302,25.28344626562133,345.1060267643608,0.03676447768924295,5.576634399624808
2022-03-01,316.2078145068202,1.0044540007672245,-7.677077345704204,293.44248544624315,14.31084813498539,-20.279215854106297,292.4644817664815,1.3807745226104469,-17.176908067153864,271.42325466155637,0.8038862461417383,-16.87817362717647,271.9113523258193,0.7443914513241754,-21.75122253510675,319.7009452984202,0.2418067481244167,-7.245723592934516,294.63581583864624,0.1144559039371281,-16.027112772904843,17.383177654605195,0.0339307827179821,14.936217212231568,328.2386938323606,0.0372723006768302,-4.041076959919289,273.6114230865554,0.0258810125719036,-22.39135093924938,31.590410795867996,-0.1841798949429829,19.19522235198843,60.84460068462885,0.1110070279708945,25.808803093004357,346.3730686199204,0.05231613461964569,6.016537383699475
2022-04-01,347.08139607896675,0.9876823416943036,4.449809939944414,343.83926768520325,13.169798486297466,-0.1817522402348257,345.03462976826734,2.0117932361394675,2.4517470213463772,300.9114975709134,1.052549840585068,-12.341807561689262,295.1622074718006,0.7546699143113835,-16.174499727357396,327.13484361549496,0.234567498605309,-4.374779234543031,297.87483838118294,0.0917530071354024,-15.05362882399016,18.72523830153966,0.0510557896484939,15.356512057692996,329.4033875952542,0.0365293328570832,-3.5843471901023825,274.2356767784208,0.0136860874909521,-22.331966744928096,28.94102849615191,-0.1047782931677033,18.547826506698236,64.2874069172524,0.1111111866907036,26.28636527572395,348.1238472954273,0.05867557882539921,6.659748035832523
2022-05-01,16.451222198131184,0.9714114796836452,15.007098354991443,18.12857062541849,12.355365006048652,14.635636318875788,36.76886605266329,0.8292355432033266,22.99570036339304,333.9303327993405,1.1365225434629984,-1.9539221769449735,317.8328914425173,0.7550319920478026,-8.473753129693051,333.8233324029657,0.2081691670740429,-1.7801911145898317,300.10694576434213,0.0549168651582049,-14.39132648930534,20.381332335458236,0.0576817364579816,15.857381621431944,330.39515838001455,0.028527981617619,-3.203447239989967,274.4336325423155,-0.0006049001346331,-22.36210557461179,28.302718756790885,-0.0080555661950701,18.38624815993063,67.6223548678516,0.1112197343469731,26.640104408931204,349.83615154963377,0.05374208788031233,7.308329826695942
2022-06-01,46.34485292730935,0.9589066776586912,22.021469731512255,62.96452697616536,11.843979951305265,26.395976032508344,32.118975024115116,-0.1680704056104536,15.868006816654654,9.80188057877278,1.1737250873575749,10.9585963058406,341.05912956239416,0.7406809263103059,0.4676034205531307,339.572139979407,0.1587378328906235,0.4162181373348619,301.07409528760957,0.0063731042257102,-14.154390020968192,22.136946135298533,0.0538613528082566,16.370095422968415,331.0747814085443,0.0145832160616129,-2.9528646899958364,274.1969795426359,-0.0141276287337368,-22.48252027500815,28.3265857601975,-0.0438387143108283,18.39263424016672,71.07196805107858,0.1113364882406187,26.889744984677392,351.28763927309495,0.038348712087501596,7.8719359420803166
2022-07-01,75.00590410455906,0.9537720014779252,23.119024678242095,95.50507638183775,11.903190234053138,24.85716678255899,57.89750064458247,1.7565151489245283,22.15663443052426,45.345822281536144,1.1952555786724242,20.521509347676417,2.8371316083550298,0.7075605991548402,8.711139859514368,343.31230448128366,0.0864472874675864,1.7810894786061238,300.5451640242245,-0.0404356168325317,-14.417436264637894,23.57639092919936,0.0406829529072768,16.776134243700678,331.27276202688546,-0.0015260894561441,-2.895630465042768,273.6338235304437,-0.0223870623719528,-22.65741664208407,27.30963387143304,-0.1480754171695499,18.1306351931195,74.41377381188212,0.1114504779531704,27.016264787005284,352.1157793206428,0.01590710878976641,8.205819788562689
2022-08-01,104.588246044755,0.9567581590156568,18.067671749999967,141.1560010586618,12.431466346599237,9.911506281890192,120.13026070506363,1.778010062755143,14.784167207488515,82.70529398298159,1.215303813281606,22.325340633618353,23.899617559622413,0.6454130390555831,15.59545621678544,344.5319434668179,-0.0104366015876789,2.1233500399608727,298.7423298930798,-0.0714446109331789,-15.086423927893932,24.521915506295397,0.0192406762833192,17.034078803674102,330.9789537398913,-0.0168456974944563,-3.032622510933663,272.9035646727984,-0.0233535426174012,-22.85012771070698,24.497318709631493,-0.1593275878194776,17.377260670617115,77.87053594083514,0.1115657163065557,27.025936180092444,352.1982900109056,-0.010679590517721401,8.255791788348015
2022-09-01,134.38936603347318,0.9674941002506884,8.35827215563869,189.59021211934805,13.274911032815783,-11.791125224160114,161.10539113108993,0.7297308226483062,-4.77089792974561,120.67818340561708,1.2342190904311992,14.275186186522845,42.389426631634315,0.5366041368940058,20.113239804472997,342.70495585424044,-0.1025231715239023,1.2834906555614407,296.4657566540495,-0.0693562009291428,-15.85994622388172,24.727223618512287,-0.0062221356256635,17.085398172551184,330.2899799838169,-0.0262967890171302,-3.319600967035309,272.2703335111036,-0.0162745088335147,-23.003743059810308,21.41587823059859,-0.0228198116514488,16.506044807691726,81.33078323428192,0.1116747136296461,26.911318336184426,351.4903519631019,-0.03374630866512673,7.990938907311856
2022-10-01,163.63267947407016,0.9829632637593572,-3.097222128500933,227.3567729921916,13.931370981160368,-24.56095685310123,150.19312733274035,-0.238568724141118,1.8966658749485996,157.91662755496426,1.2473252652116242,0.4695644536093112,55.90934812009129,0.3438757816617619,22.42372713767239,338.96313106965266,-0.1331108806512515,-0.2398624491550351,294.82365254869705,-0.0359323674578516,-16.37753743385317,24.19246124881977,-0.0284361058825728,16.93501355641797,329.4728298682208,-0.0266000051875246,-3.646932119536504,271.9594243318987,-0.0037855520757201,-23.07994166722432,19.663399236881027,0.0278759730537079,15.99046973189346,84.68249578288254,0.1117710299217872,26.68180972209948,350.274626565341,-0.04493898671682332,7.50656071099053
2022-11-01,194.3696092759732,1.000053102227212,-14.349885534263995,280.73559065242404,14.19391340813774,-24.101024018304056,189.48761826591527,1.6621202669112507,-11.85021949740991,196.69575123250428,1.253547997681861,-14.347101062925338,61.42657892393574,-0.020827849682905,23.871968603374416,335.5197352339933,-0.0758877441224529,-1.5477065690045186,294.48331960694424,0.0151650056070821,-16.458474494869478,23.081642741960195,-0.0408417706176181,16.625580144944667,328.76973988086246,-0.0172736040585772,-3.9184633374970104,272.0741064429397,0.0112035120051912,-23.069585098255303,19.244095120113588,0.0017260368643422,15.865287081435133,88.14878131204696,0.1118579404545789,26.322823520977263,348.916151931261,-0.03976671375669691,6.935714369926988
2022-12-01,224.5826648343902,1.013221248609838,-21.759663455984075,319.59500604957293,13.762067458123704,-10.54300900345146,236.87825855020705,1.5237018602089318,-25.145766200444452,234.32983853991087,1.2548979269030018,-23.31627811491387,54.701534717406275,-0.3768797675213445,24.95706970694259,334.7109296980882,0.0243846829440813,-1.7500958435173484,295.67740611487943,0.0631288673259836,-16.055449890093573,21.86950340702036,-0.0372659162674243,16.286174378004684,328.4736128133138,-0.0017558762267867,-4.021972204727723,272.60799604608593,0.0237964288017595,-22.980747382448737,18.984375858094353,0.0072566655454047,15.787474168664987,91.5055982332716,0.1119272746009485,25.859099506355385,347.98983140274385,-0.020034238863170583,6.509996316250379
2023-01-01,256.10843951743703,1.018989652484202,-23.03772397930093,9.472789347248838,12.720194566487253,12.053739821748236,269.52648325736436,-0.508063473599925,-20.503600623677738,273.2071859291878,1.2525355229149602,-22.03477198480717,44.89036789374097,-0.1597452039626427,24.58708045732264,337.01754939753437,0.1205729680933211,-0.7051021303834709,298.24338706451954,0.0997243079600408,-15.212840978738496,20.972171048152227,-0.0185410060802392,16.036798325922682,328.69509416924234,0.0158827555515824,-3.918336027902947,273.482335981829,0.0315205691563554,-22.833595412722453,17.578289668445343,0.0108310458681252,15.359527863156709,94.97623001568095,0.1119813631452605,25.26225853840898,347.79356386006265,0.007879323173913839,6.3561395536955025
2023-02-01,287.66498450155467,1.0149532321075696,-17.23492602874667,55.75997146260514,12.0067617085133,26.354655740617577,262.77636509006055,1.0847851866650378,-21.672610919232273,311.9111943177668,1.2427146919928989,-10.679748275396848,46.10117314796563,0.2125339880605334,24.669994992148347,341.8775677024099,0.1879070213990758,1.3243572237408034,301.6744031978995,0.1185272601698983,-14.073520040928424,20.799378630662048,0.0079200203404338,15.99936767857029,329.4211743018412,0.0300399632892201,-3.6183707500785056,274.4871666675228,0.0320422253704837,-22.67062391170162,14.532165046846773,-0.1049487628383021,14.403001260796968,98.44824003465877,0.1120159705826384,24.54924175621848,348.4592241368735,0.03414584881297862,6.542503522988614
2023-03-01,315.949840897932,1.004090391437163,-7.768946867220403,64.48871542673633,11.995814955878638,27.495275728593903,302.53130490170923,1.6683643204476042,-14.604035936643742,346.4601184341618,1.2230452057017067,3.592535842507597,54.93167861028991,0.3981304641778657,25.39081637271591,347.69109632243897,0.2237473422104594,3.671420416024016,305.0427340866034,0.1195374490227044,-12.93619376690584,21.351582187464164,0.0308916917064288,16.171841745630775,330.374035011515,0.0369556458520145,-3.235709837056332,275.316585066572,0.0262654851441191,-22.54926564547047,11.661434923141565,-0.0546972704373815,13.467354072135796,101.58491489485718,0.1120294706064181,23.808853892356485,349.66850008119536,0.05084709946273177,6.9585540915669135
2023-04-01,346.8267756147135,0.987264494022176,4.355857356510966,108.42278224039032,11.88597936685837,21.98055760035176,1.1188354134035172,1.8269019571772176,10.664809773881796,23.829555027051416,1.1845739073736707,18.116200071475394,69.02167548499884,0.4991979499435617,25.465025979033165,354.9419344833981,0.2403996109165607,6.49692216276063,308.5467219907115,0.1035866792323206,-11.742167377709483,22.618711821908153,0.0493265873388513,16.546184035825085,331.53944607632855,0.0368594672031761,-2.7764161400122886,275.9595385232215,0.01444902669659,-22.483269623623706,10.089578071286867,-0.0493550606204515,12.942104996947323,105.0578022157674,0.1120243115940582,22.886892016665904,351.39625776175313,0.05865558464020311,7.584767382174193
2023-05-01,16.201053733772117,0.970984615118923,14.93323242022337,140.3860357907867,12.149782904591108,9.778018229377237,17.77520031549431,-0.6322711502818552,16.346756196656465,58.494030119141854,1.120142830091476,25.648401907619338,84.81722398953147,0.5491970946269455,23.83658990146648,2.151818241707704,0.2372064872692843,9.172107540032629,311.2245870897808,0.0724695240679232,-10.841596699704168,24.245792673259405,0.0574483595393477,17.00878424746474,332.5504420048554,0.0294180279801789,-2.3865084015596825,276.18387094414214,0.0003306880173952,-22.51160773934028,9.843305970848578,0.0120585182956642,12.859326587881505,108.41820626582702,0.1119994451270032,21.897265149002497,353.129156183576,0.05507356798965102,8.228030609802397
2023-06-01,46.097871098052615,0.958365836726726,21.987735446173197,185.9540849693936,13.0734983221403,-11.222852820583403,21.63918506993382,1.1027616562945677,13.333360940429015,91.3938834952712,0.9834954115237364,23.638074286397277,102.34898949770216,0.5798173774592401,20.06231658152827,9.21455364611452,0.2150788272891222,11.62581332401086,312.7990753002275,0.0273021181438986,-10.357530071971883,26.01944756996192,0.0551816535519206,17.49380560097589,333.26493061501805,0.015871446581317,-2.121618793666824,275.97554272276733,-0.0132820542065174,-22.63508638403214,9.441151550400198,0.0059415378467371,12.72346688287873,111.88953341978052,0.1119539209827365,20.779656801352797,354.64240116156867,0.04089385392734657,8.798370041086592
2023-07-01,74.76043909930723,0.9531204364989466,23.134428807805413,221.04430059913815,14.012194692111787,-23.91500752583139,74.49984381335868,2.1811310993603565,24.39302214131322,116.59373576668024,0.6352160998566221,14.992203884893728,120.08059861588248,0.6015785643259501,14.56309627901747,15.09953457556554,0.1735117541944708,13.5082079954832,312.8831467469779,-0.0216049163742025,-10.42917737065935,27.519906399321655,0.0433295506315895,17.888498816686983,333.5039891408766,-0.0001401652856889,-2.0484664758615168,275.4325765007573,-0.0218985383616206,-22.816716172131525,7.588736230645758,-0.08172019211706,12.089063594490938,115.2472657718604,0.1118921567676451,19.61191313639843,355.56017151282504,0.019209713567599946,9.150626833544313
2023-08-01,104.34068165994732,0.955994478432096,18.128339041937416,273.3046623361792,15.188183161107398,-25.56907897039696,130.04442434243617,1.3102754841051112,9.868404287622097,122.83970062717924,-0.3516496233837699,7.321316374500764,139.0501003003933,0.62208518559113,7.438028091385478,19.49775922300575,0.1056079798496173,14.782220236345802,311.5282240617256,-0.0625592812616358,-11.023332432183365,28.56422112513958,0.0228447733861425,18.15358328415774,333.2496115027042,-0.0157350082725701,-2.1709169395049344,274.7086777133162,-0.0234119951644692,-23.017903712877697,4.347309220423222,-0.1713683976949091,10.951937673410216,118.7147182009674,0.111811900508257,18.32243526218716,355.7479630091047,-0.0073366809952880785,9.229237880868357
2023-09-01,134.13725293202907,0.9667595661536303,8.447196233514171,327.42025682206344,15.097920469196543,-5.982207121232099,144.42475956094495,-0.7743185742735905,0.3733880597109198,108.20397393823006,-0.1222785439795913,9.978114290591709,158.66794636925627,0.6436101793222218,-0.549023448592056,21.3747680534444,0.0118984636051177,15.23785439665407,309.2978112289577,-0.0753223641320495,-11.891484007840836,28.885985074215768,-0.0024539110656433,18.23124483195363,332.58509194047286,-0.0258392310975667,-2.449775706777063,274.0643690133121,-0.0168888032323011,-23.17831802124473,1.6186017718799557,-0.0844633112580447,9.970592436575595,122.17945816340936,0.1117176449169839,16.95532115626699,355.1298735137016,-0.03141904917064854,8.995516542439878
2023-10-01,163.37633896647114,0.9823038403904284,-3.0013929180897296,5.034374639135285,14.381765025059106,11.569000563923678,148.9464018401758,1.6570224015690582,4.4229593932623965,119.39487896229932,0.7366367297146964,10.847092491891804,178.31814748984016,0.6664204691779029,-8.42556941773057,20.247485945768496,-0.0844383244749445,14.831353794900158,307.2890781157934,-0.0532432950647846,-12.61472376313344,28.45194140611635,-0.0256183990131089,18.118999424118957,331.7689373533059,-0.0269580797347364,-2.7782948829617213,273.72896332437296,-0.00476623478618,-23.256825314730467,0.7081045444652523,0.003755129194257,9.638903148114398,125.52948086950556,0.1116157966920399,15.564708731391011,353.9560143293561,-0.04450809447264103,8.53266744660427
2023-11-01,194.10983068364823,0.9996559865218196,-14.270384163598653,54.175046761495345,13.15156550962196,27.149403631397316,201.51650483108529,1.5747198276930614,-17.036619722260056,147.90253287462008,1.0489654969144275,3.6846838171695953,199.37108907597255,0.6917857137187512,-15.85398490944112,16.620934236581437,-0.1357715126603386,13.72163006915163,306.3352518500249,-0.0057252821130827,-12.913029042149994,27.39744029098352,-0.0401094375032342,17.848785456950985,331.0425249385696,-0.0183656861967068,-3.060140605244312,273.8112370709841,0.0101169471137995,-23.243226024006557,0.653678197375347,-0.0320276651725836,9.619412778009613,128.9878356378108,0.1115028830315157,14.064475088338874,352.57565450830583,-0.04152431525323683,7.965323371843849
2023-12-01,224.32195201562584,1.012952094878022,-21.720643554462463,87.5629754058626,12.453763090353632,26.74470887484791,245.0861834180708,1.209755957756709,-25.852180434381037,181.3791980844908,1.1660854009072683,-7.880582939059941,220.5051400924767,0.7168748399783441,-21.312419964923563,12.915757183820388,-0.0968882663972989,12.622816643991795,306.9396492662886,0.0453769970476835,-12.643872333193242,26.17090077047863,-0.0389013929053331,17.53136550916329,330.7076987338146,-0.0031974384325685,-3.1789463345490163,274.31502335146473,0.0228772694289802,-23.146409106294087,359.72031573102686,-0.125920941291676,9.277056028803358,132.33122837681373,0.1113896272645754,12.557721930420223,351.5730094466054,-0.023207494698044995,7.523368578592028
2024-01-01,255.84812862886807,1.0189457950183902,-23.05615720004016,131.80106418248943,11.848370740572518,12.626345838322692,238.09083413328213,-0.1802816025927495,-20.151515199977496,218.4214603346788,1.2159618797724427,-18.76760967829713,243.11750797185408,0.7413840404236125,-23.959188344038793,11.39155208403159,0.0030398460794716,12.263246360689388,309.0527230093356,0.0884366168240402,-11.837614774500238,25.193067148358857,-0.0219284931075184,17.27814267480806,330.88521616716815,0.0145203520669757,-3.09146924937435,275.16675098102985,0.0309809009605051,-22.987966249736456,356.88725121348176,-0.1009305191181498,8.224275994140607,135.78247821683556,0.111271899033041,10.950572778756245,351.27172467266575,0.004426918199605214,7.339872233423255
2024-02-01,287.4059991453227,1.0150929761982797,-17.302813150967104,175.50097732066322,11.92354788632201,-7.854324907984821,269.4509269591531,1.4804991012496072,-22.397944132996912,256.44362606501056,1.23377618258647,-22.374325233483113,266.43179921241875,0.7617732681924105,-22.68199865775213,13.088395283496698,0.1027586566329867,12.964182403691234,312.2478421623498,0.1145685599518106,-10.644204327234128,24.90571520086902,0.0040832171488544,17.21188581493576,331.5756335171237,0.0291145376598317,-2.803561654032914,276.1622950963844,0.0319884242896195,-22.813078574070104,353.6622171726568,0.0027769511984532,7.004748748924626,139.23011798971115,0.1111572986039148,9.29906974600078,351.84082778422805,0.03144255048870496,7.493969924276352
2024-03-01,316.696093565773,1.0035886982582358,-7.481492557235971,196.2889509541429,12.149766543212737,-17.0200403466951,318.13105276197604,1.8918420748689309,-8.507759110981032,292.29963124739265,1.237798191422817,-16.562483295605062,288.72376386078054,0.7743460389724329,-17.953158078584103,17.12083470666549,0.1705917249019096,14.353452039390294,315.71980909503117,0.1221129197625177,-9.351841936277967,25.385826535399417,0.028400935136418,17.35331517104662,332.547099949999,0.0367324160265011,-2.4114102505679615,277.0226045127573,0.0263530413222417,-22.678642374702243,351.813701985617,0.0298115094782655,6.297098270672797,142.4521934409074,0.1110560531322495,7.719859994738023,353.0402841735294,0.04978671845389808,7.9027758973917
2024-04-01,347.5579866522836,0.9868771881710016,4.646969428061336,243.56820673836617,13.110671432085388,-28.457018750193345,2.9729856803111097,0.110980227143786,13.488304218924451,330.6555931030288,1.2360687563228685,-3.3914852068961956,312.81637702686515,0.7782296892065668,-10.070618178100773,23.15892071582953,0.2143065106903616,16.223526729513598,319.4047638586753,0.112665145281456,-7.98640543053907,26.591322604997977,0.0478534177274765,17.685349049061912,333.71196737443654,0.0370475926344317,-1.95085905095779,277.6716875062108,0.0147752211285018,-22.608506549583623,351.4253728663524,0.0019331816628679,6.148068887745095,145.89337124990806,0.1109573654761945,6.001373485847315,354.75271505899195,0.058713691141572794,8.514301086944467
2024-05-01,16.91781360106421,0.9707377111891716,15.160826724440746,280.7708396555681,13.788334038825344,-23.80796931143544,352.9831504948853,0.4281896353654095,4.580792358237817,7.677195936495911,1.2320026044538657,10.972137236655245,336.07593394331826,0.7706586130706975,-1.0518193083023233,29.927024907108873,0.2334735515148195,18.066164577866324,322.44218030061967,0.0873364591176194,-6.881588572412349,28.192072022487736,0.0571680349180223,18.108050541645692,334.73373451478983,0.0299640018660221,-1.5559576433123117,277.9076119654225,0.0007959871682134,-22.63762539291149,351.14749399509566,-0.0042247004400226,6.041394171183403,149.2208098420398,0.110874142974667,4.3144815444036695,356.5031464623993,0.05618998705462348,9.149800048418525
2024-06-01,46.80425298423741,0.958535488720908,22.089937060649813,333.7460562087682,14.21701603516806,-2.121741087523113,31.342761006708812,1.8823401989550177,17.763181189632096,45.81581044555847,1.2290773042022856,21.747441052985337,359.6835886272582,0.7506675573799366,8.175368153319582,37.218079048757176,0.2338505113990706,19.739972835502684,324.5501745321795,0.0465445529498641,-6.159944812698122,29.97626648037969,0.0561604098484047,18.559126267230425,335.46886879988307,0.0166729839732744,-1.2828325360426065,277.7136242866915,-0.0128251195717706,-22.766209774494214,349.8462769937327,0.0142667642961449,5.538691284618314,152.65676756517246,0.1108033849965574,2.5530582016768073,358.0651519586356,0.0429385177345585,9.720182801123974
2024-07-01,75.4630092805655,0.9536089346760812,23.08427569179892,12.787106288177467,13.954215654742928,15.895409496040063,93.1056301443396,1.7836292456363187,22.5111460486196,82.67670895930553,1.2287413231939728,23.28229094569874,21.76320826579127,0.7198622974388286,15.704167182957278,44.018342984740954,0.2166347595287899,20.987140950155005,325.2284227385301,-0.0020392772047367,-6.00845663318338,31.521768603467734,0.0453835808581369,18.93309372878059,335.73278822586576,0.0007195701508577,-1.2002747670988108,277.1822801990277,-0.0216051210193494,-22.955332260134536,347.28602171474006,-0.040000904470824,4.54223751605873,155.9800497106112,0.11075173032042,0.8367785646325234,359.0525632538807,0.021807134833887243,10.081172342571495
2024-08-01,105.047274382488,0.956875898297996,17.9392506875657,63.98123638940497,13.16743766909404,28.41830962473064,129.1642908288774,0.3441554599564642,7.508836984869344,120.7646306728365,1.228366874178014,14.599788210514092,43.42316376822296,0.6756933930707953,20.998889692428396,50.20067278797842,0.1785615208055865,21.83765127177469,324.3977096306856,-0.0496425772884499,-6.445872440207173,32.641953529418224,0.0256698623822026,19.193712670913833,335.50260161108105,-0.0150663563220022,-1.313913613688308,276.46367195329367,-0.0234038583867204,-23.16432591474805,344.3584998357803,-0.1375405680007657,3.3934682338450064,159.41276694118673,0.1107172889648399,-0.9424838412889478,359.3216441071158,-0.004769442117757561,10.177104822413067
2024-09-01,134.85413734336993,0.9678515705400736,8.173605217517746,111.70660106672608,12.258293885728111,19.93467712692428,117.87661196372808,0.4310200150681495,13.107520425575832,158.78988907903715,1.2243809648192538,-0.2473699327084924,63.46800849571445,0.6142297304573512,23.321244503296153,54.823060024854755,0.115126012255812,22.28471111676173,322.37522256880595,-0.0756515157759925,-7.307993364839882,33.05523792520354,0.0005187159495891,19.286264595939787,334.85328558449805,-0.0255846516445815,-1.5876754412431435,275.81557343162194,-0.0171737523577194,-23.32969844028211,342.6279210371188,-0.0703664452003462,2.71088923306891,162.84473010487474,0.1107031559283906,-2.721212708624424,358.7727358685725,-0.02967914019458947,9.964905741342443
2024-10-01,164.1056220373861,0.983441175813856,-3.2946415823040676,144.80819631763217,11.838453696162086,5.828071271252168,164.19925161369414,1.7726738969935034,-2.14817295918768,195.4049755386532,1.216254830624395,-14.939984887663948,80.64771836450966,0.5244551700832308,23.134764458500804,57.02099996928399,0.0275545151525054,22.43300700638705,320.1563729866046,-0.0663986382743826,-8.177751358862093,32.70273102965275,-0.0233352645024111,19.204086342048868,334.0381564826398,-0.0271939087792508,-1.9166215387072765,275.4686685838886,-0.0052563176833059,-23.408195814539773,342.4484081232184,0.0001580355906844,2.64036106544108,166.16586810087028,0.1107093263511848,-4.435935080409404,357.63147613422257,-0.04421846793556736,9.519280380944661
2024-11-01,194.8529534950012,1.0007161172378196,-14.513291076021108,189.02499705394868,11.911609733220605,-14.798072445732474,213.2648144177705,1.4149172851150518,-21.53486995156056,232.9013330609847,1.2015634154318573,-24.57596240415177,94.67607025135298,0.3644992168892585,21.74496621415639,56.28027335362432,-0.0740951371994735,22.37952331286086,318.67516238884343,-0.0252438714821053,-8.69935347546041,31.697427292778123,-0.0393970883025392,18.97095584734179,333.2980416827737,-0.0190220470945006,-2.2043567366597214,275.5341905483444,0.0095500366082674,-23.389046356529565,342.22193575787963,-0.062389190062401,2.5512491439529996,169.59821515010907,0.1107358533162733,-6.1945958834712345,356.2353071070185,-0.04286317193251565,8.958046986761492
2024-12-01,225.0753617541086,1.013872654971117,-21.839268440027062,222.04443491837208,12.428486187602356,-25.72620512589373,236.3720543379717,-0.868713478622759,-23.403435145347448,268.51894260628643,1.1681911278733068,-23.932113260265673,101.73144403122193,0.0776242524600791,21.257411075514167,52.9841273626605,-0.134200583785059,22.138193457073633,318.69674673848,0.027026162206888,-8.615490923546853,30.4655400540435,-0.040025647278493,18.680797446461444,332.9401786221205,-0.0040484620892495,-2.3320279921448717,276.0210448205927,0.0223592134000708,-23.282606290402068,340.3071843417206,-0.1901025859407391,1.7931094393140157,172.92091338918823,0.110780376323704,-7.877574527803444,355.175749087746,-0.02557508463022505,8.508397624059874
2025-01-01,256.60721173375424,1.0195663954399814,-22.995906495237993,269.70692403603636,13.444072444996657,-25.85827629400267,235.66358522104835,1.2863534795581848,-21.939106224566217,303.5057027054282,1.0735397745429296,-13.585257963733444,97.7114635815416,-0.3280727922834117,23.54328833644653,49.00915867081523,-0.1065458210082286,21.78516631399655,320.3177076190409,0.0755425165692619,-7.916202470589347,29.42943758490675,-0.0244567625710131,18.43469891182031,333.0913212890185,0.0137264389438172,-2.2539470970542914,276.85832739070037,0.0306155897917641,-23.112170041166426,336.6681328667556,-0.2035566528240089,0.3477894837603181,176.3560526791793,0.1108444653910908,-9.590555480554924,354.7963329482165,0.001909088164677422,8.307032120745715
2025-02-01,288.1628782739599,1.0153297484737225,-17.08809827089784,320.7511091790322,14.330500574615838,-7.012206375337837,282.17065738217576,1.6660590390196262,-20.603552288178623,333.23593258781045,0.793834003588781,0.7639746331349309,86.2550579564587,-0.2957962225883448,26.085162875606063,47.09036840256007,-0.0117045173803742,21.643566251462943,323.2154527806937,0.1084680230238684,-6.740736540095159,29.05429561583284,0.0011371053092288,18.35172104194296,333.76000915850614,0.0285711304103552,-1.97313698232292,277.84526733549905,0.0318345397431841,-22.92593493425805,333.959024062565,-0.0284971987277658,-0.7291024548809628,179.79343819489935,0.1109249021024293,-11.270295185815664,355.2944547249347,0.02952923056377194,8.439814948210186
2025-03-01,316.4392803371462,1.0042360281867906,-7.5733896865732575,329.7125789814056,14.77127386612568,-2.708314785911392,332.0757626940437,1.6392338487628615,-1.2669906632794552,346.60537140495904,0.041408890740551,10.444238184313347,82.9533444477112,0.0592514128579724,25.849681497344868,48.065076044632285,0.0790091831594685,21.86893006719667,326.479937890689,0.1222377286084491,-5.446213396833563,29.427096114419964,0.0250748811768699,18.45458206404332,334.6832733045654,0.0363616907866226,-1.598908859666878,278.67758273690873,0.0267072043895514,-22.787473486301188,333.191441614927,-0.0032225533494642,-1.033768598735776,182.90049749798956,0.1110096455587408,-12.753175154163548,356.4017363153604,0.04828539249053874,8.813220173413265
2025-04-01,347.3047155991323,0.9873815170625428,4.553679182887048,23.180431211503144,14.934313989050375,20.897796455709152,334.5360253928901,-0.5855486407565078,0.9824784870827188,333.3194656006473,-0.4677675858863071,5.65218686843093,89.39076466985918,0.3268890030441939,23.99886351524884,51.76806160737842,0.1548828145304018,22.39241135163357,330.2796844395668,0.1199833495589666,-3.966168749768131,30.546695330851165,0.0457795741830855,18.7389450727242,335.8462081933193,0.0373216665635197,-1.1378558711713218,279.34360710119796,0.0154851270168139,-22.709907167908383,333.1632654372716,-0.0255968496567219,-1.0444935013802457,186.3433891126,0.1111140465282712,-14.3505111452851,358.0897200759922,0.058705689054529685,9.405185688279566
2025-05-01,16.66809763141486,0.9711824805759705,15.087706394149022,61.36028744032711,14.4773521354566,28.508218825662144,351.3023119644759,1.3608209761938213,3.4489852209994876,335.9453635546898,0.5604091526649241,1.0678113644150582,101.38213705160304,0.4585977095156174,20.80396077540688,57.158715189204685,0.2004082836725173,22.917814447812944,333.63746539086594,0.1012812199460742,-2.6916475974382945,32.10641762141515,0.0565860847698054,19.11704530486429,336.8848010276843,0.0307972156358133,-0.7357156365631486,279.6043774810035,0.0016762295866494,-22.735967216584985,332.2743217632615,-0.0961022074598889,-1.397161141399624,189.6784260387875,0.1112227584979501,-15.84540514356227,359.8608178638119,0.057585676805941115,10.031973045423046
2025-06-01,46.55872090846488,0.9587271865088038,22.05735990095235,111.2805215001791,13.139055503515277,19.193303980602217,48.82341407473228,2.197915891827294,23.21954788712923,0.7149536269097531,0.9596238446313592,7.648808388037868,116.84571754501236,0.532824740583857,15.852291720765308,63.78696316529718,0.2237800053407914,23.24206148415217,336.27337650912983,0.0662737314219638,-1.7398797852329329,33.896705014022395,0.0571436157995451,19.530305943603096,337.6529727662729,0.0179080211195244,-0.44954482509622,279.43783229008596,-0.0120169687197311,-22.866166671531097,329.7789232100077,-0.057507005336487,-2.3862180563099433,193.12813490352616,0.1113396041832169,-17.330526424152538,1.4861596549500424,0.0455615719686697,10.605155757439544
2025-07-01,75.22082054541401,0.9536780686601272,23.100393895243933,144.9140490083287,12.3927472266478,4.46010015691714,100.89106847819924,1.116082950915508,19.545244499103973,31.785880930834875,1.0920519563444582,16.698756972629635,133.554481764269,0.5789114368899296,9.596088140442054,70.60212650169855,0.2277864620043317,23.219079175902696,337.59609283608273,0.0203253989200226,-1.3322791191045549,35.49344209750132,0.0477526800187848,19.88083874672734,337.9572820646533,0.0020808775560674,-0.3514548597810397,278.9269115669982,-0.0211149569727805,-23.060891212877795,326.84730616391624,-0.0026412165778222,-3.543274259906766,196.47003405908404,0.1114535728269613,-18.703312547944066,2.5663755988769985,0.025224871820588263,10.980677688615739
2025-08-01,104.80691321140218,0.9566757159841728,17.998581501118394,189.0420345488959,11.869260285517887,-15.995495652679915,104.78486312216218,-0.7406802926002347,13.237925964364203,66.7508152915507,1.157477095741576,21.916519416568928,152.0852140265952,0.6159008182701018,2.035509832046946,77.49720948550396,0.2139291405122753,22.838726930916454,337.4233118235135,-0.0310468254872435,-1.5272904422298217,36.70594803251266,0.0291197097726918,20.135364088776583,337.76728129233663,-0.0139351695705545,-0.449909424459002,278.21602494041406,-0.0234130172924134,-23.27790060348854,324.85459632976807,0.0058755012537039,-4.325280286758298,199.9268905391613,0.1115687087927434,-20.048210908681092,2.9463747692636897,-0.0012451594130605558,11.102258651828116
2025-09-01,134.61304067132986,0.9674082833023484,8.258420878835333,232.70626301216635,12.0776494719872,-28.0420299883106,122.83323674600398,1.8747958461007437,13.911226114279852,103.34190427225798,1.200704998879323,18.49938958397833,171.69646464704948,0.6492696923327952,-6.028966924460692,83.655539239102,0.1795162839522661,22.210691227408702,335.8067149677578,-0.0693413124238464,-2.2654174154647313,37.23546912484091,0.0043629836805204,20.242863855430983,337.1446946965245,-0.0250517460305306,-0.7139352585676362,277.5590027689754,-0.0177017927743308,-23.450526388789115,324.1825195721459,-0.0073933893833278,-4.587757852171286,203.3872270155292,0.1116774925276451,-21.311096951356163,2.4958736261727252,-0.027076985148813865,10.920856029268114
2025-10-01,163.86149805996587,0.9828741015507988,-3.2040765219718743,265.30373666381183,12.523495385336687,-26.45895242573299,176.9689398354741,1.5872893116710682,-8.360414535359634,139.85235436881123,1.2311068299957746,7.454308898041388,191.64690605820803,0.680812148193899,-13.54853037363703,88.24561927868008,0.1219835978086403,21.584817375007336,333.5403363508671,-0.0756708536643814,-3.1961081756944436,36.99179310743834,-0.0201469983285788,20.19300327361124,336.333618710317,-0.0274468673439154,-1.042063462470654,277.18979092412354,-0.0061453202697541,-23.532530119458304,323.9511654855257,0.0104931098970399,-4.6777003967347826,206.73901825685985,0.1117735171315229,-22.44843478296915,1.4065031232210656,-0.04347707246822653,10.499884796386404
2025-11-01,194.60295968908943,0.9999590300669712,-14.437747393096824,312.6527566716015,13.599523832653754,-9.830923669890586,218.20186807928127,0.8819232666924687,-23.48182266107237,178.34554654574387,1.249833705524008,-7.409909597648745,213.25015585585965,0.7127489387927423,-19.974476068032303,90.7458714402426,0.034821735728921,21.219074598025465,331.5774921412955,-0.0454480612053254,-3.9326289748489462,36.05918099331856,-0.0380562992333132,20.0014958778584,335.5730602662234,-0.0200117885787322,-1.338380839121591,277.22466490791345,0.0085323186715293,-23.51178370320158,322.826188762857,0.0131106787228441,-5.1158328514860765,210.20537468884203,0.1118600315656153,-23.52927611839814,359.99708617667693,-0.044383691286287816,9.947664930836323
2025-12-01,224.8196360452092,1.0130852825548629,-21.8020387168672,349.23773367285855,14.336755119301571,7.569836069749654,206.6257116638797,0.2162417003667063,-15.453449626237315,215.97756108521185,1.2572085630885674,-19.50028910641323,235.07454602863825,0.7415500622207084,-23.665575564437088,90.31443312920604,-0.0631682929903875,21.36861395779308,330.94472075270573,0.005078054968378,-4.094966441169007,34.8310492456395,-0.0410765786113286,19.743498563868595,335.1779634623983,-0.005434596203063,-1.4806489340418696,277.6822050485018,0.0214660315153693,-23.398948127271986,320.07800968730317,-0.0576947825261887,-6.179474583850071,213.5622480142535,0.1119289340395227,-24.477665972676043,358.8645737379562,-0.028676765537421916,9.486687295029428
2026-01-01,256.34677633460166,1.0187764258332233,-23.01517626537358,42.49394861400617,14.98765214761869,26.401433087917287,244.42980904569336,1.5253284519265948,-23.9990364915606,254.98467839623223,1.2582245446472715,-23.620310086868113,258.46634900491455,0.7662708222952871,-23.717970187387607,87.13585926546153,-0.1306471214712416,21.977330309935056,331.9454540748863,0.0582365522563842,-3.5968670998753516,33.727455603907316,-0.0275322337758669,19.50746899397355,335.28494832203387,0.0123511218956331,-1.419189586117781,278.49671307756824,0.0300479365295284,-23.21848029477126,316.73185127531605,-0.144143076240516,-7.458026968761448,217.03292362181955,0.1119825067936885,-25.350704695327252,358.37832040368187,-0.0016179599500658985,9.258554421024341
2026-02-01,287.9011813973785,1.0146540482245476,-17.157136537485318,95.6871604568268,14.360025353195905,23.39249455774923,295.25025343858755,1.7665663387296051,-16.764969799291713,293.9540406950692,1.2546957316149003,-16.675270360447232,282.5042674746862,0.782615030168859,-19.598085942426508,83.13709758541862,-0.1115268380145134,22.612156357535792,334.4172065735554,0.0984134257976833,-2.535213575169874,33.24044139596046,-0.0027426895421447,19.40706300231052,335.91631190956764,0.0275694940540317,-1.1518818205576764,279.4733603784318,0.0317143638309356,-23.02097530865553,314.8953025902995,-0.0615021210773525,-8.150505596852685,220.50496135611823,0.1120165772007697,-26.10930287993086,358.775433919225,0.026684097130665572,9.359647169937302
2026-03-01,316.18140142654875,1.0036430838545778,-7.665504432575583,104.89211760314592,13.861777827763802,20.51494263743967,327.7486742771239,-0.4280727219178649,-0.1564693004002597,328.989847506794,1.2465516461541892,-3.942091441750185,304.51916679213656,0.7879149229873736,-12.936136072576142,81.03105916122851,-0.0331182686319527,22.90608546114313,337.4995071951913,0.1191451771916654,-1.27029665177597,33.50773858954658,0.0215634183818995,19.476199318712982,336.8193371860713,0.0358954795699882,-0.7845732217766291,280.30876929743886,0.0270035812948295,-22.8731009309956,314.75743330873485,-0.0007802584940209,-8.201834529098127,223.64164663653435,0.1120295904020822,-26.691824271684457,359.81966441468677,0.046638597244577626,9.707245057540575
2026-04-01,347.0504451405382,0.986840656245304,4.459551532682328,154.25613841756953,12.81466740580613,-1.0080465255300066,319.4718690447688,0.845132652987879,-7.614665000900385,7.415888955566577,1.231157583216695,11.626534601519712,328.8923731804491,0.7822485012158892,-3.691122146500449,81.55536821791722,0.0651304247692704,22.871837917164903,341.32221879794633,0.1243999360202856,0.2483845486169362,34.53533329434717,0.0434203536921308,19.71321527028545,337.9785732936738,0.037510681391709,-0.3242349187663432,280.99071277166587,0.0161711662226482,-22.787724282495713,314.54070376786154,-0.0412791769072104,-8.282629342774484,227.11452895624663,0.1120238702321441,-27.219015608639147,1.4810076805610723,0.05859037121284857,10.278121762316074
2026-05-01,16.417777879879157,0.9706490063241038,15.013685748778377,188.30520612785725,12.213762097790609,-16.254357481600255,1.746227564069181,1.8661782636174855,8.23787578809352,44.062037748361526,1.210570411898967,22.572250421204348,352.14694818561924,0.7661659991650344,5.61805745081774,84.68809065119788,0.1393036698200124,22.48828657600336,344.919881695329,0.1127111432052233,1.627200126552461,36.04696955841241,0.0557089508203155,20.044295567054224,339.0324665652308,0.0315768772555739,0.0841044708362754,281.2756174816084,0.0025658351701566,-22.810056878298457,312.78237367164206,-0.1717737183617152,-8.937442081669127,230.47491175930543,0.1119984904235635,-27.608126761370283,3.272005169432026,0.058942655629160505,10.894064133147179
2026-06-01,46.310426492411175,0.9582524462354344,22.02377269332826,233.2509688934753,11.874855274409148,-27.67240217415365,64.92350622984002,1.718885936585534,25.588019078176707,81.16736290828399,1.1808950368120212,24.459813711667216,15.53185360417471,0.7410598964522533,14.141739827802652,89.83973899350799,0.1886591166264647,21.699508012274713,348.0166429723057,0.0843768683173984,2.75571332665209,37.836071061235685,0.0578870963238449,20.415027199831695,339.83258665652613,0.0191433725322469,0.3825770337986766,281.1363567629244,-0.0111690324528628,-22.94102877737598,309.3767265347937,-0.2254514054941201,-10.184804759759365,233.9462006770239,0.1119524653037679,-27.88252522472317,4.961353210989138,0.04824770553164756,11.467396667019388
2026-07-01,74.97330926693932,0.9531888743932708,23.118502175193772,265.9878612443593,11.976289076079428,-25.207039893000704,91.96626580443714,-0.0970321677060775,18.44977071573694,115.9635145598142,1.1338390032732548,16.439063494881854,37.329001167585666,0.7110783202252373,20.17793987064144,95.93211750808496,0.2141220375098756,20.543783526342253,349.9572034716489,0.0429506515789883,3.3972175031193,39.47799005256107,0.0499597052569856,20.73828893189913,340.1770080078995,0.0034855898737647,0.4970554689216109,280.6463430673855,-0.0205722256525205,-23.14171683992616,308.3573574685554,-0.0529919955613507,-10.551989296662208,237.30388140327727,0.1118901959462144,-28.025217963652217,6.136679330580124,0.02879534244421413,11.855001496660789
2026-08-01,104.55797567890528,0.9562637122356618,18.061391497667945,311.9337658591139,12.620296970368145,-8.708928582962386,85.28927814148487,0.8019503596220776,19.88597277354648,149.8282808152889,1.037997318824429,2.342417817459686,58.83745649866445,0.675640730390579,23.34951498599887,102.73064146558644,0.2213548455089485,18.992870542996165,350.4960763130358,-0.0088537784147898,3.4732932890102517,40.77862154375774,0.032529253091847,20.979725725271013,340.0279775483268,-0.0127291511452655,0.4143431481638269,279.944274151624,-0.0233800872214503,-23.366419184476815,306.7146059265032,-0.0529919954655275,-11.13762542522343,240.7712670293822,0.1118095631795307,-28.040732326075187,6.632131855676343,0.002521711446247296,12.000523843034701
2026-09-01,134.3611406967722,0.9671125789173838,8.34765595707112,1.193479667196167,13.652616615855582,13.883694461117702,138.46922085979247,1.8835704243746816,8.247650399890505,178.93968662649303,0.7979633334248513,-12.149842440404589,79.1614863725511,0.6342687020656653,23.29594070799263,109.46758177843886,0.2100339453839478,17.21920522373716,349.44854849726795,-0.056279664345903,2.953856754640001,41.42371269122595,0.0083126351472946,21.09540886131481,339.43384904958475,-0.0244432596682208,0.1609922046343329,279.27963145350674,-0.0182114627843595,-23.54661001970094,305.07185438666386,-0.0529920119026341,-11.71531875586555,244.2359286198073,0.1117149231033179,-27.924908525498022,6.286795384671167,-0.024190821285333144,11.849680025684478
2026-10-01,163.60570935181394,0.9826074377150192,-3.1095610600656376,39.67329625410576,14.281706966598136,25.98433626693794,186.4463278022075,1.3246054384787542,-13.346330517280972,194.1566450756956,0.0874787488152025,-20.972004509455974,97.455245586863,0.5828169068464041,20.772902818290454,115.3583143665546,0.1790443184060093,15.508946793946228,347.3453988503433,-0.0783837124681258,2.082136579943161,41.29283780947932,-0.0167046885248597,21.07325569293661,338.62888969547083,-0.0276459222980955,-0.1652361450216271,278.8892305098527,-0.0070354417626326,-23.63278091428696,303.4820948340945,-0.0529919952110831,-12.266199179530522,247.5858668104832,0.1116128486713703,-27.689255308524405,5.256822381115442,-0.04248878633462943,11.45499668508596
2026-11-01,194.3426662206671,0.999937858613126,-14.360617146946236,93.23619563821876,14.130325883982229,23.107521142330185,202.42717779592127,-1.10634703907135,-18.29963517347807,182.01286066259584,-0.4963374969498459,-14.661520733497875,114.38746938588358,0.5036112364860995,16.765157273195506,120.0890243879654,0.1215042390879789,14.064202089918236,345.05218345159494,-0.0629897948931637,1.21124858840835,40.44181689957249,-0.0363846188651609,20.922732853992645,337.84965086142114,-0.0209959724159649,-0.4691544279014018,278.89417281313575,0.0075036693180108,-23.61122850222136,301.83934329856527,-0.0529919951661488,-12.826428186176638,251.0441279796872,0.1114998083424819,-27.320765736156417,3.8402821925600232,-0.04581350700708298,10.914956293647753
2026-12-01,224.55614970999125,1.0132166408667322,-21.76576561004896,131.34402882915728,13.605296653271717,8.507214503628582,207.80944510481473,1.450015797738537,-16.78358936304911,183.76357935331475,0.5592590301804021,-9.406840787306937,127.69833659137832,0.3712873289621595,12.94467642632075,122.5533112830155,0.0388198483508078,13.337695969132774,343.78630839312007,-0.0181129580912997,0.8048197972900081,39.227939437961,-0.0418438121765736,20.701006464130938,337.41817513415435,-0.0068497983802931,-0.6254954675537081,279.3226764909142,0.020564872532021,-23.492666491685306,300.24958375012807,-0.0529919950075276,-13.359474278410154,254.3874268291178,0.1113864413189257,-26.846756819363588,2.636833901865286,-0.031853128643590155,10.44578158067621
